ISO-10303-21;
HEADER;
/* Generated by software containing ST-Developer
 * from STEP Tools, Inc. (www.steptools.com) 
 */

FILE_DESCRIPTION(
/* description */ (''),
/* implementation_level */ '2;1');

FILE_NAME(
/* name */ 'nrf52840.step',
/* time_stamp */ '2025-04-06T01:26:49+08:00',
/* author */ (''),
/* organization */ (''),
/* preprocessor_version */ 'ST-DEVELOPER v20.1',
/* originating_system */ 'Autodesk Translation Framework v14.4.0.0',
/* authorisation */ '');

FILE_SCHEMA (('AUTOMOTIVE_DESIGN { 1 0 10303 214 3 1 1 }'));
ENDSEC;

DATA;
#10=MECHANICAL_DESIGN_GEOMETRIC_PRESENTATION_REPRESENTATION('',(#17),#3616);
#11=ITEM_DEFINED_TRANSFORMATION($,$,#2214,#2405);
#12=(
REPRESENTATION_RELATIONSHIP($,$,#3627,#3626)
REPRESENTATION_RELATIONSHIP_WITH_TRANSFORMATION(#11)
SHAPE_REPRESENTATION_RELATIONSHIP()
);
#13=CONTEXT_DEPENDENT_SHAPE_REPRESENTATION(#12,#3625);
#14=NEXT_ASSEMBLY_USAGE_OCCURRENCE('promicronrf52840:1',
'promicronrf52840:1','promicronrf52840:1',#3629,#3630,
'promicronrf52840:1');
#15=SHAPE_REPRESENTATION_RELATIONSHIP('SRR','None',#3627,#16);
#16=ADVANCED_BREP_SHAPE_REPRESENTATION('',(#18),#3615);
#17=STYLED_ITEM('',(#3640),#18);
#18=MANIFOLD_SOLID_BREP('promicronrf52840',#2200);
#19=FACE_BOUND('',#336,.T.);
#20=FACE_BOUND('',#337,.T.);
#21=FACE_BOUND('',#338,.T.);
#22=FACE_BOUND('',#339,.T.);
#23=FACE_BOUND('',#340,.T.);
#24=FACE_BOUND('',#341,.T.);
#25=FACE_BOUND('',#342,.T.);
#26=FACE_BOUND('',#343,.T.);
#27=FACE_BOUND('',#344,.T.);
#28=FACE_BOUND('',#345,.T.);
#29=FACE_BOUND('',#346,.T.);
#30=FACE_BOUND('',#347,.T.);
#31=FACE_BOUND('',#348,.T.);
#32=FACE_BOUND('',#349,.T.);
#33=FACE_BOUND('',#350,.T.);
#34=FACE_BOUND('',#351,.T.);
#35=FACE_BOUND('',#352,.T.);
#36=FACE_BOUND('',#353,.T.);
#37=FACE_BOUND('',#354,.T.);
#38=FACE_BOUND('',#355,.T.);
#39=FACE_BOUND('',#356,.T.);
#40=FACE_BOUND('',#357,.T.);
#41=FACE_BOUND('',#358,.T.);
#42=FACE_BOUND('',#359,.T.);
#43=FACE_BOUND('',#360,.T.);
#44=FACE_BOUND('',#361,.T.);
#45=FACE_BOUND('',#362,.T.);
#46=FACE_BOUND('',#363,.T.);
#47=FACE_BOUND('',#364,.T.);
#48=FACE_BOUND('',#365,.T.);
#49=FACE_BOUND('',#366,.T.);
#50=FACE_BOUND('',#367,.T.);
#51=FACE_BOUND('',#368,.T.);
#52=FACE_BOUND('',#466,.T.);
#53=FACE_BOUND('',#467,.T.);
#54=FACE_BOUND('',#468,.T.);
#55=FACE_BOUND('',#469,.T.);
#56=FACE_BOUND('',#470,.T.);
#57=FACE_BOUND('',#471,.T.);
#58=FACE_BOUND('',#472,.T.);
#59=FACE_BOUND('',#473,.T.);
#60=FACE_BOUND('',#474,.T.);
#61=FACE_BOUND('',#475,.T.);
#62=FACE_BOUND('',#476,.T.);
#63=FACE_BOUND('',#477,.T.);
#64=FACE_BOUND('',#478,.T.);
#65=FACE_BOUND('',#479,.T.);
#66=FACE_BOUND('',#480,.T.);
#67=FACE_BOUND('',#481,.T.);
#68=FACE_BOUND('',#482,.T.);
#69=FACE_BOUND('',#483,.T.);
#70=FACE_BOUND('',#484,.T.);
#71=FACE_BOUND('',#485,.T.);
#72=FACE_BOUND('',#486,.T.);
#73=FACE_BOUND('',#487,.T.);
#74=FACE_BOUND('',#488,.T.);
#75=FACE_BOUND('',#489,.T.);
#76=FACE_BOUND('',#490,.T.);
#77=FACE_BOUND('',#491,.T.);
#78=FACE_BOUND('',#492,.T.);
#79=FACE_BOUND('',#493,.T.);
#80=FACE_BOUND('',#494,.T.);
#81=FACE_BOUND('',#495,.T.);
#82=FACE_BOUND('',#496,.T.);
#83=FACE_BOUND('',#497,.T.);
#84=FACE_BOUND('',#498,.T.);
#85=FACE_BOUND('',#499,.T.);
#86=FACE_BOUND('',#500,.T.);
#87=FACE_BOUND('',#501,.T.);
#88=FACE_BOUND('',#502,.T.);
#89=FACE_BOUND('',#503,.T.);
#90=FACE_BOUND('',#504,.T.);
#91=FACE_BOUND('',#505,.T.);
#92=FACE_BOUND('',#506,.T.);
#93=FACE_BOUND('',#507,.T.);
#94=CYLINDRICAL_SURFACE('',#2228,1.65);
#95=CYLINDRICAL_SURFACE('',#2271,1.65);
#96=CYLINDRICAL_SURFACE('',#2317,0.5);
#97=CYLINDRICAL_SURFACE('',#2319,0.499999999999998);
#98=CYLINDRICAL_SURFACE('',#2321,0.499999999999998);
#99=CYLINDRICAL_SURFACE('',#2323,0.5);
#100=CYLINDRICAL_SURFACE('',#2325,0.500000000000003);
#101=CYLINDRICAL_SURFACE('',#2327,0.5);
#102=CYLINDRICAL_SURFACE('',#2329,0.499999999999999);
#103=CYLINDRICAL_SURFACE('',#2331,0.5);
#104=CYLINDRICAL_SURFACE('',#2333,0.5);
#105=CYLINDRICAL_SURFACE('',#2335,0.499999999999998);
#106=CYLINDRICAL_SURFACE('',#2337,0.499999999999999);
#107=CYLINDRICAL_SURFACE('',#2339,0.500000000000003);
#108=CYLINDRICAL_SURFACE('',#2342,0.299999999999996);
#109=CYLINDRICAL_SURFACE('',#2345,0.300000000000004);
#110=CYLINDRICAL_SURFACE('',#2347,0.499999999999998);
#111=CYLINDRICAL_SURFACE('',#2349,0.5);
#112=CYLINDRICAL_SURFACE('',#2351,0.5);
#113=CYLINDRICAL_SURFACE('',#2353,0.500000000000003);
#114=CYLINDRICAL_SURFACE('',#2355,0.5);
#115=CYLINDRICAL_SURFACE('',#2357,0.499999999999998);
#116=CYLINDRICAL_SURFACE('',#2359,0.5);
#117=CYLINDRICAL_SURFACE('',#2361,0.499999999999998);
#118=CYLINDRICAL_SURFACE('',#2364,0.299999999999998);
#119=CYLINDRICAL_SURFACE('',#2367,0.299999999999998);
#120=CYLINDRICAL_SURFACE('',#2369,0.5);
#121=CYLINDRICAL_SURFACE('',#2371,0.5);
#122=CYLINDRICAL_SURFACE('',#2373,0.499999999999998);
#123=CYLINDRICAL_SURFACE('',#2375,0.499999999999998);
#124=CYLINDRICAL_SURFACE('',#2377,0.5);
#125=CYLINDRICAL_SURFACE('',#2379,0.499999999999999);
#126=CYLINDRICAL_SURFACE('',#2382,0.299999999999998);
#127=CYLINDRICAL_SURFACE('',#2385,0.299999999999998);
#128=CYLINDRICAL_SURFACE('',#2387,0.499999999999999);
#129=CYLINDRICAL_SURFACE('',#2389,0.499999999999998);
#130=CYLINDRICAL_SURFACE('',#2392,0.300000000000002);
#131=CYLINDRICAL_SURFACE('',#2395,0.300000000000002);
#132=CYLINDRICAL_SURFACE('',#2397,0.499999999999998);
#133=CIRCLE('',#2226,1.65);
#134=CIRCLE('',#2227,1.65);
#135=CIRCLE('',#2229,1.65);
#136=CIRCLE('',#2230,1.65);
#137=CIRCLE('',#2232,0.499999999999998);
#138=CIRCLE('',#2233,0.300000000000002);
#139=CIRCLE('',#2234,0.300000000000002);
#140=CIRCLE('',#2235,0.499999999999998);
#141=CIRCLE('',#2236,0.499999999999999);
#142=CIRCLE('',#2237,0.299999999999998);
#143=CIRCLE('',#2238,0.299999999999998);
#144=CIRCLE('',#2239,0.499999999999999);
#145=CIRCLE('',#2240,0.5);
#146=CIRCLE('',#2241,0.499999999999998);
#147=CIRCLE('',#2242,0.499999999999998);
#148=CIRCLE('',#2243,0.5);
#149=CIRCLE('',#2244,0.5);
#150=CIRCLE('',#2245,0.299999999999998);
#151=CIRCLE('',#2246,0.299999999999998);
#152=CIRCLE('',#2247,0.499999999999998);
#153=CIRCLE('',#2248,0.5);
#154=CIRCLE('',#2249,0.499999999999998);
#155=CIRCLE('',#2250,0.5);
#156=CIRCLE('',#2251,0.500000000000003);
#157=CIRCLE('',#2252,0.5);
#158=CIRCLE('',#2253,0.5);
#159=CIRCLE('',#2254,0.499999999999998);
#160=CIRCLE('',#2255,0.300000000000004);
#161=CIRCLE('',#2256,0.299999999999996);
#162=CIRCLE('',#2257,0.500000000000003);
#163=CIRCLE('',#2258,0.499999999999999);
#164=CIRCLE('',#2259,0.499999999999998);
#165=CIRCLE('',#2260,0.5);
#166=CIRCLE('',#2261,0.5);
#167=CIRCLE('',#2262,0.499999999999999);
#168=CIRCLE('',#2263,0.5);
#169=CIRCLE('',#2264,0.500000000000003);
#170=CIRCLE('',#2265,0.5);
#171=CIRCLE('',#2266,0.499999999999998);
#172=CIRCLE('',#2267,0.499999999999998);
#173=CIRCLE('',#2268,0.5);
#174=CIRCLE('',#2270,1.65);
#175=CIRCLE('',#2272,1.65);
#176=CIRCLE('',#2318,0.5);
#177=CIRCLE('',#2320,0.499999999999998);
#178=CIRCLE('',#2322,0.499999999999998);
#179=CIRCLE('',#2324,0.5);
#180=CIRCLE('',#2326,0.500000000000003);
#181=CIRCLE('',#2328,0.5);
#182=CIRCLE('',#2330,0.499999999999999);
#183=CIRCLE('',#2332,0.5);
#184=CIRCLE('',#2334,0.5);
#185=CIRCLE('',#2336,0.499999999999998);
#186=CIRCLE('',#2338,0.499999999999999);
#187=CIRCLE('',#2340,0.500000000000003);
#188=CIRCLE('',#2343,0.299999999999996);
#189=CIRCLE('',#2346,0.300000000000004);
#190=CIRCLE('',#2348,0.499999999999998);
#191=CIRCLE('',#2350,0.5);
#192=CIRCLE('',#2352,0.5);
#193=CIRCLE('',#2354,0.500000000000003);
#194=CIRCLE('',#2356,0.5);
#195=CIRCLE('',#2358,0.499999999999998);
#196=CIRCLE('',#2360,0.5);
#197=CIRCLE('',#2362,0.499999999999998);
#198=CIRCLE('',#2365,0.299999999999998);
#199=CIRCLE('',#2368,0.299999999999998);
#200=CIRCLE('',#2370,0.5);
#201=CIRCLE('',#2372,0.5);
#202=CIRCLE('',#2374,0.499999999999998);
#203=CIRCLE('',#2376,0.499999999999998);
#204=CIRCLE('',#2378,0.5);
#205=CIRCLE('',#2380,0.499999999999999);
#206=CIRCLE('',#2383,0.299999999999998);
#207=CIRCLE('',#2386,0.299999999999998);
#208=CIRCLE('',#2388,0.499999999999999);
#209=CIRCLE('',#2390,0.499999999999998);
#210=CIRCLE('',#2393,0.300000000000002);
#211=CIRCLE('',#2396,0.300000000000002);
#212=CIRCLE('',#2398,0.499999999999998);
#213=FACE_OUTER_BOUND('',#323,.T.);
#214=FACE_OUTER_BOUND('',#324,.T.);
#215=FACE_OUTER_BOUND('',#325,.T.);
#216=FACE_OUTER_BOUND('',#326,.T.);
#217=FACE_OUTER_BOUND('',#327,.T.);
#218=FACE_OUTER_BOUND('',#328,.T.);
#219=FACE_OUTER_BOUND('',#329,.T.);
#220=FACE_OUTER_BOUND('',#330,.T.);
#221=FACE_OUTER_BOUND('',#331,.T.);
#222=FACE_OUTER_BOUND('',#332,.T.);
#223=FACE_OUTER_BOUND('',#333,.T.);
#224=FACE_OUTER_BOUND('',#334,.T.);
#225=FACE_OUTER_BOUND('',#335,.T.);
#226=FACE_OUTER_BOUND('',#369,.T.);
#227=FACE_OUTER_BOUND('',#370,.T.);
#228=FACE_OUTER_BOUND('',#371,.T.);
#229=FACE_OUTER_BOUND('',#372,.T.);
#230=FACE_OUTER_BOUND('',#373,.T.);
#231=FACE_OUTER_BOUND('',#374,.T.);
#232=FACE_OUTER_BOUND('',#375,.T.);
#233=FACE_OUTER_BOUND('',#376,.T.);
#234=FACE_OUTER_BOUND('',#377,.T.);
#235=FACE_OUTER_BOUND('',#378,.T.);
#236=FACE_OUTER_BOUND('',#379,.T.);
#237=FACE_OUTER_BOUND('',#380,.T.);
#238=FACE_OUTER_BOUND('',#381,.T.);
#239=FACE_OUTER_BOUND('',#382,.T.);
#240=FACE_OUTER_BOUND('',#383,.T.);
#241=FACE_OUTER_BOUND('',#384,.T.);
#242=FACE_OUTER_BOUND('',#385,.T.);
#243=FACE_OUTER_BOUND('',#386,.T.);
#244=FACE_OUTER_BOUND('',#387,.T.);
#245=FACE_OUTER_BOUND('',#388,.T.);
#246=FACE_OUTER_BOUND('',#389,.T.);
#247=FACE_OUTER_BOUND('',#390,.T.);
#248=FACE_OUTER_BOUND('',#391,.T.);
#249=FACE_OUTER_BOUND('',#392,.T.);
#250=FACE_OUTER_BOUND('',#393,.T.);
#251=FACE_OUTER_BOUND('',#394,.T.);
#252=FACE_OUTER_BOUND('',#395,.T.);
#253=FACE_OUTER_BOUND('',#396,.T.);
#254=FACE_OUTER_BOUND('',#397,.T.);
#255=FACE_OUTER_BOUND('',#398,.T.);
#256=FACE_OUTER_BOUND('',#399,.T.);
#257=FACE_OUTER_BOUND('',#400,.T.);
#258=FACE_OUTER_BOUND('',#401,.T.);
#259=FACE_OUTER_BOUND('',#402,.T.);
#260=FACE_OUTER_BOUND('',#403,.T.);
#261=FACE_OUTER_BOUND('',#404,.T.);
#262=FACE_OUTER_BOUND('',#405,.T.);
#263=FACE_OUTER_BOUND('',#406,.T.);
#264=FACE_OUTER_BOUND('',#407,.T.);
#265=FACE_OUTER_BOUND('',#408,.T.);
#266=FACE_OUTER_BOUND('',#409,.T.);
#267=FACE_OUTER_BOUND('',#410,.T.);
#268=FACE_OUTER_BOUND('',#411,.T.);
#269=FACE_OUTER_BOUND('',#412,.T.);
#270=FACE_OUTER_BOUND('',#413,.T.);
#271=FACE_OUTER_BOUND('',#414,.T.);
#272=FACE_OUTER_BOUND('',#415,.T.);
#273=FACE_OUTER_BOUND('',#416,.T.);
#274=FACE_OUTER_BOUND('',#417,.T.);
#275=FACE_OUTER_BOUND('',#418,.T.);
#276=FACE_OUTER_BOUND('',#419,.T.);
#277=FACE_OUTER_BOUND('',#420,.T.);
#278=FACE_OUTER_BOUND('',#421,.T.);
#279=FACE_OUTER_BOUND('',#422,.T.);
#280=FACE_OUTER_BOUND('',#423,.T.);
#281=FACE_OUTER_BOUND('',#424,.T.);
#282=FACE_OUTER_BOUND('',#425,.T.);
#283=FACE_OUTER_BOUND('',#426,.T.);
#284=FACE_OUTER_BOUND('',#427,.T.);
#285=FACE_OUTER_BOUND('',#428,.T.);
#286=FACE_OUTER_BOUND('',#429,.T.);
#287=FACE_OUTER_BOUND('',#430,.T.);
#288=FACE_OUTER_BOUND('',#431,.T.);
#289=FACE_OUTER_BOUND('',#432,.T.);
#290=FACE_OUTER_BOUND('',#433,.T.);
#291=FACE_OUTER_BOUND('',#434,.T.);
#292=FACE_OUTER_BOUND('',#435,.T.);
#293=FACE_OUTER_BOUND('',#436,.T.);
#294=FACE_OUTER_BOUND('',#437,.T.);
#295=FACE_OUTER_BOUND('',#438,.T.);
#296=FACE_OUTER_BOUND('',#439,.T.);
#297=FACE_OUTER_BOUND('',#440,.T.);
#298=FACE_OUTER_BOUND('',#441,.T.);
#299=FACE_OUTER_BOUND('',#442,.T.);
#300=FACE_OUTER_BOUND('',#443,.T.);
#301=FACE_OUTER_BOUND('',#444,.T.);
#302=FACE_OUTER_BOUND('',#445,.T.);
#303=FACE_OUTER_BOUND('',#446,.T.);
#304=FACE_OUTER_BOUND('',#447,.T.);
#305=FACE_OUTER_BOUND('',#448,.T.);
#306=FACE_OUTER_BOUND('',#449,.T.);
#307=FACE_OUTER_BOUND('',#450,.T.);
#308=FACE_OUTER_BOUND('',#451,.T.);
#309=FACE_OUTER_BOUND('',#452,.T.);
#310=FACE_OUTER_BOUND('',#453,.T.);
#311=FACE_OUTER_BOUND('',#454,.T.);
#312=FACE_OUTER_BOUND('',#455,.T.);
#313=FACE_OUTER_BOUND('',#456,.T.);
#314=FACE_OUTER_BOUND('',#457,.T.);
#315=FACE_OUTER_BOUND('',#458,.T.);
#316=FACE_OUTER_BOUND('',#459,.T.);
#317=FACE_OUTER_BOUND('',#460,.T.);
#318=FACE_OUTER_BOUND('',#461,.T.);
#319=FACE_OUTER_BOUND('',#462,.T.);
#320=FACE_OUTER_BOUND('',#463,.T.);
#321=FACE_OUTER_BOUND('',#464,.T.);
#322=FACE_OUTER_BOUND('',#465,.T.);
#323=EDGE_LOOP('',(#1429,#1430,#1431,#1432));
#324=EDGE_LOOP('',(#1433,#1434,#1435,#1436));
#325=EDGE_LOOP('',(#1437,#1438,#1439,#1440));
#326=EDGE_LOOP('',(#1441,#1442,#1443,#1444));
#327=EDGE_LOOP('',(#1445,#1446,#1447,#1448));
#328=EDGE_LOOP('',(#1449,#1450,#1451,#1452));
#329=EDGE_LOOP('',(#1453,#1454,#1455,#1456));
#330=EDGE_LOOP('',(#1457,#1458,#1459,#1460));
#331=EDGE_LOOP('',(#1461,#1462,#1463,#1464));
#332=EDGE_LOOP('',(#1465,#1466,#1467,#1468));
#333=EDGE_LOOP('',(#1469,#1470,#1471,#1472));
#334=EDGE_LOOP('',(#1473,#1474,#1475,#1476,#1477));
#335=EDGE_LOOP('',(#1478,#1479,#1480,#1481,#1482,#1483,#1484,#1485,#1486,
#1487,#1488,#1489));
#336=EDGE_LOOP('',(#1490));
#337=EDGE_LOOP('',(#1491,#1492,#1493,#1494));
#338=EDGE_LOOP('',(#1495));
#339=EDGE_LOOP('',(#1496));
#340=EDGE_LOOP('',(#1497,#1498,#1499,#1500));
#341=EDGE_LOOP('',(#1501));
#342=EDGE_LOOP('',(#1502));
#343=EDGE_LOOP('',(#1503));
#344=EDGE_LOOP('',(#1504));
#345=EDGE_LOOP('',(#1505));
#346=EDGE_LOOP('',(#1506));
#347=EDGE_LOOP('',(#1507,#1508,#1509,#1510));
#348=EDGE_LOOP('',(#1511));
#349=EDGE_LOOP('',(#1512));
#350=EDGE_LOOP('',(#1513));
#351=EDGE_LOOP('',(#1514));
#352=EDGE_LOOP('',(#1515));
#353=EDGE_LOOP('',(#1516));
#354=EDGE_LOOP('',(#1517));
#355=EDGE_LOOP('',(#1518));
#356=EDGE_LOOP('',(#1519,#1520,#1521,#1522));
#357=EDGE_LOOP('',(#1523));
#358=EDGE_LOOP('',(#1524));
#359=EDGE_LOOP('',(#1525));
#360=EDGE_LOOP('',(#1526));
#361=EDGE_LOOP('',(#1527));
#362=EDGE_LOOP('',(#1528));
#363=EDGE_LOOP('',(#1529));
#364=EDGE_LOOP('',(#1530));
#365=EDGE_LOOP('',(#1531));
#366=EDGE_LOOP('',(#1532));
#367=EDGE_LOOP('',(#1533));
#368=EDGE_LOOP('',(#1534));
#369=EDGE_LOOP('',(#1535,#1536,#1537,#1538));
#370=EDGE_LOOP('',(#1539,#1540,#1541,#1542,#1543));
#371=EDGE_LOOP('',(#1544,#1545,#1546,#1547));
#372=EDGE_LOOP('',(#1548,#1549,#1550,#1551));
#373=EDGE_LOOP('',(#1552,#1553,#1554,#1555));
#374=EDGE_LOOP('',(#1556,#1557,#1558,#1559));
#375=EDGE_LOOP('',(#1560,#1561,#1562,#1563));
#376=EDGE_LOOP('',(#1564,#1565,#1566,#1567));
#377=EDGE_LOOP('',(#1568,#1569,#1570,#1571));
#378=EDGE_LOOP('',(#1572,#1573,#1574,#1575));
#379=EDGE_LOOP('',(#1576,#1577,#1578,#1579));
#380=EDGE_LOOP('',(#1580,#1581,#1582,#1583));
#381=EDGE_LOOP('',(#1584,#1585,#1586,#1587));
#382=EDGE_LOOP('',(#1588,#1589,#1590,#1591));
#383=EDGE_LOOP('',(#1592,#1593,#1594,#1595));
#384=EDGE_LOOP('',(#1596,#1597,#1598,#1599));
#385=EDGE_LOOP('',(#1600,#1601,#1602,#1603));
#386=EDGE_LOOP('',(#1604,#1605,#1606,#1607));
#387=EDGE_LOOP('',(#1608,#1609,#1610,#1611));
#388=EDGE_LOOP('',(#1612,#1613,#1614,#1615));
#389=EDGE_LOOP('',(#1616,#1617,#1618,#1619));
#390=EDGE_LOOP('',(#1620,#1621,#1622,#1623));
#391=EDGE_LOOP('',(#1624,#1625,#1626,#1627));
#392=EDGE_LOOP('',(#1628,#1629,#1630,#1631));
#393=EDGE_LOOP('',(#1632,#1633,#1634,#1635));
#394=EDGE_LOOP('',(#1636,#1637,#1638,#1639));
#395=EDGE_LOOP('',(#1640,#1641,#1642,#1643));
#396=EDGE_LOOP('',(#1644,#1645,#1646,#1647));
#397=EDGE_LOOP('',(#1648,#1649,#1650,#1651));
#398=EDGE_LOOP('',(#1652,#1653,#1654,#1655));
#399=EDGE_LOOP('',(#1656,#1657,#1658,#1659));
#400=EDGE_LOOP('',(#1660,#1661,#1662,#1663));
#401=EDGE_LOOP('',(#1664,#1665,#1666,#1667));
#402=EDGE_LOOP('',(#1668,#1669,#1670,#1671));
#403=EDGE_LOOP('',(#1672,#1673,#1674,#1675));
#404=EDGE_LOOP('',(#1676,#1677,#1678,#1679));
#405=EDGE_LOOP('',(#1680,#1681,#1682,#1683));
#406=EDGE_LOOP('',(#1684,#1685,#1686,#1687));
#407=EDGE_LOOP('',(#1688,#1689,#1690,#1691));
#408=EDGE_LOOP('',(#1692,#1693,#1694,#1695));
#409=EDGE_LOOP('',(#1696,#1697,#1698,#1699));
#410=EDGE_LOOP('',(#1700,#1701,#1702,#1703));
#411=EDGE_LOOP('',(#1704,#1705,#1706,#1707));
#412=EDGE_LOOP('',(#1708,#1709,#1710,#1711));
#413=EDGE_LOOP('',(#1712,#1713,#1714,#1715));
#414=EDGE_LOOP('',(#1716,#1717,#1718,#1719));
#415=EDGE_LOOP('',(#1720,#1721,#1722,#1723));
#416=EDGE_LOOP('',(#1724,#1725,#1726,#1727));
#417=EDGE_LOOP('',(#1728,#1729,#1730,#1731));
#418=EDGE_LOOP('',(#1732,#1733,#1734,#1735));
#419=EDGE_LOOP('',(#1736,#1737,#1738,#1739));
#420=EDGE_LOOP('',(#1740,#1741,#1742,#1743));
#421=EDGE_LOOP('',(#1744,#1745,#1746,#1747));
#422=EDGE_LOOP('',(#1748,#1749,#1750,#1751));
#423=EDGE_LOOP('',(#1752,#1753,#1754,#1755));
#424=EDGE_LOOP('',(#1756,#1757,#1758,#1759));
#425=EDGE_LOOP('',(#1760,#1761,#1762,#1763));
#426=EDGE_LOOP('',(#1764,#1765,#1766,#1767));
#427=EDGE_LOOP('',(#1768,#1769,#1770,#1771));
#428=EDGE_LOOP('',(#1772,#1773,#1774,#1775));
#429=EDGE_LOOP('',(#1776,#1777,#1778,#1779));
#430=EDGE_LOOP('',(#1780,#1781,#1782,#1783));
#431=EDGE_LOOP('',(#1784,#1785,#1786,#1787));
#432=EDGE_LOOP('',(#1788,#1789,#1790,#1791));
#433=EDGE_LOOP('',(#1792,#1793,#1794,#1795));
#434=EDGE_LOOP('',(#1796,#1797,#1798,#1799));
#435=EDGE_LOOP('',(#1800,#1801,#1802,#1803));
#436=EDGE_LOOP('',(#1804,#1805,#1806,#1807));
#437=EDGE_LOOP('',(#1808,#1809,#1810,#1811));
#438=EDGE_LOOP('',(#1812,#1813,#1814,#1815));
#439=EDGE_LOOP('',(#1816,#1817,#1818,#1819));
#440=EDGE_LOOP('',(#1820,#1821,#1822,#1823));
#441=EDGE_LOOP('',(#1824,#1825,#1826,#1827));
#442=EDGE_LOOP('',(#1828,#1829,#1830,#1831));
#443=EDGE_LOOP('',(#1832,#1833,#1834,#1835));
#444=EDGE_LOOP('',(#1836,#1837,#1838,#1839));
#445=EDGE_LOOP('',(#1840,#1841,#1842,#1843));
#446=EDGE_LOOP('',(#1844,#1845,#1846,#1847));
#447=EDGE_LOOP('',(#1848,#1849,#1850,#1851));
#448=EDGE_LOOP('',(#1852,#1853,#1854,#1855));
#449=EDGE_LOOP('',(#1856,#1857,#1858,#1859));
#450=EDGE_LOOP('',(#1860,#1861,#1862,#1863));
#451=EDGE_LOOP('',(#1864,#1865,#1866,#1867));
#452=EDGE_LOOP('',(#1868,#1869,#1870,#1871));
#453=EDGE_LOOP('',(#1872,#1873,#1874,#1875));
#454=EDGE_LOOP('',(#1876,#1877,#1878,#1879));
#455=EDGE_LOOP('',(#1880,#1881,#1882,#1883));
#456=EDGE_LOOP('',(#1884,#1885,#1886,#1887));
#457=EDGE_LOOP('',(#1888,#1889,#1890,#1891));
#458=EDGE_LOOP('',(#1892,#1893,#1894,#1895));
#459=EDGE_LOOP('',(#1896,#1897,#1898,#1899));
#460=EDGE_LOOP('',(#1900,#1901,#1902,#1903));
#461=EDGE_LOOP('',(#1904,#1905,#1906,#1907,#1908,#1909,#1910,#1911));
#462=EDGE_LOOP('',(#1912,#1913,#1914,#1915));
#463=EDGE_LOOP('',(#1916,#1917,#1918,#1919));
#464=EDGE_LOOP('',(#1920,#1921,#1922,#1923));
#465=EDGE_LOOP('',(#1924,#1925,#1926,#1927,#1928,#1929,#1930,#1931,#1932,
#1933,#1934,#1935,#1936,#1937));
#466=EDGE_LOOP('',(#1938,#1939,#1940,#1941));
#467=EDGE_LOOP('',(#1942,#1943,#1944,#1945));
#468=EDGE_LOOP('',(#1946,#1947,#1948,#1949));
#469=EDGE_LOOP('',(#1950,#1951,#1952,#1953));
#470=EDGE_LOOP('',(#1954,#1955,#1956,#1957));
#471=EDGE_LOOP('',(#1958,#1959,#1960,#1961));
#472=EDGE_LOOP('',(#1962,#1963,#1964,#1965));
#473=EDGE_LOOP('',(#1966,#1967,#1968,#1969));
#474=EDGE_LOOP('',(#1970,#1971,#1972,#1973));
#475=EDGE_LOOP('',(#1974));
#476=EDGE_LOOP('',(#1975,#1976,#1977,#1978));
#477=EDGE_LOOP('',(#1979));
#478=EDGE_LOOP('',(#1980));
#479=EDGE_LOOP('',(#1981,#1982,#1983,#1984));
#480=EDGE_LOOP('',(#1985));
#481=EDGE_LOOP('',(#1986));
#482=EDGE_LOOP('',(#1987));
#483=EDGE_LOOP('',(#1988));
#484=EDGE_LOOP('',(#1989));
#485=EDGE_LOOP('',(#1990));
#486=EDGE_LOOP('',(#1991,#1992,#1993,#1994));
#487=EDGE_LOOP('',(#1995));
#488=EDGE_LOOP('',(#1996));
#489=EDGE_LOOP('',(#1997));
#490=EDGE_LOOP('',(#1998));
#491=EDGE_LOOP('',(#1999));
#492=EDGE_LOOP('',(#2000));
#493=EDGE_LOOP('',(#2001));
#494=EDGE_LOOP('',(#2002));
#495=EDGE_LOOP('',(#2003,#2004,#2005,#2006));
#496=EDGE_LOOP('',(#2007));
#497=EDGE_LOOP('',(#2008));
#498=EDGE_LOOP('',(#2009));
#499=EDGE_LOOP('',(#2010));
#500=EDGE_LOOP('',(#2011));
#501=EDGE_LOOP('',(#2012));
#502=EDGE_LOOP('',(#2013));
#503=EDGE_LOOP('',(#2014));
#504=EDGE_LOOP('',(#2015));
#505=EDGE_LOOP('',(#2016));
#506=EDGE_LOOP('',(#2017));
#507=EDGE_LOOP('',(#2018));
#508=LINE('',#3012,#723);
#509=LINE('',#3014,#724);
#510=LINE('',#3016,#725);
#511=LINE('',#3017,#726);
#512=LINE('',#3021,#727);
#513=LINE('',#3023,#728);
#514=LINE('',#3025,#729);
#515=LINE('',#3026,#730);
#516=LINE('',#3030,#731);
#517=LINE('',#3032,#732);
#518=LINE('',#3034,#733);
#519=LINE('',#3035,#734);
#520=LINE('',#3039,#735);
#521=LINE('',#3041,#736);
#522=LINE('',#3043,#737);
#523=LINE('',#3044,#738);
#524=LINE('',#3048,#739);
#525=LINE('',#3050,#740);
#526=LINE('',#3052,#741);
#527=LINE('',#3053,#742);
#528=LINE('',#3057,#743);
#529=LINE('',#3059,#744);
#530=LINE('',#3061,#745);
#531=LINE('',#3062,#746);
#532=LINE('',#3066,#747);
#533=LINE('',#3068,#748);
#534=LINE('',#3070,#749);
#535=LINE('',#3071,#750);
#536=LINE('',#3075,#751);
#537=LINE('',#3077,#752);
#538=LINE('',#3079,#753);
#539=LINE('',#3080,#754);
#540=LINE('',#3084,#755);
#541=LINE('',#3086,#756);
#542=LINE('',#3088,#757);
#543=LINE('',#3089,#758);
#544=LINE('',#3093,#759);
#545=LINE('',#3095,#760);
#546=LINE('',#3097,#761);
#547=LINE('',#3098,#762);
#548=LINE('',#3104,#763);
#549=LINE('',#3107,#764);
#550=LINE('',#3112,#765);
#551=LINE('',#3115,#766);
#552=LINE('',#3118,#767);
#553=LINE('',#3120,#768);
#554=LINE('',#3122,#769);
#555=LINE('',#3124,#770);
#556=LINE('',#3126,#771);
#557=LINE('',#3128,#772);
#558=LINE('',#3130,#773);
#559=LINE('',#3132,#774);
#560=LINE('',#3134,#775);
#561=LINE('',#3136,#776);
#562=LINE('',#3137,#777);
#563=LINE('',#3144,#778);
#564=LINE('',#3147,#779);
#565=LINE('',#3156,#780);
#566=LINE('',#3159,#781);
#567=LINE('',#3176,#782);
#568=LINE('',#3179,#783);
#569=LINE('',#3200,#784);
#570=LINE('',#3203,#785);
#571=LINE('',#3231,#786);
#572=LINE('',#3234,#787);
#573=LINE('',#3238,#788);
#574=LINE('',#3239,#789);
#575=LINE('',#3243,#790);
#576=LINE('',#3244,#791);
#577=LINE('',#3245,#792);
#578=LINE('',#3248,#793);
#579=LINE('',#3249,#794);
#580=LINE('',#3252,#795);
#581=LINE('',#3253,#796);
#582=LINE('',#3255,#797);
#583=LINE('',#3259,#798);
#584=LINE('',#3260,#799);
#585=LINE('',#3261,#800);
#586=LINE('',#3264,#801);
#587=LINE('',#3265,#802);
#588=LINE('',#3268,#803);
#589=LINE('',#3269,#804);
#590=LINE('',#3271,#805);
#591=LINE('',#3275,#806);
#592=LINE('',#3276,#807);
#593=LINE('',#3277,#808);
#594=LINE('',#3280,#809);
#595=LINE('',#3281,#810);
#596=LINE('',#3284,#811);
#597=LINE('',#3285,#812);
#598=LINE('',#3287,#813);
#599=LINE('',#3291,#814);
#600=LINE('',#3292,#815);
#601=LINE('',#3293,#816);
#602=LINE('',#3296,#817);
#603=LINE('',#3297,#818);
#604=LINE('',#3300,#819);
#605=LINE('',#3301,#820);
#606=LINE('',#3303,#821);
#607=LINE('',#3307,#822);
#608=LINE('',#3308,#823);
#609=LINE('',#3309,#824);
#610=LINE('',#3312,#825);
#611=LINE('',#3313,#826);
#612=LINE('',#3316,#827);
#613=LINE('',#3317,#828);
#614=LINE('',#3319,#829);
#615=LINE('',#3323,#830);
#616=LINE('',#3324,#831);
#617=LINE('',#3325,#832);
#618=LINE('',#3328,#833);
#619=LINE('',#3329,#834);
#620=LINE('',#3332,#835);
#621=LINE('',#3333,#836);
#622=LINE('',#3335,#837);
#623=LINE('',#3339,#838);
#624=LINE('',#3340,#839);
#625=LINE('',#3341,#840);
#626=LINE('',#3344,#841);
#627=LINE('',#3345,#842);
#628=LINE('',#3348,#843);
#629=LINE('',#3349,#844);
#630=LINE('',#3351,#845);
#631=LINE('',#3355,#846);
#632=LINE('',#3356,#847);
#633=LINE('',#3357,#848);
#634=LINE('',#3360,#849);
#635=LINE('',#3361,#850);
#636=LINE('',#3364,#851);
#637=LINE('',#3365,#852);
#638=LINE('',#3367,#853);
#639=LINE('',#3371,#854);
#640=LINE('',#3372,#855);
#641=LINE('',#3373,#856);
#642=LINE('',#3376,#857);
#643=LINE('',#3377,#858);
#644=LINE('',#3380,#859);
#645=LINE('',#3381,#860);
#646=LINE('',#3383,#861);
#647=LINE('',#3387,#862);
#648=LINE('',#3388,#863);
#649=LINE('',#3389,#864);
#650=LINE('',#3392,#865);
#651=LINE('',#3393,#866);
#652=LINE('',#3396,#867);
#653=LINE('',#3397,#868);
#654=LINE('',#3400,#869);
#655=LINE('',#3401,#870);
#656=LINE('',#3405,#871);
#657=LINE('',#3406,#872);
#658=LINE('',#3407,#873);
#659=LINE('',#3410,#874);
#660=LINE('',#3411,#875);
#661=LINE('',#3414,#876);
#662=LINE('',#3418,#877);
#663=LINE('',#3422,#878);
#664=LINE('',#3426,#879);
#665=LINE('',#3430,#880);
#666=LINE('',#3434,#881);
#667=LINE('',#3438,#882);
#668=LINE('',#3442,#883);
#669=LINE('',#3446,#884);
#670=LINE('',#3450,#885);
#671=LINE('',#3454,#886);
#672=LINE('',#3458,#887);
#673=LINE('',#3463,#888);
#674=LINE('',#3464,#889);
#675=LINE('',#3465,#890);
#676=LINE('',#3469,#891);
#677=LINE('',#3472,#892);
#678=LINE('',#3473,#893);
#679=LINE('',#3478,#894);
#680=LINE('',#3482,#895);
#681=LINE('',#3486,#896);
#682=LINE('',#3490,#897);
#683=LINE('',#3494,#898);
#684=LINE('',#3498,#899);
#685=LINE('',#3502,#900);
#686=LINE('',#3506,#901);
#687=LINE('',#3511,#902);
#688=LINE('',#3512,#903);
#689=LINE('',#3513,#904);
#690=LINE('',#3517,#905);
#691=LINE('',#3520,#906);
#692=LINE('',#3521,#907);
#693=LINE('',#3526,#908);
#694=LINE('',#3530,#909);
#695=LINE('',#3534,#910);
#696=LINE('',#3538,#911);
#697=LINE('',#3542,#912);
#698=LINE('',#3546,#913);
#699=LINE('',#3551,#914);
#700=LINE('',#3552,#915);
#701=LINE('',#3553,#916);
#702=LINE('',#3557,#917);
#703=LINE('',#3560,#918);
#704=LINE('',#3561,#919);
#705=LINE('',#3566,#920);
#706=LINE('',#3570,#921);
#707=LINE('',#3575,#922);
#708=LINE('',#3576,#923);
#709=LINE('',#3577,#924);
#710=LINE('',#3581,#925);
#711=LINE('',#3584,#926);
#712=LINE('',#3585,#927);
#713=LINE('',#3590,#928);
#714=LINE('',#3595,#929);
#715=LINE('',#3596,#930);
#716=LINE('',#3597,#931);
#717=LINE('',#3599,#932);
#718=LINE('',#3601,#933);
#719=LINE('',#3602,#934);
#720=LINE('',#3604,#935);
#721=LINE('',#3606,#936);
#722=LINE('',#3608,#937);
#723=VECTOR('',#2412,10.);
#724=VECTOR('',#2413,10.);
#725=VECTOR('',#2414,10.);
#726=VECTOR('',#2415,10.);
#727=VECTOR('',#2418,10.);
#728=VECTOR('',#2419,10.);
#729=VECTOR('',#2420,10.);
#730=VECTOR('',#2421,10.);
#731=VECTOR('',#2424,10.);
#732=VECTOR('',#2425,10.);
#733=VECTOR('',#2426,10.);
#734=VECTOR('',#2427,10.);
#735=VECTOR('',#2430,10.);
#736=VECTOR('',#2431,10.);
#737=VECTOR('',#2432,10.);
#738=VECTOR('',#2433,10.);
#739=VECTOR('',#2436,10.);
#740=VECTOR('',#2437,10.);
#741=VECTOR('',#2438,10.);
#742=VECTOR('',#2439,10.);
#743=VECTOR('',#2442,10.);
#744=VECTOR('',#2443,10.);
#745=VECTOR('',#2444,10.);
#746=VECTOR('',#2445,10.);
#747=VECTOR('',#2448,10.);
#748=VECTOR('',#2449,10.);
#749=VECTOR('',#2450,10.);
#750=VECTOR('',#2451,10.);
#751=VECTOR('',#2454,10.);
#752=VECTOR('',#2455,10.);
#753=VECTOR('',#2456,10.);
#754=VECTOR('',#2457,10.);
#755=VECTOR('',#2460,10.);
#756=VECTOR('',#2461,10.);
#757=VECTOR('',#2462,10.);
#758=VECTOR('',#2463,10.);
#759=VECTOR('',#2466,10.);
#760=VECTOR('',#2467,10.);
#761=VECTOR('',#2468,10.);
#762=VECTOR('',#2469,10.);
#763=VECTOR('',#2474,10.);
#764=VECTOR('',#2477,10.);
#765=VECTOR('',#2482,10.);
#766=VECTOR('',#2485,10.);
#767=VECTOR('',#2488,10.);
#768=VECTOR('',#2489,10.);
#769=VECTOR('',#2490,10.);
#770=VECTOR('',#2491,10.);
#771=VECTOR('',#2492,10.);
#772=VECTOR('',#2493,10.);
#773=VECTOR('',#2494,10.);
#774=VECTOR('',#2495,10.);
#775=VECTOR('',#2496,10.);
#776=VECTOR('',#2497,10.);
#777=VECTOR('',#2498,10.);
#778=VECTOR('',#2503,10.);
#779=VECTOR('',#2506,10.);
#780=VECTOR('',#2513,10.);
#781=VECTOR('',#2516,10.);
#782=VECTOR('',#2531,10.);
#783=VECTOR('',#2534,10.);
#784=VECTOR('',#2553,10.);
#785=VECTOR('',#2556,10.);
#786=VECTOR('',#2585,10.);
#787=VECTOR('',#2590,10.);
#788=VECTOR('',#2595,10.);
#789=VECTOR('',#2596,10.);
#790=VECTOR('',#2599,10.);
#791=VECTOR('',#2600,10.);
#792=VECTOR('',#2601,10.);
#793=VECTOR('',#2604,10.);
#794=VECTOR('',#2605,10.);
#795=VECTOR('',#2608,10.);
#796=VECTOR('',#2609,10.);
#797=VECTOR('',#2612,10.);
#798=VECTOR('',#2615,10.);
#799=VECTOR('',#2616,10.);
#800=VECTOR('',#2617,10.);
#801=VECTOR('',#2620,10.);
#802=VECTOR('',#2621,10.);
#803=VECTOR('',#2624,10.);
#804=VECTOR('',#2625,10.);
#805=VECTOR('',#2628,10.);
#806=VECTOR('',#2631,10.);
#807=VECTOR('',#2632,10.);
#808=VECTOR('',#2633,10.);
#809=VECTOR('',#2636,10.);
#810=VECTOR('',#2637,10.);
#811=VECTOR('',#2640,10.);
#812=VECTOR('',#2641,10.);
#813=VECTOR('',#2644,10.);
#814=VECTOR('',#2647,10.);
#815=VECTOR('',#2648,10.);
#816=VECTOR('',#2649,10.);
#817=VECTOR('',#2652,10.);
#818=VECTOR('',#2653,10.);
#819=VECTOR('',#2656,10.);
#820=VECTOR('',#2657,10.);
#821=VECTOR('',#2660,10.);
#822=VECTOR('',#2663,10.);
#823=VECTOR('',#2664,10.);
#824=VECTOR('',#2665,10.);
#825=VECTOR('',#2668,10.);
#826=VECTOR('',#2669,10.);
#827=VECTOR('',#2672,10.);
#828=VECTOR('',#2673,10.);
#829=VECTOR('',#2676,10.);
#830=VECTOR('',#2679,10.);
#831=VECTOR('',#2680,10.);
#832=VECTOR('',#2681,10.);
#833=VECTOR('',#2684,10.);
#834=VECTOR('',#2685,10.);
#835=VECTOR('',#2688,10.);
#836=VECTOR('',#2689,10.);
#837=VECTOR('',#2692,10.);
#838=VECTOR('',#2695,10.);
#839=VECTOR('',#2696,10.);
#840=VECTOR('',#2697,10.);
#841=VECTOR('',#2700,10.);
#842=VECTOR('',#2701,10.);
#843=VECTOR('',#2704,10.);
#844=VECTOR('',#2705,10.);
#845=VECTOR('',#2708,10.);
#846=VECTOR('',#2711,10.);
#847=VECTOR('',#2712,10.);
#848=VECTOR('',#2713,10.);
#849=VECTOR('',#2716,10.);
#850=VECTOR('',#2717,10.);
#851=VECTOR('',#2720,10.);
#852=VECTOR('',#2721,10.);
#853=VECTOR('',#2724,10.);
#854=VECTOR('',#2727,10.);
#855=VECTOR('',#2728,10.);
#856=VECTOR('',#2729,10.);
#857=VECTOR('',#2732,10.);
#858=VECTOR('',#2733,10.);
#859=VECTOR('',#2736,10.);
#860=VECTOR('',#2737,10.);
#861=VECTOR('',#2740,10.);
#862=VECTOR('',#2743,10.);
#863=VECTOR('',#2744,10.);
#864=VECTOR('',#2745,10.);
#865=VECTOR('',#2748,10.);
#866=VECTOR('',#2749,10.);
#867=VECTOR('',#2752,10.);
#868=VECTOR('',#2753,10.);
#869=VECTOR('',#2756,10.);
#870=VECTOR('',#2757,10.);
#871=VECTOR('',#2760,10.);
#872=VECTOR('',#2761,10.);
#873=VECTOR('',#2762,10.);
#874=VECTOR('',#2765,10.);
#875=VECTOR('',#2766,10.);
#876=VECTOR('',#2769,0.5);
#877=VECTOR('',#2774,0.499999999999998);
#878=VECTOR('',#2779,0.499999999999998);
#879=VECTOR('',#2784,0.5);
#880=VECTOR('',#2789,0.500000000000003);
#881=VECTOR('',#2794,0.5);
#882=VECTOR('',#2799,0.499999999999999);
#883=VECTOR('',#2804,0.5);
#884=VECTOR('',#2809,0.5);
#885=VECTOR('',#2814,0.499999999999998);
#886=VECTOR('',#2819,0.499999999999999);
#887=VECTOR('',#2824,0.500000000000003);
#888=VECTOR('',#2829,10.);
#889=VECTOR('',#2830,10.);
#890=VECTOR('',#2831,10.);
#891=VECTOR('',#2836,10.);
#892=VECTOR('',#2839,10.);
#893=VECTOR('',#2840,10.);
#894=VECTOR('',#2847,0.499999999999998);
#895=VECTOR('',#2852,0.5);
#896=VECTOR('',#2857,0.5);
#897=VECTOR('',#2862,0.500000000000003);
#898=VECTOR('',#2867,0.5);
#899=VECTOR('',#2872,0.499999999999998);
#900=VECTOR('',#2877,0.5);
#901=VECTOR('',#2882,0.499999999999998);
#902=VECTOR('',#2887,10.);
#903=VECTOR('',#2888,10.);
#904=VECTOR('',#2889,10.);
#905=VECTOR('',#2894,10.);
#906=VECTOR('',#2897,10.);
#907=VECTOR('',#2898,10.);
#908=VECTOR('',#2905,0.5);
#909=VECTOR('',#2910,0.5);
#910=VECTOR('',#2915,0.499999999999998);
#911=VECTOR('',#2920,0.499999999999998);
#912=VECTOR('',#2925,0.5);
#913=VECTOR('',#2930,0.499999999999999);
#914=VECTOR('',#2935,10.);
#915=VECTOR('',#2936,10.);
#916=VECTOR('',#2937,10.);
#917=VECTOR('',#2942,10.);
#918=VECTOR('',#2945,10.);
#919=VECTOR('',#2946,10.);
#920=VECTOR('',#2953,0.499999999999999);
#921=VECTOR('',#2958,0.499999999999998);
#922=VECTOR('',#2963,10.);
#923=VECTOR('',#2964,10.);
#924=VECTOR('',#2965,10.);
#925=VECTOR('',#2970,10.);
#926=VECTOR('',#2973,10.);
#927=VECTOR('',#2974,10.);
#928=VECTOR('',#2981,0.499999999999998);
#929=VECTOR('',#2986,10.);
#930=VECTOR('',#2987,10.);
#931=VECTOR('',#2988,10.);
#932=VECTOR('',#2991,10.);
#933=VECTOR('',#2992,10.);
#934=VECTOR('',#2993,10.);
#935=VECTOR('',#2996,10.);
#936=VECTOR('',#2999,10.);
#937=VECTOR('',#3002,10.);
#938=VERTEX_POINT('',#3010);
#939=VERTEX_POINT('',#3011);
#940=VERTEX_POINT('',#3013);
#941=VERTEX_POINT('',#3015);
#942=VERTEX_POINT('',#3019);
#943=VERTEX_POINT('',#3020);
#944=VERTEX_POINT('',#3022);
#945=VERTEX_POINT('',#3024);
#946=VERTEX_POINT('',#3028);
#947=VERTEX_POINT('',#3029);
#948=VERTEX_POINT('',#3031);
#949=VERTEX_POINT('',#3033);
#950=VERTEX_POINT('',#3037);
#951=VERTEX_POINT('',#3038);
#952=VERTEX_POINT('',#3040);
#953=VERTEX_POINT('',#3042);
#954=VERTEX_POINT('',#3046);
#955=VERTEX_POINT('',#3047);
#956=VERTEX_POINT('',#3049);
#957=VERTEX_POINT('',#3051);
#958=VERTEX_POINT('',#3055);
#959=VERTEX_POINT('',#3056);
#960=VERTEX_POINT('',#3058);
#961=VERTEX_POINT('',#3060);
#962=VERTEX_POINT('',#3064);
#963=VERTEX_POINT('',#3065);
#964=VERTEX_POINT('',#3067);
#965=VERTEX_POINT('',#3069);
#966=VERTEX_POINT('',#3073);
#967=VERTEX_POINT('',#3074);
#968=VERTEX_POINT('',#3076);
#969=VERTEX_POINT('',#3078);
#970=VERTEX_POINT('',#3082);
#971=VERTEX_POINT('',#3083);
#972=VERTEX_POINT('',#3085);
#973=VERTEX_POINT('',#3087);
#974=VERTEX_POINT('',#3091);
#975=VERTEX_POINT('',#3092);
#976=VERTEX_POINT('',#3094);
#977=VERTEX_POINT('',#3096);
#978=VERTEX_POINT('',#3100);
#979=VERTEX_POINT('',#3101);
#980=VERTEX_POINT('',#3103);
#981=VERTEX_POINT('',#3105);
#982=VERTEX_POINT('',#3109);
#983=VERTEX_POINT('',#3110);
#984=VERTEX_POINT('',#3113);
#985=VERTEX_POINT('',#3117);
#986=VERTEX_POINT('',#3119);
#987=VERTEX_POINT('',#3121);
#988=VERTEX_POINT('',#3123);
#989=VERTEX_POINT('',#3125);
#990=VERTEX_POINT('',#3127);
#991=VERTEX_POINT('',#3129);
#992=VERTEX_POINT('',#3131);
#993=VERTEX_POINT('',#3133);
#994=VERTEX_POINT('',#3135);
#995=VERTEX_POINT('',#3138);
#996=VERTEX_POINT('',#3140);
#997=VERTEX_POINT('',#3141);
#998=VERTEX_POINT('',#3143);
#999=VERTEX_POINT('',#3145);
#1000=VERTEX_POINT('',#3148);
#1001=VERTEX_POINT('',#3150);
#1002=VERTEX_POINT('',#3152);
#1003=VERTEX_POINT('',#3153);
#1004=VERTEX_POINT('',#3155);
#1005=VERTEX_POINT('',#3157);
#1006=VERTEX_POINT('',#3160);
#1007=VERTEX_POINT('',#3162);
#1008=VERTEX_POINT('',#3164);
#1009=VERTEX_POINT('',#3166);
#1010=VERTEX_POINT('',#3168);
#1011=VERTEX_POINT('',#3170);
#1012=VERTEX_POINT('',#3172);
#1013=VERTEX_POINT('',#3173);
#1014=VERTEX_POINT('',#3175);
#1015=VERTEX_POINT('',#3177);
#1016=VERTEX_POINT('',#3180);
#1017=VERTEX_POINT('',#3182);
#1018=VERTEX_POINT('',#3184);
#1019=VERTEX_POINT('',#3186);
#1020=VERTEX_POINT('',#3188);
#1021=VERTEX_POINT('',#3190);
#1022=VERTEX_POINT('',#3192);
#1023=VERTEX_POINT('',#3194);
#1024=VERTEX_POINT('',#3196);
#1025=VERTEX_POINT('',#3197);
#1026=VERTEX_POINT('',#3199);
#1027=VERTEX_POINT('',#3201);
#1028=VERTEX_POINT('',#3204);
#1029=VERTEX_POINT('',#3206);
#1030=VERTEX_POINT('',#3208);
#1031=VERTEX_POINT('',#3210);
#1032=VERTEX_POINT('',#3212);
#1033=VERTEX_POINT('',#3214);
#1034=VERTEX_POINT('',#3216);
#1035=VERTEX_POINT('',#3218);
#1036=VERTEX_POINT('',#3220);
#1037=VERTEX_POINT('',#3222);
#1038=VERTEX_POINT('',#3224);
#1039=VERTEX_POINT('',#3226);
#1040=VERTEX_POINT('',#3229);
#1041=VERTEX_POINT('',#3237);
#1042=VERTEX_POINT('',#3241);
#1043=VERTEX_POINT('',#3242);
#1044=VERTEX_POINT('',#3247);
#1045=VERTEX_POINT('',#3251);
#1046=VERTEX_POINT('',#3257);
#1047=VERTEX_POINT('',#3258);
#1048=VERTEX_POINT('',#3263);
#1049=VERTEX_POINT('',#3267);
#1050=VERTEX_POINT('',#3273);
#1051=VERTEX_POINT('',#3274);
#1052=VERTEX_POINT('',#3279);
#1053=VERTEX_POINT('',#3283);
#1054=VERTEX_POINT('',#3289);
#1055=VERTEX_POINT('',#3290);
#1056=VERTEX_POINT('',#3295);
#1057=VERTEX_POINT('',#3299);
#1058=VERTEX_POINT('',#3305);
#1059=VERTEX_POINT('',#3306);
#1060=VERTEX_POINT('',#3311);
#1061=VERTEX_POINT('',#3315);
#1062=VERTEX_POINT('',#3321);
#1063=VERTEX_POINT('',#3322);
#1064=VERTEX_POINT('',#3327);
#1065=VERTEX_POINT('',#3331);
#1066=VERTEX_POINT('',#3337);
#1067=VERTEX_POINT('',#3338);
#1068=VERTEX_POINT('',#3343);
#1069=VERTEX_POINT('',#3347);
#1070=VERTEX_POINT('',#3353);
#1071=VERTEX_POINT('',#3354);
#1072=VERTEX_POINT('',#3359);
#1073=VERTEX_POINT('',#3363);
#1074=VERTEX_POINT('',#3369);
#1075=VERTEX_POINT('',#3370);
#1076=VERTEX_POINT('',#3375);
#1077=VERTEX_POINT('',#3379);
#1078=VERTEX_POINT('',#3385);
#1079=VERTEX_POINT('',#3386);
#1080=VERTEX_POINT('',#3391);
#1081=VERTEX_POINT('',#3395);
#1082=VERTEX_POINT('',#3399);
#1083=VERTEX_POINT('',#3403);
#1084=VERTEX_POINT('',#3404);
#1085=VERTEX_POINT('',#3409);
#1086=VERTEX_POINT('',#3413);
#1087=VERTEX_POINT('',#3417);
#1088=VERTEX_POINT('',#3421);
#1089=VERTEX_POINT('',#3425);
#1090=VERTEX_POINT('',#3429);
#1091=VERTEX_POINT('',#3433);
#1092=VERTEX_POINT('',#3437);
#1093=VERTEX_POINT('',#3441);
#1094=VERTEX_POINT('',#3445);
#1095=VERTEX_POINT('',#3449);
#1096=VERTEX_POINT('',#3453);
#1097=VERTEX_POINT('',#3457);
#1098=VERTEX_POINT('',#3461);
#1099=VERTEX_POINT('',#3462);
#1100=VERTEX_POINT('',#3467);
#1101=VERTEX_POINT('',#3471);
#1102=VERTEX_POINT('',#3477);
#1103=VERTEX_POINT('',#3481);
#1104=VERTEX_POINT('',#3485);
#1105=VERTEX_POINT('',#3489);
#1106=VERTEX_POINT('',#3493);
#1107=VERTEX_POINT('',#3497);
#1108=VERTEX_POINT('',#3501);
#1109=VERTEX_POINT('',#3505);
#1110=VERTEX_POINT('',#3509);
#1111=VERTEX_POINT('',#3510);
#1112=VERTEX_POINT('',#3515);
#1113=VERTEX_POINT('',#3519);
#1114=VERTEX_POINT('',#3525);
#1115=VERTEX_POINT('',#3529);
#1116=VERTEX_POINT('',#3533);
#1117=VERTEX_POINT('',#3537);
#1118=VERTEX_POINT('',#3541);
#1119=VERTEX_POINT('',#3545);
#1120=VERTEX_POINT('',#3549);
#1121=VERTEX_POINT('',#3550);
#1122=VERTEX_POINT('',#3555);
#1123=VERTEX_POINT('',#3559);
#1124=VERTEX_POINT('',#3565);
#1125=VERTEX_POINT('',#3569);
#1126=VERTEX_POINT('',#3573);
#1127=VERTEX_POINT('',#3574);
#1128=VERTEX_POINT('',#3579);
#1129=VERTEX_POINT('',#3583);
#1130=VERTEX_POINT('',#3589);
#1131=VERTEX_POINT('',#3593);
#1132=VERTEX_POINT('',#3594);
#1133=VERTEX_POINT('',#3600);
#1134=EDGE_CURVE('',#938,#939,#508,.T.);
#1135=EDGE_CURVE('',#939,#940,#509,.T.);
#1136=EDGE_CURVE('',#940,#941,#510,.T.);
#1137=EDGE_CURVE('',#941,#938,#511,.T.);
#1138=EDGE_CURVE('',#942,#943,#512,.T.);
#1139=EDGE_CURVE('',#943,#944,#513,.T.);
#1140=EDGE_CURVE('',#944,#945,#514,.T.);
#1141=EDGE_CURVE('',#945,#942,#515,.T.);
#1142=EDGE_CURVE('',#946,#947,#516,.T.);
#1143=EDGE_CURVE('',#947,#948,#517,.T.);
#1144=EDGE_CURVE('',#948,#949,#518,.T.);
#1145=EDGE_CURVE('',#949,#946,#519,.T.);
#1146=EDGE_CURVE('',#950,#951,#520,.T.);
#1147=EDGE_CURVE('',#951,#952,#521,.T.);
#1148=EDGE_CURVE('',#952,#953,#522,.T.);
#1149=EDGE_CURVE('',#953,#950,#523,.T.);
#1150=EDGE_CURVE('',#954,#955,#524,.T.);
#1151=EDGE_CURVE('',#955,#956,#525,.T.);
#1152=EDGE_CURVE('',#956,#957,#526,.T.);
#1153=EDGE_CURVE('',#957,#954,#527,.T.);
#1154=EDGE_CURVE('',#958,#959,#528,.T.);
#1155=EDGE_CURVE('',#959,#960,#529,.T.);
#1156=EDGE_CURVE('',#960,#961,#530,.T.);
#1157=EDGE_CURVE('',#961,#958,#531,.T.);
#1158=EDGE_CURVE('',#962,#963,#532,.T.);
#1159=EDGE_CURVE('',#963,#964,#533,.T.);
#1160=EDGE_CURVE('',#964,#965,#534,.T.);
#1161=EDGE_CURVE('',#965,#962,#535,.T.);
#1162=EDGE_CURVE('',#966,#967,#536,.T.);
#1163=EDGE_CURVE('',#967,#968,#537,.T.);
#1164=EDGE_CURVE('',#968,#969,#538,.T.);
#1165=EDGE_CURVE('',#969,#966,#539,.T.);
#1166=EDGE_CURVE('',#970,#971,#540,.T.);
#1167=EDGE_CURVE('',#971,#972,#541,.T.);
#1168=EDGE_CURVE('',#972,#973,#542,.T.);
#1169=EDGE_CURVE('',#973,#970,#543,.T.);
#1170=EDGE_CURVE('',#974,#975,#544,.T.);
#1171=EDGE_CURVE('',#975,#976,#545,.T.);
#1172=EDGE_CURVE('',#976,#977,#546,.T.);
#1173=EDGE_CURVE('',#977,#974,#547,.T.);
#1174=EDGE_CURVE('',#978,#979,#133,.T.);
#1175=EDGE_CURVE('',#980,#978,#548,.T.);
#1176=EDGE_CURVE('',#981,#980,#134,.T.);
#1177=EDGE_CURVE('',#979,#981,#549,.T.);
#1178=EDGE_CURVE('',#982,#983,#135,.T.);
#1179=EDGE_CURVE('',#983,#978,#550,.T.);
#1180=EDGE_CURVE('',#984,#979,#136,.T.);
#1181=EDGE_CURVE('',#984,#982,#551,.T.);
#1182=EDGE_CURVE('',#984,#985,#552,.T.);
#1183=EDGE_CURVE('',#985,#986,#553,.T.);
#1184=EDGE_CURVE('',#986,#987,#554,.T.);
#1185=EDGE_CURVE('',#987,#988,#555,.T.);
#1186=EDGE_CURVE('',#988,#989,#556,.T.);
#1187=EDGE_CURVE('',#989,#990,#557,.T.);
#1188=EDGE_CURVE('',#990,#991,#558,.T.);
#1189=EDGE_CURVE('',#991,#992,#559,.T.);
#1190=EDGE_CURVE('',#993,#992,#560,.T.);
#1191=EDGE_CURVE('',#994,#993,#561,.T.);
#1192=EDGE_CURVE('',#982,#994,#562,.T.);
#1193=EDGE_CURVE('',#995,#995,#137,.T.);
#1194=EDGE_CURVE('',#996,#997,#138,.T.);
#1195=EDGE_CURVE('',#997,#998,#563,.T.);
#1196=EDGE_CURVE('',#998,#999,#139,.T.);
#1197=EDGE_CURVE('',#999,#996,#564,.T.);
#1198=EDGE_CURVE('',#1000,#1000,#140,.T.);
#1199=EDGE_CURVE('',#1001,#1001,#141,.T.);
#1200=EDGE_CURVE('',#1002,#1003,#142,.T.);
#1201=EDGE_CURVE('',#1003,#1004,#565,.T.);
#1202=EDGE_CURVE('',#1004,#1005,#143,.T.);
#1203=EDGE_CURVE('',#1005,#1002,#566,.T.);
#1204=EDGE_CURVE('',#1006,#1006,#144,.T.);
#1205=EDGE_CURVE('',#1007,#1007,#145,.T.);
#1206=EDGE_CURVE('',#1008,#1008,#146,.T.);
#1207=EDGE_CURVE('',#1009,#1009,#147,.T.);
#1208=EDGE_CURVE('',#1010,#1010,#148,.T.);
#1209=EDGE_CURVE('',#1011,#1011,#149,.T.);
#1210=EDGE_CURVE('',#1012,#1013,#150,.T.);
#1211=EDGE_CURVE('',#1013,#1014,#567,.T.);
#1212=EDGE_CURVE('',#1014,#1015,#151,.T.);
#1213=EDGE_CURVE('',#1015,#1012,#568,.T.);
#1214=EDGE_CURVE('',#1016,#1016,#152,.T.);
#1215=EDGE_CURVE('',#1017,#1017,#153,.T.);
#1216=EDGE_CURVE('',#1018,#1018,#154,.T.);
#1217=EDGE_CURVE('',#1019,#1019,#155,.T.);
#1218=EDGE_CURVE('',#1020,#1020,#156,.T.);
#1219=EDGE_CURVE('',#1021,#1021,#157,.T.);
#1220=EDGE_CURVE('',#1022,#1022,#158,.T.);
#1221=EDGE_CURVE('',#1023,#1023,#159,.T.);
#1222=EDGE_CURVE('',#1024,#1025,#160,.T.);
#1223=EDGE_CURVE('',#1025,#1026,#569,.T.);
#1224=EDGE_CURVE('',#1026,#1027,#161,.T.);
#1225=EDGE_CURVE('',#1027,#1024,#570,.T.);
#1226=EDGE_CURVE('',#1028,#1028,#162,.T.);
#1227=EDGE_CURVE('',#1029,#1029,#163,.T.);
#1228=EDGE_CURVE('',#1030,#1030,#164,.T.);
#1229=EDGE_CURVE('',#1031,#1031,#165,.T.);
#1230=EDGE_CURVE('',#1032,#1032,#166,.T.);
#1231=EDGE_CURVE('',#1033,#1033,#167,.T.);
#1232=EDGE_CURVE('',#1034,#1034,#168,.T.);
#1233=EDGE_CURVE('',#1035,#1035,#169,.T.);
#1234=EDGE_CURVE('',#1036,#1036,#170,.T.);
#1235=EDGE_CURVE('',#1037,#1037,#171,.T.);
#1236=EDGE_CURVE('',#1038,#1038,#172,.T.);
#1237=EDGE_CURVE('',#1039,#1039,#173,.T.);
#1238=EDGE_CURVE('',#1040,#994,#174,.T.);
#1239=EDGE_CURVE('',#1040,#983,#571,.T.);
#1240=EDGE_CURVE('',#993,#981,#175,.F.);
#1241=EDGE_CURVE('',#980,#1040,#572,.T.);
#1242=EDGE_CURVE('',#992,#1041,#573,.T.);
#1243=EDGE_CURVE('',#981,#1041,#574,.T.);
#1244=EDGE_CURVE('',#1042,#1043,#575,.T.);
#1245=EDGE_CURVE('',#1042,#974,#576,.T.);
#1246=EDGE_CURVE('',#1043,#977,#577,.T.);
#1247=EDGE_CURVE('',#1043,#1044,#578,.T.);
#1248=EDGE_CURVE('',#1044,#976,#579,.T.);
#1249=EDGE_CURVE('',#1044,#1045,#580,.T.);
#1250=EDGE_CURVE('',#1045,#975,#581,.T.);
#1251=EDGE_CURVE('',#1045,#1042,#582,.T.);
#1252=EDGE_CURVE('',#1046,#1047,#583,.T.);
#1253=EDGE_CURVE('',#1046,#946,#584,.T.);
#1254=EDGE_CURVE('',#1047,#949,#585,.T.);
#1255=EDGE_CURVE('',#1047,#1048,#586,.T.);
#1256=EDGE_CURVE('',#1048,#948,#587,.T.);
#1257=EDGE_CURVE('',#1048,#1049,#588,.T.);
#1258=EDGE_CURVE('',#1049,#947,#589,.T.);
#1259=EDGE_CURVE('',#1049,#1046,#590,.T.);
#1260=EDGE_CURVE('',#1050,#1051,#591,.T.);
#1261=EDGE_CURVE('',#1050,#942,#592,.T.);
#1262=EDGE_CURVE('',#1051,#945,#593,.T.);
#1263=EDGE_CURVE('',#1051,#1052,#594,.T.);
#1264=EDGE_CURVE('',#1052,#944,#595,.T.);
#1265=EDGE_CURVE('',#1052,#1053,#596,.T.);
#1266=EDGE_CURVE('',#1053,#943,#597,.T.);
#1267=EDGE_CURVE('',#1053,#1050,#598,.T.);
#1268=EDGE_CURVE('',#1054,#1055,#599,.T.);
#1269=EDGE_CURVE('',#1054,#970,#600,.T.);
#1270=EDGE_CURVE('',#1055,#973,#601,.T.);
#1271=EDGE_CURVE('',#1055,#1056,#602,.T.);
#1272=EDGE_CURVE('',#1056,#972,#603,.T.);
#1273=EDGE_CURVE('',#1056,#1057,#604,.T.);
#1274=EDGE_CURVE('',#1057,#971,#605,.T.);
#1275=EDGE_CURVE('',#1057,#1054,#606,.T.);
#1276=EDGE_CURVE('',#1058,#1059,#607,.T.);
#1277=EDGE_CURVE('',#1058,#938,#608,.T.);
#1278=EDGE_CURVE('',#1059,#941,#609,.T.);
#1279=EDGE_CURVE('',#1059,#1060,#610,.T.);
#1280=EDGE_CURVE('',#1060,#940,#611,.T.);
#1281=EDGE_CURVE('',#1060,#1061,#612,.T.);
#1282=EDGE_CURVE('',#1061,#939,#613,.T.);
#1283=EDGE_CURVE('',#1061,#1058,#614,.T.);
#1284=EDGE_CURVE('',#1062,#1063,#615,.T.);
#1285=EDGE_CURVE('',#1062,#966,#616,.T.);
#1286=EDGE_CURVE('',#1063,#969,#617,.T.);
#1287=EDGE_CURVE('',#1063,#1064,#618,.T.);
#1288=EDGE_CURVE('',#1064,#968,#619,.T.);
#1289=EDGE_CURVE('',#1064,#1065,#620,.T.);
#1290=EDGE_CURVE('',#1065,#967,#621,.T.);
#1291=EDGE_CURVE('',#1065,#1062,#622,.T.);
#1292=EDGE_CURVE('',#1066,#1067,#623,.T.);
#1293=EDGE_CURVE('',#1066,#950,#624,.T.);
#1294=EDGE_CURVE('',#1067,#953,#625,.T.);
#1295=EDGE_CURVE('',#1067,#1068,#626,.T.);
#1296=EDGE_CURVE('',#1068,#952,#627,.T.);
#1297=EDGE_CURVE('',#1068,#1069,#628,.T.);
#1298=EDGE_CURVE('',#1069,#951,#629,.T.);
#1299=EDGE_CURVE('',#1069,#1066,#630,.T.);
#1300=EDGE_CURVE('',#1070,#1071,#631,.T.);
#1301=EDGE_CURVE('',#1070,#958,#632,.T.);
#1302=EDGE_CURVE('',#1071,#961,#633,.T.);
#1303=EDGE_CURVE('',#1071,#1072,#634,.T.);
#1304=EDGE_CURVE('',#1072,#960,#635,.T.);
#1305=EDGE_CURVE('',#1072,#1073,#636,.T.);
#1306=EDGE_CURVE('',#1073,#959,#637,.T.);
#1307=EDGE_CURVE('',#1073,#1070,#638,.T.);
#1308=EDGE_CURVE('',#1074,#1075,#639,.T.);
#1309=EDGE_CURVE('',#1074,#954,#640,.T.);
#1310=EDGE_CURVE('',#1075,#957,#641,.T.);
#1311=EDGE_CURVE('',#1075,#1076,#642,.T.);
#1312=EDGE_CURVE('',#1076,#956,#643,.T.);
#1313=EDGE_CURVE('',#1076,#1077,#644,.T.);
#1314=EDGE_CURVE('',#1077,#955,#645,.T.);
#1315=EDGE_CURVE('',#1077,#1074,#646,.T.);
#1316=EDGE_CURVE('',#1078,#1079,#647,.T.);
#1317=EDGE_CURVE('',#1078,#962,#648,.T.);
#1318=EDGE_CURVE('',#1079,#965,#649,.T.);
#1319=EDGE_CURVE('',#1079,#1080,#650,.T.);
#1320=EDGE_CURVE('',#1080,#964,#651,.T.);
#1321=EDGE_CURVE('',#1080,#1081,#652,.T.);
#1322=EDGE_CURVE('',#1081,#963,#653,.T.);
#1323=EDGE_CURVE('',#1041,#1082,#654,.T.);
#1324=EDGE_CURVE('',#1082,#991,#655,.T.);
#1325=EDGE_CURVE('',#1083,#1084,#656,.T.);
#1326=EDGE_CURVE('',#986,#1083,#657,.T.);
#1327=EDGE_CURVE('',#1084,#985,#658,.T.);
#1328=EDGE_CURVE('',#1085,#1083,#659,.T.);
#1329=EDGE_CURVE('',#1085,#987,#660,.T.);
#1330=EDGE_CURVE('',#1039,#1086,#661,.T.);
#1331=EDGE_CURVE('',#1086,#1086,#176,.T.);
#1332=EDGE_CURVE('',#1038,#1087,#662,.T.);
#1333=EDGE_CURVE('',#1087,#1087,#177,.T.);
#1334=EDGE_CURVE('',#1037,#1088,#663,.T.);
#1335=EDGE_CURVE('',#1088,#1088,#178,.T.);
#1336=EDGE_CURVE('',#1036,#1089,#664,.T.);
#1337=EDGE_CURVE('',#1089,#1089,#179,.T.);
#1338=EDGE_CURVE('',#1035,#1090,#665,.T.);
#1339=EDGE_CURVE('',#1090,#1090,#180,.T.);
#1340=EDGE_CURVE('',#1034,#1091,#666,.T.);
#1341=EDGE_CURVE('',#1091,#1091,#181,.T.);
#1342=EDGE_CURVE('',#1033,#1092,#667,.T.);
#1343=EDGE_CURVE('',#1092,#1092,#182,.T.);
#1344=EDGE_CURVE('',#1032,#1093,#668,.T.);
#1345=EDGE_CURVE('',#1093,#1093,#183,.T.);
#1346=EDGE_CURVE('',#1031,#1094,#669,.T.);
#1347=EDGE_CURVE('',#1094,#1094,#184,.T.);
#1348=EDGE_CURVE('',#1030,#1095,#670,.T.);
#1349=EDGE_CURVE('',#1095,#1095,#185,.T.);
#1350=EDGE_CURVE('',#1029,#1096,#671,.T.);
#1351=EDGE_CURVE('',#1096,#1096,#186,.T.);
#1352=EDGE_CURVE('',#1028,#1097,#672,.T.);
#1353=EDGE_CURVE('',#1097,#1097,#187,.T.);
#1354=EDGE_CURVE('',#1098,#1099,#673,.T.);
#1355=EDGE_CURVE('',#1098,#1024,#674,.T.);
#1356=EDGE_CURVE('',#1099,#1027,#675,.T.);
#1357=EDGE_CURVE('',#1099,#1100,#188,.T.);
#1358=EDGE_CURVE('',#1100,#1026,#676,.T.);
#1359=EDGE_CURVE('',#1100,#1101,#677,.T.);
#1360=EDGE_CURVE('',#1101,#1025,#678,.T.);
#1361=EDGE_CURVE('',#1101,#1098,#189,.T.);
#1362=EDGE_CURVE('',#1023,#1102,#679,.T.);
#1363=EDGE_CURVE('',#1102,#1102,#190,.T.);
#1364=EDGE_CURVE('',#1022,#1103,#680,.T.);
#1365=EDGE_CURVE('',#1103,#1103,#191,.T.);
#1366=EDGE_CURVE('',#1021,#1104,#681,.T.);
#1367=EDGE_CURVE('',#1104,#1104,#192,.T.);
#1368=EDGE_CURVE('',#1020,#1105,#682,.T.);
#1369=EDGE_CURVE('',#1105,#1105,#193,.T.);
#1370=EDGE_CURVE('',#1019,#1106,#683,.T.);
#1371=EDGE_CURVE('',#1106,#1106,#194,.T.);
#1372=EDGE_CURVE('',#1018,#1107,#684,.T.);
#1373=EDGE_CURVE('',#1107,#1107,#195,.T.);
#1374=EDGE_CURVE('',#1017,#1108,#685,.T.);
#1375=EDGE_CURVE('',#1108,#1108,#196,.T.);
#1376=EDGE_CURVE('',#1016,#1109,#686,.T.);
#1377=EDGE_CURVE('',#1109,#1109,#197,.T.);
#1378=EDGE_CURVE('',#1110,#1111,#687,.T.);
#1379=EDGE_CURVE('',#1110,#1012,#688,.T.);
#1380=EDGE_CURVE('',#1111,#1015,#689,.T.);
#1381=EDGE_CURVE('',#1111,#1112,#198,.T.);
#1382=EDGE_CURVE('',#1112,#1014,#690,.T.);
#1383=EDGE_CURVE('',#1112,#1113,#691,.T.);
#1384=EDGE_CURVE('',#1113,#1013,#692,.T.);
#1385=EDGE_CURVE('',#1113,#1110,#199,.T.);
#1386=EDGE_CURVE('',#1011,#1114,#693,.T.);
#1387=EDGE_CURVE('',#1114,#1114,#200,.T.);
#1388=EDGE_CURVE('',#1010,#1115,#694,.T.);
#1389=EDGE_CURVE('',#1115,#1115,#201,.T.);
#1390=EDGE_CURVE('',#1009,#1116,#695,.T.);
#1391=EDGE_CURVE('',#1116,#1116,#202,.T.);
#1392=EDGE_CURVE('',#1008,#1117,#696,.T.);
#1393=EDGE_CURVE('',#1117,#1117,#203,.T.);
#1394=EDGE_CURVE('',#1007,#1118,#697,.T.);
#1395=EDGE_CURVE('',#1118,#1118,#204,.T.);
#1396=EDGE_CURVE('',#1006,#1119,#698,.T.);
#1397=EDGE_CURVE('',#1119,#1119,#205,.T.);
#1398=EDGE_CURVE('',#1120,#1121,#699,.T.);
#1399=EDGE_CURVE('',#1120,#1002,#700,.T.);
#1400=EDGE_CURVE('',#1121,#1005,#701,.T.);
#1401=EDGE_CURVE('',#1121,#1122,#206,.T.);
#1402=EDGE_CURVE('',#1122,#1004,#702,.T.);
#1403=EDGE_CURVE('',#1122,#1123,#703,.T.);
#1404=EDGE_CURVE('',#1123,#1003,#704,.T.);
#1405=EDGE_CURVE('',#1123,#1120,#207,.T.);
#1406=EDGE_CURVE('',#1001,#1124,#705,.T.);
#1407=EDGE_CURVE('',#1124,#1124,#208,.T.);
#1408=EDGE_CURVE('',#1000,#1125,#706,.T.);
#1409=EDGE_CURVE('',#1125,#1125,#209,.T.);
#1410=EDGE_CURVE('',#1126,#1127,#707,.T.);
#1411=EDGE_CURVE('',#1126,#996,#708,.T.);
#1412=EDGE_CURVE('',#1127,#999,#709,.T.);
#1413=EDGE_CURVE('',#1127,#1128,#210,.T.);
#1414=EDGE_CURVE('',#1128,#998,#710,.T.);
#1415=EDGE_CURVE('',#1128,#1129,#711,.T.);
#1416=EDGE_CURVE('',#1129,#997,#712,.T.);
#1417=EDGE_CURVE('',#1129,#1126,#211,.T.);
#1418=EDGE_CURVE('',#995,#1130,#713,.T.);
#1419=EDGE_CURVE('',#1130,#1130,#212,.T.);
#1420=EDGE_CURVE('',#1131,#1132,#714,.T.);
#1421=EDGE_CURVE('',#1131,#990,#715,.T.);
#1422=EDGE_CURVE('',#1132,#989,#716,.T.);
#1423=EDGE_CURVE('',#1132,#1078,#717,.T.);
#1424=EDGE_CURVE('',#1133,#988,#718,.T.);
#1425=EDGE_CURVE('',#1081,#1133,#719,.T.);
#1426=EDGE_CURVE('',#1133,#1085,#720,.T.);
#1427=EDGE_CURVE('',#1084,#979,#721,.T.);
#1428=EDGE_CURVE('',#1082,#1131,#722,.T.);
#1429=ORIENTED_EDGE('',*,*,#1134,.T.);
#1430=ORIENTED_EDGE('',*,*,#1135,.T.);
#1431=ORIENTED_EDGE('',*,*,#1136,.T.);
#1432=ORIENTED_EDGE('',*,*,#1137,.T.);
#1433=ORIENTED_EDGE('',*,*,#1138,.T.);
#1434=ORIENTED_EDGE('',*,*,#1139,.T.);
#1435=ORIENTED_EDGE('',*,*,#1140,.T.);
#1436=ORIENTED_EDGE('',*,*,#1141,.T.);
#1437=ORIENTED_EDGE('',*,*,#1142,.T.);
#1438=ORIENTED_EDGE('',*,*,#1143,.T.);
#1439=ORIENTED_EDGE('',*,*,#1144,.T.);
#1440=ORIENTED_EDGE('',*,*,#1145,.T.);
#1441=ORIENTED_EDGE('',*,*,#1146,.T.);
#1442=ORIENTED_EDGE('',*,*,#1147,.T.);
#1443=ORIENTED_EDGE('',*,*,#1148,.T.);
#1444=ORIENTED_EDGE('',*,*,#1149,.T.);
#1445=ORIENTED_EDGE('',*,*,#1150,.T.);
#1446=ORIENTED_EDGE('',*,*,#1151,.T.);
#1447=ORIENTED_EDGE('',*,*,#1152,.T.);
#1448=ORIENTED_EDGE('',*,*,#1153,.T.);
#1449=ORIENTED_EDGE('',*,*,#1154,.T.);
#1450=ORIENTED_EDGE('',*,*,#1155,.T.);
#1451=ORIENTED_EDGE('',*,*,#1156,.T.);
#1452=ORIENTED_EDGE('',*,*,#1157,.T.);
#1453=ORIENTED_EDGE('',*,*,#1158,.T.);
#1454=ORIENTED_EDGE('',*,*,#1159,.T.);
#1455=ORIENTED_EDGE('',*,*,#1160,.T.);
#1456=ORIENTED_EDGE('',*,*,#1161,.T.);
#1457=ORIENTED_EDGE('',*,*,#1162,.T.);
#1458=ORIENTED_EDGE('',*,*,#1163,.T.);
#1459=ORIENTED_EDGE('',*,*,#1164,.T.);
#1460=ORIENTED_EDGE('',*,*,#1165,.T.);
#1461=ORIENTED_EDGE('',*,*,#1166,.T.);
#1462=ORIENTED_EDGE('',*,*,#1167,.T.);
#1463=ORIENTED_EDGE('',*,*,#1168,.T.);
#1464=ORIENTED_EDGE('',*,*,#1169,.T.);
#1465=ORIENTED_EDGE('',*,*,#1170,.T.);
#1466=ORIENTED_EDGE('',*,*,#1171,.T.);
#1467=ORIENTED_EDGE('',*,*,#1172,.T.);
#1468=ORIENTED_EDGE('',*,*,#1173,.T.);
#1469=ORIENTED_EDGE('',*,*,#1174,.F.);
#1470=ORIENTED_EDGE('',*,*,#1175,.F.);
#1471=ORIENTED_EDGE('',*,*,#1176,.F.);
#1472=ORIENTED_EDGE('',*,*,#1177,.F.);
#1473=ORIENTED_EDGE('',*,*,#1178,.T.);
#1474=ORIENTED_EDGE('',*,*,#1179,.T.);
#1475=ORIENTED_EDGE('',*,*,#1174,.T.);
#1476=ORIENTED_EDGE('',*,*,#1180,.F.);
#1477=ORIENTED_EDGE('',*,*,#1181,.T.);
#1478=ORIENTED_EDGE('',*,*,#1182,.T.);
#1479=ORIENTED_EDGE('',*,*,#1183,.T.);
#1480=ORIENTED_EDGE('',*,*,#1184,.T.);
#1481=ORIENTED_EDGE('',*,*,#1185,.T.);
#1482=ORIENTED_EDGE('',*,*,#1186,.T.);
#1483=ORIENTED_EDGE('',*,*,#1187,.T.);
#1484=ORIENTED_EDGE('',*,*,#1188,.T.);
#1485=ORIENTED_EDGE('',*,*,#1189,.T.);
#1486=ORIENTED_EDGE('',*,*,#1190,.F.);
#1487=ORIENTED_EDGE('',*,*,#1191,.F.);
#1488=ORIENTED_EDGE('',*,*,#1192,.F.);
#1489=ORIENTED_EDGE('',*,*,#1181,.F.);
#1490=ORIENTED_EDGE('',*,*,#1193,.T.);
#1491=ORIENTED_EDGE('',*,*,#1194,.T.);
#1492=ORIENTED_EDGE('',*,*,#1195,.T.);
#1493=ORIENTED_EDGE('',*,*,#1196,.T.);
#1494=ORIENTED_EDGE('',*,*,#1197,.T.);
#1495=ORIENTED_EDGE('',*,*,#1198,.T.);
#1496=ORIENTED_EDGE('',*,*,#1199,.T.);
#1497=ORIENTED_EDGE('',*,*,#1200,.T.);
#1498=ORIENTED_EDGE('',*,*,#1201,.T.);
#1499=ORIENTED_EDGE('',*,*,#1202,.T.);
#1500=ORIENTED_EDGE('',*,*,#1203,.T.);
#1501=ORIENTED_EDGE('',*,*,#1204,.T.);
#1502=ORIENTED_EDGE('',*,*,#1205,.T.);
#1503=ORIENTED_EDGE('',*,*,#1206,.T.);
#1504=ORIENTED_EDGE('',*,*,#1207,.T.);
#1505=ORIENTED_EDGE('',*,*,#1208,.T.);
#1506=ORIENTED_EDGE('',*,*,#1209,.T.);
#1507=ORIENTED_EDGE('',*,*,#1210,.T.);
#1508=ORIENTED_EDGE('',*,*,#1211,.T.);
#1509=ORIENTED_EDGE('',*,*,#1212,.T.);
#1510=ORIENTED_EDGE('',*,*,#1213,.T.);
#1511=ORIENTED_EDGE('',*,*,#1214,.T.);
#1512=ORIENTED_EDGE('',*,*,#1215,.T.);
#1513=ORIENTED_EDGE('',*,*,#1216,.T.);
#1514=ORIENTED_EDGE('',*,*,#1217,.T.);
#1515=ORIENTED_EDGE('',*,*,#1218,.T.);
#1516=ORIENTED_EDGE('',*,*,#1219,.T.);
#1517=ORIENTED_EDGE('',*,*,#1220,.T.);
#1518=ORIENTED_EDGE('',*,*,#1221,.T.);
#1519=ORIENTED_EDGE('',*,*,#1222,.T.);
#1520=ORIENTED_EDGE('',*,*,#1223,.T.);
#1521=ORIENTED_EDGE('',*,*,#1224,.T.);
#1522=ORIENTED_EDGE('',*,*,#1225,.T.);
#1523=ORIENTED_EDGE('',*,*,#1226,.T.);
#1524=ORIENTED_EDGE('',*,*,#1227,.T.);
#1525=ORIENTED_EDGE('',*,*,#1228,.T.);
#1526=ORIENTED_EDGE('',*,*,#1229,.T.);
#1527=ORIENTED_EDGE('',*,*,#1230,.T.);
#1528=ORIENTED_EDGE('',*,*,#1231,.T.);
#1529=ORIENTED_EDGE('',*,*,#1232,.T.);
#1530=ORIENTED_EDGE('',*,*,#1233,.T.);
#1531=ORIENTED_EDGE('',*,*,#1234,.T.);
#1532=ORIENTED_EDGE('',*,*,#1235,.T.);
#1533=ORIENTED_EDGE('',*,*,#1236,.T.);
#1534=ORIENTED_EDGE('',*,*,#1237,.T.);
#1535=ORIENTED_EDGE('',*,*,#1178,.F.);
#1536=ORIENTED_EDGE('',*,*,#1192,.T.);
#1537=ORIENTED_EDGE('',*,*,#1238,.F.);
#1538=ORIENTED_EDGE('',*,*,#1239,.T.);
#1539=ORIENTED_EDGE('',*,*,#1238,.T.);
#1540=ORIENTED_EDGE('',*,*,#1191,.T.);
#1541=ORIENTED_EDGE('',*,*,#1240,.T.);
#1542=ORIENTED_EDGE('',*,*,#1176,.T.);
#1543=ORIENTED_EDGE('',*,*,#1241,.T.);
#1544=ORIENTED_EDGE('',*,*,#1179,.F.);
#1545=ORIENTED_EDGE('',*,*,#1239,.F.);
#1546=ORIENTED_EDGE('',*,*,#1241,.F.);
#1547=ORIENTED_EDGE('',*,*,#1175,.T.);
#1548=ORIENTED_EDGE('',*,*,#1190,.T.);
#1549=ORIENTED_EDGE('',*,*,#1242,.T.);
#1550=ORIENTED_EDGE('',*,*,#1243,.F.);
#1551=ORIENTED_EDGE('',*,*,#1240,.F.);
#1552=ORIENTED_EDGE('',*,*,#1244,.F.);
#1553=ORIENTED_EDGE('',*,*,#1245,.T.);
#1554=ORIENTED_EDGE('',*,*,#1173,.F.);
#1555=ORIENTED_EDGE('',*,*,#1246,.F.);
#1556=ORIENTED_EDGE('',*,*,#1247,.F.);
#1557=ORIENTED_EDGE('',*,*,#1246,.T.);
#1558=ORIENTED_EDGE('',*,*,#1172,.F.);
#1559=ORIENTED_EDGE('',*,*,#1248,.F.);
#1560=ORIENTED_EDGE('',*,*,#1249,.F.);
#1561=ORIENTED_EDGE('',*,*,#1248,.T.);
#1562=ORIENTED_EDGE('',*,*,#1171,.F.);
#1563=ORIENTED_EDGE('',*,*,#1250,.F.);
#1564=ORIENTED_EDGE('',*,*,#1251,.F.);
#1565=ORIENTED_EDGE('',*,*,#1250,.T.);
#1566=ORIENTED_EDGE('',*,*,#1170,.F.);
#1567=ORIENTED_EDGE('',*,*,#1245,.F.);
#1568=ORIENTED_EDGE('',*,*,#1252,.F.);
#1569=ORIENTED_EDGE('',*,*,#1253,.T.);
#1570=ORIENTED_EDGE('',*,*,#1145,.F.);
#1571=ORIENTED_EDGE('',*,*,#1254,.F.);
#1572=ORIENTED_EDGE('',*,*,#1255,.F.);
#1573=ORIENTED_EDGE('',*,*,#1254,.T.);
#1574=ORIENTED_EDGE('',*,*,#1144,.F.);
#1575=ORIENTED_EDGE('',*,*,#1256,.F.);
#1576=ORIENTED_EDGE('',*,*,#1257,.F.);
#1577=ORIENTED_EDGE('',*,*,#1256,.T.);
#1578=ORIENTED_EDGE('',*,*,#1143,.F.);
#1579=ORIENTED_EDGE('',*,*,#1258,.F.);
#1580=ORIENTED_EDGE('',*,*,#1259,.F.);
#1581=ORIENTED_EDGE('',*,*,#1258,.T.);
#1582=ORIENTED_EDGE('',*,*,#1142,.F.);
#1583=ORIENTED_EDGE('',*,*,#1253,.F.);
#1584=ORIENTED_EDGE('',*,*,#1260,.F.);
#1585=ORIENTED_EDGE('',*,*,#1261,.T.);
#1586=ORIENTED_EDGE('',*,*,#1141,.F.);
#1587=ORIENTED_EDGE('',*,*,#1262,.F.);
#1588=ORIENTED_EDGE('',*,*,#1263,.F.);
#1589=ORIENTED_EDGE('',*,*,#1262,.T.);
#1590=ORIENTED_EDGE('',*,*,#1140,.F.);
#1591=ORIENTED_EDGE('',*,*,#1264,.F.);
#1592=ORIENTED_EDGE('',*,*,#1265,.F.);
#1593=ORIENTED_EDGE('',*,*,#1264,.T.);
#1594=ORIENTED_EDGE('',*,*,#1139,.F.);
#1595=ORIENTED_EDGE('',*,*,#1266,.F.);
#1596=ORIENTED_EDGE('',*,*,#1267,.F.);
#1597=ORIENTED_EDGE('',*,*,#1266,.T.);
#1598=ORIENTED_EDGE('',*,*,#1138,.F.);
#1599=ORIENTED_EDGE('',*,*,#1261,.F.);
#1600=ORIENTED_EDGE('',*,*,#1268,.F.);
#1601=ORIENTED_EDGE('',*,*,#1269,.T.);
#1602=ORIENTED_EDGE('',*,*,#1169,.F.);
#1603=ORIENTED_EDGE('',*,*,#1270,.F.);
#1604=ORIENTED_EDGE('',*,*,#1271,.F.);
#1605=ORIENTED_EDGE('',*,*,#1270,.T.);
#1606=ORIENTED_EDGE('',*,*,#1168,.F.);
#1607=ORIENTED_EDGE('',*,*,#1272,.F.);
#1608=ORIENTED_EDGE('',*,*,#1273,.F.);
#1609=ORIENTED_EDGE('',*,*,#1272,.T.);
#1610=ORIENTED_EDGE('',*,*,#1167,.F.);
#1611=ORIENTED_EDGE('',*,*,#1274,.F.);
#1612=ORIENTED_EDGE('',*,*,#1275,.F.);
#1613=ORIENTED_EDGE('',*,*,#1274,.T.);
#1614=ORIENTED_EDGE('',*,*,#1166,.F.);
#1615=ORIENTED_EDGE('',*,*,#1269,.F.);
#1616=ORIENTED_EDGE('',*,*,#1276,.F.);
#1617=ORIENTED_EDGE('',*,*,#1277,.T.);
#1618=ORIENTED_EDGE('',*,*,#1137,.F.);
#1619=ORIENTED_EDGE('',*,*,#1278,.F.);
#1620=ORIENTED_EDGE('',*,*,#1279,.F.);
#1621=ORIENTED_EDGE('',*,*,#1278,.T.);
#1622=ORIENTED_EDGE('',*,*,#1136,.F.);
#1623=ORIENTED_EDGE('',*,*,#1280,.F.);
#1624=ORIENTED_EDGE('',*,*,#1281,.F.);
#1625=ORIENTED_EDGE('',*,*,#1280,.T.);
#1626=ORIENTED_EDGE('',*,*,#1135,.F.);
#1627=ORIENTED_EDGE('',*,*,#1282,.F.);
#1628=ORIENTED_EDGE('',*,*,#1283,.F.);
#1629=ORIENTED_EDGE('',*,*,#1282,.T.);
#1630=ORIENTED_EDGE('',*,*,#1134,.F.);
#1631=ORIENTED_EDGE('',*,*,#1277,.F.);
#1632=ORIENTED_EDGE('',*,*,#1284,.F.);
#1633=ORIENTED_EDGE('',*,*,#1285,.T.);
#1634=ORIENTED_EDGE('',*,*,#1165,.F.);
#1635=ORIENTED_EDGE('',*,*,#1286,.F.);
#1636=ORIENTED_EDGE('',*,*,#1287,.F.);
#1637=ORIENTED_EDGE('',*,*,#1286,.T.);
#1638=ORIENTED_EDGE('',*,*,#1164,.F.);
#1639=ORIENTED_EDGE('',*,*,#1288,.F.);
#1640=ORIENTED_EDGE('',*,*,#1289,.F.);
#1641=ORIENTED_EDGE('',*,*,#1288,.T.);
#1642=ORIENTED_EDGE('',*,*,#1163,.F.);
#1643=ORIENTED_EDGE('',*,*,#1290,.F.);
#1644=ORIENTED_EDGE('',*,*,#1291,.F.);
#1645=ORIENTED_EDGE('',*,*,#1290,.T.);
#1646=ORIENTED_EDGE('',*,*,#1162,.F.);
#1647=ORIENTED_EDGE('',*,*,#1285,.F.);
#1648=ORIENTED_EDGE('',*,*,#1292,.F.);
#1649=ORIENTED_EDGE('',*,*,#1293,.T.);
#1650=ORIENTED_EDGE('',*,*,#1149,.F.);
#1651=ORIENTED_EDGE('',*,*,#1294,.F.);
#1652=ORIENTED_EDGE('',*,*,#1295,.F.);
#1653=ORIENTED_EDGE('',*,*,#1294,.T.);
#1654=ORIENTED_EDGE('',*,*,#1148,.F.);
#1655=ORIENTED_EDGE('',*,*,#1296,.F.);
#1656=ORIENTED_EDGE('',*,*,#1297,.F.);
#1657=ORIENTED_EDGE('',*,*,#1296,.T.);
#1658=ORIENTED_EDGE('',*,*,#1147,.F.);
#1659=ORIENTED_EDGE('',*,*,#1298,.F.);
#1660=ORIENTED_EDGE('',*,*,#1299,.F.);
#1661=ORIENTED_EDGE('',*,*,#1298,.T.);
#1662=ORIENTED_EDGE('',*,*,#1146,.F.);
#1663=ORIENTED_EDGE('',*,*,#1293,.F.);
#1664=ORIENTED_EDGE('',*,*,#1300,.F.);
#1665=ORIENTED_EDGE('',*,*,#1301,.T.);
#1666=ORIENTED_EDGE('',*,*,#1157,.F.);
#1667=ORIENTED_EDGE('',*,*,#1302,.F.);
#1668=ORIENTED_EDGE('',*,*,#1303,.F.);
#1669=ORIENTED_EDGE('',*,*,#1302,.T.);
#1670=ORIENTED_EDGE('',*,*,#1156,.F.);
#1671=ORIENTED_EDGE('',*,*,#1304,.F.);
#1672=ORIENTED_EDGE('',*,*,#1305,.F.);
#1673=ORIENTED_EDGE('',*,*,#1304,.T.);
#1674=ORIENTED_EDGE('',*,*,#1155,.F.);
#1675=ORIENTED_EDGE('',*,*,#1306,.F.);
#1676=ORIENTED_EDGE('',*,*,#1307,.F.);
#1677=ORIENTED_EDGE('',*,*,#1306,.T.);
#1678=ORIENTED_EDGE('',*,*,#1154,.F.);
#1679=ORIENTED_EDGE('',*,*,#1301,.F.);
#1680=ORIENTED_EDGE('',*,*,#1308,.F.);
#1681=ORIENTED_EDGE('',*,*,#1309,.T.);
#1682=ORIENTED_EDGE('',*,*,#1153,.F.);
#1683=ORIENTED_EDGE('',*,*,#1310,.F.);
#1684=ORIENTED_EDGE('',*,*,#1311,.F.);
#1685=ORIENTED_EDGE('',*,*,#1310,.T.);
#1686=ORIENTED_EDGE('',*,*,#1152,.F.);
#1687=ORIENTED_EDGE('',*,*,#1312,.F.);
#1688=ORIENTED_EDGE('',*,*,#1313,.F.);
#1689=ORIENTED_EDGE('',*,*,#1312,.T.);
#1690=ORIENTED_EDGE('',*,*,#1151,.F.);
#1691=ORIENTED_EDGE('',*,*,#1314,.F.);
#1692=ORIENTED_EDGE('',*,*,#1315,.F.);
#1693=ORIENTED_EDGE('',*,*,#1314,.T.);
#1694=ORIENTED_EDGE('',*,*,#1150,.F.);
#1695=ORIENTED_EDGE('',*,*,#1309,.F.);
#1696=ORIENTED_EDGE('',*,*,#1316,.F.);
#1697=ORIENTED_EDGE('',*,*,#1317,.T.);
#1698=ORIENTED_EDGE('',*,*,#1161,.F.);
#1699=ORIENTED_EDGE('',*,*,#1318,.F.);
#1700=ORIENTED_EDGE('',*,*,#1319,.F.);
#1701=ORIENTED_EDGE('',*,*,#1318,.T.);
#1702=ORIENTED_EDGE('',*,*,#1160,.F.);
#1703=ORIENTED_EDGE('',*,*,#1320,.F.);
#1704=ORIENTED_EDGE('',*,*,#1321,.F.);
#1705=ORIENTED_EDGE('',*,*,#1320,.T.);
#1706=ORIENTED_EDGE('',*,*,#1159,.F.);
#1707=ORIENTED_EDGE('',*,*,#1322,.F.);
#1708=ORIENTED_EDGE('',*,*,#1323,.F.);
#1709=ORIENTED_EDGE('',*,*,#1242,.F.);
#1710=ORIENTED_EDGE('',*,*,#1189,.F.);
#1711=ORIENTED_EDGE('',*,*,#1324,.F.);
#1712=ORIENTED_EDGE('',*,*,#1325,.F.);
#1713=ORIENTED_EDGE('',*,*,#1326,.F.);
#1714=ORIENTED_EDGE('',*,*,#1183,.F.);
#1715=ORIENTED_EDGE('',*,*,#1327,.F.);
#1716=ORIENTED_EDGE('',*,*,#1326,.T.);
#1717=ORIENTED_EDGE('',*,*,#1328,.F.);
#1718=ORIENTED_EDGE('',*,*,#1329,.T.);
#1719=ORIENTED_EDGE('',*,*,#1184,.F.);
#1720=ORIENTED_EDGE('',*,*,#1237,.F.);
#1721=ORIENTED_EDGE('',*,*,#1330,.T.);
#1722=ORIENTED_EDGE('',*,*,#1331,.F.);
#1723=ORIENTED_EDGE('',*,*,#1330,.F.);
#1724=ORIENTED_EDGE('',*,*,#1236,.F.);
#1725=ORIENTED_EDGE('',*,*,#1332,.T.);
#1726=ORIENTED_EDGE('',*,*,#1333,.F.);
#1727=ORIENTED_EDGE('',*,*,#1332,.F.);
#1728=ORIENTED_EDGE('',*,*,#1235,.F.);
#1729=ORIENTED_EDGE('',*,*,#1334,.T.);
#1730=ORIENTED_EDGE('',*,*,#1335,.F.);
#1731=ORIENTED_EDGE('',*,*,#1334,.F.);
#1732=ORIENTED_EDGE('',*,*,#1234,.F.);
#1733=ORIENTED_EDGE('',*,*,#1336,.T.);
#1734=ORIENTED_EDGE('',*,*,#1337,.F.);
#1735=ORIENTED_EDGE('',*,*,#1336,.F.);
#1736=ORIENTED_EDGE('',*,*,#1233,.F.);
#1737=ORIENTED_EDGE('',*,*,#1338,.T.);
#1738=ORIENTED_EDGE('',*,*,#1339,.F.);
#1739=ORIENTED_EDGE('',*,*,#1338,.F.);
#1740=ORIENTED_EDGE('',*,*,#1232,.F.);
#1741=ORIENTED_EDGE('',*,*,#1340,.T.);
#1742=ORIENTED_EDGE('',*,*,#1341,.F.);
#1743=ORIENTED_EDGE('',*,*,#1340,.F.);
#1744=ORIENTED_EDGE('',*,*,#1231,.F.);
#1745=ORIENTED_EDGE('',*,*,#1342,.T.);
#1746=ORIENTED_EDGE('',*,*,#1343,.F.);
#1747=ORIENTED_EDGE('',*,*,#1342,.F.);
#1748=ORIENTED_EDGE('',*,*,#1230,.F.);
#1749=ORIENTED_EDGE('',*,*,#1344,.T.);
#1750=ORIENTED_EDGE('',*,*,#1345,.F.);
#1751=ORIENTED_EDGE('',*,*,#1344,.F.);
#1752=ORIENTED_EDGE('',*,*,#1229,.F.);
#1753=ORIENTED_EDGE('',*,*,#1346,.T.);
#1754=ORIENTED_EDGE('',*,*,#1347,.F.);
#1755=ORIENTED_EDGE('',*,*,#1346,.F.);
#1756=ORIENTED_EDGE('',*,*,#1228,.F.);
#1757=ORIENTED_EDGE('',*,*,#1348,.T.);
#1758=ORIENTED_EDGE('',*,*,#1349,.F.);
#1759=ORIENTED_EDGE('',*,*,#1348,.F.);
#1760=ORIENTED_EDGE('',*,*,#1227,.F.);
#1761=ORIENTED_EDGE('',*,*,#1350,.T.);
#1762=ORIENTED_EDGE('',*,*,#1351,.F.);
#1763=ORIENTED_EDGE('',*,*,#1350,.F.);
#1764=ORIENTED_EDGE('',*,*,#1226,.F.);
#1765=ORIENTED_EDGE('',*,*,#1352,.T.);
#1766=ORIENTED_EDGE('',*,*,#1353,.F.);
#1767=ORIENTED_EDGE('',*,*,#1352,.F.);
#1768=ORIENTED_EDGE('',*,*,#1354,.F.);
#1769=ORIENTED_EDGE('',*,*,#1355,.T.);
#1770=ORIENTED_EDGE('',*,*,#1225,.F.);
#1771=ORIENTED_EDGE('',*,*,#1356,.F.);
#1772=ORIENTED_EDGE('',*,*,#1357,.F.);
#1773=ORIENTED_EDGE('',*,*,#1356,.T.);
#1774=ORIENTED_EDGE('',*,*,#1224,.F.);
#1775=ORIENTED_EDGE('',*,*,#1358,.F.);
#1776=ORIENTED_EDGE('',*,*,#1359,.F.);
#1777=ORIENTED_EDGE('',*,*,#1358,.T.);
#1778=ORIENTED_EDGE('',*,*,#1223,.F.);
#1779=ORIENTED_EDGE('',*,*,#1360,.F.);
#1780=ORIENTED_EDGE('',*,*,#1361,.F.);
#1781=ORIENTED_EDGE('',*,*,#1360,.T.);
#1782=ORIENTED_EDGE('',*,*,#1222,.F.);
#1783=ORIENTED_EDGE('',*,*,#1355,.F.);
#1784=ORIENTED_EDGE('',*,*,#1221,.F.);
#1785=ORIENTED_EDGE('',*,*,#1362,.T.);
#1786=ORIENTED_EDGE('',*,*,#1363,.F.);
#1787=ORIENTED_EDGE('',*,*,#1362,.F.);
#1788=ORIENTED_EDGE('',*,*,#1220,.F.);
#1789=ORIENTED_EDGE('',*,*,#1364,.T.);
#1790=ORIENTED_EDGE('',*,*,#1365,.F.);
#1791=ORIENTED_EDGE('',*,*,#1364,.F.);
#1792=ORIENTED_EDGE('',*,*,#1219,.F.);
#1793=ORIENTED_EDGE('',*,*,#1366,.T.);
#1794=ORIENTED_EDGE('',*,*,#1367,.F.);
#1795=ORIENTED_EDGE('',*,*,#1366,.F.);
#1796=ORIENTED_EDGE('',*,*,#1218,.F.);
#1797=ORIENTED_EDGE('',*,*,#1368,.T.);
#1798=ORIENTED_EDGE('',*,*,#1369,.F.);
#1799=ORIENTED_EDGE('',*,*,#1368,.F.);
#1800=ORIENTED_EDGE('',*,*,#1217,.F.);
#1801=ORIENTED_EDGE('',*,*,#1370,.T.);
#1802=ORIENTED_EDGE('',*,*,#1371,.F.);
#1803=ORIENTED_EDGE('',*,*,#1370,.F.);
#1804=ORIENTED_EDGE('',*,*,#1216,.F.);
#1805=ORIENTED_EDGE('',*,*,#1372,.T.);
#1806=ORIENTED_EDGE('',*,*,#1373,.F.);
#1807=ORIENTED_EDGE('',*,*,#1372,.F.);
#1808=ORIENTED_EDGE('',*,*,#1215,.F.);
#1809=ORIENTED_EDGE('',*,*,#1374,.T.);
#1810=ORIENTED_EDGE('',*,*,#1375,.F.);
#1811=ORIENTED_EDGE('',*,*,#1374,.F.);
#1812=ORIENTED_EDGE('',*,*,#1214,.F.);
#1813=ORIENTED_EDGE('',*,*,#1376,.T.);
#1814=ORIENTED_EDGE('',*,*,#1377,.F.);
#1815=ORIENTED_EDGE('',*,*,#1376,.F.);
#1816=ORIENTED_EDGE('',*,*,#1378,.F.);
#1817=ORIENTED_EDGE('',*,*,#1379,.T.);
#1818=ORIENTED_EDGE('',*,*,#1213,.F.);
#1819=ORIENTED_EDGE('',*,*,#1380,.F.);
#1820=ORIENTED_EDGE('',*,*,#1381,.F.);
#1821=ORIENTED_EDGE('',*,*,#1380,.T.);
#1822=ORIENTED_EDGE('',*,*,#1212,.F.);
#1823=ORIENTED_EDGE('',*,*,#1382,.F.);
#1824=ORIENTED_EDGE('',*,*,#1383,.F.);
#1825=ORIENTED_EDGE('',*,*,#1382,.T.);
#1826=ORIENTED_EDGE('',*,*,#1211,.F.);
#1827=ORIENTED_EDGE('',*,*,#1384,.F.);
#1828=ORIENTED_EDGE('',*,*,#1385,.F.);
#1829=ORIENTED_EDGE('',*,*,#1384,.T.);
#1830=ORIENTED_EDGE('',*,*,#1210,.F.);
#1831=ORIENTED_EDGE('',*,*,#1379,.F.);
#1832=ORIENTED_EDGE('',*,*,#1209,.F.);
#1833=ORIENTED_EDGE('',*,*,#1386,.T.);
#1834=ORIENTED_EDGE('',*,*,#1387,.F.);
#1835=ORIENTED_EDGE('',*,*,#1386,.F.);
#1836=ORIENTED_EDGE('',*,*,#1208,.F.);
#1837=ORIENTED_EDGE('',*,*,#1388,.T.);
#1838=ORIENTED_EDGE('',*,*,#1389,.F.);
#1839=ORIENTED_EDGE('',*,*,#1388,.F.);
#1840=ORIENTED_EDGE('',*,*,#1207,.F.);
#1841=ORIENTED_EDGE('',*,*,#1390,.T.);
#1842=ORIENTED_EDGE('',*,*,#1391,.F.);
#1843=ORIENTED_EDGE('',*,*,#1390,.F.);
#1844=ORIENTED_EDGE('',*,*,#1206,.F.);
#1845=ORIENTED_EDGE('',*,*,#1392,.T.);
#1846=ORIENTED_EDGE('',*,*,#1393,.F.);
#1847=ORIENTED_EDGE('',*,*,#1392,.F.);
#1848=ORIENTED_EDGE('',*,*,#1205,.F.);
#1849=ORIENTED_EDGE('',*,*,#1394,.T.);
#1850=ORIENTED_EDGE('',*,*,#1395,.F.);
#1851=ORIENTED_EDGE('',*,*,#1394,.F.);
#1852=ORIENTED_EDGE('',*,*,#1204,.F.);
#1853=ORIENTED_EDGE('',*,*,#1396,.T.);
#1854=ORIENTED_EDGE('',*,*,#1397,.F.);
#1855=ORIENTED_EDGE('',*,*,#1396,.F.);
#1856=ORIENTED_EDGE('',*,*,#1398,.F.);
#1857=ORIENTED_EDGE('',*,*,#1399,.T.);
#1858=ORIENTED_EDGE('',*,*,#1203,.F.);
#1859=ORIENTED_EDGE('',*,*,#1400,.F.);
#1860=ORIENTED_EDGE('',*,*,#1401,.F.);
#1861=ORIENTED_EDGE('',*,*,#1400,.T.);
#1862=ORIENTED_EDGE('',*,*,#1202,.F.);
#1863=ORIENTED_EDGE('',*,*,#1402,.F.);
#1864=ORIENTED_EDGE('',*,*,#1403,.F.);
#1865=ORIENTED_EDGE('',*,*,#1402,.T.);
#1866=ORIENTED_EDGE('',*,*,#1201,.F.);
#1867=ORIENTED_EDGE('',*,*,#1404,.F.);
#1868=ORIENTED_EDGE('',*,*,#1405,.F.);
#1869=ORIENTED_EDGE('',*,*,#1404,.T.);
#1870=ORIENTED_EDGE('',*,*,#1200,.F.);
#1871=ORIENTED_EDGE('',*,*,#1399,.F.);
#1872=ORIENTED_EDGE('',*,*,#1199,.F.);
#1873=ORIENTED_EDGE('',*,*,#1406,.T.);
#1874=ORIENTED_EDGE('',*,*,#1407,.F.);
#1875=ORIENTED_EDGE('',*,*,#1406,.F.);
#1876=ORIENTED_EDGE('',*,*,#1198,.F.);
#1877=ORIENTED_EDGE('',*,*,#1408,.T.);
#1878=ORIENTED_EDGE('',*,*,#1409,.F.);
#1879=ORIENTED_EDGE('',*,*,#1408,.F.);
#1880=ORIENTED_EDGE('',*,*,#1410,.F.);
#1881=ORIENTED_EDGE('',*,*,#1411,.T.);
#1882=ORIENTED_EDGE('',*,*,#1197,.F.);
#1883=ORIENTED_EDGE('',*,*,#1412,.F.);
#1884=ORIENTED_EDGE('',*,*,#1413,.F.);
#1885=ORIENTED_EDGE('',*,*,#1412,.T.);
#1886=ORIENTED_EDGE('',*,*,#1196,.F.);
#1887=ORIENTED_EDGE('',*,*,#1414,.F.);
#1888=ORIENTED_EDGE('',*,*,#1415,.F.);
#1889=ORIENTED_EDGE('',*,*,#1414,.T.);
#1890=ORIENTED_EDGE('',*,*,#1195,.F.);
#1891=ORIENTED_EDGE('',*,*,#1416,.F.);
#1892=ORIENTED_EDGE('',*,*,#1417,.F.);
#1893=ORIENTED_EDGE('',*,*,#1416,.T.);
#1894=ORIENTED_EDGE('',*,*,#1194,.F.);
#1895=ORIENTED_EDGE('',*,*,#1411,.F.);
#1896=ORIENTED_EDGE('',*,*,#1193,.F.);
#1897=ORIENTED_EDGE('',*,*,#1418,.T.);
#1898=ORIENTED_EDGE('',*,*,#1419,.F.);
#1899=ORIENTED_EDGE('',*,*,#1418,.F.);
#1900=ORIENTED_EDGE('',*,*,#1420,.F.);
#1901=ORIENTED_EDGE('',*,*,#1421,.T.);
#1902=ORIENTED_EDGE('',*,*,#1187,.F.);
#1903=ORIENTED_EDGE('',*,*,#1422,.F.);
#1904=ORIENTED_EDGE('',*,*,#1423,.F.);
#1905=ORIENTED_EDGE('',*,*,#1422,.T.);
#1906=ORIENTED_EDGE('',*,*,#1186,.F.);
#1907=ORIENTED_EDGE('',*,*,#1424,.F.);
#1908=ORIENTED_EDGE('',*,*,#1425,.F.);
#1909=ORIENTED_EDGE('',*,*,#1322,.T.);
#1910=ORIENTED_EDGE('',*,*,#1158,.F.);
#1911=ORIENTED_EDGE('',*,*,#1317,.F.);
#1912=ORIENTED_EDGE('',*,*,#1426,.F.);
#1913=ORIENTED_EDGE('',*,*,#1424,.T.);
#1914=ORIENTED_EDGE('',*,*,#1185,.F.);
#1915=ORIENTED_EDGE('',*,*,#1329,.F.);
#1916=ORIENTED_EDGE('',*,*,#1427,.F.);
#1917=ORIENTED_EDGE('',*,*,#1327,.T.);
#1918=ORIENTED_EDGE('',*,*,#1182,.F.);
#1919=ORIENTED_EDGE('',*,*,#1180,.T.);
#1920=ORIENTED_EDGE('',*,*,#1324,.T.);
#1921=ORIENTED_EDGE('',*,*,#1188,.F.);
#1922=ORIENTED_EDGE('',*,*,#1421,.F.);
#1923=ORIENTED_EDGE('',*,*,#1428,.F.);
#1924=ORIENTED_EDGE('',*,*,#1321,.T.);
#1925=ORIENTED_EDGE('',*,*,#1425,.T.);
#1926=ORIENTED_EDGE('',*,*,#1426,.T.);
#1927=ORIENTED_EDGE('',*,*,#1328,.T.);
#1928=ORIENTED_EDGE('',*,*,#1325,.T.);
#1929=ORIENTED_EDGE('',*,*,#1427,.T.);
#1930=ORIENTED_EDGE('',*,*,#1177,.T.);
#1931=ORIENTED_EDGE('',*,*,#1243,.T.);
#1932=ORIENTED_EDGE('',*,*,#1323,.T.);
#1933=ORIENTED_EDGE('',*,*,#1428,.T.);
#1934=ORIENTED_EDGE('',*,*,#1420,.T.);
#1935=ORIENTED_EDGE('',*,*,#1423,.T.);
#1936=ORIENTED_EDGE('',*,*,#1316,.T.);
#1937=ORIENTED_EDGE('',*,*,#1319,.T.);
#1938=ORIENTED_EDGE('',*,*,#1244,.T.);
#1939=ORIENTED_EDGE('',*,*,#1247,.T.);
#1940=ORIENTED_EDGE('',*,*,#1249,.T.);
#1941=ORIENTED_EDGE('',*,*,#1251,.T.);
#1942=ORIENTED_EDGE('',*,*,#1252,.T.);
#1943=ORIENTED_EDGE('',*,*,#1255,.T.);
#1944=ORIENTED_EDGE('',*,*,#1257,.T.);
#1945=ORIENTED_EDGE('',*,*,#1259,.T.);
#1946=ORIENTED_EDGE('',*,*,#1260,.T.);
#1947=ORIENTED_EDGE('',*,*,#1263,.T.);
#1948=ORIENTED_EDGE('',*,*,#1265,.T.);
#1949=ORIENTED_EDGE('',*,*,#1267,.T.);
#1950=ORIENTED_EDGE('',*,*,#1268,.T.);
#1951=ORIENTED_EDGE('',*,*,#1271,.T.);
#1952=ORIENTED_EDGE('',*,*,#1273,.T.);
#1953=ORIENTED_EDGE('',*,*,#1275,.T.);
#1954=ORIENTED_EDGE('',*,*,#1276,.T.);
#1955=ORIENTED_EDGE('',*,*,#1279,.T.);
#1956=ORIENTED_EDGE('',*,*,#1281,.T.);
#1957=ORIENTED_EDGE('',*,*,#1283,.T.);
#1958=ORIENTED_EDGE('',*,*,#1284,.T.);
#1959=ORIENTED_EDGE('',*,*,#1287,.T.);
#1960=ORIENTED_EDGE('',*,*,#1289,.T.);
#1961=ORIENTED_EDGE('',*,*,#1291,.T.);
#1962=ORIENTED_EDGE('',*,*,#1292,.T.);
#1963=ORIENTED_EDGE('',*,*,#1295,.T.);
#1964=ORIENTED_EDGE('',*,*,#1297,.T.);
#1965=ORIENTED_EDGE('',*,*,#1299,.T.);
#1966=ORIENTED_EDGE('',*,*,#1300,.T.);
#1967=ORIENTED_EDGE('',*,*,#1303,.T.);
#1968=ORIENTED_EDGE('',*,*,#1305,.T.);
#1969=ORIENTED_EDGE('',*,*,#1307,.T.);
#1970=ORIENTED_EDGE('',*,*,#1308,.T.);
#1971=ORIENTED_EDGE('',*,*,#1311,.T.);
#1972=ORIENTED_EDGE('',*,*,#1313,.T.);
#1973=ORIENTED_EDGE('',*,*,#1315,.T.);
#1974=ORIENTED_EDGE('',*,*,#1419,.T.);
#1975=ORIENTED_EDGE('',*,*,#1417,.T.);
#1976=ORIENTED_EDGE('',*,*,#1410,.T.);
#1977=ORIENTED_EDGE('',*,*,#1413,.T.);
#1978=ORIENTED_EDGE('',*,*,#1415,.T.);
#1979=ORIENTED_EDGE('',*,*,#1409,.T.);
#1980=ORIENTED_EDGE('',*,*,#1407,.T.);
#1981=ORIENTED_EDGE('',*,*,#1405,.T.);
#1982=ORIENTED_EDGE('',*,*,#1398,.T.);
#1983=ORIENTED_EDGE('',*,*,#1401,.T.);
#1984=ORIENTED_EDGE('',*,*,#1403,.T.);
#1985=ORIENTED_EDGE('',*,*,#1397,.T.);
#1986=ORIENTED_EDGE('',*,*,#1395,.T.);
#1987=ORIENTED_EDGE('',*,*,#1393,.T.);
#1988=ORIENTED_EDGE('',*,*,#1391,.T.);
#1989=ORIENTED_EDGE('',*,*,#1389,.T.);
#1990=ORIENTED_EDGE('',*,*,#1387,.T.);
#1991=ORIENTED_EDGE('',*,*,#1385,.T.);
#1992=ORIENTED_EDGE('',*,*,#1378,.T.);
#1993=ORIENTED_EDGE('',*,*,#1381,.T.);
#1994=ORIENTED_EDGE('',*,*,#1383,.T.);
#1995=ORIENTED_EDGE('',*,*,#1377,.T.);
#1996=ORIENTED_EDGE('',*,*,#1375,.T.);
#1997=ORIENTED_EDGE('',*,*,#1373,.T.);
#1998=ORIENTED_EDGE('',*,*,#1371,.T.);
#1999=ORIENTED_EDGE('',*,*,#1369,.T.);
#2000=ORIENTED_EDGE('',*,*,#1367,.T.);
#2001=ORIENTED_EDGE('',*,*,#1365,.T.);
#2002=ORIENTED_EDGE('',*,*,#1363,.T.);
#2003=ORIENTED_EDGE('',*,*,#1361,.T.);
#2004=ORIENTED_EDGE('',*,*,#1354,.T.);
#2005=ORIENTED_EDGE('',*,*,#1357,.T.);
#2006=ORIENTED_EDGE('',*,*,#1359,.T.);
#2007=ORIENTED_EDGE('',*,*,#1353,.T.);
#2008=ORIENTED_EDGE('',*,*,#1351,.T.);
#2009=ORIENTED_EDGE('',*,*,#1349,.T.);
#2010=ORIENTED_EDGE('',*,*,#1347,.T.);
#2011=ORIENTED_EDGE('',*,*,#1345,.T.);
#2012=ORIENTED_EDGE('',*,*,#1343,.T.);
#2013=ORIENTED_EDGE('',*,*,#1341,.T.);
#2014=ORIENTED_EDGE('',*,*,#1339,.T.);
#2015=ORIENTED_EDGE('',*,*,#1337,.T.);
#2016=ORIENTED_EDGE('',*,*,#1335,.T.);
#2017=ORIENTED_EDGE('',*,*,#1333,.T.);
#2018=ORIENTED_EDGE('',*,*,#1331,.T.);
#2019=PLANE('',#2215);
#2020=PLANE('',#2216);
#2021=PLANE('',#2217);
#2022=PLANE('',#2218);
#2023=PLANE('',#2219);
#2024=PLANE('',#2220);
#2025=PLANE('',#2221);
#2026=PLANE('',#2222);
#2027=PLANE('',#2223);
#2028=PLANE('',#2224);
#2029=PLANE('',#2225);
#2030=PLANE('',#2231);
#2031=PLANE('',#2269);
#2032=PLANE('',#2273);
#2033=PLANE('',#2274);
#2034=PLANE('',#2275);
#2035=PLANE('',#2276);
#2036=PLANE('',#2277);
#2037=PLANE('',#2278);
#2038=PLANE('',#2279);
#2039=PLANE('',#2280);
#2040=PLANE('',#2281);
#2041=PLANE('',#2282);
#2042=PLANE('',#2283);
#2043=PLANE('',#2284);
#2044=PLANE('',#2285);
#2045=PLANE('',#2286);
#2046=PLANE('',#2287);
#2047=PLANE('',#2288);
#2048=PLANE('',#2289);
#2049=PLANE('',#2290);
#2050=PLANE('',#2291);
#2051=PLANE('',#2292);
#2052=PLANE('',#2293);
#2053=PLANE('',#2294);
#2054=PLANE('',#2295);
#2055=PLANE('',#2296);
#2056=PLANE('',#2297);
#2057=PLANE('',#2298);
#2058=PLANE('',#2299);
#2059=PLANE('',#2300);
#2060=PLANE('',#2301);
#2061=PLANE('',#2302);
#2062=PLANE('',#2303);
#2063=PLANE('',#2304);
#2064=PLANE('',#2305);
#2065=PLANE('',#2306);
#2066=PLANE('',#2307);
#2067=PLANE('',#2308);
#2068=PLANE('',#2309);
#2069=PLANE('',#2310);
#2070=PLANE('',#2311);
#2071=PLANE('',#2312);
#2072=PLANE('',#2313);
#2073=PLANE('',#2314);
#2074=PLANE('',#2315);
#2075=PLANE('',#2316);
#2076=PLANE('',#2341);
#2077=PLANE('',#2344);
#2078=PLANE('',#2363);
#2079=PLANE('',#2366);
#2080=PLANE('',#2381);
#2081=PLANE('',#2384);
#2082=PLANE('',#2391);
#2083=PLANE('',#2394);
#2084=PLANE('',#2399);
#2085=PLANE('',#2400);
#2086=PLANE('',#2401);
#2087=PLANE('',#2402);
#2088=PLANE('',#2403);
#2089=PLANE('',#2404);
#2090=ADVANCED_FACE('',(#213),#2019,.T.);
#2091=ADVANCED_FACE('',(#214),#2020,.T.);
#2092=ADVANCED_FACE('',(#215),#2021,.T.);
#2093=ADVANCED_FACE('',(#216),#2022,.T.);
#2094=ADVANCED_FACE('',(#217),#2023,.T.);
#2095=ADVANCED_FACE('',(#218),#2024,.T.);
#2096=ADVANCED_FACE('',(#219),#2025,.T.);
#2097=ADVANCED_FACE('',(#220),#2026,.T.);
#2098=ADVANCED_FACE('',(#221),#2027,.T.);
#2099=ADVANCED_FACE('',(#222),#2028,.T.);
#2100=ADVANCED_FACE('',(#223),#2029,.F.);
#2101=ADVANCED_FACE('',(#224),#94,.T.);
#2102=ADVANCED_FACE('',(#225,#19,#20,#21,#22,#23,#24,#25,#26,#27,#28,#29,
#30,#31,#32,#33,#34,#35,#36,#37,#38,#39,#40,#41,#42,#43,#44,#45,#46,#47,
#48,#49,#50,#51),#2030,.F.);
#2103=ADVANCED_FACE('',(#226),#2031,.T.);
#2104=ADVANCED_FACE('',(#227),#95,.T.);
#2105=ADVANCED_FACE('',(#228),#2032,.T.);
#2106=ADVANCED_FACE('',(#229),#2033,.T.);
#2107=ADVANCED_FACE('',(#230),#2034,.T.);
#2108=ADVANCED_FACE('',(#231),#2035,.T.);
#2109=ADVANCED_FACE('',(#232),#2036,.T.);
#2110=ADVANCED_FACE('',(#233),#2037,.T.);
#2111=ADVANCED_FACE('',(#234),#2038,.T.);
#2112=ADVANCED_FACE('',(#235),#2039,.T.);
#2113=ADVANCED_FACE('',(#236),#2040,.T.);
#2114=ADVANCED_FACE('',(#237),#2041,.T.);
#2115=ADVANCED_FACE('',(#238),#2042,.T.);
#2116=ADVANCED_FACE('',(#239),#2043,.T.);
#2117=ADVANCED_FACE('',(#240),#2044,.T.);
#2118=ADVANCED_FACE('',(#241),#2045,.T.);
#2119=ADVANCED_FACE('',(#242),#2046,.T.);
#2120=ADVANCED_FACE('',(#243),#2047,.T.);
#2121=ADVANCED_FACE('',(#244),#2048,.T.);
#2122=ADVANCED_FACE('',(#245),#2049,.T.);
#2123=ADVANCED_FACE('',(#246),#2050,.T.);
#2124=ADVANCED_FACE('',(#247),#2051,.T.);
#2125=ADVANCED_FACE('',(#248),#2052,.T.);
#2126=ADVANCED_FACE('',(#249),#2053,.T.);
#2127=ADVANCED_FACE('',(#250),#2054,.T.);
#2128=ADVANCED_FACE('',(#251),#2055,.T.);
#2129=ADVANCED_FACE('',(#252),#2056,.T.);
#2130=ADVANCED_FACE('',(#253),#2057,.T.);
#2131=ADVANCED_FACE('',(#254),#2058,.T.);
#2132=ADVANCED_FACE('',(#255),#2059,.T.);
#2133=ADVANCED_FACE('',(#256),#2060,.T.);
#2134=ADVANCED_FACE('',(#257),#2061,.T.);
#2135=ADVANCED_FACE('',(#258),#2062,.T.);
#2136=ADVANCED_FACE('',(#259),#2063,.T.);
#2137=ADVANCED_FACE('',(#260),#2064,.T.);
#2138=ADVANCED_FACE('',(#261),#2065,.T.);
#2139=ADVANCED_FACE('',(#262),#2066,.T.);
#2140=ADVANCED_FACE('',(#263),#2067,.T.);
#2141=ADVANCED_FACE('',(#264),#2068,.T.);
#2142=ADVANCED_FACE('',(#265),#2069,.T.);
#2143=ADVANCED_FACE('',(#266),#2070,.T.);
#2144=ADVANCED_FACE('',(#267),#2071,.T.);
#2145=ADVANCED_FACE('',(#268),#2072,.T.);
#2146=ADVANCED_FACE('',(#269),#2073,.F.);
#2147=ADVANCED_FACE('',(#270),#2074,.F.);
#2148=ADVANCED_FACE('',(#271),#2075,.T.);
#2149=ADVANCED_FACE('',(#272),#96,.F.);
#2150=ADVANCED_FACE('',(#273),#97,.F.);
#2151=ADVANCED_FACE('',(#274),#98,.F.);
#2152=ADVANCED_FACE('',(#275),#99,.F.);
#2153=ADVANCED_FACE('',(#276),#100,.F.);
#2154=ADVANCED_FACE('',(#277),#101,.F.);
#2155=ADVANCED_FACE('',(#278),#102,.F.);
#2156=ADVANCED_FACE('',(#279),#103,.F.);
#2157=ADVANCED_FACE('',(#280),#104,.F.);
#2158=ADVANCED_FACE('',(#281),#105,.F.);
#2159=ADVANCED_FACE('',(#282),#106,.F.);
#2160=ADVANCED_FACE('',(#283),#107,.F.);
#2161=ADVANCED_FACE('',(#284),#2076,.T.);
#2162=ADVANCED_FACE('',(#285),#108,.F.);
#2163=ADVANCED_FACE('',(#286),#2077,.T.);
#2164=ADVANCED_FACE('',(#287),#109,.F.);
#2165=ADVANCED_FACE('',(#288),#110,.F.);
#2166=ADVANCED_FACE('',(#289),#111,.F.);
#2167=ADVANCED_FACE('',(#290),#112,.F.);
#2168=ADVANCED_FACE('',(#291),#113,.F.);
#2169=ADVANCED_FACE('',(#292),#114,.F.);
#2170=ADVANCED_FACE('',(#293),#115,.F.);
#2171=ADVANCED_FACE('',(#294),#116,.F.);
#2172=ADVANCED_FACE('',(#295),#117,.F.);
#2173=ADVANCED_FACE('',(#296),#2078,.T.);
#2174=ADVANCED_FACE('',(#297),#118,.F.);
#2175=ADVANCED_FACE('',(#298),#2079,.T.);
#2176=ADVANCED_FACE('',(#299),#119,.F.);
#2177=ADVANCED_FACE('',(#300),#120,.F.);
#2178=ADVANCED_FACE('',(#301),#121,.F.);
#2179=ADVANCED_FACE('',(#302),#122,.F.);
#2180=ADVANCED_FACE('',(#303),#123,.F.);
#2181=ADVANCED_FACE('',(#304),#124,.F.);
#2182=ADVANCED_FACE('',(#305),#125,.F.);
#2183=ADVANCED_FACE('',(#306),#2080,.T.);
#2184=ADVANCED_FACE('',(#307),#126,.F.);
#2185=ADVANCED_FACE('',(#308),#2081,.T.);
#2186=ADVANCED_FACE('',(#309),#127,.F.);
#2187=ADVANCED_FACE('',(#310),#128,.F.);
#2188=ADVANCED_FACE('',(#311),#129,.F.);
#2189=ADVANCED_FACE('',(#312),#2082,.T.);
#2190=ADVANCED_FACE('',(#313),#130,.F.);
#2191=ADVANCED_FACE('',(#314),#2083,.T.);
#2192=ADVANCED_FACE('',(#315),#131,.F.);
#2193=ADVANCED_FACE('',(#316),#132,.F.);
#2194=ADVANCED_FACE('',(#317),#2084,.T.);
#2195=ADVANCED_FACE('',(#318),#2085,.T.);
#2196=ADVANCED_FACE('',(#319),#2086,.T.);
#2197=ADVANCED_FACE('',(#320),#2087,.T.);
#2198=ADVANCED_FACE('',(#321),#2088,.T.);
#2199=ADVANCED_FACE('',(#322,#52,#53,#54,#55,#56,#57,#58,#59,#60,#61,#62,
#63,#64,#65,#66,#67,#68,#69,#70,#71,#72,#73,#74,#75,#76,#77,#78,#79,#80,
#81,#82,#83,#84,#85,#86,#87,#88,#89,#90,#91,#92,#93),#2089,.T.);
#2200=CLOSED_SHELL('',(#2090,#2091,#2092,#2093,#2094,#2095,#2096,#2097,
#2098,#2099,#2100,#2101,#2102,#2103,#2104,#2105,#2106,#2107,#2108,#2109,
#2110,#2111,#2112,#2113,#2114,#2115,#2116,#2117,#2118,#2119,#2120,#2121,
#2122,#2123,#2124,#2125,#2126,#2127,#2128,#2129,#2130,#2131,#2132,#2133,
#2134,#2135,#2136,#2137,#2138,#2139,#2140,#2141,#2142,#2143,#2144,#2145,
#2146,#2147,#2148,#2149,#2150,#2151,#2152,#2153,#2154,#2155,#2156,#2157,
#2158,#2159,#2160,#2161,#2162,#2163,#2164,#2165,#2166,#2167,#2168,#2169,
#2170,#2171,#2172,#2173,#2174,#2175,#2176,#2177,#2178,#2179,#2180,#2181,
#2182,#2183,#2184,#2185,#2186,#2187,#2188,#2189,#2190,#2191,#2192,#2193,
#2194,#2195,#2196,#2197,#2198,#2199));
#2201=DERIVED_UNIT_ELEMENT(#2203,1.);
#2202=DERIVED_UNIT_ELEMENT(#3618,-3.);
#2203=(
MASS_UNIT()
NAMED_UNIT(*)
SI_UNIT(.KILO.,.GRAM.)
);
#2204=DERIVED_UNIT((#2201,#2202));
#2205=MEASURE_REPRESENTATION_ITEM('density measure',
POSITIVE_RATIO_MEASURE(7850.),#2204);
#2206=PROPERTY_DEFINITION_REPRESENTATION(#2211,#2208);
#2207=PROPERTY_DEFINITION_REPRESENTATION(#2212,#2209);
#2208=REPRESENTATION('material name',(#2210),#3615);
#2209=REPRESENTATION('density',(#2205),#3615);
#2210=DESCRIPTIVE_REPRESENTATION_ITEM('\X2\94A2\X0\','\X2\94A2\X0\');
#2211=PROPERTY_DEFINITION('material property','material name',#3630);
#2212=PROPERTY_DEFINITION('material property','density of part',#3630);
#2213=AXIS2_PLACEMENT_3D('',#3007,#2406,#2407);
#2214=AXIS2_PLACEMENT_3D('',#3008,#2408,#2409);
#2215=AXIS2_PLACEMENT_3D('',#3009,#2410,#2411);
#2216=AXIS2_PLACEMENT_3D('',#3018,#2416,#2417);
#2217=AXIS2_PLACEMENT_3D('',#3027,#2422,#2423);
#2218=AXIS2_PLACEMENT_3D('',#3036,#2428,#2429);
#2219=AXIS2_PLACEMENT_3D('',#3045,#2434,#2435);
#2220=AXIS2_PLACEMENT_3D('',#3054,#2440,#2441);
#2221=AXIS2_PLACEMENT_3D('',#3063,#2446,#2447);
#2222=AXIS2_PLACEMENT_3D('',#3072,#2452,#2453);
#2223=AXIS2_PLACEMENT_3D('',#3081,#2458,#2459);
#2224=AXIS2_PLACEMENT_3D('',#3090,#2464,#2465);
#2225=AXIS2_PLACEMENT_3D('',#3099,#2470,#2471);
#2226=AXIS2_PLACEMENT_3D('',#3102,#2472,#2473);
#2227=AXIS2_PLACEMENT_3D('',#3106,#2475,#2476);
#2228=AXIS2_PLACEMENT_3D('',#3108,#2478,#2479);
#2229=AXIS2_PLACEMENT_3D('',#3111,#2480,#2481);
#2230=AXIS2_PLACEMENT_3D('',#3114,#2483,#2484);
#2231=AXIS2_PLACEMENT_3D('',#3116,#2486,#2487);
#2232=AXIS2_PLACEMENT_3D('',#3139,#2499,#2500);
#2233=AXIS2_PLACEMENT_3D('',#3142,#2501,#2502);
#2234=AXIS2_PLACEMENT_3D('',#3146,#2504,#2505);
#2235=AXIS2_PLACEMENT_3D('',#3149,#2507,#2508);
#2236=AXIS2_PLACEMENT_3D('',#3151,#2509,#2510);
#2237=AXIS2_PLACEMENT_3D('',#3154,#2511,#2512);
#2238=AXIS2_PLACEMENT_3D('',#3158,#2514,#2515);
#2239=AXIS2_PLACEMENT_3D('',#3161,#2517,#2518);
#2240=AXIS2_PLACEMENT_3D('',#3163,#2519,#2520);
#2241=AXIS2_PLACEMENT_3D('',#3165,#2521,#2522);
#2242=AXIS2_PLACEMENT_3D('',#3167,#2523,#2524);
#2243=AXIS2_PLACEMENT_3D('',#3169,#2525,#2526);
#2244=AXIS2_PLACEMENT_3D('',#3171,#2527,#2528);
#2245=AXIS2_PLACEMENT_3D('',#3174,#2529,#2530);
#2246=AXIS2_PLACEMENT_3D('',#3178,#2532,#2533);
#2247=AXIS2_PLACEMENT_3D('',#3181,#2535,#2536);
#2248=AXIS2_PLACEMENT_3D('',#3183,#2537,#2538);
#2249=AXIS2_PLACEMENT_3D('',#3185,#2539,#2540);
#2250=AXIS2_PLACEMENT_3D('',#3187,#2541,#2542);
#2251=AXIS2_PLACEMENT_3D('',#3189,#2543,#2544);
#2252=AXIS2_PLACEMENT_3D('',#3191,#2545,#2546);
#2253=AXIS2_PLACEMENT_3D('',#3193,#2547,#2548);
#2254=AXIS2_PLACEMENT_3D('',#3195,#2549,#2550);
#2255=AXIS2_PLACEMENT_3D('',#3198,#2551,#2552);
#2256=AXIS2_PLACEMENT_3D('',#3202,#2554,#2555);
#2257=AXIS2_PLACEMENT_3D('',#3205,#2557,#2558);
#2258=AXIS2_PLACEMENT_3D('',#3207,#2559,#2560);
#2259=AXIS2_PLACEMENT_3D('',#3209,#2561,#2562);
#2260=AXIS2_PLACEMENT_3D('',#3211,#2563,#2564);
#2261=AXIS2_PLACEMENT_3D('',#3213,#2565,#2566);
#2262=AXIS2_PLACEMENT_3D('',#3215,#2567,#2568);
#2263=AXIS2_PLACEMENT_3D('',#3217,#2569,#2570);
#2264=AXIS2_PLACEMENT_3D('',#3219,#2571,#2572);
#2265=AXIS2_PLACEMENT_3D('',#3221,#2573,#2574);
#2266=AXIS2_PLACEMENT_3D('',#3223,#2575,#2576);
#2267=AXIS2_PLACEMENT_3D('',#3225,#2577,#2578);
#2268=AXIS2_PLACEMENT_3D('',#3227,#2579,#2580);
#2269=AXIS2_PLACEMENT_3D('',#3228,#2581,#2582);
#2270=AXIS2_PLACEMENT_3D('',#3230,#2583,#2584);
#2271=AXIS2_PLACEMENT_3D('',#3232,#2586,#2587);
#2272=AXIS2_PLACEMENT_3D('',#3233,#2588,#2589);
#2273=AXIS2_PLACEMENT_3D('',#3235,#2591,#2592);
#2274=AXIS2_PLACEMENT_3D('',#3236,#2593,#2594);
#2275=AXIS2_PLACEMENT_3D('',#3240,#2597,#2598);
#2276=AXIS2_PLACEMENT_3D('',#3246,#2602,#2603);
#2277=AXIS2_PLACEMENT_3D('',#3250,#2606,#2607);
#2278=AXIS2_PLACEMENT_3D('',#3254,#2610,#2611);
#2279=AXIS2_PLACEMENT_3D('',#3256,#2613,#2614);
#2280=AXIS2_PLACEMENT_3D('',#3262,#2618,#2619);
#2281=AXIS2_PLACEMENT_3D('',#3266,#2622,#2623);
#2282=AXIS2_PLACEMENT_3D('',#3270,#2626,#2627);
#2283=AXIS2_PLACEMENT_3D('',#3272,#2629,#2630);
#2284=AXIS2_PLACEMENT_3D('',#3278,#2634,#2635);
#2285=AXIS2_PLACEMENT_3D('',#3282,#2638,#2639);
#2286=AXIS2_PLACEMENT_3D('',#3286,#2642,#2643);
#2287=AXIS2_PLACEMENT_3D('',#3288,#2645,#2646);
#2288=AXIS2_PLACEMENT_3D('',#3294,#2650,#2651);
#2289=AXIS2_PLACEMENT_3D('',#3298,#2654,#2655);
#2290=AXIS2_PLACEMENT_3D('',#3302,#2658,#2659);
#2291=AXIS2_PLACEMENT_3D('',#3304,#2661,#2662);
#2292=AXIS2_PLACEMENT_3D('',#3310,#2666,#2667);
#2293=AXIS2_PLACEMENT_3D('',#3314,#2670,#2671);
#2294=AXIS2_PLACEMENT_3D('',#3318,#2674,#2675);
#2295=AXIS2_PLACEMENT_3D('',#3320,#2677,#2678);
#2296=AXIS2_PLACEMENT_3D('',#3326,#2682,#2683);
#2297=AXIS2_PLACEMENT_3D('',#3330,#2686,#2687);
#2298=AXIS2_PLACEMENT_3D('',#3334,#2690,#2691);
#2299=AXIS2_PLACEMENT_3D('',#3336,#2693,#2694);
#2300=AXIS2_PLACEMENT_3D('',#3342,#2698,#2699);
#2301=AXIS2_PLACEMENT_3D('',#3346,#2702,#2703);
#2302=AXIS2_PLACEMENT_3D('',#3350,#2706,#2707);
#2303=AXIS2_PLACEMENT_3D('',#3352,#2709,#2710);
#2304=AXIS2_PLACEMENT_3D('',#3358,#2714,#2715);
#2305=AXIS2_PLACEMENT_3D('',#3362,#2718,#2719);
#2306=AXIS2_PLACEMENT_3D('',#3366,#2722,#2723);
#2307=AXIS2_PLACEMENT_3D('',#3368,#2725,#2726);
#2308=AXIS2_PLACEMENT_3D('',#3374,#2730,#2731);
#2309=AXIS2_PLACEMENT_3D('',#3378,#2734,#2735);
#2310=AXIS2_PLACEMENT_3D('',#3382,#2738,#2739);
#2311=AXIS2_PLACEMENT_3D('',#3384,#2741,#2742);
#2312=AXIS2_PLACEMENT_3D('',#3390,#2746,#2747);
#2313=AXIS2_PLACEMENT_3D('',#3394,#2750,#2751);
#2314=AXIS2_PLACEMENT_3D('',#3398,#2754,#2755);
#2315=AXIS2_PLACEMENT_3D('',#3402,#2758,#2759);
#2316=AXIS2_PLACEMENT_3D('',#3408,#2763,#2764);
#2317=AXIS2_PLACEMENT_3D('',#3412,#2767,#2768);
#2318=AXIS2_PLACEMENT_3D('',#3415,#2770,#2771);
#2319=AXIS2_PLACEMENT_3D('',#3416,#2772,#2773);
#2320=AXIS2_PLACEMENT_3D('',#3419,#2775,#2776);
#2321=AXIS2_PLACEMENT_3D('',#3420,#2777,#2778);
#2322=AXIS2_PLACEMENT_3D('',#3423,#2780,#2781);
#2323=AXIS2_PLACEMENT_3D('',#3424,#2782,#2783);
#2324=AXIS2_PLACEMENT_3D('',#3427,#2785,#2786);
#2325=AXIS2_PLACEMENT_3D('',#3428,#2787,#2788);
#2326=AXIS2_PLACEMENT_3D('',#3431,#2790,#2791);
#2327=AXIS2_PLACEMENT_3D('',#3432,#2792,#2793);
#2328=AXIS2_PLACEMENT_3D('',#3435,#2795,#2796);
#2329=AXIS2_PLACEMENT_3D('',#3436,#2797,#2798);
#2330=AXIS2_PLACEMENT_3D('',#3439,#2800,#2801);
#2331=AXIS2_PLACEMENT_3D('',#3440,#2802,#2803);
#2332=AXIS2_PLACEMENT_3D('',#3443,#2805,#2806);
#2333=AXIS2_PLACEMENT_3D('',#3444,#2807,#2808);
#2334=AXIS2_PLACEMENT_3D('',#3447,#2810,#2811);
#2335=AXIS2_PLACEMENT_3D('',#3448,#2812,#2813);
#2336=AXIS2_PLACEMENT_3D('',#3451,#2815,#2816);
#2337=AXIS2_PLACEMENT_3D('',#3452,#2817,#2818);
#2338=AXIS2_PLACEMENT_3D('',#3455,#2820,#2821);
#2339=AXIS2_PLACEMENT_3D('',#3456,#2822,#2823);
#2340=AXIS2_PLACEMENT_3D('',#3459,#2825,#2826);
#2341=AXIS2_PLACEMENT_3D('',#3460,#2827,#2828);
#2342=AXIS2_PLACEMENT_3D('',#3466,#2832,#2833);
#2343=AXIS2_PLACEMENT_3D('',#3468,#2834,#2835);
#2344=AXIS2_PLACEMENT_3D('',#3470,#2837,#2838);
#2345=AXIS2_PLACEMENT_3D('',#3474,#2841,#2842);
#2346=AXIS2_PLACEMENT_3D('',#3475,#2843,#2844);
#2347=AXIS2_PLACEMENT_3D('',#3476,#2845,#2846);
#2348=AXIS2_PLACEMENT_3D('',#3479,#2848,#2849);
#2349=AXIS2_PLACEMENT_3D('',#3480,#2850,#2851);
#2350=AXIS2_PLACEMENT_3D('',#3483,#2853,#2854);
#2351=AXIS2_PLACEMENT_3D('',#3484,#2855,#2856);
#2352=AXIS2_PLACEMENT_3D('',#3487,#2858,#2859);
#2353=AXIS2_PLACEMENT_3D('',#3488,#2860,#2861);
#2354=AXIS2_PLACEMENT_3D('',#3491,#2863,#2864);
#2355=AXIS2_PLACEMENT_3D('',#3492,#2865,#2866);
#2356=AXIS2_PLACEMENT_3D('',#3495,#2868,#2869);
#2357=AXIS2_PLACEMENT_3D('',#3496,#2870,#2871);
#2358=AXIS2_PLACEMENT_3D('',#3499,#2873,#2874);
#2359=AXIS2_PLACEMENT_3D('',#3500,#2875,#2876);
#2360=AXIS2_PLACEMENT_3D('',#3503,#2878,#2879);
#2361=AXIS2_PLACEMENT_3D('',#3504,#2880,#2881);
#2362=AXIS2_PLACEMENT_3D('',#3507,#2883,#2884);
#2363=AXIS2_PLACEMENT_3D('',#3508,#2885,#2886);
#2364=AXIS2_PLACEMENT_3D('',#3514,#2890,#2891);
#2365=AXIS2_PLACEMENT_3D('',#3516,#2892,#2893);
#2366=AXIS2_PLACEMENT_3D('',#3518,#2895,#2896);
#2367=AXIS2_PLACEMENT_3D('',#3522,#2899,#2900);
#2368=AXIS2_PLACEMENT_3D('',#3523,#2901,#2902);
#2369=AXIS2_PLACEMENT_3D('',#3524,#2903,#2904);
#2370=AXIS2_PLACEMENT_3D('',#3527,#2906,#2907);
#2371=AXIS2_PLACEMENT_3D('',#3528,#2908,#2909);
#2372=AXIS2_PLACEMENT_3D('',#3531,#2911,#2912);
#2373=AXIS2_PLACEMENT_3D('',#3532,#2913,#2914);
#2374=AXIS2_PLACEMENT_3D('',#3535,#2916,#2917);
#2375=AXIS2_PLACEMENT_3D('',#3536,#2918,#2919);
#2376=AXIS2_PLACEMENT_3D('',#3539,#2921,#2922);
#2377=AXIS2_PLACEMENT_3D('',#3540,#2923,#2924);
#2378=AXIS2_PLACEMENT_3D('',#3543,#2926,#2927);
#2379=AXIS2_PLACEMENT_3D('',#3544,#2928,#2929);
#2380=AXIS2_PLACEMENT_3D('',#3547,#2931,#2932);
#2381=AXIS2_PLACEMENT_3D('',#3548,#2933,#2934);
#2382=AXIS2_PLACEMENT_3D('',#3554,#2938,#2939);
#2383=AXIS2_PLACEMENT_3D('',#3556,#2940,#2941);
#2384=AXIS2_PLACEMENT_3D('',#3558,#2943,#2944);
#2385=AXIS2_PLACEMENT_3D('',#3562,#2947,#2948);
#2386=AXIS2_PLACEMENT_3D('',#3563,#2949,#2950);
#2387=AXIS2_PLACEMENT_3D('',#3564,#2951,#2952);
#2388=AXIS2_PLACEMENT_3D('',#3567,#2954,#2955);
#2389=AXIS2_PLACEMENT_3D('',#3568,#2956,#2957);
#2390=AXIS2_PLACEMENT_3D('',#3571,#2959,#2960);
#2391=AXIS2_PLACEMENT_3D('',#3572,#2961,#2962);
#2392=AXIS2_PLACEMENT_3D('',#3578,#2966,#2967);
#2393=AXIS2_PLACEMENT_3D('',#3580,#2968,#2969);
#2394=AXIS2_PLACEMENT_3D('',#3582,#2971,#2972);
#2395=AXIS2_PLACEMENT_3D('',#3586,#2975,#2976);
#2396=AXIS2_PLACEMENT_3D('',#3587,#2977,#2978);
#2397=AXIS2_PLACEMENT_3D('',#3588,#2979,#2980);
#2398=AXIS2_PLACEMENT_3D('',#3591,#2982,#2983);
#2399=AXIS2_PLACEMENT_3D('',#3592,#2984,#2985);
#2400=AXIS2_PLACEMENT_3D('',#3598,#2989,#2990);
#2401=AXIS2_PLACEMENT_3D('',#3603,#2994,#2995);
#2402=AXIS2_PLACEMENT_3D('',#3605,#2997,#2998);
#2403=AXIS2_PLACEMENT_3D('',#3607,#3000,#3001);
#2404=AXIS2_PLACEMENT_3D('',#3609,#3003,#3004);
#2405=AXIS2_PLACEMENT_3D('',#3610,#3005,#3006);
#2406=DIRECTION('axis',(0.,0.,1.));
#2407=DIRECTION('refdir',(1.,0.,0.));
#2408=DIRECTION('axis',(0.,0.,1.));
#2409=DIRECTION('refdir',(1.,0.,0.));
#2410=DIRECTION('center_axis',(0.,0.,1.));
#2411=DIRECTION('ref_axis',(1.,0.,0.));
#2412=DIRECTION('',(1.,0.,0.));
#2413=DIRECTION('',(0.,1.,0.));
#2414=DIRECTION('',(-1.,0.,0.));
#2415=DIRECTION('',(0.,-1.,0.));
#2416=DIRECTION('center_axis',(0.,0.,1.));
#2417=DIRECTION('ref_axis',(1.,0.,0.));
#2418=DIRECTION('',(0.,1.,0.));
#2419=DIRECTION('',(-1.,0.,0.));
#2420=DIRECTION('',(0.,-1.,0.));
#2421=DIRECTION('',(1.,0.,0.));
#2422=DIRECTION('center_axis',(0.,0.,1.));
#2423=DIRECTION('ref_axis',(1.,0.,0.));
#2424=DIRECTION('',(1.,0.,0.));
#2425=DIRECTION('',(0.,1.,0.));
#2426=DIRECTION('',(-1.,0.,0.));
#2427=DIRECTION('',(0.,-1.,0.));
#2428=DIRECTION('center_axis',(0.,0.,1.));
#2429=DIRECTION('ref_axis',(1.,0.,0.));
#2430=DIRECTION('',(1.,0.,0.));
#2431=DIRECTION('',(0.,1.,0.));
#2432=DIRECTION('',(-1.,0.,0.));
#2433=DIRECTION('',(0.,-1.,0.));
#2434=DIRECTION('center_axis',(0.,0.,1.));
#2435=DIRECTION('ref_axis',(1.,0.,0.));
#2436=DIRECTION('',(0.701768441937918,0.712405119226433,0.));
#2437=DIRECTION('',(-0.712405119226433,0.701768441937917,0.));
#2438=DIRECTION('',(-0.701768441937918,-0.712405119226433,0.));
#2439=DIRECTION('',(0.712405119226433,-0.701768441937917,0.));
#2440=DIRECTION('center_axis',(0.,0.,1.));
#2441=DIRECTION('ref_axis',(1.,0.,0.));
#2442=DIRECTION('',(1.,0.,0.));
#2443=DIRECTION('',(0.,1.,0.));
#2444=DIRECTION('',(-1.,0.,0.));
#2445=DIRECTION('',(0.,-1.,0.));
#2446=DIRECTION('center_axis',(0.,0.,1.));
#2447=DIRECTION('ref_axis',(1.,0.,0.));
#2448=DIRECTION('',(0.,1.,0.));
#2449=DIRECTION('',(-1.,0.,0.));
#2450=DIRECTION('',(0.,-1.,0.));
#2451=DIRECTION('',(1.,0.,0.));
#2452=DIRECTION('center_axis',(0.,0.,1.));
#2453=DIRECTION('ref_axis',(1.,0.,0.));
#2454=DIRECTION('',(1.,0.,0.));
#2455=DIRECTION('',(0.,1.,0.));
#2456=DIRECTION('',(-1.,0.,0.));
#2457=DIRECTION('',(0.,-1.,0.));
#2458=DIRECTION('center_axis',(0.,0.,1.));
#2459=DIRECTION('ref_axis',(1.,0.,0.));
#2460=DIRECTION('',(1.,0.,0.));
#2461=DIRECTION('',(0.,1.,0.));
#2462=DIRECTION('',(-1.,0.,0.));
#2463=DIRECTION('',(0.,-1.,0.));
#2464=DIRECTION('center_axis',(0.,0.,1.));
#2465=DIRECTION('ref_axis',(1.,0.,0.));
#2466=DIRECTION('',(1.,0.,0.));
#2467=DIRECTION('',(0.,1.,0.));
#2468=DIRECTION('',(-1.,0.,0.));
#2469=DIRECTION('',(0.,-1.,0.));
#2470=DIRECTION('center_axis',(-1.,0.,0.));
#2471=DIRECTION('ref_axis',(0.,-1.,0.));
#2472=DIRECTION('center_axis',(-1.,0.,0.));
#2473=DIRECTION('ref_axis',(0.,0.707106781186548,-0.707106781186547));
#2474=DIRECTION('',(0.,1.,0.));
#2475=DIRECTION('center_axis',(-1.,0.,0.));
#2476=DIRECTION('ref_axis',(0.,-0.707106781186548,0.707106781186547));
#2477=DIRECTION('',(0.,-1.,0.));
#2478=DIRECTION('center_axis',(-1.,0.,0.));
#2479=DIRECTION('ref_axis',(0.,0.707106781186548,0.707106781186547));
#2480=DIRECTION('center_axis',(1.,0.,0.));
#2481=DIRECTION('ref_axis',(0.,0.707106781186548,-0.707106781186547));
#2482=DIRECTION('',(1.,0.,0.));
#2483=DIRECTION('center_axis',(1.,0.,0.));
#2484=DIRECTION('ref_axis',(0.,0.707106781186548,-0.707106781186547));
#2485=DIRECTION('',(-1.,0.,0.));
#2486=DIRECTION('center_axis',(0.,0.,1.));
#2487=DIRECTION('ref_axis',(1.,0.,0.));
#2488=DIRECTION('',(0.,1.,0.));
#2489=DIRECTION('',(-1.,0.,0.));
#2490=DIRECTION('',(0.,1.,0.));
#2491=DIRECTION('',(1.,0.,0.));
#2492=DIRECTION('',(0.,-1.,0.));
#2493=DIRECTION('',(-1.,0.,0.));
#2494=DIRECTION('',(0.,1.,0.));
#2495=DIRECTION('',(1.,0.,0.));
#2496=DIRECTION('',(0.,-1.,0.));
#2497=DIRECTION('',(1.,0.,0.));
#2498=DIRECTION('',(0.,-1.,0.));
#2499=DIRECTION('center_axis',(0.,0.,1.));
#2500=DIRECTION('ref_axis',(1.,0.,0.));
#2501=DIRECTION('center_axis',(0.,0.,1.));
#2502=DIRECTION('ref_axis',(0.,1.,0.));
#2503=DIRECTION('',(1.,0.,0.));
#2504=DIRECTION('center_axis',(0.,0.,1.));
#2505=DIRECTION('ref_axis',(0.,-1.,0.));
#2506=DIRECTION('',(-1.,0.,0.));
#2507=DIRECTION('center_axis',(0.,0.,1.));
#2508=DIRECTION('ref_axis',(1.,0.,0.));
#2509=DIRECTION('center_axis',(0.,0.,1.));
#2510=DIRECTION('ref_axis',(1.,0.,0.));
#2511=DIRECTION('center_axis',(0.,0.,1.));
#2512=DIRECTION('ref_axis',(0.,1.,0.));
#2513=DIRECTION('',(1.,0.,0.));
#2514=DIRECTION('center_axis',(0.,0.,1.));
#2515=DIRECTION('ref_axis',(0.,-1.,0.));
#2516=DIRECTION('',(-1.,0.,0.));
#2517=DIRECTION('center_axis',(0.,0.,1.));
#2518=DIRECTION('ref_axis',(1.,0.,0.));
#2519=DIRECTION('center_axis',(0.,0.,1.));
#2520=DIRECTION('ref_axis',(1.,0.,0.));
#2521=DIRECTION('center_axis',(0.,0.,1.));
#2522=DIRECTION('ref_axis',(1.,0.,0.));
#2523=DIRECTION('center_axis',(0.,0.,1.));
#2524=DIRECTION('ref_axis',(1.,0.,0.));
#2525=DIRECTION('center_axis',(0.,0.,1.));
#2526=DIRECTION('ref_axis',(1.,0.,0.));
#2527=DIRECTION('center_axis',(0.,0.,1.));
#2528=DIRECTION('ref_axis',(1.,0.,0.));
#2529=DIRECTION('center_axis',(0.,0.,1.));
#2530=DIRECTION('ref_axis',(1.,-7.40148683083442E-15,0.));
#2531=DIRECTION('',(-1.,0.,0.));
#2532=DIRECTION('center_axis',(0.,0.,1.));
#2533=DIRECTION('ref_axis',(4.62592926927152E-15,1.,0.));
#2534=DIRECTION('',(1.,0.,0.));
#2535=DIRECTION('center_axis',(0.,0.,1.));
#2536=DIRECTION('ref_axis',(1.,0.,0.));
#2537=DIRECTION('center_axis',(0.,0.,1.));
#2538=DIRECTION('ref_axis',(1.,0.,0.));
#2539=DIRECTION('center_axis',(0.,0.,1.));
#2540=DIRECTION('ref_axis',(1.,0.,0.));
#2541=DIRECTION('center_axis',(0.,0.,1.));
#2542=DIRECTION('ref_axis',(1.,0.,0.));
#2543=DIRECTION('center_axis',(0.,0.,1.));
#2544=DIRECTION('ref_axis',(1.,0.,0.));
#2545=DIRECTION('center_axis',(0.,0.,1.));
#2546=DIRECTION('ref_axis',(1.,0.,0.));
#2547=DIRECTION('center_axis',(0.,0.,1.));
#2548=DIRECTION('ref_axis',(1.,0.,0.));
#2549=DIRECTION('center_axis',(0.,0.,1.));
#2550=DIRECTION('ref_axis',(1.,0.,0.));
#2551=DIRECTION('center_axis',(0.,0.,1.));
#2552=DIRECTION('ref_axis',(1.,7.40148683083429E-15,0.));
#2553=DIRECTION('',(-1.,0.,0.));
#2554=DIRECTION('center_axis',(0.,0.,1.));
#2555=DIRECTION('ref_axis',(0.,1.,0.));
#2556=DIRECTION('',(1.,0.,0.));
#2557=DIRECTION('center_axis',(0.,0.,1.));
#2558=DIRECTION('ref_axis',(1.,0.,0.));
#2559=DIRECTION('center_axis',(0.,0.,1.));
#2560=DIRECTION('ref_axis',(1.,0.,0.));
#2561=DIRECTION('center_axis',(0.,0.,1.));
#2562=DIRECTION('ref_axis',(1.,0.,0.));
#2563=DIRECTION('center_axis',(0.,0.,1.));
#2564=DIRECTION('ref_axis',(1.,0.,0.));
#2565=DIRECTION('center_axis',(0.,0.,1.));
#2566=DIRECTION('ref_axis',(1.,0.,0.));
#2567=DIRECTION('center_axis',(0.,0.,1.));
#2568=DIRECTION('ref_axis',(1.,0.,0.));
#2569=DIRECTION('center_axis',(0.,0.,1.));
#2570=DIRECTION('ref_axis',(1.,0.,0.));
#2571=DIRECTION('center_axis',(0.,0.,1.));
#2572=DIRECTION('ref_axis',(1.,0.,0.));
#2573=DIRECTION('center_axis',(0.,0.,1.));
#2574=DIRECTION('ref_axis',(1.,0.,0.));
#2575=DIRECTION('center_axis',(0.,0.,1.));
#2576=DIRECTION('ref_axis',(1.,0.,0.));
#2577=DIRECTION('center_axis',(0.,0.,1.));
#2578=DIRECTION('ref_axis',(1.,0.,0.));
#2579=DIRECTION('center_axis',(0.,0.,1.));
#2580=DIRECTION('ref_axis',(1.,0.,0.));
#2581=DIRECTION('center_axis',(-1.,0.,0.));
#2582=DIRECTION('ref_axis',(0.,0.,1.));
#2583=DIRECTION('center_axis',(1.,0.,0.));
#2584=DIRECTION('ref_axis',(0.,-0.707106781186548,-0.707106781186547));
#2585=DIRECTION('',(0.,1.,0.));
#2586=DIRECTION('center_axis',(-1.,0.,0.));
#2587=DIRECTION('ref_axis',(0.,-0.707106781186548,0.707106781186547));
#2588=DIRECTION('center_axis',(1.,0.,0.));
#2589=DIRECTION('ref_axis',(0.,-0.707106781186548,-0.707106781186547));
#2590=DIRECTION('',(-1.,0.,0.));
#2591=DIRECTION('center_axis',(0.,0.,1.));
#2592=DIRECTION('ref_axis',(0.,1.,0.));
#2593=DIRECTION('center_axis',(-1.,0.,0.));
#2594=DIRECTION('ref_axis',(0.,1.,0.));
#2595=DIRECTION('',(0.,0.,1.));
#2596=DIRECTION('',(0.,-1.,0.));
#2597=DIRECTION('center_axis',(-1.,0.,0.));
#2598=DIRECTION('ref_axis',(0.,-1.,0.));
#2599=DIRECTION('',(0.,1.,0.));
#2600=DIRECTION('',(0.,0.,1.));
#2601=DIRECTION('',(0.,0.,1.));
#2602=DIRECTION('center_axis',(0.,1.,0.));
#2603=DIRECTION('ref_axis',(-1.,0.,0.));
#2604=DIRECTION('',(1.,0.,0.));
#2605=DIRECTION('',(0.,0.,1.));
#2606=DIRECTION('center_axis',(1.,0.,0.));
#2607=DIRECTION('ref_axis',(0.,1.,0.));
#2608=DIRECTION('',(0.,-1.,0.));
#2609=DIRECTION('',(0.,0.,1.));
#2610=DIRECTION('center_axis',(0.,-1.,0.));
#2611=DIRECTION('ref_axis',(1.,0.,0.));
#2612=DIRECTION('',(-1.,0.,0.));
#2613=DIRECTION('center_axis',(-1.,0.,0.));
#2614=DIRECTION('ref_axis',(0.,-1.,0.));
#2615=DIRECTION('',(0.,1.,0.));
#2616=DIRECTION('',(0.,0.,1.));
#2617=DIRECTION('',(0.,0.,1.));
#2618=DIRECTION('center_axis',(0.,1.,0.));
#2619=DIRECTION('ref_axis',(-1.,0.,0.));
#2620=DIRECTION('',(1.,0.,0.));
#2621=DIRECTION('',(0.,0.,1.));
#2622=DIRECTION('center_axis',(1.,0.,0.));
#2623=DIRECTION('ref_axis',(0.,1.,0.));
#2624=DIRECTION('',(0.,-1.,0.));
#2625=DIRECTION('',(0.,0.,1.));
#2626=DIRECTION('center_axis',(0.,-1.,0.));
#2627=DIRECTION('ref_axis',(1.,0.,0.));
#2628=DIRECTION('',(-1.,0.,0.));
#2629=DIRECTION('center_axis',(0.,-1.,0.));
#2630=DIRECTION('ref_axis',(1.,0.,0.));
#2631=DIRECTION('',(-1.,0.,0.));
#2632=DIRECTION('',(0.,0.,1.));
#2633=DIRECTION('',(0.,0.,1.));
#2634=DIRECTION('center_axis',(-1.,0.,0.));
#2635=DIRECTION('ref_axis',(0.,-1.,0.));
#2636=DIRECTION('',(0.,1.,0.));
#2637=DIRECTION('',(0.,0.,1.));
#2638=DIRECTION('center_axis',(0.,1.,0.));
#2639=DIRECTION('ref_axis',(-1.,0.,0.));
#2640=DIRECTION('',(1.,0.,0.));
#2641=DIRECTION('',(0.,0.,1.));
#2642=DIRECTION('center_axis',(1.,0.,0.));
#2643=DIRECTION('ref_axis',(0.,1.,0.));
#2644=DIRECTION('',(0.,-1.,0.));
#2645=DIRECTION('center_axis',(-1.,0.,0.));
#2646=DIRECTION('ref_axis',(0.,-1.,0.));
#2647=DIRECTION('',(0.,1.,0.));
#2648=DIRECTION('',(0.,0.,1.));
#2649=DIRECTION('',(0.,0.,1.));
#2650=DIRECTION('center_axis',(0.,1.,0.));
#2651=DIRECTION('ref_axis',(-1.,0.,0.));
#2652=DIRECTION('',(1.,0.,0.));
#2653=DIRECTION('',(0.,0.,1.));
#2654=DIRECTION('center_axis',(1.,0.,0.));
#2655=DIRECTION('ref_axis',(0.,1.,0.));
#2656=DIRECTION('',(0.,-1.,0.));
#2657=DIRECTION('',(0.,0.,1.));
#2658=DIRECTION('center_axis',(0.,-1.,0.));
#2659=DIRECTION('ref_axis',(1.,0.,0.));
#2660=DIRECTION('',(-1.,0.,0.));
#2661=DIRECTION('center_axis',(-1.,0.,0.));
#2662=DIRECTION('ref_axis',(0.,-1.,0.));
#2663=DIRECTION('',(0.,1.,0.));
#2664=DIRECTION('',(0.,0.,1.));
#2665=DIRECTION('',(0.,0.,1.));
#2666=DIRECTION('center_axis',(0.,1.,0.));
#2667=DIRECTION('ref_axis',(-1.,0.,0.));
#2668=DIRECTION('',(1.,0.,0.));
#2669=DIRECTION('',(0.,0.,1.));
#2670=DIRECTION('center_axis',(1.,0.,0.));
#2671=DIRECTION('ref_axis',(0.,1.,0.));
#2672=DIRECTION('',(0.,-1.,0.));
#2673=DIRECTION('',(0.,0.,1.));
#2674=DIRECTION('center_axis',(0.,-1.,0.));
#2675=DIRECTION('ref_axis',(1.,0.,0.));
#2676=DIRECTION('',(-1.,0.,0.));
#2677=DIRECTION('center_axis',(-1.,0.,0.));
#2678=DIRECTION('ref_axis',(0.,-1.,0.));
#2679=DIRECTION('',(0.,1.,0.));
#2680=DIRECTION('',(0.,0.,1.));
#2681=DIRECTION('',(0.,0.,1.));
#2682=DIRECTION('center_axis',(0.,1.,0.));
#2683=DIRECTION('ref_axis',(-1.,0.,0.));
#2684=DIRECTION('',(1.,0.,0.));
#2685=DIRECTION('',(0.,0.,1.));
#2686=DIRECTION('center_axis',(1.,0.,0.));
#2687=DIRECTION('ref_axis',(0.,1.,0.));
#2688=DIRECTION('',(0.,-1.,0.));
#2689=DIRECTION('',(0.,0.,1.));
#2690=DIRECTION('center_axis',(0.,-1.,0.));
#2691=DIRECTION('ref_axis',(1.,0.,0.));
#2692=DIRECTION('',(-1.,0.,0.));
#2693=DIRECTION('center_axis',(-1.,0.,0.));
#2694=DIRECTION('ref_axis',(0.,-1.,0.));
#2695=DIRECTION('',(0.,1.,0.));
#2696=DIRECTION('',(0.,0.,1.));
#2697=DIRECTION('',(0.,0.,1.));
#2698=DIRECTION('center_axis',(0.,1.,0.));
#2699=DIRECTION('ref_axis',(-1.,0.,0.));
#2700=DIRECTION('',(1.,0.,0.));
#2701=DIRECTION('',(0.,0.,1.));
#2702=DIRECTION('center_axis',(1.,0.,0.));
#2703=DIRECTION('ref_axis',(0.,1.,0.));
#2704=DIRECTION('',(0.,-1.,0.));
#2705=DIRECTION('',(0.,0.,1.));
#2706=DIRECTION('center_axis',(0.,-1.,0.));
#2707=DIRECTION('ref_axis',(1.,0.,0.));
#2708=DIRECTION('',(-1.,0.,0.));
#2709=DIRECTION('center_axis',(-1.,0.,0.));
#2710=DIRECTION('ref_axis',(0.,-1.,0.));
#2711=DIRECTION('',(0.,1.,0.));
#2712=DIRECTION('',(0.,0.,1.));
#2713=DIRECTION('',(0.,0.,1.));
#2714=DIRECTION('center_axis',(0.,1.,0.));
#2715=DIRECTION('ref_axis',(-1.,0.,0.));
#2716=DIRECTION('',(1.,0.,0.));
#2717=DIRECTION('',(0.,0.,1.));
#2718=DIRECTION('center_axis',(1.,0.,0.));
#2719=DIRECTION('ref_axis',(0.,1.,0.));
#2720=DIRECTION('',(0.,-1.,0.));
#2721=DIRECTION('',(0.,0.,1.));
#2722=DIRECTION('center_axis',(0.,-1.,0.));
#2723=DIRECTION('ref_axis',(1.,0.,0.));
#2724=DIRECTION('',(-1.,0.,0.));
#2725=DIRECTION('center_axis',(-0.701768441937917,-0.712405119226433,0.));
#2726=DIRECTION('ref_axis',(0.712405119226433,-0.701768441937917,0.));
#2727=DIRECTION('',(-0.712405119226433,0.701768441937917,0.));
#2728=DIRECTION('',(0.,0.,1.));
#2729=DIRECTION('',(0.,0.,1.));
#2730=DIRECTION('center_axis',(-0.712405119226433,0.701768441937918,0.));
#2731=DIRECTION('ref_axis',(-0.701768441937918,-0.712405119226433,0.));
#2732=DIRECTION('',(0.701768441937918,0.712405119226433,0.));
#2733=DIRECTION('',(0.,0.,1.));
#2734=DIRECTION('center_axis',(0.701768441937917,0.712405119226433,0.));
#2735=DIRECTION('ref_axis',(-0.712405119226433,0.701768441937917,0.));
#2736=DIRECTION('',(0.712405119226433,-0.701768441937917,0.));
#2737=DIRECTION('',(0.,0.,1.));
#2738=DIRECTION('center_axis',(0.712405119226433,-0.701768441937918,0.));
#2739=DIRECTION('ref_axis',(0.701768441937918,0.712405119226433,0.));
#2740=DIRECTION('',(-0.701768441937918,-0.712405119226433,0.));
#2741=DIRECTION('center_axis',(0.,-1.,0.));
#2742=DIRECTION('ref_axis',(1.,0.,0.));
#2743=DIRECTION('',(-1.,0.,0.));
#2744=DIRECTION('',(0.,0.,1.));
#2745=DIRECTION('',(0.,0.,1.));
#2746=DIRECTION('center_axis',(-1.,0.,0.));
#2747=DIRECTION('ref_axis',(0.,-1.,0.));
#2748=DIRECTION('',(0.,1.,0.));
#2749=DIRECTION('',(0.,0.,1.));
#2750=DIRECTION('center_axis',(0.,1.,0.));
#2751=DIRECTION('ref_axis',(-1.,0.,0.));
#2752=DIRECTION('',(1.,0.,0.));
#2753=DIRECTION('',(0.,0.,1.));
#2754=DIRECTION('center_axis',(0.,-1.,0.));
#2755=DIRECTION('ref_axis',(0.,0.,-1.));
#2756=DIRECTION('',(-1.,0.,0.));
#2757=DIRECTION('',(0.,0.,-1.));
#2758=DIRECTION('center_axis',(0.,1.,0.));
#2759=DIRECTION('ref_axis',(0.,0.,1.));
#2760=DIRECTION('',(1.,0.,0.));
#2761=DIRECTION('',(0.,0.,1.));
#2762=DIRECTION('',(0.,0.,-1.));
#2763=DIRECTION('center_axis',(-1.,0.,0.));
#2764=DIRECTION('ref_axis',(0.,1.,0.));
#2765=DIRECTION('',(0.,-1.,0.));
#2766=DIRECTION('',(0.,0.,-1.));
#2767=DIRECTION('center_axis',(0.,0.,-1.));
#2768=DIRECTION('ref_axis',(1.,0.,0.));
#2769=DIRECTION('',(0.,0.,1.));
#2770=DIRECTION('center_axis',(0.,0.,-1.));
#2771=DIRECTION('ref_axis',(1.,0.,0.));
#2772=DIRECTION('center_axis',(0.,0.,-1.));
#2773=DIRECTION('ref_axis',(1.,0.,0.));
#2774=DIRECTION('',(0.,0.,1.));
#2775=DIRECTION('center_axis',(0.,0.,-1.));
#2776=DIRECTION('ref_axis',(1.,0.,0.));
#2777=DIRECTION('center_axis',(0.,0.,-1.));
#2778=DIRECTION('ref_axis',(1.,0.,0.));
#2779=DIRECTION('',(0.,0.,1.));
#2780=DIRECTION('center_axis',(0.,0.,-1.));
#2781=DIRECTION('ref_axis',(1.,0.,0.));
#2782=DIRECTION('center_axis',(0.,0.,-1.));
#2783=DIRECTION('ref_axis',(1.,0.,0.));
#2784=DIRECTION('',(0.,0.,1.));
#2785=DIRECTION('center_axis',(0.,0.,-1.));
#2786=DIRECTION('ref_axis',(1.,0.,0.));
#2787=DIRECTION('center_axis',(0.,0.,-1.));
#2788=DIRECTION('ref_axis',(1.,0.,0.));
#2789=DIRECTION('',(0.,0.,1.));
#2790=DIRECTION('center_axis',(0.,0.,-1.));
#2791=DIRECTION('ref_axis',(1.,0.,0.));
#2792=DIRECTION('center_axis',(0.,0.,-1.));
#2793=DIRECTION('ref_axis',(1.,0.,0.));
#2794=DIRECTION('',(0.,0.,1.));
#2795=DIRECTION('center_axis',(0.,0.,-1.));
#2796=DIRECTION('ref_axis',(1.,0.,0.));
#2797=DIRECTION('center_axis',(0.,0.,-1.));
#2798=DIRECTION('ref_axis',(1.,0.,0.));
#2799=DIRECTION('',(0.,0.,1.));
#2800=DIRECTION('center_axis',(0.,0.,-1.));
#2801=DIRECTION('ref_axis',(1.,0.,0.));
#2802=DIRECTION('center_axis',(0.,0.,-1.));
#2803=DIRECTION('ref_axis',(1.,0.,0.));
#2804=DIRECTION('',(0.,0.,1.));
#2805=DIRECTION('center_axis',(0.,0.,-1.));
#2806=DIRECTION('ref_axis',(1.,0.,0.));
#2807=DIRECTION('center_axis',(0.,0.,-1.));
#2808=DIRECTION('ref_axis',(1.,0.,0.));
#2809=DIRECTION('',(0.,0.,1.));
#2810=DIRECTION('center_axis',(0.,0.,-1.));
#2811=DIRECTION('ref_axis',(1.,0.,0.));
#2812=DIRECTION('center_axis',(0.,0.,-1.));
#2813=DIRECTION('ref_axis',(1.,0.,0.));
#2814=DIRECTION('',(0.,0.,1.));
#2815=DIRECTION('center_axis',(0.,0.,-1.));
#2816=DIRECTION('ref_axis',(1.,0.,0.));
#2817=DIRECTION('center_axis',(0.,0.,-1.));
#2818=DIRECTION('ref_axis',(1.,0.,0.));
#2819=DIRECTION('',(0.,0.,1.));
#2820=DIRECTION('center_axis',(0.,0.,-1.));
#2821=DIRECTION('ref_axis',(1.,0.,0.));
#2822=DIRECTION('center_axis',(0.,0.,-1.));
#2823=DIRECTION('ref_axis',(1.,0.,0.));
#2824=DIRECTION('',(0.,0.,1.));
#2825=DIRECTION('center_axis',(0.,0.,-1.));
#2826=DIRECTION('ref_axis',(1.,0.,0.));
#2827=DIRECTION('center_axis',(0.,1.,0.));
#2828=DIRECTION('ref_axis',(1.,0.,0.));
#2829=DIRECTION('',(-1.,0.,0.));
#2830=DIRECTION('',(0.,0.,-1.));
#2831=DIRECTION('',(0.,0.,-1.));
#2832=DIRECTION('center_axis',(0.,0.,-1.));
#2833=DIRECTION('ref_axis',(0.,1.,0.));
#2834=DIRECTION('center_axis',(0.,0.,-1.));
#2835=DIRECTION('ref_axis',(0.,1.,0.));
#2836=DIRECTION('',(0.,0.,-1.));
#2837=DIRECTION('center_axis',(0.,-1.,0.));
#2838=DIRECTION('ref_axis',(-1.,0.,0.));
#2839=DIRECTION('',(1.,0.,0.));
#2840=DIRECTION('',(0.,0.,-1.));
#2841=DIRECTION('center_axis',(0.,0.,-1.));
#2842=DIRECTION('ref_axis',(1.,7.40148683083429E-15,0.));
#2843=DIRECTION('center_axis',(0.,0.,-1.));
#2844=DIRECTION('ref_axis',(1.,7.40148683083429E-15,0.));
#2845=DIRECTION('center_axis',(0.,0.,-1.));
#2846=DIRECTION('ref_axis',(1.,0.,0.));
#2847=DIRECTION('',(0.,0.,1.));
#2848=DIRECTION('center_axis',(0.,0.,-1.));
#2849=DIRECTION('ref_axis',(1.,0.,0.));
#2850=DIRECTION('center_axis',(0.,0.,-1.));
#2851=DIRECTION('ref_axis',(1.,0.,0.));
#2852=DIRECTION('',(0.,0.,1.));
#2853=DIRECTION('center_axis',(0.,0.,-1.));
#2854=DIRECTION('ref_axis',(1.,0.,0.));
#2855=DIRECTION('center_axis',(0.,0.,-1.));
#2856=DIRECTION('ref_axis',(1.,0.,0.));
#2857=DIRECTION('',(0.,0.,1.));
#2858=DIRECTION('center_axis',(0.,0.,-1.));
#2859=DIRECTION('ref_axis',(1.,0.,0.));
#2860=DIRECTION('center_axis',(0.,0.,-1.));
#2861=DIRECTION('ref_axis',(1.,0.,0.));
#2862=DIRECTION('',(0.,0.,1.));
#2863=DIRECTION('center_axis',(0.,0.,-1.));
#2864=DIRECTION('ref_axis',(1.,0.,0.));
#2865=DIRECTION('center_axis',(0.,0.,-1.));
#2866=DIRECTION('ref_axis',(1.,0.,0.));
#2867=DIRECTION('',(0.,0.,1.));
#2868=DIRECTION('center_axis',(0.,0.,-1.));
#2869=DIRECTION('ref_axis',(1.,0.,0.));
#2870=DIRECTION('center_axis',(0.,0.,-1.));
#2871=DIRECTION('ref_axis',(1.,0.,0.));
#2872=DIRECTION('',(0.,0.,1.));
#2873=DIRECTION('center_axis',(0.,0.,-1.));
#2874=DIRECTION('ref_axis',(1.,0.,0.));
#2875=DIRECTION('center_axis',(0.,0.,-1.));
#2876=DIRECTION('ref_axis',(1.,0.,0.));
#2877=DIRECTION('',(0.,0.,1.));
#2878=DIRECTION('center_axis',(0.,0.,-1.));
#2879=DIRECTION('ref_axis',(1.,0.,0.));
#2880=DIRECTION('center_axis',(0.,0.,-1.));
#2881=DIRECTION('ref_axis',(1.,0.,0.));
#2882=DIRECTION('',(0.,0.,1.));
#2883=DIRECTION('center_axis',(0.,0.,-1.));
#2884=DIRECTION('ref_axis',(1.,0.,0.));
#2885=DIRECTION('center_axis',(0.,1.,0.));
#2886=DIRECTION('ref_axis',(1.,0.,0.));
#2887=DIRECTION('',(-1.,0.,0.));
#2888=DIRECTION('',(0.,0.,-1.));
#2889=DIRECTION('',(0.,0.,-1.));
#2890=DIRECTION('center_axis',(0.,0.,-1.));
#2891=DIRECTION('ref_axis',(4.62592926927152E-15,1.,0.));
#2892=DIRECTION('center_axis',(0.,0.,-1.));
#2893=DIRECTION('ref_axis',(4.62592926927152E-15,1.,0.));
#2894=DIRECTION('',(0.,0.,-1.));
#2895=DIRECTION('center_axis',(0.,-1.,0.));
#2896=DIRECTION('ref_axis',(-1.,0.,0.));
#2897=DIRECTION('',(1.,0.,0.));
#2898=DIRECTION('',(0.,0.,-1.));
#2899=DIRECTION('center_axis',(0.,0.,-1.));
#2900=DIRECTION('ref_axis',(1.,-7.40148683083442E-15,0.));
#2901=DIRECTION('center_axis',(0.,0.,-1.));
#2902=DIRECTION('ref_axis',(1.,-7.40148683083442E-15,0.));
#2903=DIRECTION('center_axis',(0.,0.,-1.));
#2904=DIRECTION('ref_axis',(1.,0.,0.));
#2905=DIRECTION('',(0.,0.,1.));
#2906=DIRECTION('center_axis',(0.,0.,-1.));
#2907=DIRECTION('ref_axis',(1.,0.,0.));
#2908=DIRECTION('center_axis',(0.,0.,-1.));
#2909=DIRECTION('ref_axis',(1.,0.,0.));
#2910=DIRECTION('',(0.,0.,1.));
#2911=DIRECTION('center_axis',(0.,0.,-1.));
#2912=DIRECTION('ref_axis',(1.,0.,0.));
#2913=DIRECTION('center_axis',(0.,0.,-1.));
#2914=DIRECTION('ref_axis',(1.,0.,0.));
#2915=DIRECTION('',(0.,0.,1.));
#2916=DIRECTION('center_axis',(0.,0.,-1.));
#2917=DIRECTION('ref_axis',(1.,0.,0.));
#2918=DIRECTION('center_axis',(0.,0.,-1.));
#2919=DIRECTION('ref_axis',(1.,0.,0.));
#2920=DIRECTION('',(0.,0.,1.));
#2921=DIRECTION('center_axis',(0.,0.,-1.));
#2922=DIRECTION('ref_axis',(1.,0.,0.));
#2923=DIRECTION('center_axis',(0.,0.,-1.));
#2924=DIRECTION('ref_axis',(1.,0.,0.));
#2925=DIRECTION('',(0.,0.,1.));
#2926=DIRECTION('center_axis',(0.,0.,-1.));
#2927=DIRECTION('ref_axis',(1.,0.,0.));
#2928=DIRECTION('center_axis',(0.,0.,-1.));
#2929=DIRECTION('ref_axis',(1.,0.,0.));
#2930=DIRECTION('',(0.,0.,1.));
#2931=DIRECTION('center_axis',(0.,0.,-1.));
#2932=DIRECTION('ref_axis',(1.,0.,0.));
#2933=DIRECTION('center_axis',(0.,-1.,0.));
#2934=DIRECTION('ref_axis',(-1.,0.,0.));
#2935=DIRECTION('',(1.,0.,0.));
#2936=DIRECTION('',(0.,0.,-1.));
#2937=DIRECTION('',(0.,0.,-1.));
#2938=DIRECTION('center_axis',(0.,0.,-1.));
#2939=DIRECTION('ref_axis',(0.,-1.,0.));
#2940=DIRECTION('center_axis',(0.,0.,-1.));
#2941=DIRECTION('ref_axis',(0.,-1.,0.));
#2942=DIRECTION('',(0.,0.,-1.));
#2943=DIRECTION('center_axis',(0.,1.,0.));
#2944=DIRECTION('ref_axis',(1.,0.,0.));
#2945=DIRECTION('',(-1.,0.,0.));
#2946=DIRECTION('',(0.,0.,-1.));
#2947=DIRECTION('center_axis',(0.,0.,-1.));
#2948=DIRECTION('ref_axis',(0.,1.,0.));
#2949=DIRECTION('center_axis',(0.,0.,-1.));
#2950=DIRECTION('ref_axis',(0.,1.,0.));
#2951=DIRECTION('center_axis',(0.,0.,-1.));
#2952=DIRECTION('ref_axis',(1.,0.,0.));
#2953=DIRECTION('',(0.,0.,1.));
#2954=DIRECTION('center_axis',(0.,0.,-1.));
#2955=DIRECTION('ref_axis',(1.,0.,0.));
#2956=DIRECTION('center_axis',(0.,0.,-1.));
#2957=DIRECTION('ref_axis',(1.,0.,0.));
#2958=DIRECTION('',(0.,0.,1.));
#2959=DIRECTION('center_axis',(0.,0.,-1.));
#2960=DIRECTION('ref_axis',(1.,0.,0.));
#2961=DIRECTION('center_axis',(0.,-1.,0.));
#2962=DIRECTION('ref_axis',(-1.,0.,0.));
#2963=DIRECTION('',(1.,0.,0.));
#2964=DIRECTION('',(0.,0.,-1.));
#2965=DIRECTION('',(0.,0.,-1.));
#2966=DIRECTION('center_axis',(0.,0.,-1.));
#2967=DIRECTION('ref_axis',(0.,-1.,0.));
#2968=DIRECTION('center_axis',(0.,0.,-1.));
#2969=DIRECTION('ref_axis',(0.,-1.,0.));
#2970=DIRECTION('',(0.,0.,-1.));
#2971=DIRECTION('center_axis',(0.,1.,0.));
#2972=DIRECTION('ref_axis',(1.,0.,0.));
#2973=DIRECTION('',(-1.,0.,0.));
#2974=DIRECTION('',(0.,0.,-1.));
#2975=DIRECTION('center_axis',(0.,0.,-1.));
#2976=DIRECTION('ref_axis',(0.,1.,0.));
#2977=DIRECTION('center_axis',(0.,0.,-1.));
#2978=DIRECTION('ref_axis',(0.,1.,0.));
#2979=DIRECTION('center_axis',(0.,0.,-1.));
#2980=DIRECTION('ref_axis',(1.,0.,0.));
#2981=DIRECTION('',(0.,0.,1.));
#2982=DIRECTION('center_axis',(0.,0.,-1.));
#2983=DIRECTION('ref_axis',(1.,0.,0.));
#2984=DIRECTION('center_axis',(0.,-1.,0.));
#2985=DIRECTION('ref_axis',(-1.,0.,0.));
#2986=DIRECTION('',(1.,0.,0.));
#2987=DIRECTION('',(0.,0.,-1.));
#2988=DIRECTION('',(0.,0.,-1.));
#2989=DIRECTION('center_axis',(1.,0.,0.));
#2990=DIRECTION('ref_axis',(0.,-1.,0.));
#2991=DIRECTION('',(0.,1.,0.));
#2992=DIRECTION('',(0.,0.,-1.));
#2993=DIRECTION('',(0.,1.,0.));
#2994=DIRECTION('center_axis',(0.,1.,0.));
#2995=DIRECTION('ref_axis',(1.,0.,0.));
#2996=DIRECTION('',(-1.,0.,0.));
#2997=DIRECTION('center_axis',(-1.,0.,0.));
#2998=DIRECTION('ref_axis',(0.,1.,0.));
#2999=DIRECTION('',(0.,-1.,0.));
#3000=DIRECTION('center_axis',(-1.,0.,0.));
#3001=DIRECTION('ref_axis',(0.,1.,0.));
#3002=DIRECTION('',(0.,-1.,0.));
#3003=DIRECTION('center_axis',(0.,0.,1.));
#3004=DIRECTION('ref_axis',(1.,0.,0.));
#3005=DIRECTION('',(0.,0.,1.));
#3006=DIRECTION('',(1.,0.,0.));
#3007=CARTESIAN_POINT('',(0.,0.,0.));
#3008=CARTESIAN_POINT('',(0.,0.,0.));
#3009=CARTESIAN_POINT('Origin',(8.30830678002929,3.17577562894777,1.));
#3010=CARTESIAN_POINT('',(7.63396356309185,2.58317098376032,1.));
#3011=CARTESIAN_POINT('',(8.98264999696675,2.58317098376032,1.));
#3012=CARTESIAN_POINT('',(8.98264999696675,2.58317098376032,1.));
#3013=CARTESIAN_POINT('',(8.98264999696675,3.76838027413523,1.));
#3014=CARTESIAN_POINT('',(8.98264999696675,3.76838027413523,1.));
#3015=CARTESIAN_POINT('',(7.63396356309185,3.76838027413523,1.));
#3016=CARTESIAN_POINT('',(7.63396356309185,3.76838027413523,1.));
#3017=CARTESIAN_POINT('',(7.63396356309185,2.58317098376032,1.));
#3018=CARTESIAN_POINT('Origin',(9.46740459036845,11.752795579938,1.));
#3019=CARTESIAN_POINT('',(10.3821697759135,10.1746918972726,1.));
#3020=CARTESIAN_POINT('',(10.3821697759135,13.3308992626034,1.));
#3021=CARTESIAN_POINT('',(10.3821697759135,10.1746918972726,1.));
#3022=CARTESIAN_POINT('',(8.55263940482341,13.3308992626034,1.));
#3023=CARTESIAN_POINT('',(10.3821697759135,13.3308992626034,1.));
#3024=CARTESIAN_POINT('',(8.55263940482341,10.1746918972726,1.));
#3025=CARTESIAN_POINT('',(8.55263940482341,13.3308992626034,1.));
#3026=CARTESIAN_POINT('',(8.55263940482341,10.1746918972726,1.));
#3027=CARTESIAN_POINT('Origin',(13.7199954013742,5.07482084427175,1.));
#3028=CARTESIAN_POINT('',(12.0829717973255,3.83205423386822,1.));
#3029=CARTESIAN_POINT('',(15.357019005423,3.83205423386822,1.));
#3030=CARTESIAN_POINT('',(15.357019005423,3.83205423386822,1.));
#3031=CARTESIAN_POINT('',(15.357019005423,6.31758745467528,1.));
#3032=CARTESIAN_POINT('',(15.357019005423,6.31758745467528,1.));
#3033=CARTESIAN_POINT('',(12.0829717973255,6.31758745467528,1.));
#3034=CARTESIAN_POINT('',(12.0829717973255,6.31758745467528,1.));
#3035=CARTESIAN_POINT('',(12.0829717973255,3.83205423386822,1.));
#3036=CARTESIAN_POINT('Origin',(13.4154281163427,11.9212079283029,1.));
#3037=CARTESIAN_POINT('',(11.8599883125458,11.2108495927106,1.));
#3038=CARTESIAN_POINT('',(14.9708679201397,11.2108495927106,1.));
#3039=CARTESIAN_POINT('',(14.9708679201397,11.2108495927106,1.));
#3040=CARTESIAN_POINT('',(14.9708679201397,12.6315662638952,1.));
#3041=CARTESIAN_POINT('',(14.9708679201397,12.6315662638952,1.));
#3042=CARTESIAN_POINT('',(11.8599883125458,12.6315662638952,1.));
#3043=CARTESIAN_POINT('',(11.8599883125458,12.6315662638952,1.));
#3044=CARTESIAN_POINT('',(11.8599883125458,11.2108495927106,1.));
#3045=CARTESIAN_POINT('Origin',(22.0483911843414,8.8962925143897,1.));
#3046=CARTESIAN_POINT('',(22.1300553996915,3.88619269577861,1.));
#3047=CARTESIAN_POINT('',(27.0591525676821,8.89,1.));
#3048=CARTESIAN_POINT('',(22.1300553996915,3.88619269577861,1.));
#3049=CARTESIAN_POINT('',(21.9667269689913,13.9063923330008,1.));
#3050=CARTESIAN_POINT('',(27.0591525676821,8.89,1.));
#3051=CARTESIAN_POINT('',(17.0376298010007,8.9025850287794,1.));
#3052=CARTESIAN_POINT('',(21.9667269689913,13.9063923330008,1.));
#3053=CARTESIAN_POINT('',(17.0376298010007,8.9025850287794,1.));
#3054=CARTESIAN_POINT('Origin',(16.7602136457501,13.5255170806778,1.));
#3055=CARTESIAN_POINT('',(15.7633312130113,12.0363470268334,1.));
#3056=CARTESIAN_POINT('',(17.7570960784889,12.0363470268334,1.));
#3057=CARTESIAN_POINT('',(17.7570960784889,12.0363470268334,1.));
#3058=CARTESIAN_POINT('',(17.7570960784889,15.0146871345221,1.));
#3059=CARTESIAN_POINT('',(17.7570960784889,15.0146871345221,1.));
#3060=CARTESIAN_POINT('',(15.7633312130113,15.0146871345221,1.));
#3061=CARTESIAN_POINT('',(15.7633312130113,15.0146871345221,1.));
#3062=CARTESIAN_POINT('',(15.7633312130113,12.0363470268334,1.));
#3063=CARTESIAN_POINT('Origin',(31.8825812907241,8.89,1.));
#3064=CARTESIAN_POINT('',(33.,5.85103996639173,1.));
#3065=CARTESIAN_POINT('',(33.,11.9289600336083,1.));
#3066=CARTESIAN_POINT('',(33.,5.85103996639173,1.));
#3067=CARTESIAN_POINT('',(30.7651625814481,11.9289600336083,1.));
#3068=CARTESIAN_POINT('',(33.,11.9289600336083,1.));
#3069=CARTESIAN_POINT('',(30.7651625814481,5.85103996639173,1.));
#3070=CARTESIAN_POINT('',(30.7651625814481,11.9289600336083,1.));
#3071=CARTESIAN_POINT('',(30.7651625814481,5.85103996639173,1.));
#3072=CARTESIAN_POINT('Origin',(13.5828625340194,8.96596595546624,1.));
#3073=CARTESIAN_POINT('',(12.0829717973255,8.15173955554669,1.));
#3074=CARTESIAN_POINT('',(15.0827532707133,8.15173955554669,1.));
#3075=CARTESIAN_POINT('',(15.0827532707133,8.15173955554669,1.));
#3076=CARTESIAN_POINT('',(15.0827532707133,9.78019235538579,1.));
#3077=CARTESIAN_POINT('',(15.0827532707133,9.78019235538579,1.));
#3078=CARTESIAN_POINT('',(12.0829717973255,9.78019235538579,1.));
#3079=CARTESIAN_POINT('',(12.0829717973255,9.78019235538579,1.));
#3080=CARTESIAN_POINT('',(12.0829717973255,8.15173955554669,1.));
#3081=CARTESIAN_POINT('Origin',(9.46740459036845,6.01194801608027,1.));
#3082=CARTESIAN_POINT('',(8.55263940482341,4.41694371326673,1.));
#3083=CARTESIAN_POINT('',(10.3821697759135,4.41694371326673,1.));
#3084=CARTESIAN_POINT('',(10.3821697759135,4.41694371326673,1.));
#3085=CARTESIAN_POINT('',(10.3821697759135,7.60695231889381,1.));
#3086=CARTESIAN_POINT('',(10.3821697759135,7.60695231889381,1.));
#3087=CARTESIAN_POINT('',(8.55263940482341,7.60695231889381,1.));
#3088=CARTESIAN_POINT('',(8.55263940482341,7.60695231889381,1.));
#3089=CARTESIAN_POINT('',(8.55263940482341,4.41694371326673,1.));
#3090=CARTESIAN_POINT('Origin',(8.25276246512633,14.8130935817855,1.));
#3091=CARTESIAN_POINT('',(7.38244829776642,14.3661020184149,1.));
#3092=CARTESIAN_POINT('',(9.12307663248624,14.3661020184149,1.));
#3093=CARTESIAN_POINT('',(9.12307663248624,14.3661020184149,1.));
#3094=CARTESIAN_POINT('',(9.12307663248624,15.2600851451561,1.));
#3095=CARTESIAN_POINT('',(9.12307663248624,15.2600851451561,1.));
#3096=CARTESIAN_POINT('',(7.38244829776642,15.2600851451561,1.));
#3097=CARTESIAN_POINT('',(7.38244829776642,15.2600851451561,1.));
#3098=CARTESIAN_POINT('',(7.38244829776642,14.3661020184149,1.));
#3099=CARTESIAN_POINT('Origin',(5.85087111286853,8.89,0.0499999999999998));
#3100=CARTESIAN_POINT('',(5.85087111286853,11.74,1.7));
#3101=CARTESIAN_POINT('',(5.85087111286853,13.3892422502471,0.));
#3102=CARTESIAN_POINT('Origin',(5.85087111286853,11.74,0.0499999999999998));
#3103=CARTESIAN_POINT('',(5.85087111286853,6.04,1.7));
#3104=CARTESIAN_POINT('',(5.85087111286853,4.39,1.7));
#3105=CARTESIAN_POINT('',(5.85087111286853,4.39075774975294,0.));
#3106=CARTESIAN_POINT('Origin',(5.85087111286853,6.04,0.0499999999999998));
#3107=CARTESIAN_POINT('',(5.85087111286853,11.295629771807,0.));
#3108=CARTESIAN_POINT('Origin',(5.85087111286853,11.74,0.0499999999999998));
#3109=CARTESIAN_POINT('',(-0.749128887131473,11.74,-1.6));
#3110=CARTESIAN_POINT('',(-0.749128887131473,11.74,1.7));
#3111=CARTESIAN_POINT('Origin',(-0.749128887131474,11.74,0.0499999999999998));
#3112=CARTESIAN_POINT('',(5.85087111286853,11.74,1.7));
#3113=CARTESIAN_POINT('',(5.85087111286853,11.74,-1.6));
#3114=CARTESIAN_POINT('Origin',(5.85087111286853,11.74,0.0499999999999998));
#3115=CARTESIAN_POINT('',(11.1754355564343,11.74,-1.6));
#3116=CARTESIAN_POINT('Origin',(16.5,8.89,-1.6));
#3117=CARTESIAN_POINT('',(5.85087111286853,13.8012595436141,-1.6));
#3118=CARTESIAN_POINT('',(5.85087111286853,6.48437022819297,-1.6));
#3119=CARTESIAN_POINT('',(0.,13.8012595436141,-1.6));
#3120=CARTESIAN_POINT('',(11.1754355564343,13.8012595436141,-1.6));
#3121=CARTESIAN_POINT('',(0.,17.78,-1.6));
#3122=CARTESIAN_POINT('',(0.,17.78,-1.6));
#3123=CARTESIAN_POINT('',(33.,17.78,-1.6));
#3124=CARTESIAN_POINT('',(33.,17.78,-1.6));
#3125=CARTESIAN_POINT('',(33.,0.,-1.6));
#3126=CARTESIAN_POINT('',(33.,0.,-1.6));
#3127=CARTESIAN_POINT('',(0.,0.,-1.6));
#3128=CARTESIAN_POINT('',(0.,0.,-1.6));
#3129=CARTESIAN_POINT('',(0.,3.97874045638595,-1.6));
#3130=CARTESIAN_POINT('',(0.,17.78,-1.6));
#3131=CARTESIAN_POINT('',(5.85087111286853,3.97874045638595,-1.6));
#3132=CARTESIAN_POINT('',(8.25,3.97874045638595,-1.6));
#3133=CARTESIAN_POINT('',(5.85087111286853,6.04,-1.6));
#3134=CARTESIAN_POINT('',(5.85087111286853,6.48437022819297,-1.6));
#3135=CARTESIAN_POINT('',(-0.749128887131473,6.04,-1.6));
#3136=CARTESIAN_POINT('',(11.1754355564343,6.04,-1.6));
#3137=CARTESIAN_POINT('',(-0.749128887131473,13.39,-1.6));
#3138=CARTESIAN_POINT('',(21.08,1.27,-1.6));
#3139=CARTESIAN_POINT('Origin',(21.58,1.27,-1.6));
#3140=CARTESIAN_POINT('',(4.96442741747178,3.50176594722913,-1.6));
#3141=CARTESIAN_POINT('',(4.96442741747178,2.90176594722913,-1.6));
#3142=CARTESIAN_POINT('Origin',(4.96442741747178,3.20176594722913,-1.6));
#3143=CARTESIAN_POINT('',(5.76442741747178,2.90176594722913,-1.6));
#3144=CARTESIAN_POINT('',(5.76442741747178,2.90176594722913,-1.6));
#3145=CARTESIAN_POINT('',(5.76442741747178,3.50176594722913,-1.6));
#3146=CARTESIAN_POINT('Origin',(5.76442741747178,3.20176594722913,-1.6));
#3147=CARTESIAN_POINT('',(4.96442741747178,3.50176594722913,-1.6));
#3148=CARTESIAN_POINT('',(23.62,1.27,-1.6));
#3149=CARTESIAN_POINT('Origin',(24.12,1.27,-1.6));
#3150=CARTESIAN_POINT('',(8.38,1.27,-1.6));
#3151=CARTESIAN_POINT('Origin',(8.88,1.27,-1.6));
#3152=CARTESIAN_POINT('',(0.714612490183808,3.50176594722913,-1.6));
#3153=CARTESIAN_POINT('',(0.714612490183808,2.90176594722913,-1.6));
#3154=CARTESIAN_POINT('Origin',(0.714612490183808,3.20176594722913,-1.6));
#3155=CARTESIAN_POINT('',(1.91461249018381,2.90176594722913,-1.6));
#3156=CARTESIAN_POINT('',(1.91461249018381,2.90176594722913,-1.6));
#3157=CARTESIAN_POINT('',(1.91461249018381,3.50176594722913,-1.6));
#3158=CARTESIAN_POINT('Origin',(1.91461249018381,3.20176594722913,-1.6));
#3159=CARTESIAN_POINT('',(0.714612490183808,3.50176594722913,-1.6));
#3160=CARTESIAN_POINT('',(5.84,1.27,-1.6));
#3161=CARTESIAN_POINT('Origin',(6.34,1.27,-1.6));
#3162=CARTESIAN_POINT('',(3.3,16.51,-1.6));
#3163=CARTESIAN_POINT('Origin',(3.8,16.51,-1.6));
#3164=CARTESIAN_POINT('',(28.7,16.51,-1.6));
#3165=CARTESIAN_POINT('Origin',(29.2,16.51,-1.6));
#3166=CARTESIAN_POINT('',(26.16,1.27,-1.6));
#3167=CARTESIAN_POINT('Origin',(26.66,1.27,-1.6));
#3168=CARTESIAN_POINT('',(16.,1.27,-1.6));
#3169=CARTESIAN_POINT('Origin',(16.5,1.27,-1.6));
#3170=CARTESIAN_POINT('',(10.92,16.51,-1.6));
#3171=CARTESIAN_POINT('Origin',(11.42,16.51,-1.6));
#3172=CARTESIAN_POINT('',(1.91461249018381,14.2782340527709,-1.6));
#3173=CARTESIAN_POINT('',(1.91461249018381,14.8782340527709,-1.6));
#3174=CARTESIAN_POINT('Origin',(1.91461249018381,14.5782340527709,-1.6));
#3175=CARTESIAN_POINT('',(0.714612490183808,14.8782340527709,-1.6));
#3176=CARTESIAN_POINT('',(1.91461249018381,14.8782340527709,-1.6));
#3177=CARTESIAN_POINT('',(0.714612490183808,14.2782340527709,-1.6));
#3178=CARTESIAN_POINT('Origin',(0.714612490183807,14.5782340527709,-1.6));
#3179=CARTESIAN_POINT('',(0.714612490183809,14.2782340527709,-1.6));
#3180=CARTESIAN_POINT('',(31.24,1.27,-1.6));
#3181=CARTESIAN_POINT('Origin',(31.74,1.27,-1.6));
#3182=CARTESIAN_POINT('',(0.759999999999996,1.27,-1.6));
#3183=CARTESIAN_POINT('Origin',(1.26,1.27,-1.6));
#3184=CARTESIAN_POINT('',(28.7,1.27,-1.6));
#3185=CARTESIAN_POINT('Origin',(29.2,1.27,-1.6));
#3186=CARTESIAN_POINT('',(13.46,1.27,-1.6));
#3187=CARTESIAN_POINT('Origin',(13.96,1.27,-1.6));
#3188=CARTESIAN_POINT('',(28.1982325482014,4.38259401072741,-1.6));
#3189=CARTESIAN_POINT('Origin',(28.6982325482014,4.38259401072741,-1.6));
#3190=CARTESIAN_POINT('',(3.3,1.27,-1.6));
#3191=CARTESIAN_POINT('Origin',(3.8,1.27,-1.6));
#3192=CARTESIAN_POINT('',(18.54,16.51,-1.6));
#3193=CARTESIAN_POINT('Origin',(19.04,16.51,-1.6));
#3194=CARTESIAN_POINT('',(26.16,16.51,-1.6));
#3195=CARTESIAN_POINT('Origin',(26.66,16.51,-1.6));
#3196=CARTESIAN_POINT('',(5.76442741747178,14.2782340527709,-1.6));
#3197=CARTESIAN_POINT('',(5.76442741747178,14.8782340527709,-1.6));
#3198=CARTESIAN_POINT('Origin',(5.76442741747178,14.5782340527709,-1.6));
#3199=CARTESIAN_POINT('',(4.96442741747178,14.8782340527709,-1.6));
#3200=CARTESIAN_POINT('',(5.76442741747178,14.8782340527709,-1.6));
#3201=CARTESIAN_POINT('',(4.96442741747178,14.2782340527709,-1.6));
#3202=CARTESIAN_POINT('Origin',(4.96442741747178,14.5782340527709,-1.6));
#3203=CARTESIAN_POINT('',(4.96442741747178,14.2782340527709,-1.6));
#3204=CARTESIAN_POINT('',(28.1982325482014,9.46259401072741,-1.6));
#3205=CARTESIAN_POINT('Origin',(28.6982325482014,9.46259401072741,-1.6));
#3206=CARTESIAN_POINT('',(5.84,16.51,-1.6));
#3207=CARTESIAN_POINT('Origin',(6.34,16.51,-1.6));
#3208=CARTESIAN_POINT('',(31.24,16.51,-1.6));
#3209=CARTESIAN_POINT('Origin',(31.74,16.51,-1.6));
#3210=CARTESIAN_POINT('',(16.,16.51,-1.6));
#3211=CARTESIAN_POINT('Origin',(16.5,16.51,-1.6));
#3212=CARTESIAN_POINT('',(18.54,1.27,-1.6));
#3213=CARTESIAN_POINT('Origin',(19.04,1.27,-1.6));
#3214=CARTESIAN_POINT('',(8.38,16.51,-1.6));
#3215=CARTESIAN_POINT('Origin',(8.88,16.51,-1.6));
#3216=CARTESIAN_POINT('',(13.46,16.51,-1.6));
#3217=CARTESIAN_POINT('Origin',(13.96,16.51,-1.6));
#3218=CARTESIAN_POINT('',(28.1982325482014,6.92259401072741,-1.6));
#3219=CARTESIAN_POINT('Origin',(28.6982325482014,6.92259401072741,-1.6));
#3220=CARTESIAN_POINT('',(10.92,1.27,-1.6));
#3221=CARTESIAN_POINT('Origin',(11.42,1.27,-1.6));
#3222=CARTESIAN_POINT('',(21.08,16.51,-1.6));
#3223=CARTESIAN_POINT('Origin',(21.58,16.51,-1.6));
#3224=CARTESIAN_POINT('',(23.62,16.51,-1.6));
#3225=CARTESIAN_POINT('Origin',(24.12,16.51,-1.6));
#3226=CARTESIAN_POINT('',(0.759999999999996,16.51,-1.6));
#3227=CARTESIAN_POINT('Origin',(1.26,16.51,-1.6));
#3228=CARTESIAN_POINT('Origin',(-0.749128887131473,8.89,0.0499999999999998));
#3229=CARTESIAN_POINT('',(-0.749128887131473,6.04,1.7));
#3230=CARTESIAN_POINT('Origin',(-0.749128887131474,6.04,0.0499999999999998));
#3231=CARTESIAN_POINT('',(-0.749128887131473,4.39,1.7));
#3232=CARTESIAN_POINT('Origin',(5.85087111286853,6.04,0.0499999999999998));
#3233=CARTESIAN_POINT('Origin',(5.85087111286853,6.04,0.0499999999999998));
#3234=CARTESIAN_POINT('',(5.85087111286853,6.04,1.7));
#3235=CARTESIAN_POINT('Origin',(5.85087111286853,4.39,1.7));
#3236=CARTESIAN_POINT('Origin',(5.85087111286853,4.07874045638595,0.));
#3237=CARTESIAN_POINT('',(5.85087111286853,3.97874045638595,0.));
#3238=CARTESIAN_POINT('',(5.85087111286853,3.97874045638595,0.));
#3239=CARTESIAN_POINT('',(5.85087111286853,11.295629771807,0.));
#3240=CARTESIAN_POINT('Origin',(7.38244829776642,15.2600851451561,0.));
#3241=CARTESIAN_POINT('',(7.38244829776642,14.3661020184149,0.));
#3242=CARTESIAN_POINT('',(7.38244829776642,15.2600851451561,0.));
#3243=CARTESIAN_POINT('',(7.38244829776642,12.0750425725781,0.));
#3244=CARTESIAN_POINT('',(7.38244829776642,14.3661020184149,0.));
#3245=CARTESIAN_POINT('',(7.38244829776642,15.2600851451561,0.));
#3246=CARTESIAN_POINT('Origin',(9.12307663248624,15.2600851451561,0.));
#3247=CARTESIAN_POINT('',(9.12307663248624,15.2600851451561,0.));
#3248=CARTESIAN_POINT('',(12.8115383162431,15.2600851451561,0.));
#3249=CARTESIAN_POINT('',(9.12307663248624,15.2600851451561,0.));
#3250=CARTESIAN_POINT('Origin',(9.12307663248624,14.3661020184149,0.));
#3251=CARTESIAN_POINT('',(9.12307663248624,14.3661020184149,0.));
#3252=CARTESIAN_POINT('',(9.12307663248624,11.6280510092075,0.));
#3253=CARTESIAN_POINT('',(9.12307663248624,14.3661020184149,0.));
#3254=CARTESIAN_POINT('Origin',(7.38244829776642,14.3661020184149,0.));
#3255=CARTESIAN_POINT('',(11.9412241488832,14.3661020184149,0.));
#3256=CARTESIAN_POINT('Origin',(12.0829717973255,6.31758745467528,0.));
#3257=CARTESIAN_POINT('',(12.0829717973255,3.83205423386822,0.));
#3258=CARTESIAN_POINT('',(12.0829717973255,6.31758745467528,0.));
#3259=CARTESIAN_POINT('',(12.0829717973255,7.60379372733764,0.));
#3260=CARTESIAN_POINT('',(12.0829717973255,3.83205423386822,0.));
#3261=CARTESIAN_POINT('',(12.0829717973255,6.31758745467528,0.));
#3262=CARTESIAN_POINT('Origin',(15.357019005423,6.31758745467528,0.));
#3263=CARTESIAN_POINT('',(15.357019005423,6.31758745467528,0.));
#3264=CARTESIAN_POINT('',(15.9285095027115,6.31758745467528,0.));
#3265=CARTESIAN_POINT('',(15.357019005423,6.31758745467528,0.));
#3266=CARTESIAN_POINT('Origin',(15.357019005423,3.83205423386822,0.));
#3267=CARTESIAN_POINT('',(15.357019005423,3.83205423386822,0.));
#3268=CARTESIAN_POINT('',(15.357019005423,6.36102711693411,0.));
#3269=CARTESIAN_POINT('',(15.357019005423,3.83205423386822,0.));
#3270=CARTESIAN_POINT('Origin',(12.0829717973255,3.83205423386822,0.));
#3271=CARTESIAN_POINT('',(14.2914858986627,3.83205423386822,0.));
#3272=CARTESIAN_POINT('Origin',(8.55263940482341,10.1746918972726,0.));
#3273=CARTESIAN_POINT('',(10.3821697759135,10.1746918972726,0.));
#3274=CARTESIAN_POINT('',(8.55263940482341,10.1746918972726,0.));
#3275=CARTESIAN_POINT('',(12.5263197024117,10.1746918972726,0.));
#3276=CARTESIAN_POINT('',(10.3821697759135,10.1746918972726,0.));
#3277=CARTESIAN_POINT('',(8.55263940482341,10.1746918972726,0.));
#3278=CARTESIAN_POINT('Origin',(8.55263940482341,13.3308992626034,0.));
#3279=CARTESIAN_POINT('',(8.55263940482341,13.3308992626034,0.));
#3280=CARTESIAN_POINT('',(8.55263940482341,11.1104496313017,0.));
#3281=CARTESIAN_POINT('',(8.55263940482341,13.3308992626034,0.));
#3282=CARTESIAN_POINT('Origin',(10.3821697759135,13.3308992626034,0.));
#3283=CARTESIAN_POINT('',(10.3821697759135,13.3308992626034,0.));
#3284=CARTESIAN_POINT('',(13.4410848879567,13.3308992626034,0.));
#3285=CARTESIAN_POINT('',(10.3821697759135,13.3308992626034,0.));
#3286=CARTESIAN_POINT('Origin',(10.3821697759135,10.1746918972726,0.));
#3287=CARTESIAN_POINT('',(10.3821697759135,9.53234594863632,0.));
#3288=CARTESIAN_POINT('Origin',(8.55263940482341,7.60695231889381,0.));
#3289=CARTESIAN_POINT('',(8.55263940482341,4.41694371326673,0.));
#3290=CARTESIAN_POINT('',(8.55263940482341,7.60695231889381,0.));
#3291=CARTESIAN_POINT('',(8.55263940482341,8.24847615944691,0.));
#3292=CARTESIAN_POINT('',(8.55263940482341,4.41694371326673,0.));
#3293=CARTESIAN_POINT('',(8.55263940482341,7.60695231889381,0.));
#3294=CARTESIAN_POINT('Origin',(10.3821697759135,7.60695231889381,0.));
#3295=CARTESIAN_POINT('',(10.3821697759135,7.60695231889381,0.));
#3296=CARTESIAN_POINT('',(13.4410848879567,7.60695231889381,0.));
#3297=CARTESIAN_POINT('',(10.3821697759135,7.60695231889381,0.));
#3298=CARTESIAN_POINT('Origin',(10.3821697759135,4.41694371326673,0.));
#3299=CARTESIAN_POINT('',(10.3821697759135,4.41694371326673,0.));
#3300=CARTESIAN_POINT('',(10.3821697759135,6.65347185663336,0.));
#3301=CARTESIAN_POINT('',(10.3821697759135,4.41694371326673,0.));
#3302=CARTESIAN_POINT('Origin',(8.55263940482341,4.41694371326673,0.));
#3303=CARTESIAN_POINT('',(12.5263197024117,4.41694371326673,0.));
#3304=CARTESIAN_POINT('Origin',(7.63396356309185,3.76838027413523,0.));
#3305=CARTESIAN_POINT('',(7.63396356309185,2.58317098376032,0.));
#3306=CARTESIAN_POINT('',(7.63396356309185,3.76838027413523,0.));
#3307=CARTESIAN_POINT('',(7.63396356309184,6.32919013706761,0.));
#3308=CARTESIAN_POINT('',(7.63396356309185,2.58317098376032,0.));
#3309=CARTESIAN_POINT('',(7.63396356309185,3.76838027413523,0.));
#3310=CARTESIAN_POINT('Origin',(8.98264999696675,3.76838027413523,0.));
#3311=CARTESIAN_POINT('',(8.98264999696675,3.76838027413523,0.));
#3312=CARTESIAN_POINT('',(12.7413249984834,3.76838027413523,0.));
#3313=CARTESIAN_POINT('',(8.98264999696675,3.76838027413523,0.));
#3314=CARTESIAN_POINT('Origin',(8.98264999696675,2.58317098376032,0.));
#3315=CARTESIAN_POINT('',(8.98264999696675,2.58317098376032,0.));
#3316=CARTESIAN_POINT('',(8.98264999696674,5.73658549188016,0.));
#3317=CARTESIAN_POINT('',(8.98264999696675,2.58317098376032,0.));
#3318=CARTESIAN_POINT('Origin',(7.63396356309185,2.58317098376032,0.));
#3319=CARTESIAN_POINT('',(12.0669817815459,2.58317098376032,0.));
#3320=CARTESIAN_POINT('Origin',(12.0829717973255,9.78019235538579,0.));
#3321=CARTESIAN_POINT('',(12.0829717973255,8.15173955554669,0.));
#3322=CARTESIAN_POINT('',(12.0829717973255,9.78019235538579,0.));
#3323=CARTESIAN_POINT('',(12.0829717973255,9.3350961776929,0.));
#3324=CARTESIAN_POINT('',(12.0829717973255,8.15173955554669,0.));
#3325=CARTESIAN_POINT('',(12.0829717973255,9.78019235538579,0.));
#3326=CARTESIAN_POINT('Origin',(15.0827532707133,9.78019235538579,0.));
#3327=CARTESIAN_POINT('',(15.0827532707133,9.78019235538579,0.));
#3328=CARTESIAN_POINT('',(15.7913766353566,9.78019235538579,0.));
#3329=CARTESIAN_POINT('',(15.0827532707133,9.78019235538579,0.));
#3330=CARTESIAN_POINT('Origin',(15.0827532707133,8.15173955554669,0.));
#3331=CARTESIAN_POINT('',(15.0827532707133,8.15173955554669,0.));
#3332=CARTESIAN_POINT('',(15.0827532707133,8.52086977777335,0.));
#3333=CARTESIAN_POINT('',(15.0827532707133,8.15173955554669,0.));
#3334=CARTESIAN_POINT('Origin',(12.0829717973255,8.15173955554669,0.));
#3335=CARTESIAN_POINT('',(14.2914858986627,8.15173955554669,0.));
#3336=CARTESIAN_POINT('Origin',(11.8599883125458,12.6315662638952,0.));
#3337=CARTESIAN_POINT('',(11.8599883125458,11.2108495927106,0.));
#3338=CARTESIAN_POINT('',(11.8599883125458,12.6315662638952,0.));
#3339=CARTESIAN_POINT('',(11.8599883125458,10.7607831319476,0.));
#3340=CARTESIAN_POINT('',(11.8599883125458,11.2108495927106,0.));
#3341=CARTESIAN_POINT('',(11.8599883125458,12.6315662638952,0.));
#3342=CARTESIAN_POINT('Origin',(14.9708679201397,12.6315662638952,0.));
#3343=CARTESIAN_POINT('',(14.9708679201397,12.6315662638952,0.));
#3344=CARTESIAN_POINT('',(15.7354339600698,12.6315662638952,0.));
#3345=CARTESIAN_POINT('',(14.9708679201397,12.6315662638952,0.));
#3346=CARTESIAN_POINT('Origin',(14.9708679201397,11.2108495927106,0.));
#3347=CARTESIAN_POINT('',(14.9708679201397,11.2108495927106,0.));
#3348=CARTESIAN_POINT('',(14.9708679201397,10.0504247963553,0.));
#3349=CARTESIAN_POINT('',(14.9708679201397,11.2108495927106,0.));
#3350=CARTESIAN_POINT('Origin',(11.8599883125458,11.2108495927106,0.));
#3351=CARTESIAN_POINT('',(14.1799941562729,11.2108495927106,0.));
#3352=CARTESIAN_POINT('Origin',(15.7633312130113,15.0146871345221,0.));
#3353=CARTESIAN_POINT('',(15.7633312130113,12.0363470268334,0.));
#3354=CARTESIAN_POINT('',(15.7633312130113,15.0146871345221,0.));
#3355=CARTESIAN_POINT('',(15.7633312130113,11.9523435672611,0.));
#3356=CARTESIAN_POINT('',(15.7633312130113,12.0363470268334,0.));
#3357=CARTESIAN_POINT('',(15.7633312130113,15.0146871345221,0.));
#3358=CARTESIAN_POINT('Origin',(17.7570960784889,15.0146871345221,0.));
#3359=CARTESIAN_POINT('',(17.7570960784889,15.0146871345221,0.));
#3360=CARTESIAN_POINT('',(17.1285480392444,15.0146871345221,0.));
#3361=CARTESIAN_POINT('',(17.7570960784889,15.0146871345221,0.));
#3362=CARTESIAN_POINT('Origin',(17.7570960784889,12.0363470268334,0.));
#3363=CARTESIAN_POINT('',(17.7570960784889,12.0363470268334,0.));
#3364=CARTESIAN_POINT('',(17.7570960784889,10.4631735134167,0.));
#3365=CARTESIAN_POINT('',(17.7570960784889,12.0363470268334,0.));
#3366=CARTESIAN_POINT('Origin',(15.7633312130113,12.0363470268334,0.));
#3367=CARTESIAN_POINT('',(16.1316656065056,12.0363470268334,0.));
#3368=CARTESIAN_POINT('Origin',(17.0376298010007,8.9025850287794,0.));
#3369=CARTESIAN_POINT('',(22.1300553996915,3.88619269577861,0.));
#3370=CARTESIAN_POINT('',(17.0376298010007,8.9025850287794,0.));
#3371=CARTESIAN_POINT('',(16.9043464806255,9.03387834146304,0.));
#3372=CARTESIAN_POINT('',(22.1300553996915,3.88619269577861,0.));
#3373=CARTESIAN_POINT('',(17.0376298010007,8.9025850287794,0.));
#3374=CARTESIAN_POINT('Origin',(21.9667269689913,13.9063923330008,0.));
#3375=CARTESIAN_POINT('',(21.9667269689913,13.9063923330008,0.));
#3376=CARTESIAN_POINT('',(19.3666468048708,11.2669028538168,0.));
#3377=CARTESIAN_POINT('',(21.9667269689913,13.9063923330008,0.));
#3378=CARTESIAN_POINT('Origin',(27.0591525676821,8.89,0.));
#3379=CARTESIAN_POINT('',(27.0591525676821,8.89,0.));
#3380=CARTESIAN_POINT('',(24.3796564479615,11.529489479184,0.));
#3381=CARTESIAN_POINT('',(27.0591525676821,8.89,0.));
#3382=CARTESIAN_POINT('Origin',(22.1300553996915,3.88619269577861,0.));
#3383=CARTESIAN_POINT('',(21.9945238195663,3.74860686870527,0.));
#3384=CARTESIAN_POINT('Origin',(30.7651625814481,5.85103996639173,0.));
#3385=CARTESIAN_POINT('',(33.,5.85103996639173,0.));
#3386=CARTESIAN_POINT('',(30.7651625814481,5.85103996639173,0.));
#3387=CARTESIAN_POINT('',(23.6325812907241,5.85103996639173,0.));
#3388=CARTESIAN_POINT('',(33.,5.85103996639173,0.));
#3389=CARTESIAN_POINT('',(30.7651625814481,5.85103996639173,0.));
#3390=CARTESIAN_POINT('Origin',(30.7651625814481,11.9289600336083,0.));
#3391=CARTESIAN_POINT('',(30.7651625814481,11.9289600336083,0.));
#3392=CARTESIAN_POINT('',(30.7651625814481,10.4094800168041,0.));
#3393=CARTESIAN_POINT('',(30.7651625814481,11.9289600336083,0.));
#3394=CARTESIAN_POINT('Origin',(33.,11.9289600336083,0.));
#3395=CARTESIAN_POINT('',(33.,11.9289600336083,0.));
#3396=CARTESIAN_POINT('',(24.75,11.9289600336083,0.));
#3397=CARTESIAN_POINT('',(33.,11.9289600336083,0.));
#3398=CARTESIAN_POINT('Origin',(0.,3.97874045638595,0.));
#3399=CARTESIAN_POINT('',(0.,3.97874045638595,0.));
#3400=CARTESIAN_POINT('',(8.25,3.97874045638595,0.));
#3401=CARTESIAN_POINT('',(0.,3.97874045638595,0.));
#3402=CARTESIAN_POINT('Origin',(5.85087111286853,13.8012595436141,0.));
#3403=CARTESIAN_POINT('',(0.,13.8012595436141,0.));
#3404=CARTESIAN_POINT('',(5.85087111286853,13.8012595436141,0.));
#3405=CARTESIAN_POINT('',(11.1754355564343,13.8012595436141,0.));
#3406=CARTESIAN_POINT('',(0.,13.8012595436141,0.));
#3407=CARTESIAN_POINT('',(5.85087111286853,13.8012595436141,0.));
#3408=CARTESIAN_POINT('Origin',(0.,13.7012595436141,0.));
#3409=CARTESIAN_POINT('',(0.,17.78,0.));
#3410=CARTESIAN_POINT('',(0.,17.78,0.));
#3411=CARTESIAN_POINT('',(0.,17.78,0.));
#3412=CARTESIAN_POINT('Origin',(1.26,16.51,0.));
#3413=CARTESIAN_POINT('',(0.759999999999997,16.51,0.));
#3414=CARTESIAN_POINT('',(0.759999999999997,16.51,0.));
#3415=CARTESIAN_POINT('Origin',(1.26,16.51,0.));
#3416=CARTESIAN_POINT('Origin',(24.12,16.51,0.));
#3417=CARTESIAN_POINT('',(23.62,16.51,0.));
#3418=CARTESIAN_POINT('',(23.62,16.51,0.));
#3419=CARTESIAN_POINT('Origin',(24.12,16.51,0.));
#3420=CARTESIAN_POINT('Origin',(21.58,16.51,0.));
#3421=CARTESIAN_POINT('',(21.08,16.51,0.));
#3422=CARTESIAN_POINT('',(21.08,16.51,0.));
#3423=CARTESIAN_POINT('Origin',(21.58,16.51,0.));
#3424=CARTESIAN_POINT('Origin',(11.42,1.27,0.));
#3425=CARTESIAN_POINT('',(10.92,1.27,0.));
#3426=CARTESIAN_POINT('',(10.92,1.27,0.));
#3427=CARTESIAN_POINT('Origin',(11.42,1.27,0.));
#3428=CARTESIAN_POINT('Origin',(28.6982325482014,6.92259401072741,0.));
#3429=CARTESIAN_POINT('',(28.1982325482014,6.92259401072741,0.));
#3430=CARTESIAN_POINT('',(28.1982325482014,6.92259401072741,0.));
#3431=CARTESIAN_POINT('Origin',(28.6982325482014,6.92259401072741,0.));
#3432=CARTESIAN_POINT('Origin',(13.96,16.51,0.));
#3433=CARTESIAN_POINT('',(13.46,16.51,0.));
#3434=CARTESIAN_POINT('',(13.46,16.51,0.));
#3435=CARTESIAN_POINT('Origin',(13.96,16.51,0.));
#3436=CARTESIAN_POINT('Origin',(8.88,16.51,0.));
#3437=CARTESIAN_POINT('',(8.38,16.51,0.));
#3438=CARTESIAN_POINT('',(8.38,16.51,0.));
#3439=CARTESIAN_POINT('Origin',(8.88,16.51,0.));
#3440=CARTESIAN_POINT('Origin',(19.04,1.27,0.));
#3441=CARTESIAN_POINT('',(18.54,1.27,0.));
#3442=CARTESIAN_POINT('',(18.54,1.27,0.));
#3443=CARTESIAN_POINT('Origin',(19.04,1.27,0.));
#3444=CARTESIAN_POINT('Origin',(16.5,16.51,0.));
#3445=CARTESIAN_POINT('',(16.,16.51,0.));
#3446=CARTESIAN_POINT('',(16.,16.51,0.));
#3447=CARTESIAN_POINT('Origin',(16.5,16.51,0.));
#3448=CARTESIAN_POINT('Origin',(31.74,16.51,0.));
#3449=CARTESIAN_POINT('',(31.24,16.51,0.));
#3450=CARTESIAN_POINT('',(31.24,16.51,0.));
#3451=CARTESIAN_POINT('Origin',(31.74,16.51,0.));
#3452=CARTESIAN_POINT('Origin',(6.34,16.51,0.));
#3453=CARTESIAN_POINT('',(5.84,16.51,0.));
#3454=CARTESIAN_POINT('',(5.84,16.51,0.));
#3455=CARTESIAN_POINT('Origin',(6.34,16.51,0.));
#3456=CARTESIAN_POINT('Origin',(28.6982325482014,9.46259401072741,0.));
#3457=CARTESIAN_POINT('',(28.1982325482014,9.46259401072741,0.));
#3458=CARTESIAN_POINT('',(28.1982325482014,9.46259401072741,0.));
#3459=CARTESIAN_POINT('Origin',(28.6982325482014,9.46259401072741,0.));
#3460=CARTESIAN_POINT('Origin',(4.96442741747178,14.2782340527709,0.));
#3461=CARTESIAN_POINT('',(5.76442741747178,14.2782340527709,0.));
#3462=CARTESIAN_POINT('',(4.96442741747178,14.2782340527709,0.));
#3463=CARTESIAN_POINT('',(4.96442741747178,14.2782340527709,0.));
#3464=CARTESIAN_POINT('',(5.76442741747178,14.2782340527709,0.));
#3465=CARTESIAN_POINT('',(4.96442741747178,14.2782340527709,0.));
#3466=CARTESIAN_POINT('Origin',(4.96442741747178,14.5782340527709,0.));
#3467=CARTESIAN_POINT('',(4.96442741747178,14.8782340527709,0.));
#3468=CARTESIAN_POINT('Origin',(4.96442741747178,14.5782340527709,0.));
#3469=CARTESIAN_POINT('',(4.96442741747178,14.8782340527709,0.));
#3470=CARTESIAN_POINT('Origin',(5.76442741747178,14.8782340527709,0.));
#3471=CARTESIAN_POINT('',(5.76442741747178,14.8782340527709,0.));
#3472=CARTESIAN_POINT('',(5.76442741747178,14.8782340527709,0.));
#3473=CARTESIAN_POINT('',(5.76442741747178,14.8782340527709,0.));
#3474=CARTESIAN_POINT('Origin',(5.76442741747178,14.5782340527709,0.));
#3475=CARTESIAN_POINT('Origin',(5.76442741747178,14.5782340527709,0.));
#3476=CARTESIAN_POINT('Origin',(26.66,16.51,0.));
#3477=CARTESIAN_POINT('',(26.16,16.51,0.));
#3478=CARTESIAN_POINT('',(26.16,16.51,0.));
#3479=CARTESIAN_POINT('Origin',(26.66,16.51,0.));
#3480=CARTESIAN_POINT('Origin',(19.04,16.51,0.));
#3481=CARTESIAN_POINT('',(18.54,16.51,0.));
#3482=CARTESIAN_POINT('',(18.54,16.51,0.));
#3483=CARTESIAN_POINT('Origin',(19.04,16.51,0.));
#3484=CARTESIAN_POINT('Origin',(3.8,1.27,0.));
#3485=CARTESIAN_POINT('',(3.3,1.27,0.));
#3486=CARTESIAN_POINT('',(3.3,1.27,0.));
#3487=CARTESIAN_POINT('Origin',(3.8,1.27,0.));
#3488=CARTESIAN_POINT('Origin',(28.6982325482014,4.38259401072741,0.));
#3489=CARTESIAN_POINT('',(28.1982325482014,4.38259401072741,0.));
#3490=CARTESIAN_POINT('',(28.1982325482014,4.38259401072741,0.));
#3491=CARTESIAN_POINT('Origin',(28.6982325482014,4.38259401072741,0.));
#3492=CARTESIAN_POINT('Origin',(13.96,1.27,0.));
#3493=CARTESIAN_POINT('',(13.46,1.27,0.));
#3494=CARTESIAN_POINT('',(13.46,1.27,0.));
#3495=CARTESIAN_POINT('Origin',(13.96,1.27,0.));
#3496=CARTESIAN_POINT('Origin',(29.2,1.27,0.));
#3497=CARTESIAN_POINT('',(28.7,1.27,0.));
#3498=CARTESIAN_POINT('',(28.7,1.27,0.));
#3499=CARTESIAN_POINT('Origin',(29.2,1.27,0.));
#3500=CARTESIAN_POINT('Origin',(1.26,1.27,0.));
#3501=CARTESIAN_POINT('',(0.759999999999997,1.27,0.));
#3502=CARTESIAN_POINT('',(0.759999999999997,1.27,0.));
#3503=CARTESIAN_POINT('Origin',(1.26,1.27,0.));
#3504=CARTESIAN_POINT('Origin',(31.74,1.27,0.));
#3505=CARTESIAN_POINT('',(31.24,1.27,0.));
#3506=CARTESIAN_POINT('',(31.24,1.27,0.));
#3507=CARTESIAN_POINT('Origin',(31.74,1.27,0.));
#3508=CARTESIAN_POINT('Origin',(0.714612490183809,14.2782340527709,0.));
#3509=CARTESIAN_POINT('',(1.91461249018381,14.2782340527709,0.));
#3510=CARTESIAN_POINT('',(0.714612490183809,14.2782340527709,0.));
#3511=CARTESIAN_POINT('',(0.714612490183809,14.2782340527709,0.));
#3512=CARTESIAN_POINT('',(1.91461249018381,14.2782340527709,0.));
#3513=CARTESIAN_POINT('',(0.714612490183809,14.2782340527709,0.));
#3514=CARTESIAN_POINT('Origin',(0.714612490183807,14.5782340527709,0.));
#3515=CARTESIAN_POINT('',(0.714612490183808,14.8782340527709,0.));
#3516=CARTESIAN_POINT('Origin',(0.714612490183807,14.5782340527709,0.));
#3517=CARTESIAN_POINT('',(0.714612490183808,14.8782340527709,0.));
#3518=CARTESIAN_POINT('Origin',(1.91461249018381,14.8782340527709,0.));
#3519=CARTESIAN_POINT('',(1.91461249018381,14.8782340527709,0.));
#3520=CARTESIAN_POINT('',(1.91461249018381,14.8782340527709,0.));
#3521=CARTESIAN_POINT('',(1.91461249018381,14.8782340527709,0.));
#3522=CARTESIAN_POINT('Origin',(1.91461249018381,14.5782340527709,0.));
#3523=CARTESIAN_POINT('Origin',(1.91461249018381,14.5782340527709,0.));
#3524=CARTESIAN_POINT('Origin',(11.42,16.51,0.));
#3525=CARTESIAN_POINT('',(10.92,16.51,0.));
#3526=CARTESIAN_POINT('',(10.92,16.51,0.));
#3527=CARTESIAN_POINT('Origin',(11.42,16.51,0.));
#3528=CARTESIAN_POINT('Origin',(16.5,1.27,0.));
#3529=CARTESIAN_POINT('',(16.,1.27,0.));
#3530=CARTESIAN_POINT('',(16.,1.27,0.));
#3531=CARTESIAN_POINT('Origin',(16.5,1.27,0.));
#3532=CARTESIAN_POINT('Origin',(26.66,1.27,0.));
#3533=CARTESIAN_POINT('',(26.16,1.27,0.));
#3534=CARTESIAN_POINT('',(26.16,1.27,0.));
#3535=CARTESIAN_POINT('Origin',(26.66,1.27,0.));
#3536=CARTESIAN_POINT('Origin',(29.2,16.51,0.));
#3537=CARTESIAN_POINT('',(28.7,16.51,0.));
#3538=CARTESIAN_POINT('',(28.7,16.51,0.));
#3539=CARTESIAN_POINT('Origin',(29.2,16.51,0.));
#3540=CARTESIAN_POINT('Origin',(3.8,16.51,0.));
#3541=CARTESIAN_POINT('',(3.3,16.51,0.));
#3542=CARTESIAN_POINT('',(3.3,16.51,0.));
#3543=CARTESIAN_POINT('Origin',(3.8,16.51,0.));
#3544=CARTESIAN_POINT('Origin',(6.34,1.27,0.));
#3545=CARTESIAN_POINT('',(5.84,1.27,0.));
#3546=CARTESIAN_POINT('',(5.84,1.27,0.));
#3547=CARTESIAN_POINT('Origin',(6.34,1.27,0.));
#3548=CARTESIAN_POINT('Origin',(1.91461249018381,3.50176594722913,0.));
#3549=CARTESIAN_POINT('',(0.714612490183808,3.50176594722913,0.));
#3550=CARTESIAN_POINT('',(1.91461249018381,3.50176594722913,0.));
#3551=CARTESIAN_POINT('',(0.714612490183808,3.50176594722913,0.));
#3552=CARTESIAN_POINT('',(0.714612490183808,3.50176594722913,0.));
#3553=CARTESIAN_POINT('',(1.91461249018381,3.50176594722913,0.));
#3554=CARTESIAN_POINT('Origin',(1.91461249018381,3.20176594722913,0.));
#3555=CARTESIAN_POINT('',(1.91461249018381,2.90176594722913,0.));
#3556=CARTESIAN_POINT('Origin',(1.91461249018381,3.20176594722913,0.));
#3557=CARTESIAN_POINT('',(1.91461249018381,2.90176594722913,0.));
#3558=CARTESIAN_POINT('Origin',(0.714612490183808,2.90176594722913,0.));
#3559=CARTESIAN_POINT('',(0.714612490183808,2.90176594722913,0.));
#3560=CARTESIAN_POINT('',(1.91461249018381,2.90176594722913,0.));
#3561=CARTESIAN_POINT('',(0.714612490183808,2.90176594722913,0.));
#3562=CARTESIAN_POINT('Origin',(0.714612490183808,3.20176594722913,0.));
#3563=CARTESIAN_POINT('Origin',(0.714612490183808,3.20176594722913,0.));
#3564=CARTESIAN_POINT('Origin',(8.88,1.27,0.));
#3565=CARTESIAN_POINT('',(8.38,1.27,0.));
#3566=CARTESIAN_POINT('',(8.38,1.27,0.));
#3567=CARTESIAN_POINT('Origin',(8.88,1.27,0.));
#3568=CARTESIAN_POINT('Origin',(24.12,1.27,0.));
#3569=CARTESIAN_POINT('',(23.62,1.27,0.));
#3570=CARTESIAN_POINT('',(23.62,1.27,0.));
#3571=CARTESIAN_POINT('Origin',(24.12,1.27,0.));
#3572=CARTESIAN_POINT('Origin',(5.76442741747178,3.50176594722913,0.));
#3573=CARTESIAN_POINT('',(4.96442741747178,3.50176594722913,0.));
#3574=CARTESIAN_POINT('',(5.76442741747178,3.50176594722913,0.));
#3575=CARTESIAN_POINT('',(4.96442741747178,3.50176594722913,0.));
#3576=CARTESIAN_POINT('',(4.96442741747178,3.50176594722913,0.));
#3577=CARTESIAN_POINT('',(5.76442741747178,3.50176594722913,0.));
#3578=CARTESIAN_POINT('Origin',(5.76442741747178,3.20176594722913,0.));
#3579=CARTESIAN_POINT('',(5.76442741747178,2.90176594722913,0.));
#3580=CARTESIAN_POINT('Origin',(5.76442741747178,3.20176594722913,0.));
#3581=CARTESIAN_POINT('',(5.76442741747178,2.90176594722913,0.));
#3582=CARTESIAN_POINT('Origin',(4.96442741747178,2.90176594722913,0.));
#3583=CARTESIAN_POINT('',(4.96442741747178,2.90176594722913,0.));
#3584=CARTESIAN_POINT('',(5.76442741747178,2.90176594722913,0.));
#3585=CARTESIAN_POINT('',(4.96442741747178,2.90176594722913,0.));
#3586=CARTESIAN_POINT('Origin',(4.96442741747178,3.20176594722913,0.));
#3587=CARTESIAN_POINT('Origin',(4.96442741747178,3.20176594722913,0.));
#3588=CARTESIAN_POINT('Origin',(21.58,1.27,0.));
#3589=CARTESIAN_POINT('',(21.08,1.27,0.));
#3590=CARTESIAN_POINT('',(21.08,1.27,0.));
#3591=CARTESIAN_POINT('Origin',(21.58,1.27,0.));
#3592=CARTESIAN_POINT('Origin',(33.,0.,0.));
#3593=CARTESIAN_POINT('',(0.,0.,0.));
#3594=CARTESIAN_POINT('',(33.,0.,0.));
#3595=CARTESIAN_POINT('',(0.,0.,0.));
#3596=CARTESIAN_POINT('',(0.,0.,0.));
#3597=CARTESIAN_POINT('',(33.,0.,0.));
#3598=CARTESIAN_POINT('Origin',(33.,17.78,0.));
#3599=CARTESIAN_POINT('',(33.,0.,0.));
#3600=CARTESIAN_POINT('',(33.,17.78,0.));
#3601=CARTESIAN_POINT('',(33.,17.78,0.));
#3602=CARTESIAN_POINT('',(33.,0.,0.));
#3603=CARTESIAN_POINT('Origin',(0.,17.78,0.));
#3604=CARTESIAN_POINT('',(33.,17.78,0.));
#3605=CARTESIAN_POINT('Origin',(5.85087111286853,4.07874045638595,0.));
#3606=CARTESIAN_POINT('',(5.85087111286853,11.295629771807,0.));
#3607=CARTESIAN_POINT('Origin',(0.,0.,0.));
#3608=CARTESIAN_POINT('',(0.,17.78,0.));
#3609=CARTESIAN_POINT('Origin',(16.5,8.89,0.));
#3610=CARTESIAN_POINT('',(0.,0.,0.));
#3611=UNCERTAINTY_MEASURE_WITH_UNIT(LENGTH_MEASURE(0.01),#3617,
'DISTANCE_ACCURACY_VALUE',
'Maximum model space distance between geometric entities at asserted c
onnectivities');
#3612=UNCERTAINTY_MEASURE_WITH_UNIT(LENGTH_MEASURE(0.01),#3617,
'DISTANCE_ACCURACY_VALUE',
'Maximum model space distance between geometric entities at asserted c
onnectivities');
#3613=UNCERTAINTY_MEASURE_WITH_UNIT(LENGTH_MEASURE(0.01),#3617,
'DISTANCE_ACCURACY_VALUE',
'Maximum model space distance between geometric entities at asserted c
onnectivities');
#3614=(
GEOMETRIC_REPRESENTATION_CONTEXT(3)
GLOBAL_UNCERTAINTY_ASSIGNED_CONTEXT((#3611))
GLOBAL_UNIT_ASSIGNED_CONTEXT((#3617,#3619,#3620))
REPRESENTATION_CONTEXT('','3D')
);
#3615=(
GEOMETRIC_REPRESENTATION_CONTEXT(3)
GLOBAL_UNCERTAINTY_ASSIGNED_CONTEXT((#3612))
GLOBAL_UNIT_ASSIGNED_CONTEXT((#3617,#3619,#3620))
REPRESENTATION_CONTEXT('','3D')
);
#3616=(
GEOMETRIC_REPRESENTATION_CONTEXT(3)
GLOBAL_UNCERTAINTY_ASSIGNED_CONTEXT((#3613))
GLOBAL_UNIT_ASSIGNED_CONTEXT((#3617,#3619,#3620))
REPRESENTATION_CONTEXT('','3D')
);
#3617=(
LENGTH_UNIT()
NAMED_UNIT(*)
SI_UNIT(.MILLI.,.METRE.)
);
#3618=(
LENGTH_UNIT()
NAMED_UNIT(*)
SI_UNIT($,.METRE.)
);
#3619=(
NAMED_UNIT(*)
PLANE_ANGLE_UNIT()
SI_UNIT($,.RADIAN.)
);
#3620=(
NAMED_UNIT(*)
SI_UNIT($,.STERADIAN.)
SOLID_ANGLE_UNIT()
);
#3621=SHAPE_DEFINITION_REPRESENTATION(#3623,#3626);
#3622=SHAPE_DEFINITION_REPRESENTATION(#3624,#3627);
#3623=PRODUCT_DEFINITION_SHAPE('',$,#3629);
#3624=PRODUCT_DEFINITION_SHAPE('',$,#3630);
#3625=PRODUCT_DEFINITION_SHAPE($,$,#14);
#3626=SHAPE_REPRESENTATION('',(#2213,#2405),#3614);
#3627=SHAPE_REPRESENTATION('',(#2214),#3615);
#3628=PRODUCT_DEFINITION_CONTEXT('part definition',#3636,'design');
#3629=PRODUCT_DEFINITION('\X2\65E068079898\X0\','\X2\65E068079898\X0\ 
v3',#3631,#3628);
#3630=PRODUCT_DEFINITION('promicronrf52840','promicronrf52840',#3632,#3628);
#3631=PRODUCT_DEFINITION_FORMATION('',$,#3638);
#3632=PRODUCT_DEFINITION_FORMATION('',$,#3639);
#3633=PRODUCT_RELATED_PRODUCT_CATEGORY('\X2\65E068079898\X0\ v3',
'\X2\65E068079898\X0\ v3',(#3638));
#3634=PRODUCT_RELATED_PRODUCT_CATEGORY('promicronrf52840',
'promicronrf52840',(#3639));
#3635=APPLICATION_PROTOCOL_DEFINITION('international standard',
'automotive_design',2009,#3636);
#3636=APPLICATION_CONTEXT(
'Core Data for Automotive Mechanical Design Process');
#3637=PRODUCT_CONTEXT('part definition',#3636,'mechanical');
#3638=PRODUCT('\X2\65E068079898\X0\','\X2\65E068079898\X0\ v3',$,(#3637));
#3639=PRODUCT('promicronrf52840','promicronrf52840',$,(#3637));
#3640=PRESENTATION_STYLE_ASSIGNMENT((#3641));
#3641=SURFACE_STYLE_USAGE(.BOTH.,#3642);
#3642=SURFACE_SIDE_STYLE('',(#3643));
#3643=SURFACE_STYLE_FILL_AREA(#3644);
#3644=FILL_AREA_STYLE('\X2\94A2\X0\ - \X2\7F0E5149\X0\',(#3645));
#3645=FILL_AREA_STYLE_COLOUR('\X2\94A2\X0\ - \X2\7F0E5149\X0\',#3646);
#3646=COLOUR_RGB('\X2\94A2\X0\ - \X2\7F0E5149\X0\',0.627450980392157,0.627450980392157,
0.627450980392157);
ENDSEC;
END-ISO-10303-21;
