ISO-10303-21;
HEADER;
/* Generated by software containing ST-Developer
 * from STEP Tools, Inc. (www.steptools.com) 
 */

FILE_DESCRIPTION(
/* description */ (''),
/* implementation_level */ '2;1');

FILE_NAME(
/* name */ 'Left.step',
/* time_stamp */ '2026-03-22T21:53:46-04:00',
/* author */ (''),
/* organization */ (''),
/* preprocessor_version */ 'ST-DEVELOPER v20.1',
/* originating_system */ 'Autodesk Translation Framework v14.24.0.0',
/* authorisation */ '');

FILE_SCHEMA (('AUTOMOTIVE_DESIGN { 1 0 10303 214 3 1 1 }'));
ENDSEC;

DATA;
#10=MECHANICAL_DESIGN_GEOMETRIC_PRESENTATION_REPRESENTATION('',(#13,#14),
#12778);
#11=SHAPE_REPRESENTATION_RELATIONSHIP('SRR','None',#12785,#12);
#12=ADVANCED_BREP_SHAPE_REPRESENTATION('',(#15,#16),#12777);
#13=STYLED_ITEM('',(#12794),#15);
#14=STYLED_ITEM('',(#12794),#16);
#15=MANIFOLD_SOLID_BREP('Main left',#6505);
#16=MANIFOLD_SOLID_BREP('Bottom left',#6506);
#17=B_SPLINE_SURFACE_WITH_KNOTS('',3,3,((#8944,#8945,#8946,#8947,#8948,
#8949,#8950,#8951,#8952,#8953,#8954),(#8955,#8956,#8957,#8958,#8959,#8960,
#8961,#8962,#8963,#8964,#8965),(#8966,#8967,#8968,#8969,#8970,#8971,#8972,
#8973,#8974,#8975,#8976),(#8977,#8978,#8979,#8980,#8981,#8982,#8983,#8984,
#8985,#8986,#8987),(#8988,#8989,#8990,#8991,#8992,#8993,#8994,#8995,#8996,
#8997,#8998)),.UNSPECIFIED.,.F.,.F.,.F.,(4,1,4),(4,1,1,1,1,1,1,1,4),(0.,
0.571428571428571,1.),(-6.91214182282735E-7,0.0029400209866777,0.00588073318753768,
0.0117621575892576,0.0235250063926976,0.0470507039995774,0.0705764016064573,
0.0941020992133371,0.164679192033977),.UNSPECIFIED.);
#18=B_SPLINE_SURFACE_WITH_KNOTS('',3,3,((#9012,#9013,#9014,#9015,#9016,
#9017,#9018,#9019,#9020,#9021,#9022),(#9023,#9024,#9025,#9026,#9027,#9028,
#9029,#9030,#9031,#9032,#9033),(#9034,#9035,#9036,#9037,#9038,#9039,#9040,
#9041,#9042,#9043,#9044),(#9045,#9046,#9047,#9048,#9049,#9050,#9051,#9052,
#9053,#9054,#9055),(#9056,#9057,#9058,#9059,#9060,#9061,#9062,#9063,#9064,
#9065,#9066)),.UNSPECIFIED.,.F.,.F.,.F.,(4,1,4),(4,1,1,1,1,1,1,1,4),(0.,
0.571428571428571,1.),(-0.000440897711055202,0.0676290588162535,0.0903190443253564,
0.113009029834459,0.135699015343562,0.147044008098114,0.152716504475389,
0.155552752664027,0.158389000852665),.UNSPECIFIED.);
#19=B_SPLINE_SURFACE_WITH_KNOTS('',3,3,((#9135,#9136,#9137,#9138,#9139,
#9140,#9141,#9142,#9143,#9144),(#9145,#9146,#9147,#9148,#9149,#9150,#9151,
#9152,#9153,#9154),(#9155,#9156,#9157,#9158,#9159,#9160,#9161,#9162,#9163,
#9164),(#9165,#9166,#9167,#9168,#9169,#9170,#9171,#9172,#9173,#9174),(#9175,
#9176,#9177,#9178,#9179,#9180,#9181,#9182,#9183,#9184)),.UNSPECIFIED.,.F.,
 .F.,.F.,(4,1,4),(4,1,1,1,1,1,1,4),(0.,0.571428571428571,1.),(0.,0.0624954806784821,
0.124990961356964,0.156238701696205,0.187486442035446,0.203110312205067,
0.210922247289877,0.218734182374687),.UNSPECIFIED.);
#20=B_SPLINE_SURFACE_WITH_KNOTS('',3,3,((#9201,#9202,#9203,#9204,#9205,
#9206,#9207,#9208),(#9209,#9210,#9211,#9212,#9213,#9214,#9215,#9216),(#9217,
#9218,#9219,#9220,#9221,#9222,#9223,#9224),(#9225,#9226,#9227,#9228,#9229,
#9230,#9231,#9232),(#9233,#9234,#9235,#9236,#9237,#9238,#9239,#9240)),
 .UNSPECIFIED.,.F.,.F.,.F.,(4,1,4),(4,1,1,1,1,4),(0.,0.571428571428571,
1.),(-5.09308289986508E-11,0.0101670371095805,0.0203340742700919,0.0406681485911146,
0.122004445875206,0.284677040443387),.UNSPECIFIED.);
#21=B_SPLINE_SURFACE_WITH_KNOTS('',3,3,((#9300,#9301,#9302,#9303,#9304,
#9305,#9306,#9307,#9308,#9309),(#9310,#9311,#9312,#9313,#9314,#9315,#9316,
#9317,#9318,#9319),(#9320,#9321,#9322,#9323,#9324,#9325,#9326,#9327,#9328,
#9329),(#9330,#9331,#9332,#9333,#9334,#9335,#9336,#9337,#9338,#9339),(#9340,
#9341,#9342,#9343,#9344,#9345,#9346,#9347,#9348,#9349)),.UNSPECIFIED.,.F.,
 .F.,.F.,(4,1,4),(4,1,1,1,1,1,1,4),(0.,0.571428571428571,1.),(0.,0.161134310726475,
0.2148457476353,0.268557184544126,0.322268621452951,0.349124339907363,0.362552199134569,
0.375980058361776),.UNSPECIFIED.);
#22=B_SPLINE_SURFACE_WITH_KNOTS('',3,3,((#9366,#9367,#9368,#9369,#9370),
(#9371,#9372,#9373,#9374,#9375),(#9376,#9377,#9378,#9379,#9380),(#9381,
#9382,#9383,#9384,#9385),(#9386,#9387,#9388,#9389,#9390)),.UNSPECIFIED.,
 .F.,.F.,.F.,(4,1,4),(4,1,4),(0.,0.571428571428571,1.),(0.,0.295705886615784,
0.689980402103496),.UNSPECIFIED.);
#23=B_SPLINE_SURFACE_WITH_KNOTS('',3,3,((#9402,#9403,#9404,#9405,#9406),
(#9407,#9408,#9409,#9410,#9411),(#9412,#9413,#9414,#9415,#9416),(#9417,
#9418,#9419,#9420,#9421),(#9422,#9423,#9424,#9425,#9426)),.UNSPECIFIED.,
 .F.,.F.,.F.,(4,1,4),(4,1,4),(0.,0.571428571428571,1.),(0.,0.272297043947063,
0.47651982690736),.UNSPECIFIED.);
#24=B_SPLINE_SURFACE_WITH_KNOTS('',3,3,((#9438,#9439,#9440,#9441,#9442,
#9443),(#9444,#9445,#9446,#9447,#9448,#9449),(#9450,#9451,#9452,#9453,#9454,
#9455),(#9456,#9457,#9458,#9459,#9460,#9461),(#9462,#9463,#9464,#9465,#9466,
#9467)),.UNSPECIFIED.,.F.,.F.,.F.,(4,1,4),(4,1,1,4),(0.,0.571428571428571,
1.),(-3.14828829884809E-11,0.013361778758256,0.0400853363377337,0.0935324514966892),
 .UNSPECIFIED.);
#25=B_SPLINE_SURFACE_WITH_KNOTS('',3,3,((#9525,#9526,#9527,#9528,#9529,
#9530,#9531,#9532,#9533),(#9534,#9535,#9536,#9537,#9538,#9539,#9540,#9541,
#9542),(#9543,#9544,#9545,#9546,#9547,#9548,#9549,#9550,#9551),(#9552,#9553,
#9554,#9555,#9556,#9557,#9558,#9559,#9560),(#9561,#9562,#9563,#9564,#9565,
#9566,#9567,#9568,#9569)),.UNSPECIFIED.,.F.,.F.,.F.,(4,1,4),(4,1,1,1,1,
1,4),(0.,0.571428571428571,1.),(0.,0.0921133394700027,0.153522232450004,
0.184226678940005,0.199578902185006,0.207255013807506,0.214931125430006),
 .UNSPECIFIED.);
#26=B_SPLINE_SURFACE_WITH_KNOTS('',3,3,((#9585,#9586,#9587,#9588,#9589,
#9590,#9591,#9592),(#9593,#9594,#9595,#9596,#9597,#9598,#9599,#9600),(#9601,
#9602,#9603,#9604,#9605,#9606,#9607,#9608),(#9609,#9610,#9611,#9612,#9613,
#9614,#9615,#9616),(#9617,#9618,#9619,#9620,#9621,#9622,#9623,#9624)),
 .UNSPECIFIED.,.F.,.F.,.F.,(4,1,4),(4,1,1,1,1,4),(0.,0.571428571428571,
1.),(3.69924954304717E-7,0.00962150687089864,0.019242643816843,0.0384849177087317,
0.115454013276286,0.269392204411396),.UNSPECIFIED.);
#27=B_SPLINE_SURFACE_WITH_KNOTS('',3,1,((#9646,#9647),(#9648,#9649),(#9650,
#9651),(#9652,#9653)),.UNSPECIFIED.,.F.,.F.,.F.,(4,4),(2,2),(1.01969294412114E-6,
1.00000000020105),(0.,0.900092542436987),.UNSPECIFIED.);
#28=B_SPLINE_SURFACE_WITH_KNOTS('',3,1,((#9657,#9658),(#9659,#9660),(#9661,
#9662),(#9663,#9664),(#9665,#9666),(#9667,#9668),(#9669,#9670)),
 .UNSPECIFIED.,.F.,.F.,.F.,(4,3,4),(2,2),(-2.98902015304013E-5,0.,0.999993677524722),
(0.,0.900029676919226),.UNSPECIFIED.);
#29=B_SPLINE_SURFACE_WITH_KNOTS('',3,1,((#9674,#9675),(#9676,#9677),(#9678,
#9679),(#9680,#9681),(#9682,#9683),(#9684,#9685),(#9686,#9687),(#9688,#9689),
(#9690,#9691),(#9692,#9693),(#9694,#9695),(#9696,#9697),(#9698,#9699),(#9700,
#9701),(#9702,#9703),(#9704,#9705)),.UNSPECIFIED.,.F.,.F.,.F.,(4,3,3,3,
3,4),(2,2),(3.69928870178328E-5,0.519267089071726,0.846747249654439,0.957720444780622,
1.00002065074662,1.0000722785043),(0.,0.901935637279976),.UNSPECIFIED.);
#30=B_SPLINE_SURFACE_WITH_KNOTS('',3,1,((#9709,#9710),(#9711,#9712),(#9713,
#9714),(#9715,#9716)),.UNSPECIFIED.,.F.,.F.,.F.,(4,4),(2,2),(0.0377846264041371,
1.),(0.,0.900121441320802),.UNSPECIFIED.);
#31=B_SPLINE_SURFACE_WITH_KNOTS('',3,1,((#9722,#9723),(#9724,#9725),(#9726,
#9727),(#9728,#9729)),.UNSPECIFIED.,.F.,.F.,.F.,(4,4),(2,2),(0.,1.),(0.,
0.900114454937716),.UNSPECIFIED.);
#32=B_SPLINE_SURFACE_WITH_KNOTS('',3,1,((#9732,#9733),(#9734,#9735),(#9736,
#9737),(#9738,#9739)),.UNSPECIFIED.,.F.,.F.,.F.,(4,4),(2,2),(-1.,-1.019692944082E-6),
(0.16,0.900033583901344),.UNSPECIFIED.);
#33=B_SPLINE_SURFACE_WITH_KNOTS('',3,1,((#9752,#9753),(#9754,#9755),(#9756,
#9757),(#9758,#9759)),.UNSPECIFIED.,.F.,.F.,.F.,(4,4),(2,2),(-1.,-2.12429764127642E-6),
(0.16,0.900637668744051),.UNSPECIFIED.);
#34=B_SPLINE_SURFACE_WITH_KNOTS('',3,1,((#9770,#9771),(#9772,#9773),(#9774,
#9775),(#9776,#9777)),.UNSPECIFIED.,.F.,.F.,.F.,(4,4),(2,2),(-1.,-2.03959044919877E-6),
(0.16,0.90009333488222),.UNSPECIFIED.);
#35=B_SPLINE_SURFACE_WITH_KNOTS('',3,1,((#9788,#9789),(#9790,#9791),(#9792,
#9793),(#9794,#9795),(#9796,#9797),(#9798,#9799),(#9800,#9801)),
 .UNSPECIFIED.,.F.,.F.,.F.,(4,3,4),(2,2),(-0.999980929921669,0.,3.34993242742032E-5),
(0.16,0.900010022091308),.UNSPECIFIED.);
#36=B_SPLINE_SURFACE_WITH_KNOTS('',3,1,((#9814,#9815),(#9816,#9817),(#9818,
#9819),(#9820,#9821),(#9822,#9823),(#9824,#9825),(#9826,#9827)),
 .UNSPECIFIED.,.F.,.F.,.F.,(4,3,4),(2,2),(-1.00002272748532,-1.,-1.4711502132347E-5),
(0.16,0.900011319123529),.UNSPECIFIED.);
#37=B_SPLINE_SURFACE_WITH_KNOTS('',3,1,((#9843,#9844),(#9845,#9846),(#9847,
#9848),(#9849,#9850),(#9851,#9852),(#9853,#9854),(#9855,#9856)),
 .UNSPECIFIED.,.F.,.F.,.F.,(4,3,4),(2,2),(-0.999996194469515,5.17271780964279E-11,
1.35928064616404E-5),(0.16,0.90001421675677),.UNSPECIFIED.);
#38=B_SPLINE_SURFACE_WITH_KNOTS('',3,1,((#9871,#9872),(#9873,#9874),(#9875,
#9876),(#9877,#9878)),.UNSPECIFIED.,.F.,.F.,.F.,(4,4),(2,2),(-0.999993677524722,
0.),(0.16,0.900015622514218),.UNSPECIFIED.);
#39=B_SPLINE_SURFACE_WITH_KNOTS('',3,1,((#9889,#9890),(#9891,#9892),(#9893,
#9894),(#9895,#9896),(#9897,#9898),(#9899,#9900),(#9901,#9902)),
 .UNSPECIFIED.,.F.,.F.,.F.,(4,3,4),(2,2),(-1.00002065074655,-1.,-1.57668885428628E-5),
(0.16,0.900011448965756),.UNSPECIFIED.);
#40=B_SPLINE_SURFACE_WITH_KNOTS('',3,1,((#9916,#9917),(#9918,#9919),(#9920,
#9921),(#9922,#9923)),.UNSPECIFIED.,.F.,.F.,.F.,(4,4),(2,2),(-1.,-0.0317726016914244),
(0.16,0.900039681634829),.UNSPECIFIED.);
#41=B_SPLINE_SURFACE_WITH_KNOTS('',3,1,((#9930,#9931),(#9932,#9933),(#9934,
#9935),(#9936,#9937)),.UNSPECIFIED.,.F.,.F.,.F.,(4,4),(2,2),(-1.,0.),(0.16,
0.900039844267883),.UNSPECIFIED.);
#42=B_SPLINE_SURFACE_WITH_KNOTS('',3,1,((#9946,#9947),(#9948,#9949),(#9950,
#9951),(#9952,#9953)),.UNSPECIFIED.,.F.,.F.,.F.,(4,4),(2,2),(0.,1.00000507362419),
(0.16,0.90001421675675),.UNSPECIFIED.);
#43=B_SPLINE_SURFACE_WITH_KNOTS('',3,1,((#9970,#9971),(#9972,#9973),(#9974,
#9975),(#9976,#9977)),.UNSPECIFIED.,.F.,.F.,.F.,(4,4),(2,2),(-1.,0.),(0.,
0.16),.UNSPECIFIED.);
#44=B_SPLINE_SURFACE_WITH_KNOTS('',3,1,((#9984,#9985),(#9986,#9987),(#9988,
#9989),(#9990,#9991)),.UNSPECIFIED.,.F.,.F.,.F.,(4,4),(2,2),(-1.,0.),(0.,
0.16),.UNSPECIFIED.);
#45=B_SPLINE_SURFACE_WITH_KNOTS('',3,1,((#10002,#10003),(#10004,#10005),
(#10006,#10007),(#10008,#10009)),.UNSPECIFIED.,.F.,.F.,.F.,(4,4),(2,2),
(-1.,0.),(0.,0.16),.UNSPECIFIED.);
#46=B_SPLINE_SURFACE_WITH_KNOTS('',3,1,((#10016,#10017),(#10018,#10019),
(#10020,#10021),(#10022,#10023)),.UNSPECIFIED.,.F.,.F.,.F.,(4,4),(2,2),
(-1.,0.),(0.,0.16),.UNSPECIFIED.);
#47=B_SPLINE_SURFACE_WITH_KNOTS('',3,1,((#10034,#10035),(#10036,#10037),
(#10038,#10039),(#10040,#10041)),.UNSPECIFIED.,.F.,.F.,.F.,(4,4),(2,2),
(-1.,0.),(0.,0.16),.UNSPECIFIED.);
#48=B_SPLINE_SURFACE_WITH_KNOTS('',3,1,((#10048,#10049),(#10050,#10051),
(#10052,#10053),(#10054,#10055)),.UNSPECIFIED.,.F.,.F.,.F.,(4,4),(2,2),
(-1.,0.),(0.,0.16),.UNSPECIFIED.);
#49=B_SPLINE_SURFACE_WITH_KNOTS('',3,1,((#10066,#10067),(#10068,#10069),
(#10070,#10071),(#10072,#10073)),.UNSPECIFIED.,.F.,.F.,.F.,(4,4),(2,2),
(-1.,0.),(0.,0.16),.UNSPECIFIED.);
#50=B_SPLINE_SURFACE_WITH_KNOTS('',3,1,((#10080,#10081),(#10082,#10083),
(#10084,#10085),(#10086,#10087)),.UNSPECIFIED.,.F.,.F.,.F.,(4,4),(2,2),
(-1.,0.),(0.,0.16),.UNSPECIFIED.);
#51=B_SPLINE_SURFACE_WITH_KNOTS('',3,1,((#10112,#10113),(#10114,#10115),
(#10116,#10117),(#10118,#10119)),.UNSPECIFIED.,.F.,.F.,.F.,(4,4),(2,2),
(-1.,0.),(0.,0.16),.UNSPECIFIED.);
#52=B_SPLINE_SURFACE_WITH_KNOTS('',3,1,((#10126,#10127),(#10128,#10129),
(#10130,#10131),(#10132,#10133)),.UNSPECIFIED.,.F.,.F.,.F.,(4,4),(2,2),
(-1.,0.),(0.,0.16),.UNSPECIFIED.);
#53=B_SPLINE_SURFACE_WITH_KNOTS('',3,1,((#10144,#10145),(#10146,#10147),
(#10148,#10149),(#10150,#10151)),.UNSPECIFIED.,.F.,.F.,.F.,(4,4),(2,2),
(-1.,0.),(0.,0.16),.UNSPECIFIED.);
#54=B_SPLINE_SURFACE_WITH_KNOTS('',3,1,((#10158,#10159),(#10160,#10161),
(#10162,#10163),(#10164,#10165)),.UNSPECIFIED.,.F.,.F.,.F.,(4,4),(2,2),
(-1.,0.),(0.,0.16),.UNSPECIFIED.);
#55=B_SPLINE_SURFACE_WITH_KNOTS('',3,1,((#10176,#10177),(#10178,#10179),
(#10180,#10181),(#10182,#10183)),.UNSPECIFIED.,.F.,.F.,.F.,(4,4),(2,2),
(-1.,0.),(0.,0.16),.UNSPECIFIED.);
#56=B_SPLINE_SURFACE_WITH_KNOTS('',3,1,((#10190,#10191),(#10192,#10193),
(#10194,#10195),(#10196,#10197)),.UNSPECIFIED.,.F.,.F.,.F.,(4,4),(2,2),
(-1.,0.),(0.,0.16),.UNSPECIFIED.);
#57=B_SPLINE_SURFACE_WITH_KNOTS('',3,1,((#10208,#10209),(#10210,#10211),
(#10212,#10213),(#10214,#10215)),.UNSPECIFIED.,.F.,.F.,.F.,(4,4),(2,2),
(-1.,0.),(0.,0.16),.UNSPECIFIED.);
#58=B_SPLINE_SURFACE_WITH_KNOTS('',3,1,((#10222,#10223),(#10224,#10225),
(#10226,#10227),(#10228,#10229)),.UNSPECIFIED.,.F.,.F.,.F.,(4,4),(2,2),
(-1.,0.),(0.,0.16),.UNSPECIFIED.);
#59=B_SPLINE_SURFACE_WITH_KNOTS('',3,1,((#10240,#10241),(#10242,#10243),
(#10244,#10245),(#10246,#10247)),.UNSPECIFIED.,.F.,.F.,.F.,(4,4),(2,2),
(-1.,0.),(0.,0.16),.UNSPECIFIED.);
#60=B_SPLINE_SURFACE_WITH_KNOTS('',3,1,((#10258,#10259),(#10260,#10261),
(#10262,#10263),(#10264,#10265)),.UNSPECIFIED.,.F.,.F.,.F.,(4,4),(2,2),
(-1.,0.),(0.,0.16),.UNSPECIFIED.);
#61=B_SPLINE_SURFACE_WITH_KNOTS('',3,1,((#10276,#10277),(#10278,#10279),
(#10280,#10281),(#10282,#10283)),.UNSPECIFIED.,.F.,.F.,.F.,(4,4),(2,2),
(-1.,0.),(0.,0.16),.UNSPECIFIED.);
#62=B_SPLINE_SURFACE_WITH_KNOTS('',3,1,((#10294,#10295),(#10296,#10297),
(#10298,#10299),(#10300,#10301)),.UNSPECIFIED.,.F.,.F.,.F.,(4,4),(2,2),
(-1.,0.),(0.,0.16),.UNSPECIFIED.);
#63=B_SPLINE_SURFACE_WITH_KNOTS('',3,1,((#10312,#10313),(#10314,#10315),
(#10316,#10317),(#10318,#10319)),.UNSPECIFIED.,.F.,.F.,.F.,(4,4),(2,2),
(-1.,0.),(0.,0.16),.UNSPECIFIED.);
#64=B_SPLINE_SURFACE_WITH_KNOTS('',3,1,((#10326,#10327),(#10328,#10329),
(#10330,#10331),(#10332,#10333)),.UNSPECIFIED.,.F.,.F.,.F.,(4,4),(2,2),
(-1.,0.),(0.,0.16),.UNSPECIFIED.);
#65=B_SPLINE_SURFACE_WITH_KNOTS('',3,1,((#10344,#10345),(#10346,#10347),
(#10348,#10349),(#10350,#10351)),.UNSPECIFIED.,.F.,.F.,.F.,(4,4),(2,2),
(-1.,0.),(0.,0.16),.UNSPECIFIED.);
#66=B_SPLINE_SURFACE_WITH_KNOTS('',3,1,((#10358,#10359),(#10360,#10361),
(#10362,#10363),(#10364,#10365)),.UNSPECIFIED.,.F.,.F.,.F.,(4,4),(2,2),
(-1.,0.),(0.,0.16),.UNSPECIFIED.);
#67=B_SPLINE_SURFACE_WITH_KNOTS('',3,1,((#10376,#10377),(#10378,#10379),
(#10380,#10381),(#10382,#10383)),.UNSPECIFIED.,.F.,.F.,.F.,(4,4),(2,2),
(-1.,0.),(0.,0.16),.UNSPECIFIED.);
#68=B_SPLINE_SURFACE_WITH_KNOTS('',3,1,((#10390,#10391),(#10392,#10393),
(#10394,#10395),(#10396,#10397)),.UNSPECIFIED.,.F.,.F.,.F.,(4,4),(2,2),
(-1.,0.),(0.,0.16),.UNSPECIFIED.);
#69=B_SPLINE_SURFACE_WITH_KNOTS('',3,1,((#10408,#10409),(#10410,#10411),
(#10412,#10413),(#10414,#10415)),.UNSPECIFIED.,.F.,.F.,.F.,(4,4),(2,2),
(-1.,0.),(0.,0.16),.UNSPECIFIED.);
#70=B_SPLINE_SURFACE_WITH_KNOTS('',3,1,((#10422,#10423),(#10424,#10425),
(#10426,#10427),(#10428,#10429)),.UNSPECIFIED.,.F.,.F.,.F.,(4,4),(2,2),
(-1.,0.),(0.,0.16),.UNSPECIFIED.);
#71=B_SPLINE_SURFACE_WITH_KNOTS('',3,1,((#10440,#10441),(#10442,#10443),
(#10444,#10445),(#10446,#10447)),.UNSPECIFIED.,.F.,.F.,.F.,(4,4),(2,2),
(-1.,0.),(0.,0.16),.UNSPECIFIED.);
#72=B_SPLINE_SURFACE_WITH_KNOTS('',3,1,((#10454,#10455),(#10456,#10457),
(#10458,#10459),(#10460,#10461)),.UNSPECIFIED.,.F.,.F.,.F.,(4,4),(2,2),
(-1.,0.),(0.,0.16),.UNSPECIFIED.);
#73=B_SPLINE_SURFACE_WITH_KNOTS('',3,1,((#10472,#10473),(#10474,#10475),
(#10476,#10477),(#10478,#10479)),.UNSPECIFIED.,.F.,.F.,.F.,(4,4),(2,2),
(-1.,0.),(0.,0.16),.UNSPECIFIED.);
#74=B_SPLINE_SURFACE_WITH_KNOTS('',3,1,((#10486,#10487),(#10488,#10489),
(#10490,#10491),(#10492,#10493)),.UNSPECIFIED.,.F.,.F.,.F.,(4,4),(2,2),
(-1.,0.),(0.,0.16),.UNSPECIFIED.);
#75=B_SPLINE_SURFACE_WITH_KNOTS('',3,1,((#10504,#10505),(#10506,#10507),
(#10508,#10509),(#10510,#10511)),.UNSPECIFIED.,.F.,.F.,.F.,(4,4),(2,2),
(-1.,0.),(0.,0.16),.UNSPECIFIED.);
#76=B_SPLINE_SURFACE_WITH_KNOTS('',3,1,((#10518,#10519),(#10520,#10521),
(#10522,#10523),(#10524,#10525)),.UNSPECIFIED.,.F.,.F.,.F.,(4,4),(2,2),
(-1.,0.),(0.,0.16),.UNSPECIFIED.);
#77=B_SPLINE_SURFACE_WITH_KNOTS('',3,1,((#10536,#10537),(#10538,#10539),
(#10540,#10541),(#10542,#10543)),.UNSPECIFIED.,.F.,.F.,.F.,(4,4),(2,2),
(-1.,0.),(0.,0.16),.UNSPECIFIED.);
#78=B_SPLINE_SURFACE_WITH_KNOTS('',3,1,((#10550,#10551),(#10552,#10553),
(#10554,#10555),(#10556,#10557)),.UNSPECIFIED.,.F.,.F.,.F.,(4,4),(2,2),
(-1.,0.),(0.,0.16),.UNSPECIFIED.);
#79=B_SPLINE_SURFACE_WITH_KNOTS('',3,1,((#10576,#10577),(#10578,#10579),
(#10580,#10581),(#10582,#10583)),.UNSPECIFIED.,.F.,.F.,.F.,(4,4),(2,2),
(-1.,0.),(0.,0.16),.UNSPECIFIED.);
#80=B_SPLINE_SURFACE_WITH_KNOTS('',3,1,((#10590,#10591),(#10592,#10593),
(#10594,#10595),(#10596,#10597)),.UNSPECIFIED.,.F.,.F.,.F.,(4,4),(2,2),
(-1.,0.),(0.,0.16),.UNSPECIFIED.);
#81=B_SPLINE_SURFACE_WITH_KNOTS('',3,1,((#10608,#10609),(#10610,#10611),
(#10612,#10613),(#10614,#10615)),.UNSPECIFIED.,.F.,.F.,.F.,(4,4),(2,2),
(-1.,0.),(0.,0.16),.UNSPECIFIED.);
#82=B_SPLINE_SURFACE_WITH_KNOTS('',3,1,((#10622,#10623),(#10624,#10625),
(#10626,#10627),(#10628,#10629)),.UNSPECIFIED.,.F.,.F.,.F.,(4,4),(2,2),
(-1.,0.),(0.,0.16),.UNSPECIFIED.);
#83=B_SPLINE_SURFACE_WITH_KNOTS('',3,1,((#10640,#10641),(#10642,#10643),
(#10644,#10645),(#10646,#10647)),.UNSPECIFIED.,.F.,.F.,.F.,(4,4),(2,2),
(-1.,0.),(0.,0.16),.UNSPECIFIED.);
#84=B_SPLINE_SURFACE_WITH_KNOTS('',3,1,((#10654,#10655),(#10656,#10657),
(#10658,#10659),(#10660,#10661)),.UNSPECIFIED.,.F.,.F.,.F.,(4,4),(2,2),
(-1.,0.),(0.,0.16),.UNSPECIFIED.);
#85=B_SPLINE_SURFACE_WITH_KNOTS('',3,1,((#10672,#10673),(#10674,#10675),
(#10676,#10677),(#10678,#10679)),.UNSPECIFIED.,.F.,.F.,.F.,(4,4),(2,2),
(-1.,0.),(0.,0.16),.UNSPECIFIED.);
#86=B_SPLINE_SURFACE_WITH_KNOTS('',3,1,((#10686,#10687),(#10688,#10689),
(#10690,#10691),(#10692,#10693)),.UNSPECIFIED.,.F.,.F.,.F.,(4,4),(2,2),
(-1.,0.),(0.,0.16),.UNSPECIFIED.);
#87=B_SPLINE_SURFACE_WITH_KNOTS('',3,1,((#10704,#10705),(#10706,#10707),
(#10708,#10709),(#10710,#10711)),.UNSPECIFIED.,.F.,.F.,.F.,(4,4),(2,2),
(-1.,0.),(0.,0.16),.UNSPECIFIED.);
#88=B_SPLINE_SURFACE_WITH_KNOTS('',3,1,((#10718,#10719),(#10720,#10721),
(#10722,#10723),(#10724,#10725)),.UNSPECIFIED.,.F.,.F.,.F.,(4,4),(2,2),
(-1.,0.),(0.,0.16),.UNSPECIFIED.);
#89=B_SPLINE_SURFACE_WITH_KNOTS('',3,1,((#10736,#10737),(#10738,#10739),
(#10740,#10741),(#10742,#10743)),.UNSPECIFIED.,.F.,.F.,.F.,(4,4),(2,2),
(-1.,0.),(0.,0.16),.UNSPECIFIED.);
#90=B_SPLINE_SURFACE_WITH_KNOTS('',3,1,((#10750,#10751),(#10752,#10753),
(#10754,#10755),(#10756,#10757)),.UNSPECIFIED.,.F.,.F.,.F.,(4,4),(2,2),
(-1.,0.),(0.,0.16),.UNSPECIFIED.);
#91=B_SPLINE_SURFACE_WITH_KNOTS('',3,1,((#10768,#10769),(#10770,#10771),
(#10772,#10773),(#10774,#10775)),.UNSPECIFIED.,.F.,.F.,.F.,(4,4),(2,2),
(-1.,0.),(0.,0.16),.UNSPECIFIED.);
#92=B_SPLINE_SURFACE_WITH_KNOTS('',3,1,((#10782,#10783),(#10784,#10785),
(#10786,#10787),(#10788,#10789)),.UNSPECIFIED.,.F.,.F.,.F.,(4,4),(2,2),
(-1.,0.),(0.,0.16),.UNSPECIFIED.);
#93=B_SPLINE_SURFACE_WITH_KNOTS('',3,1,((#10800,#10801),(#10802,#10803),
(#10804,#10805),(#10806,#10807)),.UNSPECIFIED.,.F.,.F.,.F.,(4,4),(2,2),
(-1.,0.),(0.,0.16),.UNSPECIFIED.);
#94=B_SPLINE_SURFACE_WITH_KNOTS('',3,1,((#10814,#10815),(#10816,#10817),
(#10818,#10819),(#10820,#10821)),.UNSPECIFIED.,.F.,.F.,.F.,(4,4),(2,2),
(-1.,0.),(0.,0.16),.UNSPECIFIED.);
#95=B_SPLINE_SURFACE_WITH_KNOTS('',3,1,((#10832,#10833),(#10834,#10835),
(#10836,#10837),(#10838,#10839)),.UNSPECIFIED.,.F.,.F.,.F.,(4,4),(2,2),
(-1.,0.),(0.,0.16),.UNSPECIFIED.);
#96=B_SPLINE_SURFACE_WITH_KNOTS('',3,1,((#10846,#10847),(#10848,#10849),
(#10850,#10851),(#10852,#10853)),.UNSPECIFIED.,.F.,.F.,.F.,(4,4),(2,2),
(-1.,0.),(0.,0.16),.UNSPECIFIED.);
#97=B_SPLINE_SURFACE_WITH_KNOTS('',3,1,((#10864,#10865),(#10866,#10867),
(#10868,#10869),(#10870,#10871)),.UNSPECIFIED.,.F.,.F.,.F.,(4,4),(2,2),
(-1.,0.),(0.,0.16),.UNSPECIFIED.);
#98=B_SPLINE_SURFACE_WITH_KNOTS('',3,1,((#10878,#10879),(#10880,#10881),
(#10882,#10883),(#10884,#10885)),.UNSPECIFIED.,.F.,.F.,.F.,(4,4),(2,2),
(-1.,0.),(0.,0.16),.UNSPECIFIED.);
#99=B_SPLINE_SURFACE_WITH_KNOTS('',3,1,((#10896,#10897),(#10898,#10899),
(#10900,#10901),(#10902,#10903)),.UNSPECIFIED.,.F.,.F.,.F.,(4,4),(2,2),
(-1.,0.),(0.,0.16),.UNSPECIFIED.);
#100=B_SPLINE_SURFACE_WITH_KNOTS('',3,1,((#10910,#10911),(#10912,#10913),
(#10914,#10915),(#10916,#10917)),.UNSPECIFIED.,.F.,.F.,.F.,(4,4),(2,2),
(-1.,0.),(0.,0.16),.UNSPECIFIED.);
#101=B_SPLINE_SURFACE_WITH_KNOTS('',3,1,((#10928,#10929),(#10930,#10931),
(#10932,#10933),(#10934,#10935)),.UNSPECIFIED.,.F.,.F.,.F.,(4,4),(2,2),
(-1.,0.),(0.,0.16),.UNSPECIFIED.);
#102=B_SPLINE_SURFACE_WITH_KNOTS('',3,1,((#10942,#10943),(#10944,#10945),
(#10946,#10947),(#10948,#10949)),.UNSPECIFIED.,.F.,.F.,.F.,(4,4),(2,2),
(-1.,0.),(0.,0.16),.UNSPECIFIED.);
#103=B_SPLINE_SURFACE_WITH_KNOTS('',3,1,((#10960,#10961),(#10962,#10963),
(#10964,#10965),(#10966,#10967)),.UNSPECIFIED.,.F.,.F.,.F.,(4,4),(2,2),
(-1.,0.),(0.,0.16),.UNSPECIFIED.);
#104=B_SPLINE_SURFACE_WITH_KNOTS('',3,1,((#10974,#10975),(#10976,#10977),
(#10978,#10979),(#10980,#10981)),.UNSPECIFIED.,.F.,.F.,.F.,(4,4),(2,2),
(-1.,0.),(0.,0.16),.UNSPECIFIED.);
#105=B_SPLINE_SURFACE_WITH_KNOTS('',3,1,((#10992,#10993),(#10994,#10995),
(#10996,#10997),(#10998,#10999)),.UNSPECIFIED.,.F.,.F.,.F.,(4,4),(2,2),
(-1.,0.),(0.,0.16),.UNSPECIFIED.);
#106=B_SPLINE_SURFACE_WITH_KNOTS('',3,1,((#11006,#11007),(#11008,#11009),
(#11010,#11011),(#11012,#11013)),.UNSPECIFIED.,.F.,.F.,.F.,(4,4),(2,2),
(-1.,0.),(0.,0.16),.UNSPECIFIED.);
#107=B_SPLINE_SURFACE_WITH_KNOTS('',3,1,((#11024,#11025),(#11026,#11027),
(#11028,#11029),(#11030,#11031)),.UNSPECIFIED.,.F.,.F.,.F.,(4,4),(2,2),
(-1.,0.),(0.,0.16),.UNSPECIFIED.);
#108=B_SPLINE_SURFACE_WITH_KNOTS('',3,1,((#11038,#11039),(#11040,#11041),
(#11042,#11043),(#11044,#11045)),.UNSPECIFIED.,.F.,.F.,.F.,(4,4),(2,2),
(-1.,0.),(0.,0.16),.UNSPECIFIED.);
#109=B_SPLINE_SURFACE_WITH_KNOTS('',3,1,((#11056,#11057),(#11058,#11059),
(#11060,#11061),(#11062,#11063)),.UNSPECIFIED.,.F.,.F.,.F.,(4,4),(2,2),
(-1.,0.),(0.,0.16),.UNSPECIFIED.);
#110=B_SPLINE_SURFACE_WITH_KNOTS('',3,1,((#11070,#11071),(#11072,#11073),
(#11074,#11075),(#11076,#11077)),.UNSPECIFIED.,.F.,.F.,.F.,(4,4),(2,2),
(-1.,0.),(0.,0.16),.UNSPECIFIED.);
#111=B_SPLINE_SURFACE_WITH_KNOTS('',3,1,((#11088,#11089),(#11090,#11091),
(#11092,#11093),(#11094,#11095)),.UNSPECIFIED.,.F.,.F.,.F.,(4,4),(2,2),
(-1.,0.),(0.,0.16),.UNSPECIFIED.);
#112=B_SPLINE_SURFACE_WITH_KNOTS('',3,1,((#11102,#11103),(#11104,#11105),
(#11106,#11107),(#11108,#11109)),.UNSPECIFIED.,.F.,.F.,.F.,(4,4),(2,2),
(-1.,0.),(0.,0.16),.UNSPECIFIED.);
#113=B_SPLINE_SURFACE_WITH_KNOTS('',3,1,((#11120,#11121),(#11122,#11123),
(#11124,#11125),(#11126,#11127)),.UNSPECIFIED.,.F.,.F.,.F.,(4,4),(2,2),
(-1.,0.),(0.,0.16),.UNSPECIFIED.);
#114=B_SPLINE_SURFACE_WITH_KNOTS('',3,1,((#11134,#11135),(#11136,#11137),
(#11138,#11139),(#11140,#11141)),.UNSPECIFIED.,.F.,.F.,.F.,(4,4),(2,2),
(-1.,0.),(0.,0.16),.UNSPECIFIED.);
#115=B_SPLINE_SURFACE_WITH_KNOTS('',3,1,((#11152,#11153),(#11154,#11155),
(#11156,#11157),(#11158,#11159)),.UNSPECIFIED.,.F.,.F.,.F.,(4,4),(2,2),
(-1.,0.),(0.,0.16),.UNSPECIFIED.);
#116=B_SPLINE_SURFACE_WITH_KNOTS('',3,1,((#11166,#11167),(#11168,#11169),
(#11170,#11171),(#11172,#11173)),.UNSPECIFIED.,.F.,.F.,.F.,(4,4),(2,2),
(-1.,0.),(0.,0.16),.UNSPECIFIED.);
#117=B_SPLINE_SURFACE_WITH_KNOTS('',3,1,((#11184,#11185),(#11186,#11187),
(#11188,#11189),(#11190,#11191)),.UNSPECIFIED.,.F.,.F.,.F.,(4,4),(2,2),
(-1.,0.),(0.,0.16),.UNSPECIFIED.);
#118=B_SPLINE_SURFACE_WITH_KNOTS('',3,1,((#11198,#11199),(#11200,#11201),
(#11202,#11203),(#11204,#11205)),.UNSPECIFIED.,.F.,.F.,.F.,(4,4),(2,2),
(-1.,0.),(0.,0.16),.UNSPECIFIED.);
#119=B_SPLINE_SURFACE_WITH_KNOTS('',3,1,((#11220,#11221),(#11222,#11223),
(#11224,#11225),(#11226,#11227)),.UNSPECIFIED.,.F.,.F.,.F.,(4,4),(2,2),
(-1.,0.),(0.,0.16),.UNSPECIFIED.);
#120=B_SPLINE_SURFACE_WITH_KNOTS('',3,1,((#11234,#11235),(#11236,#11237),
(#11238,#11239),(#11240,#11241)),.UNSPECIFIED.,.F.,.F.,.F.,(4,4),(2,2),
(-1.,0.),(0.,0.16),.UNSPECIFIED.);
#121=B_SPLINE_SURFACE_WITH_KNOTS('',3,1,((#11252,#11253),(#11254,#11255),
(#11256,#11257),(#11258,#11259)),.UNSPECIFIED.,.F.,.F.,.F.,(4,4),(2,2),
(-1.,0.),(0.,0.16),.UNSPECIFIED.);
#122=B_SPLINE_SURFACE_WITH_KNOTS('',3,1,((#11266,#11267),(#11268,#11269),
(#11270,#11271),(#11272,#11273)),.UNSPECIFIED.,.F.,.F.,.F.,(4,4),(2,2),
(-1.,0.),(0.,0.16),.UNSPECIFIED.);
#123=B_SPLINE_SURFACE_WITH_KNOTS('',3,1,((#11284,#11285),(#11286,#11287),
(#11288,#11289),(#11290,#11291)),.UNSPECIFIED.,.F.,.F.,.F.,(4,4),(2,2),
(-1.,0.),(0.,0.16),.UNSPECIFIED.);
#124=B_SPLINE_SURFACE_WITH_KNOTS('',3,1,((#11298,#11299),(#11300,#11301),
(#11302,#11303),(#11304,#11305)),.UNSPECIFIED.,.F.,.F.,.F.,(4,4),(2,2),
(-1.,0.),(0.,0.16),.UNSPECIFIED.);
#125=B_SPLINE_SURFACE_WITH_KNOTS('',3,1,((#11316,#11317),(#11318,#11319),
(#11320,#11321),(#11322,#11323)),.UNSPECIFIED.,.F.,.F.,.F.,(4,4),(2,2),
(-1.,0.),(0.,0.16),.UNSPECIFIED.);
#126=B_SPLINE_SURFACE_WITH_KNOTS('',3,1,((#11330,#11331),(#11332,#11333),
(#11334,#11335),(#11336,#11337)),.UNSPECIFIED.,.F.,.F.,.F.,(4,4),(2,2),
(-1.,0.),(0.,0.16),.UNSPECIFIED.);
#127=B_SPLINE_SURFACE_WITH_KNOTS('',3,1,((#11352,#11353),(#11354,#11355),
(#11356,#11357),(#11358,#11359)),.UNSPECIFIED.,.F.,.F.,.F.,(4,4),(2,2),
(-1.,0.),(0.,0.16),.UNSPECIFIED.);
#128=B_SPLINE_SURFACE_WITH_KNOTS('',3,1,((#11366,#11367),(#11368,#11369),
(#11370,#11371),(#11372,#11373)),.UNSPECIFIED.,.F.,.F.,.F.,(4,4),(2,2),
(-1.,0.),(0.,0.16),.UNSPECIFIED.);
#129=B_SPLINE_SURFACE_WITH_KNOTS('',3,1,((#11384,#11385),(#11386,#11387),
(#11388,#11389),(#11390,#11391)),.UNSPECIFIED.,.F.,.F.,.F.,(4,4),(2,2),
(-1.,0.),(0.,0.16),.UNSPECIFIED.);
#130=B_SPLINE_SURFACE_WITH_KNOTS('',3,1,((#11398,#11399),(#11400,#11401),
(#11402,#11403),(#11404,#11405)),.UNSPECIFIED.,.F.,.F.,.F.,(4,4),(2,2),
(-1.,0.),(0.,0.16),.UNSPECIFIED.);
#131=B_SPLINE_SURFACE_WITH_KNOTS('',3,1,((#11416,#11417),(#11418,#11419),
(#11420,#11421),(#11422,#11423)),.UNSPECIFIED.,.F.,.F.,.F.,(4,4),(2,2),
(-1.,0.),(0.,0.16),.UNSPECIFIED.);
#132=B_SPLINE_SURFACE_WITH_KNOTS('',3,1,((#11430,#11431),(#11432,#11433),
(#11434,#11435),(#11436,#11437)),.UNSPECIFIED.,.F.,.F.,.F.,(4,4),(2,2),
(-1.,0.),(0.,0.16),.UNSPECIFIED.);
#133=B_SPLINE_SURFACE_WITH_KNOTS('',3,1,((#11448,#11449),(#11450,#11451),
(#11452,#11453),(#11454,#11455)),.UNSPECIFIED.,.F.,.F.,.F.,(4,4),(2,2),
(-1.,0.),(0.,0.16),.UNSPECIFIED.);
#134=B_SPLINE_SURFACE_WITH_KNOTS('',3,1,((#11462,#11463),(#11464,#11465),
(#11466,#11467),(#11468,#11469)),.UNSPECIFIED.,.F.,.F.,.F.,(4,4),(2,2),
(-1.,0.),(0.,0.16),.UNSPECIFIED.);
#135=B_SPLINE_SURFACE_WITH_KNOTS('',3,1,((#11480,#11481),(#11482,#11483),
(#11484,#11485),(#11486,#11487)),.UNSPECIFIED.,.F.,.F.,.F.,(4,4),(2,2),
(-1.,0.),(0.,0.16),.UNSPECIFIED.);
#136=B_SPLINE_SURFACE_WITH_KNOTS('',3,1,((#11494,#11495),(#11496,#11497),
(#11498,#11499),(#11500,#11501)),.UNSPECIFIED.,.F.,.F.,.F.,(4,4),(2,2),
(-1.,0.),(0.,0.16),.UNSPECIFIED.);
#137=B_SPLINE_SURFACE_WITH_KNOTS('',3,1,((#11512,#11513),(#11514,#11515),
(#11516,#11517),(#11518,#11519)),.UNSPECIFIED.,.F.,.F.,.F.,(4,4),(2,2),
(-1.,0.),(0.,0.16),.UNSPECIFIED.);
#138=B_SPLINE_SURFACE_WITH_KNOTS('',3,1,((#11526,#11527),(#11528,#11529),
(#11530,#11531),(#11532,#11533)),.UNSPECIFIED.,.F.,.F.,.F.,(4,4),(2,2),
(-1.,0.),(0.,0.16),.UNSPECIFIED.);
#139=B_SPLINE_SURFACE_WITH_KNOTS('',3,1,((#11544,#11545),(#11546,#11547),
(#11548,#11549),(#11550,#11551)),.UNSPECIFIED.,.F.,.F.,.F.,(4,4),(2,2),
(-1.,0.),(0.,0.16),.UNSPECIFIED.);
#140=B_SPLINE_SURFACE_WITH_KNOTS('',3,1,((#11558,#11559),(#11560,#11561),
(#11562,#11563),(#11564,#11565)),.UNSPECIFIED.,.F.,.F.,.F.,(4,4),(2,2),
(-1.,0.),(0.,0.16),.UNSPECIFIED.);
#141=B_SPLINE_SURFACE_WITH_KNOTS('',3,1,((#11576,#11577),(#11578,#11579),
(#11580,#11581),(#11582,#11583)),.UNSPECIFIED.,.F.,.F.,.F.,(4,4),(2,2),
(-1.,0.),(0.,0.16),.UNSPECIFIED.);
#142=B_SPLINE_SURFACE_WITH_KNOTS('',3,1,((#11590,#11591),(#11592,#11593),
(#11594,#11595),(#11596,#11597)),.UNSPECIFIED.,.F.,.F.,.F.,(4,4),(2,2),
(-1.,0.),(0.,0.16),.UNSPECIFIED.);
#143=B_SPLINE_SURFACE_WITH_KNOTS('',3,1,((#11608,#11609),(#11610,#11611),
(#11612,#11613),(#11614,#11615)),.UNSPECIFIED.,.F.,.F.,.F.,(4,4),(2,2),
(-1.,0.),(0.,0.16),.UNSPECIFIED.);
#144=B_SPLINE_SURFACE_WITH_KNOTS('',3,1,((#11622,#11623),(#11624,#11625),
(#11626,#11627),(#11628,#11629)),.UNSPECIFIED.,.F.,.F.,.F.,(4,4),(2,2),
(-1.,0.),(0.,0.16),.UNSPECIFIED.);
#145=B_SPLINE_SURFACE_WITH_KNOTS('',3,1,((#11640,#11641),(#11642,#11643),
(#11644,#11645),(#11646,#11647)),.UNSPECIFIED.,.F.,.F.,.F.,(4,4),(2,2),
(-1.,0.),(0.,0.16),.UNSPECIFIED.);
#146=B_SPLINE_SURFACE_WITH_KNOTS('',3,1,((#11654,#11655),(#11656,#11657),
(#11658,#11659),(#11660,#11661)),.UNSPECIFIED.,.F.,.F.,.F.,(4,4),(2,2),
(-1.,0.),(0.,0.16),.UNSPECIFIED.);
#147=B_SPLINE_SURFACE_WITH_KNOTS('',3,1,((#11672,#11673),(#11674,#11675),
(#11676,#11677),(#11678,#11679)),.UNSPECIFIED.,.F.,.F.,.F.,(4,4),(2,2),
(-1.,0.),(0.,0.16),.UNSPECIFIED.);
#148=B_SPLINE_SURFACE_WITH_KNOTS('',3,1,((#11686,#11687),(#11688,#11689),
(#11690,#11691),(#11692,#11693)),.UNSPECIFIED.,.F.,.F.,.F.,(4,4),(2,2),
(-1.,0.),(0.,0.16),.UNSPECIFIED.);
#149=B_SPLINE_SURFACE_WITH_KNOTS('',3,1,((#11704,#11705),(#11706,#11707),
(#11708,#11709),(#11710,#11711)),.UNSPECIFIED.,.F.,.F.,.F.,(4,4),(2,2),
(-1.,0.),(0.,0.16),.UNSPECIFIED.);
#150=B_SPLINE_SURFACE_WITH_KNOTS('',3,1,((#11718,#11719),(#11720,#11721),
(#11722,#11723),(#11724,#11725)),.UNSPECIFIED.,.F.,.F.,.F.,(4,4),(2,2),
(-1.,0.),(0.,0.16),.UNSPECIFIED.);
#151=B_SPLINE_SURFACE_WITH_KNOTS('',3,1,((#11744,#11745),(#11746,#11747),
(#11748,#11749),(#11750,#11751)),.UNSPECIFIED.,.F.,.F.,.F.,(4,4),(2,2),
(-1.,0.),(0.,0.16),.UNSPECIFIED.);
#152=B_SPLINE_SURFACE_WITH_KNOTS('',3,1,((#11758,#11759),(#11760,#11761),
(#11762,#11763),(#11764,#11765)),.UNSPECIFIED.,.F.,.F.,.F.,(4,4),(2,2),
(-1.,0.),(0.,0.16),.UNSPECIFIED.);
#153=B_SPLINE_SURFACE_WITH_KNOTS('',3,1,((#11776,#11777),(#11778,#11779),
(#11780,#11781),(#11782,#11783)),.UNSPECIFIED.,.F.,.F.,.F.,(4,4),(2,2),
(-1.,0.),(0.,0.16),.UNSPECIFIED.);
#154=B_SPLINE_SURFACE_WITH_KNOTS('',3,1,((#11790,#11791),(#11792,#11793),
(#11794,#11795),(#11796,#11797)),.UNSPECIFIED.,.F.,.F.,.F.,(4,4),(2,2),
(-1.,0.),(0.,0.16),.UNSPECIFIED.);
#155=B_SPLINE_SURFACE_WITH_KNOTS('',3,1,((#11808,#11809),(#11810,#11811),
(#11812,#11813),(#11814,#11815)),.UNSPECIFIED.,.F.,.F.,.F.,(4,4),(2,2),
(-1.,0.),(0.,0.16),.UNSPECIFIED.);
#156=B_SPLINE_SURFACE_WITH_KNOTS('',3,1,((#11822,#11823),(#11824,#11825),
(#11826,#11827),(#11828,#11829)),.UNSPECIFIED.,.F.,.F.,.F.,(4,4),(2,2),
(-1.,0.),(0.,0.16),.UNSPECIFIED.);
#157=B_SPLINE_SURFACE_WITH_KNOTS('',3,1,((#11840,#11841),(#11842,#11843),
(#11844,#11845),(#11846,#11847)),.UNSPECIFIED.,.F.,.F.,.F.,(4,4),(2,2),
(-1.,0.),(0.,0.16),.UNSPECIFIED.);
#158=B_SPLINE_SURFACE_WITH_KNOTS('',3,1,((#11854,#11855),(#11856,#11857),
(#11858,#11859),(#11860,#11861)),.UNSPECIFIED.,.F.,.F.,.F.,(4,4),(2,2),
(-1.,0.),(0.,0.16),.UNSPECIFIED.);
#159=B_SPLINE_SURFACE_WITH_KNOTS('',3,1,((#11872,#11873),(#11874,#11875),
(#11876,#11877),(#11878,#11879)),.UNSPECIFIED.,.F.,.F.,.F.,(4,4),(2,2),
(-1.,0.),(0.,0.16),.UNSPECIFIED.);
#160=B_SPLINE_SURFACE_WITH_KNOTS('',3,1,((#11890,#11891),(#11892,#11893),
(#11894,#11895),(#11896,#11897)),.UNSPECIFIED.,.F.,.F.,.F.,(4,4),(2,2),
(-1.,0.),(0.,0.16),.UNSPECIFIED.);
#161=B_SPLINE_SURFACE_WITH_KNOTS('',3,1,((#11908,#11909),(#11910,#11911),
(#11912,#11913),(#11914,#11915)),.UNSPECIFIED.,.F.,.F.,.F.,(4,4),(2,2),
(-1.,0.),(0.,0.16),.UNSPECIFIED.);
#162=B_SPLINE_SURFACE_WITH_KNOTS('',3,1,((#11926,#11927),(#11928,#11929),
(#11930,#11931),(#11932,#11933)),.UNSPECIFIED.,.F.,.F.,.F.,(4,4),(2,2),
(-1.,0.),(0.,0.16),.UNSPECIFIED.);
#163=B_SPLINE_SURFACE_WITH_KNOTS('',3,1,((#11964,#11965),(#11966,#11967),
(#11968,#11969),(#11970,#11971)),.UNSPECIFIED.,.F.,.F.,.F.,(4,4),(2,2),
(-1.,0.),(0.,0.16),.UNSPECIFIED.);
#164=B_SPLINE_SURFACE_WITH_KNOTS('',3,1,((#11978,#11979),(#11980,#11981),
(#11982,#11983),(#11984,#11985)),.UNSPECIFIED.,.F.,.F.,.F.,(4,4),(2,2),
(-1.,0.),(0.,0.16),.UNSPECIFIED.);
#165=B_SPLINE_SURFACE_WITH_KNOTS('',3,1,((#11996,#11997),(#11998,#11999),
(#12000,#12001),(#12002,#12003)),.UNSPECIFIED.,.F.,.F.,.F.,(4,4),(2,2),
(-1.,0.),(0.,0.16),.UNSPECIFIED.);
#166=B_SPLINE_SURFACE_WITH_KNOTS('',3,1,((#12010,#12011),(#12012,#12013),
(#12014,#12015),(#12016,#12017)),.UNSPECIFIED.,.F.,.F.,.F.,(4,4),(2,2),
(-1.,0.),(0.,0.16),.UNSPECIFIED.);
#167=B_SPLINE_SURFACE_WITH_KNOTS('',3,1,((#12028,#12029),(#12030,#12031),
(#12032,#12033),(#12034,#12035)),.UNSPECIFIED.,.F.,.F.,.F.,(4,4),(2,2),
(-1.,0.),(0.,0.16),.UNSPECIFIED.);
#168=B_SPLINE_SURFACE_WITH_KNOTS('',3,1,((#12042,#12043),(#12044,#12045),
(#12046,#12047),(#12048,#12049)),.UNSPECIFIED.,.F.,.F.,.F.,(4,4),(2,2),
(-1.,0.),(0.,0.16),.UNSPECIFIED.);
#169=B_SPLINE_SURFACE_WITH_KNOTS('',3,1,((#12060,#12061),(#12062,#12063),
(#12064,#12065),(#12066,#12067)),.UNSPECIFIED.,.F.,.F.,.F.,(4,4),(2,2),
(-1.,0.),(0.,0.16),.UNSPECIFIED.);
#170=B_SPLINE_SURFACE_WITH_KNOTS('',3,1,((#12074,#12075),(#12076,#12077),
(#12078,#12079),(#12080,#12081)),.UNSPECIFIED.,.F.,.F.,.F.,(4,4),(2,2),
(-1.,0.),(0.,0.16),.UNSPECIFIED.);
#171=B_SPLINE_SURFACE_WITH_KNOTS('',3,1,((#12092,#12093),(#12094,#12095),
(#12096,#12097),(#12098,#12099)),.UNSPECIFIED.,.F.,.F.,.F.,(4,4),(2,2),
(-1.,0.),(0.,0.16),.UNSPECIFIED.);
#172=B_SPLINE_SURFACE_WITH_KNOTS('',3,1,((#12106,#12107),(#12108,#12109),
(#12110,#12111),(#12112,#12113)),.UNSPECIFIED.,.F.,.F.,.F.,(4,4),(2,2),
(-1.,0.),(0.,0.16),.UNSPECIFIED.);
#173=B_SPLINE_SURFACE_WITH_KNOTS('',3,1,((#12124,#12125),(#12126,#12127),
(#12128,#12129),(#12130,#12131)),.UNSPECIFIED.,.F.,.F.,.F.,(4,4),(2,2),
(-1.,0.),(0.,0.16),.UNSPECIFIED.);
#174=B_SPLINE_SURFACE_WITH_KNOTS('',3,1,((#12138,#12139),(#12140,#12141),
(#12142,#12143),(#12144,#12145)),.UNSPECIFIED.,.F.,.F.,.F.,(4,4),(2,2),
(-1.,0.),(0.,0.16),.UNSPECIFIED.);
#175=B_SPLINE_SURFACE_WITH_KNOTS('',3,1,((#12156,#12157),(#12158,#12159),
(#12160,#12161),(#12162,#12163)),.UNSPECIFIED.,.F.,.F.,.F.,(4,4),(2,2),
(-1.,0.),(0.,0.16),.UNSPECIFIED.);
#176=B_SPLINE_SURFACE_WITH_KNOTS('',3,1,((#12170,#12171),(#12172,#12173),
(#12174,#12175),(#12176,#12177)),.UNSPECIFIED.,.F.,.F.,.F.,(4,4),(2,2),
(-1.,0.),(0.,0.16),.UNSPECIFIED.);
#177=B_SPLINE_SURFACE_WITH_KNOTS('',3,1,((#12188,#12189),(#12190,#12191),
(#12192,#12193),(#12194,#12195)),.UNSPECIFIED.,.F.,.F.,.F.,(4,4),(2,2),
(-1.,0.),(0.,0.16),.UNSPECIFIED.);
#178=B_SPLINE_SURFACE_WITH_KNOTS('',3,1,((#12202,#12203),(#12204,#12205),
(#12206,#12207),(#12208,#12209)),.UNSPECIFIED.,.F.,.F.,.F.,(4,4),(2,2),
(-1.,0.),(0.,0.16),.UNSPECIFIED.);
#179=B_SPLINE_SURFACE_WITH_KNOTS('',3,1,((#12217,#12218),(#12219,#12220),
(#12221,#12222),(#12223,#12224),(#12225,#12226),(#12227,#12228),(#12229,
#12230),(#12231,#12232),(#12233,#12234),(#12235,#12236)),.UNSPECIFIED.,
 .F.,.F.,.F.,(4,3,3,4),(2,2),(-3.39804640284874E-5,-1.35928064615985E-5,
0.0349254516563535,0.999988289559876),(0.,0.901974221349718),
 .UNSPECIFIED.);
#180=B_SPLINE_SURFACE_WITH_KNOTS('',3,1,((#12241,#12242),(#12243,#12244),
(#12245,#12246),(#12247,#12248),(#12249,#12250),(#12251,#12252),(#12253,
#12254)),.UNSPECIFIED.,.F.,.F.,.F.,(4,3,4),(2,2),(4.99883453751661E-6,0.775053181843442,
0.999999999967015),(0.,0.901994894302482),.UNSPECIFIED.);
#181=B_SPLINE_SURFACE_WITH_KNOTS('',3,1,((#12258,#12259),(#12260,#12261),
(#12262,#12263),(#12264,#12265)),.UNSPECIFIED.,.F.,.F.,.F.,(4,4),(2,2),
(2.03959044917026E-6,1.),(0.,0.900301663976684),.UNSPECIFIED.);
#182=B_SPLINE_SURFACE_WITH_KNOTS('',3,1,((#12269,#12270),(#12271,#12272),
(#12273,#12274),(#12275,#12276),(#12277,#12278),(#12279,#12280),(#12281,
#12282),(#12283,#12284),(#12285,#12286),(#12287,#12288)),.UNSPECIFIED.,
 .F.,.F.,.F.,(4,3,3,4),(2,2),(-0.000117248709921702,-3.34993242742032E-5,
0.102089922099967,0.999980929921669),(0.,0.901990055782634),
 .UNSPECIFIED.);
#183=B_SPLINE_SURFACE_WITH_KNOTS('',3,1,((#12292,#12293),(#12294,#12295),
(#12296,#12297),(#12298,#12299),(#12300,#12301),(#12302,#12303),(#12304,
#12305),(#12306,#12307),(#12308,#12309),(#12310,#12311),(#12312,#12313),
(#12314,#12315),(#12316,#12317)),.UNSPECIFIED.,.F.,.F.,.F.,(4,3,3,3,4),
(2,2),(3.45164079837649E-5,0.70684845590965,0.971693730336574,1.00002272748532,
1.00007954674694),(0.,0.901274901201029),.UNSPECIFIED.);
#184=B_SPLINE_SURFACE_WITH_KNOTS('',3,1,((#12370,#12371),(#12372,#12373),
(#12374,#12375),(#12376,#12377),(#12378,#12379),(#12380,#12381),(#12382,
#12383),(#12384,#12385),(#12386,#12387),(#12388,#12389),(#12390,#12391),
(#12392,#12393),(#12394,#12395)),.UNSPECIFIED.,.F.,.F.,.F.,(4,3,3,3,4),
(2,2),(3.45164082176507E-5,0.70684845590965,0.971693730336574,1.00002272748532,
1.00007954556487),(0.,0.16),.UNSPECIFIED.);
#185=B_SPLINE_SURFACE_WITH_KNOTS('',3,1,((#12431,#12432),(#12433,#12434),
(#12435,#12436),(#12437,#12438),(#12439,#12440),(#12441,#12442),(#12443,
#12444),(#12445,#12446),(#12447,#12448),(#12449,#12450)),.UNSPECIFIED.,
 .F.,.F.,.F.,(4,3,3,4),(2,2),(-3.39804640284874E-5,-1.35928064615985E-5,
0.0349254516563535,0.999988289559876),(0.,0.16),.UNSPECIFIED.);
#186=B_SPLINE_SURFACE_WITH_KNOTS('',3,1,((#12492,#12493),(#12494,#12495),
(#12496,#12497),(#12498,#12499)),.UNSPECIFIED.,.F.,.F.,.F.,(4,4),(2,2),
(0.,1.),(0.,0.16),.UNSPECIFIED.);
#187=B_SPLINE_SURFACE_WITH_KNOTS('',3,1,((#12511,#12512),(#12513,#12514),
(#12515,#12516),(#12517,#12518)),.UNSPECIFIED.,.F.,.F.,.F.,(4,4),(2,2),
(0.0377846264041371,1.),(0.,0.16),.UNSPECIFIED.);
#188=B_SPLINE_SURFACE_WITH_KNOTS('',3,1,((#12536,#12537),(#12538,#12539),
(#12540,#12541),(#12542,#12543),(#12544,#12545),(#12546,#12547),(#12548,
#12549),(#12550,#12551),(#12552,#12553),(#12554,#12555),(#12556,#12557),
(#12558,#12559),(#12560,#12561),(#12562,#12563),(#12564,#12565),(#12566,
#12567)),.UNSPECIFIED.,.F.,.F.,.F.,(4,3,3,3,3,4),(2,2),(3.69928870178328E-5,
0.519267089071726,0.846747249654439,0.957720444780622,1.00002065074662,
1.00007227850429),(0.,0.16),.UNSPECIFIED.);
#189=B_SPLINE_SURFACE_WITH_KNOTS('',3,1,((#12609,#12610),(#12611,#12612),
(#12613,#12614),(#12615,#12616),(#12617,#12618),(#12619,#12620),(#12621,
#12622)),.UNSPECIFIED.,.F.,.F.,.F.,(4,3,4),(2,2),(-2.98902015304013E-5,
0.,0.999993677524722),(0.,0.16),.UNSPECIFIED.);
#190=B_SPLINE_SURFACE_WITH_KNOTS('',3,1,((#12646,#12647),(#12648,#12649),
(#12650,#12651),(#12652,#12653)),.UNSPECIFIED.,.F.,.F.,.F.,(4,4),(2,2),
(1.01969294412114E-6,1.00000000020105),(0.,0.16),.UNSPECIFIED.);
#191=B_SPLINE_SURFACE_WITH_KNOTS('',3,1,((#12671,#12672),(#12673,#12674),
(#12675,#12676),(#12677,#12678),(#12679,#12680),(#12681,#12682),(#12683,
#12684)),.UNSPECIFIED.,.F.,.F.,.F.,(4,3,4),(2,2),(4.99883453368731E-6,0.775053181843456,
0.999999999967033),(0.,0.16),.UNSPECIFIED.);
#192=B_SPLINE_SURFACE_WITH_KNOTS('',3,1,((#12708,#12709),(#12710,#12711),
(#12712,#12713),(#12714,#12715)),.UNSPECIFIED.,.F.,.F.,.F.,(4,4),(2,2),
(2.03959044917026E-6,1.),(0.,0.16),.UNSPECIFIED.);
#193=B_SPLINE_SURFACE_WITH_KNOTS('',3,1,((#12733,#12734),(#12735,#12736),
(#12737,#12738),(#12739,#12740),(#12741,#12742),(#12743,#12744),(#12745,
#12746),(#12747,#12748),(#12749,#12750),(#12751,#12752)),.UNSPECIFIED.,
 .F.,.F.,.F.,(4,3,3,4),(2,2),(-0.000117248709927067,-3.34993242742032E-5,
0.102089922099967,0.999980929921669),(0.,0.16),.UNSPECIFIED.);
#194=TOROIDAL_SURFACE('',#6547,2.00000000000001,1.5);
#195=FACE_BOUND('',#627,.T.);
#196=FACE_BOUND('',#628,.T.);
#197=FACE_BOUND('',#629,.T.);
#198=FACE_BOUND('',#630,.T.);
#199=FACE_BOUND('',#631,.T.);
#200=FACE_BOUND('',#632,.T.);
#201=FACE_BOUND('',#633,.T.);
#202=FACE_BOUND('',#634,.T.);
#203=FACE_BOUND('',#635,.T.);
#204=FACE_BOUND('',#636,.T.);
#205=FACE_BOUND('',#637,.T.);
#206=FACE_BOUND('',#638,.T.);
#207=FACE_BOUND('',#639,.T.);
#208=FACE_BOUND('',#640,.T.);
#209=FACE_BOUND('',#641,.T.);
#210=FACE_BOUND('',#642,.T.);
#211=FACE_BOUND('',#643,.T.);
#212=FACE_BOUND('',#644,.T.);
#213=FACE_BOUND('',#645,.T.);
#214=FACE_BOUND('',#646,.T.);
#215=FACE_BOUND('',#647,.T.);
#216=FACE_BOUND('',#648,.T.);
#217=FACE_BOUND('',#649,.T.);
#218=FACE_BOUND('',#650,.T.);
#219=FACE_BOUND('',#651,.T.);
#220=FACE_BOUND('',#652,.T.);
#221=FACE_BOUND('',#942,.T.);
#222=FACE_BOUND('',#943,.T.);
#223=FACE_BOUND('',#944,.T.);
#224=FACE_BOUND('',#945,.T.);
#225=FACE_BOUND('',#946,.T.);
#226=FACE_BOUND('',#947,.T.);
#227=FACE_BOUND('',#948,.T.);
#228=FACE_BOUND('',#949,.T.);
#229=FACE_BOUND('',#950,.T.);
#230=FACE_BOUND('',#951,.T.);
#231=FACE_BOUND('',#952,.T.);
#232=FACE_BOUND('',#953,.T.);
#233=FACE_BOUND('',#954,.T.);
#234=FACE_BOUND('',#955,.T.);
#235=FACE_BOUND('',#956,.T.);
#236=FACE_BOUND('',#957,.T.);
#237=FACE_BOUND('',#958,.T.);
#238=FACE_BOUND('',#959,.T.);
#239=FACE_BOUND('',#960,.T.);
#240=FACE_BOUND('',#961,.T.);
#241=FACE_BOUND('',#962,.T.);
#242=FACE_BOUND('',#963,.T.);
#243=FACE_BOUND('',#964,.T.);
#244=FACE_BOUND('',#965,.T.);
#245=FACE_BOUND('',#966,.T.);
#246=FACE_BOUND('',#967,.T.);
#247=FACE_BOUND('',#997,.T.);
#248=FACE_BOUND('',#998,.T.);
#249=FACE_BOUND('',#999,.T.);
#250=FACE_BOUND('',#1000,.T.);
#251=FACE_BOUND('',#1001,.T.);
#252=FACE_BOUND('',#1002,.T.);
#253=FACE_BOUND('',#1003,.T.);
#254=FACE_BOUND('',#1005,.T.);
#255=FACE_BOUND('',#1006,.T.);
#256=FACE_BOUND('',#1007,.T.);
#257=FACE_BOUND('',#1008,.T.);
#258=FACE_BOUND('',#1009,.T.);
#259=FACE_BOUND('',#1010,.T.);
#260=FACE_BOUND('',#1011,.T.);
#261=ELLIPSE('',#6533,1.5564804596867,1.5);
#262=CYLINDRICAL_SURFACE('',#6528,1.5);
#263=CYLINDRICAL_SURFACE('',#6531,1.5);
#264=CYLINDRICAL_SURFACE('',#6551,1.5);
#265=CYLINDRICAL_SURFACE('',#6553,1.5);
#266=CYLINDRICAL_SURFACE('',#6555,1.5);
#267=CYLINDRICAL_SURFACE('',#6557,1.5);
#268=CYLINDRICAL_SURFACE('',#6560,1.5);
#269=CYLINDRICAL_SURFACE('',#6563,1.5);
#270=CYLINDRICAL_SURFACE('',#6565,1.5);
#271=CYLINDRICAL_SURFACE('',#6567,1.5);
#272=CYLINDRICAL_SURFACE('',#6569,1.5);
#273=CYLINDRICAL_SURFACE('',#6574,3.50000000000001);
#274=CYLINDRICAL_SURFACE('',#6583,1.00000000000002);
#275=CYLINDRICAL_SURFACE('',#6610,1.24999999999999);
#276=CYLINDRICAL_SURFACE('',#6612,1.25);
#277=CYLINDRICAL_SURFACE('',#6634,1.25);
#278=CYLINDRICAL_SURFACE('',#6640,1.25);
#279=CYLINDRICAL_SURFACE('',#6654,1.25);
#280=CYLINDRICAL_SURFACE('',#6656,1.25);
#281=CYLINDRICAL_SURFACE('',#6670,1.25);
#282=CYLINDRICAL_SURFACE('',#6686,1.25);
#283=CYLINDRICAL_SURFACE('',#6689,1.25);
#284=CYLINDRICAL_SURFACE('',#6692,1.25);
#285=CYLINDRICAL_SURFACE('',#6695,1.25);
#286=CYLINDRICAL_SURFACE('',#6698,1.25);
#287=CYLINDRICAL_SURFACE('',#6701,1.25);
#288=CYLINDRICAL_SURFACE('',#6704,1.24999999999999);
#289=CYLINDRICAL_SURFACE('',#6711,3.5);
#290=FACE_OUTER_BOUND('',#618,.T.);
#291=FACE_OUTER_BOUND('',#619,.T.);
#292=FACE_OUTER_BOUND('',#620,.T.);
#293=FACE_OUTER_BOUND('',#621,.T.);
#294=FACE_OUTER_BOUND('',#622,.T.);
#295=FACE_OUTER_BOUND('',#623,.T.);
#296=FACE_OUTER_BOUND('',#624,.T.);
#297=FACE_OUTER_BOUND('',#625,.T.);
#298=FACE_OUTER_BOUND('',#626,.T.);
#299=FACE_OUTER_BOUND('',#653,.T.);
#300=FACE_OUTER_BOUND('',#654,.T.);
#301=FACE_OUTER_BOUND('',#655,.T.);
#302=FACE_OUTER_BOUND('',#656,.T.);
#303=FACE_OUTER_BOUND('',#657,.T.);
#304=FACE_OUTER_BOUND('',#658,.T.);
#305=FACE_OUTER_BOUND('',#659,.T.);
#306=FACE_OUTER_BOUND('',#660,.T.);
#307=FACE_OUTER_BOUND('',#661,.T.);
#308=FACE_OUTER_BOUND('',#662,.T.);
#309=FACE_OUTER_BOUND('',#663,.T.);
#310=FACE_OUTER_BOUND('',#664,.T.);
#311=FACE_OUTER_BOUND('',#665,.T.);
#312=FACE_OUTER_BOUND('',#666,.T.);
#313=FACE_OUTER_BOUND('',#667,.T.);
#314=FACE_OUTER_BOUND('',#668,.T.);
#315=FACE_OUTER_BOUND('',#669,.T.);
#316=FACE_OUTER_BOUND('',#670,.T.);
#317=FACE_OUTER_BOUND('',#671,.T.);
#318=FACE_OUTER_BOUND('',#672,.T.);
#319=FACE_OUTER_BOUND('',#673,.T.);
#320=FACE_OUTER_BOUND('',#674,.T.);
#321=FACE_OUTER_BOUND('',#675,.T.);
#322=FACE_OUTER_BOUND('',#676,.T.);
#323=FACE_OUTER_BOUND('',#677,.T.);
#324=FACE_OUTER_BOUND('',#678,.T.);
#325=FACE_OUTER_BOUND('',#679,.T.);
#326=FACE_OUTER_BOUND('',#680,.T.);
#327=FACE_OUTER_BOUND('',#681,.T.);
#328=FACE_OUTER_BOUND('',#682,.T.);
#329=FACE_OUTER_BOUND('',#683,.T.);
#330=FACE_OUTER_BOUND('',#684,.T.);
#331=FACE_OUTER_BOUND('',#685,.T.);
#332=FACE_OUTER_BOUND('',#686,.T.);
#333=FACE_OUTER_BOUND('',#687,.T.);
#334=FACE_OUTER_BOUND('',#688,.T.);
#335=FACE_OUTER_BOUND('',#689,.T.);
#336=FACE_OUTER_BOUND('',#690,.T.);
#337=FACE_OUTER_BOUND('',#691,.T.);
#338=FACE_OUTER_BOUND('',#692,.T.);
#339=FACE_OUTER_BOUND('',#693,.T.);
#340=FACE_OUTER_BOUND('',#694,.T.);
#341=FACE_OUTER_BOUND('',#695,.T.);
#342=FACE_OUTER_BOUND('',#696,.T.);
#343=FACE_OUTER_BOUND('',#697,.T.);
#344=FACE_OUTER_BOUND('',#698,.T.);
#345=FACE_OUTER_BOUND('',#699,.T.);
#346=FACE_OUTER_BOUND('',#700,.T.);
#347=FACE_OUTER_BOUND('',#701,.T.);
#348=FACE_OUTER_BOUND('',#702,.T.);
#349=FACE_OUTER_BOUND('',#703,.T.);
#350=FACE_OUTER_BOUND('',#704,.T.);
#351=FACE_OUTER_BOUND('',#705,.T.);
#352=FACE_OUTER_BOUND('',#706,.T.);
#353=FACE_OUTER_BOUND('',#707,.T.);
#354=FACE_OUTER_BOUND('',#708,.T.);
#355=FACE_OUTER_BOUND('',#709,.T.);
#356=FACE_OUTER_BOUND('',#710,.T.);
#357=FACE_OUTER_BOUND('',#711,.T.);
#358=FACE_OUTER_BOUND('',#712,.T.);
#359=FACE_OUTER_BOUND('',#713,.T.);
#360=FACE_OUTER_BOUND('',#714,.T.);
#361=FACE_OUTER_BOUND('',#715,.T.);
#362=FACE_OUTER_BOUND('',#716,.T.);
#363=FACE_OUTER_BOUND('',#717,.T.);
#364=FACE_OUTER_BOUND('',#718,.T.);
#365=FACE_OUTER_BOUND('',#719,.T.);
#366=FACE_OUTER_BOUND('',#720,.T.);
#367=FACE_OUTER_BOUND('',#721,.T.);
#368=FACE_OUTER_BOUND('',#722,.T.);
#369=FACE_OUTER_BOUND('',#723,.T.);
#370=FACE_OUTER_BOUND('',#724,.T.);
#371=FACE_OUTER_BOUND('',#725,.T.);
#372=FACE_OUTER_BOUND('',#726,.T.);
#373=FACE_OUTER_BOUND('',#727,.T.);
#374=FACE_OUTER_BOUND('',#728,.T.);
#375=FACE_OUTER_BOUND('',#729,.T.);
#376=FACE_OUTER_BOUND('',#730,.T.);
#377=FACE_OUTER_BOUND('',#731,.T.);
#378=FACE_OUTER_BOUND('',#732,.T.);
#379=FACE_OUTER_BOUND('',#733,.T.);
#380=FACE_OUTER_BOUND('',#734,.T.);
#381=FACE_OUTER_BOUND('',#735,.T.);
#382=FACE_OUTER_BOUND('',#736,.T.);
#383=FACE_OUTER_BOUND('',#737,.T.);
#384=FACE_OUTER_BOUND('',#738,.T.);
#385=FACE_OUTER_BOUND('',#739,.T.);
#386=FACE_OUTER_BOUND('',#740,.T.);
#387=FACE_OUTER_BOUND('',#741,.T.);
#388=FACE_OUTER_BOUND('',#742,.T.);
#389=FACE_OUTER_BOUND('',#743,.T.);
#390=FACE_OUTER_BOUND('',#744,.T.);
#391=FACE_OUTER_BOUND('',#745,.T.);
#392=FACE_OUTER_BOUND('',#746,.T.);
#393=FACE_OUTER_BOUND('',#747,.T.);
#394=FACE_OUTER_BOUND('',#748,.T.);
#395=FACE_OUTER_BOUND('',#749,.T.);
#396=FACE_OUTER_BOUND('',#750,.T.);
#397=FACE_OUTER_BOUND('',#751,.T.);
#398=FACE_OUTER_BOUND('',#752,.T.);
#399=FACE_OUTER_BOUND('',#753,.T.);
#400=FACE_OUTER_BOUND('',#754,.T.);
#401=FACE_OUTER_BOUND('',#755,.T.);
#402=FACE_OUTER_BOUND('',#756,.T.);
#403=FACE_OUTER_BOUND('',#757,.T.);
#404=FACE_OUTER_BOUND('',#758,.T.);
#405=FACE_OUTER_BOUND('',#759,.T.);
#406=FACE_OUTER_BOUND('',#760,.T.);
#407=FACE_OUTER_BOUND('',#761,.T.);
#408=FACE_OUTER_BOUND('',#762,.T.);
#409=FACE_OUTER_BOUND('',#763,.T.);
#410=FACE_OUTER_BOUND('',#764,.T.);
#411=FACE_OUTER_BOUND('',#765,.T.);
#412=FACE_OUTER_BOUND('',#766,.T.);
#413=FACE_OUTER_BOUND('',#767,.T.);
#414=FACE_OUTER_BOUND('',#768,.T.);
#415=FACE_OUTER_BOUND('',#769,.T.);
#416=FACE_OUTER_BOUND('',#770,.T.);
#417=FACE_OUTER_BOUND('',#771,.T.);
#418=FACE_OUTER_BOUND('',#772,.T.);
#419=FACE_OUTER_BOUND('',#773,.T.);
#420=FACE_OUTER_BOUND('',#774,.T.);
#421=FACE_OUTER_BOUND('',#775,.T.);
#422=FACE_OUTER_BOUND('',#776,.T.);
#423=FACE_OUTER_BOUND('',#777,.T.);
#424=FACE_OUTER_BOUND('',#778,.T.);
#425=FACE_OUTER_BOUND('',#779,.T.);
#426=FACE_OUTER_BOUND('',#780,.T.);
#427=FACE_OUTER_BOUND('',#781,.T.);
#428=FACE_OUTER_BOUND('',#782,.T.);
#429=FACE_OUTER_BOUND('',#783,.T.);
#430=FACE_OUTER_BOUND('',#784,.T.);
#431=FACE_OUTER_BOUND('',#785,.T.);
#432=FACE_OUTER_BOUND('',#786,.T.);
#433=FACE_OUTER_BOUND('',#787,.T.);
#434=FACE_OUTER_BOUND('',#788,.T.);
#435=FACE_OUTER_BOUND('',#789,.T.);
#436=FACE_OUTER_BOUND('',#790,.T.);
#437=FACE_OUTER_BOUND('',#791,.T.);
#438=FACE_OUTER_BOUND('',#792,.T.);
#439=FACE_OUTER_BOUND('',#793,.T.);
#440=FACE_OUTER_BOUND('',#794,.T.);
#441=FACE_OUTER_BOUND('',#795,.T.);
#442=FACE_OUTER_BOUND('',#796,.T.);
#443=FACE_OUTER_BOUND('',#797,.T.);
#444=FACE_OUTER_BOUND('',#798,.T.);
#445=FACE_OUTER_BOUND('',#799,.T.);
#446=FACE_OUTER_BOUND('',#800,.T.);
#447=FACE_OUTER_BOUND('',#801,.T.);
#448=FACE_OUTER_BOUND('',#802,.T.);
#449=FACE_OUTER_BOUND('',#803,.T.);
#450=FACE_OUTER_BOUND('',#804,.T.);
#451=FACE_OUTER_BOUND('',#805,.T.);
#452=FACE_OUTER_BOUND('',#806,.T.);
#453=FACE_OUTER_BOUND('',#807,.T.);
#454=FACE_OUTER_BOUND('',#808,.T.);
#455=FACE_OUTER_BOUND('',#809,.T.);
#456=FACE_OUTER_BOUND('',#810,.T.);
#457=FACE_OUTER_BOUND('',#811,.T.);
#458=FACE_OUTER_BOUND('',#812,.T.);
#459=FACE_OUTER_BOUND('',#813,.T.);
#460=FACE_OUTER_BOUND('',#814,.T.);
#461=FACE_OUTER_BOUND('',#815,.T.);
#462=FACE_OUTER_BOUND('',#816,.T.);
#463=FACE_OUTER_BOUND('',#817,.T.);
#464=FACE_OUTER_BOUND('',#818,.T.);
#465=FACE_OUTER_BOUND('',#819,.T.);
#466=FACE_OUTER_BOUND('',#820,.T.);
#467=FACE_OUTER_BOUND('',#821,.T.);
#468=FACE_OUTER_BOUND('',#822,.T.);
#469=FACE_OUTER_BOUND('',#823,.T.);
#470=FACE_OUTER_BOUND('',#824,.T.);
#471=FACE_OUTER_BOUND('',#825,.T.);
#472=FACE_OUTER_BOUND('',#826,.T.);
#473=FACE_OUTER_BOUND('',#827,.T.);
#474=FACE_OUTER_BOUND('',#828,.T.);
#475=FACE_OUTER_BOUND('',#829,.T.);
#476=FACE_OUTER_BOUND('',#830,.T.);
#477=FACE_OUTER_BOUND('',#831,.T.);
#478=FACE_OUTER_BOUND('',#832,.T.);
#479=FACE_OUTER_BOUND('',#833,.T.);
#480=FACE_OUTER_BOUND('',#834,.T.);
#481=FACE_OUTER_BOUND('',#835,.T.);
#482=FACE_OUTER_BOUND('',#836,.T.);
#483=FACE_OUTER_BOUND('',#837,.T.);
#484=FACE_OUTER_BOUND('',#838,.T.);
#485=FACE_OUTER_BOUND('',#839,.T.);
#486=FACE_OUTER_BOUND('',#840,.T.);
#487=FACE_OUTER_BOUND('',#841,.T.);
#488=FACE_OUTER_BOUND('',#842,.T.);
#489=FACE_OUTER_BOUND('',#843,.T.);
#490=FACE_OUTER_BOUND('',#844,.T.);
#491=FACE_OUTER_BOUND('',#845,.T.);
#492=FACE_OUTER_BOUND('',#846,.T.);
#493=FACE_OUTER_BOUND('',#847,.T.);
#494=FACE_OUTER_BOUND('',#848,.T.);
#495=FACE_OUTER_BOUND('',#849,.T.);
#496=FACE_OUTER_BOUND('',#850,.T.);
#497=FACE_OUTER_BOUND('',#851,.T.);
#498=FACE_OUTER_BOUND('',#852,.T.);
#499=FACE_OUTER_BOUND('',#853,.T.);
#500=FACE_OUTER_BOUND('',#854,.T.);
#501=FACE_OUTER_BOUND('',#855,.T.);
#502=FACE_OUTER_BOUND('',#856,.T.);
#503=FACE_OUTER_BOUND('',#857,.T.);
#504=FACE_OUTER_BOUND('',#858,.T.);
#505=FACE_OUTER_BOUND('',#859,.T.);
#506=FACE_OUTER_BOUND('',#860,.T.);
#507=FACE_OUTER_BOUND('',#861,.T.);
#508=FACE_OUTER_BOUND('',#862,.T.);
#509=FACE_OUTER_BOUND('',#863,.T.);
#510=FACE_OUTER_BOUND('',#864,.T.);
#511=FACE_OUTER_BOUND('',#865,.T.);
#512=FACE_OUTER_BOUND('',#866,.T.);
#513=FACE_OUTER_BOUND('',#867,.T.);
#514=FACE_OUTER_BOUND('',#868,.T.);
#515=FACE_OUTER_BOUND('',#869,.T.);
#516=FACE_OUTER_BOUND('',#870,.T.);
#517=FACE_OUTER_BOUND('',#871,.T.);
#518=FACE_OUTER_BOUND('',#872,.T.);
#519=FACE_OUTER_BOUND('',#873,.T.);
#520=FACE_OUTER_BOUND('',#874,.T.);
#521=FACE_OUTER_BOUND('',#875,.T.);
#522=FACE_OUTER_BOUND('',#876,.T.);
#523=FACE_OUTER_BOUND('',#877,.T.);
#524=FACE_OUTER_BOUND('',#878,.T.);
#525=FACE_OUTER_BOUND('',#879,.T.);
#526=FACE_OUTER_BOUND('',#880,.T.);
#527=FACE_OUTER_BOUND('',#881,.T.);
#528=FACE_OUTER_BOUND('',#882,.T.);
#529=FACE_OUTER_BOUND('',#883,.T.);
#530=FACE_OUTER_BOUND('',#884,.T.);
#531=FACE_OUTER_BOUND('',#885,.T.);
#532=FACE_OUTER_BOUND('',#886,.T.);
#533=FACE_OUTER_BOUND('',#887,.T.);
#534=FACE_OUTER_BOUND('',#888,.T.);
#535=FACE_OUTER_BOUND('',#889,.T.);
#536=FACE_OUTER_BOUND('',#890,.T.);
#537=FACE_OUTER_BOUND('',#891,.T.);
#538=FACE_OUTER_BOUND('',#892,.T.);
#539=FACE_OUTER_BOUND('',#893,.T.);
#540=FACE_OUTER_BOUND('',#894,.T.);
#541=FACE_OUTER_BOUND('',#895,.T.);
#542=FACE_OUTER_BOUND('',#896,.T.);
#543=FACE_OUTER_BOUND('',#897,.T.);
#544=FACE_OUTER_BOUND('',#898,.T.);
#545=FACE_OUTER_BOUND('',#899,.T.);
#546=FACE_OUTER_BOUND('',#900,.T.);
#547=FACE_OUTER_BOUND('',#901,.T.);
#548=FACE_OUTER_BOUND('',#902,.T.);
#549=FACE_OUTER_BOUND('',#903,.T.);
#550=FACE_OUTER_BOUND('',#904,.T.);
#551=FACE_OUTER_BOUND('',#905,.T.);
#552=FACE_OUTER_BOUND('',#906,.T.);
#553=FACE_OUTER_BOUND('',#907,.T.);
#554=FACE_OUTER_BOUND('',#908,.T.);
#555=FACE_OUTER_BOUND('',#909,.T.);
#556=FACE_OUTER_BOUND('',#910,.T.);
#557=FACE_OUTER_BOUND('',#911,.T.);
#558=FACE_OUTER_BOUND('',#912,.T.);
#559=FACE_OUTER_BOUND('',#913,.T.);
#560=FACE_OUTER_BOUND('',#914,.T.);
#561=FACE_OUTER_BOUND('',#915,.T.);
#562=FACE_OUTER_BOUND('',#916,.T.);
#563=FACE_OUTER_BOUND('',#917,.T.);
#564=FACE_OUTER_BOUND('',#918,.T.);
#565=FACE_OUTER_BOUND('',#919,.T.);
#566=FACE_OUTER_BOUND('',#920,.T.);
#567=FACE_OUTER_BOUND('',#921,.T.);
#568=FACE_OUTER_BOUND('',#922,.T.);
#569=FACE_OUTER_BOUND('',#923,.T.);
#570=FACE_OUTER_BOUND('',#924,.T.);
#571=FACE_OUTER_BOUND('',#925,.T.);
#572=FACE_OUTER_BOUND('',#926,.T.);
#573=FACE_OUTER_BOUND('',#927,.T.);
#574=FACE_OUTER_BOUND('',#928,.T.);
#575=FACE_OUTER_BOUND('',#929,.T.);
#576=FACE_OUTER_BOUND('',#930,.T.);
#577=FACE_OUTER_BOUND('',#931,.T.);
#578=FACE_OUTER_BOUND('',#932,.T.);
#579=FACE_OUTER_BOUND('',#933,.T.);
#580=FACE_OUTER_BOUND('',#934,.T.);
#581=FACE_OUTER_BOUND('',#935,.T.);
#582=FACE_OUTER_BOUND('',#936,.T.);
#583=FACE_OUTER_BOUND('',#937,.T.);
#584=FACE_OUTER_BOUND('',#938,.T.);
#585=FACE_OUTER_BOUND('',#939,.T.);
#586=FACE_OUTER_BOUND('',#940,.T.);
#587=FACE_OUTER_BOUND('',#941,.T.);
#588=FACE_OUTER_BOUND('',#968,.T.);
#589=FACE_OUTER_BOUND('',#969,.T.);
#590=FACE_OUTER_BOUND('',#970,.T.);
#591=FACE_OUTER_BOUND('',#971,.T.);
#592=FACE_OUTER_BOUND('',#972,.T.);
#593=FACE_OUTER_BOUND('',#973,.T.);
#594=FACE_OUTER_BOUND('',#974,.T.);
#595=FACE_OUTER_BOUND('',#975,.T.);
#596=FACE_OUTER_BOUND('',#976,.T.);
#597=FACE_OUTER_BOUND('',#977,.T.);
#598=FACE_OUTER_BOUND('',#978,.T.);
#599=FACE_OUTER_BOUND('',#979,.T.);
#600=FACE_OUTER_BOUND('',#980,.T.);
#601=FACE_OUTER_BOUND('',#981,.T.);
#602=FACE_OUTER_BOUND('',#982,.T.);
#603=FACE_OUTER_BOUND('',#983,.T.);
#604=FACE_OUTER_BOUND('',#984,.T.);
#605=FACE_OUTER_BOUND('',#985,.T.);
#606=FACE_OUTER_BOUND('',#986,.T.);
#607=FACE_OUTER_BOUND('',#987,.T.);
#608=FACE_OUTER_BOUND('',#988,.T.);
#609=FACE_OUTER_BOUND('',#989,.T.);
#610=FACE_OUTER_BOUND('',#990,.T.);
#611=FACE_OUTER_BOUND('',#991,.T.);
#612=FACE_OUTER_BOUND('',#992,.T.);
#613=FACE_OUTER_BOUND('',#993,.T.);
#614=FACE_OUTER_BOUND('',#994,.T.);
#615=FACE_OUTER_BOUND('',#995,.T.);
#616=FACE_OUTER_BOUND('',#996,.T.);
#617=FACE_OUTER_BOUND('',#1004,.T.);
#618=EDGE_LOOP('',(#4131,#4132,#4133,#4134,#4135,#4136,#4137,#4138,#4139,
#4140,#4141,#4142,#4143,#4144,#4145,#4146,#4147,#4148,#4149,#4150,#4151,
#4152,#4153,#4154,#4155,#4156,#4157,#4158,#4159,#4160,#4161,#4162,#4163,
#4164,#4165,#4166,#4167,#4168,#4169,#4170,#4171,#4172,#4173,#4174,#4175,
#4176,#4177));
#619=EDGE_LOOP('',(#4178,#4179,#4180,#4181));
#620=EDGE_LOOP('',(#4182,#4183,#4184,#4185));
#621=EDGE_LOOP('',(#4186,#4187,#4188,#4189));
#622=EDGE_LOOP('',(#4190,#4191,#4192,#4193,#4194,#4195,#4196,#4197,#4198,
#4199,#4200,#4201));
#623=EDGE_LOOP('',(#4202,#4203,#4204,#4205));
#624=EDGE_LOOP('',(#4206,#4207,#4208,#4209));
#625=EDGE_LOOP('',(#4210,#4211,#4212,#4213));
#626=EDGE_LOOP('',(#4214,#4215,#4216,#4217,#4218,#4219,#4220,#4221,#4222,
#4223,#4224,#4225,#4226,#4227,#4228,#4229,#4230,#4231,#4232,#4233,#4234,
#4235,#4236,#4237,#4238,#4239,#4240,#4241,#4242));
#627=EDGE_LOOP('',(#4243,#4244,#4245,#4246,#4247,#4248,#4249,#4250,#4251,
#4252,#4253,#4254));
#628=EDGE_LOOP('',(#4255,#4256,#4257,#4258,#4259,#4260,#4261,#4262,#4263,
#4264,#4265,#4266));
#629=EDGE_LOOP('',(#4267,#4268,#4269,#4270,#4271,#4272,#4273,#4274));
#630=EDGE_LOOP('',(#4275,#4276,#4277,#4278,#4279,#4280,#4281,#4282,#4283,
#4284,#4285,#4286));
#631=EDGE_LOOP('',(#4287,#4288,#4289,#4290,#4291,#4292,#4293,#4294,#4295,
#4296,#4297,#4298));
#632=EDGE_LOOP('',(#4299));
#633=EDGE_LOOP('',(#4300));
#634=EDGE_LOOP('',(#4301,#4302,#4303,#4304,#4305,#4306,#4307,#4308,#4309,
#4310,#4311,#4312));
#635=EDGE_LOOP('',(#4313,#4314,#4315,#4316,#4317,#4318,#4319,#4320,#4321,
#4322,#4323,#4324));
#636=EDGE_LOOP('',(#4325,#4326,#4327,#4328,#4329,#4330,#4331,#4332,#4333,
#4334,#4335,#4336));
#637=EDGE_LOOP('',(#4337,#4338,#4339,#4340,#4341,#4342,#4343,#4344,#4345,
#4346,#4347,#4348));
#638=EDGE_LOOP('',(#4349,#4350,#4351,#4352,#4353,#4354,#4355,#4356,#4357,
#4358,#4359,#4360));
#639=EDGE_LOOP('',(#4361));
#640=EDGE_LOOP('',(#4362,#4363,#4364,#4365,#4366,#4367,#4368,#4369,#4370,
#4371,#4372,#4373));
#641=EDGE_LOOP('',(#4374));
#642=EDGE_LOOP('',(#4375,#4376,#4377,#4378,#4379,#4380,#4381,#4382,#4383,
#4384,#4385,#4386));
#643=EDGE_LOOP('',(#4387,#4388,#4389,#4390,#4391,#4392,#4393,#4394,#4395,
#4396,#4397,#4398));
#644=EDGE_LOOP('',(#4399,#4400,#4401,#4402,#4403,#4404,#4405,#4406,#4407,
#4408,#4409,#4410));
#645=EDGE_LOOP('',(#4411));
#646=EDGE_LOOP('',(#4412));
#647=EDGE_LOOP('',(#4413,#4414,#4415,#4416,#4417,#4418,#4419,#4420,#4421,
#4422,#4423,#4424));
#648=EDGE_LOOP('',(#4425,#4426,#4427,#4428,#4429,#4430,#4431,#4432));
#649=EDGE_LOOP('',(#4433,#4434,#4435,#4436));
#650=EDGE_LOOP('',(#4437));
#651=EDGE_LOOP('',(#4438,#4439,#4440,#4441,#4442,#4443,#4444,#4445,#4446,
#4447,#4448,#4449));
#652=EDGE_LOOP('',(#4450,#4451,#4452,#4453,#4454,#4455,#4456,#4457,#4458,
#4459,#4460,#4461));
#653=EDGE_LOOP('',(#4462,#4463,#4464,#4465,#4466,#4467,#4468,#4469,#4470,
#4471,#4472,#4473));
#654=EDGE_LOOP('',(#4474,#4475,#4476,#4477,#4478,#4479,#4480));
#655=EDGE_LOOP('',(#4481,#4482,#4483,#4484,#4485,#4486,#4487));
#656=EDGE_LOOP('',(#4488,#4489,#4490,#4491));
#657=EDGE_LOOP('',(#4492,#4493,#4494,#4495));
#658=EDGE_LOOP('',(#4496,#4497,#4498,#4499));
#659=EDGE_LOOP('',(#4500,#4501,#4502,#4503));
#660=EDGE_LOOP('',(#4504,#4505,#4506,#4507));
#661=EDGE_LOOP('',(#4508,#4509,#4510,#4511));
#662=EDGE_LOOP('',(#4512,#4513,#4514,#4515));
#663=EDGE_LOOP('',(#4516,#4517,#4518,#4519));
#664=EDGE_LOOP('',(#4520,#4521,#4522,#4523));
#665=EDGE_LOOP('',(#4524,#4525,#4526,#4527));
#666=EDGE_LOOP('',(#4528,#4529,#4530,#4531));
#667=EDGE_LOOP('',(#4532,#4533,#4534,#4535));
#668=EDGE_LOOP('',(#4536,#4537,#4538,#4539));
#669=EDGE_LOOP('',(#4540,#4541,#4542,#4543));
#670=EDGE_LOOP('',(#4544,#4545,#4546,#4547));
#671=EDGE_LOOP('',(#4548,#4549,#4550,#4551));
#672=EDGE_LOOP('',(#4552,#4553,#4554,#4555));
#673=EDGE_LOOP('',(#4556,#4557,#4558,#4559));
#674=EDGE_LOOP('',(#4560,#4561,#4562,#4563));
#675=EDGE_LOOP('',(#4564,#4565,#4566,#4567));
#676=EDGE_LOOP('',(#4568,#4569,#4570,#4571));
#677=EDGE_LOOP('',(#4572,#4573,#4574,#4575));
#678=EDGE_LOOP('',(#4576,#4577,#4578,#4579));
#679=EDGE_LOOP('',(#4580,#4581,#4582,#4583));
#680=EDGE_LOOP('',(#4584,#4585,#4586,#4587));
#681=EDGE_LOOP('',(#4588,#4589,#4590,#4591));
#682=EDGE_LOOP('',(#4592,#4593,#4594,#4595));
#683=EDGE_LOOP('',(#4596,#4597,#4598,#4599));
#684=EDGE_LOOP('',(#4600,#4601,#4602,#4603,#4604,#4605));
#685=EDGE_LOOP('',(#4606,#4607,#4608,#4609,#4610,#4611));
#686=EDGE_LOOP('',(#4612,#4613,#4614,#4615));
#687=EDGE_LOOP('',(#4616,#4617,#4618,#4619));
#688=EDGE_LOOP('',(#4620,#4621,#4622,#4623));
#689=EDGE_LOOP('',(#4624,#4625,#4626,#4627));
#690=EDGE_LOOP('',(#4628,#4629,#4630,#4631));
#691=EDGE_LOOP('',(#4632,#4633,#4634,#4635));
#692=EDGE_LOOP('',(#4636,#4637,#4638,#4639));
#693=EDGE_LOOP('',(#4640,#4641,#4642,#4643));
#694=EDGE_LOOP('',(#4644,#4645,#4646,#4647));
#695=EDGE_LOOP('',(#4648,#4649,#4650,#4651));
#696=EDGE_LOOP('',(#4652,#4653,#4654,#4655,#4656));
#697=EDGE_LOOP('',(#4657,#4658,#4659,#4660,#4661,#4662));
#698=EDGE_LOOP('',(#4663,#4664,#4665,#4666));
#699=EDGE_LOOP('',(#4667,#4668,#4669,#4670));
#700=EDGE_LOOP('',(#4671,#4672,#4673,#4674));
#701=EDGE_LOOP('',(#4675,#4676,#4677,#4678));
#702=EDGE_LOOP('',(#4679,#4680,#4681,#4682));
#703=EDGE_LOOP('',(#4683,#4684,#4685,#4686));
#704=EDGE_LOOP('',(#4687,#4688,#4689,#4690));
#705=EDGE_LOOP('',(#4691,#4692,#4693,#4694));
#706=EDGE_LOOP('',(#4695,#4696,#4697,#4698));
#707=EDGE_LOOP('',(#4699,#4700,#4701,#4702,#4703));
#708=EDGE_LOOP('',(#4704,#4705,#4706,#4707));
#709=EDGE_LOOP('',(#4708,#4709,#4710,#4711));
#710=EDGE_LOOP('',(#4712,#4713,#4714,#4715));
#711=EDGE_LOOP('',(#4716,#4717,#4718,#4719));
#712=EDGE_LOOP('',(#4720,#4721,#4722,#4723));
#713=EDGE_LOOP('',(#4724,#4725,#4726,#4727));
#714=EDGE_LOOP('',(#4728,#4729,#4730,#4731));
#715=EDGE_LOOP('',(#4732,#4733,#4734,#4735));
#716=EDGE_LOOP('',(#4736,#4737,#4738,#4739));
#717=EDGE_LOOP('',(#4740,#4741,#4742,#4743));
#718=EDGE_LOOP('',(#4744,#4745,#4746,#4747));
#719=EDGE_LOOP('',(#4748,#4749,#4750,#4751));
#720=EDGE_LOOP('',(#4752,#4753,#4754,#4755));
#721=EDGE_LOOP('',(#4756,#4757,#4758,#4759));
#722=EDGE_LOOP('',(#4760,#4761,#4762,#4763));
#723=EDGE_LOOP('',(#4764,#4765,#4766,#4767));
#724=EDGE_LOOP('',(#4768,#4769,#4770,#4771));
#725=EDGE_LOOP('',(#4772,#4773,#4774,#4775));
#726=EDGE_LOOP('',(#4776,#4777,#4778,#4779));
#727=EDGE_LOOP('',(#4780,#4781,#4782,#4783));
#728=EDGE_LOOP('',(#4784,#4785,#4786,#4787));
#729=EDGE_LOOP('',(#4788,#4789,#4790,#4791));
#730=EDGE_LOOP('',(#4792,#4793,#4794,#4795));
#731=EDGE_LOOP('',(#4796,#4797,#4798,#4799));
#732=EDGE_LOOP('',(#4800,#4801,#4802,#4803));
#733=EDGE_LOOP('',(#4804,#4805,#4806,#4807));
#734=EDGE_LOOP('',(#4808,#4809,#4810,#4811));
#735=EDGE_LOOP('',(#4812,#4813,#4814,#4815));
#736=EDGE_LOOP('',(#4816,#4817,#4818,#4819));
#737=EDGE_LOOP('',(#4820,#4821,#4822,#4823));
#738=EDGE_LOOP('',(#4824,#4825,#4826,#4827));
#739=EDGE_LOOP('',(#4828,#4829,#4830,#4831));
#740=EDGE_LOOP('',(#4832,#4833,#4834,#4835));
#741=EDGE_LOOP('',(#4836,#4837,#4838,#4839));
#742=EDGE_LOOP('',(#4840,#4841,#4842,#4843));
#743=EDGE_LOOP('',(#4844,#4845,#4846,#4847));
#744=EDGE_LOOP('',(#4848,#4849,#4850,#4851));
#745=EDGE_LOOP('',(#4852,#4853,#4854,#4855));
#746=EDGE_LOOP('',(#4856,#4857,#4858,#4859));
#747=EDGE_LOOP('',(#4860,#4861,#4862,#4863));
#748=EDGE_LOOP('',(#4864,#4865,#4866,#4867));
#749=EDGE_LOOP('',(#4868,#4869,#4870,#4871));
#750=EDGE_LOOP('',(#4872,#4873,#4874,#4875));
#751=EDGE_LOOP('',(#4876,#4877,#4878,#4879));
#752=EDGE_LOOP('',(#4880,#4881,#4882,#4883));
#753=EDGE_LOOP('',(#4884,#4885,#4886,#4887));
#754=EDGE_LOOP('',(#4888,#4889,#4890,#4891));
#755=EDGE_LOOP('',(#4892,#4893,#4894,#4895));
#756=EDGE_LOOP('',(#4896,#4897,#4898,#4899));
#757=EDGE_LOOP('',(#4900,#4901,#4902,#4903));
#758=EDGE_LOOP('',(#4904,#4905,#4906,#4907));
#759=EDGE_LOOP('',(#4908,#4909,#4910,#4911));
#760=EDGE_LOOP('',(#4912,#4913,#4914,#4915));
#761=EDGE_LOOP('',(#4916,#4917,#4918,#4919));
#762=EDGE_LOOP('',(#4920,#4921,#4922,#4923));
#763=EDGE_LOOP('',(#4924,#4925,#4926,#4927));
#764=EDGE_LOOP('',(#4928,#4929,#4930,#4931));
#765=EDGE_LOOP('',(#4932,#4933,#4934,#4935));
#766=EDGE_LOOP('',(#4936,#4937,#4938,#4939));
#767=EDGE_LOOP('',(#4940,#4941,#4942,#4943));
#768=EDGE_LOOP('',(#4944,#4945,#4946,#4947));
#769=EDGE_LOOP('',(#4948,#4949,#4950,#4951));
#770=EDGE_LOOP('',(#4952,#4953,#4954,#4955));
#771=EDGE_LOOP('',(#4956,#4957,#4958,#4959));
#772=EDGE_LOOP('',(#4960,#4961,#4962,#4963));
#773=EDGE_LOOP('',(#4964,#4965,#4966,#4967));
#774=EDGE_LOOP('',(#4968,#4969,#4970,#4971));
#775=EDGE_LOOP('',(#4972,#4973,#4974,#4975));
#776=EDGE_LOOP('',(#4976,#4977,#4978,#4979));
#777=EDGE_LOOP('',(#4980,#4981,#4982,#4983));
#778=EDGE_LOOP('',(#4984,#4985,#4986,#4987));
#779=EDGE_LOOP('',(#4988,#4989,#4990,#4991));
#780=EDGE_LOOP('',(#4992,#4993,#4994,#4995));
#781=EDGE_LOOP('',(#4996,#4997,#4998,#4999));
#782=EDGE_LOOP('',(#5000,#5001,#5002,#5003));
#783=EDGE_LOOP('',(#5004,#5005,#5006,#5007));
#784=EDGE_LOOP('',(#5008,#5009,#5010,#5011));
#785=EDGE_LOOP('',(#5012,#5013,#5014,#5015));
#786=EDGE_LOOP('',(#5016,#5017,#5018,#5019));
#787=EDGE_LOOP('',(#5020,#5021,#5022,#5023));
#788=EDGE_LOOP('',(#5024,#5025,#5026,#5027));
#789=EDGE_LOOP('',(#5028,#5029,#5030,#5031));
#790=EDGE_LOOP('',(#5032,#5033,#5034,#5035));
#791=EDGE_LOOP('',(#5036,#5037,#5038,#5039));
#792=EDGE_LOOP('',(#5040,#5041,#5042,#5043));
#793=EDGE_LOOP('',(#5044,#5045,#5046,#5047));
#794=EDGE_LOOP('',(#5048,#5049,#5050,#5051));
#795=EDGE_LOOP('',(#5052,#5053,#5054,#5055));
#796=EDGE_LOOP('',(#5056,#5057,#5058,#5059));
#797=EDGE_LOOP('',(#5060,#5061,#5062,#5063));
#798=EDGE_LOOP('',(#5064,#5065,#5066,#5067));
#799=EDGE_LOOP('',(#5068,#5069,#5070,#5071));
#800=EDGE_LOOP('',(#5072,#5073,#5074,#5075));
#801=EDGE_LOOP('',(#5076,#5077,#5078,#5079));
#802=EDGE_LOOP('',(#5080,#5081,#5082,#5083));
#803=EDGE_LOOP('',(#5084,#5085,#5086,#5087));
#804=EDGE_LOOP('',(#5088,#5089,#5090,#5091));
#805=EDGE_LOOP('',(#5092,#5093,#5094,#5095));
#806=EDGE_LOOP('',(#5096,#5097,#5098,#5099));
#807=EDGE_LOOP('',(#5100,#5101,#5102,#5103));
#808=EDGE_LOOP('',(#5104,#5105,#5106,#5107));
#809=EDGE_LOOP('',(#5108,#5109,#5110,#5111));
#810=EDGE_LOOP('',(#5112,#5113,#5114,#5115));
#811=EDGE_LOOP('',(#5116,#5117,#5118,#5119));
#812=EDGE_LOOP('',(#5120,#5121,#5122,#5123));
#813=EDGE_LOOP('',(#5124,#5125,#5126,#5127));
#814=EDGE_LOOP('',(#5128,#5129,#5130,#5131));
#815=EDGE_LOOP('',(#5132,#5133,#5134,#5135));
#816=EDGE_LOOP('',(#5136,#5137,#5138,#5139));
#817=EDGE_LOOP('',(#5140,#5141,#5142,#5143));
#818=EDGE_LOOP('',(#5144,#5145,#5146,#5147));
#819=EDGE_LOOP('',(#5148,#5149,#5150,#5151));
#820=EDGE_LOOP('',(#5152,#5153,#5154,#5155));
#821=EDGE_LOOP('',(#5156,#5157,#5158,#5159));
#822=EDGE_LOOP('',(#5160,#5161,#5162,#5163));
#823=EDGE_LOOP('',(#5164,#5165,#5166,#5167));
#824=EDGE_LOOP('',(#5168,#5169,#5170,#5171));
#825=EDGE_LOOP('',(#5172,#5173,#5174,#5175));
#826=EDGE_LOOP('',(#5176,#5177,#5178,#5179));
#827=EDGE_LOOP('',(#5180,#5181,#5182,#5183));
#828=EDGE_LOOP('',(#5184,#5185,#5186,#5187));
#829=EDGE_LOOP('',(#5188,#5189,#5190,#5191));
#830=EDGE_LOOP('',(#5192,#5193,#5194,#5195));
#831=EDGE_LOOP('',(#5196,#5197,#5198,#5199));
#832=EDGE_LOOP('',(#5200,#5201,#5202,#5203));
#833=EDGE_LOOP('',(#5204,#5205,#5206,#5207));
#834=EDGE_LOOP('',(#5208,#5209,#5210,#5211));
#835=EDGE_LOOP('',(#5212,#5213,#5214,#5215));
#836=EDGE_LOOP('',(#5216,#5217,#5218,#5219));
#837=EDGE_LOOP('',(#5220,#5221,#5222,#5223));
#838=EDGE_LOOP('',(#5224,#5225,#5226,#5227));
#839=EDGE_LOOP('',(#5228,#5229,#5230,#5231));
#840=EDGE_LOOP('',(#5232,#5233,#5234,#5235));
#841=EDGE_LOOP('',(#5236,#5237,#5238,#5239));
#842=EDGE_LOOP('',(#5240,#5241,#5242,#5243));
#843=EDGE_LOOP('',(#5244,#5245,#5246,#5247));
#844=EDGE_LOOP('',(#5248,#5249,#5250,#5251));
#845=EDGE_LOOP('',(#5252,#5253,#5254,#5255));
#846=EDGE_LOOP('',(#5256,#5257,#5258,#5259));
#847=EDGE_LOOP('',(#5260,#5261,#5262,#5263));
#848=EDGE_LOOP('',(#5264,#5265,#5266,#5267));
#849=EDGE_LOOP('',(#5268,#5269,#5270,#5271));
#850=EDGE_LOOP('',(#5272,#5273,#5274,#5275));
#851=EDGE_LOOP('',(#5276,#5277,#5278,#5279));
#852=EDGE_LOOP('',(#5280,#5281,#5282,#5283));
#853=EDGE_LOOP('',(#5284,#5285,#5286,#5287));
#854=EDGE_LOOP('',(#5288,#5289,#5290,#5291));
#855=EDGE_LOOP('',(#5292,#5293,#5294,#5295));
#856=EDGE_LOOP('',(#5296,#5297,#5298,#5299));
#857=EDGE_LOOP('',(#5300,#5301,#5302,#5303));
#858=EDGE_LOOP('',(#5304,#5305,#5306,#5307));
#859=EDGE_LOOP('',(#5308,#5309,#5310,#5311));
#860=EDGE_LOOP('',(#5312,#5313,#5314,#5315));
#861=EDGE_LOOP('',(#5316,#5317,#5318,#5319));
#862=EDGE_LOOP('',(#5320,#5321,#5322,#5323));
#863=EDGE_LOOP('',(#5324,#5325,#5326,#5327));
#864=EDGE_LOOP('',(#5328,#5329,#5330,#5331));
#865=EDGE_LOOP('',(#5332,#5333,#5334,#5335));
#866=EDGE_LOOP('',(#5336,#5337,#5338,#5339));
#867=EDGE_LOOP('',(#5340,#5341,#5342,#5343));
#868=EDGE_LOOP('',(#5344,#5345,#5346,#5347));
#869=EDGE_LOOP('',(#5348,#5349,#5350,#5351));
#870=EDGE_LOOP('',(#5352,#5353,#5354,#5355));
#871=EDGE_LOOP('',(#5356,#5357,#5358,#5359));
#872=EDGE_LOOP('',(#5360,#5361,#5362,#5363));
#873=EDGE_LOOP('',(#5364,#5365,#5366,#5367));
#874=EDGE_LOOP('',(#5368,#5369,#5370,#5371));
#875=EDGE_LOOP('',(#5372,#5373,#5374,#5375));
#876=EDGE_LOOP('',(#5376,#5377,#5378,#5379));
#877=EDGE_LOOP('',(#5380,#5381,#5382,#5383));
#878=EDGE_LOOP('',(#5384,#5385,#5386,#5387));
#879=EDGE_LOOP('',(#5388,#5389,#5390,#5391));
#880=EDGE_LOOP('',(#5392,#5393,#5394,#5395));
#881=EDGE_LOOP('',(#5396,#5397,#5398,#5399));
#882=EDGE_LOOP('',(#5400,#5401,#5402,#5403));
#883=EDGE_LOOP('',(#5404,#5405,#5406,#5407));
#884=EDGE_LOOP('',(#5408,#5409,#5410,#5411));
#885=EDGE_LOOP('',(#5412,#5413,#5414,#5415));
#886=EDGE_LOOP('',(#5416,#5417,#5418,#5419));
#887=EDGE_LOOP('',(#5420,#5421,#5422,#5423));
#888=EDGE_LOOP('',(#5424,#5425,#5426,#5427));
#889=EDGE_LOOP('',(#5428,#5429,#5430,#5431));
#890=EDGE_LOOP('',(#5432,#5433,#5434,#5435));
#891=EDGE_LOOP('',(#5436,#5437,#5438,#5439));
#892=EDGE_LOOP('',(#5440,#5441,#5442,#5443));
#893=EDGE_LOOP('',(#5444,#5445,#5446,#5447));
#894=EDGE_LOOP('',(#5448,#5449,#5450,#5451));
#895=EDGE_LOOP('',(#5452,#5453,#5454,#5455));
#896=EDGE_LOOP('',(#5456,#5457,#5458,#5459));
#897=EDGE_LOOP('',(#5460,#5461,#5462,#5463));
#898=EDGE_LOOP('',(#5464,#5465,#5466,#5467));
#899=EDGE_LOOP('',(#5468,#5469,#5470,#5471));
#900=EDGE_LOOP('',(#5472,#5473,#5474,#5475));
#901=EDGE_LOOP('',(#5476,#5477,#5478,#5479));
#902=EDGE_LOOP('',(#5480,#5481,#5482,#5483));
#903=EDGE_LOOP('',(#5484,#5485,#5486,#5487));
#904=EDGE_LOOP('',(#5488,#5489,#5490,#5491));
#905=EDGE_LOOP('',(#5492,#5493,#5494,#5495));
#906=EDGE_LOOP('',(#5496,#5497,#5498,#5499));
#907=EDGE_LOOP('',(#5500,#5501,#5502,#5503));
#908=EDGE_LOOP('',(#5504,#5505,#5506,#5507));
#909=EDGE_LOOP('',(#5508,#5509,#5510,#5511));
#910=EDGE_LOOP('',(#5512,#5513,#5514,#5515));
#911=EDGE_LOOP('',(#5516,#5517,#5518,#5519));
#912=EDGE_LOOP('',(#5520,#5521,#5522,#5523));
#913=EDGE_LOOP('',(#5524,#5525,#5526,#5527));
#914=EDGE_LOOP('',(#5528,#5529,#5530,#5531));
#915=EDGE_LOOP('',(#5532,#5533,#5534,#5535));
#916=EDGE_LOOP('',(#5536,#5537,#5538,#5539));
#917=EDGE_LOOP('',(#5540,#5541,#5542,#5543));
#918=EDGE_LOOP('',(#5544,#5545,#5546,#5547));
#919=EDGE_LOOP('',(#5548,#5549,#5550,#5551));
#920=EDGE_LOOP('',(#5552,#5553,#5554,#5555));
#921=EDGE_LOOP('',(#5556,#5557,#5558,#5559));
#922=EDGE_LOOP('',(#5560,#5561,#5562,#5563));
#923=EDGE_LOOP('',(#5564,#5565,#5566,#5567));
#924=EDGE_LOOP('',(#5568,#5569,#5570,#5571));
#925=EDGE_LOOP('',(#5572,#5573,#5574,#5575));
#926=EDGE_LOOP('',(#5576,#5577,#5578,#5579));
#927=EDGE_LOOP('',(#5580,#5581,#5582,#5583));
#928=EDGE_LOOP('',(#5584,#5585,#5586,#5587));
#929=EDGE_LOOP('',(#5588,#5589,#5590,#5591));
#930=EDGE_LOOP('',(#5592,#5593,#5594,#5595));
#931=EDGE_LOOP('',(#5596,#5597,#5598,#5599));
#932=EDGE_LOOP('',(#5600,#5601,#5602,#5603,#5604));
#933=EDGE_LOOP('',(#5605,#5606,#5607,#5608,#5609));
#934=EDGE_LOOP('',(#5610,#5611,#5612,#5613));
#935=EDGE_LOOP('',(#5614,#5615,#5616,#5617));
#936=EDGE_LOOP('',(#5618,#5619,#5620,#5621));
#937=EDGE_LOOP('',(#5622,#5623,#5624,#5625));
#938=EDGE_LOOP('',(#5626,#5627,#5628,#5629));
#939=EDGE_LOOP('',(#5630,#5631,#5632,#5633));
#940=EDGE_LOOP('',(#5634,#5635,#5636,#5637));
#941=EDGE_LOOP('',(#5638,#5639,#5640,#5641,#5642,#5643,#5644,#5645,#5646,
#5647,#5648,#5649,#5650,#5651,#5652,#5653,#5654,#5655,#5656,#5657,#5658,
#5659,#5660,#5661,#5662,#5663,#5664,#5665,#5666,#5667));
#942=EDGE_LOOP('',(#5668,#5669,#5670,#5671,#5672,#5673,#5674,#5675,#5676,
#5677,#5678,#5679));
#943=EDGE_LOOP('',(#5680,#5681,#5682,#5683,#5684,#5685,#5686,#5687,#5688,
#5689,#5690,#5691));
#944=EDGE_LOOP('',(#5692));
#945=EDGE_LOOP('',(#5693,#5694,#5695,#5696));
#946=EDGE_LOOP('',(#5697,#5698,#5699,#5700,#5701,#5702,#5703,#5704));
#947=EDGE_LOOP('',(#5705,#5706,#5707,#5708,#5709,#5710,#5711,#5712,#5713,
#5714,#5715,#5716));
#948=EDGE_LOOP('',(#5717));
#949=EDGE_LOOP('',(#5718));
#950=EDGE_LOOP('',(#5719,#5720,#5721,#5722,#5723,#5724,#5725,#5726,#5727,
#5728,#5729,#5730));
#951=EDGE_LOOP('',(#5731,#5732,#5733,#5734,#5735,#5736,#5737,#5738,#5739,
#5740,#5741,#5742));
#952=EDGE_LOOP('',(#5743,#5744,#5745,#5746,#5747,#5748,#5749,#5750,#5751,
#5752,#5753,#5754));
#953=EDGE_LOOP('',(#5755));
#954=EDGE_LOOP('',(#5756,#5757,#5758,#5759,#5760,#5761,#5762,#5763,#5764,
#5765,#5766,#5767));
#955=EDGE_LOOP('',(#5768));
#956=EDGE_LOOP('',(#5769,#5770,#5771,#5772,#5773,#5774,#5775,#5776,#5777,
#5778,#5779,#5780));
#957=EDGE_LOOP('',(#5781,#5782,#5783,#5784,#5785,#5786,#5787,#5788,#5789,
#5790,#5791,#5792));
#958=EDGE_LOOP('',(#5793,#5794,#5795,#5796,#5797,#5798,#5799,#5800,#5801,
#5802,#5803,#5804));
#959=EDGE_LOOP('',(#5805,#5806,#5807,#5808,#5809,#5810,#5811,#5812,#5813,
#5814,#5815,#5816));
#960=EDGE_LOOP('',(#5817,#5818,#5819,#5820,#5821,#5822,#5823,#5824,#5825,
#5826,#5827,#5828));
#961=EDGE_LOOP('',(#5829));
#962=EDGE_LOOP('',(#5830));
#963=EDGE_LOOP('',(#5831,#5832,#5833,#5834,#5835,#5836,#5837,#5838,#5839,
#5840,#5841,#5842));
#964=EDGE_LOOP('',(#5843,#5844,#5845,#5846,#5847,#5848,#5849,#5850,#5851,
#5852,#5853,#5854));
#965=EDGE_LOOP('',(#5855,#5856,#5857,#5858,#5859,#5860,#5861,#5862));
#966=EDGE_LOOP('',(#5863,#5864,#5865,#5866,#5867,#5868,#5869,#5870,#5871,
#5872,#5873,#5874));
#967=EDGE_LOOP('',(#5875,#5876,#5877,#5878,#5879,#5880,#5881,#5882,#5883,
#5884,#5885,#5886));
#968=EDGE_LOOP('',(#5887,#5888,#5889,#5890));
#969=EDGE_LOOP('',(#5891,#5892,#5893,#5894));
#970=EDGE_LOOP('',(#5895,#5896,#5897,#5898));
#971=EDGE_LOOP('',(#5899,#5900,#5901,#5902));
#972=EDGE_LOOP('',(#5903,#5904,#5905,#5906));
#973=EDGE_LOOP('',(#5907,#5908,#5909,#5910));
#974=EDGE_LOOP('',(#5911,#5912,#5913,#5914));
#975=EDGE_LOOP('',(#5915,#5916,#5917,#5918));
#976=EDGE_LOOP('',(#5919,#5920,#5921,#5922));
#977=EDGE_LOOP('',(#5923,#5924,#5925,#5926));
#978=EDGE_LOOP('',(#5927,#5928,#5929,#5930));
#979=EDGE_LOOP('',(#5931,#5932,#5933,#5934));
#980=EDGE_LOOP('',(#5935,#5936,#5937,#5938));
#981=EDGE_LOOP('',(#5939,#5940,#5941,#5942));
#982=EDGE_LOOP('',(#5943,#5944,#5945,#5946));
#983=EDGE_LOOP('',(#5947,#5948,#5949,#5950));
#984=EDGE_LOOP('',(#5951,#5952,#5953,#5954));
#985=EDGE_LOOP('',(#5955,#5956,#5957,#5958));
#986=EDGE_LOOP('',(#5959,#5960,#5961,#5962));
#987=EDGE_LOOP('',(#5963,#5964,#5965,#5966));
#988=EDGE_LOOP('',(#5967,#5968,#5969,#5970));
#989=EDGE_LOOP('',(#5971,#5972,#5973,#5974));
#990=EDGE_LOOP('',(#5975,#5976,#5977,#5978));
#991=EDGE_LOOP('',(#5979,#5980,#5981,#5982));
#992=EDGE_LOOP('',(#5983,#5984,#5985,#5986));
#993=EDGE_LOOP('',(#5987,#5988,#5989,#5990));
#994=EDGE_LOOP('',(#5991,#5992,#5993,#5994));
#995=EDGE_LOOP('',(#5995,#5996,#5997,#5998));
#996=EDGE_LOOP('',(#5999,#6000,#6001,#6002,#6003,#6004,#6005,#6006,#6007,
#6008,#6009,#6010,#6011,#6012,#6013,#6014,#6015,#6016,#6017,#6018,#6019));
#997=EDGE_LOOP('',(#6020));
#998=EDGE_LOOP('',(#6021));
#999=EDGE_LOOP('',(#6022));
#1000=EDGE_LOOP('',(#6023));
#1001=EDGE_LOOP('',(#6024));
#1002=EDGE_LOOP('',(#6025));
#1003=EDGE_LOOP('',(#6026));
#1004=EDGE_LOOP('',(#6027,#6028,#6029,#6030,#6031,#6032,#6033,#6034,#6035,
#6036,#6037,#6038,#6039,#6040,#6041,#6042,#6043,#6044,#6045,#6046,#6047));
#1005=EDGE_LOOP('',(#6048));
#1006=EDGE_LOOP('',(#6049));
#1007=EDGE_LOOP('',(#6050));
#1008=EDGE_LOOP('',(#6051));
#1009=EDGE_LOOP('',(#6052));
#1010=EDGE_LOOP('',(#6053));
#1011=EDGE_LOOP('',(#6054));
#1012=CIRCLE('',#6521,1.00000000000002);
#1013=CIRCLE('',#6522,3.50000000000001);
#1014=CIRCLE('',#6529,1.5);
#1015=CIRCLE('',#6530,1.50000000000002);
#1016=CIRCLE('',#6532,1.5);
#1017=CIRCLE('',#6535,2.00000000000001);
#1018=CIRCLE('',#6536,1.24999999999999);
#1019=CIRCLE('',#6537,1.25);
#1020=CIRCLE('',#6538,1.25);
#1021=CIRCLE('',#6539,1.25);
#1022=CIRCLE('',#6540,1.25);
#1023=CIRCLE('',#6541,1.25);
#1024=CIRCLE('',#6542,1.25);
#1025=CIRCLE('',#6548,1.49999999999998);
#1026=CIRCLE('',#6549,3.50000000000001);
#1027=CIRCLE('',#6550,1.5);
#1028=CIRCLE('',#6552,1.50000000000008);
#1029=CIRCLE('',#6554,1.5);
#1030=CIRCLE('',#6556,1.50000000000002);
#1031=CIRCLE('',#6558,1.49999999999997);
#1032=CIRCLE('',#6559,1.50000000000086);
#1033=CIRCLE('',#6561,1.5);
#1034=CIRCLE('',#6562,1.50000000000002);
#1035=CIRCLE('',#6564,1.5);
#1036=CIRCLE('',#6566,1.50000000000008);
#1037=CIRCLE('',#6568,1.50000000021073);
#1038=CIRCLE('',#6584,1.00000000000002);
#1039=CIRCLE('',#6611,1.24999999999999);
#1040=CIRCLE('',#6613,1.25);
#1041=CIRCLE('',#6635,1.25);
#1042=CIRCLE('',#6641,1.25);
#1043=CIRCLE('',#6655,1.25);
#1044=CIRCLE('',#6657,1.25);
#1045=CIRCLE('',#6671,1.25);
#1046=CIRCLE('',#6687,1.25);
#1047=CIRCLE('',#6688,1.25);
#1048=CIRCLE('',#6690,1.25);
#1049=CIRCLE('',#6691,1.25);
#1050=CIRCLE('',#6693,1.25);
#1051=CIRCLE('',#6694,1.25);
#1052=CIRCLE('',#6696,1.25);
#1053=CIRCLE('',#6697,1.25);
#1054=CIRCLE('',#6699,1.25);
#1055=CIRCLE('',#6700,1.25);
#1056=CIRCLE('',#6702,1.25);
#1057=CIRCLE('',#6703,1.25);
#1058=CIRCLE('',#6705,1.24999999999999);
#1059=CIRCLE('',#6706,1.24999999999999);
#1060=CIRCLE('',#6712,3.5);
#1061=CIRCLE('',#6713,3.5);
#1062=B_SPLINE_CURVE_WITH_KNOTS('',3,(#7698,#7699,#7700,#7701),
 .UNSPECIFIED.,.F.,.F.,(4,4),(0.,1.00000507362419),.UNSPECIFIED.);
#1063=B_SPLINE_CURVE_WITH_KNOTS('',3,(#7705,#7706,#7707,#7708,#7709,#7710,
#7711),.UNSPECIFIED.,.F.,.F.,(4,3,4),(-0.999996194469515,5.17270949686145E-11,
1.35928064615154E-5),.UNSPECIFIED.);
#1064=B_SPLINE_CURVE_WITH_KNOTS('',3,(#7715,#7716,#7717,#7718,#7719,#7720,
#7721),.UNSPECIFIED.,.F.,.F.,(4,3,4),(-1.00002272748532,-1.,-1.47115021322808E-5),
 .UNSPECIFIED.);
#1065=B_SPLINE_CURVE_WITH_KNOTS('',3,(#7725,#7726,#7727,#7728,#7729,#7730,
#7731),.UNSPECIFIED.,.F.,.F.,(4,3,4),(-0.999980929921669,0.,3.34993242742032E-5),
 .UNSPECIFIED.);
#1066=B_SPLINE_CURVE_WITH_KNOTS('',3,(#7735,#7736,#7737,#7738),
 .UNSPECIFIED.,.F.,.F.,(4,4),(-1.,-2.03959044917026E-6),.UNSPECIFIED.);
#1067=B_SPLINE_CURVE_WITH_KNOTS('',3,(#7742,#7743,#7744,#7745),
 .UNSPECIFIED.,.F.,.F.,(4,4),(-1.,-2.12429764127642E-6),.UNSPECIFIED.);
#1068=B_SPLINE_CURVE_WITH_KNOTS('',3,(#7749,#7750,#7751,#7752),
 .UNSPECIFIED.,.F.,.F.,(4,4),(-1.,-1.01969294412114E-6),.UNSPECIFIED.);
#1069=B_SPLINE_CURVE_WITH_KNOTS('',3,(#7756,#7757,#7758,#7759),
 .UNSPECIFIED.,.F.,.F.,(4,4),(-0.999993677524722,0.),.UNSPECIFIED.);
#1070=B_SPLINE_CURVE_WITH_KNOTS('',3,(#7763,#7764,#7765,#7766,#7767,#7768,
#7769),.UNSPECIFIED.,.F.,.F.,(4,3,4),(-1.00002065074655,-1.,-1.57668885427675E-5),
 .UNSPECIFIED.);
#1071=B_SPLINE_CURVE_WITH_KNOTS('',3,(#7773,#7774,#7775,#7776),
 .UNSPECIFIED.,.F.,.F.,(4,4),(-1.,-0.0317726016914244),.UNSPECIFIED.);
#1072=B_SPLINE_CURVE_WITH_KNOTS('',3,(#7778,#7779,#7780,#7781),
 .UNSPECIFIED.,.F.,.F.,(4,4),(-1.,0.),.UNSPECIFIED.);
#1073=B_SPLINE_CURVE_WITH_KNOTS('',3,(#7793,#7794,#7795,#7796),
 .UNSPECIFIED.,.F.,.F.,(4,4),(0.,1.),.UNSPECIFIED.);
#1074=B_SPLINE_CURVE_WITH_KNOTS('',3,(#7798,#7799,#7800,#7801),
 .UNSPECIFIED.,.F.,.F.,(4,4),(0.0377846264041371,1.),.UNSPECIFIED.);
#1075=B_SPLINE_CURVE_WITH_KNOTS('',3,(#7805,#7806,#7807,#7808,#7809,#7810,
#7811,#7812,#7813,#7814,#7815,#7816,#7817,#7818,#7819,#7820),
 .UNSPECIFIED.,.F.,.F.,(4,3,3,3,3,4),(3.69928870178328E-5,0.519267089071726,
0.846747249654439,0.957720444780622,1.00002065074662,1.0000722785043),
 .UNSPECIFIED.);
#1076=B_SPLINE_CURVE_WITH_KNOTS('',3,(#7824,#7825,#7826,#7827,#7828,#7829,
#7830),.UNSPECIFIED.,.F.,.F.,(4,3,4),(-2.98902015304013E-5,0.,0.999993677524722),
 .UNSPECIFIED.);
#1077=B_SPLINE_CURVE_WITH_KNOTS('',3,(#7834,#7835,#7836,#7837),
 .UNSPECIFIED.,.F.,.F.,(4,4),(1.01969294412114E-6,1.00000000020105),
 .UNSPECIFIED.);
#1078=B_SPLINE_CURVE_WITH_KNOTS('',3,(#7841,#7842,#7843,#7844,#7845,#7846,
#7847),.UNSPECIFIED.,.F.,.F.,(4,3,4),(4.99883453751661E-6,0.775053181843442,
0.999999999967015),.UNSPECIFIED.);
#1079=B_SPLINE_CURVE_WITH_KNOTS('',3,(#7851,#7852,#7853,#7854),
 .UNSPECIFIED.,.F.,.F.,(4,4),(2.03959044917026E-6,1.),.UNSPECIFIED.);
#1080=B_SPLINE_CURVE_WITH_KNOTS('',3,(#7858,#7859,#7860,#7861,#7862,#7863,
#7864,#7865,#7866,#7867),.UNSPECIFIED.,.F.,.F.,(4,3,3,4),(-0.000117248709921702,
-3.34993242742032E-5,0.102089922099967,0.999980929921669),.UNSPECIFIED.);
#1081=B_SPLINE_CURVE_WITH_KNOTS('',3,(#7871,#7872,#7873,#7874,#7875,#7876,
#7877,#7878,#7879,#7880,#7881,#7882,#7883),.UNSPECIFIED.,.F.,.F.,(4,3,3,
3,4),(3.45164079837649E-5,0.70684845590965,0.971693730336574,1.00002272748532,
1.00007954674694),.UNSPECIFIED.);
#1082=B_SPLINE_CURVE_WITH_KNOTS('',3,(#7887,#7888,#7889,#7890,#7891,#7892,
#7893,#7894,#7895,#7896),.UNSPECIFIED.,.F.,.F.,(4,3,3,4),(-3.39804640284874E-5,
-1.35928064615985E-5,0.0349254516563535,0.999988289559876),
 .UNSPECIFIED.);
#1083=B_SPLINE_CURVE_WITH_KNOTS('',3,(#7951,#7952,#7953,#7954,#7955,#7956,
#7957,#7958),.UNSPECIFIED.,.F.,.F.,(4,1,1,1,1,4),(2.58695757557326E-6,0.00962150687089864,
0.019242643816843,0.0384849177087317,0.115454013276286,0.269392204411396),
 .UNSPECIFIED.);
#1084=B_SPLINE_CURVE_WITH_KNOTS('',3,(#7962,#7963,#7964,#7965,#7966,#7967,
#7968,#7969,#7970),.UNSPECIFIED.,.F.,.F.,(4,1,1,1,1,1,4),(0.,0.0921133394700027,
0.153522232450004,0.184226678940005,0.199578902185006,0.207255013807506,
0.214926196683479),.UNSPECIFIED.);
#1085=B_SPLINE_CURVE_WITH_KNOTS('',3,(#7974,#7975,#7976,#7977,#7978,#7979),
 .UNSPECIFIED.,.F.,.F.,(4,1,1,4),(2.82189023580182E-6,0.013361778758256,
0.0400853363377337,0.0935324514966892),.UNSPECIFIED.);
#1086=B_SPLINE_CURVE_WITH_KNOTS('',3,(#7983,#7984,#7985,#7986,#7987),
 .UNSPECIFIED.,.F.,.F.,(4,1,4),(0.,0.272297043947063,0.47651982690736),
 .UNSPECIFIED.);
#1087=B_SPLINE_CURVE_WITH_KNOTS('',3,(#7991,#7992,#7993,#7994,#7995),
 .UNSPECIFIED.,.F.,.F.,(4,1,4),(0.,0.295705886615784,0.68997653371444),
 .UNSPECIFIED.);
#1088=B_SPLINE_CURVE_WITH_KNOTS('',3,(#7999,#8000,#8001,#8002,#8003,#8004,
#8005,#8006,#8007,#8008),.UNSPECIFIED.,.F.,.F.,(4,1,1,1,1,1,1,4),(0.,0.161134310726475,
0.2148457476353,0.268557184544126,0.322268621452951,0.349124339907363,0.362552199134569,
0.375977022122161),.UNSPECIFIED.);
#1089=B_SPLINE_CURVE_WITH_KNOTS('',3,(#8012,#8013,#8014,#8015,#8016,#8017,
#8018,#8019),.UNSPECIFIED.,.F.,.F.,(4,1,1,1,1,4),(1.67590816063656E-6,0.0101670371095805,
0.0203340742700919,0.0406681485911146,0.122004445875206,0.284677040443387),
 .UNSPECIFIED.);
#1090=B_SPLINE_CURVE_WITH_KNOTS('',3,(#8023,#8024,#8025,#8026,#8027,#8028,
#8029,#8030,#8031,#8032),.UNSPECIFIED.,.F.,.F.,(4,1,1,1,1,1,1,4),(0.,0.0624954806784821,
0.124990961356964,0.156238701696205,0.187486442035446,0.203110312205067,
0.210922247289877,0.218729623686234),.UNSPECIFIED.);
#1091=B_SPLINE_CURVE_WITH_KNOTS('',3,(#8036,#8037,#8038,#8039,#8040,#8041,
#8042,#8043,#8044,#8045,#8046),.UNSPECIFIED.,.F.,.F.,(4,1,1,1,1,1,1,1,4),
(-0.000440897711055202,0.0676290588162535,0.0903190443253564,0.113009029834459,
0.135699015343562,0.147044008098114,0.152716504475389,0.155552752664027,
0.158388704618627),.UNSPECIFIED.);
#1092=B_SPLINE_CURVE_WITH_KNOTS('',3,(#8048,#8049,#8050,#8051,#8052,#8053,
#8054,#8055,#8056,#8057,#8058),.UNSPECIFIED.,.F.,.F.,(4,1,1,1,1,1,1,1,4),
(-5.02151878428335E-15,0.0029400209866777,0.00588073318753768,0.0117621575892576,
0.0235250063926976,0.0470507039995774,0.0705764016064573,0.0941020992133371,
0.164679192033977),.UNSPECIFIED.);
#1093=B_SPLINE_CURVE_WITH_KNOTS('',3,(#8073,#8074,#8075,#8076),
 .UNSPECIFIED.,.F.,.F.,(4,4),(-1.,0.),.UNSPECIFIED.);
#1094=B_SPLINE_CURVE_WITH_KNOTS('',3,(#8078,#8079,#8080,#8081),
 .UNSPECIFIED.,.F.,.F.,(4,4),(-1.,0.),.UNSPECIFIED.);
#1095=B_SPLINE_CURVE_WITH_KNOTS('',3,(#8085,#8086,#8087,#8088),
 .UNSPECIFIED.,.F.,.F.,(4,4),(-1.,0.),.UNSPECIFIED.);
#1096=B_SPLINE_CURVE_WITH_KNOTS('',3,(#8090,#8091,#8092,#8093),
 .UNSPECIFIED.,.F.,.F.,(4,4),(-1.,0.),.UNSPECIFIED.);
#1097=B_SPLINE_CURVE_WITH_KNOTS('',3,(#8097,#8098,#8099,#8100),
 .UNSPECIFIED.,.F.,.F.,(4,4),(-1.,0.),.UNSPECIFIED.);
#1098=B_SPLINE_CURVE_WITH_KNOTS('',3,(#8102,#8103,#8104,#8105),
 .UNSPECIFIED.,.F.,.F.,(4,4),(-1.,0.),.UNSPECIFIED.);
#1099=B_SPLINE_CURVE_WITH_KNOTS('',3,(#8109,#8110,#8111,#8112),
 .UNSPECIFIED.,.F.,.F.,(4,4),(-1.,0.),.UNSPECIFIED.);
#1100=B_SPLINE_CURVE_WITH_KNOTS('',3,(#8114,#8115,#8116,#8117),
 .UNSPECIFIED.,.F.,.F.,(4,4),(-1.,0.),.UNSPECIFIED.);
#1101=B_SPLINE_CURVE_WITH_KNOTS('',3,(#8121,#8122,#8123,#8124),
 .UNSPECIFIED.,.F.,.F.,(4,4),(-1.,0.),.UNSPECIFIED.);
#1102=B_SPLINE_CURVE_WITH_KNOTS('',3,(#8126,#8127,#8128,#8129),
 .UNSPECIFIED.,.F.,.F.,(4,4),(-1.,0.),.UNSPECIFIED.);
#1103=B_SPLINE_CURVE_WITH_KNOTS('',3,(#8133,#8134,#8135,#8136),
 .UNSPECIFIED.,.F.,.F.,(4,4),(-1.,0.),.UNSPECIFIED.);
#1104=B_SPLINE_CURVE_WITH_KNOTS('',3,(#8138,#8139,#8140,#8141),
 .UNSPECIFIED.,.F.,.F.,(4,4),(-1.,0.),.UNSPECIFIED.);
#1105=B_SPLINE_CURVE_WITH_KNOTS('',3,(#8145,#8146,#8147,#8148),
 .UNSPECIFIED.,.F.,.F.,(4,4),(-1.,0.),.UNSPECIFIED.);
#1106=B_SPLINE_CURVE_WITH_KNOTS('',3,(#8150,#8151,#8152,#8153),
 .UNSPECIFIED.,.F.,.F.,(4,4),(-1.,0.),.UNSPECIFIED.);
#1107=B_SPLINE_CURVE_WITH_KNOTS('',3,(#8157,#8158,#8159,#8160),
 .UNSPECIFIED.,.F.,.F.,(4,4),(-1.,0.),.UNSPECIFIED.);
#1108=B_SPLINE_CURVE_WITH_KNOTS('',3,(#8162,#8163,#8164,#8165),
 .UNSPECIFIED.,.F.,.F.,(4,4),(-1.,0.),.UNSPECIFIED.);
#1109=B_SPLINE_CURVE_WITH_KNOTS('',3,(#8169,#8170,#8171,#8172),
 .UNSPECIFIED.,.F.,.F.,(4,4),(-1.,0.),.UNSPECIFIED.);
#1110=B_SPLINE_CURVE_WITH_KNOTS('',3,(#8176,#8177,#8178,#8179),
 .UNSPECIFIED.,.F.,.F.,(4,4),(-1.,0.),.UNSPECIFIED.);
#1111=B_SPLINE_CURVE_WITH_KNOTS('',3,(#8183,#8184,#8185,#8186),
 .UNSPECIFIED.,.F.,.F.,(4,4),(-1.,0.),.UNSPECIFIED.);
#1112=B_SPLINE_CURVE_WITH_KNOTS('',3,(#8190,#8191,#8192,#8193),
 .UNSPECIFIED.,.F.,.F.,(4,4),(-1.,0.),.UNSPECIFIED.);
#1113=B_SPLINE_CURVE_WITH_KNOTS('',3,(#8197,#8198,#8199,#8200),
 .UNSPECIFIED.,.F.,.F.,(4,4),(-1.,0.),.UNSPECIFIED.);
#1114=B_SPLINE_CURVE_WITH_KNOTS('',3,(#8202,#8203,#8204,#8205),
 .UNSPECIFIED.,.F.,.F.,(4,4),(-1.,0.),.UNSPECIFIED.);
#1115=B_SPLINE_CURVE_WITH_KNOTS('',3,(#8209,#8210,#8211,#8212),
 .UNSPECIFIED.,.F.,.F.,(4,4),(-1.,0.),.UNSPECIFIED.);
#1116=B_SPLINE_CURVE_WITH_KNOTS('',3,(#8214,#8215,#8216,#8217),
 .UNSPECIFIED.,.F.,.F.,(4,4),(-1.,0.),.UNSPECIFIED.);
#1117=B_SPLINE_CURVE_WITH_KNOTS('',3,(#8221,#8222,#8223,#8224),
 .UNSPECIFIED.,.F.,.F.,(4,4),(-1.,0.),.UNSPECIFIED.);
#1118=B_SPLINE_CURVE_WITH_KNOTS('',3,(#8226,#8227,#8228,#8229),
 .UNSPECIFIED.,.F.,.F.,(4,4),(-1.,0.),.UNSPECIFIED.);
#1119=B_SPLINE_CURVE_WITH_KNOTS('',3,(#8233,#8234,#8235,#8236),
 .UNSPECIFIED.,.F.,.F.,(4,4),(-1.,0.),.UNSPECIFIED.);
#1120=B_SPLINE_CURVE_WITH_KNOTS('',3,(#8238,#8239,#8240,#8241),
 .UNSPECIFIED.,.F.,.F.,(4,4),(-1.,0.),.UNSPECIFIED.);
#1121=B_SPLINE_CURVE_WITH_KNOTS('',3,(#8245,#8246,#8247,#8248),
 .UNSPECIFIED.,.F.,.F.,(4,4),(-1.,0.),.UNSPECIFIED.);
#1122=B_SPLINE_CURVE_WITH_KNOTS('',3,(#8250,#8251,#8252,#8253),
 .UNSPECIFIED.,.F.,.F.,(4,4),(-1.,0.),.UNSPECIFIED.);
#1123=B_SPLINE_CURVE_WITH_KNOTS('',3,(#8257,#8258,#8259,#8260),
 .UNSPECIFIED.,.F.,.F.,(4,4),(-1.,0.),.UNSPECIFIED.);
#1124=B_SPLINE_CURVE_WITH_KNOTS('',3,(#8262,#8263,#8264,#8265),
 .UNSPECIFIED.,.F.,.F.,(4,4),(-1.,0.),.UNSPECIFIED.);
#1125=B_SPLINE_CURVE_WITH_KNOTS('',3,(#8269,#8270,#8271,#8272),
 .UNSPECIFIED.,.F.,.F.,(4,4),(-1.,0.),.UNSPECIFIED.);
#1126=B_SPLINE_CURVE_WITH_KNOTS('',3,(#8274,#8275,#8276,#8277),
 .UNSPECIFIED.,.F.,.F.,(4,4),(-1.,0.),.UNSPECIFIED.);
#1127=B_SPLINE_CURVE_WITH_KNOTS('',3,(#8281,#8282,#8283,#8284),
 .UNSPECIFIED.,.F.,.F.,(4,4),(-1.,0.),.UNSPECIFIED.);
#1128=B_SPLINE_CURVE_WITH_KNOTS('',3,(#8286,#8287,#8288,#8289),
 .UNSPECIFIED.,.F.,.F.,(4,4),(-1.,0.),.UNSPECIFIED.);
#1129=B_SPLINE_CURVE_WITH_KNOTS('',3,(#8297,#8298,#8299,#8300),
 .UNSPECIFIED.,.F.,.F.,(4,4),(-1.,0.),.UNSPECIFIED.);
#1130=B_SPLINE_CURVE_WITH_KNOTS('',3,(#8302,#8303,#8304,#8305),
 .UNSPECIFIED.,.F.,.F.,(4,4),(-1.,0.),.UNSPECIFIED.);
#1131=B_SPLINE_CURVE_WITH_KNOTS('',3,(#8309,#8310,#8311,#8312),
 .UNSPECIFIED.,.F.,.F.,(4,4),(-1.,0.),.UNSPECIFIED.);
#1132=B_SPLINE_CURVE_WITH_KNOTS('',3,(#8314,#8315,#8316,#8317),
 .UNSPECIFIED.,.F.,.F.,(4,4),(-1.,0.),.UNSPECIFIED.);
#1133=B_SPLINE_CURVE_WITH_KNOTS('',3,(#8321,#8322,#8323,#8324),
 .UNSPECIFIED.,.F.,.F.,(4,4),(-1.,0.),.UNSPECIFIED.);
#1134=B_SPLINE_CURVE_WITH_KNOTS('',3,(#8326,#8327,#8328,#8329),
 .UNSPECIFIED.,.F.,.F.,(4,4),(-1.,0.),.UNSPECIFIED.);
#1135=B_SPLINE_CURVE_WITH_KNOTS('',3,(#8333,#8334,#8335,#8336),
 .UNSPECIFIED.,.F.,.F.,(4,4),(-1.,0.),.UNSPECIFIED.);
#1136=B_SPLINE_CURVE_WITH_KNOTS('',3,(#8338,#8339,#8340,#8341),
 .UNSPECIFIED.,.F.,.F.,(4,4),(-1.,0.),.UNSPECIFIED.);
#1137=B_SPLINE_CURVE_WITH_KNOTS('',3,(#8345,#8346,#8347,#8348),
 .UNSPECIFIED.,.F.,.F.,(4,4),(-1.,0.),.UNSPECIFIED.);
#1138=B_SPLINE_CURVE_WITH_KNOTS('',3,(#8350,#8351,#8352,#8353),
 .UNSPECIFIED.,.F.,.F.,(4,4),(-1.,0.),.UNSPECIFIED.);
#1139=B_SPLINE_CURVE_WITH_KNOTS('',3,(#8357,#8358,#8359,#8360),
 .UNSPECIFIED.,.F.,.F.,(4,4),(-1.,0.),.UNSPECIFIED.);
#1140=B_SPLINE_CURVE_WITH_KNOTS('',3,(#8362,#8363,#8364,#8365),
 .UNSPECIFIED.,.F.,.F.,(4,4),(-1.,0.),.UNSPECIFIED.);
#1141=B_SPLINE_CURVE_WITH_KNOTS('',3,(#8369,#8370,#8371,#8372),
 .UNSPECIFIED.,.F.,.F.,(4,4),(-1.,0.),.UNSPECIFIED.);
#1142=B_SPLINE_CURVE_WITH_KNOTS('',3,(#8374,#8375,#8376,#8377),
 .UNSPECIFIED.,.F.,.F.,(4,4),(-1.,0.),.UNSPECIFIED.);
#1143=B_SPLINE_CURVE_WITH_KNOTS('',3,(#8381,#8382,#8383,#8384),
 .UNSPECIFIED.,.F.,.F.,(4,4),(-1.,0.),.UNSPECIFIED.);
#1144=B_SPLINE_CURVE_WITH_KNOTS('',3,(#8386,#8387,#8388,#8389),
 .UNSPECIFIED.,.F.,.F.,(4,4),(-1.,0.),.UNSPECIFIED.);
#1145=B_SPLINE_CURVE_WITH_KNOTS('',3,(#8393,#8394,#8395,#8396),
 .UNSPECIFIED.,.F.,.F.,(4,4),(-1.,0.),.UNSPECIFIED.);
#1146=B_SPLINE_CURVE_WITH_KNOTS('',3,(#8398,#8399,#8400,#8401),
 .UNSPECIFIED.,.F.,.F.,(4,4),(-1.,0.),.UNSPECIFIED.);
#1147=B_SPLINE_CURVE_WITH_KNOTS('',3,(#8405,#8406,#8407,#8408),
 .UNSPECIFIED.,.F.,.F.,(4,4),(-1.,0.),.UNSPECIFIED.);
#1148=B_SPLINE_CURVE_WITH_KNOTS('',3,(#8410,#8411,#8412,#8413),
 .UNSPECIFIED.,.F.,.F.,(4,4),(-1.,0.),.UNSPECIFIED.);
#1149=B_SPLINE_CURVE_WITH_KNOTS('',3,(#8417,#8418,#8419,#8420),
 .UNSPECIFIED.,.F.,.F.,(4,4),(-1.,0.),.UNSPECIFIED.);
#1150=B_SPLINE_CURVE_WITH_KNOTS('',3,(#8422,#8423,#8424,#8425),
 .UNSPECIFIED.,.F.,.F.,(4,4),(-1.,0.),.UNSPECIFIED.);
#1151=B_SPLINE_CURVE_WITH_KNOTS('',3,(#8429,#8430,#8431,#8432),
 .UNSPECIFIED.,.F.,.F.,(4,4),(-1.,0.),.UNSPECIFIED.);
#1152=B_SPLINE_CURVE_WITH_KNOTS('',3,(#8434,#8435,#8436,#8437),
 .UNSPECIFIED.,.F.,.F.,(4,4),(-1.,0.),.UNSPECIFIED.);
#1153=B_SPLINE_CURVE_WITH_KNOTS('',3,(#8441,#8442,#8443,#8444),
 .UNSPECIFIED.,.F.,.F.,(4,4),(-1.,0.),.UNSPECIFIED.);
#1154=B_SPLINE_CURVE_WITH_KNOTS('',3,(#8446,#8447,#8448,#8449),
 .UNSPECIFIED.,.F.,.F.,(4,4),(-1.,0.),.UNSPECIFIED.);
#1155=B_SPLINE_CURVE_WITH_KNOTS('',3,(#8453,#8454,#8455,#8456),
 .UNSPECIFIED.,.F.,.F.,(4,4),(-1.,0.),.UNSPECIFIED.);
#1156=B_SPLINE_CURVE_WITH_KNOTS('',3,(#8458,#8459,#8460,#8461),
 .UNSPECIFIED.,.F.,.F.,(4,4),(-1.,0.),.UNSPECIFIED.);
#1157=B_SPLINE_CURVE_WITH_KNOTS('',3,(#8465,#8466,#8467,#8468),
 .UNSPECIFIED.,.F.,.F.,(4,4),(-1.,0.),.UNSPECIFIED.);
#1158=B_SPLINE_CURVE_WITH_KNOTS('',3,(#8470,#8471,#8472,#8473),
 .UNSPECIFIED.,.F.,.F.,(4,4),(-1.,0.),.UNSPECIFIED.);
#1159=B_SPLINE_CURVE_WITH_KNOTS('',3,(#8477,#8478,#8479,#8480),
 .UNSPECIFIED.,.F.,.F.,(4,4),(-1.,0.),.UNSPECIFIED.);
#1160=B_SPLINE_CURVE_WITH_KNOTS('',3,(#8482,#8483,#8484,#8485),
 .UNSPECIFIED.,.F.,.F.,(4,4),(-1.,0.),.UNSPECIFIED.);
#1161=B_SPLINE_CURVE_WITH_KNOTS('',3,(#8489,#8490,#8491,#8492),
 .UNSPECIFIED.,.F.,.F.,(4,4),(-1.,0.),.UNSPECIFIED.);
#1162=B_SPLINE_CURVE_WITH_KNOTS('',3,(#8494,#8495,#8496,#8497),
 .UNSPECIFIED.,.F.,.F.,(4,4),(-1.,0.),.UNSPECIFIED.);
#1163=B_SPLINE_CURVE_WITH_KNOTS('',3,(#8501,#8502,#8503,#8504),
 .UNSPECIFIED.,.F.,.F.,(4,4),(-1.,0.),.UNSPECIFIED.);
#1164=B_SPLINE_CURVE_WITH_KNOTS('',3,(#8506,#8507,#8508,#8509),
 .UNSPECIFIED.,.F.,.F.,(4,4),(-1.,0.),.UNSPECIFIED.);
#1165=B_SPLINE_CURVE_WITH_KNOTS('',3,(#8513,#8514,#8515,#8516),
 .UNSPECIFIED.,.F.,.F.,(4,4),(-1.,0.),.UNSPECIFIED.);
#1166=B_SPLINE_CURVE_WITH_KNOTS('',3,(#8518,#8519,#8520,#8521),
 .UNSPECIFIED.,.F.,.F.,(4,4),(-1.,0.),.UNSPECIFIED.);
#1167=B_SPLINE_CURVE_WITH_KNOTS('',3,(#8525,#8526,#8527,#8528),
 .UNSPECIFIED.,.F.,.F.,(4,4),(-1.,0.),.UNSPECIFIED.);
#1168=B_SPLINE_CURVE_WITH_KNOTS('',3,(#8530,#8531,#8532,#8533),
 .UNSPECIFIED.,.F.,.F.,(4,4),(-1.,0.),.UNSPECIFIED.);
#1169=B_SPLINE_CURVE_WITH_KNOTS('',3,(#8539,#8540,#8541,#8542),
 .UNSPECIFIED.,.F.,.F.,(4,4),(-1.,0.),.UNSPECIFIED.);
#1170=B_SPLINE_CURVE_WITH_KNOTS('',3,(#8544,#8545,#8546,#8547),
 .UNSPECIFIED.,.F.,.F.,(4,4),(-1.,0.),.UNSPECIFIED.);
#1171=B_SPLINE_CURVE_WITH_KNOTS('',3,(#8551,#8552,#8553,#8554),
 .UNSPECIFIED.,.F.,.F.,(4,4),(-1.,0.),.UNSPECIFIED.);
#1172=B_SPLINE_CURVE_WITH_KNOTS('',3,(#8556,#8557,#8558,#8559),
 .UNSPECIFIED.,.F.,.F.,(4,4),(-1.,0.),.UNSPECIFIED.);
#1173=B_SPLINE_CURVE_WITH_KNOTS('',3,(#8563,#8564,#8565,#8566),
 .UNSPECIFIED.,.F.,.F.,(4,4),(-1.,0.),.UNSPECIFIED.);
#1174=B_SPLINE_CURVE_WITH_KNOTS('',3,(#8568,#8569,#8570,#8571),
 .UNSPECIFIED.,.F.,.F.,(4,4),(-1.,0.),.UNSPECIFIED.);
#1175=B_SPLINE_CURVE_WITH_KNOTS('',3,(#8575,#8576,#8577,#8578),
 .UNSPECIFIED.,.F.,.F.,(4,4),(-1.,0.),.UNSPECIFIED.);
#1176=B_SPLINE_CURVE_WITH_KNOTS('',3,(#8580,#8581,#8582,#8583),
 .UNSPECIFIED.,.F.,.F.,(4,4),(-1.,0.),.UNSPECIFIED.);
#1177=B_SPLINE_CURVE_WITH_KNOTS('',3,(#8589,#8590,#8591,#8592),
 .UNSPECIFIED.,.F.,.F.,(4,4),(-1.,0.),.UNSPECIFIED.);
#1178=B_SPLINE_CURVE_WITH_KNOTS('',3,(#8594,#8595,#8596,#8597),
 .UNSPECIFIED.,.F.,.F.,(4,4),(-1.,0.),.UNSPECIFIED.);
#1179=B_SPLINE_CURVE_WITH_KNOTS('',3,(#8601,#8602,#8603,#8604),
 .UNSPECIFIED.,.F.,.F.,(4,4),(-1.,0.),.UNSPECIFIED.);
#1180=B_SPLINE_CURVE_WITH_KNOTS('',3,(#8606,#8607,#8608,#8609),
 .UNSPECIFIED.,.F.,.F.,(4,4),(-1.,0.),.UNSPECIFIED.);
#1181=B_SPLINE_CURVE_WITH_KNOTS('',3,(#8613,#8614,#8615,#8616),
 .UNSPECIFIED.,.F.,.F.,(4,4),(-1.,0.),.UNSPECIFIED.);
#1182=B_SPLINE_CURVE_WITH_KNOTS('',3,(#8618,#8619,#8620,#8621),
 .UNSPECIFIED.,.F.,.F.,(4,4),(-1.,0.),.UNSPECIFIED.);
#1183=B_SPLINE_CURVE_WITH_KNOTS('',3,(#8625,#8626,#8627,#8628),
 .UNSPECIFIED.,.F.,.F.,(4,4),(-1.,0.),.UNSPECIFIED.);
#1184=B_SPLINE_CURVE_WITH_KNOTS('',3,(#8630,#8631,#8632,#8633),
 .UNSPECIFIED.,.F.,.F.,(4,4),(-1.,0.),.UNSPECIFIED.);
#1185=B_SPLINE_CURVE_WITH_KNOTS('',3,(#8637,#8638,#8639,#8640),
 .UNSPECIFIED.,.F.,.F.,(4,4),(-1.,0.),.UNSPECIFIED.);
#1186=B_SPLINE_CURVE_WITH_KNOTS('',3,(#8642,#8643,#8644,#8645),
 .UNSPECIFIED.,.F.,.F.,(4,4),(-1.,0.),.UNSPECIFIED.);
#1187=B_SPLINE_CURVE_WITH_KNOTS('',3,(#8649,#8650,#8651,#8652),
 .UNSPECIFIED.,.F.,.F.,(4,4),(-1.,0.),.UNSPECIFIED.);
#1188=B_SPLINE_CURVE_WITH_KNOTS('',3,(#8654,#8655,#8656,#8657),
 .UNSPECIFIED.,.F.,.F.,(4,4),(-1.,0.),.UNSPECIFIED.);
#1189=B_SPLINE_CURVE_WITH_KNOTS('',3,(#8661,#8662,#8663,#8664),
 .UNSPECIFIED.,.F.,.F.,(4,4),(-1.,0.),.UNSPECIFIED.);
#1190=B_SPLINE_CURVE_WITH_KNOTS('',3,(#8666,#8667,#8668,#8669),
 .UNSPECIFIED.,.F.,.F.,(4,4),(-1.,0.),.UNSPECIFIED.);
#1191=B_SPLINE_CURVE_WITH_KNOTS('',3,(#8673,#8674,#8675,#8676),
 .UNSPECIFIED.,.F.,.F.,(4,4),(-1.,0.),.UNSPECIFIED.);
#1192=B_SPLINE_CURVE_WITH_KNOTS('',3,(#8678,#8679,#8680,#8681),
 .UNSPECIFIED.,.F.,.F.,(4,4),(-1.,0.),.UNSPECIFIED.);
#1193=B_SPLINE_CURVE_WITH_KNOTS('',3,(#8685,#8686,#8687,#8688),
 .UNSPECIFIED.,.F.,.F.,(4,4),(-1.,0.),.UNSPECIFIED.);
#1194=B_SPLINE_CURVE_WITH_KNOTS('',3,(#8690,#8691,#8692,#8693),
 .UNSPECIFIED.,.F.,.F.,(4,4),(-1.,0.),.UNSPECIFIED.);
#1195=B_SPLINE_CURVE_WITH_KNOTS('',3,(#8697,#8698,#8699,#8700),
 .UNSPECIFIED.,.F.,.F.,(4,4),(-1.,0.),.UNSPECIFIED.);
#1196=B_SPLINE_CURVE_WITH_KNOTS('',3,(#8702,#8703,#8704,#8705),
 .UNSPECIFIED.,.F.,.F.,(4,4),(-1.,0.),.UNSPECIFIED.);
#1197=B_SPLINE_CURVE_WITH_KNOTS('',3,(#8709,#8710,#8711,#8712),
 .UNSPECIFIED.,.F.,.F.,(4,4),(-1.,0.),.UNSPECIFIED.);
#1198=B_SPLINE_CURVE_WITH_KNOTS('',3,(#8714,#8715,#8716,#8717),
 .UNSPECIFIED.,.F.,.F.,(4,4),(-1.,0.),.UNSPECIFIED.);
#1199=B_SPLINE_CURVE_WITH_KNOTS('',3,(#8721,#8722,#8723,#8724),
 .UNSPECIFIED.,.F.,.F.,(4,4),(-1.,0.),.UNSPECIFIED.);
#1200=B_SPLINE_CURVE_WITH_KNOTS('',3,(#8726,#8727,#8728,#8729),
 .UNSPECIFIED.,.F.,.F.,(4,4),(-1.,0.),.UNSPECIFIED.);
#1201=B_SPLINE_CURVE_WITH_KNOTS('',3,(#8737,#8738,#8739,#8740),
 .UNSPECIFIED.,.F.,.F.,(4,4),(-1.,0.),.UNSPECIFIED.);
#1202=B_SPLINE_CURVE_WITH_KNOTS('',3,(#8742,#8743,#8744,#8745),
 .UNSPECIFIED.,.F.,.F.,(4,4),(-1.,0.),.UNSPECIFIED.);
#1203=B_SPLINE_CURVE_WITH_KNOTS('',3,(#8749,#8750,#8751,#8752),
 .UNSPECIFIED.,.F.,.F.,(4,4),(-1.,0.),.UNSPECIFIED.);
#1204=B_SPLINE_CURVE_WITH_KNOTS('',3,(#8754,#8755,#8756,#8757),
 .UNSPECIFIED.,.F.,.F.,(4,4),(-1.,0.),.UNSPECIFIED.);
#1205=B_SPLINE_CURVE_WITH_KNOTS('',3,(#8761,#8762,#8763,#8764),
 .UNSPECIFIED.,.F.,.F.,(4,4),(-1.,0.),.UNSPECIFIED.);
#1206=B_SPLINE_CURVE_WITH_KNOTS('',3,(#8766,#8767,#8768,#8769),
 .UNSPECIFIED.,.F.,.F.,(4,4),(-1.,0.),.UNSPECIFIED.);
#1207=B_SPLINE_CURVE_WITH_KNOTS('',3,(#8773,#8774,#8775,#8776),
 .UNSPECIFIED.,.F.,.F.,(4,4),(-1.,0.),.UNSPECIFIED.);
#1208=B_SPLINE_CURVE_WITH_KNOTS('',3,(#8778,#8779,#8780,#8781),
 .UNSPECIFIED.,.F.,.F.,(4,4),(-1.,0.),.UNSPECIFIED.);
#1209=B_SPLINE_CURVE_WITH_KNOTS('',3,(#8785,#8786,#8787,#8788),
 .UNSPECIFIED.,.F.,.F.,(4,4),(-1.,0.),.UNSPECIFIED.);
#1210=B_SPLINE_CURVE_WITH_KNOTS('',3,(#8792,#8793,#8794,#8795),
 .UNSPECIFIED.,.F.,.F.,(4,4),(-1.,0.),.UNSPECIFIED.);
#1211=B_SPLINE_CURVE_WITH_KNOTS('',3,(#8799,#8800,#8801,#8802),
 .UNSPECIFIED.,.F.,.F.,(4,4),(-1.,0.),.UNSPECIFIED.);
#1212=B_SPLINE_CURVE_WITH_KNOTS('',3,(#8806,#8807,#8808,#8809),
 .UNSPECIFIED.,.F.,.F.,(4,4),(-1.,0.),.UNSPECIFIED.);
#1213=B_SPLINE_CURVE_WITH_KNOTS('',3,(#8823,#8824,#8825,#8826),
 .UNSPECIFIED.,.F.,.F.,(4,4),(-1.,0.),.UNSPECIFIED.);
#1214=B_SPLINE_CURVE_WITH_KNOTS('',3,(#8828,#8829,#8830,#8831),
 .UNSPECIFIED.,.F.,.F.,(4,4),(-1.,0.),.UNSPECIFIED.);
#1215=B_SPLINE_CURVE_WITH_KNOTS('',3,(#8835,#8836,#8837,#8838),
 .UNSPECIFIED.,.F.,.F.,(4,4),(-1.,0.),.UNSPECIFIED.);
#1216=B_SPLINE_CURVE_WITH_KNOTS('',3,(#8840,#8841,#8842,#8843),
 .UNSPECIFIED.,.F.,.F.,(4,4),(-1.,0.),.UNSPECIFIED.);
#1217=B_SPLINE_CURVE_WITH_KNOTS('',3,(#8847,#8848,#8849,#8850),
 .UNSPECIFIED.,.F.,.F.,(4,4),(-1.,0.),.UNSPECIFIED.);
#1218=B_SPLINE_CURVE_WITH_KNOTS('',3,(#8852,#8853,#8854,#8855),
 .UNSPECIFIED.,.F.,.F.,(4,4),(-1.,0.),.UNSPECIFIED.);
#1219=B_SPLINE_CURVE_WITH_KNOTS('',3,(#8859,#8860,#8861,#8862),
 .UNSPECIFIED.,.F.,.F.,(4,4),(-1.,0.),.UNSPECIFIED.);
#1220=B_SPLINE_CURVE_WITH_KNOTS('',3,(#8864,#8865,#8866,#8867),
 .UNSPECIFIED.,.F.,.F.,(4,4),(-1.,0.),.UNSPECIFIED.);
#1221=B_SPLINE_CURVE_WITH_KNOTS('',3,(#8871,#8872,#8873,#8874),
 .UNSPECIFIED.,.F.,.F.,(4,4),(-1.,0.),.UNSPECIFIED.);
#1222=B_SPLINE_CURVE_WITH_KNOTS('',3,(#8876,#8877,#8878,#8879),
 .UNSPECIFIED.,.F.,.F.,(4,4),(-1.,0.),.UNSPECIFIED.);
#1223=B_SPLINE_CURVE_WITH_KNOTS('',3,(#8883,#8884,#8885,#8886),
 .UNSPECIFIED.,.F.,.F.,(4,4),(-1.,0.),.UNSPECIFIED.);
#1224=B_SPLINE_CURVE_WITH_KNOTS('',3,(#8888,#8889,#8890,#8891),
 .UNSPECIFIED.,.F.,.F.,(4,4),(-1.,0.),.UNSPECIFIED.);
#1225=B_SPLINE_CURVE_WITH_KNOTS('',3,(#8895,#8896,#8897,#8898),
 .UNSPECIFIED.,.F.,.F.,(4,4),(-1.,0.),.UNSPECIFIED.);
#1226=B_SPLINE_CURVE_WITH_KNOTS('',3,(#8900,#8901,#8902,#8903),
 .UNSPECIFIED.,.F.,.F.,(4,4),(-1.,0.),.UNSPECIFIED.);
#1227=B_SPLINE_CURVE_WITH_KNOTS('',3,(#8907,#8908,#8909,#8910),
 .UNSPECIFIED.,.F.,.F.,(4,4),(-1.,0.),.UNSPECIFIED.);
#1228=B_SPLINE_CURVE_WITH_KNOTS('',3,(#8912,#8913,#8914,#8915),
 .UNSPECIFIED.,.F.,.F.,(4,4),(-1.,0.),.UNSPECIFIED.);
#1229=B_SPLINE_CURVE_WITH_KNOTS('',3,(#9001,#9002,#9003,#9004,#9005,#9006,
#9007,#9008,#9009,#9010,#9011),.UNSPECIFIED.,.F.,.F.,(4,1,1,1,1,1,1,1,4),
(-0.164679192033977,-0.0941020992133371,-0.0705764016064573,-0.0470507039995774,
-0.0235250063926976,-0.0117621575892576,-0.00588073318753768,-0.0029400209866777,
8.66885907701163E-14),.UNSPECIFIED.);
#1230=B_SPLINE_CURVE_WITH_KNOTS('',3,(#9068,#9069,#9070,#9071,#9072,#9073,
#9074,#9075,#9076,#9077,#9078,#9079,#9080),.UNSPECIFIED.,.F.,.F.,(4,3,3,
3,4),(0.,0.372109964754105,0.428571492373257,0.720645230667978,1.00000009719539),
 .UNSPECIFIED.);
#1231=B_SPLINE_CURVE_WITH_KNOTS('',3,(#9081,#9082,#9083,#9084,#9085,#9086,
#9087,#9088,#9089,#9090,#9091),.UNSPECIFIED.,.F.,.F.,(4,1,1,1,1,1,1,1,4),
(-0.158388309640025,-0.155552752664027,-0.152716504475389,-0.147044008098114,
-0.135699015343562,-0.113009029834459,-0.0903190443253564,-0.0676290588162535,
6.81962752388252E-9),.UNSPECIFIED.);
#1232=B_SPLINE_CURVE_WITH_KNOTS('',3,(#9094,#9095,#9096,#9097,#9098,#9099,
#9100,#9101,#9102,#9103,#9104,#9105,#9106,#9107,#9108,#9109,#9110,#9111,
#9112,#9113,#9114,#9115,#9116,#9117,#9118,#9119,#9120,#9121,#9122,#9123,
#9124,#9125,#9126,#9127,#9128,#9129,#9130,#9131,#9132,#9133),
 .UNSPECIFIED.,.F.,.F.,(4,3,3,3,3,3,3,3,3,3,3,3,3,4),(0.,0.120195513570472,
0.240386763432556,0.360574089238772,0.480757830524672,0.600938326718768,
0.722170576757868,0.84237094267393,0.962562405872513,1.08274632507083,1.20475882556101,
1.32495053907447,1.44787343305302,1.57079632703157),.UNSPECIFIED.);
#1233=B_SPLINE_CURVE_WITH_KNOTS('',3,(#9187,#9188,#9189,#9190,#9191,#9192,
#9193,#9194,#9195,#9196),.UNSPECIFIED.,.F.,.F.,(4,1,1,1,1,1,1,4),(-0.218733713619353,
-0.210922247289877,-0.203110312205067,-0.187486442035446,-0.156238701696205,
-0.124990961356964,-0.0624954806784821,0.),.UNSPECIFIED.);
#1234=B_SPLINE_CURVE_WITH_KNOTS('',3,(#9242,#9243,#9244,#9245,#9246,#9247,
#9248),.UNSPECIFIED.,.F.,.F.,(4,3,4),(0.,0.428571428257356,1.0000000000014),
 .UNSPECIFIED.);
#1235=B_SPLINE_CURVE_WITH_KNOTS('',3,(#9249,#9250,#9251,#9252,#9253,#9254,
#9255,#9256),.UNSPECIFIED.,.F.,.F.,(4,1,1,1,1,4),(-0.284677040443387,-0.122004445875206,
-0.0406681485911146,-0.0203340742700919,-0.0101670371095805,5.09308289986508E-11),
 .UNSPECIFIED.);
#1236=B_SPLINE_CURVE_WITH_KNOTS('',3,(#9259,#9260,#9261,#9262,#9263,#9264,
#9265,#9266,#9267,#9268,#9269,#9270,#9271,#9272,#9273,#9274,#9275,#9276,
#9277,#9278,#9279,#9280,#9281,#9282,#9283,#9284,#9285,#9286,#9287,#9288,
#9289,#9290,#9291,#9292,#9293,#9294,#9295,#9296,#9297,#9298),
 .UNSPECIFIED.,.F.,.F.,(4,3,3,3,3,3,3,3,3,3,3,3,3,4),(0.,0.120195513560393,
0.240386763412406,0.360574089208558,0.480757830484372,0.600938326668429,
0.722170576697361,0.842370942603342,0.962562405791839,1.08274632498008,
1.20475882546003,1.32495053896341,1.44787343293165,1.57079632689989),
 .UNSPECIFIED.);
#1237=B_SPLINE_CURVE_WITH_KNOTS('',3,(#9352,#9353,#9354,#9355,#9356,#9357,
#9358,#9359,#9360,#9361),.UNSPECIFIED.,.F.,.F.,(4,1,1,1,1,1,1,4),(-0.375979746154884,
-0.362552199134569,-0.349124339907363,-0.322268621452951,-0.268557184544126,
-0.2148457476353,-0.161134310726475,0.),.UNSPECIFIED.);
#1238=B_SPLINE_CURVE_WITH_KNOTS('',3,(#9393,#9394,#9395,#9396,#9397),
 .UNSPECIFIED.,.F.,.F.,(4,1,4),(-0.689980402103496,-0.295705886615784,0.),
 .UNSPECIFIED.);
#1239=B_SPLINE_CURVE_WITH_KNOTS('',3,(#9429,#9430,#9431,#9432,#9433),
 .UNSPECIFIED.,.F.,.F.,(4,1,4),(-0.47651982690736,-0.272297043947063,0.),
 .UNSPECIFIED.);
#1240=B_SPLINE_CURVE_WITH_KNOTS('',3,(#9469,#9470,#9471,#9472,#9473,#9474,
#9475),.UNSPECIFIED.,.F.,.F.,(4,3,4),(0.,0.428571428587628,1.00000000000397),
 .UNSPECIFIED.);
#1241=B_SPLINE_CURVE_WITH_KNOTS('',3,(#9476,#9477,#9478,#9479,#9480,#9481),
 .UNSPECIFIED.,.F.,.F.,(4,1,1,4),(-0.0935324514966892,-0.0400853363377337,
-0.013361778758256,3.14828829884809E-11),.UNSPECIFIED.);
#1242=B_SPLINE_CURVE_WITH_KNOTS('',3,(#9484,#9485,#9486,#9487,#9488,#9489,
#9490,#9491,#9492,#9493,#9494,#9495,#9496,#9497,#9498,#9499,#9500,#9501,
#9502,#9503,#9504,#9505,#9506,#9507,#9508,#9509,#9510,#9511,#9512,#9513,
#9514,#9515,#9516,#9517,#9518,#9519,#9520,#9521,#9522,#9523),
 .UNSPECIFIED.,.F.,.F.,(4,3,3,3,3,3,3,3,3,3,3,3,3,4),(0.,0.120195513573523,
0.240386763438652,0.36057408924794,0.48075783053691,0.600938326734059,0.722170576776242,
0.842370942695365,0.962562405896989,1.08274632509836,1.20475882559165,1.32495053910815,
1.44787343308984,1.57079632707152),.UNSPECIFIED.);
#1243=B_SPLINE_CURVE_WITH_KNOTS('',3,(#9572,#9573,#9574,#9575,#9576,#9577,
#9578,#9579,#9580),.UNSPECIFIED.,.F.,.F.,(4,1,1,1,1,1,4),(-0.214930618627452,
-0.207255013807506,-0.199578902185006,-0.184226678940005,-0.153522232450004,
-0.0921133394700027,0.),.UNSPECIFIED.);
#1244=B_SPLINE_CURVE_WITH_KNOTS('',3,(#9626,#9627,#9628,#9629,#9630,#9631,
#9632),.UNSPECIFIED.,.F.,.F.,(4,3,4),(0.,0.428571428221072,1.00000000000246),
 .UNSPECIFIED.);
#1245=B_SPLINE_CURVE_WITH_KNOTS('',3,(#9633,#9634,#9635,#9636,#9637,#9638,
#9639,#9640),.UNSPECIFIED.,.F.,.F.,(4,1,1,1,1,4),(-0.269392204411396,-0.115454013276286,
-0.0384849177087317,-0.019242643816843,-0.00962150687089864,-3.69924954304717E-7),
 .UNSPECIFIED.);
#1246=B_SPLINE_CURVE_WITH_KNOTS('',3,(#9742,#9743,#9744,#9745),
 .UNSPECIFIED.,.F.,.F.,(4,4),(0.,0.301827373458974),.UNSPECIFIED.);
#1247=B_SPLINE_CURVE_WITH_KNOTS('',3,(#9761,#9762,#9763,#9764),
 .UNSPECIFIED.,.F.,.F.,(4,4),(0.,0.554297631008463),.UNSPECIFIED.);
#1248=B_SPLINE_CURVE_WITH_KNOTS('',3,(#9779,#9780,#9781,#9782),
 .UNSPECIFIED.,.F.,.F.,(4,4),(0.,0.382396616898354),.UNSPECIFIED.);
#1249=B_SPLINE_CURVE_WITH_KNOTS('',3,(#9803,#9804,#9805,#9806,#9807,#9808),
 .UNSPECIFIED.,.F.,.F.,(4,2,4),(0.,0.014328005501167,0.0238750041332118),
 .UNSPECIFIED.);
#1250=B_SPLINE_CURVE_WITH_KNOTS('',3,(#9829,#9830,#9831,#9832,#9833,#9834,
#9835),.UNSPECIFIED.,.F.,.F.,(4,3,4),(0.,0.208433401091291,0.208438138328046),
 .UNSPECIFIED.);
#1251=B_SPLINE_CURVE_WITH_KNOTS('',3,(#9858,#9859,#9860,#9861,#9862,#9863),
 .UNSPECIFIED.,.F.,.F.,(4,2,4),(0.,0.09058773721868,0.154436374650991),
 .UNSPECIFIED.);
#1252=B_SPLINE_CURVE_WITH_KNOTS('',3,(#9880,#9881,#9882,#9883),
 .UNSPECIFIED.,.F.,.F.,(4,4),(0.,0.22893754142019),.UNSPECIFIED.);
#1253=B_SPLINE_CURVE_WITH_KNOTS('',3,(#9904,#9905,#9906,#9907,#9908,#9909,
#9910),.UNSPECIFIED.,.F.,.F.,(4,3,4),(0.,0.212159671012657,0.212164052337331),
 .UNSPECIFIED.);
#1254=B_SPLINE_CURVE_WITH_KNOTS('',3,(#9925,#9926,#9927,#9928),
 .UNSPECIFIED.,.F.,.F.,(4,4),(0.,0.0836202490418692),.UNSPECIFIED.);
#1255=B_SPLINE_CURVE_WITH_KNOTS('',3,(#9939,#9940,#9941,#9942),
 .UNSPECIFIED.,.F.,.F.,(4,4),(0.,0.086304066318743),.UNSPECIFIED.);
#1256=B_SPLINE_CURVE_WITH_KNOTS('',3,(#9955,#9956,#9957,#9958,#9959,#9960),
 .UNSPECIFIED.,.F.,.F.,(4,2,4),(0.,0.0192692752576211,0.0320564713274758),
 .UNSPECIFIED.);
#1257=B_SPLINE_CURVE_WITH_KNOTS('',3,(#9980,#9981,#9982,#9983),
 .UNSPECIFIED.,.F.,.F.,(4,4),(-1.,0.),.UNSPECIFIED.);
#1258=B_SPLINE_CURVE_WITH_KNOTS('',3,(#9994,#9995,#9996,#9997),
 .UNSPECIFIED.,.F.,.F.,(4,4),(-1.,0.),.UNSPECIFIED.);
#1259=B_SPLINE_CURVE_WITH_KNOTS('',3,(#10012,#10013,#10014,#10015),
 .UNSPECIFIED.,.F.,.F.,(4,4),(-1.,0.),.UNSPECIFIED.);
#1260=B_SPLINE_CURVE_WITH_KNOTS('',3,(#10026,#10027,#10028,#10029),
 .UNSPECIFIED.,.F.,.F.,(4,4),(-1.,0.),.UNSPECIFIED.);
#1261=B_SPLINE_CURVE_WITH_KNOTS('',3,(#10044,#10045,#10046,#10047),
 .UNSPECIFIED.,.F.,.F.,(4,4),(-1.,0.),.UNSPECIFIED.);
#1262=B_SPLINE_CURVE_WITH_KNOTS('',3,(#10058,#10059,#10060,#10061),
 .UNSPECIFIED.,.F.,.F.,(4,4),(-1.,0.),.UNSPECIFIED.);
#1263=B_SPLINE_CURVE_WITH_KNOTS('',3,(#10076,#10077,#10078,#10079),
 .UNSPECIFIED.,.F.,.F.,(4,4),(-1.,0.),.UNSPECIFIED.);
#1264=B_SPLINE_CURVE_WITH_KNOTS('',3,(#10088,#10089,#10090,#10091),
 .UNSPECIFIED.,.F.,.F.,(4,4),(-1.,0.),.UNSPECIFIED.);
#1265=B_SPLINE_CURVE_WITH_KNOTS('',3,(#10122,#10123,#10124,#10125),
 .UNSPECIFIED.,.F.,.F.,(4,4),(-1.,0.),.UNSPECIFIED.);
#1266=B_SPLINE_CURVE_WITH_KNOTS('',3,(#10136,#10137,#10138,#10139),
 .UNSPECIFIED.,.F.,.F.,(4,4),(-1.,0.),.UNSPECIFIED.);
#1267=B_SPLINE_CURVE_WITH_KNOTS('',3,(#10154,#10155,#10156,#10157),
 .UNSPECIFIED.,.F.,.F.,(4,4),(-1.,0.),.UNSPECIFIED.);
#1268=B_SPLINE_CURVE_WITH_KNOTS('',3,(#10168,#10169,#10170,#10171),
 .UNSPECIFIED.,.F.,.F.,(4,4),(-1.,0.),.UNSPECIFIED.);
#1269=B_SPLINE_CURVE_WITH_KNOTS('',3,(#10186,#10187,#10188,#10189),
 .UNSPECIFIED.,.F.,.F.,(4,4),(-1.,0.),.UNSPECIFIED.);
#1270=B_SPLINE_CURVE_WITH_KNOTS('',3,(#10200,#10201,#10202,#10203),
 .UNSPECIFIED.,.F.,.F.,(4,4),(-1.,0.),.UNSPECIFIED.);
#1271=B_SPLINE_CURVE_WITH_KNOTS('',3,(#10218,#10219,#10220,#10221),
 .UNSPECIFIED.,.F.,.F.,(4,4),(-1.,0.),.UNSPECIFIED.);
#1272=B_SPLINE_CURVE_WITH_KNOTS('',3,(#10230,#10231,#10232,#10233),
 .UNSPECIFIED.,.F.,.F.,(4,4),(-1.,0.),.UNSPECIFIED.);
#1273=B_SPLINE_CURVE_WITH_KNOTS('',3,(#10250,#10251,#10252,#10253),
 .UNSPECIFIED.,.F.,.F.,(4,4),(-1.,0.),.UNSPECIFIED.);
#1274=B_SPLINE_CURVE_WITH_KNOTS('',3,(#10268,#10269,#10270,#10271),
 .UNSPECIFIED.,.F.,.F.,(4,4),(-1.,0.),.UNSPECIFIED.);
#1275=B_SPLINE_CURVE_WITH_KNOTS('',3,(#10286,#10287,#10288,#10289),
 .UNSPECIFIED.,.F.,.F.,(4,4),(-1.,0.),.UNSPECIFIED.);
#1276=B_SPLINE_CURVE_WITH_KNOTS('',3,(#10302,#10303,#10304,#10305),
 .UNSPECIFIED.,.F.,.F.,(4,4),(-1.,0.),.UNSPECIFIED.);
#1277=B_SPLINE_CURVE_WITH_KNOTS('',3,(#10322,#10323,#10324,#10325),
 .UNSPECIFIED.,.F.,.F.,(4,4),(-1.,0.),.UNSPECIFIED.);
#1278=B_SPLINE_CURVE_WITH_KNOTS('',3,(#10336,#10337,#10338,#10339),
 .UNSPECIFIED.,.F.,.F.,(4,4),(-1.,0.),.UNSPECIFIED.);
#1279=B_SPLINE_CURVE_WITH_KNOTS('',3,(#10354,#10355,#10356,#10357),
 .UNSPECIFIED.,.F.,.F.,(4,4),(-1.,0.),.UNSPECIFIED.);
#1280=B_SPLINE_CURVE_WITH_KNOTS('',3,(#10368,#10369,#10370,#10371),
 .UNSPECIFIED.,.F.,.F.,(4,4),(-1.,0.),.UNSPECIFIED.);
#1281=B_SPLINE_CURVE_WITH_KNOTS('',3,(#10386,#10387,#10388,#10389),
 .UNSPECIFIED.,.F.,.F.,(4,4),(-1.,0.),.UNSPECIFIED.);
#1282=B_SPLINE_CURVE_WITH_KNOTS('',3,(#10400,#10401,#10402,#10403),
 .UNSPECIFIED.,.F.,.F.,(4,4),(-1.,0.),.UNSPECIFIED.);
#1283=B_SPLINE_CURVE_WITH_KNOTS('',3,(#10418,#10419,#10420,#10421),
 .UNSPECIFIED.,.F.,.F.,(4,4),(-1.,0.),.UNSPECIFIED.);
#1284=B_SPLINE_CURVE_WITH_KNOTS('',3,(#10430,#10431,#10432,#10433),
 .UNSPECIFIED.,.F.,.F.,(4,4),(-1.,0.),.UNSPECIFIED.);
#1285=B_SPLINE_CURVE_WITH_KNOTS('',3,(#10450,#10451,#10452,#10453),
 .UNSPECIFIED.,.F.,.F.,(4,4),(-1.,0.),.UNSPECIFIED.);
#1286=B_SPLINE_CURVE_WITH_KNOTS('',3,(#10464,#10465,#10466,#10467),
 .UNSPECIFIED.,.F.,.F.,(4,4),(-1.,0.),.UNSPECIFIED.);
#1287=B_SPLINE_CURVE_WITH_KNOTS('',3,(#10482,#10483,#10484,#10485),
 .UNSPECIFIED.,.F.,.F.,(4,4),(-1.,0.),.UNSPECIFIED.);
#1288=B_SPLINE_CURVE_WITH_KNOTS('',3,(#10496,#10497,#10498,#10499),
 .UNSPECIFIED.,.F.,.F.,(4,4),(-1.,0.),.UNSPECIFIED.);
#1289=B_SPLINE_CURVE_WITH_KNOTS('',3,(#10514,#10515,#10516,#10517),
 .UNSPECIFIED.,.F.,.F.,(4,4),(-1.,0.),.UNSPECIFIED.);
#1290=B_SPLINE_CURVE_WITH_KNOTS('',3,(#10528,#10529,#10530,#10531),
 .UNSPECIFIED.,.F.,.F.,(4,4),(-1.,0.),.UNSPECIFIED.);
#1291=B_SPLINE_CURVE_WITH_KNOTS('',3,(#10546,#10547,#10548,#10549),
 .UNSPECIFIED.,.F.,.F.,(4,4),(-1.,0.),.UNSPECIFIED.);
#1292=B_SPLINE_CURVE_WITH_KNOTS('',3,(#10558,#10559,#10560,#10561),
 .UNSPECIFIED.,.F.,.F.,(4,4),(-1.,0.),.UNSPECIFIED.);
#1293=B_SPLINE_CURVE_WITH_KNOTS('',3,(#10586,#10587,#10588,#10589),
 .UNSPECIFIED.,.F.,.F.,(4,4),(-1.,0.),.UNSPECIFIED.);
#1294=B_SPLINE_CURVE_WITH_KNOTS('',3,(#10600,#10601,#10602,#10603),
 .UNSPECIFIED.,.F.,.F.,(4,4),(-1.,0.),.UNSPECIFIED.);
#1295=B_SPLINE_CURVE_WITH_KNOTS('',3,(#10618,#10619,#10620,#10621),
 .UNSPECIFIED.,.F.,.F.,(4,4),(-1.,0.),.UNSPECIFIED.);
#1296=B_SPLINE_CURVE_WITH_KNOTS('',3,(#10632,#10633,#10634,#10635),
 .UNSPECIFIED.,.F.,.F.,(4,4),(-1.,0.),.UNSPECIFIED.);
#1297=B_SPLINE_CURVE_WITH_KNOTS('',3,(#10650,#10651,#10652,#10653),
 .UNSPECIFIED.,.F.,.F.,(4,4),(-1.,0.),.UNSPECIFIED.);
#1298=B_SPLINE_CURVE_WITH_KNOTS('',3,(#10664,#10665,#10666,#10667),
 .UNSPECIFIED.,.F.,.F.,(4,4),(-1.,0.),.UNSPECIFIED.);
#1299=B_SPLINE_CURVE_WITH_KNOTS('',3,(#10682,#10683,#10684,#10685),
 .UNSPECIFIED.,.F.,.F.,(4,4),(-1.,0.),.UNSPECIFIED.);
#1300=B_SPLINE_CURVE_WITH_KNOTS('',3,(#10694,#10695,#10696,#10697),
 .UNSPECIFIED.,.F.,.F.,(4,4),(-1.,0.),.UNSPECIFIED.);
#1301=B_SPLINE_CURVE_WITH_KNOTS('',3,(#10714,#10715,#10716,#10717),
 .UNSPECIFIED.,.F.,.F.,(4,4),(-1.,0.),.UNSPECIFIED.);
#1302=B_SPLINE_CURVE_WITH_KNOTS('',3,(#10728,#10729,#10730,#10731),
 .UNSPECIFIED.,.F.,.F.,(4,4),(-1.,0.),.UNSPECIFIED.);
#1303=B_SPLINE_CURVE_WITH_KNOTS('',3,(#10746,#10747,#10748,#10749),
 .UNSPECIFIED.,.F.,.F.,(4,4),(-1.,0.),.UNSPECIFIED.);
#1304=B_SPLINE_CURVE_WITH_KNOTS('',3,(#10760,#10761,#10762,#10763),
 .UNSPECIFIED.,.F.,.F.,(4,4),(-1.,0.),.UNSPECIFIED.);
#1305=B_SPLINE_CURVE_WITH_KNOTS('',3,(#10778,#10779,#10780,#10781),
 .UNSPECIFIED.,.F.,.F.,(4,4),(-1.,0.),.UNSPECIFIED.);
#1306=B_SPLINE_CURVE_WITH_KNOTS('',3,(#10792,#10793,#10794,#10795),
 .UNSPECIFIED.,.F.,.F.,(4,4),(-1.,0.),.UNSPECIFIED.);
#1307=B_SPLINE_CURVE_WITH_KNOTS('',3,(#10810,#10811,#10812,#10813),
 .UNSPECIFIED.,.F.,.F.,(4,4),(-1.,0.),.UNSPECIFIED.);
#1308=B_SPLINE_CURVE_WITH_KNOTS('',3,(#10822,#10823,#10824,#10825),
 .UNSPECIFIED.,.F.,.F.,(4,4),(-1.,0.),.UNSPECIFIED.);
#1309=B_SPLINE_CURVE_WITH_KNOTS('',3,(#10842,#10843,#10844,#10845),
 .UNSPECIFIED.,.F.,.F.,(4,4),(-1.,0.),.UNSPECIFIED.);
#1310=B_SPLINE_CURVE_WITH_KNOTS('',3,(#10856,#10857,#10858,#10859),
 .UNSPECIFIED.,.F.,.F.,(4,4),(-1.,0.),.UNSPECIFIED.);
#1311=B_SPLINE_CURVE_WITH_KNOTS('',3,(#10874,#10875,#10876,#10877),
 .UNSPECIFIED.,.F.,.F.,(4,4),(-1.,0.),.UNSPECIFIED.);
#1312=B_SPLINE_CURVE_WITH_KNOTS('',3,(#10888,#10889,#10890,#10891),
 .UNSPECIFIED.,.F.,.F.,(4,4),(-1.,0.),.UNSPECIFIED.);
#1313=B_SPLINE_CURVE_WITH_KNOTS('',3,(#10906,#10907,#10908,#10909),
 .UNSPECIFIED.,.F.,.F.,(4,4),(-1.,0.),.UNSPECIFIED.);
#1314=B_SPLINE_CURVE_WITH_KNOTS('',3,(#10920,#10921,#10922,#10923),
 .UNSPECIFIED.,.F.,.F.,(4,4),(-1.,0.),.UNSPECIFIED.);
#1315=B_SPLINE_CURVE_WITH_KNOTS('',3,(#10938,#10939,#10940,#10941),
 .UNSPECIFIED.,.F.,.F.,(4,4),(-1.,0.),.UNSPECIFIED.);
#1316=B_SPLINE_CURVE_WITH_KNOTS('',3,(#10950,#10951,#10952,#10953),
 .UNSPECIFIED.,.F.,.F.,(4,4),(-1.,0.),.UNSPECIFIED.);
#1317=B_SPLINE_CURVE_WITH_KNOTS('',3,(#10970,#10971,#10972,#10973),
 .UNSPECIFIED.,.F.,.F.,(4,4),(-1.,0.),.UNSPECIFIED.);
#1318=B_SPLINE_CURVE_WITH_KNOTS('',3,(#10984,#10985,#10986,#10987),
 .UNSPECIFIED.,.F.,.F.,(4,4),(-1.,0.),.UNSPECIFIED.);
#1319=B_SPLINE_CURVE_WITH_KNOTS('',3,(#11002,#11003,#11004,#11005),
 .UNSPECIFIED.,.F.,.F.,(4,4),(-1.,0.),.UNSPECIFIED.);
#1320=B_SPLINE_CURVE_WITH_KNOTS('',3,(#11016,#11017,#11018,#11019),
 .UNSPECIFIED.,.F.,.F.,(4,4),(-1.,0.),.UNSPECIFIED.);
#1321=B_SPLINE_CURVE_WITH_KNOTS('',3,(#11034,#11035,#11036,#11037),
 .UNSPECIFIED.,.F.,.F.,(4,4),(-1.,0.),.UNSPECIFIED.);
#1322=B_SPLINE_CURVE_WITH_KNOTS('',3,(#11048,#11049,#11050,#11051),
 .UNSPECIFIED.,.F.,.F.,(4,4),(-1.,0.),.UNSPECIFIED.);
#1323=B_SPLINE_CURVE_WITH_KNOTS('',3,(#11066,#11067,#11068,#11069),
 .UNSPECIFIED.,.F.,.F.,(4,4),(-1.,0.),.UNSPECIFIED.);
#1324=B_SPLINE_CURVE_WITH_KNOTS('',3,(#11078,#11079,#11080,#11081),
 .UNSPECIFIED.,.F.,.F.,(4,4),(-1.,0.),.UNSPECIFIED.);
#1325=B_SPLINE_CURVE_WITH_KNOTS('',3,(#11098,#11099,#11100,#11101),
 .UNSPECIFIED.,.F.,.F.,(4,4),(-1.,0.),.UNSPECIFIED.);
#1326=B_SPLINE_CURVE_WITH_KNOTS('',3,(#11112,#11113,#11114,#11115),
 .UNSPECIFIED.,.F.,.F.,(4,4),(-1.,0.),.UNSPECIFIED.);
#1327=B_SPLINE_CURVE_WITH_KNOTS('',3,(#11130,#11131,#11132,#11133),
 .UNSPECIFIED.,.F.,.F.,(4,4),(-1.,0.),.UNSPECIFIED.);
#1328=B_SPLINE_CURVE_WITH_KNOTS('',3,(#11144,#11145,#11146,#11147),
 .UNSPECIFIED.,.F.,.F.,(4,4),(-1.,0.),.UNSPECIFIED.);
#1329=B_SPLINE_CURVE_WITH_KNOTS('',3,(#11162,#11163,#11164,#11165),
 .UNSPECIFIED.,.F.,.F.,(4,4),(-1.,0.),.UNSPECIFIED.);
#1330=B_SPLINE_CURVE_WITH_KNOTS('',3,(#11176,#11177,#11178,#11179),
 .UNSPECIFIED.,.F.,.F.,(4,4),(-1.,0.),.UNSPECIFIED.);
#1331=B_SPLINE_CURVE_WITH_KNOTS('',3,(#11194,#11195,#11196,#11197),
 .UNSPECIFIED.,.F.,.F.,(4,4),(-1.,0.),.UNSPECIFIED.);
#1332=B_SPLINE_CURVE_WITH_KNOTS('',3,(#11206,#11207,#11208,#11209),
 .UNSPECIFIED.,.F.,.F.,(4,4),(-1.,0.),.UNSPECIFIED.);
#1333=B_SPLINE_CURVE_WITH_KNOTS('',3,(#11230,#11231,#11232,#11233),
 .UNSPECIFIED.,.F.,.F.,(4,4),(-1.,0.),.UNSPECIFIED.);
#1334=B_SPLINE_CURVE_WITH_KNOTS('',3,(#11244,#11245,#11246,#11247),
 .UNSPECIFIED.,.F.,.F.,(4,4),(-1.,0.),.UNSPECIFIED.);
#1335=B_SPLINE_CURVE_WITH_KNOTS('',3,(#11262,#11263,#11264,#11265),
 .UNSPECIFIED.,.F.,.F.,(4,4),(-1.,0.),.UNSPECIFIED.);
#1336=B_SPLINE_CURVE_WITH_KNOTS('',3,(#11276,#11277,#11278,#11279),
 .UNSPECIFIED.,.F.,.F.,(4,4),(-1.,0.),.UNSPECIFIED.);
#1337=B_SPLINE_CURVE_WITH_KNOTS('',3,(#11294,#11295,#11296,#11297),
 .UNSPECIFIED.,.F.,.F.,(4,4),(-1.,0.),.UNSPECIFIED.);
#1338=B_SPLINE_CURVE_WITH_KNOTS('',3,(#11308,#11309,#11310,#11311),
 .UNSPECIFIED.,.F.,.F.,(4,4),(-1.,0.),.UNSPECIFIED.);
#1339=B_SPLINE_CURVE_WITH_KNOTS('',3,(#11326,#11327,#11328,#11329),
 .UNSPECIFIED.,.F.,.F.,(4,4),(-1.,0.),.UNSPECIFIED.);
#1340=B_SPLINE_CURVE_WITH_KNOTS('',3,(#11338,#11339,#11340,#11341),
 .UNSPECIFIED.,.F.,.F.,(4,4),(-1.,0.),.UNSPECIFIED.);
#1341=B_SPLINE_CURVE_WITH_KNOTS('',3,(#11362,#11363,#11364,#11365),
 .UNSPECIFIED.,.F.,.F.,(4,4),(-1.,0.),.UNSPECIFIED.);
#1342=B_SPLINE_CURVE_WITH_KNOTS('',3,(#11376,#11377,#11378,#11379),
 .UNSPECIFIED.,.F.,.F.,(4,4),(-1.,0.),.UNSPECIFIED.);
#1343=B_SPLINE_CURVE_WITH_KNOTS('',3,(#11394,#11395,#11396,#11397),
 .UNSPECIFIED.,.F.,.F.,(4,4),(-1.,0.),.UNSPECIFIED.);
#1344=B_SPLINE_CURVE_WITH_KNOTS('',3,(#11408,#11409,#11410,#11411),
 .UNSPECIFIED.,.F.,.F.,(4,4),(-1.,0.),.UNSPECIFIED.);
#1345=B_SPLINE_CURVE_WITH_KNOTS('',3,(#11426,#11427,#11428,#11429),
 .UNSPECIFIED.,.F.,.F.,(4,4),(-1.,0.),.UNSPECIFIED.);
#1346=B_SPLINE_CURVE_WITH_KNOTS('',3,(#11440,#11441,#11442,#11443),
 .UNSPECIFIED.,.F.,.F.,(4,4),(-1.,0.),.UNSPECIFIED.);
#1347=B_SPLINE_CURVE_WITH_KNOTS('',3,(#11458,#11459,#11460,#11461),
 .UNSPECIFIED.,.F.,.F.,(4,4),(-1.,0.),.UNSPECIFIED.);
#1348=B_SPLINE_CURVE_WITH_KNOTS('',3,(#11470,#11471,#11472,#11473),
 .UNSPECIFIED.,.F.,.F.,(4,4),(-1.,0.),.UNSPECIFIED.);
#1349=B_SPLINE_CURVE_WITH_KNOTS('',3,(#11490,#11491,#11492,#11493),
 .UNSPECIFIED.,.F.,.F.,(4,4),(-1.,0.),.UNSPECIFIED.);
#1350=B_SPLINE_CURVE_WITH_KNOTS('',3,(#11504,#11505,#11506,#11507),
 .UNSPECIFIED.,.F.,.F.,(4,4),(-1.,0.),.UNSPECIFIED.);
#1351=B_SPLINE_CURVE_WITH_KNOTS('',3,(#11522,#11523,#11524,#11525),
 .UNSPECIFIED.,.F.,.F.,(4,4),(-1.,0.),.UNSPECIFIED.);
#1352=B_SPLINE_CURVE_WITH_KNOTS('',3,(#11536,#11537,#11538,#11539),
 .UNSPECIFIED.,.F.,.F.,(4,4),(-1.,0.),.UNSPECIFIED.);
#1353=B_SPLINE_CURVE_WITH_KNOTS('',3,(#11554,#11555,#11556,#11557),
 .UNSPECIFIED.,.F.,.F.,(4,4),(-1.,0.),.UNSPECIFIED.);
#1354=B_SPLINE_CURVE_WITH_KNOTS('',3,(#11568,#11569,#11570,#11571),
 .UNSPECIFIED.,.F.,.F.,(4,4),(-1.,0.),.UNSPECIFIED.);
#1355=B_SPLINE_CURVE_WITH_KNOTS('',3,(#11586,#11587,#11588,#11589),
 .UNSPECIFIED.,.F.,.F.,(4,4),(-1.,0.),.UNSPECIFIED.);
#1356=B_SPLINE_CURVE_WITH_KNOTS('',3,(#11598,#11599,#11600,#11601),
 .UNSPECIFIED.,.F.,.F.,(4,4),(-1.,0.),.UNSPECIFIED.);
#1357=B_SPLINE_CURVE_WITH_KNOTS('',3,(#11618,#11619,#11620,#11621),
 .UNSPECIFIED.,.F.,.F.,(4,4),(-1.,0.),.UNSPECIFIED.);
#1358=B_SPLINE_CURVE_WITH_KNOTS('',3,(#11632,#11633,#11634,#11635),
 .UNSPECIFIED.,.F.,.F.,(4,4),(-1.,0.),.UNSPECIFIED.);
#1359=B_SPLINE_CURVE_WITH_KNOTS('',3,(#11650,#11651,#11652,#11653),
 .UNSPECIFIED.,.F.,.F.,(4,4),(-1.,0.),.UNSPECIFIED.);
#1360=B_SPLINE_CURVE_WITH_KNOTS('',3,(#11664,#11665,#11666,#11667),
 .UNSPECIFIED.,.F.,.F.,(4,4),(-1.,0.),.UNSPECIFIED.);
#1361=B_SPLINE_CURVE_WITH_KNOTS('',3,(#11682,#11683,#11684,#11685),
 .UNSPECIFIED.,.F.,.F.,(4,4),(-1.,0.),.UNSPECIFIED.);
#1362=B_SPLINE_CURVE_WITH_KNOTS('',3,(#11696,#11697,#11698,#11699),
 .UNSPECIFIED.,.F.,.F.,(4,4),(-1.,0.),.UNSPECIFIED.);
#1363=B_SPLINE_CURVE_WITH_KNOTS('',3,(#11714,#11715,#11716,#11717),
 .UNSPECIFIED.,.F.,.F.,(4,4),(-1.,0.),.UNSPECIFIED.);
#1364=B_SPLINE_CURVE_WITH_KNOTS('',3,(#11726,#11727,#11728,#11729),
 .UNSPECIFIED.,.F.,.F.,(4,4),(-1.,0.),.UNSPECIFIED.);
#1365=B_SPLINE_CURVE_WITH_KNOTS('',3,(#11754,#11755,#11756,#11757),
 .UNSPECIFIED.,.F.,.F.,(4,4),(-1.,0.),.UNSPECIFIED.);
#1366=B_SPLINE_CURVE_WITH_KNOTS('',3,(#11768,#11769,#11770,#11771),
 .UNSPECIFIED.,.F.,.F.,(4,4),(-1.,0.),.UNSPECIFIED.);
#1367=B_SPLINE_CURVE_WITH_KNOTS('',3,(#11786,#11787,#11788,#11789),
 .UNSPECIFIED.,.F.,.F.,(4,4),(-1.,0.),.UNSPECIFIED.);
#1368=B_SPLINE_CURVE_WITH_KNOTS('',3,(#11800,#11801,#11802,#11803),
 .UNSPECIFIED.,.F.,.F.,(4,4),(-1.,0.),.UNSPECIFIED.);
#1369=B_SPLINE_CURVE_WITH_KNOTS('',3,(#11818,#11819,#11820,#11821),
 .UNSPECIFIED.,.F.,.F.,(4,4),(-1.,0.),.UNSPECIFIED.);
#1370=B_SPLINE_CURVE_WITH_KNOTS('',3,(#11832,#11833,#11834,#11835),
 .UNSPECIFIED.,.F.,.F.,(4,4),(-1.,0.),.UNSPECIFIED.);
#1371=B_SPLINE_CURVE_WITH_KNOTS('',3,(#11850,#11851,#11852,#11853),
 .UNSPECIFIED.,.F.,.F.,(4,4),(-1.,0.),.UNSPECIFIED.);
#1372=B_SPLINE_CURVE_WITH_KNOTS('',3,(#11862,#11863,#11864,#11865),
 .UNSPECIFIED.,.F.,.F.,(4,4),(-1.,0.),.UNSPECIFIED.);
#1373=B_SPLINE_CURVE_WITH_KNOTS('',3,(#11882,#11883,#11884,#11885),
 .UNSPECIFIED.,.F.,.F.,(4,4),(-1.,0.),.UNSPECIFIED.);
#1374=B_SPLINE_CURVE_WITH_KNOTS('',3,(#11900,#11901,#11902,#11903),
 .UNSPECIFIED.,.F.,.F.,(4,4),(-1.,0.),.UNSPECIFIED.);
#1375=B_SPLINE_CURVE_WITH_KNOTS('',3,(#11918,#11919,#11920,#11921),
 .UNSPECIFIED.,.F.,.F.,(4,4),(-1.,0.),.UNSPECIFIED.);
#1376=B_SPLINE_CURVE_WITH_KNOTS('',3,(#11934,#11935,#11936,#11937),
 .UNSPECIFIED.,.F.,.F.,(4,4),(-1.,0.),.UNSPECIFIED.);
#1377=B_SPLINE_CURVE_WITH_KNOTS('',3,(#11974,#11975,#11976,#11977),
 .UNSPECIFIED.,.F.,.F.,(4,4),(-1.,0.),.UNSPECIFIED.);
#1378=B_SPLINE_CURVE_WITH_KNOTS('',3,(#11988,#11989,#11990,#11991),
 .UNSPECIFIED.,.F.,.F.,(4,4),(-1.,0.),.UNSPECIFIED.);
#1379=B_SPLINE_CURVE_WITH_KNOTS('',3,(#12006,#12007,#12008,#12009),
 .UNSPECIFIED.,.F.,.F.,(4,4),(-1.,0.),.UNSPECIFIED.);
#1380=B_SPLINE_CURVE_WITH_KNOTS('',3,(#12020,#12021,#12022,#12023),
 .UNSPECIFIED.,.F.,.F.,(4,4),(-1.,0.),.UNSPECIFIED.);
#1381=B_SPLINE_CURVE_WITH_KNOTS('',3,(#12038,#12039,#12040,#12041),
 .UNSPECIFIED.,.F.,.F.,(4,4),(-1.,0.),.UNSPECIFIED.);
#1382=B_SPLINE_CURVE_WITH_KNOTS('',3,(#12052,#12053,#12054,#12055),
 .UNSPECIFIED.,.F.,.F.,(4,4),(-1.,0.),.UNSPECIFIED.);
#1383=B_SPLINE_CURVE_WITH_KNOTS('',3,(#12070,#12071,#12072,#12073),
 .UNSPECIFIED.,.F.,.F.,(4,4),(-1.,0.),.UNSPECIFIED.);
#1384=B_SPLINE_CURVE_WITH_KNOTS('',3,(#12082,#12083,#12084,#12085),
 .UNSPECIFIED.,.F.,.F.,(4,4),(-1.,0.),.UNSPECIFIED.);
#1385=B_SPLINE_CURVE_WITH_KNOTS('',3,(#12102,#12103,#12104,#12105),
 .UNSPECIFIED.,.F.,.F.,(4,4),(-1.,0.),.UNSPECIFIED.);
#1386=B_SPLINE_CURVE_WITH_KNOTS('',3,(#12116,#12117,#12118,#12119),
 .UNSPECIFIED.,.F.,.F.,(4,4),(-1.,0.),.UNSPECIFIED.);
#1387=B_SPLINE_CURVE_WITH_KNOTS('',3,(#12134,#12135,#12136,#12137),
 .UNSPECIFIED.,.F.,.F.,(4,4),(-1.,0.),.UNSPECIFIED.);
#1388=B_SPLINE_CURVE_WITH_KNOTS('',3,(#12148,#12149,#12150,#12151),
 .UNSPECIFIED.,.F.,.F.,(4,4),(-1.,0.),.UNSPECIFIED.);
#1389=B_SPLINE_CURVE_WITH_KNOTS('',3,(#12166,#12167,#12168,#12169),
 .UNSPECIFIED.,.F.,.F.,(4,4),(-1.,0.),.UNSPECIFIED.);
#1390=B_SPLINE_CURVE_WITH_KNOTS('',3,(#12180,#12181,#12182,#12183),
 .UNSPECIFIED.,.F.,.F.,(4,4),(-1.,0.),.UNSPECIFIED.);
#1391=B_SPLINE_CURVE_WITH_KNOTS('',3,(#12198,#12199,#12200,#12201),
 .UNSPECIFIED.,.F.,.F.,(4,4),(-1.,0.),.UNSPECIFIED.);
#1392=B_SPLINE_CURVE_WITH_KNOTS('',3,(#12210,#12211,#12212,#12213),
 .UNSPECIFIED.,.F.,.F.,(4,4),(-1.,0.),.UNSPECIFIED.);
#1393=B_SPLINE_CURVE_WITH_KNOTS('',3,(#12397,#12398,#12399,#12400,#12401,
#12402,#12403,#12404,#12405,#12406,#12407,#12408,#12409),.UNSPECIFIED.,
 .F.,.F.,(4,3,3,3,4),(3.45164082176507E-5,0.70684845590965,0.971693730336574,
1.00002272748532,1.00007954556487),.UNSPECIFIED.);
#1394=B_SPLINE_CURVE_WITH_KNOTS('',3,(#12412,#12413,#12414,#12415,#12416,
#12417,#12418,#12419,#12420,#12421,#12422,#12423,#12424),.UNSPECIFIED.,
 .F.,.F.,(4,3,3,3,4),(3.45164082176507E-5,0.70684845590965,0.971693730336574,
1.00002272748532,1.00007954556487),.UNSPECIFIED.);
#1395=B_SPLINE_CURVE_WITH_KNOTS('',3,(#12452,#12453,#12454,#12455,#12456,
#12457,#12458,#12459,#12460,#12461),.UNSPECIFIED.,.F.,.F.,(4,3,3,4),(-3.39804640284874E-5,
-1.35928064615985E-5,0.0349254516563535,0.999988289559876),
 .UNSPECIFIED.);
#1396=B_SPLINE_CURVE_WITH_KNOTS('',3,(#12464,#12465,#12466,#12467,#12468,
#12469,#12470,#12471,#12472,#12473),.UNSPECIFIED.,.F.,.F.,(4,3,3,4),(-3.39804640284874E-5,
-1.35928064615985E-5,0.0349254516563535,0.999988289559876),
 .UNSPECIFIED.);
#1397=B_SPLINE_CURVE_WITH_KNOTS('',3,(#12501,#12502,#12503,#12504),
 .UNSPECIFIED.,.F.,.F.,(4,4),(0.,1.),.UNSPECIFIED.);
#1398=B_SPLINE_CURVE_WITH_KNOTS('',3,(#12507,#12508,#12509,#12510),
 .UNSPECIFIED.,.F.,.F.,(4,4),(0.,1.),.UNSPECIFIED.);
#1399=B_SPLINE_CURVE_WITH_KNOTS('',3,(#12520,#12521,#12522,#12523),
 .UNSPECIFIED.,.F.,.F.,(4,4),(0.0377846264041371,1.),.UNSPECIFIED.);
#1400=B_SPLINE_CURVE_WITH_KNOTS('',3,(#12526,#12527,#12528,#12529),
 .UNSPECIFIED.,.F.,.F.,(4,4),(0.0377846264041371,1.),.UNSPECIFIED.);
#1401=B_SPLINE_CURVE_WITH_KNOTS('',3,(#12569,#12570,#12571,#12572,#12573,
#12574,#12575,#12576,#12577,#12578,#12579,#12580,#12581,#12582,#12583,#12584),
 .UNSPECIFIED.,.F.,.F.,(4,3,3,3,3,4),(3.69928870178328E-5,0.519267089071726,
0.846747249654439,0.957720444780622,1.00002065074662,1.00007227850429),
 .UNSPECIFIED.);
#1402=B_SPLINE_CURVE_WITH_KNOTS('',3,(#12587,#12588,#12589,#12590,#12591,
#12592,#12593,#12594,#12595,#12596,#12597,#12598,#12599,#12600,#12601,#12602),
 .UNSPECIFIED.,.F.,.F.,(4,3,3,3,3,4),(3.69928870178328E-5,0.519267089071726,
0.846747249654439,0.957720444780622,1.00002065074662,1.00007227850429),
 .UNSPECIFIED.);
#1403=B_SPLINE_CURVE_WITH_KNOTS('',3,(#12624,#12625,#12626,#12627,#12628,
#12629,#12630),.UNSPECIFIED.,.F.,.F.,(4,3,4),(-2.98902015304013E-5,0.,0.999993677524722),
 .UNSPECIFIED.);
#1404=B_SPLINE_CURVE_WITH_KNOTS('',3,(#12633,#12634,#12635,#12636,#12637,
#12638,#12639),.UNSPECIFIED.,.F.,.F.,(4,3,4),(-2.98902015304013E-5,0.,0.999993677524722),
 .UNSPECIFIED.);
#1405=B_SPLINE_CURVE_WITH_KNOTS('',3,(#12655,#12656,#12657,#12658),
 .UNSPECIFIED.,.F.,.F.,(4,4),(1.01969294412114E-6,1.00000000020105),
 .UNSPECIFIED.);
#1406=B_SPLINE_CURVE_WITH_KNOTS('',3,(#12661,#12662,#12663,#12664),
 .UNSPECIFIED.,.F.,.F.,(4,4),(1.01969294412114E-6,1.00000000020105),
 .UNSPECIFIED.);
#1407=B_SPLINE_CURVE_WITH_KNOTS('',3,(#12686,#12687,#12688,#12689,#12690,
#12691,#12692),.UNSPECIFIED.,.F.,.F.,(4,3,4),(4.99883453368731E-6,0.775053181841705,
0.999999999967033),.UNSPECIFIED.);
#1408=B_SPLINE_CURVE_WITH_KNOTS('',3,(#12695,#12696,#12697,#12698,#12699,
#12700,#12701),.UNSPECIFIED.,.F.,.F.,(4,3,4),(4.99883453368731E-6,0.775053181841705,
0.999999999967033),.UNSPECIFIED.);
#1409=B_SPLINE_CURVE_WITH_KNOTS('',3,(#12717,#12718,#12719,#12720),
 .UNSPECIFIED.,.F.,.F.,(4,4),(2.03959044917026E-6,1.),.UNSPECIFIED.);
#1410=B_SPLINE_CURVE_WITH_KNOTS('',3,(#12723,#12724,#12725,#12726),
 .UNSPECIFIED.,.F.,.F.,(4,4),(2.03959044917026E-6,1.),.UNSPECIFIED.);
#1411=B_SPLINE_CURVE_WITH_KNOTS('',3,(#12753,#12754,#12755,#12756,#12757,
#12758,#12759,#12760,#12761,#12762),.UNSPECIFIED.,.F.,.F.,(4,3,3,4),(-0.000117248709927067,
-3.3501839221483E-5,0.102089919841851,0.99998092992167),.UNSPECIFIED.);
#1412=B_SPLINE_CURVE_WITH_KNOTS('',3,(#12763,#12764,#12765,#12766,#12767,
#12768,#12769,#12770,#12771,#12772),.UNSPECIFIED.,.F.,.F.,(4,3,3,4),(-0.000117248709927067,
-3.34993242742032E-5,0.102089922099967,0.999980929921669),.UNSPECIFIED.);
#1413=LINE('',#7692,#1973);
#1414=LINE('',#7694,#1974);
#1415=LINE('',#7696,#1975);
#1416=LINE('',#7703,#1976);
#1417=LINE('',#7713,#1977);
#1418=LINE('',#7723,#1978);
#1419=LINE('',#7733,#1979);
#1420=LINE('',#7740,#1980);
#1421=LINE('',#7747,#1981);
#1422=LINE('',#7754,#1982);
#1423=LINE('',#7761,#1983);
#1424=LINE('',#7771,#1984);
#1425=LINE('',#7785,#1985);
#1426=LINE('',#7787,#1986);
#1427=LINE('',#7789,#1987);
#1428=LINE('',#7803,#1988);
#1429=LINE('',#7822,#1989);
#1430=LINE('',#7832,#1990);
#1431=LINE('',#7839,#1991);
#1432=LINE('',#7849,#1992);
#1433=LINE('',#7856,#1993);
#1434=LINE('',#7869,#1994);
#1435=LINE('',#7885,#1995);
#1436=LINE('',#7897,#1996);
#1437=LINE('',#7900,#1997);
#1438=LINE('',#7902,#1998);
#1439=LINE('',#7903,#1999);
#1440=LINE('',#7906,#2000);
#1441=LINE('',#7908,#2001);
#1442=LINE('',#7909,#2002);
#1443=LINE('',#7911,#2003);
#1444=LINE('',#7912,#2004);
#1445=LINE('',#7915,#2005);
#1446=LINE('',#7917,#2006);
#1447=LINE('',#7919,#2007);
#1448=LINE('',#7921,#2008);
#1449=LINE('',#7923,#2009);
#1450=LINE('',#7925,#2010);
#1451=LINE('',#7926,#2011);
#1452=LINE('',#7930,#2012);
#1453=LINE('',#7931,#2013);
#1454=LINE('',#7932,#2014);
#1455=LINE('',#7937,#2015);
#1456=LINE('',#7944,#2016);
#1457=LINE('',#7947,#2017);
#1458=LINE('',#7949,#2018);
#1459=LINE('',#7960,#2019);
#1460=LINE('',#7972,#2020);
#1461=LINE('',#7981,#2021);
#1462=LINE('',#7989,#2022);
#1463=LINE('',#7997,#2023);
#1464=LINE('',#8010,#2024);
#1465=LINE('',#8021,#2025);
#1466=LINE('',#8034,#2026);
#1467=LINE('',#8061,#2027);
#1468=LINE('',#8063,#2028);
#1469=LINE('',#8065,#2029);
#1470=LINE('',#8067,#2030);
#1471=LINE('',#8069,#2031);
#1472=LINE('',#8070,#2032);
#1473=LINE('',#8083,#2033);
#1474=LINE('',#8095,#2034);
#1475=LINE('',#8107,#2035);
#1476=LINE('',#8118,#2036);
#1477=LINE('',#8131,#2037);
#1478=LINE('',#8143,#2038);
#1479=LINE('',#8155,#2039);
#1480=LINE('',#8166,#2040);
#1481=LINE('',#8174,#2041);
#1482=LINE('',#8181,#2042);
#1483=LINE('',#8188,#2043);
#1484=LINE('',#8194,#2044);
#1485=LINE('',#8207,#2045);
#1486=LINE('',#8219,#2046);
#1487=LINE('',#8231,#2047);
#1488=LINE('',#8242,#2048);
#1489=LINE('',#8255,#2049);
#1490=LINE('',#8267,#2050);
#1491=LINE('',#8279,#2051);
#1492=LINE('',#8290,#2052);
#1493=LINE('',#8307,#2053);
#1494=LINE('',#8319,#2054);
#1495=LINE('',#8331,#2055);
#1496=LINE('',#8342,#2056);
#1497=LINE('',#8355,#2057);
#1498=LINE('',#8367,#2058);
#1499=LINE('',#8379,#2059);
#1500=LINE('',#8390,#2060);
#1501=LINE('',#8403,#2061);
#1502=LINE('',#8415,#2062);
#1503=LINE('',#8427,#2063);
#1504=LINE('',#8438,#2064);
#1505=LINE('',#8451,#2065);
#1506=LINE('',#8463,#2066);
#1507=LINE('',#8475,#2067);
#1508=LINE('',#8486,#2068);
#1509=LINE('',#8499,#2069);
#1510=LINE('',#8511,#2070);
#1511=LINE('',#8523,#2071);
#1512=LINE('',#8534,#2072);
#1513=LINE('',#8549,#2073);
#1514=LINE('',#8561,#2074);
#1515=LINE('',#8573,#2075);
#1516=LINE('',#8584,#2076);
#1517=LINE('',#8599,#2077);
#1518=LINE('',#8611,#2078);
#1519=LINE('',#8623,#2079);
#1520=LINE('',#8634,#2080);
#1521=LINE('',#8647,#2081);
#1522=LINE('',#8659,#2082);
#1523=LINE('',#8671,#2083);
#1524=LINE('',#8682,#2084);
#1525=LINE('',#8695,#2085);
#1526=LINE('',#8707,#2086);
#1527=LINE('',#8719,#2087);
#1528=LINE('',#8730,#2088);
#1529=LINE('',#8747,#2089);
#1530=LINE('',#8759,#2090);
#1531=LINE('',#8771,#2091);
#1532=LINE('',#8782,#2092);
#1533=LINE('',#8790,#2093);
#1534=LINE('',#8797,#2094);
#1535=LINE('',#8804,#2095);
#1536=LINE('',#8810,#2096);
#1537=LINE('',#8813,#2097);
#1538=LINE('',#8815,#2098);
#1539=LINE('',#8817,#2099);
#1540=LINE('',#8818,#2100);
#1541=LINE('',#8833,#2101);
#1542=LINE('',#8845,#2102);
#1543=LINE('',#8857,#2103);
#1544=LINE('',#8868,#2104);
#1545=LINE('',#8881,#2105);
#1546=LINE('',#8893,#2106);
#1547=LINE('',#8905,#2107);
#1548=LINE('',#8916,#2108);
#1549=LINE('',#8919,#2109);
#1550=LINE('',#8921,#2110);
#1551=LINE('',#8923,#2111);
#1552=LINE('',#8924,#2112);
#1553=LINE('',#8926,#2113);
#1554=LINE('',#8927,#2114);
#1555=LINE('',#8930,#2115);
#1556=LINE('',#8931,#2116);
#1557=LINE('',#8934,#2117);
#1558=LINE('',#8935,#2118);
#1559=LINE('',#8938,#2119);
#1560=LINE('',#8939,#2120);
#1561=LINE('',#9134,#2121);
#1562=LINE('',#9200,#2122);
#1563=LINE('',#9299,#2123);
#1564=LINE('',#9365,#2124);
#1565=LINE('',#9401,#2125);
#1566=LINE('',#9437,#2126);
#1567=LINE('',#9524,#2127);
#1568=LINE('',#9584,#2128);
#1569=LINE('',#9642,#2129);
#1570=LINE('',#9644,#2130);
#1571=LINE('',#9645,#2131);
#1572=LINE('',#9654,#2132);
#1573=LINE('',#9656,#2133);
#1574=LINE('',#9671,#2134);
#1575=LINE('',#9673,#2135);
#1576=LINE('',#9706,#2136);
#1577=LINE('',#9708,#2137);
#1578=LINE('',#9718,#2138);
#1579=LINE('',#9720,#2139);
#1580=LINE('',#9721,#2140);
#1581=LINE('',#9730,#2141);
#1582=LINE('',#9746,#2142);
#1583=LINE('',#9747,#2143);
#1584=LINE('',#9750,#2144);
#1585=LINE('',#9751,#2145);
#1586=LINE('',#9765,#2146);
#1587=LINE('',#9768,#2147);
#1588=LINE('',#9769,#2148);
#1589=LINE('',#9783,#2149);
#1590=LINE('',#9786,#2150);
#1591=LINE('',#9787,#2151);
#1592=LINE('',#9809,#2152);
#1593=LINE('',#9812,#2153);
#1594=LINE('',#9813,#2154);
#1595=LINE('',#9836,#2155);
#1596=LINE('',#9839,#2156);
#1597=LINE('',#9841,#2157);
#1598=LINE('',#9842,#2158);
#1599=LINE('',#9865,#2159);
#1600=LINE('',#9866,#2160);
#1601=LINE('',#9869,#2161);
#1602=LINE('',#9870,#2162);
#1603=LINE('',#9884,#2163);
#1604=LINE('',#9887,#2164);
#1605=LINE('',#9888,#2165);
#1606=LINE('',#9911,#2166);
#1607=LINE('',#9914,#2167);
#1608=LINE('',#9915,#2168);
#1609=LINE('',#9929,#2169);
#1610=LINE('',#9943,#2170);
#1611=LINE('',#9961,#2171);
#1612=LINE('',#9963,#2172);
#1613=LINE('',#9966,#2173);
#1614=LINE('',#9968,#2174);
#1615=LINE('',#9969,#2175);
#1616=LINE('',#9979,#2176);
#1617=LINE('',#9993,#2177);
#1618=LINE('',#10000,#2178);
#1619=LINE('',#10001,#2179);
#1620=LINE('',#10011,#2180);
#1621=LINE('',#10025,#2181);
#1622=LINE('',#10032,#2182);
#1623=LINE('',#10033,#2183);
#1624=LINE('',#10043,#2184);
#1625=LINE('',#10057,#2185);
#1626=LINE('',#10064,#2186);
#1627=LINE('',#10065,#2187);
#1628=LINE('',#10075,#2188);
#1629=LINE('',#10094,#2189);
#1630=LINE('',#10096,#2190);
#1631=LINE('',#10097,#2191);
#1632=LINE('',#10100,#2192);
#1633=LINE('',#10101,#2193);
#1634=LINE('',#10103,#2194);
#1635=LINE('',#10105,#2195);
#1636=LINE('',#10108,#2196);
#1637=LINE('',#10110,#2197);
#1638=LINE('',#10111,#2198);
#1639=LINE('',#10121,#2199);
#1640=LINE('',#10135,#2200);
#1641=LINE('',#10142,#2201);
#1642=LINE('',#10143,#2202);
#1643=LINE('',#10153,#2203);
#1644=LINE('',#10167,#2204);
#1645=LINE('',#10174,#2205);
#1646=LINE('',#10175,#2206);
#1647=LINE('',#10185,#2207);
#1648=LINE('',#10199,#2208);
#1649=LINE('',#10206,#2209);
#1650=LINE('',#10207,#2210);
#1651=LINE('',#10217,#2211);
#1652=LINE('',#10236,#2212);
#1653=LINE('',#10238,#2213);
#1654=LINE('',#10239,#2214);
#1655=LINE('',#10249,#2215);
#1656=LINE('',#10256,#2216);
#1657=LINE('',#10257,#2217);
#1658=LINE('',#10267,#2218);
#1659=LINE('',#10274,#2219);
#1660=LINE('',#10275,#2220);
#1661=LINE('',#10285,#2221);
#1662=LINE('',#10292,#2222);
#1663=LINE('',#10293,#2223);
#1664=LINE('',#10308,#2224);
#1665=LINE('',#10310,#2225);
#1666=LINE('',#10311,#2226);
#1667=LINE('',#10321,#2227);
#1668=LINE('',#10335,#2228);
#1669=LINE('',#10342,#2229);
#1670=LINE('',#10343,#2230);
#1671=LINE('',#10353,#2231);
#1672=LINE('',#10367,#2232);
#1673=LINE('',#10374,#2233);
#1674=LINE('',#10375,#2234);
#1675=LINE('',#10385,#2235);
#1676=LINE('',#10399,#2236);
#1677=LINE('',#10406,#2237);
#1678=LINE('',#10407,#2238);
#1679=LINE('',#10417,#2239);
#1680=LINE('',#10436,#2240);
#1681=LINE('',#10438,#2241);
#1682=LINE('',#10439,#2242);
#1683=LINE('',#10449,#2243);
#1684=LINE('',#10463,#2244);
#1685=LINE('',#10470,#2245);
#1686=LINE('',#10471,#2246);
#1687=LINE('',#10481,#2247);
#1688=LINE('',#10495,#2248);
#1689=LINE('',#10502,#2249);
#1690=LINE('',#10503,#2250);
#1691=LINE('',#10513,#2251);
#1692=LINE('',#10527,#2252);
#1693=LINE('',#10534,#2253);
#1694=LINE('',#10535,#2254);
#1695=LINE('',#10545,#2255);
#1696=LINE('',#10565,#2256);
#1697=LINE('',#10569,#2257);
#1698=LINE('',#10572,#2258);
#1699=LINE('',#10574,#2259);
#1700=LINE('',#10575,#2260);
#1701=LINE('',#10585,#2261);
#1702=LINE('',#10599,#2262);
#1703=LINE('',#10606,#2263);
#1704=LINE('',#10607,#2264);
#1705=LINE('',#10617,#2265);
#1706=LINE('',#10631,#2266);
#1707=LINE('',#10638,#2267);
#1708=LINE('',#10639,#2268);
#1709=LINE('',#10649,#2269);
#1710=LINE('',#10663,#2270);
#1711=LINE('',#10670,#2271);
#1712=LINE('',#10671,#2272);
#1713=LINE('',#10681,#2273);
#1714=LINE('',#10700,#2274);
#1715=LINE('',#10702,#2275);
#1716=LINE('',#10703,#2276);
#1717=LINE('',#10713,#2277);
#1718=LINE('',#10727,#2278);
#1719=LINE('',#10734,#2279);
#1720=LINE('',#10735,#2280);
#1721=LINE('',#10745,#2281);
#1722=LINE('',#10759,#2282);
#1723=LINE('',#10766,#2283);
#1724=LINE('',#10767,#2284);
#1725=LINE('',#10777,#2285);
#1726=LINE('',#10791,#2286);
#1727=LINE('',#10798,#2287);
#1728=LINE('',#10799,#2288);
#1729=LINE('',#10809,#2289);
#1730=LINE('',#10828,#2290);
#1731=LINE('',#10830,#2291);
#1732=LINE('',#10831,#2292);
#1733=LINE('',#10841,#2293);
#1734=LINE('',#10855,#2294);
#1735=LINE('',#10862,#2295);
#1736=LINE('',#10863,#2296);
#1737=LINE('',#10873,#2297);
#1738=LINE('',#10887,#2298);
#1739=LINE('',#10894,#2299);
#1740=LINE('',#10895,#2300);
#1741=LINE('',#10905,#2301);
#1742=LINE('',#10919,#2302);
#1743=LINE('',#10926,#2303);
#1744=LINE('',#10927,#2304);
#1745=LINE('',#10937,#2305);
#1746=LINE('',#10956,#2306);
#1747=LINE('',#10958,#2307);
#1748=LINE('',#10959,#2308);
#1749=LINE('',#10969,#2309);
#1750=LINE('',#10983,#2310);
#1751=LINE('',#10990,#2311);
#1752=LINE('',#10991,#2312);
#1753=LINE('',#11001,#2313);
#1754=LINE('',#11015,#2314);
#1755=LINE('',#11022,#2315);
#1756=LINE('',#11023,#2316);
#1757=LINE('',#11033,#2317);
#1758=LINE('',#11047,#2318);
#1759=LINE('',#11054,#2319);
#1760=LINE('',#11055,#2320);
#1761=LINE('',#11065,#2321);
#1762=LINE('',#11084,#2322);
#1763=LINE('',#11086,#2323);
#1764=LINE('',#11087,#2324);
#1765=LINE('',#11097,#2325);
#1766=LINE('',#11111,#2326);
#1767=LINE('',#11118,#2327);
#1768=LINE('',#11119,#2328);
#1769=LINE('',#11129,#2329);
#1770=LINE('',#11143,#2330);
#1771=LINE('',#11150,#2331);
#1772=LINE('',#11151,#2332);
#1773=LINE('',#11161,#2333);
#1774=LINE('',#11175,#2334);
#1775=LINE('',#11182,#2335);
#1776=LINE('',#11183,#2336);
#1777=LINE('',#11193,#2337);
#1778=LINE('',#11213,#2338);
#1779=LINE('',#11216,#2339);
#1780=LINE('',#11218,#2340);
#1781=LINE('',#11219,#2341);
#1782=LINE('',#11229,#2342);
#1783=LINE('',#11243,#2343);
#1784=LINE('',#11250,#2344);
#1785=LINE('',#11251,#2345);
#1786=LINE('',#11261,#2346);
#1787=LINE('',#11275,#2347);
#1788=LINE('',#11282,#2348);
#1789=LINE('',#11283,#2349);
#1790=LINE('',#11293,#2350);
#1791=LINE('',#11307,#2351);
#1792=LINE('',#11314,#2352);
#1793=LINE('',#11315,#2353);
#1794=LINE('',#11325,#2354);
#1795=LINE('',#11345,#2355);
#1796=LINE('',#11348,#2356);
#1797=LINE('',#11350,#2357);
#1798=LINE('',#11351,#2358);
#1799=LINE('',#11361,#2359);
#1800=LINE('',#11375,#2360);
#1801=LINE('',#11382,#2361);
#1802=LINE('',#11383,#2362);
#1803=LINE('',#11393,#2363);
#1804=LINE('',#11407,#2364);
#1805=LINE('',#11414,#2365);
#1806=LINE('',#11415,#2366);
#1807=LINE('',#11425,#2367);
#1808=LINE('',#11439,#2368);
#1809=LINE('',#11446,#2369);
#1810=LINE('',#11447,#2370);
#1811=LINE('',#11457,#2371);
#1812=LINE('',#11476,#2372);
#1813=LINE('',#11478,#2373);
#1814=LINE('',#11479,#2374);
#1815=LINE('',#11489,#2375);
#1816=LINE('',#11503,#2376);
#1817=LINE('',#11510,#2377);
#1818=LINE('',#11511,#2378);
#1819=LINE('',#11521,#2379);
#1820=LINE('',#11535,#2380);
#1821=LINE('',#11542,#2381);
#1822=LINE('',#11543,#2382);
#1823=LINE('',#11553,#2383);
#1824=LINE('',#11567,#2384);
#1825=LINE('',#11574,#2385);
#1826=LINE('',#11575,#2386);
#1827=LINE('',#11585,#2387);
#1828=LINE('',#11604,#2388);
#1829=LINE('',#11606,#2389);
#1830=LINE('',#11607,#2390);
#1831=LINE('',#11617,#2391);
#1832=LINE('',#11631,#2392);
#1833=LINE('',#11638,#2393);
#1834=LINE('',#11639,#2394);
#1835=LINE('',#11649,#2395);
#1836=LINE('',#11663,#2396);
#1837=LINE('',#11670,#2397);
#1838=LINE('',#11671,#2398);
#1839=LINE('',#11681,#2399);
#1840=LINE('',#11695,#2400);
#1841=LINE('',#11702,#2401);
#1842=LINE('',#11703,#2402);
#1843=LINE('',#11713,#2403);
#1844=LINE('',#11733,#2404);
#1845=LINE('',#11737,#2405);
#1846=LINE('',#11740,#2406);
#1847=LINE('',#11742,#2407);
#1848=LINE('',#11743,#2408);
#1849=LINE('',#11753,#2409);
#1850=LINE('',#11767,#2410);
#1851=LINE('',#11774,#2411);
#1852=LINE('',#11775,#2412);
#1853=LINE('',#11785,#2413);
#1854=LINE('',#11799,#2414);
#1855=LINE('',#11806,#2415);
#1856=LINE('',#11807,#2416);
#1857=LINE('',#11817,#2417);
#1858=LINE('',#11831,#2418);
#1859=LINE('',#11838,#2419);
#1860=LINE('',#11839,#2420);
#1861=LINE('',#11849,#2421);
#1862=LINE('',#11868,#2422);
#1863=LINE('',#11870,#2423);
#1864=LINE('',#11871,#2424);
#1865=LINE('',#11881,#2425);
#1866=LINE('',#11888,#2426);
#1867=LINE('',#11889,#2427);
#1868=LINE('',#11899,#2428);
#1869=LINE('',#11906,#2429);
#1870=LINE('',#11907,#2430);
#1871=LINE('',#11917,#2431);
#1872=LINE('',#11924,#2432);
#1873=LINE('',#11925,#2433);
#1874=LINE('',#11940,#2434);
#1875=LINE('',#11942,#2435);
#1876=LINE('',#11943,#2436);
#1877=LINE('',#11946,#2437);
#1878=LINE('',#11947,#2438);
#1879=LINE('',#11950,#2439);
#1880=LINE('',#11951,#2440);
#1881=LINE('',#11953,#2441);
#1882=LINE('',#11957,#2442);
#1883=LINE('',#11960,#2443);
#1884=LINE('',#11962,#2444);
#1885=LINE('',#11963,#2445);
#1886=LINE('',#11973,#2446);
#1887=LINE('',#11987,#2447);
#1888=LINE('',#11994,#2448);
#1889=LINE('',#11995,#2449);
#1890=LINE('',#12005,#2450);
#1891=LINE('',#12019,#2451);
#1892=LINE('',#12026,#2452);
#1893=LINE('',#12027,#2453);
#1894=LINE('',#12037,#2454);
#1895=LINE('',#12051,#2455);
#1896=LINE('',#12058,#2456);
#1897=LINE('',#12059,#2457);
#1898=LINE('',#12069,#2458);
#1899=LINE('',#12088,#2459);
#1900=LINE('',#12090,#2460);
#1901=LINE('',#12091,#2461);
#1902=LINE('',#12101,#2462);
#1903=LINE('',#12115,#2463);
#1904=LINE('',#12122,#2464);
#1905=LINE('',#12123,#2465);
#1906=LINE('',#12133,#2466);
#1907=LINE('',#12147,#2467);
#1908=LINE('',#12154,#2468);
#1909=LINE('',#12155,#2469);
#1910=LINE('',#12165,#2470);
#1911=LINE('',#12179,#2471);
#1912=LINE('',#12186,#2472);
#1913=LINE('',#12187,#2473);
#1914=LINE('',#12197,#2474);
#1915=LINE('',#12215,#2475);
#1916=LINE('',#12216,#2476);
#1917=LINE('',#12238,#2477);
#1918=LINE('',#12239,#2478);
#1919=LINE('',#12255,#2479);
#1920=LINE('',#12257,#2480);
#1921=LINE('',#12266,#2481);
#1922=LINE('',#12268,#2482);
#1923=LINE('',#12289,#2483);
#1924=LINE('',#12291,#2484);
#1925=LINE('',#12323,#2485);
#1926=LINE('',#12329,#2486);
#1927=LINE('',#12335,#2487);
#1928=LINE('',#12341,#2488);
#1929=LINE('',#12347,#2489);
#1930=LINE('',#12353,#2490);
#1931=LINE('',#12359,#2491);
#1932=LINE('',#12364,#2492);
#1933=LINE('',#12366,#2493);
#1934=LINE('',#12368,#2494);
#1935=LINE('',#12369,#2495);
#1936=LINE('',#12411,#2496);
#1937=LINE('',#12427,#2497);
#1938=LINE('',#12429,#2498);
#1939=LINE('',#12430,#2499);
#1940=LINE('',#12463,#2500);
#1941=LINE('',#12476,#2501);
#1942=LINE('',#12478,#2502);
#1943=LINE('',#12479,#2503);
#1944=LINE('',#12482,#2504);
#1945=LINE('',#12484,#2505);
#1946=LINE('',#12485,#2506);
#1947=LINE('',#12490,#2507);
#1948=LINE('',#12506,#2508);
#1949=LINE('',#12525,#2509);
#1950=LINE('',#12532,#2510);
#1951=LINE('',#12534,#2511);
#1952=LINE('',#12535,#2512);
#1953=LINE('',#12586,#2513);
#1954=LINE('',#12605,#2514);
#1955=LINE('',#12607,#2515);
#1956=LINE('',#12608,#2516);
#1957=LINE('',#12632,#2517);
#1958=LINE('',#12642,#2518);
#1959=LINE('',#12644,#2519);
#1960=LINE('',#12645,#2520);
#1961=LINE('',#12660,#2521);
#1962=LINE('',#12667,#2522);
#1963=LINE('',#12669,#2523);
#1964=LINE('',#12670,#2524);
#1965=LINE('',#12694,#2525);
#1966=LINE('',#12704,#2526);
#1967=LINE('',#12706,#2527);
#1968=LINE('',#12707,#2528);
#1969=LINE('',#12722,#2529);
#1970=LINE('',#12729,#2530);
#1971=LINE('',#12731,#2531);
#1972=LINE('',#12732,#2532);
#1973=VECTOR('',#6726,10.);
#1974=VECTOR('',#6727,10.);
#1975=VECTOR('',#6728,10.);
#1976=VECTOR('',#6729,10.);
#1977=VECTOR('',#6730,10.);
#1978=VECTOR('',#6731,10.);
#1979=VECTOR('',#6732,10.);
#1980=VECTOR('',#6733,10.);
#1981=VECTOR('',#6734,10.);
#1982=VECTOR('',#6735,10.);
#1983=VECTOR('',#6736,10.);
#1984=VECTOR('',#6737,10.);
#1985=VECTOR('',#6740,10.);
#1986=VECTOR('',#6741,10.);
#1987=VECTOR('',#6742,10.);
#1988=VECTOR('',#6745,10.);
#1989=VECTOR('',#6746,10.);
#1990=VECTOR('',#6747,10.);
#1991=VECTOR('',#6748,10.);
#1992=VECTOR('',#6749,10.);
#1993=VECTOR('',#6750,10.);
#1994=VECTOR('',#6751,10.);
#1995=VECTOR('',#6752,10.);
#1996=VECTOR('',#6753,10.);
#1997=VECTOR('',#6756,10.);
#1998=VECTOR('',#6757,10.);
#1999=VECTOR('',#6758,10.);
#2000=VECTOR('',#6761,10.);
#2001=VECTOR('',#6762,10.);
#2002=VECTOR('',#6763,10.);
#2003=VECTOR('',#6766,10.);
#2004=VECTOR('',#6767,10.);
#2005=VECTOR('',#6770,10.);
#2006=VECTOR('',#6771,10.);
#2007=VECTOR('',#6772,10.);
#2008=VECTOR('',#6773,10.);
#2009=VECTOR('',#6774,10.);
#2010=VECTOR('',#6775,10.);
#2011=VECTOR('',#6776,10.);
#2012=VECTOR('',#6779,10.);
#2013=VECTOR('',#6780,10.);
#2014=VECTOR('',#6781,10.);
#2015=VECTOR('',#6786,10.);
#2016=VECTOR('',#6795,10.);
#2017=VECTOR('',#6798,10.);
#2018=VECTOR('',#6799,10.);
#2019=VECTOR('',#6800,10.);
#2020=VECTOR('',#6801,10.);
#2021=VECTOR('',#6802,10.);
#2022=VECTOR('',#6803,10.);
#2023=VECTOR('',#6804,10.);
#2024=VECTOR('',#6805,10.);
#2025=VECTOR('',#6806,10.);
#2026=VECTOR('',#6807,10.);
#2027=VECTOR('',#6810,10.);
#2028=VECTOR('',#6811,10.);
#2029=VECTOR('',#6812,10.);
#2030=VECTOR('',#6813,10.);
#2031=VECTOR('',#6814,10.);
#2032=VECTOR('',#6815,10.);
#2033=VECTOR('',#6816,10.);
#2034=VECTOR('',#6817,10.);
#2035=VECTOR('',#6818,10.);
#2036=VECTOR('',#6819,10.);
#2037=VECTOR('',#6820,10.);
#2038=VECTOR('',#6821,10.);
#2039=VECTOR('',#6822,10.);
#2040=VECTOR('',#6823,10.);
#2041=VECTOR('',#6824,10.);
#2042=VECTOR('',#6825,10.);
#2043=VECTOR('',#6826,10.);
#2044=VECTOR('',#6827,10.);
#2045=VECTOR('',#6828,10.);
#2046=VECTOR('',#6829,10.);
#2047=VECTOR('',#6830,10.);
#2048=VECTOR('',#6831,10.);
#2049=VECTOR('',#6832,10.);
#2050=VECTOR('',#6833,10.);
#2051=VECTOR('',#6834,10.);
#2052=VECTOR('',#6835,10.);
#2053=VECTOR('',#6840,10.);
#2054=VECTOR('',#6841,10.);
#2055=VECTOR('',#6842,10.);
#2056=VECTOR('',#6843,10.);
#2057=VECTOR('',#6844,10.);
#2058=VECTOR('',#6845,10.);
#2059=VECTOR('',#6846,10.);
#2060=VECTOR('',#6847,10.);
#2061=VECTOR('',#6848,10.);
#2062=VECTOR('',#6849,10.);
#2063=VECTOR('',#6850,10.);
#2064=VECTOR('',#6851,10.);
#2065=VECTOR('',#6852,10.);
#2066=VECTOR('',#6853,10.);
#2067=VECTOR('',#6854,10.);
#2068=VECTOR('',#6855,10.);
#2069=VECTOR('',#6856,10.);
#2070=VECTOR('',#6857,10.);
#2071=VECTOR('',#6858,10.);
#2072=VECTOR('',#6859,10.);
#2073=VECTOR('',#6862,10.);
#2074=VECTOR('',#6863,10.);
#2075=VECTOR('',#6864,10.);
#2076=VECTOR('',#6865,10.);
#2077=VECTOR('',#6868,10.);
#2078=VECTOR('',#6869,10.);
#2079=VECTOR('',#6870,10.);
#2080=VECTOR('',#6871,10.);
#2081=VECTOR('',#6872,10.);
#2082=VECTOR('',#6873,10.);
#2083=VECTOR('',#6874,10.);
#2084=VECTOR('',#6875,10.);
#2085=VECTOR('',#6876,10.);
#2086=VECTOR('',#6877,10.);
#2087=VECTOR('',#6878,10.);
#2088=VECTOR('',#6879,10.);
#2089=VECTOR('',#6884,10.);
#2090=VECTOR('',#6885,10.);
#2091=VECTOR('',#6886,10.);
#2092=VECTOR('',#6887,10.);
#2093=VECTOR('',#6888,10.);
#2094=VECTOR('',#6889,10.);
#2095=VECTOR('',#6890,10.);
#2096=VECTOR('',#6891,10.);
#2097=VECTOR('',#6892,10.);
#2098=VECTOR('',#6893,10.);
#2099=VECTOR('',#6894,10.);
#2100=VECTOR('',#6895,10.);
#2101=VECTOR('',#6898,10.);
#2102=VECTOR('',#6899,10.);
#2103=VECTOR('',#6900,10.);
#2104=VECTOR('',#6901,10.);
#2105=VECTOR('',#6902,10.);
#2106=VECTOR('',#6903,10.);
#2107=VECTOR('',#6904,10.);
#2108=VECTOR('',#6905,10.);
#2109=VECTOR('',#6908,10.);
#2110=VECTOR('',#6909,10.);
#2111=VECTOR('',#6910,10.);
#2112=VECTOR('',#6911,10.);
#2113=VECTOR('',#6912,10.);
#2114=VECTOR('',#6913,10.);
#2115=VECTOR('',#6916,10.);
#2116=VECTOR('',#6917,10.);
#2117=VECTOR('',#6920,10.);
#2118=VECTOR('',#6921,10.);
#2119=VECTOR('',#6924,10.);
#2120=VECTOR('',#6925,10.);
#2121=VECTOR('',#6936,10.);
#2122=VECTOR('',#6943,10.);
#2123=VECTOR('',#6946,10.);
#2124=VECTOR('',#6953,10.);
#2125=VECTOR('',#6960,10.);
#2126=VECTOR('',#6967,10.);
#2127=VECTOR('',#6970,10.);
#2128=VECTOR('',#6977,10.);
#2129=VECTOR('',#6980,10.);
#2130=VECTOR('',#6983,10.);
#2131=VECTOR('',#6984,10.);
#2132=VECTOR('',#6985,10.);
#2133=VECTOR('',#6988,10.);
#2134=VECTOR('',#6989,10.);
#2135=VECTOR('',#6992,10.);
#2136=VECTOR('',#6993,10.);
#2137=VECTOR('',#6996,10.);
#2138=VECTOR('',#6997,10.);
#2139=VECTOR('',#6998,10.);
#2140=VECTOR('',#6999,10.);
#2141=VECTOR('',#7000,10.);
#2142=VECTOR('',#7003,10.);
#2143=VECTOR('',#7004,10.);
#2144=VECTOR('',#7007,10.);
#2145=VECTOR('',#7008,10.);
#2146=VECTOR('',#7009,10.);
#2147=VECTOR('',#7012,10.);
#2148=VECTOR('',#7013,10.);
#2149=VECTOR('',#7014,10.);
#2150=VECTOR('',#7017,10.);
#2151=VECTOR('',#7018,10.);
#2152=VECTOR('',#7019,10.);
#2153=VECTOR('',#7022,10.);
#2154=VECTOR('',#7023,10.);
#2155=VECTOR('',#7024,10.);
#2156=VECTOR('',#7027,10.);
#2157=VECTOR('',#7028,10.);
#2158=VECTOR('',#7029,10.);
#2159=VECTOR('',#7030,10.);
#2160=VECTOR('',#7031,10.);
#2161=VECTOR('',#7034,10.);
#2162=VECTOR('',#7035,10.);
#2163=VECTOR('',#7036,10.);
#2164=VECTOR('',#7039,10.);
#2165=VECTOR('',#7040,10.);
#2166=VECTOR('',#7041,10.);
#2167=VECTOR('',#7044,10.);
#2168=VECTOR('',#7045,10.);
#2169=VECTOR('',#7046,10.);
#2170=VECTOR('',#7047,10.);
#2171=VECTOR('',#7052,10.);
#2172=VECTOR('',#7055,10.);
#2173=VECTOR('',#7058,10.);
#2174=VECTOR('',#7059,10.);
#2175=VECTOR('',#7060,10.);
#2176=VECTOR('',#7061,10.);
#2177=VECTOR('',#7062,10.);
#2178=VECTOR('',#7065,10.);
#2179=VECTOR('',#7066,10.);
#2180=VECTOR('',#7067,10.);
#2181=VECTOR('',#7068,10.);
#2182=VECTOR('',#7071,10.);
#2183=VECTOR('',#7072,10.);
#2184=VECTOR('',#7073,10.);
#2185=VECTOR('',#7074,10.);
#2186=VECTOR('',#7077,10.);
#2187=VECTOR('',#7078,10.);
#2188=VECTOR('',#7079,10.);
#2189=VECTOR('',#7082,10.);
#2190=VECTOR('',#7083,10.);
#2191=VECTOR('',#7084,10.);
#2192=VECTOR('',#7087,10.);
#2193=VECTOR('',#7088,10.);
#2194=VECTOR('',#7091,10.);
#2195=VECTOR('',#7094,10.);
#2196=VECTOR('',#7097,10.);
#2197=VECTOR('',#7098,10.);
#2198=VECTOR('',#7099,10.);
#2199=VECTOR('',#7100,10.);
#2200=VECTOR('',#7101,10.);
#2201=VECTOR('',#7104,10.);
#2202=VECTOR('',#7105,10.);
#2203=VECTOR('',#7106,10.);
#2204=VECTOR('',#7107,10.);
#2205=VECTOR('',#7110,10.);
#2206=VECTOR('',#7111,10.);
#2207=VECTOR('',#7112,10.);
#2208=VECTOR('',#7113,10.);
#2209=VECTOR('',#7116,10.);
#2210=VECTOR('',#7117,10.);
#2211=VECTOR('',#7118,10.);
#2212=VECTOR('',#7121,10.);
#2213=VECTOR('',#7122,10.);
#2214=VECTOR('',#7123,10.);
#2215=VECTOR('',#7124,10.);
#2216=VECTOR('',#7127,10.);
#2217=VECTOR('',#7128,10.);
#2218=VECTOR('',#7129,10.);
#2219=VECTOR('',#7132,10.);
#2220=VECTOR('',#7133,10.);
#2221=VECTOR('',#7134,10.);
#2222=VECTOR('',#7137,10.);
#2223=VECTOR('',#7138,10.);
#2224=VECTOR('',#7141,10.);
#2225=VECTOR('',#7142,10.);
#2226=VECTOR('',#7143,10.);
#2227=VECTOR('',#7144,10.);
#2228=VECTOR('',#7145,10.);
#2229=VECTOR('',#7148,10.);
#2230=VECTOR('',#7149,10.);
#2231=VECTOR('',#7150,10.);
#2232=VECTOR('',#7151,10.);
#2233=VECTOR('',#7154,10.);
#2234=VECTOR('',#7155,10.);
#2235=VECTOR('',#7156,10.);
#2236=VECTOR('',#7157,10.);
#2237=VECTOR('',#7160,10.);
#2238=VECTOR('',#7161,10.);
#2239=VECTOR('',#7162,10.);
#2240=VECTOR('',#7165,10.);
#2241=VECTOR('',#7166,10.);
#2242=VECTOR('',#7167,10.);
#2243=VECTOR('',#7168,10.);
#2244=VECTOR('',#7169,10.);
#2245=VECTOR('',#7172,10.);
#2246=VECTOR('',#7173,10.);
#2247=VECTOR('',#7174,10.);
#2248=VECTOR('',#7175,10.);
#2249=VECTOR('',#7178,10.);
#2250=VECTOR('',#7179,10.);
#2251=VECTOR('',#7180,10.);
#2252=VECTOR('',#7181,10.);
#2253=VECTOR('',#7184,10.);
#2254=VECTOR('',#7185,10.);
#2255=VECTOR('',#7186,10.);
#2256=VECTOR('',#7191,1.24999999999999);
#2257=VECTOR('',#7196,1.25);
#2258=VECTOR('',#7199,10.);
#2259=VECTOR('',#7200,10.);
#2260=VECTOR('',#7201,10.);
#2261=VECTOR('',#7202,10.);
#2262=VECTOR('',#7203,10.);
#2263=VECTOR('',#7206,10.);
#2264=VECTOR('',#7207,10.);
#2265=VECTOR('',#7208,10.);
#2266=VECTOR('',#7209,10.);
#2267=VECTOR('',#7212,10.);
#2268=VECTOR('',#7213,10.);
#2269=VECTOR('',#7214,10.);
#2270=VECTOR('',#7215,10.);
#2271=VECTOR('',#7218,10.);
#2272=VECTOR('',#7219,10.);
#2273=VECTOR('',#7220,10.);
#2274=VECTOR('',#7223,10.);
#2275=VECTOR('',#7224,10.);
#2276=VECTOR('',#7225,10.);
#2277=VECTOR('',#7226,10.);
#2278=VECTOR('',#7227,10.);
#2279=VECTOR('',#7230,10.);
#2280=VECTOR('',#7231,10.);
#2281=VECTOR('',#7232,10.);
#2282=VECTOR('',#7233,10.);
#2283=VECTOR('',#7236,10.);
#2284=VECTOR('',#7237,10.);
#2285=VECTOR('',#7238,10.);
#2286=VECTOR('',#7239,10.);
#2287=VECTOR('',#7242,10.);
#2288=VECTOR('',#7243,10.);
#2289=VECTOR('',#7244,10.);
#2290=VECTOR('',#7247,10.);
#2291=VECTOR('',#7248,10.);
#2292=VECTOR('',#7249,10.);
#2293=VECTOR('',#7250,10.);
#2294=VECTOR('',#7251,10.);
#2295=VECTOR('',#7254,10.);
#2296=VECTOR('',#7255,10.);
#2297=VECTOR('',#7256,10.);
#2298=VECTOR('',#7257,10.);
#2299=VECTOR('',#7260,10.);
#2300=VECTOR('',#7261,10.);
#2301=VECTOR('',#7262,10.);
#2302=VECTOR('',#7263,10.);
#2303=VECTOR('',#7266,10.);
#2304=VECTOR('',#7267,10.);
#2305=VECTOR('',#7268,10.);
#2306=VECTOR('',#7271,10.);
#2307=VECTOR('',#7272,10.);
#2308=VECTOR('',#7273,10.);
#2309=VECTOR('',#7274,10.);
#2310=VECTOR('',#7275,10.);
#2311=VECTOR('',#7278,10.);
#2312=VECTOR('',#7279,10.);
#2313=VECTOR('',#7280,10.);
#2314=VECTOR('',#7281,10.);
#2315=VECTOR('',#7284,10.);
#2316=VECTOR('',#7285,10.);
#2317=VECTOR('',#7286,10.);
#2318=VECTOR('',#7287,10.);
#2319=VECTOR('',#7290,10.);
#2320=VECTOR('',#7291,10.);
#2321=VECTOR('',#7292,10.);
#2322=VECTOR('',#7295,10.);
#2323=VECTOR('',#7296,10.);
#2324=VECTOR('',#7297,10.);
#2325=VECTOR('',#7298,10.);
#2326=VECTOR('',#7299,10.);
#2327=VECTOR('',#7302,10.);
#2328=VECTOR('',#7303,10.);
#2329=VECTOR('',#7304,10.);
#2330=VECTOR('',#7305,10.);
#2331=VECTOR('',#7308,10.);
#2332=VECTOR('',#7309,10.);
#2333=VECTOR('',#7310,10.);
#2334=VECTOR('',#7311,10.);
#2335=VECTOR('',#7314,10.);
#2336=VECTOR('',#7315,10.);
#2337=VECTOR('',#7316,10.);
#2338=VECTOR('',#7321,1.25);
#2339=VECTOR('',#7324,10.);
#2340=VECTOR('',#7325,10.);
#2341=VECTOR('',#7326,10.);
#2342=VECTOR('',#7327,10.);
#2343=VECTOR('',#7328,10.);
#2344=VECTOR('',#7331,10.);
#2345=VECTOR('',#7332,10.);
#2346=VECTOR('',#7333,10.);
#2347=VECTOR('',#7334,10.);
#2348=VECTOR('',#7337,10.);
#2349=VECTOR('',#7338,10.);
#2350=VECTOR('',#7339,10.);
#2351=VECTOR('',#7340,10.);
#2352=VECTOR('',#7343,10.);
#2353=VECTOR('',#7344,10.);
#2354=VECTOR('',#7345,10.);
#2355=VECTOR('',#7350,1.25);
#2356=VECTOR('',#7353,10.);
#2357=VECTOR('',#7354,10.);
#2358=VECTOR('',#7355,10.);
#2359=VECTOR('',#7356,10.);
#2360=VECTOR('',#7357,10.);
#2361=VECTOR('',#7360,10.);
#2362=VECTOR('',#7361,10.);
#2363=VECTOR('',#7362,10.);
#2364=VECTOR('',#7363,10.);
#2365=VECTOR('',#7366,10.);
#2366=VECTOR('',#7367,10.);
#2367=VECTOR('',#7368,10.);
#2368=VECTOR('',#7369,10.);
#2369=VECTOR('',#7372,10.);
#2370=VECTOR('',#7373,10.);
#2371=VECTOR('',#7374,10.);
#2372=VECTOR('',#7377,10.);
#2373=VECTOR('',#7378,10.);
#2374=VECTOR('',#7379,10.);
#2375=VECTOR('',#7380,10.);
#2376=VECTOR('',#7381,10.);
#2377=VECTOR('',#7384,10.);
#2378=VECTOR('',#7385,10.);
#2379=VECTOR('',#7386,10.);
#2380=VECTOR('',#7387,10.);
#2381=VECTOR('',#7390,10.);
#2382=VECTOR('',#7391,10.);
#2383=VECTOR('',#7392,10.);
#2384=VECTOR('',#7393,10.);
#2385=VECTOR('',#7396,10.);
#2386=VECTOR('',#7397,10.);
#2387=VECTOR('',#7398,10.);
#2388=VECTOR('',#7401,10.);
#2389=VECTOR('',#7402,10.);
#2390=VECTOR('',#7403,10.);
#2391=VECTOR('',#7404,10.);
#2392=VECTOR('',#7405,10.);
#2393=VECTOR('',#7408,10.);
#2394=VECTOR('',#7409,10.);
#2395=VECTOR('',#7410,10.);
#2396=VECTOR('',#7411,10.);
#2397=VECTOR('',#7414,10.);
#2398=VECTOR('',#7415,10.);
#2399=VECTOR('',#7416,10.);
#2400=VECTOR('',#7417,10.);
#2401=VECTOR('',#7420,10.);
#2402=VECTOR('',#7421,10.);
#2403=VECTOR('',#7422,10.);
#2404=VECTOR('',#7427,1.25);
#2405=VECTOR('',#7432,1.25);
#2406=VECTOR('',#7435,10.);
#2407=VECTOR('',#7436,10.);
#2408=VECTOR('',#7437,10.);
#2409=VECTOR('',#7438,10.);
#2410=VECTOR('',#7439,10.);
#2411=VECTOR('',#7442,10.);
#2412=VECTOR('',#7443,10.);
#2413=VECTOR('',#7444,10.);
#2414=VECTOR('',#7445,10.);
#2415=VECTOR('',#7448,10.);
#2416=VECTOR('',#7449,10.);
#2417=VECTOR('',#7450,10.);
#2418=VECTOR('',#7451,10.);
#2419=VECTOR('',#7454,10.);
#2420=VECTOR('',#7455,10.);
#2421=VECTOR('',#7456,10.);
#2422=VECTOR('',#7459,10.);
#2423=VECTOR('',#7460,10.);
#2424=VECTOR('',#7461,10.);
#2425=VECTOR('',#7462,10.);
#2426=VECTOR('',#7465,10.);
#2427=VECTOR('',#7466,10.);
#2428=VECTOR('',#7467,10.);
#2429=VECTOR('',#7470,10.);
#2430=VECTOR('',#7471,10.);
#2431=VECTOR('',#7472,10.);
#2432=VECTOR('',#7475,10.);
#2433=VECTOR('',#7476,10.);
#2434=VECTOR('',#7479,10.);
#2435=VECTOR('',#7480,10.);
#2436=VECTOR('',#7481,10.);
#2437=VECTOR('',#7484,10.);
#2438=VECTOR('',#7485,10.);
#2439=VECTOR('',#7488,10.);
#2440=VECTOR('',#7489,10.);
#2441=VECTOR('',#7492,10.);
#2442=VECTOR('',#7497,1.25);
#2443=VECTOR('',#7500,10.);
#2444=VECTOR('',#7501,10.);
#2445=VECTOR('',#7502,10.);
#2446=VECTOR('',#7503,10.);
#2447=VECTOR('',#7504,10.);
#2448=VECTOR('',#7507,10.);
#2449=VECTOR('',#7508,10.);
#2450=VECTOR('',#7509,10.);
#2451=VECTOR('',#7510,10.);
#2452=VECTOR('',#7513,10.);
#2453=VECTOR('',#7514,10.);
#2454=VECTOR('',#7515,10.);
#2455=VECTOR('',#7516,10.);
#2456=VECTOR('',#7519,10.);
#2457=VECTOR('',#7520,10.);
#2458=VECTOR('',#7521,10.);
#2459=VECTOR('',#7524,10.);
#2460=VECTOR('',#7525,10.);
#2461=VECTOR('',#7526,10.);
#2462=VECTOR('',#7527,10.);
#2463=VECTOR('',#7528,10.);
#2464=VECTOR('',#7531,10.);
#2465=VECTOR('',#7532,10.);
#2466=VECTOR('',#7533,10.);
#2467=VECTOR('',#7534,10.);
#2468=VECTOR('',#7537,10.);
#2469=VECTOR('',#7538,10.);
#2470=VECTOR('',#7539,10.);
#2471=VECTOR('',#7540,10.);
#2472=VECTOR('',#7543,10.);
#2473=VECTOR('',#7544,10.);
#2474=VECTOR('',#7545,10.);
#2475=VECTOR('',#7548,10.);
#2476=VECTOR('',#7549,10.);
#2477=VECTOR('',#7550,10.);
#2478=VECTOR('',#7551,10.);
#2479=VECTOR('',#7554,10.);
#2480=VECTOR('',#7557,10.);
#2481=VECTOR('',#7558,10.);
#2482=VECTOR('',#7561,10.);
#2483=VECTOR('',#7562,10.);
#2484=VECTOR('',#7565,10.);
#2485=VECTOR('',#7572,1.25);
#2486=VECTOR('',#7579,1.25);
#2487=VECTOR('',#7586,1.25);
#2488=VECTOR('',#7593,1.25);
#2489=VECTOR('',#7600,1.25);
#2490=VECTOR('',#7607,1.25);
#2491=VECTOR('',#7614,1.24999999999999);
#2492=VECTOR('',#7619,10.);
#2493=VECTOR('',#7620,10.);
#2494=VECTOR('',#7621,10.);
#2495=VECTOR('',#7622,10.);
#2496=VECTOR('',#7623,10.);
#2497=VECTOR('',#7626,10.);
#2498=VECTOR('',#7627,10.);
#2499=VECTOR('',#7628,10.);
#2500=VECTOR('',#7629,10.);
#2501=VECTOR('',#7632,10.);
#2502=VECTOR('',#7633,10.);
#2503=VECTOR('',#7634,10.);
#2504=VECTOR('',#7637,10.);
#2505=VECTOR('',#7638,10.);
#2506=VECTOR('',#7639,10.);
#2507=VECTOR('',#7644,10.);
#2508=VECTOR('',#7647,10.);
#2509=VECTOR('',#7648,10.);
#2510=VECTOR('',#7651,10.);
#2511=VECTOR('',#7652,10.);
#2512=VECTOR('',#7653,10.);
#2513=VECTOR('',#7654,10.);
#2514=VECTOR('',#7657,10.);
#2515=VECTOR('',#7658,10.);
#2516=VECTOR('',#7659,10.);
#2517=VECTOR('',#7660,10.);
#2518=VECTOR('',#7663,10.);
#2519=VECTOR('',#7664,10.);
#2520=VECTOR('',#7665,10.);
#2521=VECTOR('',#7666,10.);
#2522=VECTOR('',#7669,10.);
#2523=VECTOR('',#7670,10.);
#2524=VECTOR('',#7671,10.);
#2525=VECTOR('',#7672,10.);
#2526=VECTOR('',#7675,10.);
#2527=VECTOR('',#7676,10.);
#2528=VECTOR('',#7677,10.);
#2529=VECTOR('',#7678,10.);
#2530=VECTOR('',#7681,10.);
#2531=VECTOR('',#7682,10.);
#2532=VECTOR('',#7683,10.);
#2533=VERTEX_POINT('',#7690);
#2534=VERTEX_POINT('',#7691);
#2535=VERTEX_POINT('',#7693);
#2536=VERTEX_POINT('',#7695);
#2537=VERTEX_POINT('',#7697);
#2538=VERTEX_POINT('',#7702);
#2539=VERTEX_POINT('',#7704);
#2540=VERTEX_POINT('',#7712);
#2541=VERTEX_POINT('',#7714);
#2542=VERTEX_POINT('',#7722);
#2543=VERTEX_POINT('',#7724);
#2544=VERTEX_POINT('',#7732);
#2545=VERTEX_POINT('',#7734);
#2546=VERTEX_POINT('',#7739);
#2547=VERTEX_POINT('',#7741);
#2548=VERTEX_POINT('',#7746);
#2549=VERTEX_POINT('',#7748);
#2550=VERTEX_POINT('',#7753);
#2551=VERTEX_POINT('',#7755);
#2552=VERTEX_POINT('',#7760);
#2553=VERTEX_POINT('',#7762);
#2554=VERTEX_POINT('',#7770);
#2555=VERTEX_POINT('',#7772);
#2556=VERTEX_POINT('',#7777);
#2557=VERTEX_POINT('',#7782);
#2558=VERTEX_POINT('',#7784);
#2559=VERTEX_POINT('',#7786);
#2560=VERTEX_POINT('',#7788);
#2561=VERTEX_POINT('',#7790);
#2562=VERTEX_POINT('',#7792);
#2563=VERTEX_POINT('',#7797);
#2564=VERTEX_POINT('',#7802);
#2565=VERTEX_POINT('',#7804);
#2566=VERTEX_POINT('',#7821);
#2567=VERTEX_POINT('',#7823);
#2568=VERTEX_POINT('',#7831);
#2569=VERTEX_POINT('',#7833);
#2570=VERTEX_POINT('',#7838);
#2571=VERTEX_POINT('',#7840);
#2572=VERTEX_POINT('',#7848);
#2573=VERTEX_POINT('',#7850);
#2574=VERTEX_POINT('',#7855);
#2575=VERTEX_POINT('',#7857);
#2576=VERTEX_POINT('',#7868);
#2577=VERTEX_POINT('',#7870);
#2578=VERTEX_POINT('',#7884);
#2579=VERTEX_POINT('',#7886);
#2580=VERTEX_POINT('',#7899);
#2581=VERTEX_POINT('',#7901);
#2582=VERTEX_POINT('',#7905);
#2583=VERTEX_POINT('',#7907);
#2584=VERTEX_POINT('',#7914);
#2585=VERTEX_POINT('',#7916);
#2586=VERTEX_POINT('',#7918);
#2587=VERTEX_POINT('',#7920);
#2588=VERTEX_POINT('',#7922);
#2589=VERTEX_POINT('',#7924);
#2590=VERTEX_POINT('',#7928);
#2591=VERTEX_POINT('',#7929);
#2592=VERTEX_POINT('',#7934);
#2593=VERTEX_POINT('',#7936);
#2594=VERTEX_POINT('',#7940);
#2595=VERTEX_POINT('',#7942);
#2596=VERTEX_POINT('',#7946);
#2597=VERTEX_POINT('',#7948);
#2598=VERTEX_POINT('',#7950);
#2599=VERTEX_POINT('',#7959);
#2600=VERTEX_POINT('',#7961);
#2601=VERTEX_POINT('',#7971);
#2602=VERTEX_POINT('',#7973);
#2603=VERTEX_POINT('',#7980);
#2604=VERTEX_POINT('',#7982);
#2605=VERTEX_POINT('',#7988);
#2606=VERTEX_POINT('',#7990);
#2607=VERTEX_POINT('',#7996);
#2608=VERTEX_POINT('',#7998);
#2609=VERTEX_POINT('',#8009);
#2610=VERTEX_POINT('',#8011);
#2611=VERTEX_POINT('',#8020);
#2612=VERTEX_POINT('',#8022);
#2613=VERTEX_POINT('',#8033);
#2614=VERTEX_POINT('',#8035);
#2615=VERTEX_POINT('',#8047);
#2616=VERTEX_POINT('',#8060);
#2617=VERTEX_POINT('',#8062);
#2618=VERTEX_POINT('',#8064);
#2619=VERTEX_POINT('',#8066);
#2620=VERTEX_POINT('',#8068);
#2621=VERTEX_POINT('',#8071);
#2622=VERTEX_POINT('',#8072);
#2623=VERTEX_POINT('',#8077);
#2624=VERTEX_POINT('',#8082);
#2625=VERTEX_POINT('',#8084);
#2626=VERTEX_POINT('',#8089);
#2627=VERTEX_POINT('',#8094);
#2628=VERTEX_POINT('',#8096);
#2629=VERTEX_POINT('',#8101);
#2630=VERTEX_POINT('',#8106);
#2631=VERTEX_POINT('',#8108);
#2632=VERTEX_POINT('',#8113);
#2633=VERTEX_POINT('',#8119);
#2634=VERTEX_POINT('',#8120);
#2635=VERTEX_POINT('',#8125);
#2636=VERTEX_POINT('',#8130);
#2637=VERTEX_POINT('',#8132);
#2638=VERTEX_POINT('',#8137);
#2639=VERTEX_POINT('',#8142);
#2640=VERTEX_POINT('',#8144);
#2641=VERTEX_POINT('',#8149);
#2642=VERTEX_POINT('',#8154);
#2643=VERTEX_POINT('',#8156);
#2644=VERTEX_POINT('',#8161);
#2645=VERTEX_POINT('',#8167);
#2646=VERTEX_POINT('',#8168);
#2647=VERTEX_POINT('',#8173);
#2648=VERTEX_POINT('',#8175);
#2649=VERTEX_POINT('',#8180);
#2650=VERTEX_POINT('',#8182);
#2651=VERTEX_POINT('',#8187);
#2652=VERTEX_POINT('',#8189);
#2653=VERTEX_POINT('',#8195);
#2654=VERTEX_POINT('',#8196);
#2655=VERTEX_POINT('',#8201);
#2656=VERTEX_POINT('',#8206);
#2657=VERTEX_POINT('',#8208);
#2658=VERTEX_POINT('',#8213);
#2659=VERTEX_POINT('',#8218);
#2660=VERTEX_POINT('',#8220);
#2661=VERTEX_POINT('',#8225);
#2662=VERTEX_POINT('',#8230);
#2663=VERTEX_POINT('',#8232);
#2664=VERTEX_POINT('',#8237);
#2665=VERTEX_POINT('',#8243);
#2666=VERTEX_POINT('',#8244);
#2667=VERTEX_POINT('',#8249);
#2668=VERTEX_POINT('',#8254);
#2669=VERTEX_POINT('',#8256);
#2670=VERTEX_POINT('',#8261);
#2671=VERTEX_POINT('',#8266);
#2672=VERTEX_POINT('',#8268);
#2673=VERTEX_POINT('',#8273);
#2674=VERTEX_POINT('',#8278);
#2675=VERTEX_POINT('',#8280);
#2676=VERTEX_POINT('',#8285);
#2677=VERTEX_POINT('',#8291);
#2678=VERTEX_POINT('',#8293);
#2679=VERTEX_POINT('',#8295);
#2680=VERTEX_POINT('',#8296);
#2681=VERTEX_POINT('',#8301);
#2682=VERTEX_POINT('',#8306);
#2683=VERTEX_POINT('',#8308);
#2684=VERTEX_POINT('',#8313);
#2685=VERTEX_POINT('',#8318);
#2686=VERTEX_POINT('',#8320);
#2687=VERTEX_POINT('',#8325);
#2688=VERTEX_POINT('',#8330);
#2689=VERTEX_POINT('',#8332);
#2690=VERTEX_POINT('',#8337);
#2691=VERTEX_POINT('',#8343);
#2692=VERTEX_POINT('',#8344);
#2693=VERTEX_POINT('',#8349);
#2694=VERTEX_POINT('',#8354);
#2695=VERTEX_POINT('',#8356);
#2696=VERTEX_POINT('',#8361);
#2697=VERTEX_POINT('',#8366);
#2698=VERTEX_POINT('',#8368);
#2699=VERTEX_POINT('',#8373);
#2700=VERTEX_POINT('',#8378);
#2701=VERTEX_POINT('',#8380);
#2702=VERTEX_POINT('',#8385);
#2703=VERTEX_POINT('',#8391);
#2704=VERTEX_POINT('',#8392);
#2705=VERTEX_POINT('',#8397);
#2706=VERTEX_POINT('',#8402);
#2707=VERTEX_POINT('',#8404);
#2708=VERTEX_POINT('',#8409);
#2709=VERTEX_POINT('',#8414);
#2710=VERTEX_POINT('',#8416);
#2711=VERTEX_POINT('',#8421);
#2712=VERTEX_POINT('',#8426);
#2713=VERTEX_POINT('',#8428);
#2714=VERTEX_POINT('',#8433);
#2715=VERTEX_POINT('',#8439);
#2716=VERTEX_POINT('',#8440);
#2717=VERTEX_POINT('',#8445);
#2718=VERTEX_POINT('',#8450);
#2719=VERTEX_POINT('',#8452);
#2720=VERTEX_POINT('',#8457);
#2721=VERTEX_POINT('',#8462);
#2722=VERTEX_POINT('',#8464);
#2723=VERTEX_POINT('',#8469);
#2724=VERTEX_POINT('',#8474);
#2725=VERTEX_POINT('',#8476);
#2726=VERTEX_POINT('',#8481);
#2727=VERTEX_POINT('',#8487);
#2728=VERTEX_POINT('',#8488);
#2729=VERTEX_POINT('',#8493);
#2730=VERTEX_POINT('',#8498);
#2731=VERTEX_POINT('',#8500);
#2732=VERTEX_POINT('',#8505);
#2733=VERTEX_POINT('',#8510);
#2734=VERTEX_POINT('',#8512);
#2735=VERTEX_POINT('',#8517);
#2736=VERTEX_POINT('',#8522);
#2737=VERTEX_POINT('',#8524);
#2738=VERTEX_POINT('',#8529);
#2739=VERTEX_POINT('',#8535);
#2740=VERTEX_POINT('',#8537);
#2741=VERTEX_POINT('',#8538);
#2742=VERTEX_POINT('',#8543);
#2743=VERTEX_POINT('',#8548);
#2744=VERTEX_POINT('',#8550);
#2745=VERTEX_POINT('',#8555);
#2746=VERTEX_POINT('',#8560);
#2747=VERTEX_POINT('',#8562);
#2748=VERTEX_POINT('',#8567);
#2749=VERTEX_POINT('',#8572);
#2750=VERTEX_POINT('',#8574);
#2751=VERTEX_POINT('',#8579);
#2752=VERTEX_POINT('',#8585);
#2753=VERTEX_POINT('',#8587);
#2754=VERTEX_POINT('',#8588);
#2755=VERTEX_POINT('',#8593);
#2756=VERTEX_POINT('',#8598);
#2757=VERTEX_POINT('',#8600);
#2758=VERTEX_POINT('',#8605);
#2759=VERTEX_POINT('',#8610);
#2760=VERTEX_POINT('',#8612);
#2761=VERTEX_POINT('',#8617);
#2762=VERTEX_POINT('',#8622);
#2763=VERTEX_POINT('',#8624);
#2764=VERTEX_POINT('',#8629);
#2765=VERTEX_POINT('',#8635);
#2766=VERTEX_POINT('',#8636);
#2767=VERTEX_POINT('',#8641);
#2768=VERTEX_POINT('',#8646);
#2769=VERTEX_POINT('',#8648);
#2770=VERTEX_POINT('',#8653);
#2771=VERTEX_POINT('',#8658);
#2772=VERTEX_POINT('',#8660);
#2773=VERTEX_POINT('',#8665);
#2774=VERTEX_POINT('',#8670);
#2775=VERTEX_POINT('',#8672);
#2776=VERTEX_POINT('',#8677);
#2777=VERTEX_POINT('',#8683);
#2778=VERTEX_POINT('',#8684);
#2779=VERTEX_POINT('',#8689);
#2780=VERTEX_POINT('',#8694);
#2781=VERTEX_POINT('',#8696);
#2782=VERTEX_POINT('',#8701);
#2783=VERTEX_POINT('',#8706);
#2784=VERTEX_POINT('',#8708);
#2785=VERTEX_POINT('',#8713);
#2786=VERTEX_POINT('',#8718);
#2787=VERTEX_POINT('',#8720);
#2788=VERTEX_POINT('',#8725);
#2789=VERTEX_POINT('',#8731);
#2790=VERTEX_POINT('',#8733);
#2791=VERTEX_POINT('',#8735);
#2792=VERTEX_POINT('',#8736);
#2793=VERTEX_POINT('',#8741);
#2794=VERTEX_POINT('',#8746);
#2795=VERTEX_POINT('',#8748);
#2796=VERTEX_POINT('',#8753);
#2797=VERTEX_POINT('',#8758);
#2798=VERTEX_POINT('',#8760);
#2799=VERTEX_POINT('',#8765);
#2800=VERTEX_POINT('',#8770);
#2801=VERTEX_POINT('',#8772);
#2802=VERTEX_POINT('',#8777);
#2803=VERTEX_POINT('',#8783);
#2804=VERTEX_POINT('',#8784);
#2805=VERTEX_POINT('',#8789);
#2806=VERTEX_POINT('',#8791);
#2807=VERTEX_POINT('',#8796);
#2808=VERTEX_POINT('',#8798);
#2809=VERTEX_POINT('',#8803);
#2810=VERTEX_POINT('',#8805);
#2811=VERTEX_POINT('',#8811);
#2812=VERTEX_POINT('',#8812);
#2813=VERTEX_POINT('',#8814);
#2814=VERTEX_POINT('',#8816);
#2815=VERTEX_POINT('',#8819);
#2816=VERTEX_POINT('',#8821);
#2817=VERTEX_POINT('',#8822);
#2818=VERTEX_POINT('',#8827);
#2819=VERTEX_POINT('',#8832);
#2820=VERTEX_POINT('',#8834);
#2821=VERTEX_POINT('',#8839);
#2822=VERTEX_POINT('',#8844);
#2823=VERTEX_POINT('',#8846);
#2824=VERTEX_POINT('',#8851);
#2825=VERTEX_POINT('',#8856);
#2826=VERTEX_POINT('',#8858);
#2827=VERTEX_POINT('',#8863);
#2828=VERTEX_POINT('',#8869);
#2829=VERTEX_POINT('',#8870);
#2830=VERTEX_POINT('',#8875);
#2831=VERTEX_POINT('',#8880);
#2832=VERTEX_POINT('',#8882);
#2833=VERTEX_POINT('',#8887);
#2834=VERTEX_POINT('',#8892);
#2835=VERTEX_POINT('',#8894);
#2836=VERTEX_POINT('',#8899);
#2837=VERTEX_POINT('',#8904);
#2838=VERTEX_POINT('',#8906);
#2839=VERTEX_POINT('',#8911);
#2840=VERTEX_POINT('',#8918);
#2841=VERTEX_POINT('',#8920);
#2842=VERTEX_POINT('',#8922);
#2843=VERTEX_POINT('',#8925);
#2844=VERTEX_POINT('',#8929);
#2845=VERTEX_POINT('',#8933);
#2846=VERTEX_POINT('',#8937);
#2847=VERTEX_POINT('',#8941);
#2848=VERTEX_POINT('',#8999);
#2849=VERTEX_POINT('',#9067);
#2850=VERTEX_POINT('',#9093);
#2851=VERTEX_POINT('',#9185);
#2852=VERTEX_POINT('',#9198);
#2853=VERTEX_POINT('',#9241);
#2854=VERTEX_POINT('',#9258);
#2855=VERTEX_POINT('',#9350);
#2856=VERTEX_POINT('',#9363);
#2857=VERTEX_POINT('',#9391);
#2858=VERTEX_POINT('',#9399);
#2859=VERTEX_POINT('',#9427);
#2860=VERTEX_POINT('',#9435);
#2861=VERTEX_POINT('',#9468);
#2862=VERTEX_POINT('',#9483);
#2863=VERTEX_POINT('',#9570);
#2864=VERTEX_POINT('',#9582);
#2865=VERTEX_POINT('',#9625);
#2866=VERTEX_POINT('',#9717);
#2867=VERTEX_POINT('',#9719);
#2868=VERTEX_POINT('',#9740);
#2869=VERTEX_POINT('',#9741);
#2870=VERTEX_POINT('',#9749);
#2871=VERTEX_POINT('',#9760);
#2872=VERTEX_POINT('',#9767);
#2873=VERTEX_POINT('',#9778);
#2874=VERTEX_POINT('',#9785);
#2875=VERTEX_POINT('',#9802);
#2876=VERTEX_POINT('',#9811);
#2877=VERTEX_POINT('',#9828);
#2878=VERTEX_POINT('',#9838);
#2879=VERTEX_POINT('',#9840);
#2880=VERTEX_POINT('',#9857);
#2881=VERTEX_POINT('',#9864);
#2882=VERTEX_POINT('',#9868);
#2883=VERTEX_POINT('',#9879);
#2884=VERTEX_POINT('',#9886);
#2885=VERTEX_POINT('',#9903);
#2886=VERTEX_POINT('',#9913);
#2887=VERTEX_POINT('',#9924);
#2888=VERTEX_POINT('',#9938);
#2889=VERTEX_POINT('',#9954);
#2890=VERTEX_POINT('',#9965);
#2891=VERTEX_POINT('',#9967);
#2892=VERTEX_POINT('',#9978);
#2893=VERTEX_POINT('',#9992);
#2894=VERTEX_POINT('',#9999);
#2895=VERTEX_POINT('',#10010);
#2896=VERTEX_POINT('',#10024);
#2897=VERTEX_POINT('',#10031);
#2898=VERTEX_POINT('',#10042);
#2899=VERTEX_POINT('',#10056);
#2900=VERTEX_POINT('',#10063);
#2901=VERTEX_POINT('',#10074);
#2902=VERTEX_POINT('',#10093);
#2903=VERTEX_POINT('',#10095);
#2904=VERTEX_POINT('',#10099);
#2905=VERTEX_POINT('',#10107);
#2906=VERTEX_POINT('',#10109);
#2907=VERTEX_POINT('',#10120);
#2908=VERTEX_POINT('',#10134);
#2909=VERTEX_POINT('',#10141);
#2910=VERTEX_POINT('',#10152);
#2911=VERTEX_POINT('',#10166);
#2912=VERTEX_POINT('',#10173);
#2913=VERTEX_POINT('',#10184);
#2914=VERTEX_POINT('',#10198);
#2915=VERTEX_POINT('',#10205);
#2916=VERTEX_POINT('',#10216);
#2917=VERTEX_POINT('',#10235);
#2918=VERTEX_POINT('',#10237);
#2919=VERTEX_POINT('',#10248);
#2920=VERTEX_POINT('',#10255);
#2921=VERTEX_POINT('',#10266);
#2922=VERTEX_POINT('',#10273);
#2923=VERTEX_POINT('',#10284);
#2924=VERTEX_POINT('',#10291);
#2925=VERTEX_POINT('',#10307);
#2926=VERTEX_POINT('',#10309);
#2927=VERTEX_POINT('',#10320);
#2928=VERTEX_POINT('',#10334);
#2929=VERTEX_POINT('',#10341);
#2930=VERTEX_POINT('',#10352);
#2931=VERTEX_POINT('',#10366);
#2932=VERTEX_POINT('',#10373);
#2933=VERTEX_POINT('',#10384);
#2934=VERTEX_POINT('',#10398);
#2935=VERTEX_POINT('',#10405);
#2936=VERTEX_POINT('',#10416);
#2937=VERTEX_POINT('',#10435);
#2938=VERTEX_POINT('',#10437);
#2939=VERTEX_POINT('',#10448);
#2940=VERTEX_POINT('',#10462);
#2941=VERTEX_POINT('',#10469);
#2942=VERTEX_POINT('',#10480);
#2943=VERTEX_POINT('',#10494);
#2944=VERTEX_POINT('',#10501);
#2945=VERTEX_POINT('',#10512);
#2946=VERTEX_POINT('',#10526);
#2947=VERTEX_POINT('',#10533);
#2948=VERTEX_POINT('',#10544);
#2949=VERTEX_POINT('',#10563);
#2950=VERTEX_POINT('',#10567);
#2951=VERTEX_POINT('',#10571);
#2952=VERTEX_POINT('',#10573);
#2953=VERTEX_POINT('',#10584);
#2954=VERTEX_POINT('',#10598);
#2955=VERTEX_POINT('',#10605);
#2956=VERTEX_POINT('',#10616);
#2957=VERTEX_POINT('',#10630);
#2958=VERTEX_POINT('',#10637);
#2959=VERTEX_POINT('',#10648);
#2960=VERTEX_POINT('',#10662);
#2961=VERTEX_POINT('',#10669);
#2962=VERTEX_POINT('',#10680);
#2963=VERTEX_POINT('',#10699);
#2964=VERTEX_POINT('',#10701);
#2965=VERTEX_POINT('',#10712);
#2966=VERTEX_POINT('',#10726);
#2967=VERTEX_POINT('',#10733);
#2968=VERTEX_POINT('',#10744);
#2969=VERTEX_POINT('',#10758);
#2970=VERTEX_POINT('',#10765);
#2971=VERTEX_POINT('',#10776);
#2972=VERTEX_POINT('',#10790);
#2973=VERTEX_POINT('',#10797);
#2974=VERTEX_POINT('',#10808);
#2975=VERTEX_POINT('',#10827);
#2976=VERTEX_POINT('',#10829);
#2977=VERTEX_POINT('',#10840);
#2978=VERTEX_POINT('',#10854);
#2979=VERTEX_POINT('',#10861);
#2980=VERTEX_POINT('',#10872);
#2981=VERTEX_POINT('',#10886);
#2982=VERTEX_POINT('',#10893);
#2983=VERTEX_POINT('',#10904);
#2984=VERTEX_POINT('',#10918);
#2985=VERTEX_POINT('',#10925);
#2986=VERTEX_POINT('',#10936);
#2987=VERTEX_POINT('',#10955);
#2988=VERTEX_POINT('',#10957);
#2989=VERTEX_POINT('',#10968);
#2990=VERTEX_POINT('',#10982);
#2991=VERTEX_POINT('',#10989);
#2992=VERTEX_POINT('',#11000);
#2993=VERTEX_POINT('',#11014);
#2994=VERTEX_POINT('',#11021);
#2995=VERTEX_POINT('',#11032);
#2996=VERTEX_POINT('',#11046);
#2997=VERTEX_POINT('',#11053);
#2998=VERTEX_POINT('',#11064);
#2999=VERTEX_POINT('',#11083);
#3000=VERTEX_POINT('',#11085);
#3001=VERTEX_POINT('',#11096);
#3002=VERTEX_POINT('',#11110);
#3003=VERTEX_POINT('',#11117);
#3004=VERTEX_POINT('',#11128);
#3005=VERTEX_POINT('',#11142);
#3006=VERTEX_POINT('',#11149);
#3007=VERTEX_POINT('',#11160);
#3008=VERTEX_POINT('',#11174);
#3009=VERTEX_POINT('',#11181);
#3010=VERTEX_POINT('',#11192);
#3011=VERTEX_POINT('',#11211);
#3012=VERTEX_POINT('',#11215);
#3013=VERTEX_POINT('',#11217);
#3014=VERTEX_POINT('',#11228);
#3015=VERTEX_POINT('',#11242);
#3016=VERTEX_POINT('',#11249);
#3017=VERTEX_POINT('',#11260);
#3018=VERTEX_POINT('',#11274);
#3019=VERTEX_POINT('',#11281);
#3020=VERTEX_POINT('',#11292);
#3021=VERTEX_POINT('',#11306);
#3022=VERTEX_POINT('',#11313);
#3023=VERTEX_POINT('',#11324);
#3024=VERTEX_POINT('',#11343);
#3025=VERTEX_POINT('',#11347);
#3026=VERTEX_POINT('',#11349);
#3027=VERTEX_POINT('',#11360);
#3028=VERTEX_POINT('',#11374);
#3029=VERTEX_POINT('',#11381);
#3030=VERTEX_POINT('',#11392);
#3031=VERTEX_POINT('',#11406);
#3032=VERTEX_POINT('',#11413);
#3033=VERTEX_POINT('',#11424);
#3034=VERTEX_POINT('',#11438);
#3035=VERTEX_POINT('',#11445);
#3036=VERTEX_POINT('',#11456);
#3037=VERTEX_POINT('',#11475);
#3038=VERTEX_POINT('',#11477);
#3039=VERTEX_POINT('',#11488);
#3040=VERTEX_POINT('',#11502);
#3041=VERTEX_POINT('',#11509);
#3042=VERTEX_POINT('',#11520);
#3043=VERTEX_POINT('',#11534);
#3044=VERTEX_POINT('',#11541);
#3045=VERTEX_POINT('',#11552);
#3046=VERTEX_POINT('',#11566);
#3047=VERTEX_POINT('',#11573);
#3048=VERTEX_POINT('',#11584);
#3049=VERTEX_POINT('',#11603);
#3050=VERTEX_POINT('',#11605);
#3051=VERTEX_POINT('',#11616);
#3052=VERTEX_POINT('',#11630);
#3053=VERTEX_POINT('',#11637);
#3054=VERTEX_POINT('',#11648);
#3055=VERTEX_POINT('',#11662);
#3056=VERTEX_POINT('',#11669);
#3057=VERTEX_POINT('',#11680);
#3058=VERTEX_POINT('',#11694);
#3059=VERTEX_POINT('',#11701);
#3060=VERTEX_POINT('',#11712);
#3061=VERTEX_POINT('',#11731);
#3062=VERTEX_POINT('',#11735);
#3063=VERTEX_POINT('',#11739);
#3064=VERTEX_POINT('',#11741);
#3065=VERTEX_POINT('',#11752);
#3066=VERTEX_POINT('',#11766);
#3067=VERTEX_POINT('',#11773);
#3068=VERTEX_POINT('',#11784);
#3069=VERTEX_POINT('',#11798);
#3070=VERTEX_POINT('',#11805);
#3071=VERTEX_POINT('',#11816);
#3072=VERTEX_POINT('',#11830);
#3073=VERTEX_POINT('',#11837);
#3074=VERTEX_POINT('',#11848);
#3075=VERTEX_POINT('',#11867);
#3076=VERTEX_POINT('',#11869);
#3077=VERTEX_POINT('',#11880);
#3078=VERTEX_POINT('',#11887);
#3079=VERTEX_POINT('',#11898);
#3080=VERTEX_POINT('',#11905);
#3081=VERTEX_POINT('',#11916);
#3082=VERTEX_POINT('',#11923);
#3083=VERTEX_POINT('',#11939);
#3084=VERTEX_POINT('',#11941);
#3085=VERTEX_POINT('',#11945);
#3086=VERTEX_POINT('',#11949);
#3087=VERTEX_POINT('',#11955);
#3088=VERTEX_POINT('',#11959);
#3089=VERTEX_POINT('',#11961);
#3090=VERTEX_POINT('',#11972);
#3091=VERTEX_POINT('',#11986);
#3092=VERTEX_POINT('',#11993);
#3093=VERTEX_POINT('',#12004);
#3094=VERTEX_POINT('',#12018);
#3095=VERTEX_POINT('',#12025);
#3096=VERTEX_POINT('',#12036);
#3097=VERTEX_POINT('',#12050);
#3098=VERTEX_POINT('',#12057);
#3099=VERTEX_POINT('',#12068);
#3100=VERTEX_POINT('',#12087);
#3101=VERTEX_POINT('',#12089);
#3102=VERTEX_POINT('',#12100);
#3103=VERTEX_POINT('',#12114);
#3104=VERTEX_POINT('',#12121);
#3105=VERTEX_POINT('',#12132);
#3106=VERTEX_POINT('',#12146);
#3107=VERTEX_POINT('',#12153);
#3108=VERTEX_POINT('',#12164);
#3109=VERTEX_POINT('',#12178);
#3110=VERTEX_POINT('',#12185);
#3111=VERTEX_POINT('',#12196);
#3112=VERTEX_POINT('',#12237);
#3113=VERTEX_POINT('',#12320);
#3114=VERTEX_POINT('',#12322);
#3115=VERTEX_POINT('',#12326);
#3116=VERTEX_POINT('',#12328);
#3117=VERTEX_POINT('',#12332);
#3118=VERTEX_POINT('',#12334);
#3119=VERTEX_POINT('',#12338);
#3120=VERTEX_POINT('',#12340);
#3121=VERTEX_POINT('',#12344);
#3122=VERTEX_POINT('',#12346);
#3123=VERTEX_POINT('',#12350);
#3124=VERTEX_POINT('',#12352);
#3125=VERTEX_POINT('',#12356);
#3126=VERTEX_POINT('',#12358);
#3127=VERTEX_POINT('',#12362);
#3128=VERTEX_POINT('',#12363);
#3129=VERTEX_POINT('',#12365);
#3130=VERTEX_POINT('',#12367);
#3131=VERTEX_POINT('',#12396);
#3132=VERTEX_POINT('',#12410);
#3133=VERTEX_POINT('',#12426);
#3134=VERTEX_POINT('',#12428);
#3135=VERTEX_POINT('',#12451);
#3136=VERTEX_POINT('',#12462);
#3137=VERTEX_POINT('',#12475);
#3138=VERTEX_POINT('',#12477);
#3139=VERTEX_POINT('',#12481);
#3140=VERTEX_POINT('',#12483);
#3141=VERTEX_POINT('',#12487);
#3142=VERTEX_POINT('',#12489);
#3143=VERTEX_POINT('',#12500);
#3144=VERTEX_POINT('',#12505);
#3145=VERTEX_POINT('',#12519);
#3146=VERTEX_POINT('',#12524);
#3147=VERTEX_POINT('',#12531);
#3148=VERTEX_POINT('',#12533);
#3149=VERTEX_POINT('',#12568);
#3150=VERTEX_POINT('',#12585);
#3151=VERTEX_POINT('',#12604);
#3152=VERTEX_POINT('',#12606);
#3153=VERTEX_POINT('',#12623);
#3154=VERTEX_POINT('',#12631);
#3155=VERTEX_POINT('',#12641);
#3156=VERTEX_POINT('',#12643);
#3157=VERTEX_POINT('',#12654);
#3158=VERTEX_POINT('',#12659);
#3159=VERTEX_POINT('',#12666);
#3160=VERTEX_POINT('',#12668);
#3161=VERTEX_POINT('',#12685);
#3162=VERTEX_POINT('',#12693);
#3163=VERTEX_POINT('',#12703);
#3164=VERTEX_POINT('',#12705);
#3165=VERTEX_POINT('',#12716);
#3166=VERTEX_POINT('',#12721);
#3167=VERTEX_POINT('',#12728);
#3168=VERTEX_POINT('',#12730);
#3169=EDGE_CURVE('',#2533,#2534,#1413,.T.);
#3170=EDGE_CURVE('',#2535,#2533,#1414,.T.);
#3171=EDGE_CURVE('',#2536,#2535,#1415,.T.);
#3172=EDGE_CURVE('',#2537,#2536,#1062,.T.);
#3173=EDGE_CURVE('',#2538,#2537,#1416,.T.);
#3174=EDGE_CURVE('',#2539,#2538,#1063,.T.);
#3175=EDGE_CURVE('',#2540,#2539,#1417,.T.);
#3176=EDGE_CURVE('',#2541,#2540,#1064,.T.);
#3177=EDGE_CURVE('',#2542,#2541,#1418,.T.);
#3178=EDGE_CURVE('',#2543,#2542,#1065,.T.);
#3179=EDGE_CURVE('',#2544,#2543,#1419,.T.);
#3180=EDGE_CURVE('',#2545,#2544,#1066,.T.);
#3181=EDGE_CURVE('',#2546,#2545,#1420,.T.);
#3182=EDGE_CURVE('',#2547,#2546,#1067,.T.);
#3183=EDGE_CURVE('',#2548,#2547,#1421,.T.);
#3184=EDGE_CURVE('',#2549,#2548,#1068,.T.);
#3185=EDGE_CURVE('',#2550,#2549,#1422,.T.);
#3186=EDGE_CURVE('',#2551,#2550,#1069,.T.);
#3187=EDGE_CURVE('',#2552,#2551,#1423,.T.);
#3188=EDGE_CURVE('',#2553,#2552,#1070,.T.);
#3189=EDGE_CURVE('',#2554,#2553,#1424,.T.);
#3190=EDGE_CURVE('',#2555,#2554,#1071,.T.);
#3191=EDGE_CURVE('',#2556,#2555,#1072,.T.);
#3192=EDGE_CURVE('',#2557,#2556,#1012,.T.);
#3193=EDGE_CURVE('',#2558,#2557,#1425,.T.);
#3194=EDGE_CURVE('',#2559,#2558,#1426,.T.);
#3195=EDGE_CURVE('',#2560,#2559,#1427,.T.);
#3196=EDGE_CURVE('',#2561,#2560,#1013,.T.);
#3197=EDGE_CURVE('',#2562,#2561,#1073,.T.);
#3198=EDGE_CURVE('',#2563,#2562,#1074,.T.);
#3199=EDGE_CURVE('',#2564,#2563,#1428,.T.);
#3200=EDGE_CURVE('',#2565,#2564,#1075,.T.);
#3201=EDGE_CURVE('',#2566,#2565,#1429,.T.);
#3202=EDGE_CURVE('',#2567,#2566,#1076,.T.);
#3203=EDGE_CURVE('',#2568,#2567,#1430,.T.);
#3204=EDGE_CURVE('',#2569,#2568,#1077,.T.);
#3205=EDGE_CURVE('',#2570,#2569,#1431,.T.);
#3206=EDGE_CURVE('',#2571,#2570,#1078,.T.);
#3207=EDGE_CURVE('',#2572,#2571,#1432,.T.);
#3208=EDGE_CURVE('',#2573,#2572,#1079,.T.);
#3209=EDGE_CURVE('',#2574,#2573,#1433,.T.);
#3210=EDGE_CURVE('',#2575,#2574,#1080,.T.);
#3211=EDGE_CURVE('',#2576,#2575,#1434,.T.);
#3212=EDGE_CURVE('',#2577,#2576,#1081,.T.);
#3213=EDGE_CURVE('',#2578,#2577,#1435,.T.);
#3214=EDGE_CURVE('',#2579,#2578,#1082,.T.);
#3215=EDGE_CURVE('',#2534,#2579,#1436,.T.);
#3216=EDGE_CURVE('',#2580,#2535,#1437,.T.);
#3217=EDGE_CURVE('',#2581,#2533,#1438,.T.);
#3218=EDGE_CURVE('',#2581,#2580,#1439,.T.);
#3219=EDGE_CURVE('',#2581,#2582,#1440,.T.);
#3220=EDGE_CURVE('',#2582,#2583,#1441,.T.);
#3221=EDGE_CURVE('',#2583,#2580,#1442,.T.);
#3222=EDGE_CURVE('',#2558,#2583,#1443,.T.);
#3223=EDGE_CURVE('',#2582,#2559,#1444,.T.);
#3224=EDGE_CURVE('',#2584,#2534,#1445,.T.);
#3225=EDGE_CURVE('',#2584,#2585,#1446,.T.);
#3226=EDGE_CURVE('',#2586,#2585,#1447,.T.);
#3227=EDGE_CURVE('',#2587,#2586,#1448,.T.);
#3228=EDGE_CURVE('',#2588,#2587,#1449,.T.);
#3229=EDGE_CURVE('',#2588,#2589,#1450,.T.);
#3230=EDGE_CURVE('',#2589,#2560,#1451,.T.);
#3231=EDGE_CURVE('',#2590,#2591,#1452,.T.);
#3232=EDGE_CURVE('',#2591,#2587,#1453,.T.);
#3233=EDGE_CURVE('',#2586,#2590,#1454,.T.);
#3234=EDGE_CURVE('',#2592,#2588,#1014,.T.);
#3235=EDGE_CURVE('',#2593,#2592,#1455,.T.);
#3236=EDGE_CURVE('',#2589,#2593,#1015,.T.);
#3237=EDGE_CURVE('',#2585,#2594,#1016,.T.);
#3238=EDGE_CURVE('',#2595,#2584,#261,.T.);
#3239=EDGE_CURVE('',#2594,#2595,#1456,.T.);
#3240=EDGE_CURVE('',#2594,#2596,#1457,.T.);
#3241=EDGE_CURVE('',#2595,#2597,#1458,.T.);
#3242=EDGE_CURVE('',#2597,#2598,#1083,.T.);
#3243=EDGE_CURVE('',#2598,#2599,#1459,.T.);
#3244=EDGE_CURVE('',#2599,#2600,#1084,.T.);
#3245=EDGE_CURVE('',#2600,#2601,#1460,.T.);
#3246=EDGE_CURVE('',#2601,#2602,#1085,.T.);
#3247=EDGE_CURVE('',#2602,#2603,#1461,.T.);
#3248=EDGE_CURVE('',#2603,#2604,#1086,.T.);
#3249=EDGE_CURVE('',#2604,#2605,#1462,.T.);
#3250=EDGE_CURVE('',#2605,#2606,#1087,.T.);
#3251=EDGE_CURVE('',#2606,#2607,#1463,.T.);
#3252=EDGE_CURVE('',#2607,#2608,#1088,.T.);
#3253=EDGE_CURVE('',#2608,#2609,#1464,.T.);
#3254=EDGE_CURVE('',#2609,#2610,#1089,.T.);
#3255=EDGE_CURVE('',#2610,#2611,#1465,.T.);
#3256=EDGE_CURVE('',#2611,#2612,#1090,.T.);
#3257=EDGE_CURVE('',#2612,#2613,#1466,.T.);
#3258=EDGE_CURVE('',#2613,#2614,#1091,.T.);
#3259=EDGE_CURVE('',#2614,#2615,#1092,.T.);
#3260=EDGE_CURVE('',#2615,#2593,#1017,.T.);
#3261=EDGE_CURVE('',#2616,#2592,#1467,.T.);
#3262=EDGE_CURVE('',#2616,#2617,#1468,.T.);
#3263=EDGE_CURVE('',#2617,#2618,#1469,.T.);
#3264=EDGE_CURVE('',#2618,#2619,#1470,.T.);
#3265=EDGE_CURVE('',#2619,#2620,#1471,.T.);
#3266=EDGE_CURVE('',#2620,#2596,#1472,.T.);
#3267=EDGE_CURVE('',#2621,#2622,#1093,.T.);
#3268=EDGE_CURVE('',#2622,#2623,#1094,.T.);
#3269=EDGE_CURVE('',#2623,#2624,#1473,.T.);
#3270=EDGE_CURVE('',#2624,#2625,#1095,.T.);
#3271=EDGE_CURVE('',#2625,#2626,#1096,.T.);
#3272=EDGE_CURVE('',#2626,#2627,#1474,.T.);
#3273=EDGE_CURVE('',#2627,#2628,#1097,.T.);
#3274=EDGE_CURVE('',#2628,#2629,#1098,.T.);
#3275=EDGE_CURVE('',#2629,#2630,#1475,.T.);
#3276=EDGE_CURVE('',#2630,#2631,#1099,.T.);
#3277=EDGE_CURVE('',#2631,#2632,#1100,.T.);
#3278=EDGE_CURVE('',#2632,#2621,#1476,.T.);
#3279=EDGE_CURVE('',#2633,#2634,#1101,.T.);
#3280=EDGE_CURVE('',#2634,#2635,#1102,.T.);
#3281=EDGE_CURVE('',#2635,#2636,#1477,.T.);
#3282=EDGE_CURVE('',#2636,#2637,#1103,.T.);
#3283=EDGE_CURVE('',#2637,#2638,#1104,.T.);
#3284=EDGE_CURVE('',#2638,#2639,#1478,.T.);
#3285=EDGE_CURVE('',#2639,#2640,#1105,.T.);
#3286=EDGE_CURVE('',#2640,#2641,#1106,.T.);
#3287=EDGE_CURVE('',#2641,#2642,#1479,.T.);
#3288=EDGE_CURVE('',#2642,#2643,#1107,.T.);
#3289=EDGE_CURVE('',#2643,#2644,#1108,.T.);
#3290=EDGE_CURVE('',#2644,#2633,#1480,.T.);
#3291=EDGE_CURVE('',#2645,#2646,#1109,.T.);
#3292=EDGE_CURVE('',#2646,#2647,#1481,.T.);
#3293=EDGE_CURVE('',#2647,#2648,#1110,.T.);
#3294=EDGE_CURVE('',#2648,#2649,#1482,.T.);
#3295=EDGE_CURVE('',#2649,#2650,#1111,.T.);
#3296=EDGE_CURVE('',#2650,#2651,#1483,.T.);
#3297=EDGE_CURVE('',#2651,#2652,#1112,.T.);
#3298=EDGE_CURVE('',#2652,#2645,#1484,.T.);
#3299=EDGE_CURVE('',#2653,#2654,#1113,.T.);
#3300=EDGE_CURVE('',#2654,#2655,#1114,.T.);
#3301=EDGE_CURVE('',#2655,#2656,#1485,.T.);
#3302=EDGE_CURVE('',#2656,#2657,#1115,.T.);
#3303=EDGE_CURVE('',#2657,#2658,#1116,.T.);
#3304=EDGE_CURVE('',#2658,#2659,#1486,.T.);
#3305=EDGE_CURVE('',#2659,#2660,#1117,.T.);
#3306=EDGE_CURVE('',#2660,#2661,#1118,.T.);
#3307=EDGE_CURVE('',#2661,#2662,#1487,.T.);
#3308=EDGE_CURVE('',#2662,#2663,#1119,.T.);
#3309=EDGE_CURVE('',#2663,#2664,#1120,.T.);
#3310=EDGE_CURVE('',#2664,#2653,#1488,.T.);
#3311=EDGE_CURVE('',#2665,#2666,#1121,.T.);
#3312=EDGE_CURVE('',#2666,#2667,#1122,.T.);
#3313=EDGE_CURVE('',#2667,#2668,#1489,.T.);
#3314=EDGE_CURVE('',#2668,#2669,#1123,.T.);
#3315=EDGE_CURVE('',#2669,#2670,#1124,.T.);
#3316=EDGE_CURVE('',#2670,#2671,#1490,.T.);
#3317=EDGE_CURVE('',#2671,#2672,#1125,.T.);
#3318=EDGE_CURVE('',#2672,#2673,#1126,.T.);
#3319=EDGE_CURVE('',#2673,#2674,#1491,.T.);
#3320=EDGE_CURVE('',#2674,#2675,#1127,.T.);
#3321=EDGE_CURVE('',#2675,#2676,#1128,.T.);
#3322=EDGE_CURVE('',#2676,#2665,#1492,.T.);
#3323=EDGE_CURVE('',#2677,#2677,#1018,.T.);
#3324=EDGE_CURVE('',#2678,#2678,#1019,.T.);
#3325=EDGE_CURVE('',#2679,#2680,#1129,.T.);
#3326=EDGE_CURVE('',#2680,#2681,#1130,.T.);
#3327=EDGE_CURVE('',#2681,#2682,#1493,.T.);
#3328=EDGE_CURVE('',#2682,#2683,#1131,.T.);
#3329=EDGE_CURVE('',#2683,#2684,#1132,.T.);
#3330=EDGE_CURVE('',#2684,#2685,#1494,.T.);
#3331=EDGE_CURVE('',#2685,#2686,#1133,.T.);
#3332=EDGE_CURVE('',#2686,#2687,#1134,.T.);
#3333=EDGE_CURVE('',#2687,#2688,#1495,.T.);
#3334=EDGE_CURVE('',#2688,#2689,#1135,.T.);
#3335=EDGE_CURVE('',#2689,#2690,#1136,.T.);
#3336=EDGE_CURVE('',#2690,#2679,#1496,.T.);
#3337=EDGE_CURVE('',#2691,#2692,#1137,.T.);
#3338=EDGE_CURVE('',#2692,#2693,#1138,.T.);
#3339=EDGE_CURVE('',#2693,#2694,#1497,.T.);
#3340=EDGE_CURVE('',#2694,#2695,#1139,.T.);
#3341=EDGE_CURVE('',#2695,#2696,#1140,.T.);
#3342=EDGE_CURVE('',#2696,#2697,#1498,.T.);
#3343=EDGE_CURVE('',#2697,#2698,#1141,.T.);
#3344=EDGE_CURVE('',#2698,#2699,#1142,.T.);
#3345=EDGE_CURVE('',#2699,#2700,#1499,.T.);
#3346=EDGE_CURVE('',#2700,#2701,#1143,.T.);
#3347=EDGE_CURVE('',#2701,#2702,#1144,.T.);
#3348=EDGE_CURVE('',#2702,#2691,#1500,.T.);
#3349=EDGE_CURVE('',#2703,#2704,#1145,.T.);
#3350=EDGE_CURVE('',#2704,#2705,#1146,.T.);
#3351=EDGE_CURVE('',#2705,#2706,#1501,.T.);
#3352=EDGE_CURVE('',#2706,#2707,#1147,.T.);
#3353=EDGE_CURVE('',#2707,#2708,#1148,.T.);
#3354=EDGE_CURVE('',#2708,#2709,#1502,.T.);
#3355=EDGE_CURVE('',#2709,#2710,#1149,.T.);
#3356=EDGE_CURVE('',#2710,#2711,#1150,.T.);
#3357=EDGE_CURVE('',#2711,#2712,#1503,.T.);
#3358=EDGE_CURVE('',#2712,#2713,#1151,.T.);
#3359=EDGE_CURVE('',#2713,#2714,#1152,.T.);
#3360=EDGE_CURVE('',#2714,#2703,#1504,.T.);
#3361=EDGE_CURVE('',#2715,#2716,#1153,.T.);
#3362=EDGE_CURVE('',#2716,#2717,#1154,.T.);
#3363=EDGE_CURVE('',#2717,#2718,#1505,.T.);
#3364=EDGE_CURVE('',#2718,#2719,#1155,.T.);
#3365=EDGE_CURVE('',#2719,#2720,#1156,.T.);
#3366=EDGE_CURVE('',#2720,#2721,#1506,.T.);
#3367=EDGE_CURVE('',#2721,#2722,#1157,.T.);
#3368=EDGE_CURVE('',#2722,#2723,#1158,.T.);
#3369=EDGE_CURVE('',#2723,#2724,#1507,.T.);
#3370=EDGE_CURVE('',#2724,#2725,#1159,.T.);
#3371=EDGE_CURVE('',#2725,#2726,#1160,.T.);
#3372=EDGE_CURVE('',#2726,#2715,#1508,.T.);
#3373=EDGE_CURVE('',#2727,#2728,#1161,.T.);
#3374=EDGE_CURVE('',#2728,#2729,#1162,.T.);
#3375=EDGE_CURVE('',#2729,#2730,#1509,.T.);
#3376=EDGE_CURVE('',#2730,#2731,#1163,.T.);
#3377=EDGE_CURVE('',#2731,#2732,#1164,.T.);
#3378=EDGE_CURVE('',#2732,#2733,#1510,.T.);
#3379=EDGE_CURVE('',#2733,#2734,#1165,.T.);
#3380=EDGE_CURVE('',#2734,#2735,#1166,.T.);
#3381=EDGE_CURVE('',#2735,#2736,#1511,.T.);
#3382=EDGE_CURVE('',#2736,#2737,#1167,.T.);
#3383=EDGE_CURVE('',#2737,#2738,#1168,.T.);
#3384=EDGE_CURVE('',#2738,#2727,#1512,.T.);
#3385=EDGE_CURVE('',#2739,#2739,#1020,.T.);
#3386=EDGE_CURVE('',#2740,#2741,#1169,.T.);
#3387=EDGE_CURVE('',#2741,#2742,#1170,.T.);
#3388=EDGE_CURVE('',#2742,#2743,#1513,.T.);
#3389=EDGE_CURVE('',#2743,#2744,#1171,.T.);
#3390=EDGE_CURVE('',#2744,#2745,#1172,.T.);
#3391=EDGE_CURVE('',#2745,#2746,#1514,.T.);
#3392=EDGE_CURVE('',#2746,#2747,#1173,.T.);
#3393=EDGE_CURVE('',#2747,#2748,#1174,.T.);
#3394=EDGE_CURVE('',#2748,#2749,#1515,.T.);
#3395=EDGE_CURVE('',#2749,#2750,#1175,.T.);
#3396=EDGE_CURVE('',#2750,#2751,#1176,.T.);
#3397=EDGE_CURVE('',#2751,#2740,#1516,.T.);
#3398=EDGE_CURVE('',#2752,#2752,#1021,.T.);
#3399=EDGE_CURVE('',#2753,#2754,#1177,.T.);
#3400=EDGE_CURVE('',#2754,#2755,#1178,.T.);
#3401=EDGE_CURVE('',#2755,#2756,#1517,.T.);
#3402=EDGE_CURVE('',#2756,#2757,#1179,.T.);
#3403=EDGE_CURVE('',#2757,#2758,#1180,.T.);
#3404=EDGE_CURVE('',#2758,#2759,#1518,.T.);
#3405=EDGE_CURVE('',#2759,#2760,#1181,.T.);
#3406=EDGE_CURVE('',#2760,#2761,#1182,.T.);
#3407=EDGE_CURVE('',#2761,#2762,#1519,.T.);
#3408=EDGE_CURVE('',#2762,#2763,#1183,.T.);
#3409=EDGE_CURVE('',#2763,#2764,#1184,.T.);
#3410=EDGE_CURVE('',#2764,#2753,#1520,.T.);
#3411=EDGE_CURVE('',#2765,#2766,#1185,.T.);
#3412=EDGE_CURVE('',#2766,#2767,#1186,.T.);
#3413=EDGE_CURVE('',#2767,#2768,#1521,.T.);
#3414=EDGE_CURVE('',#2768,#2769,#1187,.T.);
#3415=EDGE_CURVE('',#2769,#2770,#1188,.T.);
#3416=EDGE_CURVE('',#2770,#2771,#1522,.T.);
#3417=EDGE_CURVE('',#2771,#2772,#1189,.T.);
#3418=EDGE_CURVE('',#2772,#2773,#1190,.T.);
#3419=EDGE_CURVE('',#2773,#2774,#1523,.T.);
#3420=EDGE_CURVE('',#2774,#2775,#1191,.T.);
#3421=EDGE_CURVE('',#2775,#2776,#1192,.T.);
#3422=EDGE_CURVE('',#2776,#2765,#1524,.T.);
#3423=EDGE_CURVE('',#2777,#2778,#1193,.T.);
#3424=EDGE_CURVE('',#2778,#2779,#1194,.T.);
#3425=EDGE_CURVE('',#2779,#2780,#1525,.T.);
#3426=EDGE_CURVE('',#2780,#2781,#1195,.T.);
#3427=EDGE_CURVE('',#2781,#2782,#1196,.T.);
#3428=EDGE_CURVE('',#2782,#2783,#1526,.T.);
#3429=EDGE_CURVE('',#2783,#2784,#1197,.T.);
#3430=EDGE_CURVE('',#2784,#2785,#1198,.T.);
#3431=EDGE_CURVE('',#2785,#2786,#1527,.T.);
#3432=EDGE_CURVE('',#2786,#2787,#1199,.T.);
#3433=EDGE_CURVE('',#2787,#2788,#1200,.T.);
#3434=EDGE_CURVE('',#2788,#2777,#1528,.T.);
#3435=EDGE_CURVE('',#2789,#2789,#1022,.T.);
#3436=EDGE_CURVE('',#2790,#2790,#1023,.T.);
#3437=EDGE_CURVE('',#2791,#2792,#1201,.T.);
#3438=EDGE_CURVE('',#2792,#2793,#1202,.T.);
#3439=EDGE_CURVE('',#2793,#2794,#1529,.T.);
#3440=EDGE_CURVE('',#2794,#2795,#1203,.T.);
#3441=EDGE_CURVE('',#2795,#2796,#1204,.T.);
#3442=EDGE_CURVE('',#2796,#2797,#1530,.T.);
#3443=EDGE_CURVE('',#2797,#2798,#1205,.T.);
#3444=EDGE_CURVE('',#2798,#2799,#1206,.T.);
#3445=EDGE_CURVE('',#2799,#2800,#1531,.T.);
#3446=EDGE_CURVE('',#2800,#2801,#1207,.T.);
#3447=EDGE_CURVE('',#2801,#2802,#1208,.T.);
#3448=EDGE_CURVE('',#2802,#2791,#1532,.T.);
#3449=EDGE_CURVE('',#2803,#2804,#1209,.T.);
#3450=EDGE_CURVE('',#2804,#2805,#1533,.T.);
#3451=EDGE_CURVE('',#2805,#2806,#1210,.T.);
#3452=EDGE_CURVE('',#2806,#2807,#1534,.T.);
#3453=EDGE_CURVE('',#2807,#2808,#1211,.T.);
#3454=EDGE_CURVE('',#2808,#2809,#1535,.T.);
#3455=EDGE_CURVE('',#2809,#2810,#1212,.T.);
#3456=EDGE_CURVE('',#2810,#2803,#1536,.T.);
#3457=EDGE_CURVE('',#2811,#2812,#1537,.T.);
#3458=EDGE_CURVE('',#2812,#2813,#1538,.T.);
#3459=EDGE_CURVE('',#2813,#2814,#1539,.T.);
#3460=EDGE_CURVE('',#2814,#2811,#1540,.T.);
#3461=EDGE_CURVE('',#2815,#2815,#1024,.T.);
#3462=EDGE_CURVE('',#2816,#2817,#1213,.T.);
#3463=EDGE_CURVE('',#2817,#2818,#1214,.T.);
#3464=EDGE_CURVE('',#2818,#2819,#1541,.T.);
#3465=EDGE_CURVE('',#2819,#2820,#1215,.T.);
#3466=EDGE_CURVE('',#2820,#2821,#1216,.T.);
#3467=EDGE_CURVE('',#2821,#2822,#1542,.T.);
#3468=EDGE_CURVE('',#2822,#2823,#1217,.T.);
#3469=EDGE_CURVE('',#2823,#2824,#1218,.T.);
#3470=EDGE_CURVE('',#2824,#2825,#1543,.T.);
#3471=EDGE_CURVE('',#2825,#2826,#1219,.T.);
#3472=EDGE_CURVE('',#2826,#2827,#1220,.T.);
#3473=EDGE_CURVE('',#2827,#2816,#1544,.T.);
#3474=EDGE_CURVE('',#2828,#2829,#1221,.T.);
#3475=EDGE_CURVE('',#2829,#2830,#1222,.T.);
#3476=EDGE_CURVE('',#2830,#2831,#1545,.T.);
#3477=EDGE_CURVE('',#2831,#2832,#1223,.T.);
#3478=EDGE_CURVE('',#2832,#2833,#1224,.T.);
#3479=EDGE_CURVE('',#2833,#2834,#1546,.T.);
#3480=EDGE_CURVE('',#2834,#2835,#1225,.T.);
#3481=EDGE_CURVE('',#2835,#2836,#1226,.T.);
#3482=EDGE_CURVE('',#2836,#2837,#1547,.T.);
#3483=EDGE_CURVE('',#2837,#2838,#1227,.T.);
#3484=EDGE_CURVE('',#2838,#2839,#1228,.T.);
#3485=EDGE_CURVE('',#2839,#2828,#1548,.T.);
#3486=EDGE_CURVE('',#2840,#2536,#1549,.T.);
#3487=EDGE_CURVE('',#2841,#2557,#1550,.T.);
#3488=EDGE_CURVE('',#2841,#2842,#1551,.T.);
#3489=EDGE_CURVE('',#2591,#2842,#1552,.T.);
#3490=EDGE_CURVE('',#2843,#2590,#1553,.T.);
#3491=EDGE_CURVE('',#2843,#2840,#1554,.T.);
#3492=EDGE_CURVE('',#2844,#2843,#1555,.T.);
#3493=EDGE_CURVE('',#2596,#2844,#1556,.T.);
#3494=EDGE_CURVE('',#2842,#2845,#1557,.T.);
#3495=EDGE_CURVE('',#2845,#2616,#1558,.T.);
#3496=EDGE_CURVE('',#2620,#2846,#1559,.T.);
#3497=EDGE_CURVE('',#2846,#2844,#1560,.T.);
#3498=EDGE_CURVE('',#2847,#2615,#1025,.T.);
#3499=EDGE_CURVE('',#2589,#2847,#1026,.T.);
#3500=EDGE_CURVE('',#2848,#2614,#1027,.T.);
#3501=EDGE_CURVE('',#2847,#2848,#1229,.T.);
#3502=EDGE_CURVE('',#2849,#2613,#1230,.T.);
#3503=EDGE_CURVE('',#2848,#2849,#1231,.T.);
#3504=EDGE_CURVE('',#2850,#2612,#1232,.T.);
#3505=EDGE_CURVE('',#2849,#2850,#1561,.T.);
#3506=EDGE_CURVE('',#2851,#2611,#1028,.T.);
#3507=EDGE_CURVE('',#2850,#2851,#1233,.T.);
#3508=EDGE_CURVE('',#2852,#2610,#1029,.T.);
#3509=EDGE_CURVE('',#2851,#2852,#1562,.T.);
#3510=EDGE_CURVE('',#2853,#2609,#1234,.T.);
#3511=EDGE_CURVE('',#2852,#2853,#1235,.T.);
#3512=EDGE_CURVE('',#2854,#2608,#1236,.T.);
#3513=EDGE_CURVE('',#2853,#2854,#1563,.T.);
#3514=EDGE_CURVE('',#2855,#2607,#1030,.T.);
#3515=EDGE_CURVE('',#2854,#2855,#1237,.T.);
#3516=EDGE_CURVE('',#2856,#2606,#1031,.T.);
#3517=EDGE_CURVE('',#2855,#2856,#1564,.T.);
#3518=EDGE_CURVE('',#2857,#2605,#1032,.T.);
#3519=EDGE_CURVE('',#2856,#2857,#1238,.T.);
#3520=EDGE_CURVE('',#2858,#2604,#1033,.T.);
#3521=EDGE_CURVE('',#2857,#2858,#1565,.T.);
#3522=EDGE_CURVE('',#2859,#2603,#1034,.T.);
#3523=EDGE_CURVE('',#2858,#2859,#1239,.T.);
#3524=EDGE_CURVE('',#2860,#2602,#1035,.T.);
#3525=EDGE_CURVE('',#2859,#2860,#1566,.T.);
#3526=EDGE_CURVE('',#2861,#2601,#1240,.T.);
#3527=EDGE_CURVE('',#2860,#2861,#1241,.T.);
#3528=EDGE_CURVE('',#2862,#2600,#1242,.T.);
#3529=EDGE_CURVE('',#2861,#2862,#1567,.T.);
#3530=EDGE_CURVE('',#2863,#2599,#1036,.T.);
#3531=EDGE_CURVE('',#2862,#2863,#1243,.T.);
#3532=EDGE_CURVE('',#2864,#2598,#1037,.T.);
#3533=EDGE_CURVE('',#2863,#2864,#1568,.T.);
#3534=EDGE_CURVE('',#2865,#2597,#1244,.T.);
#3535=EDGE_CURVE('',#2864,#2865,#1245,.T.);
#3536=EDGE_CURVE('',#2865,#2584,#1569,.T.);
#3537=EDGE_CURVE('',#2856,#2570,#1570,.T.);
#3538=EDGE_CURVE('',#2855,#2569,#1571,.T.);
#3539=EDGE_CURVE('',#2854,#2568,#1572,.T.);
#3540=EDGE_CURVE('',#2853,#2567,#1573,.T.);
#3541=EDGE_CURVE('',#2852,#2566,#1574,.T.);
#3542=EDGE_CURVE('',#2851,#2565,#1575,.T.);
#3543=EDGE_CURVE('',#2850,#2564,#1576,.T.);
#3544=EDGE_CURVE('',#2849,#2563,#1577,.T.);
#3545=EDGE_CURVE('',#2866,#2562,#1578,.T.);
#3546=EDGE_CURVE('',#2867,#2866,#1579,.T.);
#3547=EDGE_CURVE('',#2848,#2867,#1580,.T.);
#3548=EDGE_CURVE('',#2847,#2561,#1581,.T.);
#3549=EDGE_CURVE('',#2868,#2869,#1246,.T.);
#3550=EDGE_CURVE('',#2869,#2549,#1582,.T.);
#3551=EDGE_CURVE('',#2868,#2548,#1583,.T.);
#3552=EDGE_CURVE('',#2870,#2868,#1584,.T.);
#3553=EDGE_CURVE('',#2870,#2547,#1585,.T.);
#3554=EDGE_CURVE('',#2871,#2870,#1247,.T.);
#3555=EDGE_CURVE('',#2871,#2546,#1586,.T.);
#3556=EDGE_CURVE('',#2872,#2871,#1587,.T.);
#3557=EDGE_CURVE('',#2872,#2545,#1588,.T.);
#3558=EDGE_CURVE('',#2873,#2872,#1248,.T.);
#3559=EDGE_CURVE('',#2873,#2544,#1589,.T.);
#3560=EDGE_CURVE('',#2874,#2873,#1590,.T.);
#3561=EDGE_CURVE('',#2874,#2543,#1591,.T.);
#3562=EDGE_CURVE('',#2875,#2874,#1249,.T.);
#3563=EDGE_CURVE('',#2875,#2542,#1592,.T.);
#3564=EDGE_CURVE('',#2876,#2875,#1593,.T.);
#3565=EDGE_CURVE('',#2876,#2541,#1594,.T.);
#3566=EDGE_CURVE('',#2877,#2876,#1250,.T.);
#3567=EDGE_CURVE('',#2877,#2540,#1595,.T.);
#3568=EDGE_CURVE('',#2878,#2877,#1596,.T.);
#3569=EDGE_CURVE('',#2879,#2539,#1597,.T.);
#3570=EDGE_CURVE('',#2878,#2879,#1598,.T.);
#3571=EDGE_CURVE('',#2880,#2878,#1251,.T.);
#3572=EDGE_CURVE('',#2881,#2538,#1599,.T.);
#3573=EDGE_CURVE('',#2880,#2881,#1600,.T.);
#3574=EDGE_CURVE('',#2869,#2882,#1601,.T.);
#3575=EDGE_CURVE('',#2882,#2550,#1602,.T.);
#3576=EDGE_CURVE('',#2882,#2883,#1252,.T.);
#3577=EDGE_CURVE('',#2883,#2551,#1603,.T.);
#3578=EDGE_CURVE('',#2883,#2884,#1604,.T.);
#3579=EDGE_CURVE('',#2884,#2552,#1605,.T.);
#3580=EDGE_CURVE('',#2884,#2885,#1253,.T.);
#3581=EDGE_CURVE('',#2885,#2553,#1606,.T.);
#3582=EDGE_CURVE('',#2885,#2886,#1607,.T.);
#3583=EDGE_CURVE('',#2886,#2554,#1608,.T.);
#3584=EDGE_CURVE('',#2886,#2887,#1254,.T.);
#3585=EDGE_CURVE('',#2887,#2555,#1609,.T.);
#3586=EDGE_CURVE('',#2887,#2888,#1255,.T.);
#3587=EDGE_CURVE('',#2888,#2556,#1610,.T.);
#3588=EDGE_CURVE('',#2888,#2841,#1038,.T.);
#3589=EDGE_CURVE('',#2840,#2889,#1256,.T.);
#3590=EDGE_CURVE('',#2889,#2537,#1611,.T.);
#3591=EDGE_CURVE('',#2889,#2880,#1612,.T.);
#3592=EDGE_CURVE('',#2632,#2890,#1613,.T.);
#3593=EDGE_CURVE('',#2890,#2891,#1614,.T.);
#3594=EDGE_CURVE('',#2621,#2891,#1615,.T.);
#3595=EDGE_CURVE('',#2631,#2892,#1616,.T.);
#3596=EDGE_CURVE('',#2892,#2890,#1257,.T.);
#3597=EDGE_CURVE('',#2630,#2893,#1617,.T.);
#3598=EDGE_CURVE('',#2893,#2892,#1258,.T.);
#3599=EDGE_CURVE('',#2629,#2894,#1618,.T.);
#3600=EDGE_CURVE('',#2894,#2893,#1619,.T.);
#3601=EDGE_CURVE('',#2628,#2895,#1620,.T.);
#3602=EDGE_CURVE('',#2895,#2894,#1259,.T.);
#3603=EDGE_CURVE('',#2627,#2896,#1621,.T.);
#3604=EDGE_CURVE('',#2896,#2895,#1260,.T.);
#3605=EDGE_CURVE('',#2626,#2897,#1622,.T.);
#3606=EDGE_CURVE('',#2897,#2896,#1623,.T.);
#3607=EDGE_CURVE('',#2625,#2898,#1624,.T.);
#3608=EDGE_CURVE('',#2898,#2897,#1261,.T.);
#3609=EDGE_CURVE('',#2624,#2899,#1625,.T.);
#3610=EDGE_CURVE('',#2899,#2898,#1262,.T.);
#3611=EDGE_CURVE('',#2623,#2900,#1626,.T.);
#3612=EDGE_CURVE('',#2900,#2899,#1627,.T.);
#3613=EDGE_CURVE('',#2622,#2901,#1628,.T.);
#3614=EDGE_CURVE('',#2901,#2900,#1263,.T.);
#3615=EDGE_CURVE('',#2891,#2901,#1264,.T.);
#3616=EDGE_CURVE('',#2618,#2902,#1629,.T.);
#3617=EDGE_CURVE('',#2902,#2903,#1630,.T.);
#3618=EDGE_CURVE('',#2619,#2903,#1631,.T.);
#3619=EDGE_CURVE('',#2617,#2904,#1632,.T.);
#3620=EDGE_CURVE('',#2904,#2902,#1633,.T.);
#3621=EDGE_CURVE('',#2845,#2904,#1634,.T.);
#3622=EDGE_CURVE('',#2903,#2846,#1635,.T.);
#3623=EDGE_CURVE('',#2644,#2905,#1636,.T.);
#3624=EDGE_CURVE('',#2905,#2906,#1637,.T.);
#3625=EDGE_CURVE('',#2633,#2906,#1638,.T.);
#3626=EDGE_CURVE('',#2643,#2907,#1639,.T.);
#3627=EDGE_CURVE('',#2907,#2905,#1265,.T.);
#3628=EDGE_CURVE('',#2642,#2908,#1640,.T.);
#3629=EDGE_CURVE('',#2908,#2907,#1266,.T.);
#3630=EDGE_CURVE('',#2641,#2909,#1641,.T.);
#3631=EDGE_CURVE('',#2909,#2908,#1642,.T.);
#3632=EDGE_CURVE('',#2640,#2910,#1643,.T.);
#3633=EDGE_CURVE('',#2910,#2909,#1267,.T.);
#3634=EDGE_CURVE('',#2639,#2911,#1644,.T.);
#3635=EDGE_CURVE('',#2911,#2910,#1268,.T.);
#3636=EDGE_CURVE('',#2638,#2912,#1645,.T.);
#3637=EDGE_CURVE('',#2912,#2911,#1646,.T.);
#3638=EDGE_CURVE('',#2637,#2913,#1647,.T.);
#3639=EDGE_CURVE('',#2913,#2912,#1269,.T.);
#3640=EDGE_CURVE('',#2636,#2914,#1648,.T.);
#3641=EDGE_CURVE('',#2914,#2913,#1270,.T.);
#3642=EDGE_CURVE('',#2635,#2915,#1649,.T.);
#3643=EDGE_CURVE('',#2915,#2914,#1650,.T.);
#3644=EDGE_CURVE('',#2634,#2916,#1651,.T.);
#3645=EDGE_CURVE('',#2916,#2915,#1271,.T.);
#3646=EDGE_CURVE('',#2906,#2916,#1272,.T.);
#3647=EDGE_CURVE('',#2652,#2917,#1652,.T.);
#3648=EDGE_CURVE('',#2917,#2918,#1653,.T.);
#3649=EDGE_CURVE('',#2645,#2918,#1654,.T.);
#3650=EDGE_CURVE('',#2651,#2919,#1655,.T.);
#3651=EDGE_CURVE('',#2919,#2917,#1273,.T.);
#3652=EDGE_CURVE('',#2650,#2920,#1656,.T.);
#3653=EDGE_CURVE('',#2920,#2919,#1657,.T.);
#3654=EDGE_CURVE('',#2649,#2921,#1658,.T.);
#3655=EDGE_CURVE('',#2921,#2920,#1274,.T.);
#3656=EDGE_CURVE('',#2648,#2922,#1659,.T.);
#3657=EDGE_CURVE('',#2922,#2921,#1660,.T.);
#3658=EDGE_CURVE('',#2647,#2923,#1661,.T.);
#3659=EDGE_CURVE('',#2923,#2922,#1275,.T.);
#3660=EDGE_CURVE('',#2646,#2924,#1662,.T.);
#3661=EDGE_CURVE('',#2924,#2923,#1663,.T.);
#3662=EDGE_CURVE('',#2918,#2924,#1276,.T.);
#3663=EDGE_CURVE('',#2664,#2925,#1664,.T.);
#3664=EDGE_CURVE('',#2925,#2926,#1665,.T.);
#3665=EDGE_CURVE('',#2653,#2926,#1666,.T.);
#3666=EDGE_CURVE('',#2663,#2927,#1667,.T.);
#3667=EDGE_CURVE('',#2927,#2925,#1277,.T.);
#3668=EDGE_CURVE('',#2662,#2928,#1668,.T.);
#3669=EDGE_CURVE('',#2928,#2927,#1278,.T.);
#3670=EDGE_CURVE('',#2661,#2929,#1669,.T.);
#3671=EDGE_CURVE('',#2929,#2928,#1670,.T.);
#3672=EDGE_CURVE('',#2660,#2930,#1671,.T.);
#3673=EDGE_CURVE('',#2930,#2929,#1279,.T.);
#3674=EDGE_CURVE('',#2659,#2931,#1672,.T.);
#3675=EDGE_CURVE('',#2931,#2930,#1280,.T.);
#3676=EDGE_CURVE('',#2658,#2932,#1673,.T.);
#3677=EDGE_CURVE('',#2932,#2931,#1674,.T.);
#3678=EDGE_CURVE('',#2657,#2933,#1675,.T.);
#3679=EDGE_CURVE('',#2933,#2932,#1281,.T.);
#3680=EDGE_CURVE('',#2656,#2934,#1676,.T.);
#3681=EDGE_CURVE('',#2934,#2933,#1282,.T.);
#3682=EDGE_CURVE('',#2655,#2935,#1677,.T.);
#3683=EDGE_CURVE('',#2935,#2934,#1678,.T.);
#3684=EDGE_CURVE('',#2654,#2936,#1679,.T.);
#3685=EDGE_CURVE('',#2936,#2935,#1283,.T.);
#3686=EDGE_CURVE('',#2926,#2936,#1284,.T.);
#3687=EDGE_CURVE('',#2676,#2937,#1680,.T.);
#3688=EDGE_CURVE('',#2937,#2938,#1681,.T.);
#3689=EDGE_CURVE('',#2665,#2938,#1682,.T.);
#3690=EDGE_CURVE('',#2675,#2939,#1683,.T.);
#3691=EDGE_CURVE('',#2939,#2937,#1285,.T.);
#3692=EDGE_CURVE('',#2674,#2940,#1684,.T.);
#3693=EDGE_CURVE('',#2940,#2939,#1286,.T.);
#3694=EDGE_CURVE('',#2673,#2941,#1685,.T.);
#3695=EDGE_CURVE('',#2941,#2940,#1686,.T.);
#3696=EDGE_CURVE('',#2672,#2942,#1687,.T.);
#3697=EDGE_CURVE('',#2942,#2941,#1287,.T.);
#3698=EDGE_CURVE('',#2671,#2943,#1688,.T.);
#3699=EDGE_CURVE('',#2943,#2942,#1288,.T.);
#3700=EDGE_CURVE('',#2670,#2944,#1689,.T.);
#3701=EDGE_CURVE('',#2944,#2943,#1690,.T.);
#3702=EDGE_CURVE('',#2669,#2945,#1691,.T.);
#3703=EDGE_CURVE('',#2945,#2944,#1289,.T.);
#3704=EDGE_CURVE('',#2668,#2946,#1692,.T.);
#3705=EDGE_CURVE('',#2946,#2945,#1290,.T.);
#3706=EDGE_CURVE('',#2667,#2947,#1693,.T.);
#3707=EDGE_CURVE('',#2947,#2946,#1694,.T.);
#3708=EDGE_CURVE('',#2666,#2948,#1695,.T.);
#3709=EDGE_CURVE('',#2948,#2947,#1291,.T.);
#3710=EDGE_CURVE('',#2938,#2948,#1292,.T.);
#3711=EDGE_CURVE('',#2949,#2949,#1039,.T.);
#3712=EDGE_CURVE('',#2949,#2677,#1696,.T.);
#3713=EDGE_CURVE('',#2950,#2950,#1040,.T.);
#3714=EDGE_CURVE('',#2950,#2678,#1697,.T.);
#3715=EDGE_CURVE('',#2690,#2951,#1698,.T.);
#3716=EDGE_CURVE('',#2951,#2952,#1699,.T.);
#3717=EDGE_CURVE('',#2679,#2952,#1700,.T.);
#3718=EDGE_CURVE('',#2689,#2953,#1701,.T.);
#3719=EDGE_CURVE('',#2953,#2951,#1293,.T.);
#3720=EDGE_CURVE('',#2688,#2954,#1702,.T.);
#3721=EDGE_CURVE('',#2954,#2953,#1294,.T.);
#3722=EDGE_CURVE('',#2687,#2955,#1703,.T.);
#3723=EDGE_CURVE('',#2955,#2954,#1704,.T.);
#3724=EDGE_CURVE('',#2686,#2956,#1705,.T.);
#3725=EDGE_CURVE('',#2956,#2955,#1295,.T.);
#3726=EDGE_CURVE('',#2685,#2957,#1706,.T.);
#3727=EDGE_CURVE('',#2957,#2956,#1296,.T.);
#3728=EDGE_CURVE('',#2684,#2958,#1707,.T.);
#3729=EDGE_CURVE('',#2958,#2957,#1708,.T.);
#3730=EDGE_CURVE('',#2683,#2959,#1709,.T.);
#3731=EDGE_CURVE('',#2959,#2958,#1297,.T.);
#3732=EDGE_CURVE('',#2682,#2960,#1710,.T.);
#3733=EDGE_CURVE('',#2960,#2959,#1298,.T.);
#3734=EDGE_CURVE('',#2681,#2961,#1711,.T.);
#3735=EDGE_CURVE('',#2961,#2960,#1712,.T.);
#3736=EDGE_CURVE('',#2680,#2962,#1713,.T.);
#3737=EDGE_CURVE('',#2962,#2961,#1299,.T.);
#3738=EDGE_CURVE('',#2952,#2962,#1300,.T.);
#3739=EDGE_CURVE('',#2702,#2963,#1714,.T.);
#3740=EDGE_CURVE('',#2963,#2964,#1715,.T.);
#3741=EDGE_CURVE('',#2691,#2964,#1716,.T.);
#3742=EDGE_CURVE('',#2701,#2965,#1717,.T.);
#3743=EDGE_CURVE('',#2965,#2963,#1301,.T.);
#3744=EDGE_CURVE('',#2700,#2966,#1718,.T.);
#3745=EDGE_CURVE('',#2966,#2965,#1302,.T.);
#3746=EDGE_CURVE('',#2699,#2967,#1719,.T.);
#3747=EDGE_CURVE('',#2967,#2966,#1720,.T.);
#3748=EDGE_CURVE('',#2698,#2968,#1721,.T.);
#3749=EDGE_CURVE('',#2968,#2967,#1303,.T.);
#3750=EDGE_CURVE('',#2697,#2969,#1722,.T.);
#3751=EDGE_CURVE('',#2969,#2968,#1304,.T.);
#3752=EDGE_CURVE('',#2696,#2970,#1723,.T.);
#3753=EDGE_CURVE('',#2970,#2969,#1724,.T.);
#3754=EDGE_CURVE('',#2695,#2971,#1725,.T.);
#3755=EDGE_CURVE('',#2971,#2970,#1305,.T.);
#3756=EDGE_CURVE('',#2694,#2972,#1726,.T.);
#3757=EDGE_CURVE('',#2972,#2971,#1306,.T.);
#3758=EDGE_CURVE('',#2693,#2973,#1727,.T.);
#3759=EDGE_CURVE('',#2973,#2972,#1728,.T.);
#3760=EDGE_CURVE('',#2692,#2974,#1729,.T.);
#3761=EDGE_CURVE('',#2974,#2973,#1307,.T.);
#3762=EDGE_CURVE('',#2964,#2974,#1308,.T.);
#3763=EDGE_CURVE('',#2714,#2975,#1730,.T.);
#3764=EDGE_CURVE('',#2975,#2976,#1731,.T.);
#3765=EDGE_CURVE('',#2703,#2976,#1732,.T.);
#3766=EDGE_CURVE('',#2713,#2977,#1733,.T.);
#3767=EDGE_CURVE('',#2977,#2975,#1309,.T.);
#3768=EDGE_CURVE('',#2712,#2978,#1734,.T.);
#3769=EDGE_CURVE('',#2978,#2977,#1310,.T.);
#3770=EDGE_CURVE('',#2711,#2979,#1735,.T.);
#3771=EDGE_CURVE('',#2979,#2978,#1736,.T.);
#3772=EDGE_CURVE('',#2710,#2980,#1737,.T.);
#3773=EDGE_CURVE('',#2980,#2979,#1311,.T.);
#3774=EDGE_CURVE('',#2709,#2981,#1738,.T.);
#3775=EDGE_CURVE('',#2981,#2980,#1312,.T.);
#3776=EDGE_CURVE('',#2708,#2982,#1739,.T.);
#3777=EDGE_CURVE('',#2982,#2981,#1740,.T.);
#3778=EDGE_CURVE('',#2707,#2983,#1741,.T.);
#3779=EDGE_CURVE('',#2983,#2982,#1313,.T.);
#3780=EDGE_CURVE('',#2706,#2984,#1742,.T.);
#3781=EDGE_CURVE('',#2984,#2983,#1314,.T.);
#3782=EDGE_CURVE('',#2705,#2985,#1743,.T.);
#3783=EDGE_CURVE('',#2985,#2984,#1744,.T.);
#3784=EDGE_CURVE('',#2704,#2986,#1745,.T.);
#3785=EDGE_CURVE('',#2986,#2985,#1315,.T.);
#3786=EDGE_CURVE('',#2976,#2986,#1316,.T.);
#3787=EDGE_CURVE('',#2726,#2987,#1746,.T.);
#3788=EDGE_CURVE('',#2987,#2988,#1747,.T.);
#3789=EDGE_CURVE('',#2715,#2988,#1748,.T.);
#3790=EDGE_CURVE('',#2725,#2989,#1749,.T.);
#3791=EDGE_CURVE('',#2989,#2987,#1317,.T.);
#3792=EDGE_CURVE('',#2724,#2990,#1750,.T.);
#3793=EDGE_CURVE('',#2990,#2989,#1318,.T.);
#3794=EDGE_CURVE('',#2723,#2991,#1751,.T.);
#3795=EDGE_CURVE('',#2991,#2990,#1752,.T.);
#3796=EDGE_CURVE('',#2722,#2992,#1753,.T.);
#3797=EDGE_CURVE('',#2992,#2991,#1319,.T.);
#3798=EDGE_CURVE('',#2721,#2993,#1754,.T.);
#3799=EDGE_CURVE('',#2993,#2992,#1320,.T.);
#3800=EDGE_CURVE('',#2720,#2994,#1755,.T.);
#3801=EDGE_CURVE('',#2994,#2993,#1756,.T.);
#3802=EDGE_CURVE('',#2719,#2995,#1757,.T.);
#3803=EDGE_CURVE('',#2995,#2994,#1321,.T.);
#3804=EDGE_CURVE('',#2718,#2996,#1758,.T.);
#3805=EDGE_CURVE('',#2996,#2995,#1322,.T.);
#3806=EDGE_CURVE('',#2717,#2997,#1759,.T.);
#3807=EDGE_CURVE('',#2997,#2996,#1760,.T.);
#3808=EDGE_CURVE('',#2716,#2998,#1761,.T.);
#3809=EDGE_CURVE('',#2998,#2997,#1323,.T.);
#3810=EDGE_CURVE('',#2988,#2998,#1324,.T.);
#3811=EDGE_CURVE('',#2738,#2999,#1762,.T.);
#3812=EDGE_CURVE('',#2999,#3000,#1763,.T.);
#3813=EDGE_CURVE('',#2727,#3000,#1764,.T.);
#3814=EDGE_CURVE('',#2737,#3001,#1765,.T.);
#3815=EDGE_CURVE('',#3001,#2999,#1325,.T.);
#3816=EDGE_CURVE('',#2736,#3002,#1766,.T.);
#3817=EDGE_CURVE('',#3002,#3001,#1326,.T.);
#3818=EDGE_CURVE('',#2735,#3003,#1767,.T.);
#3819=EDGE_CURVE('',#3003,#3002,#1768,.T.);
#3820=EDGE_CURVE('',#2734,#3004,#1769,.T.);
#3821=EDGE_CURVE('',#3004,#3003,#1327,.T.);
#3822=EDGE_CURVE('',#2733,#3005,#1770,.T.);
#3823=EDGE_CURVE('',#3005,#3004,#1328,.T.);
#3824=EDGE_CURVE('',#2732,#3006,#1771,.T.);
#3825=EDGE_CURVE('',#3006,#3005,#1772,.T.);
#3826=EDGE_CURVE('',#2731,#3007,#1773,.T.);
#3827=EDGE_CURVE('',#3007,#3006,#1329,.T.);
#3828=EDGE_CURVE('',#2730,#3008,#1774,.T.);
#3829=EDGE_CURVE('',#3008,#3007,#1330,.T.);
#3830=EDGE_CURVE('',#2729,#3009,#1775,.T.);
#3831=EDGE_CURVE('',#3009,#3008,#1776,.T.);
#3832=EDGE_CURVE('',#2728,#3010,#1777,.T.);
#3833=EDGE_CURVE('',#3010,#3009,#1331,.T.);
#3834=EDGE_CURVE('',#3000,#3010,#1332,.T.);
#3835=EDGE_CURVE('',#3011,#3011,#1041,.T.);
#3836=EDGE_CURVE('',#3011,#2739,#1778,.T.);
#3837=EDGE_CURVE('',#2751,#3012,#1779,.T.);
#3838=EDGE_CURVE('',#3012,#3013,#1780,.T.);
#3839=EDGE_CURVE('',#2740,#3013,#1781,.T.);
#3840=EDGE_CURVE('',#2750,#3014,#1782,.T.);
#3841=EDGE_CURVE('',#3014,#3012,#1333,.T.);
#3842=EDGE_CURVE('',#2749,#3015,#1783,.T.);
#3843=EDGE_CURVE('',#3015,#3014,#1334,.T.);
#3844=EDGE_CURVE('',#2748,#3016,#1784,.T.);
#3845=EDGE_CURVE('',#3016,#3015,#1785,.T.);
#3846=EDGE_CURVE('',#2747,#3017,#1786,.T.);
#3847=EDGE_CURVE('',#3017,#3016,#1335,.T.);
#3848=EDGE_CURVE('',#2746,#3018,#1787,.T.);
#3849=EDGE_CURVE('',#3018,#3017,#1336,.T.);
#3850=EDGE_CURVE('',#2745,#3019,#1788,.T.);
#3851=EDGE_CURVE('',#3019,#3018,#1789,.T.);
#3852=EDGE_CURVE('',#2744,#3020,#1790,.T.);
#3853=EDGE_CURVE('',#3020,#3019,#1337,.T.);
#3854=EDGE_CURVE('',#2743,#3021,#1791,.T.);
#3855=EDGE_CURVE('',#3021,#3020,#1338,.T.);
#3856=EDGE_CURVE('',#2742,#3022,#1792,.T.);
#3857=EDGE_CURVE('',#3022,#3021,#1793,.T.);
#3858=EDGE_CURVE('',#2741,#3023,#1794,.T.);
#3859=EDGE_CURVE('',#3023,#3022,#1339,.T.);
#3860=EDGE_CURVE('',#3013,#3023,#1340,.T.);
#3861=EDGE_CURVE('',#3024,#3024,#1042,.T.);
#3862=EDGE_CURVE('',#3024,#2752,#1795,.T.);
#3863=EDGE_CURVE('',#2764,#3025,#1796,.T.);
#3864=EDGE_CURVE('',#3025,#3026,#1797,.T.);
#3865=EDGE_CURVE('',#2753,#3026,#1798,.T.);
#3866=EDGE_CURVE('',#2763,#3027,#1799,.T.);
#3867=EDGE_CURVE('',#3027,#3025,#1341,.T.);
#3868=EDGE_CURVE('',#2762,#3028,#1800,.T.);
#3869=EDGE_CURVE('',#3028,#3027,#1342,.T.);
#3870=EDGE_CURVE('',#2761,#3029,#1801,.T.);
#3871=EDGE_CURVE('',#3029,#3028,#1802,.T.);
#3872=EDGE_CURVE('',#2760,#3030,#1803,.T.);
#3873=EDGE_CURVE('',#3030,#3029,#1343,.T.);
#3874=EDGE_CURVE('',#2759,#3031,#1804,.T.);
#3875=EDGE_CURVE('',#3031,#3030,#1344,.T.);
#3876=EDGE_CURVE('',#2758,#3032,#1805,.T.);
#3877=EDGE_CURVE('',#3032,#3031,#1806,.T.);
#3878=EDGE_CURVE('',#2757,#3033,#1807,.T.);
#3879=EDGE_CURVE('',#3033,#3032,#1345,.T.);
#3880=EDGE_CURVE('',#2756,#3034,#1808,.T.);
#3881=EDGE_CURVE('',#3034,#3033,#1346,.T.);
#3882=EDGE_CURVE('',#2755,#3035,#1809,.T.);
#3883=EDGE_CURVE('',#3035,#3034,#1810,.T.);
#3884=EDGE_CURVE('',#2754,#3036,#1811,.T.);
#3885=EDGE_CURVE('',#3036,#3035,#1347,.T.);
#3886=EDGE_CURVE('',#3026,#3036,#1348,.T.);
#3887=EDGE_CURVE('',#2776,#3037,#1812,.T.);
#3888=EDGE_CURVE('',#3037,#3038,#1813,.T.);
#3889=EDGE_CURVE('',#2765,#3038,#1814,.T.);
#3890=EDGE_CURVE('',#2775,#3039,#1815,.T.);
#3891=EDGE_CURVE('',#3039,#3037,#1349,.T.);
#3892=EDGE_CURVE('',#2774,#3040,#1816,.T.);
#3893=EDGE_CURVE('',#3040,#3039,#1350,.T.);
#3894=EDGE_CURVE('',#2773,#3041,#1817,.T.);
#3895=EDGE_CURVE('',#3041,#3040,#1818,.T.);
#3896=EDGE_CURVE('',#2772,#3042,#1819,.T.);
#3897=EDGE_CURVE('',#3042,#3041,#1351,.T.);
#3898=EDGE_CURVE('',#2771,#3043,#1820,.T.);
#3899=EDGE_CURVE('',#3043,#3042,#1352,.T.);
#3900=EDGE_CURVE('',#2770,#3044,#1821,.T.);
#3901=EDGE_CURVE('',#3044,#3043,#1822,.T.);
#3902=EDGE_CURVE('',#2769,#3045,#1823,.T.);
#3903=EDGE_CURVE('',#3045,#3044,#1353,.T.);
#3904=EDGE_CURVE('',#2768,#3046,#1824,.T.);
#3905=EDGE_CURVE('',#3046,#3045,#1354,.T.);
#3906=EDGE_CURVE('',#2767,#3047,#1825,.T.);
#3907=EDGE_CURVE('',#3047,#3046,#1826,.T.);
#3908=EDGE_CURVE('',#2766,#3048,#1827,.T.);
#3909=EDGE_CURVE('',#3048,#3047,#1355,.T.);
#3910=EDGE_CURVE('',#3038,#3048,#1356,.T.);
#3911=EDGE_CURVE('',#2788,#3049,#1828,.T.);
#3912=EDGE_CURVE('',#3049,#3050,#1829,.T.);
#3913=EDGE_CURVE('',#2777,#3050,#1830,.T.);
#3914=EDGE_CURVE('',#2787,#3051,#1831,.T.);
#3915=EDGE_CURVE('',#3051,#3049,#1357,.T.);
#3916=EDGE_CURVE('',#2786,#3052,#1832,.T.);
#3917=EDGE_CURVE('',#3052,#3051,#1358,.T.);
#3918=EDGE_CURVE('',#2785,#3053,#1833,.T.);
#3919=EDGE_CURVE('',#3053,#3052,#1834,.T.);
#3920=EDGE_CURVE('',#2784,#3054,#1835,.T.);
#3921=EDGE_CURVE('',#3054,#3053,#1359,.T.);
#3922=EDGE_CURVE('',#2783,#3055,#1836,.T.);
#3923=EDGE_CURVE('',#3055,#3054,#1360,.T.);
#3924=EDGE_CURVE('',#2782,#3056,#1837,.T.);
#3925=EDGE_CURVE('',#3056,#3055,#1838,.T.);
#3926=EDGE_CURVE('',#2781,#3057,#1839,.T.);
#3927=EDGE_CURVE('',#3057,#3056,#1361,.T.);
#3928=EDGE_CURVE('',#2780,#3058,#1840,.T.);
#3929=EDGE_CURVE('',#3058,#3057,#1362,.T.);
#3930=EDGE_CURVE('',#2779,#3059,#1841,.T.);
#3931=EDGE_CURVE('',#3059,#3058,#1842,.T.);
#3932=EDGE_CURVE('',#2778,#3060,#1843,.T.);
#3933=EDGE_CURVE('',#3060,#3059,#1363,.T.);
#3934=EDGE_CURVE('',#3050,#3060,#1364,.T.);
#3935=EDGE_CURVE('',#3061,#3061,#1043,.T.);
#3936=EDGE_CURVE('',#3061,#2789,#1844,.T.);
#3937=EDGE_CURVE('',#3062,#3062,#1044,.T.);
#3938=EDGE_CURVE('',#3062,#2790,#1845,.T.);
#3939=EDGE_CURVE('',#2802,#3063,#1846,.T.);
#3940=EDGE_CURVE('',#3063,#3064,#1847,.T.);
#3941=EDGE_CURVE('',#2791,#3064,#1848,.T.);
#3942=EDGE_CURVE('',#2801,#3065,#1849,.T.);
#3943=EDGE_CURVE('',#3065,#3063,#1365,.T.);
#3944=EDGE_CURVE('',#2800,#3066,#1850,.T.);
#3945=EDGE_CURVE('',#3066,#3065,#1366,.T.);
#3946=EDGE_CURVE('',#2799,#3067,#1851,.T.);
#3947=EDGE_CURVE('',#3067,#3066,#1852,.T.);
#3948=EDGE_CURVE('',#2798,#3068,#1853,.T.);
#3949=EDGE_CURVE('',#3068,#3067,#1367,.T.);
#3950=EDGE_CURVE('',#2797,#3069,#1854,.T.);
#3951=EDGE_CURVE('',#3069,#3068,#1368,.T.);
#3952=EDGE_CURVE('',#2796,#3070,#1855,.T.);
#3953=EDGE_CURVE('',#3070,#3069,#1856,.T.);
#3954=EDGE_CURVE('',#2795,#3071,#1857,.T.);
#3955=EDGE_CURVE('',#3071,#3070,#1369,.T.);
#3956=EDGE_CURVE('',#2794,#3072,#1858,.T.);
#3957=EDGE_CURVE('',#3072,#3071,#1370,.T.);
#3958=EDGE_CURVE('',#2793,#3073,#1859,.T.);
#3959=EDGE_CURVE('',#3073,#3072,#1860,.T.);
#3960=EDGE_CURVE('',#2792,#3074,#1861,.T.);
#3961=EDGE_CURVE('',#3074,#3073,#1371,.T.);
#3962=EDGE_CURVE('',#3064,#3074,#1372,.T.);
#3963=EDGE_CURVE('',#2810,#3075,#1862,.T.);
#3964=EDGE_CURVE('',#3075,#3076,#1863,.T.);
#3965=EDGE_CURVE('',#2803,#3076,#1864,.T.);
#3966=EDGE_CURVE('',#2809,#3077,#1865,.T.);
#3967=EDGE_CURVE('',#3077,#3075,#1373,.T.);
#3968=EDGE_CURVE('',#2808,#3078,#1866,.T.);
#3969=EDGE_CURVE('',#3078,#3077,#1867,.T.);
#3970=EDGE_CURVE('',#2807,#3079,#1868,.T.);
#3971=EDGE_CURVE('',#3079,#3078,#1374,.T.);
#3972=EDGE_CURVE('',#2806,#3080,#1869,.T.);
#3973=EDGE_CURVE('',#3080,#3079,#1870,.T.);
#3974=EDGE_CURVE('',#2805,#3081,#1871,.T.);
#3975=EDGE_CURVE('',#3081,#3080,#1375,.T.);
#3976=EDGE_CURVE('',#2804,#3082,#1872,.T.);
#3977=EDGE_CURVE('',#3082,#3081,#1873,.T.);
#3978=EDGE_CURVE('',#3076,#3082,#1376,.T.);
#3979=EDGE_CURVE('',#2814,#3083,#1874,.T.);
#3980=EDGE_CURVE('',#3083,#3084,#1875,.T.);
#3981=EDGE_CURVE('',#2811,#3084,#1876,.T.);
#3982=EDGE_CURVE('',#2813,#3085,#1877,.T.);
#3983=EDGE_CURVE('',#3085,#3083,#1878,.T.);
#3984=EDGE_CURVE('',#2812,#3086,#1879,.T.);
#3985=EDGE_CURVE('',#3086,#3085,#1880,.T.);
#3986=EDGE_CURVE('',#3084,#3086,#1881,.T.);
#3987=EDGE_CURVE('',#3087,#3087,#1045,.T.);
#3988=EDGE_CURVE('',#3087,#2815,#1882,.T.);
#3989=EDGE_CURVE('',#2827,#3088,#1883,.T.);
#3990=EDGE_CURVE('',#3088,#3089,#1884,.T.);
#3991=EDGE_CURVE('',#2816,#3089,#1885,.T.);
#3992=EDGE_CURVE('',#2826,#3090,#1886,.T.);
#3993=EDGE_CURVE('',#3090,#3088,#1377,.T.);
#3994=EDGE_CURVE('',#2825,#3091,#1887,.T.);
#3995=EDGE_CURVE('',#3091,#3090,#1378,.T.);
#3996=EDGE_CURVE('',#2824,#3092,#1888,.T.);
#3997=EDGE_CURVE('',#3092,#3091,#1889,.T.);
#3998=EDGE_CURVE('',#2823,#3093,#1890,.T.);
#3999=EDGE_CURVE('',#3093,#3092,#1379,.T.);
#4000=EDGE_CURVE('',#2822,#3094,#1891,.T.);
#4001=EDGE_CURVE('',#3094,#3093,#1380,.T.);
#4002=EDGE_CURVE('',#2821,#3095,#1892,.T.);
#4003=EDGE_CURVE('',#3095,#3094,#1893,.T.);
#4004=EDGE_CURVE('',#2820,#3096,#1894,.T.);
#4005=EDGE_CURVE('',#3096,#3095,#1381,.T.);
#4006=EDGE_CURVE('',#2819,#3097,#1895,.T.);
#4007=EDGE_CURVE('',#3097,#3096,#1382,.T.);
#4008=EDGE_CURVE('',#2818,#3098,#1896,.T.);
#4009=EDGE_CURVE('',#3098,#3097,#1897,.T.);
#4010=EDGE_CURVE('',#2817,#3099,#1898,.T.);
#4011=EDGE_CURVE('',#3099,#3098,#1383,.T.);
#4012=EDGE_CURVE('',#3089,#3099,#1384,.T.);
#4013=EDGE_CURVE('',#2839,#3100,#1899,.T.);
#4014=EDGE_CURVE('',#3100,#3101,#1900,.T.);
#4015=EDGE_CURVE('',#2828,#3101,#1901,.T.);
#4016=EDGE_CURVE('',#2838,#3102,#1902,.T.);
#4017=EDGE_CURVE('',#3102,#3100,#1385,.T.);
#4018=EDGE_CURVE('',#2837,#3103,#1903,.T.);
#4019=EDGE_CURVE('',#3103,#3102,#1386,.T.);
#4020=EDGE_CURVE('',#2836,#3104,#1904,.T.);
#4021=EDGE_CURVE('',#3104,#3103,#1905,.T.);
#4022=EDGE_CURVE('',#2835,#3105,#1906,.T.);
#4023=EDGE_CURVE('',#3105,#3104,#1387,.T.);
#4024=EDGE_CURVE('',#2834,#3106,#1907,.T.);
#4025=EDGE_CURVE('',#3106,#3105,#1388,.T.);
#4026=EDGE_CURVE('',#2833,#3107,#1908,.T.);
#4027=EDGE_CURVE('',#3107,#3106,#1909,.T.);
#4028=EDGE_CURVE('',#2832,#3108,#1910,.T.);
#4029=EDGE_CURVE('',#3108,#3107,#1389,.T.);
#4030=EDGE_CURVE('',#2831,#3109,#1911,.T.);
#4031=EDGE_CURVE('',#3109,#3108,#1390,.T.);
#4032=EDGE_CURVE('',#2830,#3110,#1912,.T.);
#4033=EDGE_CURVE('',#3110,#3109,#1913,.T.);
#4034=EDGE_CURVE('',#2829,#3111,#1914,.T.);
#4035=EDGE_CURVE('',#3111,#3110,#1391,.T.);
#4036=EDGE_CURVE('',#3101,#3111,#1392,.T.);
#4037=EDGE_CURVE('',#2864,#2578,#1915,.T.);
#4038=EDGE_CURVE('',#2863,#2577,#1916,.T.);
#4039=EDGE_CURVE('',#2865,#3112,#1917,.T.);
#4040=EDGE_CURVE('',#3112,#2579,#1918,.T.);
#4041=EDGE_CURVE('',#2857,#2571,#1919,.T.);
#4042=EDGE_CURVE('',#2858,#2572,#1920,.T.);
#4043=EDGE_CURVE('',#2859,#2573,#1921,.T.);
#4044=EDGE_CURVE('',#2860,#2574,#1922,.T.);
#4045=EDGE_CURVE('',#2861,#2575,#1923,.T.);
#4046=EDGE_CURVE('',#2862,#2576,#1924,.T.);
#4047=EDGE_CURVE('',#3113,#3113,#1046,.T.);
#4048=EDGE_CURVE('',#3113,#3114,#1925,.T.);
#4049=EDGE_CURVE('',#3114,#3114,#1047,.T.);
#4050=EDGE_CURVE('',#3115,#3115,#1048,.T.);
#4051=EDGE_CURVE('',#3115,#3116,#1926,.T.);
#4052=EDGE_CURVE('',#3116,#3116,#1049,.T.);
#4053=EDGE_CURVE('',#3117,#3117,#1050,.T.);
#4054=EDGE_CURVE('',#3117,#3118,#1927,.T.);
#4055=EDGE_CURVE('',#3118,#3118,#1051,.T.);
#4056=EDGE_CURVE('',#3119,#3119,#1052,.T.);
#4057=EDGE_CURVE('',#3119,#3120,#1928,.T.);
#4058=EDGE_CURVE('',#3120,#3120,#1053,.T.);
#4059=EDGE_CURVE('',#3121,#3121,#1054,.T.);
#4060=EDGE_CURVE('',#3121,#3122,#1929,.T.);
#4061=EDGE_CURVE('',#3122,#3122,#1055,.T.);
#4062=EDGE_CURVE('',#3123,#3123,#1056,.T.);
#4063=EDGE_CURVE('',#3123,#3124,#1930,.T.);
#4064=EDGE_CURVE('',#3124,#3124,#1057,.T.);
#4065=EDGE_CURVE('',#3125,#3125,#1058,.T.);
#4066=EDGE_CURVE('',#3125,#3126,#1931,.T.);
#4067=EDGE_CURVE('',#3126,#3126,#1059,.T.);
#4068=EDGE_CURVE('',#3127,#3128,#1932,.T.);
#4069=EDGE_CURVE('',#3128,#3129,#1933,.T.);
#4070=EDGE_CURVE('',#3129,#3130,#1934,.T.);
#4071=EDGE_CURVE('',#3127,#3130,#1935,.T.);
#4072=EDGE_CURVE('',#3131,#3128,#1393,.T.);
#4073=EDGE_CURVE('',#3131,#3132,#1936,.T.);
#4074=EDGE_CURVE('',#3132,#3129,#1394,.T.);
#4075=EDGE_CURVE('',#3131,#3133,#1937,.T.);
#4076=EDGE_CURVE('',#3133,#3134,#1938,.T.);
#4077=EDGE_CURVE('',#3134,#3132,#1939,.T.);
#4078=EDGE_CURVE('',#3135,#3133,#1395,.T.);
#4079=EDGE_CURVE('',#3135,#3136,#1940,.T.);
#4080=EDGE_CURVE('',#3136,#3134,#1396,.T.);
#4081=EDGE_CURVE('',#3135,#3137,#1941,.T.);
#4082=EDGE_CURVE('',#3137,#3138,#1942,.T.);
#4083=EDGE_CURVE('',#3138,#3136,#1943,.T.);
#4084=EDGE_CURVE('',#3137,#3139,#1944,.T.);
#4085=EDGE_CURVE('',#3139,#3140,#1945,.T.);
#4086=EDGE_CURVE('',#3140,#3138,#1946,.T.);
#4087=EDGE_CURVE('',#3141,#3139,#1060,.T.);
#4088=EDGE_CURVE('',#3141,#3142,#1947,.T.);
#4089=EDGE_CURVE('',#3142,#3140,#1061,.T.);
#4090=EDGE_CURVE('',#3143,#3141,#1397,.T.);
#4091=EDGE_CURVE('',#3143,#3144,#1948,.T.);
#4092=EDGE_CURVE('',#3144,#3142,#1398,.T.);
#4093=EDGE_CURVE('',#3145,#3143,#1399,.T.);
#4094=EDGE_CURVE('',#3145,#3146,#1949,.T.);
#4095=EDGE_CURVE('',#3146,#3144,#1400,.T.);
#4096=EDGE_CURVE('',#3145,#3147,#1950,.T.);
#4097=EDGE_CURVE('',#3147,#3148,#1951,.T.);
#4098=EDGE_CURVE('',#3148,#3146,#1952,.T.);
#4099=EDGE_CURVE('',#3149,#3147,#1401,.T.);
#4100=EDGE_CURVE('',#3149,#3150,#1953,.T.);
#4101=EDGE_CURVE('',#3150,#3148,#1402,.T.);
#4102=EDGE_CURVE('',#3149,#3151,#1954,.T.);
#4103=EDGE_CURVE('',#3151,#3152,#1955,.T.);
#4104=EDGE_CURVE('',#3152,#3150,#1956,.T.);
#4105=EDGE_CURVE('',#3153,#3151,#1403,.T.);
#4106=EDGE_CURVE('',#3153,#3154,#1957,.T.);
#4107=EDGE_CURVE('',#3154,#3152,#1404,.T.);
#4108=EDGE_CURVE('',#3153,#3155,#1958,.T.);
#4109=EDGE_CURVE('',#3155,#3156,#1959,.T.);
#4110=EDGE_CURVE('',#3156,#3154,#1960,.T.);
#4111=EDGE_CURVE('',#3157,#3155,#1405,.T.);
#4112=EDGE_CURVE('',#3157,#3158,#1961,.T.);
#4113=EDGE_CURVE('',#3158,#3156,#1406,.T.);
#4114=EDGE_CURVE('',#3157,#3159,#1962,.T.);
#4115=EDGE_CURVE('',#3159,#3160,#1963,.T.);
#4116=EDGE_CURVE('',#3160,#3158,#1964,.T.);
#4117=EDGE_CURVE('',#3161,#3159,#1407,.T.);
#4118=EDGE_CURVE('',#3161,#3162,#1965,.T.);
#4119=EDGE_CURVE('',#3162,#3160,#1408,.T.);
#4120=EDGE_CURVE('',#3161,#3163,#1966,.T.);
#4121=EDGE_CURVE('',#3163,#3164,#1967,.T.);
#4122=EDGE_CURVE('',#3164,#3162,#1968,.T.);
#4123=EDGE_CURVE('',#3165,#3163,#1409,.T.);
#4124=EDGE_CURVE('',#3165,#3166,#1969,.T.);
#4125=EDGE_CURVE('',#3166,#3164,#1410,.T.);
#4126=EDGE_CURVE('',#3165,#3167,#1970,.T.);
#4127=EDGE_CURVE('',#3167,#3168,#1971,.T.);
#4128=EDGE_CURVE('',#3168,#3166,#1972,.T.);
#4129=EDGE_CURVE('',#3127,#3167,#1411,.T.);
#4130=EDGE_CURVE('',#3130,#3168,#1412,.T.);
#4131=ORIENTED_EDGE('',*,*,#3169,.F.);
#4132=ORIENTED_EDGE('',*,*,#3170,.F.);
#4133=ORIENTED_EDGE('',*,*,#3171,.F.);
#4134=ORIENTED_EDGE('',*,*,#3172,.F.);
#4135=ORIENTED_EDGE('',*,*,#3173,.F.);
#4136=ORIENTED_EDGE('',*,*,#3174,.F.);
#4137=ORIENTED_EDGE('',*,*,#3175,.F.);
#4138=ORIENTED_EDGE('',*,*,#3176,.F.);
#4139=ORIENTED_EDGE('',*,*,#3177,.F.);
#4140=ORIENTED_EDGE('',*,*,#3178,.F.);
#4141=ORIENTED_EDGE('',*,*,#3179,.F.);
#4142=ORIENTED_EDGE('',*,*,#3180,.F.);
#4143=ORIENTED_EDGE('',*,*,#3181,.F.);
#4144=ORIENTED_EDGE('',*,*,#3182,.F.);
#4145=ORIENTED_EDGE('',*,*,#3183,.F.);
#4146=ORIENTED_EDGE('',*,*,#3184,.F.);
#4147=ORIENTED_EDGE('',*,*,#3185,.F.);
#4148=ORIENTED_EDGE('',*,*,#3186,.F.);
#4149=ORIENTED_EDGE('',*,*,#3187,.F.);
#4150=ORIENTED_EDGE('',*,*,#3188,.F.);
#4151=ORIENTED_EDGE('',*,*,#3189,.F.);
#4152=ORIENTED_EDGE('',*,*,#3190,.F.);
#4153=ORIENTED_EDGE('',*,*,#3191,.F.);
#4154=ORIENTED_EDGE('',*,*,#3192,.F.);
#4155=ORIENTED_EDGE('',*,*,#3193,.F.);
#4156=ORIENTED_EDGE('',*,*,#3194,.F.);
#4157=ORIENTED_EDGE('',*,*,#3195,.F.);
#4158=ORIENTED_EDGE('',*,*,#3196,.F.);
#4159=ORIENTED_EDGE('',*,*,#3197,.F.);
#4160=ORIENTED_EDGE('',*,*,#3198,.F.);
#4161=ORIENTED_EDGE('',*,*,#3199,.F.);
#4162=ORIENTED_EDGE('',*,*,#3200,.F.);
#4163=ORIENTED_EDGE('',*,*,#3201,.F.);
#4164=ORIENTED_EDGE('',*,*,#3202,.F.);
#4165=ORIENTED_EDGE('',*,*,#3203,.F.);
#4166=ORIENTED_EDGE('',*,*,#3204,.F.);
#4167=ORIENTED_EDGE('',*,*,#3205,.F.);
#4168=ORIENTED_EDGE('',*,*,#3206,.F.);
#4169=ORIENTED_EDGE('',*,*,#3207,.F.);
#4170=ORIENTED_EDGE('',*,*,#3208,.F.);
#4171=ORIENTED_EDGE('',*,*,#3209,.F.);
#4172=ORIENTED_EDGE('',*,*,#3210,.F.);
#4173=ORIENTED_EDGE('',*,*,#3211,.F.);
#4174=ORIENTED_EDGE('',*,*,#3212,.F.);
#4175=ORIENTED_EDGE('',*,*,#3213,.F.);
#4176=ORIENTED_EDGE('',*,*,#3214,.F.);
#4177=ORIENTED_EDGE('',*,*,#3215,.F.);
#4178=ORIENTED_EDGE('',*,*,#3216,.T.);
#4179=ORIENTED_EDGE('',*,*,#3170,.T.);
#4180=ORIENTED_EDGE('',*,*,#3217,.F.);
#4181=ORIENTED_EDGE('',*,*,#3218,.T.);
#4182=ORIENTED_EDGE('',*,*,#3218,.F.);
#4183=ORIENTED_EDGE('',*,*,#3219,.T.);
#4184=ORIENTED_EDGE('',*,*,#3220,.T.);
#4185=ORIENTED_EDGE('',*,*,#3221,.T.);
#4186=ORIENTED_EDGE('',*,*,#3222,.T.);
#4187=ORIENTED_EDGE('',*,*,#3220,.F.);
#4188=ORIENTED_EDGE('',*,*,#3223,.T.);
#4189=ORIENTED_EDGE('',*,*,#3194,.T.);
#4190=ORIENTED_EDGE('',*,*,#3219,.F.);
#4191=ORIENTED_EDGE('',*,*,#3217,.T.);
#4192=ORIENTED_EDGE('',*,*,#3169,.T.);
#4193=ORIENTED_EDGE('',*,*,#3224,.F.);
#4194=ORIENTED_EDGE('',*,*,#3225,.T.);
#4195=ORIENTED_EDGE('',*,*,#3226,.F.);
#4196=ORIENTED_EDGE('',*,*,#3227,.F.);
#4197=ORIENTED_EDGE('',*,*,#3228,.F.);
#4198=ORIENTED_EDGE('',*,*,#3229,.T.);
#4199=ORIENTED_EDGE('',*,*,#3230,.T.);
#4200=ORIENTED_EDGE('',*,*,#3195,.T.);
#4201=ORIENTED_EDGE('',*,*,#3223,.F.);
#4202=ORIENTED_EDGE('',*,*,#3231,.T.);
#4203=ORIENTED_EDGE('',*,*,#3232,.T.);
#4204=ORIENTED_EDGE('',*,*,#3227,.T.);
#4205=ORIENTED_EDGE('',*,*,#3233,.T.);
#4206=ORIENTED_EDGE('',*,*,#3234,.F.);
#4207=ORIENTED_EDGE('',*,*,#3235,.F.);
#4208=ORIENTED_EDGE('',*,*,#3236,.F.);
#4209=ORIENTED_EDGE('',*,*,#3229,.F.);
#4210=ORIENTED_EDGE('',*,*,#3237,.F.);
#4211=ORIENTED_EDGE('',*,*,#3225,.F.);
#4212=ORIENTED_EDGE('',*,*,#3238,.F.);
#4213=ORIENTED_EDGE('',*,*,#3239,.F.);
#4214=ORIENTED_EDGE('',*,*,#3240,.F.);
#4215=ORIENTED_EDGE('',*,*,#3239,.T.);
#4216=ORIENTED_EDGE('',*,*,#3241,.T.);
#4217=ORIENTED_EDGE('',*,*,#3242,.T.);
#4218=ORIENTED_EDGE('',*,*,#3243,.T.);
#4219=ORIENTED_EDGE('',*,*,#3244,.T.);
#4220=ORIENTED_EDGE('',*,*,#3245,.T.);
#4221=ORIENTED_EDGE('',*,*,#3246,.T.);
#4222=ORIENTED_EDGE('',*,*,#3247,.T.);
#4223=ORIENTED_EDGE('',*,*,#3248,.T.);
#4224=ORIENTED_EDGE('',*,*,#3249,.T.);
#4225=ORIENTED_EDGE('',*,*,#3250,.T.);
#4226=ORIENTED_EDGE('',*,*,#3251,.T.);
#4227=ORIENTED_EDGE('',*,*,#3252,.T.);
#4228=ORIENTED_EDGE('',*,*,#3253,.T.);
#4229=ORIENTED_EDGE('',*,*,#3254,.T.);
#4230=ORIENTED_EDGE('',*,*,#3255,.T.);
#4231=ORIENTED_EDGE('',*,*,#3256,.T.);
#4232=ORIENTED_EDGE('',*,*,#3257,.T.);
#4233=ORIENTED_EDGE('',*,*,#3258,.T.);
#4234=ORIENTED_EDGE('',*,*,#3259,.T.);
#4235=ORIENTED_EDGE('',*,*,#3260,.T.);
#4236=ORIENTED_EDGE('',*,*,#3235,.T.);
#4237=ORIENTED_EDGE('',*,*,#3261,.F.);
#4238=ORIENTED_EDGE('',*,*,#3262,.T.);
#4239=ORIENTED_EDGE('',*,*,#3263,.T.);
#4240=ORIENTED_EDGE('',*,*,#3264,.T.);
#4241=ORIENTED_EDGE('',*,*,#3265,.T.);
#4242=ORIENTED_EDGE('',*,*,#3266,.T.);
#4243=ORIENTED_EDGE('',*,*,#3267,.T.);
#4244=ORIENTED_EDGE('',*,*,#3268,.T.);
#4245=ORIENTED_EDGE('',*,*,#3269,.T.);
#4246=ORIENTED_EDGE('',*,*,#3270,.T.);
#4247=ORIENTED_EDGE('',*,*,#3271,.T.);
#4248=ORIENTED_EDGE('',*,*,#3272,.T.);
#4249=ORIENTED_EDGE('',*,*,#3273,.T.);
#4250=ORIENTED_EDGE('',*,*,#3274,.T.);
#4251=ORIENTED_EDGE('',*,*,#3275,.T.);
#4252=ORIENTED_EDGE('',*,*,#3276,.T.);
#4253=ORIENTED_EDGE('',*,*,#3277,.T.);
#4254=ORIENTED_EDGE('',*,*,#3278,.T.);
#4255=ORIENTED_EDGE('',*,*,#3279,.T.);
#4256=ORIENTED_EDGE('',*,*,#3280,.T.);
#4257=ORIENTED_EDGE('',*,*,#3281,.T.);
#4258=ORIENTED_EDGE('',*,*,#3282,.T.);
#4259=ORIENTED_EDGE('',*,*,#3283,.T.);
#4260=ORIENTED_EDGE('',*,*,#3284,.T.);
#4261=ORIENTED_EDGE('',*,*,#3285,.T.);
#4262=ORIENTED_EDGE('',*,*,#3286,.T.);
#4263=ORIENTED_EDGE('',*,*,#3287,.T.);
#4264=ORIENTED_EDGE('',*,*,#3288,.T.);
#4265=ORIENTED_EDGE('',*,*,#3289,.T.);
#4266=ORIENTED_EDGE('',*,*,#3290,.T.);
#4267=ORIENTED_EDGE('',*,*,#3291,.T.);
#4268=ORIENTED_EDGE('',*,*,#3292,.T.);
#4269=ORIENTED_EDGE('',*,*,#3293,.T.);
#4270=ORIENTED_EDGE('',*,*,#3294,.T.);
#4271=ORIENTED_EDGE('',*,*,#3295,.T.);
#4272=ORIENTED_EDGE('',*,*,#3296,.T.);
#4273=ORIENTED_EDGE('',*,*,#3297,.T.);
#4274=ORIENTED_EDGE('',*,*,#3298,.T.);
#4275=ORIENTED_EDGE('',*,*,#3299,.T.);
#4276=ORIENTED_EDGE('',*,*,#3300,.T.);
#4277=ORIENTED_EDGE('',*,*,#3301,.T.);
#4278=ORIENTED_EDGE('',*,*,#3302,.T.);
#4279=ORIENTED_EDGE('',*,*,#3303,.T.);
#4280=ORIENTED_EDGE('',*,*,#3304,.T.);
#4281=ORIENTED_EDGE('',*,*,#3305,.T.);
#4282=ORIENTED_EDGE('',*,*,#3306,.T.);
#4283=ORIENTED_EDGE('',*,*,#3307,.T.);
#4284=ORIENTED_EDGE('',*,*,#3308,.T.);
#4285=ORIENTED_EDGE('',*,*,#3309,.T.);
#4286=ORIENTED_EDGE('',*,*,#3310,.T.);
#4287=ORIENTED_EDGE('',*,*,#3311,.T.);
#4288=ORIENTED_EDGE('',*,*,#3312,.T.);
#4289=ORIENTED_EDGE('',*,*,#3313,.T.);
#4290=ORIENTED_EDGE('',*,*,#3314,.T.);
#4291=ORIENTED_EDGE('',*,*,#3315,.T.);
#4292=ORIENTED_EDGE('',*,*,#3316,.T.);
#4293=ORIENTED_EDGE('',*,*,#3317,.T.);
#4294=ORIENTED_EDGE('',*,*,#3318,.T.);
#4295=ORIENTED_EDGE('',*,*,#3319,.T.);
#4296=ORIENTED_EDGE('',*,*,#3320,.T.);
#4297=ORIENTED_EDGE('',*,*,#3321,.T.);
#4298=ORIENTED_EDGE('',*,*,#3322,.T.);
#4299=ORIENTED_EDGE('',*,*,#3323,.T.);
#4300=ORIENTED_EDGE('',*,*,#3324,.T.);
#4301=ORIENTED_EDGE('',*,*,#3325,.T.);
#4302=ORIENTED_EDGE('',*,*,#3326,.T.);
#4303=ORIENTED_EDGE('',*,*,#3327,.T.);
#4304=ORIENTED_EDGE('',*,*,#3328,.T.);
#4305=ORIENTED_EDGE('',*,*,#3329,.T.);
#4306=ORIENTED_EDGE('',*,*,#3330,.T.);
#4307=ORIENTED_EDGE('',*,*,#3331,.T.);
#4308=ORIENTED_EDGE('',*,*,#3332,.T.);
#4309=ORIENTED_EDGE('',*,*,#3333,.T.);
#4310=ORIENTED_EDGE('',*,*,#3334,.T.);
#4311=ORIENTED_EDGE('',*,*,#3335,.T.);
#4312=ORIENTED_EDGE('',*,*,#3336,.T.);
#4313=ORIENTED_EDGE('',*,*,#3337,.T.);
#4314=ORIENTED_EDGE('',*,*,#3338,.T.);
#4315=ORIENTED_EDGE('',*,*,#3339,.T.);
#4316=ORIENTED_EDGE('',*,*,#3340,.T.);
#4317=ORIENTED_EDGE('',*,*,#3341,.T.);
#4318=ORIENTED_EDGE('',*,*,#3342,.T.);
#4319=ORIENTED_EDGE('',*,*,#3343,.T.);
#4320=ORIENTED_EDGE('',*,*,#3344,.T.);
#4321=ORIENTED_EDGE('',*,*,#3345,.T.);
#4322=ORIENTED_EDGE('',*,*,#3346,.T.);
#4323=ORIENTED_EDGE('',*,*,#3347,.T.);
#4324=ORIENTED_EDGE('',*,*,#3348,.T.);
#4325=ORIENTED_EDGE('',*,*,#3349,.T.);
#4326=ORIENTED_EDGE('',*,*,#3350,.T.);
#4327=ORIENTED_EDGE('',*,*,#3351,.T.);
#4328=ORIENTED_EDGE('',*,*,#3352,.T.);
#4329=ORIENTED_EDGE('',*,*,#3353,.T.);
#4330=ORIENTED_EDGE('',*,*,#3354,.T.);
#4331=ORIENTED_EDGE('',*,*,#3355,.T.);
#4332=ORIENTED_EDGE('',*,*,#3356,.T.);
#4333=ORIENTED_EDGE('',*,*,#3357,.T.);
#4334=ORIENTED_EDGE('',*,*,#3358,.T.);
#4335=ORIENTED_EDGE('',*,*,#3359,.T.);
#4336=ORIENTED_EDGE('',*,*,#3360,.T.);
#4337=ORIENTED_EDGE('',*,*,#3361,.T.);
#4338=ORIENTED_EDGE('',*,*,#3362,.T.);
#4339=ORIENTED_EDGE('',*,*,#3363,.T.);
#4340=ORIENTED_EDGE('',*,*,#3364,.T.);
#4341=ORIENTED_EDGE('',*,*,#3365,.T.);
#4342=ORIENTED_EDGE('',*,*,#3366,.T.);
#4343=ORIENTED_EDGE('',*,*,#3367,.T.);
#4344=ORIENTED_EDGE('',*,*,#3368,.T.);
#4345=ORIENTED_EDGE('',*,*,#3369,.T.);
#4346=ORIENTED_EDGE('',*,*,#3370,.T.);
#4347=ORIENTED_EDGE('',*,*,#3371,.T.);
#4348=ORIENTED_EDGE('',*,*,#3372,.T.);
#4349=ORIENTED_EDGE('',*,*,#3373,.T.);
#4350=ORIENTED_EDGE('',*,*,#3374,.T.);
#4351=ORIENTED_EDGE('',*,*,#3375,.T.);
#4352=ORIENTED_EDGE('',*,*,#3376,.T.);
#4353=ORIENTED_EDGE('',*,*,#3377,.T.);
#4354=ORIENTED_EDGE('',*,*,#3378,.T.);
#4355=ORIENTED_EDGE('',*,*,#3379,.T.);
#4356=ORIENTED_EDGE('',*,*,#3380,.T.);
#4357=ORIENTED_EDGE('',*,*,#3381,.T.);
#4358=ORIENTED_EDGE('',*,*,#3382,.T.);
#4359=ORIENTED_EDGE('',*,*,#3383,.T.);
#4360=ORIENTED_EDGE('',*,*,#3384,.T.);
#4361=ORIENTED_EDGE('',*,*,#3385,.T.);
#4362=ORIENTED_EDGE('',*,*,#3386,.T.);
#4363=ORIENTED_EDGE('',*,*,#3387,.T.);
#4364=ORIENTED_EDGE('',*,*,#3388,.T.);
#4365=ORIENTED_EDGE('',*,*,#3389,.T.);
#4366=ORIENTED_EDGE('',*,*,#3390,.T.);
#4367=ORIENTED_EDGE('',*,*,#3391,.T.);
#4368=ORIENTED_EDGE('',*,*,#3392,.T.);
#4369=ORIENTED_EDGE('',*,*,#3393,.T.);
#4370=ORIENTED_EDGE('',*,*,#3394,.T.);
#4371=ORIENTED_EDGE('',*,*,#3395,.T.);
#4372=ORIENTED_EDGE('',*,*,#3396,.T.);
#4373=ORIENTED_EDGE('',*,*,#3397,.T.);
#4374=ORIENTED_EDGE('',*,*,#3398,.T.);
#4375=ORIENTED_EDGE('',*,*,#3399,.T.);
#4376=ORIENTED_EDGE('',*,*,#3400,.T.);
#4377=ORIENTED_EDGE('',*,*,#3401,.T.);
#4378=ORIENTED_EDGE('',*,*,#3402,.T.);
#4379=ORIENTED_EDGE('',*,*,#3403,.T.);
#4380=ORIENTED_EDGE('',*,*,#3404,.T.);
#4381=ORIENTED_EDGE('',*,*,#3405,.T.);
#4382=ORIENTED_EDGE('',*,*,#3406,.T.);
#4383=ORIENTED_EDGE('',*,*,#3407,.T.);
#4384=ORIENTED_EDGE('',*,*,#3408,.T.);
#4385=ORIENTED_EDGE('',*,*,#3409,.T.);
#4386=ORIENTED_EDGE('',*,*,#3410,.T.);
#4387=ORIENTED_EDGE('',*,*,#3411,.T.);
#4388=ORIENTED_EDGE('',*,*,#3412,.T.);
#4389=ORIENTED_EDGE('',*,*,#3413,.T.);
#4390=ORIENTED_EDGE('',*,*,#3414,.T.);
#4391=ORIENTED_EDGE('',*,*,#3415,.T.);
#4392=ORIENTED_EDGE('',*,*,#3416,.T.);
#4393=ORIENTED_EDGE('',*,*,#3417,.T.);
#4394=ORIENTED_EDGE('',*,*,#3418,.T.);
#4395=ORIENTED_EDGE('',*,*,#3419,.T.);
#4396=ORIENTED_EDGE('',*,*,#3420,.T.);
#4397=ORIENTED_EDGE('',*,*,#3421,.T.);
#4398=ORIENTED_EDGE('',*,*,#3422,.T.);
#4399=ORIENTED_EDGE('',*,*,#3423,.T.);
#4400=ORIENTED_EDGE('',*,*,#3424,.T.);
#4401=ORIENTED_EDGE('',*,*,#3425,.T.);
#4402=ORIENTED_EDGE('',*,*,#3426,.T.);
#4403=ORIENTED_EDGE('',*,*,#3427,.T.);
#4404=ORIENTED_EDGE('',*,*,#3428,.T.);
#4405=ORIENTED_EDGE('',*,*,#3429,.T.);
#4406=ORIENTED_EDGE('',*,*,#3430,.T.);
#4407=ORIENTED_EDGE('',*,*,#3431,.T.);
#4408=ORIENTED_EDGE('',*,*,#3432,.T.);
#4409=ORIENTED_EDGE('',*,*,#3433,.T.);
#4410=ORIENTED_EDGE('',*,*,#3434,.T.);
#4411=ORIENTED_EDGE('',*,*,#3435,.T.);
#4412=ORIENTED_EDGE('',*,*,#3436,.T.);
#4413=ORIENTED_EDGE('',*,*,#3437,.T.);
#4414=ORIENTED_EDGE('',*,*,#3438,.T.);
#4415=ORIENTED_EDGE('',*,*,#3439,.T.);
#4416=ORIENTED_EDGE('',*,*,#3440,.T.);
#4417=ORIENTED_EDGE('',*,*,#3441,.T.);
#4418=ORIENTED_EDGE('',*,*,#3442,.T.);
#4419=ORIENTED_EDGE('',*,*,#3443,.T.);
#4420=ORIENTED_EDGE('',*,*,#3444,.T.);
#4421=ORIENTED_EDGE('',*,*,#3445,.T.);
#4422=ORIENTED_EDGE('',*,*,#3446,.T.);
#4423=ORIENTED_EDGE('',*,*,#3447,.T.);
#4424=ORIENTED_EDGE('',*,*,#3448,.T.);
#4425=ORIENTED_EDGE('',*,*,#3449,.T.);
#4426=ORIENTED_EDGE('',*,*,#3450,.T.);
#4427=ORIENTED_EDGE('',*,*,#3451,.T.);
#4428=ORIENTED_EDGE('',*,*,#3452,.T.);
#4429=ORIENTED_EDGE('',*,*,#3453,.T.);
#4430=ORIENTED_EDGE('',*,*,#3454,.T.);
#4431=ORIENTED_EDGE('',*,*,#3455,.T.);
#4432=ORIENTED_EDGE('',*,*,#3456,.T.);
#4433=ORIENTED_EDGE('',*,*,#3457,.T.);
#4434=ORIENTED_EDGE('',*,*,#3458,.T.);
#4435=ORIENTED_EDGE('',*,*,#3459,.T.);
#4436=ORIENTED_EDGE('',*,*,#3460,.T.);
#4437=ORIENTED_EDGE('',*,*,#3461,.T.);
#4438=ORIENTED_EDGE('',*,*,#3462,.T.);
#4439=ORIENTED_EDGE('',*,*,#3463,.T.);
#4440=ORIENTED_EDGE('',*,*,#3464,.T.);
#4441=ORIENTED_EDGE('',*,*,#3465,.T.);
#4442=ORIENTED_EDGE('',*,*,#3466,.T.);
#4443=ORIENTED_EDGE('',*,*,#3467,.T.);
#4444=ORIENTED_EDGE('',*,*,#3468,.T.);
#4445=ORIENTED_EDGE('',*,*,#3469,.T.);
#4446=ORIENTED_EDGE('',*,*,#3470,.T.);
#4447=ORIENTED_EDGE('',*,*,#3471,.T.);
#4448=ORIENTED_EDGE('',*,*,#3472,.T.);
#4449=ORIENTED_EDGE('',*,*,#3473,.T.);
#4450=ORIENTED_EDGE('',*,*,#3474,.T.);
#4451=ORIENTED_EDGE('',*,*,#3475,.T.);
#4452=ORIENTED_EDGE('',*,*,#3476,.T.);
#4453=ORIENTED_EDGE('',*,*,#3477,.T.);
#4454=ORIENTED_EDGE('',*,*,#3478,.T.);
#4455=ORIENTED_EDGE('',*,*,#3479,.T.);
#4456=ORIENTED_EDGE('',*,*,#3480,.T.);
#4457=ORIENTED_EDGE('',*,*,#3481,.T.);
#4458=ORIENTED_EDGE('',*,*,#3482,.T.);
#4459=ORIENTED_EDGE('',*,*,#3483,.T.);
#4460=ORIENTED_EDGE('',*,*,#3484,.T.);
#4461=ORIENTED_EDGE('',*,*,#3485,.T.);
#4462=ORIENTED_EDGE('',*,*,#3486,.T.);
#4463=ORIENTED_EDGE('',*,*,#3171,.T.);
#4464=ORIENTED_EDGE('',*,*,#3216,.F.);
#4465=ORIENTED_EDGE('',*,*,#3221,.F.);
#4466=ORIENTED_EDGE('',*,*,#3222,.F.);
#4467=ORIENTED_EDGE('',*,*,#3193,.T.);
#4468=ORIENTED_EDGE('',*,*,#3487,.F.);
#4469=ORIENTED_EDGE('',*,*,#3488,.T.);
#4470=ORIENTED_EDGE('',*,*,#3489,.F.);
#4471=ORIENTED_EDGE('',*,*,#3231,.F.);
#4472=ORIENTED_EDGE('',*,*,#3490,.F.);
#4473=ORIENTED_EDGE('',*,*,#3491,.T.);
#4474=ORIENTED_EDGE('',*,*,#3492,.T.);
#4475=ORIENTED_EDGE('',*,*,#3490,.T.);
#4476=ORIENTED_EDGE('',*,*,#3233,.F.);
#4477=ORIENTED_EDGE('',*,*,#3226,.T.);
#4478=ORIENTED_EDGE('',*,*,#3237,.T.);
#4479=ORIENTED_EDGE('',*,*,#3240,.T.);
#4480=ORIENTED_EDGE('',*,*,#3493,.T.);
#4481=ORIENTED_EDGE('',*,*,#3494,.T.);
#4482=ORIENTED_EDGE('',*,*,#3495,.T.);
#4483=ORIENTED_EDGE('',*,*,#3261,.T.);
#4484=ORIENTED_EDGE('',*,*,#3234,.T.);
#4485=ORIENTED_EDGE('',*,*,#3228,.T.);
#4486=ORIENTED_EDGE('',*,*,#3232,.F.);
#4487=ORIENTED_EDGE('',*,*,#3489,.T.);
#4488=ORIENTED_EDGE('',*,*,#3493,.F.);
#4489=ORIENTED_EDGE('',*,*,#3266,.F.);
#4490=ORIENTED_EDGE('',*,*,#3496,.T.);
#4491=ORIENTED_EDGE('',*,*,#3497,.T.);
#4492=ORIENTED_EDGE('',*,*,#3498,.F.);
#4493=ORIENTED_EDGE('',*,*,#3499,.F.);
#4494=ORIENTED_EDGE('',*,*,#3236,.T.);
#4495=ORIENTED_EDGE('',*,*,#3260,.F.);
#4496=ORIENTED_EDGE('',*,*,#3500,.F.);
#4497=ORIENTED_EDGE('',*,*,#3501,.F.);
#4498=ORIENTED_EDGE('',*,*,#3498,.T.);
#4499=ORIENTED_EDGE('',*,*,#3259,.F.);
#4500=ORIENTED_EDGE('',*,*,#3502,.F.);
#4501=ORIENTED_EDGE('',*,*,#3503,.F.);
#4502=ORIENTED_EDGE('',*,*,#3500,.T.);
#4503=ORIENTED_EDGE('',*,*,#3258,.F.);
#4504=ORIENTED_EDGE('',*,*,#3504,.F.);
#4505=ORIENTED_EDGE('',*,*,#3505,.F.);
#4506=ORIENTED_EDGE('',*,*,#3502,.T.);
#4507=ORIENTED_EDGE('',*,*,#3257,.F.);
#4508=ORIENTED_EDGE('',*,*,#3504,.T.);
#4509=ORIENTED_EDGE('',*,*,#3256,.F.);
#4510=ORIENTED_EDGE('',*,*,#3506,.F.);
#4511=ORIENTED_EDGE('',*,*,#3507,.F.);
#4512=ORIENTED_EDGE('',*,*,#3508,.F.);
#4513=ORIENTED_EDGE('',*,*,#3509,.F.);
#4514=ORIENTED_EDGE('',*,*,#3506,.T.);
#4515=ORIENTED_EDGE('',*,*,#3255,.F.);
#4516=ORIENTED_EDGE('',*,*,#3510,.F.);
#4517=ORIENTED_EDGE('',*,*,#3511,.F.);
#4518=ORIENTED_EDGE('',*,*,#3508,.T.);
#4519=ORIENTED_EDGE('',*,*,#3254,.F.);
#4520=ORIENTED_EDGE('',*,*,#3512,.F.);
#4521=ORIENTED_EDGE('',*,*,#3513,.F.);
#4522=ORIENTED_EDGE('',*,*,#3510,.T.);
#4523=ORIENTED_EDGE('',*,*,#3253,.F.);
#4524=ORIENTED_EDGE('',*,*,#3512,.T.);
#4525=ORIENTED_EDGE('',*,*,#3252,.F.);
#4526=ORIENTED_EDGE('',*,*,#3514,.F.);
#4527=ORIENTED_EDGE('',*,*,#3515,.F.);
#4528=ORIENTED_EDGE('',*,*,#3516,.F.);
#4529=ORIENTED_EDGE('',*,*,#3517,.F.);
#4530=ORIENTED_EDGE('',*,*,#3514,.T.);
#4531=ORIENTED_EDGE('',*,*,#3251,.F.);
#4532=ORIENTED_EDGE('',*,*,#3516,.T.);
#4533=ORIENTED_EDGE('',*,*,#3250,.F.);
#4534=ORIENTED_EDGE('',*,*,#3518,.F.);
#4535=ORIENTED_EDGE('',*,*,#3519,.F.);
#4536=ORIENTED_EDGE('',*,*,#3520,.F.);
#4537=ORIENTED_EDGE('',*,*,#3521,.F.);
#4538=ORIENTED_EDGE('',*,*,#3518,.T.);
#4539=ORIENTED_EDGE('',*,*,#3249,.F.);
#4540=ORIENTED_EDGE('',*,*,#3520,.T.);
#4541=ORIENTED_EDGE('',*,*,#3248,.F.);
#4542=ORIENTED_EDGE('',*,*,#3522,.F.);
#4543=ORIENTED_EDGE('',*,*,#3523,.F.);
#4544=ORIENTED_EDGE('',*,*,#3524,.F.);
#4545=ORIENTED_EDGE('',*,*,#3525,.F.);
#4546=ORIENTED_EDGE('',*,*,#3522,.T.);
#4547=ORIENTED_EDGE('',*,*,#3247,.F.);
#4548=ORIENTED_EDGE('',*,*,#3526,.F.);
#4549=ORIENTED_EDGE('',*,*,#3527,.F.);
#4550=ORIENTED_EDGE('',*,*,#3524,.T.);
#4551=ORIENTED_EDGE('',*,*,#3246,.F.);
#4552=ORIENTED_EDGE('',*,*,#3528,.F.);
#4553=ORIENTED_EDGE('',*,*,#3529,.F.);
#4554=ORIENTED_EDGE('',*,*,#3526,.T.);
#4555=ORIENTED_EDGE('',*,*,#3245,.F.);
#4556=ORIENTED_EDGE('',*,*,#3528,.T.);
#4557=ORIENTED_EDGE('',*,*,#3244,.F.);
#4558=ORIENTED_EDGE('',*,*,#3530,.F.);
#4559=ORIENTED_EDGE('',*,*,#3531,.F.);
#4560=ORIENTED_EDGE('',*,*,#3532,.F.);
#4561=ORIENTED_EDGE('',*,*,#3533,.F.);
#4562=ORIENTED_EDGE('',*,*,#3530,.T.);
#4563=ORIENTED_EDGE('',*,*,#3243,.F.);
#4564=ORIENTED_EDGE('',*,*,#3534,.F.);
#4565=ORIENTED_EDGE('',*,*,#3535,.F.);
#4566=ORIENTED_EDGE('',*,*,#3532,.T.);
#4567=ORIENTED_EDGE('',*,*,#3242,.F.);
#4568=ORIENTED_EDGE('',*,*,#3241,.F.);
#4569=ORIENTED_EDGE('',*,*,#3238,.T.);
#4570=ORIENTED_EDGE('',*,*,#3536,.F.);
#4571=ORIENTED_EDGE('',*,*,#3534,.T.);
#4572=ORIENTED_EDGE('',*,*,#3517,.T.);
#4573=ORIENTED_EDGE('',*,*,#3537,.T.);
#4574=ORIENTED_EDGE('',*,*,#3205,.T.);
#4575=ORIENTED_EDGE('',*,*,#3538,.F.);
#4576=ORIENTED_EDGE('',*,*,#3515,.T.);
#4577=ORIENTED_EDGE('',*,*,#3538,.T.);
#4578=ORIENTED_EDGE('',*,*,#3204,.T.);
#4579=ORIENTED_EDGE('',*,*,#3539,.F.);
#4580=ORIENTED_EDGE('',*,*,#3513,.T.);
#4581=ORIENTED_EDGE('',*,*,#3539,.T.);
#4582=ORIENTED_EDGE('',*,*,#3203,.T.);
#4583=ORIENTED_EDGE('',*,*,#3540,.F.);
#4584=ORIENTED_EDGE('',*,*,#3511,.T.);
#4585=ORIENTED_EDGE('',*,*,#3540,.T.);
#4586=ORIENTED_EDGE('',*,*,#3202,.T.);
#4587=ORIENTED_EDGE('',*,*,#3541,.F.);
#4588=ORIENTED_EDGE('',*,*,#3509,.T.);
#4589=ORIENTED_EDGE('',*,*,#3541,.T.);
#4590=ORIENTED_EDGE('',*,*,#3201,.T.);
#4591=ORIENTED_EDGE('',*,*,#3542,.F.);
#4592=ORIENTED_EDGE('',*,*,#3507,.T.);
#4593=ORIENTED_EDGE('',*,*,#3542,.T.);
#4594=ORIENTED_EDGE('',*,*,#3200,.T.);
#4595=ORIENTED_EDGE('',*,*,#3543,.F.);
#4596=ORIENTED_EDGE('',*,*,#3505,.T.);
#4597=ORIENTED_EDGE('',*,*,#3543,.T.);
#4598=ORIENTED_EDGE('',*,*,#3199,.T.);
#4599=ORIENTED_EDGE('',*,*,#3544,.F.);
#4600=ORIENTED_EDGE('',*,*,#3503,.T.);
#4601=ORIENTED_EDGE('',*,*,#3544,.T.);
#4602=ORIENTED_EDGE('',*,*,#3198,.T.);
#4603=ORIENTED_EDGE('',*,*,#3545,.F.);
#4604=ORIENTED_EDGE('',*,*,#3546,.F.);
#4605=ORIENTED_EDGE('',*,*,#3547,.F.);
#4606=ORIENTED_EDGE('',*,*,#3501,.T.);
#4607=ORIENTED_EDGE('',*,*,#3547,.T.);
#4608=ORIENTED_EDGE('',*,*,#3546,.T.);
#4609=ORIENTED_EDGE('',*,*,#3545,.T.);
#4610=ORIENTED_EDGE('',*,*,#3197,.T.);
#4611=ORIENTED_EDGE('',*,*,#3548,.F.);
#4612=ORIENTED_EDGE('',*,*,#3499,.T.);
#4613=ORIENTED_EDGE('',*,*,#3548,.T.);
#4614=ORIENTED_EDGE('',*,*,#3196,.T.);
#4615=ORIENTED_EDGE('',*,*,#3230,.F.);
#4616=ORIENTED_EDGE('',*,*,#3549,.T.);
#4617=ORIENTED_EDGE('',*,*,#3550,.T.);
#4618=ORIENTED_EDGE('',*,*,#3184,.T.);
#4619=ORIENTED_EDGE('',*,*,#3551,.F.);
#4620=ORIENTED_EDGE('',*,*,#3552,.T.);
#4621=ORIENTED_EDGE('',*,*,#3551,.T.);
#4622=ORIENTED_EDGE('',*,*,#3183,.T.);
#4623=ORIENTED_EDGE('',*,*,#3553,.F.);
#4624=ORIENTED_EDGE('',*,*,#3554,.T.);
#4625=ORIENTED_EDGE('',*,*,#3553,.T.);
#4626=ORIENTED_EDGE('',*,*,#3182,.T.);
#4627=ORIENTED_EDGE('',*,*,#3555,.F.);
#4628=ORIENTED_EDGE('',*,*,#3556,.T.);
#4629=ORIENTED_EDGE('',*,*,#3555,.T.);
#4630=ORIENTED_EDGE('',*,*,#3181,.T.);
#4631=ORIENTED_EDGE('',*,*,#3557,.F.);
#4632=ORIENTED_EDGE('',*,*,#3558,.T.);
#4633=ORIENTED_EDGE('',*,*,#3557,.T.);
#4634=ORIENTED_EDGE('',*,*,#3180,.T.);
#4635=ORIENTED_EDGE('',*,*,#3559,.F.);
#4636=ORIENTED_EDGE('',*,*,#3560,.T.);
#4637=ORIENTED_EDGE('',*,*,#3559,.T.);
#4638=ORIENTED_EDGE('',*,*,#3179,.T.);
#4639=ORIENTED_EDGE('',*,*,#3561,.F.);
#4640=ORIENTED_EDGE('',*,*,#3562,.T.);
#4641=ORIENTED_EDGE('',*,*,#3561,.T.);
#4642=ORIENTED_EDGE('',*,*,#3178,.T.);
#4643=ORIENTED_EDGE('',*,*,#3563,.F.);
#4644=ORIENTED_EDGE('',*,*,#3564,.T.);
#4645=ORIENTED_EDGE('',*,*,#3563,.T.);
#4646=ORIENTED_EDGE('',*,*,#3177,.T.);
#4647=ORIENTED_EDGE('',*,*,#3565,.F.);
#4648=ORIENTED_EDGE('',*,*,#3566,.T.);
#4649=ORIENTED_EDGE('',*,*,#3565,.T.);
#4650=ORIENTED_EDGE('',*,*,#3176,.T.);
#4651=ORIENTED_EDGE('',*,*,#3567,.F.);
#4652=ORIENTED_EDGE('',*,*,#3568,.T.);
#4653=ORIENTED_EDGE('',*,*,#3567,.T.);
#4654=ORIENTED_EDGE('',*,*,#3175,.T.);
#4655=ORIENTED_EDGE('',*,*,#3569,.F.);
#4656=ORIENTED_EDGE('',*,*,#3570,.F.);
#4657=ORIENTED_EDGE('',*,*,#3571,.T.);
#4658=ORIENTED_EDGE('',*,*,#3570,.T.);
#4659=ORIENTED_EDGE('',*,*,#3569,.T.);
#4660=ORIENTED_EDGE('',*,*,#3174,.T.);
#4661=ORIENTED_EDGE('',*,*,#3572,.F.);
#4662=ORIENTED_EDGE('',*,*,#3573,.F.);
#4663=ORIENTED_EDGE('',*,*,#3574,.T.);
#4664=ORIENTED_EDGE('',*,*,#3575,.T.);
#4665=ORIENTED_EDGE('',*,*,#3185,.T.);
#4666=ORIENTED_EDGE('',*,*,#3550,.F.);
#4667=ORIENTED_EDGE('',*,*,#3576,.T.);
#4668=ORIENTED_EDGE('',*,*,#3577,.T.);
#4669=ORIENTED_EDGE('',*,*,#3186,.T.);
#4670=ORIENTED_EDGE('',*,*,#3575,.F.);
#4671=ORIENTED_EDGE('',*,*,#3578,.T.);
#4672=ORIENTED_EDGE('',*,*,#3579,.T.);
#4673=ORIENTED_EDGE('',*,*,#3187,.T.);
#4674=ORIENTED_EDGE('',*,*,#3577,.F.);
#4675=ORIENTED_EDGE('',*,*,#3580,.T.);
#4676=ORIENTED_EDGE('',*,*,#3581,.T.);
#4677=ORIENTED_EDGE('',*,*,#3188,.T.);
#4678=ORIENTED_EDGE('',*,*,#3579,.F.);
#4679=ORIENTED_EDGE('',*,*,#3582,.T.);
#4680=ORIENTED_EDGE('',*,*,#3583,.T.);
#4681=ORIENTED_EDGE('',*,*,#3189,.T.);
#4682=ORIENTED_EDGE('',*,*,#3581,.F.);
#4683=ORIENTED_EDGE('',*,*,#3584,.T.);
#4684=ORIENTED_EDGE('',*,*,#3585,.T.);
#4685=ORIENTED_EDGE('',*,*,#3190,.T.);
#4686=ORIENTED_EDGE('',*,*,#3583,.F.);
#4687=ORIENTED_EDGE('',*,*,#3586,.T.);
#4688=ORIENTED_EDGE('',*,*,#3587,.T.);
#4689=ORIENTED_EDGE('',*,*,#3191,.T.);
#4690=ORIENTED_EDGE('',*,*,#3585,.F.);
#4691=ORIENTED_EDGE('',*,*,#3588,.T.);
#4692=ORIENTED_EDGE('',*,*,#3487,.T.);
#4693=ORIENTED_EDGE('',*,*,#3192,.T.);
#4694=ORIENTED_EDGE('',*,*,#3587,.F.);
#4695=ORIENTED_EDGE('',*,*,#3589,.T.);
#4696=ORIENTED_EDGE('',*,*,#3590,.T.);
#4697=ORIENTED_EDGE('',*,*,#3172,.T.);
#4698=ORIENTED_EDGE('',*,*,#3486,.F.);
#4699=ORIENTED_EDGE('',*,*,#3591,.T.);
#4700=ORIENTED_EDGE('',*,*,#3573,.T.);
#4701=ORIENTED_EDGE('',*,*,#3572,.T.);
#4702=ORIENTED_EDGE('',*,*,#3173,.T.);
#4703=ORIENTED_EDGE('',*,*,#3590,.F.);
#4704=ORIENTED_EDGE('',*,*,#3278,.F.);
#4705=ORIENTED_EDGE('',*,*,#3592,.T.);
#4706=ORIENTED_EDGE('',*,*,#3593,.T.);
#4707=ORIENTED_EDGE('',*,*,#3594,.F.);
#4708=ORIENTED_EDGE('',*,*,#3277,.F.);
#4709=ORIENTED_EDGE('',*,*,#3595,.T.);
#4710=ORIENTED_EDGE('',*,*,#3596,.T.);
#4711=ORIENTED_EDGE('',*,*,#3592,.F.);
#4712=ORIENTED_EDGE('',*,*,#3276,.F.);
#4713=ORIENTED_EDGE('',*,*,#3597,.T.);
#4714=ORIENTED_EDGE('',*,*,#3598,.T.);
#4715=ORIENTED_EDGE('',*,*,#3595,.F.);
#4716=ORIENTED_EDGE('',*,*,#3275,.F.);
#4717=ORIENTED_EDGE('',*,*,#3599,.T.);
#4718=ORIENTED_EDGE('',*,*,#3600,.T.);
#4719=ORIENTED_EDGE('',*,*,#3597,.F.);
#4720=ORIENTED_EDGE('',*,*,#3274,.F.);
#4721=ORIENTED_EDGE('',*,*,#3601,.T.);
#4722=ORIENTED_EDGE('',*,*,#3602,.T.);
#4723=ORIENTED_EDGE('',*,*,#3599,.F.);
#4724=ORIENTED_EDGE('',*,*,#3273,.F.);
#4725=ORIENTED_EDGE('',*,*,#3603,.T.);
#4726=ORIENTED_EDGE('',*,*,#3604,.T.);
#4727=ORIENTED_EDGE('',*,*,#3601,.F.);
#4728=ORIENTED_EDGE('',*,*,#3272,.F.);
#4729=ORIENTED_EDGE('',*,*,#3605,.T.);
#4730=ORIENTED_EDGE('',*,*,#3606,.T.);
#4731=ORIENTED_EDGE('',*,*,#3603,.F.);
#4732=ORIENTED_EDGE('',*,*,#3271,.F.);
#4733=ORIENTED_EDGE('',*,*,#3607,.T.);
#4734=ORIENTED_EDGE('',*,*,#3608,.T.);
#4735=ORIENTED_EDGE('',*,*,#3605,.F.);
#4736=ORIENTED_EDGE('',*,*,#3270,.F.);
#4737=ORIENTED_EDGE('',*,*,#3609,.T.);
#4738=ORIENTED_EDGE('',*,*,#3610,.T.);
#4739=ORIENTED_EDGE('',*,*,#3607,.F.);
#4740=ORIENTED_EDGE('',*,*,#3269,.F.);
#4741=ORIENTED_EDGE('',*,*,#3611,.T.);
#4742=ORIENTED_EDGE('',*,*,#3612,.T.);
#4743=ORIENTED_EDGE('',*,*,#3609,.F.);
#4744=ORIENTED_EDGE('',*,*,#3268,.F.);
#4745=ORIENTED_EDGE('',*,*,#3613,.T.);
#4746=ORIENTED_EDGE('',*,*,#3614,.T.);
#4747=ORIENTED_EDGE('',*,*,#3611,.F.);
#4748=ORIENTED_EDGE('',*,*,#3267,.F.);
#4749=ORIENTED_EDGE('',*,*,#3594,.T.);
#4750=ORIENTED_EDGE('',*,*,#3615,.T.);
#4751=ORIENTED_EDGE('',*,*,#3613,.F.);
#4752=ORIENTED_EDGE('',*,*,#3264,.F.);
#4753=ORIENTED_EDGE('',*,*,#3616,.T.);
#4754=ORIENTED_EDGE('',*,*,#3617,.T.);
#4755=ORIENTED_EDGE('',*,*,#3618,.F.);
#4756=ORIENTED_EDGE('',*,*,#3263,.F.);
#4757=ORIENTED_EDGE('',*,*,#3619,.T.);
#4758=ORIENTED_EDGE('',*,*,#3620,.T.);
#4759=ORIENTED_EDGE('',*,*,#3616,.F.);
#4760=ORIENTED_EDGE('',*,*,#3495,.F.);
#4761=ORIENTED_EDGE('',*,*,#3621,.T.);
#4762=ORIENTED_EDGE('',*,*,#3619,.F.);
#4763=ORIENTED_EDGE('',*,*,#3262,.F.);
#4764=ORIENTED_EDGE('',*,*,#3265,.F.);
#4765=ORIENTED_EDGE('',*,*,#3618,.T.);
#4766=ORIENTED_EDGE('',*,*,#3622,.T.);
#4767=ORIENTED_EDGE('',*,*,#3496,.F.);
#4768=ORIENTED_EDGE('',*,*,#3290,.F.);
#4769=ORIENTED_EDGE('',*,*,#3623,.T.);
#4770=ORIENTED_EDGE('',*,*,#3624,.T.);
#4771=ORIENTED_EDGE('',*,*,#3625,.F.);
#4772=ORIENTED_EDGE('',*,*,#3289,.F.);
#4773=ORIENTED_EDGE('',*,*,#3626,.T.);
#4774=ORIENTED_EDGE('',*,*,#3627,.T.);
#4775=ORIENTED_EDGE('',*,*,#3623,.F.);
#4776=ORIENTED_EDGE('',*,*,#3288,.F.);
#4777=ORIENTED_EDGE('',*,*,#3628,.T.);
#4778=ORIENTED_EDGE('',*,*,#3629,.T.);
#4779=ORIENTED_EDGE('',*,*,#3626,.F.);
#4780=ORIENTED_EDGE('',*,*,#3287,.F.);
#4781=ORIENTED_EDGE('',*,*,#3630,.T.);
#4782=ORIENTED_EDGE('',*,*,#3631,.T.);
#4783=ORIENTED_EDGE('',*,*,#3628,.F.);
#4784=ORIENTED_EDGE('',*,*,#3286,.F.);
#4785=ORIENTED_EDGE('',*,*,#3632,.T.);
#4786=ORIENTED_EDGE('',*,*,#3633,.T.);
#4787=ORIENTED_EDGE('',*,*,#3630,.F.);
#4788=ORIENTED_EDGE('',*,*,#3285,.F.);
#4789=ORIENTED_EDGE('',*,*,#3634,.T.);
#4790=ORIENTED_EDGE('',*,*,#3635,.T.);
#4791=ORIENTED_EDGE('',*,*,#3632,.F.);
#4792=ORIENTED_EDGE('',*,*,#3284,.F.);
#4793=ORIENTED_EDGE('',*,*,#3636,.T.);
#4794=ORIENTED_EDGE('',*,*,#3637,.T.);
#4795=ORIENTED_EDGE('',*,*,#3634,.F.);
#4796=ORIENTED_EDGE('',*,*,#3283,.F.);
#4797=ORIENTED_EDGE('',*,*,#3638,.T.);
#4798=ORIENTED_EDGE('',*,*,#3639,.T.);
#4799=ORIENTED_EDGE('',*,*,#3636,.F.);
#4800=ORIENTED_EDGE('',*,*,#3282,.F.);
#4801=ORIENTED_EDGE('',*,*,#3640,.T.);
#4802=ORIENTED_EDGE('',*,*,#3641,.T.);
#4803=ORIENTED_EDGE('',*,*,#3638,.F.);
#4804=ORIENTED_EDGE('',*,*,#3281,.F.);
#4805=ORIENTED_EDGE('',*,*,#3642,.T.);
#4806=ORIENTED_EDGE('',*,*,#3643,.T.);
#4807=ORIENTED_EDGE('',*,*,#3640,.F.);
#4808=ORIENTED_EDGE('',*,*,#3280,.F.);
#4809=ORIENTED_EDGE('',*,*,#3644,.T.);
#4810=ORIENTED_EDGE('',*,*,#3645,.T.);
#4811=ORIENTED_EDGE('',*,*,#3642,.F.);
#4812=ORIENTED_EDGE('',*,*,#3279,.F.);
#4813=ORIENTED_EDGE('',*,*,#3625,.T.);
#4814=ORIENTED_EDGE('',*,*,#3646,.T.);
#4815=ORIENTED_EDGE('',*,*,#3644,.F.);
#4816=ORIENTED_EDGE('',*,*,#3298,.F.);
#4817=ORIENTED_EDGE('',*,*,#3647,.T.);
#4818=ORIENTED_EDGE('',*,*,#3648,.T.);
#4819=ORIENTED_EDGE('',*,*,#3649,.F.);
#4820=ORIENTED_EDGE('',*,*,#3297,.F.);
#4821=ORIENTED_EDGE('',*,*,#3650,.T.);
#4822=ORIENTED_EDGE('',*,*,#3651,.T.);
#4823=ORIENTED_EDGE('',*,*,#3647,.F.);
#4824=ORIENTED_EDGE('',*,*,#3296,.F.);
#4825=ORIENTED_EDGE('',*,*,#3652,.T.);
#4826=ORIENTED_EDGE('',*,*,#3653,.T.);
#4827=ORIENTED_EDGE('',*,*,#3650,.F.);
#4828=ORIENTED_EDGE('',*,*,#3295,.F.);
#4829=ORIENTED_EDGE('',*,*,#3654,.T.);
#4830=ORIENTED_EDGE('',*,*,#3655,.T.);
#4831=ORIENTED_EDGE('',*,*,#3652,.F.);
#4832=ORIENTED_EDGE('',*,*,#3294,.F.);
#4833=ORIENTED_EDGE('',*,*,#3656,.T.);
#4834=ORIENTED_EDGE('',*,*,#3657,.T.);
#4835=ORIENTED_EDGE('',*,*,#3654,.F.);
#4836=ORIENTED_EDGE('',*,*,#3293,.F.);
#4837=ORIENTED_EDGE('',*,*,#3658,.T.);
#4838=ORIENTED_EDGE('',*,*,#3659,.T.);
#4839=ORIENTED_EDGE('',*,*,#3656,.F.);
#4840=ORIENTED_EDGE('',*,*,#3292,.F.);
#4841=ORIENTED_EDGE('',*,*,#3660,.T.);
#4842=ORIENTED_EDGE('',*,*,#3661,.T.);
#4843=ORIENTED_EDGE('',*,*,#3658,.F.);
#4844=ORIENTED_EDGE('',*,*,#3291,.F.);
#4845=ORIENTED_EDGE('',*,*,#3649,.T.);
#4846=ORIENTED_EDGE('',*,*,#3662,.T.);
#4847=ORIENTED_EDGE('',*,*,#3660,.F.);
#4848=ORIENTED_EDGE('',*,*,#3310,.F.);
#4849=ORIENTED_EDGE('',*,*,#3663,.T.);
#4850=ORIENTED_EDGE('',*,*,#3664,.T.);
#4851=ORIENTED_EDGE('',*,*,#3665,.F.);
#4852=ORIENTED_EDGE('',*,*,#3309,.F.);
#4853=ORIENTED_EDGE('',*,*,#3666,.T.);
#4854=ORIENTED_EDGE('',*,*,#3667,.T.);
#4855=ORIENTED_EDGE('',*,*,#3663,.F.);
#4856=ORIENTED_EDGE('',*,*,#3308,.F.);
#4857=ORIENTED_EDGE('',*,*,#3668,.T.);
#4858=ORIENTED_EDGE('',*,*,#3669,.T.);
#4859=ORIENTED_EDGE('',*,*,#3666,.F.);
#4860=ORIENTED_EDGE('',*,*,#3307,.F.);
#4861=ORIENTED_EDGE('',*,*,#3670,.T.);
#4862=ORIENTED_EDGE('',*,*,#3671,.T.);
#4863=ORIENTED_EDGE('',*,*,#3668,.F.);
#4864=ORIENTED_EDGE('',*,*,#3306,.F.);
#4865=ORIENTED_EDGE('',*,*,#3672,.T.);
#4866=ORIENTED_EDGE('',*,*,#3673,.T.);
#4867=ORIENTED_EDGE('',*,*,#3670,.F.);
#4868=ORIENTED_EDGE('',*,*,#3305,.F.);
#4869=ORIENTED_EDGE('',*,*,#3674,.T.);
#4870=ORIENTED_EDGE('',*,*,#3675,.T.);
#4871=ORIENTED_EDGE('',*,*,#3672,.F.);
#4872=ORIENTED_EDGE('',*,*,#3304,.F.);
#4873=ORIENTED_EDGE('',*,*,#3676,.T.);
#4874=ORIENTED_EDGE('',*,*,#3677,.T.);
#4875=ORIENTED_EDGE('',*,*,#3674,.F.);
#4876=ORIENTED_EDGE('',*,*,#3303,.F.);
#4877=ORIENTED_EDGE('',*,*,#3678,.T.);
#4878=ORIENTED_EDGE('',*,*,#3679,.T.);
#4879=ORIENTED_EDGE('',*,*,#3676,.F.);
#4880=ORIENTED_EDGE('',*,*,#3302,.F.);
#4881=ORIENTED_EDGE('',*,*,#3680,.T.);
#4882=ORIENTED_EDGE('',*,*,#3681,.T.);
#4883=ORIENTED_EDGE('',*,*,#3678,.F.);
#4884=ORIENTED_EDGE('',*,*,#3301,.F.);
#4885=ORIENTED_EDGE('',*,*,#3682,.T.);
#4886=ORIENTED_EDGE('',*,*,#3683,.T.);
#4887=ORIENTED_EDGE('',*,*,#3680,.F.);
#4888=ORIENTED_EDGE('',*,*,#3300,.F.);
#4889=ORIENTED_EDGE('',*,*,#3684,.T.);
#4890=ORIENTED_EDGE('',*,*,#3685,.T.);
#4891=ORIENTED_EDGE('',*,*,#3682,.F.);
#4892=ORIENTED_EDGE('',*,*,#3299,.F.);
#4893=ORIENTED_EDGE('',*,*,#3665,.T.);
#4894=ORIENTED_EDGE('',*,*,#3686,.T.);
#4895=ORIENTED_EDGE('',*,*,#3684,.F.);
#4896=ORIENTED_EDGE('',*,*,#3322,.F.);
#4897=ORIENTED_EDGE('',*,*,#3687,.T.);
#4898=ORIENTED_EDGE('',*,*,#3688,.T.);
#4899=ORIENTED_EDGE('',*,*,#3689,.F.);
#4900=ORIENTED_EDGE('',*,*,#3321,.F.);
#4901=ORIENTED_EDGE('',*,*,#3690,.T.);
#4902=ORIENTED_EDGE('',*,*,#3691,.T.);
#4903=ORIENTED_EDGE('',*,*,#3687,.F.);
#4904=ORIENTED_EDGE('',*,*,#3320,.F.);
#4905=ORIENTED_EDGE('',*,*,#3692,.T.);
#4906=ORIENTED_EDGE('',*,*,#3693,.T.);
#4907=ORIENTED_EDGE('',*,*,#3690,.F.);
#4908=ORIENTED_EDGE('',*,*,#3319,.F.);
#4909=ORIENTED_EDGE('',*,*,#3694,.T.);
#4910=ORIENTED_EDGE('',*,*,#3695,.T.);
#4911=ORIENTED_EDGE('',*,*,#3692,.F.);
#4912=ORIENTED_EDGE('',*,*,#3318,.F.);
#4913=ORIENTED_EDGE('',*,*,#3696,.T.);
#4914=ORIENTED_EDGE('',*,*,#3697,.T.);
#4915=ORIENTED_EDGE('',*,*,#3694,.F.);
#4916=ORIENTED_EDGE('',*,*,#3317,.F.);
#4917=ORIENTED_EDGE('',*,*,#3698,.T.);
#4918=ORIENTED_EDGE('',*,*,#3699,.T.);
#4919=ORIENTED_EDGE('',*,*,#3696,.F.);
#4920=ORIENTED_EDGE('',*,*,#3316,.F.);
#4921=ORIENTED_EDGE('',*,*,#3700,.T.);
#4922=ORIENTED_EDGE('',*,*,#3701,.T.);
#4923=ORIENTED_EDGE('',*,*,#3698,.F.);
#4924=ORIENTED_EDGE('',*,*,#3315,.F.);
#4925=ORIENTED_EDGE('',*,*,#3702,.T.);
#4926=ORIENTED_EDGE('',*,*,#3703,.T.);
#4927=ORIENTED_EDGE('',*,*,#3700,.F.);
#4928=ORIENTED_EDGE('',*,*,#3314,.F.);
#4929=ORIENTED_EDGE('',*,*,#3704,.T.);
#4930=ORIENTED_EDGE('',*,*,#3705,.T.);
#4931=ORIENTED_EDGE('',*,*,#3702,.F.);
#4932=ORIENTED_EDGE('',*,*,#3313,.F.);
#4933=ORIENTED_EDGE('',*,*,#3706,.T.);
#4934=ORIENTED_EDGE('',*,*,#3707,.T.);
#4935=ORIENTED_EDGE('',*,*,#3704,.F.);
#4936=ORIENTED_EDGE('',*,*,#3312,.F.);
#4937=ORIENTED_EDGE('',*,*,#3708,.T.);
#4938=ORIENTED_EDGE('',*,*,#3709,.T.);
#4939=ORIENTED_EDGE('',*,*,#3706,.F.);
#4940=ORIENTED_EDGE('',*,*,#3311,.F.);
#4941=ORIENTED_EDGE('',*,*,#3689,.T.);
#4942=ORIENTED_EDGE('',*,*,#3710,.T.);
#4943=ORIENTED_EDGE('',*,*,#3708,.F.);
#4944=ORIENTED_EDGE('',*,*,#3711,.T.);
#4945=ORIENTED_EDGE('',*,*,#3712,.T.);
#4946=ORIENTED_EDGE('',*,*,#3323,.F.);
#4947=ORIENTED_EDGE('',*,*,#3712,.F.);
#4948=ORIENTED_EDGE('',*,*,#3713,.T.);
#4949=ORIENTED_EDGE('',*,*,#3714,.T.);
#4950=ORIENTED_EDGE('',*,*,#3324,.F.);
#4951=ORIENTED_EDGE('',*,*,#3714,.F.);
#4952=ORIENTED_EDGE('',*,*,#3336,.F.);
#4953=ORIENTED_EDGE('',*,*,#3715,.T.);
#4954=ORIENTED_EDGE('',*,*,#3716,.T.);
#4955=ORIENTED_EDGE('',*,*,#3717,.F.);
#4956=ORIENTED_EDGE('',*,*,#3335,.F.);
#4957=ORIENTED_EDGE('',*,*,#3718,.T.);
#4958=ORIENTED_EDGE('',*,*,#3719,.T.);
#4959=ORIENTED_EDGE('',*,*,#3715,.F.);
#4960=ORIENTED_EDGE('',*,*,#3334,.F.);
#4961=ORIENTED_EDGE('',*,*,#3720,.T.);
#4962=ORIENTED_EDGE('',*,*,#3721,.T.);
#4963=ORIENTED_EDGE('',*,*,#3718,.F.);
#4964=ORIENTED_EDGE('',*,*,#3333,.F.);
#4965=ORIENTED_EDGE('',*,*,#3722,.T.);
#4966=ORIENTED_EDGE('',*,*,#3723,.T.);
#4967=ORIENTED_EDGE('',*,*,#3720,.F.);
#4968=ORIENTED_EDGE('',*,*,#3332,.F.);
#4969=ORIENTED_EDGE('',*,*,#3724,.T.);
#4970=ORIENTED_EDGE('',*,*,#3725,.T.);
#4971=ORIENTED_EDGE('',*,*,#3722,.F.);
#4972=ORIENTED_EDGE('',*,*,#3331,.F.);
#4973=ORIENTED_EDGE('',*,*,#3726,.T.);
#4974=ORIENTED_EDGE('',*,*,#3727,.T.);
#4975=ORIENTED_EDGE('',*,*,#3724,.F.);
#4976=ORIENTED_EDGE('',*,*,#3330,.F.);
#4977=ORIENTED_EDGE('',*,*,#3728,.T.);
#4978=ORIENTED_EDGE('',*,*,#3729,.T.);
#4979=ORIENTED_EDGE('',*,*,#3726,.F.);
#4980=ORIENTED_EDGE('',*,*,#3329,.F.);
#4981=ORIENTED_EDGE('',*,*,#3730,.T.);
#4982=ORIENTED_EDGE('',*,*,#3731,.T.);
#4983=ORIENTED_EDGE('',*,*,#3728,.F.);
#4984=ORIENTED_EDGE('',*,*,#3328,.F.);
#4985=ORIENTED_EDGE('',*,*,#3732,.T.);
#4986=ORIENTED_EDGE('',*,*,#3733,.T.);
#4987=ORIENTED_EDGE('',*,*,#3730,.F.);
#4988=ORIENTED_EDGE('',*,*,#3327,.F.);
#4989=ORIENTED_EDGE('',*,*,#3734,.T.);
#4990=ORIENTED_EDGE('',*,*,#3735,.T.);
#4991=ORIENTED_EDGE('',*,*,#3732,.F.);
#4992=ORIENTED_EDGE('',*,*,#3326,.F.);
#4993=ORIENTED_EDGE('',*,*,#3736,.T.);
#4994=ORIENTED_EDGE('',*,*,#3737,.T.);
#4995=ORIENTED_EDGE('',*,*,#3734,.F.);
#4996=ORIENTED_EDGE('',*,*,#3325,.F.);
#4997=ORIENTED_EDGE('',*,*,#3717,.T.);
#4998=ORIENTED_EDGE('',*,*,#3738,.T.);
#4999=ORIENTED_EDGE('',*,*,#3736,.F.);
#5000=ORIENTED_EDGE('',*,*,#3348,.F.);
#5001=ORIENTED_EDGE('',*,*,#3739,.T.);
#5002=ORIENTED_EDGE('',*,*,#3740,.T.);
#5003=ORIENTED_EDGE('',*,*,#3741,.F.);
#5004=ORIENTED_EDGE('',*,*,#3347,.F.);
#5005=ORIENTED_EDGE('',*,*,#3742,.T.);
#5006=ORIENTED_EDGE('',*,*,#3743,.T.);
#5007=ORIENTED_EDGE('',*,*,#3739,.F.);
#5008=ORIENTED_EDGE('',*,*,#3346,.F.);
#5009=ORIENTED_EDGE('',*,*,#3744,.T.);
#5010=ORIENTED_EDGE('',*,*,#3745,.T.);
#5011=ORIENTED_EDGE('',*,*,#3742,.F.);
#5012=ORIENTED_EDGE('',*,*,#3345,.F.);
#5013=ORIENTED_EDGE('',*,*,#3746,.T.);
#5014=ORIENTED_EDGE('',*,*,#3747,.T.);
#5015=ORIENTED_EDGE('',*,*,#3744,.F.);
#5016=ORIENTED_EDGE('',*,*,#3344,.F.);
#5017=ORIENTED_EDGE('',*,*,#3748,.T.);
#5018=ORIENTED_EDGE('',*,*,#3749,.T.);
#5019=ORIENTED_EDGE('',*,*,#3746,.F.);
#5020=ORIENTED_EDGE('',*,*,#3343,.F.);
#5021=ORIENTED_EDGE('',*,*,#3750,.T.);
#5022=ORIENTED_EDGE('',*,*,#3751,.T.);
#5023=ORIENTED_EDGE('',*,*,#3748,.F.);
#5024=ORIENTED_EDGE('',*,*,#3342,.F.);
#5025=ORIENTED_EDGE('',*,*,#3752,.T.);
#5026=ORIENTED_EDGE('',*,*,#3753,.T.);
#5027=ORIENTED_EDGE('',*,*,#3750,.F.);
#5028=ORIENTED_EDGE('',*,*,#3341,.F.);
#5029=ORIENTED_EDGE('',*,*,#3754,.T.);
#5030=ORIENTED_EDGE('',*,*,#3755,.T.);
#5031=ORIENTED_EDGE('',*,*,#3752,.F.);
#5032=ORIENTED_EDGE('',*,*,#3340,.F.);
#5033=ORIENTED_EDGE('',*,*,#3756,.T.);
#5034=ORIENTED_EDGE('',*,*,#3757,.T.);
#5035=ORIENTED_EDGE('',*,*,#3754,.F.);
#5036=ORIENTED_EDGE('',*,*,#3339,.F.);
#5037=ORIENTED_EDGE('',*,*,#3758,.T.);
#5038=ORIENTED_EDGE('',*,*,#3759,.T.);
#5039=ORIENTED_EDGE('',*,*,#3756,.F.);
#5040=ORIENTED_EDGE('',*,*,#3338,.F.);
#5041=ORIENTED_EDGE('',*,*,#3760,.T.);
#5042=ORIENTED_EDGE('',*,*,#3761,.T.);
#5043=ORIENTED_EDGE('',*,*,#3758,.F.);
#5044=ORIENTED_EDGE('',*,*,#3337,.F.);
#5045=ORIENTED_EDGE('',*,*,#3741,.T.);
#5046=ORIENTED_EDGE('',*,*,#3762,.T.);
#5047=ORIENTED_EDGE('',*,*,#3760,.F.);
#5048=ORIENTED_EDGE('',*,*,#3360,.F.);
#5049=ORIENTED_EDGE('',*,*,#3763,.T.);
#5050=ORIENTED_EDGE('',*,*,#3764,.T.);
#5051=ORIENTED_EDGE('',*,*,#3765,.F.);
#5052=ORIENTED_EDGE('',*,*,#3359,.F.);
#5053=ORIENTED_EDGE('',*,*,#3766,.T.);
#5054=ORIENTED_EDGE('',*,*,#3767,.T.);
#5055=ORIENTED_EDGE('',*,*,#3763,.F.);
#5056=ORIENTED_EDGE('',*,*,#3358,.F.);
#5057=ORIENTED_EDGE('',*,*,#3768,.T.);
#5058=ORIENTED_EDGE('',*,*,#3769,.T.);
#5059=ORIENTED_EDGE('',*,*,#3766,.F.);
#5060=ORIENTED_EDGE('',*,*,#3357,.F.);
#5061=ORIENTED_EDGE('',*,*,#3770,.T.);
#5062=ORIENTED_EDGE('',*,*,#3771,.T.);
#5063=ORIENTED_EDGE('',*,*,#3768,.F.);
#5064=ORIENTED_EDGE('',*,*,#3356,.F.);
#5065=ORIENTED_EDGE('',*,*,#3772,.T.);
#5066=ORIENTED_EDGE('',*,*,#3773,.T.);
#5067=ORIENTED_EDGE('',*,*,#3770,.F.);
#5068=ORIENTED_EDGE('',*,*,#3355,.F.);
#5069=ORIENTED_EDGE('',*,*,#3774,.T.);
#5070=ORIENTED_EDGE('',*,*,#3775,.T.);
#5071=ORIENTED_EDGE('',*,*,#3772,.F.);
#5072=ORIENTED_EDGE('',*,*,#3354,.F.);
#5073=ORIENTED_EDGE('',*,*,#3776,.T.);
#5074=ORIENTED_EDGE('',*,*,#3777,.T.);
#5075=ORIENTED_EDGE('',*,*,#3774,.F.);
#5076=ORIENTED_EDGE('',*,*,#3353,.F.);
#5077=ORIENTED_EDGE('',*,*,#3778,.T.);
#5078=ORIENTED_EDGE('',*,*,#3779,.T.);
#5079=ORIENTED_EDGE('',*,*,#3776,.F.);
#5080=ORIENTED_EDGE('',*,*,#3352,.F.);
#5081=ORIENTED_EDGE('',*,*,#3780,.T.);
#5082=ORIENTED_EDGE('',*,*,#3781,.T.);
#5083=ORIENTED_EDGE('',*,*,#3778,.F.);
#5084=ORIENTED_EDGE('',*,*,#3351,.F.);
#5085=ORIENTED_EDGE('',*,*,#3782,.T.);
#5086=ORIENTED_EDGE('',*,*,#3783,.T.);
#5087=ORIENTED_EDGE('',*,*,#3780,.F.);
#5088=ORIENTED_EDGE('',*,*,#3350,.F.);
#5089=ORIENTED_EDGE('',*,*,#3784,.T.);
#5090=ORIENTED_EDGE('',*,*,#3785,.T.);
#5091=ORIENTED_EDGE('',*,*,#3782,.F.);
#5092=ORIENTED_EDGE('',*,*,#3349,.F.);
#5093=ORIENTED_EDGE('',*,*,#3765,.T.);
#5094=ORIENTED_EDGE('',*,*,#3786,.T.);
#5095=ORIENTED_EDGE('',*,*,#3784,.F.);
#5096=ORIENTED_EDGE('',*,*,#3372,.F.);
#5097=ORIENTED_EDGE('',*,*,#3787,.T.);
#5098=ORIENTED_EDGE('',*,*,#3788,.T.);
#5099=ORIENTED_EDGE('',*,*,#3789,.F.);
#5100=ORIENTED_EDGE('',*,*,#3371,.F.);
#5101=ORIENTED_EDGE('',*,*,#3790,.T.);
#5102=ORIENTED_EDGE('',*,*,#3791,.T.);
#5103=ORIENTED_EDGE('',*,*,#3787,.F.);
#5104=ORIENTED_EDGE('',*,*,#3370,.F.);
#5105=ORIENTED_EDGE('',*,*,#3792,.T.);
#5106=ORIENTED_EDGE('',*,*,#3793,.T.);
#5107=ORIENTED_EDGE('',*,*,#3790,.F.);
#5108=ORIENTED_EDGE('',*,*,#3369,.F.);
#5109=ORIENTED_EDGE('',*,*,#3794,.T.);
#5110=ORIENTED_EDGE('',*,*,#3795,.T.);
#5111=ORIENTED_EDGE('',*,*,#3792,.F.);
#5112=ORIENTED_EDGE('',*,*,#3368,.F.);
#5113=ORIENTED_EDGE('',*,*,#3796,.T.);
#5114=ORIENTED_EDGE('',*,*,#3797,.T.);
#5115=ORIENTED_EDGE('',*,*,#3794,.F.);
#5116=ORIENTED_EDGE('',*,*,#3367,.F.);
#5117=ORIENTED_EDGE('',*,*,#3798,.T.);
#5118=ORIENTED_EDGE('',*,*,#3799,.T.);
#5119=ORIENTED_EDGE('',*,*,#3796,.F.);
#5120=ORIENTED_EDGE('',*,*,#3366,.F.);
#5121=ORIENTED_EDGE('',*,*,#3800,.T.);
#5122=ORIENTED_EDGE('',*,*,#3801,.T.);
#5123=ORIENTED_EDGE('',*,*,#3798,.F.);
#5124=ORIENTED_EDGE('',*,*,#3365,.F.);
#5125=ORIENTED_EDGE('',*,*,#3802,.T.);
#5126=ORIENTED_EDGE('',*,*,#3803,.T.);
#5127=ORIENTED_EDGE('',*,*,#3800,.F.);
#5128=ORIENTED_EDGE('',*,*,#3364,.F.);
#5129=ORIENTED_EDGE('',*,*,#3804,.T.);
#5130=ORIENTED_EDGE('',*,*,#3805,.T.);
#5131=ORIENTED_EDGE('',*,*,#3802,.F.);
#5132=ORIENTED_EDGE('',*,*,#3363,.F.);
#5133=ORIENTED_EDGE('',*,*,#3806,.T.);
#5134=ORIENTED_EDGE('',*,*,#3807,.T.);
#5135=ORIENTED_EDGE('',*,*,#3804,.F.);
#5136=ORIENTED_EDGE('',*,*,#3362,.F.);
#5137=ORIENTED_EDGE('',*,*,#3808,.T.);
#5138=ORIENTED_EDGE('',*,*,#3809,.T.);
#5139=ORIENTED_EDGE('',*,*,#3806,.F.);
#5140=ORIENTED_EDGE('',*,*,#3361,.F.);
#5141=ORIENTED_EDGE('',*,*,#3789,.T.);
#5142=ORIENTED_EDGE('',*,*,#3810,.T.);
#5143=ORIENTED_EDGE('',*,*,#3808,.F.);
#5144=ORIENTED_EDGE('',*,*,#3384,.F.);
#5145=ORIENTED_EDGE('',*,*,#3811,.T.);
#5146=ORIENTED_EDGE('',*,*,#3812,.T.);
#5147=ORIENTED_EDGE('',*,*,#3813,.F.);
#5148=ORIENTED_EDGE('',*,*,#3383,.F.);
#5149=ORIENTED_EDGE('',*,*,#3814,.T.);
#5150=ORIENTED_EDGE('',*,*,#3815,.T.);
#5151=ORIENTED_EDGE('',*,*,#3811,.F.);
#5152=ORIENTED_EDGE('',*,*,#3382,.F.);
#5153=ORIENTED_EDGE('',*,*,#3816,.T.);
#5154=ORIENTED_EDGE('',*,*,#3817,.T.);
#5155=ORIENTED_EDGE('',*,*,#3814,.F.);
#5156=ORIENTED_EDGE('',*,*,#3381,.F.);
#5157=ORIENTED_EDGE('',*,*,#3818,.T.);
#5158=ORIENTED_EDGE('',*,*,#3819,.T.);
#5159=ORIENTED_EDGE('',*,*,#3816,.F.);
#5160=ORIENTED_EDGE('',*,*,#3380,.F.);
#5161=ORIENTED_EDGE('',*,*,#3820,.T.);
#5162=ORIENTED_EDGE('',*,*,#3821,.T.);
#5163=ORIENTED_EDGE('',*,*,#3818,.F.);
#5164=ORIENTED_EDGE('',*,*,#3379,.F.);
#5165=ORIENTED_EDGE('',*,*,#3822,.T.);
#5166=ORIENTED_EDGE('',*,*,#3823,.T.);
#5167=ORIENTED_EDGE('',*,*,#3820,.F.);
#5168=ORIENTED_EDGE('',*,*,#3378,.F.);
#5169=ORIENTED_EDGE('',*,*,#3824,.T.);
#5170=ORIENTED_EDGE('',*,*,#3825,.T.);
#5171=ORIENTED_EDGE('',*,*,#3822,.F.);
#5172=ORIENTED_EDGE('',*,*,#3377,.F.);
#5173=ORIENTED_EDGE('',*,*,#3826,.T.);
#5174=ORIENTED_EDGE('',*,*,#3827,.T.);
#5175=ORIENTED_EDGE('',*,*,#3824,.F.);
#5176=ORIENTED_EDGE('',*,*,#3376,.F.);
#5177=ORIENTED_EDGE('',*,*,#3828,.T.);
#5178=ORIENTED_EDGE('',*,*,#3829,.T.);
#5179=ORIENTED_EDGE('',*,*,#3826,.F.);
#5180=ORIENTED_EDGE('',*,*,#3375,.F.);
#5181=ORIENTED_EDGE('',*,*,#3830,.T.);
#5182=ORIENTED_EDGE('',*,*,#3831,.T.);
#5183=ORIENTED_EDGE('',*,*,#3828,.F.);
#5184=ORIENTED_EDGE('',*,*,#3374,.F.);
#5185=ORIENTED_EDGE('',*,*,#3832,.T.);
#5186=ORIENTED_EDGE('',*,*,#3833,.T.);
#5187=ORIENTED_EDGE('',*,*,#3830,.F.);
#5188=ORIENTED_EDGE('',*,*,#3373,.F.);
#5189=ORIENTED_EDGE('',*,*,#3813,.T.);
#5190=ORIENTED_EDGE('',*,*,#3834,.T.);
#5191=ORIENTED_EDGE('',*,*,#3832,.F.);
#5192=ORIENTED_EDGE('',*,*,#3835,.T.);
#5193=ORIENTED_EDGE('',*,*,#3836,.T.);
#5194=ORIENTED_EDGE('',*,*,#3385,.F.);
#5195=ORIENTED_EDGE('',*,*,#3836,.F.);
#5196=ORIENTED_EDGE('',*,*,#3397,.F.);
#5197=ORIENTED_EDGE('',*,*,#3837,.T.);
#5198=ORIENTED_EDGE('',*,*,#3838,.T.);
#5199=ORIENTED_EDGE('',*,*,#3839,.F.);
#5200=ORIENTED_EDGE('',*,*,#3396,.F.);
#5201=ORIENTED_EDGE('',*,*,#3840,.T.);
#5202=ORIENTED_EDGE('',*,*,#3841,.T.);
#5203=ORIENTED_EDGE('',*,*,#3837,.F.);
#5204=ORIENTED_EDGE('',*,*,#3395,.F.);
#5205=ORIENTED_EDGE('',*,*,#3842,.T.);
#5206=ORIENTED_EDGE('',*,*,#3843,.T.);
#5207=ORIENTED_EDGE('',*,*,#3840,.F.);
#5208=ORIENTED_EDGE('',*,*,#3394,.F.);
#5209=ORIENTED_EDGE('',*,*,#3844,.T.);
#5210=ORIENTED_EDGE('',*,*,#3845,.T.);
#5211=ORIENTED_EDGE('',*,*,#3842,.F.);
#5212=ORIENTED_EDGE('',*,*,#3393,.F.);
#5213=ORIENTED_EDGE('',*,*,#3846,.T.);
#5214=ORIENTED_EDGE('',*,*,#3847,.T.);
#5215=ORIENTED_EDGE('',*,*,#3844,.F.);
#5216=ORIENTED_EDGE('',*,*,#3392,.F.);
#5217=ORIENTED_EDGE('',*,*,#3848,.T.);
#5218=ORIENTED_EDGE('',*,*,#3849,.T.);
#5219=ORIENTED_EDGE('',*,*,#3846,.F.);
#5220=ORIENTED_EDGE('',*,*,#3391,.F.);
#5221=ORIENTED_EDGE('',*,*,#3850,.T.);
#5222=ORIENTED_EDGE('',*,*,#3851,.T.);
#5223=ORIENTED_EDGE('',*,*,#3848,.F.);
#5224=ORIENTED_EDGE('',*,*,#3390,.F.);
#5225=ORIENTED_EDGE('',*,*,#3852,.T.);
#5226=ORIENTED_EDGE('',*,*,#3853,.T.);
#5227=ORIENTED_EDGE('',*,*,#3850,.F.);
#5228=ORIENTED_EDGE('',*,*,#3389,.F.);
#5229=ORIENTED_EDGE('',*,*,#3854,.T.);
#5230=ORIENTED_EDGE('',*,*,#3855,.T.);
#5231=ORIENTED_EDGE('',*,*,#3852,.F.);
#5232=ORIENTED_EDGE('',*,*,#3388,.F.);
#5233=ORIENTED_EDGE('',*,*,#3856,.T.);
#5234=ORIENTED_EDGE('',*,*,#3857,.T.);
#5235=ORIENTED_EDGE('',*,*,#3854,.F.);
#5236=ORIENTED_EDGE('',*,*,#3387,.F.);
#5237=ORIENTED_EDGE('',*,*,#3858,.T.);
#5238=ORIENTED_EDGE('',*,*,#3859,.T.);
#5239=ORIENTED_EDGE('',*,*,#3856,.F.);
#5240=ORIENTED_EDGE('',*,*,#3386,.F.);
#5241=ORIENTED_EDGE('',*,*,#3839,.T.);
#5242=ORIENTED_EDGE('',*,*,#3860,.T.);
#5243=ORIENTED_EDGE('',*,*,#3858,.F.);
#5244=ORIENTED_EDGE('',*,*,#3861,.T.);
#5245=ORIENTED_EDGE('',*,*,#3862,.T.);
#5246=ORIENTED_EDGE('',*,*,#3398,.F.);
#5247=ORIENTED_EDGE('',*,*,#3862,.F.);
#5248=ORIENTED_EDGE('',*,*,#3410,.F.);
#5249=ORIENTED_EDGE('',*,*,#3863,.T.);
#5250=ORIENTED_EDGE('',*,*,#3864,.T.);
#5251=ORIENTED_EDGE('',*,*,#3865,.F.);
#5252=ORIENTED_EDGE('',*,*,#3409,.F.);
#5253=ORIENTED_EDGE('',*,*,#3866,.T.);
#5254=ORIENTED_EDGE('',*,*,#3867,.T.);
#5255=ORIENTED_EDGE('',*,*,#3863,.F.);
#5256=ORIENTED_EDGE('',*,*,#3408,.F.);
#5257=ORIENTED_EDGE('',*,*,#3868,.T.);
#5258=ORIENTED_EDGE('',*,*,#3869,.T.);
#5259=ORIENTED_EDGE('',*,*,#3866,.F.);
#5260=ORIENTED_EDGE('',*,*,#3407,.F.);
#5261=ORIENTED_EDGE('',*,*,#3870,.T.);
#5262=ORIENTED_EDGE('',*,*,#3871,.T.);
#5263=ORIENTED_EDGE('',*,*,#3868,.F.);
#5264=ORIENTED_EDGE('',*,*,#3406,.F.);
#5265=ORIENTED_EDGE('',*,*,#3872,.T.);
#5266=ORIENTED_EDGE('',*,*,#3873,.T.);
#5267=ORIENTED_EDGE('',*,*,#3870,.F.);
#5268=ORIENTED_EDGE('',*,*,#3405,.F.);
#5269=ORIENTED_EDGE('',*,*,#3874,.T.);
#5270=ORIENTED_EDGE('',*,*,#3875,.T.);
#5271=ORIENTED_EDGE('',*,*,#3872,.F.);
#5272=ORIENTED_EDGE('',*,*,#3404,.F.);
#5273=ORIENTED_EDGE('',*,*,#3876,.T.);
#5274=ORIENTED_EDGE('',*,*,#3877,.T.);
#5275=ORIENTED_EDGE('',*,*,#3874,.F.);
#5276=ORIENTED_EDGE('',*,*,#3403,.F.);
#5277=ORIENTED_EDGE('',*,*,#3878,.T.);
#5278=ORIENTED_EDGE('',*,*,#3879,.T.);
#5279=ORIENTED_EDGE('',*,*,#3876,.F.);
#5280=ORIENTED_EDGE('',*,*,#3402,.F.);
#5281=ORIENTED_EDGE('',*,*,#3880,.T.);
#5282=ORIENTED_EDGE('',*,*,#3881,.T.);
#5283=ORIENTED_EDGE('',*,*,#3878,.F.);
#5284=ORIENTED_EDGE('',*,*,#3401,.F.);
#5285=ORIENTED_EDGE('',*,*,#3882,.T.);
#5286=ORIENTED_EDGE('',*,*,#3883,.T.);
#5287=ORIENTED_EDGE('',*,*,#3880,.F.);
#5288=ORIENTED_EDGE('',*,*,#3400,.F.);
#5289=ORIENTED_EDGE('',*,*,#3884,.T.);
#5290=ORIENTED_EDGE('',*,*,#3885,.T.);
#5291=ORIENTED_EDGE('',*,*,#3882,.F.);
#5292=ORIENTED_EDGE('',*,*,#3399,.F.);
#5293=ORIENTED_EDGE('',*,*,#3865,.T.);
#5294=ORIENTED_EDGE('',*,*,#3886,.T.);
#5295=ORIENTED_EDGE('',*,*,#3884,.F.);
#5296=ORIENTED_EDGE('',*,*,#3422,.F.);
#5297=ORIENTED_EDGE('',*,*,#3887,.T.);
#5298=ORIENTED_EDGE('',*,*,#3888,.T.);
#5299=ORIENTED_EDGE('',*,*,#3889,.F.);
#5300=ORIENTED_EDGE('',*,*,#3421,.F.);
#5301=ORIENTED_EDGE('',*,*,#3890,.T.);
#5302=ORIENTED_EDGE('',*,*,#3891,.T.);
#5303=ORIENTED_EDGE('',*,*,#3887,.F.);
#5304=ORIENTED_EDGE('',*,*,#3420,.F.);
#5305=ORIENTED_EDGE('',*,*,#3892,.T.);
#5306=ORIENTED_EDGE('',*,*,#3893,.T.);
#5307=ORIENTED_EDGE('',*,*,#3890,.F.);
#5308=ORIENTED_EDGE('',*,*,#3419,.F.);
#5309=ORIENTED_EDGE('',*,*,#3894,.T.);
#5310=ORIENTED_EDGE('',*,*,#3895,.T.);
#5311=ORIENTED_EDGE('',*,*,#3892,.F.);
#5312=ORIENTED_EDGE('',*,*,#3418,.F.);
#5313=ORIENTED_EDGE('',*,*,#3896,.T.);
#5314=ORIENTED_EDGE('',*,*,#3897,.T.);
#5315=ORIENTED_EDGE('',*,*,#3894,.F.);
#5316=ORIENTED_EDGE('',*,*,#3417,.F.);
#5317=ORIENTED_EDGE('',*,*,#3898,.T.);
#5318=ORIENTED_EDGE('',*,*,#3899,.T.);
#5319=ORIENTED_EDGE('',*,*,#3896,.F.);
#5320=ORIENTED_EDGE('',*,*,#3416,.F.);
#5321=ORIENTED_EDGE('',*,*,#3900,.T.);
#5322=ORIENTED_EDGE('',*,*,#3901,.T.);
#5323=ORIENTED_EDGE('',*,*,#3898,.F.);
#5324=ORIENTED_EDGE('',*,*,#3415,.F.);
#5325=ORIENTED_EDGE('',*,*,#3902,.T.);
#5326=ORIENTED_EDGE('',*,*,#3903,.T.);
#5327=ORIENTED_EDGE('',*,*,#3900,.F.);
#5328=ORIENTED_EDGE('',*,*,#3414,.F.);
#5329=ORIENTED_EDGE('',*,*,#3904,.T.);
#5330=ORIENTED_EDGE('',*,*,#3905,.T.);
#5331=ORIENTED_EDGE('',*,*,#3902,.F.);
#5332=ORIENTED_EDGE('',*,*,#3413,.F.);
#5333=ORIENTED_EDGE('',*,*,#3906,.T.);
#5334=ORIENTED_EDGE('',*,*,#3907,.T.);
#5335=ORIENTED_EDGE('',*,*,#3904,.F.);
#5336=ORIENTED_EDGE('',*,*,#3412,.F.);
#5337=ORIENTED_EDGE('',*,*,#3908,.T.);
#5338=ORIENTED_EDGE('',*,*,#3909,.T.);
#5339=ORIENTED_EDGE('',*,*,#3906,.F.);
#5340=ORIENTED_EDGE('',*,*,#3411,.F.);
#5341=ORIENTED_EDGE('',*,*,#3889,.T.);
#5342=ORIENTED_EDGE('',*,*,#3910,.T.);
#5343=ORIENTED_EDGE('',*,*,#3908,.F.);
#5344=ORIENTED_EDGE('',*,*,#3434,.F.);
#5345=ORIENTED_EDGE('',*,*,#3911,.T.);
#5346=ORIENTED_EDGE('',*,*,#3912,.T.);
#5347=ORIENTED_EDGE('',*,*,#3913,.F.);
#5348=ORIENTED_EDGE('',*,*,#3433,.F.);
#5349=ORIENTED_EDGE('',*,*,#3914,.T.);
#5350=ORIENTED_EDGE('',*,*,#3915,.T.);
#5351=ORIENTED_EDGE('',*,*,#3911,.F.);
#5352=ORIENTED_EDGE('',*,*,#3432,.F.);
#5353=ORIENTED_EDGE('',*,*,#3916,.T.);
#5354=ORIENTED_EDGE('',*,*,#3917,.T.);
#5355=ORIENTED_EDGE('',*,*,#3914,.F.);
#5356=ORIENTED_EDGE('',*,*,#3431,.F.);
#5357=ORIENTED_EDGE('',*,*,#3918,.T.);
#5358=ORIENTED_EDGE('',*,*,#3919,.T.);
#5359=ORIENTED_EDGE('',*,*,#3916,.F.);
#5360=ORIENTED_EDGE('',*,*,#3430,.F.);
#5361=ORIENTED_EDGE('',*,*,#3920,.T.);
#5362=ORIENTED_EDGE('',*,*,#3921,.T.);
#5363=ORIENTED_EDGE('',*,*,#3918,.F.);
#5364=ORIENTED_EDGE('',*,*,#3429,.F.);
#5365=ORIENTED_EDGE('',*,*,#3922,.T.);
#5366=ORIENTED_EDGE('',*,*,#3923,.T.);
#5367=ORIENTED_EDGE('',*,*,#3920,.F.);
#5368=ORIENTED_EDGE('',*,*,#3428,.F.);
#5369=ORIENTED_EDGE('',*,*,#3924,.T.);
#5370=ORIENTED_EDGE('',*,*,#3925,.T.);
#5371=ORIENTED_EDGE('',*,*,#3922,.F.);
#5372=ORIENTED_EDGE('',*,*,#3427,.F.);
#5373=ORIENTED_EDGE('',*,*,#3926,.T.);
#5374=ORIENTED_EDGE('',*,*,#3927,.T.);
#5375=ORIENTED_EDGE('',*,*,#3924,.F.);
#5376=ORIENTED_EDGE('',*,*,#3426,.F.);
#5377=ORIENTED_EDGE('',*,*,#3928,.T.);
#5378=ORIENTED_EDGE('',*,*,#3929,.T.);
#5379=ORIENTED_EDGE('',*,*,#3926,.F.);
#5380=ORIENTED_EDGE('',*,*,#3425,.F.);
#5381=ORIENTED_EDGE('',*,*,#3930,.T.);
#5382=ORIENTED_EDGE('',*,*,#3931,.T.);
#5383=ORIENTED_EDGE('',*,*,#3928,.F.);
#5384=ORIENTED_EDGE('',*,*,#3424,.F.);
#5385=ORIENTED_EDGE('',*,*,#3932,.T.);
#5386=ORIENTED_EDGE('',*,*,#3933,.T.);
#5387=ORIENTED_EDGE('',*,*,#3930,.F.);
#5388=ORIENTED_EDGE('',*,*,#3423,.F.);
#5389=ORIENTED_EDGE('',*,*,#3913,.T.);
#5390=ORIENTED_EDGE('',*,*,#3934,.T.);
#5391=ORIENTED_EDGE('',*,*,#3932,.F.);
#5392=ORIENTED_EDGE('',*,*,#3935,.T.);
#5393=ORIENTED_EDGE('',*,*,#3936,.T.);
#5394=ORIENTED_EDGE('',*,*,#3435,.F.);
#5395=ORIENTED_EDGE('',*,*,#3936,.F.);
#5396=ORIENTED_EDGE('',*,*,#3937,.T.);
#5397=ORIENTED_EDGE('',*,*,#3938,.T.);
#5398=ORIENTED_EDGE('',*,*,#3436,.F.);
#5399=ORIENTED_EDGE('',*,*,#3938,.F.);
#5400=ORIENTED_EDGE('',*,*,#3448,.F.);
#5401=ORIENTED_EDGE('',*,*,#3939,.T.);
#5402=ORIENTED_EDGE('',*,*,#3940,.T.);
#5403=ORIENTED_EDGE('',*,*,#3941,.F.);
#5404=ORIENTED_EDGE('',*,*,#3447,.F.);
#5405=ORIENTED_EDGE('',*,*,#3942,.T.);
#5406=ORIENTED_EDGE('',*,*,#3943,.T.);
#5407=ORIENTED_EDGE('',*,*,#3939,.F.);
#5408=ORIENTED_EDGE('',*,*,#3446,.F.);
#5409=ORIENTED_EDGE('',*,*,#3944,.T.);
#5410=ORIENTED_EDGE('',*,*,#3945,.T.);
#5411=ORIENTED_EDGE('',*,*,#3942,.F.);
#5412=ORIENTED_EDGE('',*,*,#3445,.F.);
#5413=ORIENTED_EDGE('',*,*,#3946,.T.);
#5414=ORIENTED_EDGE('',*,*,#3947,.T.);
#5415=ORIENTED_EDGE('',*,*,#3944,.F.);
#5416=ORIENTED_EDGE('',*,*,#3444,.F.);
#5417=ORIENTED_EDGE('',*,*,#3948,.T.);
#5418=ORIENTED_EDGE('',*,*,#3949,.T.);
#5419=ORIENTED_EDGE('',*,*,#3946,.F.);
#5420=ORIENTED_EDGE('',*,*,#3443,.F.);
#5421=ORIENTED_EDGE('',*,*,#3950,.T.);
#5422=ORIENTED_EDGE('',*,*,#3951,.T.);
#5423=ORIENTED_EDGE('',*,*,#3948,.F.);
#5424=ORIENTED_EDGE('',*,*,#3442,.F.);
#5425=ORIENTED_EDGE('',*,*,#3952,.T.);
#5426=ORIENTED_EDGE('',*,*,#3953,.T.);
#5427=ORIENTED_EDGE('',*,*,#3950,.F.);
#5428=ORIENTED_EDGE('',*,*,#3441,.F.);
#5429=ORIENTED_EDGE('',*,*,#3954,.T.);
#5430=ORIENTED_EDGE('',*,*,#3955,.T.);
#5431=ORIENTED_EDGE('',*,*,#3952,.F.);
#5432=ORIENTED_EDGE('',*,*,#3440,.F.);
#5433=ORIENTED_EDGE('',*,*,#3956,.T.);
#5434=ORIENTED_EDGE('',*,*,#3957,.T.);
#5435=ORIENTED_EDGE('',*,*,#3954,.F.);
#5436=ORIENTED_EDGE('',*,*,#3439,.F.);
#5437=ORIENTED_EDGE('',*,*,#3958,.T.);
#5438=ORIENTED_EDGE('',*,*,#3959,.T.);
#5439=ORIENTED_EDGE('',*,*,#3956,.F.);
#5440=ORIENTED_EDGE('',*,*,#3438,.F.);
#5441=ORIENTED_EDGE('',*,*,#3960,.T.);
#5442=ORIENTED_EDGE('',*,*,#3961,.T.);
#5443=ORIENTED_EDGE('',*,*,#3958,.F.);
#5444=ORIENTED_EDGE('',*,*,#3437,.F.);
#5445=ORIENTED_EDGE('',*,*,#3941,.T.);
#5446=ORIENTED_EDGE('',*,*,#3962,.T.);
#5447=ORIENTED_EDGE('',*,*,#3960,.F.);
#5448=ORIENTED_EDGE('',*,*,#3456,.F.);
#5449=ORIENTED_EDGE('',*,*,#3963,.T.);
#5450=ORIENTED_EDGE('',*,*,#3964,.T.);
#5451=ORIENTED_EDGE('',*,*,#3965,.F.);
#5452=ORIENTED_EDGE('',*,*,#3455,.F.);
#5453=ORIENTED_EDGE('',*,*,#3966,.T.);
#5454=ORIENTED_EDGE('',*,*,#3967,.T.);
#5455=ORIENTED_EDGE('',*,*,#3963,.F.);
#5456=ORIENTED_EDGE('',*,*,#3454,.F.);
#5457=ORIENTED_EDGE('',*,*,#3968,.T.);
#5458=ORIENTED_EDGE('',*,*,#3969,.T.);
#5459=ORIENTED_EDGE('',*,*,#3966,.F.);
#5460=ORIENTED_EDGE('',*,*,#3453,.F.);
#5461=ORIENTED_EDGE('',*,*,#3970,.T.);
#5462=ORIENTED_EDGE('',*,*,#3971,.T.);
#5463=ORIENTED_EDGE('',*,*,#3968,.F.);
#5464=ORIENTED_EDGE('',*,*,#3452,.F.);
#5465=ORIENTED_EDGE('',*,*,#3972,.T.);
#5466=ORIENTED_EDGE('',*,*,#3973,.T.);
#5467=ORIENTED_EDGE('',*,*,#3970,.F.);
#5468=ORIENTED_EDGE('',*,*,#3451,.F.);
#5469=ORIENTED_EDGE('',*,*,#3974,.T.);
#5470=ORIENTED_EDGE('',*,*,#3975,.T.);
#5471=ORIENTED_EDGE('',*,*,#3972,.F.);
#5472=ORIENTED_EDGE('',*,*,#3450,.F.);
#5473=ORIENTED_EDGE('',*,*,#3976,.T.);
#5474=ORIENTED_EDGE('',*,*,#3977,.T.);
#5475=ORIENTED_EDGE('',*,*,#3974,.F.);
#5476=ORIENTED_EDGE('',*,*,#3449,.F.);
#5477=ORIENTED_EDGE('',*,*,#3965,.T.);
#5478=ORIENTED_EDGE('',*,*,#3978,.T.);
#5479=ORIENTED_EDGE('',*,*,#3976,.F.);
#5480=ORIENTED_EDGE('',*,*,#3460,.F.);
#5481=ORIENTED_EDGE('',*,*,#3979,.T.);
#5482=ORIENTED_EDGE('',*,*,#3980,.T.);
#5483=ORIENTED_EDGE('',*,*,#3981,.F.);
#5484=ORIENTED_EDGE('',*,*,#3459,.F.);
#5485=ORIENTED_EDGE('',*,*,#3982,.T.);
#5486=ORIENTED_EDGE('',*,*,#3983,.T.);
#5487=ORIENTED_EDGE('',*,*,#3979,.F.);
#5488=ORIENTED_EDGE('',*,*,#3458,.F.);
#5489=ORIENTED_EDGE('',*,*,#3984,.T.);
#5490=ORIENTED_EDGE('',*,*,#3985,.T.);
#5491=ORIENTED_EDGE('',*,*,#3982,.F.);
#5492=ORIENTED_EDGE('',*,*,#3457,.F.);
#5493=ORIENTED_EDGE('',*,*,#3981,.T.);
#5494=ORIENTED_EDGE('',*,*,#3986,.T.);
#5495=ORIENTED_EDGE('',*,*,#3984,.F.);
#5496=ORIENTED_EDGE('',*,*,#3987,.T.);
#5497=ORIENTED_EDGE('',*,*,#3988,.T.);
#5498=ORIENTED_EDGE('',*,*,#3461,.F.);
#5499=ORIENTED_EDGE('',*,*,#3988,.F.);
#5500=ORIENTED_EDGE('',*,*,#3473,.F.);
#5501=ORIENTED_EDGE('',*,*,#3989,.T.);
#5502=ORIENTED_EDGE('',*,*,#3990,.T.);
#5503=ORIENTED_EDGE('',*,*,#3991,.F.);
#5504=ORIENTED_EDGE('',*,*,#3472,.F.);
#5505=ORIENTED_EDGE('',*,*,#3992,.T.);
#5506=ORIENTED_EDGE('',*,*,#3993,.T.);
#5507=ORIENTED_EDGE('',*,*,#3989,.F.);
#5508=ORIENTED_EDGE('',*,*,#3471,.F.);
#5509=ORIENTED_EDGE('',*,*,#3994,.T.);
#5510=ORIENTED_EDGE('',*,*,#3995,.T.);
#5511=ORIENTED_EDGE('',*,*,#3992,.F.);
#5512=ORIENTED_EDGE('',*,*,#3470,.F.);
#5513=ORIENTED_EDGE('',*,*,#3996,.T.);
#5514=ORIENTED_EDGE('',*,*,#3997,.T.);
#5515=ORIENTED_EDGE('',*,*,#3994,.F.);
#5516=ORIENTED_EDGE('',*,*,#3469,.F.);
#5517=ORIENTED_EDGE('',*,*,#3998,.T.);
#5518=ORIENTED_EDGE('',*,*,#3999,.T.);
#5519=ORIENTED_EDGE('',*,*,#3996,.F.);
#5520=ORIENTED_EDGE('',*,*,#3468,.F.);
#5521=ORIENTED_EDGE('',*,*,#4000,.T.);
#5522=ORIENTED_EDGE('',*,*,#4001,.T.);
#5523=ORIENTED_EDGE('',*,*,#3998,.F.);
#5524=ORIENTED_EDGE('',*,*,#3467,.F.);
#5525=ORIENTED_EDGE('',*,*,#4002,.T.);
#5526=ORIENTED_EDGE('',*,*,#4003,.T.);
#5527=ORIENTED_EDGE('',*,*,#4000,.F.);
#5528=ORIENTED_EDGE('',*,*,#3466,.F.);
#5529=ORIENTED_EDGE('',*,*,#4004,.T.);
#5530=ORIENTED_EDGE('',*,*,#4005,.T.);
#5531=ORIENTED_EDGE('',*,*,#4002,.F.);
#5532=ORIENTED_EDGE('',*,*,#3465,.F.);
#5533=ORIENTED_EDGE('',*,*,#4006,.T.);
#5534=ORIENTED_EDGE('',*,*,#4007,.T.);
#5535=ORIENTED_EDGE('',*,*,#4004,.F.);
#5536=ORIENTED_EDGE('',*,*,#3464,.F.);
#5537=ORIENTED_EDGE('',*,*,#4008,.T.);
#5538=ORIENTED_EDGE('',*,*,#4009,.T.);
#5539=ORIENTED_EDGE('',*,*,#4006,.F.);
#5540=ORIENTED_EDGE('',*,*,#3463,.F.);
#5541=ORIENTED_EDGE('',*,*,#4010,.T.);
#5542=ORIENTED_EDGE('',*,*,#4011,.T.);
#5543=ORIENTED_EDGE('',*,*,#4008,.F.);
#5544=ORIENTED_EDGE('',*,*,#3462,.F.);
#5545=ORIENTED_EDGE('',*,*,#3991,.T.);
#5546=ORIENTED_EDGE('',*,*,#4012,.T.);
#5547=ORIENTED_EDGE('',*,*,#4010,.F.);
#5548=ORIENTED_EDGE('',*,*,#3485,.F.);
#5549=ORIENTED_EDGE('',*,*,#4013,.T.);
#5550=ORIENTED_EDGE('',*,*,#4014,.T.);
#5551=ORIENTED_EDGE('',*,*,#4015,.F.);
#5552=ORIENTED_EDGE('',*,*,#3484,.F.);
#5553=ORIENTED_EDGE('',*,*,#4016,.T.);
#5554=ORIENTED_EDGE('',*,*,#4017,.T.);
#5555=ORIENTED_EDGE('',*,*,#4013,.F.);
#5556=ORIENTED_EDGE('',*,*,#3483,.F.);
#5557=ORIENTED_EDGE('',*,*,#4018,.T.);
#5558=ORIENTED_EDGE('',*,*,#4019,.T.);
#5559=ORIENTED_EDGE('',*,*,#4016,.F.);
#5560=ORIENTED_EDGE('',*,*,#3482,.F.);
#5561=ORIENTED_EDGE('',*,*,#4020,.T.);
#5562=ORIENTED_EDGE('',*,*,#4021,.T.);
#5563=ORIENTED_EDGE('',*,*,#4018,.F.);
#5564=ORIENTED_EDGE('',*,*,#3481,.F.);
#5565=ORIENTED_EDGE('',*,*,#4022,.T.);
#5566=ORIENTED_EDGE('',*,*,#4023,.T.);
#5567=ORIENTED_EDGE('',*,*,#4020,.F.);
#5568=ORIENTED_EDGE('',*,*,#3480,.F.);
#5569=ORIENTED_EDGE('',*,*,#4024,.T.);
#5570=ORIENTED_EDGE('',*,*,#4025,.T.);
#5571=ORIENTED_EDGE('',*,*,#4022,.F.);
#5572=ORIENTED_EDGE('',*,*,#3479,.F.);
#5573=ORIENTED_EDGE('',*,*,#4026,.T.);
#5574=ORIENTED_EDGE('',*,*,#4027,.T.);
#5575=ORIENTED_EDGE('',*,*,#4024,.F.);
#5576=ORIENTED_EDGE('',*,*,#3478,.F.);
#5577=ORIENTED_EDGE('',*,*,#4028,.T.);
#5578=ORIENTED_EDGE('',*,*,#4029,.T.);
#5579=ORIENTED_EDGE('',*,*,#4026,.F.);
#5580=ORIENTED_EDGE('',*,*,#3477,.F.);
#5581=ORIENTED_EDGE('',*,*,#4030,.T.);
#5582=ORIENTED_EDGE('',*,*,#4031,.T.);
#5583=ORIENTED_EDGE('',*,*,#4028,.F.);
#5584=ORIENTED_EDGE('',*,*,#3476,.F.);
#5585=ORIENTED_EDGE('',*,*,#4032,.T.);
#5586=ORIENTED_EDGE('',*,*,#4033,.T.);
#5587=ORIENTED_EDGE('',*,*,#4030,.F.);
#5588=ORIENTED_EDGE('',*,*,#3475,.F.);
#5589=ORIENTED_EDGE('',*,*,#4034,.T.);
#5590=ORIENTED_EDGE('',*,*,#4035,.T.);
#5591=ORIENTED_EDGE('',*,*,#4032,.F.);
#5592=ORIENTED_EDGE('',*,*,#3474,.F.);
#5593=ORIENTED_EDGE('',*,*,#4015,.T.);
#5594=ORIENTED_EDGE('',*,*,#4036,.T.);
#5595=ORIENTED_EDGE('',*,*,#4034,.F.);
#5596=ORIENTED_EDGE('',*,*,#3533,.T.);
#5597=ORIENTED_EDGE('',*,*,#4037,.T.);
#5598=ORIENTED_EDGE('',*,*,#3213,.T.);
#5599=ORIENTED_EDGE('',*,*,#4038,.F.);
#5600=ORIENTED_EDGE('',*,*,#3535,.T.);
#5601=ORIENTED_EDGE('',*,*,#4039,.T.);
#5602=ORIENTED_EDGE('',*,*,#4040,.T.);
#5603=ORIENTED_EDGE('',*,*,#3214,.T.);
#5604=ORIENTED_EDGE('',*,*,#4037,.F.);
#5605=ORIENTED_EDGE('',*,*,#3536,.T.);
#5606=ORIENTED_EDGE('',*,*,#3224,.T.);
#5607=ORIENTED_EDGE('',*,*,#3215,.T.);
#5608=ORIENTED_EDGE('',*,*,#4040,.F.);
#5609=ORIENTED_EDGE('',*,*,#4039,.F.);
#5610=ORIENTED_EDGE('',*,*,#3519,.T.);
#5611=ORIENTED_EDGE('',*,*,#4041,.T.);
#5612=ORIENTED_EDGE('',*,*,#3206,.T.);
#5613=ORIENTED_EDGE('',*,*,#3537,.F.);
#5614=ORIENTED_EDGE('',*,*,#3521,.T.);
#5615=ORIENTED_EDGE('',*,*,#4042,.T.);
#5616=ORIENTED_EDGE('',*,*,#3207,.T.);
#5617=ORIENTED_EDGE('',*,*,#4041,.F.);
#5618=ORIENTED_EDGE('',*,*,#3523,.T.);
#5619=ORIENTED_EDGE('',*,*,#4043,.T.);
#5620=ORIENTED_EDGE('',*,*,#3208,.T.);
#5621=ORIENTED_EDGE('',*,*,#4042,.F.);
#5622=ORIENTED_EDGE('',*,*,#3525,.T.);
#5623=ORIENTED_EDGE('',*,*,#4044,.T.);
#5624=ORIENTED_EDGE('',*,*,#3209,.T.);
#5625=ORIENTED_EDGE('',*,*,#4043,.F.);
#5626=ORIENTED_EDGE('',*,*,#3527,.T.);
#5627=ORIENTED_EDGE('',*,*,#4045,.T.);
#5628=ORIENTED_EDGE('',*,*,#3210,.T.);
#5629=ORIENTED_EDGE('',*,*,#4044,.F.);
#5630=ORIENTED_EDGE('',*,*,#3529,.T.);
#5631=ORIENTED_EDGE('',*,*,#4046,.T.);
#5632=ORIENTED_EDGE('',*,*,#3211,.T.);
#5633=ORIENTED_EDGE('',*,*,#4045,.F.);
#5634=ORIENTED_EDGE('',*,*,#3531,.T.);
#5635=ORIENTED_EDGE('',*,*,#4038,.T.);
#5636=ORIENTED_EDGE('',*,*,#3212,.T.);
#5637=ORIENTED_EDGE('',*,*,#4046,.F.);
#5638=ORIENTED_EDGE('',*,*,#3492,.F.);
#5639=ORIENTED_EDGE('',*,*,#3497,.F.);
#5640=ORIENTED_EDGE('',*,*,#3622,.F.);
#5641=ORIENTED_EDGE('',*,*,#3617,.F.);
#5642=ORIENTED_EDGE('',*,*,#3620,.F.);
#5643=ORIENTED_EDGE('',*,*,#3621,.F.);
#5644=ORIENTED_EDGE('',*,*,#3494,.F.);
#5645=ORIENTED_EDGE('',*,*,#3488,.F.);
#5646=ORIENTED_EDGE('',*,*,#3588,.F.);
#5647=ORIENTED_EDGE('',*,*,#3586,.F.);
#5648=ORIENTED_EDGE('',*,*,#3584,.F.);
#5649=ORIENTED_EDGE('',*,*,#3582,.F.);
#5650=ORIENTED_EDGE('',*,*,#3580,.F.);
#5651=ORIENTED_EDGE('',*,*,#3578,.F.);
#5652=ORIENTED_EDGE('',*,*,#3576,.F.);
#5653=ORIENTED_EDGE('',*,*,#3574,.F.);
#5654=ORIENTED_EDGE('',*,*,#3549,.F.);
#5655=ORIENTED_EDGE('',*,*,#3552,.F.);
#5656=ORIENTED_EDGE('',*,*,#3554,.F.);
#5657=ORIENTED_EDGE('',*,*,#3556,.F.);
#5658=ORIENTED_EDGE('',*,*,#3558,.F.);
#5659=ORIENTED_EDGE('',*,*,#3560,.F.);
#5660=ORIENTED_EDGE('',*,*,#3562,.F.);
#5661=ORIENTED_EDGE('',*,*,#3564,.F.);
#5662=ORIENTED_EDGE('',*,*,#3566,.F.);
#5663=ORIENTED_EDGE('',*,*,#3568,.F.);
#5664=ORIENTED_EDGE('',*,*,#3571,.F.);
#5665=ORIENTED_EDGE('',*,*,#3591,.F.);
#5666=ORIENTED_EDGE('',*,*,#3589,.F.);
#5667=ORIENTED_EDGE('',*,*,#3491,.F.);
#5668=ORIENTED_EDGE('',*,*,#4036,.F.);
#5669=ORIENTED_EDGE('',*,*,#4014,.F.);
#5670=ORIENTED_EDGE('',*,*,#4017,.F.);
#5671=ORIENTED_EDGE('',*,*,#4019,.F.);
#5672=ORIENTED_EDGE('',*,*,#4021,.F.);
#5673=ORIENTED_EDGE('',*,*,#4023,.F.);
#5674=ORIENTED_EDGE('',*,*,#4025,.F.);
#5675=ORIENTED_EDGE('',*,*,#4027,.F.);
#5676=ORIENTED_EDGE('',*,*,#4029,.F.);
#5677=ORIENTED_EDGE('',*,*,#4031,.F.);
#5678=ORIENTED_EDGE('',*,*,#4033,.F.);
#5679=ORIENTED_EDGE('',*,*,#4035,.F.);
#5680=ORIENTED_EDGE('',*,*,#4012,.F.);
#5681=ORIENTED_EDGE('',*,*,#3990,.F.);
#5682=ORIENTED_EDGE('',*,*,#3993,.F.);
#5683=ORIENTED_EDGE('',*,*,#3995,.F.);
#5684=ORIENTED_EDGE('',*,*,#3997,.F.);
#5685=ORIENTED_EDGE('',*,*,#3999,.F.);
#5686=ORIENTED_EDGE('',*,*,#4001,.F.);
#5687=ORIENTED_EDGE('',*,*,#4003,.F.);
#5688=ORIENTED_EDGE('',*,*,#4005,.F.);
#5689=ORIENTED_EDGE('',*,*,#4007,.F.);
#5690=ORIENTED_EDGE('',*,*,#4009,.F.);
#5691=ORIENTED_EDGE('',*,*,#4011,.F.);
#5692=ORIENTED_EDGE('',*,*,#3987,.F.);
#5693=ORIENTED_EDGE('',*,*,#3986,.F.);
#5694=ORIENTED_EDGE('',*,*,#3980,.F.);
#5695=ORIENTED_EDGE('',*,*,#3983,.F.);
#5696=ORIENTED_EDGE('',*,*,#3985,.F.);
#5697=ORIENTED_EDGE('',*,*,#3978,.F.);
#5698=ORIENTED_EDGE('',*,*,#3964,.F.);
#5699=ORIENTED_EDGE('',*,*,#3967,.F.);
#5700=ORIENTED_EDGE('',*,*,#3969,.F.);
#5701=ORIENTED_EDGE('',*,*,#3971,.F.);
#5702=ORIENTED_EDGE('',*,*,#3973,.F.);
#5703=ORIENTED_EDGE('',*,*,#3975,.F.);
#5704=ORIENTED_EDGE('',*,*,#3977,.F.);
#5705=ORIENTED_EDGE('',*,*,#3962,.F.);
#5706=ORIENTED_EDGE('',*,*,#3940,.F.);
#5707=ORIENTED_EDGE('',*,*,#3943,.F.);
#5708=ORIENTED_EDGE('',*,*,#3945,.F.);
#5709=ORIENTED_EDGE('',*,*,#3947,.F.);
#5710=ORIENTED_EDGE('',*,*,#3949,.F.);
#5711=ORIENTED_EDGE('',*,*,#3951,.F.);
#5712=ORIENTED_EDGE('',*,*,#3953,.F.);
#5713=ORIENTED_EDGE('',*,*,#3955,.F.);
#5714=ORIENTED_EDGE('',*,*,#3957,.F.);
#5715=ORIENTED_EDGE('',*,*,#3959,.F.);
#5716=ORIENTED_EDGE('',*,*,#3961,.F.);
#5717=ORIENTED_EDGE('',*,*,#3937,.F.);
#5718=ORIENTED_EDGE('',*,*,#3935,.F.);
#5719=ORIENTED_EDGE('',*,*,#3934,.F.);
#5720=ORIENTED_EDGE('',*,*,#3912,.F.);
#5721=ORIENTED_EDGE('',*,*,#3915,.F.);
#5722=ORIENTED_EDGE('',*,*,#3917,.F.);
#5723=ORIENTED_EDGE('',*,*,#3919,.F.);
#5724=ORIENTED_EDGE('',*,*,#3921,.F.);
#5725=ORIENTED_EDGE('',*,*,#3923,.F.);
#5726=ORIENTED_EDGE('',*,*,#3925,.F.);
#5727=ORIENTED_EDGE('',*,*,#3927,.F.);
#5728=ORIENTED_EDGE('',*,*,#3929,.F.);
#5729=ORIENTED_EDGE('',*,*,#3931,.F.);
#5730=ORIENTED_EDGE('',*,*,#3933,.F.);
#5731=ORIENTED_EDGE('',*,*,#3910,.F.);
#5732=ORIENTED_EDGE('',*,*,#3888,.F.);
#5733=ORIENTED_EDGE('',*,*,#3891,.F.);
#5734=ORIENTED_EDGE('',*,*,#3893,.F.);
#5735=ORIENTED_EDGE('',*,*,#3895,.F.);
#5736=ORIENTED_EDGE('',*,*,#3897,.F.);
#5737=ORIENTED_EDGE('',*,*,#3899,.F.);
#5738=ORIENTED_EDGE('',*,*,#3901,.F.);
#5739=ORIENTED_EDGE('',*,*,#3903,.F.);
#5740=ORIENTED_EDGE('',*,*,#3905,.F.);
#5741=ORIENTED_EDGE('',*,*,#3907,.F.);
#5742=ORIENTED_EDGE('',*,*,#3909,.F.);
#5743=ORIENTED_EDGE('',*,*,#3886,.F.);
#5744=ORIENTED_EDGE('',*,*,#3864,.F.);
#5745=ORIENTED_EDGE('',*,*,#3867,.F.);
#5746=ORIENTED_EDGE('',*,*,#3869,.F.);
#5747=ORIENTED_EDGE('',*,*,#3871,.F.);
#5748=ORIENTED_EDGE('',*,*,#3873,.F.);
#5749=ORIENTED_EDGE('',*,*,#3875,.F.);
#5750=ORIENTED_EDGE('',*,*,#3877,.F.);
#5751=ORIENTED_EDGE('',*,*,#3879,.F.);
#5752=ORIENTED_EDGE('',*,*,#3881,.F.);
#5753=ORIENTED_EDGE('',*,*,#3883,.F.);
#5754=ORIENTED_EDGE('',*,*,#3885,.F.);
#5755=ORIENTED_EDGE('',*,*,#3861,.F.);
#5756=ORIENTED_EDGE('',*,*,#3860,.F.);
#5757=ORIENTED_EDGE('',*,*,#3838,.F.);
#5758=ORIENTED_EDGE('',*,*,#3841,.F.);
#5759=ORIENTED_EDGE('',*,*,#3843,.F.);
#5760=ORIENTED_EDGE('',*,*,#3845,.F.);
#5761=ORIENTED_EDGE('',*,*,#3847,.F.);
#5762=ORIENTED_EDGE('',*,*,#3849,.F.);
#5763=ORIENTED_EDGE('',*,*,#3851,.F.);
#5764=ORIENTED_EDGE('',*,*,#3853,.F.);
#5765=ORIENTED_EDGE('',*,*,#3855,.F.);
#5766=ORIENTED_EDGE('',*,*,#3857,.F.);
#5767=ORIENTED_EDGE('',*,*,#3859,.F.);
#5768=ORIENTED_EDGE('',*,*,#3835,.F.);
#5769=ORIENTED_EDGE('',*,*,#3834,.F.);
#5770=ORIENTED_EDGE('',*,*,#3812,.F.);
#5771=ORIENTED_EDGE('',*,*,#3815,.F.);
#5772=ORIENTED_EDGE('',*,*,#3817,.F.);
#5773=ORIENTED_EDGE('',*,*,#3819,.F.);
#5774=ORIENTED_EDGE('',*,*,#3821,.F.);
#5775=ORIENTED_EDGE('',*,*,#3823,.F.);
#5776=ORIENTED_EDGE('',*,*,#3825,.F.);
#5777=ORIENTED_EDGE('',*,*,#3827,.F.);
#5778=ORIENTED_EDGE('',*,*,#3829,.F.);
#5779=ORIENTED_EDGE('',*,*,#3831,.F.);
#5780=ORIENTED_EDGE('',*,*,#3833,.F.);
#5781=ORIENTED_EDGE('',*,*,#3810,.F.);
#5782=ORIENTED_EDGE('',*,*,#3788,.F.);
#5783=ORIENTED_EDGE('',*,*,#3791,.F.);
#5784=ORIENTED_EDGE('',*,*,#3793,.F.);
#5785=ORIENTED_EDGE('',*,*,#3795,.F.);
#5786=ORIENTED_EDGE('',*,*,#3797,.F.);
#5787=ORIENTED_EDGE('',*,*,#3799,.F.);
#5788=ORIENTED_EDGE('',*,*,#3801,.F.);
#5789=ORIENTED_EDGE('',*,*,#3803,.F.);
#5790=ORIENTED_EDGE('',*,*,#3805,.F.);
#5791=ORIENTED_EDGE('',*,*,#3807,.F.);
#5792=ORIENTED_EDGE('',*,*,#3809,.F.);
#5793=ORIENTED_EDGE('',*,*,#3786,.F.);
#5794=ORIENTED_EDGE('',*,*,#3764,.F.);
#5795=ORIENTED_EDGE('',*,*,#3767,.F.);
#5796=ORIENTED_EDGE('',*,*,#3769,.F.);
#5797=ORIENTED_EDGE('',*,*,#3771,.F.);
#5798=ORIENTED_EDGE('',*,*,#3773,.F.);
#5799=ORIENTED_EDGE('',*,*,#3775,.F.);
#5800=ORIENTED_EDGE('',*,*,#3777,.F.);
#5801=ORIENTED_EDGE('',*,*,#3779,.F.);
#5802=ORIENTED_EDGE('',*,*,#3781,.F.);
#5803=ORIENTED_EDGE('',*,*,#3783,.F.);
#5804=ORIENTED_EDGE('',*,*,#3785,.F.);
#5805=ORIENTED_EDGE('',*,*,#3762,.F.);
#5806=ORIENTED_EDGE('',*,*,#3740,.F.);
#5807=ORIENTED_EDGE('',*,*,#3743,.F.);
#5808=ORIENTED_EDGE('',*,*,#3745,.F.);
#5809=ORIENTED_EDGE('',*,*,#3747,.F.);
#5810=ORIENTED_EDGE('',*,*,#3749,.F.);
#5811=ORIENTED_EDGE('',*,*,#3751,.F.);
#5812=ORIENTED_EDGE('',*,*,#3753,.F.);
#5813=ORIENTED_EDGE('',*,*,#3755,.F.);
#5814=ORIENTED_EDGE('',*,*,#3757,.F.);
#5815=ORIENTED_EDGE('',*,*,#3759,.F.);
#5816=ORIENTED_EDGE('',*,*,#3761,.F.);
#5817=ORIENTED_EDGE('',*,*,#3738,.F.);
#5818=ORIENTED_EDGE('',*,*,#3716,.F.);
#5819=ORIENTED_EDGE('',*,*,#3719,.F.);
#5820=ORIENTED_EDGE('',*,*,#3721,.F.);
#5821=ORIENTED_EDGE('',*,*,#3723,.F.);
#5822=ORIENTED_EDGE('',*,*,#3725,.F.);
#5823=ORIENTED_EDGE('',*,*,#3727,.F.);
#5824=ORIENTED_EDGE('',*,*,#3729,.F.);
#5825=ORIENTED_EDGE('',*,*,#3731,.F.);
#5826=ORIENTED_EDGE('',*,*,#3733,.F.);
#5827=ORIENTED_EDGE('',*,*,#3735,.F.);
#5828=ORIENTED_EDGE('',*,*,#3737,.F.);
#5829=ORIENTED_EDGE('',*,*,#3713,.F.);
#5830=ORIENTED_EDGE('',*,*,#3711,.F.);
#5831=ORIENTED_EDGE('',*,*,#3710,.F.);
#5832=ORIENTED_EDGE('',*,*,#3688,.F.);
#5833=ORIENTED_EDGE('',*,*,#3691,.F.);
#5834=ORIENTED_EDGE('',*,*,#3693,.F.);
#5835=ORIENTED_EDGE('',*,*,#3695,.F.);
#5836=ORIENTED_EDGE('',*,*,#3697,.F.);
#5837=ORIENTED_EDGE('',*,*,#3699,.F.);
#5838=ORIENTED_EDGE('',*,*,#3701,.F.);
#5839=ORIENTED_EDGE('',*,*,#3703,.F.);
#5840=ORIENTED_EDGE('',*,*,#3705,.F.);
#5841=ORIENTED_EDGE('',*,*,#3707,.F.);
#5842=ORIENTED_EDGE('',*,*,#3709,.F.);
#5843=ORIENTED_EDGE('',*,*,#3686,.F.);
#5844=ORIENTED_EDGE('',*,*,#3664,.F.);
#5845=ORIENTED_EDGE('',*,*,#3667,.F.);
#5846=ORIENTED_EDGE('',*,*,#3669,.F.);
#5847=ORIENTED_EDGE('',*,*,#3671,.F.);
#5848=ORIENTED_EDGE('',*,*,#3673,.F.);
#5849=ORIENTED_EDGE('',*,*,#3675,.F.);
#5850=ORIENTED_EDGE('',*,*,#3677,.F.);
#5851=ORIENTED_EDGE('',*,*,#3679,.F.);
#5852=ORIENTED_EDGE('',*,*,#3681,.F.);
#5853=ORIENTED_EDGE('',*,*,#3683,.F.);
#5854=ORIENTED_EDGE('',*,*,#3685,.F.);
#5855=ORIENTED_EDGE('',*,*,#3662,.F.);
#5856=ORIENTED_EDGE('',*,*,#3648,.F.);
#5857=ORIENTED_EDGE('',*,*,#3651,.F.);
#5858=ORIENTED_EDGE('',*,*,#3653,.F.);
#5859=ORIENTED_EDGE('',*,*,#3655,.F.);
#5860=ORIENTED_EDGE('',*,*,#3657,.F.);
#5861=ORIENTED_EDGE('',*,*,#3659,.F.);
#5862=ORIENTED_EDGE('',*,*,#3661,.F.);
#5863=ORIENTED_EDGE('',*,*,#3646,.F.);
#5864=ORIENTED_EDGE('',*,*,#3624,.F.);
#5865=ORIENTED_EDGE('',*,*,#3627,.F.);
#5866=ORIENTED_EDGE('',*,*,#3629,.F.);
#5867=ORIENTED_EDGE('',*,*,#3631,.F.);
#5868=ORIENTED_EDGE('',*,*,#3633,.F.);
#5869=ORIENTED_EDGE('',*,*,#3635,.F.);
#5870=ORIENTED_EDGE('',*,*,#3637,.F.);
#5871=ORIENTED_EDGE('',*,*,#3639,.F.);
#5872=ORIENTED_EDGE('',*,*,#3641,.F.);
#5873=ORIENTED_EDGE('',*,*,#3643,.F.);
#5874=ORIENTED_EDGE('',*,*,#3645,.F.);
#5875=ORIENTED_EDGE('',*,*,#3615,.F.);
#5876=ORIENTED_EDGE('',*,*,#3593,.F.);
#5877=ORIENTED_EDGE('',*,*,#3596,.F.);
#5878=ORIENTED_EDGE('',*,*,#3598,.F.);
#5879=ORIENTED_EDGE('',*,*,#3600,.F.);
#5880=ORIENTED_EDGE('',*,*,#3602,.F.);
#5881=ORIENTED_EDGE('',*,*,#3604,.F.);
#5882=ORIENTED_EDGE('',*,*,#3606,.F.);
#5883=ORIENTED_EDGE('',*,*,#3608,.F.);
#5884=ORIENTED_EDGE('',*,*,#3610,.F.);
#5885=ORIENTED_EDGE('',*,*,#3612,.F.);
#5886=ORIENTED_EDGE('',*,*,#3614,.F.);
#5887=ORIENTED_EDGE('',*,*,#4047,.T.);
#5888=ORIENTED_EDGE('',*,*,#4048,.T.);
#5889=ORIENTED_EDGE('',*,*,#4049,.F.);
#5890=ORIENTED_EDGE('',*,*,#4048,.F.);
#5891=ORIENTED_EDGE('',*,*,#4050,.T.);
#5892=ORIENTED_EDGE('',*,*,#4051,.T.);
#5893=ORIENTED_EDGE('',*,*,#4052,.F.);
#5894=ORIENTED_EDGE('',*,*,#4051,.F.);
#5895=ORIENTED_EDGE('',*,*,#4053,.T.);
#5896=ORIENTED_EDGE('',*,*,#4054,.T.);
#5897=ORIENTED_EDGE('',*,*,#4055,.F.);
#5898=ORIENTED_EDGE('',*,*,#4054,.F.);
#5899=ORIENTED_EDGE('',*,*,#4056,.T.);
#5900=ORIENTED_EDGE('',*,*,#4057,.T.);
#5901=ORIENTED_EDGE('',*,*,#4058,.F.);
#5902=ORIENTED_EDGE('',*,*,#4057,.F.);
#5903=ORIENTED_EDGE('',*,*,#4059,.T.);
#5904=ORIENTED_EDGE('',*,*,#4060,.T.);
#5905=ORIENTED_EDGE('',*,*,#4061,.F.);
#5906=ORIENTED_EDGE('',*,*,#4060,.F.);
#5907=ORIENTED_EDGE('',*,*,#4062,.T.);
#5908=ORIENTED_EDGE('',*,*,#4063,.T.);
#5909=ORIENTED_EDGE('',*,*,#4064,.F.);
#5910=ORIENTED_EDGE('',*,*,#4063,.F.);
#5911=ORIENTED_EDGE('',*,*,#4065,.T.);
#5912=ORIENTED_EDGE('',*,*,#4066,.T.);
#5913=ORIENTED_EDGE('',*,*,#4067,.F.);
#5914=ORIENTED_EDGE('',*,*,#4066,.F.);
#5915=ORIENTED_EDGE('',*,*,#4068,.T.);
#5916=ORIENTED_EDGE('',*,*,#4069,.T.);
#5917=ORIENTED_EDGE('',*,*,#4070,.T.);
#5918=ORIENTED_EDGE('',*,*,#4071,.F.);
#5919=ORIENTED_EDGE('',*,*,#4072,.F.);
#5920=ORIENTED_EDGE('',*,*,#4073,.T.);
#5921=ORIENTED_EDGE('',*,*,#4074,.T.);
#5922=ORIENTED_EDGE('',*,*,#4069,.F.);
#5923=ORIENTED_EDGE('',*,*,#4075,.T.);
#5924=ORIENTED_EDGE('',*,*,#4076,.T.);
#5925=ORIENTED_EDGE('',*,*,#4077,.T.);
#5926=ORIENTED_EDGE('',*,*,#4073,.F.);
#5927=ORIENTED_EDGE('',*,*,#4078,.F.);
#5928=ORIENTED_EDGE('',*,*,#4079,.T.);
#5929=ORIENTED_EDGE('',*,*,#4080,.T.);
#5930=ORIENTED_EDGE('',*,*,#4076,.F.);
#5931=ORIENTED_EDGE('',*,*,#4081,.T.);
#5932=ORIENTED_EDGE('',*,*,#4082,.T.);
#5933=ORIENTED_EDGE('',*,*,#4083,.T.);
#5934=ORIENTED_EDGE('',*,*,#4079,.F.);
#5935=ORIENTED_EDGE('',*,*,#4084,.T.);
#5936=ORIENTED_EDGE('',*,*,#4085,.T.);
#5937=ORIENTED_EDGE('',*,*,#4086,.T.);
#5938=ORIENTED_EDGE('',*,*,#4082,.F.);
#5939=ORIENTED_EDGE('',*,*,#4087,.F.);
#5940=ORIENTED_EDGE('',*,*,#4088,.T.);
#5941=ORIENTED_EDGE('',*,*,#4089,.T.);
#5942=ORIENTED_EDGE('',*,*,#4085,.F.);
#5943=ORIENTED_EDGE('',*,*,#4090,.F.);
#5944=ORIENTED_EDGE('',*,*,#4091,.T.);
#5945=ORIENTED_EDGE('',*,*,#4092,.T.);
#5946=ORIENTED_EDGE('',*,*,#4088,.F.);
#5947=ORIENTED_EDGE('',*,*,#4093,.F.);
#5948=ORIENTED_EDGE('',*,*,#4094,.T.);
#5949=ORIENTED_EDGE('',*,*,#4095,.T.);
#5950=ORIENTED_EDGE('',*,*,#4091,.F.);
#5951=ORIENTED_EDGE('',*,*,#4096,.T.);
#5952=ORIENTED_EDGE('',*,*,#4097,.T.);
#5953=ORIENTED_EDGE('',*,*,#4098,.T.);
#5954=ORIENTED_EDGE('',*,*,#4094,.F.);
#5955=ORIENTED_EDGE('',*,*,#4099,.F.);
#5956=ORIENTED_EDGE('',*,*,#4100,.T.);
#5957=ORIENTED_EDGE('',*,*,#4101,.T.);
#5958=ORIENTED_EDGE('',*,*,#4097,.F.);
#5959=ORIENTED_EDGE('',*,*,#4102,.T.);
#5960=ORIENTED_EDGE('',*,*,#4103,.T.);
#5961=ORIENTED_EDGE('',*,*,#4104,.T.);
#5962=ORIENTED_EDGE('',*,*,#4100,.F.);
#5963=ORIENTED_EDGE('',*,*,#4105,.F.);
#5964=ORIENTED_EDGE('',*,*,#4106,.T.);
#5965=ORIENTED_EDGE('',*,*,#4107,.T.);
#5966=ORIENTED_EDGE('',*,*,#4103,.F.);
#5967=ORIENTED_EDGE('',*,*,#4108,.T.);
#5968=ORIENTED_EDGE('',*,*,#4109,.T.);
#5969=ORIENTED_EDGE('',*,*,#4110,.T.);
#5970=ORIENTED_EDGE('',*,*,#4106,.F.);
#5971=ORIENTED_EDGE('',*,*,#4111,.F.);
#5972=ORIENTED_EDGE('',*,*,#4112,.T.);
#5973=ORIENTED_EDGE('',*,*,#4113,.T.);
#5974=ORIENTED_EDGE('',*,*,#4109,.F.);
#5975=ORIENTED_EDGE('',*,*,#4114,.T.);
#5976=ORIENTED_EDGE('',*,*,#4115,.T.);
#5977=ORIENTED_EDGE('',*,*,#4116,.T.);
#5978=ORIENTED_EDGE('',*,*,#4112,.F.);
#5979=ORIENTED_EDGE('',*,*,#4117,.F.);
#5980=ORIENTED_EDGE('',*,*,#4118,.T.);
#5981=ORIENTED_EDGE('',*,*,#4119,.T.);
#5982=ORIENTED_EDGE('',*,*,#4115,.F.);
#5983=ORIENTED_EDGE('',*,*,#4120,.T.);
#5984=ORIENTED_EDGE('',*,*,#4121,.T.);
#5985=ORIENTED_EDGE('',*,*,#4122,.T.);
#5986=ORIENTED_EDGE('',*,*,#4118,.F.);
#5987=ORIENTED_EDGE('',*,*,#4123,.F.);
#5988=ORIENTED_EDGE('',*,*,#4124,.T.);
#5989=ORIENTED_EDGE('',*,*,#4125,.T.);
#5990=ORIENTED_EDGE('',*,*,#4121,.F.);
#5991=ORIENTED_EDGE('',*,*,#4126,.T.);
#5992=ORIENTED_EDGE('',*,*,#4127,.T.);
#5993=ORIENTED_EDGE('',*,*,#4128,.T.);
#5994=ORIENTED_EDGE('',*,*,#4124,.F.);
#5995=ORIENTED_EDGE('',*,*,#4129,.F.);
#5996=ORIENTED_EDGE('',*,*,#4071,.T.);
#5997=ORIENTED_EDGE('',*,*,#4130,.T.);
#5998=ORIENTED_EDGE('',*,*,#4127,.F.);
#5999=ORIENTED_EDGE('',*,*,#4130,.F.);
#6000=ORIENTED_EDGE('',*,*,#4070,.F.);
#6001=ORIENTED_EDGE('',*,*,#4074,.F.);
#6002=ORIENTED_EDGE('',*,*,#4077,.F.);
#6003=ORIENTED_EDGE('',*,*,#4080,.F.);
#6004=ORIENTED_EDGE('',*,*,#4083,.F.);
#6005=ORIENTED_EDGE('',*,*,#4086,.F.);
#6006=ORIENTED_EDGE('',*,*,#4089,.F.);
#6007=ORIENTED_EDGE('',*,*,#4092,.F.);
#6008=ORIENTED_EDGE('',*,*,#4095,.F.);
#6009=ORIENTED_EDGE('',*,*,#4098,.F.);
#6010=ORIENTED_EDGE('',*,*,#4101,.F.);
#6011=ORIENTED_EDGE('',*,*,#4104,.F.);
#6012=ORIENTED_EDGE('',*,*,#4107,.F.);
#6013=ORIENTED_EDGE('',*,*,#4110,.F.);
#6014=ORIENTED_EDGE('',*,*,#4113,.F.);
#6015=ORIENTED_EDGE('',*,*,#4116,.F.);
#6016=ORIENTED_EDGE('',*,*,#4119,.F.);
#6017=ORIENTED_EDGE('',*,*,#4122,.F.);
#6018=ORIENTED_EDGE('',*,*,#4125,.F.);
#6019=ORIENTED_EDGE('',*,*,#4128,.F.);
#6020=ORIENTED_EDGE('',*,*,#4065,.F.);
#6021=ORIENTED_EDGE('',*,*,#4062,.F.);
#6022=ORIENTED_EDGE('',*,*,#4059,.F.);
#6023=ORIENTED_EDGE('',*,*,#4056,.F.);
#6024=ORIENTED_EDGE('',*,*,#4053,.F.);
#6025=ORIENTED_EDGE('',*,*,#4050,.F.);
#6026=ORIENTED_EDGE('',*,*,#4047,.F.);
#6027=ORIENTED_EDGE('',*,*,#4129,.T.);
#6028=ORIENTED_EDGE('',*,*,#4126,.F.);
#6029=ORIENTED_EDGE('',*,*,#4123,.T.);
#6030=ORIENTED_EDGE('',*,*,#4120,.F.);
#6031=ORIENTED_EDGE('',*,*,#4117,.T.);
#6032=ORIENTED_EDGE('',*,*,#4114,.F.);
#6033=ORIENTED_EDGE('',*,*,#4111,.T.);
#6034=ORIENTED_EDGE('',*,*,#4108,.F.);
#6035=ORIENTED_EDGE('',*,*,#4105,.T.);
#6036=ORIENTED_EDGE('',*,*,#4102,.F.);
#6037=ORIENTED_EDGE('',*,*,#4099,.T.);
#6038=ORIENTED_EDGE('',*,*,#4096,.F.);
#6039=ORIENTED_EDGE('',*,*,#4093,.T.);
#6040=ORIENTED_EDGE('',*,*,#4090,.T.);
#6041=ORIENTED_EDGE('',*,*,#4087,.T.);
#6042=ORIENTED_EDGE('',*,*,#4084,.F.);
#6043=ORIENTED_EDGE('',*,*,#4081,.F.);
#6044=ORIENTED_EDGE('',*,*,#4078,.T.);
#6045=ORIENTED_EDGE('',*,*,#4075,.F.);
#6046=ORIENTED_EDGE('',*,*,#4072,.T.);
#6047=ORIENTED_EDGE('',*,*,#4068,.F.);
#6048=ORIENTED_EDGE('',*,*,#4067,.T.);
#6049=ORIENTED_EDGE('',*,*,#4064,.T.);
#6050=ORIENTED_EDGE('',*,*,#4061,.T.);
#6051=ORIENTED_EDGE('',*,*,#4058,.T.);
#6052=ORIENTED_EDGE('',*,*,#4055,.T.);
#6053=ORIENTED_EDGE('',*,*,#4052,.T.);
#6054=ORIENTED_EDGE('',*,*,#4049,.T.);
#6055=PLANE('',#6520);
#6056=PLANE('',#6523);
#6057=PLANE('',#6524);
#6058=PLANE('',#6525);
#6059=PLANE('',#6526);
#6060=PLANE('',#6527);
#6061=PLANE('',#6534);
#6062=PLANE('',#6543);
#6063=PLANE('',#6544);
#6064=PLANE('',#6545);
#6065=PLANE('',#6546);
#6066=PLANE('',#6570);
#6067=PLANE('',#6571);
#6068=PLANE('',#6572);
#6069=PLANE('',#6573);
#6070=PLANE('',#6575);
#6071=PLANE('',#6576);
#6072=PLANE('',#6577);
#6073=PLANE('',#6578);
#6074=PLANE('',#6579);
#6075=PLANE('',#6580);
#6076=PLANE('',#6581);
#6077=PLANE('',#6582);
#6078=PLANE('',#6585);
#6079=PLANE('',#6586);
#6080=PLANE('',#6587);
#6081=PLANE('',#6588);
#6082=PLANE('',#6589);
#6083=PLANE('',#6590);
#6084=PLANE('',#6591);
#6085=PLANE('',#6592);
#6086=PLANE('',#6593);
#6087=PLANE('',#6594);
#6088=PLANE('',#6595);
#6089=PLANE('',#6596);
#6090=PLANE('',#6597);
#6091=PLANE('',#6598);
#6092=PLANE('',#6599);
#6093=PLANE('',#6600);
#6094=PLANE('',#6601);
#6095=PLANE('',#6602);
#6096=PLANE('',#6603);
#6097=PLANE('',#6604);
#6098=PLANE('',#6605);
#6099=PLANE('',#6606);
#6100=PLANE('',#6607);
#6101=PLANE('',#6608);
#6102=PLANE('',#6609);
#6103=PLANE('',#6614);
#6104=PLANE('',#6615);
#6105=PLANE('',#6616);
#6106=PLANE('',#6617);
#6107=PLANE('',#6618);
#6108=PLANE('',#6619);
#6109=PLANE('',#6620);
#6110=PLANE('',#6621);
#6111=PLANE('',#6622);
#6112=PLANE('',#6623);
#6113=PLANE('',#6624);
#6114=PLANE('',#6625);
#6115=PLANE('',#6626);
#6116=PLANE('',#6627);
#6117=PLANE('',#6628);
#6118=PLANE('',#6629);
#6119=PLANE('',#6630);
#6120=PLANE('',#6631);
#6121=PLANE('',#6632);
#6122=PLANE('',#6633);
#6123=PLANE('',#6636);
#6124=PLANE('',#6637);
#6125=PLANE('',#6638);
#6126=PLANE('',#6639);
#6127=PLANE('',#6642);
#6128=PLANE('',#6643);
#6129=PLANE('',#6644);
#6130=PLANE('',#6645);
#6131=PLANE('',#6646);
#6132=PLANE('',#6647);
#6133=PLANE('',#6648);
#6134=PLANE('',#6649);
#6135=PLANE('',#6650);
#6136=PLANE('',#6651);
#6137=PLANE('',#6652);
#6138=PLANE('',#6653);
#6139=PLANE('',#6658);
#6140=PLANE('',#6659);
#6141=PLANE('',#6660);
#6142=PLANE('',#6661);
#6143=PLANE('',#6662);
#6144=PLANE('',#6663);
#6145=PLANE('',#6664);
#6146=PLANE('',#6665);
#6147=PLANE('',#6666);
#6148=PLANE('',#6667);
#6149=PLANE('',#6668);
#6150=PLANE('',#6669);
#6151=PLANE('',#6672);
#6152=PLANE('',#6673);
#6153=PLANE('',#6674);
#6154=PLANE('',#6675);
#6155=PLANE('',#6676);
#6156=PLANE('',#6677);
#6157=PLANE('',#6678);
#6158=PLANE('',#6679);
#6159=PLANE('',#6680);
#6160=PLANE('',#6681);
#6161=PLANE('',#6682);
#6162=PLANE('',#6683);
#6163=PLANE('',#6684);
#6164=PLANE('',#6685);
#6165=PLANE('',#6707);
#6166=PLANE('',#6708);
#6167=PLANE('',#6709);
#6168=PLANE('',#6710);
#6169=PLANE('',#6714);
#6170=PLANE('',#6715);
#6171=PLANE('',#6716);
#6172=PLANE('',#6717);
#6173=PLANE('',#6718);
#6174=PLANE('',#6719);
#6175=PLANE('',#6720);
#6176=PLANE('',#6721);
#6177=ADVANCED_FACE('',(#290),#6055,.F.);
#6178=ADVANCED_FACE('',(#291),#6056,.F.);
#6179=ADVANCED_FACE('',(#292),#6057,.T.);
#6180=ADVANCED_FACE('',(#293),#6058,.T.);
#6181=ADVANCED_FACE('',(#294),#6059,.F.);
#6182=ADVANCED_FACE('',(#295),#6060,.T.);
#6183=ADVANCED_FACE('',(#296),#262,.T.);
#6184=ADVANCED_FACE('',(#297),#263,.T.);
#6185=ADVANCED_FACE('',(#298,#195,#196,#197,#198,#199,#200,#201,#202,#203,
#204,#205,#206,#207,#208,#209,#210,#211,#212,#213,#214,#215,#216,#217,#218,
#219,#220),#6061,.T.);
#6186=ADVANCED_FACE('',(#299),#6062,.F.);
#6187=ADVANCED_FACE('',(#300),#6063,.T.);
#6188=ADVANCED_FACE('',(#301),#6064,.T.);
#6189=ADVANCED_FACE('',(#302),#6065,.F.);
#6190=ADVANCED_FACE('',(#303),#194,.T.);
#6191=ADVANCED_FACE('',(#304),#17,.T.);
#6192=ADVANCED_FACE('',(#305),#18,.T.);
#6193=ADVANCED_FACE('',(#306),#264,.T.);
#6194=ADVANCED_FACE('',(#307),#19,.T.);
#6195=ADVANCED_FACE('',(#308),#265,.T.);
#6196=ADVANCED_FACE('',(#309),#20,.T.);
#6197=ADVANCED_FACE('',(#310),#266,.T.);
#6198=ADVANCED_FACE('',(#311),#21,.T.);
#6199=ADVANCED_FACE('',(#312),#267,.T.);
#6200=ADVANCED_FACE('',(#313),#22,.T.);
#6201=ADVANCED_FACE('',(#314),#268,.T.);
#6202=ADVANCED_FACE('',(#315),#23,.T.);
#6203=ADVANCED_FACE('',(#316),#269,.T.);
#6204=ADVANCED_FACE('',(#317),#24,.T.);
#6205=ADVANCED_FACE('',(#318),#270,.T.);
#6206=ADVANCED_FACE('',(#319),#25,.T.);
#6207=ADVANCED_FACE('',(#320),#271,.T.);
#6208=ADVANCED_FACE('',(#321),#26,.T.);
#6209=ADVANCED_FACE('',(#322),#272,.T.);
#6210=ADVANCED_FACE('',(#323),#6066,.F.);
#6211=ADVANCED_FACE('',(#324),#27,.F.);
#6212=ADVANCED_FACE('',(#325),#6067,.F.);
#6213=ADVANCED_FACE('',(#326),#28,.F.);
#6214=ADVANCED_FACE('',(#327),#6068,.F.);
#6215=ADVANCED_FACE('',(#328),#29,.F.);
#6216=ADVANCED_FACE('',(#329),#6069,.F.);
#6217=ADVANCED_FACE('',(#330),#30,.F.);
#6218=ADVANCED_FACE('',(#331),#31,.F.);
#6219=ADVANCED_FACE('',(#332),#273,.T.);
#6220=ADVANCED_FACE('',(#333),#32,.F.);
#6221=ADVANCED_FACE('',(#334),#6070,.F.);
#6222=ADVANCED_FACE('',(#335),#33,.F.);
#6223=ADVANCED_FACE('',(#336),#6071,.F.);
#6224=ADVANCED_FACE('',(#337),#34,.F.);
#6225=ADVANCED_FACE('',(#338),#6072,.F.);
#6226=ADVANCED_FACE('',(#339),#35,.F.);
#6227=ADVANCED_FACE('',(#340),#6073,.F.);
#6228=ADVANCED_FACE('',(#341),#36,.F.);
#6229=ADVANCED_FACE('',(#342),#6074,.F.);
#6230=ADVANCED_FACE('',(#343),#37,.F.);
#6231=ADVANCED_FACE('',(#344),#6075,.F.);
#6232=ADVANCED_FACE('',(#345),#38,.F.);
#6233=ADVANCED_FACE('',(#346),#6076,.F.);
#6234=ADVANCED_FACE('',(#347),#39,.F.);
#6235=ADVANCED_FACE('',(#348),#6077,.F.);
#6236=ADVANCED_FACE('',(#349),#40,.F.);
#6237=ADVANCED_FACE('',(#350),#41,.F.);
#6238=ADVANCED_FACE('',(#351),#274,.F.);
#6239=ADVANCED_FACE('',(#352),#42,.F.);
#6240=ADVANCED_FACE('',(#353),#6078,.F.);
#6241=ADVANCED_FACE('',(#354),#6079,.F.);
#6242=ADVANCED_FACE('',(#355),#43,.F.);
#6243=ADVANCED_FACE('',(#356),#44,.F.);
#6244=ADVANCED_FACE('',(#357),#6080,.F.);
#6245=ADVANCED_FACE('',(#358),#45,.F.);
#6246=ADVANCED_FACE('',(#359),#46,.F.);
#6247=ADVANCED_FACE('',(#360),#6081,.F.);
#6248=ADVANCED_FACE('',(#361),#47,.F.);
#6249=ADVANCED_FACE('',(#362),#48,.F.);
#6250=ADVANCED_FACE('',(#363),#6082,.F.);
#6251=ADVANCED_FACE('',(#364),#49,.F.);
#6252=ADVANCED_FACE('',(#365),#50,.F.);
#6253=ADVANCED_FACE('',(#366),#6083,.F.);
#6254=ADVANCED_FACE('',(#367),#6084,.F.);
#6255=ADVANCED_FACE('',(#368),#6085,.F.);
#6256=ADVANCED_FACE('',(#369),#6086,.F.);
#6257=ADVANCED_FACE('',(#370),#6087,.F.);
#6258=ADVANCED_FACE('',(#371),#51,.F.);
#6259=ADVANCED_FACE('',(#372),#52,.F.);
#6260=ADVANCED_FACE('',(#373),#6088,.F.);
#6261=ADVANCED_FACE('',(#374),#53,.F.);
#6262=ADVANCED_FACE('',(#375),#54,.F.);
#6263=ADVANCED_FACE('',(#376),#6089,.F.);
#6264=ADVANCED_FACE('',(#377),#55,.F.);
#6265=ADVANCED_FACE('',(#378),#56,.F.);
#6266=ADVANCED_FACE('',(#379),#6090,.F.);
#6267=ADVANCED_FACE('',(#380),#57,.F.);
#6268=ADVANCED_FACE('',(#381),#58,.F.);
#6269=ADVANCED_FACE('',(#382),#6091,.F.);
#6270=ADVANCED_FACE('',(#383),#59,.F.);
#6271=ADVANCED_FACE('',(#384),#6092,.F.);
#6272=ADVANCED_FACE('',(#385),#60,.F.);
#6273=ADVANCED_FACE('',(#386),#6093,.F.);
#6274=ADVANCED_FACE('',(#387),#61,.F.);
#6275=ADVANCED_FACE('',(#388),#6094,.F.);
#6276=ADVANCED_FACE('',(#389),#62,.F.);
#6277=ADVANCED_FACE('',(#390),#6095,.F.);
#6278=ADVANCED_FACE('',(#391),#63,.F.);
#6279=ADVANCED_FACE('',(#392),#64,.F.);
#6280=ADVANCED_FACE('',(#393),#6096,.F.);
#6281=ADVANCED_FACE('',(#394),#65,.F.);
#6282=ADVANCED_FACE('',(#395),#66,.F.);
#6283=ADVANCED_FACE('',(#396),#6097,.F.);
#6284=ADVANCED_FACE('',(#397),#67,.F.);
#6285=ADVANCED_FACE('',(#398),#68,.F.);
#6286=ADVANCED_FACE('',(#399),#6098,.F.);
#6287=ADVANCED_FACE('',(#400),#69,.F.);
#6288=ADVANCED_FACE('',(#401),#70,.F.);
#6289=ADVANCED_FACE('',(#402),#6099,.F.);
#6290=ADVANCED_FACE('',(#403),#71,.F.);
#6291=ADVANCED_FACE('',(#404),#72,.F.);
#6292=ADVANCED_FACE('',(#405),#6100,.F.);
#6293=ADVANCED_FACE('',(#406),#73,.F.);
#6294=ADVANCED_FACE('',(#407),#74,.F.);
#6295=ADVANCED_FACE('',(#408),#6101,.F.);
#6296=ADVANCED_FACE('',(#409),#75,.F.);
#6297=ADVANCED_FACE('',(#410),#76,.F.);
#6298=ADVANCED_FACE('',(#411),#6102,.F.);
#6299=ADVANCED_FACE('',(#412),#77,.F.);
#6300=ADVANCED_FACE('',(#413),#78,.F.);
#6301=ADVANCED_FACE('',(#414),#275,.F.);
#6302=ADVANCED_FACE('',(#415),#276,.F.);
#6303=ADVANCED_FACE('',(#416),#6103,.F.);
#6304=ADVANCED_FACE('',(#417),#79,.F.);
#6305=ADVANCED_FACE('',(#418),#80,.F.);
#6306=ADVANCED_FACE('',(#419),#6104,.F.);
#6307=ADVANCED_FACE('',(#420),#81,.F.);
#6308=ADVANCED_FACE('',(#421),#82,.F.);
#6309=ADVANCED_FACE('',(#422),#6105,.F.);
#6310=ADVANCED_FACE('',(#423),#83,.F.);
#6311=ADVANCED_FACE('',(#424),#84,.F.);
#6312=ADVANCED_FACE('',(#425),#6106,.F.);
#6313=ADVANCED_FACE('',(#426),#85,.F.);
#6314=ADVANCED_FACE('',(#427),#86,.F.);
#6315=ADVANCED_FACE('',(#428),#6107,.F.);
#6316=ADVANCED_FACE('',(#429),#87,.F.);
#6317=ADVANCED_FACE('',(#430),#88,.F.);
#6318=ADVANCED_FACE('',(#431),#6108,.F.);
#6319=ADVANCED_FACE('',(#432),#89,.F.);
#6320=ADVANCED_FACE('',(#433),#90,.F.);
#6321=ADVANCED_FACE('',(#434),#6109,.F.);
#6322=ADVANCED_FACE('',(#435),#91,.F.);
#6323=ADVANCED_FACE('',(#436),#92,.F.);
#6324=ADVANCED_FACE('',(#437),#6110,.F.);
#6325=ADVANCED_FACE('',(#438),#93,.F.);
#6326=ADVANCED_FACE('',(#439),#94,.F.);
#6327=ADVANCED_FACE('',(#440),#6111,.F.);
#6328=ADVANCED_FACE('',(#441),#95,.F.);
#6329=ADVANCED_FACE('',(#442),#96,.F.);
#6330=ADVANCED_FACE('',(#443),#6112,.F.);
#6331=ADVANCED_FACE('',(#444),#97,.F.);
#6332=ADVANCED_FACE('',(#445),#98,.F.);
#6333=ADVANCED_FACE('',(#446),#6113,.F.);
#6334=ADVANCED_FACE('',(#447),#99,.F.);
#6335=ADVANCED_FACE('',(#448),#100,.F.);
#6336=ADVANCED_FACE('',(#449),#6114,.F.);
#6337=ADVANCED_FACE('',(#450),#101,.F.);
#6338=ADVANCED_FACE('',(#451),#102,.F.);
#6339=ADVANCED_FACE('',(#452),#6115,.F.);
#6340=ADVANCED_FACE('',(#453),#103,.F.);
#6341=ADVANCED_FACE('',(#454),#104,.F.);
#6342=ADVANCED_FACE('',(#455),#6116,.F.);
#6343=ADVANCED_FACE('',(#456),#105,.F.);
#6344=ADVANCED_FACE('',(#457),#106,.F.);
#6345=ADVANCED_FACE('',(#458),#6117,.F.);
#6346=ADVANCED_FACE('',(#459),#107,.F.);
#6347=ADVANCED_FACE('',(#460),#108,.F.);
#6348=ADVANCED_FACE('',(#461),#6118,.F.);
#6349=ADVANCED_FACE('',(#462),#109,.F.);
#6350=ADVANCED_FACE('',(#463),#110,.F.);
#6351=ADVANCED_FACE('',(#464),#6119,.F.);
#6352=ADVANCED_FACE('',(#465),#111,.F.);
#6353=ADVANCED_FACE('',(#466),#112,.F.);
#6354=ADVANCED_FACE('',(#467),#6120,.F.);
#6355=ADVANCED_FACE('',(#468),#113,.F.);
#6356=ADVANCED_FACE('',(#469),#114,.F.);
#6357=ADVANCED_FACE('',(#470),#6121,.F.);
#6358=ADVANCED_FACE('',(#471),#115,.F.);
#6359=ADVANCED_FACE('',(#472),#116,.F.);
#6360=ADVANCED_FACE('',(#473),#6122,.F.);
#6361=ADVANCED_FACE('',(#474),#117,.F.);
#6362=ADVANCED_FACE('',(#475),#118,.F.);
#6363=ADVANCED_FACE('',(#476),#277,.F.);
#6364=ADVANCED_FACE('',(#477),#6123,.F.);
#6365=ADVANCED_FACE('',(#478),#119,.F.);
#6366=ADVANCED_FACE('',(#479),#120,.F.);
#6367=ADVANCED_FACE('',(#480),#6124,.F.);
#6368=ADVANCED_FACE('',(#481),#121,.F.);
#6369=ADVANCED_FACE('',(#482),#122,.F.);
#6370=ADVANCED_FACE('',(#483),#6125,.F.);
#6371=ADVANCED_FACE('',(#484),#123,.F.);
#6372=ADVANCED_FACE('',(#485),#124,.F.);
#6373=ADVANCED_FACE('',(#486),#6126,.F.);
#6374=ADVANCED_FACE('',(#487),#125,.F.);
#6375=ADVANCED_FACE('',(#488),#126,.F.);
#6376=ADVANCED_FACE('',(#489),#278,.F.);
#6377=ADVANCED_FACE('',(#490),#6127,.F.);
#6378=ADVANCED_FACE('',(#491),#127,.F.);
#6379=ADVANCED_FACE('',(#492),#128,.F.);
#6380=ADVANCED_FACE('',(#493),#6128,.F.);
#6381=ADVANCED_FACE('',(#494),#129,.F.);
#6382=ADVANCED_FACE('',(#495),#130,.F.);
#6383=ADVANCED_FACE('',(#496),#6129,.F.);
#6384=ADVANCED_FACE('',(#497),#131,.F.);
#6385=ADVANCED_FACE('',(#498),#132,.F.);
#6386=ADVANCED_FACE('',(#499),#6130,.F.);
#6387=ADVANCED_FACE('',(#500),#133,.F.);
#6388=ADVANCED_FACE('',(#501),#134,.F.);
#6389=ADVANCED_FACE('',(#502),#6131,.F.);
#6390=ADVANCED_FACE('',(#503),#135,.F.);
#6391=ADVANCED_FACE('',(#504),#136,.F.);
#6392=ADVANCED_FACE('',(#505),#6132,.F.);
#6393=ADVANCED_FACE('',(#506),#137,.F.);
#6394=ADVANCED_FACE('',(#507),#138,.F.);
#6395=ADVANCED_FACE('',(#508),#6133,.F.);
#6396=ADVANCED_FACE('',(#509),#139,.F.);
#6397=ADVANCED_FACE('',(#510),#140,.F.);
#6398=ADVANCED_FACE('',(#511),#6134,.F.);
#6399=ADVANCED_FACE('',(#512),#141,.F.);
#6400=ADVANCED_FACE('',(#513),#142,.F.);
#6401=ADVANCED_FACE('',(#514),#6135,.F.);
#6402=ADVANCED_FACE('',(#515),#143,.F.);
#6403=ADVANCED_FACE('',(#516),#144,.F.);
#6404=ADVANCED_FACE('',(#517),#6136,.F.);
#6405=ADVANCED_FACE('',(#518),#145,.F.);
#6406=ADVANCED_FACE('',(#519),#146,.F.);
#6407=ADVANCED_FACE('',(#520),#6137,.F.);
#6408=ADVANCED_FACE('',(#521),#147,.F.);
#6409=ADVANCED_FACE('',(#522),#148,.F.);
#6410=ADVANCED_FACE('',(#523),#6138,.F.);
#6411=ADVANCED_FACE('',(#524),#149,.F.);
#6412=ADVANCED_FACE('',(#525),#150,.F.);
#6413=ADVANCED_FACE('',(#526),#279,.F.);
#6414=ADVANCED_FACE('',(#527),#280,.F.);
#6415=ADVANCED_FACE('',(#528),#6139,.F.);
#6416=ADVANCED_FACE('',(#529),#151,.F.);
#6417=ADVANCED_FACE('',(#530),#152,.F.);
#6418=ADVANCED_FACE('',(#531),#6140,.F.);
#6419=ADVANCED_FACE('',(#532),#153,.F.);
#6420=ADVANCED_FACE('',(#533),#154,.F.);
#6421=ADVANCED_FACE('',(#534),#6141,.F.);
#6422=ADVANCED_FACE('',(#535),#155,.F.);
#6423=ADVANCED_FACE('',(#536),#156,.F.);
#6424=ADVANCED_FACE('',(#537),#6142,.F.);
#6425=ADVANCED_FACE('',(#538),#157,.F.);
#6426=ADVANCED_FACE('',(#539),#158,.F.);
#6427=ADVANCED_FACE('',(#540),#6143,.F.);
#6428=ADVANCED_FACE('',(#541),#159,.F.);
#6429=ADVANCED_FACE('',(#542),#6144,.F.);
#6430=ADVANCED_FACE('',(#543),#160,.F.);
#6431=ADVANCED_FACE('',(#544),#6145,.F.);
#6432=ADVANCED_FACE('',(#545),#161,.F.);
#6433=ADVANCED_FACE('',(#546),#6146,.F.);
#6434=ADVANCED_FACE('',(#547),#162,.F.);
#6435=ADVANCED_FACE('',(#548),#6147,.F.);
#6436=ADVANCED_FACE('',(#549),#6148,.F.);
#6437=ADVANCED_FACE('',(#550),#6149,.F.);
#6438=ADVANCED_FACE('',(#551),#6150,.F.);
#6439=ADVANCED_FACE('',(#552),#281,.F.);
#6440=ADVANCED_FACE('',(#553),#6151,.F.);
#6441=ADVANCED_FACE('',(#554),#163,.F.);
#6442=ADVANCED_FACE('',(#555),#164,.F.);
#6443=ADVANCED_FACE('',(#556),#6152,.F.);
#6444=ADVANCED_FACE('',(#557),#165,.F.);
#6445=ADVANCED_FACE('',(#558),#166,.F.);
#6446=ADVANCED_FACE('',(#559),#6153,.F.);
#6447=ADVANCED_FACE('',(#560),#167,.F.);
#6448=ADVANCED_FACE('',(#561),#168,.F.);
#6449=ADVANCED_FACE('',(#562),#6154,.F.);
#6450=ADVANCED_FACE('',(#563),#169,.F.);
#6451=ADVANCED_FACE('',(#564),#170,.F.);
#6452=ADVANCED_FACE('',(#565),#6155,.F.);
#6453=ADVANCED_FACE('',(#566),#171,.F.);
#6454=ADVANCED_FACE('',(#567),#172,.F.);
#6455=ADVANCED_FACE('',(#568),#6156,.F.);
#6456=ADVANCED_FACE('',(#569),#173,.F.);
#6457=ADVANCED_FACE('',(#570),#174,.F.);
#6458=ADVANCED_FACE('',(#571),#6157,.F.);
#6459=ADVANCED_FACE('',(#572),#175,.F.);
#6460=ADVANCED_FACE('',(#573),#176,.F.);
#6461=ADVANCED_FACE('',(#574),#6158,.F.);
#6462=ADVANCED_FACE('',(#575),#177,.F.);
#6463=ADVANCED_FACE('',(#576),#178,.F.);
#6464=ADVANCED_FACE('',(#577),#6159,.F.);
#6465=ADVANCED_FACE('',(#578),#179,.F.);
#6466=ADVANCED_FACE('',(#579),#6160,.F.);
#6467=ADVANCED_FACE('',(#580),#180,.F.);
#6468=ADVANCED_FACE('',(#581),#6161,.F.);
#6469=ADVANCED_FACE('',(#582),#181,.F.);
#6470=ADVANCED_FACE('',(#583),#6162,.F.);
#6471=ADVANCED_FACE('',(#584),#182,.F.);
#6472=ADVANCED_FACE('',(#585),#6163,.F.);
#6473=ADVANCED_FACE('',(#586),#183,.F.);
#6474=ADVANCED_FACE('',(#587,#221,#222,#223,#224,#225,#226,#227,#228,#229,
#230,#231,#232,#233,#234,#235,#236,#237,#238,#239,#240,#241,#242,#243,#244,
#245,#246),#6164,.F.);
#6475=ADVANCED_FACE('',(#588),#282,.F.);
#6476=ADVANCED_FACE('',(#589),#283,.F.);
#6477=ADVANCED_FACE('',(#590),#284,.F.);
#6478=ADVANCED_FACE('',(#591),#285,.F.);
#6479=ADVANCED_FACE('',(#592),#286,.F.);
#6480=ADVANCED_FACE('',(#593),#287,.F.);
#6481=ADVANCED_FACE('',(#594),#288,.F.);
#6482=ADVANCED_FACE('',(#595),#6165,.F.);
#6483=ADVANCED_FACE('',(#596),#184,.F.);
#6484=ADVANCED_FACE('',(#597),#6166,.F.);
#6485=ADVANCED_FACE('',(#598),#185,.F.);
#6486=ADVANCED_FACE('',(#599),#6167,.F.);
#6487=ADVANCED_FACE('',(#600),#6168,.F.);
#6488=ADVANCED_FACE('',(#601),#289,.T.);
#6489=ADVANCED_FACE('',(#602),#186,.F.);
#6490=ADVANCED_FACE('',(#603),#187,.F.);
#6491=ADVANCED_FACE('',(#604),#6169,.F.);
#6492=ADVANCED_FACE('',(#605),#188,.F.);
#6493=ADVANCED_FACE('',(#606),#6170,.F.);
#6494=ADVANCED_FACE('',(#607),#189,.F.);
#6495=ADVANCED_FACE('',(#608),#6171,.F.);
#6496=ADVANCED_FACE('',(#609),#190,.F.);
#6497=ADVANCED_FACE('',(#610),#6172,.F.);
#6498=ADVANCED_FACE('',(#611),#191,.F.);
#6499=ADVANCED_FACE('',(#612),#6173,.F.);
#6500=ADVANCED_FACE('',(#613),#192,.F.);
#6501=ADVANCED_FACE('',(#614),#6174,.F.);
#6502=ADVANCED_FACE('',(#615),#193,.F.);
#6503=ADVANCED_FACE('',(#616,#247,#248,#249,#250,#251,#252,#253),#6175,
 .F.);
#6504=ADVANCED_FACE('',(#617,#254,#255,#256,#257,#258,#259,#260),#6176,
 .T.);
#6505=CLOSED_SHELL('',(#6177,#6178,#6179,#6180,#6181,#6182,#6183,#6184,
#6185,#6186,#6187,#6188,#6189,#6190,#6191,#6192,#6193,#6194,#6195,#6196,
#6197,#6198,#6199,#6200,#6201,#6202,#6203,#6204,#6205,#6206,#6207,#6208,
#6209,#6210,#6211,#6212,#6213,#6214,#6215,#6216,#6217,#6218,#6219,#6220,
#6221,#6222,#6223,#6224,#6225,#6226,#6227,#6228,#6229,#6230,#6231,#6232,
#6233,#6234,#6235,#6236,#6237,#6238,#6239,#6240,#6241,#6242,#6243,#6244,
#6245,#6246,#6247,#6248,#6249,#6250,#6251,#6252,#6253,#6254,#6255,#6256,
#6257,#6258,#6259,#6260,#6261,#6262,#6263,#6264,#6265,#6266,#6267,#6268,
#6269,#6270,#6271,#6272,#6273,#6274,#6275,#6276,#6277,#6278,#6279,#6280,
#6281,#6282,#6283,#6284,#6285,#6286,#6287,#6288,#6289,#6290,#6291,#6292,
#6293,#6294,#6295,#6296,#6297,#6298,#6299,#6300,#6301,#6302,#6303,#6304,
#6305,#6306,#6307,#6308,#6309,#6310,#6311,#6312,#6313,#6314,#6315,#6316,
#6317,#6318,#6319,#6320,#6321,#6322,#6323,#6324,#6325,#6326,#6327,#6328,
#6329,#6330,#6331,#6332,#6333,#6334,#6335,#6336,#6337,#6338,#6339,#6340,
#6341,#6342,#6343,#6344,#6345,#6346,#6347,#6348,#6349,#6350,#6351,#6352,
#6353,#6354,#6355,#6356,#6357,#6358,#6359,#6360,#6361,#6362,#6363,#6364,
#6365,#6366,#6367,#6368,#6369,#6370,#6371,#6372,#6373,#6374,#6375,#6376,
#6377,#6378,#6379,#6380,#6381,#6382,#6383,#6384,#6385,#6386,#6387,#6388,
#6389,#6390,#6391,#6392,#6393,#6394,#6395,#6396,#6397,#6398,#6399,#6400,
#6401,#6402,#6403,#6404,#6405,#6406,#6407,#6408,#6409,#6410,#6411,#6412,
#6413,#6414,#6415,#6416,#6417,#6418,#6419,#6420,#6421,#6422,#6423,#6424,
#6425,#6426,#6427,#6428,#6429,#6430,#6431,#6432,#6433,#6434,#6435,#6436,
#6437,#6438,#6439,#6440,#6441,#6442,#6443,#6444,#6445,#6446,#6447,#6448,
#6449,#6450,#6451,#6452,#6453,#6454,#6455,#6456,#6457,#6458,#6459,#6460,
#6461,#6462,#6463,#6464,#6465,#6466,#6467,#6468,#6469,#6470,#6471,#6472,
#6473,#6474));
#6506=CLOSED_SHELL('',(#6475,#6476,#6477,#6478,#6479,#6480,#6481,#6482,
#6483,#6484,#6485,#6486,#6487,#6488,#6489,#6490,#6491,#6492,#6493,#6494,
#6495,#6496,#6497,#6498,#6499,#6500,#6501,#6502,#6503,#6504));
#6507=DERIVED_UNIT_ELEMENT(#6509,1.);
#6508=DERIVED_UNIT_ELEMENT(#12780,-3.);
#6509=(
MASS_UNIT()
NAMED_UNIT(*)
SI_UNIT(.KILO.,.GRAM.)
);
#6510=DERIVED_UNIT((#6507,#6508));
#6511=MEASURE_REPRESENTATION_ITEM('density measure',
POSITIVE_RATIO_MEASURE(7850.),#6510);
#6512=PROPERTY_DEFINITION_REPRESENTATION(#6517,#6514);
#6513=PROPERTY_DEFINITION_REPRESENTATION(#6518,#6515);
#6514=REPRESENTATION('material name',(#6516),#12777);
#6515=REPRESENTATION('density',(#6511),#12777);
#6516=DESCRIPTIVE_REPRESENTATION_ITEM('Steel','Steel');
#6517=PROPERTY_DEFINITION('material property','material name',#12787);
#6518=PROPERTY_DEFINITION('material property','density of part',#12787);
#6519=AXIS2_PLACEMENT_3D('',#7688,#6722,#6723);
#6520=AXIS2_PLACEMENT_3D('',#7689,#6724,#6725);
#6521=AXIS2_PLACEMENT_3D('',#7783,#6738,#6739);
#6522=AXIS2_PLACEMENT_3D('',#7791,#6743,#6744);
#6523=AXIS2_PLACEMENT_3D('',#7898,#6754,#6755);
#6524=AXIS2_PLACEMENT_3D('',#7904,#6759,#6760);
#6525=AXIS2_PLACEMENT_3D('',#7910,#6764,#6765);
#6526=AXIS2_PLACEMENT_3D('',#7913,#6768,#6769);
#6527=AXIS2_PLACEMENT_3D('',#7927,#6777,#6778);
#6528=AXIS2_PLACEMENT_3D('',#7933,#6782,#6783);
#6529=AXIS2_PLACEMENT_3D('',#7935,#6784,#6785);
#6530=AXIS2_PLACEMENT_3D('',#7938,#6787,#6788);
#6531=AXIS2_PLACEMENT_3D('',#7939,#6789,#6790);
#6532=AXIS2_PLACEMENT_3D('',#7941,#6791,#6792);
#6533=AXIS2_PLACEMENT_3D('',#7943,#6793,#6794);
#6534=AXIS2_PLACEMENT_3D('',#7945,#6796,#6797);
#6535=AXIS2_PLACEMENT_3D('',#8059,#6808,#6809);
#6536=AXIS2_PLACEMENT_3D('',#8292,#6836,#6837);
#6537=AXIS2_PLACEMENT_3D('',#8294,#6838,#6839);
#6538=AXIS2_PLACEMENT_3D('',#8536,#6860,#6861);
#6539=AXIS2_PLACEMENT_3D('',#8586,#6866,#6867);
#6540=AXIS2_PLACEMENT_3D('',#8732,#6880,#6881);
#6541=AXIS2_PLACEMENT_3D('',#8734,#6882,#6883);
#6542=AXIS2_PLACEMENT_3D('',#8820,#6896,#6897);
#6543=AXIS2_PLACEMENT_3D('',#8917,#6906,#6907);
#6544=AXIS2_PLACEMENT_3D('',#8928,#6914,#6915);
#6545=AXIS2_PLACEMENT_3D('',#8932,#6918,#6919);
#6546=AXIS2_PLACEMENT_3D('',#8936,#6922,#6923);
#6547=AXIS2_PLACEMENT_3D('',#8940,#6926,#6927);
#6548=AXIS2_PLACEMENT_3D('',#8942,#6928,#6929);
#6549=AXIS2_PLACEMENT_3D('',#8943,#6930,#6931);
#6550=AXIS2_PLACEMENT_3D('',#9000,#6932,#6933);
#6551=AXIS2_PLACEMENT_3D('',#9092,#6934,#6935);
#6552=AXIS2_PLACEMENT_3D('',#9186,#6937,#6938);
#6553=AXIS2_PLACEMENT_3D('',#9197,#6939,#6940);
#6554=AXIS2_PLACEMENT_3D('',#9199,#6941,#6942);
#6555=AXIS2_PLACEMENT_3D('',#9257,#6944,#6945);
#6556=AXIS2_PLACEMENT_3D('',#9351,#6947,#6948);
#6557=AXIS2_PLACEMENT_3D('',#9362,#6949,#6950);
#6558=AXIS2_PLACEMENT_3D('',#9364,#6951,#6952);
#6559=AXIS2_PLACEMENT_3D('',#9392,#6954,#6955);
#6560=AXIS2_PLACEMENT_3D('',#9398,#6956,#6957);
#6561=AXIS2_PLACEMENT_3D('',#9400,#6958,#6959);
#6562=AXIS2_PLACEMENT_3D('',#9428,#6961,#6962);
#6563=AXIS2_PLACEMENT_3D('',#9434,#6963,#6964);
#6564=AXIS2_PLACEMENT_3D('',#9436,#6965,#6966);
#6565=AXIS2_PLACEMENT_3D('',#9482,#6968,#6969);
#6566=AXIS2_PLACEMENT_3D('',#9571,#6971,#6972);
#6567=AXIS2_PLACEMENT_3D('',#9581,#6973,#6974);
#6568=AXIS2_PLACEMENT_3D('',#9583,#6975,#6976);
#6569=AXIS2_PLACEMENT_3D('',#9641,#6978,#6979);
#6570=AXIS2_PLACEMENT_3D('',#9643,#6981,#6982);
#6571=AXIS2_PLACEMENT_3D('',#9655,#6986,#6987);
#6572=AXIS2_PLACEMENT_3D('',#9672,#6990,#6991);
#6573=AXIS2_PLACEMENT_3D('',#9707,#6994,#6995);
#6574=AXIS2_PLACEMENT_3D('',#9731,#7001,#7002);
#6575=AXIS2_PLACEMENT_3D('',#9748,#7005,#7006);
#6576=AXIS2_PLACEMENT_3D('',#9766,#7010,#7011);
#6577=AXIS2_PLACEMENT_3D('',#9784,#7015,#7016);
#6578=AXIS2_PLACEMENT_3D('',#9810,#7020,#7021);
#6579=AXIS2_PLACEMENT_3D('',#9837,#7025,#7026);
#6580=AXIS2_PLACEMENT_3D('',#9867,#7032,#7033);
#6581=AXIS2_PLACEMENT_3D('',#9885,#7037,#7038);
#6582=AXIS2_PLACEMENT_3D('',#9912,#7042,#7043);
#6583=AXIS2_PLACEMENT_3D('',#9944,#7048,#7049);
#6584=AXIS2_PLACEMENT_3D('',#9945,#7050,#7051);
#6585=AXIS2_PLACEMENT_3D('',#9962,#7053,#7054);
#6586=AXIS2_PLACEMENT_3D('',#9964,#7056,#7057);
#6587=AXIS2_PLACEMENT_3D('',#9998,#7063,#7064);
#6588=AXIS2_PLACEMENT_3D('',#10030,#7069,#7070);
#6589=AXIS2_PLACEMENT_3D('',#10062,#7075,#7076);
#6590=AXIS2_PLACEMENT_3D('',#10092,#7080,#7081);
#6591=AXIS2_PLACEMENT_3D('',#10098,#7085,#7086);
#6592=AXIS2_PLACEMENT_3D('',#10102,#7089,#7090);
#6593=AXIS2_PLACEMENT_3D('',#10104,#7092,#7093);
#6594=AXIS2_PLACEMENT_3D('',#10106,#7095,#7096);
#6595=AXIS2_PLACEMENT_3D('',#10140,#7102,#7103);
#6596=AXIS2_PLACEMENT_3D('',#10172,#7108,#7109);
#6597=AXIS2_PLACEMENT_3D('',#10204,#7114,#7115);
#6598=AXIS2_PLACEMENT_3D('',#10234,#7119,#7120);
#6599=AXIS2_PLACEMENT_3D('',#10254,#7125,#7126);
#6600=AXIS2_PLACEMENT_3D('',#10272,#7130,#7131);
#6601=AXIS2_PLACEMENT_3D('',#10290,#7135,#7136);
#6602=AXIS2_PLACEMENT_3D('',#10306,#7139,#7140);
#6603=AXIS2_PLACEMENT_3D('',#10340,#7146,#7147);
#6604=AXIS2_PLACEMENT_3D('',#10372,#7152,#7153);
#6605=AXIS2_PLACEMENT_3D('',#10404,#7158,#7159);
#6606=AXIS2_PLACEMENT_3D('',#10434,#7163,#7164);
#6607=AXIS2_PLACEMENT_3D('',#10468,#7170,#7171);
#6608=AXIS2_PLACEMENT_3D('',#10500,#7176,#7177);
#6609=AXIS2_PLACEMENT_3D('',#10532,#7182,#7183);
#6610=AXIS2_PLACEMENT_3D('',#10562,#7187,#7188);
#6611=AXIS2_PLACEMENT_3D('',#10564,#7189,#7190);
#6612=AXIS2_PLACEMENT_3D('',#10566,#7192,#7193);
#6613=AXIS2_PLACEMENT_3D('',#10568,#7194,#7195);
#6614=AXIS2_PLACEMENT_3D('',#10570,#7197,#7198);
#6615=AXIS2_PLACEMENT_3D('',#10604,#7204,#7205);
#6616=AXIS2_PLACEMENT_3D('',#10636,#7210,#7211);
#6617=AXIS2_PLACEMENT_3D('',#10668,#7216,#7217);
#6618=AXIS2_PLACEMENT_3D('',#10698,#7221,#7222);
#6619=AXIS2_PLACEMENT_3D('',#10732,#7228,#7229);
#6620=AXIS2_PLACEMENT_3D('',#10764,#7234,#7235);
#6621=AXIS2_PLACEMENT_3D('',#10796,#7240,#7241);
#6622=AXIS2_PLACEMENT_3D('',#10826,#7245,#7246);
#6623=AXIS2_PLACEMENT_3D('',#10860,#7252,#7253);
#6624=AXIS2_PLACEMENT_3D('',#10892,#7258,#7259);
#6625=AXIS2_PLACEMENT_3D('',#10924,#7264,#7265);
#6626=AXIS2_PLACEMENT_3D('',#10954,#7269,#7270);
#6627=AXIS2_PLACEMENT_3D('',#10988,#7276,#7277);
#6628=AXIS2_PLACEMENT_3D('',#11020,#7282,#7283);
#6629=AXIS2_PLACEMENT_3D('',#11052,#7288,#7289);
#6630=AXIS2_PLACEMENT_3D('',#11082,#7293,#7294);
#6631=AXIS2_PLACEMENT_3D('',#11116,#7300,#7301);
#6632=AXIS2_PLACEMENT_3D('',#11148,#7306,#7307);
#6633=AXIS2_PLACEMENT_3D('',#11180,#7312,#7313);
#6634=AXIS2_PLACEMENT_3D('',#11210,#7317,#7318);
#6635=AXIS2_PLACEMENT_3D('',#11212,#7319,#7320);
#6636=AXIS2_PLACEMENT_3D('',#11214,#7322,#7323);
#6637=AXIS2_PLACEMENT_3D('',#11248,#7329,#7330);
#6638=AXIS2_PLACEMENT_3D('',#11280,#7335,#7336);
#6639=AXIS2_PLACEMENT_3D('',#11312,#7341,#7342);
#6640=AXIS2_PLACEMENT_3D('',#11342,#7346,#7347);
#6641=AXIS2_PLACEMENT_3D('',#11344,#7348,#7349);
#6642=AXIS2_PLACEMENT_3D('',#11346,#7351,#7352);
#6643=AXIS2_PLACEMENT_3D('',#11380,#7358,#7359);
#6644=AXIS2_PLACEMENT_3D('',#11412,#7364,#7365);
#6645=AXIS2_PLACEMENT_3D('',#11444,#7370,#7371);
#6646=AXIS2_PLACEMENT_3D('',#11474,#7375,#7376);
#6647=AXIS2_PLACEMENT_3D('',#11508,#7382,#7383);
#6648=AXIS2_PLACEMENT_3D('',#11540,#7388,#7389);
#6649=AXIS2_PLACEMENT_3D('',#11572,#7394,#7395);
#6650=AXIS2_PLACEMENT_3D('',#11602,#7399,#7400);
#6651=AXIS2_PLACEMENT_3D('',#11636,#7406,#7407);
#6652=AXIS2_PLACEMENT_3D('',#11668,#7412,#7413);
#6653=AXIS2_PLACEMENT_3D('',#11700,#7418,#7419);
#6654=AXIS2_PLACEMENT_3D('',#11730,#7423,#7424);
#6655=AXIS2_PLACEMENT_3D('',#11732,#7425,#7426);
#6656=AXIS2_PLACEMENT_3D('',#11734,#7428,#7429);
#6657=AXIS2_PLACEMENT_3D('',#11736,#7430,#7431);
#6658=AXIS2_PLACEMENT_3D('',#11738,#7433,#7434);
#6659=AXIS2_PLACEMENT_3D('',#11772,#7440,#7441);
#6660=AXIS2_PLACEMENT_3D('',#11804,#7446,#7447);
#6661=AXIS2_PLACEMENT_3D('',#11836,#7452,#7453);
#6662=AXIS2_PLACEMENT_3D('',#11866,#7457,#7458);
#6663=AXIS2_PLACEMENT_3D('',#11886,#7463,#7464);
#6664=AXIS2_PLACEMENT_3D('',#11904,#7468,#7469);
#6665=AXIS2_PLACEMENT_3D('',#11922,#7473,#7474);
#6666=AXIS2_PLACEMENT_3D('',#11938,#7477,#7478);
#6667=AXIS2_PLACEMENT_3D('',#11944,#7482,#7483);
#6668=AXIS2_PLACEMENT_3D('',#11948,#7486,#7487);
#6669=AXIS2_PLACEMENT_3D('',#11952,#7490,#7491);
#6670=AXIS2_PLACEMENT_3D('',#11954,#7493,#7494);
#6671=AXIS2_PLACEMENT_3D('',#11956,#7495,#7496);
#6672=AXIS2_PLACEMENT_3D('',#11958,#7498,#7499);
#6673=AXIS2_PLACEMENT_3D('',#11992,#7505,#7506);
#6674=AXIS2_PLACEMENT_3D('',#12024,#7511,#7512);
#6675=AXIS2_PLACEMENT_3D('',#12056,#7517,#7518);
#6676=AXIS2_PLACEMENT_3D('',#12086,#7522,#7523);
#6677=AXIS2_PLACEMENT_3D('',#12120,#7529,#7530);
#6678=AXIS2_PLACEMENT_3D('',#12152,#7535,#7536);
#6679=AXIS2_PLACEMENT_3D('',#12184,#7541,#7542);
#6680=AXIS2_PLACEMENT_3D('',#12214,#7546,#7547);
#6681=AXIS2_PLACEMENT_3D('',#12240,#7552,#7553);
#6682=AXIS2_PLACEMENT_3D('',#12256,#7555,#7556);
#6683=AXIS2_PLACEMENT_3D('',#12267,#7559,#7560);
#6684=AXIS2_PLACEMENT_3D('',#12290,#7563,#7564);
#6685=AXIS2_PLACEMENT_3D('',#12318,#7566,#7567);
#6686=AXIS2_PLACEMENT_3D('',#12319,#7568,#7569);
#6687=AXIS2_PLACEMENT_3D('',#12321,#7570,#7571);
#6688=AXIS2_PLACEMENT_3D('',#12324,#7573,#7574);
#6689=AXIS2_PLACEMENT_3D('',#12325,#7575,#7576);
#6690=AXIS2_PLACEMENT_3D('',#12327,#7577,#7578);
#6691=AXIS2_PLACEMENT_3D('',#12330,#7580,#7581);
#6692=AXIS2_PLACEMENT_3D('',#12331,#7582,#7583);
#6693=AXIS2_PLACEMENT_3D('',#12333,#7584,#7585);
#6694=AXIS2_PLACEMENT_3D('',#12336,#7587,#7588);
#6695=AXIS2_PLACEMENT_3D('',#12337,#7589,#7590);
#6696=AXIS2_PLACEMENT_3D('',#12339,#7591,#7592);
#6697=AXIS2_PLACEMENT_3D('',#12342,#7594,#7595);
#6698=AXIS2_PLACEMENT_3D('',#12343,#7596,#7597);
#6699=AXIS2_PLACEMENT_3D('',#12345,#7598,#7599);
#6700=AXIS2_PLACEMENT_3D('',#12348,#7601,#7602);
#6701=AXIS2_PLACEMENT_3D('',#12349,#7603,#7604);
#6702=AXIS2_PLACEMENT_3D('',#12351,#7605,#7606);
#6703=AXIS2_PLACEMENT_3D('',#12354,#7608,#7609);
#6704=AXIS2_PLACEMENT_3D('',#12355,#7610,#7611);
#6705=AXIS2_PLACEMENT_3D('',#12357,#7612,#7613);
#6706=AXIS2_PLACEMENT_3D('',#12360,#7615,#7616);
#6707=AXIS2_PLACEMENT_3D('',#12361,#7617,#7618);
#6708=AXIS2_PLACEMENT_3D('',#12425,#7624,#7625);
#6709=AXIS2_PLACEMENT_3D('',#12474,#7630,#7631);
#6710=AXIS2_PLACEMENT_3D('',#12480,#7635,#7636);
#6711=AXIS2_PLACEMENT_3D('',#12486,#7640,#7641);
#6712=AXIS2_PLACEMENT_3D('',#12488,#7642,#7643);
#6713=AXIS2_PLACEMENT_3D('',#12491,#7645,#7646);
#6714=AXIS2_PLACEMENT_3D('',#12530,#7649,#7650);
#6715=AXIS2_PLACEMENT_3D('',#12603,#7655,#7656);
#6716=AXIS2_PLACEMENT_3D('',#12640,#7661,#7662);
#6717=AXIS2_PLACEMENT_3D('',#12665,#7667,#7668);
#6718=AXIS2_PLACEMENT_3D('',#12702,#7673,#7674);
#6719=AXIS2_PLACEMENT_3D('',#12727,#7679,#7680);
#6720=AXIS2_PLACEMENT_3D('',#12773,#7684,#7685);
#6721=AXIS2_PLACEMENT_3D('',#12774,#7686,#7687);
#6722=DIRECTION('axis',(0.,0.,1.));
#6723=DIRECTION('refdir',(1.,0.,0.));
#6724=DIRECTION('center_axis',(0.,0.,-1.));
#6725=DIRECTION('ref_axis',(-1.,7.99452788659302E-15,0.));
#6726=DIRECTION('',(1.,-7.99452788659302E-15,0.));
#6727=DIRECTION('',(7.99452788659302E-15,1.,0.));
#6728=DIRECTION('',(-1.,7.99452788659302E-15,0.));
#6729=DIRECTION('',(-0.857484370207878,-0.514510014333248,0.));
#6730=DIRECTION('',(-1.,-8.04430564451752E-12,0.));
#6731=DIRECTION('',(-0.908675682509877,0.417502699410687,0.));
#6732=DIRECTION('',(-0.815181218171515,0.579205992320871,0.));
#6733=DIRECTION('',(-2.11219224775647E-12,1.,0.));
#6734=DIRECTION('',(0.981847028388002,0.189674491815981,0.));
#6735=DIRECTION('',(0.846636064875767,-0.5321723157509,0.));
#6736=DIRECTION('',(0.424437054631993,-0.905457446076467,0.));
#6737=DIRECTION('',(-3.99724350514616E-15,-1.,0.));
#6738=DIRECTION('center_axis',(0.,0.,1.));
#6739=DIRECTION('ref_axis',(-0.0356288246662031,0.999365091872287,0.));
#6740=DIRECTION('',(-1.,7.99452788659302E-15,0.));
#6741=DIRECTION('',(-7.99452788659302E-15,-1.,0.));
#6742=DIRECTION('',(1.,-7.99452788659302E-15,0.));
#6743=DIRECTION('center_axis',(0.,0.,-1.));
#6744=DIRECTION('ref_axis',(-0.0356288246662036,0.999365091872287,0.));
#6745=DIRECTION('',(3.99726394329651E-15,1.,0.));
#6746=DIRECTION('',(-0.424437054708407,0.905457446040648,0.));
#6747=DIRECTION('',(-0.846636064938049,0.532172315651816,0.));
#6748=DIRECTION('',(-0.981847028386174,-0.18967449182544,0.));
#6749=DIRECTION('',(5.92721217181741E-12,-1.,0.));
#6750=DIRECTION('',(0.81518121821153,-0.579205992264553,0.));
#6751=DIRECTION('',(0.908675682509877,-0.417502699410686,0.));
#6752=DIRECTION('',(1.,-1.07165864275215E-11,0.));
#6753=DIRECTION('',(0.85748437020788,0.514510014333244,0.));
#6754=DIRECTION('center_axis',(1.,-7.99452788659302E-15,0.));
#6755=DIRECTION('ref_axis',(0.,0.,-1.));
#6756=DIRECTION('',(0.,0.,1.));
#6757=DIRECTION('',(0.,0.,1.));
#6758=DIRECTION('',(-7.99452788659302E-15,-1.,0.));
#6759=DIRECTION('center_axis',(0.,0.,1.));
#6760=DIRECTION('ref_axis',(-1.,7.99452788659302E-15,0.));
#6761=DIRECTION('',(-1.,7.99452788659302E-15,0.));
#6762=DIRECTION('',(-7.99452788659302E-15,-1.,0.));
#6763=DIRECTION('',(1.,-7.99452788659302E-15,0.));
#6764=DIRECTION('center_axis',(1.,-7.99452788659302E-15,0.));
#6765=DIRECTION('ref_axis',(0.,0.,1.));
#6766=DIRECTION('',(0.,0.,-1.));
#6767=DIRECTION('',(0.,0.,1.));
#6768=DIRECTION('center_axis',(-7.99452788659302E-15,-1.,0.));
#6769=DIRECTION('ref_axis',(1.,-7.99452788659302E-15,0.));
#6770=DIRECTION('',(0.,0.,1.));
#6771=DIRECTION('',(-1.,7.99452788659302E-15,0.));
#6772=DIRECTION('',(0.,0.,-1.));
#6773=DIRECTION('',(1.,-7.99452788659302E-15,0.));
#6774=DIRECTION('',(0.,0.,1.));
#6775=DIRECTION('',(-1.,7.99452788659302E-15,0.));
#6776=DIRECTION('',(0.,0.,1.));
#6777=DIRECTION('center_axis',(0.,0.,-1.));
#6778=DIRECTION('ref_axis',(-1.,7.99452788659302E-15,0.));
#6779=DIRECTION('',(-1.,7.99452788659302E-15,0.));
#6780=DIRECTION('',(7.99452788659302E-15,1.,0.));
#6781=DIRECTION('',(-7.99452788659302E-15,-1.,0.));
#6782=DIRECTION('center_axis',(1.,-7.99452788659302E-15,0.));
#6783=DIRECTION('ref_axis',(5.65298488099486E-15,0.707106781186544,-0.707106781186551));
#6784=DIRECTION('center_axis',(1.,-7.99452788659302E-15,0.));
#6785=DIRECTION('ref_axis',(5.65298488099486E-15,0.707106781186544,-0.707106781186551));
#6786=DIRECTION('',(1.,-7.99452788659302E-15,0.));
#6787=DIRECTION('center_axis',(-1.,7.99452788659302E-15,0.));
#6788=DIRECTION('ref_axis',(7.99452788659302E-15,1.,0.));
#6789=DIRECTION('center_axis',(1.,-7.99452788659302E-15,0.));
#6790=DIRECTION('ref_axis',(5.65298488099486E-15,0.707106781186544,-0.707106781186551));
#6791=DIRECTION('center_axis',(-1.,7.99452788659302E-15,0.));
#6792=DIRECTION('ref_axis',(5.65298488099486E-15,0.707106781186544,-0.707106781186551));
#6793=DIRECTION('center_axis',(0.963712708800686,0.26694159454091,0.));
#6794=DIRECTION('ref_axis',(0.26694159454091,-0.963712708800686,0.));
#6795=DIRECTION('',(1.,-7.99452788659302E-15,0.));
#6796=DIRECTION('center_axis',(0.,0.,-1.));
#6797=DIRECTION('ref_axis',(-1.,7.99452788659302E-15,0.));
#6798=DIRECTION('',(-7.99452788659302E-15,-1.,0.));
#6799=DIRECTION('',(0.85748437020788,0.514510014333244,0.));
#6800=DIRECTION('',(1.,-1.07165864275215E-11,0.));
#6801=DIRECTION('',(0.908675682509877,-0.417502699410686,0.));
#6802=DIRECTION('',(0.81518121821153,-0.579205992264553,0.));
#6803=DIRECTION('',(5.92721217181741E-12,-1.,0.));
#6804=DIRECTION('',(-0.981847028386174,-0.18967449182544,0.));
#6805=DIRECTION('',(-0.846636064938049,0.532172315651816,0.));
#6806=DIRECTION('',(-0.424437054708408,0.905457446040648,0.));
#6807=DIRECTION('',(3.99726394329651E-15,1.,0.));
#6808=DIRECTION('center_axis',(0.,0.,-1.));
#6809=DIRECTION('ref_axis',(-0.0178172406353049,0.999841260368937,0.));
#6810=DIRECTION('',(7.99452788659302E-15,1.,0.));
#6811=DIRECTION('',(-1.,7.99452788659302E-15,0.));
#6812=DIRECTION('',(-7.99452788659302E-15,-1.,0.));
#6813=DIRECTION('',(1.,-7.99452788659302E-15,0.));
#6814=DIRECTION('',(7.52434219541855E-15,1.,0.));
#6815=DIRECTION('',(-1.,7.99452788659302E-15,0.));
#6816=DIRECTION('',(0.422612572173768,-0.90631044010354,0.));
#6817=DIRECTION('',(0.90631044010354,0.422612572173767,0.));
#6818=DIRECTION('',(-0.422612572173766,0.90631044010354,0.));
#6819=DIRECTION('',(-0.90631044010354,-0.422612572173766,0.));
#6820=DIRECTION('',(-7.99452788659302E-15,-1.,0.));
#6821=DIRECTION('',(1.,-7.99452788659302E-15,0.));
#6822=DIRECTION('',(7.99452788659302E-15,1.,0.));
#6823=DIRECTION('',(-1.,7.99452788659302E-15,0.));
#6824=DIRECTION('',(-0.984808755130995,-0.173642494272977,0.));
#6825=DIRECTION('',(0.173642494272976,-0.984808755130995,0.));
#6826=DIRECTION('',(0.984808755130995,0.173642494272976,0.));
#6827=DIRECTION('',(-0.173642494272977,0.984808755130995,0.));
#6828=DIRECTION('',(-7.99452788659302E-15,-1.,0.));
#6829=DIRECTION('',(1.,-7.99452788659302E-15,0.));
#6830=DIRECTION('',(7.99452788659302E-15,1.,0.));
#6831=DIRECTION('',(-1.,7.99452788659302E-15,0.));
#6832=DIRECTION('',(-7.99452788659302E-15,-1.,0.));
#6833=DIRECTION('',(1.,-7.99452788659302E-15,0.));
#6834=DIRECTION('',(7.99452788659302E-15,1.,0.));
#6835=DIRECTION('',(-1.,7.99452788659302E-15,0.));
#6836=DIRECTION('center_axis',(0.,0.,1.));
#6837=DIRECTION('ref_axis',(-1.,7.99452788659302E-15,0.));
#6838=DIRECTION('center_axis',(0.,0.,1.));
#6839=DIRECTION('ref_axis',(-1.,7.99452788659302E-15,0.));
#6840=DIRECTION('',(-7.99452788659302E-15,-1.,0.));
#6841=DIRECTION('',(1.,-7.99452788659302E-15,0.));
#6842=DIRECTION('',(7.99452788659302E-15,1.,0.));
#6843=DIRECTION('',(-1.,7.99452788659302E-15,0.));
#6844=DIRECTION('',(-7.99452788659302E-15,-1.,0.));
#6845=DIRECTION('',(1.,-7.99452788659302E-15,0.));
#6846=DIRECTION('',(7.99452788659302E-15,1.,0.));
#6847=DIRECTION('',(-1.,7.99452788659302E-15,0.));
#6848=DIRECTION('',(-7.99452788659302E-15,-1.,0.));
#6849=DIRECTION('',(1.,-7.99452788659302E-15,0.));
#6850=DIRECTION('',(7.99452788659302E-15,1.,0.));
#6851=DIRECTION('',(-1.,7.99452788659302E-15,0.));
#6852=DIRECTION('',(-7.99452788659302E-15,-1.,0.));
#6853=DIRECTION('',(1.,-7.99452788659302E-15,0.));
#6854=DIRECTION('',(7.99452788659302E-15,1.,0.));
#6855=DIRECTION('',(-1.,7.99452788659302E-15,0.));
#6856=DIRECTION('',(-7.99452788659302E-15,-1.,0.));
#6857=DIRECTION('',(1.,-7.99452788659302E-15,0.));
#6858=DIRECTION('',(7.99452788659302E-15,1.,0.));
#6859=DIRECTION('',(-1.,7.99452788659302E-15,0.));
#6860=DIRECTION('center_axis',(0.,0.,1.));
#6861=DIRECTION('ref_axis',(-1.,7.99452788659302E-15,0.));
#6862=DIRECTION('',(-7.99452788659302E-15,-1.,0.));
#6863=DIRECTION('',(1.,-7.99452788659302E-15,0.));
#6864=DIRECTION('',(7.99452788659302E-15,1.,0.));
#6865=DIRECTION('',(-1.,7.99452788659302E-15,0.));
#6866=DIRECTION('center_axis',(0.,0.,1.));
#6867=DIRECTION('ref_axis',(-1.,7.99452788659302E-15,0.));
#6868=DIRECTION('',(-7.99452788659302E-15,-1.,0.));
#6869=DIRECTION('',(1.,-7.99452788659302E-15,0.));
#6870=DIRECTION('',(7.99452788659302E-15,1.,0.));
#6871=DIRECTION('',(-1.,7.99452788659302E-15,0.));
#6872=DIRECTION('',(-7.99452788659302E-15,-1.,0.));
#6873=DIRECTION('',(1.,-7.99452788659302E-15,0.));
#6874=DIRECTION('',(7.99452788659302E-15,1.,0.));
#6875=DIRECTION('',(-1.,7.99452788659302E-15,0.));
#6876=DIRECTION('',(-7.99452788659302E-15,-1.,0.));
#6877=DIRECTION('',(1.,-7.99452788659302E-15,0.));
#6878=DIRECTION('',(7.99452788659302E-15,1.,0.));
#6879=DIRECTION('',(-1.,7.99452788659302E-15,0.));
#6880=DIRECTION('center_axis',(0.,0.,1.));
#6881=DIRECTION('ref_axis',(-1.,7.99452788659302E-15,0.));
#6882=DIRECTION('center_axis',(0.,0.,1.));
#6883=DIRECTION('ref_axis',(-1.,7.99452788659302E-15,0.));
#6884=DIRECTION('',(-7.99452788659302E-15,-1.,0.));
#6885=DIRECTION('',(1.,-7.99452788659302E-15,0.));
#6886=DIRECTION('',(7.99452788659302E-15,1.,0.));
#6887=DIRECTION('',(-1.,7.99452788659302E-15,0.));
#6888=DIRECTION('',(-0.939692211615891,-0.342021267508961,0.));
#6889=DIRECTION('',(0.342021267508961,-0.939692211615891,0.));
#6890=DIRECTION('',(0.939692211615891,0.342021267508961,0.));
#6891=DIRECTION('',(-0.34202126750896,0.939692211615891,0.));
#6892=DIRECTION('',(0.981847028388735,0.189674491812183,0.));
#6893=DIRECTION('',(7.99452788659302E-15,1.,0.));
#6894=DIRECTION('',(-1.,7.99452788659302E-15,0.));
#6895=DIRECTION('',(-7.99452788659302E-15,-1.,0.));
#6896=DIRECTION('center_axis',(0.,0.,1.));
#6897=DIRECTION('ref_axis',(-1.,7.99452788659302E-15,0.));
#6898=DIRECTION('',(-7.99452788659302E-15,-1.,0.));
#6899=DIRECTION('',(1.,-7.99452788659302E-15,0.));
#6900=DIRECTION('',(7.99452788659302E-15,1.,0.));
#6901=DIRECTION('',(-1.,7.99452788659302E-15,0.));
#6902=DIRECTION('',(-7.99452788659302E-15,-1.,0.));
#6903=DIRECTION('',(1.,-7.99452788659302E-15,0.));
#6904=DIRECTION('',(7.99452788659302E-15,1.,0.));
#6905=DIRECTION('',(-1.,7.99452788659302E-15,0.));
#6906=DIRECTION('center_axis',(7.99452788659302E-15,1.,0.));
#6907=DIRECTION('ref_axis',(-1.,7.99452788659302E-15,0.));
#6908=DIRECTION('',(0.,0.,1.));
#6909=DIRECTION('',(0.,0.,1.));
#6910=DIRECTION('',(1.,-7.99452788659302E-15,0.));
#6911=DIRECTION('',(0.,0.,-1.));
#6912=DIRECTION('',(0.,0.,1.));
#6913=DIRECTION('',(1.,-7.99452788659302E-15,0.));
#6914=DIRECTION('center_axis',(-1.,7.99452788659302E-15,0.));
#6915=DIRECTION('ref_axis',(0.,0.,1.));
#6916=DIRECTION('',(7.99452788659302E-15,1.,0.));
#6917=DIRECTION('',(0.,0.,1.));
#6918=DIRECTION('center_axis',(1.,-7.99452788659302E-15,0.));
#6919=DIRECTION('ref_axis',(0.,0.,-1.));
#6920=DIRECTION('',(-7.99452788659302E-15,-1.,0.));
#6921=DIRECTION('',(0.,0.,-1.));
#6922=DIRECTION('center_axis',(7.99452788659302E-15,1.,0.));
#6923=DIRECTION('ref_axis',(-1.,7.99452788659302E-15,0.));
#6924=DIRECTION('',(0.,0.,1.));
#6925=DIRECTION('',(-1.,7.99452788659302E-15,0.));
#6926=DIRECTION('center_axis',(0.,0.,1.));
#6927=DIRECTION('ref_axis',(-1.,8.12048840868679E-15,0.));
#6928=DIRECTION('center_axis',(-0.999365091872287,-0.0356288246662162,0.));
#6929=DIRECTION('ref_axis',(-0.0356288246662162,0.999365091872287,0.));
#6930=DIRECTION('center_axis',(0.,0.,1.));
#6931=DIRECTION('ref_axis',(-0.0178172406353049,0.999841260368937,0.));
#6932=DIRECTION('center_axis',(-0.681379561033135,-0.731930252009228,0.));
#6933=DIRECTION('ref_axis',(-0.731930252009228,0.681379561033135,0.));
#6934=DIRECTION('center_axis',(3.99726394329651E-15,1.,0.));
#6935=DIRECTION('ref_axis',(-0.707106781186544,5.65298488099486E-15,-0.707106781186551));
#6936=DIRECTION('',(-3.99726394329651E-15,-1.,0.));
#6937=DIRECTION('center_axis',(0.424472577549288,-0.905440793706946,0.));
#6938=DIRECTION('ref_axis',(-0.905440793706945,-0.424472577549288,0.));
#6939=DIRECTION('center_axis',(-0.424437054708408,0.905457446040648,0.));
#6940=DIRECTION('ref_axis',(-0.640255100171196,-0.300122319571152,-0.70710678118655));
#6941=DIRECTION('center_axis',(0.424437054708407,-0.905457446040648,0.));
#6942=DIRECTION('ref_axis',(-0.905457446040648,-0.424437054708407,0.));
#6943=DIRECTION('',(0.424437054708407,-0.905457446040648,0.));
#6944=DIRECTION('center_axis',(-0.846636064938049,0.532172315651816,0.));
#6945=DIRECTION('ref_axis',(-0.37630265315714,-0.598662102714795,-0.707106781186545));
#6946=DIRECTION('',(0.846636064938049,-0.532172315651816,0.));
#6947=DIRECTION('center_axis',(0.981846586833499,0.189676777501642,0.));
#6948=DIRECTION('ref_axis',(0.189676777501642,-0.981846586833499,0.));
#6949=DIRECTION('center_axis',(-0.981847028386174,-0.18967449182544,0.));
#6950=DIRECTION('ref_axis',(0.134120119387882,-0.694270691859718,-0.707106781186553));
#6951=DIRECTION('center_axis',(0.981847028386174,0.18967449182544,0.));
#6952=DIRECTION('ref_axis',(0.18967449182544,-0.981847028386174,0.));
#6953=DIRECTION('',(0.981847028386174,0.18967449182544,0.));
#6954=DIRECTION('center_axis',(-1.72570998122515E-5,0.999999999851096,0.));
#6955=DIRECTION('ref_axis',(0.999999999851096,1.72570998122515E-5,0.));
#6956=DIRECTION('center_axis',(5.92721217181741E-12,-1.,0.));
#6957=DIRECTION('ref_axis',(0.707106781186547,4.19800789116837E-12,-0.707106781186548));
#6958=DIRECTION('center_axis',(-5.92503731571025E-12,1.,0.));
#6959=DIRECTION('ref_axis',(1.,5.92503731571025E-12,0.));
#6960=DIRECTION('',(-5.92721217181741E-12,1.,0.));
#6961=DIRECTION('center_axis',(-0.815184661265414,0.579201146440157,2.41343141402167E-15));
#6962=DIRECTION('ref_axis',(0.579201146440157,0.815184661265414,0.));
#6963=DIRECTION('center_axis',(0.81518121821153,-0.579205992264553,0.));
#6964=DIRECTION('ref_axis',(0.409560484834152,0.576420167293279,-0.707106781186549));
#6965=DIRECTION('center_axis',(-0.815181218211534,0.579205992264549,0.));
#6966=DIRECTION('ref_axis',(0.579205992264548,0.815181218211534,0.));
#6967=DIRECTION('',(-0.81518121821153,0.579205992264553,0.));
#6968=DIRECTION('center_axis',(0.908675682509877,-0.417502699410686,0.));
#6969=DIRECTION('ref_axis',(0.295218989916982,0.642530737002056,-0.707106781186542));
#6970=DIRECTION('',(-0.908675682509877,0.417502699410686,0.));
#6971=DIRECTION('center_axis',(-0.999999999353368,-3.5961988691525E-5,0.));
#6972=DIRECTION('ref_axis',(-3.5961988691525E-5,0.999999999353368,0.));
#6973=DIRECTION('center_axis',(1.,-1.07165864275215E-11,0.));
#6974=DIRECTION('ref_axis',(7.58396591879472E-12,0.707106781186544,-0.707106781186551));
#6975=DIRECTION('center_axis',(-1.,1.07194262679653E-11,0.));
#6976=DIRECTION('ref_axis',(1.07194262679653E-11,1.,0.));
#6977=DIRECTION('',(-1.,1.07165864275215E-11,0.));
#6978=DIRECTION('center_axis',(0.85748437020788,0.514510014333244,0.));
#6979=DIRECTION('ref_axis',(-0.363813520123433,0.606333012935456,-0.707106781186553));
#6980=DIRECTION('',(-0.85748437020788,-0.514510014333244,0.));
#6981=DIRECTION('center_axis',(-0.18967449182544,0.981847028386174,0.));
#6982=DIRECTION('ref_axis',(-0.981847028386174,-0.18967449182544,0.));
#6983=DIRECTION('',(0.,0.,1.));
#6984=DIRECTION('',(0.,0.,1.));
#6985=DIRECTION('',(0.,0.,1.));
#6986=DIRECTION('center_axis',(0.532172315651816,0.846636064938049,0.));
#6987=DIRECTION('ref_axis',(-0.846636064938049,0.532172315651816,0.));
#6988=DIRECTION('',(0.,0.,1.));
#6989=DIRECTION('',(0.,0.,1.));
#6990=DIRECTION('center_axis',(0.905457446040648,0.424437054708408,0.));
#6991=DIRECTION('ref_axis',(-0.424437054708407,0.905457446040648,0.));
#6992=DIRECTION('',(0.,0.,1.));
#6993=DIRECTION('',(0.,0.,1.));
#6994=DIRECTION('center_axis',(1.,-3.99726394329651E-15,0.));
#6995=DIRECTION('ref_axis',(3.99726394329651E-15,1.,0.));
#6996=DIRECTION('',(0.,0.,1.));
#6997=DIRECTION('',(0.,0.,1.));
#6998=DIRECTION('',(0.,0.,1.));
#6999=DIRECTION('',(0.,0.,1.));
#7000=DIRECTION('',(0.,0.,1.));
#7001=DIRECTION('center_axis',(0.,0.,-1.));
#7002=DIRECTION('ref_axis',(-0.0356288246662036,0.999365091872287,0.));
#7003=DIRECTION('',(0.,0.,1.));
#7004=DIRECTION('',(0.,0.,1.));
#7005=DIRECTION('center_axis',(0.189674491815981,-0.981847028388002,0.));
#7006=DIRECTION('ref_axis',(0.981847028388002,0.189674491815981,0.));
#7007=DIRECTION('',(-0.981847028388002,-0.189674491815981,0.));
#7008=DIRECTION('',(0.,0.,1.));
#7009=DIRECTION('',(0.,0.,1.));
#7010=DIRECTION('center_axis',(1.,2.11219224775647E-12,0.));
#7011=DIRECTION('ref_axis',(-2.11219224775647E-12,1.,0.));
#7012=DIRECTION('',(2.11219224775647E-12,-1.,0.));
#7013=DIRECTION('',(0.,0.,1.));
#7014=DIRECTION('',(0.,0.,1.));
#7015=DIRECTION('center_axis',(0.579205992320871,0.815181218171515,0.));
#7016=DIRECTION('ref_axis',(-0.815181218171515,0.579205992320871,0.));
#7017=DIRECTION('',(0.815181218171515,-0.579205992320871,0.));
#7018=DIRECTION('',(0.,0.,1.));
#7019=DIRECTION('',(0.,0.,1.));
#7020=DIRECTION('center_axis',(0.417502699410687,0.908675682509877,0.));
#7021=DIRECTION('ref_axis',(-0.908675682509877,0.417502699410687,0.));
#7022=DIRECTION('',(0.908675682509877,-0.417502699410687,0.));
#7023=DIRECTION('',(0.,0.,1.));
#7024=DIRECTION('',(0.,0.,1.));
#7025=DIRECTION('center_axis',(-8.04430564451752E-12,1.,0.));
#7026=DIRECTION('ref_axis',(-1.,-8.04430564451752E-12,0.));
#7027=DIRECTION('',(1.,8.04430564451752E-12,0.));
#7028=DIRECTION('',(0.,0.,1.));
#7029=DIRECTION('',(0.,0.,1.));
#7030=DIRECTION('',(0.,0.,1.));
#7031=DIRECTION('',(0.,0.,1.));
#7032=DIRECTION('center_axis',(-0.5321723157509,-0.846636064875767,0.));
#7033=DIRECTION('ref_axis',(0.846636064875767,-0.5321723157509,0.));
#7034=DIRECTION('',(-0.846636064875767,0.5321723157509,0.));
#7035=DIRECTION('',(0.,0.,1.));
#7036=DIRECTION('',(0.,0.,1.));
#7037=DIRECTION('center_axis',(-0.905457446076467,-0.424437054631993,0.));
#7038=DIRECTION('ref_axis',(0.424437054631993,-0.905457446076467,0.));
#7039=DIRECTION('',(-0.424437054631993,0.905457446076467,0.));
#7040=DIRECTION('',(0.,0.,1.));
#7041=DIRECTION('',(0.,0.,1.));
#7042=DIRECTION('center_axis',(-1.,3.99724350514616E-15,0.));
#7043=DIRECTION('ref_axis',(-3.99724350514616E-15,-1.,0.));
#7044=DIRECTION('',(3.99724350514616E-15,1.,0.));
#7045=DIRECTION('',(0.,0.,1.));
#7046=DIRECTION('',(0.,0.,1.));
#7047=DIRECTION('',(0.,0.,1.));
#7048=DIRECTION('center_axis',(0.,0.,-1.));
#7049=DIRECTION('ref_axis',(-0.0356288246662031,0.999365091872287,0.));
#7050=DIRECTION('center_axis',(0.,0.,-1.));
#7051=DIRECTION('ref_axis',(-0.0356288246662031,0.999365091872287,0.));
#7052=DIRECTION('',(0.,0.,1.));
#7053=DIRECTION('center_axis',(-0.514510014333248,0.857484370207878,0.));
#7054=DIRECTION('ref_axis',(-0.857484370207878,-0.514510014333248,0.));
#7055=DIRECTION('',(0.857484370207878,0.514510014333248,0.));
#7056=DIRECTION('center_axis',(-0.422612572173766,0.90631044010354,0.));
#7057=DIRECTION('ref_axis',(-0.90631044010354,-0.422612572173766,0.));
#7058=DIRECTION('',(0.,0.,1.));
#7059=DIRECTION('',(-0.90631044010354,-0.422612572173766,0.));
#7060=DIRECTION('',(0.,0.,1.));
#7061=DIRECTION('',(0.,0.,1.));
#7062=DIRECTION('',(0.,0.,1.));
#7063=DIRECTION('center_axis',(0.90631044010354,0.422612572173766,0.));
#7064=DIRECTION('ref_axis',(-0.422612572173766,0.90631044010354,0.));
#7065=DIRECTION('',(0.,0.,1.));
#7066=DIRECTION('',(-0.422612572173766,0.90631044010354,0.));
#7067=DIRECTION('',(0.,0.,1.));
#7068=DIRECTION('',(0.,0.,1.));
#7069=DIRECTION('center_axis',(0.422612572173767,-0.90631044010354,0.));
#7070=DIRECTION('ref_axis',(0.90631044010354,0.422612572173767,0.));
#7071=DIRECTION('',(0.,0.,1.));
#7072=DIRECTION('',(0.90631044010354,0.422612572173767,0.));
#7073=DIRECTION('',(0.,0.,1.));
#7074=DIRECTION('',(0.,0.,1.));
#7075=DIRECTION('center_axis',(-0.90631044010354,-0.422612572173768,0.));
#7076=DIRECTION('ref_axis',(0.422612572173768,-0.90631044010354,0.));
#7077=DIRECTION('',(0.,0.,1.));
#7078=DIRECTION('',(0.422612572173768,-0.90631044010354,0.));
#7079=DIRECTION('',(0.,0.,1.));
#7080=DIRECTION('center_axis',(-7.99452788659302E-15,-1.,0.));
#7081=DIRECTION('ref_axis',(1.,-7.99452788659302E-15,0.));
#7082=DIRECTION('',(0.,0.,1.));
#7083=DIRECTION('',(1.,-7.99452788659302E-15,0.));
#7084=DIRECTION('',(0.,0.,1.));
#7085=DIRECTION('center_axis',(-1.,7.99452788659302E-15,0.));
#7086=DIRECTION('ref_axis',(-7.99452788659302E-15,-1.,0.));
#7087=DIRECTION('',(0.,0.,1.));
#7088=DIRECTION('',(-7.99452788659302E-15,-1.,0.));
#7089=DIRECTION('center_axis',(7.99452788659302E-15,1.,0.));
#7090=DIRECTION('ref_axis',(-1.,7.99452788659302E-15,0.));
#7091=DIRECTION('',(-1.,7.99452788659302E-15,0.));
#7092=DIRECTION('center_axis',(1.,-7.52434219541855E-15,0.));
#7093=DIRECTION('ref_axis',(7.52434219541855E-15,1.,0.));
#7094=DIRECTION('',(7.52434219541855E-15,1.,0.));
#7095=DIRECTION('center_axis',(7.99452788659302E-15,1.,0.));
#7096=DIRECTION('ref_axis',(-1.,7.99452788659302E-15,0.));
#7097=DIRECTION('',(0.,0.,1.));
#7098=DIRECTION('',(-1.,7.99452788659302E-15,0.));
#7099=DIRECTION('',(0.,0.,1.));
#7100=DIRECTION('',(0.,0.,1.));
#7101=DIRECTION('',(0.,0.,1.));
#7102=DIRECTION('center_axis',(1.,-7.99452788659302E-15,0.));
#7103=DIRECTION('ref_axis',(7.99452788659302E-15,1.,0.));
#7104=DIRECTION('',(0.,0.,1.));
#7105=DIRECTION('',(7.99452788659302E-15,1.,0.));
#7106=DIRECTION('',(0.,0.,1.));
#7107=DIRECTION('',(0.,0.,1.));
#7108=DIRECTION('center_axis',(-7.99452788659302E-15,-1.,0.));
#7109=DIRECTION('ref_axis',(1.,-7.99452788659302E-15,0.));
#7110=DIRECTION('',(0.,0.,1.));
#7111=DIRECTION('',(1.,-7.99452788659302E-15,0.));
#7112=DIRECTION('',(0.,0.,1.));
#7113=DIRECTION('',(0.,0.,1.));
#7114=DIRECTION('center_axis',(-1.,7.99452788659302E-15,0.));
#7115=DIRECTION('ref_axis',(-7.99452788659302E-15,-1.,0.));
#7116=DIRECTION('',(0.,0.,1.));
#7117=DIRECTION('',(-7.99452788659302E-15,-1.,0.));
#7118=DIRECTION('',(0.,0.,1.));
#7119=DIRECTION('center_axis',(0.984808755130995,0.173642494272977,0.));
#7120=DIRECTION('ref_axis',(-0.173642494272977,0.984808755130995,0.));
#7121=DIRECTION('',(0.,0.,1.));
#7122=DIRECTION('',(-0.173642494272977,0.984808755130995,0.));
#7123=DIRECTION('',(0.,0.,1.));
#7124=DIRECTION('',(0.,0.,1.));
#7125=DIRECTION('center_axis',(0.173642494272976,-0.984808755130995,0.));
#7126=DIRECTION('ref_axis',(0.984808755130995,0.173642494272976,0.));
#7127=DIRECTION('',(0.,0.,1.));
#7128=DIRECTION('',(0.984808755130995,0.173642494272976,0.));
#7129=DIRECTION('',(0.,0.,1.));
#7130=DIRECTION('center_axis',(-0.984808755130995,-0.173642494272976,0.));
#7131=DIRECTION('ref_axis',(0.173642494272976,-0.984808755130995,0.));
#7132=DIRECTION('',(0.,0.,1.));
#7133=DIRECTION('',(0.173642494272976,-0.984808755130995,0.));
#7134=DIRECTION('',(0.,0.,1.));
#7135=DIRECTION('center_axis',(-0.173642494272977,0.984808755130995,0.));
#7136=DIRECTION('ref_axis',(-0.984808755130995,-0.173642494272977,0.));
#7137=DIRECTION('',(0.,0.,1.));
#7138=DIRECTION('',(-0.984808755130995,-0.173642494272977,0.));
#7139=DIRECTION('center_axis',(7.99452788659302E-15,1.,0.));
#7140=DIRECTION('ref_axis',(-1.,7.99452788659302E-15,0.));
#7141=DIRECTION('',(0.,0.,1.));
#7142=DIRECTION('',(-1.,7.99452788659302E-15,0.));
#7143=DIRECTION('',(0.,0.,1.));
#7144=DIRECTION('',(0.,0.,1.));
#7145=DIRECTION('',(0.,0.,1.));
#7146=DIRECTION('center_axis',(1.,-7.99452788659302E-15,0.));
#7147=DIRECTION('ref_axis',(7.99452788659302E-15,1.,0.));
#7148=DIRECTION('',(0.,0.,1.));
#7149=DIRECTION('',(7.99452788659302E-15,1.,0.));
#7150=DIRECTION('',(0.,0.,1.));
#7151=DIRECTION('',(0.,0.,1.));
#7152=DIRECTION('center_axis',(-7.99452788659302E-15,-1.,0.));
#7153=DIRECTION('ref_axis',(1.,-7.99452788659302E-15,0.));
#7154=DIRECTION('',(0.,0.,1.));
#7155=DIRECTION('',(1.,-7.99452788659302E-15,0.));
#7156=DIRECTION('',(0.,0.,1.));
#7157=DIRECTION('',(0.,0.,1.));
#7158=DIRECTION('center_axis',(-1.,7.99452788659302E-15,0.));
#7159=DIRECTION('ref_axis',(-7.99452788659302E-15,-1.,0.));
#7160=DIRECTION('',(0.,0.,1.));
#7161=DIRECTION('',(-7.99452788659302E-15,-1.,0.));
#7162=DIRECTION('',(0.,0.,1.));
#7163=DIRECTION('center_axis',(7.99452788659302E-15,1.,0.));
#7164=DIRECTION('ref_axis',(-1.,7.99452788659302E-15,0.));
#7165=DIRECTION('',(0.,0.,1.));
#7166=DIRECTION('',(-1.,7.99452788659302E-15,0.));
#7167=DIRECTION('',(0.,0.,1.));
#7168=DIRECTION('',(0.,0.,1.));
#7169=DIRECTION('',(0.,0.,1.));
#7170=DIRECTION('center_axis',(1.,-7.99452788659302E-15,0.));
#7171=DIRECTION('ref_axis',(7.99452788659302E-15,1.,0.));
#7172=DIRECTION('',(0.,0.,1.));
#7173=DIRECTION('',(7.99452788659302E-15,1.,0.));
#7174=DIRECTION('',(0.,0.,1.));
#7175=DIRECTION('',(0.,0.,1.));
#7176=DIRECTION('center_axis',(-7.99452788659302E-15,-1.,0.));
#7177=DIRECTION('ref_axis',(1.,-7.99452788659302E-15,0.));
#7178=DIRECTION('',(0.,0.,1.));
#7179=DIRECTION('',(1.,-7.99452788659302E-15,0.));
#7180=DIRECTION('',(0.,0.,1.));
#7181=DIRECTION('',(0.,0.,1.));
#7182=DIRECTION('center_axis',(-1.,7.99452788659302E-15,0.));
#7183=DIRECTION('ref_axis',(-7.99452788659302E-15,-1.,0.));
#7184=DIRECTION('',(0.,0.,1.));
#7185=DIRECTION('',(-7.99452788659302E-15,-1.,0.));
#7186=DIRECTION('',(0.,0.,1.));
#7187=DIRECTION('center_axis',(0.,0.,-1.));
#7188=DIRECTION('ref_axis',(-1.,7.99452788659302E-15,0.));
#7189=DIRECTION('center_axis',(0.,0.,1.));
#7190=DIRECTION('ref_axis',(-1.,7.99452788659302E-15,0.));
#7191=DIRECTION('',(0.,0.,-1.));
#7192=DIRECTION('center_axis',(0.,0.,-1.));
#7193=DIRECTION('ref_axis',(-1.,7.99452788659302E-15,0.));
#7194=DIRECTION('center_axis',(0.,0.,1.));
#7195=DIRECTION('ref_axis',(-1.,7.99452788659302E-15,0.));
#7196=DIRECTION('',(0.,0.,-1.));
#7197=DIRECTION('center_axis',(7.99452788659302E-15,1.,0.));
#7198=DIRECTION('ref_axis',(-1.,7.99452788659302E-15,0.));
#7199=DIRECTION('',(0.,0.,1.));
#7200=DIRECTION('',(-1.,7.99452788659302E-15,0.));
#7201=DIRECTION('',(0.,0.,1.));
#7202=DIRECTION('',(0.,0.,1.));
#7203=DIRECTION('',(0.,0.,1.));
#7204=DIRECTION('center_axis',(1.,-7.99452788659302E-15,0.));
#7205=DIRECTION('ref_axis',(7.99452788659302E-15,1.,0.));
#7206=DIRECTION('',(0.,0.,1.));
#7207=DIRECTION('',(7.99452788659302E-15,1.,0.));
#7208=DIRECTION('',(0.,0.,1.));
#7209=DIRECTION('',(0.,0.,1.));
#7210=DIRECTION('center_axis',(-7.99452788659302E-15,-1.,0.));
#7211=DIRECTION('ref_axis',(1.,-7.99452788659302E-15,0.));
#7212=DIRECTION('',(0.,0.,1.));
#7213=DIRECTION('',(1.,-7.99452788659302E-15,0.));
#7214=DIRECTION('',(0.,0.,1.));
#7215=DIRECTION('',(0.,0.,1.));
#7216=DIRECTION('center_axis',(-1.,7.99452788659302E-15,0.));
#7217=DIRECTION('ref_axis',(-7.99452788659302E-15,-1.,0.));
#7218=DIRECTION('',(0.,0.,1.));
#7219=DIRECTION('',(-7.99452788659302E-15,-1.,0.));
#7220=DIRECTION('',(0.,0.,1.));
#7221=DIRECTION('center_axis',(7.99452788659302E-15,1.,0.));
#7222=DIRECTION('ref_axis',(-1.,7.99452788659302E-15,0.));
#7223=DIRECTION('',(0.,0.,1.));
#7224=DIRECTION('',(-1.,7.99452788659302E-15,0.));
#7225=DIRECTION('',(0.,0.,1.));
#7226=DIRECTION('',(0.,0.,1.));
#7227=DIRECTION('',(0.,0.,1.));
#7228=DIRECTION('center_axis',(1.,-7.99452788659302E-15,0.));
#7229=DIRECTION('ref_axis',(7.99452788659302E-15,1.,0.));
#7230=DIRECTION('',(0.,0.,1.));
#7231=DIRECTION('',(7.99452788659302E-15,1.,0.));
#7232=DIRECTION('',(0.,0.,1.));
#7233=DIRECTION('',(0.,0.,1.));
#7234=DIRECTION('center_axis',(-7.99452788659302E-15,-1.,0.));
#7235=DIRECTION('ref_axis',(1.,-7.99452788659302E-15,0.));
#7236=DIRECTION('',(0.,0.,1.));
#7237=DIRECTION('',(1.,-7.99452788659302E-15,0.));
#7238=DIRECTION('',(0.,0.,1.));
#7239=DIRECTION('',(0.,0.,1.));
#7240=DIRECTION('center_axis',(-1.,7.99452788659302E-15,0.));
#7241=DIRECTION('ref_axis',(-7.99452788659302E-15,-1.,0.));
#7242=DIRECTION('',(0.,0.,1.));
#7243=DIRECTION('',(-7.99452788659302E-15,-1.,0.));
#7244=DIRECTION('',(0.,0.,1.));
#7245=DIRECTION('center_axis',(7.99452788659302E-15,1.,0.));
#7246=DIRECTION('ref_axis',(-1.,7.99452788659302E-15,0.));
#7247=DIRECTION('',(0.,0.,1.));
#7248=DIRECTION('',(-1.,7.99452788659302E-15,0.));
#7249=DIRECTION('',(0.,0.,1.));
#7250=DIRECTION('',(0.,0.,1.));
#7251=DIRECTION('',(0.,0.,1.));
#7252=DIRECTION('center_axis',(1.,-7.99452788659302E-15,0.));
#7253=DIRECTION('ref_axis',(7.99452788659302E-15,1.,0.));
#7254=DIRECTION('',(0.,0.,1.));
#7255=DIRECTION('',(7.99452788659302E-15,1.,0.));
#7256=DIRECTION('',(0.,0.,1.));
#7257=DIRECTION('',(0.,0.,1.));
#7258=DIRECTION('center_axis',(-7.99452788659302E-15,-1.,0.));
#7259=DIRECTION('ref_axis',(1.,-7.99452788659302E-15,0.));
#7260=DIRECTION('',(0.,0.,1.));
#7261=DIRECTION('',(1.,-7.99452788659302E-15,0.));
#7262=DIRECTION('',(0.,0.,1.));
#7263=DIRECTION('',(0.,0.,1.));
#7264=DIRECTION('center_axis',(-1.,7.99452788659302E-15,0.));
#7265=DIRECTION('ref_axis',(-7.99452788659302E-15,-1.,0.));
#7266=DIRECTION('',(0.,0.,1.));
#7267=DIRECTION('',(-7.99452788659302E-15,-1.,0.));
#7268=DIRECTION('',(0.,0.,1.));
#7269=DIRECTION('center_axis',(7.99452788659302E-15,1.,0.));
#7270=DIRECTION('ref_axis',(-1.,7.99452788659302E-15,0.));
#7271=DIRECTION('',(0.,0.,1.));
#7272=DIRECTION('',(-1.,7.99452788659302E-15,0.));
#7273=DIRECTION('',(0.,0.,1.));
#7274=DIRECTION('',(0.,0.,1.));
#7275=DIRECTION('',(0.,0.,1.));
#7276=DIRECTION('center_axis',(1.,-7.99452788659302E-15,0.));
#7277=DIRECTION('ref_axis',(7.99452788659302E-15,1.,0.));
#7278=DIRECTION('',(0.,0.,1.));
#7279=DIRECTION('',(7.99452788659302E-15,1.,0.));
#7280=DIRECTION('',(0.,0.,1.));
#7281=DIRECTION('',(0.,0.,1.));
#7282=DIRECTION('center_axis',(-7.99452788659302E-15,-1.,0.));
#7283=DIRECTION('ref_axis',(1.,-7.99452788659302E-15,0.));
#7284=DIRECTION('',(0.,0.,1.));
#7285=DIRECTION('',(1.,-7.99452788659302E-15,0.));
#7286=DIRECTION('',(0.,0.,1.));
#7287=DIRECTION('',(0.,0.,1.));
#7288=DIRECTION('center_axis',(-1.,7.99452788659302E-15,0.));
#7289=DIRECTION('ref_axis',(-7.99452788659302E-15,-1.,0.));
#7290=DIRECTION('',(0.,0.,1.));
#7291=DIRECTION('',(-7.99452788659302E-15,-1.,0.));
#7292=DIRECTION('',(0.,0.,1.));
#7293=DIRECTION('center_axis',(7.99452788659302E-15,1.,0.));
#7294=DIRECTION('ref_axis',(-1.,7.99452788659302E-15,0.));
#7295=DIRECTION('',(0.,0.,1.));
#7296=DIRECTION('',(-1.,7.99452788659302E-15,0.));
#7297=DIRECTION('',(0.,0.,1.));
#7298=DIRECTION('',(0.,0.,1.));
#7299=DIRECTION('',(0.,0.,1.));
#7300=DIRECTION('center_axis',(1.,-7.99452788659302E-15,0.));
#7301=DIRECTION('ref_axis',(7.99452788659302E-15,1.,0.));
#7302=DIRECTION('',(0.,0.,1.));
#7303=DIRECTION('',(7.99452788659302E-15,1.,0.));
#7304=DIRECTION('',(0.,0.,1.));
#7305=DIRECTION('',(0.,0.,1.));
#7306=DIRECTION('center_axis',(-7.99452788659302E-15,-1.,0.));
#7307=DIRECTION('ref_axis',(1.,-7.99452788659302E-15,0.));
#7308=DIRECTION('',(0.,0.,1.));
#7309=DIRECTION('',(1.,-7.99452788659302E-15,0.));
#7310=DIRECTION('',(0.,0.,1.));
#7311=DIRECTION('',(0.,0.,1.));
#7312=DIRECTION('center_axis',(-1.,7.99452788659302E-15,0.));
#7313=DIRECTION('ref_axis',(-7.99452788659302E-15,-1.,0.));
#7314=DIRECTION('',(0.,0.,1.));
#7315=DIRECTION('',(-7.99452788659302E-15,-1.,0.));
#7316=DIRECTION('',(0.,0.,1.));
#7317=DIRECTION('center_axis',(0.,0.,-1.));
#7318=DIRECTION('ref_axis',(-1.,7.99452788659302E-15,0.));
#7319=DIRECTION('center_axis',(0.,0.,1.));
#7320=DIRECTION('ref_axis',(-1.,7.99452788659302E-15,0.));
#7321=DIRECTION('',(0.,0.,-1.));
#7322=DIRECTION('center_axis',(7.99452788659302E-15,1.,0.));
#7323=DIRECTION('ref_axis',(-1.,7.99452788659302E-15,0.));
#7324=DIRECTION('',(0.,0.,1.));
#7325=DIRECTION('',(-1.,7.99452788659302E-15,0.));
#7326=DIRECTION('',(0.,0.,1.));
#7327=DIRECTION('',(0.,0.,1.));
#7328=DIRECTION('',(0.,0.,1.));
#7329=DIRECTION('center_axis',(1.,-7.99452788659302E-15,0.));
#7330=DIRECTION('ref_axis',(7.99452788659302E-15,1.,0.));
#7331=DIRECTION('',(0.,0.,1.));
#7332=DIRECTION('',(7.99452788659302E-15,1.,0.));
#7333=DIRECTION('',(0.,0.,1.));
#7334=DIRECTION('',(0.,0.,1.));
#7335=DIRECTION('center_axis',(-7.99452788659302E-15,-1.,0.));
#7336=DIRECTION('ref_axis',(1.,-7.99452788659302E-15,0.));
#7337=DIRECTION('',(0.,0.,1.));
#7338=DIRECTION('',(1.,-7.99452788659302E-15,0.));
#7339=DIRECTION('',(0.,0.,1.));
#7340=DIRECTION('',(0.,0.,1.));
#7341=DIRECTION('center_axis',(-1.,7.99452788659302E-15,0.));
#7342=DIRECTION('ref_axis',(-7.99452788659302E-15,-1.,0.));
#7343=DIRECTION('',(0.,0.,1.));
#7344=DIRECTION('',(-7.99452788659302E-15,-1.,0.));
#7345=DIRECTION('',(0.,0.,1.));
#7346=DIRECTION('center_axis',(0.,0.,-1.));
#7347=DIRECTION('ref_axis',(-1.,7.99452788659302E-15,0.));
#7348=DIRECTION('center_axis',(0.,0.,1.));
#7349=DIRECTION('ref_axis',(-1.,7.99452788659302E-15,0.));
#7350=DIRECTION('',(0.,0.,-1.));
#7351=DIRECTION('center_axis',(7.99452788659302E-15,1.,0.));
#7352=DIRECTION('ref_axis',(-1.,7.99452788659302E-15,0.));
#7353=DIRECTION('',(0.,0.,1.));
#7354=DIRECTION('',(-1.,7.99452788659302E-15,0.));
#7355=DIRECTION('',(0.,0.,1.));
#7356=DIRECTION('',(0.,0.,1.));
#7357=DIRECTION('',(0.,0.,1.));
#7358=DIRECTION('center_axis',(1.,-7.99452788659302E-15,0.));
#7359=DIRECTION('ref_axis',(7.99452788659302E-15,1.,0.));
#7360=DIRECTION('',(0.,0.,1.));
#7361=DIRECTION('',(7.99452788659302E-15,1.,0.));
#7362=DIRECTION('',(0.,0.,1.));
#7363=DIRECTION('',(0.,0.,1.));
#7364=DIRECTION('center_axis',(-7.99452788659302E-15,-1.,0.));
#7365=DIRECTION('ref_axis',(1.,-7.99452788659302E-15,0.));
#7366=DIRECTION('',(0.,0.,1.));
#7367=DIRECTION('',(1.,-7.99452788659302E-15,0.));
#7368=DIRECTION('',(0.,0.,1.));
#7369=DIRECTION('',(0.,0.,1.));
#7370=DIRECTION('center_axis',(-1.,7.99452788659302E-15,0.));
#7371=DIRECTION('ref_axis',(-7.99452788659302E-15,-1.,0.));
#7372=DIRECTION('',(0.,0.,1.));
#7373=DIRECTION('',(-7.99452788659302E-15,-1.,0.));
#7374=DIRECTION('',(0.,0.,1.));
#7375=DIRECTION('center_axis',(7.99452788659302E-15,1.,0.));
#7376=DIRECTION('ref_axis',(-1.,7.99452788659302E-15,0.));
#7377=DIRECTION('',(0.,0.,1.));
#7378=DIRECTION('',(-1.,7.99452788659302E-15,0.));
#7379=DIRECTION('',(0.,0.,1.));
#7380=DIRECTION('',(0.,0.,1.));
#7381=DIRECTION('',(0.,0.,1.));
#7382=DIRECTION('center_axis',(1.,-7.99452788659302E-15,0.));
#7383=DIRECTION('ref_axis',(7.99452788659302E-15,1.,0.));
#7384=DIRECTION('',(0.,0.,1.));
#7385=DIRECTION('',(7.99452788659302E-15,1.,0.));
#7386=DIRECTION('',(0.,0.,1.));
#7387=DIRECTION('',(0.,0.,1.));
#7388=DIRECTION('center_axis',(-7.99452788659302E-15,-1.,0.));
#7389=DIRECTION('ref_axis',(1.,-7.99452788659302E-15,0.));
#7390=DIRECTION('',(0.,0.,1.));
#7391=DIRECTION('',(1.,-7.99452788659302E-15,0.));
#7392=DIRECTION('',(0.,0.,1.));
#7393=DIRECTION('',(0.,0.,1.));
#7394=DIRECTION('center_axis',(-1.,7.99452788659302E-15,0.));
#7395=DIRECTION('ref_axis',(-7.99452788659302E-15,-1.,0.));
#7396=DIRECTION('',(0.,0.,1.));
#7397=DIRECTION('',(-7.99452788659302E-15,-1.,0.));
#7398=DIRECTION('',(0.,0.,1.));
#7399=DIRECTION('center_axis',(7.99452788659302E-15,1.,0.));
#7400=DIRECTION('ref_axis',(-1.,7.99452788659302E-15,0.));
#7401=DIRECTION('',(0.,0.,1.));
#7402=DIRECTION('',(-1.,7.99452788659302E-15,0.));
#7403=DIRECTION('',(0.,0.,1.));
#7404=DIRECTION('',(0.,0.,1.));
#7405=DIRECTION('',(0.,0.,1.));
#7406=DIRECTION('center_axis',(1.,-7.99452788659302E-15,0.));
#7407=DIRECTION('ref_axis',(7.99452788659302E-15,1.,0.));
#7408=DIRECTION('',(0.,0.,1.));
#7409=DIRECTION('',(7.99452788659302E-15,1.,0.));
#7410=DIRECTION('',(0.,0.,1.));
#7411=DIRECTION('',(0.,0.,1.));
#7412=DIRECTION('center_axis',(-7.99452788659302E-15,-1.,0.));
#7413=DIRECTION('ref_axis',(1.,-7.99452788659302E-15,0.));
#7414=DIRECTION('',(0.,0.,1.));
#7415=DIRECTION('',(1.,-7.99452788659302E-15,0.));
#7416=DIRECTION('',(0.,0.,1.));
#7417=DIRECTION('',(0.,0.,1.));
#7418=DIRECTION('center_axis',(-1.,7.99452788659302E-15,0.));
#7419=DIRECTION('ref_axis',(-7.99452788659302E-15,-1.,0.));
#7420=DIRECTION('',(0.,0.,1.));
#7421=DIRECTION('',(-7.99452788659302E-15,-1.,0.));
#7422=DIRECTION('',(0.,0.,1.));
#7423=DIRECTION('center_axis',(0.,0.,-1.));
#7424=DIRECTION('ref_axis',(-1.,7.99452788659302E-15,0.));
#7425=DIRECTION('center_axis',(0.,0.,1.));
#7426=DIRECTION('ref_axis',(-1.,7.99452788659302E-15,0.));
#7427=DIRECTION('',(0.,0.,-1.));
#7428=DIRECTION('center_axis',(0.,0.,-1.));
#7429=DIRECTION('ref_axis',(-1.,7.99452788659302E-15,0.));
#7430=DIRECTION('center_axis',(0.,0.,1.));
#7431=DIRECTION('ref_axis',(-1.,7.99452788659302E-15,0.));
#7432=DIRECTION('',(0.,0.,-1.));
#7433=DIRECTION('center_axis',(7.99452788659302E-15,1.,0.));
#7434=DIRECTION('ref_axis',(-1.,7.99452788659302E-15,0.));
#7435=DIRECTION('',(0.,0.,1.));
#7436=DIRECTION('',(-1.,7.99452788659302E-15,0.));
#7437=DIRECTION('',(0.,0.,1.));
#7438=DIRECTION('',(0.,0.,1.));
#7439=DIRECTION('',(0.,0.,1.));
#7440=DIRECTION('center_axis',(1.,-7.99452788659302E-15,0.));
#7441=DIRECTION('ref_axis',(7.99452788659302E-15,1.,0.));
#7442=DIRECTION('',(0.,0.,1.));
#7443=DIRECTION('',(7.99452788659302E-15,1.,0.));
#7444=DIRECTION('',(0.,0.,1.));
#7445=DIRECTION('',(0.,0.,1.));
#7446=DIRECTION('center_axis',(-7.99452788659302E-15,-1.,0.));
#7447=DIRECTION('ref_axis',(1.,-7.99452788659302E-15,0.));
#7448=DIRECTION('',(0.,0.,1.));
#7449=DIRECTION('',(1.,-7.99452788659302E-15,0.));
#7450=DIRECTION('',(0.,0.,1.));
#7451=DIRECTION('',(0.,0.,1.));
#7452=DIRECTION('center_axis',(-1.,7.99452788659302E-15,0.));
#7453=DIRECTION('ref_axis',(-7.99452788659302E-15,-1.,0.));
#7454=DIRECTION('',(0.,0.,1.));
#7455=DIRECTION('',(-7.99452788659302E-15,-1.,0.));
#7456=DIRECTION('',(0.,0.,1.));
#7457=DIRECTION('center_axis',(0.939692211615891,0.34202126750896,0.));
#7458=DIRECTION('ref_axis',(-0.34202126750896,0.939692211615891,0.));
#7459=DIRECTION('',(0.,0.,1.));
#7460=DIRECTION('',(-0.34202126750896,0.939692211615891,0.));
#7461=DIRECTION('',(0.,0.,1.));
#7462=DIRECTION('',(0.,0.,1.));
#7463=DIRECTION('center_axis',(0.342021267508961,-0.939692211615891,0.));
#7464=DIRECTION('ref_axis',(0.939692211615891,0.342021267508961,0.));
#7465=DIRECTION('',(0.,0.,1.));
#7466=DIRECTION('',(0.939692211615891,0.342021267508961,0.));
#7467=DIRECTION('',(0.,0.,1.));
#7468=DIRECTION('center_axis',(-0.939692211615891,-0.342021267508961,0.));
#7469=DIRECTION('ref_axis',(0.342021267508961,-0.939692211615891,0.));
#7470=DIRECTION('',(0.,0.,1.));
#7471=DIRECTION('',(0.342021267508961,-0.939692211615891,0.));
#7472=DIRECTION('',(0.,0.,1.));
#7473=DIRECTION('center_axis',(-0.342021267508961,0.939692211615891,0.));
#7474=DIRECTION('ref_axis',(-0.939692211615891,-0.342021267508961,0.));
#7475=DIRECTION('',(0.,0.,1.));
#7476=DIRECTION('',(-0.939692211615891,-0.342021267508961,0.));
#7477=DIRECTION('center_axis',(-1.,7.99452788659302E-15,0.));
#7478=DIRECTION('ref_axis',(-7.99452788659302E-15,-1.,0.));
#7479=DIRECTION('',(0.,0.,1.));
#7480=DIRECTION('',(-7.99452788659302E-15,-1.,0.));
#7481=DIRECTION('',(0.,0.,1.));
#7482=DIRECTION('center_axis',(7.99452788659302E-15,1.,0.));
#7483=DIRECTION('ref_axis',(-1.,7.99452788659302E-15,0.));
#7484=DIRECTION('',(0.,0.,1.));
#7485=DIRECTION('',(-1.,7.99452788659302E-15,0.));
#7486=DIRECTION('center_axis',(1.,-7.99452788659302E-15,0.));
#7487=DIRECTION('ref_axis',(7.99452788659302E-15,1.,0.));
#7488=DIRECTION('',(0.,0.,1.));
#7489=DIRECTION('',(7.99452788659302E-15,1.,0.));
#7490=DIRECTION('center_axis',(0.189674491812184,-0.981847028388735,0.));
#7491=DIRECTION('ref_axis',(0.981847028388735,0.189674491812183,0.));
#7492=DIRECTION('',(0.981847028388735,0.189674491812183,0.));
#7493=DIRECTION('center_axis',(0.,0.,-1.));
#7494=DIRECTION('ref_axis',(-1.,7.99452788659302E-15,0.));
#7495=DIRECTION('center_axis',(0.,0.,1.));
#7496=DIRECTION('ref_axis',(-1.,7.99452788659302E-15,0.));
#7497=DIRECTION('',(0.,0.,-1.));
#7498=DIRECTION('center_axis',(7.99452788659302E-15,1.,0.));
#7499=DIRECTION('ref_axis',(-1.,7.99452788659302E-15,0.));
#7500=DIRECTION('',(0.,0.,1.));
#7501=DIRECTION('',(-1.,7.99452788659302E-15,0.));
#7502=DIRECTION('',(0.,0.,1.));
#7503=DIRECTION('',(0.,0.,1.));
#7504=DIRECTION('',(0.,0.,1.));
#7505=DIRECTION('center_axis',(1.,-7.99452788659302E-15,0.));
#7506=DIRECTION('ref_axis',(7.99452788659302E-15,1.,0.));
#7507=DIRECTION('',(0.,0.,1.));
#7508=DIRECTION('',(7.99452788659302E-15,1.,0.));
#7509=DIRECTION('',(0.,0.,1.));
#7510=DIRECTION('',(0.,0.,1.));
#7511=DIRECTION('center_axis',(-7.99452788659302E-15,-1.,0.));
#7512=DIRECTION('ref_axis',(1.,-7.99452788659302E-15,0.));
#7513=DIRECTION('',(0.,0.,1.));
#7514=DIRECTION('',(1.,-7.99452788659302E-15,0.));
#7515=DIRECTION('',(0.,0.,1.));
#7516=DIRECTION('',(0.,0.,1.));
#7517=DIRECTION('center_axis',(-1.,7.99452788659302E-15,0.));
#7518=DIRECTION('ref_axis',(-7.99452788659302E-15,-1.,0.));
#7519=DIRECTION('',(0.,0.,1.));
#7520=DIRECTION('',(-7.99452788659302E-15,-1.,0.));
#7521=DIRECTION('',(0.,0.,1.));
#7522=DIRECTION('center_axis',(7.99452788659302E-15,1.,0.));
#7523=DIRECTION('ref_axis',(-1.,7.99452788659302E-15,0.));
#7524=DIRECTION('',(0.,0.,1.));
#7525=DIRECTION('',(-1.,7.99452788659302E-15,0.));
#7526=DIRECTION('',(0.,0.,1.));
#7527=DIRECTION('',(0.,0.,1.));
#7528=DIRECTION('',(0.,0.,1.));
#7529=DIRECTION('center_axis',(1.,-7.99452788659302E-15,0.));
#7530=DIRECTION('ref_axis',(7.99452788659302E-15,1.,0.));
#7531=DIRECTION('',(0.,0.,1.));
#7532=DIRECTION('',(7.99452788659302E-15,1.,0.));
#7533=DIRECTION('',(0.,0.,1.));
#7534=DIRECTION('',(0.,0.,1.));
#7535=DIRECTION('center_axis',(-7.99452788659302E-15,-1.,0.));
#7536=DIRECTION('ref_axis',(1.,-7.99452788659302E-15,0.));
#7537=DIRECTION('',(0.,0.,1.));
#7538=DIRECTION('',(1.,-7.99452788659302E-15,0.));
#7539=DIRECTION('',(0.,0.,1.));
#7540=DIRECTION('',(0.,0.,1.));
#7541=DIRECTION('center_axis',(-1.,7.99452788659302E-15,0.));
#7542=DIRECTION('ref_axis',(-7.99452788659302E-15,-1.,0.));
#7543=DIRECTION('',(0.,0.,1.));
#7544=DIRECTION('',(-7.99452788659302E-15,-1.,0.));
#7545=DIRECTION('',(0.,0.,1.));
#7546=DIRECTION('center_axis',(-1.07165864275215E-11,-1.,0.));
#7547=DIRECTION('ref_axis',(1.,-1.07165864275215E-11,0.));
#7548=DIRECTION('',(0.,0.,1.));
#7549=DIRECTION('',(0.,0.,1.));
#7550=DIRECTION('',(0.,0.,1.));
#7551=DIRECTION('',(0.,0.,1.));
#7552=DIRECTION('center_axis',(0.514510014333244,-0.85748437020788,0.));
#7553=DIRECTION('ref_axis',(0.85748437020788,0.514510014333244,0.));
#7554=DIRECTION('',(0.,0.,1.));
#7555=DIRECTION('center_axis',(-1.,-5.92721217181741E-12,0.));
#7556=DIRECTION('ref_axis',(5.92721217181741E-12,-1.,0.));
#7557=DIRECTION('',(0.,0.,1.));
#7558=DIRECTION('',(0.,0.,1.));
#7559=DIRECTION('center_axis',(-0.579205992264553,-0.81518121821153,0.));
#7560=DIRECTION('ref_axis',(0.81518121821153,-0.579205992264553,0.));
#7561=DIRECTION('',(0.,0.,1.));
#7562=DIRECTION('',(0.,0.,1.));
#7563=DIRECTION('center_axis',(-0.417502699410686,-0.908675682509877,0.));
#7564=DIRECTION('ref_axis',(0.908675682509877,-0.417502699410686,0.));
#7565=DIRECTION('',(0.,0.,1.));
#7566=DIRECTION('center_axis',(0.,0.,-1.));
#7567=DIRECTION('ref_axis',(-1.,7.99452788659302E-15,0.));
#7568=DIRECTION('center_axis',(0.,0.,-1.));
#7569=DIRECTION('ref_axis',(-1.,7.99452788659302E-15,0.));
#7570=DIRECTION('center_axis',(0.,0.,1.));
#7571=DIRECTION('ref_axis',(-1.,7.99452788659302E-15,0.));
#7572=DIRECTION('',(0.,0.,-1.));
#7573=DIRECTION('center_axis',(0.,0.,1.));
#7574=DIRECTION('ref_axis',(-1.,7.99452788659302E-15,0.));
#7575=DIRECTION('center_axis',(0.,0.,-1.));
#7576=DIRECTION('ref_axis',(-1.,7.99452788659302E-15,0.));
#7577=DIRECTION('center_axis',(0.,0.,1.));
#7578=DIRECTION('ref_axis',(-1.,7.99452788659302E-15,0.));
#7579=DIRECTION('',(0.,0.,-1.));
#7580=DIRECTION('center_axis',(0.,0.,1.));
#7581=DIRECTION('ref_axis',(-1.,7.99452788659302E-15,0.));
#7582=DIRECTION('center_axis',(0.,0.,-1.));
#7583=DIRECTION('ref_axis',(-1.,7.99452788659302E-15,0.));
#7584=DIRECTION('center_axis',(0.,0.,1.));
#7585=DIRECTION('ref_axis',(-1.,7.99452788659302E-15,0.));
#7586=DIRECTION('',(0.,0.,-1.));
#7587=DIRECTION('center_axis',(0.,0.,1.));
#7588=DIRECTION('ref_axis',(-1.,7.99452788659302E-15,0.));
#7589=DIRECTION('center_axis',(0.,0.,-1.));
#7590=DIRECTION('ref_axis',(-1.,7.99452788659302E-15,0.));
#7591=DIRECTION('center_axis',(0.,0.,1.));
#7592=DIRECTION('ref_axis',(-1.,7.99452788659302E-15,0.));
#7593=DIRECTION('',(0.,0.,-1.));
#7594=DIRECTION('center_axis',(0.,0.,1.));
#7595=DIRECTION('ref_axis',(-1.,7.99452788659302E-15,0.));
#7596=DIRECTION('center_axis',(0.,0.,-1.));
#7597=DIRECTION('ref_axis',(-1.,7.99452788659302E-15,0.));
#7598=DIRECTION('center_axis',(0.,0.,1.));
#7599=DIRECTION('ref_axis',(-1.,7.99452788659302E-15,0.));
#7600=DIRECTION('',(0.,0.,-1.));
#7601=DIRECTION('center_axis',(0.,0.,1.));
#7602=DIRECTION('ref_axis',(-1.,7.99452788659302E-15,0.));
#7603=DIRECTION('center_axis',(0.,0.,-1.));
#7604=DIRECTION('ref_axis',(-1.,7.99452788659302E-15,0.));
#7605=DIRECTION('center_axis',(0.,0.,1.));
#7606=DIRECTION('ref_axis',(-1.,7.99452788659302E-15,0.));
#7607=DIRECTION('',(0.,0.,-1.));
#7608=DIRECTION('center_axis',(0.,0.,1.));
#7609=DIRECTION('ref_axis',(-1.,7.99452788659302E-15,0.));
#7610=DIRECTION('center_axis',(0.,0.,-1.));
#7611=DIRECTION('ref_axis',(-1.,7.99452788659302E-15,0.));
#7612=DIRECTION('center_axis',(0.,0.,1.));
#7613=DIRECTION('ref_axis',(-1.,7.99452788659302E-15,0.));
#7614=DIRECTION('',(0.,0.,-1.));
#7615=DIRECTION('center_axis',(0.,0.,1.));
#7616=DIRECTION('ref_axis',(-1.,7.99452788659302E-15,0.));
#7617=DIRECTION('center_axis',(-0.417502699410686,-0.908675682509877,0.));
#7618=DIRECTION('ref_axis',(0.908675682509877,-0.417502699410686,0.));
#7619=DIRECTION('',(-0.908675682509877,0.417502699410686,0.));
#7620=DIRECTION('',(0.,0.,1.));
#7621=DIRECTION('',(0.908675682509877,-0.417502699410686,0.));
#7622=DIRECTION('',(0.,0.,1.));
#7623=DIRECTION('',(0.,0.,1.));
#7624=DIRECTION('center_axis',(-1.07144981685703E-11,-1.,0.));
#7625=DIRECTION('ref_axis',(1.,-1.07144981685703E-11,0.));
#7626=DIRECTION('',(-1.,1.07144981685703E-11,0.));
#7627=DIRECTION('',(0.,0.,1.));
#7628=DIRECTION('',(1.,-1.07144981685703E-11,0.));
#7629=DIRECTION('',(0.,0.,1.));
#7630=DIRECTION('center_axis',(0.514510014333242,-0.857484370207881,0.));
#7631=DIRECTION('ref_axis',(0.857484370207881,0.514510014333242,0.));
#7632=DIRECTION('',(-0.857484370207881,-0.514510014333242,0.));
#7633=DIRECTION('',(0.,0.,1.));
#7634=DIRECTION('',(0.857484370207881,0.514510014333242,0.));
#7635=DIRECTION('center_axis',(-7.99452788659302E-15,-1.,0.));
#7636=DIRECTION('ref_axis',(1.,-7.99452788659302E-15,0.));
#7637=DIRECTION('',(-1.,7.99452788659302E-15,0.));
#7638=DIRECTION('',(0.,0.,1.));
#7639=DIRECTION('',(1.,-7.99452788659302E-15,0.));
#7640=DIRECTION('center_axis',(0.,0.,-1.));
#7641=DIRECTION('ref_axis',(-0.0356288246662038,0.999365091872287,0.));
#7642=DIRECTION('center_axis',(0.,0.,-1.));
#7643=DIRECTION('ref_axis',(-0.0356288246662038,0.999365091872287,0.));
#7644=DIRECTION('',(0.,0.,1.));
#7645=DIRECTION('center_axis',(0.,0.,-1.));
#7646=DIRECTION('ref_axis',(-0.0356288246662038,0.999365091872287,0.));
#7647=DIRECTION('',(0.,0.,1.));
#7648=DIRECTION('',(0.,0.,1.));
#7649=DIRECTION('center_axis',(1.,-3.99726394329651E-15,0.));
#7650=DIRECTION('ref_axis',(3.99726394329651E-15,1.,0.));
#7651=DIRECTION('',(-3.99726394329651E-15,-1.,0.));
#7652=DIRECTION('',(0.,0.,1.));
#7653=DIRECTION('',(3.99726394329651E-15,1.,0.));
#7654=DIRECTION('',(0.,0.,1.));
#7655=DIRECTION('center_axis',(0.905457446040648,0.424437054708408,0.));
#7656=DIRECTION('ref_axis',(-0.424437054708408,0.905457446040647,0.));
#7657=DIRECTION('',(0.424437054708408,-0.905457446040647,0.));
#7658=DIRECTION('',(0.,0.,1.));
#7659=DIRECTION('',(-0.424437054708408,0.905457446040647,0.));
#7660=DIRECTION('',(0.,0.,1.));
#7661=DIRECTION('center_axis',(0.532172315651817,0.846636064938048,0.));
#7662=DIRECTION('ref_axis',(-0.846636064938048,0.532172315651817,0.));
#7663=DIRECTION('',(0.846636064938048,-0.532172315651817,0.));
#7664=DIRECTION('',(0.,0.,1.));
#7665=DIRECTION('',(-0.846636064938048,0.532172315651817,0.));
#7666=DIRECTION('',(0.,0.,1.));
#7667=DIRECTION('center_axis',(-0.189674491825441,0.981847028386174,0.));
#7668=DIRECTION('ref_axis',(-0.981847028386174,-0.189674491825441,0.));
#7669=DIRECTION('',(0.981847028386174,0.189674491825441,0.));
#7670=DIRECTION('',(0.,0.,1.));
#7671=DIRECTION('',(-0.981847028386174,-0.189674491825441,0.));
#7672=DIRECTION('',(0.,0.,1.));
#7673=DIRECTION('center_axis',(-1.,-5.92721217181741E-12,0.));
#7674=DIRECTION('ref_axis',(5.92721217181741E-12,-1.,0.));
#7675=DIRECTION('',(-5.92721217181741E-12,1.,0.));
#7676=DIRECTION('',(0.,0.,1.));
#7677=DIRECTION('',(5.92721217181741E-12,-1.,0.));
#7678=DIRECTION('',(0.,0.,1.));
#7679=DIRECTION('center_axis',(-0.579205992264552,-0.815181218211531,0.));
#7680=DIRECTION('ref_axis',(0.815181218211531,-0.579205992264552,0.));
#7681=DIRECTION('',(-0.815181218211531,0.579205992264552,0.));
#7682=DIRECTION('',(0.,0.,1.));
#7683=DIRECTION('',(0.815181218211531,-0.579205992264552,0.));
#7684=DIRECTION('center_axis',(0.,0.,-1.));
#7685=DIRECTION('ref_axis',(-1.,7.99452788659302E-15,0.));
#7686=DIRECTION('center_axis',(0.,0.,-1.));
#7687=DIRECTION('ref_axis',(-1.,7.99452788659302E-15,0.));
#7688=CARTESIAN_POINT('',(0.,0.,0.));
#7689=CARTESIAN_POINT('Origin',(199.036618823966,112.988864444324,9.));
#7690=CARTESIAN_POINT('',(172.372802295524,157.3962,9.));
#7691=CARTESIAN_POINT('',(190.067051645271,157.3962,9.));
#7692=CARTESIAN_POINT('',(190.067051645271,157.3962,9.));
#7693=CARTESIAN_POINT('',(172.372802295524,154.8962,9.));
#7694=CARTESIAN_POINT('',(172.372802295524,135.192532222162,9.));
#7695=CARTESIAN_POINT('',(190.205508276207,154.8962,9.));
#7696=CARTESIAN_POINT('',(175.372802295524,154.8962,9.));
#7697=CARTESIAN_POINT('',(191.234515333508,155.181199578976,9.));
#7698=CARTESIAN_POINT('Ctrl Pts',(191.234515333508,155.181199578976,9.));
#7699=CARTESIAN_POINT('Ctrl Pts',(190.923630151419,154.994673937277,9.));
#7700=CARTESIAN_POINT('Ctrl Pts',(190.568065351635,154.896193998878,9.));
#7701=CARTESIAN_POINT('Ctrl Pts',(190.205516552212,154.896199999863,9.));
#7702=CARTESIAN_POINT('',(198.309396318903,159.426288170547,9.));
#7703=CARTESIAN_POINT('',(198.309402659498,159.426291974792,9.));
#7704=CARTESIAN_POINT('',(200.367416552211,159.996299999863,9.));
#7705=CARTESIAN_POINT('Ctrl Pts',(200.367416552212,159.996299999863,9.));
#7706=CARTESIAN_POINT('Ctrl Pts',(199.642497351611,159.99631049937,9.));
#7707=CARTESIAN_POINT('Ctrl Pts',(198.931034151419,159.799259937277,9.));
#7708=CARTESIAN_POINT('Ctrl Pts',(198.309415333689,159.426299579085,9.));
#7709=CARTESIAN_POINT('Ctrl Pts',(198.30940899637,159.426295776804,9.));
#7710=CARTESIAN_POINT('Ctrl Pts',(198.309402659168,159.426291974594,9.));
#7711=CARTESIAN_POINT('Ctrl Pts',(198.309396319963,159.426288171183,9.));
#7712=CARTESIAN_POINT('',(217.38027455818,159.996299999919,9.));
#7713=CARTESIAN_POINT('',(217.38027455818,159.996299999999,9.));
#7714=CARTESIAN_POINT('',(219.050275912406,159.631087990142,9.));
#7715=CARTESIAN_POINT('Ctrl Pts',(219.050275912235,159.631087990221,9.));
#7716=CARTESIAN_POINT('Ctrl Pts',(219.050266982952,159.631092092257,9.));
#7717=CARTESIAN_POINT('Ctrl Pts',(219.050258053353,159.631096194438,9.));
#7718=CARTESIAN_POINT('Ctrl Pts',(219.05024912407,159.631100296474,9.));
#7719=CARTESIAN_POINT('Ctrl Pts',(218.52642856253,159.87173897067,9.));
#7720=CARTESIAN_POINT('Ctrl Pts',(217.956726948414,159.996325665751,9.));
#7721=CARTESIAN_POINT('Ctrl Pts',(217.38027455818,159.996299999918,9.));
#7722=CARTESIAN_POINT('',(236.698319793599,151.522467828365,9.));
#7723=CARTESIAN_POINT('',(236.698319793599,151.522467828365,9.));
#7724=CARTESIAN_POINT('',(237.34511763223,151.148472947703,9.));
#7725=CARTESIAN_POINT('Ctrl Pts',(237.34511763223,151.148472947703,9.));
#7726=CARTESIAN_POINT('Ctrl Pts',(237.141665914126,151.293037969972,9.));
#7727=CARTESIAN_POINT('Ctrl Pts',(236.925128115106,151.418247499862,9.));
#7728=CARTESIAN_POINT('Ctrl Pts',(236.698336888531,151.5224599731,9.));
#7729=CARTESIAN_POINT('Ctrl Pts',(236.698331190396,151.522462591441,9.));
#7730=CARTESIAN_POINT('Ctrl Pts',(236.698325493127,151.522465209384,9.));
#7731=CARTESIAN_POINT('Ctrl Pts',(236.698319795037,151.522467827704,9.));
#7732=CARTESIAN_POINT('',(254.853305992307,138.708481218209,9.));
#7733=CARTESIAN_POINT('',(254.853305991875,138.708481217599,9.));
#7734=CARTESIAN_POINT('',(256.536499999896,135.447685589561,9.));
#7735=CARTESIAN_POINT('Ctrl Pts',(256.536499999896,135.447685589561,9.));
#7736=CARTESIAN_POINT('Ctrl Pts',(256.536518652081,136.742037980843,9.));
#7737=CARTESIAN_POINT('Ctrl Pts',(255.908443530326,137.958789889714,9.));
#7738=CARTESIAN_POINT('Ctrl Pts',(254.853305992307,138.708481218209,9.));
#7739=CARTESIAN_POINT('',(256.536499999981,86.472312174335,9.));
#7740=CARTESIAN_POINT('',(256.5365,86.4723121743356,9.));
#7741=CARTESIAN_POINT('',(253.295299812838,82.544857863498,9.));
#7742=CARTESIAN_POINT('Ctrl Pts',(253.295299812838,82.544857863498,9.));
#7743=CARTESIAN_POINT('Ctrl Pts',(255.170940730647,82.9072468034638,9.));
#7744=CARTESIAN_POINT('Ctrl Pts',(256.536540756893,84.5619854413785,9.));
#7745=CARTESIAN_POINT('Ctrl Pts',(256.536499999981,86.4723121743344,9.));
#7746=CARTESIAN_POINT('',(168.889074491812,66.2391529716075,9.));
#7747=CARTESIAN_POINT('',(168.889074491812,66.239152971611,9.));
#7748=CARTESIAN_POINT('',(166.00165843489,66.7799446068894,9.));
#7749=CARTESIAN_POINT('Ctrl Pts',(166.00165843489,66.7799446068894,9.));
#7750=CARTESIAN_POINT('Ctrl Pts',(166.860451924646,66.2401739806546,9.));
#7751=CARTESIAN_POINT('Ctrl Pts',(167.893151356326,66.0467568340524,9.));
#7752=CARTESIAN_POINT('Ctrl Pts',(168.889074491812,66.2391529716075,9.));
#7753=CARTESIAN_POINT('',(150.250208765447,76.6808758272616,9.));
#7754=CARTESIAN_POINT('',(150.250208765447,76.6808758272616,9.));
#7755=CARTESIAN_POINT('',(148.757136380408,78.3696761154751,9.));
#7756=CARTESIAN_POINT('Ctrl Pts',(148.757136380408,78.3696761154747,9.));
#7757=CARTESIAN_POINT('Ctrl Pts',(149.082598998914,77.6753162132573,9.));
#7758=CARTESIAN_POINT('Ctrl Pts',(149.600973591692,77.0889875724274,9.));
#7759=CARTESIAN_POINT('Ctrl Pts',(150.250208765447,76.6808758272616,9.));
#7760=CARTESIAN_POINT('',(141.914654334387,92.9668378141686,9.));
#7761=CARTESIAN_POINT('',(141.914654335142,92.9668378145226,9.));
#7762=CARTESIAN_POINT('',(141.5364,94.6645727330202,9.));
#7763=CARTESIAN_POINT('Ctrl Pts',(141.5364,94.6645727330203,9.));
#7764=CARTESIAN_POINT('Ctrl Pts',(141.536400000496,94.6645636444966,9.));
#7765=CARTESIAN_POINT('Ctrl Pts',(141.536400000991,94.6645545560077,9.));
#7766=CARTESIAN_POINT('Ctrl Pts',(141.536400001487,94.6645454675589,9.));
#7767=CARTESIAN_POINT('Ctrl Pts',(141.536431999916,94.0777676111945,9.));
#7768=CARTESIAN_POINT('Ctrl Pts',(141.665579925026,93.4981245503599,9.));
#7769=CARTESIAN_POINT('Ctrl Pts',(141.914654334387,92.9668378141687,9.));
#7770=CARTESIAN_POINT('',(141.5364,153.788089767274,9.));
#7771=CARTESIAN_POINT('',(141.5364,107.9963,9.));
#7772=CARTESIAN_POINT('',(141.830275747991,154.546893561033,9.));
#7773=CARTESIAN_POINT('Ctrl Pts',(141.830274402341,154.546892115548,9.));
#7774=CARTESIAN_POINT('Ctrl Pts',(141.638632206859,154.341031411898,9.));
#7775=CARTESIAN_POINT('Ctrl Pts',(141.533412690734,154.068669521894,9.));
#7776=CARTESIAN_POINT('Ctrl Pts',(141.5364,153.788089767274,9.));
#7777=CARTESIAN_POINT('',(142.593771175334,154.895565091872,9.));
#7778=CARTESIAN_POINT('Ctrl Pts',(142.593771175334,154.895565091872,9.));
#7779=CARTESIAN_POINT('Ctrl Pts',(142.303491170196,154.885216185861,9.));
#7780=CARTESIAN_POINT('Ctrl Pts',(142.028197916655,154.759499325974,9.));
#7781=CARTESIAN_POINT('Ctrl Pts',(141.830275747991,154.546893561033,9.));
#7782=CARTESIAN_POINT('',(142.6294,154.8962,9.));
#7783=CARTESIAN_POINT('Origin',(142.6294,153.8962,9.));
#7784=CARTESIAN_POINT('',(166.348225822636,154.8962,9.00000011920929));
#7785=CARTESIAN_POINT('',(190.205508276106,154.8962,9.));
#7786=CARTESIAN_POINT('',(166.348225822636,157.3962,9.00000011920929));
#7787=CARTESIAN_POINT('',(166.348225822636,135.192532222162,9.));
#7788=CARTESIAN_POINT('',(142.6294,157.3962,9.));
#7789=CARTESIAN_POINT('',(190.067051645271,157.3962,9.));
#7790=CARTESIAN_POINT('',(142.504699113669,157.393977821553,9.));
#7791=CARTESIAN_POINT('Origin',(142.6294,153.8962,9.));
#7792=CARTESIAN_POINT('',(140.000445408193,156.250337404419,9.));
#7793=CARTESIAN_POINT('Ctrl Pts',(140.000450117968,156.250342463616,9.));
#7794=CARTESIAN_POINT('Ctrl Pts',(140.649572708292,156.947622640908,9.));
#7795=CARTESIAN_POINT('Ctrl Pts',(141.552671595687,157.360036650512,9.));
#7796=CARTESIAN_POINT('Ctrl Pts',(142.504699113669,157.393977821553,9.));
#7797=CARTESIAN_POINT('',(139.0364,153.77862122718,9.));
#7798=CARTESIAN_POINT('Ctrl Pts',(139.0364,153.77862122718,9.));
#7799=CARTESIAN_POINT('Ctrl Pts',(139.031023385401,154.693206425101,9.));
#7800=CARTESIAN_POINT('Ctrl Pts',(139.375817600582,155.579366589926,9.));
#7801=CARTESIAN_POINT('Ctrl Pts',(140.000445408193,156.250337404419,9.));
#7802=CARTESIAN_POINT('',(139.0364,94.6645045668654,9.));
#7803=CARTESIAN_POINT('',(139.0364,107.9963,9.));
#7804=CARTESIAN_POINT('',(139.651036489472,91.9056902021688,9.));
#7805=CARTESIAN_POINT('Ctrl Pts',(139.651036489472,91.9056902021694,9.));
#7806=CARTESIAN_POINT('Ctrl Pts',(139.440890825129,92.3539510962307,9.));
#7807=CARTESIAN_POINT('Ctrl Pts',(139.283259644785,92.8234493531273,9.));
#7808=CARTESIAN_POINT('Ctrl Pts',(139.180281847607,93.3047062180706,9.));
#7809=CARTESIAN_POINT('Ctrl Pts',(139.11533340605,93.6082365345357,9.));
#7810=CARTESIAN_POINT('Ctrl Pts',(139.0721153595,93.9164741643582,9.));
#7811=CARTESIAN_POINT('Ctrl Pts',(139.051153173312,94.2270682321676,9.));
#7812=CARTESIAN_POINT('Ctrl Pts',(139.04404971772,94.332319237391,9.));
#7813=CARTESIAN_POINT('Ctrl Pts',(139.039502085533,94.4378398361187,9.));
#7814=CARTESIAN_POINT('Ctrl Pts',(139.037530549239,94.5435340716489,9.));
#7815=CARTESIAN_POINT('Ctrl Pts',(139.036779048922,94.5838220702711,9.));
#7816=CARTESIAN_POINT('Ctrl Pts',(139.036401018923,94.6458198695766,9.));
#7817=CARTESIAN_POINT('Ctrl Pts',(139.036400003717,94.6644364018446,9.));
#7818=CARTESIAN_POINT('Ctrl Pts',(139.036400002478,94.6644591235388,9.));
#7819=CARTESIAN_POINT('Ctrl Pts',(139.036400001239,94.664481845172,9.));
#7820=CARTESIAN_POINT('Ctrl Pts',(139.0364,94.6645045668276,9.));
#7821=CARTESIAN_POINT('',(146.493465755567,77.3086411008638,9.));
#7822=CARTESIAN_POINT('',(139.651036489472,91.9056902021688,9.));
#7823=CARTESIAN_POINT('',(148.919774346927,74.5642879456278,9.));
#7824=CARTESIAN_POINT('Ctrl Pts',(148.919774346927,74.5642879456278,9.));
#7825=CARTESIAN_POINT('Ctrl Pts',(148.919759790252,74.56429709601,9.));
#7826=CARTESIAN_POINT('Ctrl Pts',(148.919745234441,74.564306245849,9.));
#7827=CARTESIAN_POINT('Ctrl Pts',(148.919730679495,74.564315395145,9.));
#7828=CARTESIAN_POINT('Ctrl Pts',(147.864839873689,75.2274238420074,9.));
#7829=CARTESIAN_POINT('Ctrl Pts',(147.022284217375,76.1804306258229,9.));
#7830=CARTESIAN_POINT('Ctrl Pts',(146.493465755567,77.3086411008638,9.));
#7831=CARTESIAN_POINT('',(164.671304518839,64.6633061261733,9.));
#7832=CARTESIAN_POINT('',(148.919774346927,74.5642879456278,9.));
#7833=CARTESIAN_POINT('',(169.363266435567,63.7845365045238,9.));
#7834=CARTESIAN_POINT('Ctrl Pts',(169.363266435567,63.7845365045237,9.));
#7835=CARTESIAN_POINT('Ctrl Pts',(167.745492494672,63.4720089142159,9.));
#7836=CARTESIAN_POINT('Ctrl Pts',(166.066325313766,63.7865048263607,9.));
#7837=CARTESIAN_POINT('Ctrl Pts',(164.671304522116,64.6633061241136,9.));
#7838=CARTESIAN_POINT('',(253.769549345215,80.0902525222994,9.));
#7839=CARTESIAN_POINT('',(169.363266435567,63.7845365045238,9.));
#7840=CARTESIAN_POINT('',(259.036499999927,86.4723388431406,9.));
#7841=CARTESIAN_POINT('Ctrl Pts',(259.036499999927,86.472338843137,9.));
#7842=CARTESIAN_POINT('Ctrl Pts',(259.036541362818,84.0754765266334,9.));
#7843=CARTESIAN_POINT('Ctrl Pts',(257.714345928983,81.910666039629,9.));
#7844=CARTESIAN_POINT('Ctrl Pts',(255.688876581387,80.7873893353633,9.));
#7845=CARTESIAN_POINT('Ctrl Pts',(255.101012633136,80.4613740939419,9.));
#7846=CARTESIAN_POINT('Ctrl Pts',(254.452574412335,80.222218469349,9.));
#7847=CARTESIAN_POINT('Ctrl Pts',(253.769549344934,80.0902525222452,9.));
#7848=CARTESIAN_POINT('',(259.036499999637,135.447649563466,9.));
#7849=CARTESIAN_POINT('',(259.036499999927,86.4723388431406,9.));
#7850=CARTESIAN_POINT('',(256.301308858408,140.746442871373,9.));
#7851=CARTESIAN_POINT('Ctrl Pts',(256.301308858408,140.746442871373,9.));
#7852=CARTESIAN_POINT('Ctrl Pts',(258.014369196829,139.529287349341,9.));
#7853=CARTESIAN_POINT('Ctrl Pts',(259.036530282223,137.549083646879,9.));
#7854=CARTESIAN_POINT('Ctrl Pts',(259.036499999637,135.447649563466,9.));
#7855=CARTESIAN_POINT('',(238.793183537819,153.186389808879,9.));
#7856=CARTESIAN_POINT('',(256.301308858408,140.746442871373,9.));
#7857=CARTESIAN_POINT('',(237.742119279003,153.794137398633,9.));
#7858=CARTESIAN_POINT('Ctrl Pts',(237.742119279709,153.794137398309,9.));
#7859=CARTESIAN_POINT('Ctrl Pts',(237.74213352512,153.794130852423,9.));
#7860=CARTESIAN_POINT('Ctrl Pts',(237.742147769791,153.794124306877,9.));
#7861=CARTESIAN_POINT('Ctrl Pts',(237.742162015143,153.794117761018,9.));
#7862=CARTESIAN_POINT('Ctrl Pts',(237.759524583381,153.786139515115,9.));
#7863=CARTESIAN_POINT('Ctrl Pts',(237.817242077472,153.759182703739,9.));
#7864=CARTESIAN_POINT('Ctrl Pts',(237.854526494139,153.741179656244,9.));
#7865=CARTESIAN_POINT('Ctrl Pts',(238.182339076113,153.582893004338,9.));
#7866=CARTESIAN_POINT('Ctrl Pts',(238.496335241804,153.397318873152,9.));
#7867=CARTESIAN_POINT('Ctrl Pts',(238.793183537819,153.18638980888,9.));
#7868=CARTESIAN_POINT('',(220.093965693047,161.902807965671,9.));
#7869=CARTESIAN_POINT('',(237.742119279003,153.794137398633,9.));
#7870=CARTESIAN_POINT('',(217.380218903461,162.49629999968,9.));
#7871=CARTESIAN_POINT('Ctrl Pts',(217.380218903461,162.49629999968,9.));
#7872=CARTESIAN_POINT('Ctrl Pts',(218.042302478821,162.496323809522,9.));
#7873=CARTESIAN_POINT('Ctrl Pts',(218.69894139719,162.395190400174,9.));
#7874=CARTESIAN_POINT('Ctrl Pts',(219.327631945549,162.197790731952,9.));
#7875=CARTESIAN_POINT('Ctrl Pts',(219.563204154166,162.12382449221,9.));
#7876=CARTESIAN_POINT('Ctrl Pts',(219.794868370798,162.036337861711,9.));
#7877=CARTESIAN_POINT('Ctrl Pts',(220.021411420641,161.935603531337,9.));
#7878=CARTESIAN_POINT('Ctrl Pts',(220.045643446026,161.924828551251,9.));
#7879=CARTESIAN_POINT('Ctrl Pts',(220.082768436441,161.907951889347,9.));
#7880=CARTESIAN_POINT('Ctrl Pts',(220.093898723761,161.902838730787,9.));
#7881=CARTESIAN_POINT('Ctrl Pts',(220.093921046755,161.902828475795,9.));
#7882=CARTESIAN_POINT('Ctrl Pts',(220.093943369628,161.902818220859,9.));
#7883=CARTESIAN_POINT('Ctrl Pts',(220.093965692816,161.902807965777,9.));
#7884=CARTESIAN_POINT('',(200.367416552191,162.496300000073,9.));
#7885=CARTESIAN_POINT('',(217.380218903461,162.49629999968,9.));
#7886=CARTESIAN_POINT('',(197.023159308634,161.57002191201,9.));
#7887=CARTESIAN_POINT('Ctrl Pts',(197.023156137301,161.570020009267,9.));
#7888=CARTESIAN_POINT('Ctrl Pts',(197.023165643148,161.570025712607,9.));
#7889=CARTESIAN_POINT('Ctrl Pts',(197.023175149075,161.570031415996,9.));
#7890=CARTESIAN_POINT('Ctrl Pts',(197.023184654861,161.570037119301,9.));
#7891=CARTESIAN_POINT('Ctrl Pts',(197.039488827169,161.579819335984,9.));
#7892=CARTESIAN_POINT('Ctrl Pts',(197.093921398118,161.612022897114,9.));
#7893=CARTESIAN_POINT('Ctrl Pts',(197.129564812272,161.632498830177,9.));
#7894=CARTESIAN_POINT('Ctrl Pts',(198.114083277067,162.198071311463,9.));
#7895=CARTESIAN_POINT('Ctrl Pts',(199.230686690203,162.496311579869,9.));
#7896=CARTESIAN_POINT('Ctrl Pts',(200.367416552191,162.496300000073,9.));
#7897=CARTESIAN_POINT('',(197.023159308634,161.57002191201,9.));
#7898=CARTESIAN_POINT('Origin',(172.372802295524,157.3962,8.));
#7899=CARTESIAN_POINT('',(172.372802295524,154.8962,5.50000008195639));
#7900=CARTESIAN_POINT('',(172.372802295524,154.8962,8.));
#7901=CARTESIAN_POINT('',(172.372802295524,157.3962,5.50000008195639));
#7902=CARTESIAN_POINT('',(172.372802295524,157.3962,4.));
#7903=CARTESIAN_POINT('',(172.372802295524,157.3962,5.50000008195639));
#7904=CARTESIAN_POINT('Origin',(175.372802295524,157.3962,5.50000008195639));
#7905=CARTESIAN_POINT('',(166.348225822636,157.3962,5.50000008195639));
#7906=CARTESIAN_POINT('',(159.001101147762,157.3962,5.50000008195639));
#7907=CARTESIAN_POINT('',(166.348225822636,154.8962,5.50000008195639));
#7908=CARTESIAN_POINT('',(166.348225822636,157.3962,5.50000008195639));
#7909=CARTESIAN_POINT('',(182.789155285815,154.8962,5.50000008195639));
#7910=CARTESIAN_POINT('Origin',(166.348225822636,157.3962,5.50000008195639));
#7911=CARTESIAN_POINT('',(166.348225822636,154.8962,2.75000004097819));
#7912=CARTESIAN_POINT('',(166.348225822636,157.3962,2.75000004097819));
#7913=CARTESIAN_POINT('Origin',(142.6294,157.3962,0.));
#7914=CARTESIAN_POINT('',(190.067051645271,157.3962,1.5));
#7915=CARTESIAN_POINT('',(190.067051645271,157.3962,0.));
#7916=CARTESIAN_POINT('',(158.7901,157.3962,1.5));
#7917=CARTESIAN_POINT('',(170.833009411983,157.3962,1.5));
#7918=CARTESIAN_POINT('',(158.7901,157.3962,3.));
#7919=CARTESIAN_POINT('',(158.7901,157.3962,0.));
#7920=CARTESIAN_POINT('',(145.6901,157.3962,3.));
#7921=CARTESIAN_POINT('',(147.43475,157.3962,3.));
#7922=CARTESIAN_POINT('',(145.6901,157.3962,1.5));
#7923=CARTESIAN_POINT('',(145.6901,157.3962,0.));
#7924=CARTESIAN_POINT('',(142.6294,157.3962,1.5));
#7925=CARTESIAN_POINT('',(170.833009411983,157.3962,1.5));
#7926=CARTESIAN_POINT('',(142.6294,157.3962,0.));
#7927=CARTESIAN_POINT('Origin',(152.2401,156.1462,3.));
#7928=CARTESIAN_POINT('',(158.7901,154.8962,3.));
#7929=CARTESIAN_POINT('',(145.6901,154.8962,3.));
#7930=CARTESIAN_POINT('',(171.222804138053,154.8962,3.));
#7931=CARTESIAN_POINT('',(145.6901,158.416288566073,3.));
#7932=CARTESIAN_POINT('',(158.7901,158.416288566073,3.));
#7933=CARTESIAN_POINT('Origin',(170.833009411983,155.8962,1.5));
#7934=CARTESIAN_POINT('',(145.6901,155.8962,0.));
#7935=CARTESIAN_POINT('Origin',(145.6901,155.8962,1.5));
#7936=CARTESIAN_POINT('',(142.6294,155.8962,0.));
#7937=CARTESIAN_POINT('',(170.833009411983,155.8962,0.));
#7938=CARTESIAN_POINT('Origin',(142.6294,155.8962,1.5));
#7939=CARTESIAN_POINT('Origin',(170.833009411983,155.8962,1.5));
#7940=CARTESIAN_POINT('',(158.7901,155.8962,0.));
#7941=CARTESIAN_POINT('Origin',(158.7901,155.8962,1.5));
#7942=CARTESIAN_POINT('',(190.482541021052,155.8962,0.));
#7943=CARTESIAN_POINT('Origin',(190.482541021052,155.8962,1.5));
#7944=CARTESIAN_POINT('',(170.833009411983,155.8962,0.));
#7945=CARTESIAN_POINT('Origin',(199.036618823966,112.988864444324,0.));
#7946=CARTESIAN_POINT('',(158.7901,153.8962,0.));
#7947=CARTESIAN_POINT('',(158.7901,135.192532222162,0.));
#7948=CARTESIAN_POINT('',(197.794905319422,160.283783949841,0.));
#7949=CARTESIAN_POINT('',(184.340476327529,152.210822279664,0.));
#7950=CARTESIAN_POINT('',(200.367416552175,160.996299999862,0.));
#7951=CARTESIAN_POINT('Ctrl Pts',(197.79490531945,160.2837839498,0.));
#7952=CARTESIAN_POINT('Ctrl Pts',(197.82239947444,160.300279790933,0.));
#7953=CARTESIAN_POINT('Ctrl Pts',(197.877774784294,160.332773306212,0.));
#7954=CARTESIAN_POINT('Ctrl Pts',(197.989787476205,160.395666597271,0.));
#7955=CARTESIAN_POINT('Ctrl Pts',(198.303839356374,160.560052065278,0.));
#7956=CARTESIAN_POINT('Ctrl Pts',(199.081034524516,160.876294190257,0.));
#7957=CARTESIAN_POINT('Ctrl Pts',(199.854273968028,160.996305227347,0.));
#7958=CARTESIAN_POINT('Ctrl Pts',(200.367401271785,160.996300000151,0.));
#7959=CARTESIAN_POINT('',(217.380272846444,160.99630000065,0.));
#7960=CARTESIAN_POINT('',(199.702017688328,160.99629999987,0.));
#7961=CARTESIAN_POINT('',(219.467751824715,160.53977598033,0.));
#7962=CARTESIAN_POINT('Ctrl Pts',(217.380272846444,160.99630000065,0.));
#7963=CARTESIAN_POINT('Ctrl Pts',(217.687317311145,160.99631104258,0.));
#7964=CARTESIAN_POINT('Ctrl Pts',(218.201346280822,160.948720366271,0.));
#7965=CARTESIAN_POINT('Ctrl Pts',(218.798006697247,160.798777868702,0.));
#7966=CARTESIAN_POINT('Ctrl Pts',(219.137473024355,160.679398972399,0.));
#7967=CARTESIAN_POINT('Ctrl Pts',(219.30377585572,160.612072658433,0.));
#7968=CARTESIAN_POINT('Ctrl Pts',(219.39784983528,160.571457937772,0.));
#7969=CARTESIAN_POINT('Ctrl Pts',(219.444515689353,160.550450185477,0.));
#7970=CARTESIAN_POINT('Ctrl Pts',(219.467751824613,160.539775980111,0.));
#7971=CARTESIAN_POINT('',(237.11583958777,152.431135656468,0.));
#7972=CARTESIAN_POINT('',(220.052628189437,160.271047031385,0.));
#7973=CARTESIAN_POINT('',(237.924374549423,151.963617981562,0.));
#7974=CARTESIAN_POINT('Ctrl Pts',(237.115839587737,152.431135656396,0.));
#7975=CARTESIAN_POINT('Ctrl Pts',(237.156301980772,152.412542570592,0.));
#7976=CARTESIAN_POINT('Ctrl Pts',(237.276961440038,152.355134753513,0.));
#7977=CARTESIAN_POINT('Ctrl Pts',(237.552993804339,152.209967688997,0.));
#7978=CARTESIAN_POINT('Ctrl Pts',(237.779116291581,152.066832952458,0.));
#7979=CARTESIAN_POINT('Ctrl Pts',(237.924343994466,151.963639692173,0.));
#7980=CARTESIAN_POINT('',(255.432507138748,139.523665879475,0.));
#7981=CARTESIAN_POINT('',(234.204638540801,154.606580475917,0.));
#7982=CARTESIAN_POINT('',(257.536499999637,135.447649563457,0.));
#7983=CARTESIAN_POINT('Ctrl Pts',(255.432507138748,139.523665879475,0.));
#7984=CARTESIAN_POINT('Ctrl Pts',(256.172415050526,138.99795001272,0.));
#7985=CARTESIAN_POINT('Ctrl Pts',(257.208053127864,137.717352656446,0.));
#7986=CARTESIAN_POINT('Ctrl Pts',(257.536509809592,136.12841378892,0.));
#7987=CARTESIAN_POINT('Ctrl Pts',(257.536499999793,135.447671179123,0.));
#7988=CARTESIAN_POINT('',(257.53650000015,86.4723129574884,0.));
#7989=CARTESIAN_POINT('',(257.536499999703,124.218257004064,0.));
#7990=CARTESIAN_POINT('',(253.485037607476,81.5630230648786,0.));
#7991=CARTESIAN_POINT('Ctrl Pts',(257.53650000015,86.4723129574884,0.));
#7992=CARTESIAN_POINT('Ctrl Pts',(257.536517010236,85.4866266689159,0.));
#7993=CARTESIAN_POINT('Ctrl Pts',(256.836898012047,83.1847872716787,0.));
#7994=CARTESIAN_POINT('Ctrl Pts',(254.77540718383,81.8123437890732,0.));
#7995=CARTESIAN_POINT('Ctrl Pts',(253.485037607349,81.5630230655229,0.));
#7996=CARTESIAN_POINT('',(169.078751269314,65.257306384774,0.));
#7997=CARTESIAN_POINT('',(230.166495827299,77.058316695766,0.));
#7998=CARTESIAN_POINT('',(165.469539929674,65.9332747201285,0.));
#7999=CARTESIAN_POINT('Ctrl Pts',(169.078751269314,65.257306384774,0.));
#8000=CARTESIAN_POINT('Ctrl Pts',(168.551387359286,65.1554282620955,0.));
#8001=CARTESIAN_POINT('Ctrl Pts',(167.826190750242,65.1340044116854,0.));
#8002=CARTESIAN_POINT('Ctrl Pts',(166.945046102255,65.2992409808411,0.));
#8003=CARTESIAN_POINT('Ctrl Pts',(166.429982512778,65.4542784027055,0.));
#8004=CARTESIAN_POINT('Ctrl Pts',(166.017090620737,65.6288579023045,0.));
#8005=CARTESIAN_POINT('Ctrl Pts',(165.739154417287,65.7737501682368,0.));
#8006=CARTESIAN_POINT('Ctrl Pts',(165.583850185583,65.8628490993916,0.));
#8007=CARTESIAN_POINT('Ctrl Pts',(165.50742740355,65.9094619294061,0.));
#8008=CARTESIAN_POINT('Ctrl Pts',(165.469539929723,65.9332747202065,0.));
#8009=CARTESIAN_POINT('',(149.71804700968,75.8342331240436,0.));
#8010=CARTESIAN_POINT('',(166.899273165948,65.0345834422321,0.));
#8011=CARTESIAN_POINT('',(147.851651924628,77.9452966829264,0.));
#8012=CARTESIAN_POINT('Ctrl Pts',(149.718047009694,75.8342331240685,0.));
#8013=CARTESIAN_POINT('Ctrl Pts',(149.68935959163,75.8522662826423,0.));
#8014=CARTESIAN_POINT('Ctrl Pts',(149.632285205979,75.888971436765,0.));
#8015=CARTESIAN_POINT('Ctrl Pts',(149.519584693928,75.9646924757792,0.));
#8016=CARTESIAN_POINT('Ctrl Pts',(149.215145550639,76.1832929408597,0.));
#8017=CARTESIAN_POINT('Ctrl Pts',(148.550321002907,76.770986421883,0.));
#8018=CARTESIAN_POINT('Ctrl Pts',(148.081803222145,77.4542792112427,0.));
#8019=CARTESIAN_POINT('Ctrl Pts',(147.851668130472,77.9452621096303,0.));
#8020=CARTESIAN_POINT('',(141.009197680033,92.5423990684929,0.));
#8021=CARTESIAN_POINT('',(145.728264906528,82.4751476114369,0.));
#8022=CARTESIAN_POINT('',(140.5364,94.6645454661868,0.));
#8023=CARTESIAN_POINT('Ctrl Pts',(141.009197680033,92.5423990684929,0.));
#8024=CARTESIAN_POINT('Ctrl Pts',(140.92077228747,92.731018927255,0.));
#8025=CARTESIAN_POINT('Ctrl Pts',(140.766888185664,93.1211969545483,0.));
#8026=CARTESIAN_POINT('Ctrl Pts',(140.637540432111,93.6268009220773,0.));
#8027=CARTESIAN_POINT('Ctrl Pts',(140.572351676213,94.0394662919129,0.));
#8028=CARTESIAN_POINT('Ctrl Pts',(140.54782734079,94.2997371073483,0.));
#8029=CARTESIAN_POINT('Ctrl Pts',(140.539258792326,94.4821930678553,0.));
#8030=CARTESIAN_POINT('Ctrl Pts',(140.536809824283,94.5864359843592,0.));
#8031=CARTESIAN_POINT('Ctrl Pts',(140.536401655715,94.6385208662767,0.));
#8032=CARTESIAN_POINT('Ctrl Pts',(140.536400000207,94.6645454661854,0.));
#8033=CARTESIAN_POINT('',(140.536404635357,153.783030351365,0.));
#8034=CARTESIAN_POINT('',(140.5364,103.826684505878,0.));
#8035=CARTESIAN_POINT('',(141.098345495982,155.228273122066,0.));
#8036=CARTESIAN_POINT('Ctrl Pts',(140.536404635357,153.783030351368,0.));
#8037=CARTESIAN_POINT('Ctrl Pts',(140.534593646062,154.009920523053,0.));
#8038=CARTESIAN_POINT('Ctrl Pts',(140.581788349514,154.312814393089,0.));
#8039=CARTESIAN_POINT('Ctrl Pts',(140.719091081923,154.665773744628,0.));
#8040=CARTESIAN_POINT('Ctrl Pts',(140.823812510595,154.867442064193,0.));
#8041=CARTESIAN_POINT('Ctrl Pts',(140.928753371214,155.025085195471,0.));
#8042=CARTESIAN_POINT('Ctrl Pts',(141.010819014846,155.128997774626,0.));
#8043=CARTESIAN_POINT('Ctrl Pts',(141.053914281023,155.179231604289,0.));
#8044=CARTESIAN_POINT('Ctrl Pts',(141.079114875763,155.207428017034,0.));
#8045=CARTESIAN_POINT('Ctrl Pts',(141.091904320429,155.221354036819,0.));
#8046=CARTESIAN_POINT('Ctrl Pts',(141.098345495981,155.228273122068,0.));
#8047=CARTESIAN_POINT('',(142.558142350668,155.894930183745,0.));
#8048=CARTESIAN_POINT('Ctrl Pts',(141.09834549599,155.228273122059,0.));
#8049=CARTESIAN_POINT('Ctrl Pts',(141.105023086991,155.235446067707,0.));
#8050=CARTESIAN_POINT('Ctrl Pts',(141.118480384594,155.249699959172,0.));
#8051=CARTESIAN_POINT('Ctrl Pts',(141.14579378516,155.277829153375,0.));
#8052=CARTESIAN_POINT('Ctrl Pts',(141.194623827395,155.326045189807,0.));
#8053=CARTESIAN_POINT('Ctrl Pts',(141.296284803931,155.418309178321,0.));
#8054=CARTESIAN_POINT('Ctrl Pts',(141.452260876476,155.537588513076,0.));
#8055=CARTESIAN_POINT('Ctrl Pts',(141.65429587542,155.658829585452,0.));
#8056=CARTESIAN_POINT('Ctrl Pts',(142.011498337779,155.822038693892,0.));
#8057=CARTESIAN_POINT('Ctrl Pts',(142.323034741165,155.886548254193,0.));
#8058=CARTESIAN_POINT('Ctrl Pts',(142.558142350668,155.894930183745,0.));
#8059=CARTESIAN_POINT('Origin',(142.6294,153.8962,0.));
#8060=CARTESIAN_POINT('',(145.6901,153.8962,0.));
#8061=CARTESIAN_POINT('',(145.6901,133.942532222162,0.));
#8062=CARTESIAN_POINT('',(142.8001,153.8962,0.));
#8063=CARTESIAN_POINT('',(190.2055,153.8962,0.));
#8064=CARTESIAN_POINT('',(142.8001,116.1163,0.));
#8065=CARTESIAN_POINT('',(142.8001,116.1163,0.));
#8066=CARTESIAN_POINT('',(161.6801,116.1163,0.));
#8067=CARTESIAN_POINT('',(161.6801,116.1163,0.));
#8068=CARTESIAN_POINT('',(161.6801,153.8962,0.));
#8069=CARTESIAN_POINT('',(161.6801,153.8962,0.));
#8070=CARTESIAN_POINT('',(190.2055,153.8962,0.));
#8071=CARTESIAN_POINT('',(146.4426,93.7948999999999,0.));
#8072=CARTESIAN_POINT('',(146.184072,93.5127299999999,0.));
#8073=CARTESIAN_POINT('Ctrl Pts',(146.4426,93.7948999999999,0.));
#8074=CARTESIAN_POINT('Ctrl Pts',(146.322415,93.7388489999999,0.));
#8075=CARTESIAN_POINT('Ctrl Pts',(146.229419,93.6373489999999,0.));
#8076=CARTESIAN_POINT('Ctrl Pts',(146.184072,93.5127299999999,0.));
#8077=CARTESIAN_POINT('',(146.2008,93.1303999999999,0.));
#8078=CARTESIAN_POINT('Ctrl Pts',(146.184072,93.5127299999999,0.));
#8079=CARTESIAN_POINT('Ctrl Pts',(146.138726,93.3881109999999,0.));
#8080=CARTESIAN_POINT('Ctrl Pts',(146.144743,93.2505819999999,0.));
#8081=CARTESIAN_POINT('Ctrl Pts',(146.2008,93.1303999999999,0.));
#8082=CARTESIAN_POINT('',(151.6525,81.4389999999999,0.));
#8083=CARTESIAN_POINT('',(146.2008,93.1303999999999,0.));
#8084=CARTESIAN_POINT('',(151.93467,81.1804719999999,0.));
#8085=CARTESIAN_POINT('Ctrl Pts',(151.6525,81.4389999999999,0.));
#8086=CARTESIAN_POINT('Ctrl Pts',(151.708551,81.3188149999999,0.));
#8087=CARTESIAN_POINT('Ctrl Pts',(151.810051,81.2258189999999,0.));
#8088=CARTESIAN_POINT('Ctrl Pts',(151.93467,81.1804719999999,0.));
#8089=CARTESIAN_POINT('',(152.317,81.1971999999999,0.));
#8090=CARTESIAN_POINT('Ctrl Pts',(151.93467,81.1804719999999,0.));
#8091=CARTESIAN_POINT('Ctrl Pts',(152.059289,81.1351259999999,0.));
#8092=CARTESIAN_POINT('Ctrl Pts',(152.196818,81.1411429999999,0.));
#8093=CARTESIAN_POINT('Ctrl Pts',(152.317,81.1971999999999,0.));
#8094=CARTESIAN_POINT('',(164.0084,86.6488999999998,0.));
#8095=CARTESIAN_POINT('',(152.317,81.1971999999999,0.));
#8096=CARTESIAN_POINT('',(164.266928,86.9310699999998,0.));
#8097=CARTESIAN_POINT('Ctrl Pts',(164.0084,86.6488999999998,0.));
#8098=CARTESIAN_POINT('Ctrl Pts',(164.128585,86.7049509999998,0.));
#8099=CARTESIAN_POINT('Ctrl Pts',(164.221581,86.8064509999998,0.));
#8100=CARTESIAN_POINT('Ctrl Pts',(164.266928,86.9310699999998,0.));
#8101=CARTESIAN_POINT('',(164.2502,87.3133999999998,0.));
#8102=CARTESIAN_POINT('Ctrl Pts',(164.266928,86.9310699999998,0.));
#8103=CARTESIAN_POINT('Ctrl Pts',(164.312274,87.0556889999998,0.));
#8104=CARTESIAN_POINT('Ctrl Pts',(164.306257,87.1932179999998,0.));
#8105=CARTESIAN_POINT('Ctrl Pts',(164.2502,87.3133999999998,0.));
#8106=CARTESIAN_POINT('',(158.7985,99.0047999999999,0.));
#8107=CARTESIAN_POINT('',(164.2502,87.3133999999998,0.));
#8108=CARTESIAN_POINT('',(158.51633,99.2633279999998,0.));
#8109=CARTESIAN_POINT('Ctrl Pts',(158.7985,99.0047999999999,0.));
#8110=CARTESIAN_POINT('Ctrl Pts',(158.742449,99.1249849999998,0.));
#8111=CARTESIAN_POINT('Ctrl Pts',(158.640949,99.2179809999999,0.));
#8112=CARTESIAN_POINT('Ctrl Pts',(158.51633,99.2633279999998,0.));
#8113=CARTESIAN_POINT('',(158.134,99.2465999999999,0.));
#8114=CARTESIAN_POINT('Ctrl Pts',(158.51633,99.2633279999998,0.));
#8115=CARTESIAN_POINT('Ctrl Pts',(158.391711,99.3086739999998,0.));
#8116=CARTESIAN_POINT('Ctrl Pts',(158.254182,99.3026569999998,0.));
#8117=CARTESIAN_POINT('Ctrl Pts',(158.134,99.2465999999999,0.));
#8118=CARTESIAN_POINT('',(158.134,99.2465999999999,0.));
#8119=CARTESIAN_POINT('',(184.9084,149.8478,0.));
#8120=CARTESIAN_POINT('',(184.554847,149.701353,0.));
#8121=CARTESIAN_POINT('Ctrl Pts',(184.9084,149.8478,0.));
#8122=CARTESIAN_POINT('Ctrl Pts',(184.775792,149.8478,0.));
#8123=CARTESIAN_POINT('Ctrl Pts',(184.648615,149.795122,0.));
#8124=CARTESIAN_POINT('Ctrl Pts',(184.554847,149.701353,0.));
#8125=CARTESIAN_POINT('',(184.4084,149.3478,0.));
#8126=CARTESIAN_POINT('Ctrl Pts',(184.554847,149.701353,0.));
#8127=CARTESIAN_POINT('Ctrl Pts',(184.461078,149.607585,0.));
#8128=CARTESIAN_POINT('Ctrl Pts',(184.4084,149.480408,0.));
#8129=CARTESIAN_POINT('Ctrl Pts',(184.4084,149.3478,0.));
#8130=CARTESIAN_POINT('',(184.4084,136.4478,0.));
#8131=CARTESIAN_POINT('',(184.4084,149.3478,0.));
#8132=CARTESIAN_POINT('',(184.554847,136.094247,0.));
#8133=CARTESIAN_POINT('Ctrl Pts',(184.4084,136.4478,0.));
#8134=CARTESIAN_POINT('Ctrl Pts',(184.4084,136.315192,0.));
#8135=CARTESIAN_POINT('Ctrl Pts',(184.461078,136.188015,0.));
#8136=CARTESIAN_POINT('Ctrl Pts',(184.554847,136.094247,0.));
#8137=CARTESIAN_POINT('',(184.9084,135.9478,0.));
#8138=CARTESIAN_POINT('Ctrl Pts',(184.554847,136.094247,0.));
#8139=CARTESIAN_POINT('Ctrl Pts',(184.648615,136.000478,0.));
#8140=CARTESIAN_POINT('Ctrl Pts',(184.775792,135.9478,0.));
#8141=CARTESIAN_POINT('Ctrl Pts',(184.9084,135.9478,0.));
#8142=CARTESIAN_POINT('',(197.8084,135.9478,0.));
#8143=CARTESIAN_POINT('',(184.9084,135.9478,0.));
#8144=CARTESIAN_POINT('',(198.161953,136.094247,0.));
#8145=CARTESIAN_POINT('Ctrl Pts',(197.8084,135.9478,0.));
#8146=CARTESIAN_POINT('Ctrl Pts',(197.941008,135.9478,0.));
#8147=CARTESIAN_POINT('Ctrl Pts',(198.068185,136.000478,0.));
#8148=CARTESIAN_POINT('Ctrl Pts',(198.161953,136.094247,0.));
#8149=CARTESIAN_POINT('',(198.3084,136.4478,0.));
#8150=CARTESIAN_POINT('Ctrl Pts',(198.161953,136.094247,0.));
#8151=CARTESIAN_POINT('Ctrl Pts',(198.255722,136.188014999999,0.));
#8152=CARTESIAN_POINT('Ctrl Pts',(198.3084,136.315192,0.));
#8153=CARTESIAN_POINT('Ctrl Pts',(198.3084,136.4478,0.));
#8154=CARTESIAN_POINT('',(198.3084,149.3478,0.));
#8155=CARTESIAN_POINT('',(198.3084,136.4478,0.));
#8156=CARTESIAN_POINT('',(198.161953,149.701353,0.));
#8157=CARTESIAN_POINT('Ctrl Pts',(198.3084,149.3478,0.));
#8158=CARTESIAN_POINT('Ctrl Pts',(198.3084,149.480408,0.));
#8159=CARTESIAN_POINT('Ctrl Pts',(198.255722,149.607585,0.));
#8160=CARTESIAN_POINT('Ctrl Pts',(198.161953,149.701353,0.));
#8161=CARTESIAN_POINT('',(197.8084,149.8478,0.));
#8162=CARTESIAN_POINT('Ctrl Pts',(198.161953,149.701353,0.));
#8163=CARTESIAN_POINT('Ctrl Pts',(198.068185,149.795122,0.));
#8164=CARTESIAN_POINT('Ctrl Pts',(197.941008,149.8478,0.));
#8165=CARTESIAN_POINT('Ctrl Pts',(197.8084,149.8478,0.));
#8166=CARTESIAN_POINT('',(197.8084,149.8478,0.));
#8167=CARTESIAN_POINT('',(198.0411,91.1864999999995,0.));
#8168=CARTESIAN_POINT('',(197.4619,91.5919999999995,0.));
#8169=CARTESIAN_POINT('Ctrl Pts',(198.0411,91.1864999999995,0.));
#8170=CARTESIAN_POINT('Ctrl Pts',(197.99311,91.4584019999995,0.));
#8171=CARTESIAN_POINT('Ctrl Pts',(197.733811,91.6399379999995,0.));
#8172=CARTESIAN_POINT('Ctrl Pts',(197.4619,91.5919999999995,0.));
#8173=CARTESIAN_POINT('',(184.7578,89.3519999999996,0.));
#8174=CARTESIAN_POINT('',(197.4619,91.5919999999995,0.));
#8175=CARTESIAN_POINT('',(184.3523,88.7727999999996,0.));
#8176=CARTESIAN_POINT('Ctrl Pts',(184.7578,89.3519999999996,0.));
#8177=CARTESIAN_POINT('Ctrl Pts',(184.485898,89.3040099999996,0.));
#8178=CARTESIAN_POINT('Ctrl Pts',(184.304362,89.0447109999996,0.));
#8179=CARTESIAN_POINT('Ctrl Pts',(184.3523,88.7727999999996,0.));
#8180=CARTESIAN_POINT('',(186.5923,76.0686999999996,0.));
#8181=CARTESIAN_POINT('',(184.3523,88.7727999999996,0.));
#8182=CARTESIAN_POINT('',(187.1715,75.6631999999996,0.));
#8183=CARTESIAN_POINT('Ctrl Pts',(186.5923,76.0686999999996,0.));
#8184=CARTESIAN_POINT('Ctrl Pts',(186.64029,75.7967979999996,0.));
#8185=CARTESIAN_POINT('Ctrl Pts',(186.899589,75.6152619999996,0.));
#8186=CARTESIAN_POINT('Ctrl Pts',(187.1715,75.6631999999996,0.));
#8187=CARTESIAN_POINT('',(199.8756,77.9031999999995,0.));
#8188=CARTESIAN_POINT('',(187.1715,75.6631999999996,0.));
#8189=CARTESIAN_POINT('',(200.2811,78.4823999999995,0.));
#8190=CARTESIAN_POINT('Ctrl Pts',(199.8756,77.9031999999995,0.));
#8191=CARTESIAN_POINT('Ctrl Pts',(200.147502,77.9511899999995,0.));
#8192=CARTESIAN_POINT('Ctrl Pts',(200.329038,78.2104889999995,0.));
#8193=CARTESIAN_POINT('Ctrl Pts',(200.2811,78.4823999999995,0.));
#8194=CARTESIAN_POINT('',(200.2811,78.4823999999995,0.));
#8195=CARTESIAN_POINT('',(166.9084,107.6928,0.));
#8196=CARTESIAN_POINT('',(166.554847,107.546353,0.));
#8197=CARTESIAN_POINT('Ctrl Pts',(166.9084,107.6928,0.));
#8198=CARTESIAN_POINT('Ctrl Pts',(166.775792,107.6928,0.));
#8199=CARTESIAN_POINT('Ctrl Pts',(166.648615,107.640122,0.));
#8200=CARTESIAN_POINT('Ctrl Pts',(166.554847,107.546353,0.));
#8201=CARTESIAN_POINT('',(166.4084,107.1928,0.));
#8202=CARTESIAN_POINT('Ctrl Pts',(166.554847,107.546353,0.));
#8203=CARTESIAN_POINT('Ctrl Pts',(166.461078,107.452585,0.));
#8204=CARTESIAN_POINT('Ctrl Pts',(166.4084,107.325408,0.));
#8205=CARTESIAN_POINT('Ctrl Pts',(166.4084,107.1928,0.));
#8206=CARTESIAN_POINT('',(166.4084,94.2927999999998,0.));
#8207=CARTESIAN_POINT('',(166.4084,107.1928,0.));
#8208=CARTESIAN_POINT('',(166.554847,93.9392469999998,0.));
#8209=CARTESIAN_POINT('Ctrl Pts',(166.4084,94.2927999999998,0.));
#8210=CARTESIAN_POINT('Ctrl Pts',(166.4084,94.1601919999998,0.));
#8211=CARTESIAN_POINT('Ctrl Pts',(166.461078,94.0330149999998,0.));
#8212=CARTESIAN_POINT('Ctrl Pts',(166.554847,93.9392469999998,0.));
#8213=CARTESIAN_POINT('',(166.9084,93.7927999999998,0.));
#8214=CARTESIAN_POINT('Ctrl Pts',(166.554847,93.9392469999998,0.));
#8215=CARTESIAN_POINT('Ctrl Pts',(166.648615,93.8454779999998,0.));
#8216=CARTESIAN_POINT('Ctrl Pts',(166.775792,93.7927999999998,0.));
#8217=CARTESIAN_POINT('Ctrl Pts',(166.9084,93.7927999999998,0.));
#8218=CARTESIAN_POINT('',(179.8084,93.7927999999997,0.));
#8219=CARTESIAN_POINT('',(166.9084,93.7927999999998,0.));
#8220=CARTESIAN_POINT('',(180.161953,93.9392469999997,0.));
#8221=CARTESIAN_POINT('Ctrl Pts',(179.8084,93.7927999999997,0.));
#8222=CARTESIAN_POINT('Ctrl Pts',(179.941008,93.7927999999997,0.));
#8223=CARTESIAN_POINT('Ctrl Pts',(180.068185,93.8454779999997,0.));
#8224=CARTESIAN_POINT('Ctrl Pts',(180.161953,93.9392469999997,0.));
#8225=CARTESIAN_POINT('',(180.3084,94.2927999999997,0.));
#8226=CARTESIAN_POINT('Ctrl Pts',(180.161953,93.9392469999997,0.));
#8227=CARTESIAN_POINT('Ctrl Pts',(180.255722,94.0330149999997,0.));
#8228=CARTESIAN_POINT('Ctrl Pts',(180.3084,94.1601919999997,0.));
#8229=CARTESIAN_POINT('Ctrl Pts',(180.3084,94.2927999999997,0.));
#8230=CARTESIAN_POINT('',(180.3084,107.1928,0.));
#8231=CARTESIAN_POINT('',(180.3084,94.2927999999997,0.));
#8232=CARTESIAN_POINT('',(180.161953,107.546353,0.));
#8233=CARTESIAN_POINT('Ctrl Pts',(180.3084,107.1928,0.));
#8234=CARTESIAN_POINT('Ctrl Pts',(180.3084,107.325408,0.));
#8235=CARTESIAN_POINT('Ctrl Pts',(180.255722,107.452585,0.));
#8236=CARTESIAN_POINT('Ctrl Pts',(180.161953,107.546353,0.));
#8237=CARTESIAN_POINT('',(179.8084,107.6928,0.));
#8238=CARTESIAN_POINT('Ctrl Pts',(180.161953,107.546353,0.));
#8239=CARTESIAN_POINT('Ctrl Pts',(180.068185,107.640122,0.));
#8240=CARTESIAN_POINT('Ctrl Pts',(179.941008,107.6928,0.));
#8241=CARTESIAN_POINT('Ctrl Pts',(179.8084,107.6928,0.));
#8242=CARTESIAN_POINT('',(179.8084,107.6928,0.));
#8243=CARTESIAN_POINT('',(238.9084,100.847799999999,0.));
#8244=CARTESIAN_POINT('',(238.554847,100.701352999999,0.));
#8245=CARTESIAN_POINT('Ctrl Pts',(238.9084,100.847799999999,0.));
#8246=CARTESIAN_POINT('Ctrl Pts',(238.775792,100.847799999999,0.));
#8247=CARTESIAN_POINT('Ctrl Pts',(238.648615,100.795121999999,0.));
#8248=CARTESIAN_POINT('Ctrl Pts',(238.554847,100.701352999999,0.));
#8249=CARTESIAN_POINT('',(238.4084,100.347799999999,0.));
#8250=CARTESIAN_POINT('Ctrl Pts',(238.554847,100.701352999999,0.));
#8251=CARTESIAN_POINT('Ctrl Pts',(238.461078,100.607584999999,0.));
#8252=CARTESIAN_POINT('Ctrl Pts',(238.4084,100.480407999999,0.));
#8253=CARTESIAN_POINT('Ctrl Pts',(238.4084,100.347799999999,0.));
#8254=CARTESIAN_POINT('',(238.4084,87.4477999999992,0.));
#8255=CARTESIAN_POINT('',(238.4084,100.347799999999,0.));
#8256=CARTESIAN_POINT('',(238.554847,87.0942469999992,0.));
#8257=CARTESIAN_POINT('Ctrl Pts',(238.4084,87.4477999999992,0.));
#8258=CARTESIAN_POINT('Ctrl Pts',(238.4084,87.3151919999992,0.));
#8259=CARTESIAN_POINT('Ctrl Pts',(238.461078,87.1880149999992,0.));
#8260=CARTESIAN_POINT('Ctrl Pts',(238.554847,87.0942469999992,0.));
#8261=CARTESIAN_POINT('',(238.9084,86.9477999999992,0.));
#8262=CARTESIAN_POINT('Ctrl Pts',(238.554847,87.0942469999992,0.));
#8263=CARTESIAN_POINT('Ctrl Pts',(238.648615,87.0004779999992,0.));
#8264=CARTESIAN_POINT('Ctrl Pts',(238.775792,86.9477999999992,0.));
#8265=CARTESIAN_POINT('Ctrl Pts',(238.9084,86.9477999999992,0.));
#8266=CARTESIAN_POINT('',(251.8084,86.9477999999991,0.));
#8267=CARTESIAN_POINT('',(238.9084,86.9477999999992,0.));
#8268=CARTESIAN_POINT('',(252.161953,87.0942469999991,0.));
#8269=CARTESIAN_POINT('Ctrl Pts',(251.8084,86.9477999999991,0.));
#8270=CARTESIAN_POINT('Ctrl Pts',(251.941008,86.9477999999991,0.));
#8271=CARTESIAN_POINT('Ctrl Pts',(252.068185,87.0004779999991,0.));
#8272=CARTESIAN_POINT('Ctrl Pts',(252.161953,87.0942469999991,0.));
#8273=CARTESIAN_POINT('',(252.3084,87.4477999999991,0.));
#8274=CARTESIAN_POINT('Ctrl Pts',(252.161953,87.0942469999991,0.));
#8275=CARTESIAN_POINT('Ctrl Pts',(252.255722,87.1880149999991,0.));
#8276=CARTESIAN_POINT('Ctrl Pts',(252.3084,87.3151919999991,0.));
#8277=CARTESIAN_POINT('Ctrl Pts',(252.3084,87.4477999999991,0.));
#8278=CARTESIAN_POINT('',(252.3084,100.347799999999,0.));
#8279=CARTESIAN_POINT('',(252.3084,87.4477999999991,0.));
#8280=CARTESIAN_POINT('',(252.161953,100.701352999999,0.));
#8281=CARTESIAN_POINT('Ctrl Pts',(252.3084,100.347799999999,0.));
#8282=CARTESIAN_POINT('Ctrl Pts',(252.3084,100.480407999999,0.));
#8283=CARTESIAN_POINT('Ctrl Pts',(252.255722,100.607584999999,0.));
#8284=CARTESIAN_POINT('Ctrl Pts',(252.161953,100.701352999999,0.));
#8285=CARTESIAN_POINT('',(251.8084,100.847799999999,0.));
#8286=CARTESIAN_POINT('Ctrl Pts',(252.161953,100.701352999999,0.));
#8287=CARTESIAN_POINT('Ctrl Pts',(252.068185,100.795121999999,0.));
#8288=CARTESIAN_POINT('Ctrl Pts',(251.941008,100.847799999999,0.));
#8289=CARTESIAN_POINT('Ctrl Pts',(251.8084,100.847799999999,0.));
#8290=CARTESIAN_POINT('',(251.8084,100.847799999999,0.));
#8291=CARTESIAN_POINT('',(207.6084,101.897767852241,0.));
#8292=CARTESIAN_POINT('Origin',(206.3584,101.897767852241,0.));
#8293=CARTESIAN_POINT('',(149.822832144099,104.107183926121,0.));
#8294=CARTESIAN_POINT('Origin',(148.572832144099,104.107183926121,0.));
#8295=CARTESIAN_POINT('',(202.9084,122.347799999999,0.));
#8296=CARTESIAN_POINT('',(202.554847,122.201353,0.));
#8297=CARTESIAN_POINT('Ctrl Pts',(202.9084,122.347799999999,0.));
#8298=CARTESIAN_POINT('Ctrl Pts',(202.775792,122.347799999999,0.));
#8299=CARTESIAN_POINT('Ctrl Pts',(202.648615,122.295121999999,0.));
#8300=CARTESIAN_POINT('Ctrl Pts',(202.554847,122.201353,0.));
#8301=CARTESIAN_POINT('',(202.4084,121.847799999999,0.));
#8302=CARTESIAN_POINT('Ctrl Pts',(202.554847,122.201353,0.));
#8303=CARTESIAN_POINT('Ctrl Pts',(202.461078,122.107585,0.));
#8304=CARTESIAN_POINT('Ctrl Pts',(202.4084,121.980407999999,0.));
#8305=CARTESIAN_POINT('Ctrl Pts',(202.4084,121.847799999999,0.));
#8306=CARTESIAN_POINT('',(202.4084,108.947799999999,0.));
#8307=CARTESIAN_POINT('',(202.4084,121.847799999999,0.));
#8308=CARTESIAN_POINT('',(202.554847,108.594246999999,0.));
#8309=CARTESIAN_POINT('Ctrl Pts',(202.4084,108.947799999999,0.));
#8310=CARTESIAN_POINT('Ctrl Pts',(202.4084,108.815191999999,0.));
#8311=CARTESIAN_POINT('Ctrl Pts',(202.461078,108.688014999999,0.));
#8312=CARTESIAN_POINT('Ctrl Pts',(202.554847,108.594246999999,0.));
#8313=CARTESIAN_POINT('',(202.9084,108.447799999999,0.));
#8314=CARTESIAN_POINT('Ctrl Pts',(202.554847,108.594246999999,0.));
#8315=CARTESIAN_POINT('Ctrl Pts',(202.648615,108.500477999999,0.));
#8316=CARTESIAN_POINT('Ctrl Pts',(202.775792,108.447799999999,0.));
#8317=CARTESIAN_POINT('Ctrl Pts',(202.9084,108.447799999999,0.));
#8318=CARTESIAN_POINT('',(215.8084,108.447799999999,0.));
#8319=CARTESIAN_POINT('',(202.9084,108.447799999999,0.));
#8320=CARTESIAN_POINT('',(216.161953,108.594246999999,0.));
#8321=CARTESIAN_POINT('Ctrl Pts',(215.8084,108.447799999999,0.));
#8322=CARTESIAN_POINT('Ctrl Pts',(215.941008,108.447799999999,0.));
#8323=CARTESIAN_POINT('Ctrl Pts',(216.068185,108.500477999999,0.));
#8324=CARTESIAN_POINT('Ctrl Pts',(216.161953,108.594246999999,0.));
#8325=CARTESIAN_POINT('',(216.3084,108.947799999999,0.));
#8326=CARTESIAN_POINT('Ctrl Pts',(216.161953,108.594246999999,0.));
#8327=CARTESIAN_POINT('Ctrl Pts',(216.255722,108.688014999999,0.));
#8328=CARTESIAN_POINT('Ctrl Pts',(216.3084,108.815191999999,0.));
#8329=CARTESIAN_POINT('Ctrl Pts',(216.3084,108.947799999999,0.));
#8330=CARTESIAN_POINT('',(216.3084,121.847799999999,0.));
#8331=CARTESIAN_POINT('',(216.3084,108.947799999999,0.));
#8332=CARTESIAN_POINT('',(216.161953,122.201352999999,0.));
#8333=CARTESIAN_POINT('Ctrl Pts',(216.3084,121.847799999999,0.));
#8334=CARTESIAN_POINT('Ctrl Pts',(216.3084,121.980407999999,0.));
#8335=CARTESIAN_POINT('Ctrl Pts',(216.255722,122.107584999999,0.));
#8336=CARTESIAN_POINT('Ctrl Pts',(216.161953,122.201352999999,0.));
#8337=CARTESIAN_POINT('',(215.8084,122.347799999999,0.));
#8338=CARTESIAN_POINT('Ctrl Pts',(216.161953,122.201352999999,0.));
#8339=CARTESIAN_POINT('Ctrl Pts',(216.068185,122.295121999999,0.));
#8340=CARTESIAN_POINT('Ctrl Pts',(215.941008,122.347799999999,0.));
#8341=CARTESIAN_POINT('Ctrl Pts',(215.8084,122.347799999999,0.));
#8342=CARTESIAN_POINT('',(215.8084,122.347799999999,0.));
#8343=CARTESIAN_POINT('',(166.9084,124.6928,0.));
#8344=CARTESIAN_POINT('',(166.554847,124.546353,0.));
#8345=CARTESIAN_POINT('Ctrl Pts',(166.9084,124.6928,0.));
#8346=CARTESIAN_POINT('Ctrl Pts',(166.775792,124.6928,0.));
#8347=CARTESIAN_POINT('Ctrl Pts',(166.648615,124.640122,0.));
#8348=CARTESIAN_POINT('Ctrl Pts',(166.554847,124.546353,0.));
#8349=CARTESIAN_POINT('',(166.4084,124.1928,0.));
#8350=CARTESIAN_POINT('Ctrl Pts',(166.554847,124.546353,0.));
#8351=CARTESIAN_POINT('Ctrl Pts',(166.461078,124.452585,0.));
#8352=CARTESIAN_POINT('Ctrl Pts',(166.4084,124.325408,0.));
#8353=CARTESIAN_POINT('Ctrl Pts',(166.4084,124.1928,0.));
#8354=CARTESIAN_POINT('',(166.4084,111.2928,0.));
#8355=CARTESIAN_POINT('',(166.4084,124.1928,0.));
#8356=CARTESIAN_POINT('',(166.554847,110.939247,0.));
#8357=CARTESIAN_POINT('Ctrl Pts',(166.4084,111.2928,0.));
#8358=CARTESIAN_POINT('Ctrl Pts',(166.4084,111.160192,0.));
#8359=CARTESIAN_POINT('Ctrl Pts',(166.461078,111.033015,0.));
#8360=CARTESIAN_POINT('Ctrl Pts',(166.554847,110.939247,0.));
#8361=CARTESIAN_POINT('',(166.9084,110.7928,0.));
#8362=CARTESIAN_POINT('Ctrl Pts',(166.554847,110.939247,0.));
#8363=CARTESIAN_POINT('Ctrl Pts',(166.648615,110.845478,0.));
#8364=CARTESIAN_POINT('Ctrl Pts',(166.775792,110.7928,0.));
#8365=CARTESIAN_POINT('Ctrl Pts',(166.9084,110.7928,0.));
#8366=CARTESIAN_POINT('',(179.8084,110.7928,0.));
#8367=CARTESIAN_POINT('',(166.9084,110.7928,0.));
#8368=CARTESIAN_POINT('',(180.161953,110.939247,0.));
#8369=CARTESIAN_POINT('Ctrl Pts',(179.8084,110.7928,0.));
#8370=CARTESIAN_POINT('Ctrl Pts',(179.941008,110.7928,0.));
#8371=CARTESIAN_POINT('Ctrl Pts',(180.068185,110.845478,0.));
#8372=CARTESIAN_POINT('Ctrl Pts',(180.161953,110.939247,0.));
#8373=CARTESIAN_POINT('',(180.3084,111.2928,0.));
#8374=CARTESIAN_POINT('Ctrl Pts',(180.161953,110.939247,0.));
#8375=CARTESIAN_POINT('Ctrl Pts',(180.255722,111.033015,0.));
#8376=CARTESIAN_POINT('Ctrl Pts',(180.3084,111.160192,0.));
#8377=CARTESIAN_POINT('Ctrl Pts',(180.3084,111.2928,0.));
#8378=CARTESIAN_POINT('',(180.3084,124.1928,0.));
#8379=CARTESIAN_POINT('',(180.3084,111.2928,0.));
#8380=CARTESIAN_POINT('',(180.161953,124.546353,0.));
#8381=CARTESIAN_POINT('Ctrl Pts',(180.3084,124.1928,0.));
#8382=CARTESIAN_POINT('Ctrl Pts',(180.3084,124.325408,0.));
#8383=CARTESIAN_POINT('Ctrl Pts',(180.255722,124.452585,0.));
#8384=CARTESIAN_POINT('Ctrl Pts',(180.161953,124.546353,0.));
#8385=CARTESIAN_POINT('',(179.8084,124.6928,0.));
#8386=CARTESIAN_POINT('Ctrl Pts',(180.161953,124.546353,0.));
#8387=CARTESIAN_POINT('Ctrl Pts',(180.068185,124.640122,0.));
#8388=CARTESIAN_POINT('Ctrl Pts',(179.941008,124.6928,0.));
#8389=CARTESIAN_POINT('Ctrl Pts',(179.8084,124.6928,0.));
#8390=CARTESIAN_POINT('',(179.8084,124.6928,0.));
#8391=CARTESIAN_POINT('',(220.9084,147.847799999999,0.));
#8392=CARTESIAN_POINT('',(220.554847,147.701352999999,0.));
#8393=CARTESIAN_POINT('Ctrl Pts',(220.9084,147.847799999999,0.));
#8394=CARTESIAN_POINT('Ctrl Pts',(220.775792,147.847799999999,0.));
#8395=CARTESIAN_POINT('Ctrl Pts',(220.648615,147.795121999999,0.));
#8396=CARTESIAN_POINT('Ctrl Pts',(220.554847,147.701352999999,0.));
#8397=CARTESIAN_POINT('',(220.4084,147.347799999999,0.));
#8398=CARTESIAN_POINT('Ctrl Pts',(220.554847,147.701352999999,0.));
#8399=CARTESIAN_POINT('Ctrl Pts',(220.461078,147.607584999999,0.));
#8400=CARTESIAN_POINT('Ctrl Pts',(220.4084,147.480407999999,0.));
#8401=CARTESIAN_POINT('Ctrl Pts',(220.4084,147.347799999999,0.));
#8402=CARTESIAN_POINT('',(220.4084,134.447799999999,0.));
#8403=CARTESIAN_POINT('',(220.4084,147.347799999999,0.));
#8404=CARTESIAN_POINT('',(220.554847,134.094246999999,0.));
#8405=CARTESIAN_POINT('Ctrl Pts',(220.4084,134.447799999999,0.));
#8406=CARTESIAN_POINT('Ctrl Pts',(220.4084,134.315191999999,0.));
#8407=CARTESIAN_POINT('Ctrl Pts',(220.461078,134.188014999999,0.));
#8408=CARTESIAN_POINT('Ctrl Pts',(220.554847,134.094246999999,0.));
#8409=CARTESIAN_POINT('',(220.9084,133.947799999999,0.));
#8410=CARTESIAN_POINT('Ctrl Pts',(220.554847,134.094246999999,0.));
#8411=CARTESIAN_POINT('Ctrl Pts',(220.648615,134.000477999999,0.));
#8412=CARTESIAN_POINT('Ctrl Pts',(220.775792,133.947799999999,0.));
#8413=CARTESIAN_POINT('Ctrl Pts',(220.9084,133.947799999999,0.));
#8414=CARTESIAN_POINT('',(233.8084,133.947799999999,0.));
#8415=CARTESIAN_POINT('',(220.9084,133.947799999999,0.));
#8416=CARTESIAN_POINT('',(234.161953,134.094246999999,0.));
#8417=CARTESIAN_POINT('Ctrl Pts',(233.8084,133.947799999999,0.));
#8418=CARTESIAN_POINT('Ctrl Pts',(233.941008,133.947799999999,0.));
#8419=CARTESIAN_POINT('Ctrl Pts',(234.068185,134.000477999999,0.));
#8420=CARTESIAN_POINT('Ctrl Pts',(234.161953,134.094246999999,0.));
#8421=CARTESIAN_POINT('',(234.3084,134.447799999999,0.));
#8422=CARTESIAN_POINT('Ctrl Pts',(234.161953,134.094246999999,0.));
#8423=CARTESIAN_POINT('Ctrl Pts',(234.255722,134.188014999999,0.));
#8424=CARTESIAN_POINT('Ctrl Pts',(234.3084,134.315191999999,0.));
#8425=CARTESIAN_POINT('Ctrl Pts',(234.3084,134.447799999999,0.));
#8426=CARTESIAN_POINT('',(234.3084,147.347799999999,0.));
#8427=CARTESIAN_POINT('',(234.3084,134.447799999999,0.));
#8428=CARTESIAN_POINT('',(234.161953,147.701352999999,0.));
#8429=CARTESIAN_POINT('Ctrl Pts',(234.3084,147.347799999999,0.));
#8430=CARTESIAN_POINT('Ctrl Pts',(234.3084,147.480407999999,0.));
#8431=CARTESIAN_POINT('Ctrl Pts',(234.255722,147.607584999999,0.));
#8432=CARTESIAN_POINT('Ctrl Pts',(234.161953,147.701352999999,0.));
#8433=CARTESIAN_POINT('',(233.8084,147.847799999999,0.));
#8434=CARTESIAN_POINT('Ctrl Pts',(234.161953,147.701352999999,0.));
#8435=CARTESIAN_POINT('Ctrl Pts',(234.068185,147.795121999999,0.));
#8436=CARTESIAN_POINT('Ctrl Pts',(233.941008,147.847799999999,0.));
#8437=CARTESIAN_POINT('Ctrl Pts',(233.8084,147.847799999999,0.));
#8438=CARTESIAN_POINT('',(233.8084,147.847799999999,0.));
#8439=CARTESIAN_POINT('',(220.9084,113.847799999999,0.));
#8440=CARTESIAN_POINT('',(220.554847,113.701352999999,0.));
#8441=CARTESIAN_POINT('Ctrl Pts',(220.9084,113.847799999999,0.));
#8442=CARTESIAN_POINT('Ctrl Pts',(220.775792,113.847799999999,0.));
#8443=CARTESIAN_POINT('Ctrl Pts',(220.648615,113.795121999999,0.));
#8444=CARTESIAN_POINT('Ctrl Pts',(220.554847,113.701352999999,0.));
#8445=CARTESIAN_POINT('',(220.4084,113.347799999999,0.));
#8446=CARTESIAN_POINT('Ctrl Pts',(220.554847,113.701352999999,0.));
#8447=CARTESIAN_POINT('Ctrl Pts',(220.461078,113.607584999999,0.));
#8448=CARTESIAN_POINT('Ctrl Pts',(220.4084,113.480407999999,0.));
#8449=CARTESIAN_POINT('Ctrl Pts',(220.4084,113.347799999999,0.));
#8450=CARTESIAN_POINT('',(220.4084,100.447799999999,0.));
#8451=CARTESIAN_POINT('',(220.4084,113.347799999999,0.));
#8452=CARTESIAN_POINT('',(220.554847,100.094246999999,0.));
#8453=CARTESIAN_POINT('Ctrl Pts',(220.4084,100.447799999999,0.));
#8454=CARTESIAN_POINT('Ctrl Pts',(220.4084,100.315191999999,0.));
#8455=CARTESIAN_POINT('Ctrl Pts',(220.461078,100.188014999999,0.));
#8456=CARTESIAN_POINT('Ctrl Pts',(220.554847,100.094246999999,0.));
#8457=CARTESIAN_POINT('',(220.9084,99.9477999999993,0.));
#8458=CARTESIAN_POINT('Ctrl Pts',(220.554847,100.094246999999,0.));
#8459=CARTESIAN_POINT('Ctrl Pts',(220.648615,100.000477999999,0.));
#8460=CARTESIAN_POINT('Ctrl Pts',(220.775792,99.9477999999993,0.));
#8461=CARTESIAN_POINT('Ctrl Pts',(220.9084,99.9477999999993,0.));
#8462=CARTESIAN_POINT('',(233.8084,99.9477999999992,0.));
#8463=CARTESIAN_POINT('',(220.9084,99.9477999999993,0.));
#8464=CARTESIAN_POINT('',(234.161953,100.094246999999,0.));
#8465=CARTESIAN_POINT('Ctrl Pts',(233.8084,99.9477999999992,0.));
#8466=CARTESIAN_POINT('Ctrl Pts',(233.941008,99.9477999999992,0.));
#8467=CARTESIAN_POINT('Ctrl Pts',(234.068185,100.000477999999,0.));
#8468=CARTESIAN_POINT('Ctrl Pts',(234.161953,100.094246999999,0.));
#8469=CARTESIAN_POINT('',(234.3084,100.447799999999,0.));
#8470=CARTESIAN_POINT('Ctrl Pts',(234.161953,100.094246999999,0.));
#8471=CARTESIAN_POINT('Ctrl Pts',(234.255722,100.188014999999,0.));
#8472=CARTESIAN_POINT('Ctrl Pts',(234.3084,100.315191999999,0.));
#8473=CARTESIAN_POINT('Ctrl Pts',(234.3084,100.447799999999,0.));
#8474=CARTESIAN_POINT('',(234.3084,113.347799999999,0.));
#8475=CARTESIAN_POINT('',(234.3084,100.447799999999,0.));
#8476=CARTESIAN_POINT('',(234.161953,113.701352999999,0.));
#8477=CARTESIAN_POINT('Ctrl Pts',(234.3084,113.347799999999,0.));
#8478=CARTESIAN_POINT('Ctrl Pts',(234.3084,113.480407999999,0.));
#8479=CARTESIAN_POINT('Ctrl Pts',(234.255722,113.607584999999,0.));
#8480=CARTESIAN_POINT('Ctrl Pts',(234.161953,113.701352999999,0.));
#8481=CARTESIAN_POINT('',(233.8084,113.847799999999,0.));
#8482=CARTESIAN_POINT('Ctrl Pts',(234.161953,113.701352999999,0.));
#8483=CARTESIAN_POINT('Ctrl Pts',(234.068185,113.795121999999,0.));
#8484=CARTESIAN_POINT('Ctrl Pts',(233.941008,113.847799999999,0.));
#8485=CARTESIAN_POINT('Ctrl Pts',(233.8084,113.847799999999,0.));
#8486=CARTESIAN_POINT('',(233.8084,113.847799999999,0.));
#8487=CARTESIAN_POINT('',(238.9084,117.847799999999,0.));
#8488=CARTESIAN_POINT('',(238.554847,117.701352999999,0.));
#8489=CARTESIAN_POINT('Ctrl Pts',(238.9084,117.847799999999,0.));
#8490=CARTESIAN_POINT('Ctrl Pts',(238.775792,117.847799999999,0.));
#8491=CARTESIAN_POINT('Ctrl Pts',(238.648615,117.795121999999,0.));
#8492=CARTESIAN_POINT('Ctrl Pts',(238.554847,117.701352999999,0.));
#8493=CARTESIAN_POINT('',(238.4084,117.347799999999,0.));
#8494=CARTESIAN_POINT('Ctrl Pts',(238.554847,117.701352999999,0.));
#8495=CARTESIAN_POINT('Ctrl Pts',(238.461078,117.607584999999,0.));
#8496=CARTESIAN_POINT('Ctrl Pts',(238.4084,117.480407999999,0.));
#8497=CARTESIAN_POINT('Ctrl Pts',(238.4084,117.347799999999,0.));
#8498=CARTESIAN_POINT('',(238.4084,104.447799999999,0.));
#8499=CARTESIAN_POINT('',(238.4084,117.347799999999,0.));
#8500=CARTESIAN_POINT('',(238.554847,104.094246999999,0.));
#8501=CARTESIAN_POINT('Ctrl Pts',(238.4084,104.447799999999,0.));
#8502=CARTESIAN_POINT('Ctrl Pts',(238.4084,104.315191999999,0.));
#8503=CARTESIAN_POINT('Ctrl Pts',(238.461078,104.188014999999,0.));
#8504=CARTESIAN_POINT('Ctrl Pts',(238.554847,104.094246999999,0.));
#8505=CARTESIAN_POINT('',(238.9084,103.947799999999,0.));
#8506=CARTESIAN_POINT('Ctrl Pts',(238.554847,104.094246999999,0.));
#8507=CARTESIAN_POINT('Ctrl Pts',(238.648615,104.000477999999,0.));
#8508=CARTESIAN_POINT('Ctrl Pts',(238.775792,103.947799999999,0.));
#8509=CARTESIAN_POINT('Ctrl Pts',(238.9084,103.947799999999,0.));
#8510=CARTESIAN_POINT('',(251.8084,103.947799999999,0.));
#8511=CARTESIAN_POINT('',(238.9084,103.947799999999,0.));
#8512=CARTESIAN_POINT('',(252.161953,104.094246999999,0.));
#8513=CARTESIAN_POINT('Ctrl Pts',(251.8084,103.947799999999,0.));
#8514=CARTESIAN_POINT('Ctrl Pts',(251.941008,103.947799999999,0.));
#8515=CARTESIAN_POINT('Ctrl Pts',(252.068185,104.000477999999,0.));
#8516=CARTESIAN_POINT('Ctrl Pts',(252.161953,104.094246999999,0.));
#8517=CARTESIAN_POINT('',(252.3084,104.447799999999,0.));
#8518=CARTESIAN_POINT('Ctrl Pts',(252.161953,104.094246999999,0.));
#8519=CARTESIAN_POINT('Ctrl Pts',(252.255722,104.188014999999,0.));
#8520=CARTESIAN_POINT('Ctrl Pts',(252.3084,104.315191999999,0.));
#8521=CARTESIAN_POINT('Ctrl Pts',(252.3084,104.447799999999,0.));
#8522=CARTESIAN_POINT('',(252.3084,117.347799999999,0.));
#8523=CARTESIAN_POINT('',(252.3084,104.447799999999,0.));
#8524=CARTESIAN_POINT('',(252.161953,117.701352999999,0.));
#8525=CARTESIAN_POINT('Ctrl Pts',(252.3084,117.347799999999,0.));
#8526=CARTESIAN_POINT('Ctrl Pts',(252.3084,117.480407999999,0.));
#8527=CARTESIAN_POINT('Ctrl Pts',(252.255722,117.607584999999,0.));
#8528=CARTESIAN_POINT('Ctrl Pts',(252.161953,117.701352999999,0.));
#8529=CARTESIAN_POINT('',(251.8084,117.847799999999,0.));
#8530=CARTESIAN_POINT('Ctrl Pts',(252.161953,117.701352999999,0.));
#8531=CARTESIAN_POINT('Ctrl Pts',(252.068185,117.795121999999,0.));
#8532=CARTESIAN_POINT('Ctrl Pts',(251.941008,117.847799999999,0.));
#8533=CARTESIAN_POINT('Ctrl Pts',(251.8084,117.847799999999,0.));
#8534=CARTESIAN_POINT('',(251.8084,117.847799999999,0.));
#8535=CARTESIAN_POINT('',(235.0834,83.8727678522412,0.));
#8536=CARTESIAN_POINT('Origin',(233.8334,83.8727678522413,0.));
#8537=CARTESIAN_POINT('',(166.9084,141.6928,0.));
#8538=CARTESIAN_POINT('',(166.554847,141.546353,0.));
#8539=CARTESIAN_POINT('Ctrl Pts',(166.9084,141.6928,0.));
#8540=CARTESIAN_POINT('Ctrl Pts',(166.775792,141.6928,0.));
#8541=CARTESIAN_POINT('Ctrl Pts',(166.648615,141.640122,0.));
#8542=CARTESIAN_POINT('Ctrl Pts',(166.554847,141.546353,0.));
#8543=CARTESIAN_POINT('',(166.4084,141.1928,0.));
#8544=CARTESIAN_POINT('Ctrl Pts',(166.554847,141.546353,0.));
#8545=CARTESIAN_POINT('Ctrl Pts',(166.461078,141.452585,0.));
#8546=CARTESIAN_POINT('Ctrl Pts',(166.4084,141.325408,0.));
#8547=CARTESIAN_POINT('Ctrl Pts',(166.4084,141.1928,0.));
#8548=CARTESIAN_POINT('',(166.4084,128.2928,0.));
#8549=CARTESIAN_POINT('',(166.4084,141.1928,0.));
#8550=CARTESIAN_POINT('',(166.554847,127.939247,0.));
#8551=CARTESIAN_POINT('Ctrl Pts',(166.4084,128.2928,0.));
#8552=CARTESIAN_POINT('Ctrl Pts',(166.4084,128.160192,0.));
#8553=CARTESIAN_POINT('Ctrl Pts',(166.461078,128.033015,0.));
#8554=CARTESIAN_POINT('Ctrl Pts',(166.554847,127.939247,0.));
#8555=CARTESIAN_POINT('',(166.9084,127.7928,0.));
#8556=CARTESIAN_POINT('Ctrl Pts',(166.554847,127.939247,0.));
#8557=CARTESIAN_POINT('Ctrl Pts',(166.648615,127.845478,0.));
#8558=CARTESIAN_POINT('Ctrl Pts',(166.775792,127.7928,0.));
#8559=CARTESIAN_POINT('Ctrl Pts',(166.9084,127.7928,0.));
#8560=CARTESIAN_POINT('',(179.8084,127.7928,0.));
#8561=CARTESIAN_POINT('',(166.9084,127.7928,0.));
#8562=CARTESIAN_POINT('',(180.161953,127.939247,0.));
#8563=CARTESIAN_POINT('Ctrl Pts',(179.8084,127.7928,0.));
#8564=CARTESIAN_POINT('Ctrl Pts',(179.941008,127.7928,0.));
#8565=CARTESIAN_POINT('Ctrl Pts',(180.068185,127.845478,0.));
#8566=CARTESIAN_POINT('Ctrl Pts',(180.161953,127.939247,0.));
#8567=CARTESIAN_POINT('',(180.3084,128.2928,0.));
#8568=CARTESIAN_POINT('Ctrl Pts',(180.161953,127.939247,0.));
#8569=CARTESIAN_POINT('Ctrl Pts',(180.255722,128.033015,0.));
#8570=CARTESIAN_POINT('Ctrl Pts',(180.3084,128.160192,0.));
#8571=CARTESIAN_POINT('Ctrl Pts',(180.3084,128.2928,0.));
#8572=CARTESIAN_POINT('',(180.3084,141.1928,0.));
#8573=CARTESIAN_POINT('',(180.3084,128.2928,0.));
#8574=CARTESIAN_POINT('',(180.161953,141.546353,0.));
#8575=CARTESIAN_POINT('Ctrl Pts',(180.3084,141.1928,0.));
#8576=CARTESIAN_POINT('Ctrl Pts',(180.3084,141.325408,0.));
#8577=CARTESIAN_POINT('Ctrl Pts',(180.255722,141.452585,0.));
#8578=CARTESIAN_POINT('Ctrl Pts',(180.161953,141.546353,0.));
#8579=CARTESIAN_POINT('',(179.8084,141.6928,0.));
#8580=CARTESIAN_POINT('Ctrl Pts',(180.161953,141.546353,0.));
#8581=CARTESIAN_POINT('Ctrl Pts',(180.068185,141.640122,0.));
#8582=CARTESIAN_POINT('Ctrl Pts',(179.941008,141.6928,0.));
#8583=CARTESIAN_POINT('Ctrl Pts',(179.8084,141.6928,0.));
#8584=CARTESIAN_POINT('',(179.8084,141.6928,0.));
#8585=CARTESIAN_POINT('',(160.1183,77.9630678522418,0.));
#8586=CARTESIAN_POINT('Origin',(158.8683,77.9630678522418,0.));
#8587=CARTESIAN_POINT('',(184.9084,132.8478,0.));
#8588=CARTESIAN_POINT('',(184.554847,132.701353,0.));
#8589=CARTESIAN_POINT('Ctrl Pts',(184.9084,132.8478,0.));
#8590=CARTESIAN_POINT('Ctrl Pts',(184.775792,132.8478,0.));
#8591=CARTESIAN_POINT('Ctrl Pts',(184.648615,132.795122,0.));
#8592=CARTESIAN_POINT('Ctrl Pts',(184.554847,132.701353,0.));
#8593=CARTESIAN_POINT('',(184.4084,132.3478,0.));
#8594=CARTESIAN_POINT('Ctrl Pts',(184.554847,132.701353,0.));
#8595=CARTESIAN_POINT('Ctrl Pts',(184.461078,132.607585,0.));
#8596=CARTESIAN_POINT('Ctrl Pts',(184.4084,132.480408,0.));
#8597=CARTESIAN_POINT('Ctrl Pts',(184.4084,132.3478,0.));
#8598=CARTESIAN_POINT('',(184.4084,119.4478,0.));
#8599=CARTESIAN_POINT('',(184.4084,132.3478,0.));
#8600=CARTESIAN_POINT('',(184.554847,119.094247,0.));
#8601=CARTESIAN_POINT('Ctrl Pts',(184.4084,119.4478,0.));
#8602=CARTESIAN_POINT('Ctrl Pts',(184.4084,119.315192,0.));
#8603=CARTESIAN_POINT('Ctrl Pts',(184.461078,119.188015,0.));
#8604=CARTESIAN_POINT('Ctrl Pts',(184.554847,119.094247,0.));
#8605=CARTESIAN_POINT('',(184.9084,118.9478,0.));
#8606=CARTESIAN_POINT('Ctrl Pts',(184.554847,119.094247,0.));
#8607=CARTESIAN_POINT('Ctrl Pts',(184.648615,119.000478,0.));
#8608=CARTESIAN_POINT('Ctrl Pts',(184.775792,118.9478,0.));
#8609=CARTESIAN_POINT('Ctrl Pts',(184.9084,118.9478,0.));
#8610=CARTESIAN_POINT('',(197.8084,118.9478,0.));
#8611=CARTESIAN_POINT('',(184.9084,118.9478,0.));
#8612=CARTESIAN_POINT('',(198.161953,119.094247,0.));
#8613=CARTESIAN_POINT('Ctrl Pts',(197.8084,118.9478,0.));
#8614=CARTESIAN_POINT('Ctrl Pts',(197.941008,118.9478,0.));
#8615=CARTESIAN_POINT('Ctrl Pts',(198.068185,119.000478,0.));
#8616=CARTESIAN_POINT('Ctrl Pts',(198.161953,119.094247,0.));
#8617=CARTESIAN_POINT('',(198.3084,119.4478,0.));
#8618=CARTESIAN_POINT('Ctrl Pts',(198.161953,119.094247,0.));
#8619=CARTESIAN_POINT('Ctrl Pts',(198.255722,119.188015,0.));
#8620=CARTESIAN_POINT('Ctrl Pts',(198.3084,119.315192,0.));
#8621=CARTESIAN_POINT('Ctrl Pts',(198.3084,119.4478,0.));
#8622=CARTESIAN_POINT('',(198.3084,132.3478,0.));
#8623=CARTESIAN_POINT('',(198.3084,119.4478,0.));
#8624=CARTESIAN_POINT('',(198.161953,132.701353,0.));
#8625=CARTESIAN_POINT('Ctrl Pts',(198.3084,132.3478,0.));
#8626=CARTESIAN_POINT('Ctrl Pts',(198.3084,132.480408,0.));
#8627=CARTESIAN_POINT('Ctrl Pts',(198.255722,132.607585,0.));
#8628=CARTESIAN_POINT('Ctrl Pts',(198.161953,132.701353,0.));
#8629=CARTESIAN_POINT('',(197.8084,132.8478,0.));
#8630=CARTESIAN_POINT('Ctrl Pts',(198.161953,132.701353,0.));
#8631=CARTESIAN_POINT('Ctrl Pts',(198.068185,132.795122,0.));
#8632=CARTESIAN_POINT('Ctrl Pts',(197.941008,132.8478,0.));
#8633=CARTESIAN_POINT('Ctrl Pts',(197.8084,132.8478,0.));
#8634=CARTESIAN_POINT('',(197.8084,132.8478,0.));
#8635=CARTESIAN_POINT('',(202.9084,156.347799999999,0.));
#8636=CARTESIAN_POINT('',(202.554847,156.201353,0.));
#8637=CARTESIAN_POINT('Ctrl Pts',(202.9084,156.347799999999,0.));
#8638=CARTESIAN_POINT('Ctrl Pts',(202.775792,156.347799999999,0.));
#8639=CARTESIAN_POINT('Ctrl Pts',(202.648615,156.295121999999,0.));
#8640=CARTESIAN_POINT('Ctrl Pts',(202.554847,156.201353,0.));
#8641=CARTESIAN_POINT('',(202.4084,155.847799999999,0.));
#8642=CARTESIAN_POINT('Ctrl Pts',(202.554847,156.201353,0.));
#8643=CARTESIAN_POINT('Ctrl Pts',(202.461078,156.107584999999,0.));
#8644=CARTESIAN_POINT('Ctrl Pts',(202.4084,155.980407999999,0.));
#8645=CARTESIAN_POINT('Ctrl Pts',(202.4084,155.847799999999,0.));
#8646=CARTESIAN_POINT('',(202.4084,142.947799999999,0.));
#8647=CARTESIAN_POINT('',(202.4084,155.847799999999,0.));
#8648=CARTESIAN_POINT('',(202.554847,142.594246999999,0.));
#8649=CARTESIAN_POINT('Ctrl Pts',(202.4084,142.947799999999,0.));
#8650=CARTESIAN_POINT('Ctrl Pts',(202.4084,142.815191999999,0.));
#8651=CARTESIAN_POINT('Ctrl Pts',(202.461078,142.688014999999,0.));
#8652=CARTESIAN_POINT('Ctrl Pts',(202.554847,142.594246999999,0.));
#8653=CARTESIAN_POINT('',(202.9084,142.447799999999,0.));
#8654=CARTESIAN_POINT('Ctrl Pts',(202.554847,142.594246999999,0.));
#8655=CARTESIAN_POINT('Ctrl Pts',(202.648615,142.500478,0.));
#8656=CARTESIAN_POINT('Ctrl Pts',(202.775792,142.447799999999,0.));
#8657=CARTESIAN_POINT('Ctrl Pts',(202.9084,142.447799999999,0.));
#8658=CARTESIAN_POINT('',(215.8084,142.447799999999,0.));
#8659=CARTESIAN_POINT('',(202.9084,142.447799999999,0.));
#8660=CARTESIAN_POINT('',(216.161953,142.594246999999,0.));
#8661=CARTESIAN_POINT('Ctrl Pts',(215.8084,142.447799999999,0.));
#8662=CARTESIAN_POINT('Ctrl Pts',(215.941008,142.447799999999,0.));
#8663=CARTESIAN_POINT('Ctrl Pts',(216.068185,142.500477999999,0.));
#8664=CARTESIAN_POINT('Ctrl Pts',(216.161953,142.594246999999,0.));
#8665=CARTESIAN_POINT('',(216.3084,142.947799999999,0.));
#8666=CARTESIAN_POINT('Ctrl Pts',(216.161953,142.594246999999,0.));
#8667=CARTESIAN_POINT('Ctrl Pts',(216.255722,142.688014999999,0.));
#8668=CARTESIAN_POINT('Ctrl Pts',(216.3084,142.815191999999,0.));
#8669=CARTESIAN_POINT('Ctrl Pts',(216.3084,142.947799999999,0.));
#8670=CARTESIAN_POINT('',(216.3084,155.847799999999,0.));
#8671=CARTESIAN_POINT('',(216.3084,142.947799999999,0.));
#8672=CARTESIAN_POINT('',(216.161953,156.201352999999,0.));
#8673=CARTESIAN_POINT('Ctrl Pts',(216.3084,155.847799999999,0.));
#8674=CARTESIAN_POINT('Ctrl Pts',(216.3084,155.980407999999,0.));
#8675=CARTESIAN_POINT('Ctrl Pts',(216.255722,156.107584999999,0.));
#8676=CARTESIAN_POINT('Ctrl Pts',(216.161953,156.201352999999,0.));
#8677=CARTESIAN_POINT('',(215.8084,156.347799999999,0.));
#8678=CARTESIAN_POINT('Ctrl Pts',(216.161953,156.201352999999,0.));
#8679=CARTESIAN_POINT('Ctrl Pts',(216.068185,156.295121999999,0.));
#8680=CARTESIAN_POINT('Ctrl Pts',(215.941008,156.347799999999,0.));
#8681=CARTESIAN_POINT('Ctrl Pts',(215.8084,156.347799999999,0.));
#8682=CARTESIAN_POINT('',(215.8084,156.347799999999,0.));
#8683=CARTESIAN_POINT('',(220.9084,130.847799999999,0.));
#8684=CARTESIAN_POINT('',(220.554847,130.701352999999,0.));
#8685=CARTESIAN_POINT('Ctrl Pts',(220.9084,130.847799999999,0.));
#8686=CARTESIAN_POINT('Ctrl Pts',(220.775792,130.847799999999,0.));
#8687=CARTESIAN_POINT('Ctrl Pts',(220.648615,130.795121999999,0.));
#8688=CARTESIAN_POINT('Ctrl Pts',(220.554847,130.701352999999,0.));
#8689=CARTESIAN_POINT('',(220.4084,130.347799999999,0.));
#8690=CARTESIAN_POINT('Ctrl Pts',(220.554847,130.701352999999,0.));
#8691=CARTESIAN_POINT('Ctrl Pts',(220.461078,130.607584999999,0.));
#8692=CARTESIAN_POINT('Ctrl Pts',(220.4084,130.480407999999,0.));
#8693=CARTESIAN_POINT('Ctrl Pts',(220.4084,130.347799999999,0.));
#8694=CARTESIAN_POINT('',(220.4084,117.447799999999,0.));
#8695=CARTESIAN_POINT('',(220.4084,130.347799999999,0.));
#8696=CARTESIAN_POINT('',(220.554847,117.094246999999,0.));
#8697=CARTESIAN_POINT('Ctrl Pts',(220.4084,117.447799999999,0.));
#8698=CARTESIAN_POINT('Ctrl Pts',(220.4084,117.315191999999,0.));
#8699=CARTESIAN_POINT('Ctrl Pts',(220.461078,117.188014999999,0.));
#8700=CARTESIAN_POINT('Ctrl Pts',(220.554847,117.094246999999,0.));
#8701=CARTESIAN_POINT('',(220.9084,116.947799999999,0.));
#8702=CARTESIAN_POINT('Ctrl Pts',(220.554847,117.094246999999,0.));
#8703=CARTESIAN_POINT('Ctrl Pts',(220.648615,117.000477999999,0.));
#8704=CARTESIAN_POINT('Ctrl Pts',(220.775792,116.947799999999,0.));
#8705=CARTESIAN_POINT('Ctrl Pts',(220.9084,116.947799999999,0.));
#8706=CARTESIAN_POINT('',(233.8084,116.947799999999,0.));
#8707=CARTESIAN_POINT('',(220.9084,116.947799999999,0.));
#8708=CARTESIAN_POINT('',(234.161953,117.094246999999,0.));
#8709=CARTESIAN_POINT('Ctrl Pts',(233.8084,116.947799999999,0.));
#8710=CARTESIAN_POINT('Ctrl Pts',(233.941008,116.947799999999,0.));
#8711=CARTESIAN_POINT('Ctrl Pts',(234.068185,117.000477999999,0.));
#8712=CARTESIAN_POINT('Ctrl Pts',(234.161953,117.094246999999,0.));
#8713=CARTESIAN_POINT('',(234.3084,117.447799999999,0.));
#8714=CARTESIAN_POINT('Ctrl Pts',(234.161953,117.094246999999,0.));
#8715=CARTESIAN_POINT('Ctrl Pts',(234.255722,117.188014999999,0.));
#8716=CARTESIAN_POINT('Ctrl Pts',(234.3084,117.315191999999,0.));
#8717=CARTESIAN_POINT('Ctrl Pts',(234.3084,117.447799999999,0.));
#8718=CARTESIAN_POINT('',(234.3084,130.347799999999,0.));
#8719=CARTESIAN_POINT('',(234.3084,117.447799999999,0.));
#8720=CARTESIAN_POINT('',(234.161953,130.701352999999,0.));
#8721=CARTESIAN_POINT('Ctrl Pts',(234.3084,130.347799999999,0.));
#8722=CARTESIAN_POINT('Ctrl Pts',(234.3084,130.480407999999,0.));
#8723=CARTESIAN_POINT('Ctrl Pts',(234.255722,130.607584999999,0.));
#8724=CARTESIAN_POINT('Ctrl Pts',(234.161953,130.701352999999,0.));
#8725=CARTESIAN_POINT('',(233.8084,130.847799999999,0.));
#8726=CARTESIAN_POINT('Ctrl Pts',(234.161953,130.701352999999,0.));
#8727=CARTESIAN_POINT('Ctrl Pts',(234.068185,130.795121999999,0.));
#8728=CARTESIAN_POINT('Ctrl Pts',(233.941008,130.847799999999,0.));
#8729=CARTESIAN_POINT('Ctrl Pts',(233.8084,130.847799999999,0.));
#8730=CARTESIAN_POINT('',(233.8084,130.847799999999,0.));
#8731=CARTESIAN_POINT('',(165.6228,146.707167852242,0.));
#8732=CARTESIAN_POINT('Origin',(164.3728,146.707167852242,0.));
#8733=CARTESIAN_POINT('',(241.7901,140.803799999999,0.));
#8734=CARTESIAN_POINT('Origin',(240.5401,140.803799999999,0.));
#8735=CARTESIAN_POINT('',(202.9084,139.347799999999,0.));
#8736=CARTESIAN_POINT('',(202.554847,139.201353,0.));
#8737=CARTESIAN_POINT('Ctrl Pts',(202.9084,139.347799999999,0.));
#8738=CARTESIAN_POINT('Ctrl Pts',(202.775792,139.347799999999,0.));
#8739=CARTESIAN_POINT('Ctrl Pts',(202.648615,139.295121999999,0.));
#8740=CARTESIAN_POINT('Ctrl Pts',(202.554847,139.201353,0.));
#8741=CARTESIAN_POINT('',(202.4084,138.847799999999,0.));
#8742=CARTESIAN_POINT('Ctrl Pts',(202.554847,139.201353,0.));
#8743=CARTESIAN_POINT('Ctrl Pts',(202.461078,139.107584999999,0.));
#8744=CARTESIAN_POINT('Ctrl Pts',(202.4084,138.980407999999,0.));
#8745=CARTESIAN_POINT('Ctrl Pts',(202.4084,138.847799999999,0.));
#8746=CARTESIAN_POINT('',(202.4084,125.947799999999,0.));
#8747=CARTESIAN_POINT('',(202.4084,138.847799999999,0.));
#8748=CARTESIAN_POINT('',(202.554847,125.594246999999,0.));
#8749=CARTESIAN_POINT('Ctrl Pts',(202.4084,125.947799999999,0.));
#8750=CARTESIAN_POINT('Ctrl Pts',(202.4084,125.815191999999,0.));
#8751=CARTESIAN_POINT('Ctrl Pts',(202.461078,125.688014999999,0.));
#8752=CARTESIAN_POINT('Ctrl Pts',(202.554847,125.594246999999,0.));
#8753=CARTESIAN_POINT('',(202.9084,125.447799999999,0.));
#8754=CARTESIAN_POINT('Ctrl Pts',(202.554847,125.594246999999,0.));
#8755=CARTESIAN_POINT('Ctrl Pts',(202.648615,125.500478,0.));
#8756=CARTESIAN_POINT('Ctrl Pts',(202.775792,125.447799999999,0.));
#8757=CARTESIAN_POINT('Ctrl Pts',(202.9084,125.447799999999,0.));
#8758=CARTESIAN_POINT('',(215.8084,125.447799999999,0.));
#8759=CARTESIAN_POINT('',(202.9084,125.447799999999,0.));
#8760=CARTESIAN_POINT('',(216.161953,125.594246999999,0.));
#8761=CARTESIAN_POINT('Ctrl Pts',(215.8084,125.447799999999,0.));
#8762=CARTESIAN_POINT('Ctrl Pts',(215.941008,125.447799999999,0.));
#8763=CARTESIAN_POINT('Ctrl Pts',(216.068185,125.500477999999,0.));
#8764=CARTESIAN_POINT('Ctrl Pts',(216.161953,125.594246999999,0.));
#8765=CARTESIAN_POINT('',(216.3084,125.947799999999,0.));
#8766=CARTESIAN_POINT('Ctrl Pts',(216.161953,125.594246999999,0.));
#8767=CARTESIAN_POINT('Ctrl Pts',(216.255722,125.688014999999,0.));
#8768=CARTESIAN_POINT('Ctrl Pts',(216.3084,125.815191999999,0.));
#8769=CARTESIAN_POINT('Ctrl Pts',(216.3084,125.947799999999,0.));
#8770=CARTESIAN_POINT('',(216.3084,138.847799999999,0.));
#8771=CARTESIAN_POINT('',(216.3084,125.947799999999,0.));
#8772=CARTESIAN_POINT('',(216.161953,139.201352999999,0.));
#8773=CARTESIAN_POINT('Ctrl Pts',(216.3084,138.847799999999,0.));
#8774=CARTESIAN_POINT('Ctrl Pts',(216.3084,138.980407999999,0.));
#8775=CARTESIAN_POINT('Ctrl Pts',(216.255722,139.107584999999,0.));
#8776=CARTESIAN_POINT('Ctrl Pts',(216.161953,139.201352999999,0.));
#8777=CARTESIAN_POINT('',(215.8084,139.347799999999,0.));
#8778=CARTESIAN_POINT('Ctrl Pts',(216.161953,139.201352999999,0.));
#8779=CARTESIAN_POINT('Ctrl Pts',(216.068185,139.295121999999,0.));
#8780=CARTESIAN_POINT('Ctrl Pts',(215.941008,139.347799999999,0.));
#8781=CARTESIAN_POINT('Ctrl Pts',(215.8084,139.347799999999,0.));
#8782=CARTESIAN_POINT('',(215.8084,139.347799999999,0.));
#8783=CARTESIAN_POINT('',(177.615,87.2174999999997,0.));
#8784=CARTESIAN_POINT('',(176.9742,87.5162999999997,0.));
#8785=CARTESIAN_POINT('Ctrl Pts',(177.615,87.2174999999997,0.));
#8786=CARTESIAN_POINT('Ctrl Pts',(177.520539,87.4769439999997,0.));
#8787=CARTESIAN_POINT('Ctrl Pts',(177.233662,87.6107129999997,0.));
#8788=CARTESIAN_POINT('Ctrl Pts',(176.9742,87.5162999999997,0.));
#8789=CARTESIAN_POINT('',(164.8521,83.1041999999998,0.));
#8790=CARTESIAN_POINT('',(176.9742,87.5162999999997,0.));
#8791=CARTESIAN_POINT('',(164.5533,82.4633999999998,0.));
#8792=CARTESIAN_POINT('Ctrl Pts',(164.8521,83.1041999999998,0.));
#8793=CARTESIAN_POINT('Ctrl Pts',(164.592656,83.0097389999998,0.));
#8794=CARTESIAN_POINT('Ctrl Pts',(164.458887,82.7228619999998,0.));
#8795=CARTESIAN_POINT('Ctrl Pts',(164.5533,82.4633999999998,0.));
#8796=CARTESIAN_POINT('',(168.9654,70.3412999999998,0.));
#8797=CARTESIAN_POINT('',(164.5533,82.4633999999998,0.));
#8798=CARTESIAN_POINT('',(169.6062,70.0424999999998,0.));
#8799=CARTESIAN_POINT('Ctrl Pts',(168.9654,70.3412999999998,0.));
#8800=CARTESIAN_POINT('Ctrl Pts',(169.059861,70.0818559999998,0.));
#8801=CARTESIAN_POINT('Ctrl Pts',(169.346738,69.9480869999998,0.));
#8802=CARTESIAN_POINT('Ctrl Pts',(169.6062,70.0424999999998,0.));
#8803=CARTESIAN_POINT('',(181.7283,74.4545999999997,0.));
#8804=CARTESIAN_POINT('',(169.6062,70.0424999999998,0.));
#8805=CARTESIAN_POINT('',(182.0271,75.0953999999996,0.));
#8806=CARTESIAN_POINT('Ctrl Pts',(181.7283,74.4545999999997,0.));
#8807=CARTESIAN_POINT('Ctrl Pts',(181.987744,74.5490609999996,0.));
#8808=CARTESIAN_POINT('Ctrl Pts',(182.121513,74.8359379999996,0.));
#8809=CARTESIAN_POINT('Ctrl Pts',(182.0271,75.0953999999996,0.));
#8810=CARTESIAN_POINT('',(182.0271,75.0953999999996,0.));
#8811=CARTESIAN_POINT('',(202.685955257681,75.6048748695131,0.));
#8812=CARTESIAN_POINT('',(230.051970075559,80.8914773680955,0.));
#8813=CARTESIAN_POINT('',(230.051970075559,80.8914773680955,0.));
#8814=CARTESIAN_POINT('',(230.051970075559,98.2834683814111,0.));
#8815=CARTESIAN_POINT('',(230.051970075559,80.8914773680955,0.));
#8816=CARTESIAN_POINT('',(202.685955257681,98.2834683814113,0.));
#8817=CARTESIAN_POINT('',(230.051970075559,98.2834683814111,0.));
#8818=CARTESIAN_POINT('',(202.685955257681,98.2834683814113,0.));
#8819=CARTESIAN_POINT('',(156.9228,104.107167852242,0.));
#8820=CARTESIAN_POINT('Origin',(155.6728,104.107167852242,0.));
#8821=CARTESIAN_POINT('',(184.9084,115.8478,0.));
#8822=CARTESIAN_POINT('',(184.554847,115.701353,0.));
#8823=CARTESIAN_POINT('Ctrl Pts',(184.9084,115.8478,0.));
#8824=CARTESIAN_POINT('Ctrl Pts',(184.775792,115.8478,0.));
#8825=CARTESIAN_POINT('Ctrl Pts',(184.648615,115.795122,0.));
#8826=CARTESIAN_POINT('Ctrl Pts',(184.554847,115.701353,0.));
#8827=CARTESIAN_POINT('',(184.4084,115.3478,0.));
#8828=CARTESIAN_POINT('Ctrl Pts',(184.554847,115.701353,0.));
#8829=CARTESIAN_POINT('Ctrl Pts',(184.461078,115.607585,0.));
#8830=CARTESIAN_POINT('Ctrl Pts',(184.4084,115.480408,0.));
#8831=CARTESIAN_POINT('Ctrl Pts',(184.4084,115.3478,0.));
#8832=CARTESIAN_POINT('',(184.4084,102.4478,0.));
#8833=CARTESIAN_POINT('',(184.4084,115.3478,0.));
#8834=CARTESIAN_POINT('',(184.554847,102.094247,0.));
#8835=CARTESIAN_POINT('Ctrl Pts',(184.4084,102.4478,0.));
#8836=CARTESIAN_POINT('Ctrl Pts',(184.4084,102.315192,0.));
#8837=CARTESIAN_POINT('Ctrl Pts',(184.461078,102.188015,0.));
#8838=CARTESIAN_POINT('Ctrl Pts',(184.554847,102.094247,0.));
#8839=CARTESIAN_POINT('',(184.9084,101.9478,0.));
#8840=CARTESIAN_POINT('Ctrl Pts',(184.554847,102.094247,0.));
#8841=CARTESIAN_POINT('Ctrl Pts',(184.648615,102.000478,0.));
#8842=CARTESIAN_POINT('Ctrl Pts',(184.775792,101.9478,0.));
#8843=CARTESIAN_POINT('Ctrl Pts',(184.9084,101.9478,0.));
#8844=CARTESIAN_POINT('',(197.8084,101.9478,0.));
#8845=CARTESIAN_POINT('',(184.9084,101.9478,0.));
#8846=CARTESIAN_POINT('',(198.161953,102.094247,0.));
#8847=CARTESIAN_POINT('Ctrl Pts',(197.8084,101.9478,0.));
#8848=CARTESIAN_POINT('Ctrl Pts',(197.941008,101.9478,0.));
#8849=CARTESIAN_POINT('Ctrl Pts',(198.068185,102.000478,0.));
#8850=CARTESIAN_POINT('Ctrl Pts',(198.161953,102.094247,0.));
#8851=CARTESIAN_POINT('',(198.3084,102.4478,0.));
#8852=CARTESIAN_POINT('Ctrl Pts',(198.161953,102.094247,0.));
#8853=CARTESIAN_POINT('Ctrl Pts',(198.255722,102.188015,0.));
#8854=CARTESIAN_POINT('Ctrl Pts',(198.3084,102.315192,0.));
#8855=CARTESIAN_POINT('Ctrl Pts',(198.3084,102.4478,0.));
#8856=CARTESIAN_POINT('',(198.3084,115.3478,0.));
#8857=CARTESIAN_POINT('',(198.3084,102.4478,0.));
#8858=CARTESIAN_POINT('',(198.161953,115.701353,0.));
#8859=CARTESIAN_POINT('Ctrl Pts',(198.3084,115.3478,0.));
#8860=CARTESIAN_POINT('Ctrl Pts',(198.3084,115.480408,0.));
#8861=CARTESIAN_POINT('Ctrl Pts',(198.255722,115.607585,0.));
#8862=CARTESIAN_POINT('Ctrl Pts',(198.161953,115.701353,0.));
#8863=CARTESIAN_POINT('',(197.8084,115.8478,0.));
#8864=CARTESIAN_POINT('Ctrl Pts',(198.161953,115.701353,0.));
#8865=CARTESIAN_POINT('Ctrl Pts',(198.068185,115.795122,0.));
#8866=CARTESIAN_POINT('Ctrl Pts',(197.941008,115.8478,0.));
#8867=CARTESIAN_POINT('Ctrl Pts',(197.8084,115.8478,0.));
#8868=CARTESIAN_POINT('',(197.8084,115.8478,0.));
#8869=CARTESIAN_POINT('',(238.9084,134.847799999999,0.));
#8870=CARTESIAN_POINT('',(238.554847,134.701352999999,0.));
#8871=CARTESIAN_POINT('Ctrl Pts',(238.9084,134.847799999999,0.));
#8872=CARTESIAN_POINT('Ctrl Pts',(238.775792,134.847799999999,0.));
#8873=CARTESIAN_POINT('Ctrl Pts',(238.648615,134.795121999999,0.));
#8874=CARTESIAN_POINT('Ctrl Pts',(238.554847,134.701352999999,0.));
#8875=CARTESIAN_POINT('',(238.4084,134.347799999999,0.));
#8876=CARTESIAN_POINT('Ctrl Pts',(238.554847,134.701352999999,0.));
#8877=CARTESIAN_POINT('Ctrl Pts',(238.461078,134.607584999999,0.));
#8878=CARTESIAN_POINT('Ctrl Pts',(238.4084,134.480407999999,0.));
#8879=CARTESIAN_POINT('Ctrl Pts',(238.4084,134.347799999999,0.));
#8880=CARTESIAN_POINT('',(238.4084,121.447799999999,0.));
#8881=CARTESIAN_POINT('',(238.4084,134.347799999999,0.));
#8882=CARTESIAN_POINT('',(238.554847,121.094246999999,0.));
#8883=CARTESIAN_POINT('Ctrl Pts',(238.4084,121.447799999999,0.));
#8884=CARTESIAN_POINT('Ctrl Pts',(238.4084,121.315191999999,0.));
#8885=CARTESIAN_POINT('Ctrl Pts',(238.461078,121.188014999999,0.));
#8886=CARTESIAN_POINT('Ctrl Pts',(238.554847,121.094246999999,0.));
#8887=CARTESIAN_POINT('',(238.9084,120.947799999999,0.));
#8888=CARTESIAN_POINT('Ctrl Pts',(238.554847,121.094246999999,0.));
#8889=CARTESIAN_POINT('Ctrl Pts',(238.648615,121.000477999999,0.));
#8890=CARTESIAN_POINT('Ctrl Pts',(238.775792,120.947799999999,0.));
#8891=CARTESIAN_POINT('Ctrl Pts',(238.9084,120.947799999999,0.));
#8892=CARTESIAN_POINT('',(251.8084,120.947799999999,0.));
#8893=CARTESIAN_POINT('',(238.9084,120.947799999999,0.));
#8894=CARTESIAN_POINT('',(252.161953,121.094246999999,0.));
#8895=CARTESIAN_POINT('Ctrl Pts',(251.8084,120.947799999999,0.));
#8896=CARTESIAN_POINT('Ctrl Pts',(251.941008,120.947799999999,0.));
#8897=CARTESIAN_POINT('Ctrl Pts',(252.068185,121.000477999999,0.));
#8898=CARTESIAN_POINT('Ctrl Pts',(252.161953,121.094246999999,0.));
#8899=CARTESIAN_POINT('',(252.3084,121.447799999999,0.));
#8900=CARTESIAN_POINT('Ctrl Pts',(252.161953,121.094246999999,0.));
#8901=CARTESIAN_POINT('Ctrl Pts',(252.255722,121.188014999999,0.));
#8902=CARTESIAN_POINT('Ctrl Pts',(252.3084,121.315191999999,0.));
#8903=CARTESIAN_POINT('Ctrl Pts',(252.3084,121.447799999999,0.));
#8904=CARTESIAN_POINT('',(252.3084,134.347799999999,0.));
#8905=CARTESIAN_POINT('',(252.3084,121.447799999999,0.));
#8906=CARTESIAN_POINT('',(252.161953,134.701352999999,0.));
#8907=CARTESIAN_POINT('Ctrl Pts',(252.3084,134.347799999999,0.));
#8908=CARTESIAN_POINT('Ctrl Pts',(252.3084,134.480407999999,0.));
#8909=CARTESIAN_POINT('Ctrl Pts',(252.255722,134.607584999999,0.));
#8910=CARTESIAN_POINT('Ctrl Pts',(252.161953,134.701352999999,0.));
#8911=CARTESIAN_POINT('',(251.8084,134.847799999999,0.));
#8912=CARTESIAN_POINT('Ctrl Pts',(252.161953,134.701352999999,0.));
#8913=CARTESIAN_POINT('Ctrl Pts',(252.068185,134.795121999999,0.));
#8914=CARTESIAN_POINT('Ctrl Pts',(251.941008,134.847799999999,0.));
#8915=CARTESIAN_POINT('Ctrl Pts',(251.8084,134.847799999999,0.));
#8916=CARTESIAN_POINT('',(251.8084,134.847799999999,0.));
#8917=CARTESIAN_POINT('Origin',(190.205508276106,154.8962,0.));
#8918=CARTESIAN_POINT('',(190.205508276207,154.8962,1.6));
#8919=CARTESIAN_POINT('',(190.205508276207,154.8962,0.));
#8920=CARTESIAN_POINT('',(142.6294,154.8962,1.6));
#8921=CARTESIAN_POINT('',(142.6294,154.8962,0.));
#8922=CARTESIAN_POINT('',(145.6901,154.8962,1.6));
#8923=CARTESIAN_POINT('',(194.621063550036,154.8962,1.6));
#8924=CARTESIAN_POINT('',(145.6901,154.8962,0.));
#8925=CARTESIAN_POINT('',(158.7901,154.8962,1.6));
#8926=CARTESIAN_POINT('',(158.7901,154.8962,0.));
#8927=CARTESIAN_POINT('',(194.621063550036,154.8962,1.6));
#8928=CARTESIAN_POINT('Origin',(158.7901,154.8962,0.));
#8929=CARTESIAN_POINT('',(158.7901,153.8962,1.6));
#8930=CARTESIAN_POINT('',(158.7901,133.942532222162,1.6));
#8931=CARTESIAN_POINT('',(158.7901,153.8962,0.));
#8932=CARTESIAN_POINT('Origin',(145.6901,153.8962,0.));
#8933=CARTESIAN_POINT('',(145.6901,153.8962,1.6));
#8934=CARTESIAN_POINT('',(145.6901,133.442532222162,1.6));
#8935=CARTESIAN_POINT('',(145.6901,153.8962,0.));
#8936=CARTESIAN_POINT('Origin',(161.6801,153.8962,0.));
#8937=CARTESIAN_POINT('',(161.6801,153.8962,1.6));
#8938=CARTESIAN_POINT('',(161.6801,153.8962,0.));
#8939=CARTESIAN_POINT('',(190.2055,153.8962,1.6));
#8940=CARTESIAN_POINT('Origin',(142.6294,153.8962,1.5));
#8941=CARTESIAN_POINT('',(142.504699113669,157.393977821553,1.5));
#8942=CARTESIAN_POINT('Origin',(142.558142350668,155.894930183745,1.5));
#8943=CARTESIAN_POINT('Origin',(142.6294,153.8962,1.5));
#8944=CARTESIAN_POINT('Ctrl Pts',(141.09834078619,155.228268062861,0.));
#8945=CARTESIAN_POINT('Ctrl Pts',(141.105019923485,155.235442716935,0.));
#8946=CARTESIAN_POINT('Ctrl Pts',(141.118478779497,155.249698306134,0.));
#8947=CARTESIAN_POINT('Ctrl Pts',(141.14579378516,155.277829153375,0.));
#8948=CARTESIAN_POINT('Ctrl Pts',(141.194623827395,155.326045189807,0.));
#8949=CARTESIAN_POINT('Ctrl Pts',(141.296284803931,155.418309178321,0.));
#8950=CARTESIAN_POINT('Ctrl Pts',(141.452260876476,155.537588513076,0.));
#8951=CARTESIAN_POINT('Ctrl Pts',(141.65429587542,155.658829585452,0.));
#8952=CARTESIAN_POINT('Ctrl Pts',(142.011498337779,155.822038693892,0.));
#8953=CARTESIAN_POINT('Ctrl Pts',(142.323034741165,155.886548254193,0.));
#8954=CARTESIAN_POINT('Ctrl Pts',(142.558142350668,155.894930183745,0.));
#8955=CARTESIAN_POINT('Ctrl Pts',(140.76985125724,155.534070494754,0.));
#8956=CARTESIAN_POINT('Ctrl Pts',(140.777958680102,155.542779279275,-2.82976409609141E-17));
#8957=CARTESIAN_POINT('Ctrl Pts',(140.794299029308,155.560087318664,5.0087432873735E-17));
#8958=CARTESIAN_POINT('Ctrl Pts',(140.827461050791,155.59423927998,-7.80395367690847E-17));
#8959=CARTESIAN_POINT('Ctrl Pts',(140.886743821116,155.652777754387,1.58226966932576E-16));
#8960=CARTESIAN_POINT('Ctrl Pts',(141.010168069139,155.76479213947,-3.1507517393608E-16));
#8961=CARTESIAN_POINT('Ctrl Pts',(141.199534104685,155.909609148518,5.96994488995248E-16));
#8962=CARTESIAN_POINT('Ctrl Pts',(141.444819113154,156.056804594194,-7.82728786581537E-16));
#8963=CARTESIAN_POINT('Ctrl Pts',(141.878484963557,156.25495151451,2.71978493757937E-15));
#8964=CARTESIAN_POINT('Ctrl Pts',(142.256710507668,156.333301344418,-6.62493424297379E-15));
#8965=CARTESIAN_POINT('Ctrl Pts',(142.542152171549,156.343444188156,-5.3114727953537E-15));
#8966=CARTESIAN_POINT('Ctrl Pts',(140.201392742475,156.063268478023,0.37698069566942));
#8967=CARTESIAN_POINT('Ctrl Pts',(140.208808695519,156.071234550495,0.376980695669421));
#8968=CARTESIAN_POINT('Ctrl Pts',(140.232601292895,156.096472790038,0.37698069566942));
#8969=CARTESIAN_POINT('Ctrl Pts',(140.274482778859,156.13954289468,0.376980695669421));
#8970=CARTESIAN_POINT('Ctrl Pts',(140.352802210961,156.216960320867,0.376980695669419));
#8971=CARTESIAN_POINT('Ctrl Pts',(140.513221610552,156.362439774591,0.376980695669422));
#8972=CARTESIAN_POINT('Ctrl Pts',(140.760992367577,156.552110990406,0.37698069566942));
#8973=CARTESIAN_POINT('Ctrl Pts',(141.081068106354,156.744162055595,0.37698069566942));
#8974=CARTESIAN_POINT('Ctrl Pts',(141.647164881465,157.002884731591,0.376980695669424));
#8975=CARTESIAN_POINT('Ctrl Pts',(142.141952291828,157.106343887588,0.37698069566941));
#8976=CARTESIAN_POINT('Ctrl Pts',(142.514480807103,157.11960775603,0.376980695669412));
#8977=CARTESIAN_POINT('Ctrl Pts',(140.000445408177,156.250337404412,1.16340078711538));
#8978=CARTESIAN_POINT('Ctrl Pts',(140.007124545472,156.257512058486,1.16340078711538));
#8979=CARTESIAN_POINT('Ctrl Pts',(140.033935303307,156.285965759479,1.16340078711538));
#8980=CARTESIAN_POINT('Ctrl Pts',(140.078681316876,156.331954652415,1.16340078711538));
#8981=CARTESIAN_POINT('Ctrl Pts',(140.163877682064,156.416203809669,1.16340078711538));
#8982=CARTESIAN_POINT('Ctrl Pts',(140.337270911661,156.573401947746,1.16340078711538));
#8983=CARTESIAN_POINT('Ctrl Pts',(140.605784376924,156.779031752983,1.16340078711538));
#8984=CARTESIAN_POINT('Ctrl Pts',(140.952289811483,156.986929877437,1.16340078711538));
#8985=CARTESIAN_POINT('Ctrl Pts',(141.565217293579,157.267083704669,1.16340078711538));
#8986=CARTESIAN_POINT('Ctrl Pts',(142.101388520329,157.37959921004,1.16340078711538));
#8987=CARTESIAN_POINT('Ctrl Pts',(142.504699113668,157.393977821553,1.16340078711538));
#8988=CARTESIAN_POINT('Ctrl Pts',(140.000445408177,156.250337404412,1.5));
#8989=CARTESIAN_POINT('Ctrl Pts',(140.007124545472,156.257512058486,1.5));
#8990=CARTESIAN_POINT('Ctrl Pts',(140.033935303307,156.285965759479,1.5));
#8991=CARTESIAN_POINT('Ctrl Pts',(140.078681316876,156.331954652415,1.5));
#8992=CARTESIAN_POINT('Ctrl Pts',(140.163877682064,156.416203809669,1.5));
#8993=CARTESIAN_POINT('Ctrl Pts',(140.337270911661,156.573401947746,1.5));
#8994=CARTESIAN_POINT('Ctrl Pts',(140.605784376924,156.779031752983,1.5));
#8995=CARTESIAN_POINT('Ctrl Pts',(140.952289811483,156.986929877437,1.5));
#8996=CARTESIAN_POINT('Ctrl Pts',(141.565217293579,157.267083704669,1.5));
#8997=CARTESIAN_POINT('Ctrl Pts',(142.101388520329,157.37959921004,1.5));
#8998=CARTESIAN_POINT('Ctrl Pts',(142.504699113668,157.393977821553,1.5));
#8999=CARTESIAN_POINT('',(140.000445408193,156.250337404419,1.5));
#9000=CARTESIAN_POINT('Origin',(141.098345495982,155.228273122066,1.5));
#9001=CARTESIAN_POINT('Ctrl Pts',(142.504699113668,157.393977821553,1.5));
#9002=CARTESIAN_POINT('Ctrl Pts',(142.101388520329,157.37959921004,1.5));
#9003=CARTESIAN_POINT('Ctrl Pts',(141.565217293579,157.267083704669,1.5));
#9004=CARTESIAN_POINT('Ctrl Pts',(140.952289811483,156.986929877437,1.5));
#9005=CARTESIAN_POINT('Ctrl Pts',(140.605784376924,156.779031752983,1.5));
#9006=CARTESIAN_POINT('Ctrl Pts',(140.337270911661,156.573401947746,1.5));
#9007=CARTESIAN_POINT('Ctrl Pts',(140.163877682064,156.416203809669,1.5));
#9008=CARTESIAN_POINT('Ctrl Pts',(140.078681316876,156.331954652415,1.5));
#9009=CARTESIAN_POINT('Ctrl Pts',(140.033937932693,156.2859684619,1.5));
#9010=CARTESIAN_POINT('Ctrl Pts',(140.007130847277,156.25751874645,1.5));
#9011=CARTESIAN_POINT('Ctrl Pts',(140.000450119084,156.250342464786,1.5));
#9012=CARTESIAN_POINT('Ctrl Pts',(140.536404635357,153.783030351368,0.));
#9013=CARTESIAN_POINT('Ctrl Pts',(140.534593646062,154.009920523053,0.));
#9014=CARTESIAN_POINT('Ctrl Pts',(140.581788349514,154.312814393089,0.));
#9015=CARTESIAN_POINT('Ctrl Pts',(140.719091081923,154.665773744628,0.));
#9016=CARTESIAN_POINT('Ctrl Pts',(140.823812510595,154.867442064193,0.));
#9017=CARTESIAN_POINT('Ctrl Pts',(140.928753371214,155.025085195471,0.));
#9018=CARTESIAN_POINT('Ctrl Pts',(141.010819014846,155.128997774626,0.));
#9019=CARTESIAN_POINT('Ctrl Pts',(141.053914281023,155.179231604289,0.));
#9020=CARTESIAN_POINT('Ctrl Pts',(141.079115533804,155.207428753302,0.));
#9021=CARTESIAN_POINT('Ctrl Pts',(141.091905656302,155.221355491408,0.));
#9022=CARTESIAN_POINT('Ctrl Pts',(141.098347514453,155.2282752903,0.));
#9023=CARTESIAN_POINT('Ctrl Pts',(140.087619980415,153.779448247305,0.));
#9024=CARTESIAN_POINT('Ctrl Pts',(140.085393222406,154.054912910331,-5.15311980503765E-15));
#9025=CARTESIAN_POINT('Ctrl Pts',(140.142715114464,154.422646335633,-1.23108184407111E-14));
#9026=CARTESIAN_POINT('Ctrl Pts',(140.309411484933,154.851160942736,1.38666857690491E-15));
#9027=CARTESIAN_POINT('Ctrl Pts',(140.436550840102,155.096000775659,-5.61006063480831E-16));
#9028=CARTESIAN_POINT('Ctrl Pts',(140.563959574688,155.287391242868,2.47384098967688E-16));
#9029=CARTESIAN_POINT('Ctrl Pts',(140.663592545286,155.413548916049,-1.15935129247431E-16));
#9030=CARTESIAN_POINT('Ctrl Pts',(140.715913982342,155.47453617843,5.64418817889629E-17));
#9031=CARTESIAN_POINT('Ctrl Pts',(140.746509312669,155.508769092858,-3.61594850267397E-17));
#9032=CARTESIAN_POINT('Ctrl Pts',(140.762038127645,155.525677594533,2.04173115281661E-17));
#9033=CARTESIAN_POINT('Ctrl Pts',(140.769857381577,155.53407707346,0.));
#9034=CARTESIAN_POINT('Ctrl Pts',(139.310987331419,153.773249329992,0.376980100337226));
#9035=CARTESIAN_POINT('Ctrl Pts',(139.30810332486,154.132761042261,0.376980100337218));
#9036=CARTESIAN_POINT('Ctrl Pts',(139.383937022214,154.613826988383,0.376980100337208));
#9037=CARTESIAN_POINT('Ctrl Pts',(139.601690878392,155.173303000783,0.376980100337228));
#9038=CARTESIAN_POINT('Ctrl Pts',(139.767539113444,155.492760351548,0.376980100337226));
#9039=CARTESIAN_POINT('Ctrl Pts',(139.934430197597,155.743203951508,0.376980100337227));
#9040=CARTESIAN_POINT('Ctrl Pts',(140.063818323285,155.907161779237,0.376980100337226));
#9041=CARTESIAN_POINT('Ctrl Pts',(140.133018264965,155.987740278665,0.376980100337226));
#9042=CARTESIAN_POINT('Ctrl Pts',(140.171599500235,156.030968563328,0.376980100337227));
#9043=CARTESIAN_POINT('Ctrl Pts',(140.194245559104,156.055592025079,0.376980100337226));
#9044=CARTESIAN_POINT('Ctrl Pts',(140.201397298873,156.063274420802,0.376980100337226));
#9045=CARTESIAN_POINT('Ctrl Pts',(139.036452414781,153.771058050434,1.16340078711538));
#9046=CARTESIAN_POINT('Ctrl Pts',(139.03334574377,154.160277976305,1.16340078711538));
#9047=CARTESIAN_POINT('Ctrl Pts',(139.115876474648,154.681581192962,1.16340078711537));
#9048=CARTESIAN_POINT('Ctrl Pts',(139.351708522225,155.287384072817,1.16340078711538));
#9049=CARTESIAN_POINT('Ctrl Pts',(139.531226771195,155.633203999351,1.16340078711538));
#9050=CARTESIAN_POINT('Ctrl Pts',(139.712168000281,155.904623881207,1.16340078711538));
#9051=CARTESIAN_POINT('Ctrl Pts',(139.851974125233,156.081835801978,1.16340078711538));
#9052=CARTESIAN_POINT('Ctrl Pts',(139.927282233946,156.169492239779,1.16340078711538));
#9053=CARTESIAN_POINT('Ctrl Pts',(139.968476953789,156.215675162343,1.16340078711538));
#9054=CARTESIAN_POINT('Ctrl Pts',(139.994008259813,156.24342266473,1.16340078711538));
#9055=CARTESIAN_POINT('Ctrl Pts',(140.000450117965,156.250342463622,1.16340078711538));
#9056=CARTESIAN_POINT('Ctrl Pts',(139.036452414781,153.771058050434,1.5));
#9057=CARTESIAN_POINT('Ctrl Pts',(139.03334574377,154.160277976305,1.5));
#9058=CARTESIAN_POINT('Ctrl Pts',(139.115876474648,154.681581192962,1.5));
#9059=CARTESIAN_POINT('Ctrl Pts',(139.351708522225,155.287384072817,1.5));
#9060=CARTESIAN_POINT('Ctrl Pts',(139.531226771195,155.633203999351,1.5));
#9061=CARTESIAN_POINT('Ctrl Pts',(139.712168000281,155.904623881207,1.5));
#9062=CARTESIAN_POINT('Ctrl Pts',(139.851974125233,156.081835801978,1.5));
#9063=CARTESIAN_POINT('Ctrl Pts',(139.927282233946,156.169492239779,1.5));
#9064=CARTESIAN_POINT('Ctrl Pts',(139.968476953789,156.215675162343,1.5));
#9065=CARTESIAN_POINT('Ctrl Pts',(139.994008259813,156.24342266473,1.5));
#9066=CARTESIAN_POINT('Ctrl Pts',(140.000450117965,156.250342463622,1.5));
#9067=CARTESIAN_POINT('',(139.0364,153.778621227181,1.5));
#9068=CARTESIAN_POINT('Ctrl Pts',(139.03640022858,153.778621228507,1.5));
#9069=CARTESIAN_POINT('Ctrl Pts',(139.036405687092,153.777683104488,1.20774559175714));
#9070=CARTESIAN_POINT('Ctrl Pts',(139.125111321888,153.777270778428,0.91516078164927));
#9071=CARTESIAN_POINT('Ctrl Pts',(139.285866810655,153.777468539577,0.671756946487678));
#9072=CARTESIAN_POINT('Ctrl Pts',(139.310258795092,153.777498546558,0.634824443562997));
#9073=CARTESIAN_POINT('Ctrl Pts',(139.336309585792,153.777542501891,0.5990242361993));
#9074=CARTESIAN_POINT('Ctrl Pts',(139.363961016794,153.777600595172,0.564529285753867));
#9075=CARTESIAN_POINT('Ctrl Pts',(139.507001015223,153.777901109917,0.386087972638011));
#9076=CARTESIAN_POINT('Ctrl Pts',(139.692873509966,153.778584233839,0.242574825719119));
#9077=CARTESIAN_POINT('Ctrl Pts',(139.900351846381,153.779558898503,0.14490255493625));
#9078=CARTESIAN_POINT('Ctrl Pts',(140.098795168656,153.780491119657,0.0514835973562801));
#9079=CARTESIAN_POINT('Ctrl Pts',(140.317003569431,153.781689703527,0.));
#9080=CARTESIAN_POINT('Ctrl Pts',(140.536404635357,153.783030351368,0.));
#9081=CARTESIAN_POINT('Ctrl Pts',(140.000445407066,156.25033740318,1.5));
#9082=CARTESIAN_POINT('Ctrl Pts',(139.994002037736,156.243415902548,1.5));
#9083=CARTESIAN_POINT('Ctrl Pts',(139.968474443931,156.215672348571,1.5));
#9084=CARTESIAN_POINT('Ctrl Pts',(139.927282233946,156.169492239779,1.5));
#9085=CARTESIAN_POINT('Ctrl Pts',(139.851974125233,156.081835801978,1.5));
#9086=CARTESIAN_POINT('Ctrl Pts',(139.712168000281,155.904623881207,1.5));
#9087=CARTESIAN_POINT('Ctrl Pts',(139.531226771195,155.633203999351,1.5));
#9088=CARTESIAN_POINT('Ctrl Pts',(139.351708522225,155.287384072817,1.5));
#9089=CARTESIAN_POINT('Ctrl Pts',(139.116792968858,154.683935473634,1.5));
#9090=CARTESIAN_POINT('Ctrl Pts',(139.034150078892,154.165341853067,1.5));
#9091=CARTESIAN_POINT('Ctrl Pts',(139.03640022858,153.778621228507,1.5));
#9092=CARTESIAN_POINT('Origin',(140.5364,103.826684505878,1.5));
#9093=CARTESIAN_POINT('',(139.0364,94.6645045668654,1.5));
#9094=CARTESIAN_POINT('Ctrl Pts',(139.0364,94.6645045668654,1.50000000000002));
#9095=CARTESIAN_POINT('Ctrl Pts',(139.0364,94.664505610055,1.43990224322384));
#9096=CARTESIAN_POINT('Ctrl Pts',(139.040016082313,94.6645066532445,1.37980469535863));
#9097=CARTESIAN_POINT('Ctrl Pts',(139.04722218272,94.6645076964341,1.32014053118572));
#9098=CARTESIAN_POINT('Ctrl Pts',(139.054428027505,94.6645087395866,1.26047848348613));
#9099=CARTESIAN_POINT('Ctrl Pts',(139.065223585291,94.6645097827392,1.20125020345154));
#9100=CARTESIAN_POINT('Ctrl Pts',(139.079531048705,94.6645108258917,1.14288257007987));
#9101=CARTESIAN_POINT('Ctrl Pts',(139.093838045003,94.6645118690102,1.08451684231991));
#9102=CARTESIAN_POINT('Ctrl Pts',(139.111656617897,94.6645129121287,1.02701211064846));
#9103=CARTESIAN_POINT('Ctrl Pts',(139.132858351046,94.6645139552472,0.970782804841779));
#9104=CARTESIAN_POINT('Ctrl Pts',(139.154059451865,94.6645149983346,0.914555176042954));
#9105=CARTESIAN_POINT('Ctrl Pts',(139.178643363552,94.6645160414219,0.859603287720874));
#9106=CARTESIAN_POINT('Ctrl Pts',(139.206432923318,94.6645170845093,0.80632314804135));
#9107=CARTESIAN_POINT('Ctrl Pts',(139.234221732736,94.6645181275685,0.753044446983578));
#9108=CARTESIAN_POINT('Ctrl Pts',(139.265215823807,94.6645191706277,0.701437774426595));
#9109=CARTESIAN_POINT('Ctrl Pts',(139.299191851125,94.6645202136869,0.651875011358354));
#9110=CARTESIAN_POINT('Ctrl Pts',(139.333465218016,94.6645212658744,0.601878502147629));
#9111=CARTESIAN_POINT('Ctrl Pts',(139.370772762589,94.6645223180619,0.553962232245911));
#9112=CARTESIAN_POINT('Ctrl Pts',(139.410840928604,94.6645233702494,0.508477545993687));
#9113=CARTESIAN_POINT('Ctrl Pts',(139.450568049193,94.6645244134811,0.46338000858651));
#9114=CARTESIAN_POINT('Ctrl Pts',(139.493008660512,94.6645254567127,0.420673105740435));
#9115=CARTESIAN_POINT('Ctrl Pts',(139.53785683188,94.6645264999444,0.380664687682781));
#9116=CARTESIAN_POINT('Ctrl Pts',(139.582701681539,94.6645275430988,0.340659232874366));
#9117=CARTESIAN_POINT('Ctrl Pts',(139.629953422427,94.6645285862532,0.303352140786107));
#9118=CARTESIAN_POINT('Ctrl Pts',(139.67927149346,94.6645296294076,0.269012297674528));
#9119=CARTESIAN_POINT('Ctrl Pts',(139.728586468969,94.6645306724965,0.23467460995551));
#9120=CARTESIAN_POINT('Ctrl Pts',(139.779967172172,94.6645317155854,0.203304036949291));
#9121=CARTESIAN_POINT('Ctrl Pts',(139.833043329384,94.6645327586743,0.175126649863923));
#9122=CARTESIAN_POINT('Ctrl Pts',(139.886927032804,94.6645338176337,0.14652054782882));
#9123=CARTESIAN_POINT('Ctrl Pts',(139.942557850142,94.6645348765931,0.121205866120575));
#9124=CARTESIAN_POINT('Ctrl Pts',(139.999522614626,94.6645359355524,0.0993706153751799));
#9125=CARTESIAN_POINT('Ctrl Pts',(140.05563729653,94.664536978709,0.0778612110801991));
#9126=CARTESIAN_POINT('Ctrl Pts',(140.113045963336,94.6645380218656,0.0597281952218311));
#9127=CARTESIAN_POINT('Ctrl Pts',(140.171334847454,94.6645390650221,0.0451022598145292));
#9128=CARTESIAN_POINT('Ctrl Pts',(140.230948261001,94.6645401318829,0.0301439714695702));
#9129=CARTESIAN_POINT('Ctrl Pts',(140.291481961794,94.6645411987437,0.0188542731972272));
#9130=CARTESIAN_POINT('Ctrl Pts',(140.35247965077,94.6645422656045,0.0113182660020625));
#9131=CARTESIAN_POINT('Ctrl Pts',(140.413477339746,94.6645433324652,0.00378225880689785));
#9132=CARTESIAN_POINT('Ctrl Pts',(140.47493855302,94.664544399326,-4.78510774331952E-16));
#9133=CARTESIAN_POINT('Ctrl Pts',(140.5364,94.6645454661868,2.22044604925031E-16));
#9134=CARTESIAN_POINT('',(139.0364,103.826684505878,1.5));
#9135=CARTESIAN_POINT('Ctrl Pts',(141.009197680033,92.5423990684929,0.));
#9136=CARTESIAN_POINT('Ctrl Pts',(140.92077228747,92.731018927255,0.));
#9137=CARTESIAN_POINT('Ctrl Pts',(140.766888185664,93.1211969545483,0.));
#9138=CARTESIAN_POINT('Ctrl Pts',(140.637540432111,93.6268009220773,0.));
#9139=CARTESIAN_POINT('Ctrl Pts',(140.572351676213,94.0394662919129,0.));
#9140=CARTESIAN_POINT('Ctrl Pts',(140.54782734079,94.2997371073483,0.));
#9141=CARTESIAN_POINT('Ctrl Pts',(140.539258792326,94.4821930678553,0.));
#9142=CARTESIAN_POINT('Ctrl Pts',(140.536809466954,94.5864511944292,0.));
#9143=CARTESIAN_POINT('Ctrl Pts',(140.536401417527,94.6385512695029,0.));
#9144=CARTESIAN_POINT('Ctrl Pts',(140.536399997514,94.6645910530803,0.));
#9145=CARTESIAN_POINT('Ctrl Pts',(140.602836802066,92.3518962211673,0.));
#9146=CARTESIAN_POINT('Ctrl Pts',(140.506477963051,92.5574199515701,2.19843400662361E-15));
#9147=CARTESIAN_POINT('Ctrl Pts',(140.338778643378,92.9826421548091,-3.29318736875623E-15));
#9148=CARTESIAN_POINT('Ctrl Pts',(140.197818616749,93.5336386731999,2.50337221451303E-15));
#9149=CARTESIAN_POINT('Ctrl Pts',(140.126780571946,93.9833344732664,8.11905693330679E-15));
#9150=CARTESIAN_POINT('Ctrl Pts',(140.10005352636,94.2669748342059,-7.24434693043536E-15));
#9151=CARTESIAN_POINT('Ctrl Pts',(140.090716754594,94.4658048166699,-1.4394190035617E-15));
#9152=CARTESIAN_POINT('Ctrl Pts',(140.088047012358,94.5794221636062,-2.08318322264663E-15));
#9153=CARTESIAN_POINT('Ctrl Pts',(140.087602694954,94.6362018012014,-2.48083613436226E-15));
#9154=CARTESIAN_POINT('Ctrl Pts',(140.087601047668,94.664566578978,0.));
#9155=CARTESIAN_POINT('Ctrl Pts',(139.899605449531,92.0222198614334,0.376967148524662));
#9156=CARTESIAN_POINT('Ctrl Pts',(139.789510987558,92.2570523739629,0.376967148524666));
#9157=CARTESIAN_POINT('Ctrl Pts',(139.597907218894,92.744653055533,0.376967148524657));
#9158=CARTESIAN_POINT('Ctrl Pts',(139.436857157962,93.3741632123503,0.376967148524666));
#9159=CARTESIAN_POINT('Ctrl Pts',(139.355691866914,93.888940307981,0.376967148524674));
#9160=CARTESIAN_POINT('Ctrl Pts',(139.325155886067,94.2120387002997,0.376967148524651));
#9161=CARTESIAN_POINT('Ctrl Pts',(139.314487546923,94.4408361607333,0.37696714852466));
#9162=CARTESIAN_POINT('Ctrl Pts',(139.311437752549,94.5683727856188,0.376967148524659));
#9163=CARTESIAN_POINT('Ctrl Pts',(139.31092965535,94.6373112099134,0.376967148524659));
#9164=CARTESIAN_POINT('Ctrl Pts',(139.310928120651,94.6645242251074,0.376967148524662));
#9165=CARTESIAN_POINT('Ctrl Pts',(139.651036489472,91.905690202169,1.16340078711538));
#9166=CARTESIAN_POINT('Ctrl Pts',(139.536086003545,92.1508906337627,1.16340078711538));
#9167=CARTESIAN_POINT('Ctrl Pts',(139.336033337369,92.6607965041642,1.16340078711538));
#9168=CARTESIAN_POINT('Ctrl Pts',(139.167882957314,93.3180525831851,1.16340078711538));
#9169=CARTESIAN_POINT('Ctrl Pts',(139.083137323584,93.8559814909261,1.16340078711538));
#9170=CARTESIAN_POINT('Ctrl Pts',(139.051255452177,94.1928812728449,1.16340078711538));
#9171=CARTESIAN_POINT('Ctrl Pts',(139.040116135502,94.4325127269107,1.16340078711538));
#9172=CARTESIAN_POINT('Ctrl Pts',(139.036932211391,94.5646322214336,1.16340078711538));
#9173=CARTESIAN_POINT('Ctrl Pts',(139.036401419757,94.6384694708414,1.16340078711538));
#9174=CARTESIAN_POINT('Ctrl Pts',(139.036399999744,94.6645092544188,1.16340078711538));
#9175=CARTESIAN_POINT('Ctrl Pts',(139.651036489472,91.905690202169,1.5));
#9176=CARTESIAN_POINT('Ctrl Pts',(139.536086003545,92.1508906337627,1.5));
#9177=CARTESIAN_POINT('Ctrl Pts',(139.336033337369,92.6607965041642,1.5));
#9178=CARTESIAN_POINT('Ctrl Pts',(139.167882957314,93.3180525831851,1.5));
#9179=CARTESIAN_POINT('Ctrl Pts',(139.083137323584,93.8559814909261,1.5));
#9180=CARTESIAN_POINT('Ctrl Pts',(139.051255452177,94.1928812728449,1.5));
#9181=CARTESIAN_POINT('Ctrl Pts',(139.040116135502,94.4325127269107,1.5));
#9182=CARTESIAN_POINT('Ctrl Pts',(139.036932211391,94.5646322214336,1.5));
#9183=CARTESIAN_POINT('Ctrl Pts',(139.036401419757,94.6384694708414,1.5));
#9184=CARTESIAN_POINT('Ctrl Pts',(139.036399999744,94.6645092544188,1.5));
#9185=CARTESIAN_POINT('',(139.651036489472,91.905690202169,1.5));
#9186=CARTESIAN_POINT('Origin',(141.009197680033,92.5423990684929,1.5));
#9187=CARTESIAN_POINT('Ctrl Pts',(139.036400000003,94.6645045667479,1.5));
#9188=CARTESIAN_POINT('Ctrl Pts',(139.036401451608,94.6384650402426,1.5));
#9189=CARTESIAN_POINT('Ctrl Pts',(139.036932259154,94.5646302394753,1.5));
#9190=CARTESIAN_POINT('Ctrl Pts',(139.040116135502,94.4325127269107,1.5));
#9191=CARTESIAN_POINT('Ctrl Pts',(139.051255452177,94.1928812728449,1.5));
#9192=CARTESIAN_POINT('Ctrl Pts',(139.083137323584,93.8559814909261,1.5));
#9193=CARTESIAN_POINT('Ctrl Pts',(139.167882957314,93.3180525831851,1.5));
#9194=CARTESIAN_POINT('Ctrl Pts',(139.336033337369,92.6607965041642,1.5));
#9195=CARTESIAN_POINT('Ctrl Pts',(139.536086003545,92.1508906337627,1.5));
#9196=CARTESIAN_POINT('Ctrl Pts',(139.651036489472,91.905690202169,1.5));
#9197=CARTESIAN_POINT('Origin',(145.728264906528,82.4751476114369,1.5));
#9198=CARTESIAN_POINT('',(146.493465755567,77.3086411008638,1.5));
#9199=CARTESIAN_POINT('Origin',(147.851651924628,77.9452966829264,1.5));
#9200=CARTESIAN_POINT('',(144.370078737467,81.8384920293743,1.5));
#9201=CARTESIAN_POINT('Ctrl Pts',(149.718061198757,75.8342242047352,0.));
#9202=CARTESIAN_POINT('Ctrl Pts',(149.689369000691,75.8522602315847,0.));
#9203=CARTESIAN_POINT('Ctrl Pts',(149.632289850627,75.8889683161264,0.));
#9204=CARTESIAN_POINT('Ctrl Pts',(149.519584693928,75.9646924757792,0.));
#9205=CARTESIAN_POINT('Ctrl Pts',(149.215145550639,76.1832929408597,0.));
#9206=CARTESIAN_POINT('Ctrl Pts',(148.550321002907,76.770986421883,0.));
#9207=CARTESIAN_POINT('Ctrl Pts',(148.081803222145,77.4542792112427,0.));
#9208=CARTESIAN_POINT('Ctrl Pts',(147.851668130472,77.9452621096303,0.));
#9209=CARTESIAN_POINT('Ctrl Pts',(149.479214331217,75.4542601645315,2.24983907180676E-15));
#9210=CARTESIAN_POINT('Ctrl Pts',(149.447959974568,75.4739035419948,2.04269185894428E-15));
#9211=CARTESIAN_POINT('Ctrl Pts',(149.38573834546,75.5139259190809,2.56425510945642E-15));
#9212=CARTESIAN_POINT('Ctrl Pts',(149.262945437687,75.5964168400622,1.67681135776753E-15));
#9213=CARTESIAN_POINT('Ctrl Pts',(148.931143795885,75.834666642281,3.27873644487939E-15));
#9214=CARTESIAN_POINT('Ctrl Pts',(148.206687586632,76.4750935729999,-6.3704380836447E-16));
#9215=CARTESIAN_POINT('Ctrl Pts',(147.696151135864,77.2195614699639,-3.24947460254339E-15));
#9216=CARTESIAN_POINT('Ctrl Pts',(147.445294930178,77.7547855492244,-1.12784780274148E-15));
#9217=CARTESIAN_POINT('Ctrl Pts',(149.065874185621,74.7967075103261,0.376964609808028));
#9218=CARTESIAN_POINT('Ctrl Pts',(149.035894483866,74.8155512427786,0.376964609808027));
#9219=CARTESIAN_POINT('Ctrl Pts',(148.960362500981,74.864065593608,0.37696460980803));
#9220=CARTESIAN_POINT('Ctrl Pts',(148.822486297775,74.956801359562,0.376964609808026));
#9221=CARTESIAN_POINT('Ctrl Pts',(148.441293820062,75.2303284181143,0.37696460980803));
#9222=CARTESIAN_POINT('Ctrl Pts',(147.615539510549,75.9607944410437,0.376964609808023));
#9223=CARTESIAN_POINT('Ctrl Pts',(147.028601269835,76.81376980014,0.37696460980802));
#9224=CARTESIAN_POINT('Ctrl Pts',(146.742039494984,77.4251533877397,0.376964609808023));
#9225=CARTESIAN_POINT('Ctrl Pts',(148.919774346927,74.5642879456278,1.16340078711538));
#9226=CARTESIAN_POINT('Ctrl Pts',(148.891082148861,74.5823239724773,1.16340078711538));
#9227=CARTESIAN_POINT('Ctrl Pts',(148.810198763086,74.6342440302909,1.16340078711538));
#9228=CARTESIAN_POINT('Ctrl Pts',(148.667339287234,74.7303860961374,1.16340078711538));
#9229=CARTESIAN_POINT('Ctrl Pts',(148.268390216155,75.016568915725,1.16340078711538));
#9230=CARTESIAN_POINT('Ctrl Pts',(147.407109255477,75.7786814846434,1.16340078711538));
#9231=CARTESIAN_POINT('Ctrl Pts',(146.792625544502,76.6703971060649,1.16340078711538));
#9232=CARTESIAN_POINT('Ctrl Pts',(146.493465755567,77.3086411008638,1.16340078711538));
#9233=CARTESIAN_POINT('Ctrl Pts',(148.919774346927,74.5642879456278,1.5));
#9234=CARTESIAN_POINT('Ctrl Pts',(148.891082148861,74.5823239724773,1.5));
#9235=CARTESIAN_POINT('Ctrl Pts',(148.810198763086,74.6342440302909,1.5));
#9236=CARTESIAN_POINT('Ctrl Pts',(148.667339287234,74.7303860961374,1.5));
#9237=CARTESIAN_POINT('Ctrl Pts',(148.268390216155,75.016568915725,1.5));
#9238=CARTESIAN_POINT('Ctrl Pts',(147.407109255477,75.7786814846434,1.5));
#9239=CARTESIAN_POINT('Ctrl Pts',(146.792625544502,76.6703971060649,1.5));
#9240=CARTESIAN_POINT('Ctrl Pts',(146.493465755567,77.3086411008638,1.5));
#9241=CARTESIAN_POINT('',(148.919774346927,74.5642879456278,1.5));
#9242=CARTESIAN_POINT('Ctrl Pts',(148.919774346927,74.5642879456279,1.5));
#9243=CARTESIAN_POINT('Ctrl Pts',(148.919772319916,74.5642892198146,1.16340078736252));
#9244=CARTESIAN_POINT('Ctrl Pts',(148.982384879558,74.6638986461565,0.826356711173554));
#9245=CARTESIAN_POINT('Ctrl Pts',(149.094082144469,74.8415938984823,0.564521698555893));
#9246=CARTESIAN_POINT('Ctrl Pts',(149.243011831208,75.0785209018879,0.215408347950429));
#9247=CARTESIAN_POINT('Ctrl Pts',(149.479202844691,75.4542673847146,9.1501275353843E-12));
#9248=CARTESIAN_POINT('Ctrl Pts',(149.71804700968,75.8342331240436,2.91509694945451E-22));
#9249=CARTESIAN_POINT('Ctrl Pts',(146.493465755567,77.3086411008638,1.5));
#9250=CARTESIAN_POINT('Ctrl Pts',(146.792625544502,76.6703971060649,1.5));
#9251=CARTESIAN_POINT('Ctrl Pts',(147.407109255477,75.7786814846434,1.5));
#9252=CARTESIAN_POINT('Ctrl Pts',(148.268390216155,75.016568915725,1.5));
#9253=CARTESIAN_POINT('Ctrl Pts',(148.667339287234,74.7303860961374,1.5));
#9254=CARTESIAN_POINT('Ctrl Pts',(148.810198763086,74.6342440302909,1.5));
#9255=CARTESIAN_POINT('Ctrl Pts',(148.891082148861,74.5823239724773,1.5));
#9256=CARTESIAN_POINT('Ctrl Pts',(148.919774346927,74.5642879456278,1.5));
#9257=CARTESIAN_POINT('Origin',(166.899273165948,65.0345834422321,1.5));
#9258=CARTESIAN_POINT('',(164.671304518839,64.6633061261733,1.5));
#9259=CARTESIAN_POINT('Ctrl Pts',(164.671304518839,64.6633061261734,1.50000000000001));
#9260=CARTESIAN_POINT('Ctrl Pts',(164.671303930597,64.6633064959264,1.43990224322383));
#9261=CARTESIAN_POINT('Ctrl Pts',(164.673227721253,64.6663683713795,1.37980469535863));
#9262=CARTESIAN_POINT('Ctrl Pts',(164.677062020151,64.6724696856248,1.32014053118572));
#9263=CARTESIAN_POINT('Ctrl Pts',(164.680896183035,64.6785707834375,1.26047848348613));
#9264=CARTESIAN_POINT('Ctrl Pts',(164.686640691799,64.6877110617401,1.20125020345154));
#9265=CARTESIAN_POINT('Ctrl Pts',(164.694254139514,64.6998246460044,1.14288257007986));
#9266=CARTESIAN_POINT('Ctrl Pts',(164.701867338662,64.7119378347792,1.0845168423199));
#9267=CARTESIAN_POINT('Ctrl Pts',(164.711349301658,64.7270240509445,1.02701211064844));
#9268=CARTESIAN_POINT('Ctrl Pts',(164.722631688882,64.7449745725955,0.970782804841757));
#9269=CARTESIAN_POINT('Ctrl Pts',(164.733913739615,64.7629245588822,0.914555176042938));
#9270=CARTESIAN_POINT('Ctrl Pts',(164.74699602864,64.7837385548505,0.859603287720864));
#9271=CARTESIAN_POINT('Ctrl Pts',(164.761784274828,64.8072665680943,0.806323148041345));
#9272=CARTESIAN_POINT('Ctrl Pts',(164.776572121716,64.8307939460561,0.753044446983558));
#9273=CARTESIAN_POINT('Ctrl Pts',(164.793065730764,64.8570350310635,0.70143777442656));
#9274=CARTESIAN_POINT('Ctrl Pts',(164.81114624373,64.8858007308411,0.651875011358306));
#9275=CARTESIAN_POINT('Ctrl Pts',(164.829384987437,64.9148181722599,0.601878502147585));
#9276=CARTESIAN_POINT('Ctrl Pts',(164.849238436508,64.946404457932,0.553962232245871));
#9277=CARTESIAN_POINT('Ctrl Pts',(164.870561011884,64.9803279852786,0.50847754599365));
#9278=CARTESIAN_POINT('Ctrl Pts',(164.891702097376,65.0139627680935,0.463380008586476));
#9279=CARTESIAN_POINT('Ctrl Pts',(164.914287227513,65.0498948900218,0.420673105740404));
#9280=CARTESIAN_POINT('Ctrl Pts',(164.938153594457,65.0878653391161,0.380664687682753));
#9281=CARTESIAN_POINT('Ctrl Pts',(164.962018193722,65.1258329759047,0.340659232874343));
#9282=CARTESIAN_POINT('Ctrl Pts',(164.987163673867,65.1658383736122,0.303352140786088));
#9283=CARTESIAN_POINT('Ctrl Pts',(165.01340879771,65.2075932009427,0.269012297674514));
#9284=CARTESIAN_POINT('Ctrl Pts',(165.039652274237,65.2493454074678,0.234674609955496));
#9285=CARTESIAN_POINT('Ctrl Pts',(165.066995073855,65.2928465335586,0.203304036949279));
#9286=CARTESIAN_POINT('Ctrl Pts',(165.095240147159,65.3377830921602,0.175126649863911));
#9287=CARTESIAN_POINT('Ctrl Pts',(165.123914965249,65.3834033541301,0.14652054782881));
#9288=CARTESIAN_POINT('Ctrl Pts',(165.153519548999,65.4305027857532,0.121205866120568));
#9289=CARTESIAN_POINT('Ctrl Pts',(165.18383402249,65.4787315851387,0.0993706153751743));
#9290=CARTESIAN_POINT('Ctrl Pts',(165.213696114477,65.526240668352,0.0778612110801936));
#9291=CARTESIAN_POINT('Ctrl Pts',(165.244246829407,65.5748452858518,0.0597281952218254));
#9292=CARTESIAN_POINT('Ctrl Pts',(165.275265971621,65.6241951270723,0.0451022598145239));
#9293=CARTESIAN_POINT('Ctrl Pts',(165.306989978361,65.674666371078,0.0301439714695668));
#9294=CARTESIAN_POINT('Ctrl Pts',(165.339203736497,65.7259167634567,0.0188542731972255));
#9295=CARTESIAN_POINT('Ctrl Pts',(165.371664416299,65.7775599849649,0.0113182660020616));
#9296=CARTESIAN_POINT('Ctrl Pts',(165.404125096101,65.8292032064731,0.00378225880689779));
#9297=CARTESIAN_POINT('Ctrl Pts',(165.436832450701,65.8812388643688,-3.73022994149794E-16));
#9298=CARTESIAN_POINT('Ctrl Pts',(165.469539929674,65.9332747201285,0.));
#9299=CARTESIAN_POINT('',(166.10101469247,63.764629344825,1.5));
#9300=CARTESIAN_POINT('Ctrl Pts',(169.078751269314,65.257306384774,0.));
#9301=CARTESIAN_POINT('Ctrl Pts',(168.551387359286,65.1554282620955,0.));
#9302=CARTESIAN_POINT('Ctrl Pts',(167.826190750242,65.1340044116854,0.));
#9303=CARTESIAN_POINT('Ctrl Pts',(166.945046102255,65.2992409808411,0.));
#9304=CARTESIAN_POINT('Ctrl Pts',(166.429982512778,65.4542784027055,0.));
#9305=CARTESIAN_POINT('Ctrl Pts',(166.017090620737,65.6288579023045,0.));
#9306=CARTESIAN_POINT('Ctrl Pts',(165.739154417287,65.7737501682368,0.));
#9307=CARTESIAN_POINT('Ctrl Pts',(165.583841405935,65.8628541363262,0.));
#9308=CARTESIAN_POINT('Ctrl Pts',(165.507410121278,65.9094724704816,0.));
#9309=CARTESIAN_POINT('Ctrl Pts',(165.469514223187,65.9332908772214,0.));
#9310=CARTESIAN_POINT('Ctrl Pts',(169.163878007994,64.8166546670385,2.60918230864292E-15));
#9311=CARTESIAN_POINT('Ctrl Pts',(168.589003365806,64.7055982443144,2.66496997827214E-15));
#9312=CARTESIAN_POINT('Ctrl Pts',(167.797831516164,64.6830039826825,9.00040206596086E-16));
#9313=CARTESIAN_POINT('Ctrl Pts',(166.83738988313,64.8630841778248,7.79431668969924E-16));
#9314=CARTESIAN_POINT('Ctrl Pts',(166.275574767477,65.0323821930032,4.25465470951234E-16));
#9315=CARTESIAN_POINT('Ctrl Pts',(165.825901800274,65.222484835816,1.53552872551252E-16));
#9316=CARTESIAN_POINT('Ctrl Pts',(165.522164737854,65.3809301392195,5.67404076833049E-17));
#9317=CARTESIAN_POINT('Ctrl Pts',(165.353872105657,65.477432822474,2.28604009416691E-17));
#9318=CARTESIAN_POINT('Ctrl Pts',(165.268585545333,65.5294944186077,0.));
#9319=CARTESIAN_POINT('Ctrl Pts',(165.230689647242,65.5533128253475,0.));
#9320=CARTESIAN_POINT('Ctrl Pts',(169.311249330721,64.0537988650636,0.376637341472013));
#9321=CARTESIAN_POINT('Ctrl Pts',(168.654772340161,63.926978197005,0.376637341472013));
#9322=CARTESIAN_POINT('Ctrl Pts',(167.74735390364,63.9029112288514,0.376637341472011));
#9323=CARTESIAN_POINT('Ctrl Pts',(166.650574452974,64.1085146500962,0.37663734147201));
#9324=CARTESIAN_POINT('Ctrl Pts',(166.007839305909,64.3024248428875,0.37663734147201));
#9325=CARTESIAN_POINT('Ctrl Pts',(165.49453381024,64.5192793344824,0.37663734147201));
#9326=CARTESIAN_POINT('Ctrl Pts',(165.146312238451,64.7010363518835,0.376637341472009));
#9327=CARTESIAN_POINT('Ctrl Pts',(164.955668424298,64.8102582072723,0.376637341472009));
#9328=CARTESIAN_POINT('Ctrl Pts',(164.855132684306,64.8716768047679,0.376637341472009));
#9329=CARTESIAN_POINT('Ctrl Pts',(164.817236786215,64.8954952115077,0.376637341472009));
#9330=CARTESIAN_POINT('Ctrl Pts',(169.363266435567,63.7845365045238,1.16340078711538));
#9331=CARTESIAN_POINT('Ctrl Pts',(168.677693830525,63.6520950373827,1.16340078711538));
#9332=CARTESIAN_POINT('Ctrl Pts',(167.730161223359,63.6272582726038,1.16340078711538));
#9333=CARTESIAN_POINT('Ctrl Pts',(166.584834120269,63.8419491350378,1.16340078711538));
#9334=CARTESIAN_POINT('Ctrl Pts',(165.913529632636,64.0445808057291,1.16340078711538));
#9335=CARTESIAN_POINT('Ctrl Pts',(165.37774465745,64.2709328062916,1.16340078711538));
#9336=CARTESIAN_POINT('Ctrl Pts',(165.01373939812,64.4609863995989,1.16340078711538));
#9337=CARTESIAN_POINT('Ctrl Pts',(164.815152570702,64.5747381036618,1.16340078711538));
#9338=CARTESIAN_POINT('Ctrl Pts',(164.709197773614,64.6394893808161,1.16340078711538));
#9339=CARTESIAN_POINT('Ctrl Pts',(164.671301875523,64.6633077875559,1.16340078711538));
#9340=CARTESIAN_POINT('Ctrl Pts',(169.363266435567,63.7845365045238,1.5));
#9341=CARTESIAN_POINT('Ctrl Pts',(168.677815254062,63.6521184944334,1.5));
#9342=CARTESIAN_POINT('Ctrl Pts',(167.729902308924,63.6273854179348,1.5));
#9343=CARTESIAN_POINT('Ctrl Pts',(166.584751490459,63.8420436768369,1.5));
#9344=CARTESIAN_POINT('Ctrl Pts',(165.913450030587,64.0446611579151,1.5));
#9345=CARTESIAN_POINT('Ctrl Pts',(165.377673078927,64.2709903416171,1.5));
#9346=CARTESIAN_POINT('Ctrl Pts',(165.013701896894,64.4610155937721,1.5));
#9347=CARTESIAN_POINT('Ctrl Pts',(164.815137384951,64.5747505363667,1.5));
#9348=CARTESIAN_POINT('Ctrl Pts',(164.709197773614,64.6394893808161,1.5));
#9349=CARTESIAN_POINT('Ctrl Pts',(164.671301875523,64.6633077875559,1.5));
#9350=CARTESIAN_POINT('',(169.363266435567,63.7845365045237,1.5));
#9351=CARTESIAN_POINT('Origin',(169.078751269314,65.257306384774,1.5));
#9352=CARTESIAN_POINT('Ctrl Pts',(164.671304518864,64.6633061261594,1.5));
#9353=CARTESIAN_POINT('Ctrl Pts',(164.709200236782,64.6394878755949,1.5));
#9354=CARTESIAN_POINT('Ctrl Pts',(164.815138539141,64.5747498752629,1.5));
#9355=CARTESIAN_POINT('Ctrl Pts',(165.013701896894,64.4610155937721,1.5));
#9356=CARTESIAN_POINT('Ctrl Pts',(165.377673078927,64.2709903416171,1.5));
#9357=CARTESIAN_POINT('Ctrl Pts',(165.913450030587,64.0446611579151,1.5));
#9358=CARTESIAN_POINT('Ctrl Pts',(166.584751490459,63.8420436768369,1.5));
#9359=CARTESIAN_POINT('Ctrl Pts',(167.729902308924,63.6273854179348,1.5));
#9360=CARTESIAN_POINT('Ctrl Pts',(168.677815254062,63.6521184944334,1.5));
#9361=CARTESIAN_POINT('Ctrl Pts',(169.363266435567,63.7845365045238,1.5));
#9362=CARTESIAN_POINT('Origin',(230.166495827299,77.058316695766,1.5));
#9363=CARTESIAN_POINT('',(253.769549345215,80.0902525222994,1.5));
#9364=CARTESIAN_POINT('Origin',(253.485037607476,81.5630230648786,1.5));
#9365=CARTESIAN_POINT('',(230.451007565037,75.5855461531867,1.5));
#9366=CARTESIAN_POINT('Ctrl Pts',(257.53650000015,86.4723129574884,0.));
#9367=CARTESIAN_POINT('Ctrl Pts',(257.536517010236,85.4866266689159,0.));
#9368=CARTESIAN_POINT('Ctrl Pts',(256.836894089597,83.1847743662973,0.));
#9369=CARTESIAN_POINT('Ctrl Pts',(254.775384068078,81.8123283997519,0.));
#9370=CARTESIAN_POINT('Ctrl Pts',(253.484999625908,81.5630157270416,0.));
#9371=CARTESIAN_POINT('Ctrl Pts',(257.985298950596,86.4723207024564,0.));
#9372=CARTESIAN_POINT('Ctrl Pts',(257.98531748222,85.398465647369,0.));
#9373=CARTESIAN_POINT('Ctrl Pts',(257.223468569128,82.8889058509098,0.));
#9374=CARTESIAN_POINT('Ctrl Pts',(254.975944894093,81.3939794777825,0.));
#9375=CARTESIAN_POINT('Ctrl Pts',(253.570136702843,81.1223660066146,0.));
#9376=CARTESIAN_POINT('Ctrl Pts',(258.762234440665,86.4723341101091,0.376667104788218));
#9377=CARTESIAN_POINT('Ctrl Pts',(258.762255585613,85.2470442512691,0.376667104788218));
#9378=CARTESIAN_POINT('Ctrl Pts',(257.891851424817,82.3785686708017,0.376667104788218));
#9379=CARTESIAN_POINT('Ctrl Pts',(255.321576176826,80.6694543488608,0.376667104788218));
#9380=CARTESIAN_POINT('Ctrl Pts',(253.717521219954,80.3595380050155,0.376667104788218));
#9381=CARTESIAN_POINT('Ctrl Pts',(259.036499999927,86.4723388431371,1.16340078711538));
#9382=CARTESIAN_POINT('Ctrl Pts',(259.036522076666,85.1930543535418,1.16340078711538));
#9383=CARTESIAN_POINT('Ctrl Pts',(258.128170129987,82.1975843364083,1.16340078711538));
#9384=CARTESIAN_POINT('Ctrl Pts',(255.444289908341,80.4138258948885,1.16340078711538));
#9385=CARTESIAN_POINT('Ctrl Pts',(253.769549345235,80.0902525223032,1.16340078711538));
#9386=CARTESIAN_POINT('Ctrl Pts',(259.036499999927,86.4723388431371,1.5));
#9387=CARTESIAN_POINT('Ctrl Pts',(259.036522072778,85.1932796871243,1.5));
#9388=CARTESIAN_POINT('Ctrl Pts',(258.128013425538,82.1979330090947,1.5));
#9389=CARTESIAN_POINT('Ctrl Pts',(255.443994918993,80.4137689005694,1.5));
#9390=CARTESIAN_POINT('Ctrl Pts',(253.769549345235,80.0902525223032,1.5));
#9391=CARTESIAN_POINT('',(259.036499999928,86.4723388431382,1.5));
#9392=CARTESIAN_POINT('Origin',(257.53650000015,86.4723129574884,1.5));
#9393=CARTESIAN_POINT('Ctrl Pts',(253.769549345235,80.0902525223032,1.5));
#9394=CARTESIAN_POINT('Ctrl Pts',(255.443994918993,80.4137689005694,1.5));
#9395=CARTESIAN_POINT('Ctrl Pts',(258.128013425538,82.1979330090947,1.5));
#9396=CARTESIAN_POINT('Ctrl Pts',(259.036522072778,85.1932796871243,1.5));
#9397=CARTESIAN_POINT('Ctrl Pts',(259.036499999927,86.4723388431371,1.5));
#9398=CARTESIAN_POINT('Origin',(257.536499999703,124.218257004064,1.5));
#9399=CARTESIAN_POINT('',(259.036499999637,135.447649563466,1.5));
#9400=CARTESIAN_POINT('Origin',(257.536499999637,135.447649563457,1.5));
#9401=CARTESIAN_POINT('',(259.036499999703,124.218257004073,1.5));
#9402=CARTESIAN_POINT('Ctrl Pts',(255.432507138748,139.523665879475,0.));
#9403=CARTESIAN_POINT('Ctrl Pts',(256.172415050526,138.99795001272,0.));
#9404=CARTESIAN_POINT('Ctrl Pts',(257.208053127864,137.717352656446,0.));
#9405=CARTESIAN_POINT('Ctrl Pts',(257.536509809592,136.12841378892,0.));
#9406=CARTESIAN_POINT('Ctrl Pts',(257.536499999793,135.447671179123,0.));
#9407=CARTESIAN_POINT('Ctrl Pts',(255.692452005406,139.889519899925,0.));
#9408=CARTESIAN_POINT('Ctrl Pts',(256.498946124999,139.316493516012,0.));
#9409=CARTESIAN_POINT('Ctrl Pts',(257.627571246694,137.92141139145,0.));
#9410=CARTESIAN_POINT('Ctrl Pts',(257.985309642865,136.189668962267,0.));
#9411=CARTESIAN_POINT('Ctrl Pts',(257.985298950259,135.447664711733,0.));
#9412=CARTESIAN_POINT('Ctrl Pts',(256.142449970031,140.522860218082,0.376675316625069));
#9413=CARTESIAN_POINT('Ctrl Pts',(257.063309637785,139.868575366297,0.376675316625069));
#9414=CARTESIAN_POINT('Ctrl Pts',(258.353323586102,138.27364559505,0.376675316625069));
#9415=CARTESIAN_POINT('Ctrl Pts',(258.762239808785,136.294878071821,0.376675316625069));
#9416=CARTESIAN_POINT('Ctrl Pts',(258.762227599908,135.447653515851,0.376675316625069));
#9417=CARTESIAN_POINT('Ctrl Pts',(256.301308858408,140.746442871373,1.16340078711538));
#9418=CARTESIAN_POINT('Ctrl Pts',(257.262945978841,140.06318501695,1.16340078711538));
#9419=CARTESIAN_POINT('Ctrl Pts',(258.609747538331,138.398446698775,1.16340078711538));
#9420=CARTESIAN_POINT('Ctrl Pts',(259.036512749146,136.332390802517,1.16340078711538));
#9421=CARTESIAN_POINT('Ctrl Pts',(259.036499999637,135.447649563466,1.16340078711538));
#9422=CARTESIAN_POINT('Ctrl Pts',(256.301308858408,140.746442871373,1.5));
#9423=CARTESIAN_POINT('Ctrl Pts',(257.262775803967,140.063305928796,1.5));
#9424=CARTESIAN_POINT('Ctrl Pts',(258.609655754543,138.398255066305,1.5));
#9425=CARTESIAN_POINT('Ctrl Pts',(259.036512746889,136.332234235679,1.5));
#9426=CARTESIAN_POINT('Ctrl Pts',(259.036499999637,135.447649563466,1.5));
#9427=CARTESIAN_POINT('',(256.301308858408,140.746442871373,1.5));
#9428=CARTESIAN_POINT('Origin',(255.432507138748,139.523665879475,1.5));
#9429=CARTESIAN_POINT('Ctrl Pts',(259.036499999637,135.447649563466,1.5));
#9430=CARTESIAN_POINT('Ctrl Pts',(259.036512746889,136.332234235679,1.5));
#9431=CARTESIAN_POINT('Ctrl Pts',(258.609655754543,138.398255066305,1.5));
#9432=CARTESIAN_POINT('Ctrl Pts',(257.262775803967,140.063305928796,1.5));
#9433=CARTESIAN_POINT('Ctrl Pts',(256.301308858408,140.746442871373,1.5));
#9434=CARTESIAN_POINT('Origin',(234.204638540801,154.606580475917,1.5));
#9435=CARTESIAN_POINT('',(238.793183537819,153.186389808879,1.5));
#9436=CARTESIAN_POINT('Origin',(237.924374549423,151.963617981562,1.5));
#9437=CARTESIAN_POINT('',(235.073447529198,155.829352303234,1.5));
#9438=CARTESIAN_POINT('Ctrl Pts',(237.115813946097,152.431147439032,0.));
#9439=CARTESIAN_POINT('Ctrl Pts',(237.15628499123,152.412550653912,0.));
#9440=CARTESIAN_POINT('Ctrl Pts',(237.27695311175,152.355139133409,0.));
#9441=CARTESIAN_POINT('Ctrl Pts',(237.552993804339,152.209967688997,0.));
#9442=CARTESIAN_POINT('Ctrl Pts',(237.779116291581,152.066832952458,0.));
#9443=CARTESIAN_POINT('Ctrl Pts',(237.924343994466,151.963639692173,0.));
#9444=CARTESIAN_POINT('Ctrl Pts',(237.303204063534,152.838953081304,0.));
#9445=CARTESIAN_POINT('Ctrl Pts',(237.343675108666,152.820356296183,0.));
#9446=CARTESIAN_POINT('Ctrl Pts',(237.477710967262,152.756633052165,0.));
#9447=CARTESIAN_POINT('Ctrl Pts',(237.777105563613,152.599078969403,0.));
#9448=CARTESIAN_POINT('Ctrl Pts',(238.025979436911,152.441982344834,0.));
#9449=CARTESIAN_POINT('Ctrl Pts',(238.184300177947,152.329485671585,0.));
#9450=CARTESIAN_POINT('Ctrl Pts',(237.627600688781,153.544917600242,0.376674585994423));
#9451=CARTESIAN_POINT('Ctrl Pts',(237.668071733914,153.526320815122,0.376674585994423));
#9452=CARTESIAN_POINT('Ctrl Pts',(237.825269769486,153.451639842892,0.376674585994423));
#9453=CARTESIAN_POINT('Ctrl Pts',(238.164805587643,153.272800794517,0.376674585994423));
#9454=CARTESIAN_POINT('Ctrl Pts',(238.453509317246,153.091288372835,0.376674585994423));
#9455=CARTESIAN_POINT('Ctrl Pts',(238.634318085972,152.962812565793,0.376674585994423));
#9456=CARTESIAN_POINT('Ctrl Pts',(237.742119279105,153.794137398586,1.16340078711538));
#9457=CARTESIAN_POINT('Ctrl Pts',(237.782590324238,153.775540613466,1.16340078711538));
#9458=CARTESIAN_POINT('Ctrl Pts',(237.947955739942,153.69700534171,1.16340078711538));
#9459=CARTESIAN_POINT('Ctrl Pts',(238.30179072661,153.510584762297,1.16340078711538));
#9460=CARTESIAN_POINT('Ctrl Pts',(238.604356580927,153.320563034265,1.16340078711538));
#9461=CARTESIAN_POINT('Ctrl Pts',(238.79318353782,153.186389808879,1.16340078711538));
#9462=CARTESIAN_POINT('Ctrl Pts',(237.742119279105,153.794137398586,1.5));
#9463=CARTESIAN_POINT('Ctrl Pts',(237.782590324238,153.775540613466,1.5));
#9464=CARTESIAN_POINT('Ctrl Pts',(237.947959672542,153.696999445572,1.5));
#9465=CARTESIAN_POINT('Ctrl Pts',(238.301740543197,153.510607294905,1.5));
#9466=CARTESIAN_POINT('Ctrl Pts',(238.604390042903,153.320539257463,1.5));
#9467=CARTESIAN_POINT('Ctrl Pts',(238.79318353782,153.186389808879,1.5));
#9468=CARTESIAN_POINT('',(237.742119279105,153.794137398586,1.5));
#9469=CARTESIAN_POINT('Ctrl Pts',(237.742119279105,153.794137398586,1.5));
#9470=CARTESIAN_POINT('Ctrl Pts',(237.742122942201,153.794135715363,1.16340078711538));
#9471=CARTESIAN_POINT('Ctrl Pts',(237.693047209589,153.687325547061,0.826232415206398));
#9472=CARTESIAN_POINT('Ctrl Pts',(237.605422450145,153.496623491302,0.56437964607576));
#9473=CARTESIAN_POINT('Ctrl Pts',(237.488589437559,153.242354083638,0.215242620588908));
#9474=CARTESIAN_POINT('Ctrl Pts',(237.303224821676,152.838943542759,2.54816482586763E-11));
#9475=CARTESIAN_POINT('Ctrl Pts',(237.11583958777,152.431135656468,2.26249707040811E-21));
#9476=CARTESIAN_POINT('Ctrl Pts',(238.79318353782,153.186389808879,1.5));
#9477=CARTESIAN_POINT('Ctrl Pts',(238.604390042903,153.320539257463,1.5));
#9478=CARTESIAN_POINT('Ctrl Pts',(238.301740543197,153.510607294905,1.5));
#9479=CARTESIAN_POINT('Ctrl Pts',(237.947959672542,153.696999445572,1.5));
#9480=CARTESIAN_POINT('Ctrl Pts',(237.782590324238,153.775540613466,1.5));
#9481=CARTESIAN_POINT('Ctrl Pts',(237.742119279105,153.794137398586,1.5));
#9482=CARTESIAN_POINT('Origin',(220.052628189437,160.271047031385,1.5));
#9483=CARTESIAN_POINT('',(220.093965693047,161.902807965671,1.5));
#9484=CARTESIAN_POINT('Ctrl Pts',(220.093965693047,161.902807965671,1.5));
#9485=CARTESIAN_POINT('Ctrl Pts',(220.093966717909,161.902807494785,1.43990224322382));
#9486=CARTESIAN_POINT('Ctrl Pts',(220.092458018644,161.899521177835,1.37980469535862));
#9487=CARTESIAN_POINT('Ctrl Pts',(220.089450477134,161.892972698743,1.32014053118571));
#9488=CARTESIAN_POINT('Ctrl Pts',(220.086443042311,161.886424451946,1.26047848348613));
#9489=CARTESIAN_POINT('Ctrl Pts',(220.08193689262,161.876614320238,1.20125020345155));
#9490=CARTESIAN_POINT('Ctrl Pts',(220.075964512849,161.863613005285,1.14288257007988));
#9491=CARTESIAN_POINT('Ctrl Pts',(220.069992328066,161.850612114805,1.08451684231992));
#9492=CARTESIAN_POINT('Ctrl Pts',(220.062554050576,161.834420340066,1.02701211064845));
#9493=CARTESIAN_POINT('Ctrl Pts',(220.053703294547,161.815154369872,0.970782804841771));
#9494=CARTESIAN_POINT('Ctrl Pts',(220.044852802486,161.795888974275,0.914555176042941));
#9495=CARTESIAN_POINT('Ctrl Pts',(220.034589977757,161.773549700704,0.859603287720856));
#9496=CARTESIAN_POINT('Ctrl Pts',(220.022988786301,161.748297532677,0.806323148041327));
#9497=CARTESIAN_POINT('Ctrl Pts',(220.01138790809,161.723046046485,0.753044446983558));
#9498=CARTESIAN_POINT('Ctrl Pts',(219.998448816136,161.694881998801,0.701437774426578));
#9499=CARTESIAN_POINT('Ctrl Pts',(219.98426475775,161.664008338161,0.65187501135834));
#9500=CARTESIAN_POINT('Ctrl Pts',(219.969956568257,161.632864488162,0.601878502147616));
#9501=CARTESIAN_POINT('Ctrl Pts',(219.954381601392,161.598963554687,0.553962232245899));
#9502=CARTESIAN_POINT('Ctrl Pts',(219.937654067622,161.562554111638,0.508477545993677));
#9503=CARTESIAN_POINT('Ctrl Pts',(219.92106891244,161.526454572317,0.463380008586499));
#9504=CARTESIAN_POINT('Ctrl Pts',(219.903350867554,161.487889349956,0.420673105740423));
#9505=CARTESIAN_POINT('Ctrl Pts',(219.884627659848,161.447136436324,0.380664687682769));
#9506=CARTESIAN_POINT('Ctrl Pts',(219.865905838888,161.406386541083,0.34065923287436));
#9507=CARTESIAN_POINT('Ctrl Pts',(219.846179134343,161.363449562312,0.303352140786107));
#9508=CARTESIAN_POINT('Ctrl Pts',(219.825589731385,161.318634959585,0.269012297674533));
#9509=CARTESIAN_POINT('Ctrl Pts',(219.805001620752,161.273823169715,0.234674609955516));
#9510=CARTESIAN_POINT('Ctrl Pts',(219.783551063231,161.227134303324,0.2033040369493));
#9511=CARTESIAN_POINT('Ctrl Pts',(219.761392649084,161.178904819103,0.175126649863932));
#9512=CARTESIAN_POINT('Ctrl Pts',(219.738897097807,161.129941530118,0.146520547828828));
#9513=CARTESIAN_POINT('Ctrl Pts',(219.715672121753,161.0793906812,0.121205866120583));
#9514=CARTESIAN_POINT('Ctrl Pts',(219.691890219165,161.027627706949,0.0993706153751863));
#9515=CARTESIAN_POINT('Ctrl Pts',(219.668463212823,160.9766371892,0.0778612110802056));
#9516=CARTESIAN_POINT('Ctrl Pts',(219.644495964292,160.924470858836,0.0597281952218373));
#9517=CARTESIAN_POINT('Ctrl Pts',(219.620161222657,160.871504696407,0.045102259814535));
#9518=CARTESIAN_POINT('Ctrl Pts',(219.595273509698,160.817334955595,0.0301439714695744));
#9519=CARTESIAN_POINT('Ctrl Pts',(219.570001574329,160.76232897214,0.01885427319723));
#9520=CARTESIAN_POINT('Ctrl Pts',(219.544535922642,160.706901373907,0.0113182660020643));
#9521=CARTESIAN_POINT('Ctrl Pts',(219.519070270954,160.651473775674,0.00378225880689863));
#9522=CARTESIAN_POINT('Ctrl Pts',(219.493411096621,160.595624984184,-1.64625571937607E-16));
#9523=CARTESIAN_POINT('Ctrl Pts',(219.467751824714,160.53977598033,2.22044604925031E-16));
#9524=CARTESIAN_POINT('',(220.678882238553,161.63406055515,1.5));
#9525=CARTESIAN_POINT('Ctrl Pts',(217.380272846444,160.99630000065,0.));
#9526=CARTESIAN_POINT('Ctrl Pts',(217.687317311145,160.99631104258,0.));
#9527=CARTESIAN_POINT('Ctrl Pts',(218.201346280822,160.948720366271,0.));
#9528=CARTESIAN_POINT('Ctrl Pts',(218.798006697247,160.798777868702,0.));
#9529=CARTESIAN_POINT('Ctrl Pts',(219.137473024355,160.679398972399,0.));
#9530=CARTESIAN_POINT('Ctrl Pts',(219.30377585572,160.612072658433,0.));
#9531=CARTESIAN_POINT('Ctrl Pts',(219.39786493867,160.571451417159,0.));
#9532=CARTESIAN_POINT('Ctrl Pts',(219.444545662568,160.550436692227,0.));
#9533=CARTESIAN_POINT('Ctrl Pts',(219.467796612258,160.539755405316,0.));
#9534=CARTESIAN_POINT('Ctrl Pts',(217.380256706741,161.445098950873,0.));
#9535=CARTESIAN_POINT('Ctrl Pts',(217.714982411925,161.445110988275,0.));
#9536=CARTESIAN_POINT('Ctrl Pts',(218.275536230531,161.393021795894,0.));
#9537=CARTESIAN_POINT('Ctrl Pts',(218.926310487995,161.229385674984,0.));
#9538=CARTESIAN_POINT('Ctrl Pts',(219.296138367511,161.099318702337,0.));
#9539=CARTESIAN_POINT('Ctrl Pts',(219.477849891978,161.025726771684,0.));
#9540=CARTESIAN_POINT('Ctrl Pts',(219.579802100693,160.9817249088,0.));
#9541=CARTESIAN_POINT('Ctrl Pts',(219.631896391343,160.958260431615,0.));
#9542=CARTESIAN_POINT('Ctrl Pts',(219.655147341033,160.947579144705,0.));
#9543=CARTESIAN_POINT('Ctrl Pts',(217.380228766776,162.222029423752,0.376673127365648));
#9544=CARTESIAN_POINT('Ctrl Pts',(217.762498555718,162.222043170933,0.376673127365648));
#9545=CARTESIAN_POINT('Ctrl Pts',(218.404558092824,162.161879092467,0.376673127365648));
#9546=CARTESIAN_POINT('Ctrl Pts',(219.148625828428,161.974646442773,0.376673127365648));
#9547=CARTESIAN_POINT('Ctrl Pts',(219.571078210629,161.826117661687,0.376673127365648));
#9548=CARTESIAN_POINT('Ctrl Pts',(219.779317167392,161.741750492595,0.376673127365648));
#9549=CARTESIAN_POINT('Ctrl Pts',(219.894812976234,161.691933835786,0.376673127365648));
#9550=CARTESIAN_POINT('Ctrl Pts',(219.956225336919,161.664257383117,0.376673127365648));
#9551=CARTESIAN_POINT('Ctrl Pts',(219.979476286609,161.653576096207,0.376673127365648));
#9552=CARTESIAN_POINT('Ctrl Pts',(217.380218903461,162.49629999968,1.16340078711538));
#9553=CARTESIAN_POINT('Ctrl Pts',(217.779440708608,162.49631435649,1.16340078711538));
#9554=CARTESIAN_POINT('Ctrl Pts',(218.449841610823,162.433428223964,1.16340078711538));
#9555=CARTESIAN_POINT('Ctrl Pts',(219.227015729271,162.237816841215,1.16340078711538));
#9556=CARTESIAN_POINT('Ctrl Pts',(219.668016609634,162.082752516373,1.16340078711538));
#9557=CARTESIAN_POINT('Ctrl Pts',(219.885686007015,161.994549568428,1.16340078711538));
#9558=CARTESIAN_POINT('Ctrl Pts',(220.005993596729,161.942663406421,1.16340078711538));
#9559=CARTESIAN_POINT('Ctrl Pts',(220.070719348672,161.913487136939,1.16340078711538));
#9560=CARTESIAN_POINT('Ctrl Pts',(220.093970298363,161.902805850029,1.16340078711538));
#9561=CARTESIAN_POINT('Ctrl Pts',(217.380218903461,162.49629999968,1.5));
#9562=CARTESIAN_POINT('Ctrl Pts',(217.779369963452,162.496314353946,1.5));
#9563=CARTESIAN_POINT('Ctrl Pts',(218.449952529956,162.433374127411,1.5));
#9564=CARTESIAN_POINT('Ctrl Pts',(219.227054220158,162.237783253727,1.5));
#9565=CARTESIAN_POINT('Ctrl Pts',(219.668067267017,162.08272658455,1.5));
#9566=CARTESIAN_POINT('Ctrl Pts',(219.885708981366,161.994537072565,1.5));
#9567=CARTESIAN_POINT('Ctrl Pts',(220.006003673825,161.942657971694,1.5));
#9568=CARTESIAN_POINT('Ctrl Pts',(220.070719348672,161.913487136939,1.5));
#9569=CARTESIAN_POINT('Ctrl Pts',(220.093970298363,161.902805850029,1.5));
#9570=CARTESIAN_POINT('',(217.380218903461,162.49629999968,1.5));
#9571=CARTESIAN_POINT('Origin',(217.380272846444,160.99630000065,1.5));
#9572=CARTESIAN_POINT('Ctrl Pts',(220.093965692927,161.902807965723,1.5));
#9573=CARTESIAN_POINT('Ctrl Pts',(220.070715075932,161.913489062891,1.5));
#9574=CARTESIAN_POINT('Ctrl Pts',(220.006001688261,161.942658828001,1.5));
#9575=CARTESIAN_POINT('Ctrl Pts',(219.885708981366,161.994537072565,1.5));
#9576=CARTESIAN_POINT('Ctrl Pts',(219.668067267017,162.08272658455,1.5));
#9577=CARTESIAN_POINT('Ctrl Pts',(219.227054220158,162.237783253727,1.5));
#9578=CARTESIAN_POINT('Ctrl Pts',(218.449952529956,162.433374127411,1.5));
#9579=CARTESIAN_POINT('Ctrl Pts',(217.779369963452,162.496314353946,1.5));
#9580=CARTESIAN_POINT('Ctrl Pts',(217.380218903461,162.49629999968,1.5));
#9581=CARTESIAN_POINT('Origin',(199.702017688328,160.99629999987,1.5));
#9582=CARTESIAN_POINT('',(200.367416552191,162.496300000073,1.5));
#9583=CARTESIAN_POINT('Origin',(200.367416552175,160.996299999862,1.5));
#9584=CARTESIAN_POINT('',(199.702017688344,162.49629999987,1.5));
#9585=CARTESIAN_POINT('Ctrl Pts',(197.794886308373,160.283772543546,0.));
#9586=CARTESIAN_POINT('Ctrl Pts',(197.822386712649,160.300272302461,0.));
#9587=CARTESIAN_POINT('Ctrl Pts',(197.877768331052,160.332769682822,0.));
#9588=CARTESIAN_POINT('Ctrl Pts',(197.989787476205,160.395666597271,0.));
#9589=CARTESIAN_POINT('Ctrl Pts',(198.303839356374,160.560052065278,0.));
#9590=CARTESIAN_POINT('Ctrl Pts',(199.081034524516,160.876294190257,0.));
#9591=CARTESIAN_POINT('Ctrl Pts',(199.854273968028,160.996305227347,0.));
#9592=CARTESIAN_POINT('Ctrl Pts',(200.367401271785,160.996300000151,0.));
#9593=CARTESIAN_POINT('Ctrl Pts',(197.563986129996,160.668617454656,0.));
#9594=CARTESIAN_POINT('Ctrl Pts',(197.593940366795,160.686592027185,0.));
#9595=CARTESIAN_POINT('Ctrl Pts',(197.654315151988,160.72201380481,0.));
#9596=CARTESIAN_POINT('Ctrl Pts',(197.776355395998,160.790545754581,0.));
#9597=CARTESIAN_POINT('Ctrl Pts',(198.118630263017,160.969702815113,0.));
#9598=CARTESIAN_POINT('Ctrl Pts',(198.96555560445,161.314305275063,0.));
#9599=CARTESIAN_POINT('Ctrl Pts',(199.808067327679,161.445116116177,0.));
#9600=CARTESIAN_POINT('Ctrl Pts',(200.367405843672,161.445098950641,0.));
#9601=CARTESIAN_POINT('Ctrl Pts',(197.164413398277,161.334591528393,0.376989148373638));
#9602=CARTESIAN_POINT('Ctrl Pts',(197.193196907113,161.351862464661,0.376989148373638));
#9603=CARTESIAN_POINT('Ctrl Pts',(197.266391833483,161.394865322808,0.376989148373639));
#9604=CARTESIAN_POINT('Ctrl Pts',(197.403531269395,161.471782238327,0.376989148373637));
#9605=CARTESIAN_POINT('Ctrl Pts',(197.796577094693,161.677666681658,0.37698914837364));
#9606=CARTESIAN_POINT('Ctrl Pts',(198.762316609747,162.070254542983,0.376989148373636));
#9607=CARTESIAN_POINT('Ctrl Pts',(199.728464548737,162.221757987374,0.37698914837364));
#9608=CARTESIAN_POINT('Ctrl Pts',(200.367413755321,162.221745482056,0.376989148373638));
#9609=CARTESIAN_POINT('Ctrl Pts',(197.023159308634,161.57002191201,1.16340078711538));
#9610=CARTESIAN_POINT('Ctrl Pts',(197.050659712911,161.586521670925,1.16340078711538));
#9611=CARTESIAN_POINT('Ctrl Pts',(197.129057370038,161.632608969032,1.16340078711538));
#9612=CARTESIAN_POINT('Ctrl Pts',(197.271174756808,161.712270812079,1.16340078711538));
#9613=CARTESIAN_POINT('Ctrl Pts',(197.682478633305,161.927790689788,1.16340078711538));
#9614=CARTESIAN_POINT('Ctrl Pts',(198.689923005743,162.33716675689,1.16340078711538));
#9615=CARTESIAN_POINT('Ctrl Pts',(199.700381359041,162.496306795119,1.16340078711538));
#9616=CARTESIAN_POINT('Ctrl Pts',(200.36741655219,162.496300000073,1.16340078711538));
#9617=CARTESIAN_POINT('Ctrl Pts',(197.023159308634,161.57002191201,1.5));
#9618=CARTESIAN_POINT('Ctrl Pts',(197.050659712911,161.586521670925,1.5));
#9619=CARTESIAN_POINT('Ctrl Pts',(197.129057370038,161.632608969032,1.5));
#9620=CARTESIAN_POINT('Ctrl Pts',(197.271174756808,161.712270812079,1.5));
#9621=CARTESIAN_POINT('Ctrl Pts',(197.682478633305,161.927790689788,1.5));
#9622=CARTESIAN_POINT('Ctrl Pts',(198.689923005743,162.33716675689,1.5));
#9623=CARTESIAN_POINT('Ctrl Pts',(199.700381359041,162.496306795119,1.5));
#9624=CARTESIAN_POINT('Ctrl Pts',(200.36741655219,162.496300000073,1.5));
#9625=CARTESIAN_POINT('',(197.023159308634,161.57002191201,1.5));
#9626=CARTESIAN_POINT('Ctrl Pts',(197.023159308634,161.57002191201,1.5));
#9627=CARTESIAN_POINT('Ctrl Pts',(197.023162024498,161.570023541481,1.16340078739137));
#9628=CARTESIAN_POINT('Ctrl Pts',(197.08370171488,161.469126139741,0.826367227706522));
#9629=CARTESIAN_POINT('Ctrl Pts',(197.19168801946,161.289149484593,0.56453371744517));
#9630=CARTESIAN_POINT('Ctrl Pts',(197.335669759107,161.049180610718,0.215422369929087));
#9631=CARTESIAN_POINT('Ctrl Pts',(197.56400151975,160.66862668856,1.59483183777437E-11));
#9632=CARTESIAN_POINT('Ctrl Pts',(197.794905319422,160.283783949841,8.85523842857939E-22));
#9633=CARTESIAN_POINT('Ctrl Pts',(200.36741655219,162.496300000073,1.5));
#9634=CARTESIAN_POINT('Ctrl Pts',(199.700381359041,162.496306795119,1.5));
#9635=CARTESIAN_POINT('Ctrl Pts',(198.689923005743,162.33716675689,1.5));
#9636=CARTESIAN_POINT('Ctrl Pts',(197.682478633305,161.927790689788,1.5));
#9637=CARTESIAN_POINT('Ctrl Pts',(197.271174756808,161.712270812079,1.5));
#9638=CARTESIAN_POINT('Ctrl Pts',(197.129057370038,161.632608969032,1.5));
#9639=CARTESIAN_POINT('Ctrl Pts',(197.050659712911,161.586521670925,1.5));
#9640=CARTESIAN_POINT('Ctrl Pts',(197.023159308634,161.57002191201,1.5));
#9641=CARTESIAN_POINT('Origin',(184.340476327529,152.210822279664,1.5));
#9642=CARTESIAN_POINT('',(183.568711306029,153.497048834976,1.5));
#9643=CARTESIAN_POINT('Origin',(253.769549345196,80.0902525222958,0.));
#9644=CARTESIAN_POINT('',(253.769549345215,80.0902525222994,0.));
#9645=CARTESIAN_POINT('',(169.363266435567,63.7845365045238,0.));
#9646=CARTESIAN_POINT('Ctrl Pts',(169.363266435567,63.7845365045237,0.));
#9647=CARTESIAN_POINT('Ctrl Pts',(169.363266435567,63.7845365045237,9.00092542436987));
#9648=CARTESIAN_POINT('Ctrl Pts',(167.745492494672,63.4720089142159,0.));
#9649=CARTESIAN_POINT('Ctrl Pts',(167.745492494672,63.4720089142159,9.00092542436987));
#9650=CARTESIAN_POINT('Ctrl Pts',(166.066325313766,63.7865048263607,0.));
#9651=CARTESIAN_POINT('Ctrl Pts',(166.066325313766,63.7865048263607,9.00092542436987));
#9652=CARTESIAN_POINT('Ctrl Pts',(164.671304522116,64.6633061241136,0.));
#9653=CARTESIAN_POINT('Ctrl Pts',(164.671304522116,64.6633061241136,9.00092542436987));
#9654=CARTESIAN_POINT('',(164.671304518839,64.6633061261733,0.));
#9655=CARTESIAN_POINT('Origin',(164.671304518839,64.6633061261734,0.));
#9656=CARTESIAN_POINT('',(148.919774346927,74.5642879456278,0.));
#9657=CARTESIAN_POINT('Ctrl Pts',(148.919774346927,74.5642879456278,0.));
#9658=CARTESIAN_POINT('Ctrl Pts',(148.919774346927,74.5642879456278,9.00029676919226));
#9659=CARTESIAN_POINT('Ctrl Pts',(148.919759790252,74.56429709601,0.));
#9660=CARTESIAN_POINT('Ctrl Pts',(148.919759790252,74.56429709601,9.00029676919226));
#9661=CARTESIAN_POINT('Ctrl Pts',(148.919745234441,74.564306245849,0.));
#9662=CARTESIAN_POINT('Ctrl Pts',(148.919745234441,74.564306245849,9.00029676919226));
#9663=CARTESIAN_POINT('Ctrl Pts',(148.919730679495,74.564315395145,0.));
#9664=CARTESIAN_POINT('Ctrl Pts',(148.919730679495,74.564315395145,9.00029676919226));
#9665=CARTESIAN_POINT('Ctrl Pts',(147.864839873689,75.2274238420074,0.));
#9666=CARTESIAN_POINT('Ctrl Pts',(147.864839873689,75.2274238420074,9.00029676919226));
#9667=CARTESIAN_POINT('Ctrl Pts',(147.022284217375,76.1804306258229,0.));
#9668=CARTESIAN_POINT('Ctrl Pts',(147.022284217375,76.1804306258229,9.00029676919226));
#9669=CARTESIAN_POINT('Ctrl Pts',(146.493465755567,77.3086411008638,0.));
#9670=CARTESIAN_POINT('Ctrl Pts',(146.493465755567,77.3086411008638,9.00029676919226));
#9671=CARTESIAN_POINT('',(146.493465755567,77.3086411008638,0.));
#9672=CARTESIAN_POINT('Origin',(146.493465755567,77.3086411008638,0.));
#9673=CARTESIAN_POINT('',(139.651036489472,91.9056902021688,0.));
#9674=CARTESIAN_POINT('Ctrl Pts',(139.651036489472,91.9056902021694,0.));
#9675=CARTESIAN_POINT('Ctrl Pts',(139.651036489472,91.9056902021694,9.01935637279976));
#9676=CARTESIAN_POINT('Ctrl Pts',(139.440890825129,92.3539510962307,0.));
#9677=CARTESIAN_POINT('Ctrl Pts',(139.440890825129,92.3539510962307,9.01935637279976));
#9678=CARTESIAN_POINT('Ctrl Pts',(139.283259644785,92.8234493531273,0.));
#9679=CARTESIAN_POINT('Ctrl Pts',(139.283259644785,92.8234493531273,9.01935637279976));
#9680=CARTESIAN_POINT('Ctrl Pts',(139.180281847607,93.3047062180706,0.));
#9681=CARTESIAN_POINT('Ctrl Pts',(139.180281847607,93.3047062180706,9.01935637279976));
#9682=CARTESIAN_POINT('Ctrl Pts',(139.11533340605,93.6082365345357,0.));
#9683=CARTESIAN_POINT('Ctrl Pts',(139.11533340605,93.6082365345357,9.01935637279976));
#9684=CARTESIAN_POINT('Ctrl Pts',(139.0721153595,93.9164741643582,0.));
#9685=CARTESIAN_POINT('Ctrl Pts',(139.0721153595,93.9164741643582,9.01935637279976));
#9686=CARTESIAN_POINT('Ctrl Pts',(139.051153173312,94.2270682321676,0.));
#9687=CARTESIAN_POINT('Ctrl Pts',(139.051153173312,94.2270682321676,9.01935637279976));
#9688=CARTESIAN_POINT('Ctrl Pts',(139.04404971772,94.332319237391,0.));
#9689=CARTESIAN_POINT('Ctrl Pts',(139.04404971772,94.332319237391,9.01935637279976));
#9690=CARTESIAN_POINT('Ctrl Pts',(139.039502085533,94.4378398361187,0.));
#9691=CARTESIAN_POINT('Ctrl Pts',(139.039502085533,94.4378398361187,9.01935637279976));
#9692=CARTESIAN_POINT('Ctrl Pts',(139.037530549239,94.5435340716489,0.));
#9693=CARTESIAN_POINT('Ctrl Pts',(139.037530549239,94.5435340716489,9.01935637279976));
#9694=CARTESIAN_POINT('Ctrl Pts',(139.036779048922,94.5838220702711,0.));
#9695=CARTESIAN_POINT('Ctrl Pts',(139.036779048922,94.5838220702711,9.01935637279976));
#9696=CARTESIAN_POINT('Ctrl Pts',(139.036401018923,94.6458198695766,0.));
#9697=CARTESIAN_POINT('Ctrl Pts',(139.036401018923,94.6458198695766,9.01935637279976));
#9698=CARTESIAN_POINT('Ctrl Pts',(139.036400003717,94.6644364018446,0.));
#9699=CARTESIAN_POINT('Ctrl Pts',(139.036400003717,94.6644364018446,9.01935637279976));
#9700=CARTESIAN_POINT('Ctrl Pts',(139.036400002478,94.6644591235388,0.));
#9701=CARTESIAN_POINT('Ctrl Pts',(139.036400002478,94.6644591235388,9.01935637279976));
#9702=CARTESIAN_POINT('Ctrl Pts',(139.036400001239,94.664481845172,0.));
#9703=CARTESIAN_POINT('Ctrl Pts',(139.036400001239,94.664481845172,9.01935637279976));
#9704=CARTESIAN_POINT('Ctrl Pts',(139.0364,94.6645045668276,0.));
#9705=CARTESIAN_POINT('Ctrl Pts',(139.0364,94.6645045668276,9.01935637279976));
#9706=CARTESIAN_POINT('',(139.0364,94.6645045668654,0.));
#9707=CARTESIAN_POINT('Origin',(139.0364,94.6645045674324,0.));
#9708=CARTESIAN_POINT('',(139.0364,153.77862122718,0.));
#9709=CARTESIAN_POINT('Ctrl Pts',(139.0364,153.77862122718,0.));
#9710=CARTESIAN_POINT('Ctrl Pts',(139.0364,153.77862122718,9.00121441320802));
#9711=CARTESIAN_POINT('Ctrl Pts',(139.031023385401,154.693206425101,0.));
#9712=CARTESIAN_POINT('Ctrl Pts',(139.031023385401,154.693206425101,9.00121441320802));
#9713=CARTESIAN_POINT('Ctrl Pts',(139.375817600582,155.579366589926,0.));
#9714=CARTESIAN_POINT('Ctrl Pts',(139.375817600582,155.579366589926,9.00121441320802));
#9715=CARTESIAN_POINT('Ctrl Pts',(140.000445408193,156.250337404419,0.));
#9716=CARTESIAN_POINT('Ctrl Pts',(140.000445408193,156.250337404419,9.00121441320802));
#9717=CARTESIAN_POINT('',(140.000445408193,156.250337404419,8.));
#9718=CARTESIAN_POINT('',(140.000445408193,156.250337404419,8.));
#9719=CARTESIAN_POINT('',(140.000445408193,156.250337404419,1.6));
#9720=CARTESIAN_POINT('',(140.000445408193,156.250337404419,0.));
#9721=CARTESIAN_POINT('',(140.000445408193,156.250337404419,0.));
#9722=CARTESIAN_POINT('Ctrl Pts',(140.000450117968,156.250342463616,0.));
#9723=CARTESIAN_POINT('Ctrl Pts',(140.000450117968,156.250342463616,9.00114454937716));
#9724=CARTESIAN_POINT('Ctrl Pts',(140.649572708292,156.947622640908,0.));
#9725=CARTESIAN_POINT('Ctrl Pts',(140.649572708292,156.947622640908,9.00114454937716));
#9726=CARTESIAN_POINT('Ctrl Pts',(141.552671595687,157.360036650512,0.));
#9727=CARTESIAN_POINT('Ctrl Pts',(141.552671595687,157.360036650512,9.00114454937716));
#9728=CARTESIAN_POINT('Ctrl Pts',(142.504699113669,157.393977821553,0.));
#9729=CARTESIAN_POINT('Ctrl Pts',(142.504699113669,157.393977821553,9.00114454937716));
#9730=CARTESIAN_POINT('',(142.504699113669,157.393977821553,0.));
#9731=CARTESIAN_POINT('Origin',(142.6294,153.8962,0.));
#9732=CARTESIAN_POINT('Ctrl Pts',(166.00165843489,66.7799446068894,1.6));
#9733=CARTESIAN_POINT('Ctrl Pts',(166.00165843489,66.7799446068894,9.00033583901344));
#9734=CARTESIAN_POINT('Ctrl Pts',(166.860451924646,66.2401739806546,1.6));
#9735=CARTESIAN_POINT('Ctrl Pts',(166.860451924646,66.2401739806546,9.00033583901344));
#9736=CARTESIAN_POINT('Ctrl Pts',(167.893151356326,66.0467568340524,1.6));
#9737=CARTESIAN_POINT('Ctrl Pts',(167.893151356326,66.0467568340524,9.00033583901344));
#9738=CARTESIAN_POINT('Ctrl Pts',(168.889074491812,66.2391529716075,1.6));
#9739=CARTESIAN_POINT('Ctrl Pts',(168.889074491812,66.2391529716075,9.00033583901344));
#9740=CARTESIAN_POINT('',(168.889074491812,66.2391529716075,1.6));
#9741=CARTESIAN_POINT('',(166.00165843489,66.7799446068894,1.6));
#9742=CARTESIAN_POINT('Ctrl Pts',(168.889074491812,66.2391529716075,1.6));
#9743=CARTESIAN_POINT('Ctrl Pts',(167.893151356326,66.0467568340524,1.6));
#9744=CARTESIAN_POINT('Ctrl Pts',(166.860451924646,66.2401739806546,1.6));
#9745=CARTESIAN_POINT('Ctrl Pts',(166.00165843489,66.7799446068894,1.6));
#9746=CARTESIAN_POINT('',(166.00165843489,66.7799446068894,0.));
#9747=CARTESIAN_POINT('',(168.889074491812,66.2391529716075,0.));
#9748=CARTESIAN_POINT('Origin',(168.889074491812,66.239152971611,0.));
#9749=CARTESIAN_POINT('',(253.295299812838,82.544857863498,1.6));
#9750=CARTESIAN_POINT('',(187.773677023408,69.8873051631069,1.6));
#9751=CARTESIAN_POINT('',(253.295299812838,82.544857863498,0.));
#9752=CARTESIAN_POINT('Ctrl Pts',(253.295299812838,82.544857863498,1.6));
#9753=CARTESIAN_POINT('Ctrl Pts',(253.295299812838,82.544857863498,9.00637668744051));
#9754=CARTESIAN_POINT('Ctrl Pts',(255.170940730647,82.9072468034638,1.6));
#9755=CARTESIAN_POINT('Ctrl Pts',(255.170940730647,82.9072468034638,9.00637668744051));
#9756=CARTESIAN_POINT('Ctrl Pts',(256.536540756893,84.5619854413785,1.6));
#9757=CARTESIAN_POINT('Ctrl Pts',(256.536540756893,84.5619854413785,9.00637668744051));
#9758=CARTESIAN_POINT('Ctrl Pts',(256.536499999981,86.4723121743344,1.6));
#9759=CARTESIAN_POINT('Ctrl Pts',(256.536499999981,86.4723121743344,9.00637668744051));
#9760=CARTESIAN_POINT('',(256.536499999981,86.472312174335,1.6));
#9761=CARTESIAN_POINT('Ctrl Pts',(256.536499999981,86.4723121743344,1.6));
#9762=CARTESIAN_POINT('Ctrl Pts',(256.536540756893,84.5619854413785,1.6));
#9763=CARTESIAN_POINT('Ctrl Pts',(255.170940730647,82.9072468034638,1.6));
#9764=CARTESIAN_POINT('Ctrl Pts',(253.295299812838,82.544857863498,1.6));
#9765=CARTESIAN_POINT('',(256.536499999981,86.472312174335,0.));
#9766=CARTESIAN_POINT('Origin',(256.5365,86.4723121743356,0.));
#9767=CARTESIAN_POINT('',(256.536499999896,135.447685589561,1.6));
#9768=CARTESIAN_POINT('',(256.536499999972,99.7305883093905,1.6));
#9769=CARTESIAN_POINT('',(256.536499999896,135.447685589561,0.));
#9770=CARTESIAN_POINT('Ctrl Pts',(256.536499999896,135.447685589561,1.6));
#9771=CARTESIAN_POINT('Ctrl Pts',(256.536499999896,135.447685589561,9.0009333488222));
#9772=CARTESIAN_POINT('Ctrl Pts',(256.536518652081,136.742037980843,1.6));
#9773=CARTESIAN_POINT('Ctrl Pts',(256.536518652081,136.742037980843,9.0009333488222));
#9774=CARTESIAN_POINT('Ctrl Pts',(255.908443530326,137.958789889714,1.6));
#9775=CARTESIAN_POINT('Ctrl Pts',(255.908443530326,137.958789889714,9.0009333488222));
#9776=CARTESIAN_POINT('Ctrl Pts',(254.853305992307,138.708481218209,1.6));
#9777=CARTESIAN_POINT('Ctrl Pts',(254.853305992307,138.708481218209,9.0009333488222));
#9778=CARTESIAN_POINT('',(254.853305992307,138.708481218209,1.6));
#9779=CARTESIAN_POINT('Ctrl Pts',(254.853305992307,138.708481218209,1.6));
#9780=CARTESIAN_POINT('Ctrl Pts',(255.908443530326,137.958789889714,1.6));
#9781=CARTESIAN_POINT('Ctrl Pts',(256.536518652081,136.742037980843,1.6));
#9782=CARTESIAN_POINT('Ctrl Pts',(256.536499999896,135.447685589561,1.6));
#9783=CARTESIAN_POINT('',(254.853305992307,138.708481218209,0.));
#9784=CARTESIAN_POINT('Origin',(254.853305991874,138.7084812176,0.));
#9785=CARTESIAN_POINT('',(237.34511763223,151.148472947703,1.6));
#9786=CARTESIAN_POINT('',(242.379501267804,147.571421484339,1.6));
#9787=CARTESIAN_POINT('',(237.34511763223,151.148472947703,0.));
#9788=CARTESIAN_POINT('Ctrl Pts',(237.34511763223,151.148472947703,1.6));
#9789=CARTESIAN_POINT('Ctrl Pts',(237.34511763223,151.148472947703,9.00010022091308));
#9790=CARTESIAN_POINT('Ctrl Pts',(237.141665914126,151.293037969972,1.6));
#9791=CARTESIAN_POINT('Ctrl Pts',(237.141665914126,151.293037969972,9.00010022091308));
#9792=CARTESIAN_POINT('Ctrl Pts',(236.925128115106,151.418247499862,1.6));
#9793=CARTESIAN_POINT('Ctrl Pts',(236.925128115106,151.418247499862,9.00010022091308));
#9794=CARTESIAN_POINT('Ctrl Pts',(236.698336888531,151.5224599731,1.6));
#9795=CARTESIAN_POINT('Ctrl Pts',(236.698336888531,151.5224599731,9.00010022091308));
#9796=CARTESIAN_POINT('Ctrl Pts',(236.698331190396,151.522462591441,1.6));
#9797=CARTESIAN_POINT('Ctrl Pts',(236.698331190396,151.522462591441,9.00010022091308));
#9798=CARTESIAN_POINT('Ctrl Pts',(236.698325493127,151.522465209384,1.6));
#9799=CARTESIAN_POINT('Ctrl Pts',(236.698325493127,151.522465209384,9.00010022091308));
#9800=CARTESIAN_POINT('Ctrl Pts',(236.698319795037,151.522467827704,1.6));
#9801=CARTESIAN_POINT('Ctrl Pts',(236.698319795037,151.522467827704,9.00010022091308));
#9802=CARTESIAN_POINT('',(236.698319793599,151.522467828365,1.6));
#9803=CARTESIAN_POINT('Ctrl Pts',(236.698319793967,151.522467828196,1.6));
#9804=CARTESIAN_POINT('Ctrl Pts',(236.741717410938,151.502526258727,1.6));
#9805=CARTESIAN_POINT('Ctrl Pts',(236.86841854171,151.444306540136,1.6));
#9806=CARTESIAN_POINT('Ctrl Pts',(237.138445628567,151.288169944204,1.6));
#9807=CARTESIAN_POINT('Ctrl Pts',(237.243443114917,151.220718977358,1.6));
#9808=CARTESIAN_POINT('Ctrl Pts',(237.34511763223,151.148472947703,1.6));
#9809=CARTESIAN_POINT('',(236.698319793599,151.522467828365,0.));
#9810=CARTESIAN_POINT('Origin',(236.698319793599,151.522467828365,0.));
#9811=CARTESIAN_POINT('',(219.050275912406,159.631087990142,1.6));
#9812=CARTESIAN_POINT('',(228.459180914462,155.308045883407,1.6));
#9813=CARTESIAN_POINT('',(219.050275912406,159.631087990142,0.));
#9814=CARTESIAN_POINT('Ctrl Pts',(219.050275912235,159.631087990221,1.6));
#9815=CARTESIAN_POINT('Ctrl Pts',(219.050275912235,159.631087990221,9.00011319123529));
#9816=CARTESIAN_POINT('Ctrl Pts',(219.050266982952,159.631092092257,1.6));
#9817=CARTESIAN_POINT('Ctrl Pts',(219.050266982952,159.631092092257,9.00011319123529));
#9818=CARTESIAN_POINT('Ctrl Pts',(219.050258053353,159.631096194438,1.6));
#9819=CARTESIAN_POINT('Ctrl Pts',(219.050258053353,159.631096194438,9.00011319123529));
#9820=CARTESIAN_POINT('Ctrl Pts',(219.05024912407,159.631100296474,1.6));
#9821=CARTESIAN_POINT('Ctrl Pts',(219.05024912407,159.631100296474,9.00011319123529));
#9822=CARTESIAN_POINT('Ctrl Pts',(218.52642856253,159.87173897067,1.6));
#9823=CARTESIAN_POINT('Ctrl Pts',(218.52642856253,159.87173897067,9.00011319123529));
#9824=CARTESIAN_POINT('Ctrl Pts',(217.956726948414,159.996325665751,1.6));
#9825=CARTESIAN_POINT('Ctrl Pts',(217.956726948414,159.996325665751,9.00011319123529));
#9826=CARTESIAN_POINT('Ctrl Pts',(217.38027455818,159.996299999918,1.6));
#9827=CARTESIAN_POINT('Ctrl Pts',(217.38027455818,159.996299999918,9.00011319123529));
#9828=CARTESIAN_POINT('',(217.38027455818,159.996299999919,1.6));
#9829=CARTESIAN_POINT('Ctrl Pts',(217.38027455818,159.996299999918,1.6));
#9830=CARTESIAN_POINT('Ctrl Pts',(217.956726948414,159.996325665751,1.6));
#9831=CARTESIAN_POINT('Ctrl Pts',(218.52642856253,159.87173897067,1.6));
#9832=CARTESIAN_POINT('Ctrl Pts',(219.05024912407,159.631100296474,1.6));
#9833=CARTESIAN_POINT('Ctrl Pts',(219.050258053353,159.631096194438,1.6));
#9834=CARTESIAN_POINT('Ctrl Pts',(219.050266982952,159.631092092257,1.6));
#9835=CARTESIAN_POINT('Ctrl Pts',(219.050275912235,159.631087990221,1.6));
#9836=CARTESIAN_POINT('',(217.38027455818,159.996299999919,0.));
#9837=CARTESIAN_POINT('Origin',(217.38027455818,159.996299999999,0.));
#9838=CARTESIAN_POINT('',(200.367416552211,159.996299999863,1.6));
#9839=CARTESIAN_POINT('',(208.208446690884,159.996299999926,1.6));
#9840=CARTESIAN_POINT('',(200.367416552211,159.996299999863,8.));
#9841=CARTESIAN_POINT('',(200.367416552211,159.996299999863,8.));
#9842=CARTESIAN_POINT('',(200.367416552211,159.996299999863,0.));
#9843=CARTESIAN_POINT('Ctrl Pts',(200.367416552212,159.996299999863,1.6));
#9844=CARTESIAN_POINT('Ctrl Pts',(200.367416552212,159.996299999863,9.0001421675677));
#9845=CARTESIAN_POINT('Ctrl Pts',(199.642497351611,159.99631049937,1.6));
#9846=CARTESIAN_POINT('Ctrl Pts',(199.642497351611,159.99631049937,9.0001421675677));
#9847=CARTESIAN_POINT('Ctrl Pts',(198.931034151419,159.799259937277,1.6));
#9848=CARTESIAN_POINT('Ctrl Pts',(198.931034151419,159.799259937277,9.0001421675677));
#9849=CARTESIAN_POINT('Ctrl Pts',(198.309415333689,159.426299579085,1.6));
#9850=CARTESIAN_POINT('Ctrl Pts',(198.309415333689,159.426299579085,9.0001421675677));
#9851=CARTESIAN_POINT('Ctrl Pts',(198.30940899637,159.426295776804,1.6));
#9852=CARTESIAN_POINT('Ctrl Pts',(198.30940899637,159.426295776804,9.0001421675677));
#9853=CARTESIAN_POINT('Ctrl Pts',(198.309402659168,159.426291974594,1.6));
#9854=CARTESIAN_POINT('Ctrl Pts',(198.309402659168,159.426291974594,9.0001421675677));
#9855=CARTESIAN_POINT('Ctrl Pts',(198.309396319963,159.426288171183,1.6));
#9856=CARTESIAN_POINT('Ctrl Pts',(198.309396319963,159.426288171183,9.0001421675677));
#9857=CARTESIAN_POINT('',(198.309396318903,159.426288170547,1.6));
#9858=CARTESIAN_POINT('Ctrl Pts',(198.309396318903,159.426288170547,1.6));
#9859=CARTESIAN_POINT('Ctrl Pts',(198.568326140559,159.581641509943,1.6));
#9860=CARTESIAN_POINT('Ctrl Pts',(198.806290706505,159.714521845328,1.6));
#9861=CARTESIAN_POINT('Ctrl Pts',(199.647394751744,159.947484827503,1.6));
#9862=CARTESIAN_POINT('Ctrl Pts',(200.006529279757,159.996305226852,1.6));
#9863=CARTESIAN_POINT('Ctrl Pts',(200.367408276106,159.996299999991,1.6));
#9864=CARTESIAN_POINT('',(198.309396318903,159.426288170547,8.));
#9865=CARTESIAN_POINT('',(198.309396318903,159.426288170547,8.));
#9866=CARTESIAN_POINT('',(198.309396318903,159.426288170547,0.));
#9867=CARTESIAN_POINT('Origin',(150.250208765447,76.6808758272616,0.));
#9868=CARTESIAN_POINT('',(150.250208765447,76.6808758272616,1.6));
#9869=CARTESIAN_POINT('',(159.555682206985,70.8317092774421,1.6));
#9870=CARTESIAN_POINT('',(150.250208765447,76.6808758272616,0.));
#9871=CARTESIAN_POINT('Ctrl Pts',(148.757136380408,78.3696761154747,1.6));
#9872=CARTESIAN_POINT('Ctrl Pts',(148.757136380408,78.3696761154747,9.00015622514218));
#9873=CARTESIAN_POINT('Ctrl Pts',(149.082598998914,77.6753162132573,1.6));
#9874=CARTESIAN_POINT('Ctrl Pts',(149.082598998914,77.6753162132573,9.00015622514218));
#9875=CARTESIAN_POINT('Ctrl Pts',(149.600973591692,77.0889875724274,1.6));
#9876=CARTESIAN_POINT('Ctrl Pts',(149.600973591692,77.0889875724274,9.00015622514218));
#9877=CARTESIAN_POINT('Ctrl Pts',(150.250208765447,76.6808758272616,1.6));
#9878=CARTESIAN_POINT('Ctrl Pts',(150.250208765447,76.6808758272616,9.00015622514218));
#9879=CARTESIAN_POINT('',(148.757136380408,78.3696761154751,1.6));
#9880=CARTESIAN_POINT('Ctrl Pts',(150.250208765447,76.6808758272616,1.6));
#9881=CARTESIAN_POINT('Ctrl Pts',(149.600973591692,77.0889875724274,1.6));
#9882=CARTESIAN_POINT('Ctrl Pts',(149.082598998914,77.6753162132573,1.6));
#9883=CARTESIAN_POINT('Ctrl Pts',(148.757136380408,78.3696761154747,1.6));
#9884=CARTESIAN_POINT('',(148.757136380408,78.3696761154751,0.));
#9885=CARTESIAN_POINT('Origin',(141.914654335142,92.9668378145226,0.));
#9886=CARTESIAN_POINT('',(141.914654334387,92.9668378141686,1.6));
#9887=CARTESIAN_POINT('',(143.212494833742,90.1981367068974,1.6));
#9888=CARTESIAN_POINT('',(141.914654334387,92.9668378141686,0.));
#9889=CARTESIAN_POINT('Ctrl Pts',(141.5364,94.6645727330203,1.6));
#9890=CARTESIAN_POINT('Ctrl Pts',(141.5364,94.6645727330203,9.00011448965756));
#9891=CARTESIAN_POINT('Ctrl Pts',(141.536400000496,94.6645636444966,1.6));
#9892=CARTESIAN_POINT('Ctrl Pts',(141.536400000496,94.6645636444966,9.00011448965756));
#9893=CARTESIAN_POINT('Ctrl Pts',(141.536400000991,94.6645545560077,1.6));
#9894=CARTESIAN_POINT('Ctrl Pts',(141.536400000991,94.6645545560077,9.00011448965756));
#9895=CARTESIAN_POINT('Ctrl Pts',(141.536400001487,94.6645454675589,1.6));
#9896=CARTESIAN_POINT('Ctrl Pts',(141.536400001487,94.6645454675589,9.00011448965756));
#9897=CARTESIAN_POINT('Ctrl Pts',(141.536431999916,94.0777676111945,1.6));
#9898=CARTESIAN_POINT('Ctrl Pts',(141.536431999916,94.0777676111945,9.00011448965756));
#9899=CARTESIAN_POINT('Ctrl Pts',(141.665579925026,93.4981245503599,1.6));
#9900=CARTESIAN_POINT('Ctrl Pts',(141.665579925026,93.4981245503599,9.00011448965756));
#9901=CARTESIAN_POINT('Ctrl Pts',(141.914654334387,92.9668378141687,1.6));
#9902=CARTESIAN_POINT('Ctrl Pts',(141.914654334387,92.9668378141687,9.00011448965756));
#9903=CARTESIAN_POINT('',(141.5364,94.6645727330202,1.6));
#9904=CARTESIAN_POINT('Ctrl Pts',(141.914654334387,92.9668378141687,1.6));
#9905=CARTESIAN_POINT('Ctrl Pts',(141.665579925026,93.4981245503599,1.6));
#9906=CARTESIAN_POINT('Ctrl Pts',(141.536431999916,94.0777676111945,1.6));
#9907=CARTESIAN_POINT('Ctrl Pts',(141.536400001487,94.6645454675589,1.6));
#9908=CARTESIAN_POINT('Ctrl Pts',(141.536400000991,94.6645545560077,1.6));
#9909=CARTESIAN_POINT('Ctrl Pts',(141.536400000496,94.6645636444966,1.6));
#9910=CARTESIAN_POINT('Ctrl Pts',(141.5364,94.6645727330203,1.6));
#9911=CARTESIAN_POINT('',(141.5364,94.6645727330202,0.));
#9912=CARTESIAN_POINT('Origin',(141.5364,153.788089767274,0.));
#9913=CARTESIAN_POINT('',(141.5364,153.788089767274,1.6));
#9914=CARTESIAN_POINT('',(141.5364,133.388477105799,1.6));
#9915=CARTESIAN_POINT('',(141.5364,153.788089767274,0.));
#9916=CARTESIAN_POINT('Ctrl Pts',(141.830274402341,154.546892115548,1.6));
#9917=CARTESIAN_POINT('Ctrl Pts',(141.830274402341,154.546892115548,9.00039681634829));
#9918=CARTESIAN_POINT('Ctrl Pts',(141.638632206859,154.341031411898,1.6));
#9919=CARTESIAN_POINT('Ctrl Pts',(141.638632206859,154.341031411898,9.00039681634829));
#9920=CARTESIAN_POINT('Ctrl Pts',(141.533412690734,154.068669521894,1.6));
#9921=CARTESIAN_POINT('Ctrl Pts',(141.533412690734,154.068669521894,9.00039681634829));
#9922=CARTESIAN_POINT('Ctrl Pts',(141.5364,153.788089767274,1.6));
#9923=CARTESIAN_POINT('Ctrl Pts',(141.5364,153.788089767274,9.00039681634829));
#9924=CARTESIAN_POINT('',(141.830275747991,154.546893561033,1.6));
#9925=CARTESIAN_POINT('Ctrl Pts',(141.5364,153.788089767274,1.6));
#9926=CARTESIAN_POINT('Ctrl Pts',(141.533412690734,154.068669521894,1.6));
#9927=CARTESIAN_POINT('Ctrl Pts',(141.638632206859,154.341031411898,1.6));
#9928=CARTESIAN_POINT('Ctrl Pts',(141.830274402341,154.546892115548,1.6));
#9929=CARTESIAN_POINT('',(141.830275747991,154.546893561033,0.));
#9930=CARTESIAN_POINT('Ctrl Pts',(142.593771175334,154.895565091872,1.6));
#9931=CARTESIAN_POINT('Ctrl Pts',(142.593771175334,154.895565091872,9.00039844267883));
#9932=CARTESIAN_POINT('Ctrl Pts',(142.303491170196,154.885216185861,1.6));
#9933=CARTESIAN_POINT('Ctrl Pts',(142.303491170196,154.885216185861,9.00039844267883));
#9934=CARTESIAN_POINT('Ctrl Pts',(142.028197916655,154.759499325974,1.6));
#9935=CARTESIAN_POINT('Ctrl Pts',(142.028197916655,154.759499325974,9.00039844267883));
#9936=CARTESIAN_POINT('Ctrl Pts',(141.830275747991,154.546893561033,1.6));
#9937=CARTESIAN_POINT('Ctrl Pts',(141.830275747991,154.546893561033,9.00039844267883));
#9938=CARTESIAN_POINT('',(142.593771175334,154.895565091872,1.6));
#9939=CARTESIAN_POINT('Ctrl Pts',(141.830275747991,154.546893561033,1.6));
#9940=CARTESIAN_POINT('Ctrl Pts',(142.028197916655,154.759499325974,1.6));
#9941=CARTESIAN_POINT('Ctrl Pts',(142.303491170196,154.885216185861,1.6));
#9942=CARTESIAN_POINT('Ctrl Pts',(142.593771175334,154.895565091872,1.6));
#9943=CARTESIAN_POINT('',(142.593771175334,154.895565091872,0.));
#9944=CARTESIAN_POINT('Origin',(142.6294,153.8962,0.));
#9945=CARTESIAN_POINT('Origin',(142.6294,153.8962,1.6));
#9946=CARTESIAN_POINT('Ctrl Pts',(191.234515333508,155.181199578976,1.6));
#9947=CARTESIAN_POINT('Ctrl Pts',(191.234515333508,155.181199578976,9.0001421675675));
#9948=CARTESIAN_POINT('Ctrl Pts',(190.923630151419,154.994673937277,1.6));
#9949=CARTESIAN_POINT('Ctrl Pts',(190.923630151419,154.994673937277,9.0001421675675));
#9950=CARTESIAN_POINT('Ctrl Pts',(190.568065351635,154.896193998878,1.6));
#9951=CARTESIAN_POINT('Ctrl Pts',(190.568065351635,154.896193998878,9.0001421675675));
#9952=CARTESIAN_POINT('Ctrl Pts',(190.205516552212,154.896199999863,1.6));
#9953=CARTESIAN_POINT('Ctrl Pts',(190.205516552212,154.896199999863,9.0001421675675));
#9954=CARTESIAN_POINT('',(191.234515333508,155.181199578976,1.6));
#9955=CARTESIAN_POINT('Ctrl Pts',(190.205508278173,154.8962,1.6));
#9956=CARTESIAN_POINT('Ctrl Pts',(190.26973919569,154.896198936769,1.6));
#9957=CARTESIAN_POINT('Ctrl Pts',(190.477380705335,154.89619511459,1.6));
#9958=CARTESIAN_POINT('Ctrl Pts',(190.9132508161,155.016916459229,1.6));
#9959=CARTESIAN_POINT('Ctrl Pts',(191.079769344863,155.088354707315,1.6));
#9960=CARTESIAN_POINT('Ctrl Pts',(191.234515333508,155.181199578976,1.6));
#9961=CARTESIAN_POINT('',(191.234515333508,155.181199578976,0.));
#9962=CARTESIAN_POINT('Origin',(198.309402659498,159.426291974792,0.));
#9963=CARTESIAN_POINT('',(188.333024331059,153.440239359612,1.6));
#9964=CARTESIAN_POINT('Origin',(158.134,99.2465999999999,0.));
#9965=CARTESIAN_POINT('',(158.134,99.2465999999999,1.6));
#9966=CARTESIAN_POINT('',(158.134,99.2465999999999,0.));
#9967=CARTESIAN_POINT('',(146.4426,93.7948999999999,1.6));
#9968=CARTESIAN_POINT('',(158.134,99.2465999999999,1.6));
#9969=CARTESIAN_POINT('',(146.4426,93.7948999999999,0.));
#9970=CARTESIAN_POINT('Ctrl Pts',(158.51633,99.2633279999998,0.));
#9971=CARTESIAN_POINT('Ctrl Pts',(158.51633,99.2633279999998,1.6));
#9972=CARTESIAN_POINT('Ctrl Pts',(158.391711,99.3086739999998,0.));
#9973=CARTESIAN_POINT('Ctrl Pts',(158.391711,99.3086739999998,1.6));
#9974=CARTESIAN_POINT('Ctrl Pts',(158.254182,99.3026569999998,0.));
#9975=CARTESIAN_POINT('Ctrl Pts',(158.254182,99.3026569999998,1.6));
#9976=CARTESIAN_POINT('Ctrl Pts',(158.134,99.2465999999999,0.));
#9977=CARTESIAN_POINT('Ctrl Pts',(158.134,99.2465999999999,1.6));
#9978=CARTESIAN_POINT('',(158.51633,99.2633279999998,1.6));
#9979=CARTESIAN_POINT('',(158.51633,99.2633279999998,0.));
#9980=CARTESIAN_POINT('Ctrl Pts',(158.51633,99.2633279999998,1.6));
#9981=CARTESIAN_POINT('Ctrl Pts',(158.391711,99.3086739999998,1.6));
#9982=CARTESIAN_POINT('Ctrl Pts',(158.254182,99.3026569999998,1.6));
#9983=CARTESIAN_POINT('Ctrl Pts',(158.134,99.2465999999999,1.6));
#9984=CARTESIAN_POINT('Ctrl Pts',(158.7985,99.0047999999999,0.));
#9985=CARTESIAN_POINT('Ctrl Pts',(158.7985,99.0047999999999,1.6));
#9986=CARTESIAN_POINT('Ctrl Pts',(158.742449,99.1249849999998,0.));
#9987=CARTESIAN_POINT('Ctrl Pts',(158.742449,99.1249849999998,1.6));
#9988=CARTESIAN_POINT('Ctrl Pts',(158.640949,99.2179809999999,0.));
#9989=CARTESIAN_POINT('Ctrl Pts',(158.640949,99.2179809999999,1.6));
#9990=CARTESIAN_POINT('Ctrl Pts',(158.51633,99.2633279999998,0.));
#9991=CARTESIAN_POINT('Ctrl Pts',(158.51633,99.2633279999998,1.6));
#9992=CARTESIAN_POINT('',(158.7985,99.0047999999999,1.6));
#9993=CARTESIAN_POINT('',(158.7985,99.0047999999999,0.));
#9994=CARTESIAN_POINT('Ctrl Pts',(158.7985,99.0047999999999,1.6));
#9995=CARTESIAN_POINT('Ctrl Pts',(158.742449,99.1249849999998,1.6));
#9996=CARTESIAN_POINT('Ctrl Pts',(158.640949,99.2179809999999,1.6));
#9997=CARTESIAN_POINT('Ctrl Pts',(158.51633,99.2633279999998,1.6));
#9998=CARTESIAN_POINT('Origin',(164.2502,87.3133999999998,0.));
#9999=CARTESIAN_POINT('',(164.2502,87.3133999999998,1.6));
#10000=CARTESIAN_POINT('',(164.2502,87.3133999999998,0.));
#10001=CARTESIAN_POINT('',(164.2502,87.3133999999998,1.6));
#10002=CARTESIAN_POINT('Ctrl Pts',(164.266928,86.9310699999998,0.));
#10003=CARTESIAN_POINT('Ctrl Pts',(164.266928,86.9310699999998,1.6));
#10004=CARTESIAN_POINT('Ctrl Pts',(164.312274,87.0556889999998,0.));
#10005=CARTESIAN_POINT('Ctrl Pts',(164.312274,87.0556889999998,1.6));
#10006=CARTESIAN_POINT('Ctrl Pts',(164.306257,87.1932179999998,0.));
#10007=CARTESIAN_POINT('Ctrl Pts',(164.306257,87.1932179999998,1.6));
#10008=CARTESIAN_POINT('Ctrl Pts',(164.2502,87.3133999999998,0.));
#10009=CARTESIAN_POINT('Ctrl Pts',(164.2502,87.3133999999998,1.6));
#10010=CARTESIAN_POINT('',(164.266928,86.9310699999998,1.6));
#10011=CARTESIAN_POINT('',(164.266928,86.9310699999998,0.));
#10012=CARTESIAN_POINT('Ctrl Pts',(164.266928,86.9310699999998,1.6));
#10013=CARTESIAN_POINT('Ctrl Pts',(164.312274,87.0556889999998,1.6));
#10014=CARTESIAN_POINT('Ctrl Pts',(164.306257,87.1932179999998,1.6));
#10015=CARTESIAN_POINT('Ctrl Pts',(164.2502,87.3133999999998,1.6));
#10016=CARTESIAN_POINT('Ctrl Pts',(164.0084,86.6488999999998,0.));
#10017=CARTESIAN_POINT('Ctrl Pts',(164.0084,86.6488999999998,1.6));
#10018=CARTESIAN_POINT('Ctrl Pts',(164.128585,86.7049509999998,0.));
#10019=CARTESIAN_POINT('Ctrl Pts',(164.128585,86.7049509999998,1.6));
#10020=CARTESIAN_POINT('Ctrl Pts',(164.221581,86.8064509999998,0.));
#10021=CARTESIAN_POINT('Ctrl Pts',(164.221581,86.8064509999998,1.6));
#10022=CARTESIAN_POINT('Ctrl Pts',(164.266928,86.9310699999998,0.));
#10023=CARTESIAN_POINT('Ctrl Pts',(164.266928,86.9310699999998,1.6));
#10024=CARTESIAN_POINT('',(164.0084,86.6488999999998,1.6));
#10025=CARTESIAN_POINT('',(164.0084,86.6488999999998,0.));
#10026=CARTESIAN_POINT('Ctrl Pts',(164.0084,86.6488999999998,1.6));
#10027=CARTESIAN_POINT('Ctrl Pts',(164.128585,86.7049509999998,1.6));
#10028=CARTESIAN_POINT('Ctrl Pts',(164.221581,86.8064509999998,1.6));
#10029=CARTESIAN_POINT('Ctrl Pts',(164.266928,86.9310699999998,1.6));
#10030=CARTESIAN_POINT('Origin',(152.317,81.1971999999999,0.));
#10031=CARTESIAN_POINT('',(152.317,81.1971999999999,1.6));
#10032=CARTESIAN_POINT('',(152.317,81.1971999999999,0.));
#10033=CARTESIAN_POINT('',(152.317,81.1971999999999,1.6));
#10034=CARTESIAN_POINT('Ctrl Pts',(151.93467,81.1804719999999,0.));
#10035=CARTESIAN_POINT('Ctrl Pts',(151.93467,81.1804719999999,1.6));
#10036=CARTESIAN_POINT('Ctrl Pts',(152.059289,81.1351259999999,0.));
#10037=CARTESIAN_POINT('Ctrl Pts',(152.059289,81.1351259999999,1.6));
#10038=CARTESIAN_POINT('Ctrl Pts',(152.196818,81.1411429999999,0.));
#10039=CARTESIAN_POINT('Ctrl Pts',(152.196818,81.1411429999999,1.6));
#10040=CARTESIAN_POINT('Ctrl Pts',(152.317,81.1971999999999,0.));
#10041=CARTESIAN_POINT('Ctrl Pts',(152.317,81.1971999999999,1.6));
#10042=CARTESIAN_POINT('',(151.93467,81.1804719999999,1.6));
#10043=CARTESIAN_POINT('',(151.93467,81.1804719999999,0.));
#10044=CARTESIAN_POINT('Ctrl Pts',(151.93467,81.1804719999999,1.6));
#10045=CARTESIAN_POINT('Ctrl Pts',(152.059289,81.1351259999999,1.6));
#10046=CARTESIAN_POINT('Ctrl Pts',(152.196818,81.1411429999999,1.6));
#10047=CARTESIAN_POINT('Ctrl Pts',(152.317,81.1971999999999,1.6));
#10048=CARTESIAN_POINT('Ctrl Pts',(151.6525,81.4389999999999,0.));
#10049=CARTESIAN_POINT('Ctrl Pts',(151.6525,81.4389999999999,1.6));
#10050=CARTESIAN_POINT('Ctrl Pts',(151.708551,81.3188149999999,0.));
#10051=CARTESIAN_POINT('Ctrl Pts',(151.708551,81.3188149999999,1.6));
#10052=CARTESIAN_POINT('Ctrl Pts',(151.810051,81.2258189999999,0.));
#10053=CARTESIAN_POINT('Ctrl Pts',(151.810051,81.2258189999999,1.6));
#10054=CARTESIAN_POINT('Ctrl Pts',(151.93467,81.1804719999999,0.));
#10055=CARTESIAN_POINT('Ctrl Pts',(151.93467,81.1804719999999,1.6));
#10056=CARTESIAN_POINT('',(151.6525,81.4389999999999,1.6));
#10057=CARTESIAN_POINT('',(151.6525,81.4389999999999,0.));
#10058=CARTESIAN_POINT('Ctrl Pts',(151.6525,81.4389999999999,1.6));
#10059=CARTESIAN_POINT('Ctrl Pts',(151.708551,81.3188149999999,1.6));
#10060=CARTESIAN_POINT('Ctrl Pts',(151.810051,81.2258189999999,1.6));
#10061=CARTESIAN_POINT('Ctrl Pts',(151.93467,81.1804719999999,1.6));
#10062=CARTESIAN_POINT('Origin',(146.2008,93.1303999999999,0.));
#10063=CARTESIAN_POINT('',(146.2008,93.1303999999999,1.6));
#10064=CARTESIAN_POINT('',(146.2008,93.1303999999999,0.));
#10065=CARTESIAN_POINT('',(146.2008,93.1303999999999,1.6));
#10066=CARTESIAN_POINT('Ctrl Pts',(146.184072,93.5127299999999,0.));
#10067=CARTESIAN_POINT('Ctrl Pts',(146.184072,93.5127299999999,1.6));
#10068=CARTESIAN_POINT('Ctrl Pts',(146.138726,93.3881109999999,0.));
#10069=CARTESIAN_POINT('Ctrl Pts',(146.138726,93.3881109999999,1.6));
#10070=CARTESIAN_POINT('Ctrl Pts',(146.144743,93.2505819999999,0.));
#10071=CARTESIAN_POINT('Ctrl Pts',(146.144743,93.2505819999999,1.6));
#10072=CARTESIAN_POINT('Ctrl Pts',(146.2008,93.1303999999999,0.));
#10073=CARTESIAN_POINT('Ctrl Pts',(146.2008,93.1303999999999,1.6));
#10074=CARTESIAN_POINT('',(146.184072,93.5127299999999,1.6));
#10075=CARTESIAN_POINT('',(146.184072,93.5127299999999,0.));
#10076=CARTESIAN_POINT('Ctrl Pts',(146.184072,93.5127299999999,1.6));
#10077=CARTESIAN_POINT('Ctrl Pts',(146.138726,93.3881109999999,1.6));
#10078=CARTESIAN_POINT('Ctrl Pts',(146.144743,93.2505819999999,1.6));
#10079=CARTESIAN_POINT('Ctrl Pts',(146.2008,93.1303999999999,1.6));
#10080=CARTESIAN_POINT('Ctrl Pts',(146.4426,93.7948999999999,0.));
#10081=CARTESIAN_POINT('Ctrl Pts',(146.4426,93.7948999999999,1.6));
#10082=CARTESIAN_POINT('Ctrl Pts',(146.322415,93.7388489999999,0.));
#10083=CARTESIAN_POINT('Ctrl Pts',(146.322415,93.7388489999999,1.6));
#10084=CARTESIAN_POINT('Ctrl Pts',(146.229419,93.6373489999999,0.));
#10085=CARTESIAN_POINT('Ctrl Pts',(146.229419,93.6373489999999,1.6));
#10086=CARTESIAN_POINT('Ctrl Pts',(146.184072,93.5127299999999,0.));
#10087=CARTESIAN_POINT('Ctrl Pts',(146.184072,93.5127299999999,1.6));
#10088=CARTESIAN_POINT('Ctrl Pts',(146.4426,93.7948999999999,1.6));
#10089=CARTESIAN_POINT('Ctrl Pts',(146.322415,93.7388489999999,1.6));
#10090=CARTESIAN_POINT('Ctrl Pts',(146.229419,93.6373489999999,1.6));
#10091=CARTESIAN_POINT('Ctrl Pts',(146.184072,93.5127299999999,1.6));
#10092=CARTESIAN_POINT('Origin',(142.8001,116.1163,0.));
#10093=CARTESIAN_POINT('',(142.8001,116.1163,1.6));
#10094=CARTESIAN_POINT('',(142.8001,116.1163,0.));
#10095=CARTESIAN_POINT('',(161.6801,116.1163,1.6));
#10096=CARTESIAN_POINT('',(161.6801,116.1163,1.6));
#10097=CARTESIAN_POINT('',(161.6801,116.1163,0.));
#10098=CARTESIAN_POINT('Origin',(142.8001,153.8962,0.));
#10099=CARTESIAN_POINT('',(142.8001,153.8962,1.6));
#10100=CARTESIAN_POINT('',(142.8001,153.8962,0.));
#10101=CARTESIAN_POINT('',(142.8001,116.1163,1.6));
#10102=CARTESIAN_POINT('Origin',(161.6801,153.8962,0.));
#10103=CARTESIAN_POINT('',(190.2055,153.8962,1.6));
#10104=CARTESIAN_POINT('Origin',(161.6801,116.1163,0.));
#10105=CARTESIAN_POINT('',(161.6801,153.8962,1.6));
#10106=CARTESIAN_POINT('Origin',(197.8084,149.8478,0.));
#10107=CARTESIAN_POINT('',(197.8084,149.8478,1.6));
#10108=CARTESIAN_POINT('',(197.8084,149.8478,0.));
#10109=CARTESIAN_POINT('',(184.9084,149.8478,1.6));
#10110=CARTESIAN_POINT('',(197.8084,149.8478,1.6));
#10111=CARTESIAN_POINT('',(184.9084,149.8478,0.));
#10112=CARTESIAN_POINT('Ctrl Pts',(198.161953,149.701353,0.));
#10113=CARTESIAN_POINT('Ctrl Pts',(198.161953,149.701353,1.6));
#10114=CARTESIAN_POINT('Ctrl Pts',(198.068185,149.795122,0.));
#10115=CARTESIAN_POINT('Ctrl Pts',(198.068185,149.795122,1.6));
#10116=CARTESIAN_POINT('Ctrl Pts',(197.941008,149.8478,0.));
#10117=CARTESIAN_POINT('Ctrl Pts',(197.941008,149.8478,1.6));
#10118=CARTESIAN_POINT('Ctrl Pts',(197.8084,149.8478,0.));
#10119=CARTESIAN_POINT('Ctrl Pts',(197.8084,149.8478,1.6));
#10120=CARTESIAN_POINT('',(198.161953,149.701353,1.6));
#10121=CARTESIAN_POINT('',(198.161953,149.701353,0.));
#10122=CARTESIAN_POINT('Ctrl Pts',(198.161953,149.701353,1.6));
#10123=CARTESIAN_POINT('Ctrl Pts',(198.068185,149.795122,1.6));
#10124=CARTESIAN_POINT('Ctrl Pts',(197.941008,149.8478,1.6));
#10125=CARTESIAN_POINT('Ctrl Pts',(197.8084,149.8478,1.6));
#10126=CARTESIAN_POINT('Ctrl Pts',(198.3084,149.3478,0.));
#10127=CARTESIAN_POINT('Ctrl Pts',(198.3084,149.3478,1.6));
#10128=CARTESIAN_POINT('Ctrl Pts',(198.3084,149.480408,0.));
#10129=CARTESIAN_POINT('Ctrl Pts',(198.3084,149.480408,1.6));
#10130=CARTESIAN_POINT('Ctrl Pts',(198.255722,149.607585,0.));
#10131=CARTESIAN_POINT('Ctrl Pts',(198.255722,149.607585,1.6));
#10132=CARTESIAN_POINT('Ctrl Pts',(198.161953,149.701353,0.));
#10133=CARTESIAN_POINT('Ctrl Pts',(198.161953,149.701353,1.6));
#10134=CARTESIAN_POINT('',(198.3084,149.3478,1.6));
#10135=CARTESIAN_POINT('',(198.3084,149.3478,0.));
#10136=CARTESIAN_POINT('Ctrl Pts',(198.3084,149.3478,1.6));
#10137=CARTESIAN_POINT('Ctrl Pts',(198.3084,149.480408,1.6));
#10138=CARTESIAN_POINT('Ctrl Pts',(198.255722,149.607585,1.6));
#10139=CARTESIAN_POINT('Ctrl Pts',(198.161953,149.701353,1.6));
#10140=CARTESIAN_POINT('Origin',(198.3084,136.4478,0.));
#10141=CARTESIAN_POINT('',(198.3084,136.4478,1.6));
#10142=CARTESIAN_POINT('',(198.3084,136.4478,0.));
#10143=CARTESIAN_POINT('',(198.3084,136.4478,1.6));
#10144=CARTESIAN_POINT('Ctrl Pts',(198.161953,136.094247,0.));
#10145=CARTESIAN_POINT('Ctrl Pts',(198.161953,136.094247,1.6));
#10146=CARTESIAN_POINT('Ctrl Pts',(198.255722,136.188014999999,0.));
#10147=CARTESIAN_POINT('Ctrl Pts',(198.255722,136.188014999999,1.6));
#10148=CARTESIAN_POINT('Ctrl Pts',(198.3084,136.315192,0.));
#10149=CARTESIAN_POINT('Ctrl Pts',(198.3084,136.315192,1.6));
#10150=CARTESIAN_POINT('Ctrl Pts',(198.3084,136.4478,0.));
#10151=CARTESIAN_POINT('Ctrl Pts',(198.3084,136.4478,1.6));
#10152=CARTESIAN_POINT('',(198.161953,136.094247,1.6));
#10153=CARTESIAN_POINT('',(198.161953,136.094247,0.));
#10154=CARTESIAN_POINT('Ctrl Pts',(198.161953,136.094247,1.6));
#10155=CARTESIAN_POINT('Ctrl Pts',(198.255722,136.188014999999,1.6));
#10156=CARTESIAN_POINT('Ctrl Pts',(198.3084,136.315192,1.6));
#10157=CARTESIAN_POINT('Ctrl Pts',(198.3084,136.4478,1.6));
#10158=CARTESIAN_POINT('Ctrl Pts',(197.8084,135.9478,0.));
#10159=CARTESIAN_POINT('Ctrl Pts',(197.8084,135.9478,1.6));
#10160=CARTESIAN_POINT('Ctrl Pts',(197.941008,135.9478,0.));
#10161=CARTESIAN_POINT('Ctrl Pts',(197.941008,135.9478,1.6));
#10162=CARTESIAN_POINT('Ctrl Pts',(198.068185,136.000478,0.));
#10163=CARTESIAN_POINT('Ctrl Pts',(198.068185,136.000478,1.6));
#10164=CARTESIAN_POINT('Ctrl Pts',(198.161953,136.094247,0.));
#10165=CARTESIAN_POINT('Ctrl Pts',(198.161953,136.094247,1.6));
#10166=CARTESIAN_POINT('',(197.8084,135.9478,1.6));
#10167=CARTESIAN_POINT('',(197.8084,135.9478,0.));
#10168=CARTESIAN_POINT('Ctrl Pts',(197.8084,135.9478,1.6));
#10169=CARTESIAN_POINT('Ctrl Pts',(197.941008,135.9478,1.6));
#10170=CARTESIAN_POINT('Ctrl Pts',(198.068185,136.000478,1.6));
#10171=CARTESIAN_POINT('Ctrl Pts',(198.161953,136.094247,1.6));
#10172=CARTESIAN_POINT('Origin',(184.9084,135.9478,0.));
#10173=CARTESIAN_POINT('',(184.9084,135.9478,1.6));
#10174=CARTESIAN_POINT('',(184.9084,135.9478,0.));
#10175=CARTESIAN_POINT('',(184.9084,135.9478,1.6));
#10176=CARTESIAN_POINT('Ctrl Pts',(184.554847,136.094247,0.));
#10177=CARTESIAN_POINT('Ctrl Pts',(184.554847,136.094247,1.6));
#10178=CARTESIAN_POINT('Ctrl Pts',(184.648615,136.000478,0.));
#10179=CARTESIAN_POINT('Ctrl Pts',(184.648615,136.000478,1.6));
#10180=CARTESIAN_POINT('Ctrl Pts',(184.775792,135.9478,0.));
#10181=CARTESIAN_POINT('Ctrl Pts',(184.775792,135.9478,1.6));
#10182=CARTESIAN_POINT('Ctrl Pts',(184.9084,135.9478,0.));
#10183=CARTESIAN_POINT('Ctrl Pts',(184.9084,135.9478,1.6));
#10184=CARTESIAN_POINT('',(184.554847,136.094247,1.6));
#10185=CARTESIAN_POINT('',(184.554847,136.094247,0.));
#10186=CARTESIAN_POINT('Ctrl Pts',(184.554847,136.094247,1.6));
#10187=CARTESIAN_POINT('Ctrl Pts',(184.648615,136.000478,1.6));
#10188=CARTESIAN_POINT('Ctrl Pts',(184.775792,135.9478,1.6));
#10189=CARTESIAN_POINT('Ctrl Pts',(184.9084,135.9478,1.6));
#10190=CARTESIAN_POINT('Ctrl Pts',(184.4084,136.4478,0.));
#10191=CARTESIAN_POINT('Ctrl Pts',(184.4084,136.4478,1.6));
#10192=CARTESIAN_POINT('Ctrl Pts',(184.4084,136.315192,0.));
#10193=CARTESIAN_POINT('Ctrl Pts',(184.4084,136.315192,1.6));
#10194=CARTESIAN_POINT('Ctrl Pts',(184.461078,136.188015,0.));
#10195=CARTESIAN_POINT('Ctrl Pts',(184.461078,136.188015,1.6));
#10196=CARTESIAN_POINT('Ctrl Pts',(184.554847,136.094247,0.));
#10197=CARTESIAN_POINT('Ctrl Pts',(184.554847,136.094247,1.6));
#10198=CARTESIAN_POINT('',(184.4084,136.4478,1.6));
#10199=CARTESIAN_POINT('',(184.4084,136.4478,0.));
#10200=CARTESIAN_POINT('Ctrl Pts',(184.4084,136.4478,1.6));
#10201=CARTESIAN_POINT('Ctrl Pts',(184.4084,136.315192,1.6));
#10202=CARTESIAN_POINT('Ctrl Pts',(184.461078,136.188015,1.6));
#10203=CARTESIAN_POINT('Ctrl Pts',(184.554847,136.094247,1.6));
#10204=CARTESIAN_POINT('Origin',(184.4084,149.3478,0.));
#10205=CARTESIAN_POINT('',(184.4084,149.3478,1.6));
#10206=CARTESIAN_POINT('',(184.4084,149.3478,0.));
#10207=CARTESIAN_POINT('',(184.4084,149.3478,1.6));
#10208=CARTESIAN_POINT('Ctrl Pts',(184.554847,149.701353,0.));
#10209=CARTESIAN_POINT('Ctrl Pts',(184.554847,149.701353,1.6));
#10210=CARTESIAN_POINT('Ctrl Pts',(184.461078,149.607585,0.));
#10211=CARTESIAN_POINT('Ctrl Pts',(184.461078,149.607585,1.6));
#10212=CARTESIAN_POINT('Ctrl Pts',(184.4084,149.480408,0.));
#10213=CARTESIAN_POINT('Ctrl Pts',(184.4084,149.480408,1.6));
#10214=CARTESIAN_POINT('Ctrl Pts',(184.4084,149.3478,0.));
#10215=CARTESIAN_POINT('Ctrl Pts',(184.4084,149.3478,1.6));
#10216=CARTESIAN_POINT('',(184.554847,149.701353,1.6));
#10217=CARTESIAN_POINT('',(184.554847,149.701353,0.));
#10218=CARTESIAN_POINT('Ctrl Pts',(184.554847,149.701353,1.6));
#10219=CARTESIAN_POINT('Ctrl Pts',(184.461078,149.607585,1.6));
#10220=CARTESIAN_POINT('Ctrl Pts',(184.4084,149.480408,1.6));
#10221=CARTESIAN_POINT('Ctrl Pts',(184.4084,149.3478,1.6));
#10222=CARTESIAN_POINT('Ctrl Pts',(184.9084,149.8478,0.));
#10223=CARTESIAN_POINT('Ctrl Pts',(184.9084,149.8478,1.6));
#10224=CARTESIAN_POINT('Ctrl Pts',(184.775792,149.8478,0.));
#10225=CARTESIAN_POINT('Ctrl Pts',(184.775792,149.8478,1.6));
#10226=CARTESIAN_POINT('Ctrl Pts',(184.648615,149.795122,0.));
#10227=CARTESIAN_POINT('Ctrl Pts',(184.648615,149.795122,1.6));
#10228=CARTESIAN_POINT('Ctrl Pts',(184.554847,149.701353,0.));
#10229=CARTESIAN_POINT('Ctrl Pts',(184.554847,149.701353,1.6));
#10230=CARTESIAN_POINT('Ctrl Pts',(184.9084,149.8478,1.6));
#10231=CARTESIAN_POINT('Ctrl Pts',(184.775792,149.8478,1.6));
#10232=CARTESIAN_POINT('Ctrl Pts',(184.648615,149.795122,1.6));
#10233=CARTESIAN_POINT('Ctrl Pts',(184.554847,149.701353,1.6));
#10234=CARTESIAN_POINT('Origin',(200.2811,78.4823999999995,0.));
#10235=CARTESIAN_POINT('',(200.2811,78.4823999999995,1.6));
#10236=CARTESIAN_POINT('',(200.2811,78.4823999999995,0.));
#10237=CARTESIAN_POINT('',(198.0411,91.1864999999995,1.6));
#10238=CARTESIAN_POINT('',(200.2811,78.4823999999995,1.6));
#10239=CARTESIAN_POINT('',(198.0411,91.1864999999995,0.));
#10240=CARTESIAN_POINT('Ctrl Pts',(199.8756,77.9031999999995,0.));
#10241=CARTESIAN_POINT('Ctrl Pts',(199.8756,77.9031999999995,1.6));
#10242=CARTESIAN_POINT('Ctrl Pts',(200.147502,77.9511899999995,0.));
#10243=CARTESIAN_POINT('Ctrl Pts',(200.147502,77.9511899999995,1.6));
#10244=CARTESIAN_POINT('Ctrl Pts',(200.329038,78.2104889999995,0.));
#10245=CARTESIAN_POINT('Ctrl Pts',(200.329038,78.2104889999995,1.6));
#10246=CARTESIAN_POINT('Ctrl Pts',(200.2811,78.4823999999995,0.));
#10247=CARTESIAN_POINT('Ctrl Pts',(200.2811,78.4823999999995,1.6));
#10248=CARTESIAN_POINT('',(199.8756,77.9031999999995,1.6));
#10249=CARTESIAN_POINT('',(199.8756,77.9031999999995,0.));
#10250=CARTESIAN_POINT('Ctrl Pts',(199.8756,77.9031999999995,1.6));
#10251=CARTESIAN_POINT('Ctrl Pts',(200.147502,77.9511899999995,1.6));
#10252=CARTESIAN_POINT('Ctrl Pts',(200.329038,78.2104889999995,1.6));
#10253=CARTESIAN_POINT('Ctrl Pts',(200.2811,78.4823999999995,1.6));
#10254=CARTESIAN_POINT('Origin',(187.1715,75.6631999999996,0.));
#10255=CARTESIAN_POINT('',(187.1715,75.6631999999996,1.6));
#10256=CARTESIAN_POINT('',(187.1715,75.6631999999996,0.));
#10257=CARTESIAN_POINT('',(187.1715,75.6631999999996,1.6));
#10258=CARTESIAN_POINT('Ctrl Pts',(186.5923,76.0686999999996,0.));
#10259=CARTESIAN_POINT('Ctrl Pts',(186.5923,76.0686999999996,1.6));
#10260=CARTESIAN_POINT('Ctrl Pts',(186.64029,75.7967979999996,0.));
#10261=CARTESIAN_POINT('Ctrl Pts',(186.64029,75.7967979999996,1.6));
#10262=CARTESIAN_POINT('Ctrl Pts',(186.899589,75.6152619999996,0.));
#10263=CARTESIAN_POINT('Ctrl Pts',(186.899589,75.6152619999996,1.6));
#10264=CARTESIAN_POINT('Ctrl Pts',(187.1715,75.6631999999996,0.));
#10265=CARTESIAN_POINT('Ctrl Pts',(187.1715,75.6631999999996,1.6));
#10266=CARTESIAN_POINT('',(186.5923,76.0686999999996,1.6));
#10267=CARTESIAN_POINT('',(186.5923,76.0686999999996,0.));
#10268=CARTESIAN_POINT('Ctrl Pts',(186.5923,76.0686999999996,1.6));
#10269=CARTESIAN_POINT('Ctrl Pts',(186.64029,75.7967979999996,1.6));
#10270=CARTESIAN_POINT('Ctrl Pts',(186.899589,75.6152619999996,1.6));
#10271=CARTESIAN_POINT('Ctrl Pts',(187.1715,75.6631999999996,1.6));
#10272=CARTESIAN_POINT('Origin',(184.3523,88.7727999999996,0.));
#10273=CARTESIAN_POINT('',(184.3523,88.7727999999996,1.6));
#10274=CARTESIAN_POINT('',(184.3523,88.7727999999996,0.));
#10275=CARTESIAN_POINT('',(184.3523,88.7727999999996,1.6));
#10276=CARTESIAN_POINT('Ctrl Pts',(184.7578,89.3519999999996,0.));
#10277=CARTESIAN_POINT('Ctrl Pts',(184.7578,89.3519999999996,1.6));
#10278=CARTESIAN_POINT('Ctrl Pts',(184.485898,89.3040099999996,0.));
#10279=CARTESIAN_POINT('Ctrl Pts',(184.485898,89.3040099999996,1.6));
#10280=CARTESIAN_POINT('Ctrl Pts',(184.304362,89.0447109999996,0.));
#10281=CARTESIAN_POINT('Ctrl Pts',(184.304362,89.0447109999996,1.6));
#10282=CARTESIAN_POINT('Ctrl Pts',(184.3523,88.7727999999996,0.));
#10283=CARTESIAN_POINT('Ctrl Pts',(184.3523,88.7727999999996,1.6));
#10284=CARTESIAN_POINT('',(184.7578,89.3519999999996,1.6));
#10285=CARTESIAN_POINT('',(184.7578,89.3519999999996,0.));
#10286=CARTESIAN_POINT('Ctrl Pts',(184.7578,89.3519999999996,1.6));
#10287=CARTESIAN_POINT('Ctrl Pts',(184.485898,89.3040099999996,1.6));
#10288=CARTESIAN_POINT('Ctrl Pts',(184.304362,89.0447109999996,1.6));
#10289=CARTESIAN_POINT('Ctrl Pts',(184.3523,88.7727999999996,1.6));
#10290=CARTESIAN_POINT('Origin',(197.4619,91.5919999999995,0.));
#10291=CARTESIAN_POINT('',(197.4619,91.5919999999995,1.6));
#10292=CARTESIAN_POINT('',(197.4619,91.5919999999995,0.));
#10293=CARTESIAN_POINT('',(197.4619,91.5919999999995,1.6));
#10294=CARTESIAN_POINT('Ctrl Pts',(198.0411,91.1864999999995,0.));
#10295=CARTESIAN_POINT('Ctrl Pts',(198.0411,91.1864999999995,1.6));
#10296=CARTESIAN_POINT('Ctrl Pts',(197.99311,91.4584019999995,0.));
#10297=CARTESIAN_POINT('Ctrl Pts',(197.99311,91.4584019999995,1.6));
#10298=CARTESIAN_POINT('Ctrl Pts',(197.733811,91.6399379999995,0.));
#10299=CARTESIAN_POINT('Ctrl Pts',(197.733811,91.6399379999995,1.6));
#10300=CARTESIAN_POINT('Ctrl Pts',(197.4619,91.5919999999995,0.));
#10301=CARTESIAN_POINT('Ctrl Pts',(197.4619,91.5919999999995,1.6));
#10302=CARTESIAN_POINT('Ctrl Pts',(198.0411,91.1864999999995,1.6));
#10303=CARTESIAN_POINT('Ctrl Pts',(197.99311,91.4584019999995,1.6));
#10304=CARTESIAN_POINT('Ctrl Pts',(197.733811,91.6399379999995,1.6));
#10305=CARTESIAN_POINT('Ctrl Pts',(197.4619,91.5919999999995,1.6));
#10306=CARTESIAN_POINT('Origin',(179.8084,107.6928,0.));
#10307=CARTESIAN_POINT('',(179.8084,107.6928,1.6));
#10308=CARTESIAN_POINT('',(179.8084,107.6928,0.));
#10309=CARTESIAN_POINT('',(166.9084,107.6928,1.6));
#10310=CARTESIAN_POINT('',(179.8084,107.6928,1.6));
#10311=CARTESIAN_POINT('',(166.9084,107.6928,0.));
#10312=CARTESIAN_POINT('Ctrl Pts',(180.161953,107.546353,0.));
#10313=CARTESIAN_POINT('Ctrl Pts',(180.161953,107.546353,1.6));
#10314=CARTESIAN_POINT('Ctrl Pts',(180.068185,107.640122,0.));
#10315=CARTESIAN_POINT('Ctrl Pts',(180.068185,107.640122,1.6));
#10316=CARTESIAN_POINT('Ctrl Pts',(179.941008,107.6928,0.));
#10317=CARTESIAN_POINT('Ctrl Pts',(179.941008,107.6928,1.6));
#10318=CARTESIAN_POINT('Ctrl Pts',(179.8084,107.6928,0.));
#10319=CARTESIAN_POINT('Ctrl Pts',(179.8084,107.6928,1.6));
#10320=CARTESIAN_POINT('',(180.161953,107.546353,1.6));
#10321=CARTESIAN_POINT('',(180.161953,107.546353,0.));
#10322=CARTESIAN_POINT('Ctrl Pts',(180.161953,107.546353,1.6));
#10323=CARTESIAN_POINT('Ctrl Pts',(180.068185,107.640122,1.6));
#10324=CARTESIAN_POINT('Ctrl Pts',(179.941008,107.6928,1.6));
#10325=CARTESIAN_POINT('Ctrl Pts',(179.8084,107.6928,1.6));
#10326=CARTESIAN_POINT('Ctrl Pts',(180.3084,107.1928,0.));
#10327=CARTESIAN_POINT('Ctrl Pts',(180.3084,107.1928,1.6));
#10328=CARTESIAN_POINT('Ctrl Pts',(180.3084,107.325408,0.));
#10329=CARTESIAN_POINT('Ctrl Pts',(180.3084,107.325408,1.6));
#10330=CARTESIAN_POINT('Ctrl Pts',(180.255722,107.452585,0.));
#10331=CARTESIAN_POINT('Ctrl Pts',(180.255722,107.452585,1.6));
#10332=CARTESIAN_POINT('Ctrl Pts',(180.161953,107.546353,0.));
#10333=CARTESIAN_POINT('Ctrl Pts',(180.161953,107.546353,1.6));
#10334=CARTESIAN_POINT('',(180.3084,107.1928,1.6));
#10335=CARTESIAN_POINT('',(180.3084,107.1928,0.));
#10336=CARTESIAN_POINT('Ctrl Pts',(180.3084,107.1928,1.6));
#10337=CARTESIAN_POINT('Ctrl Pts',(180.3084,107.325408,1.6));
#10338=CARTESIAN_POINT('Ctrl Pts',(180.255722,107.452585,1.6));
#10339=CARTESIAN_POINT('Ctrl Pts',(180.161953,107.546353,1.6));
#10340=CARTESIAN_POINT('Origin',(180.3084,94.2927999999997,0.));
#10341=CARTESIAN_POINT('',(180.3084,94.2927999999997,1.6));
#10342=CARTESIAN_POINT('',(180.3084,94.2927999999997,0.));
#10343=CARTESIAN_POINT('',(180.3084,94.2927999999997,1.6));
#10344=CARTESIAN_POINT('Ctrl Pts',(180.161953,93.9392469999997,0.));
#10345=CARTESIAN_POINT('Ctrl Pts',(180.161953,93.9392469999997,1.6));
#10346=CARTESIAN_POINT('Ctrl Pts',(180.255722,94.0330149999997,0.));
#10347=CARTESIAN_POINT('Ctrl Pts',(180.255722,94.0330149999997,1.6));
#10348=CARTESIAN_POINT('Ctrl Pts',(180.3084,94.1601919999997,0.));
#10349=CARTESIAN_POINT('Ctrl Pts',(180.3084,94.1601919999997,1.6));
#10350=CARTESIAN_POINT('Ctrl Pts',(180.3084,94.2927999999997,0.));
#10351=CARTESIAN_POINT('Ctrl Pts',(180.3084,94.2927999999997,1.6));
#10352=CARTESIAN_POINT('',(180.161953,93.9392469999997,1.6));
#10353=CARTESIAN_POINT('',(180.161953,93.9392469999997,0.));
#10354=CARTESIAN_POINT('Ctrl Pts',(180.161953,93.9392469999997,1.6));
#10355=CARTESIAN_POINT('Ctrl Pts',(180.255722,94.0330149999997,1.6));
#10356=CARTESIAN_POINT('Ctrl Pts',(180.3084,94.1601919999997,1.6));
#10357=CARTESIAN_POINT('Ctrl Pts',(180.3084,94.2927999999997,1.6));
#10358=CARTESIAN_POINT('Ctrl Pts',(179.8084,93.7927999999997,0.));
#10359=CARTESIAN_POINT('Ctrl Pts',(179.8084,93.7927999999997,1.6));
#10360=CARTESIAN_POINT('Ctrl Pts',(179.941008,93.7927999999997,0.));
#10361=CARTESIAN_POINT('Ctrl Pts',(179.941008,93.7927999999997,1.6));
#10362=CARTESIAN_POINT('Ctrl Pts',(180.068185,93.8454779999997,0.));
#10363=CARTESIAN_POINT('Ctrl Pts',(180.068185,93.8454779999997,1.6));
#10364=CARTESIAN_POINT('Ctrl Pts',(180.161953,93.9392469999997,0.));
#10365=CARTESIAN_POINT('Ctrl Pts',(180.161953,93.9392469999997,1.6));
#10366=CARTESIAN_POINT('',(179.8084,93.7927999999997,1.6));
#10367=CARTESIAN_POINT('',(179.8084,93.7927999999997,0.));
#10368=CARTESIAN_POINT('Ctrl Pts',(179.8084,93.7927999999997,1.6));
#10369=CARTESIAN_POINT('Ctrl Pts',(179.941008,93.7927999999997,1.6));
#10370=CARTESIAN_POINT('Ctrl Pts',(180.068185,93.8454779999997,1.6));
#10371=CARTESIAN_POINT('Ctrl Pts',(180.161953,93.9392469999997,1.6));
#10372=CARTESIAN_POINT('Origin',(166.9084,93.7927999999998,0.));
#10373=CARTESIAN_POINT('',(166.9084,93.7927999999998,1.6));
#10374=CARTESIAN_POINT('',(166.9084,93.7927999999998,0.));
#10375=CARTESIAN_POINT('',(166.9084,93.7927999999998,1.6));
#10376=CARTESIAN_POINT('Ctrl Pts',(166.554847,93.9392469999998,0.));
#10377=CARTESIAN_POINT('Ctrl Pts',(166.554847,93.9392469999998,1.6));
#10378=CARTESIAN_POINT('Ctrl Pts',(166.648615,93.8454779999998,0.));
#10379=CARTESIAN_POINT('Ctrl Pts',(166.648615,93.8454779999998,1.6));
#10380=CARTESIAN_POINT('Ctrl Pts',(166.775792,93.7927999999998,0.));
#10381=CARTESIAN_POINT('Ctrl Pts',(166.775792,93.7927999999998,1.6));
#10382=CARTESIAN_POINT('Ctrl Pts',(166.9084,93.7927999999998,0.));
#10383=CARTESIAN_POINT('Ctrl Pts',(166.9084,93.7927999999998,1.6));
#10384=CARTESIAN_POINT('',(166.554847,93.9392469999998,1.6));
#10385=CARTESIAN_POINT('',(166.554847,93.9392469999998,0.));
#10386=CARTESIAN_POINT('Ctrl Pts',(166.554847,93.9392469999998,1.6));
#10387=CARTESIAN_POINT('Ctrl Pts',(166.648615,93.8454779999998,1.6));
#10388=CARTESIAN_POINT('Ctrl Pts',(166.775792,93.7927999999998,1.6));
#10389=CARTESIAN_POINT('Ctrl Pts',(166.9084,93.7927999999998,1.6));
#10390=CARTESIAN_POINT('Ctrl Pts',(166.4084,94.2927999999998,0.));
#10391=CARTESIAN_POINT('Ctrl Pts',(166.4084,94.2927999999998,1.6));
#10392=CARTESIAN_POINT('Ctrl Pts',(166.4084,94.1601919999998,0.));
#10393=CARTESIAN_POINT('Ctrl Pts',(166.4084,94.1601919999998,1.6));
#10394=CARTESIAN_POINT('Ctrl Pts',(166.461078,94.0330149999998,0.));
#10395=CARTESIAN_POINT('Ctrl Pts',(166.461078,94.0330149999998,1.6));
#10396=CARTESIAN_POINT('Ctrl Pts',(166.554847,93.9392469999998,0.));
#10397=CARTESIAN_POINT('Ctrl Pts',(166.554847,93.9392469999998,1.6));
#10398=CARTESIAN_POINT('',(166.4084,94.2927999999998,1.6));
#10399=CARTESIAN_POINT('',(166.4084,94.2927999999998,0.));
#10400=CARTESIAN_POINT('Ctrl Pts',(166.4084,94.2927999999998,1.6));
#10401=CARTESIAN_POINT('Ctrl Pts',(166.4084,94.1601919999998,1.6));
#10402=CARTESIAN_POINT('Ctrl Pts',(166.461078,94.0330149999998,1.6));
#10403=CARTESIAN_POINT('Ctrl Pts',(166.554847,93.9392469999998,1.6));
#10404=CARTESIAN_POINT('Origin',(166.4084,107.1928,0.));
#10405=CARTESIAN_POINT('',(166.4084,107.1928,1.6));
#10406=CARTESIAN_POINT('',(166.4084,107.1928,0.));
#10407=CARTESIAN_POINT('',(166.4084,107.1928,1.6));
#10408=CARTESIAN_POINT('Ctrl Pts',(166.554847,107.546353,0.));
#10409=CARTESIAN_POINT('Ctrl Pts',(166.554847,107.546353,1.6));
#10410=CARTESIAN_POINT('Ctrl Pts',(166.461078,107.452585,0.));
#10411=CARTESIAN_POINT('Ctrl Pts',(166.461078,107.452585,1.6));
#10412=CARTESIAN_POINT('Ctrl Pts',(166.4084,107.325408,0.));
#10413=CARTESIAN_POINT('Ctrl Pts',(166.4084,107.325408,1.6));
#10414=CARTESIAN_POINT('Ctrl Pts',(166.4084,107.1928,0.));
#10415=CARTESIAN_POINT('Ctrl Pts',(166.4084,107.1928,1.6));
#10416=CARTESIAN_POINT('',(166.554847,107.546353,1.6));
#10417=CARTESIAN_POINT('',(166.554847,107.546353,0.));
#10418=CARTESIAN_POINT('Ctrl Pts',(166.554847,107.546353,1.6));
#10419=CARTESIAN_POINT('Ctrl Pts',(166.461078,107.452585,1.6));
#10420=CARTESIAN_POINT('Ctrl Pts',(166.4084,107.325408,1.6));
#10421=CARTESIAN_POINT('Ctrl Pts',(166.4084,107.1928,1.6));
#10422=CARTESIAN_POINT('Ctrl Pts',(166.9084,107.6928,0.));
#10423=CARTESIAN_POINT('Ctrl Pts',(166.9084,107.6928,1.6));
#10424=CARTESIAN_POINT('Ctrl Pts',(166.775792,107.6928,0.));
#10425=CARTESIAN_POINT('Ctrl Pts',(166.775792,107.6928,1.6));
#10426=CARTESIAN_POINT('Ctrl Pts',(166.648615,107.640122,0.));
#10427=CARTESIAN_POINT('Ctrl Pts',(166.648615,107.640122,1.6));
#10428=CARTESIAN_POINT('Ctrl Pts',(166.554847,107.546353,0.));
#10429=CARTESIAN_POINT('Ctrl Pts',(166.554847,107.546353,1.6));
#10430=CARTESIAN_POINT('Ctrl Pts',(166.9084,107.6928,1.6));
#10431=CARTESIAN_POINT('Ctrl Pts',(166.775792,107.6928,1.6));
#10432=CARTESIAN_POINT('Ctrl Pts',(166.648615,107.640122,1.6));
#10433=CARTESIAN_POINT('Ctrl Pts',(166.554847,107.546353,1.6));
#10434=CARTESIAN_POINT('Origin',(251.8084,100.847799999999,0.));
#10435=CARTESIAN_POINT('',(251.8084,100.847799999999,1.6));
#10436=CARTESIAN_POINT('',(251.8084,100.847799999999,0.));
#10437=CARTESIAN_POINT('',(238.9084,100.847799999999,1.6));
#10438=CARTESIAN_POINT('',(251.8084,100.847799999999,1.6));
#10439=CARTESIAN_POINT('',(238.9084,100.847799999999,0.));
#10440=CARTESIAN_POINT('Ctrl Pts',(252.161953,100.701352999999,0.));
#10441=CARTESIAN_POINT('Ctrl Pts',(252.161953,100.701352999999,1.6));
#10442=CARTESIAN_POINT('Ctrl Pts',(252.068185,100.795121999999,0.));
#10443=CARTESIAN_POINT('Ctrl Pts',(252.068185,100.795121999999,1.6));
#10444=CARTESIAN_POINT('Ctrl Pts',(251.941008,100.847799999999,0.));
#10445=CARTESIAN_POINT('Ctrl Pts',(251.941008,100.847799999999,1.6));
#10446=CARTESIAN_POINT('Ctrl Pts',(251.8084,100.847799999999,0.));
#10447=CARTESIAN_POINT('Ctrl Pts',(251.8084,100.847799999999,1.6));
#10448=CARTESIAN_POINT('',(252.161953,100.701352999999,1.6));
#10449=CARTESIAN_POINT('',(252.161953,100.701352999999,0.));
#10450=CARTESIAN_POINT('Ctrl Pts',(252.161953,100.701352999999,1.6));
#10451=CARTESIAN_POINT('Ctrl Pts',(252.068185,100.795121999999,1.6));
#10452=CARTESIAN_POINT('Ctrl Pts',(251.941008,100.847799999999,1.6));
#10453=CARTESIAN_POINT('Ctrl Pts',(251.8084,100.847799999999,1.6));
#10454=CARTESIAN_POINT('Ctrl Pts',(252.3084,100.347799999999,0.));
#10455=CARTESIAN_POINT('Ctrl Pts',(252.3084,100.347799999999,1.6));
#10456=CARTESIAN_POINT('Ctrl Pts',(252.3084,100.480407999999,0.));
#10457=CARTESIAN_POINT('Ctrl Pts',(252.3084,100.480407999999,1.6));
#10458=CARTESIAN_POINT('Ctrl Pts',(252.255722,100.607584999999,0.));
#10459=CARTESIAN_POINT('Ctrl Pts',(252.255722,100.607584999999,1.6));
#10460=CARTESIAN_POINT('Ctrl Pts',(252.161953,100.701352999999,0.));
#10461=CARTESIAN_POINT('Ctrl Pts',(252.161953,100.701352999999,1.6));
#10462=CARTESIAN_POINT('',(252.3084,100.347799999999,1.6));
#10463=CARTESIAN_POINT('',(252.3084,100.347799999999,0.));
#10464=CARTESIAN_POINT('Ctrl Pts',(252.3084,100.347799999999,1.6));
#10465=CARTESIAN_POINT('Ctrl Pts',(252.3084,100.480407999999,1.6));
#10466=CARTESIAN_POINT('Ctrl Pts',(252.255722,100.607584999999,1.6));
#10467=CARTESIAN_POINT('Ctrl Pts',(252.161953,100.701352999999,1.6));
#10468=CARTESIAN_POINT('Origin',(252.3084,87.4477999999991,0.));
#10469=CARTESIAN_POINT('',(252.3084,87.4477999999991,1.6));
#10470=CARTESIAN_POINT('',(252.3084,87.4477999999991,0.));
#10471=CARTESIAN_POINT('',(252.3084,87.4477999999991,1.6));
#10472=CARTESIAN_POINT('Ctrl Pts',(252.161953,87.0942469999991,0.));
#10473=CARTESIAN_POINT('Ctrl Pts',(252.161953,87.0942469999991,1.6));
#10474=CARTESIAN_POINT('Ctrl Pts',(252.255722,87.1880149999991,0.));
#10475=CARTESIAN_POINT('Ctrl Pts',(252.255722,87.1880149999991,1.6));
#10476=CARTESIAN_POINT('Ctrl Pts',(252.3084,87.3151919999991,0.));
#10477=CARTESIAN_POINT('Ctrl Pts',(252.3084,87.3151919999991,1.6));
#10478=CARTESIAN_POINT('Ctrl Pts',(252.3084,87.4477999999991,0.));
#10479=CARTESIAN_POINT('Ctrl Pts',(252.3084,87.4477999999991,1.6));
#10480=CARTESIAN_POINT('',(252.161953,87.0942469999991,1.6));
#10481=CARTESIAN_POINT('',(252.161953,87.0942469999991,0.));
#10482=CARTESIAN_POINT('Ctrl Pts',(252.161953,87.0942469999991,1.6));
#10483=CARTESIAN_POINT('Ctrl Pts',(252.255722,87.1880149999991,1.6));
#10484=CARTESIAN_POINT('Ctrl Pts',(252.3084,87.3151919999991,1.6));
#10485=CARTESIAN_POINT('Ctrl Pts',(252.3084,87.4477999999991,1.6));
#10486=CARTESIAN_POINT('Ctrl Pts',(251.8084,86.9477999999991,0.));
#10487=CARTESIAN_POINT('Ctrl Pts',(251.8084,86.9477999999991,1.6));
#10488=CARTESIAN_POINT('Ctrl Pts',(251.941008,86.9477999999991,0.));
#10489=CARTESIAN_POINT('Ctrl Pts',(251.941008,86.9477999999991,1.6));
#10490=CARTESIAN_POINT('Ctrl Pts',(252.068185,87.0004779999991,0.));
#10491=CARTESIAN_POINT('Ctrl Pts',(252.068185,87.0004779999991,1.6));
#10492=CARTESIAN_POINT('Ctrl Pts',(252.161953,87.0942469999991,0.));
#10493=CARTESIAN_POINT('Ctrl Pts',(252.161953,87.0942469999991,1.6));
#10494=CARTESIAN_POINT('',(251.8084,86.9477999999991,1.6));
#10495=CARTESIAN_POINT('',(251.8084,86.9477999999991,0.));
#10496=CARTESIAN_POINT('Ctrl Pts',(251.8084,86.9477999999991,1.6));
#10497=CARTESIAN_POINT('Ctrl Pts',(251.941008,86.9477999999991,1.6));
#10498=CARTESIAN_POINT('Ctrl Pts',(252.068185,87.0004779999991,1.6));
#10499=CARTESIAN_POINT('Ctrl Pts',(252.161953,87.0942469999991,1.6));
#10500=CARTESIAN_POINT('Origin',(238.9084,86.9477999999992,0.));
#10501=CARTESIAN_POINT('',(238.9084,86.9477999999992,1.6));
#10502=CARTESIAN_POINT('',(238.9084,86.9477999999992,0.));
#10503=CARTESIAN_POINT('',(238.9084,86.9477999999992,1.6));
#10504=CARTESIAN_POINT('Ctrl Pts',(238.554847,87.0942469999992,0.));
#10505=CARTESIAN_POINT('Ctrl Pts',(238.554847,87.0942469999992,1.6));
#10506=CARTESIAN_POINT('Ctrl Pts',(238.648615,87.0004779999992,0.));
#10507=CARTESIAN_POINT('Ctrl Pts',(238.648615,87.0004779999992,1.6));
#10508=CARTESIAN_POINT('Ctrl Pts',(238.775792,86.9477999999992,0.));
#10509=CARTESIAN_POINT('Ctrl Pts',(238.775792,86.9477999999992,1.6));
#10510=CARTESIAN_POINT('Ctrl Pts',(238.9084,86.9477999999992,0.));
#10511=CARTESIAN_POINT('Ctrl Pts',(238.9084,86.9477999999992,1.6));
#10512=CARTESIAN_POINT('',(238.554847,87.0942469999992,1.6));
#10513=CARTESIAN_POINT('',(238.554847,87.0942469999992,0.));
#10514=CARTESIAN_POINT('Ctrl Pts',(238.554847,87.0942469999992,1.6));
#10515=CARTESIAN_POINT('Ctrl Pts',(238.648615,87.0004779999992,1.6));
#10516=CARTESIAN_POINT('Ctrl Pts',(238.775792,86.9477999999992,1.6));
#10517=CARTESIAN_POINT('Ctrl Pts',(238.9084,86.9477999999992,1.6));
#10518=CARTESIAN_POINT('Ctrl Pts',(238.4084,87.4477999999992,0.));
#10519=CARTESIAN_POINT('Ctrl Pts',(238.4084,87.4477999999992,1.6));
#10520=CARTESIAN_POINT('Ctrl Pts',(238.4084,87.3151919999992,0.));
#10521=CARTESIAN_POINT('Ctrl Pts',(238.4084,87.3151919999992,1.6));
#10522=CARTESIAN_POINT('Ctrl Pts',(238.461078,87.1880149999992,0.));
#10523=CARTESIAN_POINT('Ctrl Pts',(238.461078,87.1880149999992,1.6));
#10524=CARTESIAN_POINT('Ctrl Pts',(238.554847,87.0942469999992,0.));
#10525=CARTESIAN_POINT('Ctrl Pts',(238.554847,87.0942469999992,1.6));
#10526=CARTESIAN_POINT('',(238.4084,87.4477999999992,1.6));
#10527=CARTESIAN_POINT('',(238.4084,87.4477999999992,0.));
#10528=CARTESIAN_POINT('Ctrl Pts',(238.4084,87.4477999999992,1.6));
#10529=CARTESIAN_POINT('Ctrl Pts',(238.4084,87.3151919999992,1.6));
#10530=CARTESIAN_POINT('Ctrl Pts',(238.461078,87.1880149999992,1.6));
#10531=CARTESIAN_POINT('Ctrl Pts',(238.554847,87.0942469999992,1.6));
#10532=CARTESIAN_POINT('Origin',(238.4084,100.347799999999,0.));
#10533=CARTESIAN_POINT('',(238.4084,100.347799999999,1.6));
#10534=CARTESIAN_POINT('',(238.4084,100.347799999999,0.));
#10535=CARTESIAN_POINT('',(238.4084,100.347799999999,1.6));
#10536=CARTESIAN_POINT('Ctrl Pts',(238.554847,100.701352999999,0.));
#10537=CARTESIAN_POINT('Ctrl Pts',(238.554847,100.701352999999,1.6));
#10538=CARTESIAN_POINT('Ctrl Pts',(238.461078,100.607584999999,0.));
#10539=CARTESIAN_POINT('Ctrl Pts',(238.461078,100.607584999999,1.6));
#10540=CARTESIAN_POINT('Ctrl Pts',(238.4084,100.480407999999,0.));
#10541=CARTESIAN_POINT('Ctrl Pts',(238.4084,100.480407999999,1.6));
#10542=CARTESIAN_POINT('Ctrl Pts',(238.4084,100.347799999999,0.));
#10543=CARTESIAN_POINT('Ctrl Pts',(238.4084,100.347799999999,1.6));
#10544=CARTESIAN_POINT('',(238.554847,100.701352999999,1.6));
#10545=CARTESIAN_POINT('',(238.554847,100.701352999999,0.));
#10546=CARTESIAN_POINT('Ctrl Pts',(238.554847,100.701352999999,1.6));
#10547=CARTESIAN_POINT('Ctrl Pts',(238.461078,100.607584999999,1.6));
#10548=CARTESIAN_POINT('Ctrl Pts',(238.4084,100.480407999999,1.6));
#10549=CARTESIAN_POINT('Ctrl Pts',(238.4084,100.347799999999,1.6));
#10550=CARTESIAN_POINT('Ctrl Pts',(238.9084,100.847799999999,0.));
#10551=CARTESIAN_POINT('Ctrl Pts',(238.9084,100.847799999999,1.6));
#10552=CARTESIAN_POINT('Ctrl Pts',(238.775792,100.847799999999,0.));
#10553=CARTESIAN_POINT('Ctrl Pts',(238.775792,100.847799999999,1.6));
#10554=CARTESIAN_POINT('Ctrl Pts',(238.648615,100.795121999999,0.));
#10555=CARTESIAN_POINT('Ctrl Pts',(238.648615,100.795121999999,1.6));
#10556=CARTESIAN_POINT('Ctrl Pts',(238.554847,100.701352999999,0.));
#10557=CARTESIAN_POINT('Ctrl Pts',(238.554847,100.701352999999,1.6));
#10558=CARTESIAN_POINT('Ctrl Pts',(238.9084,100.847799999999,1.6));
#10559=CARTESIAN_POINT('Ctrl Pts',(238.775792,100.847799999999,1.6));
#10560=CARTESIAN_POINT('Ctrl Pts',(238.648615,100.795121999999,1.6));
#10561=CARTESIAN_POINT('Ctrl Pts',(238.554847,100.701352999999,1.6));
#10562=CARTESIAN_POINT('Origin',(206.3584,101.897767852241,0.));
#10563=CARTESIAN_POINT('',(207.6084,101.897767852241,1.6));
#10564=CARTESIAN_POINT('Origin',(206.3584,101.897767852241,1.6));
#10565=CARTESIAN_POINT('',(207.6084,101.897767852241,0.));
#10566=CARTESIAN_POINT('Origin',(148.572832144099,104.107183926121,0.));
#10567=CARTESIAN_POINT('',(149.822832144099,104.107183926121,1.6));
#10568=CARTESIAN_POINT('Origin',(148.572832144099,104.107183926121,1.6));
#10569=CARTESIAN_POINT('',(149.822832144099,104.107183926121,0.));
#10570=CARTESIAN_POINT('Origin',(215.8084,122.347799999999,0.));
#10571=CARTESIAN_POINT('',(215.8084,122.347799999999,1.6));
#10572=CARTESIAN_POINT('',(215.8084,122.347799999999,0.));
#10573=CARTESIAN_POINT('',(202.9084,122.347799999999,1.6));
#10574=CARTESIAN_POINT('',(215.8084,122.347799999999,1.6));
#10575=CARTESIAN_POINT('',(202.9084,122.347799999999,0.));
#10576=CARTESIAN_POINT('Ctrl Pts',(216.161953,122.201352999999,0.));
#10577=CARTESIAN_POINT('Ctrl Pts',(216.161953,122.201352999999,1.6));
#10578=CARTESIAN_POINT('Ctrl Pts',(216.068185,122.295121999999,0.));
#10579=CARTESIAN_POINT('Ctrl Pts',(216.068185,122.295121999999,1.6));
#10580=CARTESIAN_POINT('Ctrl Pts',(215.941008,122.347799999999,0.));
#10581=CARTESIAN_POINT('Ctrl Pts',(215.941008,122.347799999999,1.6));
#10582=CARTESIAN_POINT('Ctrl Pts',(215.8084,122.347799999999,0.));
#10583=CARTESIAN_POINT('Ctrl Pts',(215.8084,122.347799999999,1.6));
#10584=CARTESIAN_POINT('',(216.161953,122.201352999999,1.6));
#10585=CARTESIAN_POINT('',(216.161953,122.201352999999,0.));
#10586=CARTESIAN_POINT('Ctrl Pts',(216.161953,122.201352999999,1.6));
#10587=CARTESIAN_POINT('Ctrl Pts',(216.068185,122.295121999999,1.6));
#10588=CARTESIAN_POINT('Ctrl Pts',(215.941008,122.347799999999,1.6));
#10589=CARTESIAN_POINT('Ctrl Pts',(215.8084,122.347799999999,1.6));
#10590=CARTESIAN_POINT('Ctrl Pts',(216.3084,121.847799999999,0.));
#10591=CARTESIAN_POINT('Ctrl Pts',(216.3084,121.847799999999,1.6));
#10592=CARTESIAN_POINT('Ctrl Pts',(216.3084,121.980407999999,0.));
#10593=CARTESIAN_POINT('Ctrl Pts',(216.3084,121.980407999999,1.6));
#10594=CARTESIAN_POINT('Ctrl Pts',(216.255722,122.107584999999,0.));
#10595=CARTESIAN_POINT('Ctrl Pts',(216.255722,122.107584999999,1.6));
#10596=CARTESIAN_POINT('Ctrl Pts',(216.161953,122.201352999999,0.));
#10597=CARTESIAN_POINT('Ctrl Pts',(216.161953,122.201352999999,1.6));
#10598=CARTESIAN_POINT('',(216.3084,121.847799999999,1.6));
#10599=CARTESIAN_POINT('',(216.3084,121.847799999999,0.));
#10600=CARTESIAN_POINT('Ctrl Pts',(216.3084,121.847799999999,1.6));
#10601=CARTESIAN_POINT('Ctrl Pts',(216.3084,121.980407999999,1.6));
#10602=CARTESIAN_POINT('Ctrl Pts',(216.255722,122.107584999999,1.6));
#10603=CARTESIAN_POINT('Ctrl Pts',(216.161953,122.201352999999,1.6));
#10604=CARTESIAN_POINT('Origin',(216.3084,108.947799999999,0.));
#10605=CARTESIAN_POINT('',(216.3084,108.947799999999,1.6));
#10606=CARTESIAN_POINT('',(216.3084,108.947799999999,0.));
#10607=CARTESIAN_POINT('',(216.3084,108.947799999999,1.6));
#10608=CARTESIAN_POINT('Ctrl Pts',(216.161953,108.594246999999,0.));
#10609=CARTESIAN_POINT('Ctrl Pts',(216.161953,108.594246999999,1.6));
#10610=CARTESIAN_POINT('Ctrl Pts',(216.255722,108.688014999999,0.));
#10611=CARTESIAN_POINT('Ctrl Pts',(216.255722,108.688014999999,1.6));
#10612=CARTESIAN_POINT('Ctrl Pts',(216.3084,108.815191999999,0.));
#10613=CARTESIAN_POINT('Ctrl Pts',(216.3084,108.815191999999,1.6));
#10614=CARTESIAN_POINT('Ctrl Pts',(216.3084,108.947799999999,0.));
#10615=CARTESIAN_POINT('Ctrl Pts',(216.3084,108.947799999999,1.6));
#10616=CARTESIAN_POINT('',(216.161953,108.594246999999,1.6));
#10617=CARTESIAN_POINT('',(216.161953,108.594246999999,0.));
#10618=CARTESIAN_POINT('Ctrl Pts',(216.161953,108.594246999999,1.6));
#10619=CARTESIAN_POINT('Ctrl Pts',(216.255722,108.688014999999,1.6));
#10620=CARTESIAN_POINT('Ctrl Pts',(216.3084,108.815191999999,1.6));
#10621=CARTESIAN_POINT('Ctrl Pts',(216.3084,108.947799999999,1.6));
#10622=CARTESIAN_POINT('Ctrl Pts',(215.8084,108.447799999999,0.));
#10623=CARTESIAN_POINT('Ctrl Pts',(215.8084,108.447799999999,1.6));
#10624=CARTESIAN_POINT('Ctrl Pts',(215.941008,108.447799999999,0.));
#10625=CARTESIAN_POINT('Ctrl Pts',(215.941008,108.447799999999,1.6));
#10626=CARTESIAN_POINT('Ctrl Pts',(216.068185,108.500477999999,0.));
#10627=CARTESIAN_POINT('Ctrl Pts',(216.068185,108.500477999999,1.6));
#10628=CARTESIAN_POINT('Ctrl Pts',(216.161953,108.594246999999,0.));
#10629=CARTESIAN_POINT('Ctrl Pts',(216.161953,108.594246999999,1.6));
#10630=CARTESIAN_POINT('',(215.8084,108.447799999999,1.6));
#10631=CARTESIAN_POINT('',(215.8084,108.447799999999,0.));
#10632=CARTESIAN_POINT('Ctrl Pts',(215.8084,108.447799999999,1.6));
#10633=CARTESIAN_POINT('Ctrl Pts',(215.941008,108.447799999999,1.6));
#10634=CARTESIAN_POINT('Ctrl Pts',(216.068185,108.500477999999,1.6));
#10635=CARTESIAN_POINT('Ctrl Pts',(216.161953,108.594246999999,1.6));
#10636=CARTESIAN_POINT('Origin',(202.9084,108.447799999999,0.));
#10637=CARTESIAN_POINT('',(202.9084,108.447799999999,1.6));
#10638=CARTESIAN_POINT('',(202.9084,108.447799999999,0.));
#10639=CARTESIAN_POINT('',(202.9084,108.447799999999,1.6));
#10640=CARTESIAN_POINT('Ctrl Pts',(202.554847,108.594246999999,0.));
#10641=CARTESIAN_POINT('Ctrl Pts',(202.554847,108.594246999999,1.6));
#10642=CARTESIAN_POINT('Ctrl Pts',(202.648615,108.500477999999,0.));
#10643=CARTESIAN_POINT('Ctrl Pts',(202.648615,108.500477999999,1.6));
#10644=CARTESIAN_POINT('Ctrl Pts',(202.775792,108.447799999999,0.));
#10645=CARTESIAN_POINT('Ctrl Pts',(202.775792,108.447799999999,1.6));
#10646=CARTESIAN_POINT('Ctrl Pts',(202.9084,108.447799999999,0.));
#10647=CARTESIAN_POINT('Ctrl Pts',(202.9084,108.447799999999,1.6));
#10648=CARTESIAN_POINT('',(202.554847,108.594246999999,1.6));
#10649=CARTESIAN_POINT('',(202.554847,108.594246999999,0.));
#10650=CARTESIAN_POINT('Ctrl Pts',(202.554847,108.594246999999,1.6));
#10651=CARTESIAN_POINT('Ctrl Pts',(202.648615,108.500477999999,1.6));
#10652=CARTESIAN_POINT('Ctrl Pts',(202.775792,108.447799999999,1.6));
#10653=CARTESIAN_POINT('Ctrl Pts',(202.9084,108.447799999999,1.6));
#10654=CARTESIAN_POINT('Ctrl Pts',(202.4084,108.947799999999,0.));
#10655=CARTESIAN_POINT('Ctrl Pts',(202.4084,108.947799999999,1.6));
#10656=CARTESIAN_POINT('Ctrl Pts',(202.4084,108.815191999999,0.));
#10657=CARTESIAN_POINT('Ctrl Pts',(202.4084,108.815191999999,1.6));
#10658=CARTESIAN_POINT('Ctrl Pts',(202.461078,108.688014999999,0.));
#10659=CARTESIAN_POINT('Ctrl Pts',(202.461078,108.688014999999,1.6));
#10660=CARTESIAN_POINT('Ctrl Pts',(202.554847,108.594246999999,0.));
#10661=CARTESIAN_POINT('Ctrl Pts',(202.554847,108.594246999999,1.6));
#10662=CARTESIAN_POINT('',(202.4084,108.947799999999,1.6));
#10663=CARTESIAN_POINT('',(202.4084,108.947799999999,0.));
#10664=CARTESIAN_POINT('Ctrl Pts',(202.4084,108.947799999999,1.6));
#10665=CARTESIAN_POINT('Ctrl Pts',(202.4084,108.815191999999,1.6));
#10666=CARTESIAN_POINT('Ctrl Pts',(202.461078,108.688014999999,1.6));
#10667=CARTESIAN_POINT('Ctrl Pts',(202.554847,108.594246999999,1.6));
#10668=CARTESIAN_POINT('Origin',(202.4084,121.847799999999,0.));
#10669=CARTESIAN_POINT('',(202.4084,121.847799999999,1.6));
#10670=CARTESIAN_POINT('',(202.4084,121.847799999999,0.));
#10671=CARTESIAN_POINT('',(202.4084,121.847799999999,1.6));
#10672=CARTESIAN_POINT('Ctrl Pts',(202.554847,122.201353,0.));
#10673=CARTESIAN_POINT('Ctrl Pts',(202.554847,122.201353,1.6));
#10674=CARTESIAN_POINT('Ctrl Pts',(202.461078,122.107585,0.));
#10675=CARTESIAN_POINT('Ctrl Pts',(202.461078,122.107585,1.6));
#10676=CARTESIAN_POINT('Ctrl Pts',(202.4084,121.980407999999,0.));
#10677=CARTESIAN_POINT('Ctrl Pts',(202.4084,121.980407999999,1.6));
#10678=CARTESIAN_POINT('Ctrl Pts',(202.4084,121.847799999999,0.));
#10679=CARTESIAN_POINT('Ctrl Pts',(202.4084,121.847799999999,1.6));
#10680=CARTESIAN_POINT('',(202.554847,122.201353,1.6));
#10681=CARTESIAN_POINT('',(202.554847,122.201353,0.));
#10682=CARTESIAN_POINT('Ctrl Pts',(202.554847,122.201353,1.6));
#10683=CARTESIAN_POINT('Ctrl Pts',(202.461078,122.107585,1.6));
#10684=CARTESIAN_POINT('Ctrl Pts',(202.4084,121.980407999999,1.6));
#10685=CARTESIAN_POINT('Ctrl Pts',(202.4084,121.847799999999,1.6));
#10686=CARTESIAN_POINT('Ctrl Pts',(202.9084,122.347799999999,0.));
#10687=CARTESIAN_POINT('Ctrl Pts',(202.9084,122.347799999999,1.6));
#10688=CARTESIAN_POINT('Ctrl Pts',(202.775792,122.347799999999,0.));
#10689=CARTESIAN_POINT('Ctrl Pts',(202.775792,122.347799999999,1.6));
#10690=CARTESIAN_POINT('Ctrl Pts',(202.648615,122.295121999999,0.));
#10691=CARTESIAN_POINT('Ctrl Pts',(202.648615,122.295121999999,1.6));
#10692=CARTESIAN_POINT('Ctrl Pts',(202.554847,122.201353,0.));
#10693=CARTESIAN_POINT('Ctrl Pts',(202.554847,122.201353,1.6));
#10694=CARTESIAN_POINT('Ctrl Pts',(202.9084,122.347799999999,1.6));
#10695=CARTESIAN_POINT('Ctrl Pts',(202.775792,122.347799999999,1.6));
#10696=CARTESIAN_POINT('Ctrl Pts',(202.648615,122.295121999999,1.6));
#10697=CARTESIAN_POINT('Ctrl Pts',(202.554847,122.201353,1.6));
#10698=CARTESIAN_POINT('Origin',(179.8084,124.6928,0.));
#10699=CARTESIAN_POINT('',(179.8084,124.6928,1.6));
#10700=CARTESIAN_POINT('',(179.8084,124.6928,0.));
#10701=CARTESIAN_POINT('',(166.9084,124.6928,1.6));
#10702=CARTESIAN_POINT('',(179.8084,124.6928,1.6));
#10703=CARTESIAN_POINT('',(166.9084,124.6928,0.));
#10704=CARTESIAN_POINT('Ctrl Pts',(180.161953,124.546353,0.));
#10705=CARTESIAN_POINT('Ctrl Pts',(180.161953,124.546353,1.6));
#10706=CARTESIAN_POINT('Ctrl Pts',(180.068185,124.640122,0.));
#10707=CARTESIAN_POINT('Ctrl Pts',(180.068185,124.640122,1.6));
#10708=CARTESIAN_POINT('Ctrl Pts',(179.941008,124.6928,0.));
#10709=CARTESIAN_POINT('Ctrl Pts',(179.941008,124.6928,1.6));
#10710=CARTESIAN_POINT('Ctrl Pts',(179.8084,124.6928,0.));
#10711=CARTESIAN_POINT('Ctrl Pts',(179.8084,124.6928,1.6));
#10712=CARTESIAN_POINT('',(180.161953,124.546353,1.6));
#10713=CARTESIAN_POINT('',(180.161953,124.546353,0.));
#10714=CARTESIAN_POINT('Ctrl Pts',(180.161953,124.546353,1.6));
#10715=CARTESIAN_POINT('Ctrl Pts',(180.068185,124.640122,1.6));
#10716=CARTESIAN_POINT('Ctrl Pts',(179.941008,124.6928,1.6));
#10717=CARTESIAN_POINT('Ctrl Pts',(179.8084,124.6928,1.6));
#10718=CARTESIAN_POINT('Ctrl Pts',(180.3084,124.1928,0.));
#10719=CARTESIAN_POINT('Ctrl Pts',(180.3084,124.1928,1.6));
#10720=CARTESIAN_POINT('Ctrl Pts',(180.3084,124.325408,0.));
#10721=CARTESIAN_POINT('Ctrl Pts',(180.3084,124.325408,1.6));
#10722=CARTESIAN_POINT('Ctrl Pts',(180.255722,124.452585,0.));
#10723=CARTESIAN_POINT('Ctrl Pts',(180.255722,124.452585,1.6));
#10724=CARTESIAN_POINT('Ctrl Pts',(180.161953,124.546353,0.));
#10725=CARTESIAN_POINT('Ctrl Pts',(180.161953,124.546353,1.6));
#10726=CARTESIAN_POINT('',(180.3084,124.1928,1.6));
#10727=CARTESIAN_POINT('',(180.3084,124.1928,0.));
#10728=CARTESIAN_POINT('Ctrl Pts',(180.3084,124.1928,1.6));
#10729=CARTESIAN_POINT('Ctrl Pts',(180.3084,124.325408,1.6));
#10730=CARTESIAN_POINT('Ctrl Pts',(180.255722,124.452585,1.6));
#10731=CARTESIAN_POINT('Ctrl Pts',(180.161953,124.546353,1.6));
#10732=CARTESIAN_POINT('Origin',(180.3084,111.2928,0.));
#10733=CARTESIAN_POINT('',(180.3084,111.2928,1.6));
#10734=CARTESIAN_POINT('',(180.3084,111.2928,0.));
#10735=CARTESIAN_POINT('',(180.3084,111.2928,1.6));
#10736=CARTESIAN_POINT('Ctrl Pts',(180.161953,110.939247,0.));
#10737=CARTESIAN_POINT('Ctrl Pts',(180.161953,110.939247,1.6));
#10738=CARTESIAN_POINT('Ctrl Pts',(180.255722,111.033015,0.));
#10739=CARTESIAN_POINT('Ctrl Pts',(180.255722,111.033015,1.6));
#10740=CARTESIAN_POINT('Ctrl Pts',(180.3084,111.160192,0.));
#10741=CARTESIAN_POINT('Ctrl Pts',(180.3084,111.160192,1.6));
#10742=CARTESIAN_POINT('Ctrl Pts',(180.3084,111.2928,0.));
#10743=CARTESIAN_POINT('Ctrl Pts',(180.3084,111.2928,1.6));
#10744=CARTESIAN_POINT('',(180.161953,110.939247,1.6));
#10745=CARTESIAN_POINT('',(180.161953,110.939247,0.));
#10746=CARTESIAN_POINT('Ctrl Pts',(180.161953,110.939247,1.6));
#10747=CARTESIAN_POINT('Ctrl Pts',(180.255722,111.033015,1.6));
#10748=CARTESIAN_POINT('Ctrl Pts',(180.3084,111.160192,1.6));
#10749=CARTESIAN_POINT('Ctrl Pts',(180.3084,111.2928,1.6));
#10750=CARTESIAN_POINT('Ctrl Pts',(179.8084,110.7928,0.));
#10751=CARTESIAN_POINT('Ctrl Pts',(179.8084,110.7928,1.6));
#10752=CARTESIAN_POINT('Ctrl Pts',(179.941008,110.7928,0.));
#10753=CARTESIAN_POINT('Ctrl Pts',(179.941008,110.7928,1.6));
#10754=CARTESIAN_POINT('Ctrl Pts',(180.068185,110.845478,0.));
#10755=CARTESIAN_POINT('Ctrl Pts',(180.068185,110.845478,1.6));
#10756=CARTESIAN_POINT('Ctrl Pts',(180.161953,110.939247,0.));
#10757=CARTESIAN_POINT('Ctrl Pts',(180.161953,110.939247,1.6));
#10758=CARTESIAN_POINT('',(179.8084,110.7928,1.6));
#10759=CARTESIAN_POINT('',(179.8084,110.7928,0.));
#10760=CARTESIAN_POINT('Ctrl Pts',(179.8084,110.7928,1.6));
#10761=CARTESIAN_POINT('Ctrl Pts',(179.941008,110.7928,1.6));
#10762=CARTESIAN_POINT('Ctrl Pts',(180.068185,110.845478,1.6));
#10763=CARTESIAN_POINT('Ctrl Pts',(180.161953,110.939247,1.6));
#10764=CARTESIAN_POINT('Origin',(166.9084,110.7928,0.));
#10765=CARTESIAN_POINT('',(166.9084,110.7928,1.6));
#10766=CARTESIAN_POINT('',(166.9084,110.7928,0.));
#10767=CARTESIAN_POINT('',(166.9084,110.7928,1.6));
#10768=CARTESIAN_POINT('Ctrl Pts',(166.554847,110.939247,0.));
#10769=CARTESIAN_POINT('Ctrl Pts',(166.554847,110.939247,1.6));
#10770=CARTESIAN_POINT('Ctrl Pts',(166.648615,110.845478,0.));
#10771=CARTESIAN_POINT('Ctrl Pts',(166.648615,110.845478,1.6));
#10772=CARTESIAN_POINT('Ctrl Pts',(166.775792,110.7928,0.));
#10773=CARTESIAN_POINT('Ctrl Pts',(166.775792,110.7928,1.6));
#10774=CARTESIAN_POINT('Ctrl Pts',(166.9084,110.7928,0.));
#10775=CARTESIAN_POINT('Ctrl Pts',(166.9084,110.7928,1.6));
#10776=CARTESIAN_POINT('',(166.554847,110.939247,1.6));
#10777=CARTESIAN_POINT('',(166.554847,110.939247,0.));
#10778=CARTESIAN_POINT('Ctrl Pts',(166.554847,110.939247,1.6));
#10779=CARTESIAN_POINT('Ctrl Pts',(166.648615,110.845478,1.6));
#10780=CARTESIAN_POINT('Ctrl Pts',(166.775792,110.7928,1.6));
#10781=CARTESIAN_POINT('Ctrl Pts',(166.9084,110.7928,1.6));
#10782=CARTESIAN_POINT('Ctrl Pts',(166.4084,111.2928,0.));
#10783=CARTESIAN_POINT('Ctrl Pts',(166.4084,111.2928,1.6));
#10784=CARTESIAN_POINT('Ctrl Pts',(166.4084,111.160192,0.));
#10785=CARTESIAN_POINT('Ctrl Pts',(166.4084,111.160192,1.6));
#10786=CARTESIAN_POINT('Ctrl Pts',(166.461078,111.033015,0.));
#10787=CARTESIAN_POINT('Ctrl Pts',(166.461078,111.033015,1.6));
#10788=CARTESIAN_POINT('Ctrl Pts',(166.554847,110.939247,0.));
#10789=CARTESIAN_POINT('Ctrl Pts',(166.554847,110.939247,1.6));
#10790=CARTESIAN_POINT('',(166.4084,111.2928,1.6));
#10791=CARTESIAN_POINT('',(166.4084,111.2928,0.));
#10792=CARTESIAN_POINT('Ctrl Pts',(166.4084,111.2928,1.6));
#10793=CARTESIAN_POINT('Ctrl Pts',(166.4084,111.160192,1.6));
#10794=CARTESIAN_POINT('Ctrl Pts',(166.461078,111.033015,1.6));
#10795=CARTESIAN_POINT('Ctrl Pts',(166.554847,110.939247,1.6));
#10796=CARTESIAN_POINT('Origin',(166.4084,124.1928,0.));
#10797=CARTESIAN_POINT('',(166.4084,124.1928,1.6));
#10798=CARTESIAN_POINT('',(166.4084,124.1928,0.));
#10799=CARTESIAN_POINT('',(166.4084,124.1928,1.6));
#10800=CARTESIAN_POINT('Ctrl Pts',(166.554847,124.546353,0.));
#10801=CARTESIAN_POINT('Ctrl Pts',(166.554847,124.546353,1.6));
#10802=CARTESIAN_POINT('Ctrl Pts',(166.461078,124.452585,0.));
#10803=CARTESIAN_POINT('Ctrl Pts',(166.461078,124.452585,1.6));
#10804=CARTESIAN_POINT('Ctrl Pts',(166.4084,124.325408,0.));
#10805=CARTESIAN_POINT('Ctrl Pts',(166.4084,124.325408,1.6));
#10806=CARTESIAN_POINT('Ctrl Pts',(166.4084,124.1928,0.));
#10807=CARTESIAN_POINT('Ctrl Pts',(166.4084,124.1928,1.6));
#10808=CARTESIAN_POINT('',(166.554847,124.546353,1.6));
#10809=CARTESIAN_POINT('',(166.554847,124.546353,0.));
#10810=CARTESIAN_POINT('Ctrl Pts',(166.554847,124.546353,1.6));
#10811=CARTESIAN_POINT('Ctrl Pts',(166.461078,124.452585,1.6));
#10812=CARTESIAN_POINT('Ctrl Pts',(166.4084,124.325408,1.6));
#10813=CARTESIAN_POINT('Ctrl Pts',(166.4084,124.1928,1.6));
#10814=CARTESIAN_POINT('Ctrl Pts',(166.9084,124.6928,0.));
#10815=CARTESIAN_POINT('Ctrl Pts',(166.9084,124.6928,1.6));
#10816=CARTESIAN_POINT('Ctrl Pts',(166.775792,124.6928,0.));
#10817=CARTESIAN_POINT('Ctrl Pts',(166.775792,124.6928,1.6));
#10818=CARTESIAN_POINT('Ctrl Pts',(166.648615,124.640122,0.));
#10819=CARTESIAN_POINT('Ctrl Pts',(166.648615,124.640122,1.6));
#10820=CARTESIAN_POINT('Ctrl Pts',(166.554847,124.546353,0.));
#10821=CARTESIAN_POINT('Ctrl Pts',(166.554847,124.546353,1.6));
#10822=CARTESIAN_POINT('Ctrl Pts',(166.9084,124.6928,1.6));
#10823=CARTESIAN_POINT('Ctrl Pts',(166.775792,124.6928,1.6));
#10824=CARTESIAN_POINT('Ctrl Pts',(166.648615,124.640122,1.6));
#10825=CARTESIAN_POINT('Ctrl Pts',(166.554847,124.546353,1.6));
#10826=CARTESIAN_POINT('Origin',(233.8084,147.847799999999,0.));
#10827=CARTESIAN_POINT('',(233.8084,147.847799999999,1.6));
#10828=CARTESIAN_POINT('',(233.8084,147.847799999999,0.));
#10829=CARTESIAN_POINT('',(220.9084,147.847799999999,1.6));
#10830=CARTESIAN_POINT('',(233.8084,147.847799999999,1.6));
#10831=CARTESIAN_POINT('',(220.9084,147.847799999999,0.));
#10832=CARTESIAN_POINT('Ctrl Pts',(234.161953,147.701352999999,0.));
#10833=CARTESIAN_POINT('Ctrl Pts',(234.161953,147.701352999999,1.6));
#10834=CARTESIAN_POINT('Ctrl Pts',(234.068185,147.795121999999,0.));
#10835=CARTESIAN_POINT('Ctrl Pts',(234.068185,147.795121999999,1.6));
#10836=CARTESIAN_POINT('Ctrl Pts',(233.941008,147.847799999999,0.));
#10837=CARTESIAN_POINT('Ctrl Pts',(233.941008,147.847799999999,1.6));
#10838=CARTESIAN_POINT('Ctrl Pts',(233.8084,147.847799999999,0.));
#10839=CARTESIAN_POINT('Ctrl Pts',(233.8084,147.847799999999,1.6));
#10840=CARTESIAN_POINT('',(234.161953,147.701352999999,1.6));
#10841=CARTESIAN_POINT('',(234.161953,147.701352999999,0.));
#10842=CARTESIAN_POINT('Ctrl Pts',(234.161953,147.701352999999,1.6));
#10843=CARTESIAN_POINT('Ctrl Pts',(234.068185,147.795121999999,1.6));
#10844=CARTESIAN_POINT('Ctrl Pts',(233.941008,147.847799999999,1.6));
#10845=CARTESIAN_POINT('Ctrl Pts',(233.8084,147.847799999999,1.6));
#10846=CARTESIAN_POINT('Ctrl Pts',(234.3084,147.347799999999,0.));
#10847=CARTESIAN_POINT('Ctrl Pts',(234.3084,147.347799999999,1.6));
#10848=CARTESIAN_POINT('Ctrl Pts',(234.3084,147.480407999999,0.));
#10849=CARTESIAN_POINT('Ctrl Pts',(234.3084,147.480407999999,1.6));
#10850=CARTESIAN_POINT('Ctrl Pts',(234.255722,147.607584999999,0.));
#10851=CARTESIAN_POINT('Ctrl Pts',(234.255722,147.607584999999,1.6));
#10852=CARTESIAN_POINT('Ctrl Pts',(234.161953,147.701352999999,0.));
#10853=CARTESIAN_POINT('Ctrl Pts',(234.161953,147.701352999999,1.6));
#10854=CARTESIAN_POINT('',(234.3084,147.347799999999,1.6));
#10855=CARTESIAN_POINT('',(234.3084,147.347799999999,0.));
#10856=CARTESIAN_POINT('Ctrl Pts',(234.3084,147.347799999999,1.6));
#10857=CARTESIAN_POINT('Ctrl Pts',(234.3084,147.480407999999,1.6));
#10858=CARTESIAN_POINT('Ctrl Pts',(234.255722,147.607584999999,1.6));
#10859=CARTESIAN_POINT('Ctrl Pts',(234.161953,147.701352999999,1.6));
#10860=CARTESIAN_POINT('Origin',(234.3084,134.447799999999,0.));
#10861=CARTESIAN_POINT('',(234.3084,134.447799999999,1.6));
#10862=CARTESIAN_POINT('',(234.3084,134.447799999999,0.));
#10863=CARTESIAN_POINT('',(234.3084,134.447799999999,1.6));
#10864=CARTESIAN_POINT('Ctrl Pts',(234.161953,134.094246999999,0.));
#10865=CARTESIAN_POINT('Ctrl Pts',(234.161953,134.094246999999,1.6));
#10866=CARTESIAN_POINT('Ctrl Pts',(234.255722,134.188014999999,0.));
#10867=CARTESIAN_POINT('Ctrl Pts',(234.255722,134.188014999999,1.6));
#10868=CARTESIAN_POINT('Ctrl Pts',(234.3084,134.315191999999,0.));
#10869=CARTESIAN_POINT('Ctrl Pts',(234.3084,134.315191999999,1.6));
#10870=CARTESIAN_POINT('Ctrl Pts',(234.3084,134.447799999999,0.));
#10871=CARTESIAN_POINT('Ctrl Pts',(234.3084,134.447799999999,1.6));
#10872=CARTESIAN_POINT('',(234.161953,134.094246999999,1.6));
#10873=CARTESIAN_POINT('',(234.161953,134.094246999999,0.));
#10874=CARTESIAN_POINT('Ctrl Pts',(234.161953,134.094246999999,1.6));
#10875=CARTESIAN_POINT('Ctrl Pts',(234.255722,134.188014999999,1.6));
#10876=CARTESIAN_POINT('Ctrl Pts',(234.3084,134.315191999999,1.6));
#10877=CARTESIAN_POINT('Ctrl Pts',(234.3084,134.447799999999,1.6));
#10878=CARTESIAN_POINT('Ctrl Pts',(233.8084,133.947799999999,0.));
#10879=CARTESIAN_POINT('Ctrl Pts',(233.8084,133.947799999999,1.6));
#10880=CARTESIAN_POINT('Ctrl Pts',(233.941008,133.947799999999,0.));
#10881=CARTESIAN_POINT('Ctrl Pts',(233.941008,133.947799999999,1.6));
#10882=CARTESIAN_POINT('Ctrl Pts',(234.068185,134.000477999999,0.));
#10883=CARTESIAN_POINT('Ctrl Pts',(234.068185,134.000477999999,1.6));
#10884=CARTESIAN_POINT('Ctrl Pts',(234.161953,134.094246999999,0.));
#10885=CARTESIAN_POINT('Ctrl Pts',(234.161953,134.094246999999,1.6));
#10886=CARTESIAN_POINT('',(233.8084,133.947799999999,1.6));
#10887=CARTESIAN_POINT('',(233.8084,133.947799999999,0.));
#10888=CARTESIAN_POINT('Ctrl Pts',(233.8084,133.947799999999,1.6));
#10889=CARTESIAN_POINT('Ctrl Pts',(233.941008,133.947799999999,1.6));
#10890=CARTESIAN_POINT('Ctrl Pts',(234.068185,134.000477999999,1.6));
#10891=CARTESIAN_POINT('Ctrl Pts',(234.161953,134.094246999999,1.6));
#10892=CARTESIAN_POINT('Origin',(220.9084,133.947799999999,0.));
#10893=CARTESIAN_POINT('',(220.9084,133.947799999999,1.6));
#10894=CARTESIAN_POINT('',(220.9084,133.947799999999,0.));
#10895=CARTESIAN_POINT('',(220.9084,133.947799999999,1.6));
#10896=CARTESIAN_POINT('Ctrl Pts',(220.554847,134.094246999999,0.));
#10897=CARTESIAN_POINT('Ctrl Pts',(220.554847,134.094246999999,1.6));
#10898=CARTESIAN_POINT('Ctrl Pts',(220.648615,134.000477999999,0.));
#10899=CARTESIAN_POINT('Ctrl Pts',(220.648615,134.000477999999,1.6));
#10900=CARTESIAN_POINT('Ctrl Pts',(220.775792,133.947799999999,0.));
#10901=CARTESIAN_POINT('Ctrl Pts',(220.775792,133.947799999999,1.6));
#10902=CARTESIAN_POINT('Ctrl Pts',(220.9084,133.947799999999,0.));
#10903=CARTESIAN_POINT('Ctrl Pts',(220.9084,133.947799999999,1.6));
#10904=CARTESIAN_POINT('',(220.554847,134.094246999999,1.6));
#10905=CARTESIAN_POINT('',(220.554847,134.094246999999,0.));
#10906=CARTESIAN_POINT('Ctrl Pts',(220.554847,134.094246999999,1.6));
#10907=CARTESIAN_POINT('Ctrl Pts',(220.648615,134.000477999999,1.6));
#10908=CARTESIAN_POINT('Ctrl Pts',(220.775792,133.947799999999,1.6));
#10909=CARTESIAN_POINT('Ctrl Pts',(220.9084,133.947799999999,1.6));
#10910=CARTESIAN_POINT('Ctrl Pts',(220.4084,134.447799999999,0.));
#10911=CARTESIAN_POINT('Ctrl Pts',(220.4084,134.447799999999,1.6));
#10912=CARTESIAN_POINT('Ctrl Pts',(220.4084,134.315191999999,0.));
#10913=CARTESIAN_POINT('Ctrl Pts',(220.4084,134.315191999999,1.6));
#10914=CARTESIAN_POINT('Ctrl Pts',(220.461078,134.188014999999,0.));
#10915=CARTESIAN_POINT('Ctrl Pts',(220.461078,134.188014999999,1.6));
#10916=CARTESIAN_POINT('Ctrl Pts',(220.554847,134.094246999999,0.));
#10917=CARTESIAN_POINT('Ctrl Pts',(220.554847,134.094246999999,1.6));
#10918=CARTESIAN_POINT('',(220.4084,134.447799999999,1.6));
#10919=CARTESIAN_POINT('',(220.4084,134.447799999999,0.));
#10920=CARTESIAN_POINT('Ctrl Pts',(220.4084,134.447799999999,1.6));
#10921=CARTESIAN_POINT('Ctrl Pts',(220.4084,134.315191999999,1.6));
#10922=CARTESIAN_POINT('Ctrl Pts',(220.461078,134.188014999999,1.6));
#10923=CARTESIAN_POINT('Ctrl Pts',(220.554847,134.094246999999,1.6));
#10924=CARTESIAN_POINT('Origin',(220.4084,147.347799999999,0.));
#10925=CARTESIAN_POINT('',(220.4084,147.347799999999,1.6));
#10926=CARTESIAN_POINT('',(220.4084,147.347799999999,0.));
#10927=CARTESIAN_POINT('',(220.4084,147.347799999999,1.6));
#10928=CARTESIAN_POINT('Ctrl Pts',(220.554847,147.701352999999,0.));
#10929=CARTESIAN_POINT('Ctrl Pts',(220.554847,147.701352999999,1.6));
#10930=CARTESIAN_POINT('Ctrl Pts',(220.461078,147.607584999999,0.));
#10931=CARTESIAN_POINT('Ctrl Pts',(220.461078,147.607584999999,1.6));
#10932=CARTESIAN_POINT('Ctrl Pts',(220.4084,147.480407999999,0.));
#10933=CARTESIAN_POINT('Ctrl Pts',(220.4084,147.480407999999,1.6));
#10934=CARTESIAN_POINT('Ctrl Pts',(220.4084,147.347799999999,0.));
#10935=CARTESIAN_POINT('Ctrl Pts',(220.4084,147.347799999999,1.6));
#10936=CARTESIAN_POINT('',(220.554847,147.701352999999,1.6));
#10937=CARTESIAN_POINT('',(220.554847,147.701352999999,0.));
#10938=CARTESIAN_POINT('Ctrl Pts',(220.554847,147.701352999999,1.6));
#10939=CARTESIAN_POINT('Ctrl Pts',(220.461078,147.607584999999,1.6));
#10940=CARTESIAN_POINT('Ctrl Pts',(220.4084,147.480407999999,1.6));
#10941=CARTESIAN_POINT('Ctrl Pts',(220.4084,147.347799999999,1.6));
#10942=CARTESIAN_POINT('Ctrl Pts',(220.9084,147.847799999999,0.));
#10943=CARTESIAN_POINT('Ctrl Pts',(220.9084,147.847799999999,1.6));
#10944=CARTESIAN_POINT('Ctrl Pts',(220.775792,147.847799999999,0.));
#10945=CARTESIAN_POINT('Ctrl Pts',(220.775792,147.847799999999,1.6));
#10946=CARTESIAN_POINT('Ctrl Pts',(220.648615,147.795121999999,0.));
#10947=CARTESIAN_POINT('Ctrl Pts',(220.648615,147.795121999999,1.6));
#10948=CARTESIAN_POINT('Ctrl Pts',(220.554847,147.701352999999,0.));
#10949=CARTESIAN_POINT('Ctrl Pts',(220.554847,147.701352999999,1.6));
#10950=CARTESIAN_POINT('Ctrl Pts',(220.9084,147.847799999999,1.6));
#10951=CARTESIAN_POINT('Ctrl Pts',(220.775792,147.847799999999,1.6));
#10952=CARTESIAN_POINT('Ctrl Pts',(220.648615,147.795121999999,1.6));
#10953=CARTESIAN_POINT('Ctrl Pts',(220.554847,147.701352999999,1.6));
#10954=CARTESIAN_POINT('Origin',(233.8084,113.847799999999,0.));
#10955=CARTESIAN_POINT('',(233.8084,113.847799999999,1.6));
#10956=CARTESIAN_POINT('',(233.8084,113.847799999999,0.));
#10957=CARTESIAN_POINT('',(220.9084,113.847799999999,1.6));
#10958=CARTESIAN_POINT('',(233.8084,113.847799999999,1.6));
#10959=CARTESIAN_POINT('',(220.9084,113.847799999999,0.));
#10960=CARTESIAN_POINT('Ctrl Pts',(234.161953,113.701352999999,0.));
#10961=CARTESIAN_POINT('Ctrl Pts',(234.161953,113.701352999999,1.6));
#10962=CARTESIAN_POINT('Ctrl Pts',(234.068185,113.795121999999,0.));
#10963=CARTESIAN_POINT('Ctrl Pts',(234.068185,113.795121999999,1.6));
#10964=CARTESIAN_POINT('Ctrl Pts',(233.941008,113.847799999999,0.));
#10965=CARTESIAN_POINT('Ctrl Pts',(233.941008,113.847799999999,1.6));
#10966=CARTESIAN_POINT('Ctrl Pts',(233.8084,113.847799999999,0.));
#10967=CARTESIAN_POINT('Ctrl Pts',(233.8084,113.847799999999,1.6));
#10968=CARTESIAN_POINT('',(234.161953,113.701352999999,1.6));
#10969=CARTESIAN_POINT('',(234.161953,113.701352999999,0.));
#10970=CARTESIAN_POINT('Ctrl Pts',(234.161953,113.701352999999,1.6));
#10971=CARTESIAN_POINT('Ctrl Pts',(234.068185,113.795121999999,1.6));
#10972=CARTESIAN_POINT('Ctrl Pts',(233.941008,113.847799999999,1.6));
#10973=CARTESIAN_POINT('Ctrl Pts',(233.8084,113.847799999999,1.6));
#10974=CARTESIAN_POINT('Ctrl Pts',(234.3084,113.347799999999,0.));
#10975=CARTESIAN_POINT('Ctrl Pts',(234.3084,113.347799999999,1.6));
#10976=CARTESIAN_POINT('Ctrl Pts',(234.3084,113.480407999999,0.));
#10977=CARTESIAN_POINT('Ctrl Pts',(234.3084,113.480407999999,1.6));
#10978=CARTESIAN_POINT('Ctrl Pts',(234.255722,113.607584999999,0.));
#10979=CARTESIAN_POINT('Ctrl Pts',(234.255722,113.607584999999,1.6));
#10980=CARTESIAN_POINT('Ctrl Pts',(234.161953,113.701352999999,0.));
#10981=CARTESIAN_POINT('Ctrl Pts',(234.161953,113.701352999999,1.6));
#10982=CARTESIAN_POINT('',(234.3084,113.347799999999,1.6));
#10983=CARTESIAN_POINT('',(234.3084,113.347799999999,0.));
#10984=CARTESIAN_POINT('Ctrl Pts',(234.3084,113.347799999999,1.6));
#10985=CARTESIAN_POINT('Ctrl Pts',(234.3084,113.480407999999,1.6));
#10986=CARTESIAN_POINT('Ctrl Pts',(234.255722,113.607584999999,1.6));
#10987=CARTESIAN_POINT('Ctrl Pts',(234.161953,113.701352999999,1.6));
#10988=CARTESIAN_POINT('Origin',(234.3084,100.447799999999,0.));
#10989=CARTESIAN_POINT('',(234.3084,100.447799999999,1.6));
#10990=CARTESIAN_POINT('',(234.3084,100.447799999999,0.));
#10991=CARTESIAN_POINT('',(234.3084,100.447799999999,1.6));
#10992=CARTESIAN_POINT('Ctrl Pts',(234.161953,100.094246999999,0.));
#10993=CARTESIAN_POINT('Ctrl Pts',(234.161953,100.094246999999,1.6));
#10994=CARTESIAN_POINT('Ctrl Pts',(234.255722,100.188014999999,0.));
#10995=CARTESIAN_POINT('Ctrl Pts',(234.255722,100.188014999999,1.6));
#10996=CARTESIAN_POINT('Ctrl Pts',(234.3084,100.315191999999,0.));
#10997=CARTESIAN_POINT('Ctrl Pts',(234.3084,100.315191999999,1.6));
#10998=CARTESIAN_POINT('Ctrl Pts',(234.3084,100.447799999999,0.));
#10999=CARTESIAN_POINT('Ctrl Pts',(234.3084,100.447799999999,1.6));
#11000=CARTESIAN_POINT('',(234.161953,100.094246999999,1.6));
#11001=CARTESIAN_POINT('',(234.161953,100.094246999999,0.));
#11002=CARTESIAN_POINT('Ctrl Pts',(234.161953,100.094246999999,1.6));
#11003=CARTESIAN_POINT('Ctrl Pts',(234.255722,100.188014999999,1.6));
#11004=CARTESIAN_POINT('Ctrl Pts',(234.3084,100.315191999999,1.6));
#11005=CARTESIAN_POINT('Ctrl Pts',(234.3084,100.447799999999,1.6));
#11006=CARTESIAN_POINT('Ctrl Pts',(233.8084,99.9477999999992,0.));
#11007=CARTESIAN_POINT('Ctrl Pts',(233.8084,99.9477999999992,1.6));
#11008=CARTESIAN_POINT('Ctrl Pts',(233.941008,99.9477999999992,0.));
#11009=CARTESIAN_POINT('Ctrl Pts',(233.941008,99.9477999999992,1.6));
#11010=CARTESIAN_POINT('Ctrl Pts',(234.068185,100.000477999999,0.));
#11011=CARTESIAN_POINT('Ctrl Pts',(234.068185,100.000477999999,1.6));
#11012=CARTESIAN_POINT('Ctrl Pts',(234.161953,100.094246999999,0.));
#11013=CARTESIAN_POINT('Ctrl Pts',(234.161953,100.094246999999,1.6));
#11014=CARTESIAN_POINT('',(233.8084,99.9477999999992,1.6));
#11015=CARTESIAN_POINT('',(233.8084,99.9477999999992,0.));
#11016=CARTESIAN_POINT('Ctrl Pts',(233.8084,99.9477999999992,1.6));
#11017=CARTESIAN_POINT('Ctrl Pts',(233.941008,99.9477999999992,1.6));
#11018=CARTESIAN_POINT('Ctrl Pts',(234.068185,100.000477999999,1.6));
#11019=CARTESIAN_POINT('Ctrl Pts',(234.161953,100.094246999999,1.6));
#11020=CARTESIAN_POINT('Origin',(220.9084,99.9477999999993,0.));
#11021=CARTESIAN_POINT('',(220.9084,99.9477999999993,1.6));
#11022=CARTESIAN_POINT('',(220.9084,99.9477999999993,0.));
#11023=CARTESIAN_POINT('',(220.9084,99.9477999999993,1.6));
#11024=CARTESIAN_POINT('Ctrl Pts',(220.554847,100.094246999999,0.));
#11025=CARTESIAN_POINT('Ctrl Pts',(220.554847,100.094246999999,1.6));
#11026=CARTESIAN_POINT('Ctrl Pts',(220.648615,100.000477999999,0.));
#11027=CARTESIAN_POINT('Ctrl Pts',(220.648615,100.000477999999,1.6));
#11028=CARTESIAN_POINT('Ctrl Pts',(220.775792,99.9477999999993,0.));
#11029=CARTESIAN_POINT('Ctrl Pts',(220.775792,99.9477999999993,1.6));
#11030=CARTESIAN_POINT('Ctrl Pts',(220.9084,99.9477999999993,0.));
#11031=CARTESIAN_POINT('Ctrl Pts',(220.9084,99.9477999999993,1.6));
#11032=CARTESIAN_POINT('',(220.554847,100.094246999999,1.6));
#11033=CARTESIAN_POINT('',(220.554847,100.094246999999,0.));
#11034=CARTESIAN_POINT('Ctrl Pts',(220.554847,100.094246999999,1.6));
#11035=CARTESIAN_POINT('Ctrl Pts',(220.648615,100.000477999999,1.6));
#11036=CARTESIAN_POINT('Ctrl Pts',(220.775792,99.9477999999993,1.6));
#11037=CARTESIAN_POINT('Ctrl Pts',(220.9084,99.9477999999993,1.6));
#11038=CARTESIAN_POINT('Ctrl Pts',(220.4084,100.447799999999,0.));
#11039=CARTESIAN_POINT('Ctrl Pts',(220.4084,100.447799999999,1.6));
#11040=CARTESIAN_POINT('Ctrl Pts',(220.4084,100.315191999999,0.));
#11041=CARTESIAN_POINT('Ctrl Pts',(220.4084,100.315191999999,1.6));
#11042=CARTESIAN_POINT('Ctrl Pts',(220.461078,100.188014999999,0.));
#11043=CARTESIAN_POINT('Ctrl Pts',(220.461078,100.188014999999,1.6));
#11044=CARTESIAN_POINT('Ctrl Pts',(220.554847,100.094246999999,0.));
#11045=CARTESIAN_POINT('Ctrl Pts',(220.554847,100.094246999999,1.6));
#11046=CARTESIAN_POINT('',(220.4084,100.447799999999,1.6));
#11047=CARTESIAN_POINT('',(220.4084,100.447799999999,0.));
#11048=CARTESIAN_POINT('Ctrl Pts',(220.4084,100.447799999999,1.6));
#11049=CARTESIAN_POINT('Ctrl Pts',(220.4084,100.315191999999,1.6));
#11050=CARTESIAN_POINT('Ctrl Pts',(220.461078,100.188014999999,1.6));
#11051=CARTESIAN_POINT('Ctrl Pts',(220.554847,100.094246999999,1.6));
#11052=CARTESIAN_POINT('Origin',(220.4084,113.347799999999,0.));
#11053=CARTESIAN_POINT('',(220.4084,113.347799999999,1.6));
#11054=CARTESIAN_POINT('',(220.4084,113.347799999999,0.));
#11055=CARTESIAN_POINT('',(220.4084,113.347799999999,1.6));
#11056=CARTESIAN_POINT('Ctrl Pts',(220.554847,113.701352999999,0.));
#11057=CARTESIAN_POINT('Ctrl Pts',(220.554847,113.701352999999,1.6));
#11058=CARTESIAN_POINT('Ctrl Pts',(220.461078,113.607584999999,0.));
#11059=CARTESIAN_POINT('Ctrl Pts',(220.461078,113.607584999999,1.6));
#11060=CARTESIAN_POINT('Ctrl Pts',(220.4084,113.480407999999,0.));
#11061=CARTESIAN_POINT('Ctrl Pts',(220.4084,113.480407999999,1.6));
#11062=CARTESIAN_POINT('Ctrl Pts',(220.4084,113.347799999999,0.));
#11063=CARTESIAN_POINT('Ctrl Pts',(220.4084,113.347799999999,1.6));
#11064=CARTESIAN_POINT('',(220.554847,113.701352999999,1.6));
#11065=CARTESIAN_POINT('',(220.554847,113.701352999999,0.));
#11066=CARTESIAN_POINT('Ctrl Pts',(220.554847,113.701352999999,1.6));
#11067=CARTESIAN_POINT('Ctrl Pts',(220.461078,113.607584999999,1.6));
#11068=CARTESIAN_POINT('Ctrl Pts',(220.4084,113.480407999999,1.6));
#11069=CARTESIAN_POINT('Ctrl Pts',(220.4084,113.347799999999,1.6));
#11070=CARTESIAN_POINT('Ctrl Pts',(220.9084,113.847799999999,0.));
#11071=CARTESIAN_POINT('Ctrl Pts',(220.9084,113.847799999999,1.6));
#11072=CARTESIAN_POINT('Ctrl Pts',(220.775792,113.847799999999,0.));
#11073=CARTESIAN_POINT('Ctrl Pts',(220.775792,113.847799999999,1.6));
#11074=CARTESIAN_POINT('Ctrl Pts',(220.648615,113.795121999999,0.));
#11075=CARTESIAN_POINT('Ctrl Pts',(220.648615,113.795121999999,1.6));
#11076=CARTESIAN_POINT('Ctrl Pts',(220.554847,113.701352999999,0.));
#11077=CARTESIAN_POINT('Ctrl Pts',(220.554847,113.701352999999,1.6));
#11078=CARTESIAN_POINT('Ctrl Pts',(220.9084,113.847799999999,1.6));
#11079=CARTESIAN_POINT('Ctrl Pts',(220.775792,113.847799999999,1.6));
#11080=CARTESIAN_POINT('Ctrl Pts',(220.648615,113.795121999999,1.6));
#11081=CARTESIAN_POINT('Ctrl Pts',(220.554847,113.701352999999,1.6));
#11082=CARTESIAN_POINT('Origin',(251.8084,117.847799999999,0.));
#11083=CARTESIAN_POINT('',(251.8084,117.847799999999,1.6));
#11084=CARTESIAN_POINT('',(251.8084,117.847799999999,0.));
#11085=CARTESIAN_POINT('',(238.9084,117.847799999999,1.6));
#11086=CARTESIAN_POINT('',(251.8084,117.847799999999,1.6));
#11087=CARTESIAN_POINT('',(238.9084,117.847799999999,0.));
#11088=CARTESIAN_POINT('Ctrl Pts',(252.161953,117.701352999999,0.));
#11089=CARTESIAN_POINT('Ctrl Pts',(252.161953,117.701352999999,1.6));
#11090=CARTESIAN_POINT('Ctrl Pts',(252.068185,117.795121999999,0.));
#11091=CARTESIAN_POINT('Ctrl Pts',(252.068185,117.795121999999,1.6));
#11092=CARTESIAN_POINT('Ctrl Pts',(251.941008,117.847799999999,0.));
#11093=CARTESIAN_POINT('Ctrl Pts',(251.941008,117.847799999999,1.6));
#11094=CARTESIAN_POINT('Ctrl Pts',(251.8084,117.847799999999,0.));
#11095=CARTESIAN_POINT('Ctrl Pts',(251.8084,117.847799999999,1.6));
#11096=CARTESIAN_POINT('',(252.161953,117.701352999999,1.6));
#11097=CARTESIAN_POINT('',(252.161953,117.701352999999,0.));
#11098=CARTESIAN_POINT('Ctrl Pts',(252.161953,117.701352999999,1.6));
#11099=CARTESIAN_POINT('Ctrl Pts',(252.068185,117.795121999999,1.6));
#11100=CARTESIAN_POINT('Ctrl Pts',(251.941008,117.847799999999,1.6));
#11101=CARTESIAN_POINT('Ctrl Pts',(251.8084,117.847799999999,1.6));
#11102=CARTESIAN_POINT('Ctrl Pts',(252.3084,117.347799999999,0.));
#11103=CARTESIAN_POINT('Ctrl Pts',(252.3084,117.347799999999,1.6));
#11104=CARTESIAN_POINT('Ctrl Pts',(252.3084,117.480407999999,0.));
#11105=CARTESIAN_POINT('Ctrl Pts',(252.3084,117.480407999999,1.6));
#11106=CARTESIAN_POINT('Ctrl Pts',(252.255722,117.607584999999,0.));
#11107=CARTESIAN_POINT('Ctrl Pts',(252.255722,117.607584999999,1.6));
#11108=CARTESIAN_POINT('Ctrl Pts',(252.161953,117.701352999999,0.));
#11109=CARTESIAN_POINT('Ctrl Pts',(252.161953,117.701352999999,1.6));
#11110=CARTESIAN_POINT('',(252.3084,117.347799999999,1.6));
#11111=CARTESIAN_POINT('',(252.3084,117.347799999999,0.));
#11112=CARTESIAN_POINT('Ctrl Pts',(252.3084,117.347799999999,1.6));
#11113=CARTESIAN_POINT('Ctrl Pts',(252.3084,117.480407999999,1.6));
#11114=CARTESIAN_POINT('Ctrl Pts',(252.255722,117.607584999999,1.6));
#11115=CARTESIAN_POINT('Ctrl Pts',(252.161953,117.701352999999,1.6));
#11116=CARTESIAN_POINT('Origin',(252.3084,104.447799999999,0.));
#11117=CARTESIAN_POINT('',(252.3084,104.447799999999,1.6));
#11118=CARTESIAN_POINT('',(252.3084,104.447799999999,0.));
#11119=CARTESIAN_POINT('',(252.3084,104.447799999999,1.6));
#11120=CARTESIAN_POINT('Ctrl Pts',(252.161953,104.094246999999,0.));
#11121=CARTESIAN_POINT('Ctrl Pts',(252.161953,104.094246999999,1.6));
#11122=CARTESIAN_POINT('Ctrl Pts',(252.255722,104.188014999999,0.));
#11123=CARTESIAN_POINT('Ctrl Pts',(252.255722,104.188014999999,1.6));
#11124=CARTESIAN_POINT('Ctrl Pts',(252.3084,104.315191999999,0.));
#11125=CARTESIAN_POINT('Ctrl Pts',(252.3084,104.315191999999,1.6));
#11126=CARTESIAN_POINT('Ctrl Pts',(252.3084,104.447799999999,0.));
#11127=CARTESIAN_POINT('Ctrl Pts',(252.3084,104.447799999999,1.6));
#11128=CARTESIAN_POINT('',(252.161953,104.094246999999,1.6));
#11129=CARTESIAN_POINT('',(252.161953,104.094246999999,0.));
#11130=CARTESIAN_POINT('Ctrl Pts',(252.161953,104.094246999999,1.6));
#11131=CARTESIAN_POINT('Ctrl Pts',(252.255722,104.188014999999,1.6));
#11132=CARTESIAN_POINT('Ctrl Pts',(252.3084,104.315191999999,1.6));
#11133=CARTESIAN_POINT('Ctrl Pts',(252.3084,104.447799999999,1.6));
#11134=CARTESIAN_POINT('Ctrl Pts',(251.8084,103.947799999999,0.));
#11135=CARTESIAN_POINT('Ctrl Pts',(251.8084,103.947799999999,1.6));
#11136=CARTESIAN_POINT('Ctrl Pts',(251.941008,103.947799999999,0.));
#11137=CARTESIAN_POINT('Ctrl Pts',(251.941008,103.947799999999,1.6));
#11138=CARTESIAN_POINT('Ctrl Pts',(252.068185,104.000477999999,0.));
#11139=CARTESIAN_POINT('Ctrl Pts',(252.068185,104.000477999999,1.6));
#11140=CARTESIAN_POINT('Ctrl Pts',(252.161953,104.094246999999,0.));
#11141=CARTESIAN_POINT('Ctrl Pts',(252.161953,104.094246999999,1.6));
#11142=CARTESIAN_POINT('',(251.8084,103.947799999999,1.6));
#11143=CARTESIAN_POINT('',(251.8084,103.947799999999,0.));
#11144=CARTESIAN_POINT('Ctrl Pts',(251.8084,103.947799999999,1.6));
#11145=CARTESIAN_POINT('Ctrl Pts',(251.941008,103.947799999999,1.6));
#11146=CARTESIAN_POINT('Ctrl Pts',(252.068185,104.000477999999,1.6));
#11147=CARTESIAN_POINT('Ctrl Pts',(252.161953,104.094246999999,1.6));
#11148=CARTESIAN_POINT('Origin',(238.9084,103.947799999999,0.));
#11149=CARTESIAN_POINT('',(238.9084,103.947799999999,1.6));
#11150=CARTESIAN_POINT('',(238.9084,103.947799999999,0.));
#11151=CARTESIAN_POINT('',(238.9084,103.947799999999,1.6));
#11152=CARTESIAN_POINT('Ctrl Pts',(238.554847,104.094246999999,0.));
#11153=CARTESIAN_POINT('Ctrl Pts',(238.554847,104.094246999999,1.6));
#11154=CARTESIAN_POINT('Ctrl Pts',(238.648615,104.000477999999,0.));
#11155=CARTESIAN_POINT('Ctrl Pts',(238.648615,104.000477999999,1.6));
#11156=CARTESIAN_POINT('Ctrl Pts',(238.775792,103.947799999999,0.));
#11157=CARTESIAN_POINT('Ctrl Pts',(238.775792,103.947799999999,1.6));
#11158=CARTESIAN_POINT('Ctrl Pts',(238.9084,103.947799999999,0.));
#11159=CARTESIAN_POINT('Ctrl Pts',(238.9084,103.947799999999,1.6));
#11160=CARTESIAN_POINT('',(238.554847,104.094246999999,1.6));
#11161=CARTESIAN_POINT('',(238.554847,104.094246999999,0.));
#11162=CARTESIAN_POINT('Ctrl Pts',(238.554847,104.094246999999,1.6));
#11163=CARTESIAN_POINT('Ctrl Pts',(238.648615,104.000477999999,1.6));
#11164=CARTESIAN_POINT('Ctrl Pts',(238.775792,103.947799999999,1.6));
#11165=CARTESIAN_POINT('Ctrl Pts',(238.9084,103.947799999999,1.6));
#11166=CARTESIAN_POINT('Ctrl Pts',(238.4084,104.447799999999,0.));
#11167=CARTESIAN_POINT('Ctrl Pts',(238.4084,104.447799999999,1.6));
#11168=CARTESIAN_POINT('Ctrl Pts',(238.4084,104.315191999999,0.));
#11169=CARTESIAN_POINT('Ctrl Pts',(238.4084,104.315191999999,1.6));
#11170=CARTESIAN_POINT('Ctrl Pts',(238.461078,104.188014999999,0.));
#11171=CARTESIAN_POINT('Ctrl Pts',(238.461078,104.188014999999,1.6));
#11172=CARTESIAN_POINT('Ctrl Pts',(238.554847,104.094246999999,0.));
#11173=CARTESIAN_POINT('Ctrl Pts',(238.554847,104.094246999999,1.6));
#11174=CARTESIAN_POINT('',(238.4084,104.447799999999,1.6));
#11175=CARTESIAN_POINT('',(238.4084,104.447799999999,0.));
#11176=CARTESIAN_POINT('Ctrl Pts',(238.4084,104.447799999999,1.6));
#11177=CARTESIAN_POINT('Ctrl Pts',(238.4084,104.315191999999,1.6));
#11178=CARTESIAN_POINT('Ctrl Pts',(238.461078,104.188014999999,1.6));
#11179=CARTESIAN_POINT('Ctrl Pts',(238.554847,104.094246999999,1.6));
#11180=CARTESIAN_POINT('Origin',(238.4084,117.347799999999,0.));
#11181=CARTESIAN_POINT('',(238.4084,117.347799999999,1.6));
#11182=CARTESIAN_POINT('',(238.4084,117.347799999999,0.));
#11183=CARTESIAN_POINT('',(238.4084,117.347799999999,1.6));
#11184=CARTESIAN_POINT('Ctrl Pts',(238.554847,117.701352999999,0.));
#11185=CARTESIAN_POINT('Ctrl Pts',(238.554847,117.701352999999,1.6));
#11186=CARTESIAN_POINT('Ctrl Pts',(238.461078,117.607584999999,0.));
#11187=CARTESIAN_POINT('Ctrl Pts',(238.461078,117.607584999999,1.6));
#11188=CARTESIAN_POINT('Ctrl Pts',(238.4084,117.480407999999,0.));
#11189=CARTESIAN_POINT('Ctrl Pts',(238.4084,117.480407999999,1.6));
#11190=CARTESIAN_POINT('Ctrl Pts',(238.4084,117.347799999999,0.));
#11191=CARTESIAN_POINT('Ctrl Pts',(238.4084,117.347799999999,1.6));
#11192=CARTESIAN_POINT('',(238.554847,117.701352999999,1.6));
#11193=CARTESIAN_POINT('',(238.554847,117.701352999999,0.));
#11194=CARTESIAN_POINT('Ctrl Pts',(238.554847,117.701352999999,1.6));
#11195=CARTESIAN_POINT('Ctrl Pts',(238.461078,117.607584999999,1.6));
#11196=CARTESIAN_POINT('Ctrl Pts',(238.4084,117.480407999999,1.6));
#11197=CARTESIAN_POINT('Ctrl Pts',(238.4084,117.347799999999,1.6));
#11198=CARTESIAN_POINT('Ctrl Pts',(238.9084,117.847799999999,0.));
#11199=CARTESIAN_POINT('Ctrl Pts',(238.9084,117.847799999999,1.6));
#11200=CARTESIAN_POINT('Ctrl Pts',(238.775792,117.847799999999,0.));
#11201=CARTESIAN_POINT('Ctrl Pts',(238.775792,117.847799999999,1.6));
#11202=CARTESIAN_POINT('Ctrl Pts',(238.648615,117.795121999999,0.));
#11203=CARTESIAN_POINT('Ctrl Pts',(238.648615,117.795121999999,1.6));
#11204=CARTESIAN_POINT('Ctrl Pts',(238.554847,117.701352999999,0.));
#11205=CARTESIAN_POINT('Ctrl Pts',(238.554847,117.701352999999,1.6));
#11206=CARTESIAN_POINT('Ctrl Pts',(238.9084,117.847799999999,1.6));
#11207=CARTESIAN_POINT('Ctrl Pts',(238.775792,117.847799999999,1.6));
#11208=CARTESIAN_POINT('Ctrl Pts',(238.648615,117.795121999999,1.6));
#11209=CARTESIAN_POINT('Ctrl Pts',(238.554847,117.701352999999,1.6));
#11210=CARTESIAN_POINT('Origin',(233.8334,83.8727678522413,0.));
#11211=CARTESIAN_POINT('',(235.0834,83.8727678522412,1.6));
#11212=CARTESIAN_POINT('Origin',(233.8334,83.8727678522413,1.6));
#11213=CARTESIAN_POINT('',(235.0834,83.8727678522412,0.));
#11214=CARTESIAN_POINT('Origin',(179.8084,141.6928,0.));
#11215=CARTESIAN_POINT('',(179.8084,141.6928,1.6));
#11216=CARTESIAN_POINT('',(179.8084,141.6928,0.));
#11217=CARTESIAN_POINT('',(166.9084,141.6928,1.6));
#11218=CARTESIAN_POINT('',(179.8084,141.6928,1.6));
#11219=CARTESIAN_POINT('',(166.9084,141.6928,0.));
#11220=CARTESIAN_POINT('Ctrl Pts',(180.161953,141.546353,0.));
#11221=CARTESIAN_POINT('Ctrl Pts',(180.161953,141.546353,1.6));
#11222=CARTESIAN_POINT('Ctrl Pts',(180.068185,141.640122,0.));
#11223=CARTESIAN_POINT('Ctrl Pts',(180.068185,141.640122,1.6));
#11224=CARTESIAN_POINT('Ctrl Pts',(179.941008,141.6928,0.));
#11225=CARTESIAN_POINT('Ctrl Pts',(179.941008,141.6928,1.6));
#11226=CARTESIAN_POINT('Ctrl Pts',(179.8084,141.6928,0.));
#11227=CARTESIAN_POINT('Ctrl Pts',(179.8084,141.6928,1.6));
#11228=CARTESIAN_POINT('',(180.161953,141.546353,1.6));
#11229=CARTESIAN_POINT('',(180.161953,141.546353,0.));
#11230=CARTESIAN_POINT('Ctrl Pts',(180.161953,141.546353,1.6));
#11231=CARTESIAN_POINT('Ctrl Pts',(180.068185,141.640122,1.6));
#11232=CARTESIAN_POINT('Ctrl Pts',(179.941008,141.6928,1.6));
#11233=CARTESIAN_POINT('Ctrl Pts',(179.8084,141.6928,1.6));
#11234=CARTESIAN_POINT('Ctrl Pts',(180.3084,141.1928,0.));
#11235=CARTESIAN_POINT('Ctrl Pts',(180.3084,141.1928,1.6));
#11236=CARTESIAN_POINT('Ctrl Pts',(180.3084,141.325408,0.));
#11237=CARTESIAN_POINT('Ctrl Pts',(180.3084,141.325408,1.6));
#11238=CARTESIAN_POINT('Ctrl Pts',(180.255722,141.452585,0.));
#11239=CARTESIAN_POINT('Ctrl Pts',(180.255722,141.452585,1.6));
#11240=CARTESIAN_POINT('Ctrl Pts',(180.161953,141.546353,0.));
#11241=CARTESIAN_POINT('Ctrl Pts',(180.161953,141.546353,1.6));
#11242=CARTESIAN_POINT('',(180.3084,141.1928,1.6));
#11243=CARTESIAN_POINT('',(180.3084,141.1928,0.));
#11244=CARTESIAN_POINT('Ctrl Pts',(180.3084,141.1928,1.6));
#11245=CARTESIAN_POINT('Ctrl Pts',(180.3084,141.325408,1.6));
#11246=CARTESIAN_POINT('Ctrl Pts',(180.255722,141.452585,1.6));
#11247=CARTESIAN_POINT('Ctrl Pts',(180.161953,141.546353,1.6));
#11248=CARTESIAN_POINT('Origin',(180.3084,128.2928,0.));
#11249=CARTESIAN_POINT('',(180.3084,128.2928,1.6));
#11250=CARTESIAN_POINT('',(180.3084,128.2928,0.));
#11251=CARTESIAN_POINT('',(180.3084,128.2928,1.6));
#11252=CARTESIAN_POINT('Ctrl Pts',(180.161953,127.939247,0.));
#11253=CARTESIAN_POINT('Ctrl Pts',(180.161953,127.939247,1.6));
#11254=CARTESIAN_POINT('Ctrl Pts',(180.255722,128.033015,0.));
#11255=CARTESIAN_POINT('Ctrl Pts',(180.255722,128.033015,1.6));
#11256=CARTESIAN_POINT('Ctrl Pts',(180.3084,128.160192,0.));
#11257=CARTESIAN_POINT('Ctrl Pts',(180.3084,128.160192,1.6));
#11258=CARTESIAN_POINT('Ctrl Pts',(180.3084,128.2928,0.));
#11259=CARTESIAN_POINT('Ctrl Pts',(180.3084,128.2928,1.6));
#11260=CARTESIAN_POINT('',(180.161953,127.939247,1.6));
#11261=CARTESIAN_POINT('',(180.161953,127.939247,0.));
#11262=CARTESIAN_POINT('Ctrl Pts',(180.161953,127.939247,1.6));
#11263=CARTESIAN_POINT('Ctrl Pts',(180.255722,128.033015,1.6));
#11264=CARTESIAN_POINT('Ctrl Pts',(180.3084,128.160192,1.6));
#11265=CARTESIAN_POINT('Ctrl Pts',(180.3084,128.2928,1.6));
#11266=CARTESIAN_POINT('Ctrl Pts',(179.8084,127.7928,0.));
#11267=CARTESIAN_POINT('Ctrl Pts',(179.8084,127.7928,1.6));
#11268=CARTESIAN_POINT('Ctrl Pts',(179.941008,127.7928,0.));
#11269=CARTESIAN_POINT('Ctrl Pts',(179.941008,127.7928,1.6));
#11270=CARTESIAN_POINT('Ctrl Pts',(180.068185,127.845478,0.));
#11271=CARTESIAN_POINT('Ctrl Pts',(180.068185,127.845478,1.6));
#11272=CARTESIAN_POINT('Ctrl Pts',(180.161953,127.939247,0.));
#11273=CARTESIAN_POINT('Ctrl Pts',(180.161953,127.939247,1.6));
#11274=CARTESIAN_POINT('',(179.8084,127.7928,1.6));
#11275=CARTESIAN_POINT('',(179.8084,127.7928,0.));
#11276=CARTESIAN_POINT('Ctrl Pts',(179.8084,127.7928,1.6));
#11277=CARTESIAN_POINT('Ctrl Pts',(179.941008,127.7928,1.6));
#11278=CARTESIAN_POINT('Ctrl Pts',(180.068185,127.845478,1.6));
#11279=CARTESIAN_POINT('Ctrl Pts',(180.161953,127.939247,1.6));
#11280=CARTESIAN_POINT('Origin',(166.9084,127.7928,0.));
#11281=CARTESIAN_POINT('',(166.9084,127.7928,1.6));
#11282=CARTESIAN_POINT('',(166.9084,127.7928,0.));
#11283=CARTESIAN_POINT('',(166.9084,127.7928,1.6));
#11284=CARTESIAN_POINT('Ctrl Pts',(166.554847,127.939247,0.));
#11285=CARTESIAN_POINT('Ctrl Pts',(166.554847,127.939247,1.6));
#11286=CARTESIAN_POINT('Ctrl Pts',(166.648615,127.845478,0.));
#11287=CARTESIAN_POINT('Ctrl Pts',(166.648615,127.845478,1.6));
#11288=CARTESIAN_POINT('Ctrl Pts',(166.775792,127.7928,0.));
#11289=CARTESIAN_POINT('Ctrl Pts',(166.775792,127.7928,1.6));
#11290=CARTESIAN_POINT('Ctrl Pts',(166.9084,127.7928,0.));
#11291=CARTESIAN_POINT('Ctrl Pts',(166.9084,127.7928,1.6));
#11292=CARTESIAN_POINT('',(166.554847,127.939247,1.6));
#11293=CARTESIAN_POINT('',(166.554847,127.939247,0.));
#11294=CARTESIAN_POINT('Ctrl Pts',(166.554847,127.939247,1.6));
#11295=CARTESIAN_POINT('Ctrl Pts',(166.648615,127.845478,1.6));
#11296=CARTESIAN_POINT('Ctrl Pts',(166.775792,127.7928,1.6));
#11297=CARTESIAN_POINT('Ctrl Pts',(166.9084,127.7928,1.6));
#11298=CARTESIAN_POINT('Ctrl Pts',(166.4084,128.2928,0.));
#11299=CARTESIAN_POINT('Ctrl Pts',(166.4084,128.2928,1.6));
#11300=CARTESIAN_POINT('Ctrl Pts',(166.4084,128.160192,0.));
#11301=CARTESIAN_POINT('Ctrl Pts',(166.4084,128.160192,1.6));
#11302=CARTESIAN_POINT('Ctrl Pts',(166.461078,128.033015,0.));
#11303=CARTESIAN_POINT('Ctrl Pts',(166.461078,128.033015,1.6));
#11304=CARTESIAN_POINT('Ctrl Pts',(166.554847,127.939247,0.));
#11305=CARTESIAN_POINT('Ctrl Pts',(166.554847,127.939247,1.6));
#11306=CARTESIAN_POINT('',(166.4084,128.2928,1.6));
#11307=CARTESIAN_POINT('',(166.4084,128.2928,0.));
#11308=CARTESIAN_POINT('Ctrl Pts',(166.4084,128.2928,1.6));
#11309=CARTESIAN_POINT('Ctrl Pts',(166.4084,128.160192,1.6));
#11310=CARTESIAN_POINT('Ctrl Pts',(166.461078,128.033015,1.6));
#11311=CARTESIAN_POINT('Ctrl Pts',(166.554847,127.939247,1.6));
#11312=CARTESIAN_POINT('Origin',(166.4084,141.1928,0.));
#11313=CARTESIAN_POINT('',(166.4084,141.1928,1.6));
#11314=CARTESIAN_POINT('',(166.4084,141.1928,0.));
#11315=CARTESIAN_POINT('',(166.4084,141.1928,1.6));
#11316=CARTESIAN_POINT('Ctrl Pts',(166.554847,141.546353,0.));
#11317=CARTESIAN_POINT('Ctrl Pts',(166.554847,141.546353,1.6));
#11318=CARTESIAN_POINT('Ctrl Pts',(166.461078,141.452585,0.));
#11319=CARTESIAN_POINT('Ctrl Pts',(166.461078,141.452585,1.6));
#11320=CARTESIAN_POINT('Ctrl Pts',(166.4084,141.325408,0.));
#11321=CARTESIAN_POINT('Ctrl Pts',(166.4084,141.325408,1.6));
#11322=CARTESIAN_POINT('Ctrl Pts',(166.4084,141.1928,0.));
#11323=CARTESIAN_POINT('Ctrl Pts',(166.4084,141.1928,1.6));
#11324=CARTESIAN_POINT('',(166.554847,141.546353,1.6));
#11325=CARTESIAN_POINT('',(166.554847,141.546353,0.));
#11326=CARTESIAN_POINT('Ctrl Pts',(166.554847,141.546353,1.6));
#11327=CARTESIAN_POINT('Ctrl Pts',(166.461078,141.452585,1.6));
#11328=CARTESIAN_POINT('Ctrl Pts',(166.4084,141.325408,1.6));
#11329=CARTESIAN_POINT('Ctrl Pts',(166.4084,141.1928,1.6));
#11330=CARTESIAN_POINT('Ctrl Pts',(166.9084,141.6928,0.));
#11331=CARTESIAN_POINT('Ctrl Pts',(166.9084,141.6928,1.6));
#11332=CARTESIAN_POINT('Ctrl Pts',(166.775792,141.6928,0.));
#11333=CARTESIAN_POINT('Ctrl Pts',(166.775792,141.6928,1.6));
#11334=CARTESIAN_POINT('Ctrl Pts',(166.648615,141.640122,0.));
#11335=CARTESIAN_POINT('Ctrl Pts',(166.648615,141.640122,1.6));
#11336=CARTESIAN_POINT('Ctrl Pts',(166.554847,141.546353,0.));
#11337=CARTESIAN_POINT('Ctrl Pts',(166.554847,141.546353,1.6));
#11338=CARTESIAN_POINT('Ctrl Pts',(166.9084,141.6928,1.6));
#11339=CARTESIAN_POINT('Ctrl Pts',(166.775792,141.6928,1.6));
#11340=CARTESIAN_POINT('Ctrl Pts',(166.648615,141.640122,1.6));
#11341=CARTESIAN_POINT('Ctrl Pts',(166.554847,141.546353,1.6));
#11342=CARTESIAN_POINT('Origin',(158.8683,77.9630678522418,0.));
#11343=CARTESIAN_POINT('',(160.1183,77.9630678522418,1.6));
#11344=CARTESIAN_POINT('Origin',(158.8683,77.9630678522418,1.6));
#11345=CARTESIAN_POINT('',(160.1183,77.9630678522418,0.));
#11346=CARTESIAN_POINT('Origin',(197.8084,132.8478,0.));
#11347=CARTESIAN_POINT('',(197.8084,132.8478,1.6));
#11348=CARTESIAN_POINT('',(197.8084,132.8478,0.));
#11349=CARTESIAN_POINT('',(184.9084,132.8478,1.6));
#11350=CARTESIAN_POINT('',(197.8084,132.8478,1.6));
#11351=CARTESIAN_POINT('',(184.9084,132.8478,0.));
#11352=CARTESIAN_POINT('Ctrl Pts',(198.161953,132.701353,0.));
#11353=CARTESIAN_POINT('Ctrl Pts',(198.161953,132.701353,1.6));
#11354=CARTESIAN_POINT('Ctrl Pts',(198.068185,132.795122,0.));
#11355=CARTESIAN_POINT('Ctrl Pts',(198.068185,132.795122,1.6));
#11356=CARTESIAN_POINT('Ctrl Pts',(197.941008,132.8478,0.));
#11357=CARTESIAN_POINT('Ctrl Pts',(197.941008,132.8478,1.6));
#11358=CARTESIAN_POINT('Ctrl Pts',(197.8084,132.8478,0.));
#11359=CARTESIAN_POINT('Ctrl Pts',(197.8084,132.8478,1.6));
#11360=CARTESIAN_POINT('',(198.161953,132.701353,1.6));
#11361=CARTESIAN_POINT('',(198.161953,132.701353,0.));
#11362=CARTESIAN_POINT('Ctrl Pts',(198.161953,132.701353,1.6));
#11363=CARTESIAN_POINT('Ctrl Pts',(198.068185,132.795122,1.6));
#11364=CARTESIAN_POINT('Ctrl Pts',(197.941008,132.8478,1.6));
#11365=CARTESIAN_POINT('Ctrl Pts',(197.8084,132.8478,1.6));
#11366=CARTESIAN_POINT('Ctrl Pts',(198.3084,132.3478,0.));
#11367=CARTESIAN_POINT('Ctrl Pts',(198.3084,132.3478,1.6));
#11368=CARTESIAN_POINT('Ctrl Pts',(198.3084,132.480408,0.));
#11369=CARTESIAN_POINT('Ctrl Pts',(198.3084,132.480408,1.6));
#11370=CARTESIAN_POINT('Ctrl Pts',(198.255722,132.607585,0.));
#11371=CARTESIAN_POINT('Ctrl Pts',(198.255722,132.607585,1.6));
#11372=CARTESIAN_POINT('Ctrl Pts',(198.161953,132.701353,0.));
#11373=CARTESIAN_POINT('Ctrl Pts',(198.161953,132.701353,1.6));
#11374=CARTESIAN_POINT('',(198.3084,132.3478,1.6));
#11375=CARTESIAN_POINT('',(198.3084,132.3478,0.));
#11376=CARTESIAN_POINT('Ctrl Pts',(198.3084,132.3478,1.6));
#11377=CARTESIAN_POINT('Ctrl Pts',(198.3084,132.480408,1.6));
#11378=CARTESIAN_POINT('Ctrl Pts',(198.255722,132.607585,1.6));
#11379=CARTESIAN_POINT('Ctrl Pts',(198.161953,132.701353,1.6));
#11380=CARTESIAN_POINT('Origin',(198.3084,119.4478,0.));
#11381=CARTESIAN_POINT('',(198.3084,119.4478,1.6));
#11382=CARTESIAN_POINT('',(198.3084,119.4478,0.));
#11383=CARTESIAN_POINT('',(198.3084,119.4478,1.6));
#11384=CARTESIAN_POINT('Ctrl Pts',(198.161953,119.094247,0.));
#11385=CARTESIAN_POINT('Ctrl Pts',(198.161953,119.094247,1.6));
#11386=CARTESIAN_POINT('Ctrl Pts',(198.255722,119.188015,0.));
#11387=CARTESIAN_POINT('Ctrl Pts',(198.255722,119.188015,1.6));
#11388=CARTESIAN_POINT('Ctrl Pts',(198.3084,119.315192,0.));
#11389=CARTESIAN_POINT('Ctrl Pts',(198.3084,119.315192,1.6));
#11390=CARTESIAN_POINT('Ctrl Pts',(198.3084,119.4478,0.));
#11391=CARTESIAN_POINT('Ctrl Pts',(198.3084,119.4478,1.6));
#11392=CARTESIAN_POINT('',(198.161953,119.094247,1.6));
#11393=CARTESIAN_POINT('',(198.161953,119.094247,0.));
#11394=CARTESIAN_POINT('Ctrl Pts',(198.161953,119.094247,1.6));
#11395=CARTESIAN_POINT('Ctrl Pts',(198.255722,119.188015,1.6));
#11396=CARTESIAN_POINT('Ctrl Pts',(198.3084,119.315192,1.6));
#11397=CARTESIAN_POINT('Ctrl Pts',(198.3084,119.4478,1.6));
#11398=CARTESIAN_POINT('Ctrl Pts',(197.8084,118.9478,0.));
#11399=CARTESIAN_POINT('Ctrl Pts',(197.8084,118.9478,1.6));
#11400=CARTESIAN_POINT('Ctrl Pts',(197.941008,118.9478,0.));
#11401=CARTESIAN_POINT('Ctrl Pts',(197.941008,118.9478,1.6));
#11402=CARTESIAN_POINT('Ctrl Pts',(198.068185,119.000478,0.));
#11403=CARTESIAN_POINT('Ctrl Pts',(198.068185,119.000478,1.6));
#11404=CARTESIAN_POINT('Ctrl Pts',(198.161953,119.094247,0.));
#11405=CARTESIAN_POINT('Ctrl Pts',(198.161953,119.094247,1.6));
#11406=CARTESIAN_POINT('',(197.8084,118.9478,1.6));
#11407=CARTESIAN_POINT('',(197.8084,118.9478,0.));
#11408=CARTESIAN_POINT('Ctrl Pts',(197.8084,118.9478,1.6));
#11409=CARTESIAN_POINT('Ctrl Pts',(197.941008,118.9478,1.6));
#11410=CARTESIAN_POINT('Ctrl Pts',(198.068185,119.000478,1.6));
#11411=CARTESIAN_POINT('Ctrl Pts',(198.161953,119.094247,1.6));
#11412=CARTESIAN_POINT('Origin',(184.9084,118.9478,0.));
#11413=CARTESIAN_POINT('',(184.9084,118.9478,1.6));
#11414=CARTESIAN_POINT('',(184.9084,118.9478,0.));
#11415=CARTESIAN_POINT('',(184.9084,118.9478,1.6));
#11416=CARTESIAN_POINT('Ctrl Pts',(184.554847,119.094247,0.));
#11417=CARTESIAN_POINT('Ctrl Pts',(184.554847,119.094247,1.6));
#11418=CARTESIAN_POINT('Ctrl Pts',(184.648615,119.000478,0.));
#11419=CARTESIAN_POINT('Ctrl Pts',(184.648615,119.000478,1.6));
#11420=CARTESIAN_POINT('Ctrl Pts',(184.775792,118.9478,0.));
#11421=CARTESIAN_POINT('Ctrl Pts',(184.775792,118.9478,1.6));
#11422=CARTESIAN_POINT('Ctrl Pts',(184.9084,118.9478,0.));
#11423=CARTESIAN_POINT('Ctrl Pts',(184.9084,118.9478,1.6));
#11424=CARTESIAN_POINT('',(184.554847,119.094247,1.6));
#11425=CARTESIAN_POINT('',(184.554847,119.094247,0.));
#11426=CARTESIAN_POINT('Ctrl Pts',(184.554847,119.094247,1.6));
#11427=CARTESIAN_POINT('Ctrl Pts',(184.648615,119.000478,1.6));
#11428=CARTESIAN_POINT('Ctrl Pts',(184.775792,118.9478,1.6));
#11429=CARTESIAN_POINT('Ctrl Pts',(184.9084,118.9478,1.6));
#11430=CARTESIAN_POINT('Ctrl Pts',(184.4084,119.4478,0.));
#11431=CARTESIAN_POINT('Ctrl Pts',(184.4084,119.4478,1.6));
#11432=CARTESIAN_POINT('Ctrl Pts',(184.4084,119.315192,0.));
#11433=CARTESIAN_POINT('Ctrl Pts',(184.4084,119.315192,1.6));
#11434=CARTESIAN_POINT('Ctrl Pts',(184.461078,119.188015,0.));
#11435=CARTESIAN_POINT('Ctrl Pts',(184.461078,119.188015,1.6));
#11436=CARTESIAN_POINT('Ctrl Pts',(184.554847,119.094247,0.));
#11437=CARTESIAN_POINT('Ctrl Pts',(184.554847,119.094247,1.6));
#11438=CARTESIAN_POINT('',(184.4084,119.4478,1.6));
#11439=CARTESIAN_POINT('',(184.4084,119.4478,0.));
#11440=CARTESIAN_POINT('Ctrl Pts',(184.4084,119.4478,1.6));
#11441=CARTESIAN_POINT('Ctrl Pts',(184.4084,119.315192,1.6));
#11442=CARTESIAN_POINT('Ctrl Pts',(184.461078,119.188015,1.6));
#11443=CARTESIAN_POINT('Ctrl Pts',(184.554847,119.094247,1.6));
#11444=CARTESIAN_POINT('Origin',(184.4084,132.3478,0.));
#11445=CARTESIAN_POINT('',(184.4084,132.3478,1.6));
#11446=CARTESIAN_POINT('',(184.4084,132.3478,0.));
#11447=CARTESIAN_POINT('',(184.4084,132.3478,1.6));
#11448=CARTESIAN_POINT('Ctrl Pts',(184.554847,132.701353,0.));
#11449=CARTESIAN_POINT('Ctrl Pts',(184.554847,132.701353,1.6));
#11450=CARTESIAN_POINT('Ctrl Pts',(184.461078,132.607585,0.));
#11451=CARTESIAN_POINT('Ctrl Pts',(184.461078,132.607585,1.6));
#11452=CARTESIAN_POINT('Ctrl Pts',(184.4084,132.480408,0.));
#11453=CARTESIAN_POINT('Ctrl Pts',(184.4084,132.480408,1.6));
#11454=CARTESIAN_POINT('Ctrl Pts',(184.4084,132.3478,0.));
#11455=CARTESIAN_POINT('Ctrl Pts',(184.4084,132.3478,1.6));
#11456=CARTESIAN_POINT('',(184.554847,132.701353,1.6));
#11457=CARTESIAN_POINT('',(184.554847,132.701353,0.));
#11458=CARTESIAN_POINT('Ctrl Pts',(184.554847,132.701353,1.6));
#11459=CARTESIAN_POINT('Ctrl Pts',(184.461078,132.607585,1.6));
#11460=CARTESIAN_POINT('Ctrl Pts',(184.4084,132.480408,1.6));
#11461=CARTESIAN_POINT('Ctrl Pts',(184.4084,132.3478,1.6));
#11462=CARTESIAN_POINT('Ctrl Pts',(184.9084,132.8478,0.));
#11463=CARTESIAN_POINT('Ctrl Pts',(184.9084,132.8478,1.6));
#11464=CARTESIAN_POINT('Ctrl Pts',(184.775792,132.8478,0.));
#11465=CARTESIAN_POINT('Ctrl Pts',(184.775792,132.8478,1.6));
#11466=CARTESIAN_POINT('Ctrl Pts',(184.648615,132.795122,0.));
#11467=CARTESIAN_POINT('Ctrl Pts',(184.648615,132.795122,1.6));
#11468=CARTESIAN_POINT('Ctrl Pts',(184.554847,132.701353,0.));
#11469=CARTESIAN_POINT('Ctrl Pts',(184.554847,132.701353,1.6));
#11470=CARTESIAN_POINT('Ctrl Pts',(184.9084,132.8478,1.6));
#11471=CARTESIAN_POINT('Ctrl Pts',(184.775792,132.8478,1.6));
#11472=CARTESIAN_POINT('Ctrl Pts',(184.648615,132.795122,1.6));
#11473=CARTESIAN_POINT('Ctrl Pts',(184.554847,132.701353,1.6));
#11474=CARTESIAN_POINT('Origin',(215.8084,156.347799999999,0.));
#11475=CARTESIAN_POINT('',(215.8084,156.347799999999,1.6));
#11476=CARTESIAN_POINT('',(215.8084,156.347799999999,0.));
#11477=CARTESIAN_POINT('',(202.9084,156.347799999999,1.6));
#11478=CARTESIAN_POINT('',(215.8084,156.347799999999,1.6));
#11479=CARTESIAN_POINT('',(202.9084,156.347799999999,0.));
#11480=CARTESIAN_POINT('Ctrl Pts',(216.161953,156.201352999999,0.));
#11481=CARTESIAN_POINT('Ctrl Pts',(216.161953,156.201352999999,1.6));
#11482=CARTESIAN_POINT('Ctrl Pts',(216.068185,156.295121999999,0.));
#11483=CARTESIAN_POINT('Ctrl Pts',(216.068185,156.295121999999,1.6));
#11484=CARTESIAN_POINT('Ctrl Pts',(215.941008,156.347799999999,0.));
#11485=CARTESIAN_POINT('Ctrl Pts',(215.941008,156.347799999999,1.6));
#11486=CARTESIAN_POINT('Ctrl Pts',(215.8084,156.347799999999,0.));
#11487=CARTESIAN_POINT('Ctrl Pts',(215.8084,156.347799999999,1.6));
#11488=CARTESIAN_POINT('',(216.161953,156.201352999999,1.6));
#11489=CARTESIAN_POINT('',(216.161953,156.201352999999,0.));
#11490=CARTESIAN_POINT('Ctrl Pts',(216.161953,156.201352999999,1.6));
#11491=CARTESIAN_POINT('Ctrl Pts',(216.068185,156.295121999999,1.6));
#11492=CARTESIAN_POINT('Ctrl Pts',(215.941008,156.347799999999,1.6));
#11493=CARTESIAN_POINT('Ctrl Pts',(215.8084,156.347799999999,1.6));
#11494=CARTESIAN_POINT('Ctrl Pts',(216.3084,155.847799999999,0.));
#11495=CARTESIAN_POINT('Ctrl Pts',(216.3084,155.847799999999,1.6));
#11496=CARTESIAN_POINT('Ctrl Pts',(216.3084,155.980407999999,0.));
#11497=CARTESIAN_POINT('Ctrl Pts',(216.3084,155.980407999999,1.6));
#11498=CARTESIAN_POINT('Ctrl Pts',(216.255722,156.107584999999,0.));
#11499=CARTESIAN_POINT('Ctrl Pts',(216.255722,156.107584999999,1.6));
#11500=CARTESIAN_POINT('Ctrl Pts',(216.161953,156.201352999999,0.));
#11501=CARTESIAN_POINT('Ctrl Pts',(216.161953,156.201352999999,1.6));
#11502=CARTESIAN_POINT('',(216.3084,155.847799999999,1.6));
#11503=CARTESIAN_POINT('',(216.3084,155.847799999999,0.));
#11504=CARTESIAN_POINT('Ctrl Pts',(216.3084,155.847799999999,1.6));
#11505=CARTESIAN_POINT('Ctrl Pts',(216.3084,155.980407999999,1.6));
#11506=CARTESIAN_POINT('Ctrl Pts',(216.255722,156.107584999999,1.6));
#11507=CARTESIAN_POINT('Ctrl Pts',(216.161953,156.201352999999,1.6));
#11508=CARTESIAN_POINT('Origin',(216.3084,142.947799999999,0.));
#11509=CARTESIAN_POINT('',(216.3084,142.947799999999,1.6));
#11510=CARTESIAN_POINT('',(216.3084,142.947799999999,0.));
#11511=CARTESIAN_POINT('',(216.3084,142.947799999999,1.6));
#11512=CARTESIAN_POINT('Ctrl Pts',(216.161953,142.594246999999,0.));
#11513=CARTESIAN_POINT('Ctrl Pts',(216.161953,142.594246999999,1.6));
#11514=CARTESIAN_POINT('Ctrl Pts',(216.255722,142.688014999999,0.));
#11515=CARTESIAN_POINT('Ctrl Pts',(216.255722,142.688014999999,1.6));
#11516=CARTESIAN_POINT('Ctrl Pts',(216.3084,142.815191999999,0.));
#11517=CARTESIAN_POINT('Ctrl Pts',(216.3084,142.815191999999,1.6));
#11518=CARTESIAN_POINT('Ctrl Pts',(216.3084,142.947799999999,0.));
#11519=CARTESIAN_POINT('Ctrl Pts',(216.3084,142.947799999999,1.6));
#11520=CARTESIAN_POINT('',(216.161953,142.594246999999,1.6));
#11521=CARTESIAN_POINT('',(216.161953,142.594246999999,0.));
#11522=CARTESIAN_POINT('Ctrl Pts',(216.161953,142.594246999999,1.6));
#11523=CARTESIAN_POINT('Ctrl Pts',(216.255722,142.688014999999,1.6));
#11524=CARTESIAN_POINT('Ctrl Pts',(216.3084,142.815191999999,1.6));
#11525=CARTESIAN_POINT('Ctrl Pts',(216.3084,142.947799999999,1.6));
#11526=CARTESIAN_POINT('Ctrl Pts',(215.8084,142.447799999999,0.));
#11527=CARTESIAN_POINT('Ctrl Pts',(215.8084,142.447799999999,1.6));
#11528=CARTESIAN_POINT('Ctrl Pts',(215.941008,142.447799999999,0.));
#11529=CARTESIAN_POINT('Ctrl Pts',(215.941008,142.447799999999,1.6));
#11530=CARTESIAN_POINT('Ctrl Pts',(216.068185,142.500477999999,0.));
#11531=CARTESIAN_POINT('Ctrl Pts',(216.068185,142.500477999999,1.6));
#11532=CARTESIAN_POINT('Ctrl Pts',(216.161953,142.594246999999,0.));
#11533=CARTESIAN_POINT('Ctrl Pts',(216.161953,142.594246999999,1.6));
#11534=CARTESIAN_POINT('',(215.8084,142.447799999999,1.6));
#11535=CARTESIAN_POINT('',(215.8084,142.447799999999,0.));
#11536=CARTESIAN_POINT('Ctrl Pts',(215.8084,142.447799999999,1.6));
#11537=CARTESIAN_POINT('Ctrl Pts',(215.941008,142.447799999999,1.6));
#11538=CARTESIAN_POINT('Ctrl Pts',(216.068185,142.500477999999,1.6));
#11539=CARTESIAN_POINT('Ctrl Pts',(216.161953,142.594246999999,1.6));
#11540=CARTESIAN_POINT('Origin',(202.9084,142.447799999999,0.));
#11541=CARTESIAN_POINT('',(202.9084,142.447799999999,1.6));
#11542=CARTESIAN_POINT('',(202.9084,142.447799999999,0.));
#11543=CARTESIAN_POINT('',(202.9084,142.447799999999,1.6));
#11544=CARTESIAN_POINT('Ctrl Pts',(202.554847,142.594246999999,0.));
#11545=CARTESIAN_POINT('Ctrl Pts',(202.554847,142.594246999999,1.6));
#11546=CARTESIAN_POINT('Ctrl Pts',(202.648615,142.500478,0.));
#11547=CARTESIAN_POINT('Ctrl Pts',(202.648615,142.500478,1.6));
#11548=CARTESIAN_POINT('Ctrl Pts',(202.775792,142.447799999999,0.));
#11549=CARTESIAN_POINT('Ctrl Pts',(202.775792,142.447799999999,1.6));
#11550=CARTESIAN_POINT('Ctrl Pts',(202.9084,142.447799999999,0.));
#11551=CARTESIAN_POINT('Ctrl Pts',(202.9084,142.447799999999,1.6));
#11552=CARTESIAN_POINT('',(202.554847,142.594246999999,1.6));
#11553=CARTESIAN_POINT('',(202.554847,142.594246999999,0.));
#11554=CARTESIAN_POINT('Ctrl Pts',(202.554847,142.594246999999,1.6));
#11555=CARTESIAN_POINT('Ctrl Pts',(202.648615,142.500478,1.6));
#11556=CARTESIAN_POINT('Ctrl Pts',(202.775792,142.447799999999,1.6));
#11557=CARTESIAN_POINT('Ctrl Pts',(202.9084,142.447799999999,1.6));
#11558=CARTESIAN_POINT('Ctrl Pts',(202.4084,142.947799999999,0.));
#11559=CARTESIAN_POINT('Ctrl Pts',(202.4084,142.947799999999,1.6));
#11560=CARTESIAN_POINT('Ctrl Pts',(202.4084,142.815191999999,0.));
#11561=CARTESIAN_POINT('Ctrl Pts',(202.4084,142.815191999999,1.6));
#11562=CARTESIAN_POINT('Ctrl Pts',(202.461078,142.688014999999,0.));
#11563=CARTESIAN_POINT('Ctrl Pts',(202.461078,142.688014999999,1.6));
#11564=CARTESIAN_POINT('Ctrl Pts',(202.554847,142.594246999999,0.));
#11565=CARTESIAN_POINT('Ctrl Pts',(202.554847,142.594246999999,1.6));
#11566=CARTESIAN_POINT('',(202.4084,142.947799999999,1.6));
#11567=CARTESIAN_POINT('',(202.4084,142.947799999999,0.));
#11568=CARTESIAN_POINT('Ctrl Pts',(202.4084,142.947799999999,1.6));
#11569=CARTESIAN_POINT('Ctrl Pts',(202.4084,142.815191999999,1.6));
#11570=CARTESIAN_POINT('Ctrl Pts',(202.461078,142.688014999999,1.6));
#11571=CARTESIAN_POINT('Ctrl Pts',(202.554847,142.594246999999,1.6));
#11572=CARTESIAN_POINT('Origin',(202.4084,155.847799999999,0.));
#11573=CARTESIAN_POINT('',(202.4084,155.847799999999,1.6));
#11574=CARTESIAN_POINT('',(202.4084,155.847799999999,0.));
#11575=CARTESIAN_POINT('',(202.4084,155.847799999999,1.6));
#11576=CARTESIAN_POINT('Ctrl Pts',(202.554847,156.201353,0.));
#11577=CARTESIAN_POINT('Ctrl Pts',(202.554847,156.201353,1.6));
#11578=CARTESIAN_POINT('Ctrl Pts',(202.461078,156.107584999999,0.));
#11579=CARTESIAN_POINT('Ctrl Pts',(202.461078,156.107584999999,1.6));
#11580=CARTESIAN_POINT('Ctrl Pts',(202.4084,155.980407999999,0.));
#11581=CARTESIAN_POINT('Ctrl Pts',(202.4084,155.980407999999,1.6));
#11582=CARTESIAN_POINT('Ctrl Pts',(202.4084,155.847799999999,0.));
#11583=CARTESIAN_POINT('Ctrl Pts',(202.4084,155.847799999999,1.6));
#11584=CARTESIAN_POINT('',(202.554847,156.201353,1.6));
#11585=CARTESIAN_POINT('',(202.554847,156.201353,0.));
#11586=CARTESIAN_POINT('Ctrl Pts',(202.554847,156.201353,1.6));
#11587=CARTESIAN_POINT('Ctrl Pts',(202.461078,156.107584999999,1.6));
#11588=CARTESIAN_POINT('Ctrl Pts',(202.4084,155.980407999999,1.6));
#11589=CARTESIAN_POINT('Ctrl Pts',(202.4084,155.847799999999,1.6));
#11590=CARTESIAN_POINT('Ctrl Pts',(202.9084,156.347799999999,0.));
#11591=CARTESIAN_POINT('Ctrl Pts',(202.9084,156.347799999999,1.6));
#11592=CARTESIAN_POINT('Ctrl Pts',(202.775792,156.347799999999,0.));
#11593=CARTESIAN_POINT('Ctrl Pts',(202.775792,156.347799999999,1.6));
#11594=CARTESIAN_POINT('Ctrl Pts',(202.648615,156.295121999999,0.));
#11595=CARTESIAN_POINT('Ctrl Pts',(202.648615,156.295121999999,1.6));
#11596=CARTESIAN_POINT('Ctrl Pts',(202.554847,156.201353,0.));
#11597=CARTESIAN_POINT('Ctrl Pts',(202.554847,156.201353,1.6));
#11598=CARTESIAN_POINT('Ctrl Pts',(202.9084,156.347799999999,1.6));
#11599=CARTESIAN_POINT('Ctrl Pts',(202.775792,156.347799999999,1.6));
#11600=CARTESIAN_POINT('Ctrl Pts',(202.648615,156.295121999999,1.6));
#11601=CARTESIAN_POINT('Ctrl Pts',(202.554847,156.201353,1.6));
#11602=CARTESIAN_POINT('Origin',(233.8084,130.847799999999,0.));
#11603=CARTESIAN_POINT('',(233.8084,130.847799999999,1.6));
#11604=CARTESIAN_POINT('',(233.8084,130.847799999999,0.));
#11605=CARTESIAN_POINT('',(220.9084,130.847799999999,1.6));
#11606=CARTESIAN_POINT('',(233.8084,130.847799999999,1.6));
#11607=CARTESIAN_POINT('',(220.9084,130.847799999999,0.));
#11608=CARTESIAN_POINT('Ctrl Pts',(234.161953,130.701352999999,0.));
#11609=CARTESIAN_POINT('Ctrl Pts',(234.161953,130.701352999999,1.6));
#11610=CARTESIAN_POINT('Ctrl Pts',(234.068185,130.795121999999,0.));
#11611=CARTESIAN_POINT('Ctrl Pts',(234.068185,130.795121999999,1.6));
#11612=CARTESIAN_POINT('Ctrl Pts',(233.941008,130.847799999999,0.));
#11613=CARTESIAN_POINT('Ctrl Pts',(233.941008,130.847799999999,1.6));
#11614=CARTESIAN_POINT('Ctrl Pts',(233.8084,130.847799999999,0.));
#11615=CARTESIAN_POINT('Ctrl Pts',(233.8084,130.847799999999,1.6));
#11616=CARTESIAN_POINT('',(234.161953,130.701352999999,1.6));
#11617=CARTESIAN_POINT('',(234.161953,130.701352999999,0.));
#11618=CARTESIAN_POINT('Ctrl Pts',(234.161953,130.701352999999,1.6));
#11619=CARTESIAN_POINT('Ctrl Pts',(234.068185,130.795121999999,1.6));
#11620=CARTESIAN_POINT('Ctrl Pts',(233.941008,130.847799999999,1.6));
#11621=CARTESIAN_POINT('Ctrl Pts',(233.8084,130.847799999999,1.6));
#11622=CARTESIAN_POINT('Ctrl Pts',(234.3084,130.347799999999,0.));
#11623=CARTESIAN_POINT('Ctrl Pts',(234.3084,130.347799999999,1.6));
#11624=CARTESIAN_POINT('Ctrl Pts',(234.3084,130.480407999999,0.));
#11625=CARTESIAN_POINT('Ctrl Pts',(234.3084,130.480407999999,1.6));
#11626=CARTESIAN_POINT('Ctrl Pts',(234.255722,130.607584999999,0.));
#11627=CARTESIAN_POINT('Ctrl Pts',(234.255722,130.607584999999,1.6));
#11628=CARTESIAN_POINT('Ctrl Pts',(234.161953,130.701352999999,0.));
#11629=CARTESIAN_POINT('Ctrl Pts',(234.161953,130.701352999999,1.6));
#11630=CARTESIAN_POINT('',(234.3084,130.347799999999,1.6));
#11631=CARTESIAN_POINT('',(234.3084,130.347799999999,0.));
#11632=CARTESIAN_POINT('Ctrl Pts',(234.3084,130.347799999999,1.6));
#11633=CARTESIAN_POINT('Ctrl Pts',(234.3084,130.480407999999,1.6));
#11634=CARTESIAN_POINT('Ctrl Pts',(234.255722,130.607584999999,1.6));
#11635=CARTESIAN_POINT('Ctrl Pts',(234.161953,130.701352999999,1.6));
#11636=CARTESIAN_POINT('Origin',(234.3084,117.447799999999,0.));
#11637=CARTESIAN_POINT('',(234.3084,117.447799999999,1.6));
#11638=CARTESIAN_POINT('',(234.3084,117.447799999999,0.));
#11639=CARTESIAN_POINT('',(234.3084,117.447799999999,1.6));
#11640=CARTESIAN_POINT('Ctrl Pts',(234.161953,117.094246999999,0.));
#11641=CARTESIAN_POINT('Ctrl Pts',(234.161953,117.094246999999,1.6));
#11642=CARTESIAN_POINT('Ctrl Pts',(234.255722,117.188014999999,0.));
#11643=CARTESIAN_POINT('Ctrl Pts',(234.255722,117.188014999999,1.6));
#11644=CARTESIAN_POINT('Ctrl Pts',(234.3084,117.315191999999,0.));
#11645=CARTESIAN_POINT('Ctrl Pts',(234.3084,117.315191999999,1.6));
#11646=CARTESIAN_POINT('Ctrl Pts',(234.3084,117.447799999999,0.));
#11647=CARTESIAN_POINT('Ctrl Pts',(234.3084,117.447799999999,1.6));
#11648=CARTESIAN_POINT('',(234.161953,117.094246999999,1.6));
#11649=CARTESIAN_POINT('',(234.161953,117.094246999999,0.));
#11650=CARTESIAN_POINT('Ctrl Pts',(234.161953,117.094246999999,1.6));
#11651=CARTESIAN_POINT('Ctrl Pts',(234.255722,117.188014999999,1.6));
#11652=CARTESIAN_POINT('Ctrl Pts',(234.3084,117.315191999999,1.6));
#11653=CARTESIAN_POINT('Ctrl Pts',(234.3084,117.447799999999,1.6));
#11654=CARTESIAN_POINT('Ctrl Pts',(233.8084,116.947799999999,0.));
#11655=CARTESIAN_POINT('Ctrl Pts',(233.8084,116.947799999999,1.6));
#11656=CARTESIAN_POINT('Ctrl Pts',(233.941008,116.947799999999,0.));
#11657=CARTESIAN_POINT('Ctrl Pts',(233.941008,116.947799999999,1.6));
#11658=CARTESIAN_POINT('Ctrl Pts',(234.068185,117.000477999999,0.));
#11659=CARTESIAN_POINT('Ctrl Pts',(234.068185,117.000477999999,1.6));
#11660=CARTESIAN_POINT('Ctrl Pts',(234.161953,117.094246999999,0.));
#11661=CARTESIAN_POINT('Ctrl Pts',(234.161953,117.094246999999,1.6));
#11662=CARTESIAN_POINT('',(233.8084,116.947799999999,1.6));
#11663=CARTESIAN_POINT('',(233.8084,116.947799999999,0.));
#11664=CARTESIAN_POINT('Ctrl Pts',(233.8084,116.947799999999,1.6));
#11665=CARTESIAN_POINT('Ctrl Pts',(233.941008,116.947799999999,1.6));
#11666=CARTESIAN_POINT('Ctrl Pts',(234.068185,117.000477999999,1.6));
#11667=CARTESIAN_POINT('Ctrl Pts',(234.161953,117.094246999999,1.6));
#11668=CARTESIAN_POINT('Origin',(220.9084,116.947799999999,0.));
#11669=CARTESIAN_POINT('',(220.9084,116.947799999999,1.6));
#11670=CARTESIAN_POINT('',(220.9084,116.947799999999,0.));
#11671=CARTESIAN_POINT('',(220.9084,116.947799999999,1.6));
#11672=CARTESIAN_POINT('Ctrl Pts',(220.554847,117.094246999999,0.));
#11673=CARTESIAN_POINT('Ctrl Pts',(220.554847,117.094246999999,1.6));
#11674=CARTESIAN_POINT('Ctrl Pts',(220.648615,117.000477999999,0.));
#11675=CARTESIAN_POINT('Ctrl Pts',(220.648615,117.000477999999,1.6));
#11676=CARTESIAN_POINT('Ctrl Pts',(220.775792,116.947799999999,0.));
#11677=CARTESIAN_POINT('Ctrl Pts',(220.775792,116.947799999999,1.6));
#11678=CARTESIAN_POINT('Ctrl Pts',(220.9084,116.947799999999,0.));
#11679=CARTESIAN_POINT('Ctrl Pts',(220.9084,116.947799999999,1.6));
#11680=CARTESIAN_POINT('',(220.554847,117.094246999999,1.6));
#11681=CARTESIAN_POINT('',(220.554847,117.094246999999,0.));
#11682=CARTESIAN_POINT('Ctrl Pts',(220.554847,117.094246999999,1.6));
#11683=CARTESIAN_POINT('Ctrl Pts',(220.648615,117.000477999999,1.6));
#11684=CARTESIAN_POINT('Ctrl Pts',(220.775792,116.947799999999,1.6));
#11685=CARTESIAN_POINT('Ctrl Pts',(220.9084,116.947799999999,1.6));
#11686=CARTESIAN_POINT('Ctrl Pts',(220.4084,117.447799999999,0.));
#11687=CARTESIAN_POINT('Ctrl Pts',(220.4084,117.447799999999,1.6));
#11688=CARTESIAN_POINT('Ctrl Pts',(220.4084,117.315191999999,0.));
#11689=CARTESIAN_POINT('Ctrl Pts',(220.4084,117.315191999999,1.6));
#11690=CARTESIAN_POINT('Ctrl Pts',(220.461078,117.188014999999,0.));
#11691=CARTESIAN_POINT('Ctrl Pts',(220.461078,117.188014999999,1.6));
#11692=CARTESIAN_POINT('Ctrl Pts',(220.554847,117.094246999999,0.));
#11693=CARTESIAN_POINT('Ctrl Pts',(220.554847,117.094246999999,1.6));
#11694=CARTESIAN_POINT('',(220.4084,117.447799999999,1.6));
#11695=CARTESIAN_POINT('',(220.4084,117.447799999999,0.));
#11696=CARTESIAN_POINT('Ctrl Pts',(220.4084,117.447799999999,1.6));
#11697=CARTESIAN_POINT('Ctrl Pts',(220.4084,117.315191999999,1.6));
#11698=CARTESIAN_POINT('Ctrl Pts',(220.461078,117.188014999999,1.6));
#11699=CARTESIAN_POINT('Ctrl Pts',(220.554847,117.094246999999,1.6));
#11700=CARTESIAN_POINT('Origin',(220.4084,130.347799999999,0.));
#11701=CARTESIAN_POINT('',(220.4084,130.347799999999,1.6));
#11702=CARTESIAN_POINT('',(220.4084,130.347799999999,0.));
#11703=CARTESIAN_POINT('',(220.4084,130.347799999999,1.6));
#11704=CARTESIAN_POINT('Ctrl Pts',(220.554847,130.701352999999,0.));
#11705=CARTESIAN_POINT('Ctrl Pts',(220.554847,130.701352999999,1.6));
#11706=CARTESIAN_POINT('Ctrl Pts',(220.461078,130.607584999999,0.));
#11707=CARTESIAN_POINT('Ctrl Pts',(220.461078,130.607584999999,1.6));
#11708=CARTESIAN_POINT('Ctrl Pts',(220.4084,130.480407999999,0.));
#11709=CARTESIAN_POINT('Ctrl Pts',(220.4084,130.480407999999,1.6));
#11710=CARTESIAN_POINT('Ctrl Pts',(220.4084,130.347799999999,0.));
#11711=CARTESIAN_POINT('Ctrl Pts',(220.4084,130.347799999999,1.6));
#11712=CARTESIAN_POINT('',(220.554847,130.701352999999,1.6));
#11713=CARTESIAN_POINT('',(220.554847,130.701352999999,0.));
#11714=CARTESIAN_POINT('Ctrl Pts',(220.554847,130.701352999999,1.6));
#11715=CARTESIAN_POINT('Ctrl Pts',(220.461078,130.607584999999,1.6));
#11716=CARTESIAN_POINT('Ctrl Pts',(220.4084,130.480407999999,1.6));
#11717=CARTESIAN_POINT('Ctrl Pts',(220.4084,130.347799999999,1.6));
#11718=CARTESIAN_POINT('Ctrl Pts',(220.9084,130.847799999999,0.));
#11719=CARTESIAN_POINT('Ctrl Pts',(220.9084,130.847799999999,1.6));
#11720=CARTESIAN_POINT('Ctrl Pts',(220.775792,130.847799999999,0.));
#11721=CARTESIAN_POINT('Ctrl Pts',(220.775792,130.847799999999,1.6));
#11722=CARTESIAN_POINT('Ctrl Pts',(220.648615,130.795121999999,0.));
#11723=CARTESIAN_POINT('Ctrl Pts',(220.648615,130.795121999999,1.6));
#11724=CARTESIAN_POINT('Ctrl Pts',(220.554847,130.701352999999,0.));
#11725=CARTESIAN_POINT('Ctrl Pts',(220.554847,130.701352999999,1.6));
#11726=CARTESIAN_POINT('Ctrl Pts',(220.9084,130.847799999999,1.6));
#11727=CARTESIAN_POINT('Ctrl Pts',(220.775792,130.847799999999,1.6));
#11728=CARTESIAN_POINT('Ctrl Pts',(220.648615,130.795121999999,1.6));
#11729=CARTESIAN_POINT('Ctrl Pts',(220.554847,130.701352999999,1.6));
#11730=CARTESIAN_POINT('Origin',(164.3728,146.707167852242,0.));
#11731=CARTESIAN_POINT('',(165.6228,146.707167852242,1.6));
#11732=CARTESIAN_POINT('Origin',(164.3728,146.707167852242,1.6));
#11733=CARTESIAN_POINT('',(165.6228,146.707167852242,0.));
#11734=CARTESIAN_POINT('Origin',(240.5401,140.803799999999,0.));
#11735=CARTESIAN_POINT('',(241.7901,140.803799999999,1.6));
#11736=CARTESIAN_POINT('Origin',(240.5401,140.803799999999,1.6));
#11737=CARTESIAN_POINT('',(241.7901,140.803799999999,0.));
#11738=CARTESIAN_POINT('Origin',(215.8084,139.347799999999,0.));
#11739=CARTESIAN_POINT('',(215.8084,139.347799999999,1.6));
#11740=CARTESIAN_POINT('',(215.8084,139.347799999999,0.));
#11741=CARTESIAN_POINT('',(202.9084,139.347799999999,1.6));
#11742=CARTESIAN_POINT('',(215.8084,139.347799999999,1.6));
#11743=CARTESIAN_POINT('',(202.9084,139.347799999999,0.));
#11744=CARTESIAN_POINT('Ctrl Pts',(216.161953,139.201352999999,0.));
#11745=CARTESIAN_POINT('Ctrl Pts',(216.161953,139.201352999999,1.6));
#11746=CARTESIAN_POINT('Ctrl Pts',(216.068185,139.295121999999,0.));
#11747=CARTESIAN_POINT('Ctrl Pts',(216.068185,139.295121999999,1.6));
#11748=CARTESIAN_POINT('Ctrl Pts',(215.941008,139.347799999999,0.));
#11749=CARTESIAN_POINT('Ctrl Pts',(215.941008,139.347799999999,1.6));
#11750=CARTESIAN_POINT('Ctrl Pts',(215.8084,139.347799999999,0.));
#11751=CARTESIAN_POINT('Ctrl Pts',(215.8084,139.347799999999,1.6));
#11752=CARTESIAN_POINT('',(216.161953,139.201352999999,1.6));
#11753=CARTESIAN_POINT('',(216.161953,139.201352999999,0.));
#11754=CARTESIAN_POINT('Ctrl Pts',(216.161953,139.201352999999,1.6));
#11755=CARTESIAN_POINT('Ctrl Pts',(216.068185,139.295121999999,1.6));
#11756=CARTESIAN_POINT('Ctrl Pts',(215.941008,139.347799999999,1.6));
#11757=CARTESIAN_POINT('Ctrl Pts',(215.8084,139.347799999999,1.6));
#11758=CARTESIAN_POINT('Ctrl Pts',(216.3084,138.847799999999,0.));
#11759=CARTESIAN_POINT('Ctrl Pts',(216.3084,138.847799999999,1.6));
#11760=CARTESIAN_POINT('Ctrl Pts',(216.3084,138.980407999999,0.));
#11761=CARTESIAN_POINT('Ctrl Pts',(216.3084,138.980407999999,1.6));
#11762=CARTESIAN_POINT('Ctrl Pts',(216.255722,139.107584999999,0.));
#11763=CARTESIAN_POINT('Ctrl Pts',(216.255722,139.107584999999,1.6));
#11764=CARTESIAN_POINT('Ctrl Pts',(216.161953,139.201352999999,0.));
#11765=CARTESIAN_POINT('Ctrl Pts',(216.161953,139.201352999999,1.6));
#11766=CARTESIAN_POINT('',(216.3084,138.847799999999,1.6));
#11767=CARTESIAN_POINT('',(216.3084,138.847799999999,0.));
#11768=CARTESIAN_POINT('Ctrl Pts',(216.3084,138.847799999999,1.6));
#11769=CARTESIAN_POINT('Ctrl Pts',(216.3084,138.980407999999,1.6));
#11770=CARTESIAN_POINT('Ctrl Pts',(216.255722,139.107584999999,1.6));
#11771=CARTESIAN_POINT('Ctrl Pts',(216.161953,139.201352999999,1.6));
#11772=CARTESIAN_POINT('Origin',(216.3084,125.947799999999,0.));
#11773=CARTESIAN_POINT('',(216.3084,125.947799999999,1.6));
#11774=CARTESIAN_POINT('',(216.3084,125.947799999999,0.));
#11775=CARTESIAN_POINT('',(216.3084,125.947799999999,1.6));
#11776=CARTESIAN_POINT('Ctrl Pts',(216.161953,125.594246999999,0.));
#11777=CARTESIAN_POINT('Ctrl Pts',(216.161953,125.594246999999,1.6));
#11778=CARTESIAN_POINT('Ctrl Pts',(216.255722,125.688014999999,0.));
#11779=CARTESIAN_POINT('Ctrl Pts',(216.255722,125.688014999999,1.6));
#11780=CARTESIAN_POINT('Ctrl Pts',(216.3084,125.815191999999,0.));
#11781=CARTESIAN_POINT('Ctrl Pts',(216.3084,125.815191999999,1.6));
#11782=CARTESIAN_POINT('Ctrl Pts',(216.3084,125.947799999999,0.));
#11783=CARTESIAN_POINT('Ctrl Pts',(216.3084,125.947799999999,1.6));
#11784=CARTESIAN_POINT('',(216.161953,125.594246999999,1.6));
#11785=CARTESIAN_POINT('',(216.161953,125.594246999999,0.));
#11786=CARTESIAN_POINT('Ctrl Pts',(216.161953,125.594246999999,1.6));
#11787=CARTESIAN_POINT('Ctrl Pts',(216.255722,125.688014999999,1.6));
#11788=CARTESIAN_POINT('Ctrl Pts',(216.3084,125.815191999999,1.6));
#11789=CARTESIAN_POINT('Ctrl Pts',(216.3084,125.947799999999,1.6));
#11790=CARTESIAN_POINT('Ctrl Pts',(215.8084,125.447799999999,0.));
#11791=CARTESIAN_POINT('Ctrl Pts',(215.8084,125.447799999999,1.6));
#11792=CARTESIAN_POINT('Ctrl Pts',(215.941008,125.447799999999,0.));
#11793=CARTESIAN_POINT('Ctrl Pts',(215.941008,125.447799999999,1.6));
#11794=CARTESIAN_POINT('Ctrl Pts',(216.068185,125.500477999999,0.));
#11795=CARTESIAN_POINT('Ctrl Pts',(216.068185,125.500477999999,1.6));
#11796=CARTESIAN_POINT('Ctrl Pts',(216.161953,125.594246999999,0.));
#11797=CARTESIAN_POINT('Ctrl Pts',(216.161953,125.594246999999,1.6));
#11798=CARTESIAN_POINT('',(215.8084,125.447799999999,1.6));
#11799=CARTESIAN_POINT('',(215.8084,125.447799999999,0.));
#11800=CARTESIAN_POINT('Ctrl Pts',(215.8084,125.447799999999,1.6));
#11801=CARTESIAN_POINT('Ctrl Pts',(215.941008,125.447799999999,1.6));
#11802=CARTESIAN_POINT('Ctrl Pts',(216.068185,125.500477999999,1.6));
#11803=CARTESIAN_POINT('Ctrl Pts',(216.161953,125.594246999999,1.6));
#11804=CARTESIAN_POINT('Origin',(202.9084,125.447799999999,0.));
#11805=CARTESIAN_POINT('',(202.9084,125.447799999999,1.6));
#11806=CARTESIAN_POINT('',(202.9084,125.447799999999,0.));
#11807=CARTESIAN_POINT('',(202.9084,125.447799999999,1.6));
#11808=CARTESIAN_POINT('Ctrl Pts',(202.554847,125.594246999999,0.));
#11809=CARTESIAN_POINT('Ctrl Pts',(202.554847,125.594246999999,1.6));
#11810=CARTESIAN_POINT('Ctrl Pts',(202.648615,125.500478,0.));
#11811=CARTESIAN_POINT('Ctrl Pts',(202.648615,125.500478,1.6));
#11812=CARTESIAN_POINT('Ctrl Pts',(202.775792,125.447799999999,0.));
#11813=CARTESIAN_POINT('Ctrl Pts',(202.775792,125.447799999999,1.6));
#11814=CARTESIAN_POINT('Ctrl Pts',(202.9084,125.447799999999,0.));
#11815=CARTESIAN_POINT('Ctrl Pts',(202.9084,125.447799999999,1.6));
#11816=CARTESIAN_POINT('',(202.554847,125.594246999999,1.6));
#11817=CARTESIAN_POINT('',(202.554847,125.594246999999,0.));
#11818=CARTESIAN_POINT('Ctrl Pts',(202.554847,125.594246999999,1.6));
#11819=CARTESIAN_POINT('Ctrl Pts',(202.648615,125.500478,1.6));
#11820=CARTESIAN_POINT('Ctrl Pts',(202.775792,125.447799999999,1.6));
#11821=CARTESIAN_POINT('Ctrl Pts',(202.9084,125.447799999999,1.6));
#11822=CARTESIAN_POINT('Ctrl Pts',(202.4084,125.947799999999,0.));
#11823=CARTESIAN_POINT('Ctrl Pts',(202.4084,125.947799999999,1.6));
#11824=CARTESIAN_POINT('Ctrl Pts',(202.4084,125.815191999999,0.));
#11825=CARTESIAN_POINT('Ctrl Pts',(202.4084,125.815191999999,1.6));
#11826=CARTESIAN_POINT('Ctrl Pts',(202.461078,125.688014999999,0.));
#11827=CARTESIAN_POINT('Ctrl Pts',(202.461078,125.688014999999,1.6));
#11828=CARTESIAN_POINT('Ctrl Pts',(202.554847,125.594246999999,0.));
#11829=CARTESIAN_POINT('Ctrl Pts',(202.554847,125.594246999999,1.6));
#11830=CARTESIAN_POINT('',(202.4084,125.947799999999,1.6));
#11831=CARTESIAN_POINT('',(202.4084,125.947799999999,0.));
#11832=CARTESIAN_POINT('Ctrl Pts',(202.4084,125.947799999999,1.6));
#11833=CARTESIAN_POINT('Ctrl Pts',(202.4084,125.815191999999,1.6));
#11834=CARTESIAN_POINT('Ctrl Pts',(202.461078,125.688014999999,1.6));
#11835=CARTESIAN_POINT('Ctrl Pts',(202.554847,125.594246999999,1.6));
#11836=CARTESIAN_POINT('Origin',(202.4084,138.847799999999,0.));
#11837=CARTESIAN_POINT('',(202.4084,138.847799999999,1.6));
#11838=CARTESIAN_POINT('',(202.4084,138.847799999999,0.));
#11839=CARTESIAN_POINT('',(202.4084,138.847799999999,1.6));
#11840=CARTESIAN_POINT('Ctrl Pts',(202.554847,139.201353,0.));
#11841=CARTESIAN_POINT('Ctrl Pts',(202.554847,139.201353,1.6));
#11842=CARTESIAN_POINT('Ctrl Pts',(202.461078,139.107584999999,0.));
#11843=CARTESIAN_POINT('Ctrl Pts',(202.461078,139.107584999999,1.6));
#11844=CARTESIAN_POINT('Ctrl Pts',(202.4084,138.980407999999,0.));
#11845=CARTESIAN_POINT('Ctrl Pts',(202.4084,138.980407999999,1.6));
#11846=CARTESIAN_POINT('Ctrl Pts',(202.4084,138.847799999999,0.));
#11847=CARTESIAN_POINT('Ctrl Pts',(202.4084,138.847799999999,1.6));
#11848=CARTESIAN_POINT('',(202.554847,139.201353,1.6));
#11849=CARTESIAN_POINT('',(202.554847,139.201353,0.));
#11850=CARTESIAN_POINT('Ctrl Pts',(202.554847,139.201353,1.6));
#11851=CARTESIAN_POINT('Ctrl Pts',(202.461078,139.107584999999,1.6));
#11852=CARTESIAN_POINT('Ctrl Pts',(202.4084,138.980407999999,1.6));
#11853=CARTESIAN_POINT('Ctrl Pts',(202.4084,138.847799999999,1.6));
#11854=CARTESIAN_POINT('Ctrl Pts',(202.9084,139.347799999999,0.));
#11855=CARTESIAN_POINT('Ctrl Pts',(202.9084,139.347799999999,1.6));
#11856=CARTESIAN_POINT('Ctrl Pts',(202.775792,139.347799999999,0.));
#11857=CARTESIAN_POINT('Ctrl Pts',(202.775792,139.347799999999,1.6));
#11858=CARTESIAN_POINT('Ctrl Pts',(202.648615,139.295121999999,0.));
#11859=CARTESIAN_POINT('Ctrl Pts',(202.648615,139.295121999999,1.6));
#11860=CARTESIAN_POINT('Ctrl Pts',(202.554847,139.201353,0.));
#11861=CARTESIAN_POINT('Ctrl Pts',(202.554847,139.201353,1.6));
#11862=CARTESIAN_POINT('Ctrl Pts',(202.9084,139.347799999999,1.6));
#11863=CARTESIAN_POINT('Ctrl Pts',(202.775792,139.347799999999,1.6));
#11864=CARTESIAN_POINT('Ctrl Pts',(202.648615,139.295121999999,1.6));
#11865=CARTESIAN_POINT('Ctrl Pts',(202.554847,139.201353,1.6));
#11866=CARTESIAN_POINT('Origin',(182.0271,75.0953999999996,0.));
#11867=CARTESIAN_POINT('',(182.0271,75.0953999999996,1.6));
#11868=CARTESIAN_POINT('',(182.0271,75.0953999999996,0.));
#11869=CARTESIAN_POINT('',(177.615,87.2174999999997,1.6));
#11870=CARTESIAN_POINT('',(182.0271,75.0953999999996,1.6));
#11871=CARTESIAN_POINT('',(177.615,87.2174999999997,0.));
#11872=CARTESIAN_POINT('Ctrl Pts',(181.7283,74.4545999999997,0.));
#11873=CARTESIAN_POINT('Ctrl Pts',(181.7283,74.4545999999997,1.6));
#11874=CARTESIAN_POINT('Ctrl Pts',(181.987744,74.5490609999996,0.));
#11875=CARTESIAN_POINT('Ctrl Pts',(181.987744,74.5490609999996,1.6));
#11876=CARTESIAN_POINT('Ctrl Pts',(182.121513,74.8359379999996,0.));
#11877=CARTESIAN_POINT('Ctrl Pts',(182.121513,74.8359379999996,1.6));
#11878=CARTESIAN_POINT('Ctrl Pts',(182.0271,75.0953999999996,0.));
#11879=CARTESIAN_POINT('Ctrl Pts',(182.0271,75.0953999999996,1.6));
#11880=CARTESIAN_POINT('',(181.7283,74.4545999999997,1.6));
#11881=CARTESIAN_POINT('',(181.7283,74.4545999999997,0.));
#11882=CARTESIAN_POINT('Ctrl Pts',(181.7283,74.4545999999997,1.6));
#11883=CARTESIAN_POINT('Ctrl Pts',(181.987744,74.5490609999996,1.6));
#11884=CARTESIAN_POINT('Ctrl Pts',(182.121513,74.8359379999996,1.6));
#11885=CARTESIAN_POINT('Ctrl Pts',(182.0271,75.0953999999996,1.6));
#11886=CARTESIAN_POINT('Origin',(169.6062,70.0424999999998,0.));
#11887=CARTESIAN_POINT('',(169.6062,70.0424999999998,1.6));
#11888=CARTESIAN_POINT('',(169.6062,70.0424999999998,0.));
#11889=CARTESIAN_POINT('',(169.6062,70.0424999999998,1.6));
#11890=CARTESIAN_POINT('Ctrl Pts',(168.9654,70.3412999999998,0.));
#11891=CARTESIAN_POINT('Ctrl Pts',(168.9654,70.3412999999998,1.6));
#11892=CARTESIAN_POINT('Ctrl Pts',(169.059861,70.0818559999998,0.));
#11893=CARTESIAN_POINT('Ctrl Pts',(169.059861,70.0818559999998,1.6));
#11894=CARTESIAN_POINT('Ctrl Pts',(169.346738,69.9480869999998,0.));
#11895=CARTESIAN_POINT('Ctrl Pts',(169.346738,69.9480869999998,1.6));
#11896=CARTESIAN_POINT('Ctrl Pts',(169.6062,70.0424999999998,0.));
#11897=CARTESIAN_POINT('Ctrl Pts',(169.6062,70.0424999999998,1.6));
#11898=CARTESIAN_POINT('',(168.9654,70.3412999999998,1.6));
#11899=CARTESIAN_POINT('',(168.9654,70.3412999999998,0.));
#11900=CARTESIAN_POINT('Ctrl Pts',(168.9654,70.3412999999998,1.6));
#11901=CARTESIAN_POINT('Ctrl Pts',(169.059861,70.0818559999998,1.6));
#11902=CARTESIAN_POINT('Ctrl Pts',(169.346738,69.9480869999998,1.6));
#11903=CARTESIAN_POINT('Ctrl Pts',(169.6062,70.0424999999998,1.6));
#11904=CARTESIAN_POINT('Origin',(164.5533,82.4633999999998,0.));
#11905=CARTESIAN_POINT('',(164.5533,82.4633999999998,1.6));
#11906=CARTESIAN_POINT('',(164.5533,82.4633999999998,0.));
#11907=CARTESIAN_POINT('',(164.5533,82.4633999999998,1.6));
#11908=CARTESIAN_POINT('Ctrl Pts',(164.8521,83.1041999999998,0.));
#11909=CARTESIAN_POINT('Ctrl Pts',(164.8521,83.1041999999998,1.6));
#11910=CARTESIAN_POINT('Ctrl Pts',(164.592656,83.0097389999998,0.));
#11911=CARTESIAN_POINT('Ctrl Pts',(164.592656,83.0097389999998,1.6));
#11912=CARTESIAN_POINT('Ctrl Pts',(164.458887,82.7228619999998,0.));
#11913=CARTESIAN_POINT('Ctrl Pts',(164.458887,82.7228619999998,1.6));
#11914=CARTESIAN_POINT('Ctrl Pts',(164.5533,82.4633999999998,0.));
#11915=CARTESIAN_POINT('Ctrl Pts',(164.5533,82.4633999999998,1.6));
#11916=CARTESIAN_POINT('',(164.8521,83.1041999999998,1.6));
#11917=CARTESIAN_POINT('',(164.8521,83.1041999999998,0.));
#11918=CARTESIAN_POINT('Ctrl Pts',(164.8521,83.1041999999998,1.6));
#11919=CARTESIAN_POINT('Ctrl Pts',(164.592656,83.0097389999998,1.6));
#11920=CARTESIAN_POINT('Ctrl Pts',(164.458887,82.7228619999998,1.6));
#11921=CARTESIAN_POINT('Ctrl Pts',(164.5533,82.4633999999998,1.6));
#11922=CARTESIAN_POINT('Origin',(176.9742,87.5162999999997,0.));
#11923=CARTESIAN_POINT('',(176.9742,87.5162999999997,1.6));
#11924=CARTESIAN_POINT('',(176.9742,87.5162999999997,0.));
#11925=CARTESIAN_POINT('',(176.9742,87.5162999999997,1.6));
#11926=CARTESIAN_POINT('Ctrl Pts',(177.615,87.2174999999997,0.));
#11927=CARTESIAN_POINT('Ctrl Pts',(177.615,87.2174999999997,1.6));
#11928=CARTESIAN_POINT('Ctrl Pts',(177.520539,87.4769439999997,0.));
#11929=CARTESIAN_POINT('Ctrl Pts',(177.520539,87.4769439999997,1.6));
#11930=CARTESIAN_POINT('Ctrl Pts',(177.233662,87.6107129999997,0.));
#11931=CARTESIAN_POINT('Ctrl Pts',(177.233662,87.6107129999997,1.6));
#11932=CARTESIAN_POINT('Ctrl Pts',(176.9742,87.5162999999997,0.));
#11933=CARTESIAN_POINT('Ctrl Pts',(176.9742,87.5162999999997,1.6));
#11934=CARTESIAN_POINT('Ctrl Pts',(177.615,87.2174999999997,1.6));
#11935=CARTESIAN_POINT('Ctrl Pts',(177.520539,87.4769439999997,1.6));
#11936=CARTESIAN_POINT('Ctrl Pts',(177.233662,87.6107129999997,1.6));
#11937=CARTESIAN_POINT('Ctrl Pts',(176.9742,87.5162999999997,1.6));
#11938=CARTESIAN_POINT('Origin',(202.685955257681,98.2834683814113,0.));
#11939=CARTESIAN_POINT('',(202.685955257681,98.2834683814113,1.6));
#11940=CARTESIAN_POINT('',(202.685955257681,98.2834683814113,0.));
#11941=CARTESIAN_POINT('',(202.685955257681,75.6048748695131,1.6));
#11942=CARTESIAN_POINT('',(202.685955257681,98.2834683814113,1.6));
#11943=CARTESIAN_POINT('',(202.685955257681,75.6048748695131,0.));
#11944=CARTESIAN_POINT('Origin',(230.051970075559,98.2834683814111,0.));
#11945=CARTESIAN_POINT('',(230.051970075559,98.2834683814111,1.6));
#11946=CARTESIAN_POINT('',(230.051970075559,98.2834683814111,0.));
#11947=CARTESIAN_POINT('',(230.051970075559,98.2834683814111,1.6));
#11948=CARTESIAN_POINT('Origin',(230.051970075559,80.8914773680955,0.));
#11949=CARTESIAN_POINT('',(230.051970075559,80.8914773680955,1.6));
#11950=CARTESIAN_POINT('',(230.051970075559,80.8914773680955,0.));
#11951=CARTESIAN_POINT('',(230.051970075559,80.8914773680955,1.6));
#11952=CARTESIAN_POINT('Origin',(202.685955257681,75.6048748695131,0.));
#11953=CARTESIAN_POINT('',(230.051970075559,80.8914773680955,1.6));
#11954=CARTESIAN_POINT('Origin',(155.6728,104.107167852242,0.));
#11955=CARTESIAN_POINT('',(156.9228,104.107167852242,1.6));
#11956=CARTESIAN_POINT('Origin',(155.6728,104.107167852242,1.6));
#11957=CARTESIAN_POINT('',(156.9228,104.107167852242,0.));
#11958=CARTESIAN_POINT('Origin',(197.8084,115.8478,0.));
#11959=CARTESIAN_POINT('',(197.8084,115.8478,1.6));
#11960=CARTESIAN_POINT('',(197.8084,115.8478,0.));
#11961=CARTESIAN_POINT('',(184.9084,115.8478,1.6));
#11962=CARTESIAN_POINT('',(197.8084,115.8478,1.6));
#11963=CARTESIAN_POINT('',(184.9084,115.8478,0.));
#11964=CARTESIAN_POINT('Ctrl Pts',(198.161953,115.701353,0.));
#11965=CARTESIAN_POINT('Ctrl Pts',(198.161953,115.701353,1.6));
#11966=CARTESIAN_POINT('Ctrl Pts',(198.068185,115.795122,0.));
#11967=CARTESIAN_POINT('Ctrl Pts',(198.068185,115.795122,1.6));
#11968=CARTESIAN_POINT('Ctrl Pts',(197.941008,115.8478,0.));
#11969=CARTESIAN_POINT('Ctrl Pts',(197.941008,115.8478,1.6));
#11970=CARTESIAN_POINT('Ctrl Pts',(197.8084,115.8478,0.));
#11971=CARTESIAN_POINT('Ctrl Pts',(197.8084,115.8478,1.6));
#11972=CARTESIAN_POINT('',(198.161953,115.701353,1.6));
#11973=CARTESIAN_POINT('',(198.161953,115.701353,0.));
#11974=CARTESIAN_POINT('Ctrl Pts',(198.161953,115.701353,1.6));
#11975=CARTESIAN_POINT('Ctrl Pts',(198.068185,115.795122,1.6));
#11976=CARTESIAN_POINT('Ctrl Pts',(197.941008,115.8478,1.6));
#11977=CARTESIAN_POINT('Ctrl Pts',(197.8084,115.8478,1.6));
#11978=CARTESIAN_POINT('Ctrl Pts',(198.3084,115.3478,0.));
#11979=CARTESIAN_POINT('Ctrl Pts',(198.3084,115.3478,1.6));
#11980=CARTESIAN_POINT('Ctrl Pts',(198.3084,115.480408,0.));
#11981=CARTESIAN_POINT('Ctrl Pts',(198.3084,115.480408,1.6));
#11982=CARTESIAN_POINT('Ctrl Pts',(198.255722,115.607585,0.));
#11983=CARTESIAN_POINT('Ctrl Pts',(198.255722,115.607585,1.6));
#11984=CARTESIAN_POINT('Ctrl Pts',(198.161953,115.701353,0.));
#11985=CARTESIAN_POINT('Ctrl Pts',(198.161953,115.701353,1.6));
#11986=CARTESIAN_POINT('',(198.3084,115.3478,1.6));
#11987=CARTESIAN_POINT('',(198.3084,115.3478,0.));
#11988=CARTESIAN_POINT('Ctrl Pts',(198.3084,115.3478,1.6));
#11989=CARTESIAN_POINT('Ctrl Pts',(198.3084,115.480408,1.6));
#11990=CARTESIAN_POINT('Ctrl Pts',(198.255722,115.607585,1.6));
#11991=CARTESIAN_POINT('Ctrl Pts',(198.161953,115.701353,1.6));
#11992=CARTESIAN_POINT('Origin',(198.3084,102.4478,0.));
#11993=CARTESIAN_POINT('',(198.3084,102.4478,1.6));
#11994=CARTESIAN_POINT('',(198.3084,102.4478,0.));
#11995=CARTESIAN_POINT('',(198.3084,102.4478,1.6));
#11996=CARTESIAN_POINT('Ctrl Pts',(198.161953,102.094247,0.));
#11997=CARTESIAN_POINT('Ctrl Pts',(198.161953,102.094247,1.6));
#11998=CARTESIAN_POINT('Ctrl Pts',(198.255722,102.188015,0.));
#11999=CARTESIAN_POINT('Ctrl Pts',(198.255722,102.188015,1.6));
#12000=CARTESIAN_POINT('Ctrl Pts',(198.3084,102.315192,0.));
#12001=CARTESIAN_POINT('Ctrl Pts',(198.3084,102.315192,1.6));
#12002=CARTESIAN_POINT('Ctrl Pts',(198.3084,102.4478,0.));
#12003=CARTESIAN_POINT('Ctrl Pts',(198.3084,102.4478,1.6));
#12004=CARTESIAN_POINT('',(198.161953,102.094247,1.6));
#12005=CARTESIAN_POINT('',(198.161953,102.094247,0.));
#12006=CARTESIAN_POINT('Ctrl Pts',(198.161953,102.094247,1.6));
#12007=CARTESIAN_POINT('Ctrl Pts',(198.255722,102.188015,1.6));
#12008=CARTESIAN_POINT('Ctrl Pts',(198.3084,102.315192,1.6));
#12009=CARTESIAN_POINT('Ctrl Pts',(198.3084,102.4478,1.6));
#12010=CARTESIAN_POINT('Ctrl Pts',(197.8084,101.9478,0.));
#12011=CARTESIAN_POINT('Ctrl Pts',(197.8084,101.9478,1.6));
#12012=CARTESIAN_POINT('Ctrl Pts',(197.941008,101.9478,0.));
#12013=CARTESIAN_POINT('Ctrl Pts',(197.941008,101.9478,1.6));
#12014=CARTESIAN_POINT('Ctrl Pts',(198.068185,102.000478,0.));
#12015=CARTESIAN_POINT('Ctrl Pts',(198.068185,102.000478,1.6));
#12016=CARTESIAN_POINT('Ctrl Pts',(198.161953,102.094247,0.));
#12017=CARTESIAN_POINT('Ctrl Pts',(198.161953,102.094247,1.6));
#12018=CARTESIAN_POINT('',(197.8084,101.9478,1.6));
#12019=CARTESIAN_POINT('',(197.8084,101.9478,0.));
#12020=CARTESIAN_POINT('Ctrl Pts',(197.8084,101.9478,1.6));
#12021=CARTESIAN_POINT('Ctrl Pts',(197.941008,101.9478,1.6));
#12022=CARTESIAN_POINT('Ctrl Pts',(198.068185,102.000478,1.6));
#12023=CARTESIAN_POINT('Ctrl Pts',(198.161953,102.094247,1.6));
#12024=CARTESIAN_POINT('Origin',(184.9084,101.9478,0.));
#12025=CARTESIAN_POINT('',(184.9084,101.9478,1.6));
#12026=CARTESIAN_POINT('',(184.9084,101.9478,0.));
#12027=CARTESIAN_POINT('',(184.9084,101.9478,1.6));
#12028=CARTESIAN_POINT('Ctrl Pts',(184.554847,102.094247,0.));
#12029=CARTESIAN_POINT('Ctrl Pts',(184.554847,102.094247,1.6));
#12030=CARTESIAN_POINT('Ctrl Pts',(184.648615,102.000478,0.));
#12031=CARTESIAN_POINT('Ctrl Pts',(184.648615,102.000478,1.6));
#12032=CARTESIAN_POINT('Ctrl Pts',(184.775792,101.9478,0.));
#12033=CARTESIAN_POINT('Ctrl Pts',(184.775792,101.9478,1.6));
#12034=CARTESIAN_POINT('Ctrl Pts',(184.9084,101.9478,0.));
#12035=CARTESIAN_POINT('Ctrl Pts',(184.9084,101.9478,1.6));
#12036=CARTESIAN_POINT('',(184.554847,102.094247,1.6));
#12037=CARTESIAN_POINT('',(184.554847,102.094247,0.));
#12038=CARTESIAN_POINT('Ctrl Pts',(184.554847,102.094247,1.6));
#12039=CARTESIAN_POINT('Ctrl Pts',(184.648615,102.000478,1.6));
#12040=CARTESIAN_POINT('Ctrl Pts',(184.775792,101.9478,1.6));
#12041=CARTESIAN_POINT('Ctrl Pts',(184.9084,101.9478,1.6));
#12042=CARTESIAN_POINT('Ctrl Pts',(184.4084,102.4478,0.));
#12043=CARTESIAN_POINT('Ctrl Pts',(184.4084,102.4478,1.6));
#12044=CARTESIAN_POINT('Ctrl Pts',(184.4084,102.315192,0.));
#12045=CARTESIAN_POINT('Ctrl Pts',(184.4084,102.315192,1.6));
#12046=CARTESIAN_POINT('Ctrl Pts',(184.461078,102.188015,0.));
#12047=CARTESIAN_POINT('Ctrl Pts',(184.461078,102.188015,1.6));
#12048=CARTESIAN_POINT('Ctrl Pts',(184.554847,102.094247,0.));
#12049=CARTESIAN_POINT('Ctrl Pts',(184.554847,102.094247,1.6));
#12050=CARTESIAN_POINT('',(184.4084,102.4478,1.6));
#12051=CARTESIAN_POINT('',(184.4084,102.4478,0.));
#12052=CARTESIAN_POINT('Ctrl Pts',(184.4084,102.4478,1.6));
#12053=CARTESIAN_POINT('Ctrl Pts',(184.4084,102.315192,1.6));
#12054=CARTESIAN_POINT('Ctrl Pts',(184.461078,102.188015,1.6));
#12055=CARTESIAN_POINT('Ctrl Pts',(184.554847,102.094247,1.6));
#12056=CARTESIAN_POINT('Origin',(184.4084,115.3478,0.));
#12057=CARTESIAN_POINT('',(184.4084,115.3478,1.6));
#12058=CARTESIAN_POINT('',(184.4084,115.3478,0.));
#12059=CARTESIAN_POINT('',(184.4084,115.3478,1.6));
#12060=CARTESIAN_POINT('Ctrl Pts',(184.554847,115.701353,0.));
#12061=CARTESIAN_POINT('Ctrl Pts',(184.554847,115.701353,1.6));
#12062=CARTESIAN_POINT('Ctrl Pts',(184.461078,115.607585,0.));
#12063=CARTESIAN_POINT('Ctrl Pts',(184.461078,115.607585,1.6));
#12064=CARTESIAN_POINT('Ctrl Pts',(184.4084,115.480408,0.));
#12065=CARTESIAN_POINT('Ctrl Pts',(184.4084,115.480408,1.6));
#12066=CARTESIAN_POINT('Ctrl Pts',(184.4084,115.3478,0.));
#12067=CARTESIAN_POINT('Ctrl Pts',(184.4084,115.3478,1.6));
#12068=CARTESIAN_POINT('',(184.554847,115.701353,1.6));
#12069=CARTESIAN_POINT('',(184.554847,115.701353,0.));
#12070=CARTESIAN_POINT('Ctrl Pts',(184.554847,115.701353,1.6));
#12071=CARTESIAN_POINT('Ctrl Pts',(184.461078,115.607585,1.6));
#12072=CARTESIAN_POINT('Ctrl Pts',(184.4084,115.480408,1.6));
#12073=CARTESIAN_POINT('Ctrl Pts',(184.4084,115.3478,1.6));
#12074=CARTESIAN_POINT('Ctrl Pts',(184.9084,115.8478,0.));
#12075=CARTESIAN_POINT('Ctrl Pts',(184.9084,115.8478,1.6));
#12076=CARTESIAN_POINT('Ctrl Pts',(184.775792,115.8478,0.));
#12077=CARTESIAN_POINT('Ctrl Pts',(184.775792,115.8478,1.6));
#12078=CARTESIAN_POINT('Ctrl Pts',(184.648615,115.795122,0.));
#12079=CARTESIAN_POINT('Ctrl Pts',(184.648615,115.795122,1.6));
#12080=CARTESIAN_POINT('Ctrl Pts',(184.554847,115.701353,0.));
#12081=CARTESIAN_POINT('Ctrl Pts',(184.554847,115.701353,1.6));
#12082=CARTESIAN_POINT('Ctrl Pts',(184.9084,115.8478,1.6));
#12083=CARTESIAN_POINT('Ctrl Pts',(184.775792,115.8478,1.6));
#12084=CARTESIAN_POINT('Ctrl Pts',(184.648615,115.795122,1.6));
#12085=CARTESIAN_POINT('Ctrl Pts',(184.554847,115.701353,1.6));
#12086=CARTESIAN_POINT('Origin',(251.8084,134.847799999999,0.));
#12087=CARTESIAN_POINT('',(251.8084,134.847799999999,1.6));
#12088=CARTESIAN_POINT('',(251.8084,134.847799999999,0.));
#12089=CARTESIAN_POINT('',(238.9084,134.847799999999,1.6));
#12090=CARTESIAN_POINT('',(251.8084,134.847799999999,1.6));
#12091=CARTESIAN_POINT('',(238.9084,134.847799999999,0.));
#12092=CARTESIAN_POINT('Ctrl Pts',(252.161953,134.701352999999,0.));
#12093=CARTESIAN_POINT('Ctrl Pts',(252.161953,134.701352999999,1.6));
#12094=CARTESIAN_POINT('Ctrl Pts',(252.068185,134.795121999999,0.));
#12095=CARTESIAN_POINT('Ctrl Pts',(252.068185,134.795121999999,1.6));
#12096=CARTESIAN_POINT('Ctrl Pts',(251.941008,134.847799999999,0.));
#12097=CARTESIAN_POINT('Ctrl Pts',(251.941008,134.847799999999,1.6));
#12098=CARTESIAN_POINT('Ctrl Pts',(251.8084,134.847799999999,0.));
#12099=CARTESIAN_POINT('Ctrl Pts',(251.8084,134.847799999999,1.6));
#12100=CARTESIAN_POINT('',(252.161953,134.701352999999,1.6));
#12101=CARTESIAN_POINT('',(252.161953,134.701352999999,0.));
#12102=CARTESIAN_POINT('Ctrl Pts',(252.161953,134.701352999999,1.6));
#12103=CARTESIAN_POINT('Ctrl Pts',(252.068185,134.795121999999,1.6));
#12104=CARTESIAN_POINT('Ctrl Pts',(251.941008,134.847799999999,1.6));
#12105=CARTESIAN_POINT('Ctrl Pts',(251.8084,134.847799999999,1.6));
#12106=CARTESIAN_POINT('Ctrl Pts',(252.3084,134.347799999999,0.));
#12107=CARTESIAN_POINT('Ctrl Pts',(252.3084,134.347799999999,1.6));
#12108=CARTESIAN_POINT('Ctrl Pts',(252.3084,134.480407999999,0.));
#12109=CARTESIAN_POINT('Ctrl Pts',(252.3084,134.480407999999,1.6));
#12110=CARTESIAN_POINT('Ctrl Pts',(252.255722,134.607584999999,0.));
#12111=CARTESIAN_POINT('Ctrl Pts',(252.255722,134.607584999999,1.6));
#12112=CARTESIAN_POINT('Ctrl Pts',(252.161953,134.701352999999,0.));
#12113=CARTESIAN_POINT('Ctrl Pts',(252.161953,134.701352999999,1.6));
#12114=CARTESIAN_POINT('',(252.3084,134.347799999999,1.6));
#12115=CARTESIAN_POINT('',(252.3084,134.347799999999,0.));
#12116=CARTESIAN_POINT('Ctrl Pts',(252.3084,134.347799999999,1.6));
#12117=CARTESIAN_POINT('Ctrl Pts',(252.3084,134.480407999999,1.6));
#12118=CARTESIAN_POINT('Ctrl Pts',(252.255722,134.607584999999,1.6));
#12119=CARTESIAN_POINT('Ctrl Pts',(252.161953,134.701352999999,1.6));
#12120=CARTESIAN_POINT('Origin',(252.3084,121.447799999999,0.));
#12121=CARTESIAN_POINT('',(252.3084,121.447799999999,1.6));
#12122=CARTESIAN_POINT('',(252.3084,121.447799999999,0.));
#12123=CARTESIAN_POINT('',(252.3084,121.447799999999,1.6));
#12124=CARTESIAN_POINT('Ctrl Pts',(252.161953,121.094246999999,0.));
#12125=CARTESIAN_POINT('Ctrl Pts',(252.161953,121.094246999999,1.6));
#12126=CARTESIAN_POINT('Ctrl Pts',(252.255722,121.188014999999,0.));
#12127=CARTESIAN_POINT('Ctrl Pts',(252.255722,121.188014999999,1.6));
#12128=CARTESIAN_POINT('Ctrl Pts',(252.3084,121.315191999999,0.));
#12129=CARTESIAN_POINT('Ctrl Pts',(252.3084,121.315191999999,1.6));
#12130=CARTESIAN_POINT('Ctrl Pts',(252.3084,121.447799999999,0.));
#12131=CARTESIAN_POINT('Ctrl Pts',(252.3084,121.447799999999,1.6));
#12132=CARTESIAN_POINT('',(252.161953,121.094246999999,1.6));
#12133=CARTESIAN_POINT('',(252.161953,121.094246999999,0.));
#12134=CARTESIAN_POINT('Ctrl Pts',(252.161953,121.094246999999,1.6));
#12135=CARTESIAN_POINT('Ctrl Pts',(252.255722,121.188014999999,1.6));
#12136=CARTESIAN_POINT('Ctrl Pts',(252.3084,121.315191999999,1.6));
#12137=CARTESIAN_POINT('Ctrl Pts',(252.3084,121.447799999999,1.6));
#12138=CARTESIAN_POINT('Ctrl Pts',(251.8084,120.947799999999,0.));
#12139=CARTESIAN_POINT('Ctrl Pts',(251.8084,120.947799999999,1.6));
#12140=CARTESIAN_POINT('Ctrl Pts',(251.941008,120.947799999999,0.));
#12141=CARTESIAN_POINT('Ctrl Pts',(251.941008,120.947799999999,1.6));
#12142=CARTESIAN_POINT('Ctrl Pts',(252.068185,121.000477999999,0.));
#12143=CARTESIAN_POINT('Ctrl Pts',(252.068185,121.000477999999,1.6));
#12144=CARTESIAN_POINT('Ctrl Pts',(252.161953,121.094246999999,0.));
#12145=CARTESIAN_POINT('Ctrl Pts',(252.161953,121.094246999999,1.6));
#12146=CARTESIAN_POINT('',(251.8084,120.947799999999,1.6));
#12147=CARTESIAN_POINT('',(251.8084,120.947799999999,0.));
#12148=CARTESIAN_POINT('Ctrl Pts',(251.8084,120.947799999999,1.6));
#12149=CARTESIAN_POINT('Ctrl Pts',(251.941008,120.947799999999,1.6));
#12150=CARTESIAN_POINT('Ctrl Pts',(252.068185,121.000477999999,1.6));
#12151=CARTESIAN_POINT('Ctrl Pts',(252.161953,121.094246999999,1.6));
#12152=CARTESIAN_POINT('Origin',(238.9084,120.947799999999,0.));
#12153=CARTESIAN_POINT('',(238.9084,120.947799999999,1.6));
#12154=CARTESIAN_POINT('',(238.9084,120.947799999999,0.));
#12155=CARTESIAN_POINT('',(238.9084,120.947799999999,1.6));
#12156=CARTESIAN_POINT('Ctrl Pts',(238.554847,121.094246999999,0.));
#12157=CARTESIAN_POINT('Ctrl Pts',(238.554847,121.094246999999,1.6));
#12158=CARTESIAN_POINT('Ctrl Pts',(238.648615,121.000477999999,0.));
#12159=CARTESIAN_POINT('Ctrl Pts',(238.648615,121.000477999999,1.6));
#12160=CARTESIAN_POINT('Ctrl Pts',(238.775792,120.947799999999,0.));
#12161=CARTESIAN_POINT('Ctrl Pts',(238.775792,120.947799999999,1.6));
#12162=CARTESIAN_POINT('Ctrl Pts',(238.9084,120.947799999999,0.));
#12163=CARTESIAN_POINT('Ctrl Pts',(238.9084,120.947799999999,1.6));
#12164=CARTESIAN_POINT('',(238.554847,121.094246999999,1.6));
#12165=CARTESIAN_POINT('',(238.554847,121.094246999999,0.));
#12166=CARTESIAN_POINT('Ctrl Pts',(238.554847,121.094246999999,1.6));
#12167=CARTESIAN_POINT('Ctrl Pts',(238.648615,121.000477999999,1.6));
#12168=CARTESIAN_POINT('Ctrl Pts',(238.775792,120.947799999999,1.6));
#12169=CARTESIAN_POINT('Ctrl Pts',(238.9084,120.947799999999,1.6));
#12170=CARTESIAN_POINT('Ctrl Pts',(238.4084,121.447799999999,0.));
#12171=CARTESIAN_POINT('Ctrl Pts',(238.4084,121.447799999999,1.6));
#12172=CARTESIAN_POINT('Ctrl Pts',(238.4084,121.315191999999,0.));
#12173=CARTESIAN_POINT('Ctrl Pts',(238.4084,121.315191999999,1.6));
#12174=CARTESIAN_POINT('Ctrl Pts',(238.461078,121.188014999999,0.));
#12175=CARTESIAN_POINT('Ctrl Pts',(238.461078,121.188014999999,1.6));
#12176=CARTESIAN_POINT('Ctrl Pts',(238.554847,121.094246999999,0.));
#12177=CARTESIAN_POINT('Ctrl Pts',(238.554847,121.094246999999,1.6));
#12178=CARTESIAN_POINT('',(238.4084,121.447799999999,1.6));
#12179=CARTESIAN_POINT('',(238.4084,121.447799999999,0.));
#12180=CARTESIAN_POINT('Ctrl Pts',(238.4084,121.447799999999,1.6));
#12181=CARTESIAN_POINT('Ctrl Pts',(238.4084,121.315191999999,1.6));
#12182=CARTESIAN_POINT('Ctrl Pts',(238.461078,121.188014999999,1.6));
#12183=CARTESIAN_POINT('Ctrl Pts',(238.554847,121.094246999999,1.6));
#12184=CARTESIAN_POINT('Origin',(238.4084,134.347799999999,0.));
#12185=CARTESIAN_POINT('',(238.4084,134.347799999999,1.6));
#12186=CARTESIAN_POINT('',(238.4084,134.347799999999,0.));
#12187=CARTESIAN_POINT('',(238.4084,134.347799999999,1.6));
#12188=CARTESIAN_POINT('Ctrl Pts',(238.554847,134.701352999999,0.));
#12189=CARTESIAN_POINT('Ctrl Pts',(238.554847,134.701352999999,1.6));
#12190=CARTESIAN_POINT('Ctrl Pts',(238.461078,134.607584999999,0.));
#12191=CARTESIAN_POINT('Ctrl Pts',(238.461078,134.607584999999,1.6));
#12192=CARTESIAN_POINT('Ctrl Pts',(238.4084,134.480407999999,0.));
#12193=CARTESIAN_POINT('Ctrl Pts',(238.4084,134.480407999999,1.6));
#12194=CARTESIAN_POINT('Ctrl Pts',(238.4084,134.347799999999,0.));
#12195=CARTESIAN_POINT('Ctrl Pts',(238.4084,134.347799999999,1.6));
#12196=CARTESIAN_POINT('',(238.554847,134.701352999999,1.6));
#12197=CARTESIAN_POINT('',(238.554847,134.701352999999,0.));
#12198=CARTESIAN_POINT('Ctrl Pts',(238.554847,134.701352999999,1.6));
#12199=CARTESIAN_POINT('Ctrl Pts',(238.461078,134.607584999999,1.6));
#12200=CARTESIAN_POINT('Ctrl Pts',(238.4084,134.480407999999,1.6));
#12201=CARTESIAN_POINT('Ctrl Pts',(238.4084,134.347799999999,1.6));
#12202=CARTESIAN_POINT('Ctrl Pts',(238.9084,134.847799999999,0.));
#12203=CARTESIAN_POINT('Ctrl Pts',(238.9084,134.847799999999,1.6));
#12204=CARTESIAN_POINT('Ctrl Pts',(238.775792,134.847799999999,0.));
#12205=CARTESIAN_POINT('Ctrl Pts',(238.775792,134.847799999999,1.6));
#12206=CARTESIAN_POINT('Ctrl Pts',(238.648615,134.795121999999,0.));
#12207=CARTESIAN_POINT('Ctrl Pts',(238.648615,134.795121999999,1.6));
#12208=CARTESIAN_POINT('Ctrl Pts',(238.554847,134.701352999999,0.));
#12209=CARTESIAN_POINT('Ctrl Pts',(238.554847,134.701352999999,1.6));
#12210=CARTESIAN_POINT('Ctrl Pts',(238.9084,134.847799999999,1.6));
#12211=CARTESIAN_POINT('Ctrl Pts',(238.775792,134.847799999999,1.6));
#12212=CARTESIAN_POINT('Ctrl Pts',(238.648615,134.795121999999,1.6));
#12213=CARTESIAN_POINT('Ctrl Pts',(238.554847,134.701352999999,1.6));
#12214=CARTESIAN_POINT('Origin',(200.367416552191,162.496299999862,0.));
#12215=CARTESIAN_POINT('',(200.367416552191,162.496300000073,0.));
#12216=CARTESIAN_POINT('',(217.380218903461,162.49629999968,0.));
#12217=CARTESIAN_POINT('Ctrl Pts',(197.023156137301,161.570020009267,0.));
#12218=CARTESIAN_POINT('Ctrl Pts',(197.023156137301,161.570020009267,9.01974221349718));
#12219=CARTESIAN_POINT('Ctrl Pts',(197.023165643148,161.570025712607,0.));
#12220=CARTESIAN_POINT('Ctrl Pts',(197.023165643148,161.570025712607,9.01974221349718));
#12221=CARTESIAN_POINT('Ctrl Pts',(197.023175149075,161.570031415996,0.));
#12222=CARTESIAN_POINT('Ctrl Pts',(197.023175149075,161.570031415996,9.01974221349718));
#12223=CARTESIAN_POINT('Ctrl Pts',(197.023184654861,161.570037119301,0.));
#12224=CARTESIAN_POINT('Ctrl Pts',(197.023184654861,161.570037119301,9.01974221349718));
#12225=CARTESIAN_POINT('Ctrl Pts',(197.039488827169,161.579819335984,0.));
#12226=CARTESIAN_POINT('Ctrl Pts',(197.039488827169,161.579819335984,9.01974221349718));
#12227=CARTESIAN_POINT('Ctrl Pts',(197.093921398118,161.612022897114,0.));
#12228=CARTESIAN_POINT('Ctrl Pts',(197.093921398118,161.612022897114,9.01974221349718));
#12229=CARTESIAN_POINT('Ctrl Pts',(197.129564812272,161.632498830177,0.));
#12230=CARTESIAN_POINT('Ctrl Pts',(197.129564812272,161.632498830177,9.01974221349718));
#12231=CARTESIAN_POINT('Ctrl Pts',(198.114083277067,162.198071311463,0.));
#12232=CARTESIAN_POINT('Ctrl Pts',(198.114083277067,162.198071311463,9.01974221349718));
#12233=CARTESIAN_POINT('Ctrl Pts',(199.230686690203,162.496311579869,0.));
#12234=CARTESIAN_POINT('Ctrl Pts',(199.230686690203,162.496311579869,9.01974221349718));
#12235=CARTESIAN_POINT('Ctrl Pts',(200.367416552191,162.496300000073,0.));
#12236=CARTESIAN_POINT('Ctrl Pts',(200.367416552191,162.496300000073,9.01974221349718));
#12237=CARTESIAN_POINT('',(197.023159308634,161.57002191201,1.6));
#12238=CARTESIAN_POINT('',(197.023159308634,161.57002191201,0.));
#12239=CARTESIAN_POINT('',(197.023159308634,161.57002191201,0.));
#12240=CARTESIAN_POINT('Origin',(190.067051645271,157.3962,0.));
#12241=CARTESIAN_POINT('Ctrl Pts',(259.036499999927,86.472338843137,0.));
#12242=CARTESIAN_POINT('Ctrl Pts',(259.036499999927,86.472338843137,9.01994894302482));
#12243=CARTESIAN_POINT('Ctrl Pts',(259.036541362818,84.0754765266334,0.));
#12244=CARTESIAN_POINT('Ctrl Pts',(259.036541362818,84.0754765266334,9.01994894302482));
#12245=CARTESIAN_POINT('Ctrl Pts',(257.714345928983,81.910666039629,0.));
#12246=CARTESIAN_POINT('Ctrl Pts',(257.714345928983,81.910666039629,9.01994894302482));
#12247=CARTESIAN_POINT('Ctrl Pts',(255.688876581387,80.7873893353633,0.));
#12248=CARTESIAN_POINT('Ctrl Pts',(255.688876581387,80.7873893353633,9.01994894302482));
#12249=CARTESIAN_POINT('Ctrl Pts',(255.101012633136,80.4613740939419,0.));
#12250=CARTESIAN_POINT('Ctrl Pts',(255.101012633136,80.4613740939419,9.01994894302482));
#12251=CARTESIAN_POINT('Ctrl Pts',(254.452574412335,80.222218469349,0.));
#12252=CARTESIAN_POINT('Ctrl Pts',(254.452574412335,80.222218469349,9.01994894302482));
#12253=CARTESIAN_POINT('Ctrl Pts',(253.769549344934,80.0902525222452,0.));
#12254=CARTESIAN_POINT('Ctrl Pts',(253.769549344934,80.0902525222452,9.01994894302482));
#12255=CARTESIAN_POINT('',(259.036499999927,86.4723388431406,0.));
#12256=CARTESIAN_POINT('Origin',(259.036499999637,135.447649563466,0.));
#12257=CARTESIAN_POINT('',(259.036499999637,135.447649563466,0.));
#12258=CARTESIAN_POINT('Ctrl Pts',(256.301308858408,140.746442871373,0.));
#12259=CARTESIAN_POINT('Ctrl Pts',(256.301308858408,140.746442871373,9.00301663976684));
#12260=CARTESIAN_POINT('Ctrl Pts',(258.014369196829,139.529287349341,0.));
#12261=CARTESIAN_POINT('Ctrl Pts',(258.014369196829,139.529287349341,9.00301663976684));
#12262=CARTESIAN_POINT('Ctrl Pts',(259.036530282223,137.549083646879,0.));
#12263=CARTESIAN_POINT('Ctrl Pts',(259.036530282223,137.549083646879,9.00301663976684));
#12264=CARTESIAN_POINT('Ctrl Pts',(259.036499999637,135.447649563466,0.));
#12265=CARTESIAN_POINT('Ctrl Pts',(259.036499999637,135.447649563466,9.00301663976684));
#12266=CARTESIAN_POINT('',(256.301308858408,140.746442871373,0.));
#12267=CARTESIAN_POINT('Origin',(238.793183537819,153.186389808879,0.));
#12268=CARTESIAN_POINT('',(238.793183537819,153.186389808879,0.));
#12269=CARTESIAN_POINT('Ctrl Pts',(237.742119279709,153.794137398309,0.));
#12270=CARTESIAN_POINT('Ctrl Pts',(237.742119279709,153.794137398309,9.01990055782634));
#12271=CARTESIAN_POINT('Ctrl Pts',(237.74213352512,153.794130852423,0.));
#12272=CARTESIAN_POINT('Ctrl Pts',(237.74213352512,153.794130852423,9.01990055782634));
#12273=CARTESIAN_POINT('Ctrl Pts',(237.742147769791,153.794124306877,0.));
#12274=CARTESIAN_POINT('Ctrl Pts',(237.742147769791,153.794124306877,9.01990055782634));
#12275=CARTESIAN_POINT('Ctrl Pts',(237.742162015143,153.794117761018,0.));
#12276=CARTESIAN_POINT('Ctrl Pts',(237.742162015143,153.794117761018,9.01990055782634));
#12277=CARTESIAN_POINT('Ctrl Pts',(237.759524583381,153.786139515115,0.));
#12278=CARTESIAN_POINT('Ctrl Pts',(237.759524583381,153.786139515115,9.01990055782634));
#12279=CARTESIAN_POINT('Ctrl Pts',(237.817242077472,153.759182703739,0.));
#12280=CARTESIAN_POINT('Ctrl Pts',(237.817242077472,153.759182703739,9.01990055782634));
#12281=CARTESIAN_POINT('Ctrl Pts',(237.854526494139,153.741179656244,0.));
#12282=CARTESIAN_POINT('Ctrl Pts',(237.854526494139,153.741179656244,9.01990055782634));
#12283=CARTESIAN_POINT('Ctrl Pts',(238.182339076113,153.582893004338,0.));
#12284=CARTESIAN_POINT('Ctrl Pts',(238.182339076113,153.582893004338,9.01990055782634));
#12285=CARTESIAN_POINT('Ctrl Pts',(238.496335241804,153.397318873152,0.));
#12286=CARTESIAN_POINT('Ctrl Pts',(238.496335241804,153.397318873152,9.01990055782634));
#12287=CARTESIAN_POINT('Ctrl Pts',(238.793183537819,153.18638980888,0.));
#12288=CARTESIAN_POINT('Ctrl Pts',(238.793183537819,153.18638980888,9.01990055782634));
#12289=CARTESIAN_POINT('',(237.742119279003,153.794137398633,0.));
#12290=CARTESIAN_POINT('Origin',(220.093965693254,161.902807965576,0.));
#12291=CARTESIAN_POINT('',(220.093965693047,161.902807965671,0.));
#12292=CARTESIAN_POINT('Ctrl Pts',(217.380218903461,162.49629999968,0.));
#12293=CARTESIAN_POINT('Ctrl Pts',(217.380218903461,162.49629999968,9.01274901201029));
#12294=CARTESIAN_POINT('Ctrl Pts',(218.042302478821,162.496323809522,0.));
#12295=CARTESIAN_POINT('Ctrl Pts',(218.042302478821,162.496323809522,9.01274901201029));
#12296=CARTESIAN_POINT('Ctrl Pts',(218.69894139719,162.395190400174,0.));
#12297=CARTESIAN_POINT('Ctrl Pts',(218.69894139719,162.395190400174,9.01274901201029));
#12298=CARTESIAN_POINT('Ctrl Pts',(219.327631945549,162.197790731952,0.));
#12299=CARTESIAN_POINT('Ctrl Pts',(219.327631945549,162.197790731952,9.01274901201029));
#12300=CARTESIAN_POINT('Ctrl Pts',(219.563204154166,162.12382449221,0.));
#12301=CARTESIAN_POINT('Ctrl Pts',(219.563204154166,162.12382449221,9.01274901201029));
#12302=CARTESIAN_POINT('Ctrl Pts',(219.794868370798,162.036337861711,0.));
#12303=CARTESIAN_POINT('Ctrl Pts',(219.794868370798,162.036337861711,9.01274901201029));
#12304=CARTESIAN_POINT('Ctrl Pts',(220.021411420641,161.935603531337,0.));
#12305=CARTESIAN_POINT('Ctrl Pts',(220.021411420641,161.935603531337,9.01274901201029));
#12306=CARTESIAN_POINT('Ctrl Pts',(220.045643446026,161.924828551251,0.));
#12307=CARTESIAN_POINT('Ctrl Pts',(220.045643446026,161.924828551251,9.01274901201029));
#12308=CARTESIAN_POINT('Ctrl Pts',(220.082768436441,161.907951889347,0.));
#12309=CARTESIAN_POINT('Ctrl Pts',(220.082768436441,161.907951889347,9.01274901201029));
#12310=CARTESIAN_POINT('Ctrl Pts',(220.093898723761,161.902838730787,0.));
#12311=CARTESIAN_POINT('Ctrl Pts',(220.093898723761,161.902838730787,9.01274901201029));
#12312=CARTESIAN_POINT('Ctrl Pts',(220.093921046755,161.902828475795,0.));
#12313=CARTESIAN_POINT('Ctrl Pts',(220.093921046755,161.902828475795,9.01274901201029));
#12314=CARTESIAN_POINT('Ctrl Pts',(220.093943369628,161.902818220859,0.));
#12315=CARTESIAN_POINT('Ctrl Pts',(220.093943369628,161.902818220859,9.01274901201029));
#12316=CARTESIAN_POINT('Ctrl Pts',(220.093965692816,161.902807965777,0.));
#12317=CARTESIAN_POINT('Ctrl Pts',(220.093965692816,161.902807965777,9.01274901201029));
#12318=CARTESIAN_POINT('Origin',(199.036618823966,112.988864444324,1.6));
#12319=CARTESIAN_POINT('Origin',(158.8683,197.963067852242,0.));
#12320=CARTESIAN_POINT('',(160.1183,197.963067852242,1.6));
#12321=CARTESIAN_POINT('Origin',(158.8683,197.963067852242,1.6));
#12322=CARTESIAN_POINT('',(160.1183,197.963067852242,0.));
#12323=CARTESIAN_POINT('',(160.1183,197.963067852242,0.));
#12324=CARTESIAN_POINT('Origin',(158.8683,197.963067852242,0.));
#12325=CARTESIAN_POINT('Origin',(148.572832144098,224.107183926121,0.));
#12326=CARTESIAN_POINT('',(149.822832144098,224.107183926121,1.6));
#12327=CARTESIAN_POINT('Origin',(148.572832144098,224.107183926121,1.6));
#12328=CARTESIAN_POINT('',(149.822832144098,224.107183926121,0.));
#12329=CARTESIAN_POINT('',(149.822832144098,224.107183926121,0.));
#12330=CARTESIAN_POINT('Origin',(148.572832144098,224.107183926121,0.));
#12331=CARTESIAN_POINT('Origin',(164.3728,266.707167852242,0.));
#12332=CARTESIAN_POINT('',(165.6228,266.707167852242,1.6));
#12333=CARTESIAN_POINT('Origin',(164.3728,266.707167852242,1.6));
#12334=CARTESIAN_POINT('',(165.6228,266.707167852242,0.));
#12335=CARTESIAN_POINT('',(165.6228,266.707167852242,0.));
#12336=CARTESIAN_POINT('Origin',(164.3728,266.707167852242,0.));
#12337=CARTESIAN_POINT('Origin',(240.5401,260.803799999999,0.));
#12338=CARTESIAN_POINT('',(241.7901,260.803799999999,1.6));
#12339=CARTESIAN_POINT('Origin',(240.5401,260.803799999999,1.6));
#12340=CARTESIAN_POINT('',(241.7901,260.803799999999,0.));
#12341=CARTESIAN_POINT('',(241.7901,260.803799999999,0.));
#12342=CARTESIAN_POINT('Origin',(240.5401,260.803799999999,0.));
#12343=CARTESIAN_POINT('Origin',(233.8334,203.872767852241,0.));
#12344=CARTESIAN_POINT('',(235.0834,203.872767852241,1.6));
#12345=CARTESIAN_POINT('Origin',(233.8334,203.872767852241,1.6));
#12346=CARTESIAN_POINT('',(235.0834,203.872767852241,0.));
#12347=CARTESIAN_POINT('',(235.0834,203.872767852241,0.));
#12348=CARTESIAN_POINT('Origin',(233.8334,203.872767852241,0.));
#12349=CARTESIAN_POINT('Origin',(155.6728,224.107167852242,0.));
#12350=CARTESIAN_POINT('',(156.9228,224.107167852242,1.6));
#12351=CARTESIAN_POINT('Origin',(155.6728,224.107167852242,1.6));
#12352=CARTESIAN_POINT('',(156.9228,224.107167852242,0.));
#12353=CARTESIAN_POINT('',(156.9228,224.107167852242,0.));
#12354=CARTESIAN_POINT('Origin',(155.6728,224.107167852242,0.));
#12355=CARTESIAN_POINT('Origin',(206.3584,221.897767852241,0.));
#12356=CARTESIAN_POINT('',(207.6084,221.897767852241,1.6));
#12357=CARTESIAN_POINT('Origin',(206.3584,221.897767852241,1.6));
#12358=CARTESIAN_POINT('',(207.6084,221.897767852241,0.));
#12359=CARTESIAN_POINT('',(207.6084,221.897767852241,0.));
#12360=CARTESIAN_POINT('Origin',(206.3584,221.897767852241,0.));
#12361=CARTESIAN_POINT('Origin',(220.093965693254,281.902807965576,0.));
#12362=CARTESIAN_POINT('',(237.742119279003,273.794137398633,0.));
#12363=CARTESIAN_POINT('',(220.093965691653,281.902807966311,0.));
#12364=CARTESIAN_POINT('',(237.742119279003,273.794137398633,0.));
#12365=CARTESIAN_POINT('',(220.093965691653,281.902807966311,1.6));
#12366=CARTESIAN_POINT('',(220.093965691653,281.902807966311,0.));
#12367=CARTESIAN_POINT('',(237.742119279003,273.794137398633,1.6));
#12368=CARTESIAN_POINT('',(237.742119279003,273.794137398633,1.6));
#12369=CARTESIAN_POINT('',(237.742119279003,273.794137398633,0.));
#12370=CARTESIAN_POINT('Ctrl Pts',(217.380218903462,282.49629999968,0.));
#12371=CARTESIAN_POINT('Ctrl Pts',(217.380218903462,282.49629999968,1.6));
#12372=CARTESIAN_POINT('Ctrl Pts',(218.042302478822,282.496323809522,0.));
#12373=CARTESIAN_POINT('Ctrl Pts',(218.042302478822,282.496323809522,1.6));
#12374=CARTESIAN_POINT('Ctrl Pts',(218.698941397191,282.395190400174,0.));
#12375=CARTESIAN_POINT('Ctrl Pts',(218.698941397191,282.395190400174,1.6));
#12376=CARTESIAN_POINT('Ctrl Pts',(219.327631945549,282.197790731952,0.));
#12377=CARTESIAN_POINT('Ctrl Pts',(219.327631945549,282.197790731952,1.6));
#12378=CARTESIAN_POINT('Ctrl Pts',(219.563204154166,282.12382449221,0.));
#12379=CARTESIAN_POINT('Ctrl Pts',(219.563204154166,282.12382449221,1.6));
#12380=CARTESIAN_POINT('Ctrl Pts',(219.794868370798,282.036337861711,0.));
#12381=CARTESIAN_POINT('Ctrl Pts',(219.794868370798,282.036337861711,1.6));
#12382=CARTESIAN_POINT('Ctrl Pts',(220.021411420641,281.935603531338,0.));
#12383=CARTESIAN_POINT('Ctrl Pts',(220.021411420641,281.935603531338,1.6));
#12384=CARTESIAN_POINT('Ctrl Pts',(220.045643446026,281.924828551251,0.));
#12385=CARTESIAN_POINT('Ctrl Pts',(220.045643446026,281.924828551251,1.6));
#12386=CARTESIAN_POINT('Ctrl Pts',(220.082768436441,281.907951889347,0.));
#12387=CARTESIAN_POINT('Ctrl Pts',(220.082768436441,281.907951889347,1.6));
#12388=CARTESIAN_POINT('Ctrl Pts',(220.093898723761,281.902838730787,0.));
#12389=CARTESIAN_POINT('Ctrl Pts',(220.093898723761,281.902838730787,1.6));
#12390=CARTESIAN_POINT('Ctrl Pts',(220.093921046291,281.902828476008,0.));
#12391=CARTESIAN_POINT('Ctrl Pts',(220.093921046291,281.902828476008,1.6));
#12392=CARTESIAN_POINT('Ctrl Pts',(220.093943367133,281.902818222005,0.));
#12393=CARTESIAN_POINT('Ctrl Pts',(220.093943367133,281.902818222005,1.6));
#12394=CARTESIAN_POINT('Ctrl Pts',(220.093965689857,281.902807967137,0.));
#12395=CARTESIAN_POINT('Ctrl Pts',(220.093965689857,281.902807967137,1.6));
#12396=CARTESIAN_POINT('',(217.380218903461,282.49629999968,0.));
#12397=CARTESIAN_POINT('Ctrl Pts',(217.380218903462,282.49629999968,0.));
#12398=CARTESIAN_POINT('Ctrl Pts',(218.042302478822,282.496323809522,0.));
#12399=CARTESIAN_POINT('Ctrl Pts',(218.698941397191,282.395190400174,0.));
#12400=CARTESIAN_POINT('Ctrl Pts',(219.327631945549,282.197790731952,0.));
#12401=CARTESIAN_POINT('Ctrl Pts',(219.563204154166,282.12382449221,0.));
#12402=CARTESIAN_POINT('Ctrl Pts',(219.794868370798,282.036337861711,0.));
#12403=CARTESIAN_POINT('Ctrl Pts',(220.021411420641,281.935603531338,0.));
#12404=CARTESIAN_POINT('Ctrl Pts',(220.045643446026,281.924828551251,0.));
#12405=CARTESIAN_POINT('Ctrl Pts',(220.082768436441,281.907951889347,0.));
#12406=CARTESIAN_POINT('Ctrl Pts',(220.093898723761,281.902838730787,0.));
#12407=CARTESIAN_POINT('Ctrl Pts',(220.093921046291,281.902828476008,0.));
#12408=CARTESIAN_POINT('Ctrl Pts',(220.093943367133,281.902818222005,0.));
#12409=CARTESIAN_POINT('Ctrl Pts',(220.093965689857,281.902807967137,0.));
#12410=CARTESIAN_POINT('',(217.380218903461,282.49629999968,1.6));
#12411=CARTESIAN_POINT('',(217.380218903461,282.49629999968,0.));
#12412=CARTESIAN_POINT('Ctrl Pts',(217.380218903462,282.49629999968,1.6));
#12413=CARTESIAN_POINT('Ctrl Pts',(218.042302478822,282.496323809522,1.6));
#12414=CARTESIAN_POINT('Ctrl Pts',(218.698941397191,282.395190400174,1.6));
#12415=CARTESIAN_POINT('Ctrl Pts',(219.327631945549,282.197790731952,1.6));
#12416=CARTESIAN_POINT('Ctrl Pts',(219.563204154166,282.12382449221,1.6));
#12417=CARTESIAN_POINT('Ctrl Pts',(219.794868370798,282.036337861711,1.6));
#12418=CARTESIAN_POINT('Ctrl Pts',(220.021411420641,281.935603531338,1.6));
#12419=CARTESIAN_POINT('Ctrl Pts',(220.045643446026,281.924828551251,1.6));
#12420=CARTESIAN_POINT('Ctrl Pts',(220.082768436441,281.907951889347,1.6));
#12421=CARTESIAN_POINT('Ctrl Pts',(220.093898723761,281.902838730787,1.6));
#12422=CARTESIAN_POINT('Ctrl Pts',(220.093921046291,281.902828476008,1.6));
#12423=CARTESIAN_POINT('Ctrl Pts',(220.093943367133,281.902818222005,1.6));
#12424=CARTESIAN_POINT('Ctrl Pts',(220.093965689857,281.902807967137,1.6));
#12425=CARTESIAN_POINT('Origin',(200.367416552191,282.496299999863,0.));
#12426=CARTESIAN_POINT('',(200.367416552191,282.496299999863,0.));
#12427=CARTESIAN_POINT('',(217.380218903461,282.49629999968,0.));
#12428=CARTESIAN_POINT('',(200.367416552191,282.496299999863,1.6));
#12429=CARTESIAN_POINT('',(200.367416552191,282.496299999863,0.));
#12430=CARTESIAN_POINT('',(217.380218903461,282.49629999968,1.6));
#12431=CARTESIAN_POINT('Ctrl Pts',(197.023156137625,281.570020009461,0.));
#12432=CARTESIAN_POINT('Ctrl Pts',(197.023156137625,281.570020009461,1.6));
#12433=CARTESIAN_POINT('Ctrl Pts',(197.023165643471,281.570025712801,0.));
#12434=CARTESIAN_POINT('Ctrl Pts',(197.023165643471,281.570025712801,1.6));
#12435=CARTESIAN_POINT('Ctrl Pts',(197.023175149075,281.570031415996,0.));
#12436=CARTESIAN_POINT('Ctrl Pts',(197.023175149075,281.570031415996,1.6));
#12437=CARTESIAN_POINT('Ctrl Pts',(197.023184654861,281.570037119301,0.));
#12438=CARTESIAN_POINT('Ctrl Pts',(197.023184654861,281.570037119301,1.6));
#12439=CARTESIAN_POINT('Ctrl Pts',(197.039488827169,281.579819335984,0.));
#12440=CARTESIAN_POINT('Ctrl Pts',(197.039488827169,281.579819335984,1.6));
#12441=CARTESIAN_POINT('Ctrl Pts',(197.093921398118,281.612022897114,0.));
#12442=CARTESIAN_POINT('Ctrl Pts',(197.093921398118,281.612022897114,1.6));
#12443=CARTESIAN_POINT('Ctrl Pts',(197.129564812272,281.632498830177,0.));
#12444=CARTESIAN_POINT('Ctrl Pts',(197.129564812272,281.632498830177,1.6));
#12445=CARTESIAN_POINT('Ctrl Pts',(198.114083277067,282.198071311463,0.));
#12446=CARTESIAN_POINT('Ctrl Pts',(198.114083277067,282.198071311463,1.6));
#12447=CARTESIAN_POINT('Ctrl Pts',(199.230686690203,282.496311579869,0.));
#12448=CARTESIAN_POINT('Ctrl Pts',(199.230686690203,282.496311579869,1.6));
#12449=CARTESIAN_POINT('Ctrl Pts',(200.367416552191,282.496300000073,0.));
#12450=CARTESIAN_POINT('Ctrl Pts',(200.367416552191,282.496300000073,1.6));
#12451=CARTESIAN_POINT('',(197.023159308634,281.57002191201,0.));
#12452=CARTESIAN_POINT('Ctrl Pts',(197.023156137625,281.570020009461,0.));
#12453=CARTESIAN_POINT('Ctrl Pts',(197.023165643471,281.570025712801,0.));
#12454=CARTESIAN_POINT('Ctrl Pts',(197.023175149075,281.570031415996,0.));
#12455=CARTESIAN_POINT('Ctrl Pts',(197.023184654861,281.570037119301,0.));
#12456=CARTESIAN_POINT('Ctrl Pts',(197.039488827169,281.579819335984,0.));
#12457=CARTESIAN_POINT('Ctrl Pts',(197.093921398118,281.612022897114,0.));
#12458=CARTESIAN_POINT('Ctrl Pts',(197.129564812272,281.632498830177,0.));
#12459=CARTESIAN_POINT('Ctrl Pts',(198.114083277067,282.198071311463,0.));
#12460=CARTESIAN_POINT('Ctrl Pts',(199.230686690203,282.496311579869,0.));
#12461=CARTESIAN_POINT('Ctrl Pts',(200.367416552191,282.496300000073,0.));
#12462=CARTESIAN_POINT('',(197.023159308634,281.57002191201,1.6));
#12463=CARTESIAN_POINT('',(197.023159308634,281.57002191201,0.));
#12464=CARTESIAN_POINT('Ctrl Pts',(197.023156137625,281.570020009461,1.6));
#12465=CARTESIAN_POINT('Ctrl Pts',(197.023165643471,281.570025712801,1.6));
#12466=CARTESIAN_POINT('Ctrl Pts',(197.023175149075,281.570031415996,1.6));
#12467=CARTESIAN_POINT('Ctrl Pts',(197.023184654861,281.570037119301,1.6));
#12468=CARTESIAN_POINT('Ctrl Pts',(197.039488827169,281.579819335984,1.6));
#12469=CARTESIAN_POINT('Ctrl Pts',(197.093921398118,281.612022897114,1.6));
#12470=CARTESIAN_POINT('Ctrl Pts',(197.129564812272,281.632498830177,1.6));
#12471=CARTESIAN_POINT('Ctrl Pts',(198.114083277067,282.198071311463,1.6));
#12472=CARTESIAN_POINT('Ctrl Pts',(199.230686690203,282.496311579869,1.6));
#12473=CARTESIAN_POINT('Ctrl Pts',(200.367416552191,282.496300000073,1.6));
#12474=CARTESIAN_POINT('Origin',(190.067051645271,277.3962,0.));
#12475=CARTESIAN_POINT('',(190.067051645271,277.3962,0.));
#12476=CARTESIAN_POINT('',(197.023159308634,281.57002191201,0.));
#12477=CARTESIAN_POINT('',(190.067051645271,277.3962,1.6));
#12478=CARTESIAN_POINT('',(190.067051645271,277.3962,0.));
#12479=CARTESIAN_POINT('',(197.023159308634,281.57002191201,1.6));
#12480=CARTESIAN_POINT('Origin',(142.6294,277.3962,0.));
#12481=CARTESIAN_POINT('',(142.6294,277.3962,0.));
#12482=CARTESIAN_POINT('',(190.067051645271,277.3962,0.));
#12483=CARTESIAN_POINT('',(142.6294,277.3962,1.6));
#12484=CARTESIAN_POINT('',(142.6294,277.3962,0.));
#12485=CARTESIAN_POINT('',(190.067051645271,277.3962,1.6));
#12486=CARTESIAN_POINT('Origin',(142.6294,273.8962,0.));
#12487=CARTESIAN_POINT('',(142.504699113669,277.393977821553,0.));
#12488=CARTESIAN_POINT('Origin',(142.6294,273.8962,0.));
#12489=CARTESIAN_POINT('',(142.504699113669,277.393977821553,1.6));
#12490=CARTESIAN_POINT('',(142.504699113669,277.393977821553,0.));
#12491=CARTESIAN_POINT('Origin',(142.6294,273.8962,1.6));
#12492=CARTESIAN_POINT('Ctrl Pts',(140.000450117969,276.250342463617,0.));
#12493=CARTESIAN_POINT('Ctrl Pts',(140.000450117969,276.250342463617,1.6));
#12494=CARTESIAN_POINT('Ctrl Pts',(140.649572708293,276.947622640909,0.));
#12495=CARTESIAN_POINT('Ctrl Pts',(140.649572708293,276.947622640909,1.6));
#12496=CARTESIAN_POINT('Ctrl Pts',(141.552671595687,277.360036650512,0.));
#12497=CARTESIAN_POINT('Ctrl Pts',(141.552671595687,277.360036650512,1.6));
#12498=CARTESIAN_POINT('Ctrl Pts',(142.504699113668,277.393977821553,0.));
#12499=CARTESIAN_POINT('Ctrl Pts',(142.504699113668,277.393977821553,1.6));
#12500=CARTESIAN_POINT('',(140.000445408192,276.250337404418,0.));
#12501=CARTESIAN_POINT('Ctrl Pts',(140.000450117969,276.250342463617,0.));
#12502=CARTESIAN_POINT('Ctrl Pts',(140.649572708293,276.947622640909,0.));
#12503=CARTESIAN_POINT('Ctrl Pts',(141.552671595687,277.360036650512,0.));
#12504=CARTESIAN_POINT('Ctrl Pts',(142.504699113668,277.393977821553,0.));
#12505=CARTESIAN_POINT('',(140.000445408192,276.250337404418,1.6));
#12506=CARTESIAN_POINT('',(140.000445408192,276.250337404418,0.));
#12507=CARTESIAN_POINT('Ctrl Pts',(140.000450117969,276.250342463617,1.6));
#12508=CARTESIAN_POINT('Ctrl Pts',(140.649572708293,276.947622640909,1.6));
#12509=CARTESIAN_POINT('Ctrl Pts',(141.552671595687,277.360036650512,1.6));
#12510=CARTESIAN_POINT('Ctrl Pts',(142.504699113668,277.393977821553,1.6));
#12511=CARTESIAN_POINT('Ctrl Pts',(139.0364,273.77862122718,0.));
#12512=CARTESIAN_POINT('Ctrl Pts',(139.0364,273.77862122718,1.6));
#12513=CARTESIAN_POINT('Ctrl Pts',(139.031023385401,274.693206425101,0.));
#12514=CARTESIAN_POINT('Ctrl Pts',(139.031023385401,274.693206425101,1.6));
#12515=CARTESIAN_POINT('Ctrl Pts',(139.375817600582,275.579366589925,0.));
#12516=CARTESIAN_POINT('Ctrl Pts',(139.375817600582,275.579366589925,1.6));
#12517=CARTESIAN_POINT('Ctrl Pts',(140.000445408192,276.250337404418,0.));
#12518=CARTESIAN_POINT('Ctrl Pts',(140.000445408192,276.250337404418,1.6));
#12519=CARTESIAN_POINT('',(139.0364,273.77862122718,0.));
#12520=CARTESIAN_POINT('Ctrl Pts',(139.0364,273.77862122718,0.));
#12521=CARTESIAN_POINT('Ctrl Pts',(139.031023385401,274.693206425101,0.));
#12522=CARTESIAN_POINT('Ctrl Pts',(139.375817600582,275.579366589925,0.));
#12523=CARTESIAN_POINT('Ctrl Pts',(140.000445408192,276.250337404418,0.));
#12524=CARTESIAN_POINT('',(139.0364,273.77862122718,1.6));
#12525=CARTESIAN_POINT('',(139.0364,273.77862122718,0.));
#12526=CARTESIAN_POINT('Ctrl Pts',(139.0364,273.77862122718,1.6));
#12527=CARTESIAN_POINT('Ctrl Pts',(139.031023385401,274.693206425101,1.6));
#12528=CARTESIAN_POINT('Ctrl Pts',(139.375817600582,275.579366589925,1.6));
#12529=CARTESIAN_POINT('Ctrl Pts',(140.000445408192,276.250337404418,1.6));
#12530=CARTESIAN_POINT('Origin',(139.0364,214.664504567432,0.));
#12531=CARTESIAN_POINT('',(139.0364,214.664504566865,0.));
#12532=CARTESIAN_POINT('',(139.0364,227.9963,0.));
#12533=CARTESIAN_POINT('',(139.0364,214.664504566865,1.6));
#12534=CARTESIAN_POINT('',(139.0364,214.664504566865,0.));
#12535=CARTESIAN_POINT('',(139.0364,227.9963,1.6));
#12536=CARTESIAN_POINT('Ctrl Pts',(139.651036489472,211.905690202169,0.));
#12537=CARTESIAN_POINT('Ctrl Pts',(139.651036489472,211.905690202169,1.6));
#12538=CARTESIAN_POINT('Ctrl Pts',(139.440890825129,212.353951096231,0.));
#12539=CARTESIAN_POINT('Ctrl Pts',(139.440890825129,212.353951096231,1.6));
#12540=CARTESIAN_POINT('Ctrl Pts',(139.283259644785,212.823449353127,0.));
#12541=CARTESIAN_POINT('Ctrl Pts',(139.283259644785,212.823449353127,1.6));
#12542=CARTESIAN_POINT('Ctrl Pts',(139.180281847607,213.304706218071,0.));
#12543=CARTESIAN_POINT('Ctrl Pts',(139.180281847607,213.304706218071,1.6));
#12544=CARTESIAN_POINT('Ctrl Pts',(139.11533340605,213.608236534536,0.));
#12545=CARTESIAN_POINT('Ctrl Pts',(139.11533340605,213.608236534536,1.6));
#12546=CARTESIAN_POINT('Ctrl Pts',(139.0721153595,213.916474164358,0.));
#12547=CARTESIAN_POINT('Ctrl Pts',(139.0721153595,213.916474164358,1.6));
#12548=CARTESIAN_POINT('Ctrl Pts',(139.051153173312,214.227068232168,0.));
#12549=CARTESIAN_POINT('Ctrl Pts',(139.051153173312,214.227068232168,1.6));
#12550=CARTESIAN_POINT('Ctrl Pts',(139.04404971772,214.332319237391,0.));
#12551=CARTESIAN_POINT('Ctrl Pts',(139.04404971772,214.332319237391,1.6));
#12552=CARTESIAN_POINT('Ctrl Pts',(139.039502085533,214.437839836119,0.));
#12553=CARTESIAN_POINT('Ctrl Pts',(139.039502085533,214.437839836119,1.6));
#12554=CARTESIAN_POINT('Ctrl Pts',(139.037530549239,214.543534071649,0.));
#12555=CARTESIAN_POINT('Ctrl Pts',(139.037530549239,214.543534071649,1.6));
#12556=CARTESIAN_POINT('Ctrl Pts',(139.036779048922,214.583822070271,0.));
#12557=CARTESIAN_POINT('Ctrl Pts',(139.036779048922,214.583822070271,1.6));
#12558=CARTESIAN_POINT('Ctrl Pts',(139.036401018923,214.645819869577,0.));
#12559=CARTESIAN_POINT('Ctrl Pts',(139.036401018923,214.645819869577,1.6));
#12560=CARTESIAN_POINT('Ctrl Pts',(139.036400003717,214.664436401845,0.));
#12561=CARTESIAN_POINT('Ctrl Pts',(139.036400003717,214.664436401845,1.6));
#12562=CARTESIAN_POINT('Ctrl Pts',(139.036400002478,214.664459123539,0.));
#12563=CARTESIAN_POINT('Ctrl Pts',(139.036400002478,214.664459123539,1.6));
#12564=CARTESIAN_POINT('Ctrl Pts',(139.036400001239,214.664481845172,0.));
#12565=CARTESIAN_POINT('Ctrl Pts',(139.036400001239,214.664481845172,1.6));
#12566=CARTESIAN_POINT('Ctrl Pts',(139.0364,214.664504566828,0.));
#12567=CARTESIAN_POINT('Ctrl Pts',(139.0364,214.664504566828,1.6));
#12568=CARTESIAN_POINT('',(139.651036489485,211.905690202141,0.));
#12569=CARTESIAN_POINT('Ctrl Pts',(139.651036489472,211.905690202169,0.));
#12570=CARTESIAN_POINT('Ctrl Pts',(139.440890825129,212.353951096231,0.));
#12571=CARTESIAN_POINT('Ctrl Pts',(139.283259644785,212.823449353127,0.));
#12572=CARTESIAN_POINT('Ctrl Pts',(139.180281847607,213.304706218071,0.));
#12573=CARTESIAN_POINT('Ctrl Pts',(139.11533340605,213.608236534536,0.));
#12574=CARTESIAN_POINT('Ctrl Pts',(139.0721153595,213.916474164358,0.));
#12575=CARTESIAN_POINT('Ctrl Pts',(139.051153173312,214.227068232168,0.));
#12576=CARTESIAN_POINT('Ctrl Pts',(139.04404971772,214.332319237391,0.));
#12577=CARTESIAN_POINT('Ctrl Pts',(139.039502085533,214.437839836119,0.));
#12578=CARTESIAN_POINT('Ctrl Pts',(139.037530549239,214.543534071649,0.));
#12579=CARTESIAN_POINT('Ctrl Pts',(139.036779048922,214.583822070271,0.));
#12580=CARTESIAN_POINT('Ctrl Pts',(139.036401018923,214.645819869577,0.));
#12581=CARTESIAN_POINT('Ctrl Pts',(139.036400003717,214.664436401845,0.));
#12582=CARTESIAN_POINT('Ctrl Pts',(139.036400002478,214.664459123539,0.));
#12583=CARTESIAN_POINT('Ctrl Pts',(139.036400001239,214.664481845172,0.));
#12584=CARTESIAN_POINT('Ctrl Pts',(139.0364,214.664504566828,0.));
#12585=CARTESIAN_POINT('',(139.651036489485,211.905690202141,1.6));
#12586=CARTESIAN_POINT('',(139.651036489485,211.905690202141,0.));
#12587=CARTESIAN_POINT('Ctrl Pts',(139.651036489472,211.905690202169,1.6));
#12588=CARTESIAN_POINT('Ctrl Pts',(139.440890825129,212.353951096231,1.6));
#12589=CARTESIAN_POINT('Ctrl Pts',(139.283259644785,212.823449353127,1.6));
#12590=CARTESIAN_POINT('Ctrl Pts',(139.180281847607,213.304706218071,1.6));
#12591=CARTESIAN_POINT('Ctrl Pts',(139.11533340605,213.608236534536,1.6));
#12592=CARTESIAN_POINT('Ctrl Pts',(139.0721153595,213.916474164358,1.6));
#12593=CARTESIAN_POINT('Ctrl Pts',(139.051153173312,214.227068232168,1.6));
#12594=CARTESIAN_POINT('Ctrl Pts',(139.04404971772,214.332319237391,1.6));
#12595=CARTESIAN_POINT('Ctrl Pts',(139.039502085533,214.437839836119,1.6));
#12596=CARTESIAN_POINT('Ctrl Pts',(139.037530549239,214.543534071649,1.6));
#12597=CARTESIAN_POINT('Ctrl Pts',(139.036779048922,214.583822070271,1.6));
#12598=CARTESIAN_POINT('Ctrl Pts',(139.036401018923,214.645819869577,1.6));
#12599=CARTESIAN_POINT('Ctrl Pts',(139.036400003717,214.664436401845,1.6));
#12600=CARTESIAN_POINT('Ctrl Pts',(139.036400002478,214.664459123539,1.6));
#12601=CARTESIAN_POINT('Ctrl Pts',(139.036400001239,214.664481845172,1.6));
#12602=CARTESIAN_POINT('Ctrl Pts',(139.0364,214.664504566828,1.6));
#12603=CARTESIAN_POINT('Origin',(146.493465755567,197.308641100864,0.));
#12604=CARTESIAN_POINT('',(146.493465755567,197.308641100864,0.));
#12605=CARTESIAN_POINT('',(139.651036489485,211.905690202141,0.));
#12606=CARTESIAN_POINT('',(146.493465755567,197.308641100864,1.6));
#12607=CARTESIAN_POINT('',(146.493465755567,197.308641100864,0.));
#12608=CARTESIAN_POINT('',(139.651036489485,211.905690202141,1.6));
#12609=CARTESIAN_POINT('Ctrl Pts',(148.919774346927,194.564287945628,0.));
#12610=CARTESIAN_POINT('Ctrl Pts',(148.919774346927,194.564287945628,1.6));
#12611=CARTESIAN_POINT('Ctrl Pts',(148.919759790252,194.56429709601,0.));
#12612=CARTESIAN_POINT('Ctrl Pts',(148.919759790252,194.56429709601,1.6));
#12613=CARTESIAN_POINT('Ctrl Pts',(148.919745234441,194.564306245849,0.));
#12614=CARTESIAN_POINT('Ctrl Pts',(148.919745234441,194.564306245849,1.6));
#12615=CARTESIAN_POINT('Ctrl Pts',(148.919730679495,194.564315395145,0.));
#12616=CARTESIAN_POINT('Ctrl Pts',(148.919730679495,194.564315395145,1.6));
#12617=CARTESIAN_POINT('Ctrl Pts',(147.864839873689,195.227423842007,0.));
#12618=CARTESIAN_POINT('Ctrl Pts',(147.864839873689,195.227423842007,1.6));
#12619=CARTESIAN_POINT('Ctrl Pts',(147.022284217375,196.180430625823,0.));
#12620=CARTESIAN_POINT('Ctrl Pts',(147.022284217375,196.180430625823,1.6));
#12621=CARTESIAN_POINT('Ctrl Pts',(146.493465755567,197.308641100864,0.));
#12622=CARTESIAN_POINT('Ctrl Pts',(146.493465755567,197.308641100864,1.6));
#12623=CARTESIAN_POINT('',(148.919774346927,194.564287945628,0.));
#12624=CARTESIAN_POINT('Ctrl Pts',(148.919774346927,194.564287945628,0.));
#12625=CARTESIAN_POINT('Ctrl Pts',(148.919759790252,194.56429709601,0.));
#12626=CARTESIAN_POINT('Ctrl Pts',(148.919745234441,194.564306245849,0.));
#12627=CARTESIAN_POINT('Ctrl Pts',(148.919730679495,194.564315395145,0.));
#12628=CARTESIAN_POINT('Ctrl Pts',(147.864839873689,195.227423842007,0.));
#12629=CARTESIAN_POINT('Ctrl Pts',(147.022284217375,196.180430625823,0.));
#12630=CARTESIAN_POINT('Ctrl Pts',(146.493465755567,197.308641100864,0.));
#12631=CARTESIAN_POINT('',(148.919774346927,194.564287945628,1.6));
#12632=CARTESIAN_POINT('',(148.919774346927,194.564287945628,0.));
#12633=CARTESIAN_POINT('Ctrl Pts',(148.919774346927,194.564287945628,1.6));
#12634=CARTESIAN_POINT('Ctrl Pts',(148.919759790252,194.56429709601,1.6));
#12635=CARTESIAN_POINT('Ctrl Pts',(148.919745234441,194.564306245849,1.6));
#12636=CARTESIAN_POINT('Ctrl Pts',(148.919730679495,194.564315395145,1.6));
#12637=CARTESIAN_POINT('Ctrl Pts',(147.864839873689,195.227423842007,1.6));
#12638=CARTESIAN_POINT('Ctrl Pts',(147.022284217375,196.180430625823,1.6));
#12639=CARTESIAN_POINT('Ctrl Pts',(146.493465755567,197.308641100864,1.6));
#12640=CARTESIAN_POINT('Origin',(164.671304518839,184.663306126173,0.));
#12641=CARTESIAN_POINT('',(164.671304518839,184.663306126173,0.));
#12642=CARTESIAN_POINT('',(148.919774346927,194.564287945628,0.));
#12643=CARTESIAN_POINT('',(164.671304518839,184.663306126173,1.6));
#12644=CARTESIAN_POINT('',(164.671304518839,184.663306126173,0.));
#12645=CARTESIAN_POINT('',(148.919774346927,194.564287945628,1.6));
#12646=CARTESIAN_POINT('Ctrl Pts',(169.363266435567,183.784536504524,0.));
#12647=CARTESIAN_POINT('Ctrl Pts',(169.363266435567,183.784536504524,1.6));
#12648=CARTESIAN_POINT('Ctrl Pts',(167.745492494672,183.472008914216,0.));
#12649=CARTESIAN_POINT('Ctrl Pts',(167.745492494672,183.472008914216,1.6));
#12650=CARTESIAN_POINT('Ctrl Pts',(166.066325313766,183.786504826361,0.));
#12651=CARTESIAN_POINT('Ctrl Pts',(166.066325313766,183.786504826361,1.6));
#12652=CARTESIAN_POINT('Ctrl Pts',(164.671304522116,184.663306124114,0.));
#12653=CARTESIAN_POINT('Ctrl Pts',(164.671304522116,184.663306124114,1.6));
#12654=CARTESIAN_POINT('',(169.363266435567,183.784536504524,0.));
#12655=CARTESIAN_POINT('Ctrl Pts',(169.363266435567,183.784536504524,0.));
#12656=CARTESIAN_POINT('Ctrl Pts',(167.745492494672,183.472008914216,0.));
#12657=CARTESIAN_POINT('Ctrl Pts',(166.066325313766,183.786504826361,0.));
#12658=CARTESIAN_POINT('Ctrl Pts',(164.671304522116,184.663306124114,0.));
#12659=CARTESIAN_POINT('',(169.363266435567,183.784536504524,1.6));
#12660=CARTESIAN_POINT('',(169.363266435567,183.784536504524,0.));
#12661=CARTESIAN_POINT('Ctrl Pts',(169.363266435567,183.784536504524,1.6));
#12662=CARTESIAN_POINT('Ctrl Pts',(167.745492494672,183.472008914216,1.6));
#12663=CARTESIAN_POINT('Ctrl Pts',(166.066325313766,183.786504826361,1.6));
#12664=CARTESIAN_POINT('Ctrl Pts',(164.671304522116,184.663306124114,1.6));
#12665=CARTESIAN_POINT('Origin',(253.769549345196,200.090252522296,0.));
#12666=CARTESIAN_POINT('',(253.769549345214,200.090252522299,0.));
#12667=CARTESIAN_POINT('',(169.363266435567,183.784536504524,0.));
#12668=CARTESIAN_POINT('',(253.769549345214,200.090252522299,1.6));
#12669=CARTESIAN_POINT('',(253.769549345214,200.090252522299,0.));
#12670=CARTESIAN_POINT('',(169.363266435567,183.784536504524,1.6));
#12671=CARTESIAN_POINT('Ctrl Pts',(259.036499999927,206.472338843137,0.));
#12672=CARTESIAN_POINT('Ctrl Pts',(259.036499999927,206.472338843137,1.6));
#12673=CARTESIAN_POINT('Ctrl Pts',(259.036541362818,204.075476526633,0.));
#12674=CARTESIAN_POINT('Ctrl Pts',(259.036541362818,204.075476526633,1.6));
#12675=CARTESIAN_POINT('Ctrl Pts',(257.714345928983,201.910666039629,0.));
#12676=CARTESIAN_POINT('Ctrl Pts',(257.714345928983,201.910666039629,1.6));
#12677=CARTESIAN_POINT('Ctrl Pts',(255.688876581387,200.787389335363,0.));
#12678=CARTESIAN_POINT('Ctrl Pts',(255.688876581387,200.787389335363,1.6));
#12679=CARTESIAN_POINT('Ctrl Pts',(255.101012633136,200.461374093942,0.));
#12680=CARTESIAN_POINT('Ctrl Pts',(255.101012633136,200.461374093942,1.6));
#12681=CARTESIAN_POINT('Ctrl Pts',(254.452574412335,200.222218469349,0.));
#12682=CARTESIAN_POINT('Ctrl Pts',(254.452574412335,200.222218469349,1.6));
#12683=CARTESIAN_POINT('Ctrl Pts',(253.769549344934,200.090252522245,0.));
#12684=CARTESIAN_POINT('Ctrl Pts',(253.769549344934,200.090252522245,1.6));
#12685=CARTESIAN_POINT('',(259.036499999927,206.472338843141,0.));
#12686=CARTESIAN_POINT('Ctrl Pts',(259.036499999927,206.472338843134,0.));
#12687=CARTESIAN_POINT('Ctrl Pts',(259.036541362816,204.075476526631,0.));
#12688=CARTESIAN_POINT('Ctrl Pts',(257.714345928982,201.910666039629,0.));
#12689=CARTESIAN_POINT('Ctrl Pts',(255.688876581387,200.787389335363,0.));
#12690=CARTESIAN_POINT('Ctrl Pts',(255.10101263313,200.461374093939,0.));
#12691=CARTESIAN_POINT('Ctrl Pts',(254.452574412322,200.222218469344,0.));
#12692=CARTESIAN_POINT('Ctrl Pts',(253.769549344914,200.090252522241,0.));
#12693=CARTESIAN_POINT('',(259.036499999927,206.472338843141,1.6));
#12694=CARTESIAN_POINT('',(259.036499999927,206.472338843141,0.));
#12695=CARTESIAN_POINT('Ctrl Pts',(259.036499999927,206.472338843134,1.6));
#12696=CARTESIAN_POINT('Ctrl Pts',(259.036541362816,204.075476526631,1.6));
#12697=CARTESIAN_POINT('Ctrl Pts',(257.714345928982,201.910666039629,1.6));
#12698=CARTESIAN_POINT('Ctrl Pts',(255.688876581387,200.787389335363,1.6));
#12699=CARTESIAN_POINT('Ctrl Pts',(255.10101263313,200.461374093939,1.6));
#12700=CARTESIAN_POINT('Ctrl Pts',(254.452574412322,200.222218469344,1.6));
#12701=CARTESIAN_POINT('Ctrl Pts',(253.769549344914,200.090252522241,1.6));
#12702=CARTESIAN_POINT('Origin',(259.036499999637,255.447649563466,0.));
#12703=CARTESIAN_POINT('',(259.036499999637,255.447649563466,0.));
#12704=CARTESIAN_POINT('',(259.036499999927,206.472338843141,0.));
#12705=CARTESIAN_POINT('',(259.036499999637,255.447649563466,1.6));
#12706=CARTESIAN_POINT('',(259.036499999637,255.447649563466,0.));
#12707=CARTESIAN_POINT('',(259.036499999927,206.472338843141,1.6));
#12708=CARTESIAN_POINT('Ctrl Pts',(256.301308858408,260.746442871373,0.));
#12709=CARTESIAN_POINT('Ctrl Pts',(256.301308858408,260.746442871373,1.6));
#12710=CARTESIAN_POINT('Ctrl Pts',(258.014369196829,259.529287349341,0.));
#12711=CARTESIAN_POINT('Ctrl Pts',(258.014369196829,259.529287349341,1.6));
#12712=CARTESIAN_POINT('Ctrl Pts',(259.036530282223,257.549083646879,0.));
#12713=CARTESIAN_POINT('Ctrl Pts',(259.036530282223,257.549083646879,1.6));
#12714=CARTESIAN_POINT('Ctrl Pts',(259.036499999637,255.447649563466,0.));
#12715=CARTESIAN_POINT('Ctrl Pts',(259.036499999637,255.447649563466,1.6));
#12716=CARTESIAN_POINT('',(256.301308858408,260.746442871373,0.));
#12717=CARTESIAN_POINT('Ctrl Pts',(256.301308858408,260.746442871373,0.));
#12718=CARTESIAN_POINT('Ctrl Pts',(258.014369196829,259.529287349341,0.));
#12719=CARTESIAN_POINT('Ctrl Pts',(259.036530282223,257.549083646879,0.));
#12720=CARTESIAN_POINT('Ctrl Pts',(259.036499999637,255.447649563466,0.));
#12721=CARTESIAN_POINT('',(256.301308858408,260.746442871373,1.6));
#12722=CARTESIAN_POINT('',(256.301308858408,260.746442871373,0.));
#12723=CARTESIAN_POINT('Ctrl Pts',(256.301308858408,260.746442871373,1.6));
#12724=CARTESIAN_POINT('Ctrl Pts',(258.014369196829,259.529287349341,1.6));
#12725=CARTESIAN_POINT('Ctrl Pts',(259.036530282223,257.549083646879,1.6));
#12726=CARTESIAN_POINT('Ctrl Pts',(259.036499999637,255.447649563466,1.6));
#12727=CARTESIAN_POINT('Origin',(238.79318353782,273.186389808879,0.));
#12728=CARTESIAN_POINT('',(238.79318353782,273.186389808879,0.));
#12729=CARTESIAN_POINT('',(256.301308858408,260.746442871373,0.));
#12730=CARTESIAN_POINT('',(238.79318353782,273.186389808879,1.6));
#12731=CARTESIAN_POINT('',(238.79318353782,273.186389808879,0.));
#12732=CARTESIAN_POINT('',(256.301308858408,260.746442871373,1.6));
#12733=CARTESIAN_POINT('Ctrl Pts',(237.742119278707,273.794137398769,0.));
#12734=CARTESIAN_POINT('Ctrl Pts',(237.742119278707,273.794137398769,1.6));
#12735=CARTESIAN_POINT('Ctrl Pts',(237.742133524117,273.794130852884,0.));
#12736=CARTESIAN_POINT('Ctrl Pts',(237.742133524117,273.794130852884,1.6));
#12737=CARTESIAN_POINT('Ctrl Pts',(237.742147769791,273.794124306877,0.));
#12738=CARTESIAN_POINT('Ctrl Pts',(237.742147769791,273.794124306877,1.6));
#12739=CARTESIAN_POINT('Ctrl Pts',(237.742162015143,273.794117761018,0.));
#12740=CARTESIAN_POINT('Ctrl Pts',(237.742162015143,273.794117761018,1.6));
#12741=CARTESIAN_POINT('Ctrl Pts',(237.759524583381,273.786139515115,0.));
#12742=CARTESIAN_POINT('Ctrl Pts',(237.759524583381,273.786139515115,1.6));
#12743=CARTESIAN_POINT('Ctrl Pts',(237.817242077472,273.759182703739,0.));
#12744=CARTESIAN_POINT('Ctrl Pts',(237.817242077472,273.759182703739,1.6));
#12745=CARTESIAN_POINT('Ctrl Pts',(237.854526494139,273.741179656245,0.));
#12746=CARTESIAN_POINT('Ctrl Pts',(237.854526494139,273.741179656245,1.6));
#12747=CARTESIAN_POINT('Ctrl Pts',(238.182339076113,273.582893004338,0.));
#12748=CARTESIAN_POINT('Ctrl Pts',(238.182339076113,273.582893004338,1.6));
#12749=CARTESIAN_POINT('Ctrl Pts',(238.496335241804,273.397318873151,0.));
#12750=CARTESIAN_POINT('Ctrl Pts',(238.496335241804,273.397318873151,1.6));
#12751=CARTESIAN_POINT('Ctrl Pts',(238.793183537819,273.186389808879,0.));
#12752=CARTESIAN_POINT('Ctrl Pts',(238.793183537819,273.186389808879,1.6));
#12753=CARTESIAN_POINT('Ctrl Pts',(237.74211927999,273.79413739818,0.));
#12754=CARTESIAN_POINT('Ctrl Pts',(237.742133524973,273.79413085249,0.));
#12755=CARTESIAN_POINT('Ctrl Pts',(237.742147770219,273.79412430668,0.));
#12756=CARTESIAN_POINT('Ctrl Pts',(237.742162015143,273.794117761018,0.));
#12757=CARTESIAN_POINT('Ctrl Pts',(237.759524583381,273.786139515115,0.));
#12758=CARTESIAN_POINT('Ctrl Pts',(237.817242077472,273.759182703739,0.));
#12759=CARTESIAN_POINT('Ctrl Pts',(237.854526494139,273.741179656245,0.));
#12760=CARTESIAN_POINT('Ctrl Pts',(238.182339076113,273.582893004338,0.));
#12761=CARTESIAN_POINT('Ctrl Pts',(238.496335241804,273.397318873151,0.));
#12762=CARTESIAN_POINT('Ctrl Pts',(238.793183537819,273.186389808879,0.));
#12763=CARTESIAN_POINT('Ctrl Pts',(237.742119278707,273.794137398769,1.6));
#12764=CARTESIAN_POINT('Ctrl Pts',(237.742133524117,273.794130852884,1.6));
#12765=CARTESIAN_POINT('Ctrl Pts',(237.742147769791,273.794124306877,1.6));
#12766=CARTESIAN_POINT('Ctrl Pts',(237.742162015143,273.794117761018,1.6));
#12767=CARTESIAN_POINT('Ctrl Pts',(237.759524583381,273.786139515115,1.6));
#12768=CARTESIAN_POINT('Ctrl Pts',(237.817242077472,273.759182703739,1.6));
#12769=CARTESIAN_POINT('Ctrl Pts',(237.854526494139,273.741179656245,1.6));
#12770=CARTESIAN_POINT('Ctrl Pts',(238.182339076113,273.582893004338,1.6));
#12771=CARTESIAN_POINT('Ctrl Pts',(238.496335241804,273.397318873151,1.6));
#12772=CARTESIAN_POINT('Ctrl Pts',(238.793183537819,273.186389808879,1.6));
#12773=CARTESIAN_POINT('Origin',(199.036618823966,232.988864444324,1.6));
#12774=CARTESIAN_POINT('Origin',(199.036618823966,232.988864444324,0.));
#12775=UNCERTAINTY_MEASURE_WITH_UNIT(LENGTH_MEASURE(0.01),#12779,
'DISTANCE_ACCURACY_VALUE',
'Maximum model space distance between geometric entities at asserted c
onnectivities');
#12776=UNCERTAINTY_MEASURE_WITH_UNIT(LENGTH_MEASURE(0.01),#12779,
'DISTANCE_ACCURACY_VALUE',
'Maximum model space distance between geometric entities at asserted c
onnectivities');
#12777=(
GEOMETRIC_REPRESENTATION_CONTEXT(3)
GLOBAL_UNCERTAINTY_ASSIGNED_CONTEXT((#12775))
GLOBAL_UNIT_ASSIGNED_CONTEXT((#12779,#12781,#12782))
REPRESENTATION_CONTEXT('','3D')
);
#12778=(
GEOMETRIC_REPRESENTATION_CONTEXT(3)
GLOBAL_UNCERTAINTY_ASSIGNED_CONTEXT((#12776))
GLOBAL_UNIT_ASSIGNED_CONTEXT((#12779,#12781,#12782))
REPRESENTATION_CONTEXT('','3D')
);
#12779=(
LENGTH_UNIT()
NAMED_UNIT(*)
SI_UNIT(.MILLI.,.METRE.)
);
#12780=(
LENGTH_UNIT()
NAMED_UNIT(*)
SI_UNIT($,.METRE.)
);
#12781=(
NAMED_UNIT(*)
PLANE_ANGLE_UNIT()
SI_UNIT($,.RADIAN.)
);
#12782=(
NAMED_UNIT(*)
SI_UNIT($,.STERADIAN.)
SOLID_ANGLE_UNIT()
);
#12783=SHAPE_DEFINITION_REPRESENTATION(#12784,#12785);
#12784=PRODUCT_DEFINITION_SHAPE('',$,#12787);
#12785=SHAPE_REPRESENTATION('',(#6519),#12777);
#12786=PRODUCT_DEFINITION_CONTEXT('part definition',#12791,'design');
#12787=PRODUCT_DEFINITION('2026-03-20-20-22-17-701','Untitled',#12788,#12786);
#12788=PRODUCT_DEFINITION_FORMATION('',$,#12793);
#12789=PRODUCT_RELATED_PRODUCT_CATEGORY('Untitled','Untitled',(#12793));
#12790=APPLICATION_PROTOCOL_DEFINITION('international standard',
'automotive_design',2009,#12791);
#12791=APPLICATION_CONTEXT(
'Core Data for Automotive Mechanical Design Process');
#12792=PRODUCT_CONTEXT('part definition',#12791,'mechanical');
#12793=PRODUCT('2026-03-20-20-22-17-701','Untitled',$,(#12792));
#12794=PRESENTATION_STYLE_ASSIGNMENT((#12795));
#12795=SURFACE_STYLE_USAGE(.BOTH.,#12796);
#12796=SURFACE_SIDE_STYLE('',(#12797));
#12797=SURFACE_STYLE_FILL_AREA(#12798);
#12798=FILL_AREA_STYLE('Steel - Satin',(#12799));
#12799=FILL_AREA_STYLE_COLOUR('Steel - Satin',#12800);
#12800=COLOUR_RGB('Steel - Satin',0.627450980392157,0.627450980392157,0.627450980392157);
ENDSEC;
END-ISO-10303-21;
