ISO-10303-21;
HEADER;
/* Generated by software containing ST-Developer
 * from STEP Tools, Inc. (www.steptools.com) 
 */

FILE_DESCRIPTION(
/* description */ (''),
/* implementation_level */ '2;1');

FILE_NAME(
/* name */ 'Right.step',
/* time_stamp */ '2026-03-22T18:31:58-04:00',
/* author */ (''),
/* organization */ (''),
/* preprocessor_version */ 'ST-DEVELOPER v20.1',
/* originating_system */ 'Autodesk Translation Framework v14.24.0.0',
/* authorisation */ '');

FILE_SCHEMA (('AUTOMOTIVE_DESIGN { 1 0 10303 214 3 1 1 }'));
ENDSEC;

DATA;
#10=MECHANICAL_DESIGN_GEOMETRIC_PRESENTATION_REPRESENTATION('',(#13,#14),
#12777);
#11=SHAPE_REPRESENTATION_RELATIONSHIP('SRR','None',#12784,#12);
#12=ADVANCED_BREP_SHAPE_REPRESENTATION('',(#15,#16),#12776);
#13=STYLED_ITEM('',(#12793),#15);
#14=STYLED_ITEM('',(#12793),#16);
#15=MANIFOLD_SOLID_BREP('Main right',#6505);
#16=MANIFOLD_SOLID_BREP('Bottom right',#6506);
#17=B_SPLINE_SURFACE_WITH_KNOTS('',3,3,((#8944,#8945,#8946,#8947,#8948,
#8949,#8950,#8951,#8952,#8953,#8954),(#8955,#8956,#8957,#8958,#8959,#8960,
#8961,#8962,#8963,#8964,#8965),(#8966,#8967,#8968,#8969,#8970,#8971,#8972,
#8973,#8974,#8975,#8976),(#8977,#8978,#8979,#8980,#8981,#8982,#8983,#8984,
#8985,#8986,#8987),(#8988,#8989,#8990,#8991,#8992,#8993,#8994,#8995,#8996,
#8997,#8998)),.UNSPECIFIED.,.F.,.F.,.F.,(4,1,4),(4,1,1,1,1,1,1,1,4),(0.,
0.571428571428571,1.),(-6.91214182282735E-7,0.0029400209866777,0.00588073318753768,
0.0117621575892576,0.0235250063926976,0.0470507039995774,0.0705764016064573,
0.0941020992133371,0.164679192033977),.UNSPECIFIED.);
#18=B_SPLINE_SURFACE_WITH_KNOTS('',3,3,((#9012,#9013,#9014,#9015,#9016,
#9017,#9018,#9019,#9020,#9021,#9022),(#9023,#9024,#9025,#9026,#9027,#9028,
#9029,#9030,#9031,#9032,#9033),(#9034,#9035,#9036,#9037,#9038,#9039,#9040,
#9041,#9042,#9043,#9044),(#9045,#9046,#9047,#9048,#9049,#9050,#9051,#9052,
#9053,#9054,#9055),(#9056,#9057,#9058,#9059,#9060,#9061,#9062,#9063,#9064,
#9065,#9066)),.UNSPECIFIED.,.F.,.F.,.F.,(4,1,4),(4,1,1,1,1,1,1,1,4),(0.,
0.571428571428571,1.),(-0.000440897711055202,0.0676290588162535,0.0903190443253564,
0.113009029834459,0.135699015343562,0.147044008098114,0.152716504475389,
0.155552752664027,0.158389000852665),.UNSPECIFIED.);
#19=B_SPLINE_SURFACE_WITH_KNOTS('',3,3,((#9135,#9136,#9137,#9138,#9139,
#9140,#9141,#9142,#9143,#9144),(#9145,#9146,#9147,#9148,#9149,#9150,#9151,
#9152,#9153,#9154),(#9155,#9156,#9157,#9158,#9159,#9160,#9161,#9162,#9163,
#9164),(#9165,#9166,#9167,#9168,#9169,#9170,#9171,#9172,#9173,#9174),(#9175,
#9176,#9177,#9178,#9179,#9180,#9181,#9182,#9183,#9184)),.UNSPECIFIED.,.F.,
 .F.,.F.,(4,1,4),(4,1,1,1,1,1,1,4),(0.,0.571428571428571,1.),(0.,0.0624954806784821,
0.124990961356964,0.156238701696205,0.187486442035446,0.203110312205067,
0.210922247289877,0.218734182374687),.UNSPECIFIED.);
#20=B_SPLINE_SURFACE_WITH_KNOTS('',3,3,((#9201,#9202,#9203,#9204,#9205,
#9206,#9207,#9208),(#9209,#9210,#9211,#9212,#9213,#9214,#9215,#9216),(#9217,
#9218,#9219,#9220,#9221,#9222,#9223,#9224),(#9225,#9226,#9227,#9228,#9229,
#9230,#9231,#9232),(#9233,#9234,#9235,#9236,#9237,#9238,#9239,#9240)),
 .UNSPECIFIED.,.F.,.F.,.F.,(4,1,4),(4,1,1,1,1,4),(0.,0.571428571428571,
1.),(-5.09308289986508E-11,0.0101670371095805,0.0203340742700919,0.0406681485911146,
0.122004445875206,0.284677040443387),.UNSPECIFIED.);
#21=B_SPLINE_SURFACE_WITH_KNOTS('',3,3,((#9300,#9301,#9302,#9303,#9304,
#9305,#9306,#9307,#9308,#9309),(#9310,#9311,#9312,#9313,#9314,#9315,#9316,
#9317,#9318,#9319),(#9320,#9321,#9322,#9323,#9324,#9325,#9326,#9327,#9328,
#9329),(#9330,#9331,#9332,#9333,#9334,#9335,#9336,#9337,#9338,#9339),(#9340,
#9341,#9342,#9343,#9344,#9345,#9346,#9347,#9348,#9349)),.UNSPECIFIED.,.F.,
 .F.,.F.,(4,1,4),(4,1,1,1,1,1,1,4),(0.,0.571428571428571,1.),(0.,0.161134310726475,
0.2148457476353,0.268557184544126,0.322268621452951,0.349124339907363,0.362552199134569,
0.375980058361776),.UNSPECIFIED.);
#22=B_SPLINE_SURFACE_WITH_KNOTS('',3,3,((#9366,#9367,#9368,#9369,#9370),
(#9371,#9372,#9373,#9374,#9375),(#9376,#9377,#9378,#9379,#9380),(#9381,
#9382,#9383,#9384,#9385),(#9386,#9387,#9388,#9389,#9390)),.UNSPECIFIED.,
 .F.,.F.,.F.,(4,1,4),(4,1,4),(0.,0.571428571428571,1.),(0.,0.295705886615784,
0.689980402103496),.UNSPECIFIED.);
#23=B_SPLINE_SURFACE_WITH_KNOTS('',3,3,((#9402,#9403,#9404,#9405,#9406),
(#9407,#9408,#9409,#9410,#9411),(#9412,#9413,#9414,#9415,#9416),(#9417,
#9418,#9419,#9420,#9421),(#9422,#9423,#9424,#9425,#9426)),.UNSPECIFIED.,
 .F.,.F.,.F.,(4,1,4),(4,1,4),(0.,0.571428571428571,1.),(0.,0.272297043947063,
0.47651982690736),.UNSPECIFIED.);
#24=B_SPLINE_SURFACE_WITH_KNOTS('',3,3,((#9438,#9439,#9440,#9441,#9442,
#9443),(#9444,#9445,#9446,#9447,#9448,#9449),(#9450,#9451,#9452,#9453,#9454,
#9455),(#9456,#9457,#9458,#9459,#9460,#9461),(#9462,#9463,#9464,#9465,#9466,
#9467)),.UNSPECIFIED.,.F.,.F.,.F.,(4,1,4),(4,1,1,4),(0.,0.571428571428571,
1.),(-3.14828829884809E-11,0.013361778758256,0.0400853363377337,0.0935324514966892),
 .UNSPECIFIED.);
#25=B_SPLINE_SURFACE_WITH_KNOTS('',3,3,((#9525,#9526,#9527,#9528,#9529,
#9530,#9531,#9532,#9533),(#9534,#9535,#9536,#9537,#9538,#9539,#9540,#9541,
#9542),(#9543,#9544,#9545,#9546,#9547,#9548,#9549,#9550,#9551),(#9552,#9553,
#9554,#9555,#9556,#9557,#9558,#9559,#9560),(#9561,#9562,#9563,#9564,#9565,
#9566,#9567,#9568,#9569)),.UNSPECIFIED.,.F.,.F.,.F.,(4,1,4),(4,1,1,1,1,
1,4),(0.,0.571428571428571,1.),(0.,0.0921133394700027,0.153522232450004,
0.184226678940005,0.199578902185006,0.207255013807506,0.214931125430006),
 .UNSPECIFIED.);
#26=B_SPLINE_SURFACE_WITH_KNOTS('',3,3,((#9585,#9586,#9587,#9588,#9589,
#9590,#9591,#9592),(#9593,#9594,#9595,#9596,#9597,#9598,#9599,#9600),(#9601,
#9602,#9603,#9604,#9605,#9606,#9607,#9608),(#9609,#9610,#9611,#9612,#9613,
#9614,#9615,#9616),(#9617,#9618,#9619,#9620,#9621,#9622,#9623,#9624)),
 .UNSPECIFIED.,.F.,.F.,.F.,(4,1,4),(4,1,1,1,1,4),(0.,0.571428571428571,
1.),(3.69924954304717E-7,0.00962150687089864,0.019242643816843,0.0384849177087317,
0.115454013276286,0.269392204411396),.UNSPECIFIED.);
#27=B_SPLINE_SURFACE_WITH_KNOTS('',3,1,((#9646,#9647),(#9648,#9649),(#9650,
#9651),(#9652,#9653)),.UNSPECIFIED.,.F.,.F.,.F.,(4,4),(2,2),(1.01969294412114E-6,
1.00000000020105),(0.,0.900092542436987),.UNSPECIFIED.);
#28=B_SPLINE_SURFACE_WITH_KNOTS('',3,1,((#9657,#9658),(#9659,#9660),(#9661,
#9662),(#9663,#9664),(#9665,#9666),(#9667,#9668),(#9669,#9670)),
 .UNSPECIFIED.,.F.,.F.,.F.,(4,3,4),(2,2),(-2.98902015304013E-5,0.,0.999993677524722),
(0.,0.900029676919226),.UNSPECIFIED.);
#29=B_SPLINE_SURFACE_WITH_KNOTS('',3,1,((#9674,#9675),(#9676,#9677),(#9678,
#9679),(#9680,#9681),(#9682,#9683),(#9684,#9685),(#9686,#9687),(#9688,#9689),
(#9690,#9691),(#9692,#9693),(#9694,#9695),(#9696,#9697),(#9698,#9699),(#9700,
#9701),(#9702,#9703),(#9704,#9705)),.UNSPECIFIED.,.F.,.F.,.F.,(4,3,3,3,
3,4),(2,2),(3.69928870178328E-5,0.519267089071726,0.846747249654439,0.957720444780622,
1.00002065074662,1.0000722785043),(0.,0.901935637279976),.UNSPECIFIED.);
#30=B_SPLINE_SURFACE_WITH_KNOTS('',3,1,((#9709,#9710),(#9711,#9712),(#9713,
#9714),(#9715,#9716)),.UNSPECIFIED.,.F.,.F.,.F.,(4,4),(2,2),(0.0377846264041371,
1.),(0.,0.900121441320802),.UNSPECIFIED.);
#31=B_SPLINE_SURFACE_WITH_KNOTS('',3,1,((#9722,#9723),(#9724,#9725),(#9726,
#9727),(#9728,#9729)),.UNSPECIFIED.,.F.,.F.,.F.,(4,4),(2,2),(0.,1.),(0.,
0.900114454937716),.UNSPECIFIED.);
#32=B_SPLINE_SURFACE_WITH_KNOTS('',3,1,((#9732,#9733),(#9734,#9735),(#9736,
#9737),(#9738,#9739)),.UNSPECIFIED.,.F.,.F.,.F.,(4,4),(2,2),(-1.,-1.019692944082E-6),
(0.16,0.900033583901344),.UNSPECIFIED.);
#33=B_SPLINE_SURFACE_WITH_KNOTS('',3,1,((#9752,#9753),(#9754,#9755),(#9756,
#9757),(#9758,#9759)),.UNSPECIFIED.,.F.,.F.,.F.,(4,4),(2,2),(-1.,-2.12429764127642E-6),
(0.16,0.900637668744051),.UNSPECIFIED.);
#34=B_SPLINE_SURFACE_WITH_KNOTS('',3,1,((#9770,#9771),(#9772,#9773),(#9774,
#9775),(#9776,#9777)),.UNSPECIFIED.,.F.,.F.,.F.,(4,4),(2,2),(-1.,-2.03959044919877E-6),
(0.16,0.90009333488222),.UNSPECIFIED.);
#35=B_SPLINE_SURFACE_WITH_KNOTS('',3,1,((#9788,#9789),(#9790,#9791),(#9792,
#9793),(#9794,#9795),(#9796,#9797),(#9798,#9799),(#9800,#9801)),
 .UNSPECIFIED.,.F.,.F.,.F.,(4,3,4),(2,2),(-0.999980929921669,0.,3.34993242742032E-5),
(0.16,0.900010022091308),.UNSPECIFIED.);
#36=B_SPLINE_SURFACE_WITH_KNOTS('',3,1,((#9815,#9816),(#9817,#9818),(#9819,
#9820),(#9821,#9822),(#9823,#9824),(#9825,#9826),(#9827,#9828)),
 .UNSPECIFIED.,.F.,.F.,.F.,(4,3,4),(2,2),(-1.00002272748532,-1.,-1.4711502132347E-5),
(0.16,0.900011319123529),.UNSPECIFIED.);
#37=B_SPLINE_SURFACE_WITH_KNOTS('',3,1,((#9844,#9845),(#9846,#9847),(#9848,
#9849),(#9850,#9851),(#9852,#9853),(#9854,#9855),(#9856,#9857)),
 .UNSPECIFIED.,.F.,.F.,.F.,(4,3,4),(2,2),(-0.999996194469515,5.17271780964279E-11,
1.35928064616404E-5),(0.16,0.90001421675677),.UNSPECIFIED.);
#38=B_SPLINE_SURFACE_WITH_KNOTS('',3,1,((#9872,#9873),(#9874,#9875),(#9876,
#9877),(#9878,#9879)),.UNSPECIFIED.,.F.,.F.,.F.,(4,4),(2,2),(-0.999993677524722,
0.),(0.16,0.900015622514218),.UNSPECIFIED.);
#39=B_SPLINE_SURFACE_WITH_KNOTS('',3,1,((#9890,#9891),(#9892,#9893),(#9894,
#9895),(#9896,#9897),(#9898,#9899),(#9900,#9901),(#9902,#9903)),
 .UNSPECIFIED.,.F.,.F.,.F.,(4,3,4),(2,2),(-1.00002065074655,-1.,-1.57668885428628E-5),
(0.16,0.900011448965756),.UNSPECIFIED.);
#40=B_SPLINE_SURFACE_WITH_KNOTS('',3,1,((#9917,#9918),(#9919,#9920),(#9921,
#9922),(#9923,#9924)),.UNSPECIFIED.,.F.,.F.,.F.,(4,4),(2,2),(-1.,-0.0317726016914244),
(0.16,0.900039681634829),.UNSPECIFIED.);
#41=B_SPLINE_SURFACE_WITH_KNOTS('',3,1,((#9931,#9932),(#9933,#9934),(#9935,
#9936),(#9937,#9938)),.UNSPECIFIED.,.F.,.F.,.F.,(4,4),(2,2),(-1.,0.),(0.16,
0.900039844267883),.UNSPECIFIED.);
#42=B_SPLINE_SURFACE_WITH_KNOTS('',3,1,((#9947,#9948),(#9949,#9950),(#9951,
#9952),(#9953,#9954)),.UNSPECIFIED.,.F.,.F.,.F.,(4,4),(2,2),(0.,1.00000507362419),
(0.16,0.90001421675675),.UNSPECIFIED.);
#43=B_SPLINE_SURFACE_WITH_KNOTS('',3,1,((#9969,#9970),(#9971,#9972),(#9973,
#9974),(#9975,#9976)),.UNSPECIFIED.,.F.,.F.,.F.,(4,4),(2,2),(-1.,0.),(0.,
0.16),.UNSPECIFIED.);
#44=B_SPLINE_SURFACE_WITH_KNOTS('',3,1,((#9983,#9984),(#9985,#9986),(#9987,
#9988),(#9989,#9990)),.UNSPECIFIED.,.F.,.F.,.F.,(4,4),(2,2),(-1.,0.),(0.,
0.16),.UNSPECIFIED.);
#45=B_SPLINE_SURFACE_WITH_KNOTS('',3,1,((#10001,#10002),(#10003,#10004),
(#10005,#10006),(#10007,#10008)),.UNSPECIFIED.,.F.,.F.,.F.,(4,4),(2,2),
(-1.,0.),(0.,0.16),.UNSPECIFIED.);
#46=B_SPLINE_SURFACE_WITH_KNOTS('',3,1,((#10015,#10016),(#10017,#10018),
(#10019,#10020),(#10021,#10022)),.UNSPECIFIED.,.F.,.F.,.F.,(4,4),(2,2),
(-1.,0.),(0.,0.16),.UNSPECIFIED.);
#47=B_SPLINE_SURFACE_WITH_KNOTS('',3,1,((#10033,#10034),(#10035,#10036),
(#10037,#10038),(#10039,#10040)),.UNSPECIFIED.,.F.,.F.,.F.,(4,4),(2,2),
(-1.,0.),(0.,0.16),.UNSPECIFIED.);
#48=B_SPLINE_SURFACE_WITH_KNOTS('',3,1,((#10047,#10048),(#10049,#10050),
(#10051,#10052),(#10053,#10054)),.UNSPECIFIED.,.F.,.F.,.F.,(4,4),(2,2),
(-1.,0.),(0.,0.16),.UNSPECIFIED.);
#49=B_SPLINE_SURFACE_WITH_KNOTS('',3,1,((#10065,#10066),(#10067,#10068),
(#10069,#10070),(#10071,#10072)),.UNSPECIFIED.,.F.,.F.,.F.,(4,4),(2,2),
(-1.,0.),(0.,0.16),.UNSPECIFIED.);
#50=B_SPLINE_SURFACE_WITH_KNOTS('',3,1,((#10079,#10080),(#10081,#10082),
(#10083,#10084),(#10085,#10086)),.UNSPECIFIED.,.F.,.F.,.F.,(4,4),(2,2),
(-1.,0.),(0.,0.16),.UNSPECIFIED.);
#51=B_SPLINE_SURFACE_WITH_KNOTS('',3,1,((#10111,#10112),(#10113,#10114),
(#10115,#10116),(#10117,#10118)),.UNSPECIFIED.,.F.,.F.,.F.,(4,4),(2,2),
(-1.,0.),(0.,0.16),.UNSPECIFIED.);
#52=B_SPLINE_SURFACE_WITH_KNOTS('',3,1,((#10125,#10126),(#10127,#10128),
(#10129,#10130),(#10131,#10132)),.UNSPECIFIED.,.F.,.F.,.F.,(4,4),(2,2),
(-1.,0.),(0.,0.16),.UNSPECIFIED.);
#53=B_SPLINE_SURFACE_WITH_KNOTS('',3,1,((#10143,#10144),(#10145,#10146),
(#10147,#10148),(#10149,#10150)),.UNSPECIFIED.,.F.,.F.,.F.,(4,4),(2,2),
(-1.,0.),(0.,0.16),.UNSPECIFIED.);
#54=B_SPLINE_SURFACE_WITH_KNOTS('',3,1,((#10157,#10158),(#10159,#10160),
(#10161,#10162),(#10163,#10164)),.UNSPECIFIED.,.F.,.F.,.F.,(4,4),(2,2),
(-1.,0.),(0.,0.16),.UNSPECIFIED.);
#55=B_SPLINE_SURFACE_WITH_KNOTS('',3,1,((#10175,#10176),(#10177,#10178),
(#10179,#10180),(#10181,#10182)),.UNSPECIFIED.,.F.,.F.,.F.,(4,4),(2,2),
(-1.,0.),(0.,0.16),.UNSPECIFIED.);
#56=B_SPLINE_SURFACE_WITH_KNOTS('',3,1,((#10189,#10190),(#10191,#10192),
(#10193,#10194),(#10195,#10196)),.UNSPECIFIED.,.F.,.F.,.F.,(4,4),(2,2),
(-1.,0.),(0.,0.16),.UNSPECIFIED.);
#57=B_SPLINE_SURFACE_WITH_KNOTS('',3,1,((#10207,#10208),(#10209,#10210),
(#10211,#10212),(#10213,#10214)),.UNSPECIFIED.,.F.,.F.,.F.,(4,4),(2,2),
(-1.,0.),(0.,0.16),.UNSPECIFIED.);
#58=B_SPLINE_SURFACE_WITH_KNOTS('',3,1,((#10221,#10222),(#10223,#10224),
(#10225,#10226),(#10227,#10228)),.UNSPECIFIED.,.F.,.F.,.F.,(4,4),(2,2),
(-1.,0.),(0.,0.16),.UNSPECIFIED.);
#59=B_SPLINE_SURFACE_WITH_KNOTS('',3,1,((#10239,#10240),(#10241,#10242),
(#10243,#10244),(#10245,#10246)),.UNSPECIFIED.,.F.,.F.,.F.,(4,4),(2,2),
(-1.,0.),(0.,0.16),.UNSPECIFIED.);
#60=B_SPLINE_SURFACE_WITH_KNOTS('',3,1,((#10257,#10258),(#10259,#10260),
(#10261,#10262),(#10263,#10264)),.UNSPECIFIED.,.F.,.F.,.F.,(4,4),(2,2),
(-1.,0.),(0.,0.16),.UNSPECIFIED.);
#61=B_SPLINE_SURFACE_WITH_KNOTS('',3,1,((#10275,#10276),(#10277,#10278),
(#10279,#10280),(#10281,#10282)),.UNSPECIFIED.,.F.,.F.,.F.,(4,4),(2,2),
(-1.,0.),(0.,0.16),.UNSPECIFIED.);
#62=B_SPLINE_SURFACE_WITH_KNOTS('',3,1,((#10293,#10294),(#10295,#10296),
(#10297,#10298),(#10299,#10300)),.UNSPECIFIED.,.F.,.F.,.F.,(4,4),(2,2),
(-1.,0.),(0.,0.16),.UNSPECIFIED.);
#63=B_SPLINE_SURFACE_WITH_KNOTS('',3,1,((#10311,#10312),(#10313,#10314),
(#10315,#10316),(#10317,#10318)),.UNSPECIFIED.,.F.,.F.,.F.,(4,4),(2,2),
(-1.,0.),(0.,0.16),.UNSPECIFIED.);
#64=B_SPLINE_SURFACE_WITH_KNOTS('',3,1,((#10325,#10326),(#10327,#10328),
(#10329,#10330),(#10331,#10332)),.UNSPECIFIED.,.F.,.F.,.F.,(4,4),(2,2),
(-1.,0.),(0.,0.16),.UNSPECIFIED.);
#65=B_SPLINE_SURFACE_WITH_KNOTS('',3,1,((#10343,#10344),(#10345,#10346),
(#10347,#10348),(#10349,#10350)),.UNSPECIFIED.,.F.,.F.,.F.,(4,4),(2,2),
(-1.,0.),(0.,0.16),.UNSPECIFIED.);
#66=B_SPLINE_SURFACE_WITH_KNOTS('',3,1,((#10357,#10358),(#10359,#10360),
(#10361,#10362),(#10363,#10364)),.UNSPECIFIED.,.F.,.F.,.F.,(4,4),(2,2),
(-1.,0.),(0.,0.16),.UNSPECIFIED.);
#67=B_SPLINE_SURFACE_WITH_KNOTS('',3,1,((#10375,#10376),(#10377,#10378),
(#10379,#10380),(#10381,#10382)),.UNSPECIFIED.,.F.,.F.,.F.,(4,4),(2,2),
(-1.,0.),(0.,0.16),.UNSPECIFIED.);
#68=B_SPLINE_SURFACE_WITH_KNOTS('',3,1,((#10389,#10390),(#10391,#10392),
(#10393,#10394),(#10395,#10396)),.UNSPECIFIED.,.F.,.F.,.F.,(4,4),(2,2),
(-1.,0.),(0.,0.16),.UNSPECIFIED.);
#69=B_SPLINE_SURFACE_WITH_KNOTS('',3,1,((#10407,#10408),(#10409,#10410),
(#10411,#10412),(#10413,#10414)),.UNSPECIFIED.,.F.,.F.,.F.,(4,4),(2,2),
(-1.,0.),(0.,0.16),.UNSPECIFIED.);
#70=B_SPLINE_SURFACE_WITH_KNOTS('',3,1,((#10421,#10422),(#10423,#10424),
(#10425,#10426),(#10427,#10428)),.UNSPECIFIED.,.F.,.F.,.F.,(4,4),(2,2),
(-1.,0.),(0.,0.16),.UNSPECIFIED.);
#71=B_SPLINE_SURFACE_WITH_KNOTS('',3,1,((#10439,#10440),(#10441,#10442),
(#10443,#10444),(#10445,#10446)),.UNSPECIFIED.,.F.,.F.,.F.,(4,4),(2,2),
(-1.,0.),(0.,0.16),.UNSPECIFIED.);
#72=B_SPLINE_SURFACE_WITH_KNOTS('',3,1,((#10453,#10454),(#10455,#10456),
(#10457,#10458),(#10459,#10460)),.UNSPECIFIED.,.F.,.F.,.F.,(4,4),(2,2),
(-1.,0.),(0.,0.16),.UNSPECIFIED.);
#73=B_SPLINE_SURFACE_WITH_KNOTS('',3,1,((#10471,#10472),(#10473,#10474),
(#10475,#10476),(#10477,#10478)),.UNSPECIFIED.,.F.,.F.,.F.,(4,4),(2,2),
(-1.,0.),(0.,0.16),.UNSPECIFIED.);
#74=B_SPLINE_SURFACE_WITH_KNOTS('',3,1,((#10485,#10486),(#10487,#10488),
(#10489,#10490),(#10491,#10492)),.UNSPECIFIED.,.F.,.F.,.F.,(4,4),(2,2),
(-1.,0.),(0.,0.16),.UNSPECIFIED.);
#75=B_SPLINE_SURFACE_WITH_KNOTS('',3,1,((#10503,#10504),(#10505,#10506),
(#10507,#10508),(#10509,#10510)),.UNSPECIFIED.,.F.,.F.,.F.,(4,4),(2,2),
(-1.,0.),(0.,0.16),.UNSPECIFIED.);
#76=B_SPLINE_SURFACE_WITH_KNOTS('',3,1,((#10517,#10518),(#10519,#10520),
(#10521,#10522),(#10523,#10524)),.UNSPECIFIED.,.F.,.F.,.F.,(4,4),(2,2),
(-1.,0.),(0.,0.16),.UNSPECIFIED.);
#77=B_SPLINE_SURFACE_WITH_KNOTS('',3,1,((#10535,#10536),(#10537,#10538),
(#10539,#10540),(#10541,#10542)),.UNSPECIFIED.,.F.,.F.,.F.,(4,4),(2,2),
(-1.,0.),(0.,0.16),.UNSPECIFIED.);
#78=B_SPLINE_SURFACE_WITH_KNOTS('',3,1,((#10549,#10550),(#10551,#10552),
(#10553,#10554),(#10555,#10556)),.UNSPECIFIED.,.F.,.F.,.F.,(4,4),(2,2),
(-1.,0.),(0.,0.16),.UNSPECIFIED.);
#79=B_SPLINE_SURFACE_WITH_KNOTS('',3,1,((#10575,#10576),(#10577,#10578),
(#10579,#10580),(#10581,#10582)),.UNSPECIFIED.,.F.,.F.,.F.,(4,4),(2,2),
(-1.,0.),(0.,0.16),.UNSPECIFIED.);
#80=B_SPLINE_SURFACE_WITH_KNOTS('',3,1,((#10589,#10590),(#10591,#10592),
(#10593,#10594),(#10595,#10596)),.UNSPECIFIED.,.F.,.F.,.F.,(4,4),(2,2),
(-1.,0.),(0.,0.16),.UNSPECIFIED.);
#81=B_SPLINE_SURFACE_WITH_KNOTS('',3,1,((#10607,#10608),(#10609,#10610),
(#10611,#10612),(#10613,#10614)),.UNSPECIFIED.,.F.,.F.,.F.,(4,4),(2,2),
(-1.,0.),(0.,0.16),.UNSPECIFIED.);
#82=B_SPLINE_SURFACE_WITH_KNOTS('',3,1,((#10621,#10622),(#10623,#10624),
(#10625,#10626),(#10627,#10628)),.UNSPECIFIED.,.F.,.F.,.F.,(4,4),(2,2),
(-1.,0.),(0.,0.16),.UNSPECIFIED.);
#83=B_SPLINE_SURFACE_WITH_KNOTS('',3,1,((#10639,#10640),(#10641,#10642),
(#10643,#10644),(#10645,#10646)),.UNSPECIFIED.,.F.,.F.,.F.,(4,4),(2,2),
(-1.,0.),(0.,0.16),.UNSPECIFIED.);
#84=B_SPLINE_SURFACE_WITH_KNOTS('',3,1,((#10653,#10654),(#10655,#10656),
(#10657,#10658),(#10659,#10660)),.UNSPECIFIED.,.F.,.F.,.F.,(4,4),(2,2),
(-1.,0.),(0.,0.16),.UNSPECIFIED.);
#85=B_SPLINE_SURFACE_WITH_KNOTS('',3,1,((#10671,#10672),(#10673,#10674),
(#10675,#10676),(#10677,#10678)),.UNSPECIFIED.,.F.,.F.,.F.,(4,4),(2,2),
(-1.,0.),(0.,0.16),.UNSPECIFIED.);
#86=B_SPLINE_SURFACE_WITH_KNOTS('',3,1,((#10685,#10686),(#10687,#10688),
(#10689,#10690),(#10691,#10692)),.UNSPECIFIED.,.F.,.F.,.F.,(4,4),(2,2),
(-1.,0.),(0.,0.16),.UNSPECIFIED.);
#87=B_SPLINE_SURFACE_WITH_KNOTS('',3,1,((#10703,#10704),(#10705,#10706),
(#10707,#10708),(#10709,#10710)),.UNSPECIFIED.,.F.,.F.,.F.,(4,4),(2,2),
(-1.,0.),(0.,0.16),.UNSPECIFIED.);
#88=B_SPLINE_SURFACE_WITH_KNOTS('',3,1,((#10717,#10718),(#10719,#10720),
(#10721,#10722),(#10723,#10724)),.UNSPECIFIED.,.F.,.F.,.F.,(4,4),(2,2),
(-1.,0.),(0.,0.16),.UNSPECIFIED.);
#89=B_SPLINE_SURFACE_WITH_KNOTS('',3,1,((#10735,#10736),(#10737,#10738),
(#10739,#10740),(#10741,#10742)),.UNSPECIFIED.,.F.,.F.,.F.,(4,4),(2,2),
(-1.,0.),(0.,0.16),.UNSPECIFIED.);
#90=B_SPLINE_SURFACE_WITH_KNOTS('',3,1,((#10749,#10750),(#10751,#10752),
(#10753,#10754),(#10755,#10756)),.UNSPECIFIED.,.F.,.F.,.F.,(4,4),(2,2),
(-1.,0.),(0.,0.16),.UNSPECIFIED.);
#91=B_SPLINE_SURFACE_WITH_KNOTS('',3,1,((#10767,#10768),(#10769,#10770),
(#10771,#10772),(#10773,#10774)),.UNSPECIFIED.,.F.,.F.,.F.,(4,4),(2,2),
(-1.,0.),(0.,0.16),.UNSPECIFIED.);
#92=B_SPLINE_SURFACE_WITH_KNOTS('',3,1,((#10781,#10782),(#10783,#10784),
(#10785,#10786),(#10787,#10788)),.UNSPECIFIED.,.F.,.F.,.F.,(4,4),(2,2),
(-1.,0.),(0.,0.16),.UNSPECIFIED.);
#93=B_SPLINE_SURFACE_WITH_KNOTS('',3,1,((#10799,#10800),(#10801,#10802),
(#10803,#10804),(#10805,#10806)),.UNSPECIFIED.,.F.,.F.,.F.,(4,4),(2,2),
(-1.,0.),(0.,0.16),.UNSPECIFIED.);
#94=B_SPLINE_SURFACE_WITH_KNOTS('',3,1,((#10813,#10814),(#10815,#10816),
(#10817,#10818),(#10819,#10820)),.UNSPECIFIED.,.F.,.F.,.F.,(4,4),(2,2),
(-1.,0.),(0.,0.16),.UNSPECIFIED.);
#95=B_SPLINE_SURFACE_WITH_KNOTS('',3,1,((#10831,#10832),(#10833,#10834),
(#10835,#10836),(#10837,#10838)),.UNSPECIFIED.,.F.,.F.,.F.,(4,4),(2,2),
(-1.,0.),(0.,0.16),.UNSPECIFIED.);
#96=B_SPLINE_SURFACE_WITH_KNOTS('',3,1,((#10845,#10846),(#10847,#10848),
(#10849,#10850),(#10851,#10852)),.UNSPECIFIED.,.F.,.F.,.F.,(4,4),(2,2),
(-1.,0.),(0.,0.16),.UNSPECIFIED.);
#97=B_SPLINE_SURFACE_WITH_KNOTS('',3,1,((#10863,#10864),(#10865,#10866),
(#10867,#10868),(#10869,#10870)),.UNSPECIFIED.,.F.,.F.,.F.,(4,4),(2,2),
(-1.,0.),(0.,0.16),.UNSPECIFIED.);
#98=B_SPLINE_SURFACE_WITH_KNOTS('',3,1,((#10877,#10878),(#10879,#10880),
(#10881,#10882),(#10883,#10884)),.UNSPECIFIED.,.F.,.F.,.F.,(4,4),(2,2),
(-1.,0.),(0.,0.16),.UNSPECIFIED.);
#99=B_SPLINE_SURFACE_WITH_KNOTS('',3,1,((#10895,#10896),(#10897,#10898),
(#10899,#10900),(#10901,#10902)),.UNSPECIFIED.,.F.,.F.,.F.,(4,4),(2,2),
(-1.,0.),(0.,0.16),.UNSPECIFIED.);
#100=B_SPLINE_SURFACE_WITH_KNOTS('',3,1,((#10909,#10910),(#10911,#10912),
(#10913,#10914),(#10915,#10916)),.UNSPECIFIED.,.F.,.F.,.F.,(4,4),(2,2),
(-1.,0.),(0.,0.16),.UNSPECIFIED.);
#101=B_SPLINE_SURFACE_WITH_KNOTS('',3,1,((#10927,#10928),(#10929,#10930),
(#10931,#10932),(#10933,#10934)),.UNSPECIFIED.,.F.,.F.,.F.,(4,4),(2,2),
(-1.,0.),(0.,0.16),.UNSPECIFIED.);
#102=B_SPLINE_SURFACE_WITH_KNOTS('',3,1,((#10941,#10942),(#10943,#10944),
(#10945,#10946),(#10947,#10948)),.UNSPECIFIED.,.F.,.F.,.F.,(4,4),(2,2),
(-1.,0.),(0.,0.16),.UNSPECIFIED.);
#103=B_SPLINE_SURFACE_WITH_KNOTS('',3,1,((#10959,#10960),(#10961,#10962),
(#10963,#10964),(#10965,#10966)),.UNSPECIFIED.,.F.,.F.,.F.,(4,4),(2,2),
(-1.,0.),(0.,0.16),.UNSPECIFIED.);
#104=B_SPLINE_SURFACE_WITH_KNOTS('',3,1,((#10973,#10974),(#10975,#10976),
(#10977,#10978),(#10979,#10980)),.UNSPECIFIED.,.F.,.F.,.F.,(4,4),(2,2),
(-1.,0.),(0.,0.16),.UNSPECIFIED.);
#105=B_SPLINE_SURFACE_WITH_KNOTS('',3,1,((#10991,#10992),(#10993,#10994),
(#10995,#10996),(#10997,#10998)),.UNSPECIFIED.,.F.,.F.,.F.,(4,4),(2,2),
(-1.,0.),(0.,0.16),.UNSPECIFIED.);
#106=B_SPLINE_SURFACE_WITH_KNOTS('',3,1,((#11005,#11006),(#11007,#11008),
(#11009,#11010),(#11011,#11012)),.UNSPECIFIED.,.F.,.F.,.F.,(4,4),(2,2),
(-1.,0.),(0.,0.16),.UNSPECIFIED.);
#107=B_SPLINE_SURFACE_WITH_KNOTS('',3,1,((#11023,#11024),(#11025,#11026),
(#11027,#11028),(#11029,#11030)),.UNSPECIFIED.,.F.,.F.,.F.,(4,4),(2,2),
(-1.,0.),(0.,0.16),.UNSPECIFIED.);
#108=B_SPLINE_SURFACE_WITH_KNOTS('',3,1,((#11037,#11038),(#11039,#11040),
(#11041,#11042),(#11043,#11044)),.UNSPECIFIED.,.F.,.F.,.F.,(4,4),(2,2),
(-1.,0.),(0.,0.16),.UNSPECIFIED.);
#109=B_SPLINE_SURFACE_WITH_KNOTS('',3,1,((#11055,#11056),(#11057,#11058),
(#11059,#11060),(#11061,#11062)),.UNSPECIFIED.,.F.,.F.,.F.,(4,4),(2,2),
(-1.,0.),(0.,0.16),.UNSPECIFIED.);
#110=B_SPLINE_SURFACE_WITH_KNOTS('',3,1,((#11069,#11070),(#11071,#11072),
(#11073,#11074),(#11075,#11076)),.UNSPECIFIED.,.F.,.F.,.F.,(4,4),(2,2),
(-1.,0.),(0.,0.16),.UNSPECIFIED.);
#111=B_SPLINE_SURFACE_WITH_KNOTS('',3,1,((#11087,#11088),(#11089,#11090),
(#11091,#11092),(#11093,#11094)),.UNSPECIFIED.,.F.,.F.,.F.,(4,4),(2,2),
(-1.,0.),(0.,0.16),.UNSPECIFIED.);
#112=B_SPLINE_SURFACE_WITH_KNOTS('',3,1,((#11101,#11102),(#11103,#11104),
(#11105,#11106),(#11107,#11108)),.UNSPECIFIED.,.F.,.F.,.F.,(4,4),(2,2),
(-1.,0.),(0.,0.16),.UNSPECIFIED.);
#113=B_SPLINE_SURFACE_WITH_KNOTS('',3,1,((#11119,#11120),(#11121,#11122),
(#11123,#11124),(#11125,#11126)),.UNSPECIFIED.,.F.,.F.,.F.,(4,4),(2,2),
(-1.,0.),(0.,0.16),.UNSPECIFIED.);
#114=B_SPLINE_SURFACE_WITH_KNOTS('',3,1,((#11133,#11134),(#11135,#11136),
(#11137,#11138),(#11139,#11140)),.UNSPECIFIED.,.F.,.F.,.F.,(4,4),(2,2),
(-1.,0.),(0.,0.16),.UNSPECIFIED.);
#115=B_SPLINE_SURFACE_WITH_KNOTS('',3,1,((#11151,#11152),(#11153,#11154),
(#11155,#11156),(#11157,#11158)),.UNSPECIFIED.,.F.,.F.,.F.,(4,4),(2,2),
(-1.,0.),(0.,0.16),.UNSPECIFIED.);
#116=B_SPLINE_SURFACE_WITH_KNOTS('',3,1,((#11165,#11166),(#11167,#11168),
(#11169,#11170),(#11171,#11172)),.UNSPECIFIED.,.F.,.F.,.F.,(4,4),(2,2),
(-1.,0.),(0.,0.16),.UNSPECIFIED.);
#117=B_SPLINE_SURFACE_WITH_KNOTS('',3,1,((#11183,#11184),(#11185,#11186),
(#11187,#11188),(#11189,#11190)),.UNSPECIFIED.,.F.,.F.,.F.,(4,4),(2,2),
(-1.,0.),(0.,0.16),.UNSPECIFIED.);
#118=B_SPLINE_SURFACE_WITH_KNOTS('',3,1,((#11197,#11198),(#11199,#11200),
(#11201,#11202),(#11203,#11204)),.UNSPECIFIED.,.F.,.F.,.F.,(4,4),(2,2),
(-1.,0.),(0.,0.16),.UNSPECIFIED.);
#119=B_SPLINE_SURFACE_WITH_KNOTS('',3,1,((#11219,#11220),(#11221,#11222),
(#11223,#11224),(#11225,#11226)),.UNSPECIFIED.,.F.,.F.,.F.,(4,4),(2,2),
(-1.,0.),(0.,0.16),.UNSPECIFIED.);
#120=B_SPLINE_SURFACE_WITH_KNOTS('',3,1,((#11233,#11234),(#11235,#11236),
(#11237,#11238),(#11239,#11240)),.UNSPECIFIED.,.F.,.F.,.F.,(4,4),(2,2),
(-1.,0.),(0.,0.16),.UNSPECIFIED.);
#121=B_SPLINE_SURFACE_WITH_KNOTS('',3,1,((#11251,#11252),(#11253,#11254),
(#11255,#11256),(#11257,#11258)),.UNSPECIFIED.,.F.,.F.,.F.,(4,4),(2,2),
(-1.,0.),(0.,0.16),.UNSPECIFIED.);
#122=B_SPLINE_SURFACE_WITH_KNOTS('',3,1,((#11265,#11266),(#11267,#11268),
(#11269,#11270),(#11271,#11272)),.UNSPECIFIED.,.F.,.F.,.F.,(4,4),(2,2),
(-1.,0.),(0.,0.16),.UNSPECIFIED.);
#123=B_SPLINE_SURFACE_WITH_KNOTS('',3,1,((#11283,#11284),(#11285,#11286),
(#11287,#11288),(#11289,#11290)),.UNSPECIFIED.,.F.,.F.,.F.,(4,4),(2,2),
(-1.,0.),(0.,0.16),.UNSPECIFIED.);
#124=B_SPLINE_SURFACE_WITH_KNOTS('',3,1,((#11297,#11298),(#11299,#11300),
(#11301,#11302),(#11303,#11304)),.UNSPECIFIED.,.F.,.F.,.F.,(4,4),(2,2),
(-1.,0.),(0.,0.16),.UNSPECIFIED.);
#125=B_SPLINE_SURFACE_WITH_KNOTS('',3,1,((#11315,#11316),(#11317,#11318),
(#11319,#11320),(#11321,#11322)),.UNSPECIFIED.,.F.,.F.,.F.,(4,4),(2,2),
(-1.,0.),(0.,0.16),.UNSPECIFIED.);
#126=B_SPLINE_SURFACE_WITH_KNOTS('',3,1,((#11329,#11330),(#11331,#11332),
(#11333,#11334),(#11335,#11336)),.UNSPECIFIED.,.F.,.F.,.F.,(4,4),(2,2),
(-1.,0.),(0.,0.16),.UNSPECIFIED.);
#127=B_SPLINE_SURFACE_WITH_KNOTS('',3,1,((#11351,#11352),(#11353,#11354),
(#11355,#11356),(#11357,#11358)),.UNSPECIFIED.,.F.,.F.,.F.,(4,4),(2,2),
(-1.,0.),(0.,0.16),.UNSPECIFIED.);
#128=B_SPLINE_SURFACE_WITH_KNOTS('',3,1,((#11365,#11366),(#11367,#11368),
(#11369,#11370),(#11371,#11372)),.UNSPECIFIED.,.F.,.F.,.F.,(4,4),(2,2),
(-1.,0.),(0.,0.16),.UNSPECIFIED.);
#129=B_SPLINE_SURFACE_WITH_KNOTS('',3,1,((#11383,#11384),(#11385,#11386),
(#11387,#11388),(#11389,#11390)),.UNSPECIFIED.,.F.,.F.,.F.,(4,4),(2,2),
(-1.,0.),(0.,0.16),.UNSPECIFIED.);
#130=B_SPLINE_SURFACE_WITH_KNOTS('',3,1,((#11397,#11398),(#11399,#11400),
(#11401,#11402),(#11403,#11404)),.UNSPECIFIED.,.F.,.F.,.F.,(4,4),(2,2),
(-1.,0.),(0.,0.16),.UNSPECIFIED.);
#131=B_SPLINE_SURFACE_WITH_KNOTS('',3,1,((#11415,#11416),(#11417,#11418),
(#11419,#11420),(#11421,#11422)),.UNSPECIFIED.,.F.,.F.,.F.,(4,4),(2,2),
(-1.,0.),(0.,0.16),.UNSPECIFIED.);
#132=B_SPLINE_SURFACE_WITH_KNOTS('',3,1,((#11429,#11430),(#11431,#11432),
(#11433,#11434),(#11435,#11436)),.UNSPECIFIED.,.F.,.F.,.F.,(4,4),(2,2),
(-1.,0.),(0.,0.16),.UNSPECIFIED.);
#133=B_SPLINE_SURFACE_WITH_KNOTS('',3,1,((#11447,#11448),(#11449,#11450),
(#11451,#11452),(#11453,#11454)),.UNSPECIFIED.,.F.,.F.,.F.,(4,4),(2,2),
(-1.,0.),(0.,0.16),.UNSPECIFIED.);
#134=B_SPLINE_SURFACE_WITH_KNOTS('',3,1,((#11461,#11462),(#11463,#11464),
(#11465,#11466),(#11467,#11468)),.UNSPECIFIED.,.F.,.F.,.F.,(4,4),(2,2),
(-1.,0.),(0.,0.16),.UNSPECIFIED.);
#135=B_SPLINE_SURFACE_WITH_KNOTS('',3,1,((#11479,#11480),(#11481,#11482),
(#11483,#11484),(#11485,#11486)),.UNSPECIFIED.,.F.,.F.,.F.,(4,4),(2,2),
(-1.,0.),(0.,0.16),.UNSPECIFIED.);
#136=B_SPLINE_SURFACE_WITH_KNOTS('',3,1,((#11493,#11494),(#11495,#11496),
(#11497,#11498),(#11499,#11500)),.UNSPECIFIED.,.F.,.F.,.F.,(4,4),(2,2),
(-1.,0.),(0.,0.16),.UNSPECIFIED.);
#137=B_SPLINE_SURFACE_WITH_KNOTS('',3,1,((#11511,#11512),(#11513,#11514),
(#11515,#11516),(#11517,#11518)),.UNSPECIFIED.,.F.,.F.,.F.,(4,4),(2,2),
(-1.,0.),(0.,0.16),.UNSPECIFIED.);
#138=B_SPLINE_SURFACE_WITH_KNOTS('',3,1,((#11525,#11526),(#11527,#11528),
(#11529,#11530),(#11531,#11532)),.UNSPECIFIED.,.F.,.F.,.F.,(4,4),(2,2),
(-1.,0.),(0.,0.16),.UNSPECIFIED.);
#139=B_SPLINE_SURFACE_WITH_KNOTS('',3,1,((#11543,#11544),(#11545,#11546),
(#11547,#11548),(#11549,#11550)),.UNSPECIFIED.,.F.,.F.,.F.,(4,4),(2,2),
(-1.,0.),(0.,0.16),.UNSPECIFIED.);
#140=B_SPLINE_SURFACE_WITH_KNOTS('',3,1,((#11557,#11558),(#11559,#11560),
(#11561,#11562),(#11563,#11564)),.UNSPECIFIED.,.F.,.F.,.F.,(4,4),(2,2),
(-1.,0.),(0.,0.16),.UNSPECIFIED.);
#141=B_SPLINE_SURFACE_WITH_KNOTS('',3,1,((#11575,#11576),(#11577,#11578),
(#11579,#11580),(#11581,#11582)),.UNSPECIFIED.,.F.,.F.,.F.,(4,4),(2,2),
(-1.,0.),(0.,0.16),.UNSPECIFIED.);
#142=B_SPLINE_SURFACE_WITH_KNOTS('',3,1,((#11589,#11590),(#11591,#11592),
(#11593,#11594),(#11595,#11596)),.UNSPECIFIED.,.F.,.F.,.F.,(4,4),(2,2),
(-1.,0.),(0.,0.16),.UNSPECIFIED.);
#143=B_SPLINE_SURFACE_WITH_KNOTS('',3,1,((#11607,#11608),(#11609,#11610),
(#11611,#11612),(#11613,#11614)),.UNSPECIFIED.,.F.,.F.,.F.,(4,4),(2,2),
(-1.,0.),(0.,0.16),.UNSPECIFIED.);
#144=B_SPLINE_SURFACE_WITH_KNOTS('',3,1,((#11621,#11622),(#11623,#11624),
(#11625,#11626),(#11627,#11628)),.UNSPECIFIED.,.F.,.F.,.F.,(4,4),(2,2),
(-1.,0.),(0.,0.16),.UNSPECIFIED.);
#145=B_SPLINE_SURFACE_WITH_KNOTS('',3,1,((#11639,#11640),(#11641,#11642),
(#11643,#11644),(#11645,#11646)),.UNSPECIFIED.,.F.,.F.,.F.,(4,4),(2,2),
(-1.,0.),(0.,0.16),.UNSPECIFIED.);
#146=B_SPLINE_SURFACE_WITH_KNOTS('',3,1,((#11653,#11654),(#11655,#11656),
(#11657,#11658),(#11659,#11660)),.UNSPECIFIED.,.F.,.F.,.F.,(4,4),(2,2),
(-1.,0.),(0.,0.16),.UNSPECIFIED.);
#147=B_SPLINE_SURFACE_WITH_KNOTS('',3,1,((#11671,#11672),(#11673,#11674),
(#11675,#11676),(#11677,#11678)),.UNSPECIFIED.,.F.,.F.,.F.,(4,4),(2,2),
(-1.,0.),(0.,0.16),.UNSPECIFIED.);
#148=B_SPLINE_SURFACE_WITH_KNOTS('',3,1,((#11685,#11686),(#11687,#11688),
(#11689,#11690),(#11691,#11692)),.UNSPECIFIED.,.F.,.F.,.F.,(4,4),(2,2),
(-1.,0.),(0.,0.16),.UNSPECIFIED.);
#149=B_SPLINE_SURFACE_WITH_KNOTS('',3,1,((#11703,#11704),(#11705,#11706),
(#11707,#11708),(#11709,#11710)),.UNSPECIFIED.,.F.,.F.,.F.,(4,4),(2,2),
(-1.,0.),(0.,0.16),.UNSPECIFIED.);
#150=B_SPLINE_SURFACE_WITH_KNOTS('',3,1,((#11717,#11718),(#11719,#11720),
(#11721,#11722),(#11723,#11724)),.UNSPECIFIED.,.F.,.F.,.F.,(4,4),(2,2),
(-1.,0.),(0.,0.16),.UNSPECIFIED.);
#151=B_SPLINE_SURFACE_WITH_KNOTS('',3,1,((#11743,#11744),(#11745,#11746),
(#11747,#11748),(#11749,#11750)),.UNSPECIFIED.,.F.,.F.,.F.,(4,4),(2,2),
(-1.,0.),(0.,0.16),.UNSPECIFIED.);
#152=B_SPLINE_SURFACE_WITH_KNOTS('',3,1,((#11757,#11758),(#11759,#11760),
(#11761,#11762),(#11763,#11764)),.UNSPECIFIED.,.F.,.F.,.F.,(4,4),(2,2),
(-1.,0.),(0.,0.16),.UNSPECIFIED.);
#153=B_SPLINE_SURFACE_WITH_KNOTS('',3,1,((#11775,#11776),(#11777,#11778),
(#11779,#11780),(#11781,#11782)),.UNSPECIFIED.,.F.,.F.,.F.,(4,4),(2,2),
(-1.,0.),(0.,0.16),.UNSPECIFIED.);
#154=B_SPLINE_SURFACE_WITH_KNOTS('',3,1,((#11789,#11790),(#11791,#11792),
(#11793,#11794),(#11795,#11796)),.UNSPECIFIED.,.F.,.F.,.F.,(4,4),(2,2),
(-1.,0.),(0.,0.16),.UNSPECIFIED.);
#155=B_SPLINE_SURFACE_WITH_KNOTS('',3,1,((#11807,#11808),(#11809,#11810),
(#11811,#11812),(#11813,#11814)),.UNSPECIFIED.,.F.,.F.,.F.,(4,4),(2,2),
(-1.,0.),(0.,0.16),.UNSPECIFIED.);
#156=B_SPLINE_SURFACE_WITH_KNOTS('',3,1,((#11821,#11822),(#11823,#11824),
(#11825,#11826),(#11827,#11828)),.UNSPECIFIED.,.F.,.F.,.F.,(4,4),(2,2),
(-1.,0.),(0.,0.16),.UNSPECIFIED.);
#157=B_SPLINE_SURFACE_WITH_KNOTS('',3,1,((#11839,#11840),(#11841,#11842),
(#11843,#11844),(#11845,#11846)),.UNSPECIFIED.,.F.,.F.,.F.,(4,4),(2,2),
(-1.,0.),(0.,0.16),.UNSPECIFIED.);
#158=B_SPLINE_SURFACE_WITH_KNOTS('',3,1,((#11853,#11854),(#11855,#11856),
(#11857,#11858),(#11859,#11860)),.UNSPECIFIED.,.F.,.F.,.F.,(4,4),(2,2),
(-1.,0.),(0.,0.16),.UNSPECIFIED.);
#159=B_SPLINE_SURFACE_WITH_KNOTS('',3,1,((#11871,#11872),(#11873,#11874),
(#11875,#11876),(#11877,#11878)),.UNSPECIFIED.,.F.,.F.,.F.,(4,4),(2,2),
(-1.,0.),(0.,0.16),.UNSPECIFIED.);
#160=B_SPLINE_SURFACE_WITH_KNOTS('',3,1,((#11889,#11890),(#11891,#11892),
(#11893,#11894),(#11895,#11896)),.UNSPECIFIED.,.F.,.F.,.F.,(4,4),(2,2),
(-1.,0.),(0.,0.16),.UNSPECIFIED.);
#161=B_SPLINE_SURFACE_WITH_KNOTS('',3,1,((#11907,#11908),(#11909,#11910),
(#11911,#11912),(#11913,#11914)),.UNSPECIFIED.,.F.,.F.,.F.,(4,4),(2,2),
(-1.,0.),(0.,0.16),.UNSPECIFIED.);
#162=B_SPLINE_SURFACE_WITH_KNOTS('',3,1,((#11925,#11926),(#11927,#11928),
(#11929,#11930),(#11931,#11932)),.UNSPECIFIED.,.F.,.F.,.F.,(4,4),(2,2),
(-1.,0.),(0.,0.16),.UNSPECIFIED.);
#163=B_SPLINE_SURFACE_WITH_KNOTS('',3,1,((#11963,#11964),(#11965,#11966),
(#11967,#11968),(#11969,#11970)),.UNSPECIFIED.,.F.,.F.,.F.,(4,4),(2,2),
(-1.,0.),(0.,0.16),.UNSPECIFIED.);
#164=B_SPLINE_SURFACE_WITH_KNOTS('',3,1,((#11977,#11978),(#11979,#11980),
(#11981,#11982),(#11983,#11984)),.UNSPECIFIED.,.F.,.F.,.F.,(4,4),(2,2),
(-1.,0.),(0.,0.16),.UNSPECIFIED.);
#165=B_SPLINE_SURFACE_WITH_KNOTS('',3,1,((#11995,#11996),(#11997,#11998),
(#11999,#12000),(#12001,#12002)),.UNSPECIFIED.,.F.,.F.,.F.,(4,4),(2,2),
(-1.,0.),(0.,0.16),.UNSPECIFIED.);
#166=B_SPLINE_SURFACE_WITH_KNOTS('',3,1,((#12009,#12010),(#12011,#12012),
(#12013,#12014),(#12015,#12016)),.UNSPECIFIED.,.F.,.F.,.F.,(4,4),(2,2),
(-1.,0.),(0.,0.16),.UNSPECIFIED.);
#167=B_SPLINE_SURFACE_WITH_KNOTS('',3,1,((#12027,#12028),(#12029,#12030),
(#12031,#12032),(#12033,#12034)),.UNSPECIFIED.,.F.,.F.,.F.,(4,4),(2,2),
(-1.,0.),(0.,0.16),.UNSPECIFIED.);
#168=B_SPLINE_SURFACE_WITH_KNOTS('',3,1,((#12041,#12042),(#12043,#12044),
(#12045,#12046),(#12047,#12048)),.UNSPECIFIED.,.F.,.F.,.F.,(4,4),(2,2),
(-1.,0.),(0.,0.16),.UNSPECIFIED.);
#169=B_SPLINE_SURFACE_WITH_KNOTS('',3,1,((#12059,#12060),(#12061,#12062),
(#12063,#12064),(#12065,#12066)),.UNSPECIFIED.,.F.,.F.,.F.,(4,4),(2,2),
(-1.,0.),(0.,0.16),.UNSPECIFIED.);
#170=B_SPLINE_SURFACE_WITH_KNOTS('',3,1,((#12073,#12074),(#12075,#12076),
(#12077,#12078),(#12079,#12080)),.UNSPECIFIED.,.F.,.F.,.F.,(4,4),(2,2),
(-1.,0.),(0.,0.16),.UNSPECIFIED.);
#171=B_SPLINE_SURFACE_WITH_KNOTS('',3,1,((#12091,#12092),(#12093,#12094),
(#12095,#12096),(#12097,#12098)),.UNSPECIFIED.,.F.,.F.,.F.,(4,4),(2,2),
(-1.,0.),(0.,0.16),.UNSPECIFIED.);
#172=B_SPLINE_SURFACE_WITH_KNOTS('',3,1,((#12105,#12106),(#12107,#12108),
(#12109,#12110),(#12111,#12112)),.UNSPECIFIED.,.F.,.F.,.F.,(4,4),(2,2),
(-1.,0.),(0.,0.16),.UNSPECIFIED.);
#173=B_SPLINE_SURFACE_WITH_KNOTS('',3,1,((#12123,#12124),(#12125,#12126),
(#12127,#12128),(#12129,#12130)),.UNSPECIFIED.,.F.,.F.,.F.,(4,4),(2,2),
(-1.,0.),(0.,0.16),.UNSPECIFIED.);
#174=B_SPLINE_SURFACE_WITH_KNOTS('',3,1,((#12137,#12138),(#12139,#12140),
(#12141,#12142),(#12143,#12144)),.UNSPECIFIED.,.F.,.F.,.F.,(4,4),(2,2),
(-1.,0.),(0.,0.16),.UNSPECIFIED.);
#175=B_SPLINE_SURFACE_WITH_KNOTS('',3,1,((#12155,#12156),(#12157,#12158),
(#12159,#12160),(#12161,#12162)),.UNSPECIFIED.,.F.,.F.,.F.,(4,4),(2,2),
(-1.,0.),(0.,0.16),.UNSPECIFIED.);
#176=B_SPLINE_SURFACE_WITH_KNOTS('',3,1,((#12169,#12170),(#12171,#12172),
(#12173,#12174),(#12175,#12176)),.UNSPECIFIED.,.F.,.F.,.F.,(4,4),(2,2),
(-1.,0.),(0.,0.16),.UNSPECIFIED.);
#177=B_SPLINE_SURFACE_WITH_KNOTS('',3,1,((#12187,#12188),(#12189,#12190),
(#12191,#12192),(#12193,#12194)),.UNSPECIFIED.,.F.,.F.,.F.,(4,4),(2,2),
(-1.,0.),(0.,0.16),.UNSPECIFIED.);
#178=B_SPLINE_SURFACE_WITH_KNOTS('',3,1,((#12201,#12202),(#12203,#12204),
(#12205,#12206),(#12207,#12208)),.UNSPECIFIED.,.F.,.F.,.F.,(4,4),(2,2),
(-1.,0.),(0.,0.16),.UNSPECIFIED.);
#179=B_SPLINE_SURFACE_WITH_KNOTS('',3,1,((#12216,#12217),(#12218,#12219),
(#12220,#12221),(#12222,#12223),(#12224,#12225),(#12226,#12227),(#12228,
#12229),(#12230,#12231),(#12232,#12233),(#12234,#12235)),.UNSPECIFIED.,
 .F.,.F.,.F.,(4,3,3,4),(2,2),(-3.39804640284874E-5,-1.35928064615985E-5,
0.0349254516563535,0.999988289559876),(0.,0.901974221349718),
 .UNSPECIFIED.);
#180=B_SPLINE_SURFACE_WITH_KNOTS('',3,1,((#12240,#12241),(#12242,#12243),
(#12244,#12245),(#12246,#12247),(#12248,#12249),(#12250,#12251),(#12252,
#12253)),.UNSPECIFIED.,.F.,.F.,.F.,(4,3,4),(2,2),(4.99883453751661E-6,0.775053181843442,
0.999999999967015),(0.,0.901994894302482),.UNSPECIFIED.);
#181=B_SPLINE_SURFACE_WITH_KNOTS('',3,1,((#12257,#12258),(#12259,#12260),
(#12261,#12262),(#12263,#12264)),.UNSPECIFIED.,.F.,.F.,.F.,(4,4),(2,2),
(2.03959044917026E-6,1.),(0.,0.900301663976684),.UNSPECIFIED.);
#182=B_SPLINE_SURFACE_WITH_KNOTS('',3,1,((#12268,#12269),(#12270,#12271),
(#12272,#12273),(#12274,#12275),(#12276,#12277),(#12278,#12279),(#12280,
#12281),(#12282,#12283),(#12284,#12285),(#12286,#12287)),.UNSPECIFIED.,
 .F.,.F.,.F.,(4,3,3,4),(2,2),(-0.000117248709921702,-3.34993242742032E-5,
0.102089922099967,0.999980929921669),(0.,0.901990055782634),
 .UNSPECIFIED.);
#183=B_SPLINE_SURFACE_WITH_KNOTS('',3,1,((#12291,#12292),(#12293,#12294),
(#12295,#12296),(#12297,#12298),(#12299,#12300),(#12301,#12302),(#12303,
#12304),(#12305,#12306),(#12307,#12308),(#12309,#12310),(#12311,#12312),
(#12313,#12314),(#12315,#12316)),.UNSPECIFIED.,.F.,.F.,.F.,(4,3,3,3,4),
(2,2),(3.45164079837649E-5,0.70684845590965,0.971693730336574,1.00002272748532,
1.00007954674694),(0.,0.901274901201029),.UNSPECIFIED.);
#184=B_SPLINE_SURFACE_WITH_KNOTS('',3,1,((#12369,#12370),(#12371,#12372),
(#12373,#12374),(#12375,#12376),(#12377,#12378),(#12379,#12380),(#12381,
#12382),(#12383,#12384),(#12385,#12386),(#12387,#12388),(#12389,#12390),
(#12391,#12392),(#12393,#12394)),.UNSPECIFIED.,.F.,.F.,.F.,(4,3,3,3,4),
(2,2),(3.45164082176507E-5,0.70684845590965,0.971693730336574,1.00002272748532,
1.00007954556487),(0.,0.16),.UNSPECIFIED.);
#185=B_SPLINE_SURFACE_WITH_KNOTS('',3,1,((#12430,#12431),(#12432,#12433),
(#12434,#12435),(#12436,#12437),(#12438,#12439),(#12440,#12441),(#12442,
#12443),(#12444,#12445),(#12446,#12447),(#12448,#12449)),.UNSPECIFIED.,
 .F.,.F.,.F.,(4,3,3,4),(2,2),(-3.39804640284874E-5,-1.35928064615985E-5,
0.0349254516563535,0.999988289559876),(0.,0.16),.UNSPECIFIED.);
#186=B_SPLINE_SURFACE_WITH_KNOTS('',3,1,((#12491,#12492),(#12493,#12494),
(#12495,#12496),(#12497,#12498)),.UNSPECIFIED.,.F.,.F.,.F.,(4,4),(2,2),
(0.,1.),(0.,0.16),.UNSPECIFIED.);
#187=B_SPLINE_SURFACE_WITH_KNOTS('',3,1,((#12510,#12511),(#12512,#12513),
(#12514,#12515),(#12516,#12517)),.UNSPECIFIED.,.F.,.F.,.F.,(4,4),(2,2),
(0.0377846264041371,1.),(0.,0.16),.UNSPECIFIED.);
#188=B_SPLINE_SURFACE_WITH_KNOTS('',3,1,((#12535,#12536),(#12537,#12538),
(#12539,#12540),(#12541,#12542),(#12543,#12544),(#12545,#12546),(#12547,
#12548),(#12549,#12550),(#12551,#12552),(#12553,#12554),(#12555,#12556),
(#12557,#12558),(#12559,#12560),(#12561,#12562),(#12563,#12564),(#12565,
#12566)),.UNSPECIFIED.,.F.,.F.,.F.,(4,3,3,3,3,4),(2,2),(3.69928870178328E-5,
0.519267089071726,0.846747249654439,0.957720444780622,1.00002065074662,
1.00007227850429),(0.,0.16),.UNSPECIFIED.);
#189=B_SPLINE_SURFACE_WITH_KNOTS('',3,1,((#12608,#12609),(#12610,#12611),
(#12612,#12613),(#12614,#12615),(#12616,#12617),(#12618,#12619),(#12620,
#12621)),.UNSPECIFIED.,.F.,.F.,.F.,(4,3,4),(2,2),(-2.98902015304013E-5,
0.,0.999993677524722),(0.,0.16),.UNSPECIFIED.);
#190=B_SPLINE_SURFACE_WITH_KNOTS('',3,1,((#12645,#12646),(#12647,#12648),
(#12649,#12650),(#12651,#12652)),.UNSPECIFIED.,.F.,.F.,.F.,(4,4),(2,2),
(1.01969294412114E-6,1.00000000020105),(0.,0.16),.UNSPECIFIED.);
#191=B_SPLINE_SURFACE_WITH_KNOTS('',3,1,((#12670,#12671),(#12672,#12673),
(#12674,#12675),(#12676,#12677),(#12678,#12679),(#12680,#12681),(#12682,
#12683)),.UNSPECIFIED.,.F.,.F.,.F.,(4,3,4),(2,2),(4.99883453368731E-6,0.775053181843456,
0.999999999967033),(0.,0.16),.UNSPECIFIED.);
#192=B_SPLINE_SURFACE_WITH_KNOTS('',3,1,((#12707,#12708),(#12709,#12710),
(#12711,#12712),(#12713,#12714)),.UNSPECIFIED.,.F.,.F.,.F.,(4,4),(2,2),
(2.03959044917026E-6,1.),(0.,0.16),.UNSPECIFIED.);
#193=B_SPLINE_SURFACE_WITH_KNOTS('',3,1,((#12732,#12733),(#12734,#12735),
(#12736,#12737),(#12738,#12739),(#12740,#12741),(#12742,#12743),(#12744,
#12745),(#12746,#12747),(#12748,#12749),(#12750,#12751)),.UNSPECIFIED.,
 .F.,.F.,.F.,(4,3,3,4),(2,2),(-0.000117248709927067,-3.34993242742032E-5,
0.102089922099967,0.999980929921669),(0.,0.16),.UNSPECIFIED.);
#194=TOROIDAL_SURFACE('',#6547,2.00000000000001,1.5);
#195=FACE_BOUND('',#627,.T.);
#196=FACE_BOUND('',#628,.T.);
#197=FACE_BOUND('',#629,.T.);
#198=FACE_BOUND('',#630,.T.);
#199=FACE_BOUND('',#631,.T.);
#200=FACE_BOUND('',#632,.T.);
#201=FACE_BOUND('',#633,.T.);
#202=FACE_BOUND('',#634,.T.);
#203=FACE_BOUND('',#635,.T.);
#204=FACE_BOUND('',#636,.T.);
#205=FACE_BOUND('',#637,.T.);
#206=FACE_BOUND('',#638,.T.);
#207=FACE_BOUND('',#639,.T.);
#208=FACE_BOUND('',#640,.T.);
#209=FACE_BOUND('',#641,.T.);
#210=FACE_BOUND('',#642,.T.);
#211=FACE_BOUND('',#643,.T.);
#212=FACE_BOUND('',#644,.T.);
#213=FACE_BOUND('',#645,.T.);
#214=FACE_BOUND('',#646,.T.);
#215=FACE_BOUND('',#647,.T.);
#216=FACE_BOUND('',#648,.T.);
#217=FACE_BOUND('',#649,.T.);
#218=FACE_BOUND('',#650,.T.);
#219=FACE_BOUND('',#651,.T.);
#220=FACE_BOUND('',#652,.T.);
#221=FACE_BOUND('',#942,.T.);
#222=FACE_BOUND('',#943,.T.);
#223=FACE_BOUND('',#944,.T.);
#224=FACE_BOUND('',#945,.T.);
#225=FACE_BOUND('',#946,.T.);
#226=FACE_BOUND('',#947,.T.);
#227=FACE_BOUND('',#948,.T.);
#228=FACE_BOUND('',#949,.T.);
#229=FACE_BOUND('',#950,.T.);
#230=FACE_BOUND('',#951,.T.);
#231=FACE_BOUND('',#952,.T.);
#232=FACE_BOUND('',#953,.T.);
#233=FACE_BOUND('',#954,.T.);
#234=FACE_BOUND('',#955,.T.);
#235=FACE_BOUND('',#956,.T.);
#236=FACE_BOUND('',#957,.T.);
#237=FACE_BOUND('',#958,.T.);
#238=FACE_BOUND('',#959,.T.);
#239=FACE_BOUND('',#960,.T.);
#240=FACE_BOUND('',#961,.T.);
#241=FACE_BOUND('',#962,.T.);
#242=FACE_BOUND('',#963,.T.);
#243=FACE_BOUND('',#964,.T.);
#244=FACE_BOUND('',#965,.T.);
#245=FACE_BOUND('',#966,.T.);
#246=FACE_BOUND('',#967,.T.);
#247=FACE_BOUND('',#997,.T.);
#248=FACE_BOUND('',#998,.T.);
#249=FACE_BOUND('',#999,.T.);
#250=FACE_BOUND('',#1000,.T.);
#251=FACE_BOUND('',#1001,.T.);
#252=FACE_BOUND('',#1002,.T.);
#253=FACE_BOUND('',#1003,.T.);
#254=FACE_BOUND('',#1005,.T.);
#255=FACE_BOUND('',#1006,.T.);
#256=FACE_BOUND('',#1007,.T.);
#257=FACE_BOUND('',#1008,.T.);
#258=FACE_BOUND('',#1009,.T.);
#259=FACE_BOUND('',#1010,.T.);
#260=FACE_BOUND('',#1011,.T.);
#261=ELLIPSE('',#6533,1.5564804596867,1.5);
#262=CYLINDRICAL_SURFACE('',#6528,1.5);
#263=CYLINDRICAL_SURFACE('',#6531,1.5);
#264=CYLINDRICAL_SURFACE('',#6551,1.5);
#265=CYLINDRICAL_SURFACE('',#6553,1.5);
#266=CYLINDRICAL_SURFACE('',#6555,1.5);
#267=CYLINDRICAL_SURFACE('',#6557,1.5);
#268=CYLINDRICAL_SURFACE('',#6560,1.5);
#269=CYLINDRICAL_SURFACE('',#6563,1.5);
#270=CYLINDRICAL_SURFACE('',#6565,1.5);
#271=CYLINDRICAL_SURFACE('',#6567,1.5);
#272=CYLINDRICAL_SURFACE('',#6569,1.5);
#273=CYLINDRICAL_SURFACE('',#6574,3.50000000000001);
#274=CYLINDRICAL_SURFACE('',#6583,1.00000000000002);
#275=CYLINDRICAL_SURFACE('',#6610,1.24999999999999);
#276=CYLINDRICAL_SURFACE('',#6612,1.25);
#277=CYLINDRICAL_SURFACE('',#6634,1.25);
#278=CYLINDRICAL_SURFACE('',#6640,1.25);
#279=CYLINDRICAL_SURFACE('',#6654,1.25);
#280=CYLINDRICAL_SURFACE('',#6656,1.25);
#281=CYLINDRICAL_SURFACE('',#6670,1.25);
#282=CYLINDRICAL_SURFACE('',#6686,1.25);
#283=CYLINDRICAL_SURFACE('',#6689,1.25);
#284=CYLINDRICAL_SURFACE('',#6692,1.25);
#285=CYLINDRICAL_SURFACE('',#6695,1.25);
#286=CYLINDRICAL_SURFACE('',#6698,1.25);
#287=CYLINDRICAL_SURFACE('',#6701,1.25);
#288=CYLINDRICAL_SURFACE('',#6704,1.24999999999999);
#289=CYLINDRICAL_SURFACE('',#6711,3.5);
#290=FACE_OUTER_BOUND('',#618,.T.);
#291=FACE_OUTER_BOUND('',#619,.T.);
#292=FACE_OUTER_BOUND('',#620,.T.);
#293=FACE_OUTER_BOUND('',#621,.T.);
#294=FACE_OUTER_BOUND('',#622,.T.);
#295=FACE_OUTER_BOUND('',#623,.T.);
#296=FACE_OUTER_BOUND('',#624,.T.);
#297=FACE_OUTER_BOUND('',#625,.T.);
#298=FACE_OUTER_BOUND('',#626,.T.);
#299=FACE_OUTER_BOUND('',#653,.T.);
#300=FACE_OUTER_BOUND('',#654,.T.);
#301=FACE_OUTER_BOUND('',#655,.T.);
#302=FACE_OUTER_BOUND('',#656,.T.);
#303=FACE_OUTER_BOUND('',#657,.T.);
#304=FACE_OUTER_BOUND('',#658,.T.);
#305=FACE_OUTER_BOUND('',#659,.T.);
#306=FACE_OUTER_BOUND('',#660,.T.);
#307=FACE_OUTER_BOUND('',#661,.T.);
#308=FACE_OUTER_BOUND('',#662,.T.);
#309=FACE_OUTER_BOUND('',#663,.T.);
#310=FACE_OUTER_BOUND('',#664,.T.);
#311=FACE_OUTER_BOUND('',#665,.T.);
#312=FACE_OUTER_BOUND('',#666,.T.);
#313=FACE_OUTER_BOUND('',#667,.T.);
#314=FACE_OUTER_BOUND('',#668,.T.);
#315=FACE_OUTER_BOUND('',#669,.T.);
#316=FACE_OUTER_BOUND('',#670,.T.);
#317=FACE_OUTER_BOUND('',#671,.T.);
#318=FACE_OUTER_BOUND('',#672,.T.);
#319=FACE_OUTER_BOUND('',#673,.T.);
#320=FACE_OUTER_BOUND('',#674,.T.);
#321=FACE_OUTER_BOUND('',#675,.T.);
#322=FACE_OUTER_BOUND('',#676,.T.);
#323=FACE_OUTER_BOUND('',#677,.T.);
#324=FACE_OUTER_BOUND('',#678,.T.);
#325=FACE_OUTER_BOUND('',#679,.T.);
#326=FACE_OUTER_BOUND('',#680,.T.);
#327=FACE_OUTER_BOUND('',#681,.T.);
#328=FACE_OUTER_BOUND('',#682,.T.);
#329=FACE_OUTER_BOUND('',#683,.T.);
#330=FACE_OUTER_BOUND('',#684,.T.);
#331=FACE_OUTER_BOUND('',#685,.T.);
#332=FACE_OUTER_BOUND('',#686,.T.);
#333=FACE_OUTER_BOUND('',#687,.T.);
#334=FACE_OUTER_BOUND('',#688,.T.);
#335=FACE_OUTER_BOUND('',#689,.T.);
#336=FACE_OUTER_BOUND('',#690,.T.);
#337=FACE_OUTER_BOUND('',#691,.T.);
#338=FACE_OUTER_BOUND('',#692,.T.);
#339=FACE_OUTER_BOUND('',#693,.T.);
#340=FACE_OUTER_BOUND('',#694,.T.);
#341=FACE_OUTER_BOUND('',#695,.T.);
#342=FACE_OUTER_BOUND('',#696,.T.);
#343=FACE_OUTER_BOUND('',#697,.T.);
#344=FACE_OUTER_BOUND('',#698,.T.);
#345=FACE_OUTER_BOUND('',#699,.T.);
#346=FACE_OUTER_BOUND('',#700,.T.);
#347=FACE_OUTER_BOUND('',#701,.T.);
#348=FACE_OUTER_BOUND('',#702,.T.);
#349=FACE_OUTER_BOUND('',#703,.T.);
#350=FACE_OUTER_BOUND('',#704,.T.);
#351=FACE_OUTER_BOUND('',#705,.T.);
#352=FACE_OUTER_BOUND('',#706,.T.);
#353=FACE_OUTER_BOUND('',#707,.T.);
#354=FACE_OUTER_BOUND('',#708,.T.);
#355=FACE_OUTER_BOUND('',#709,.T.);
#356=FACE_OUTER_BOUND('',#710,.T.);
#357=FACE_OUTER_BOUND('',#711,.T.);
#358=FACE_OUTER_BOUND('',#712,.T.);
#359=FACE_OUTER_BOUND('',#713,.T.);
#360=FACE_OUTER_BOUND('',#714,.T.);
#361=FACE_OUTER_BOUND('',#715,.T.);
#362=FACE_OUTER_BOUND('',#716,.T.);
#363=FACE_OUTER_BOUND('',#717,.T.);
#364=FACE_OUTER_BOUND('',#718,.T.);
#365=FACE_OUTER_BOUND('',#719,.T.);
#366=FACE_OUTER_BOUND('',#720,.T.);
#367=FACE_OUTER_BOUND('',#721,.T.);
#368=FACE_OUTER_BOUND('',#722,.T.);
#369=FACE_OUTER_BOUND('',#723,.T.);
#370=FACE_OUTER_BOUND('',#724,.T.);
#371=FACE_OUTER_BOUND('',#725,.T.);
#372=FACE_OUTER_BOUND('',#726,.T.);
#373=FACE_OUTER_BOUND('',#727,.T.);
#374=FACE_OUTER_BOUND('',#728,.T.);
#375=FACE_OUTER_BOUND('',#729,.T.);
#376=FACE_OUTER_BOUND('',#730,.T.);
#377=FACE_OUTER_BOUND('',#731,.T.);
#378=FACE_OUTER_BOUND('',#732,.T.);
#379=FACE_OUTER_BOUND('',#733,.T.);
#380=FACE_OUTER_BOUND('',#734,.T.);
#381=FACE_OUTER_BOUND('',#735,.T.);
#382=FACE_OUTER_BOUND('',#736,.T.);
#383=FACE_OUTER_BOUND('',#737,.T.);
#384=FACE_OUTER_BOUND('',#738,.T.);
#385=FACE_OUTER_BOUND('',#739,.T.);
#386=FACE_OUTER_BOUND('',#740,.T.);
#387=FACE_OUTER_BOUND('',#741,.T.);
#388=FACE_OUTER_BOUND('',#742,.T.);
#389=FACE_OUTER_BOUND('',#743,.T.);
#390=FACE_OUTER_BOUND('',#744,.T.);
#391=FACE_OUTER_BOUND('',#745,.T.);
#392=FACE_OUTER_BOUND('',#746,.T.);
#393=FACE_OUTER_BOUND('',#747,.T.);
#394=FACE_OUTER_BOUND('',#748,.T.);
#395=FACE_OUTER_BOUND('',#749,.T.);
#396=FACE_OUTER_BOUND('',#750,.T.);
#397=FACE_OUTER_BOUND('',#751,.T.);
#398=FACE_OUTER_BOUND('',#752,.T.);
#399=FACE_OUTER_BOUND('',#753,.T.);
#400=FACE_OUTER_BOUND('',#754,.T.);
#401=FACE_OUTER_BOUND('',#755,.T.);
#402=FACE_OUTER_BOUND('',#756,.T.);
#403=FACE_OUTER_BOUND('',#757,.T.);
#404=FACE_OUTER_BOUND('',#758,.T.);
#405=FACE_OUTER_BOUND('',#759,.T.);
#406=FACE_OUTER_BOUND('',#760,.T.);
#407=FACE_OUTER_BOUND('',#761,.T.);
#408=FACE_OUTER_BOUND('',#762,.T.);
#409=FACE_OUTER_BOUND('',#763,.T.);
#410=FACE_OUTER_BOUND('',#764,.T.);
#411=FACE_OUTER_BOUND('',#765,.T.);
#412=FACE_OUTER_BOUND('',#766,.T.);
#413=FACE_OUTER_BOUND('',#767,.T.);
#414=FACE_OUTER_BOUND('',#768,.T.);
#415=FACE_OUTER_BOUND('',#769,.T.);
#416=FACE_OUTER_BOUND('',#770,.T.);
#417=FACE_OUTER_BOUND('',#771,.T.);
#418=FACE_OUTER_BOUND('',#772,.T.);
#419=FACE_OUTER_BOUND('',#773,.T.);
#420=FACE_OUTER_BOUND('',#774,.T.);
#421=FACE_OUTER_BOUND('',#775,.T.);
#422=FACE_OUTER_BOUND('',#776,.T.);
#423=FACE_OUTER_BOUND('',#777,.T.);
#424=FACE_OUTER_BOUND('',#778,.T.);
#425=FACE_OUTER_BOUND('',#779,.T.);
#426=FACE_OUTER_BOUND('',#780,.T.);
#427=FACE_OUTER_BOUND('',#781,.T.);
#428=FACE_OUTER_BOUND('',#782,.T.);
#429=FACE_OUTER_BOUND('',#783,.T.);
#430=FACE_OUTER_BOUND('',#784,.T.);
#431=FACE_OUTER_BOUND('',#785,.T.);
#432=FACE_OUTER_BOUND('',#786,.T.);
#433=FACE_OUTER_BOUND('',#787,.T.);
#434=FACE_OUTER_BOUND('',#788,.T.);
#435=FACE_OUTER_BOUND('',#789,.T.);
#436=FACE_OUTER_BOUND('',#790,.T.);
#437=FACE_OUTER_BOUND('',#791,.T.);
#438=FACE_OUTER_BOUND('',#792,.T.);
#439=FACE_OUTER_BOUND('',#793,.T.);
#440=FACE_OUTER_BOUND('',#794,.T.);
#441=FACE_OUTER_BOUND('',#795,.T.);
#442=FACE_OUTER_BOUND('',#796,.T.);
#443=FACE_OUTER_BOUND('',#797,.T.);
#444=FACE_OUTER_BOUND('',#798,.T.);
#445=FACE_OUTER_BOUND('',#799,.T.);
#446=FACE_OUTER_BOUND('',#800,.T.);
#447=FACE_OUTER_BOUND('',#801,.T.);
#448=FACE_OUTER_BOUND('',#802,.T.);
#449=FACE_OUTER_BOUND('',#803,.T.);
#450=FACE_OUTER_BOUND('',#804,.T.);
#451=FACE_OUTER_BOUND('',#805,.T.);
#452=FACE_OUTER_BOUND('',#806,.T.);
#453=FACE_OUTER_BOUND('',#807,.T.);
#454=FACE_OUTER_BOUND('',#808,.T.);
#455=FACE_OUTER_BOUND('',#809,.T.);
#456=FACE_OUTER_BOUND('',#810,.T.);
#457=FACE_OUTER_BOUND('',#811,.T.);
#458=FACE_OUTER_BOUND('',#812,.T.);
#459=FACE_OUTER_BOUND('',#813,.T.);
#460=FACE_OUTER_BOUND('',#814,.T.);
#461=FACE_OUTER_BOUND('',#815,.T.);
#462=FACE_OUTER_BOUND('',#816,.T.);
#463=FACE_OUTER_BOUND('',#817,.T.);
#464=FACE_OUTER_BOUND('',#818,.T.);
#465=FACE_OUTER_BOUND('',#819,.T.);
#466=FACE_OUTER_BOUND('',#820,.T.);
#467=FACE_OUTER_BOUND('',#821,.T.);
#468=FACE_OUTER_BOUND('',#822,.T.);
#469=FACE_OUTER_BOUND('',#823,.T.);
#470=FACE_OUTER_BOUND('',#824,.T.);
#471=FACE_OUTER_BOUND('',#825,.T.);
#472=FACE_OUTER_BOUND('',#826,.T.);
#473=FACE_OUTER_BOUND('',#827,.T.);
#474=FACE_OUTER_BOUND('',#828,.T.);
#475=FACE_OUTER_BOUND('',#829,.T.);
#476=FACE_OUTER_BOUND('',#830,.T.);
#477=FACE_OUTER_BOUND('',#831,.T.);
#478=FACE_OUTER_BOUND('',#832,.T.);
#479=FACE_OUTER_BOUND('',#833,.T.);
#480=FACE_OUTER_BOUND('',#834,.T.);
#481=FACE_OUTER_BOUND('',#835,.T.);
#482=FACE_OUTER_BOUND('',#836,.T.);
#483=FACE_OUTER_BOUND('',#837,.T.);
#484=FACE_OUTER_BOUND('',#838,.T.);
#485=FACE_OUTER_BOUND('',#839,.T.);
#486=FACE_OUTER_BOUND('',#840,.T.);
#487=FACE_OUTER_BOUND('',#841,.T.);
#488=FACE_OUTER_BOUND('',#842,.T.);
#489=FACE_OUTER_BOUND('',#843,.T.);
#490=FACE_OUTER_BOUND('',#844,.T.);
#491=FACE_OUTER_BOUND('',#845,.T.);
#492=FACE_OUTER_BOUND('',#846,.T.);
#493=FACE_OUTER_BOUND('',#847,.T.);
#494=FACE_OUTER_BOUND('',#848,.T.);
#495=FACE_OUTER_BOUND('',#849,.T.);
#496=FACE_OUTER_BOUND('',#850,.T.);
#497=FACE_OUTER_BOUND('',#851,.T.);
#498=FACE_OUTER_BOUND('',#852,.T.);
#499=FACE_OUTER_BOUND('',#853,.T.);
#500=FACE_OUTER_BOUND('',#854,.T.);
#501=FACE_OUTER_BOUND('',#855,.T.);
#502=FACE_OUTER_BOUND('',#856,.T.);
#503=FACE_OUTER_BOUND('',#857,.T.);
#504=FACE_OUTER_BOUND('',#858,.T.);
#505=FACE_OUTER_BOUND('',#859,.T.);
#506=FACE_OUTER_BOUND('',#860,.T.);
#507=FACE_OUTER_BOUND('',#861,.T.);
#508=FACE_OUTER_BOUND('',#862,.T.);
#509=FACE_OUTER_BOUND('',#863,.T.);
#510=FACE_OUTER_BOUND('',#864,.T.);
#511=FACE_OUTER_BOUND('',#865,.T.);
#512=FACE_OUTER_BOUND('',#866,.T.);
#513=FACE_OUTER_BOUND('',#867,.T.);
#514=FACE_OUTER_BOUND('',#868,.T.);
#515=FACE_OUTER_BOUND('',#869,.T.);
#516=FACE_OUTER_BOUND('',#870,.T.);
#517=FACE_OUTER_BOUND('',#871,.T.);
#518=FACE_OUTER_BOUND('',#872,.T.);
#519=FACE_OUTER_BOUND('',#873,.T.);
#520=FACE_OUTER_BOUND('',#874,.T.);
#521=FACE_OUTER_BOUND('',#875,.T.);
#522=FACE_OUTER_BOUND('',#876,.T.);
#523=FACE_OUTER_BOUND('',#877,.T.);
#524=FACE_OUTER_BOUND('',#878,.T.);
#525=FACE_OUTER_BOUND('',#879,.T.);
#526=FACE_OUTER_BOUND('',#880,.T.);
#527=FACE_OUTER_BOUND('',#881,.T.);
#528=FACE_OUTER_BOUND('',#882,.T.);
#529=FACE_OUTER_BOUND('',#883,.T.);
#530=FACE_OUTER_BOUND('',#884,.T.);
#531=FACE_OUTER_BOUND('',#885,.T.);
#532=FACE_OUTER_BOUND('',#886,.T.);
#533=FACE_OUTER_BOUND('',#887,.T.);
#534=FACE_OUTER_BOUND('',#888,.T.);
#535=FACE_OUTER_BOUND('',#889,.T.);
#536=FACE_OUTER_BOUND('',#890,.T.);
#537=FACE_OUTER_BOUND('',#891,.T.);
#538=FACE_OUTER_BOUND('',#892,.T.);
#539=FACE_OUTER_BOUND('',#893,.T.);
#540=FACE_OUTER_BOUND('',#894,.T.);
#541=FACE_OUTER_BOUND('',#895,.T.);
#542=FACE_OUTER_BOUND('',#896,.T.);
#543=FACE_OUTER_BOUND('',#897,.T.);
#544=FACE_OUTER_BOUND('',#898,.T.);
#545=FACE_OUTER_BOUND('',#899,.T.);
#546=FACE_OUTER_BOUND('',#900,.T.);
#547=FACE_OUTER_BOUND('',#901,.T.);
#548=FACE_OUTER_BOUND('',#902,.T.);
#549=FACE_OUTER_BOUND('',#903,.T.);
#550=FACE_OUTER_BOUND('',#904,.T.);
#551=FACE_OUTER_BOUND('',#905,.T.);
#552=FACE_OUTER_BOUND('',#906,.T.);
#553=FACE_OUTER_BOUND('',#907,.T.);
#554=FACE_OUTER_BOUND('',#908,.T.);
#555=FACE_OUTER_BOUND('',#909,.T.);
#556=FACE_OUTER_BOUND('',#910,.T.);
#557=FACE_OUTER_BOUND('',#911,.T.);
#558=FACE_OUTER_BOUND('',#912,.T.);
#559=FACE_OUTER_BOUND('',#913,.T.);
#560=FACE_OUTER_BOUND('',#914,.T.);
#561=FACE_OUTER_BOUND('',#915,.T.);
#562=FACE_OUTER_BOUND('',#916,.T.);
#563=FACE_OUTER_BOUND('',#917,.T.);
#564=FACE_OUTER_BOUND('',#918,.T.);
#565=FACE_OUTER_BOUND('',#919,.T.);
#566=FACE_OUTER_BOUND('',#920,.T.);
#567=FACE_OUTER_BOUND('',#921,.T.);
#568=FACE_OUTER_BOUND('',#922,.T.);
#569=FACE_OUTER_BOUND('',#923,.T.);
#570=FACE_OUTER_BOUND('',#924,.T.);
#571=FACE_OUTER_BOUND('',#925,.T.);
#572=FACE_OUTER_BOUND('',#926,.T.);
#573=FACE_OUTER_BOUND('',#927,.T.);
#574=FACE_OUTER_BOUND('',#928,.T.);
#575=FACE_OUTER_BOUND('',#929,.T.);
#576=FACE_OUTER_BOUND('',#930,.T.);
#577=FACE_OUTER_BOUND('',#931,.T.);
#578=FACE_OUTER_BOUND('',#932,.T.);
#579=FACE_OUTER_BOUND('',#933,.T.);
#580=FACE_OUTER_BOUND('',#934,.T.);
#581=FACE_OUTER_BOUND('',#935,.T.);
#582=FACE_OUTER_BOUND('',#936,.T.);
#583=FACE_OUTER_BOUND('',#937,.T.);
#584=FACE_OUTER_BOUND('',#938,.T.);
#585=FACE_OUTER_BOUND('',#939,.T.);
#586=FACE_OUTER_BOUND('',#940,.T.);
#587=FACE_OUTER_BOUND('',#941,.T.);
#588=FACE_OUTER_BOUND('',#968,.T.);
#589=FACE_OUTER_BOUND('',#969,.T.);
#590=FACE_OUTER_BOUND('',#970,.T.);
#591=FACE_OUTER_BOUND('',#971,.T.);
#592=FACE_OUTER_BOUND('',#972,.T.);
#593=FACE_OUTER_BOUND('',#973,.T.);
#594=FACE_OUTER_BOUND('',#974,.T.);
#595=FACE_OUTER_BOUND('',#975,.T.);
#596=FACE_OUTER_BOUND('',#976,.T.);
#597=FACE_OUTER_BOUND('',#977,.T.);
#598=FACE_OUTER_BOUND('',#978,.T.);
#599=FACE_OUTER_BOUND('',#979,.T.);
#600=FACE_OUTER_BOUND('',#980,.T.);
#601=FACE_OUTER_BOUND('',#981,.T.);
#602=FACE_OUTER_BOUND('',#982,.T.);
#603=FACE_OUTER_BOUND('',#983,.T.);
#604=FACE_OUTER_BOUND('',#984,.T.);
#605=FACE_OUTER_BOUND('',#985,.T.);
#606=FACE_OUTER_BOUND('',#986,.T.);
#607=FACE_OUTER_BOUND('',#987,.T.);
#608=FACE_OUTER_BOUND('',#988,.T.);
#609=FACE_OUTER_BOUND('',#989,.T.);
#610=FACE_OUTER_BOUND('',#990,.T.);
#611=FACE_OUTER_BOUND('',#991,.T.);
#612=FACE_OUTER_BOUND('',#992,.T.);
#613=FACE_OUTER_BOUND('',#993,.T.);
#614=FACE_OUTER_BOUND('',#994,.T.);
#615=FACE_OUTER_BOUND('',#995,.T.);
#616=FACE_OUTER_BOUND('',#996,.T.);
#617=FACE_OUTER_BOUND('',#1004,.T.);
#618=EDGE_LOOP('',(#4131,#4132,#4133,#4134,#4135,#4136,#4137,#4138,#4139,
#4140,#4141,#4142,#4143,#4144,#4145,#4146,#4147,#4148,#4149,#4150,#4151,
#4152,#4153,#4154,#4155,#4156,#4157,#4158,#4159,#4160,#4161,#4162,#4163,
#4164,#4165,#4166,#4167,#4168,#4169,#4170,#4171,#4172,#4173,#4174,#4175,
#4176,#4177));
#619=EDGE_LOOP('',(#4178,#4179,#4180,#4181));
#620=EDGE_LOOP('',(#4182,#4183,#4184,#4185));
#621=EDGE_LOOP('',(#4186,#4187,#4188,#4189));
#622=EDGE_LOOP('',(#4190,#4191,#4192,#4193,#4194,#4195,#4196,#4197,#4198,
#4199,#4200,#4201));
#623=EDGE_LOOP('',(#4202,#4203,#4204,#4205));
#624=EDGE_LOOP('',(#4206,#4207,#4208,#4209));
#625=EDGE_LOOP('',(#4210,#4211,#4212,#4213));
#626=EDGE_LOOP('',(#4214,#4215,#4216,#4217,#4218,#4219,#4220,#4221,#4222,
#4223,#4224,#4225,#4226,#4227,#4228,#4229,#4230,#4231,#4232,#4233,#4234,
#4235,#4236,#4237,#4238,#4239,#4240,#4241,#4242));
#627=EDGE_LOOP('',(#4243,#4244,#4245,#4246,#4247,#4248,#4249,#4250,#4251,
#4252,#4253,#4254));
#628=EDGE_LOOP('',(#4255,#4256,#4257,#4258,#4259,#4260,#4261,#4262,#4263,
#4264,#4265,#4266));
#629=EDGE_LOOP('',(#4267,#4268,#4269,#4270,#4271,#4272,#4273,#4274));
#630=EDGE_LOOP('',(#4275,#4276,#4277,#4278,#4279,#4280,#4281,#4282,#4283,
#4284,#4285,#4286));
#631=EDGE_LOOP('',(#4287,#4288,#4289,#4290,#4291,#4292,#4293,#4294,#4295,
#4296,#4297,#4298));
#632=EDGE_LOOP('',(#4299));
#633=EDGE_LOOP('',(#4300));
#634=EDGE_LOOP('',(#4301,#4302,#4303,#4304,#4305,#4306,#4307,#4308,#4309,
#4310,#4311,#4312));
#635=EDGE_LOOP('',(#4313,#4314,#4315,#4316,#4317,#4318,#4319,#4320,#4321,
#4322,#4323,#4324));
#636=EDGE_LOOP('',(#4325,#4326,#4327,#4328,#4329,#4330,#4331,#4332,#4333,
#4334,#4335,#4336));
#637=EDGE_LOOP('',(#4337,#4338,#4339,#4340,#4341,#4342,#4343,#4344,#4345,
#4346,#4347,#4348));
#638=EDGE_LOOP('',(#4349,#4350,#4351,#4352,#4353,#4354,#4355,#4356,#4357,
#4358,#4359,#4360));
#639=EDGE_LOOP('',(#4361));
#640=EDGE_LOOP('',(#4362,#4363,#4364,#4365,#4366,#4367,#4368,#4369,#4370,
#4371,#4372,#4373));
#641=EDGE_LOOP('',(#4374));
#642=EDGE_LOOP('',(#4375,#4376,#4377,#4378,#4379,#4380,#4381,#4382,#4383,
#4384,#4385,#4386));
#643=EDGE_LOOP('',(#4387,#4388,#4389,#4390,#4391,#4392,#4393,#4394,#4395,
#4396,#4397,#4398));
#644=EDGE_LOOP('',(#4399,#4400,#4401,#4402,#4403,#4404,#4405,#4406,#4407,
#4408,#4409,#4410));
#645=EDGE_LOOP('',(#4411));
#646=EDGE_LOOP('',(#4412));
#647=EDGE_LOOP('',(#4413,#4414,#4415,#4416,#4417,#4418,#4419,#4420,#4421,
#4422,#4423,#4424));
#648=EDGE_LOOP('',(#4425,#4426,#4427,#4428,#4429,#4430,#4431,#4432));
#649=EDGE_LOOP('',(#4433,#4434,#4435,#4436));
#650=EDGE_LOOP('',(#4437));
#651=EDGE_LOOP('',(#4438,#4439,#4440,#4441,#4442,#4443,#4444,#4445,#4446,
#4447,#4448,#4449));
#652=EDGE_LOOP('',(#4450,#4451,#4452,#4453,#4454,#4455,#4456,#4457,#4458,
#4459,#4460,#4461));
#653=EDGE_LOOP('',(#4462,#4463,#4464,#4465,#4466,#4467,#4468,#4469,#4470,
#4471,#4472,#4473));
#654=EDGE_LOOP('',(#4474,#4475,#4476,#4477,#4478,#4479,#4480));
#655=EDGE_LOOP('',(#4481,#4482,#4483,#4484,#4485,#4486,#4487));
#656=EDGE_LOOP('',(#4488,#4489,#4490,#4491));
#657=EDGE_LOOP('',(#4492,#4493,#4494,#4495));
#658=EDGE_LOOP('',(#4496,#4497,#4498,#4499));
#659=EDGE_LOOP('',(#4500,#4501,#4502,#4503));
#660=EDGE_LOOP('',(#4504,#4505,#4506,#4507));
#661=EDGE_LOOP('',(#4508,#4509,#4510,#4511));
#662=EDGE_LOOP('',(#4512,#4513,#4514,#4515));
#663=EDGE_LOOP('',(#4516,#4517,#4518,#4519));
#664=EDGE_LOOP('',(#4520,#4521,#4522,#4523));
#665=EDGE_LOOP('',(#4524,#4525,#4526,#4527));
#666=EDGE_LOOP('',(#4528,#4529,#4530,#4531));
#667=EDGE_LOOP('',(#4532,#4533,#4534,#4535));
#668=EDGE_LOOP('',(#4536,#4537,#4538,#4539));
#669=EDGE_LOOP('',(#4540,#4541,#4542,#4543));
#670=EDGE_LOOP('',(#4544,#4545,#4546,#4547));
#671=EDGE_LOOP('',(#4548,#4549,#4550,#4551));
#672=EDGE_LOOP('',(#4552,#4553,#4554,#4555));
#673=EDGE_LOOP('',(#4556,#4557,#4558,#4559));
#674=EDGE_LOOP('',(#4560,#4561,#4562,#4563));
#675=EDGE_LOOP('',(#4564,#4565,#4566,#4567));
#676=EDGE_LOOP('',(#4568,#4569,#4570,#4571));
#677=EDGE_LOOP('',(#4572,#4573,#4574,#4575));
#678=EDGE_LOOP('',(#4576,#4577,#4578,#4579));
#679=EDGE_LOOP('',(#4580,#4581,#4582,#4583));
#680=EDGE_LOOP('',(#4584,#4585,#4586,#4587));
#681=EDGE_LOOP('',(#4588,#4589,#4590,#4591));
#682=EDGE_LOOP('',(#4592,#4593,#4594,#4595));
#683=EDGE_LOOP('',(#4596,#4597,#4598,#4599));
#684=EDGE_LOOP('',(#4600,#4601,#4602,#4603,#4604,#4605));
#685=EDGE_LOOP('',(#4606,#4607,#4608,#4609,#4610,#4611));
#686=EDGE_LOOP('',(#4612,#4613,#4614,#4615));
#687=EDGE_LOOP('',(#4616,#4617,#4618,#4619));
#688=EDGE_LOOP('',(#4620,#4621,#4622,#4623));
#689=EDGE_LOOP('',(#4624,#4625,#4626,#4627));
#690=EDGE_LOOP('',(#4628,#4629,#4630,#4631));
#691=EDGE_LOOP('',(#4632,#4633,#4634,#4635));
#692=EDGE_LOOP('',(#4636,#4637,#4638,#4639));
#693=EDGE_LOOP('',(#4640,#4641,#4642,#4643));
#694=EDGE_LOOP('',(#4644,#4645,#4646,#4647));
#695=EDGE_LOOP('',(#4648,#4649,#4650,#4651));
#696=EDGE_LOOP('',(#4652,#4653,#4654,#4655,#4656));
#697=EDGE_LOOP('',(#4657,#4658,#4659,#4660,#4661,#4662));
#698=EDGE_LOOP('',(#4663,#4664,#4665,#4666));
#699=EDGE_LOOP('',(#4667,#4668,#4669,#4670));
#700=EDGE_LOOP('',(#4671,#4672,#4673,#4674));
#701=EDGE_LOOP('',(#4675,#4676,#4677,#4678));
#702=EDGE_LOOP('',(#4679,#4680,#4681,#4682));
#703=EDGE_LOOP('',(#4683,#4684,#4685,#4686));
#704=EDGE_LOOP('',(#4687,#4688,#4689,#4690));
#705=EDGE_LOOP('',(#4691,#4692,#4693,#4694));
#706=EDGE_LOOP('',(#4695,#4696,#4697,#4698));
#707=EDGE_LOOP('',(#4699,#4700,#4701,#4702,#4703));
#708=EDGE_LOOP('',(#4704,#4705,#4706,#4707));
#709=EDGE_LOOP('',(#4708,#4709,#4710,#4711));
#710=EDGE_LOOP('',(#4712,#4713,#4714,#4715));
#711=EDGE_LOOP('',(#4716,#4717,#4718,#4719));
#712=EDGE_LOOP('',(#4720,#4721,#4722,#4723));
#713=EDGE_LOOP('',(#4724,#4725,#4726,#4727));
#714=EDGE_LOOP('',(#4728,#4729,#4730,#4731));
#715=EDGE_LOOP('',(#4732,#4733,#4734,#4735));
#716=EDGE_LOOP('',(#4736,#4737,#4738,#4739));
#717=EDGE_LOOP('',(#4740,#4741,#4742,#4743));
#718=EDGE_LOOP('',(#4744,#4745,#4746,#4747));
#719=EDGE_LOOP('',(#4748,#4749,#4750,#4751));
#720=EDGE_LOOP('',(#4752,#4753,#4754,#4755));
#721=EDGE_LOOP('',(#4756,#4757,#4758,#4759));
#722=EDGE_LOOP('',(#4760,#4761,#4762,#4763));
#723=EDGE_LOOP('',(#4764,#4765,#4766,#4767));
#724=EDGE_LOOP('',(#4768,#4769,#4770,#4771));
#725=EDGE_LOOP('',(#4772,#4773,#4774,#4775));
#726=EDGE_LOOP('',(#4776,#4777,#4778,#4779));
#727=EDGE_LOOP('',(#4780,#4781,#4782,#4783));
#728=EDGE_LOOP('',(#4784,#4785,#4786,#4787));
#729=EDGE_LOOP('',(#4788,#4789,#4790,#4791));
#730=EDGE_LOOP('',(#4792,#4793,#4794,#4795));
#731=EDGE_LOOP('',(#4796,#4797,#4798,#4799));
#732=EDGE_LOOP('',(#4800,#4801,#4802,#4803));
#733=EDGE_LOOP('',(#4804,#4805,#4806,#4807));
#734=EDGE_LOOP('',(#4808,#4809,#4810,#4811));
#735=EDGE_LOOP('',(#4812,#4813,#4814,#4815));
#736=EDGE_LOOP('',(#4816,#4817,#4818,#4819));
#737=EDGE_LOOP('',(#4820,#4821,#4822,#4823));
#738=EDGE_LOOP('',(#4824,#4825,#4826,#4827));
#739=EDGE_LOOP('',(#4828,#4829,#4830,#4831));
#740=EDGE_LOOP('',(#4832,#4833,#4834,#4835));
#741=EDGE_LOOP('',(#4836,#4837,#4838,#4839));
#742=EDGE_LOOP('',(#4840,#4841,#4842,#4843));
#743=EDGE_LOOP('',(#4844,#4845,#4846,#4847));
#744=EDGE_LOOP('',(#4848,#4849,#4850,#4851));
#745=EDGE_LOOP('',(#4852,#4853,#4854,#4855));
#746=EDGE_LOOP('',(#4856,#4857,#4858,#4859));
#747=EDGE_LOOP('',(#4860,#4861,#4862,#4863));
#748=EDGE_LOOP('',(#4864,#4865,#4866,#4867));
#749=EDGE_LOOP('',(#4868,#4869,#4870,#4871));
#750=EDGE_LOOP('',(#4872,#4873,#4874,#4875));
#751=EDGE_LOOP('',(#4876,#4877,#4878,#4879));
#752=EDGE_LOOP('',(#4880,#4881,#4882,#4883));
#753=EDGE_LOOP('',(#4884,#4885,#4886,#4887));
#754=EDGE_LOOP('',(#4888,#4889,#4890,#4891));
#755=EDGE_LOOP('',(#4892,#4893,#4894,#4895));
#756=EDGE_LOOP('',(#4896,#4897,#4898,#4899));
#757=EDGE_LOOP('',(#4900,#4901,#4902,#4903));
#758=EDGE_LOOP('',(#4904,#4905,#4906,#4907));
#759=EDGE_LOOP('',(#4908,#4909,#4910,#4911));
#760=EDGE_LOOP('',(#4912,#4913,#4914,#4915));
#761=EDGE_LOOP('',(#4916,#4917,#4918,#4919));
#762=EDGE_LOOP('',(#4920,#4921,#4922,#4923));
#763=EDGE_LOOP('',(#4924,#4925,#4926,#4927));
#764=EDGE_LOOP('',(#4928,#4929,#4930,#4931));
#765=EDGE_LOOP('',(#4932,#4933,#4934,#4935));
#766=EDGE_LOOP('',(#4936,#4937,#4938,#4939));
#767=EDGE_LOOP('',(#4940,#4941,#4942,#4943));
#768=EDGE_LOOP('',(#4944,#4945,#4946,#4947));
#769=EDGE_LOOP('',(#4948,#4949,#4950,#4951));
#770=EDGE_LOOP('',(#4952,#4953,#4954,#4955));
#771=EDGE_LOOP('',(#4956,#4957,#4958,#4959));
#772=EDGE_LOOP('',(#4960,#4961,#4962,#4963));
#773=EDGE_LOOP('',(#4964,#4965,#4966,#4967));
#774=EDGE_LOOP('',(#4968,#4969,#4970,#4971));
#775=EDGE_LOOP('',(#4972,#4973,#4974,#4975));
#776=EDGE_LOOP('',(#4976,#4977,#4978,#4979));
#777=EDGE_LOOP('',(#4980,#4981,#4982,#4983));
#778=EDGE_LOOP('',(#4984,#4985,#4986,#4987));
#779=EDGE_LOOP('',(#4988,#4989,#4990,#4991));
#780=EDGE_LOOP('',(#4992,#4993,#4994,#4995));
#781=EDGE_LOOP('',(#4996,#4997,#4998,#4999));
#782=EDGE_LOOP('',(#5000,#5001,#5002,#5003));
#783=EDGE_LOOP('',(#5004,#5005,#5006,#5007));
#784=EDGE_LOOP('',(#5008,#5009,#5010,#5011));
#785=EDGE_LOOP('',(#5012,#5013,#5014,#5015));
#786=EDGE_LOOP('',(#5016,#5017,#5018,#5019));
#787=EDGE_LOOP('',(#5020,#5021,#5022,#5023));
#788=EDGE_LOOP('',(#5024,#5025,#5026,#5027));
#789=EDGE_LOOP('',(#5028,#5029,#5030,#5031));
#790=EDGE_LOOP('',(#5032,#5033,#5034,#5035));
#791=EDGE_LOOP('',(#5036,#5037,#5038,#5039));
#792=EDGE_LOOP('',(#5040,#5041,#5042,#5043));
#793=EDGE_LOOP('',(#5044,#5045,#5046,#5047));
#794=EDGE_LOOP('',(#5048,#5049,#5050,#5051));
#795=EDGE_LOOP('',(#5052,#5053,#5054,#5055));
#796=EDGE_LOOP('',(#5056,#5057,#5058,#5059));
#797=EDGE_LOOP('',(#5060,#5061,#5062,#5063));
#798=EDGE_LOOP('',(#5064,#5065,#5066,#5067));
#799=EDGE_LOOP('',(#5068,#5069,#5070,#5071));
#800=EDGE_LOOP('',(#5072,#5073,#5074,#5075));
#801=EDGE_LOOP('',(#5076,#5077,#5078,#5079));
#802=EDGE_LOOP('',(#5080,#5081,#5082,#5083));
#803=EDGE_LOOP('',(#5084,#5085,#5086,#5087));
#804=EDGE_LOOP('',(#5088,#5089,#5090,#5091));
#805=EDGE_LOOP('',(#5092,#5093,#5094,#5095));
#806=EDGE_LOOP('',(#5096,#5097,#5098,#5099));
#807=EDGE_LOOP('',(#5100,#5101,#5102,#5103));
#808=EDGE_LOOP('',(#5104,#5105,#5106,#5107));
#809=EDGE_LOOP('',(#5108,#5109,#5110,#5111));
#810=EDGE_LOOP('',(#5112,#5113,#5114,#5115));
#811=EDGE_LOOP('',(#5116,#5117,#5118,#5119));
#812=EDGE_LOOP('',(#5120,#5121,#5122,#5123));
#813=EDGE_LOOP('',(#5124,#5125,#5126,#5127));
#814=EDGE_LOOP('',(#5128,#5129,#5130,#5131));
#815=EDGE_LOOP('',(#5132,#5133,#5134,#5135));
#816=EDGE_LOOP('',(#5136,#5137,#5138,#5139));
#817=EDGE_LOOP('',(#5140,#5141,#5142,#5143));
#818=EDGE_LOOP('',(#5144,#5145,#5146,#5147));
#819=EDGE_LOOP('',(#5148,#5149,#5150,#5151));
#820=EDGE_LOOP('',(#5152,#5153,#5154,#5155));
#821=EDGE_LOOP('',(#5156,#5157,#5158,#5159));
#822=EDGE_LOOP('',(#5160,#5161,#5162,#5163));
#823=EDGE_LOOP('',(#5164,#5165,#5166,#5167));
#824=EDGE_LOOP('',(#5168,#5169,#5170,#5171));
#825=EDGE_LOOP('',(#5172,#5173,#5174,#5175));
#826=EDGE_LOOP('',(#5176,#5177,#5178,#5179));
#827=EDGE_LOOP('',(#5180,#5181,#5182,#5183));
#828=EDGE_LOOP('',(#5184,#5185,#5186,#5187));
#829=EDGE_LOOP('',(#5188,#5189,#5190,#5191));
#830=EDGE_LOOP('',(#5192,#5193,#5194,#5195));
#831=EDGE_LOOP('',(#5196,#5197,#5198,#5199));
#832=EDGE_LOOP('',(#5200,#5201,#5202,#5203));
#833=EDGE_LOOP('',(#5204,#5205,#5206,#5207));
#834=EDGE_LOOP('',(#5208,#5209,#5210,#5211));
#835=EDGE_LOOP('',(#5212,#5213,#5214,#5215));
#836=EDGE_LOOP('',(#5216,#5217,#5218,#5219));
#837=EDGE_LOOP('',(#5220,#5221,#5222,#5223));
#838=EDGE_LOOP('',(#5224,#5225,#5226,#5227));
#839=EDGE_LOOP('',(#5228,#5229,#5230,#5231));
#840=EDGE_LOOP('',(#5232,#5233,#5234,#5235));
#841=EDGE_LOOP('',(#5236,#5237,#5238,#5239));
#842=EDGE_LOOP('',(#5240,#5241,#5242,#5243));
#843=EDGE_LOOP('',(#5244,#5245,#5246,#5247));
#844=EDGE_LOOP('',(#5248,#5249,#5250,#5251));
#845=EDGE_LOOP('',(#5252,#5253,#5254,#5255));
#846=EDGE_LOOP('',(#5256,#5257,#5258,#5259));
#847=EDGE_LOOP('',(#5260,#5261,#5262,#5263));
#848=EDGE_LOOP('',(#5264,#5265,#5266,#5267));
#849=EDGE_LOOP('',(#5268,#5269,#5270,#5271));
#850=EDGE_LOOP('',(#5272,#5273,#5274,#5275));
#851=EDGE_LOOP('',(#5276,#5277,#5278,#5279));
#852=EDGE_LOOP('',(#5280,#5281,#5282,#5283));
#853=EDGE_LOOP('',(#5284,#5285,#5286,#5287));
#854=EDGE_LOOP('',(#5288,#5289,#5290,#5291));
#855=EDGE_LOOP('',(#5292,#5293,#5294,#5295));
#856=EDGE_LOOP('',(#5296,#5297,#5298,#5299));
#857=EDGE_LOOP('',(#5300,#5301,#5302,#5303));
#858=EDGE_LOOP('',(#5304,#5305,#5306,#5307));
#859=EDGE_LOOP('',(#5308,#5309,#5310,#5311));
#860=EDGE_LOOP('',(#5312,#5313,#5314,#5315));
#861=EDGE_LOOP('',(#5316,#5317,#5318,#5319));
#862=EDGE_LOOP('',(#5320,#5321,#5322,#5323));
#863=EDGE_LOOP('',(#5324,#5325,#5326,#5327));
#864=EDGE_LOOP('',(#5328,#5329,#5330,#5331));
#865=EDGE_LOOP('',(#5332,#5333,#5334,#5335));
#866=EDGE_LOOP('',(#5336,#5337,#5338,#5339));
#867=EDGE_LOOP('',(#5340,#5341,#5342,#5343));
#868=EDGE_LOOP('',(#5344,#5345,#5346,#5347));
#869=EDGE_LOOP('',(#5348,#5349,#5350,#5351));
#870=EDGE_LOOP('',(#5352,#5353,#5354,#5355));
#871=EDGE_LOOP('',(#5356,#5357,#5358,#5359));
#872=EDGE_LOOP('',(#5360,#5361,#5362,#5363));
#873=EDGE_LOOP('',(#5364,#5365,#5366,#5367));
#874=EDGE_LOOP('',(#5368,#5369,#5370,#5371));
#875=EDGE_LOOP('',(#5372,#5373,#5374,#5375));
#876=EDGE_LOOP('',(#5376,#5377,#5378,#5379));
#877=EDGE_LOOP('',(#5380,#5381,#5382,#5383));
#878=EDGE_LOOP('',(#5384,#5385,#5386,#5387));
#879=EDGE_LOOP('',(#5388,#5389,#5390,#5391));
#880=EDGE_LOOP('',(#5392,#5393,#5394,#5395));
#881=EDGE_LOOP('',(#5396,#5397,#5398,#5399));
#882=EDGE_LOOP('',(#5400,#5401,#5402,#5403));
#883=EDGE_LOOP('',(#5404,#5405,#5406,#5407));
#884=EDGE_LOOP('',(#5408,#5409,#5410,#5411));
#885=EDGE_LOOP('',(#5412,#5413,#5414,#5415));
#886=EDGE_LOOP('',(#5416,#5417,#5418,#5419));
#887=EDGE_LOOP('',(#5420,#5421,#5422,#5423));
#888=EDGE_LOOP('',(#5424,#5425,#5426,#5427));
#889=EDGE_LOOP('',(#5428,#5429,#5430,#5431));
#890=EDGE_LOOP('',(#5432,#5433,#5434,#5435));
#891=EDGE_LOOP('',(#5436,#5437,#5438,#5439));
#892=EDGE_LOOP('',(#5440,#5441,#5442,#5443));
#893=EDGE_LOOP('',(#5444,#5445,#5446,#5447));
#894=EDGE_LOOP('',(#5448,#5449,#5450,#5451));
#895=EDGE_LOOP('',(#5452,#5453,#5454,#5455));
#896=EDGE_LOOP('',(#5456,#5457,#5458,#5459));
#897=EDGE_LOOP('',(#5460,#5461,#5462,#5463));
#898=EDGE_LOOP('',(#5464,#5465,#5466,#5467));
#899=EDGE_LOOP('',(#5468,#5469,#5470,#5471));
#900=EDGE_LOOP('',(#5472,#5473,#5474,#5475));
#901=EDGE_LOOP('',(#5476,#5477,#5478,#5479));
#902=EDGE_LOOP('',(#5480,#5481,#5482,#5483));
#903=EDGE_LOOP('',(#5484,#5485,#5486,#5487));
#904=EDGE_LOOP('',(#5488,#5489,#5490,#5491));
#905=EDGE_LOOP('',(#5492,#5493,#5494,#5495));
#906=EDGE_LOOP('',(#5496,#5497,#5498,#5499));
#907=EDGE_LOOP('',(#5500,#5501,#5502,#5503));
#908=EDGE_LOOP('',(#5504,#5505,#5506,#5507));
#909=EDGE_LOOP('',(#5508,#5509,#5510,#5511));
#910=EDGE_LOOP('',(#5512,#5513,#5514,#5515));
#911=EDGE_LOOP('',(#5516,#5517,#5518,#5519));
#912=EDGE_LOOP('',(#5520,#5521,#5522,#5523));
#913=EDGE_LOOP('',(#5524,#5525,#5526,#5527));
#914=EDGE_LOOP('',(#5528,#5529,#5530,#5531));
#915=EDGE_LOOP('',(#5532,#5533,#5534,#5535));
#916=EDGE_LOOP('',(#5536,#5537,#5538,#5539));
#917=EDGE_LOOP('',(#5540,#5541,#5542,#5543));
#918=EDGE_LOOP('',(#5544,#5545,#5546,#5547));
#919=EDGE_LOOP('',(#5548,#5549,#5550,#5551));
#920=EDGE_LOOP('',(#5552,#5553,#5554,#5555));
#921=EDGE_LOOP('',(#5556,#5557,#5558,#5559));
#922=EDGE_LOOP('',(#5560,#5561,#5562,#5563));
#923=EDGE_LOOP('',(#5564,#5565,#5566,#5567));
#924=EDGE_LOOP('',(#5568,#5569,#5570,#5571));
#925=EDGE_LOOP('',(#5572,#5573,#5574,#5575));
#926=EDGE_LOOP('',(#5576,#5577,#5578,#5579));
#927=EDGE_LOOP('',(#5580,#5581,#5582,#5583));
#928=EDGE_LOOP('',(#5584,#5585,#5586,#5587));
#929=EDGE_LOOP('',(#5588,#5589,#5590,#5591));
#930=EDGE_LOOP('',(#5592,#5593,#5594,#5595));
#931=EDGE_LOOP('',(#5596,#5597,#5598,#5599));
#932=EDGE_LOOP('',(#5600,#5601,#5602,#5603,#5604));
#933=EDGE_LOOP('',(#5605,#5606,#5607,#5608,#5609));
#934=EDGE_LOOP('',(#5610,#5611,#5612,#5613));
#935=EDGE_LOOP('',(#5614,#5615,#5616,#5617));
#936=EDGE_LOOP('',(#5618,#5619,#5620,#5621));
#937=EDGE_LOOP('',(#5622,#5623,#5624,#5625));
#938=EDGE_LOOP('',(#5626,#5627,#5628,#5629));
#939=EDGE_LOOP('',(#5630,#5631,#5632,#5633));
#940=EDGE_LOOP('',(#5634,#5635,#5636,#5637));
#941=EDGE_LOOP('',(#5638,#5639,#5640,#5641,#5642,#5643,#5644,#5645,#5646,
#5647,#5648,#5649,#5650,#5651,#5652,#5653,#5654,#5655,#5656,#5657,#5658,
#5659,#5660,#5661,#5662,#5663,#5664,#5665,#5666,#5667));
#942=EDGE_LOOP('',(#5668,#5669,#5670,#5671,#5672,#5673,#5674,#5675,#5676,
#5677,#5678,#5679));
#943=EDGE_LOOP('',(#5680,#5681,#5682,#5683,#5684,#5685,#5686,#5687,#5688,
#5689,#5690,#5691));
#944=EDGE_LOOP('',(#5692));
#945=EDGE_LOOP('',(#5693,#5694,#5695,#5696));
#946=EDGE_LOOP('',(#5697,#5698,#5699,#5700,#5701,#5702,#5703,#5704));
#947=EDGE_LOOP('',(#5705,#5706,#5707,#5708,#5709,#5710,#5711,#5712,#5713,
#5714,#5715,#5716));
#948=EDGE_LOOP('',(#5717));
#949=EDGE_LOOP('',(#5718));
#950=EDGE_LOOP('',(#5719,#5720,#5721,#5722,#5723,#5724,#5725,#5726,#5727,
#5728,#5729,#5730));
#951=EDGE_LOOP('',(#5731,#5732,#5733,#5734,#5735,#5736,#5737,#5738,#5739,
#5740,#5741,#5742));
#952=EDGE_LOOP('',(#5743,#5744,#5745,#5746,#5747,#5748,#5749,#5750,#5751,
#5752,#5753,#5754));
#953=EDGE_LOOP('',(#5755));
#954=EDGE_LOOP('',(#5756,#5757,#5758,#5759,#5760,#5761,#5762,#5763,#5764,
#5765,#5766,#5767));
#955=EDGE_LOOP('',(#5768));
#956=EDGE_LOOP('',(#5769,#5770,#5771,#5772,#5773,#5774,#5775,#5776,#5777,
#5778,#5779,#5780));
#957=EDGE_LOOP('',(#5781,#5782,#5783,#5784,#5785,#5786,#5787,#5788,#5789,
#5790,#5791,#5792));
#958=EDGE_LOOP('',(#5793,#5794,#5795,#5796,#5797,#5798,#5799,#5800,#5801,
#5802,#5803,#5804));
#959=EDGE_LOOP('',(#5805,#5806,#5807,#5808,#5809,#5810,#5811,#5812,#5813,
#5814,#5815,#5816));
#960=EDGE_LOOP('',(#5817,#5818,#5819,#5820,#5821,#5822,#5823,#5824,#5825,
#5826,#5827,#5828));
#961=EDGE_LOOP('',(#5829));
#962=EDGE_LOOP('',(#5830));
#963=EDGE_LOOP('',(#5831,#5832,#5833,#5834,#5835,#5836,#5837,#5838,#5839,
#5840,#5841,#5842));
#964=EDGE_LOOP('',(#5843,#5844,#5845,#5846,#5847,#5848,#5849,#5850,#5851,
#5852,#5853,#5854));
#965=EDGE_LOOP('',(#5855,#5856,#5857,#5858,#5859,#5860,#5861,#5862));
#966=EDGE_LOOP('',(#5863,#5864,#5865,#5866,#5867,#5868,#5869,#5870,#5871,
#5872,#5873,#5874));
#967=EDGE_LOOP('',(#5875,#5876,#5877,#5878,#5879,#5880,#5881,#5882,#5883,
#5884,#5885,#5886));
#968=EDGE_LOOP('',(#5887,#5888,#5889,#5890));
#969=EDGE_LOOP('',(#5891,#5892,#5893,#5894));
#970=EDGE_LOOP('',(#5895,#5896,#5897,#5898));
#971=EDGE_LOOP('',(#5899,#5900,#5901,#5902));
#972=EDGE_LOOP('',(#5903,#5904,#5905,#5906));
#973=EDGE_LOOP('',(#5907,#5908,#5909,#5910));
#974=EDGE_LOOP('',(#5911,#5912,#5913,#5914));
#975=EDGE_LOOP('',(#5915,#5916,#5917,#5918));
#976=EDGE_LOOP('',(#5919,#5920,#5921,#5922));
#977=EDGE_LOOP('',(#5923,#5924,#5925,#5926));
#978=EDGE_LOOP('',(#5927,#5928,#5929,#5930));
#979=EDGE_LOOP('',(#5931,#5932,#5933,#5934));
#980=EDGE_LOOP('',(#5935,#5936,#5937,#5938));
#981=EDGE_LOOP('',(#5939,#5940,#5941,#5942));
#982=EDGE_LOOP('',(#5943,#5944,#5945,#5946));
#983=EDGE_LOOP('',(#5947,#5948,#5949,#5950));
#984=EDGE_LOOP('',(#5951,#5952,#5953,#5954));
#985=EDGE_LOOP('',(#5955,#5956,#5957,#5958));
#986=EDGE_LOOP('',(#5959,#5960,#5961,#5962));
#987=EDGE_LOOP('',(#5963,#5964,#5965,#5966));
#988=EDGE_LOOP('',(#5967,#5968,#5969,#5970));
#989=EDGE_LOOP('',(#5971,#5972,#5973,#5974));
#990=EDGE_LOOP('',(#5975,#5976,#5977,#5978));
#991=EDGE_LOOP('',(#5979,#5980,#5981,#5982));
#992=EDGE_LOOP('',(#5983,#5984,#5985,#5986));
#993=EDGE_LOOP('',(#5987,#5988,#5989,#5990));
#994=EDGE_LOOP('',(#5991,#5992,#5993,#5994));
#995=EDGE_LOOP('',(#5995,#5996,#5997,#5998));
#996=EDGE_LOOP('',(#5999,#6000,#6001,#6002,#6003,#6004,#6005,#6006,#6007,
#6008,#6009,#6010,#6011,#6012,#6013,#6014,#6015,#6016,#6017,#6018,#6019));
#997=EDGE_LOOP('',(#6020));
#998=EDGE_LOOP('',(#6021));
#999=EDGE_LOOP('',(#6022));
#1000=EDGE_LOOP('',(#6023));
#1001=EDGE_LOOP('',(#6024));
#1002=EDGE_LOOP('',(#6025));
#1003=EDGE_LOOP('',(#6026));
#1004=EDGE_LOOP('',(#6027,#6028,#6029,#6030,#6031,#6032,#6033,#6034,#6035,
#6036,#6037,#6038,#6039,#6040,#6041,#6042,#6043,#6044,#6045,#6046,#6047));
#1005=EDGE_LOOP('',(#6048));
#1006=EDGE_LOOP('',(#6049));
#1007=EDGE_LOOP('',(#6050));
#1008=EDGE_LOOP('',(#6051));
#1009=EDGE_LOOP('',(#6052));
#1010=EDGE_LOOP('',(#6053));
#1011=EDGE_LOOP('',(#6054));
#1012=CIRCLE('',#6521,3.50000000000001);
#1013=CIRCLE('',#6522,1.00000000000002);
#1014=CIRCLE('',#6529,1.5);
#1015=CIRCLE('',#6530,1.50000000000002);
#1016=CIRCLE('',#6532,1.5);
#1017=CIRCLE('',#6535,2.00000000000001);
#1018=CIRCLE('',#6536,1.24999999999999);
#1019=CIRCLE('',#6537,1.25);
#1020=CIRCLE('',#6538,1.25);
#1021=CIRCLE('',#6539,1.25);
#1022=CIRCLE('',#6540,1.25);
#1023=CIRCLE('',#6541,1.25);
#1024=CIRCLE('',#6542,1.25);
#1025=CIRCLE('',#6548,1.49999999999998);
#1026=CIRCLE('',#6549,3.50000000000001);
#1027=CIRCLE('',#6550,1.5);
#1028=CIRCLE('',#6552,1.50000000000008);
#1029=CIRCLE('',#6554,1.5);
#1030=CIRCLE('',#6556,1.50000000000002);
#1031=CIRCLE('',#6558,1.49999999999997);
#1032=CIRCLE('',#6559,1.50000000000086);
#1033=CIRCLE('',#6561,1.5);
#1034=CIRCLE('',#6562,1.50000000000002);
#1035=CIRCLE('',#6564,1.5);
#1036=CIRCLE('',#6566,1.50000000000008);
#1037=CIRCLE('',#6568,1.50000000021073);
#1038=CIRCLE('',#6584,1.00000000000002);
#1039=CIRCLE('',#6611,1.24999999999999);
#1040=CIRCLE('',#6613,1.25);
#1041=CIRCLE('',#6635,1.25);
#1042=CIRCLE('',#6641,1.25);
#1043=CIRCLE('',#6655,1.25);
#1044=CIRCLE('',#6657,1.25);
#1045=CIRCLE('',#6671,1.25);
#1046=CIRCLE('',#6687,1.25);
#1047=CIRCLE('',#6688,1.25);
#1048=CIRCLE('',#6690,1.25);
#1049=CIRCLE('',#6691,1.25);
#1050=CIRCLE('',#6693,1.25);
#1051=CIRCLE('',#6694,1.25);
#1052=CIRCLE('',#6696,1.25);
#1053=CIRCLE('',#6697,1.25);
#1054=CIRCLE('',#6699,1.25);
#1055=CIRCLE('',#6700,1.25);
#1056=CIRCLE('',#6702,1.25);
#1057=CIRCLE('',#6703,1.25);
#1058=CIRCLE('',#6705,1.24999999999999);
#1059=CIRCLE('',#6706,1.24999999999999);
#1060=CIRCLE('',#6712,3.5);
#1061=CIRCLE('',#6713,3.5);
#1062=B_SPLINE_CURVE_WITH_KNOTS('',3,(#7696,#7697,#7698,#7699,#7700,#7701,
#7702,#7703,#7704,#7705),.UNSPECIFIED.,.F.,.F.,(4,3,3,4),(-3.39804640284874E-5,
-1.35928064615985E-5,0.0349254516563535,0.999988289559876),
 .UNSPECIFIED.);
#1063=B_SPLINE_CURVE_WITH_KNOTS('',3,(#7709,#7710,#7711,#7712,#7713,#7714,
#7715,#7716,#7717,#7718,#7719,#7720,#7721),.UNSPECIFIED.,.F.,.F.,(4,3,3,
3,4),(3.45164079837649E-5,0.70684845590965,0.971693730336574,1.00002272748532,
1.00007954674694),.UNSPECIFIED.);
#1064=B_SPLINE_CURVE_WITH_KNOTS('',3,(#7725,#7726,#7727,#7728,#7729,#7730,
#7731,#7732,#7733,#7734),.UNSPECIFIED.,.F.,.F.,(4,3,3,4),(-0.000117248709921702,
-3.34993242742032E-5,0.102089922099967,0.999980929921669),.UNSPECIFIED.);
#1065=B_SPLINE_CURVE_WITH_KNOTS('',3,(#7738,#7739,#7740,#7741),
 .UNSPECIFIED.,.F.,.F.,(4,4),(2.03959044917026E-6,1.),.UNSPECIFIED.);
#1066=B_SPLINE_CURVE_WITH_KNOTS('',3,(#7745,#7746,#7747,#7748,#7749,#7750,
#7751),.UNSPECIFIED.,.F.,.F.,(4,3,4),(4.99883453751661E-6,0.775053181843442,
0.999999999967015),.UNSPECIFIED.);
#1067=B_SPLINE_CURVE_WITH_KNOTS('',3,(#7755,#7756,#7757,#7758),
 .UNSPECIFIED.,.F.,.F.,(4,4),(1.01969294412114E-6,1.00000000020105),
 .UNSPECIFIED.);
#1068=B_SPLINE_CURVE_WITH_KNOTS('',3,(#7762,#7763,#7764,#7765,#7766,#7767,
#7768),.UNSPECIFIED.,.F.,.F.,(4,3,4),(-2.98902015304013E-5,0.,0.999993677524722),
 .UNSPECIFIED.);
#1069=B_SPLINE_CURVE_WITH_KNOTS('',3,(#7772,#7773,#7774,#7775,#7776,#7777,
#7778,#7779,#7780,#7781,#7782,#7783,#7784,#7785,#7786,#7787),
 .UNSPECIFIED.,.F.,.F.,(4,3,3,3,3,4),(3.69928870178328E-5,0.519267089071726,
0.846747249654439,0.957720444780622,1.00002065074662,1.0000722785043),
 .UNSPECIFIED.);
#1070=B_SPLINE_CURVE_WITH_KNOTS('',3,(#7791,#7792,#7793,#7794),
 .UNSPECIFIED.,.F.,.F.,(4,4),(0.0377846264041371,1.),.UNSPECIFIED.);
#1071=B_SPLINE_CURVE_WITH_KNOTS('',3,(#7796,#7797,#7798,#7799),
 .UNSPECIFIED.,.F.,.F.,(4,4),(0.,1.),.UNSPECIFIED.);
#1072=B_SPLINE_CURVE_WITH_KNOTS('',3,(#7811,#7812,#7813,#7814),
 .UNSPECIFIED.,.F.,.F.,(4,4),(-1.,0.),.UNSPECIFIED.);
#1073=B_SPLINE_CURVE_WITH_KNOTS('',3,(#7816,#7817,#7818,#7819),
 .UNSPECIFIED.,.F.,.F.,(4,4),(-1.,-0.0317726016914244),.UNSPECIFIED.);
#1074=B_SPLINE_CURVE_WITH_KNOTS('',3,(#7823,#7824,#7825,#7826,#7827,#7828,
#7829),.UNSPECIFIED.,.F.,.F.,(4,3,4),(-1.00002065074655,-1.,-1.57668885427675E-5),
 .UNSPECIFIED.);
#1075=B_SPLINE_CURVE_WITH_KNOTS('',3,(#7833,#7834,#7835,#7836),
 .UNSPECIFIED.,.F.,.F.,(4,4),(-0.999993677524722,0.),.UNSPECIFIED.);
#1076=B_SPLINE_CURVE_WITH_KNOTS('',3,(#7840,#7841,#7842,#7843),
 .UNSPECIFIED.,.F.,.F.,(4,4),(-1.,-1.01969294412114E-6),.UNSPECIFIED.);
#1077=B_SPLINE_CURVE_WITH_KNOTS('',3,(#7847,#7848,#7849,#7850),
 .UNSPECIFIED.,.F.,.F.,(4,4),(-1.,-2.12429764127642E-6),.UNSPECIFIED.);
#1078=B_SPLINE_CURVE_WITH_KNOTS('',3,(#7854,#7855,#7856,#7857),
 .UNSPECIFIED.,.F.,.F.,(4,4),(-1.,-2.03959044917026E-6),.UNSPECIFIED.);
#1079=B_SPLINE_CURVE_WITH_KNOTS('',3,(#7861,#7862,#7863,#7864,#7865,#7866,
#7867),.UNSPECIFIED.,.F.,.F.,(4,3,4),(-0.999980929921669,7.76559806042743E-18,
3.3499324274211E-5),.UNSPECIFIED.);
#1080=B_SPLINE_CURVE_WITH_KNOTS('',3,(#7871,#7872,#7873,#7874,#7875,#7876,
#7877),.UNSPECIFIED.,.F.,.F.,(4,3,4),(-1.00002272748532,-1.,-1.47115021322808E-5),
 .UNSPECIFIED.);
#1081=B_SPLINE_CURVE_WITH_KNOTS('',3,(#7881,#7882,#7883,#7884,#7885,#7886,
#7887),.UNSPECIFIED.,.F.,.F.,(4,3,4),(-0.999996194469515,5.17270949686145E-11,
1.35928064615154E-5),.UNSPECIFIED.);
#1082=B_SPLINE_CURVE_WITH_KNOTS('',3,(#7891,#7892,#7893,#7894),
 .UNSPECIFIED.,.F.,.F.,(4,4),(0.,1.00000507362419),.UNSPECIFIED.);
#1083=B_SPLINE_CURVE_WITH_KNOTS('',3,(#7962,#7963,#7964,#7965,#7966,#7967,
#7968,#7969,#7970,#7971,#7972),.UNSPECIFIED.,.F.,.F.,(4,1,1,1,1,1,1,1,4),
(-5.02151878428335E-15,0.0029400209866777,0.00588073318753768,0.0117621575892576,
0.0235250063926976,0.0470507039995774,0.0705764016064573,0.0941020992133371,
0.164679192033977),.UNSPECIFIED.);
#1084=B_SPLINE_CURVE_WITH_KNOTS('',3,(#7974,#7975,#7976,#7977,#7978,#7979,
#7980,#7981,#7982,#7983,#7984),.UNSPECIFIED.,.F.,.F.,(4,1,1,1,1,1,1,1,4),
(-0.000440897711055202,0.0676290588162535,0.0903190443253564,0.113009029834459,
0.135699015343562,0.147044008098114,0.152716504475389,0.155552752664027,
0.158388704618627),.UNSPECIFIED.);
#1085=B_SPLINE_CURVE_WITH_KNOTS('',3,(#7988,#7989,#7990,#7991,#7992,#7993,
#7994,#7995,#7996,#7997),.UNSPECIFIED.,.F.,.F.,(4,1,1,1,1,1,1,4),(0.,0.0624954806784821,
0.124990961356964,0.156238701696205,0.187486442035446,0.203110312205067,
0.210922247289877,0.218729623686234),.UNSPECIFIED.);
#1086=B_SPLINE_CURVE_WITH_KNOTS('',3,(#8001,#8002,#8003,#8004,#8005,#8006,
#8007,#8008),.UNSPECIFIED.,.F.,.F.,(4,1,1,1,1,4),(1.67590816063656E-6,0.0101670371095805,
0.0203340742700919,0.0406681485911146,0.122004445875206,0.284677040443387),
 .UNSPECIFIED.);
#1087=B_SPLINE_CURVE_WITH_KNOTS('',3,(#8012,#8013,#8014,#8015,#8016,#8017,
#8018,#8019,#8020,#8021),.UNSPECIFIED.,.F.,.F.,(4,1,1,1,1,1,1,4),(0.,0.161134310726475,
0.2148457476353,0.268557184544126,0.322268621452951,0.349124339907363,0.362552199134569,
0.375977022122161),.UNSPECIFIED.);
#1088=B_SPLINE_CURVE_WITH_KNOTS('',3,(#8025,#8026,#8027,#8028,#8029),
 .UNSPECIFIED.,.F.,.F.,(4,1,4),(0.,0.295705886615784,0.68997653371444),
 .UNSPECIFIED.);
#1089=B_SPLINE_CURVE_WITH_KNOTS('',3,(#8033,#8034,#8035,#8036,#8037),
 .UNSPECIFIED.,.F.,.F.,(4,1,4),(0.,0.272297043947063,0.47651982690736),
 .UNSPECIFIED.);
#1090=B_SPLINE_CURVE_WITH_KNOTS('',3,(#8041,#8042,#8043,#8044,#8045,#8046),
 .UNSPECIFIED.,.F.,.F.,(4,1,1,4),(2.82189023580182E-6,0.013361778758256,
0.0400853363377337,0.0935324514966892),.UNSPECIFIED.);
#1091=B_SPLINE_CURVE_WITH_KNOTS('',3,(#8050,#8051,#8052,#8053,#8054,#8055,
#8056,#8057,#8058),.UNSPECIFIED.,.F.,.F.,(4,1,1,1,1,1,4),(0.,0.0921133394700027,
0.153522232450004,0.184226678940005,0.199578902185006,0.207255013807506,
0.214926196683479),.UNSPECIFIED.);
#1092=B_SPLINE_CURVE_WITH_KNOTS('',3,(#8062,#8063,#8064,#8065,#8066,#8067,
#8068,#8069),.UNSPECIFIED.,.F.,.F.,(4,1,1,1,1,4),(2.58695757557326E-6,0.00962150687089864,
0.019242643816843,0.0384849177087317,0.115454013276286,0.269392204411396),
 .UNSPECIFIED.);
#1093=B_SPLINE_CURVE_WITH_KNOTS('',3,(#8073,#8074,#8075,#8076),
 .UNSPECIFIED.,.F.,.F.,(4,4),(-1.,0.),.UNSPECIFIED.);
#1094=B_SPLINE_CURVE_WITH_KNOTS('',3,(#8080,#8081,#8082,#8083),
 .UNSPECIFIED.,.F.,.F.,(4,4),(-1.,0.),.UNSPECIFIED.);
#1095=B_SPLINE_CURVE_WITH_KNOTS('',3,(#8085,#8086,#8087,#8088),
 .UNSPECIFIED.,.F.,.F.,(4,4),(-1.,0.),.UNSPECIFIED.);
#1096=B_SPLINE_CURVE_WITH_KNOTS('',3,(#8092,#8093,#8094,#8095),
 .UNSPECIFIED.,.F.,.F.,(4,4),(-1.,0.),.UNSPECIFIED.);
#1097=B_SPLINE_CURVE_WITH_KNOTS('',3,(#8097,#8098,#8099,#8100),
 .UNSPECIFIED.,.F.,.F.,(4,4),(-1.,0.),.UNSPECIFIED.);
#1098=B_SPLINE_CURVE_WITH_KNOTS('',3,(#8104,#8105,#8106,#8107),
 .UNSPECIFIED.,.F.,.F.,(4,4),(-1.,0.),.UNSPECIFIED.);
#1099=B_SPLINE_CURVE_WITH_KNOTS('',3,(#8109,#8110,#8111,#8112),
 .UNSPECIFIED.,.F.,.F.,(4,4),(-1.,0.),.UNSPECIFIED.);
#1100=B_SPLINE_CURVE_WITH_KNOTS('',3,(#8115,#8116,#8117,#8118),
 .UNSPECIFIED.,.F.,.F.,(4,4),(-1.,0.),.UNSPECIFIED.);
#1101=B_SPLINE_CURVE_WITH_KNOTS('',3,(#8121,#8122,#8123,#8124),
 .UNSPECIFIED.,.F.,.F.,(4,4),(-1.,0.),.UNSPECIFIED.);
#1102=B_SPLINE_CURVE_WITH_KNOTS('',3,(#8128,#8129,#8130,#8131),
 .UNSPECIFIED.,.F.,.F.,(4,4),(-1.,0.),.UNSPECIFIED.);
#1103=B_SPLINE_CURVE_WITH_KNOTS('',3,(#8133,#8134,#8135,#8136),
 .UNSPECIFIED.,.F.,.F.,(4,4),(-1.,0.),.UNSPECIFIED.);
#1104=B_SPLINE_CURVE_WITH_KNOTS('',3,(#8140,#8141,#8142,#8143),
 .UNSPECIFIED.,.F.,.F.,(4,4),(-1.,0.),.UNSPECIFIED.);
#1105=B_SPLINE_CURVE_WITH_KNOTS('',3,(#8145,#8146,#8147,#8148),
 .UNSPECIFIED.,.F.,.F.,(4,4),(-1.,0.),.UNSPECIFIED.);
#1106=B_SPLINE_CURVE_WITH_KNOTS('',3,(#8152,#8153,#8154,#8155),
 .UNSPECIFIED.,.F.,.F.,(4,4),(-1.,0.),.UNSPECIFIED.);
#1107=B_SPLINE_CURVE_WITH_KNOTS('',3,(#8157,#8158,#8159,#8160),
 .UNSPECIFIED.,.F.,.F.,(4,4),(-1.,0.),.UNSPECIFIED.);
#1108=B_SPLINE_CURVE_WITH_KNOTS('',3,(#8163,#8164,#8165,#8166),
 .UNSPECIFIED.,.F.,.F.,(4,4),(-1.,0.),.UNSPECIFIED.);
#1109=B_SPLINE_CURVE_WITH_KNOTS('',3,(#8169,#8170,#8171,#8172),
 .UNSPECIFIED.,.F.,.F.,(4,4),(-1.,0.),.UNSPECIFIED.);
#1110=B_SPLINE_CURVE_WITH_KNOTS('',3,(#8176,#8177,#8178,#8179),
 .UNSPECIFIED.,.F.,.F.,(4,4),(-1.,0.),.UNSPECIFIED.);
#1111=B_SPLINE_CURVE_WITH_KNOTS('',3,(#8183,#8184,#8185,#8186),
 .UNSPECIFIED.,.F.,.F.,(4,4),(-1.,0.),.UNSPECIFIED.);
#1112=B_SPLINE_CURVE_WITH_KNOTS('',3,(#8190,#8191,#8192,#8193),
 .UNSPECIFIED.,.F.,.F.,(4,4),(-1.,0.),.UNSPECIFIED.);
#1113=B_SPLINE_CURVE_WITH_KNOTS('',3,(#8197,#8198,#8199,#8200),
 .UNSPECIFIED.,.F.,.F.,(4,4),(-1.,0.),.UNSPECIFIED.);
#1114=B_SPLINE_CURVE_WITH_KNOTS('',3,(#8204,#8205,#8206,#8207),
 .UNSPECIFIED.,.F.,.F.,(4,4),(-1.,0.),.UNSPECIFIED.);
#1115=B_SPLINE_CURVE_WITH_KNOTS('',3,(#8209,#8210,#8211,#8212),
 .UNSPECIFIED.,.F.,.F.,(4,4),(-1.,0.),.UNSPECIFIED.);
#1116=B_SPLINE_CURVE_WITH_KNOTS('',3,(#8216,#8217,#8218,#8219),
 .UNSPECIFIED.,.F.,.F.,(4,4),(-1.,0.),.UNSPECIFIED.);
#1117=B_SPLINE_CURVE_WITH_KNOTS('',3,(#8221,#8222,#8223,#8224),
 .UNSPECIFIED.,.F.,.F.,(4,4),(-1.,0.),.UNSPECIFIED.);
#1118=B_SPLINE_CURVE_WITH_KNOTS('',3,(#8228,#8229,#8230,#8231),
 .UNSPECIFIED.,.F.,.F.,(4,4),(-1.,0.),.UNSPECIFIED.);
#1119=B_SPLINE_CURVE_WITH_KNOTS('',3,(#8233,#8234,#8235,#8236),
 .UNSPECIFIED.,.F.,.F.,(4,4),(-1.,0.),.UNSPECIFIED.);
#1120=B_SPLINE_CURVE_WITH_KNOTS('',3,(#8239,#8240,#8241,#8242),
 .UNSPECIFIED.,.F.,.F.,(4,4),(-1.,0.),.UNSPECIFIED.);
#1121=B_SPLINE_CURVE_WITH_KNOTS('',3,(#8245,#8246,#8247,#8248),
 .UNSPECIFIED.,.F.,.F.,(4,4),(-1.,0.),.UNSPECIFIED.);
#1122=B_SPLINE_CURVE_WITH_KNOTS('',3,(#8252,#8253,#8254,#8255),
 .UNSPECIFIED.,.F.,.F.,(4,4),(-1.,0.),.UNSPECIFIED.);
#1123=B_SPLINE_CURVE_WITH_KNOTS('',3,(#8257,#8258,#8259,#8260),
 .UNSPECIFIED.,.F.,.F.,(4,4),(-1.,0.),.UNSPECIFIED.);
#1124=B_SPLINE_CURVE_WITH_KNOTS('',3,(#8264,#8265,#8266,#8267),
 .UNSPECIFIED.,.F.,.F.,(4,4),(-1.,0.),.UNSPECIFIED.);
#1125=B_SPLINE_CURVE_WITH_KNOTS('',3,(#8269,#8270,#8271,#8272),
 .UNSPECIFIED.,.F.,.F.,(4,4),(-1.,0.),.UNSPECIFIED.);
#1126=B_SPLINE_CURVE_WITH_KNOTS('',3,(#8276,#8277,#8278,#8279),
 .UNSPECIFIED.,.F.,.F.,(4,4),(-1.,0.),.UNSPECIFIED.);
#1127=B_SPLINE_CURVE_WITH_KNOTS('',3,(#8281,#8282,#8283,#8284),
 .UNSPECIFIED.,.F.,.F.,(4,4),(-1.,0.),.UNSPECIFIED.);
#1128=B_SPLINE_CURVE_WITH_KNOTS('',3,(#8287,#8288,#8289,#8290),
 .UNSPECIFIED.,.F.,.F.,(4,4),(-1.,0.),.UNSPECIFIED.);
#1129=B_SPLINE_CURVE_WITH_KNOTS('',3,(#8297,#8298,#8299,#8300),
 .UNSPECIFIED.,.F.,.F.,(4,4),(-1.,0.),.UNSPECIFIED.);
#1130=B_SPLINE_CURVE_WITH_KNOTS('',3,(#8304,#8305,#8306,#8307),
 .UNSPECIFIED.,.F.,.F.,(4,4),(-1.,0.),.UNSPECIFIED.);
#1131=B_SPLINE_CURVE_WITH_KNOTS('',3,(#8309,#8310,#8311,#8312),
 .UNSPECIFIED.,.F.,.F.,(4,4),(-1.,0.),.UNSPECIFIED.);
#1132=B_SPLINE_CURVE_WITH_KNOTS('',3,(#8316,#8317,#8318,#8319),
 .UNSPECIFIED.,.F.,.F.,(4,4),(-1.,0.),.UNSPECIFIED.);
#1133=B_SPLINE_CURVE_WITH_KNOTS('',3,(#8321,#8322,#8323,#8324),
 .UNSPECIFIED.,.F.,.F.,(4,4),(-1.,0.),.UNSPECIFIED.);
#1134=B_SPLINE_CURVE_WITH_KNOTS('',3,(#8328,#8329,#8330,#8331),
 .UNSPECIFIED.,.F.,.F.,(4,4),(-1.,0.),.UNSPECIFIED.);
#1135=B_SPLINE_CURVE_WITH_KNOTS('',3,(#8333,#8334,#8335,#8336),
 .UNSPECIFIED.,.F.,.F.,(4,4),(-1.,0.),.UNSPECIFIED.);
#1136=B_SPLINE_CURVE_WITH_KNOTS('',3,(#8339,#8340,#8341,#8342),
 .UNSPECIFIED.,.F.,.F.,(4,4),(-1.,0.),.UNSPECIFIED.);
#1137=B_SPLINE_CURVE_WITH_KNOTS('',3,(#8345,#8346,#8347,#8348),
 .UNSPECIFIED.,.F.,.F.,(4,4),(-1.,0.),.UNSPECIFIED.);
#1138=B_SPLINE_CURVE_WITH_KNOTS('',3,(#8352,#8353,#8354,#8355),
 .UNSPECIFIED.,.F.,.F.,(4,4),(-1.,0.),.UNSPECIFIED.);
#1139=B_SPLINE_CURVE_WITH_KNOTS('',3,(#8357,#8358,#8359,#8360),
 .UNSPECIFIED.,.F.,.F.,(4,4),(-1.,0.),.UNSPECIFIED.);
#1140=B_SPLINE_CURVE_WITH_KNOTS('',3,(#8364,#8365,#8366,#8367),
 .UNSPECIFIED.,.F.,.F.,(4,4),(-1.,0.),.UNSPECIFIED.);
#1141=B_SPLINE_CURVE_WITH_KNOTS('',3,(#8369,#8370,#8371,#8372),
 .UNSPECIFIED.,.F.,.F.,(4,4),(-1.,0.),.UNSPECIFIED.);
#1142=B_SPLINE_CURVE_WITH_KNOTS('',3,(#8376,#8377,#8378,#8379),
 .UNSPECIFIED.,.F.,.F.,(4,4),(-1.,0.),.UNSPECIFIED.);
#1143=B_SPLINE_CURVE_WITH_KNOTS('',3,(#8381,#8382,#8383,#8384),
 .UNSPECIFIED.,.F.,.F.,(4,4),(-1.,0.),.UNSPECIFIED.);
#1144=B_SPLINE_CURVE_WITH_KNOTS('',3,(#8387,#8388,#8389,#8390),
 .UNSPECIFIED.,.F.,.F.,(4,4),(-1.,0.),.UNSPECIFIED.);
#1145=B_SPLINE_CURVE_WITH_KNOTS('',3,(#8393,#8394,#8395,#8396),
 .UNSPECIFIED.,.F.,.F.,(4,4),(-1.,0.),.UNSPECIFIED.);
#1146=B_SPLINE_CURVE_WITH_KNOTS('',3,(#8400,#8401,#8402,#8403),
 .UNSPECIFIED.,.F.,.F.,(4,4),(-1.,0.),.UNSPECIFIED.);
#1147=B_SPLINE_CURVE_WITH_KNOTS('',3,(#8405,#8406,#8407,#8408),
 .UNSPECIFIED.,.F.,.F.,(4,4),(-1.,0.),.UNSPECIFIED.);
#1148=B_SPLINE_CURVE_WITH_KNOTS('',3,(#8412,#8413,#8414,#8415),
 .UNSPECIFIED.,.F.,.F.,(4,4),(-1.,0.),.UNSPECIFIED.);
#1149=B_SPLINE_CURVE_WITH_KNOTS('',3,(#8417,#8418,#8419,#8420),
 .UNSPECIFIED.,.F.,.F.,(4,4),(-1.,0.),.UNSPECIFIED.);
#1150=B_SPLINE_CURVE_WITH_KNOTS('',3,(#8424,#8425,#8426,#8427),
 .UNSPECIFIED.,.F.,.F.,(4,4),(-1.,0.),.UNSPECIFIED.);
#1151=B_SPLINE_CURVE_WITH_KNOTS('',3,(#8429,#8430,#8431,#8432),
 .UNSPECIFIED.,.F.,.F.,(4,4),(-1.,0.),.UNSPECIFIED.);
#1152=B_SPLINE_CURVE_WITH_KNOTS('',3,(#8435,#8436,#8437,#8438),
 .UNSPECIFIED.,.F.,.F.,(4,4),(-1.,0.),.UNSPECIFIED.);
#1153=B_SPLINE_CURVE_WITH_KNOTS('',3,(#8441,#8442,#8443,#8444),
 .UNSPECIFIED.,.F.,.F.,(4,4),(-1.,0.),.UNSPECIFIED.);
#1154=B_SPLINE_CURVE_WITH_KNOTS('',3,(#8448,#8449,#8450,#8451),
 .UNSPECIFIED.,.F.,.F.,(4,4),(-1.,0.),.UNSPECIFIED.);
#1155=B_SPLINE_CURVE_WITH_KNOTS('',3,(#8453,#8454,#8455,#8456),
 .UNSPECIFIED.,.F.,.F.,(4,4),(-1.,0.),.UNSPECIFIED.);
#1156=B_SPLINE_CURVE_WITH_KNOTS('',3,(#8460,#8461,#8462,#8463),
 .UNSPECIFIED.,.F.,.F.,(4,4),(-1.,0.),.UNSPECIFIED.);
#1157=B_SPLINE_CURVE_WITH_KNOTS('',3,(#8465,#8466,#8467,#8468),
 .UNSPECIFIED.,.F.,.F.,(4,4),(-1.,0.),.UNSPECIFIED.);
#1158=B_SPLINE_CURVE_WITH_KNOTS('',3,(#8472,#8473,#8474,#8475),
 .UNSPECIFIED.,.F.,.F.,(4,4),(-1.,0.),.UNSPECIFIED.);
#1159=B_SPLINE_CURVE_WITH_KNOTS('',3,(#8477,#8478,#8479,#8480),
 .UNSPECIFIED.,.F.,.F.,(4,4),(-1.,0.),.UNSPECIFIED.);
#1160=B_SPLINE_CURVE_WITH_KNOTS('',3,(#8483,#8484,#8485,#8486),
 .UNSPECIFIED.,.F.,.F.,(4,4),(-1.,0.),.UNSPECIFIED.);
#1161=B_SPLINE_CURVE_WITH_KNOTS('',3,(#8489,#8490,#8491,#8492),
 .UNSPECIFIED.,.F.,.F.,(4,4),(-1.,0.),.UNSPECIFIED.);
#1162=B_SPLINE_CURVE_WITH_KNOTS('',3,(#8496,#8497,#8498,#8499),
 .UNSPECIFIED.,.F.,.F.,(4,4),(-1.,0.),.UNSPECIFIED.);
#1163=B_SPLINE_CURVE_WITH_KNOTS('',3,(#8501,#8502,#8503,#8504),
 .UNSPECIFIED.,.F.,.F.,(4,4),(-1.,0.),.UNSPECIFIED.);
#1164=B_SPLINE_CURVE_WITH_KNOTS('',3,(#8508,#8509,#8510,#8511),
 .UNSPECIFIED.,.F.,.F.,(4,4),(-1.,0.),.UNSPECIFIED.);
#1165=B_SPLINE_CURVE_WITH_KNOTS('',3,(#8513,#8514,#8515,#8516),
 .UNSPECIFIED.,.F.,.F.,(4,4),(-1.,0.),.UNSPECIFIED.);
#1166=B_SPLINE_CURVE_WITH_KNOTS('',3,(#8520,#8521,#8522,#8523),
 .UNSPECIFIED.,.F.,.F.,(4,4),(-1.,0.),.UNSPECIFIED.);
#1167=B_SPLINE_CURVE_WITH_KNOTS('',3,(#8525,#8526,#8527,#8528),
 .UNSPECIFIED.,.F.,.F.,(4,4),(-1.,0.),.UNSPECIFIED.);
#1168=B_SPLINE_CURVE_WITH_KNOTS('',3,(#8531,#8532,#8533,#8534),
 .UNSPECIFIED.,.F.,.F.,(4,4),(-1.,0.),.UNSPECIFIED.);
#1169=B_SPLINE_CURVE_WITH_KNOTS('',3,(#8539,#8540,#8541,#8542),
 .UNSPECIFIED.,.F.,.F.,(4,4),(-1.,0.),.UNSPECIFIED.);
#1170=B_SPLINE_CURVE_WITH_KNOTS('',3,(#8546,#8547,#8548,#8549),
 .UNSPECIFIED.,.F.,.F.,(4,4),(-1.,0.),.UNSPECIFIED.);
#1171=B_SPLINE_CURVE_WITH_KNOTS('',3,(#8551,#8552,#8553,#8554),
 .UNSPECIFIED.,.F.,.F.,(4,4),(-1.,0.),.UNSPECIFIED.);
#1172=B_SPLINE_CURVE_WITH_KNOTS('',3,(#8558,#8559,#8560,#8561),
 .UNSPECIFIED.,.F.,.F.,(4,4),(-1.,0.),.UNSPECIFIED.);
#1173=B_SPLINE_CURVE_WITH_KNOTS('',3,(#8563,#8564,#8565,#8566),
 .UNSPECIFIED.,.F.,.F.,(4,4),(-1.,0.),.UNSPECIFIED.);
#1174=B_SPLINE_CURVE_WITH_KNOTS('',3,(#8570,#8571,#8572,#8573),
 .UNSPECIFIED.,.F.,.F.,(4,4),(-1.,0.),.UNSPECIFIED.);
#1175=B_SPLINE_CURVE_WITH_KNOTS('',3,(#8575,#8576,#8577,#8578),
 .UNSPECIFIED.,.F.,.F.,(4,4),(-1.,0.),.UNSPECIFIED.);
#1176=B_SPLINE_CURVE_WITH_KNOTS('',3,(#8581,#8582,#8583,#8584),
 .UNSPECIFIED.,.F.,.F.,(4,4),(-1.,0.),.UNSPECIFIED.);
#1177=B_SPLINE_CURVE_WITH_KNOTS('',3,(#8589,#8590,#8591,#8592),
 .UNSPECIFIED.,.F.,.F.,(4,4),(-1.,0.),.UNSPECIFIED.);
#1178=B_SPLINE_CURVE_WITH_KNOTS('',3,(#8596,#8597,#8598,#8599),
 .UNSPECIFIED.,.F.,.F.,(4,4),(-1.,0.),.UNSPECIFIED.);
#1179=B_SPLINE_CURVE_WITH_KNOTS('',3,(#8601,#8602,#8603,#8604),
 .UNSPECIFIED.,.F.,.F.,(4,4),(-1.,0.),.UNSPECIFIED.);
#1180=B_SPLINE_CURVE_WITH_KNOTS('',3,(#8608,#8609,#8610,#8611),
 .UNSPECIFIED.,.F.,.F.,(4,4),(-1.,0.),.UNSPECIFIED.);
#1181=B_SPLINE_CURVE_WITH_KNOTS('',3,(#8613,#8614,#8615,#8616),
 .UNSPECIFIED.,.F.,.F.,(4,4),(-1.,0.),.UNSPECIFIED.);
#1182=B_SPLINE_CURVE_WITH_KNOTS('',3,(#8620,#8621,#8622,#8623),
 .UNSPECIFIED.,.F.,.F.,(4,4),(-1.,0.),.UNSPECIFIED.);
#1183=B_SPLINE_CURVE_WITH_KNOTS('',3,(#8625,#8626,#8627,#8628),
 .UNSPECIFIED.,.F.,.F.,(4,4),(-1.,0.),.UNSPECIFIED.);
#1184=B_SPLINE_CURVE_WITH_KNOTS('',3,(#8631,#8632,#8633,#8634),
 .UNSPECIFIED.,.F.,.F.,(4,4),(-1.,0.),.UNSPECIFIED.);
#1185=B_SPLINE_CURVE_WITH_KNOTS('',3,(#8637,#8638,#8639,#8640),
 .UNSPECIFIED.,.F.,.F.,(4,4),(-1.,0.),.UNSPECIFIED.);
#1186=B_SPLINE_CURVE_WITH_KNOTS('',3,(#8644,#8645,#8646,#8647),
 .UNSPECIFIED.,.F.,.F.,(4,4),(-1.,0.),.UNSPECIFIED.);
#1187=B_SPLINE_CURVE_WITH_KNOTS('',3,(#8649,#8650,#8651,#8652),
 .UNSPECIFIED.,.F.,.F.,(4,4),(-1.,0.),.UNSPECIFIED.);
#1188=B_SPLINE_CURVE_WITH_KNOTS('',3,(#8656,#8657,#8658,#8659),
 .UNSPECIFIED.,.F.,.F.,(4,4),(-1.,0.),.UNSPECIFIED.);
#1189=B_SPLINE_CURVE_WITH_KNOTS('',3,(#8661,#8662,#8663,#8664),
 .UNSPECIFIED.,.F.,.F.,(4,4),(-1.,0.),.UNSPECIFIED.);
#1190=B_SPLINE_CURVE_WITH_KNOTS('',3,(#8668,#8669,#8670,#8671),
 .UNSPECIFIED.,.F.,.F.,(4,4),(-1.,0.),.UNSPECIFIED.);
#1191=B_SPLINE_CURVE_WITH_KNOTS('',3,(#8673,#8674,#8675,#8676),
 .UNSPECIFIED.,.F.,.F.,(4,4),(-1.,0.),.UNSPECIFIED.);
#1192=B_SPLINE_CURVE_WITH_KNOTS('',3,(#8679,#8680,#8681,#8682),
 .UNSPECIFIED.,.F.,.F.,(4,4),(-1.,0.),.UNSPECIFIED.);
#1193=B_SPLINE_CURVE_WITH_KNOTS('',3,(#8685,#8686,#8687,#8688),
 .UNSPECIFIED.,.F.,.F.,(4,4),(-1.,0.),.UNSPECIFIED.);
#1194=B_SPLINE_CURVE_WITH_KNOTS('',3,(#8692,#8693,#8694,#8695),
 .UNSPECIFIED.,.F.,.F.,(4,4),(-1.,0.),.UNSPECIFIED.);
#1195=B_SPLINE_CURVE_WITH_KNOTS('',3,(#8697,#8698,#8699,#8700),
 .UNSPECIFIED.,.F.,.F.,(4,4),(-1.,0.),.UNSPECIFIED.);
#1196=B_SPLINE_CURVE_WITH_KNOTS('',3,(#8704,#8705,#8706,#8707),
 .UNSPECIFIED.,.F.,.F.,(4,4),(-1.,0.),.UNSPECIFIED.);
#1197=B_SPLINE_CURVE_WITH_KNOTS('',3,(#8709,#8710,#8711,#8712),
 .UNSPECIFIED.,.F.,.F.,(4,4),(-1.,0.),.UNSPECIFIED.);
#1198=B_SPLINE_CURVE_WITH_KNOTS('',3,(#8716,#8717,#8718,#8719),
 .UNSPECIFIED.,.F.,.F.,(4,4),(-1.,0.),.UNSPECIFIED.);
#1199=B_SPLINE_CURVE_WITH_KNOTS('',3,(#8721,#8722,#8723,#8724),
 .UNSPECIFIED.,.F.,.F.,(4,4),(-1.,0.),.UNSPECIFIED.);
#1200=B_SPLINE_CURVE_WITH_KNOTS('',3,(#8727,#8728,#8729,#8730),
 .UNSPECIFIED.,.F.,.F.,(4,4),(-1.,0.),.UNSPECIFIED.);
#1201=B_SPLINE_CURVE_WITH_KNOTS('',3,(#8737,#8738,#8739,#8740),
 .UNSPECIFIED.,.F.,.F.,(4,4),(-1.,0.),.UNSPECIFIED.);
#1202=B_SPLINE_CURVE_WITH_KNOTS('',3,(#8744,#8745,#8746,#8747),
 .UNSPECIFIED.,.F.,.F.,(4,4),(-1.,0.),.UNSPECIFIED.);
#1203=B_SPLINE_CURVE_WITH_KNOTS('',3,(#8749,#8750,#8751,#8752),
 .UNSPECIFIED.,.F.,.F.,(4,4),(-1.,0.),.UNSPECIFIED.);
#1204=B_SPLINE_CURVE_WITH_KNOTS('',3,(#8756,#8757,#8758,#8759),
 .UNSPECIFIED.,.F.,.F.,(4,4),(-1.,0.),.UNSPECIFIED.);
#1205=B_SPLINE_CURVE_WITH_KNOTS('',3,(#8761,#8762,#8763,#8764),
 .UNSPECIFIED.,.F.,.F.,(4,4),(-1.,0.),.UNSPECIFIED.);
#1206=B_SPLINE_CURVE_WITH_KNOTS('',3,(#8768,#8769,#8770,#8771),
 .UNSPECIFIED.,.F.,.F.,(4,4),(-1.,0.),.UNSPECIFIED.);
#1207=B_SPLINE_CURVE_WITH_KNOTS('',3,(#8773,#8774,#8775,#8776),
 .UNSPECIFIED.,.F.,.F.,(4,4),(-1.,0.),.UNSPECIFIED.);
#1208=B_SPLINE_CURVE_WITH_KNOTS('',3,(#8779,#8780,#8781,#8782),
 .UNSPECIFIED.,.F.,.F.,(4,4),(-1.,0.),.UNSPECIFIED.);
#1209=B_SPLINE_CURVE_WITH_KNOTS('',3,(#8785,#8786,#8787,#8788),
 .UNSPECIFIED.,.F.,.F.,(4,4),(-1.,0.),.UNSPECIFIED.);
#1210=B_SPLINE_CURVE_WITH_KNOTS('',3,(#8792,#8793,#8794,#8795),
 .UNSPECIFIED.,.F.,.F.,(4,4),(-1.,0.),.UNSPECIFIED.);
#1211=B_SPLINE_CURVE_WITH_KNOTS('',3,(#8799,#8800,#8801,#8802),
 .UNSPECIFIED.,.F.,.F.,(4,4),(-1.,0.),.UNSPECIFIED.);
#1212=B_SPLINE_CURVE_WITH_KNOTS('',3,(#8806,#8807,#8808,#8809),
 .UNSPECIFIED.,.F.,.F.,(4,4),(-1.,0.),.UNSPECIFIED.);
#1213=B_SPLINE_CURVE_WITH_KNOTS('',3,(#8823,#8824,#8825,#8826),
 .UNSPECIFIED.,.F.,.F.,(4,4),(-1.,0.),.UNSPECIFIED.);
#1214=B_SPLINE_CURVE_WITH_KNOTS('',3,(#8830,#8831,#8832,#8833),
 .UNSPECIFIED.,.F.,.F.,(4,4),(-1.,0.),.UNSPECIFIED.);
#1215=B_SPLINE_CURVE_WITH_KNOTS('',3,(#8835,#8836,#8837,#8838),
 .UNSPECIFIED.,.F.,.F.,(4,4),(-1.,0.),.UNSPECIFIED.);
#1216=B_SPLINE_CURVE_WITH_KNOTS('',3,(#8842,#8843,#8844,#8845),
 .UNSPECIFIED.,.F.,.F.,(4,4),(-1.,0.),.UNSPECIFIED.);
#1217=B_SPLINE_CURVE_WITH_KNOTS('',3,(#8847,#8848,#8849,#8850),
 .UNSPECIFIED.,.F.,.F.,(4,4),(-1.,0.),.UNSPECIFIED.);
#1218=B_SPLINE_CURVE_WITH_KNOTS('',3,(#8854,#8855,#8856,#8857),
 .UNSPECIFIED.,.F.,.F.,(4,4),(-1.,0.),.UNSPECIFIED.);
#1219=B_SPLINE_CURVE_WITH_KNOTS('',3,(#8859,#8860,#8861,#8862),
 .UNSPECIFIED.,.F.,.F.,(4,4),(-1.,0.),.UNSPECIFIED.);
#1220=B_SPLINE_CURVE_WITH_KNOTS('',3,(#8865,#8866,#8867,#8868),
 .UNSPECIFIED.,.F.,.F.,(4,4),(-1.,0.),.UNSPECIFIED.);
#1221=B_SPLINE_CURVE_WITH_KNOTS('',3,(#8871,#8872,#8873,#8874),
 .UNSPECIFIED.,.F.,.F.,(4,4),(-1.,0.),.UNSPECIFIED.);
#1222=B_SPLINE_CURVE_WITH_KNOTS('',3,(#8878,#8879,#8880,#8881),
 .UNSPECIFIED.,.F.,.F.,(4,4),(-1.,0.),.UNSPECIFIED.);
#1223=B_SPLINE_CURVE_WITH_KNOTS('',3,(#8883,#8884,#8885,#8886),
 .UNSPECIFIED.,.F.,.F.,(4,4),(-1.,0.),.UNSPECIFIED.);
#1224=B_SPLINE_CURVE_WITH_KNOTS('',3,(#8890,#8891,#8892,#8893),
 .UNSPECIFIED.,.F.,.F.,(4,4),(-1.,0.),.UNSPECIFIED.);
#1225=B_SPLINE_CURVE_WITH_KNOTS('',3,(#8895,#8896,#8897,#8898),
 .UNSPECIFIED.,.F.,.F.,(4,4),(-1.,0.),.UNSPECIFIED.);
#1226=B_SPLINE_CURVE_WITH_KNOTS('',3,(#8902,#8903,#8904,#8905),
 .UNSPECIFIED.,.F.,.F.,(4,4),(-1.,0.),.UNSPECIFIED.);
#1227=B_SPLINE_CURVE_WITH_KNOTS('',3,(#8907,#8908,#8909,#8910),
 .UNSPECIFIED.,.F.,.F.,(4,4),(-1.,0.),.UNSPECIFIED.);
#1228=B_SPLINE_CURVE_WITH_KNOTS('',3,(#8913,#8914,#8915,#8916),
 .UNSPECIFIED.,.F.,.F.,(4,4),(-1.,0.),.UNSPECIFIED.);
#1229=B_SPLINE_CURVE_WITH_KNOTS('',3,(#9001,#9002,#9003,#9004,#9005,#9006,
#9007,#9008,#9009,#9010,#9011),.UNSPECIFIED.,.F.,.F.,(4,1,1,1,1,1,1,1,4),
(-0.164679192033977,-0.0941020992133371,-0.0705764016064573,-0.0470507039995774,
-0.0235250063926976,-0.0117621575892576,-0.00588073318753768,-0.0029400209866777,
8.66885907701163E-14),.UNSPECIFIED.);
#1230=B_SPLINE_CURVE_WITH_KNOTS('',3,(#9068,#9069,#9070,#9071,#9072,#9073,
#9074,#9075,#9076,#9077,#9078,#9079,#9080),.UNSPECIFIED.,.F.,.F.,(4,3,3,
3,4),(0.,0.372111077757482,0.428571492372241,0.72064501964889,1.00000009719539),
 .UNSPECIFIED.);
#1231=B_SPLINE_CURVE_WITH_KNOTS('',3,(#9081,#9082,#9083,#9084,#9085,#9086,
#9087,#9088,#9089,#9090,#9091),.UNSPECIFIED.,.F.,.F.,(4,1,1,1,1,1,1,1,4),
(-0.158388309640025,-0.155552752664027,-0.152716504475389,-0.147044008098114,
-0.135699015343562,-0.113009029834459,-0.0903190443253564,-0.0676290588162535,
6.81872180160976E-9),.UNSPECIFIED.);
#1232=B_SPLINE_CURVE_WITH_KNOTS('',3,(#9094,#9095,#9096,#9097,#9098,#9099,
#9100,#9101,#9102,#9103,#9104,#9105,#9106,#9107,#9108,#9109,#9110,#9111,
#9112,#9113,#9114,#9115,#9116,#9117,#9118,#9119,#9120,#9121,#9122,#9123,
#9124,#9125,#9126,#9127,#9128,#9129,#9130,#9131,#9132,#9133),
 .UNSPECIFIED.,.F.,.F.,(4,3,3,3,3,3,3,3,3,3,3,3,3,4),(0.,0.120195513570472,
0.240386763432556,0.360574089238772,0.480757830524672,0.600938326718768,
0.722170576757868,0.84237094267393,0.962562405872513,1.08274632507083,1.20475882556101,
1.32495053907447,1.44787343305302,1.57079632703157),.UNSPECIFIED.);
#1233=B_SPLINE_CURVE_WITH_KNOTS('',3,(#9186,#9187,#9188,#9189,#9190,#9191,
#9192,#9193,#9194,#9195),.UNSPECIFIED.,.F.,.F.,(4,1,1,1,1,1,1,4),(-0.218733713619353,
-0.210922247289877,-0.203110312205067,-0.187486442035446,-0.156238701696205,
-0.124990961356964,-0.0624954806784821,0.),.UNSPECIFIED.);
#1234=B_SPLINE_CURVE_WITH_KNOTS('',3,(#9242,#9243,#9244,#9245,#9246,#9247,
#9248),.UNSPECIFIED.,.F.,.F.,(4,3,4),(0.,0.428571428257361,1.0000000000014),
 .UNSPECIFIED.);
#1235=B_SPLINE_CURVE_WITH_KNOTS('',3,(#9249,#9250,#9251,#9252,#9253,#9254,
#9255,#9256),.UNSPECIFIED.,.F.,.F.,(4,1,1,1,1,4),(-0.284677040443387,-0.122004445875206,
-0.0406681485911146,-0.0203340742700919,-0.0101670371095805,5.09308289986508E-11),
 .UNSPECIFIED.);
#1236=B_SPLINE_CURVE_WITH_KNOTS('',3,(#9259,#9260,#9261,#9262,#9263,#9264,
#9265,#9266,#9267,#9268,#9269,#9270,#9271,#9272,#9273,#9274,#9275,#9276,
#9277,#9278,#9279,#9280,#9281,#9282,#9283,#9284,#9285,#9286,#9287,#9288,
#9289,#9290,#9291,#9292,#9293,#9294,#9295,#9296,#9297,#9298),
 .UNSPECIFIED.,.F.,.F.,(4,3,3,3,3,3,3,3,3,3,3,3,3,4),(0.,0.120195513560396,
0.240386763412404,0.360574089208568,0.480757830484375,0.600938326668394,
0.722170576697331,0.842370942603325,0.962562405791808,1.08274632498005,
1.20475882546001,1.32495053896339,1.44787343293164,1.57079632689989),
 .UNSPECIFIED.);
#1237=B_SPLINE_CURVE_WITH_KNOTS('',3,(#9351,#9352,#9353,#9354,#9355,#9356,
#9357,#9358,#9359,#9360),.UNSPECIFIED.,.F.,.F.,(4,1,1,1,1,1,1,4),(-0.375979746154884,
-0.362552199134569,-0.349124339907363,-0.322268621452951,-0.268557184544126,
-0.2148457476353,-0.161134310726475,0.),.UNSPECIFIED.);
#1238=B_SPLINE_CURVE_WITH_KNOTS('',3,(#9392,#9393,#9394,#9395,#9396),
 .UNSPECIFIED.,.F.,.F.,(4,1,4),(-0.689980402103496,-0.295705886615784,0.),
 .UNSPECIFIED.);
#1239=B_SPLINE_CURVE_WITH_KNOTS('',3,(#9428,#9429,#9430,#9431,#9432),
 .UNSPECIFIED.,.F.,.F.,(4,1,4),(-0.47651982690736,-0.272297043947063,0.),
 .UNSPECIFIED.);
#1240=B_SPLINE_CURVE_WITH_KNOTS('',3,(#9469,#9470,#9471,#9472,#9473,#9474,
#9475),.UNSPECIFIED.,.F.,.F.,(4,3,4),(0.,0.428571428587609,1.00000000000397),
 .UNSPECIFIED.);
#1241=B_SPLINE_CURVE_WITH_KNOTS('',3,(#9476,#9477,#9478,#9479,#9480,#9481),
 .UNSPECIFIED.,.F.,.F.,(4,1,1,4),(-0.0935324514966892,-0.0400853363377337,
-0.013361778758256,3.14828829884809E-11),.UNSPECIFIED.);
#1242=B_SPLINE_CURVE_WITH_KNOTS('',3,(#9484,#9485,#9486,#9487,#9488,#9489,
#9490,#9491,#9492,#9493,#9494,#9495,#9496,#9497,#9498,#9499,#9500,#9501,
#9502,#9503,#9504,#9505,#9506,#9507,#9508,#9509,#9510,#9511,#9512,#9513,
#9514,#9515,#9516,#9517,#9518,#9519,#9520,#9521,#9522,#9523),
 .UNSPECIFIED.,.F.,.F.,(4,3,3,3,3,3,3,3,3,3,3,3,3,4),(0.,0.120195513573524,
0.24038676343866,0.360574089247946,0.480757830536923,0.600938326734087,
0.722170576776267,0.84237094269539,0.962562405897008,1.08274632509837,1.20475882559166,
1.32495053910816,1.44787343308984,1.57079632707152),.UNSPECIFIED.);
#1243=B_SPLINE_CURVE_WITH_KNOTS('',3,(#9571,#9572,#9573,#9574,#9575,#9576,
#9577,#9578,#9579),.UNSPECIFIED.,.F.,.F.,(4,1,1,1,1,1,4),(-0.214930618627452,
-0.207255013807506,-0.199578902185006,-0.184226678940005,-0.153522232450004,
-0.0921133394700027,0.),.UNSPECIFIED.);
#1244=B_SPLINE_CURVE_WITH_KNOTS('',3,(#9626,#9627,#9628,#9629,#9630,#9631,
#9632),.UNSPECIFIED.,.F.,.F.,(4,3,4),(0.,0.428571428221088,1.00000000000246),
 .UNSPECIFIED.);
#1245=B_SPLINE_CURVE_WITH_KNOTS('',3,(#9633,#9634,#9635,#9636,#9637,#9638,
#9639,#9640),.UNSPECIFIED.,.F.,.F.,(4,1,1,1,1,4),(-0.269392204411396,-0.115454013276286,
-0.0384849177087317,-0.019242643816843,-0.00962150687089864,-3.69924954304717E-7),
 .UNSPECIFIED.);
#1246=B_SPLINE_CURVE_WITH_KNOTS('',3,(#9742,#9743,#9744,#9745),
 .UNSPECIFIED.,.F.,.F.,(4,4),(0.,0.301827373458974),.UNSPECIFIED.);
#1247=B_SPLINE_CURVE_WITH_KNOTS('',3,(#9761,#9762,#9763,#9764),
 .UNSPECIFIED.,.F.,.F.,(4,4),(0.,0.554297631008463),.UNSPECIFIED.);
#1248=B_SPLINE_CURVE_WITH_KNOTS('',3,(#9779,#9780,#9781,#9782),
 .UNSPECIFIED.,.F.,.F.,(4,4),(0.,0.382396616898354),.UNSPECIFIED.);
#1249=B_SPLINE_CURVE_WITH_KNOTS('',3,(#9803,#9804,#9805,#9806,#9807,#9808,
#9809),.UNSPECIFIED.,.F.,.F.,(4,3,4),(0.,7.99784965212439E-7,0.0238750041332118),
 .UNSPECIFIED.);
#1250=B_SPLINE_CURVE_WITH_KNOTS('',3,(#9830,#9831,#9832,#9833,#9834,#9835,
#9836),.UNSPECIFIED.,.F.,.F.,(4,3,4),(0.,0.208433401091291,0.208438138328046),
 .UNSPECIFIED.);
#1251=B_SPLINE_CURVE_WITH_KNOTS('',3,(#9859,#9860,#9861,#9862,#9863,#9864),
 .UNSPECIFIED.,.F.,.F.,(4,2,4),(0.,0.09058773721868,0.154436374650991),
 .UNSPECIFIED.);
#1252=B_SPLINE_CURVE_WITH_KNOTS('',3,(#9881,#9882,#9883,#9884),
 .UNSPECIFIED.,.F.,.F.,(4,4),(0.,0.22893754142019),.UNSPECIFIED.);
#1253=B_SPLINE_CURVE_WITH_KNOTS('',3,(#9905,#9906,#9907,#9908,#9909,#9910,
#9911),.UNSPECIFIED.,.F.,.F.,(4,3,4),(0.,0.212159671012657,0.212164052337331),
 .UNSPECIFIED.);
#1254=B_SPLINE_CURVE_WITH_KNOTS('',3,(#9926,#9927,#9928,#9929),
 .UNSPECIFIED.,.F.,.F.,(4,4),(0.,0.0836202490418692),.UNSPECIFIED.);
#1255=B_SPLINE_CURVE_WITH_KNOTS('',3,(#9940,#9941,#9942,#9943),
 .UNSPECIFIED.,.F.,.F.,(4,4),(0.,0.086304066318743),.UNSPECIFIED.);
#1256=B_SPLINE_CURVE_WITH_KNOTS('',3,(#9956,#9957,#9958,#9959),
 .UNSPECIFIED.,.F.,.F.,(4,4),(0.,0.0320564713274758),.UNSPECIFIED.);
#1257=B_SPLINE_CURVE_WITH_KNOTS('',3,(#9978,#9979,#9980,#9981),
 .UNSPECIFIED.,.F.,.F.,(4,4),(-1.,0.),.UNSPECIFIED.);
#1258=B_SPLINE_CURVE_WITH_KNOTS('',3,(#9992,#9993,#9994,#9995),
 .UNSPECIFIED.,.F.,.F.,(4,4),(-1.,0.),.UNSPECIFIED.);
#1259=B_SPLINE_CURVE_WITH_KNOTS('',3,(#10010,#10011,#10012,#10013),
 .UNSPECIFIED.,.F.,.F.,(4,4),(-1.,0.),.UNSPECIFIED.);
#1260=B_SPLINE_CURVE_WITH_KNOTS('',3,(#10024,#10025,#10026,#10027),
 .UNSPECIFIED.,.F.,.F.,(4,4),(-1.,0.),.UNSPECIFIED.);
#1261=B_SPLINE_CURVE_WITH_KNOTS('',3,(#10042,#10043,#10044,#10045),
 .UNSPECIFIED.,.F.,.F.,(4,4),(-1.,0.),.UNSPECIFIED.);
#1262=B_SPLINE_CURVE_WITH_KNOTS('',3,(#10056,#10057,#10058,#10059),
 .UNSPECIFIED.,.F.,.F.,(4,4),(-1.,0.),.UNSPECIFIED.);
#1263=B_SPLINE_CURVE_WITH_KNOTS('',3,(#10074,#10075,#10076,#10077),
 .UNSPECIFIED.,.F.,.F.,(4,4),(-1.,0.),.UNSPECIFIED.);
#1264=B_SPLINE_CURVE_WITH_KNOTS('',3,(#10087,#10088,#10089,#10090),
 .UNSPECIFIED.,.F.,.F.,(4,4),(-1.,0.),.UNSPECIFIED.);
#1265=B_SPLINE_CURVE_WITH_KNOTS('',3,(#10120,#10121,#10122,#10123),
 .UNSPECIFIED.,.F.,.F.,(4,4),(-1.,0.),.UNSPECIFIED.);
#1266=B_SPLINE_CURVE_WITH_KNOTS('',3,(#10134,#10135,#10136,#10137),
 .UNSPECIFIED.,.F.,.F.,(4,4),(-1.,0.),.UNSPECIFIED.);
#1267=B_SPLINE_CURVE_WITH_KNOTS('',3,(#10152,#10153,#10154,#10155),
 .UNSPECIFIED.,.F.,.F.,(4,4),(-1.,0.),.UNSPECIFIED.);
#1268=B_SPLINE_CURVE_WITH_KNOTS('',3,(#10166,#10167,#10168,#10169),
 .UNSPECIFIED.,.F.,.F.,(4,4),(-1.,0.),.UNSPECIFIED.);
#1269=B_SPLINE_CURVE_WITH_KNOTS('',3,(#10184,#10185,#10186,#10187),
 .UNSPECIFIED.,.F.,.F.,(4,4),(-1.,0.),.UNSPECIFIED.);
#1270=B_SPLINE_CURVE_WITH_KNOTS('',3,(#10198,#10199,#10200,#10201),
 .UNSPECIFIED.,.F.,.F.,(4,4),(-1.,0.),.UNSPECIFIED.);
#1271=B_SPLINE_CURVE_WITH_KNOTS('',3,(#10216,#10217,#10218,#10219),
 .UNSPECIFIED.,.F.,.F.,(4,4),(-1.,0.),.UNSPECIFIED.);
#1272=B_SPLINE_CURVE_WITH_KNOTS('',3,(#10229,#10230,#10231,#10232),
 .UNSPECIFIED.,.F.,.F.,(4,4),(-1.,0.),.UNSPECIFIED.);
#1273=B_SPLINE_CURVE_WITH_KNOTS('',3,(#10248,#10249,#10250,#10251),
 .UNSPECIFIED.,.F.,.F.,(4,4),(-1.,0.),.UNSPECIFIED.);
#1274=B_SPLINE_CURVE_WITH_KNOTS('',3,(#10266,#10267,#10268,#10269),
 .UNSPECIFIED.,.F.,.F.,(4,4),(-1.,0.),.UNSPECIFIED.);
#1275=B_SPLINE_CURVE_WITH_KNOTS('',3,(#10284,#10285,#10286,#10287),
 .UNSPECIFIED.,.F.,.F.,(4,4),(-1.,0.),.UNSPECIFIED.);
#1276=B_SPLINE_CURVE_WITH_KNOTS('',3,(#10301,#10302,#10303,#10304),
 .UNSPECIFIED.,.F.,.F.,(4,4),(-1.,0.),.UNSPECIFIED.);
#1277=B_SPLINE_CURVE_WITH_KNOTS('',3,(#10320,#10321,#10322,#10323),
 .UNSPECIFIED.,.F.,.F.,(4,4),(-1.,0.),.UNSPECIFIED.);
#1278=B_SPLINE_CURVE_WITH_KNOTS('',3,(#10334,#10335,#10336,#10337),
 .UNSPECIFIED.,.F.,.F.,(4,4),(-1.,0.),.UNSPECIFIED.);
#1279=B_SPLINE_CURVE_WITH_KNOTS('',3,(#10352,#10353,#10354,#10355),
 .UNSPECIFIED.,.F.,.F.,(4,4),(-1.,0.),.UNSPECIFIED.);
#1280=B_SPLINE_CURVE_WITH_KNOTS('',3,(#10366,#10367,#10368,#10369),
 .UNSPECIFIED.,.F.,.F.,(4,4),(-1.,0.),.UNSPECIFIED.);
#1281=B_SPLINE_CURVE_WITH_KNOTS('',3,(#10384,#10385,#10386,#10387),
 .UNSPECIFIED.,.F.,.F.,(4,4),(-1.,0.),.UNSPECIFIED.);
#1282=B_SPLINE_CURVE_WITH_KNOTS('',3,(#10398,#10399,#10400,#10401),
 .UNSPECIFIED.,.F.,.F.,(4,4),(-1.,0.),.UNSPECIFIED.);
#1283=B_SPLINE_CURVE_WITH_KNOTS('',3,(#10416,#10417,#10418,#10419),
 .UNSPECIFIED.,.F.,.F.,(4,4),(-1.,0.),.UNSPECIFIED.);
#1284=B_SPLINE_CURVE_WITH_KNOTS('',3,(#10429,#10430,#10431,#10432),
 .UNSPECIFIED.,.F.,.F.,(4,4),(-1.,0.),.UNSPECIFIED.);
#1285=B_SPLINE_CURVE_WITH_KNOTS('',3,(#10448,#10449,#10450,#10451),
 .UNSPECIFIED.,.F.,.F.,(4,4),(-1.,0.),.UNSPECIFIED.);
#1286=B_SPLINE_CURVE_WITH_KNOTS('',3,(#10462,#10463,#10464,#10465),
 .UNSPECIFIED.,.F.,.F.,(4,4),(-1.,0.),.UNSPECIFIED.);
#1287=B_SPLINE_CURVE_WITH_KNOTS('',3,(#10480,#10481,#10482,#10483),
 .UNSPECIFIED.,.F.,.F.,(4,4),(-1.,0.),.UNSPECIFIED.);
#1288=B_SPLINE_CURVE_WITH_KNOTS('',3,(#10494,#10495,#10496,#10497),
 .UNSPECIFIED.,.F.,.F.,(4,4),(-1.,0.),.UNSPECIFIED.);
#1289=B_SPLINE_CURVE_WITH_KNOTS('',3,(#10512,#10513,#10514,#10515),
 .UNSPECIFIED.,.F.,.F.,(4,4),(-1.,0.),.UNSPECIFIED.);
#1290=B_SPLINE_CURVE_WITH_KNOTS('',3,(#10526,#10527,#10528,#10529),
 .UNSPECIFIED.,.F.,.F.,(4,4),(-1.,0.),.UNSPECIFIED.);
#1291=B_SPLINE_CURVE_WITH_KNOTS('',3,(#10544,#10545,#10546,#10547),
 .UNSPECIFIED.,.F.,.F.,(4,4),(-1.,0.),.UNSPECIFIED.);
#1292=B_SPLINE_CURVE_WITH_KNOTS('',3,(#10557,#10558,#10559,#10560),
 .UNSPECIFIED.,.F.,.F.,(4,4),(-1.,0.),.UNSPECIFIED.);
#1293=B_SPLINE_CURVE_WITH_KNOTS('',3,(#10584,#10585,#10586,#10587),
 .UNSPECIFIED.,.F.,.F.,(4,4),(-1.,0.),.UNSPECIFIED.);
#1294=B_SPLINE_CURVE_WITH_KNOTS('',3,(#10598,#10599,#10600,#10601),
 .UNSPECIFIED.,.F.,.F.,(4,4),(-1.,0.),.UNSPECIFIED.);
#1295=B_SPLINE_CURVE_WITH_KNOTS('',3,(#10616,#10617,#10618,#10619),
 .UNSPECIFIED.,.F.,.F.,(4,4),(-1.,0.),.UNSPECIFIED.);
#1296=B_SPLINE_CURVE_WITH_KNOTS('',3,(#10630,#10631,#10632,#10633),
 .UNSPECIFIED.,.F.,.F.,(4,4),(-1.,0.),.UNSPECIFIED.);
#1297=B_SPLINE_CURVE_WITH_KNOTS('',3,(#10648,#10649,#10650,#10651),
 .UNSPECIFIED.,.F.,.F.,(4,4),(-1.,0.),.UNSPECIFIED.);
#1298=B_SPLINE_CURVE_WITH_KNOTS('',3,(#10662,#10663,#10664,#10665),
 .UNSPECIFIED.,.F.,.F.,(4,4),(-1.,0.),.UNSPECIFIED.);
#1299=B_SPLINE_CURVE_WITH_KNOTS('',3,(#10680,#10681,#10682,#10683),
 .UNSPECIFIED.,.F.,.F.,(4,4),(-1.,0.),.UNSPECIFIED.);
#1300=B_SPLINE_CURVE_WITH_KNOTS('',3,(#10693,#10694,#10695,#10696),
 .UNSPECIFIED.,.F.,.F.,(4,4),(-1.,0.),.UNSPECIFIED.);
#1301=B_SPLINE_CURVE_WITH_KNOTS('',3,(#10712,#10713,#10714,#10715),
 .UNSPECIFIED.,.F.,.F.,(4,4),(-1.,0.),.UNSPECIFIED.);
#1302=B_SPLINE_CURVE_WITH_KNOTS('',3,(#10726,#10727,#10728,#10729),
 .UNSPECIFIED.,.F.,.F.,(4,4),(-1.,0.),.UNSPECIFIED.);
#1303=B_SPLINE_CURVE_WITH_KNOTS('',3,(#10744,#10745,#10746,#10747),
 .UNSPECIFIED.,.F.,.F.,(4,4),(-1.,0.),.UNSPECIFIED.);
#1304=B_SPLINE_CURVE_WITH_KNOTS('',3,(#10758,#10759,#10760,#10761),
 .UNSPECIFIED.,.F.,.F.,(4,4),(-1.,0.),.UNSPECIFIED.);
#1305=B_SPLINE_CURVE_WITH_KNOTS('',3,(#10776,#10777,#10778,#10779),
 .UNSPECIFIED.,.F.,.F.,(4,4),(-1.,0.),.UNSPECIFIED.);
#1306=B_SPLINE_CURVE_WITH_KNOTS('',3,(#10790,#10791,#10792,#10793),
 .UNSPECIFIED.,.F.,.F.,(4,4),(-1.,0.),.UNSPECIFIED.);
#1307=B_SPLINE_CURVE_WITH_KNOTS('',3,(#10808,#10809,#10810,#10811),
 .UNSPECIFIED.,.F.,.F.,(4,4),(-1.,0.),.UNSPECIFIED.);
#1308=B_SPLINE_CURVE_WITH_KNOTS('',3,(#10821,#10822,#10823,#10824),
 .UNSPECIFIED.,.F.,.F.,(4,4),(-1.,0.),.UNSPECIFIED.);
#1309=B_SPLINE_CURVE_WITH_KNOTS('',3,(#10840,#10841,#10842,#10843),
 .UNSPECIFIED.,.F.,.F.,(4,4),(-1.,0.),.UNSPECIFIED.);
#1310=B_SPLINE_CURVE_WITH_KNOTS('',3,(#10854,#10855,#10856,#10857),
 .UNSPECIFIED.,.F.,.F.,(4,4),(-1.,0.),.UNSPECIFIED.);
#1311=B_SPLINE_CURVE_WITH_KNOTS('',3,(#10872,#10873,#10874,#10875),
 .UNSPECIFIED.,.F.,.F.,(4,4),(-1.,0.),.UNSPECIFIED.);
#1312=B_SPLINE_CURVE_WITH_KNOTS('',3,(#10886,#10887,#10888,#10889),
 .UNSPECIFIED.,.F.,.F.,(4,4),(-1.,0.),.UNSPECIFIED.);
#1313=B_SPLINE_CURVE_WITH_KNOTS('',3,(#10904,#10905,#10906,#10907),
 .UNSPECIFIED.,.F.,.F.,(4,4),(-1.,0.),.UNSPECIFIED.);
#1314=B_SPLINE_CURVE_WITH_KNOTS('',3,(#10918,#10919,#10920,#10921),
 .UNSPECIFIED.,.F.,.F.,(4,4),(-1.,0.),.UNSPECIFIED.);
#1315=B_SPLINE_CURVE_WITH_KNOTS('',3,(#10936,#10937,#10938,#10939),
 .UNSPECIFIED.,.F.,.F.,(4,4),(-1.,0.),.UNSPECIFIED.);
#1316=B_SPLINE_CURVE_WITH_KNOTS('',3,(#10949,#10950,#10951,#10952),
 .UNSPECIFIED.,.F.,.F.,(4,4),(-1.,0.),.UNSPECIFIED.);
#1317=B_SPLINE_CURVE_WITH_KNOTS('',3,(#10968,#10969,#10970,#10971),
 .UNSPECIFIED.,.F.,.F.,(4,4),(-1.,0.),.UNSPECIFIED.);
#1318=B_SPLINE_CURVE_WITH_KNOTS('',3,(#10982,#10983,#10984,#10985),
 .UNSPECIFIED.,.F.,.F.,(4,4),(-1.,0.),.UNSPECIFIED.);
#1319=B_SPLINE_CURVE_WITH_KNOTS('',3,(#11000,#11001,#11002,#11003),
 .UNSPECIFIED.,.F.,.F.,(4,4),(-1.,0.),.UNSPECIFIED.);
#1320=B_SPLINE_CURVE_WITH_KNOTS('',3,(#11014,#11015,#11016,#11017),
 .UNSPECIFIED.,.F.,.F.,(4,4),(-1.,0.),.UNSPECIFIED.);
#1321=B_SPLINE_CURVE_WITH_KNOTS('',3,(#11032,#11033,#11034,#11035),
 .UNSPECIFIED.,.F.,.F.,(4,4),(-1.,0.),.UNSPECIFIED.);
#1322=B_SPLINE_CURVE_WITH_KNOTS('',3,(#11046,#11047,#11048,#11049),
 .UNSPECIFIED.,.F.,.F.,(4,4),(-1.,0.),.UNSPECIFIED.);
#1323=B_SPLINE_CURVE_WITH_KNOTS('',3,(#11064,#11065,#11066,#11067),
 .UNSPECIFIED.,.F.,.F.,(4,4),(-1.,0.),.UNSPECIFIED.);
#1324=B_SPLINE_CURVE_WITH_KNOTS('',3,(#11077,#11078,#11079,#11080),
 .UNSPECIFIED.,.F.,.F.,(4,4),(-1.,0.),.UNSPECIFIED.);
#1325=B_SPLINE_CURVE_WITH_KNOTS('',3,(#11096,#11097,#11098,#11099),
 .UNSPECIFIED.,.F.,.F.,(4,4),(-1.,0.),.UNSPECIFIED.);
#1326=B_SPLINE_CURVE_WITH_KNOTS('',3,(#11110,#11111,#11112,#11113),
 .UNSPECIFIED.,.F.,.F.,(4,4),(-1.,0.),.UNSPECIFIED.);
#1327=B_SPLINE_CURVE_WITH_KNOTS('',3,(#11128,#11129,#11130,#11131),
 .UNSPECIFIED.,.F.,.F.,(4,4),(-1.,0.),.UNSPECIFIED.);
#1328=B_SPLINE_CURVE_WITH_KNOTS('',3,(#11142,#11143,#11144,#11145),
 .UNSPECIFIED.,.F.,.F.,(4,4),(-1.,0.),.UNSPECIFIED.);
#1329=B_SPLINE_CURVE_WITH_KNOTS('',3,(#11160,#11161,#11162,#11163),
 .UNSPECIFIED.,.F.,.F.,(4,4),(-1.,0.),.UNSPECIFIED.);
#1330=B_SPLINE_CURVE_WITH_KNOTS('',3,(#11174,#11175,#11176,#11177),
 .UNSPECIFIED.,.F.,.F.,(4,4),(-1.,0.),.UNSPECIFIED.);
#1331=B_SPLINE_CURVE_WITH_KNOTS('',3,(#11192,#11193,#11194,#11195),
 .UNSPECIFIED.,.F.,.F.,(4,4),(-1.,0.),.UNSPECIFIED.);
#1332=B_SPLINE_CURVE_WITH_KNOTS('',3,(#11205,#11206,#11207,#11208),
 .UNSPECIFIED.,.F.,.F.,(4,4),(-1.,0.),.UNSPECIFIED.);
#1333=B_SPLINE_CURVE_WITH_KNOTS('',3,(#11228,#11229,#11230,#11231),
 .UNSPECIFIED.,.F.,.F.,(4,4),(-1.,0.),.UNSPECIFIED.);
#1334=B_SPLINE_CURVE_WITH_KNOTS('',3,(#11242,#11243,#11244,#11245),
 .UNSPECIFIED.,.F.,.F.,(4,4),(-1.,0.),.UNSPECIFIED.);
#1335=B_SPLINE_CURVE_WITH_KNOTS('',3,(#11260,#11261,#11262,#11263),
 .UNSPECIFIED.,.F.,.F.,(4,4),(-1.,0.),.UNSPECIFIED.);
#1336=B_SPLINE_CURVE_WITH_KNOTS('',3,(#11274,#11275,#11276,#11277),
 .UNSPECIFIED.,.F.,.F.,(4,4),(-1.,0.),.UNSPECIFIED.);
#1337=B_SPLINE_CURVE_WITH_KNOTS('',3,(#11292,#11293,#11294,#11295),
 .UNSPECIFIED.,.F.,.F.,(4,4),(-1.,0.),.UNSPECIFIED.);
#1338=B_SPLINE_CURVE_WITH_KNOTS('',3,(#11306,#11307,#11308,#11309),
 .UNSPECIFIED.,.F.,.F.,(4,4),(-1.,0.),.UNSPECIFIED.);
#1339=B_SPLINE_CURVE_WITH_KNOTS('',3,(#11324,#11325,#11326,#11327),
 .UNSPECIFIED.,.F.,.F.,(4,4),(-1.,0.),.UNSPECIFIED.);
#1340=B_SPLINE_CURVE_WITH_KNOTS('',3,(#11337,#11338,#11339,#11340),
 .UNSPECIFIED.,.F.,.F.,(4,4),(-1.,0.),.UNSPECIFIED.);
#1341=B_SPLINE_CURVE_WITH_KNOTS('',3,(#11360,#11361,#11362,#11363),
 .UNSPECIFIED.,.F.,.F.,(4,4),(-1.,0.),.UNSPECIFIED.);
#1342=B_SPLINE_CURVE_WITH_KNOTS('',3,(#11374,#11375,#11376,#11377),
 .UNSPECIFIED.,.F.,.F.,(4,4),(-1.,0.),.UNSPECIFIED.);
#1343=B_SPLINE_CURVE_WITH_KNOTS('',3,(#11392,#11393,#11394,#11395),
 .UNSPECIFIED.,.F.,.F.,(4,4),(-1.,0.),.UNSPECIFIED.);
#1344=B_SPLINE_CURVE_WITH_KNOTS('',3,(#11406,#11407,#11408,#11409),
 .UNSPECIFIED.,.F.,.F.,(4,4),(-1.,0.),.UNSPECIFIED.);
#1345=B_SPLINE_CURVE_WITH_KNOTS('',3,(#11424,#11425,#11426,#11427),
 .UNSPECIFIED.,.F.,.F.,(4,4),(-1.,0.),.UNSPECIFIED.);
#1346=B_SPLINE_CURVE_WITH_KNOTS('',3,(#11438,#11439,#11440,#11441),
 .UNSPECIFIED.,.F.,.F.,(4,4),(-1.,0.),.UNSPECIFIED.);
#1347=B_SPLINE_CURVE_WITH_KNOTS('',3,(#11456,#11457,#11458,#11459),
 .UNSPECIFIED.,.F.,.F.,(4,4),(-1.,0.),.UNSPECIFIED.);
#1348=B_SPLINE_CURVE_WITH_KNOTS('',3,(#11469,#11470,#11471,#11472),
 .UNSPECIFIED.,.F.,.F.,(4,4),(-1.,0.),.UNSPECIFIED.);
#1349=B_SPLINE_CURVE_WITH_KNOTS('',3,(#11488,#11489,#11490,#11491),
 .UNSPECIFIED.,.F.,.F.,(4,4),(-1.,0.),.UNSPECIFIED.);
#1350=B_SPLINE_CURVE_WITH_KNOTS('',3,(#11502,#11503,#11504,#11505),
 .UNSPECIFIED.,.F.,.F.,(4,4),(-1.,0.),.UNSPECIFIED.);
#1351=B_SPLINE_CURVE_WITH_KNOTS('',3,(#11520,#11521,#11522,#11523),
 .UNSPECIFIED.,.F.,.F.,(4,4),(-1.,0.),.UNSPECIFIED.);
#1352=B_SPLINE_CURVE_WITH_KNOTS('',3,(#11534,#11535,#11536,#11537),
 .UNSPECIFIED.,.F.,.F.,(4,4),(-1.,0.),.UNSPECIFIED.);
#1353=B_SPLINE_CURVE_WITH_KNOTS('',3,(#11552,#11553,#11554,#11555),
 .UNSPECIFIED.,.F.,.F.,(4,4),(-1.,0.),.UNSPECIFIED.);
#1354=B_SPLINE_CURVE_WITH_KNOTS('',3,(#11566,#11567,#11568,#11569),
 .UNSPECIFIED.,.F.,.F.,(4,4),(-1.,0.),.UNSPECIFIED.);
#1355=B_SPLINE_CURVE_WITH_KNOTS('',3,(#11584,#11585,#11586,#11587),
 .UNSPECIFIED.,.F.,.F.,(4,4),(-1.,0.),.UNSPECIFIED.);
#1356=B_SPLINE_CURVE_WITH_KNOTS('',3,(#11597,#11598,#11599,#11600),
 .UNSPECIFIED.,.F.,.F.,(4,4),(-1.,0.),.UNSPECIFIED.);
#1357=B_SPLINE_CURVE_WITH_KNOTS('',3,(#11616,#11617,#11618,#11619),
 .UNSPECIFIED.,.F.,.F.,(4,4),(-1.,0.),.UNSPECIFIED.);
#1358=B_SPLINE_CURVE_WITH_KNOTS('',3,(#11630,#11631,#11632,#11633),
 .UNSPECIFIED.,.F.,.F.,(4,4),(-1.,0.),.UNSPECIFIED.);
#1359=B_SPLINE_CURVE_WITH_KNOTS('',3,(#11648,#11649,#11650,#11651),
 .UNSPECIFIED.,.F.,.F.,(4,4),(-1.,0.),.UNSPECIFIED.);
#1360=B_SPLINE_CURVE_WITH_KNOTS('',3,(#11662,#11663,#11664,#11665),
 .UNSPECIFIED.,.F.,.F.,(4,4),(-1.,0.),.UNSPECIFIED.);
#1361=B_SPLINE_CURVE_WITH_KNOTS('',3,(#11680,#11681,#11682,#11683),
 .UNSPECIFIED.,.F.,.F.,(4,4),(-1.,0.),.UNSPECIFIED.);
#1362=B_SPLINE_CURVE_WITH_KNOTS('',3,(#11694,#11695,#11696,#11697),
 .UNSPECIFIED.,.F.,.F.,(4,4),(-1.,0.),.UNSPECIFIED.);
#1363=B_SPLINE_CURVE_WITH_KNOTS('',3,(#11712,#11713,#11714,#11715),
 .UNSPECIFIED.,.F.,.F.,(4,4),(-1.,0.),.UNSPECIFIED.);
#1364=B_SPLINE_CURVE_WITH_KNOTS('',3,(#11725,#11726,#11727,#11728),
 .UNSPECIFIED.,.F.,.F.,(4,4),(-1.,0.),.UNSPECIFIED.);
#1365=B_SPLINE_CURVE_WITH_KNOTS('',3,(#11752,#11753,#11754,#11755),
 .UNSPECIFIED.,.F.,.F.,(4,4),(-1.,0.),.UNSPECIFIED.);
#1366=B_SPLINE_CURVE_WITH_KNOTS('',3,(#11766,#11767,#11768,#11769),
 .UNSPECIFIED.,.F.,.F.,(4,4),(-1.,0.),.UNSPECIFIED.);
#1367=B_SPLINE_CURVE_WITH_KNOTS('',3,(#11784,#11785,#11786,#11787),
 .UNSPECIFIED.,.F.,.F.,(4,4),(-1.,0.),.UNSPECIFIED.);
#1368=B_SPLINE_CURVE_WITH_KNOTS('',3,(#11798,#11799,#11800,#11801),
 .UNSPECIFIED.,.F.,.F.,(4,4),(-1.,0.),.UNSPECIFIED.);
#1369=B_SPLINE_CURVE_WITH_KNOTS('',3,(#11816,#11817,#11818,#11819),
 .UNSPECIFIED.,.F.,.F.,(4,4),(-1.,0.),.UNSPECIFIED.);
#1370=B_SPLINE_CURVE_WITH_KNOTS('',3,(#11830,#11831,#11832,#11833),
 .UNSPECIFIED.,.F.,.F.,(4,4),(-1.,0.),.UNSPECIFIED.);
#1371=B_SPLINE_CURVE_WITH_KNOTS('',3,(#11848,#11849,#11850,#11851),
 .UNSPECIFIED.,.F.,.F.,(4,4),(-1.,0.),.UNSPECIFIED.);
#1372=B_SPLINE_CURVE_WITH_KNOTS('',3,(#11861,#11862,#11863,#11864),
 .UNSPECIFIED.,.F.,.F.,(4,4),(-1.,0.),.UNSPECIFIED.);
#1373=B_SPLINE_CURVE_WITH_KNOTS('',3,(#11880,#11881,#11882,#11883),
 .UNSPECIFIED.,.F.,.F.,(4,4),(-1.,0.),.UNSPECIFIED.);
#1374=B_SPLINE_CURVE_WITH_KNOTS('',3,(#11898,#11899,#11900,#11901),
 .UNSPECIFIED.,.F.,.F.,(4,4),(-1.,0.),.UNSPECIFIED.);
#1375=B_SPLINE_CURVE_WITH_KNOTS('',3,(#11916,#11917,#11918,#11919),
 .UNSPECIFIED.,.F.,.F.,(4,4),(-1.,0.),.UNSPECIFIED.);
#1376=B_SPLINE_CURVE_WITH_KNOTS('',3,(#11933,#11934,#11935,#11936),
 .UNSPECIFIED.,.F.,.F.,(4,4),(-1.,0.),.UNSPECIFIED.);
#1377=B_SPLINE_CURVE_WITH_KNOTS('',3,(#11972,#11973,#11974,#11975),
 .UNSPECIFIED.,.F.,.F.,(4,4),(-1.,0.),.UNSPECIFIED.);
#1378=B_SPLINE_CURVE_WITH_KNOTS('',3,(#11986,#11987,#11988,#11989),
 .UNSPECIFIED.,.F.,.F.,(4,4),(-1.,0.),.UNSPECIFIED.);
#1379=B_SPLINE_CURVE_WITH_KNOTS('',3,(#12004,#12005,#12006,#12007),
 .UNSPECIFIED.,.F.,.F.,(4,4),(-1.,0.),.UNSPECIFIED.);
#1380=B_SPLINE_CURVE_WITH_KNOTS('',3,(#12018,#12019,#12020,#12021),
 .UNSPECIFIED.,.F.,.F.,(4,4),(-1.,0.),.UNSPECIFIED.);
#1381=B_SPLINE_CURVE_WITH_KNOTS('',3,(#12036,#12037,#12038,#12039),
 .UNSPECIFIED.,.F.,.F.,(4,4),(-1.,0.),.UNSPECIFIED.);
#1382=B_SPLINE_CURVE_WITH_KNOTS('',3,(#12050,#12051,#12052,#12053),
 .UNSPECIFIED.,.F.,.F.,(4,4),(-1.,0.),.UNSPECIFIED.);
#1383=B_SPLINE_CURVE_WITH_KNOTS('',3,(#12068,#12069,#12070,#12071),
 .UNSPECIFIED.,.F.,.F.,(4,4),(-1.,0.),.UNSPECIFIED.);
#1384=B_SPLINE_CURVE_WITH_KNOTS('',3,(#12081,#12082,#12083,#12084),
 .UNSPECIFIED.,.F.,.F.,(4,4),(-1.,0.),.UNSPECIFIED.);
#1385=B_SPLINE_CURVE_WITH_KNOTS('',3,(#12100,#12101,#12102,#12103),
 .UNSPECIFIED.,.F.,.F.,(4,4),(-1.,0.),.UNSPECIFIED.);
#1386=B_SPLINE_CURVE_WITH_KNOTS('',3,(#12114,#12115,#12116,#12117),
 .UNSPECIFIED.,.F.,.F.,(4,4),(-1.,0.),.UNSPECIFIED.);
#1387=B_SPLINE_CURVE_WITH_KNOTS('',3,(#12132,#12133,#12134,#12135),
 .UNSPECIFIED.,.F.,.F.,(4,4),(-1.,0.),.UNSPECIFIED.);
#1388=B_SPLINE_CURVE_WITH_KNOTS('',3,(#12146,#12147,#12148,#12149),
 .UNSPECIFIED.,.F.,.F.,(4,4),(-1.,0.),.UNSPECIFIED.);
#1389=B_SPLINE_CURVE_WITH_KNOTS('',3,(#12164,#12165,#12166,#12167),
 .UNSPECIFIED.,.F.,.F.,(4,4),(-1.,0.),.UNSPECIFIED.);
#1390=B_SPLINE_CURVE_WITH_KNOTS('',3,(#12178,#12179,#12180,#12181),
 .UNSPECIFIED.,.F.,.F.,(4,4),(-1.,0.),.UNSPECIFIED.);
#1391=B_SPLINE_CURVE_WITH_KNOTS('',3,(#12196,#12197,#12198,#12199),
 .UNSPECIFIED.,.F.,.F.,(4,4),(-1.,0.),.UNSPECIFIED.);
#1392=B_SPLINE_CURVE_WITH_KNOTS('',3,(#12209,#12210,#12211,#12212),
 .UNSPECIFIED.,.F.,.F.,(4,4),(-1.,0.),.UNSPECIFIED.);
#1393=B_SPLINE_CURVE_WITH_KNOTS('',3,(#12396,#12397,#12398,#12399,#12400,
#12401,#12402,#12403,#12404,#12405,#12406,#12407,#12408),.UNSPECIFIED.,
 .F.,.F.,(4,3,3,3,4),(3.45164082176507E-5,0.70684845590965,0.971693730336574,
1.00002272748532,1.00007954556487),.UNSPECIFIED.);
#1394=B_SPLINE_CURVE_WITH_KNOTS('',3,(#12410,#12411,#12412,#12413,#12414,
#12415,#12416,#12417,#12418,#12419,#12420,#12421,#12422),.UNSPECIFIED.,
 .F.,.F.,(4,3,3,3,4),(3.45164082176507E-5,0.70684845590965,0.971693730336574,
1.00002272748532,1.00007954556487),.UNSPECIFIED.);
#1395=B_SPLINE_CURVE_WITH_KNOTS('',3,(#12451,#12452,#12453,#12454,#12455,
#12456,#12457,#12458,#12459,#12460),.UNSPECIFIED.,.F.,.F.,(4,3,3,4),(-3.39804640284874E-5,
-1.35945788328196E-5,0.034925449945916,0.999988289559876),.UNSPECIFIED.);
#1396=B_SPLINE_CURVE_WITH_KNOTS('',3,(#12462,#12463,#12464,#12465,#12466,
#12467,#12468,#12469,#12470,#12471),.UNSPECIFIED.,.F.,.F.,(4,3,3,4),(-3.39804640284874E-5,
-1.35945788328196E-5,0.034925449945916,0.999988289559876),.UNSPECIFIED.);
#1397=B_SPLINE_CURVE_WITH_KNOTS('',3,(#12500,#12501,#12502,#12503),
 .UNSPECIFIED.,.F.,.F.,(4,4),(0.,1.),.UNSPECIFIED.);
#1398=B_SPLINE_CURVE_WITH_KNOTS('',3,(#12505,#12506,#12507,#12508),
 .UNSPECIFIED.,.F.,.F.,(4,4),(0.,1.),.UNSPECIFIED.);
#1399=B_SPLINE_CURVE_WITH_KNOTS('',3,(#12519,#12520,#12521,#12522),
 .UNSPECIFIED.,.F.,.F.,(4,4),(0.0377846264041371,1.),.UNSPECIFIED.);
#1400=B_SPLINE_CURVE_WITH_KNOTS('',3,(#12524,#12525,#12526,#12527),
 .UNSPECIFIED.,.F.,.F.,(4,4),(0.0377846264041371,1.),.UNSPECIFIED.);
#1401=B_SPLINE_CURVE_WITH_KNOTS('',3,(#12568,#12569,#12570,#12571,#12572,
#12573,#12574,#12575,#12576,#12577,#12578,#12579,#12580,#12581,#12582,#12583),
 .UNSPECIFIED.,.F.,.F.,(4,3,3,3,3,4),(3.69928870178328E-5,0.519267089086541,
0.846747249678664,0.957720444808036,1.00002065077525,1.00007227850429),
 .UNSPECIFIED.);
#1402=B_SPLINE_CURVE_WITH_KNOTS('',3,(#12585,#12586,#12587,#12588,#12589,
#12590,#12591,#12592,#12593,#12594,#12595,#12596,#12597,#12598,#12599,#12600),
 .UNSPECIFIED.,.F.,.F.,(4,3,3,3,3,4),(3.69928870178328E-5,0.519267089086541,
0.846747249678664,0.957720444808036,1.00002065077525,1.00007227850429),
 .UNSPECIFIED.);
#1403=B_SPLINE_CURVE_WITH_KNOTS('',3,(#12623,#12624,#12625,#12626,#12627,
#12628,#12629),.UNSPECIFIED.,.F.,.F.,(4,3,4),(-2.98902015304013E-5,0.,0.999993677524722),
 .UNSPECIFIED.);
#1404=B_SPLINE_CURVE_WITH_KNOTS('',3,(#12631,#12632,#12633,#12634,#12635,
#12636,#12637),.UNSPECIFIED.,.F.,.F.,(4,3,4),(-2.98902015304013E-5,0.,0.999993677524722),
 .UNSPECIFIED.);
#1405=B_SPLINE_CURVE_WITH_KNOTS('',3,(#12654,#12655,#12656,#12657),
 .UNSPECIFIED.,.F.,.F.,(4,4),(1.01969294412114E-6,1.00000000020105),
 .UNSPECIFIED.);
#1406=B_SPLINE_CURVE_WITH_KNOTS('',3,(#12659,#12660,#12661,#12662),
 .UNSPECIFIED.,.F.,.F.,(4,4),(1.01969294412114E-6,1.00000000020105),
 .UNSPECIFIED.);
#1407=B_SPLINE_CURVE_WITH_KNOTS('',3,(#12685,#12686,#12687,#12688,#12689,
#12690,#12691),.UNSPECIFIED.,.F.,.F.,(4,3,4),(4.99883453368731E-6,0.775053181841705,
0.999999999967033),.UNSPECIFIED.);
#1408=B_SPLINE_CURVE_WITH_KNOTS('',3,(#12693,#12694,#12695,#12696,#12697,
#12698,#12699),.UNSPECIFIED.,.F.,.F.,(4,3,4),(4.99883453368731E-6,0.775053181841705,
0.999999999967033),.UNSPECIFIED.);
#1409=B_SPLINE_CURVE_WITH_KNOTS('',3,(#12716,#12717,#12718,#12719),
 .UNSPECIFIED.,.F.,.F.,(4,4),(2.03959044917026E-6,1.),.UNSPECIFIED.);
#1410=B_SPLINE_CURVE_WITH_KNOTS('',3,(#12721,#12722,#12723,#12724),
 .UNSPECIFIED.,.F.,.F.,(4,4),(2.03959044917026E-6,1.),.UNSPECIFIED.);
#1411=B_SPLINE_CURVE_WITH_KNOTS('',3,(#12752,#12753,#12754,#12755,#12756,
#12757,#12758,#12759,#12760,#12761),.UNSPECIFIED.,.F.,.F.,(4,3,3,4),(-0.000117248709927067,
-3.34993242742032E-5,0.102089922099967,0.999980929921669),.UNSPECIFIED.);
#1412=B_SPLINE_CURVE_WITH_KNOTS('',3,(#12762,#12763,#12764,#12765,#12766,
#12767,#12768,#12769,#12770,#12771),.UNSPECIFIED.,.F.,.F.,(4,3,3,4),(-0.000117248709927067,
-3.34993265939817E-5,0.102089922097884,0.99998092992167),.UNSPECIFIED.);
#1413=LINE('',#7692,#1973);
#1414=LINE('',#7694,#1974);
#1415=LINE('',#7707,#1975);
#1416=LINE('',#7723,#1976);
#1417=LINE('',#7736,#1977);
#1418=LINE('',#7743,#1978);
#1419=LINE('',#7753,#1979);
#1420=LINE('',#7760,#1980);
#1421=LINE('',#7770,#1981);
#1422=LINE('',#7789,#1982);
#1423=LINE('',#7803,#1983);
#1424=LINE('',#7805,#1984);
#1425=LINE('',#7807,#1985);
#1426=LINE('',#7821,#1986);
#1427=LINE('',#7831,#1987);
#1428=LINE('',#7838,#1988);
#1429=LINE('',#7845,#1989);
#1430=LINE('',#7852,#1990);
#1431=LINE('',#7859,#1991);
#1432=LINE('',#7869,#1992);
#1433=LINE('',#7879,#1993);
#1434=LINE('',#7889,#1994);
#1435=LINE('',#7896,#1995);
#1436=LINE('',#7897,#1996);
#1437=LINE('',#7900,#1997);
#1438=LINE('',#7902,#1998);
#1439=LINE('',#7903,#1999);
#1440=LINE('',#7906,#2000);
#1441=LINE('',#7908,#2001);
#1442=LINE('',#7909,#2002);
#1443=LINE('',#7911,#2003);
#1444=LINE('',#7912,#2004);
#1445=LINE('',#7915,#2005);
#1446=LINE('',#7917,#2006);
#1447=LINE('',#7919,#2007);
#1448=LINE('',#7921,#2008);
#1449=LINE('',#7923,#2009);
#1450=LINE('',#7925,#2010);
#1451=LINE('',#7926,#2011);
#1452=LINE('',#7930,#2012);
#1453=LINE('',#7931,#2013);
#1454=LINE('',#7932,#2014);
#1455=LINE('',#7938,#2015);
#1456=LINE('',#7943,#2016);
#1457=LINE('',#7947,#2017);
#1458=LINE('',#7949,#2018);
#1459=LINE('',#7951,#2019);
#1460=LINE('',#7953,#2020);
#1461=LINE('',#7955,#2021);
#1462=LINE('',#7957,#2022);
#1463=LINE('',#7958,#2023);
#1464=LINE('',#7986,#2024);
#1465=LINE('',#7999,#2025);
#1466=LINE('',#8010,#2026);
#1467=LINE('',#8023,#2027);
#1468=LINE('',#8031,#2028);
#1469=LINE('',#8039,#2029);
#1470=LINE('',#8048,#2030);
#1471=LINE('',#8060,#2031);
#1472=LINE('',#8070,#2032);
#1473=LINE('',#8078,#2033);
#1474=LINE('',#8090,#2034);
#1475=LINE('',#8102,#2035);
#1476=LINE('',#8114,#2036);
#1477=LINE('',#8126,#2037);
#1478=LINE('',#8138,#2038);
#1479=LINE('',#8150,#2039);
#1480=LINE('',#8162,#2040);
#1481=LINE('',#8174,#2041);
#1482=LINE('',#8181,#2042);
#1483=LINE('',#8188,#2043);
#1484=LINE('',#8194,#2044);
#1485=LINE('',#8202,#2045);
#1486=LINE('',#8214,#2046);
#1487=LINE('',#8226,#2047);
#1488=LINE('',#8238,#2048);
#1489=LINE('',#8250,#2049);
#1490=LINE('',#8262,#2050);
#1491=LINE('',#8274,#2051);
#1492=LINE('',#8286,#2052);
#1493=LINE('',#8302,#2053);
#1494=LINE('',#8314,#2054);
#1495=LINE('',#8326,#2055);
#1496=LINE('',#8338,#2056);
#1497=LINE('',#8350,#2057);
#1498=LINE('',#8362,#2058);
#1499=LINE('',#8374,#2059);
#1500=LINE('',#8386,#2060);
#1501=LINE('',#8398,#2061);
#1502=LINE('',#8410,#2062);
#1503=LINE('',#8422,#2063);
#1504=LINE('',#8434,#2064);
#1505=LINE('',#8446,#2065);
#1506=LINE('',#8458,#2066);
#1507=LINE('',#8470,#2067);
#1508=LINE('',#8482,#2068);
#1509=LINE('',#8494,#2069);
#1510=LINE('',#8506,#2070);
#1511=LINE('',#8518,#2071);
#1512=LINE('',#8530,#2072);
#1513=LINE('',#8544,#2073);
#1514=LINE('',#8556,#2074);
#1515=LINE('',#8568,#2075);
#1516=LINE('',#8580,#2076);
#1517=LINE('',#8594,#2077);
#1518=LINE('',#8606,#2078);
#1519=LINE('',#8618,#2079);
#1520=LINE('',#8630,#2080);
#1521=LINE('',#8642,#2081);
#1522=LINE('',#8654,#2082);
#1523=LINE('',#8666,#2083);
#1524=LINE('',#8678,#2084);
#1525=LINE('',#8690,#2085);
#1526=LINE('',#8702,#2086);
#1527=LINE('',#8714,#2087);
#1528=LINE('',#8726,#2088);
#1529=LINE('',#8742,#2089);
#1530=LINE('',#8754,#2090);
#1531=LINE('',#8766,#2091);
#1532=LINE('',#8778,#2092);
#1533=LINE('',#8790,#2093);
#1534=LINE('',#8797,#2094);
#1535=LINE('',#8804,#2095);
#1536=LINE('',#8810,#2096);
#1537=LINE('',#8813,#2097);
#1538=LINE('',#8815,#2098);
#1539=LINE('',#8817,#2099);
#1540=LINE('',#8818,#2100);
#1541=LINE('',#8828,#2101);
#1542=LINE('',#8840,#2102);
#1543=LINE('',#8852,#2103);
#1544=LINE('',#8864,#2104);
#1545=LINE('',#8876,#2105);
#1546=LINE('',#8888,#2106);
#1547=LINE('',#8900,#2107);
#1548=LINE('',#8912,#2108);
#1549=LINE('',#8919,#2109);
#1550=LINE('',#8921,#2110);
#1551=LINE('',#8922,#2111);
#1552=LINE('',#8924,#2112);
#1553=LINE('',#8926,#2113);
#1554=LINE('',#8927,#2114);
#1555=LINE('',#8930,#2115);
#1556=LINE('',#8931,#2116);
#1557=LINE('',#8934,#2117);
#1558=LINE('',#8935,#2118);
#1559=LINE('',#8938,#2119);
#1560=LINE('',#8939,#2120);
#1561=LINE('',#9134,#2121);
#1562=LINE('',#9200,#2122);
#1563=LINE('',#9299,#2123);
#1564=LINE('',#9365,#2124);
#1565=LINE('',#9401,#2125);
#1566=LINE('',#9437,#2126);
#1567=LINE('',#9524,#2127);
#1568=LINE('',#9584,#2128);
#1569=LINE('',#9642,#2129);
#1570=LINE('',#9644,#2130);
#1571=LINE('',#9645,#2131);
#1572=LINE('',#9654,#2132);
#1573=LINE('',#9656,#2133);
#1574=LINE('',#9671,#2134);
#1575=LINE('',#9673,#2135);
#1576=LINE('',#9706,#2136);
#1577=LINE('',#9708,#2137);
#1578=LINE('',#9718,#2138);
#1579=LINE('',#9720,#2139);
#1580=LINE('',#9721,#2140);
#1581=LINE('',#9730,#2141);
#1582=LINE('',#9746,#2142);
#1583=LINE('',#9747,#2143);
#1584=LINE('',#9750,#2144);
#1585=LINE('',#9751,#2145);
#1586=LINE('',#9765,#2146);
#1587=LINE('',#9768,#2147);
#1588=LINE('',#9769,#2148);
#1589=LINE('',#9783,#2149);
#1590=LINE('',#9786,#2150);
#1591=LINE('',#9787,#2151);
#1592=LINE('',#9810,#2152);
#1593=LINE('',#9813,#2153);
#1594=LINE('',#9814,#2154);
#1595=LINE('',#9837,#2155);
#1596=LINE('',#9840,#2156);
#1597=LINE('',#9842,#2157);
#1598=LINE('',#9843,#2158);
#1599=LINE('',#9866,#2159);
#1600=LINE('',#9867,#2160);
#1601=LINE('',#9870,#2161);
#1602=LINE('',#9871,#2162);
#1603=LINE('',#9885,#2163);
#1604=LINE('',#9888,#2164);
#1605=LINE('',#9889,#2165);
#1606=LINE('',#9912,#2166);
#1607=LINE('',#9915,#2167);
#1608=LINE('',#9916,#2168);
#1609=LINE('',#9930,#2169);
#1610=LINE('',#9944,#2170);
#1611=LINE('',#9960,#2171);
#1612=LINE('',#9962,#2172);
#1613=LINE('',#9965,#2173);
#1614=LINE('',#9967,#2174);
#1615=LINE('',#9968,#2175);
#1616=LINE('',#9982,#2176);
#1617=LINE('',#9996,#2177);
#1618=LINE('',#9999,#2178);
#1619=LINE('',#10000,#2179);
#1620=LINE('',#10014,#2180);
#1621=LINE('',#10028,#2181);
#1622=LINE('',#10031,#2182);
#1623=LINE('',#10032,#2183);
#1624=LINE('',#10046,#2184);
#1625=LINE('',#10060,#2185);
#1626=LINE('',#10063,#2186);
#1627=LINE('',#10064,#2187);
#1628=LINE('',#10078,#2188);
#1629=LINE('',#10093,#2189);
#1630=LINE('',#10095,#2190);
#1631=LINE('',#10096,#2191);
#1632=LINE('',#10099,#2192);
#1633=LINE('',#10100,#2193);
#1634=LINE('',#10102,#2194);
#1635=LINE('',#10104,#2195);
#1636=LINE('',#10107,#2196);
#1637=LINE('',#10109,#2197);
#1638=LINE('',#10110,#2198);
#1639=LINE('',#10124,#2199);
#1640=LINE('',#10138,#2200);
#1641=LINE('',#10141,#2201);
#1642=LINE('',#10142,#2202);
#1643=LINE('',#10156,#2203);
#1644=LINE('',#10170,#2204);
#1645=LINE('',#10173,#2205);
#1646=LINE('',#10174,#2206);
#1647=LINE('',#10188,#2207);
#1648=LINE('',#10202,#2208);
#1649=LINE('',#10205,#2209);
#1650=LINE('',#10206,#2210);
#1651=LINE('',#10220,#2211);
#1652=LINE('',#10235,#2212);
#1653=LINE('',#10237,#2213);
#1654=LINE('',#10238,#2214);
#1655=LINE('',#10252,#2215);
#1656=LINE('',#10255,#2216);
#1657=LINE('',#10256,#2217);
#1658=LINE('',#10270,#2218);
#1659=LINE('',#10273,#2219);
#1660=LINE('',#10274,#2220);
#1661=LINE('',#10288,#2221);
#1662=LINE('',#10291,#2222);
#1663=LINE('',#10292,#2223);
#1664=LINE('',#10307,#2224);
#1665=LINE('',#10309,#2225);
#1666=LINE('',#10310,#2226);
#1667=LINE('',#10324,#2227);
#1668=LINE('',#10338,#2228);
#1669=LINE('',#10341,#2229);
#1670=LINE('',#10342,#2230);
#1671=LINE('',#10356,#2231);
#1672=LINE('',#10370,#2232);
#1673=LINE('',#10373,#2233);
#1674=LINE('',#10374,#2234);
#1675=LINE('',#10388,#2235);
#1676=LINE('',#10402,#2236);
#1677=LINE('',#10405,#2237);
#1678=LINE('',#10406,#2238);
#1679=LINE('',#10420,#2239);
#1680=LINE('',#10435,#2240);
#1681=LINE('',#10437,#2241);
#1682=LINE('',#10438,#2242);
#1683=LINE('',#10452,#2243);
#1684=LINE('',#10466,#2244);
#1685=LINE('',#10469,#2245);
#1686=LINE('',#10470,#2246);
#1687=LINE('',#10484,#2247);
#1688=LINE('',#10498,#2248);
#1689=LINE('',#10501,#2249);
#1690=LINE('',#10502,#2250);
#1691=LINE('',#10516,#2251);
#1692=LINE('',#10530,#2252);
#1693=LINE('',#10533,#2253);
#1694=LINE('',#10534,#2254);
#1695=LINE('',#10548,#2255);
#1696=LINE('',#10564,#2256);
#1697=LINE('',#10568,#2257);
#1698=LINE('',#10571,#2258);
#1699=LINE('',#10573,#2259);
#1700=LINE('',#10574,#2260);
#1701=LINE('',#10588,#2261);
#1702=LINE('',#10602,#2262);
#1703=LINE('',#10605,#2263);
#1704=LINE('',#10606,#2264);
#1705=LINE('',#10620,#2265);
#1706=LINE('',#10634,#2266);
#1707=LINE('',#10637,#2267);
#1708=LINE('',#10638,#2268);
#1709=LINE('',#10652,#2269);
#1710=LINE('',#10666,#2270);
#1711=LINE('',#10669,#2271);
#1712=LINE('',#10670,#2272);
#1713=LINE('',#10684,#2273);
#1714=LINE('',#10699,#2274);
#1715=LINE('',#10701,#2275);
#1716=LINE('',#10702,#2276);
#1717=LINE('',#10716,#2277);
#1718=LINE('',#10730,#2278);
#1719=LINE('',#10733,#2279);
#1720=LINE('',#10734,#2280);
#1721=LINE('',#10748,#2281);
#1722=LINE('',#10762,#2282);
#1723=LINE('',#10765,#2283);
#1724=LINE('',#10766,#2284);
#1725=LINE('',#10780,#2285);
#1726=LINE('',#10794,#2286);
#1727=LINE('',#10797,#2287);
#1728=LINE('',#10798,#2288);
#1729=LINE('',#10812,#2289);
#1730=LINE('',#10827,#2290);
#1731=LINE('',#10829,#2291);
#1732=LINE('',#10830,#2292);
#1733=LINE('',#10844,#2293);
#1734=LINE('',#10858,#2294);
#1735=LINE('',#10861,#2295);
#1736=LINE('',#10862,#2296);
#1737=LINE('',#10876,#2297);
#1738=LINE('',#10890,#2298);
#1739=LINE('',#10893,#2299);
#1740=LINE('',#10894,#2300);
#1741=LINE('',#10908,#2301);
#1742=LINE('',#10922,#2302);
#1743=LINE('',#10925,#2303);
#1744=LINE('',#10926,#2304);
#1745=LINE('',#10940,#2305);
#1746=LINE('',#10955,#2306);
#1747=LINE('',#10957,#2307);
#1748=LINE('',#10958,#2308);
#1749=LINE('',#10972,#2309);
#1750=LINE('',#10986,#2310);
#1751=LINE('',#10989,#2311);
#1752=LINE('',#10990,#2312);
#1753=LINE('',#11004,#2313);
#1754=LINE('',#11018,#2314);
#1755=LINE('',#11021,#2315);
#1756=LINE('',#11022,#2316);
#1757=LINE('',#11036,#2317);
#1758=LINE('',#11050,#2318);
#1759=LINE('',#11053,#2319);
#1760=LINE('',#11054,#2320);
#1761=LINE('',#11068,#2321);
#1762=LINE('',#11083,#2322);
#1763=LINE('',#11085,#2323);
#1764=LINE('',#11086,#2324);
#1765=LINE('',#11100,#2325);
#1766=LINE('',#11114,#2326);
#1767=LINE('',#11117,#2327);
#1768=LINE('',#11118,#2328);
#1769=LINE('',#11132,#2329);
#1770=LINE('',#11146,#2330);
#1771=LINE('',#11149,#2331);
#1772=LINE('',#11150,#2332);
#1773=LINE('',#11164,#2333);
#1774=LINE('',#11178,#2334);
#1775=LINE('',#11181,#2335);
#1776=LINE('',#11182,#2336);
#1777=LINE('',#11196,#2337);
#1778=LINE('',#11212,#2338);
#1779=LINE('',#11215,#2339);
#1780=LINE('',#11217,#2340);
#1781=LINE('',#11218,#2341);
#1782=LINE('',#11232,#2342);
#1783=LINE('',#11246,#2343);
#1784=LINE('',#11249,#2344);
#1785=LINE('',#11250,#2345);
#1786=LINE('',#11264,#2346);
#1787=LINE('',#11278,#2347);
#1788=LINE('',#11281,#2348);
#1789=LINE('',#11282,#2349);
#1790=LINE('',#11296,#2350);
#1791=LINE('',#11310,#2351);
#1792=LINE('',#11313,#2352);
#1793=LINE('',#11314,#2353);
#1794=LINE('',#11328,#2354);
#1795=LINE('',#11344,#2355);
#1796=LINE('',#11347,#2356);
#1797=LINE('',#11349,#2357);
#1798=LINE('',#11350,#2358);
#1799=LINE('',#11364,#2359);
#1800=LINE('',#11378,#2360);
#1801=LINE('',#11381,#2361);
#1802=LINE('',#11382,#2362);
#1803=LINE('',#11396,#2363);
#1804=LINE('',#11410,#2364);
#1805=LINE('',#11413,#2365);
#1806=LINE('',#11414,#2366);
#1807=LINE('',#11428,#2367);
#1808=LINE('',#11442,#2368);
#1809=LINE('',#11445,#2369);
#1810=LINE('',#11446,#2370);
#1811=LINE('',#11460,#2371);
#1812=LINE('',#11475,#2372);
#1813=LINE('',#11477,#2373);
#1814=LINE('',#11478,#2374);
#1815=LINE('',#11492,#2375);
#1816=LINE('',#11506,#2376);
#1817=LINE('',#11509,#2377);
#1818=LINE('',#11510,#2378);
#1819=LINE('',#11524,#2379);
#1820=LINE('',#11538,#2380);
#1821=LINE('',#11541,#2381);
#1822=LINE('',#11542,#2382);
#1823=LINE('',#11556,#2383);
#1824=LINE('',#11570,#2384);
#1825=LINE('',#11573,#2385);
#1826=LINE('',#11574,#2386);
#1827=LINE('',#11588,#2387);
#1828=LINE('',#11603,#2388);
#1829=LINE('',#11605,#2389);
#1830=LINE('',#11606,#2390);
#1831=LINE('',#11620,#2391);
#1832=LINE('',#11634,#2392);
#1833=LINE('',#11637,#2393);
#1834=LINE('',#11638,#2394);
#1835=LINE('',#11652,#2395);
#1836=LINE('',#11666,#2396);
#1837=LINE('',#11669,#2397);
#1838=LINE('',#11670,#2398);
#1839=LINE('',#11684,#2399);
#1840=LINE('',#11698,#2400);
#1841=LINE('',#11701,#2401);
#1842=LINE('',#11702,#2402);
#1843=LINE('',#11716,#2403);
#1844=LINE('',#11732,#2404);
#1845=LINE('',#11736,#2405);
#1846=LINE('',#11739,#2406);
#1847=LINE('',#11741,#2407);
#1848=LINE('',#11742,#2408);
#1849=LINE('',#11756,#2409);
#1850=LINE('',#11770,#2410);
#1851=LINE('',#11773,#2411);
#1852=LINE('',#11774,#2412);
#1853=LINE('',#11788,#2413);
#1854=LINE('',#11802,#2414);
#1855=LINE('',#11805,#2415);
#1856=LINE('',#11806,#2416);
#1857=LINE('',#11820,#2417);
#1858=LINE('',#11834,#2418);
#1859=LINE('',#11837,#2419);
#1860=LINE('',#11838,#2420);
#1861=LINE('',#11852,#2421);
#1862=LINE('',#11867,#2422);
#1863=LINE('',#11869,#2423);
#1864=LINE('',#11870,#2424);
#1865=LINE('',#11884,#2425);
#1866=LINE('',#11887,#2426);
#1867=LINE('',#11888,#2427);
#1868=LINE('',#11902,#2428);
#1869=LINE('',#11905,#2429);
#1870=LINE('',#11906,#2430);
#1871=LINE('',#11920,#2431);
#1872=LINE('',#11923,#2432);
#1873=LINE('',#11924,#2433);
#1874=LINE('',#11939,#2434);
#1875=LINE('',#11941,#2435);
#1876=LINE('',#11942,#2436);
#1877=LINE('',#11945,#2437);
#1878=LINE('',#11946,#2438);
#1879=LINE('',#11949,#2439);
#1880=LINE('',#11950,#2440);
#1881=LINE('',#11952,#2441);
#1882=LINE('',#11956,#2442);
#1883=LINE('',#11959,#2443);
#1884=LINE('',#11961,#2444);
#1885=LINE('',#11962,#2445);
#1886=LINE('',#11976,#2446);
#1887=LINE('',#11990,#2447);
#1888=LINE('',#11993,#2448);
#1889=LINE('',#11994,#2449);
#1890=LINE('',#12008,#2450);
#1891=LINE('',#12022,#2451);
#1892=LINE('',#12025,#2452);
#1893=LINE('',#12026,#2453);
#1894=LINE('',#12040,#2454);
#1895=LINE('',#12054,#2455);
#1896=LINE('',#12057,#2456);
#1897=LINE('',#12058,#2457);
#1898=LINE('',#12072,#2458);
#1899=LINE('',#12087,#2459);
#1900=LINE('',#12089,#2460);
#1901=LINE('',#12090,#2461);
#1902=LINE('',#12104,#2462);
#1903=LINE('',#12118,#2463);
#1904=LINE('',#12121,#2464);
#1905=LINE('',#12122,#2465);
#1906=LINE('',#12136,#2466);
#1907=LINE('',#12150,#2467);
#1908=LINE('',#12153,#2468);
#1909=LINE('',#12154,#2469);
#1910=LINE('',#12168,#2470);
#1911=LINE('',#12182,#2471);
#1912=LINE('',#12185,#2472);
#1913=LINE('',#12186,#2473);
#1914=LINE('',#12200,#2474);
#1915=LINE('',#12214,#2475);
#1916=LINE('',#12215,#2476);
#1917=LINE('',#12237,#2477);
#1918=LINE('',#12238,#2478);
#1919=LINE('',#12254,#2479);
#1920=LINE('',#12256,#2480);
#1921=LINE('',#12265,#2481);
#1922=LINE('',#12267,#2482);
#1923=LINE('',#12288,#2483);
#1924=LINE('',#12290,#2484);
#1925=LINE('',#12322,#2485);
#1926=LINE('',#12328,#2486);
#1927=LINE('',#12334,#2487);
#1928=LINE('',#12340,#2488);
#1929=LINE('',#12346,#2489);
#1930=LINE('',#12352,#2490);
#1931=LINE('',#12358,#2491);
#1932=LINE('',#12363,#2492);
#1933=LINE('',#12365,#2493);
#1934=LINE('',#12367,#2494);
#1935=LINE('',#12368,#2495);
#1936=LINE('',#12423,#2496);
#1937=LINE('',#12426,#2497);
#1938=LINE('',#12428,#2498);
#1939=LINE('',#12429,#2499);
#1940=LINE('',#12472,#2500);
#1941=LINE('',#12475,#2501);
#1942=LINE('',#12477,#2502);
#1943=LINE('',#12478,#2503);
#1944=LINE('',#12481,#2504);
#1945=LINE('',#12483,#2505);
#1946=LINE('',#12484,#2506);
#1947=LINE('',#12490,#2507);
#1948=LINE('',#12509,#2508);
#1949=LINE('',#12528,#2509);
#1950=LINE('',#12531,#2510);
#1951=LINE('',#12533,#2511);
#1952=LINE('',#12534,#2512);
#1953=LINE('',#12601,#2513);
#1954=LINE('',#12604,#2514);
#1955=LINE('',#12606,#2515);
#1956=LINE('',#12607,#2516);
#1957=LINE('',#12638,#2517);
#1958=LINE('',#12641,#2518);
#1959=LINE('',#12643,#2519);
#1960=LINE('',#12644,#2520);
#1961=LINE('',#12663,#2521);
#1962=LINE('',#12666,#2522);
#1963=LINE('',#12668,#2523);
#1964=LINE('',#12669,#2524);
#1965=LINE('',#12700,#2525);
#1966=LINE('',#12703,#2526);
#1967=LINE('',#12705,#2527);
#1968=LINE('',#12706,#2528);
#1969=LINE('',#12725,#2529);
#1970=LINE('',#12728,#2530);
#1971=LINE('',#12730,#2531);
#1972=LINE('',#12731,#2532);
#1973=VECTOR('',#6726,10.);
#1974=VECTOR('',#6727,10.);
#1975=VECTOR('',#6728,10.);
#1976=VECTOR('',#6729,10.);
#1977=VECTOR('',#6730,10.);
#1978=VECTOR('',#6731,10.);
#1979=VECTOR('',#6732,10.);
#1980=VECTOR('',#6733,10.);
#1981=VECTOR('',#6734,10.);
#1982=VECTOR('',#6735,10.);
#1983=VECTOR('',#6738,10.);
#1984=VECTOR('',#6739,10.);
#1985=VECTOR('',#6740,10.);
#1986=VECTOR('',#6743,10.);
#1987=VECTOR('',#6744,10.);
#1988=VECTOR('',#6745,10.);
#1989=VECTOR('',#6746,10.);
#1990=VECTOR('',#6747,10.);
#1991=VECTOR('',#6748,10.);
#1992=VECTOR('',#6749,10.);
#1993=VECTOR('',#6750,10.);
#1994=VECTOR('',#6751,10.);
#1995=VECTOR('',#6752,10.);
#1996=VECTOR('',#6753,10.);
#1997=VECTOR('',#6756,10.);
#1998=VECTOR('',#6757,10.);
#1999=VECTOR('',#6758,10.);
#2000=VECTOR('',#6761,10.);
#2001=VECTOR('',#6762,10.);
#2002=VECTOR('',#6763,10.);
#2003=VECTOR('',#6766,10.);
#2004=VECTOR('',#6767,10.);
#2005=VECTOR('',#6770,10.);
#2006=VECTOR('',#6771,10.);
#2007=VECTOR('',#6772,10.);
#2008=VECTOR('',#6773,10.);
#2009=VECTOR('',#6774,10.);
#2010=VECTOR('',#6775,10.);
#2011=VECTOR('',#6776,10.);
#2012=VECTOR('',#6779,10.);
#2013=VECTOR('',#6780,10.);
#2014=VECTOR('',#6781,10.);
#2015=VECTOR('',#6788,10.);
#2016=VECTOR('',#6793,10.);
#2017=VECTOR('',#6798,10.);
#2018=VECTOR('',#6799,10.);
#2019=VECTOR('',#6800,10.);
#2020=VECTOR('',#6801,10.);
#2021=VECTOR('',#6802,10.);
#2022=VECTOR('',#6803,10.);
#2023=VECTOR('',#6804,10.);
#2024=VECTOR('',#6807,10.);
#2025=VECTOR('',#6808,10.);
#2026=VECTOR('',#6809,10.);
#2027=VECTOR('',#6810,10.);
#2028=VECTOR('',#6811,10.);
#2029=VECTOR('',#6812,10.);
#2030=VECTOR('',#6813,10.);
#2031=VECTOR('',#6814,10.);
#2032=VECTOR('',#6815,10.);
#2033=VECTOR('',#6816,10.);
#2034=VECTOR('',#6817,10.);
#2035=VECTOR('',#6818,10.);
#2036=VECTOR('',#6819,10.);
#2037=VECTOR('',#6820,10.);
#2038=VECTOR('',#6821,10.);
#2039=VECTOR('',#6822,10.);
#2040=VECTOR('',#6823,10.);
#2041=VECTOR('',#6824,10.);
#2042=VECTOR('',#6825,10.);
#2043=VECTOR('',#6826,10.);
#2044=VECTOR('',#6827,10.);
#2045=VECTOR('',#6828,10.);
#2046=VECTOR('',#6829,10.);
#2047=VECTOR('',#6830,10.);
#2048=VECTOR('',#6831,10.);
#2049=VECTOR('',#6832,10.);
#2050=VECTOR('',#6833,10.);
#2051=VECTOR('',#6834,10.);
#2052=VECTOR('',#6835,10.);
#2053=VECTOR('',#6840,10.);
#2054=VECTOR('',#6841,10.);
#2055=VECTOR('',#6842,10.);
#2056=VECTOR('',#6843,10.);
#2057=VECTOR('',#6844,10.);
#2058=VECTOR('',#6845,10.);
#2059=VECTOR('',#6846,10.);
#2060=VECTOR('',#6847,10.);
#2061=VECTOR('',#6848,10.);
#2062=VECTOR('',#6849,10.);
#2063=VECTOR('',#6850,10.);
#2064=VECTOR('',#6851,10.);
#2065=VECTOR('',#6852,10.);
#2066=VECTOR('',#6853,10.);
#2067=VECTOR('',#6854,10.);
#2068=VECTOR('',#6855,10.);
#2069=VECTOR('',#6856,10.);
#2070=VECTOR('',#6857,10.);
#2071=VECTOR('',#6858,10.);
#2072=VECTOR('',#6859,10.);
#2073=VECTOR('',#6862,10.);
#2074=VECTOR('',#6863,10.);
#2075=VECTOR('',#6864,10.);
#2076=VECTOR('',#6865,10.);
#2077=VECTOR('',#6868,10.);
#2078=VECTOR('',#6869,10.);
#2079=VECTOR('',#6870,10.);
#2080=VECTOR('',#6871,10.);
#2081=VECTOR('',#6872,10.);
#2082=VECTOR('',#6873,10.);
#2083=VECTOR('',#6874,10.);
#2084=VECTOR('',#6875,10.);
#2085=VECTOR('',#6876,10.);
#2086=VECTOR('',#6877,10.);
#2087=VECTOR('',#6878,10.);
#2088=VECTOR('',#6879,10.);
#2089=VECTOR('',#6884,10.);
#2090=VECTOR('',#6885,10.);
#2091=VECTOR('',#6886,10.);
#2092=VECTOR('',#6887,10.);
#2093=VECTOR('',#6888,10.);
#2094=VECTOR('',#6889,10.);
#2095=VECTOR('',#6890,10.);
#2096=VECTOR('',#6891,10.);
#2097=VECTOR('',#6892,10.);
#2098=VECTOR('',#6893,10.);
#2099=VECTOR('',#6894,10.);
#2100=VECTOR('',#6895,10.);
#2101=VECTOR('',#6898,10.);
#2102=VECTOR('',#6899,10.);
#2103=VECTOR('',#6900,10.);
#2104=VECTOR('',#6901,10.);
#2105=VECTOR('',#6902,10.);
#2106=VECTOR('',#6903,10.);
#2107=VECTOR('',#6904,10.);
#2108=VECTOR('',#6905,10.);
#2109=VECTOR('',#6908,10.);
#2110=VECTOR('',#6909,10.);
#2111=VECTOR('',#6910,10.);
#2112=VECTOR('',#6911,10.);
#2113=VECTOR('',#6912,10.);
#2114=VECTOR('',#6913,10.);
#2115=VECTOR('',#6916,10.);
#2116=VECTOR('',#6917,10.);
#2117=VECTOR('',#6920,10.);
#2118=VECTOR('',#6921,10.);
#2119=VECTOR('',#6924,10.);
#2120=VECTOR('',#6925,10.);
#2121=VECTOR('',#6936,10.);
#2122=VECTOR('',#6943,10.);
#2123=VECTOR('',#6946,10.);
#2124=VECTOR('',#6953,10.);
#2125=VECTOR('',#6960,10.);
#2126=VECTOR('',#6967,10.);
#2127=VECTOR('',#6970,10.);
#2128=VECTOR('',#6977,10.);
#2129=VECTOR('',#6980,10.);
#2130=VECTOR('',#6983,10.);
#2131=VECTOR('',#6984,10.);
#2132=VECTOR('',#6985,10.);
#2133=VECTOR('',#6988,10.);
#2134=VECTOR('',#6989,10.);
#2135=VECTOR('',#6992,10.);
#2136=VECTOR('',#6993,10.);
#2137=VECTOR('',#6996,10.);
#2138=VECTOR('',#6997,10.);
#2139=VECTOR('',#6998,10.);
#2140=VECTOR('',#6999,10.);
#2141=VECTOR('',#7000,10.);
#2142=VECTOR('',#7003,10.);
#2143=VECTOR('',#7004,10.);
#2144=VECTOR('',#7007,10.);
#2145=VECTOR('',#7008,10.);
#2146=VECTOR('',#7009,10.);
#2147=VECTOR('',#7012,10.);
#2148=VECTOR('',#7013,10.);
#2149=VECTOR('',#7014,10.);
#2150=VECTOR('',#7017,10.);
#2151=VECTOR('',#7018,10.);
#2152=VECTOR('',#7019,10.);
#2153=VECTOR('',#7022,10.);
#2154=VECTOR('',#7023,10.);
#2155=VECTOR('',#7024,10.);
#2156=VECTOR('',#7027,10.);
#2157=VECTOR('',#7028,10.);
#2158=VECTOR('',#7029,10.);
#2159=VECTOR('',#7030,10.);
#2160=VECTOR('',#7031,10.);
#2161=VECTOR('',#7034,10.);
#2162=VECTOR('',#7035,10.);
#2163=VECTOR('',#7036,10.);
#2164=VECTOR('',#7039,10.);
#2165=VECTOR('',#7040,10.);
#2166=VECTOR('',#7041,10.);
#2167=VECTOR('',#7044,10.);
#2168=VECTOR('',#7045,10.);
#2169=VECTOR('',#7046,10.);
#2170=VECTOR('',#7047,10.);
#2171=VECTOR('',#7052,10.);
#2172=VECTOR('',#7055,10.);
#2173=VECTOR('',#7058,10.);
#2174=VECTOR('',#7059,10.);
#2175=VECTOR('',#7060,10.);
#2176=VECTOR('',#7061,10.);
#2177=VECTOR('',#7062,10.);
#2178=VECTOR('',#7065,10.);
#2179=VECTOR('',#7066,10.);
#2180=VECTOR('',#7067,10.);
#2181=VECTOR('',#7068,10.);
#2182=VECTOR('',#7071,10.);
#2183=VECTOR('',#7072,10.);
#2184=VECTOR('',#7073,10.);
#2185=VECTOR('',#7074,10.);
#2186=VECTOR('',#7077,10.);
#2187=VECTOR('',#7078,10.);
#2188=VECTOR('',#7079,10.);
#2189=VECTOR('',#7082,10.);
#2190=VECTOR('',#7083,10.);
#2191=VECTOR('',#7084,10.);
#2192=VECTOR('',#7087,10.);
#2193=VECTOR('',#7088,10.);
#2194=VECTOR('',#7091,10.);
#2195=VECTOR('',#7094,10.);
#2196=VECTOR('',#7097,10.);
#2197=VECTOR('',#7098,10.);
#2198=VECTOR('',#7099,10.);
#2199=VECTOR('',#7100,10.);
#2200=VECTOR('',#7101,10.);
#2201=VECTOR('',#7104,10.);
#2202=VECTOR('',#7105,10.);
#2203=VECTOR('',#7106,10.);
#2204=VECTOR('',#7107,10.);
#2205=VECTOR('',#7110,10.);
#2206=VECTOR('',#7111,10.);
#2207=VECTOR('',#7112,10.);
#2208=VECTOR('',#7113,10.);
#2209=VECTOR('',#7116,10.);
#2210=VECTOR('',#7117,10.);
#2211=VECTOR('',#7118,10.);
#2212=VECTOR('',#7121,10.);
#2213=VECTOR('',#7122,10.);
#2214=VECTOR('',#7123,10.);
#2215=VECTOR('',#7124,10.);
#2216=VECTOR('',#7127,10.);
#2217=VECTOR('',#7128,10.);
#2218=VECTOR('',#7129,10.);
#2219=VECTOR('',#7132,10.);
#2220=VECTOR('',#7133,10.);
#2221=VECTOR('',#7134,10.);
#2222=VECTOR('',#7137,10.);
#2223=VECTOR('',#7138,10.);
#2224=VECTOR('',#7141,10.);
#2225=VECTOR('',#7142,10.);
#2226=VECTOR('',#7143,10.);
#2227=VECTOR('',#7144,10.);
#2228=VECTOR('',#7145,10.);
#2229=VECTOR('',#7148,10.);
#2230=VECTOR('',#7149,10.);
#2231=VECTOR('',#7150,10.);
#2232=VECTOR('',#7151,10.);
#2233=VECTOR('',#7154,10.);
#2234=VECTOR('',#7155,10.);
#2235=VECTOR('',#7156,10.);
#2236=VECTOR('',#7157,10.);
#2237=VECTOR('',#7160,10.);
#2238=VECTOR('',#7161,10.);
#2239=VECTOR('',#7162,10.);
#2240=VECTOR('',#7165,10.);
#2241=VECTOR('',#7166,10.);
#2242=VECTOR('',#7167,10.);
#2243=VECTOR('',#7168,10.);
#2244=VECTOR('',#7169,10.);
#2245=VECTOR('',#7172,10.);
#2246=VECTOR('',#7173,10.);
#2247=VECTOR('',#7174,10.);
#2248=VECTOR('',#7175,10.);
#2249=VECTOR('',#7178,10.);
#2250=VECTOR('',#7179,10.);
#2251=VECTOR('',#7180,10.);
#2252=VECTOR('',#7181,10.);
#2253=VECTOR('',#7184,10.);
#2254=VECTOR('',#7185,10.);
#2255=VECTOR('',#7186,10.);
#2256=VECTOR('',#7191,1.24999999999999);
#2257=VECTOR('',#7196,1.25);
#2258=VECTOR('',#7199,10.);
#2259=VECTOR('',#7200,10.);
#2260=VECTOR('',#7201,10.);
#2261=VECTOR('',#7202,10.);
#2262=VECTOR('',#7203,10.);
#2263=VECTOR('',#7206,10.);
#2264=VECTOR('',#7207,10.);
#2265=VECTOR('',#7208,10.);
#2266=VECTOR('',#7209,10.);
#2267=VECTOR('',#7212,10.);
#2268=VECTOR('',#7213,10.);
#2269=VECTOR('',#7214,10.);
#2270=VECTOR('',#7215,10.);
#2271=VECTOR('',#7218,10.);
#2272=VECTOR('',#7219,10.);
#2273=VECTOR('',#7220,10.);
#2274=VECTOR('',#7223,10.);
#2275=VECTOR('',#7224,10.);
#2276=VECTOR('',#7225,10.);
#2277=VECTOR('',#7226,10.);
#2278=VECTOR('',#7227,10.);
#2279=VECTOR('',#7230,10.);
#2280=VECTOR('',#7231,10.);
#2281=VECTOR('',#7232,10.);
#2282=VECTOR('',#7233,10.);
#2283=VECTOR('',#7236,10.);
#2284=VECTOR('',#7237,10.);
#2285=VECTOR('',#7238,10.);
#2286=VECTOR('',#7239,10.);
#2287=VECTOR('',#7242,10.);
#2288=VECTOR('',#7243,10.);
#2289=VECTOR('',#7244,10.);
#2290=VECTOR('',#7247,10.);
#2291=VECTOR('',#7248,10.);
#2292=VECTOR('',#7249,10.);
#2293=VECTOR('',#7250,10.);
#2294=VECTOR('',#7251,10.);
#2295=VECTOR('',#7254,10.);
#2296=VECTOR('',#7255,10.);
#2297=VECTOR('',#7256,10.);
#2298=VECTOR('',#7257,10.);
#2299=VECTOR('',#7260,10.);
#2300=VECTOR('',#7261,10.);
#2301=VECTOR('',#7262,10.);
#2302=VECTOR('',#7263,10.);
#2303=VECTOR('',#7266,10.);
#2304=VECTOR('',#7267,10.);
#2305=VECTOR('',#7268,10.);
#2306=VECTOR('',#7271,10.);
#2307=VECTOR('',#7272,10.);
#2308=VECTOR('',#7273,10.);
#2309=VECTOR('',#7274,10.);
#2310=VECTOR('',#7275,10.);
#2311=VECTOR('',#7278,10.);
#2312=VECTOR('',#7279,10.);
#2313=VECTOR('',#7280,10.);
#2314=VECTOR('',#7281,10.);
#2315=VECTOR('',#7284,10.);
#2316=VECTOR('',#7285,10.);
#2317=VECTOR('',#7286,10.);
#2318=VECTOR('',#7287,10.);
#2319=VECTOR('',#7290,10.);
#2320=VECTOR('',#7291,10.);
#2321=VECTOR('',#7292,10.);
#2322=VECTOR('',#7295,10.);
#2323=VECTOR('',#7296,10.);
#2324=VECTOR('',#7297,10.);
#2325=VECTOR('',#7298,10.);
#2326=VECTOR('',#7299,10.);
#2327=VECTOR('',#7302,10.);
#2328=VECTOR('',#7303,10.);
#2329=VECTOR('',#7304,10.);
#2330=VECTOR('',#7305,10.);
#2331=VECTOR('',#7308,10.);
#2332=VECTOR('',#7309,10.);
#2333=VECTOR('',#7310,10.);
#2334=VECTOR('',#7311,10.);
#2335=VECTOR('',#7314,10.);
#2336=VECTOR('',#7315,10.);
#2337=VECTOR('',#7316,10.);
#2338=VECTOR('',#7321,1.25);
#2339=VECTOR('',#7324,10.);
#2340=VECTOR('',#7325,10.);
#2341=VECTOR('',#7326,10.);
#2342=VECTOR('',#7327,10.);
#2343=VECTOR('',#7328,10.);
#2344=VECTOR('',#7331,10.);
#2345=VECTOR('',#7332,10.);
#2346=VECTOR('',#7333,10.);
#2347=VECTOR('',#7334,10.);
#2348=VECTOR('',#7337,10.);
#2349=VECTOR('',#7338,10.);
#2350=VECTOR('',#7339,10.);
#2351=VECTOR('',#7340,10.);
#2352=VECTOR('',#7343,10.);
#2353=VECTOR('',#7344,10.);
#2354=VECTOR('',#7345,10.);
#2355=VECTOR('',#7350,1.25);
#2356=VECTOR('',#7353,10.);
#2357=VECTOR('',#7354,10.);
#2358=VECTOR('',#7355,10.);
#2359=VECTOR('',#7356,10.);
#2360=VECTOR('',#7357,10.);
#2361=VECTOR('',#7360,10.);
#2362=VECTOR('',#7361,10.);
#2363=VECTOR('',#7362,10.);
#2364=VECTOR('',#7363,10.);
#2365=VECTOR('',#7366,10.);
#2366=VECTOR('',#7367,10.);
#2367=VECTOR('',#7368,10.);
#2368=VECTOR('',#7369,10.);
#2369=VECTOR('',#7372,10.);
#2370=VECTOR('',#7373,10.);
#2371=VECTOR('',#7374,10.);
#2372=VECTOR('',#7377,10.);
#2373=VECTOR('',#7378,10.);
#2374=VECTOR('',#7379,10.);
#2375=VECTOR('',#7380,10.);
#2376=VECTOR('',#7381,10.);
#2377=VECTOR('',#7384,10.);
#2378=VECTOR('',#7385,10.);
#2379=VECTOR('',#7386,10.);
#2380=VECTOR('',#7387,10.);
#2381=VECTOR('',#7390,10.);
#2382=VECTOR('',#7391,10.);
#2383=VECTOR('',#7392,10.);
#2384=VECTOR('',#7393,10.);
#2385=VECTOR('',#7396,10.);
#2386=VECTOR('',#7397,10.);
#2387=VECTOR('',#7398,10.);
#2388=VECTOR('',#7401,10.);
#2389=VECTOR('',#7402,10.);
#2390=VECTOR('',#7403,10.);
#2391=VECTOR('',#7404,10.);
#2392=VECTOR('',#7405,10.);
#2393=VECTOR('',#7408,10.);
#2394=VECTOR('',#7409,10.);
#2395=VECTOR('',#7410,10.);
#2396=VECTOR('',#7411,10.);
#2397=VECTOR('',#7414,10.);
#2398=VECTOR('',#7415,10.);
#2399=VECTOR('',#7416,10.);
#2400=VECTOR('',#7417,10.);
#2401=VECTOR('',#7420,10.);
#2402=VECTOR('',#7421,10.);
#2403=VECTOR('',#7422,10.);
#2404=VECTOR('',#7427,1.25);
#2405=VECTOR('',#7432,1.25);
#2406=VECTOR('',#7435,10.);
#2407=VECTOR('',#7436,10.);
#2408=VECTOR('',#7437,10.);
#2409=VECTOR('',#7438,10.);
#2410=VECTOR('',#7439,10.);
#2411=VECTOR('',#7442,10.);
#2412=VECTOR('',#7443,10.);
#2413=VECTOR('',#7444,10.);
#2414=VECTOR('',#7445,10.);
#2415=VECTOR('',#7448,10.);
#2416=VECTOR('',#7449,10.);
#2417=VECTOR('',#7450,10.);
#2418=VECTOR('',#7451,10.);
#2419=VECTOR('',#7454,10.);
#2420=VECTOR('',#7455,10.);
#2421=VECTOR('',#7456,10.);
#2422=VECTOR('',#7459,10.);
#2423=VECTOR('',#7460,10.);
#2424=VECTOR('',#7461,10.);
#2425=VECTOR('',#7462,10.);
#2426=VECTOR('',#7465,10.);
#2427=VECTOR('',#7466,10.);
#2428=VECTOR('',#7467,10.);
#2429=VECTOR('',#7470,10.);
#2430=VECTOR('',#7471,10.);
#2431=VECTOR('',#7472,10.);
#2432=VECTOR('',#7475,10.);
#2433=VECTOR('',#7476,10.);
#2434=VECTOR('',#7479,10.);
#2435=VECTOR('',#7480,10.);
#2436=VECTOR('',#7481,10.);
#2437=VECTOR('',#7484,10.);
#2438=VECTOR('',#7485,10.);
#2439=VECTOR('',#7488,10.);
#2440=VECTOR('',#7489,10.);
#2441=VECTOR('',#7492,10.);
#2442=VECTOR('',#7497,1.25);
#2443=VECTOR('',#7500,10.);
#2444=VECTOR('',#7501,10.);
#2445=VECTOR('',#7502,10.);
#2446=VECTOR('',#7503,10.);
#2447=VECTOR('',#7504,10.);
#2448=VECTOR('',#7507,10.);
#2449=VECTOR('',#7508,10.);
#2450=VECTOR('',#7509,10.);
#2451=VECTOR('',#7510,10.);
#2452=VECTOR('',#7513,10.);
#2453=VECTOR('',#7514,10.);
#2454=VECTOR('',#7515,10.);
#2455=VECTOR('',#7516,10.);
#2456=VECTOR('',#7519,10.);
#2457=VECTOR('',#7520,10.);
#2458=VECTOR('',#7521,10.);
#2459=VECTOR('',#7524,10.);
#2460=VECTOR('',#7525,10.);
#2461=VECTOR('',#7526,10.);
#2462=VECTOR('',#7527,10.);
#2463=VECTOR('',#7528,10.);
#2464=VECTOR('',#7531,10.);
#2465=VECTOR('',#7532,10.);
#2466=VECTOR('',#7533,10.);
#2467=VECTOR('',#7534,10.);
#2468=VECTOR('',#7537,10.);
#2469=VECTOR('',#7538,10.);
#2470=VECTOR('',#7539,10.);
#2471=VECTOR('',#7540,10.);
#2472=VECTOR('',#7543,10.);
#2473=VECTOR('',#7544,10.);
#2474=VECTOR('',#7545,10.);
#2475=VECTOR('',#7548,10.);
#2476=VECTOR('',#7549,10.);
#2477=VECTOR('',#7550,10.);
#2478=VECTOR('',#7551,10.);
#2479=VECTOR('',#7554,10.);
#2480=VECTOR('',#7557,10.);
#2481=VECTOR('',#7558,10.);
#2482=VECTOR('',#7561,10.);
#2483=VECTOR('',#7562,10.);
#2484=VECTOR('',#7565,10.);
#2485=VECTOR('',#7572,1.25);
#2486=VECTOR('',#7579,1.25);
#2487=VECTOR('',#7586,1.25);
#2488=VECTOR('',#7593,1.25);
#2489=VECTOR('',#7600,1.25);
#2490=VECTOR('',#7607,1.25);
#2491=VECTOR('',#7614,1.24999999999999);
#2492=VECTOR('',#7619,10.);
#2493=VECTOR('',#7620,10.);
#2494=VECTOR('',#7621,10.);
#2495=VECTOR('',#7622,10.);
#2496=VECTOR('',#7623,10.);
#2497=VECTOR('',#7626,10.);
#2498=VECTOR('',#7627,10.);
#2499=VECTOR('',#7628,10.);
#2500=VECTOR('',#7629,10.);
#2501=VECTOR('',#7632,10.);
#2502=VECTOR('',#7633,10.);
#2503=VECTOR('',#7634,10.);
#2504=VECTOR('',#7637,10.);
#2505=VECTOR('',#7638,10.);
#2506=VECTOR('',#7639,10.);
#2507=VECTOR('',#7646,10.);
#2508=VECTOR('',#7647,10.);
#2509=VECTOR('',#7648,10.);
#2510=VECTOR('',#7651,10.);
#2511=VECTOR('',#7652,10.);
#2512=VECTOR('',#7653,10.);
#2513=VECTOR('',#7654,10.);
#2514=VECTOR('',#7657,10.);
#2515=VECTOR('',#7658,10.);
#2516=VECTOR('',#7659,10.);
#2517=VECTOR('',#7660,10.);
#2518=VECTOR('',#7663,10.);
#2519=VECTOR('',#7664,10.);
#2520=VECTOR('',#7665,10.);
#2521=VECTOR('',#7666,10.);
#2522=VECTOR('',#7669,10.);
#2523=VECTOR('',#7670,10.);
#2524=VECTOR('',#7671,10.);
#2525=VECTOR('',#7672,10.);
#2526=VECTOR('',#7675,10.);
#2527=VECTOR('',#7676,10.);
#2528=VECTOR('',#7677,10.);
#2529=VECTOR('',#7678,10.);
#2530=VECTOR('',#7681,10.);
#2531=VECTOR('',#7682,10.);
#2532=VECTOR('',#7683,10.);
#2533=VERTEX_POINT('',#7690);
#2534=VERTEX_POINT('',#7691);
#2535=VERTEX_POINT('',#7693);
#2536=VERTEX_POINT('',#7695);
#2537=VERTEX_POINT('',#7706);
#2538=VERTEX_POINT('',#7708);
#2539=VERTEX_POINT('',#7722);
#2540=VERTEX_POINT('',#7724);
#2541=VERTEX_POINT('',#7735);
#2542=VERTEX_POINT('',#7737);
#2543=VERTEX_POINT('',#7742);
#2544=VERTEX_POINT('',#7744);
#2545=VERTEX_POINT('',#7752);
#2546=VERTEX_POINT('',#7754);
#2547=VERTEX_POINT('',#7759);
#2548=VERTEX_POINT('',#7761);
#2549=VERTEX_POINT('',#7769);
#2550=VERTEX_POINT('',#7771);
#2551=VERTEX_POINT('',#7788);
#2552=VERTEX_POINT('',#7790);
#2553=VERTEX_POINT('',#7795);
#2554=VERTEX_POINT('',#7800);
#2555=VERTEX_POINT('',#7802);
#2556=VERTEX_POINT('',#7804);
#2557=VERTEX_POINT('',#7806);
#2558=VERTEX_POINT('',#7808);
#2559=VERTEX_POINT('',#7810);
#2560=VERTEX_POINT('',#7815);
#2561=VERTEX_POINT('',#7820);
#2562=VERTEX_POINT('',#7822);
#2563=VERTEX_POINT('',#7830);
#2564=VERTEX_POINT('',#7832);
#2565=VERTEX_POINT('',#7837);
#2566=VERTEX_POINT('',#7839);
#2567=VERTEX_POINT('',#7844);
#2568=VERTEX_POINT('',#7846);
#2569=VERTEX_POINT('',#7851);
#2570=VERTEX_POINT('',#7853);
#2571=VERTEX_POINT('',#7858);
#2572=VERTEX_POINT('',#7860);
#2573=VERTEX_POINT('',#7868);
#2574=VERTEX_POINT('',#7870);
#2575=VERTEX_POINT('',#7878);
#2576=VERTEX_POINT('',#7880);
#2577=VERTEX_POINT('',#7888);
#2578=VERTEX_POINT('',#7890);
#2579=VERTEX_POINT('',#7895);
#2580=VERTEX_POINT('',#7899);
#2581=VERTEX_POINT('',#7901);
#2582=VERTEX_POINT('',#7905);
#2583=VERTEX_POINT('',#7907);
#2584=VERTEX_POINT('',#7914);
#2585=VERTEX_POINT('',#7916);
#2586=VERTEX_POINT('',#7918);
#2587=VERTEX_POINT('',#7920);
#2588=VERTEX_POINT('',#7922);
#2589=VERTEX_POINT('',#7924);
#2590=VERTEX_POINT('',#7928);
#2591=VERTEX_POINT('',#7929);
#2592=VERTEX_POINT('',#7934);
#2593=VERTEX_POINT('',#7936);
#2594=VERTEX_POINT('',#7940);
#2595=VERTEX_POINT('',#7942);
#2596=VERTEX_POINT('',#7946);
#2597=VERTEX_POINT('',#7948);
#2598=VERTEX_POINT('',#7950);
#2599=VERTEX_POINT('',#7952);
#2600=VERTEX_POINT('',#7954);
#2601=VERTEX_POINT('',#7956);
#2602=VERTEX_POINT('',#7959);
#2603=VERTEX_POINT('',#7961);
#2604=VERTEX_POINT('',#7973);
#2605=VERTEX_POINT('',#7985);
#2606=VERTEX_POINT('',#7987);
#2607=VERTEX_POINT('',#7998);
#2608=VERTEX_POINT('',#8000);
#2609=VERTEX_POINT('',#8009);
#2610=VERTEX_POINT('',#8011);
#2611=VERTEX_POINT('',#8022);
#2612=VERTEX_POINT('',#8024);
#2613=VERTEX_POINT('',#8030);
#2614=VERTEX_POINT('',#8032);
#2615=VERTEX_POINT('',#8038);
#2616=VERTEX_POINT('',#8040);
#2617=VERTEX_POINT('',#8047);
#2618=VERTEX_POINT('',#8049);
#2619=VERTEX_POINT('',#8059);
#2620=VERTEX_POINT('',#8061);
#2621=VERTEX_POINT('',#8071);
#2622=VERTEX_POINT('',#8072);
#2623=VERTEX_POINT('',#8077);
#2624=VERTEX_POINT('',#8079);
#2625=VERTEX_POINT('',#8084);
#2626=VERTEX_POINT('',#8089);
#2627=VERTEX_POINT('',#8091);
#2628=VERTEX_POINT('',#8096);
#2629=VERTEX_POINT('',#8101);
#2630=VERTEX_POINT('',#8103);
#2631=VERTEX_POINT('',#8108);
#2632=VERTEX_POINT('',#8113);
#2633=VERTEX_POINT('',#8119);
#2634=VERTEX_POINT('',#8120);
#2635=VERTEX_POINT('',#8125);
#2636=VERTEX_POINT('',#8127);
#2637=VERTEX_POINT('',#8132);
#2638=VERTEX_POINT('',#8137);
#2639=VERTEX_POINT('',#8139);
#2640=VERTEX_POINT('',#8144);
#2641=VERTEX_POINT('',#8149);
#2642=VERTEX_POINT('',#8151);
#2643=VERTEX_POINT('',#8156);
#2644=VERTEX_POINT('',#8161);
#2645=VERTEX_POINT('',#8167);
#2646=VERTEX_POINT('',#8168);
#2647=VERTEX_POINT('',#8173);
#2648=VERTEX_POINT('',#8175);
#2649=VERTEX_POINT('',#8180);
#2650=VERTEX_POINT('',#8182);
#2651=VERTEX_POINT('',#8187);
#2652=VERTEX_POINT('',#8189);
#2653=VERTEX_POINT('',#8195);
#2654=VERTEX_POINT('',#8196);
#2655=VERTEX_POINT('',#8201);
#2656=VERTEX_POINT('',#8203);
#2657=VERTEX_POINT('',#8208);
#2658=VERTEX_POINT('',#8213);
#2659=VERTEX_POINT('',#8215);
#2660=VERTEX_POINT('',#8220);
#2661=VERTEX_POINT('',#8225);
#2662=VERTEX_POINT('',#8227);
#2663=VERTEX_POINT('',#8232);
#2664=VERTEX_POINT('',#8237);
#2665=VERTEX_POINT('',#8243);
#2666=VERTEX_POINT('',#8244);
#2667=VERTEX_POINT('',#8249);
#2668=VERTEX_POINT('',#8251);
#2669=VERTEX_POINT('',#8256);
#2670=VERTEX_POINT('',#8261);
#2671=VERTEX_POINT('',#8263);
#2672=VERTEX_POINT('',#8268);
#2673=VERTEX_POINT('',#8273);
#2674=VERTEX_POINT('',#8275);
#2675=VERTEX_POINT('',#8280);
#2676=VERTEX_POINT('',#8285);
#2677=VERTEX_POINT('',#8291);
#2678=VERTEX_POINT('',#8293);
#2679=VERTEX_POINT('',#8295);
#2680=VERTEX_POINT('',#8296);
#2681=VERTEX_POINT('',#8301);
#2682=VERTEX_POINT('',#8303);
#2683=VERTEX_POINT('',#8308);
#2684=VERTEX_POINT('',#8313);
#2685=VERTEX_POINT('',#8315);
#2686=VERTEX_POINT('',#8320);
#2687=VERTEX_POINT('',#8325);
#2688=VERTEX_POINT('',#8327);
#2689=VERTEX_POINT('',#8332);
#2690=VERTEX_POINT('',#8337);
#2691=VERTEX_POINT('',#8343);
#2692=VERTEX_POINT('',#8344);
#2693=VERTEX_POINT('',#8349);
#2694=VERTEX_POINT('',#8351);
#2695=VERTEX_POINT('',#8356);
#2696=VERTEX_POINT('',#8361);
#2697=VERTEX_POINT('',#8363);
#2698=VERTEX_POINT('',#8368);
#2699=VERTEX_POINT('',#8373);
#2700=VERTEX_POINT('',#8375);
#2701=VERTEX_POINT('',#8380);
#2702=VERTEX_POINT('',#8385);
#2703=VERTEX_POINT('',#8391);
#2704=VERTEX_POINT('',#8392);
#2705=VERTEX_POINT('',#8397);
#2706=VERTEX_POINT('',#8399);
#2707=VERTEX_POINT('',#8404);
#2708=VERTEX_POINT('',#8409);
#2709=VERTEX_POINT('',#8411);
#2710=VERTEX_POINT('',#8416);
#2711=VERTEX_POINT('',#8421);
#2712=VERTEX_POINT('',#8423);
#2713=VERTEX_POINT('',#8428);
#2714=VERTEX_POINT('',#8433);
#2715=VERTEX_POINT('',#8439);
#2716=VERTEX_POINT('',#8440);
#2717=VERTEX_POINT('',#8445);
#2718=VERTEX_POINT('',#8447);
#2719=VERTEX_POINT('',#8452);
#2720=VERTEX_POINT('',#8457);
#2721=VERTEX_POINT('',#8459);
#2722=VERTEX_POINT('',#8464);
#2723=VERTEX_POINT('',#8469);
#2724=VERTEX_POINT('',#8471);
#2725=VERTEX_POINT('',#8476);
#2726=VERTEX_POINT('',#8481);
#2727=VERTEX_POINT('',#8487);
#2728=VERTEX_POINT('',#8488);
#2729=VERTEX_POINT('',#8493);
#2730=VERTEX_POINT('',#8495);
#2731=VERTEX_POINT('',#8500);
#2732=VERTEX_POINT('',#8505);
#2733=VERTEX_POINT('',#8507);
#2734=VERTEX_POINT('',#8512);
#2735=VERTEX_POINT('',#8517);
#2736=VERTEX_POINT('',#8519);
#2737=VERTEX_POINT('',#8524);
#2738=VERTEX_POINT('',#8529);
#2739=VERTEX_POINT('',#8535);
#2740=VERTEX_POINT('',#8537);
#2741=VERTEX_POINT('',#8538);
#2742=VERTEX_POINT('',#8543);
#2743=VERTEX_POINT('',#8545);
#2744=VERTEX_POINT('',#8550);
#2745=VERTEX_POINT('',#8555);
#2746=VERTEX_POINT('',#8557);
#2747=VERTEX_POINT('',#8562);
#2748=VERTEX_POINT('',#8567);
#2749=VERTEX_POINT('',#8569);
#2750=VERTEX_POINT('',#8574);
#2751=VERTEX_POINT('',#8579);
#2752=VERTEX_POINT('',#8585);
#2753=VERTEX_POINT('',#8587);
#2754=VERTEX_POINT('',#8588);
#2755=VERTEX_POINT('',#8593);
#2756=VERTEX_POINT('',#8595);
#2757=VERTEX_POINT('',#8600);
#2758=VERTEX_POINT('',#8605);
#2759=VERTEX_POINT('',#8607);
#2760=VERTEX_POINT('',#8612);
#2761=VERTEX_POINT('',#8617);
#2762=VERTEX_POINT('',#8619);
#2763=VERTEX_POINT('',#8624);
#2764=VERTEX_POINT('',#8629);
#2765=VERTEX_POINT('',#8635);
#2766=VERTEX_POINT('',#8636);
#2767=VERTEX_POINT('',#8641);
#2768=VERTEX_POINT('',#8643);
#2769=VERTEX_POINT('',#8648);
#2770=VERTEX_POINT('',#8653);
#2771=VERTEX_POINT('',#8655);
#2772=VERTEX_POINT('',#8660);
#2773=VERTEX_POINT('',#8665);
#2774=VERTEX_POINT('',#8667);
#2775=VERTEX_POINT('',#8672);
#2776=VERTEX_POINT('',#8677);
#2777=VERTEX_POINT('',#8683);
#2778=VERTEX_POINT('',#8684);
#2779=VERTEX_POINT('',#8689);
#2780=VERTEX_POINT('',#8691);
#2781=VERTEX_POINT('',#8696);
#2782=VERTEX_POINT('',#8701);
#2783=VERTEX_POINT('',#8703);
#2784=VERTEX_POINT('',#8708);
#2785=VERTEX_POINT('',#8713);
#2786=VERTEX_POINT('',#8715);
#2787=VERTEX_POINT('',#8720);
#2788=VERTEX_POINT('',#8725);
#2789=VERTEX_POINT('',#8731);
#2790=VERTEX_POINT('',#8733);
#2791=VERTEX_POINT('',#8735);
#2792=VERTEX_POINT('',#8736);
#2793=VERTEX_POINT('',#8741);
#2794=VERTEX_POINT('',#8743);
#2795=VERTEX_POINT('',#8748);
#2796=VERTEX_POINT('',#8753);
#2797=VERTEX_POINT('',#8755);
#2798=VERTEX_POINT('',#8760);
#2799=VERTEX_POINT('',#8765);
#2800=VERTEX_POINT('',#8767);
#2801=VERTEX_POINT('',#8772);
#2802=VERTEX_POINT('',#8777);
#2803=VERTEX_POINT('',#8783);
#2804=VERTEX_POINT('',#8784);
#2805=VERTEX_POINT('',#8789);
#2806=VERTEX_POINT('',#8791);
#2807=VERTEX_POINT('',#8796);
#2808=VERTEX_POINT('',#8798);
#2809=VERTEX_POINT('',#8803);
#2810=VERTEX_POINT('',#8805);
#2811=VERTEX_POINT('',#8811);
#2812=VERTEX_POINT('',#8812);
#2813=VERTEX_POINT('',#8814);
#2814=VERTEX_POINT('',#8816);
#2815=VERTEX_POINT('',#8819);
#2816=VERTEX_POINT('',#8821);
#2817=VERTEX_POINT('',#8822);
#2818=VERTEX_POINT('',#8827);
#2819=VERTEX_POINT('',#8829);
#2820=VERTEX_POINT('',#8834);
#2821=VERTEX_POINT('',#8839);
#2822=VERTEX_POINT('',#8841);
#2823=VERTEX_POINT('',#8846);
#2824=VERTEX_POINT('',#8851);
#2825=VERTEX_POINT('',#8853);
#2826=VERTEX_POINT('',#8858);
#2827=VERTEX_POINT('',#8863);
#2828=VERTEX_POINT('',#8869);
#2829=VERTEX_POINT('',#8870);
#2830=VERTEX_POINT('',#8875);
#2831=VERTEX_POINT('',#8877);
#2832=VERTEX_POINT('',#8882);
#2833=VERTEX_POINT('',#8887);
#2834=VERTEX_POINT('',#8889);
#2835=VERTEX_POINT('',#8894);
#2836=VERTEX_POINT('',#8899);
#2837=VERTEX_POINT('',#8901);
#2838=VERTEX_POINT('',#8906);
#2839=VERTEX_POINT('',#8911);
#2840=VERTEX_POINT('',#8918);
#2841=VERTEX_POINT('',#8920);
#2842=VERTEX_POINT('',#8923);
#2843=VERTEX_POINT('',#8925);
#2844=VERTEX_POINT('',#8929);
#2845=VERTEX_POINT('',#8933);
#2846=VERTEX_POINT('',#8937);
#2847=VERTEX_POINT('',#8941);
#2848=VERTEX_POINT('',#8999);
#2849=VERTEX_POINT('',#9067);
#2850=VERTEX_POINT('',#9093);
#2851=VERTEX_POINT('',#9185);
#2852=VERTEX_POINT('',#9198);
#2853=VERTEX_POINT('',#9241);
#2854=VERTEX_POINT('',#9258);
#2855=VERTEX_POINT('',#9350);
#2856=VERTEX_POINT('',#9363);
#2857=VERTEX_POINT('',#9391);
#2858=VERTEX_POINT('',#9399);
#2859=VERTEX_POINT('',#9427);
#2860=VERTEX_POINT('',#9435);
#2861=VERTEX_POINT('',#9468);
#2862=VERTEX_POINT('',#9483);
#2863=VERTEX_POINT('',#9570);
#2864=VERTEX_POINT('',#9582);
#2865=VERTEX_POINT('',#9625);
#2866=VERTEX_POINT('',#9717);
#2867=VERTEX_POINT('',#9719);
#2868=VERTEX_POINT('',#9740);
#2869=VERTEX_POINT('',#9741);
#2870=VERTEX_POINT('',#9749);
#2871=VERTEX_POINT('',#9760);
#2872=VERTEX_POINT('',#9767);
#2873=VERTEX_POINT('',#9778);
#2874=VERTEX_POINT('',#9785);
#2875=VERTEX_POINT('',#9802);
#2876=VERTEX_POINT('',#9812);
#2877=VERTEX_POINT('',#9829);
#2878=VERTEX_POINT('',#9839);
#2879=VERTEX_POINT('',#9841);
#2880=VERTEX_POINT('',#9858);
#2881=VERTEX_POINT('',#9865);
#2882=VERTEX_POINT('',#9869);
#2883=VERTEX_POINT('',#9880);
#2884=VERTEX_POINT('',#9887);
#2885=VERTEX_POINT('',#9904);
#2886=VERTEX_POINT('',#9914);
#2887=VERTEX_POINT('',#9925);
#2888=VERTEX_POINT('',#9939);
#2889=VERTEX_POINT('',#9955);
#2890=VERTEX_POINT('',#9964);
#2891=VERTEX_POINT('',#9966);
#2892=VERTEX_POINT('',#9977);
#2893=VERTEX_POINT('',#9991);
#2894=VERTEX_POINT('',#9998);
#2895=VERTEX_POINT('',#10009);
#2896=VERTEX_POINT('',#10023);
#2897=VERTEX_POINT('',#10030);
#2898=VERTEX_POINT('',#10041);
#2899=VERTEX_POINT('',#10055);
#2900=VERTEX_POINT('',#10062);
#2901=VERTEX_POINT('',#10073);
#2902=VERTEX_POINT('',#10092);
#2903=VERTEX_POINT('',#10094);
#2904=VERTEX_POINT('',#10098);
#2905=VERTEX_POINT('',#10106);
#2906=VERTEX_POINT('',#10108);
#2907=VERTEX_POINT('',#10119);
#2908=VERTEX_POINT('',#10133);
#2909=VERTEX_POINT('',#10140);
#2910=VERTEX_POINT('',#10151);
#2911=VERTEX_POINT('',#10165);
#2912=VERTEX_POINT('',#10172);
#2913=VERTEX_POINT('',#10183);
#2914=VERTEX_POINT('',#10197);
#2915=VERTEX_POINT('',#10204);
#2916=VERTEX_POINT('',#10215);
#2917=VERTEX_POINT('',#10234);
#2918=VERTEX_POINT('',#10236);
#2919=VERTEX_POINT('',#10247);
#2920=VERTEX_POINT('',#10254);
#2921=VERTEX_POINT('',#10265);
#2922=VERTEX_POINT('',#10272);
#2923=VERTEX_POINT('',#10283);
#2924=VERTEX_POINT('',#10290);
#2925=VERTEX_POINT('',#10306);
#2926=VERTEX_POINT('',#10308);
#2927=VERTEX_POINT('',#10319);
#2928=VERTEX_POINT('',#10333);
#2929=VERTEX_POINT('',#10340);
#2930=VERTEX_POINT('',#10351);
#2931=VERTEX_POINT('',#10365);
#2932=VERTEX_POINT('',#10372);
#2933=VERTEX_POINT('',#10383);
#2934=VERTEX_POINT('',#10397);
#2935=VERTEX_POINT('',#10404);
#2936=VERTEX_POINT('',#10415);
#2937=VERTEX_POINT('',#10434);
#2938=VERTEX_POINT('',#10436);
#2939=VERTEX_POINT('',#10447);
#2940=VERTEX_POINT('',#10461);
#2941=VERTEX_POINT('',#10468);
#2942=VERTEX_POINT('',#10479);
#2943=VERTEX_POINT('',#10493);
#2944=VERTEX_POINT('',#10500);
#2945=VERTEX_POINT('',#10511);
#2946=VERTEX_POINT('',#10525);
#2947=VERTEX_POINT('',#10532);
#2948=VERTEX_POINT('',#10543);
#2949=VERTEX_POINT('',#10562);
#2950=VERTEX_POINT('',#10566);
#2951=VERTEX_POINT('',#10570);
#2952=VERTEX_POINT('',#10572);
#2953=VERTEX_POINT('',#10583);
#2954=VERTEX_POINT('',#10597);
#2955=VERTEX_POINT('',#10604);
#2956=VERTEX_POINT('',#10615);
#2957=VERTEX_POINT('',#10629);
#2958=VERTEX_POINT('',#10636);
#2959=VERTEX_POINT('',#10647);
#2960=VERTEX_POINT('',#10661);
#2961=VERTEX_POINT('',#10668);
#2962=VERTEX_POINT('',#10679);
#2963=VERTEX_POINT('',#10698);
#2964=VERTEX_POINT('',#10700);
#2965=VERTEX_POINT('',#10711);
#2966=VERTEX_POINT('',#10725);
#2967=VERTEX_POINT('',#10732);
#2968=VERTEX_POINT('',#10743);
#2969=VERTEX_POINT('',#10757);
#2970=VERTEX_POINT('',#10764);
#2971=VERTEX_POINT('',#10775);
#2972=VERTEX_POINT('',#10789);
#2973=VERTEX_POINT('',#10796);
#2974=VERTEX_POINT('',#10807);
#2975=VERTEX_POINT('',#10826);
#2976=VERTEX_POINT('',#10828);
#2977=VERTEX_POINT('',#10839);
#2978=VERTEX_POINT('',#10853);
#2979=VERTEX_POINT('',#10860);
#2980=VERTEX_POINT('',#10871);
#2981=VERTEX_POINT('',#10885);
#2982=VERTEX_POINT('',#10892);
#2983=VERTEX_POINT('',#10903);
#2984=VERTEX_POINT('',#10917);
#2985=VERTEX_POINT('',#10924);
#2986=VERTEX_POINT('',#10935);
#2987=VERTEX_POINT('',#10954);
#2988=VERTEX_POINT('',#10956);
#2989=VERTEX_POINT('',#10967);
#2990=VERTEX_POINT('',#10981);
#2991=VERTEX_POINT('',#10988);
#2992=VERTEX_POINT('',#10999);
#2993=VERTEX_POINT('',#11013);
#2994=VERTEX_POINT('',#11020);
#2995=VERTEX_POINT('',#11031);
#2996=VERTEX_POINT('',#11045);
#2997=VERTEX_POINT('',#11052);
#2998=VERTEX_POINT('',#11063);
#2999=VERTEX_POINT('',#11082);
#3000=VERTEX_POINT('',#11084);
#3001=VERTEX_POINT('',#11095);
#3002=VERTEX_POINT('',#11109);
#3003=VERTEX_POINT('',#11116);
#3004=VERTEX_POINT('',#11127);
#3005=VERTEX_POINT('',#11141);
#3006=VERTEX_POINT('',#11148);
#3007=VERTEX_POINT('',#11159);
#3008=VERTEX_POINT('',#11173);
#3009=VERTEX_POINT('',#11180);
#3010=VERTEX_POINT('',#11191);
#3011=VERTEX_POINT('',#11210);
#3012=VERTEX_POINT('',#11214);
#3013=VERTEX_POINT('',#11216);
#3014=VERTEX_POINT('',#11227);
#3015=VERTEX_POINT('',#11241);
#3016=VERTEX_POINT('',#11248);
#3017=VERTEX_POINT('',#11259);
#3018=VERTEX_POINT('',#11273);
#3019=VERTEX_POINT('',#11280);
#3020=VERTEX_POINT('',#11291);
#3021=VERTEX_POINT('',#11305);
#3022=VERTEX_POINT('',#11312);
#3023=VERTEX_POINT('',#11323);
#3024=VERTEX_POINT('',#11342);
#3025=VERTEX_POINT('',#11346);
#3026=VERTEX_POINT('',#11348);
#3027=VERTEX_POINT('',#11359);
#3028=VERTEX_POINT('',#11373);
#3029=VERTEX_POINT('',#11380);
#3030=VERTEX_POINT('',#11391);
#3031=VERTEX_POINT('',#11405);
#3032=VERTEX_POINT('',#11412);
#3033=VERTEX_POINT('',#11423);
#3034=VERTEX_POINT('',#11437);
#3035=VERTEX_POINT('',#11444);
#3036=VERTEX_POINT('',#11455);
#3037=VERTEX_POINT('',#11474);
#3038=VERTEX_POINT('',#11476);
#3039=VERTEX_POINT('',#11487);
#3040=VERTEX_POINT('',#11501);
#3041=VERTEX_POINT('',#11508);
#3042=VERTEX_POINT('',#11519);
#3043=VERTEX_POINT('',#11533);
#3044=VERTEX_POINT('',#11540);
#3045=VERTEX_POINT('',#11551);
#3046=VERTEX_POINT('',#11565);
#3047=VERTEX_POINT('',#11572);
#3048=VERTEX_POINT('',#11583);
#3049=VERTEX_POINT('',#11602);
#3050=VERTEX_POINT('',#11604);
#3051=VERTEX_POINT('',#11615);
#3052=VERTEX_POINT('',#11629);
#3053=VERTEX_POINT('',#11636);
#3054=VERTEX_POINT('',#11647);
#3055=VERTEX_POINT('',#11661);
#3056=VERTEX_POINT('',#11668);
#3057=VERTEX_POINT('',#11679);
#3058=VERTEX_POINT('',#11693);
#3059=VERTEX_POINT('',#11700);
#3060=VERTEX_POINT('',#11711);
#3061=VERTEX_POINT('',#11730);
#3062=VERTEX_POINT('',#11734);
#3063=VERTEX_POINT('',#11738);
#3064=VERTEX_POINT('',#11740);
#3065=VERTEX_POINT('',#11751);
#3066=VERTEX_POINT('',#11765);
#3067=VERTEX_POINT('',#11772);
#3068=VERTEX_POINT('',#11783);
#3069=VERTEX_POINT('',#11797);
#3070=VERTEX_POINT('',#11804);
#3071=VERTEX_POINT('',#11815);
#3072=VERTEX_POINT('',#11829);
#3073=VERTEX_POINT('',#11836);
#3074=VERTEX_POINT('',#11847);
#3075=VERTEX_POINT('',#11866);
#3076=VERTEX_POINT('',#11868);
#3077=VERTEX_POINT('',#11879);
#3078=VERTEX_POINT('',#11886);
#3079=VERTEX_POINT('',#11897);
#3080=VERTEX_POINT('',#11904);
#3081=VERTEX_POINT('',#11915);
#3082=VERTEX_POINT('',#11922);
#3083=VERTEX_POINT('',#11938);
#3084=VERTEX_POINT('',#11940);
#3085=VERTEX_POINT('',#11944);
#3086=VERTEX_POINT('',#11948);
#3087=VERTEX_POINT('',#11954);
#3088=VERTEX_POINT('',#11958);
#3089=VERTEX_POINT('',#11960);
#3090=VERTEX_POINT('',#11971);
#3091=VERTEX_POINT('',#11985);
#3092=VERTEX_POINT('',#11992);
#3093=VERTEX_POINT('',#12003);
#3094=VERTEX_POINT('',#12017);
#3095=VERTEX_POINT('',#12024);
#3096=VERTEX_POINT('',#12035);
#3097=VERTEX_POINT('',#12049);
#3098=VERTEX_POINT('',#12056);
#3099=VERTEX_POINT('',#12067);
#3100=VERTEX_POINT('',#12086);
#3101=VERTEX_POINT('',#12088);
#3102=VERTEX_POINT('',#12099);
#3103=VERTEX_POINT('',#12113);
#3104=VERTEX_POINT('',#12120);
#3105=VERTEX_POINT('',#12131);
#3106=VERTEX_POINT('',#12145);
#3107=VERTEX_POINT('',#12152);
#3108=VERTEX_POINT('',#12163);
#3109=VERTEX_POINT('',#12177);
#3110=VERTEX_POINT('',#12184);
#3111=VERTEX_POINT('',#12195);
#3112=VERTEX_POINT('',#12236);
#3113=VERTEX_POINT('',#12319);
#3114=VERTEX_POINT('',#12321);
#3115=VERTEX_POINT('',#12325);
#3116=VERTEX_POINT('',#12327);
#3117=VERTEX_POINT('',#12331);
#3118=VERTEX_POINT('',#12333);
#3119=VERTEX_POINT('',#12337);
#3120=VERTEX_POINT('',#12339);
#3121=VERTEX_POINT('',#12343);
#3122=VERTEX_POINT('',#12345);
#3123=VERTEX_POINT('',#12349);
#3124=VERTEX_POINT('',#12351);
#3125=VERTEX_POINT('',#12355);
#3126=VERTEX_POINT('',#12357);
#3127=VERTEX_POINT('',#12361);
#3128=VERTEX_POINT('',#12362);
#3129=VERTEX_POINT('',#12364);
#3130=VERTEX_POINT('',#12366);
#3131=VERTEX_POINT('',#12395);
#3132=VERTEX_POINT('',#12409);
#3133=VERTEX_POINT('',#12425);
#3134=VERTEX_POINT('',#12427);
#3135=VERTEX_POINT('',#12450);
#3136=VERTEX_POINT('',#12461);
#3137=VERTEX_POINT('',#12474);
#3138=VERTEX_POINT('',#12476);
#3139=VERTEX_POINT('',#12480);
#3140=VERTEX_POINT('',#12482);
#3141=VERTEX_POINT('',#12486);
#3142=VERTEX_POINT('',#12488);
#3143=VERTEX_POINT('',#12499);
#3144=VERTEX_POINT('',#12504);
#3145=VERTEX_POINT('',#12518);
#3146=VERTEX_POINT('',#12523);
#3147=VERTEX_POINT('',#12530);
#3148=VERTEX_POINT('',#12532);
#3149=VERTEX_POINT('',#12567);
#3150=VERTEX_POINT('',#12584);
#3151=VERTEX_POINT('',#12603);
#3152=VERTEX_POINT('',#12605);
#3153=VERTEX_POINT('',#12622);
#3154=VERTEX_POINT('',#12630);
#3155=VERTEX_POINT('',#12640);
#3156=VERTEX_POINT('',#12642);
#3157=VERTEX_POINT('',#12653);
#3158=VERTEX_POINT('',#12658);
#3159=VERTEX_POINT('',#12665);
#3160=VERTEX_POINT('',#12667);
#3161=VERTEX_POINT('',#12684);
#3162=VERTEX_POINT('',#12692);
#3163=VERTEX_POINT('',#12702);
#3164=VERTEX_POINT('',#12704);
#3165=VERTEX_POINT('',#12715);
#3166=VERTEX_POINT('',#12720);
#3167=VERTEX_POINT('',#12727);
#3168=VERTEX_POINT('',#12729);
#3169=EDGE_CURVE('',#2533,#2534,#1413,.T.);
#3170=EDGE_CURVE('',#2534,#2535,#1414,.T.);
#3171=EDGE_CURVE('',#2535,#2536,#1062,.T.);
#3172=EDGE_CURVE('',#2536,#2537,#1415,.T.);
#3173=EDGE_CURVE('',#2537,#2538,#1063,.T.);
#3174=EDGE_CURVE('',#2538,#2539,#1416,.T.);
#3175=EDGE_CURVE('',#2539,#2540,#1064,.T.);
#3176=EDGE_CURVE('',#2540,#2541,#1417,.T.);
#3177=EDGE_CURVE('',#2541,#2542,#1065,.T.);
#3178=EDGE_CURVE('',#2542,#2543,#1418,.T.);
#3179=EDGE_CURVE('',#2543,#2544,#1066,.T.);
#3180=EDGE_CURVE('',#2544,#2545,#1419,.T.);
#3181=EDGE_CURVE('',#2545,#2546,#1067,.T.);
#3182=EDGE_CURVE('',#2546,#2547,#1420,.T.);
#3183=EDGE_CURVE('',#2547,#2548,#1068,.T.);
#3184=EDGE_CURVE('',#2548,#2549,#1421,.T.);
#3185=EDGE_CURVE('',#2549,#2550,#1069,.T.);
#3186=EDGE_CURVE('',#2550,#2551,#1422,.T.);
#3187=EDGE_CURVE('',#2551,#2552,#1070,.T.);
#3188=EDGE_CURVE('',#2552,#2553,#1071,.T.);
#3189=EDGE_CURVE('',#2553,#2554,#1012,.T.);
#3190=EDGE_CURVE('',#2554,#2555,#1423,.T.);
#3191=EDGE_CURVE('',#2555,#2556,#1424,.T.);
#3192=EDGE_CURVE('',#2556,#2557,#1425,.T.);
#3193=EDGE_CURVE('',#2557,#2558,#1013,.T.);
#3194=EDGE_CURVE('',#2558,#2559,#1072,.T.);
#3195=EDGE_CURVE('',#2559,#2560,#1073,.T.);
#3196=EDGE_CURVE('',#2560,#2561,#1426,.T.);
#3197=EDGE_CURVE('',#2561,#2562,#1074,.T.);
#3198=EDGE_CURVE('',#2562,#2563,#1427,.T.);
#3199=EDGE_CURVE('',#2563,#2564,#1075,.T.);
#3200=EDGE_CURVE('',#2564,#2565,#1428,.T.);
#3201=EDGE_CURVE('',#2565,#2566,#1076,.T.);
#3202=EDGE_CURVE('',#2566,#2567,#1429,.T.);
#3203=EDGE_CURVE('',#2567,#2568,#1077,.T.);
#3204=EDGE_CURVE('',#2568,#2569,#1430,.T.);
#3205=EDGE_CURVE('',#2569,#2570,#1078,.T.);
#3206=EDGE_CURVE('',#2570,#2571,#1431,.T.);
#3207=EDGE_CURVE('',#2571,#2572,#1079,.T.);
#3208=EDGE_CURVE('',#2572,#2573,#1432,.T.);
#3209=EDGE_CURVE('',#2573,#2574,#1080,.T.);
#3210=EDGE_CURVE('',#2574,#2575,#1433,.T.);
#3211=EDGE_CURVE('',#2575,#2576,#1081,.T.);
#3212=EDGE_CURVE('',#2576,#2577,#1434,.T.);
#3213=EDGE_CURVE('',#2577,#2578,#1082,.T.);
#3214=EDGE_CURVE('',#2578,#2579,#1435,.T.);
#3215=EDGE_CURVE('',#2579,#2533,#1436,.T.);
#3216=EDGE_CURVE('',#2580,#2579,#1437,.T.);
#3217=EDGE_CURVE('',#2581,#2580,#1438,.T.);
#3218=EDGE_CURVE('',#2581,#2533,#1439,.T.);
#3219=EDGE_CURVE('',#2582,#2580,#1440,.T.);
#3220=EDGE_CURVE('',#2583,#2582,#1441,.T.);
#3221=EDGE_CURVE('',#2581,#2583,#1442,.T.);
#3222=EDGE_CURVE('',#2556,#2582,#1443,.T.);
#3223=EDGE_CURVE('',#2583,#2555,#1444,.T.);
#3224=EDGE_CURVE('',#2584,#2554,#1445,.T.);
#3225=EDGE_CURVE('',#2585,#2584,#1446,.T.);
#3226=EDGE_CURVE('',#2585,#2586,#1447,.T.);
#3227=EDGE_CURVE('',#2586,#2587,#1448,.T.);
#3228=EDGE_CURVE('',#2587,#2588,#1449,.T.);
#3229=EDGE_CURVE('',#2589,#2588,#1450,.T.);
#3230=EDGE_CURVE('',#2589,#2534,#1451,.T.);
#3231=EDGE_CURVE('',#2590,#2591,#1452,.T.);
#3232=EDGE_CURVE('',#2587,#2590,#1453,.T.);
#3233=EDGE_CURVE('',#2591,#2586,#1454,.T.);
#3234=EDGE_CURVE('',#2592,#2585,#1014,.T.);
#3235=EDGE_CURVE('',#2584,#2593,#1015,.T.);
#3236=EDGE_CURVE('',#2593,#2592,#1455,.T.);
#3237=EDGE_CURVE('',#2588,#2594,#1016,.T.);
#3238=EDGE_CURVE('',#2594,#2595,#1456,.T.);
#3239=EDGE_CURVE('',#2595,#2589,#261,.T.);
#3240=EDGE_CURVE('',#2594,#2596,#1457,.T.);
#3241=EDGE_CURVE('',#2597,#2596,#1458,.T.);
#3242=EDGE_CURVE('',#2598,#2597,#1459,.T.);
#3243=EDGE_CURVE('',#2599,#2598,#1460,.T.);
#3244=EDGE_CURVE('',#2600,#2599,#1461,.T.);
#3245=EDGE_CURVE('',#2601,#2600,#1462,.T.);
#3246=EDGE_CURVE('',#2601,#2592,#1463,.T.);
#3247=EDGE_CURVE('',#2602,#2593,#1017,.T.);
#3248=EDGE_CURVE('',#2603,#2602,#1083,.T.);
#3249=EDGE_CURVE('',#2604,#2603,#1084,.T.);
#3250=EDGE_CURVE('',#2605,#2604,#1464,.T.);
#3251=EDGE_CURVE('',#2606,#2605,#1085,.T.);
#3252=EDGE_CURVE('',#2607,#2606,#1465,.T.);
#3253=EDGE_CURVE('',#2608,#2607,#1086,.T.);
#3254=EDGE_CURVE('',#2609,#2608,#1466,.T.);
#3255=EDGE_CURVE('',#2610,#2609,#1087,.T.);
#3256=EDGE_CURVE('',#2611,#2610,#1467,.T.);
#3257=EDGE_CURVE('',#2612,#2611,#1088,.T.);
#3258=EDGE_CURVE('',#2613,#2612,#1468,.T.);
#3259=EDGE_CURVE('',#2614,#2613,#1089,.T.);
#3260=EDGE_CURVE('',#2615,#2614,#1469,.T.);
#3261=EDGE_CURVE('',#2616,#2615,#1090,.T.);
#3262=EDGE_CURVE('',#2617,#2616,#1470,.T.);
#3263=EDGE_CURVE('',#2618,#2617,#1091,.T.);
#3264=EDGE_CURVE('',#2619,#2618,#1471,.T.);
#3265=EDGE_CURVE('',#2620,#2619,#1092,.T.);
#3266=EDGE_CURVE('',#2595,#2620,#1472,.T.);
#3267=EDGE_CURVE('',#2621,#2622,#1093,.T.);
#3268=EDGE_CURVE('',#2623,#2621,#1473,.T.);
#3269=EDGE_CURVE('',#2624,#2623,#1094,.T.);
#3270=EDGE_CURVE('',#2625,#2624,#1095,.T.);
#3271=EDGE_CURVE('',#2626,#2625,#1474,.T.);
#3272=EDGE_CURVE('',#2627,#2626,#1096,.T.);
#3273=EDGE_CURVE('',#2628,#2627,#1097,.T.);
#3274=EDGE_CURVE('',#2629,#2628,#1475,.T.);
#3275=EDGE_CURVE('',#2630,#2629,#1098,.T.);
#3276=EDGE_CURVE('',#2631,#2630,#1099,.T.);
#3277=EDGE_CURVE('',#2632,#2631,#1476,.T.);
#3278=EDGE_CURVE('',#2622,#2632,#1100,.T.);
#3279=EDGE_CURVE('',#2633,#2634,#1101,.T.);
#3280=EDGE_CURVE('',#2635,#2633,#1477,.T.);
#3281=EDGE_CURVE('',#2636,#2635,#1102,.T.);
#3282=EDGE_CURVE('',#2637,#2636,#1103,.T.);
#3283=EDGE_CURVE('',#2638,#2637,#1478,.T.);
#3284=EDGE_CURVE('',#2639,#2638,#1104,.T.);
#3285=EDGE_CURVE('',#2640,#2639,#1105,.T.);
#3286=EDGE_CURVE('',#2641,#2640,#1479,.T.);
#3287=EDGE_CURVE('',#2642,#2641,#1106,.T.);
#3288=EDGE_CURVE('',#2643,#2642,#1107,.T.);
#3289=EDGE_CURVE('',#2644,#2643,#1480,.T.);
#3290=EDGE_CURVE('',#2634,#2644,#1108,.T.);
#3291=EDGE_CURVE('',#2645,#2646,#1109,.T.);
#3292=EDGE_CURVE('',#2647,#2645,#1481,.T.);
#3293=EDGE_CURVE('',#2648,#2647,#1110,.T.);
#3294=EDGE_CURVE('',#2649,#2648,#1482,.T.);
#3295=EDGE_CURVE('',#2650,#2649,#1111,.T.);
#3296=EDGE_CURVE('',#2651,#2650,#1483,.T.);
#3297=EDGE_CURVE('',#2652,#2651,#1112,.T.);
#3298=EDGE_CURVE('',#2646,#2652,#1484,.T.);
#3299=EDGE_CURVE('',#2653,#2654,#1113,.T.);
#3300=EDGE_CURVE('',#2655,#2653,#1485,.T.);
#3301=EDGE_CURVE('',#2656,#2655,#1114,.T.);
#3302=EDGE_CURVE('',#2657,#2656,#1115,.T.);
#3303=EDGE_CURVE('',#2658,#2657,#1486,.T.);
#3304=EDGE_CURVE('',#2659,#2658,#1116,.T.);
#3305=EDGE_CURVE('',#2660,#2659,#1117,.T.);
#3306=EDGE_CURVE('',#2661,#2660,#1487,.T.);
#3307=EDGE_CURVE('',#2662,#2661,#1118,.T.);
#3308=EDGE_CURVE('',#2663,#2662,#1119,.T.);
#3309=EDGE_CURVE('',#2664,#2663,#1488,.T.);
#3310=EDGE_CURVE('',#2654,#2664,#1120,.T.);
#3311=EDGE_CURVE('',#2665,#2666,#1121,.T.);
#3312=EDGE_CURVE('',#2667,#2665,#1489,.T.);
#3313=EDGE_CURVE('',#2668,#2667,#1122,.T.);
#3314=EDGE_CURVE('',#2669,#2668,#1123,.T.);
#3315=EDGE_CURVE('',#2670,#2669,#1490,.T.);
#3316=EDGE_CURVE('',#2671,#2670,#1124,.T.);
#3317=EDGE_CURVE('',#2672,#2671,#1125,.T.);
#3318=EDGE_CURVE('',#2673,#2672,#1491,.T.);
#3319=EDGE_CURVE('',#2674,#2673,#1126,.T.);
#3320=EDGE_CURVE('',#2675,#2674,#1127,.T.);
#3321=EDGE_CURVE('',#2676,#2675,#1492,.T.);
#3322=EDGE_CURVE('',#2666,#2676,#1128,.T.);
#3323=EDGE_CURVE('',#2677,#2677,#1018,.T.);
#3324=EDGE_CURVE('',#2678,#2678,#1019,.T.);
#3325=EDGE_CURVE('',#2679,#2680,#1129,.T.);
#3326=EDGE_CURVE('',#2681,#2679,#1493,.T.);
#3327=EDGE_CURVE('',#2682,#2681,#1130,.T.);
#3328=EDGE_CURVE('',#2683,#2682,#1131,.T.);
#3329=EDGE_CURVE('',#2684,#2683,#1494,.T.);
#3330=EDGE_CURVE('',#2685,#2684,#1132,.T.);
#3331=EDGE_CURVE('',#2686,#2685,#1133,.T.);
#3332=EDGE_CURVE('',#2687,#2686,#1495,.T.);
#3333=EDGE_CURVE('',#2688,#2687,#1134,.T.);
#3334=EDGE_CURVE('',#2689,#2688,#1135,.T.);
#3335=EDGE_CURVE('',#2690,#2689,#1496,.T.);
#3336=EDGE_CURVE('',#2680,#2690,#1136,.T.);
#3337=EDGE_CURVE('',#2691,#2692,#1137,.T.);
#3338=EDGE_CURVE('',#2693,#2691,#1497,.T.);
#3339=EDGE_CURVE('',#2694,#2693,#1138,.T.);
#3340=EDGE_CURVE('',#2695,#2694,#1139,.T.);
#3341=EDGE_CURVE('',#2696,#2695,#1498,.T.);
#3342=EDGE_CURVE('',#2697,#2696,#1140,.T.);
#3343=EDGE_CURVE('',#2698,#2697,#1141,.T.);
#3344=EDGE_CURVE('',#2699,#2698,#1499,.T.);
#3345=EDGE_CURVE('',#2700,#2699,#1142,.T.);
#3346=EDGE_CURVE('',#2701,#2700,#1143,.T.);
#3347=EDGE_CURVE('',#2702,#2701,#1500,.T.);
#3348=EDGE_CURVE('',#2692,#2702,#1144,.T.);
#3349=EDGE_CURVE('',#2703,#2704,#1145,.T.);
#3350=EDGE_CURVE('',#2705,#2703,#1501,.T.);
#3351=EDGE_CURVE('',#2706,#2705,#1146,.T.);
#3352=EDGE_CURVE('',#2707,#2706,#1147,.T.);
#3353=EDGE_CURVE('',#2708,#2707,#1502,.T.);
#3354=EDGE_CURVE('',#2709,#2708,#1148,.T.);
#3355=EDGE_CURVE('',#2710,#2709,#1149,.T.);
#3356=EDGE_CURVE('',#2711,#2710,#1503,.T.);
#3357=EDGE_CURVE('',#2712,#2711,#1150,.T.);
#3358=EDGE_CURVE('',#2713,#2712,#1151,.T.);
#3359=EDGE_CURVE('',#2714,#2713,#1504,.T.);
#3360=EDGE_CURVE('',#2704,#2714,#1152,.T.);
#3361=EDGE_CURVE('',#2715,#2716,#1153,.T.);
#3362=EDGE_CURVE('',#2717,#2715,#1505,.T.);
#3363=EDGE_CURVE('',#2718,#2717,#1154,.T.);
#3364=EDGE_CURVE('',#2719,#2718,#1155,.T.);
#3365=EDGE_CURVE('',#2720,#2719,#1506,.T.);
#3366=EDGE_CURVE('',#2721,#2720,#1156,.T.);
#3367=EDGE_CURVE('',#2722,#2721,#1157,.T.);
#3368=EDGE_CURVE('',#2723,#2722,#1507,.T.);
#3369=EDGE_CURVE('',#2724,#2723,#1158,.T.);
#3370=EDGE_CURVE('',#2725,#2724,#1159,.T.);
#3371=EDGE_CURVE('',#2726,#2725,#1508,.T.);
#3372=EDGE_CURVE('',#2716,#2726,#1160,.T.);
#3373=EDGE_CURVE('',#2727,#2728,#1161,.T.);
#3374=EDGE_CURVE('',#2729,#2727,#1509,.T.);
#3375=EDGE_CURVE('',#2730,#2729,#1162,.T.);
#3376=EDGE_CURVE('',#2731,#2730,#1163,.T.);
#3377=EDGE_CURVE('',#2732,#2731,#1510,.T.);
#3378=EDGE_CURVE('',#2733,#2732,#1164,.T.);
#3379=EDGE_CURVE('',#2734,#2733,#1165,.T.);
#3380=EDGE_CURVE('',#2735,#2734,#1511,.T.);
#3381=EDGE_CURVE('',#2736,#2735,#1166,.T.);
#3382=EDGE_CURVE('',#2737,#2736,#1167,.T.);
#3383=EDGE_CURVE('',#2738,#2737,#1512,.T.);
#3384=EDGE_CURVE('',#2728,#2738,#1168,.T.);
#3385=EDGE_CURVE('',#2739,#2739,#1020,.T.);
#3386=EDGE_CURVE('',#2740,#2741,#1169,.T.);
#3387=EDGE_CURVE('',#2742,#2740,#1513,.T.);
#3388=EDGE_CURVE('',#2743,#2742,#1170,.T.);
#3389=EDGE_CURVE('',#2744,#2743,#1171,.T.);
#3390=EDGE_CURVE('',#2745,#2744,#1514,.T.);
#3391=EDGE_CURVE('',#2746,#2745,#1172,.T.);
#3392=EDGE_CURVE('',#2747,#2746,#1173,.T.);
#3393=EDGE_CURVE('',#2748,#2747,#1515,.T.);
#3394=EDGE_CURVE('',#2749,#2748,#1174,.T.);
#3395=EDGE_CURVE('',#2750,#2749,#1175,.T.);
#3396=EDGE_CURVE('',#2751,#2750,#1516,.T.);
#3397=EDGE_CURVE('',#2741,#2751,#1176,.T.);
#3398=EDGE_CURVE('',#2752,#2752,#1021,.T.);
#3399=EDGE_CURVE('',#2753,#2754,#1177,.T.);
#3400=EDGE_CURVE('',#2755,#2753,#1517,.T.);
#3401=EDGE_CURVE('',#2756,#2755,#1178,.T.);
#3402=EDGE_CURVE('',#2757,#2756,#1179,.T.);
#3403=EDGE_CURVE('',#2758,#2757,#1518,.T.);
#3404=EDGE_CURVE('',#2759,#2758,#1180,.T.);
#3405=EDGE_CURVE('',#2760,#2759,#1181,.T.);
#3406=EDGE_CURVE('',#2761,#2760,#1519,.T.);
#3407=EDGE_CURVE('',#2762,#2761,#1182,.T.);
#3408=EDGE_CURVE('',#2763,#2762,#1183,.T.);
#3409=EDGE_CURVE('',#2764,#2763,#1520,.T.);
#3410=EDGE_CURVE('',#2754,#2764,#1184,.T.);
#3411=EDGE_CURVE('',#2765,#2766,#1185,.T.);
#3412=EDGE_CURVE('',#2767,#2765,#1521,.T.);
#3413=EDGE_CURVE('',#2768,#2767,#1186,.T.);
#3414=EDGE_CURVE('',#2769,#2768,#1187,.T.);
#3415=EDGE_CURVE('',#2770,#2769,#1522,.T.);
#3416=EDGE_CURVE('',#2771,#2770,#1188,.T.);
#3417=EDGE_CURVE('',#2772,#2771,#1189,.T.);
#3418=EDGE_CURVE('',#2773,#2772,#1523,.T.);
#3419=EDGE_CURVE('',#2774,#2773,#1190,.T.);
#3420=EDGE_CURVE('',#2775,#2774,#1191,.T.);
#3421=EDGE_CURVE('',#2776,#2775,#1524,.T.);
#3422=EDGE_CURVE('',#2766,#2776,#1192,.T.);
#3423=EDGE_CURVE('',#2777,#2778,#1193,.T.);
#3424=EDGE_CURVE('',#2779,#2777,#1525,.T.);
#3425=EDGE_CURVE('',#2780,#2779,#1194,.T.);
#3426=EDGE_CURVE('',#2781,#2780,#1195,.T.);
#3427=EDGE_CURVE('',#2782,#2781,#1526,.T.);
#3428=EDGE_CURVE('',#2783,#2782,#1196,.T.);
#3429=EDGE_CURVE('',#2784,#2783,#1197,.T.);
#3430=EDGE_CURVE('',#2785,#2784,#1527,.T.);
#3431=EDGE_CURVE('',#2786,#2785,#1198,.T.);
#3432=EDGE_CURVE('',#2787,#2786,#1199,.T.);
#3433=EDGE_CURVE('',#2788,#2787,#1528,.T.);
#3434=EDGE_CURVE('',#2778,#2788,#1200,.T.);
#3435=EDGE_CURVE('',#2789,#2789,#1022,.T.);
#3436=EDGE_CURVE('',#2790,#2790,#1023,.T.);
#3437=EDGE_CURVE('',#2791,#2792,#1201,.T.);
#3438=EDGE_CURVE('',#2793,#2791,#1529,.T.);
#3439=EDGE_CURVE('',#2794,#2793,#1202,.T.);
#3440=EDGE_CURVE('',#2795,#2794,#1203,.T.);
#3441=EDGE_CURVE('',#2796,#2795,#1530,.T.);
#3442=EDGE_CURVE('',#2797,#2796,#1204,.T.);
#3443=EDGE_CURVE('',#2798,#2797,#1205,.T.);
#3444=EDGE_CURVE('',#2799,#2798,#1531,.T.);
#3445=EDGE_CURVE('',#2800,#2799,#1206,.T.);
#3446=EDGE_CURVE('',#2801,#2800,#1207,.T.);
#3447=EDGE_CURVE('',#2802,#2801,#1532,.T.);
#3448=EDGE_CURVE('',#2792,#2802,#1208,.T.);
#3449=EDGE_CURVE('',#2803,#2804,#1209,.T.);
#3450=EDGE_CURVE('',#2805,#2803,#1533,.T.);
#3451=EDGE_CURVE('',#2806,#2805,#1210,.T.);
#3452=EDGE_CURVE('',#2807,#2806,#1534,.T.);
#3453=EDGE_CURVE('',#2808,#2807,#1211,.T.);
#3454=EDGE_CURVE('',#2809,#2808,#1535,.T.);
#3455=EDGE_CURVE('',#2810,#2809,#1212,.T.);
#3456=EDGE_CURVE('',#2804,#2810,#1536,.T.);
#3457=EDGE_CURVE('',#2811,#2812,#1537,.T.);
#3458=EDGE_CURVE('',#2813,#2811,#1538,.T.);
#3459=EDGE_CURVE('',#2814,#2813,#1539,.T.);
#3460=EDGE_CURVE('',#2812,#2814,#1540,.T.);
#3461=EDGE_CURVE('',#2815,#2815,#1024,.T.);
#3462=EDGE_CURVE('',#2816,#2817,#1213,.T.);
#3463=EDGE_CURVE('',#2818,#2816,#1541,.T.);
#3464=EDGE_CURVE('',#2819,#2818,#1214,.T.);
#3465=EDGE_CURVE('',#2820,#2819,#1215,.T.);
#3466=EDGE_CURVE('',#2821,#2820,#1542,.T.);
#3467=EDGE_CURVE('',#2822,#2821,#1216,.T.);
#3468=EDGE_CURVE('',#2823,#2822,#1217,.T.);
#3469=EDGE_CURVE('',#2824,#2823,#1543,.T.);
#3470=EDGE_CURVE('',#2825,#2824,#1218,.T.);
#3471=EDGE_CURVE('',#2826,#2825,#1219,.T.);
#3472=EDGE_CURVE('',#2827,#2826,#1544,.T.);
#3473=EDGE_CURVE('',#2817,#2827,#1220,.T.);
#3474=EDGE_CURVE('',#2828,#2829,#1221,.T.);
#3475=EDGE_CURVE('',#2830,#2828,#1545,.T.);
#3476=EDGE_CURVE('',#2831,#2830,#1222,.T.);
#3477=EDGE_CURVE('',#2832,#2831,#1223,.T.);
#3478=EDGE_CURVE('',#2833,#2832,#1546,.T.);
#3479=EDGE_CURVE('',#2834,#2833,#1224,.T.);
#3480=EDGE_CURVE('',#2835,#2834,#1225,.T.);
#3481=EDGE_CURVE('',#2836,#2835,#1547,.T.);
#3482=EDGE_CURVE('',#2837,#2836,#1226,.T.);
#3483=EDGE_CURVE('',#2838,#2837,#1227,.T.);
#3484=EDGE_CURVE('',#2839,#2838,#1548,.T.);
#3485=EDGE_CURVE('',#2829,#2839,#1228,.T.);
#3486=EDGE_CURVE('',#2840,#2578,#1549,.T.);
#3487=EDGE_CURVE('',#2841,#2840,#1550,.T.);
#3488=EDGE_CURVE('',#2841,#2590,#1551,.T.);
#3489=EDGE_CURVE('',#2591,#2842,#1552,.T.);
#3490=EDGE_CURVE('',#2843,#2842,#1553,.T.);
#3491=EDGE_CURVE('',#2843,#2557,#1554,.T.);
#3492=EDGE_CURVE('',#2844,#2841,#1555,.T.);
#3493=EDGE_CURVE('',#2596,#2844,#1556,.T.);
#3494=EDGE_CURVE('',#2842,#2845,#1557,.T.);
#3495=EDGE_CURVE('',#2845,#2601,#1558,.T.);
#3496=EDGE_CURVE('',#2846,#2844,#1559,.T.);
#3497=EDGE_CURVE('',#2597,#2846,#1560,.T.);
#3498=EDGE_CURVE('',#2847,#2602,#1025,.T.);
#3499=EDGE_CURVE('',#2584,#2847,#1026,.T.);
#3500=EDGE_CURVE('',#2848,#2603,#1027,.T.);
#3501=EDGE_CURVE('',#2847,#2848,#1229,.T.);
#3502=EDGE_CURVE('',#2849,#2604,#1230,.T.);
#3503=EDGE_CURVE('',#2848,#2849,#1231,.T.);
#3504=EDGE_CURVE('',#2850,#2605,#1232,.T.);
#3505=EDGE_CURVE('',#2849,#2850,#1561,.T.);
#3506=EDGE_CURVE('',#2850,#2851,#1233,.T.);
#3507=EDGE_CURVE('',#2851,#2606,#1028,.T.);
#3508=EDGE_CURVE('',#2852,#2607,#1029,.T.);
#3509=EDGE_CURVE('',#2851,#2852,#1562,.T.);
#3510=EDGE_CURVE('',#2853,#2608,#1234,.T.);
#3511=EDGE_CURVE('',#2852,#2853,#1235,.T.);
#3512=EDGE_CURVE('',#2854,#2609,#1236,.T.);
#3513=EDGE_CURVE('',#2853,#2854,#1563,.T.);
#3514=EDGE_CURVE('',#2854,#2855,#1237,.T.);
#3515=EDGE_CURVE('',#2855,#2610,#1030,.T.);
#3516=EDGE_CURVE('',#2856,#2611,#1031,.T.);
#3517=EDGE_CURVE('',#2855,#2856,#1564,.T.);
#3518=EDGE_CURVE('',#2856,#2857,#1238,.T.);
#3519=EDGE_CURVE('',#2857,#2612,#1032,.T.);
#3520=EDGE_CURVE('',#2858,#2613,#1033,.T.);
#3521=EDGE_CURVE('',#2857,#2858,#1565,.T.);
#3522=EDGE_CURVE('',#2858,#2859,#1239,.T.);
#3523=EDGE_CURVE('',#2859,#2614,#1034,.T.);
#3524=EDGE_CURVE('',#2860,#2615,#1035,.T.);
#3525=EDGE_CURVE('',#2859,#2860,#1566,.T.);
#3526=EDGE_CURVE('',#2861,#2616,#1240,.T.);
#3527=EDGE_CURVE('',#2860,#2861,#1241,.T.);
#3528=EDGE_CURVE('',#2862,#2617,#1242,.T.);
#3529=EDGE_CURVE('',#2861,#2862,#1567,.T.);
#3530=EDGE_CURVE('',#2862,#2863,#1243,.T.);
#3531=EDGE_CURVE('',#2863,#2618,#1036,.T.);
#3532=EDGE_CURVE('',#2864,#2619,#1037,.T.);
#3533=EDGE_CURVE('',#2863,#2864,#1568,.T.);
#3534=EDGE_CURVE('',#2865,#2620,#1244,.T.);
#3535=EDGE_CURVE('',#2864,#2865,#1245,.T.);
#3536=EDGE_CURVE('',#2865,#2589,#1569,.T.);
#3537=EDGE_CURVE('',#2855,#2545,#1570,.T.);
#3538=EDGE_CURVE('',#2856,#2544,#1571,.T.);
#3539=EDGE_CURVE('',#2854,#2546,#1572,.T.);
#3540=EDGE_CURVE('',#2853,#2547,#1573,.T.);
#3541=EDGE_CURVE('',#2852,#2548,#1574,.T.);
#3542=EDGE_CURVE('',#2851,#2549,#1575,.T.);
#3543=EDGE_CURVE('',#2850,#2550,#1576,.T.);
#3544=EDGE_CURVE('',#2849,#2551,#1577,.T.);
#3545=EDGE_CURVE('',#2848,#2866,#1578,.T.);
#3546=EDGE_CURVE('',#2866,#2867,#1579,.T.);
#3547=EDGE_CURVE('',#2867,#2552,#1580,.T.);
#3548=EDGE_CURVE('',#2847,#2553,#1581,.T.);
#3549=EDGE_CURVE('',#2868,#2869,#1246,.T.);
#3550=EDGE_CURVE('',#2868,#2566,#1582,.T.);
#3551=EDGE_CURVE('',#2869,#2565,#1583,.T.);
#3552=EDGE_CURVE('',#2870,#2868,#1584,.T.);
#3553=EDGE_CURVE('',#2870,#2567,#1585,.T.);
#3554=EDGE_CURVE('',#2871,#2870,#1247,.T.);
#3555=EDGE_CURVE('',#2871,#2568,#1586,.T.);
#3556=EDGE_CURVE('',#2872,#2871,#1587,.T.);
#3557=EDGE_CURVE('',#2872,#2569,#1588,.T.);
#3558=EDGE_CURVE('',#2873,#2872,#1248,.T.);
#3559=EDGE_CURVE('',#2873,#2570,#1589,.T.);
#3560=EDGE_CURVE('',#2874,#2873,#1590,.T.);
#3561=EDGE_CURVE('',#2874,#2571,#1591,.T.);
#3562=EDGE_CURVE('',#2875,#2874,#1249,.T.);
#3563=EDGE_CURVE('',#2875,#2572,#1592,.T.);
#3564=EDGE_CURVE('',#2876,#2875,#1593,.T.);
#3565=EDGE_CURVE('',#2876,#2573,#1594,.T.);
#3566=EDGE_CURVE('',#2877,#2876,#1250,.T.);
#3567=EDGE_CURVE('',#2877,#2574,#1595,.T.);
#3568=EDGE_CURVE('',#2878,#2877,#1596,.T.);
#3569=EDGE_CURVE('',#2878,#2879,#1597,.T.);
#3570=EDGE_CURVE('',#2879,#2575,#1598,.T.);
#3571=EDGE_CURVE('',#2880,#2878,#1251,.T.);
#3572=EDGE_CURVE('',#2880,#2881,#1599,.T.);
#3573=EDGE_CURVE('',#2881,#2576,#1600,.T.);
#3574=EDGE_CURVE('',#2869,#2882,#1601,.T.);
#3575=EDGE_CURVE('',#2882,#2564,#1602,.T.);
#3576=EDGE_CURVE('',#2882,#2883,#1252,.T.);
#3577=EDGE_CURVE('',#2883,#2563,#1603,.T.);
#3578=EDGE_CURVE('',#2883,#2884,#1604,.T.);
#3579=EDGE_CURVE('',#2884,#2562,#1605,.T.);
#3580=EDGE_CURVE('',#2884,#2885,#1253,.T.);
#3581=EDGE_CURVE('',#2885,#2561,#1606,.T.);
#3582=EDGE_CURVE('',#2885,#2886,#1607,.T.);
#3583=EDGE_CURVE('',#2886,#2560,#1608,.T.);
#3584=EDGE_CURVE('',#2886,#2887,#1254,.T.);
#3585=EDGE_CURVE('',#2887,#2559,#1609,.T.);
#3586=EDGE_CURVE('',#2887,#2888,#1255,.T.);
#3587=EDGE_CURVE('',#2888,#2558,#1610,.T.);
#3588=EDGE_CURVE('',#2888,#2843,#1038,.T.);
#3589=EDGE_CURVE('',#2840,#2889,#1256,.T.);
#3590=EDGE_CURVE('',#2889,#2577,#1611,.T.);
#3591=EDGE_CURVE('',#2889,#2880,#1612,.T.);
#3592=EDGE_CURVE('',#2621,#2890,#1613,.T.);
#3593=EDGE_CURVE('',#2891,#2890,#1614,.T.);
#3594=EDGE_CURVE('',#2623,#2891,#1615,.T.);
#3595=EDGE_CURVE('',#2892,#2891,#1257,.T.);
#3596=EDGE_CURVE('',#2624,#2892,#1616,.T.);
#3597=EDGE_CURVE('',#2893,#2892,#1258,.T.);
#3598=EDGE_CURVE('',#2625,#2893,#1617,.T.);
#3599=EDGE_CURVE('',#2894,#2893,#1618,.T.);
#3600=EDGE_CURVE('',#2626,#2894,#1619,.T.);
#3601=EDGE_CURVE('',#2895,#2894,#1259,.T.);
#3602=EDGE_CURVE('',#2627,#2895,#1620,.T.);
#3603=EDGE_CURVE('',#2896,#2895,#1260,.T.);
#3604=EDGE_CURVE('',#2628,#2896,#1621,.T.);
#3605=EDGE_CURVE('',#2897,#2896,#1622,.T.);
#3606=EDGE_CURVE('',#2629,#2897,#1623,.T.);
#3607=EDGE_CURVE('',#2898,#2897,#1261,.T.);
#3608=EDGE_CURVE('',#2630,#2898,#1624,.T.);
#3609=EDGE_CURVE('',#2899,#2898,#1262,.T.);
#3610=EDGE_CURVE('',#2631,#2899,#1625,.T.);
#3611=EDGE_CURVE('',#2900,#2899,#1626,.T.);
#3612=EDGE_CURVE('',#2632,#2900,#1627,.T.);
#3613=EDGE_CURVE('',#2901,#2900,#1263,.T.);
#3614=EDGE_CURVE('',#2622,#2901,#1628,.T.);
#3615=EDGE_CURVE('',#2890,#2901,#1264,.T.);
#3616=EDGE_CURVE('',#2598,#2902,#1629,.T.);
#3617=EDGE_CURVE('',#2903,#2902,#1630,.T.);
#3618=EDGE_CURVE('',#2599,#2903,#1631,.T.);
#3619=EDGE_CURVE('',#2904,#2903,#1632,.T.);
#3620=EDGE_CURVE('',#2600,#2904,#1633,.T.);
#3621=EDGE_CURVE('',#2845,#2904,#1634,.T.);
#3622=EDGE_CURVE('',#2902,#2846,#1635,.T.);
#3623=EDGE_CURVE('',#2633,#2905,#1636,.T.);
#3624=EDGE_CURVE('',#2906,#2905,#1637,.T.);
#3625=EDGE_CURVE('',#2635,#2906,#1638,.T.);
#3626=EDGE_CURVE('',#2907,#2906,#1265,.T.);
#3627=EDGE_CURVE('',#2636,#2907,#1639,.T.);
#3628=EDGE_CURVE('',#2908,#2907,#1266,.T.);
#3629=EDGE_CURVE('',#2637,#2908,#1640,.T.);
#3630=EDGE_CURVE('',#2909,#2908,#1641,.T.);
#3631=EDGE_CURVE('',#2638,#2909,#1642,.T.);
#3632=EDGE_CURVE('',#2910,#2909,#1267,.T.);
#3633=EDGE_CURVE('',#2639,#2910,#1643,.T.);
#3634=EDGE_CURVE('',#2911,#2910,#1268,.T.);
#3635=EDGE_CURVE('',#2640,#2911,#1644,.T.);
#3636=EDGE_CURVE('',#2912,#2911,#1645,.T.);
#3637=EDGE_CURVE('',#2641,#2912,#1646,.T.);
#3638=EDGE_CURVE('',#2913,#2912,#1269,.T.);
#3639=EDGE_CURVE('',#2642,#2913,#1647,.T.);
#3640=EDGE_CURVE('',#2914,#2913,#1270,.T.);
#3641=EDGE_CURVE('',#2643,#2914,#1648,.T.);
#3642=EDGE_CURVE('',#2915,#2914,#1649,.T.);
#3643=EDGE_CURVE('',#2644,#2915,#1650,.T.);
#3644=EDGE_CURVE('',#2916,#2915,#1271,.T.);
#3645=EDGE_CURVE('',#2634,#2916,#1651,.T.);
#3646=EDGE_CURVE('',#2905,#2916,#1272,.T.);
#3647=EDGE_CURVE('',#2645,#2917,#1652,.T.);
#3648=EDGE_CURVE('',#2918,#2917,#1653,.T.);
#3649=EDGE_CURVE('',#2647,#2918,#1654,.T.);
#3650=EDGE_CURVE('',#2919,#2918,#1273,.T.);
#3651=EDGE_CURVE('',#2648,#2919,#1655,.T.);
#3652=EDGE_CURVE('',#2920,#2919,#1656,.T.);
#3653=EDGE_CURVE('',#2649,#2920,#1657,.T.);
#3654=EDGE_CURVE('',#2921,#2920,#1274,.T.);
#3655=EDGE_CURVE('',#2650,#2921,#1658,.T.);
#3656=EDGE_CURVE('',#2922,#2921,#1659,.T.);
#3657=EDGE_CURVE('',#2651,#2922,#1660,.T.);
#3658=EDGE_CURVE('',#2923,#2922,#1275,.T.);
#3659=EDGE_CURVE('',#2652,#2923,#1661,.T.);
#3660=EDGE_CURVE('',#2924,#2923,#1662,.T.);
#3661=EDGE_CURVE('',#2646,#2924,#1663,.T.);
#3662=EDGE_CURVE('',#2917,#2924,#1276,.T.);
#3663=EDGE_CURVE('',#2653,#2925,#1664,.T.);
#3664=EDGE_CURVE('',#2926,#2925,#1665,.T.);
#3665=EDGE_CURVE('',#2655,#2926,#1666,.T.);
#3666=EDGE_CURVE('',#2927,#2926,#1277,.T.);
#3667=EDGE_CURVE('',#2656,#2927,#1667,.T.);
#3668=EDGE_CURVE('',#2928,#2927,#1278,.T.);
#3669=EDGE_CURVE('',#2657,#2928,#1668,.T.);
#3670=EDGE_CURVE('',#2929,#2928,#1669,.T.);
#3671=EDGE_CURVE('',#2658,#2929,#1670,.T.);
#3672=EDGE_CURVE('',#2930,#2929,#1279,.T.);
#3673=EDGE_CURVE('',#2659,#2930,#1671,.T.);
#3674=EDGE_CURVE('',#2931,#2930,#1280,.T.);
#3675=EDGE_CURVE('',#2660,#2931,#1672,.T.);
#3676=EDGE_CURVE('',#2932,#2931,#1673,.T.);
#3677=EDGE_CURVE('',#2661,#2932,#1674,.T.);
#3678=EDGE_CURVE('',#2933,#2932,#1281,.T.);
#3679=EDGE_CURVE('',#2662,#2933,#1675,.T.);
#3680=EDGE_CURVE('',#2934,#2933,#1282,.T.);
#3681=EDGE_CURVE('',#2663,#2934,#1676,.T.);
#3682=EDGE_CURVE('',#2935,#2934,#1677,.T.);
#3683=EDGE_CURVE('',#2664,#2935,#1678,.T.);
#3684=EDGE_CURVE('',#2936,#2935,#1283,.T.);
#3685=EDGE_CURVE('',#2654,#2936,#1679,.T.);
#3686=EDGE_CURVE('',#2925,#2936,#1284,.T.);
#3687=EDGE_CURVE('',#2665,#2937,#1680,.T.);
#3688=EDGE_CURVE('',#2938,#2937,#1681,.T.);
#3689=EDGE_CURVE('',#2667,#2938,#1682,.T.);
#3690=EDGE_CURVE('',#2939,#2938,#1285,.T.);
#3691=EDGE_CURVE('',#2668,#2939,#1683,.T.);
#3692=EDGE_CURVE('',#2940,#2939,#1286,.T.);
#3693=EDGE_CURVE('',#2669,#2940,#1684,.T.);
#3694=EDGE_CURVE('',#2941,#2940,#1685,.T.);
#3695=EDGE_CURVE('',#2670,#2941,#1686,.T.);
#3696=EDGE_CURVE('',#2942,#2941,#1287,.T.);
#3697=EDGE_CURVE('',#2671,#2942,#1687,.T.);
#3698=EDGE_CURVE('',#2943,#2942,#1288,.T.);
#3699=EDGE_CURVE('',#2672,#2943,#1688,.T.);
#3700=EDGE_CURVE('',#2944,#2943,#1689,.T.);
#3701=EDGE_CURVE('',#2673,#2944,#1690,.T.);
#3702=EDGE_CURVE('',#2945,#2944,#1289,.T.);
#3703=EDGE_CURVE('',#2674,#2945,#1691,.T.);
#3704=EDGE_CURVE('',#2946,#2945,#1290,.T.);
#3705=EDGE_CURVE('',#2675,#2946,#1692,.T.);
#3706=EDGE_CURVE('',#2947,#2946,#1693,.T.);
#3707=EDGE_CURVE('',#2676,#2947,#1694,.T.);
#3708=EDGE_CURVE('',#2948,#2947,#1291,.T.);
#3709=EDGE_CURVE('',#2666,#2948,#1695,.T.);
#3710=EDGE_CURVE('',#2937,#2948,#1292,.T.);
#3711=EDGE_CURVE('',#2949,#2949,#1039,.T.);
#3712=EDGE_CURVE('',#2949,#2677,#1696,.T.);
#3713=EDGE_CURVE('',#2950,#2950,#1040,.T.);
#3714=EDGE_CURVE('',#2950,#2678,#1697,.T.);
#3715=EDGE_CURVE('',#2679,#2951,#1698,.T.);
#3716=EDGE_CURVE('',#2952,#2951,#1699,.T.);
#3717=EDGE_CURVE('',#2681,#2952,#1700,.T.);
#3718=EDGE_CURVE('',#2953,#2952,#1293,.T.);
#3719=EDGE_CURVE('',#2682,#2953,#1701,.T.);
#3720=EDGE_CURVE('',#2954,#2953,#1294,.T.);
#3721=EDGE_CURVE('',#2683,#2954,#1702,.T.);
#3722=EDGE_CURVE('',#2955,#2954,#1703,.T.);
#3723=EDGE_CURVE('',#2684,#2955,#1704,.T.);
#3724=EDGE_CURVE('',#2956,#2955,#1295,.T.);
#3725=EDGE_CURVE('',#2685,#2956,#1705,.T.);
#3726=EDGE_CURVE('',#2957,#2956,#1296,.T.);
#3727=EDGE_CURVE('',#2686,#2957,#1706,.T.);
#3728=EDGE_CURVE('',#2958,#2957,#1707,.T.);
#3729=EDGE_CURVE('',#2687,#2958,#1708,.T.);
#3730=EDGE_CURVE('',#2959,#2958,#1297,.T.);
#3731=EDGE_CURVE('',#2688,#2959,#1709,.T.);
#3732=EDGE_CURVE('',#2960,#2959,#1298,.T.);
#3733=EDGE_CURVE('',#2689,#2960,#1710,.T.);
#3734=EDGE_CURVE('',#2961,#2960,#1711,.T.);
#3735=EDGE_CURVE('',#2690,#2961,#1712,.T.);
#3736=EDGE_CURVE('',#2962,#2961,#1299,.T.);
#3737=EDGE_CURVE('',#2680,#2962,#1713,.T.);
#3738=EDGE_CURVE('',#2951,#2962,#1300,.T.);
#3739=EDGE_CURVE('',#2691,#2963,#1714,.T.);
#3740=EDGE_CURVE('',#2964,#2963,#1715,.T.);
#3741=EDGE_CURVE('',#2693,#2964,#1716,.T.);
#3742=EDGE_CURVE('',#2965,#2964,#1301,.T.);
#3743=EDGE_CURVE('',#2694,#2965,#1717,.T.);
#3744=EDGE_CURVE('',#2966,#2965,#1302,.T.);
#3745=EDGE_CURVE('',#2695,#2966,#1718,.T.);
#3746=EDGE_CURVE('',#2967,#2966,#1719,.T.);
#3747=EDGE_CURVE('',#2696,#2967,#1720,.T.);
#3748=EDGE_CURVE('',#2968,#2967,#1303,.T.);
#3749=EDGE_CURVE('',#2697,#2968,#1721,.T.);
#3750=EDGE_CURVE('',#2969,#2968,#1304,.T.);
#3751=EDGE_CURVE('',#2698,#2969,#1722,.T.);
#3752=EDGE_CURVE('',#2970,#2969,#1723,.T.);
#3753=EDGE_CURVE('',#2699,#2970,#1724,.T.);
#3754=EDGE_CURVE('',#2971,#2970,#1305,.T.);
#3755=EDGE_CURVE('',#2700,#2971,#1725,.T.);
#3756=EDGE_CURVE('',#2972,#2971,#1306,.T.);
#3757=EDGE_CURVE('',#2701,#2972,#1726,.T.);
#3758=EDGE_CURVE('',#2973,#2972,#1727,.T.);
#3759=EDGE_CURVE('',#2702,#2973,#1728,.T.);
#3760=EDGE_CURVE('',#2974,#2973,#1307,.T.);
#3761=EDGE_CURVE('',#2692,#2974,#1729,.T.);
#3762=EDGE_CURVE('',#2963,#2974,#1308,.T.);
#3763=EDGE_CURVE('',#2703,#2975,#1730,.T.);
#3764=EDGE_CURVE('',#2976,#2975,#1731,.T.);
#3765=EDGE_CURVE('',#2705,#2976,#1732,.T.);
#3766=EDGE_CURVE('',#2977,#2976,#1309,.T.);
#3767=EDGE_CURVE('',#2706,#2977,#1733,.T.);
#3768=EDGE_CURVE('',#2978,#2977,#1310,.T.);
#3769=EDGE_CURVE('',#2707,#2978,#1734,.T.);
#3770=EDGE_CURVE('',#2979,#2978,#1735,.T.);
#3771=EDGE_CURVE('',#2708,#2979,#1736,.T.);
#3772=EDGE_CURVE('',#2980,#2979,#1311,.T.);
#3773=EDGE_CURVE('',#2709,#2980,#1737,.T.);
#3774=EDGE_CURVE('',#2981,#2980,#1312,.T.);
#3775=EDGE_CURVE('',#2710,#2981,#1738,.T.);
#3776=EDGE_CURVE('',#2982,#2981,#1739,.T.);
#3777=EDGE_CURVE('',#2711,#2982,#1740,.T.);
#3778=EDGE_CURVE('',#2983,#2982,#1313,.T.);
#3779=EDGE_CURVE('',#2712,#2983,#1741,.T.);
#3780=EDGE_CURVE('',#2984,#2983,#1314,.T.);
#3781=EDGE_CURVE('',#2713,#2984,#1742,.T.);
#3782=EDGE_CURVE('',#2985,#2984,#1743,.T.);
#3783=EDGE_CURVE('',#2714,#2985,#1744,.T.);
#3784=EDGE_CURVE('',#2986,#2985,#1315,.T.);
#3785=EDGE_CURVE('',#2704,#2986,#1745,.T.);
#3786=EDGE_CURVE('',#2975,#2986,#1316,.T.);
#3787=EDGE_CURVE('',#2715,#2987,#1746,.T.);
#3788=EDGE_CURVE('',#2988,#2987,#1747,.T.);
#3789=EDGE_CURVE('',#2717,#2988,#1748,.T.);
#3790=EDGE_CURVE('',#2989,#2988,#1317,.T.);
#3791=EDGE_CURVE('',#2718,#2989,#1749,.T.);
#3792=EDGE_CURVE('',#2990,#2989,#1318,.T.);
#3793=EDGE_CURVE('',#2719,#2990,#1750,.T.);
#3794=EDGE_CURVE('',#2991,#2990,#1751,.T.);
#3795=EDGE_CURVE('',#2720,#2991,#1752,.T.);
#3796=EDGE_CURVE('',#2992,#2991,#1319,.T.);
#3797=EDGE_CURVE('',#2721,#2992,#1753,.T.);
#3798=EDGE_CURVE('',#2993,#2992,#1320,.T.);
#3799=EDGE_CURVE('',#2722,#2993,#1754,.T.);
#3800=EDGE_CURVE('',#2994,#2993,#1755,.T.);
#3801=EDGE_CURVE('',#2723,#2994,#1756,.T.);
#3802=EDGE_CURVE('',#2995,#2994,#1321,.T.);
#3803=EDGE_CURVE('',#2724,#2995,#1757,.T.);
#3804=EDGE_CURVE('',#2996,#2995,#1322,.T.);
#3805=EDGE_CURVE('',#2725,#2996,#1758,.T.);
#3806=EDGE_CURVE('',#2997,#2996,#1759,.T.);
#3807=EDGE_CURVE('',#2726,#2997,#1760,.T.);
#3808=EDGE_CURVE('',#2998,#2997,#1323,.T.);
#3809=EDGE_CURVE('',#2716,#2998,#1761,.T.);
#3810=EDGE_CURVE('',#2987,#2998,#1324,.T.);
#3811=EDGE_CURVE('',#2727,#2999,#1762,.T.);
#3812=EDGE_CURVE('',#3000,#2999,#1763,.T.);
#3813=EDGE_CURVE('',#2729,#3000,#1764,.T.);
#3814=EDGE_CURVE('',#3001,#3000,#1325,.T.);
#3815=EDGE_CURVE('',#2730,#3001,#1765,.T.);
#3816=EDGE_CURVE('',#3002,#3001,#1326,.T.);
#3817=EDGE_CURVE('',#2731,#3002,#1766,.T.);
#3818=EDGE_CURVE('',#3003,#3002,#1767,.T.);
#3819=EDGE_CURVE('',#2732,#3003,#1768,.T.);
#3820=EDGE_CURVE('',#3004,#3003,#1327,.T.);
#3821=EDGE_CURVE('',#2733,#3004,#1769,.T.);
#3822=EDGE_CURVE('',#3005,#3004,#1328,.T.);
#3823=EDGE_CURVE('',#2734,#3005,#1770,.T.);
#3824=EDGE_CURVE('',#3006,#3005,#1771,.T.);
#3825=EDGE_CURVE('',#2735,#3006,#1772,.T.);
#3826=EDGE_CURVE('',#3007,#3006,#1329,.T.);
#3827=EDGE_CURVE('',#2736,#3007,#1773,.T.);
#3828=EDGE_CURVE('',#3008,#3007,#1330,.T.);
#3829=EDGE_CURVE('',#2737,#3008,#1774,.T.);
#3830=EDGE_CURVE('',#3009,#3008,#1775,.T.);
#3831=EDGE_CURVE('',#2738,#3009,#1776,.T.);
#3832=EDGE_CURVE('',#3010,#3009,#1331,.T.);
#3833=EDGE_CURVE('',#2728,#3010,#1777,.T.);
#3834=EDGE_CURVE('',#2999,#3010,#1332,.T.);
#3835=EDGE_CURVE('',#3011,#3011,#1041,.T.);
#3836=EDGE_CURVE('',#3011,#2739,#1778,.T.);
#3837=EDGE_CURVE('',#2740,#3012,#1779,.T.);
#3838=EDGE_CURVE('',#3013,#3012,#1780,.T.);
#3839=EDGE_CURVE('',#2742,#3013,#1781,.T.);
#3840=EDGE_CURVE('',#3014,#3013,#1333,.T.);
#3841=EDGE_CURVE('',#2743,#3014,#1782,.T.);
#3842=EDGE_CURVE('',#3015,#3014,#1334,.T.);
#3843=EDGE_CURVE('',#2744,#3015,#1783,.T.);
#3844=EDGE_CURVE('',#3016,#3015,#1784,.T.);
#3845=EDGE_CURVE('',#2745,#3016,#1785,.T.);
#3846=EDGE_CURVE('',#3017,#3016,#1335,.T.);
#3847=EDGE_CURVE('',#2746,#3017,#1786,.T.);
#3848=EDGE_CURVE('',#3018,#3017,#1336,.T.);
#3849=EDGE_CURVE('',#2747,#3018,#1787,.T.);
#3850=EDGE_CURVE('',#3019,#3018,#1788,.T.);
#3851=EDGE_CURVE('',#2748,#3019,#1789,.T.);
#3852=EDGE_CURVE('',#3020,#3019,#1337,.T.);
#3853=EDGE_CURVE('',#2749,#3020,#1790,.T.);
#3854=EDGE_CURVE('',#3021,#3020,#1338,.T.);
#3855=EDGE_CURVE('',#2750,#3021,#1791,.T.);
#3856=EDGE_CURVE('',#3022,#3021,#1792,.T.);
#3857=EDGE_CURVE('',#2751,#3022,#1793,.T.);
#3858=EDGE_CURVE('',#3023,#3022,#1339,.T.);
#3859=EDGE_CURVE('',#2741,#3023,#1794,.T.);
#3860=EDGE_CURVE('',#3012,#3023,#1340,.T.);
#3861=EDGE_CURVE('',#3024,#3024,#1042,.T.);
#3862=EDGE_CURVE('',#3024,#2752,#1795,.T.);
#3863=EDGE_CURVE('',#2753,#3025,#1796,.T.);
#3864=EDGE_CURVE('',#3026,#3025,#1797,.T.);
#3865=EDGE_CURVE('',#2755,#3026,#1798,.T.);
#3866=EDGE_CURVE('',#3027,#3026,#1341,.T.);
#3867=EDGE_CURVE('',#2756,#3027,#1799,.T.);
#3868=EDGE_CURVE('',#3028,#3027,#1342,.T.);
#3869=EDGE_CURVE('',#2757,#3028,#1800,.T.);
#3870=EDGE_CURVE('',#3029,#3028,#1801,.T.);
#3871=EDGE_CURVE('',#2758,#3029,#1802,.T.);
#3872=EDGE_CURVE('',#3030,#3029,#1343,.T.);
#3873=EDGE_CURVE('',#2759,#3030,#1803,.T.);
#3874=EDGE_CURVE('',#3031,#3030,#1344,.T.);
#3875=EDGE_CURVE('',#2760,#3031,#1804,.T.);
#3876=EDGE_CURVE('',#3032,#3031,#1805,.T.);
#3877=EDGE_CURVE('',#2761,#3032,#1806,.T.);
#3878=EDGE_CURVE('',#3033,#3032,#1345,.T.);
#3879=EDGE_CURVE('',#2762,#3033,#1807,.T.);
#3880=EDGE_CURVE('',#3034,#3033,#1346,.T.);
#3881=EDGE_CURVE('',#2763,#3034,#1808,.T.);
#3882=EDGE_CURVE('',#3035,#3034,#1809,.T.);
#3883=EDGE_CURVE('',#2764,#3035,#1810,.T.);
#3884=EDGE_CURVE('',#3036,#3035,#1347,.T.);
#3885=EDGE_CURVE('',#2754,#3036,#1811,.T.);
#3886=EDGE_CURVE('',#3025,#3036,#1348,.T.);
#3887=EDGE_CURVE('',#2765,#3037,#1812,.T.);
#3888=EDGE_CURVE('',#3038,#3037,#1813,.T.);
#3889=EDGE_CURVE('',#2767,#3038,#1814,.T.);
#3890=EDGE_CURVE('',#3039,#3038,#1349,.T.);
#3891=EDGE_CURVE('',#2768,#3039,#1815,.T.);
#3892=EDGE_CURVE('',#3040,#3039,#1350,.T.);
#3893=EDGE_CURVE('',#2769,#3040,#1816,.T.);
#3894=EDGE_CURVE('',#3041,#3040,#1817,.T.);
#3895=EDGE_CURVE('',#2770,#3041,#1818,.T.);
#3896=EDGE_CURVE('',#3042,#3041,#1351,.T.);
#3897=EDGE_CURVE('',#2771,#3042,#1819,.T.);
#3898=EDGE_CURVE('',#3043,#3042,#1352,.T.);
#3899=EDGE_CURVE('',#2772,#3043,#1820,.T.);
#3900=EDGE_CURVE('',#3044,#3043,#1821,.T.);
#3901=EDGE_CURVE('',#2773,#3044,#1822,.T.);
#3902=EDGE_CURVE('',#3045,#3044,#1353,.T.);
#3903=EDGE_CURVE('',#2774,#3045,#1823,.T.);
#3904=EDGE_CURVE('',#3046,#3045,#1354,.T.);
#3905=EDGE_CURVE('',#2775,#3046,#1824,.T.);
#3906=EDGE_CURVE('',#3047,#3046,#1825,.T.);
#3907=EDGE_CURVE('',#2776,#3047,#1826,.T.);
#3908=EDGE_CURVE('',#3048,#3047,#1355,.T.);
#3909=EDGE_CURVE('',#2766,#3048,#1827,.T.);
#3910=EDGE_CURVE('',#3037,#3048,#1356,.T.);
#3911=EDGE_CURVE('',#2777,#3049,#1828,.T.);
#3912=EDGE_CURVE('',#3050,#3049,#1829,.T.);
#3913=EDGE_CURVE('',#2779,#3050,#1830,.T.);
#3914=EDGE_CURVE('',#3051,#3050,#1357,.T.);
#3915=EDGE_CURVE('',#2780,#3051,#1831,.T.);
#3916=EDGE_CURVE('',#3052,#3051,#1358,.T.);
#3917=EDGE_CURVE('',#2781,#3052,#1832,.T.);
#3918=EDGE_CURVE('',#3053,#3052,#1833,.T.);
#3919=EDGE_CURVE('',#2782,#3053,#1834,.T.);
#3920=EDGE_CURVE('',#3054,#3053,#1359,.T.);
#3921=EDGE_CURVE('',#2783,#3054,#1835,.T.);
#3922=EDGE_CURVE('',#3055,#3054,#1360,.T.);
#3923=EDGE_CURVE('',#2784,#3055,#1836,.T.);
#3924=EDGE_CURVE('',#3056,#3055,#1837,.T.);
#3925=EDGE_CURVE('',#2785,#3056,#1838,.T.);
#3926=EDGE_CURVE('',#3057,#3056,#1361,.T.);
#3927=EDGE_CURVE('',#2786,#3057,#1839,.T.);
#3928=EDGE_CURVE('',#3058,#3057,#1362,.T.);
#3929=EDGE_CURVE('',#2787,#3058,#1840,.T.);
#3930=EDGE_CURVE('',#3059,#3058,#1841,.T.);
#3931=EDGE_CURVE('',#2788,#3059,#1842,.T.);
#3932=EDGE_CURVE('',#3060,#3059,#1363,.T.);
#3933=EDGE_CURVE('',#2778,#3060,#1843,.T.);
#3934=EDGE_CURVE('',#3049,#3060,#1364,.T.);
#3935=EDGE_CURVE('',#3061,#3061,#1043,.T.);
#3936=EDGE_CURVE('',#3061,#2789,#1844,.T.);
#3937=EDGE_CURVE('',#3062,#3062,#1044,.T.);
#3938=EDGE_CURVE('',#3062,#2790,#1845,.T.);
#3939=EDGE_CURVE('',#2791,#3063,#1846,.T.);
#3940=EDGE_CURVE('',#3064,#3063,#1847,.T.);
#3941=EDGE_CURVE('',#2793,#3064,#1848,.T.);
#3942=EDGE_CURVE('',#3065,#3064,#1365,.T.);
#3943=EDGE_CURVE('',#2794,#3065,#1849,.T.);
#3944=EDGE_CURVE('',#3066,#3065,#1366,.T.);
#3945=EDGE_CURVE('',#2795,#3066,#1850,.T.);
#3946=EDGE_CURVE('',#3067,#3066,#1851,.T.);
#3947=EDGE_CURVE('',#2796,#3067,#1852,.T.);
#3948=EDGE_CURVE('',#3068,#3067,#1367,.T.);
#3949=EDGE_CURVE('',#2797,#3068,#1853,.T.);
#3950=EDGE_CURVE('',#3069,#3068,#1368,.T.);
#3951=EDGE_CURVE('',#2798,#3069,#1854,.T.);
#3952=EDGE_CURVE('',#3070,#3069,#1855,.T.);
#3953=EDGE_CURVE('',#2799,#3070,#1856,.T.);
#3954=EDGE_CURVE('',#3071,#3070,#1369,.T.);
#3955=EDGE_CURVE('',#2800,#3071,#1857,.T.);
#3956=EDGE_CURVE('',#3072,#3071,#1370,.T.);
#3957=EDGE_CURVE('',#2801,#3072,#1858,.T.);
#3958=EDGE_CURVE('',#3073,#3072,#1859,.T.);
#3959=EDGE_CURVE('',#2802,#3073,#1860,.T.);
#3960=EDGE_CURVE('',#3074,#3073,#1371,.T.);
#3961=EDGE_CURVE('',#2792,#3074,#1861,.T.);
#3962=EDGE_CURVE('',#3063,#3074,#1372,.T.);
#3963=EDGE_CURVE('',#2803,#3075,#1862,.T.);
#3964=EDGE_CURVE('',#3076,#3075,#1863,.T.);
#3965=EDGE_CURVE('',#2805,#3076,#1864,.T.);
#3966=EDGE_CURVE('',#3077,#3076,#1373,.T.);
#3967=EDGE_CURVE('',#2806,#3077,#1865,.T.);
#3968=EDGE_CURVE('',#3078,#3077,#1866,.T.);
#3969=EDGE_CURVE('',#2807,#3078,#1867,.T.);
#3970=EDGE_CURVE('',#3079,#3078,#1374,.T.);
#3971=EDGE_CURVE('',#2808,#3079,#1868,.T.);
#3972=EDGE_CURVE('',#3080,#3079,#1869,.T.);
#3973=EDGE_CURVE('',#2809,#3080,#1870,.T.);
#3974=EDGE_CURVE('',#3081,#3080,#1375,.T.);
#3975=EDGE_CURVE('',#2810,#3081,#1871,.T.);
#3976=EDGE_CURVE('',#3082,#3081,#1872,.T.);
#3977=EDGE_CURVE('',#2804,#3082,#1873,.T.);
#3978=EDGE_CURVE('',#3075,#3082,#1376,.T.);
#3979=EDGE_CURVE('',#2811,#3083,#1874,.T.);
#3980=EDGE_CURVE('',#3084,#3083,#1875,.T.);
#3981=EDGE_CURVE('',#2813,#3084,#1876,.T.);
#3982=EDGE_CURVE('',#3085,#3084,#1877,.T.);
#3983=EDGE_CURVE('',#2814,#3085,#1878,.T.);
#3984=EDGE_CURVE('',#3086,#3085,#1879,.T.);
#3985=EDGE_CURVE('',#2812,#3086,#1880,.T.);
#3986=EDGE_CURVE('',#3083,#3086,#1881,.T.);
#3987=EDGE_CURVE('',#3087,#3087,#1045,.T.);
#3988=EDGE_CURVE('',#3087,#2815,#1882,.T.);
#3989=EDGE_CURVE('',#2816,#3088,#1883,.T.);
#3990=EDGE_CURVE('',#3089,#3088,#1884,.T.);
#3991=EDGE_CURVE('',#2818,#3089,#1885,.T.);
#3992=EDGE_CURVE('',#3090,#3089,#1377,.T.);
#3993=EDGE_CURVE('',#2819,#3090,#1886,.T.);
#3994=EDGE_CURVE('',#3091,#3090,#1378,.T.);
#3995=EDGE_CURVE('',#2820,#3091,#1887,.T.);
#3996=EDGE_CURVE('',#3092,#3091,#1888,.T.);
#3997=EDGE_CURVE('',#2821,#3092,#1889,.T.);
#3998=EDGE_CURVE('',#3093,#3092,#1379,.T.);
#3999=EDGE_CURVE('',#2822,#3093,#1890,.T.);
#4000=EDGE_CURVE('',#3094,#3093,#1380,.T.);
#4001=EDGE_CURVE('',#2823,#3094,#1891,.T.);
#4002=EDGE_CURVE('',#3095,#3094,#1892,.T.);
#4003=EDGE_CURVE('',#2824,#3095,#1893,.T.);
#4004=EDGE_CURVE('',#3096,#3095,#1381,.T.);
#4005=EDGE_CURVE('',#2825,#3096,#1894,.T.);
#4006=EDGE_CURVE('',#3097,#3096,#1382,.T.);
#4007=EDGE_CURVE('',#2826,#3097,#1895,.T.);
#4008=EDGE_CURVE('',#3098,#3097,#1896,.T.);
#4009=EDGE_CURVE('',#2827,#3098,#1897,.T.);
#4010=EDGE_CURVE('',#3099,#3098,#1383,.T.);
#4011=EDGE_CURVE('',#2817,#3099,#1898,.T.);
#4012=EDGE_CURVE('',#3088,#3099,#1384,.T.);
#4013=EDGE_CURVE('',#2828,#3100,#1899,.T.);
#4014=EDGE_CURVE('',#3101,#3100,#1900,.T.);
#4015=EDGE_CURVE('',#2830,#3101,#1901,.T.);
#4016=EDGE_CURVE('',#3102,#3101,#1385,.T.);
#4017=EDGE_CURVE('',#2831,#3102,#1902,.T.);
#4018=EDGE_CURVE('',#3103,#3102,#1386,.T.);
#4019=EDGE_CURVE('',#2832,#3103,#1903,.T.);
#4020=EDGE_CURVE('',#3104,#3103,#1904,.T.);
#4021=EDGE_CURVE('',#2833,#3104,#1905,.T.);
#4022=EDGE_CURVE('',#3105,#3104,#1387,.T.);
#4023=EDGE_CURVE('',#2834,#3105,#1906,.T.);
#4024=EDGE_CURVE('',#3106,#3105,#1388,.T.);
#4025=EDGE_CURVE('',#2835,#3106,#1907,.T.);
#4026=EDGE_CURVE('',#3107,#3106,#1908,.T.);
#4027=EDGE_CURVE('',#2836,#3107,#1909,.T.);
#4028=EDGE_CURVE('',#3108,#3107,#1389,.T.);
#4029=EDGE_CURVE('',#2837,#3108,#1910,.T.);
#4030=EDGE_CURVE('',#3109,#3108,#1390,.T.);
#4031=EDGE_CURVE('',#2838,#3109,#1911,.T.);
#4032=EDGE_CURVE('',#3110,#3109,#1912,.T.);
#4033=EDGE_CURVE('',#2839,#3110,#1913,.T.);
#4034=EDGE_CURVE('',#3111,#3110,#1391,.T.);
#4035=EDGE_CURVE('',#2829,#3111,#1914,.T.);
#4036=EDGE_CURVE('',#3100,#3111,#1392,.T.);
#4037=EDGE_CURVE('',#2863,#2537,#1915,.T.);
#4038=EDGE_CURVE('',#2864,#2536,#1916,.T.);
#4039=EDGE_CURVE('',#3112,#2535,#1917,.T.);
#4040=EDGE_CURVE('',#2865,#3112,#1918,.T.);
#4041=EDGE_CURVE('',#2857,#2543,#1919,.T.);
#4042=EDGE_CURVE('',#2858,#2542,#1920,.T.);
#4043=EDGE_CURVE('',#2859,#2541,#1921,.T.);
#4044=EDGE_CURVE('',#2860,#2540,#1922,.T.);
#4045=EDGE_CURVE('',#2861,#2539,#1923,.T.);
#4046=EDGE_CURVE('',#2862,#2538,#1924,.T.);
#4047=EDGE_CURVE('',#3113,#3113,#1046,.T.);
#4048=EDGE_CURVE('',#3113,#3114,#1925,.T.);
#4049=EDGE_CURVE('',#3114,#3114,#1047,.T.);
#4050=EDGE_CURVE('',#3115,#3115,#1048,.T.);
#4051=EDGE_CURVE('',#3115,#3116,#1926,.T.);
#4052=EDGE_CURVE('',#3116,#3116,#1049,.T.);
#4053=EDGE_CURVE('',#3117,#3117,#1050,.T.);
#4054=EDGE_CURVE('',#3117,#3118,#1927,.T.);
#4055=EDGE_CURVE('',#3118,#3118,#1051,.T.);
#4056=EDGE_CURVE('',#3119,#3119,#1052,.T.);
#4057=EDGE_CURVE('',#3119,#3120,#1928,.T.);
#4058=EDGE_CURVE('',#3120,#3120,#1053,.T.);
#4059=EDGE_CURVE('',#3121,#3121,#1054,.T.);
#4060=EDGE_CURVE('',#3121,#3122,#1929,.T.);
#4061=EDGE_CURVE('',#3122,#3122,#1055,.T.);
#4062=EDGE_CURVE('',#3123,#3123,#1056,.T.);
#4063=EDGE_CURVE('',#3123,#3124,#1930,.T.);
#4064=EDGE_CURVE('',#3124,#3124,#1057,.T.);
#4065=EDGE_CURVE('',#3125,#3125,#1058,.T.);
#4066=EDGE_CURVE('',#3125,#3126,#1931,.T.);
#4067=EDGE_CURVE('',#3126,#3126,#1059,.T.);
#4068=EDGE_CURVE('',#3127,#3128,#1932,.T.);
#4069=EDGE_CURVE('',#3127,#3129,#1933,.T.);
#4070=EDGE_CURVE('',#3130,#3129,#1934,.T.);
#4071=EDGE_CURVE('',#3128,#3130,#1935,.T.);
#4072=EDGE_CURVE('',#3131,#3128,#1393,.T.);
#4073=EDGE_CURVE('',#3132,#3130,#1394,.T.);
#4074=EDGE_CURVE('',#3131,#3132,#1936,.T.);
#4075=EDGE_CURVE('',#3131,#3133,#1937,.T.);
#4076=EDGE_CURVE('',#3134,#3132,#1938,.T.);
#4077=EDGE_CURVE('',#3133,#3134,#1939,.T.);
#4078=EDGE_CURVE('',#3135,#3133,#1395,.T.);
#4079=EDGE_CURVE('',#3136,#3134,#1396,.T.);
#4080=EDGE_CURVE('',#3135,#3136,#1940,.T.);
#4081=EDGE_CURVE('',#3135,#3137,#1941,.T.);
#4082=EDGE_CURVE('',#3138,#3136,#1942,.T.);
#4083=EDGE_CURVE('',#3137,#3138,#1943,.T.);
#4084=EDGE_CURVE('',#3137,#3139,#1944,.T.);
#4085=EDGE_CURVE('',#3140,#3138,#1945,.T.);
#4086=EDGE_CURVE('',#3139,#3140,#1946,.T.);
#4087=EDGE_CURVE('',#3141,#3139,#1060,.T.);
#4088=EDGE_CURVE('',#3142,#3140,#1061,.T.);
#4089=EDGE_CURVE('',#3141,#3142,#1947,.T.);
#4090=EDGE_CURVE('',#3143,#3141,#1397,.T.);
#4091=EDGE_CURVE('',#3144,#3142,#1398,.T.);
#4092=EDGE_CURVE('',#3143,#3144,#1948,.T.);
#4093=EDGE_CURVE('',#3145,#3143,#1399,.T.);
#4094=EDGE_CURVE('',#3146,#3144,#1400,.T.);
#4095=EDGE_CURVE('',#3145,#3146,#1949,.T.);
#4096=EDGE_CURVE('',#3145,#3147,#1950,.T.);
#4097=EDGE_CURVE('',#3148,#3146,#1951,.T.);
#4098=EDGE_CURVE('',#3147,#3148,#1952,.T.);
#4099=EDGE_CURVE('',#3149,#3147,#1401,.T.);
#4100=EDGE_CURVE('',#3150,#3148,#1402,.T.);
#4101=EDGE_CURVE('',#3149,#3150,#1953,.T.);
#4102=EDGE_CURVE('',#3149,#3151,#1954,.T.);
#4103=EDGE_CURVE('',#3152,#3150,#1955,.T.);
#4104=EDGE_CURVE('',#3151,#3152,#1956,.T.);
#4105=EDGE_CURVE('',#3153,#3151,#1403,.T.);
#4106=EDGE_CURVE('',#3154,#3152,#1404,.T.);
#4107=EDGE_CURVE('',#3153,#3154,#1957,.T.);
#4108=EDGE_CURVE('',#3153,#3155,#1958,.T.);
#4109=EDGE_CURVE('',#3156,#3154,#1959,.T.);
#4110=EDGE_CURVE('',#3155,#3156,#1960,.T.);
#4111=EDGE_CURVE('',#3157,#3155,#1405,.T.);
#4112=EDGE_CURVE('',#3158,#3156,#1406,.T.);
#4113=EDGE_CURVE('',#3157,#3158,#1961,.T.);
#4114=EDGE_CURVE('',#3157,#3159,#1962,.T.);
#4115=EDGE_CURVE('',#3160,#3158,#1963,.T.);
#4116=EDGE_CURVE('',#3159,#3160,#1964,.T.);
#4117=EDGE_CURVE('',#3161,#3159,#1407,.T.);
#4118=EDGE_CURVE('',#3162,#3160,#1408,.T.);
#4119=EDGE_CURVE('',#3161,#3162,#1965,.T.);
#4120=EDGE_CURVE('',#3161,#3163,#1966,.T.);
#4121=EDGE_CURVE('',#3164,#3162,#1967,.T.);
#4122=EDGE_CURVE('',#3163,#3164,#1968,.T.);
#4123=EDGE_CURVE('',#3165,#3163,#1409,.T.);
#4124=EDGE_CURVE('',#3166,#3164,#1410,.T.);
#4125=EDGE_CURVE('',#3165,#3166,#1969,.T.);
#4126=EDGE_CURVE('',#3165,#3167,#1970,.T.);
#4127=EDGE_CURVE('',#3168,#3166,#1971,.T.);
#4128=EDGE_CURVE('',#3167,#3168,#1972,.T.);
#4129=EDGE_CURVE('',#3127,#3167,#1411,.T.);
#4130=EDGE_CURVE('',#3129,#3168,#1412,.T.);
#4131=ORIENTED_EDGE('',*,*,#3169,.T.);
#4132=ORIENTED_EDGE('',*,*,#3170,.T.);
#4133=ORIENTED_EDGE('',*,*,#3171,.T.);
#4134=ORIENTED_EDGE('',*,*,#3172,.T.);
#4135=ORIENTED_EDGE('',*,*,#3173,.T.);
#4136=ORIENTED_EDGE('',*,*,#3174,.T.);
#4137=ORIENTED_EDGE('',*,*,#3175,.T.);
#4138=ORIENTED_EDGE('',*,*,#3176,.T.);
#4139=ORIENTED_EDGE('',*,*,#3177,.T.);
#4140=ORIENTED_EDGE('',*,*,#3178,.T.);
#4141=ORIENTED_EDGE('',*,*,#3179,.T.);
#4142=ORIENTED_EDGE('',*,*,#3180,.T.);
#4143=ORIENTED_EDGE('',*,*,#3181,.T.);
#4144=ORIENTED_EDGE('',*,*,#3182,.T.);
#4145=ORIENTED_EDGE('',*,*,#3183,.T.);
#4146=ORIENTED_EDGE('',*,*,#3184,.T.);
#4147=ORIENTED_EDGE('',*,*,#3185,.T.);
#4148=ORIENTED_EDGE('',*,*,#3186,.T.);
#4149=ORIENTED_EDGE('',*,*,#3187,.T.);
#4150=ORIENTED_EDGE('',*,*,#3188,.T.);
#4151=ORIENTED_EDGE('',*,*,#3189,.T.);
#4152=ORIENTED_EDGE('',*,*,#3190,.T.);
#4153=ORIENTED_EDGE('',*,*,#3191,.T.);
#4154=ORIENTED_EDGE('',*,*,#3192,.T.);
#4155=ORIENTED_EDGE('',*,*,#3193,.T.);
#4156=ORIENTED_EDGE('',*,*,#3194,.T.);
#4157=ORIENTED_EDGE('',*,*,#3195,.T.);
#4158=ORIENTED_EDGE('',*,*,#3196,.T.);
#4159=ORIENTED_EDGE('',*,*,#3197,.T.);
#4160=ORIENTED_EDGE('',*,*,#3198,.T.);
#4161=ORIENTED_EDGE('',*,*,#3199,.T.);
#4162=ORIENTED_EDGE('',*,*,#3200,.T.);
#4163=ORIENTED_EDGE('',*,*,#3201,.T.);
#4164=ORIENTED_EDGE('',*,*,#3202,.T.);
#4165=ORIENTED_EDGE('',*,*,#3203,.T.);
#4166=ORIENTED_EDGE('',*,*,#3204,.T.);
#4167=ORIENTED_EDGE('',*,*,#3205,.T.);
#4168=ORIENTED_EDGE('',*,*,#3206,.T.);
#4169=ORIENTED_EDGE('',*,*,#3207,.T.);
#4170=ORIENTED_EDGE('',*,*,#3208,.T.);
#4171=ORIENTED_EDGE('',*,*,#3209,.T.);
#4172=ORIENTED_EDGE('',*,*,#3210,.T.);
#4173=ORIENTED_EDGE('',*,*,#3211,.T.);
#4174=ORIENTED_EDGE('',*,*,#3212,.T.);
#4175=ORIENTED_EDGE('',*,*,#3213,.T.);
#4176=ORIENTED_EDGE('',*,*,#3214,.T.);
#4177=ORIENTED_EDGE('',*,*,#3215,.T.);
#4178=ORIENTED_EDGE('',*,*,#3216,.F.);
#4179=ORIENTED_EDGE('',*,*,#3217,.F.);
#4180=ORIENTED_EDGE('',*,*,#3218,.T.);
#4181=ORIENTED_EDGE('',*,*,#3215,.F.);
#4182=ORIENTED_EDGE('',*,*,#3217,.T.);
#4183=ORIENTED_EDGE('',*,*,#3219,.F.);
#4184=ORIENTED_EDGE('',*,*,#3220,.F.);
#4185=ORIENTED_EDGE('',*,*,#3221,.F.);
#4186=ORIENTED_EDGE('',*,*,#3222,.F.);
#4187=ORIENTED_EDGE('',*,*,#3191,.F.);
#4188=ORIENTED_EDGE('',*,*,#3223,.F.);
#4189=ORIENTED_EDGE('',*,*,#3220,.T.);
#4190=ORIENTED_EDGE('',*,*,#3221,.T.);
#4191=ORIENTED_EDGE('',*,*,#3223,.T.);
#4192=ORIENTED_EDGE('',*,*,#3190,.F.);
#4193=ORIENTED_EDGE('',*,*,#3224,.F.);
#4194=ORIENTED_EDGE('',*,*,#3225,.F.);
#4195=ORIENTED_EDGE('',*,*,#3226,.T.);
#4196=ORIENTED_EDGE('',*,*,#3227,.T.);
#4197=ORIENTED_EDGE('',*,*,#3228,.T.);
#4198=ORIENTED_EDGE('',*,*,#3229,.F.);
#4199=ORIENTED_EDGE('',*,*,#3230,.T.);
#4200=ORIENTED_EDGE('',*,*,#3169,.F.);
#4201=ORIENTED_EDGE('',*,*,#3218,.F.);
#4202=ORIENTED_EDGE('',*,*,#3231,.F.);
#4203=ORIENTED_EDGE('',*,*,#3232,.F.);
#4204=ORIENTED_EDGE('',*,*,#3227,.F.);
#4205=ORIENTED_EDGE('',*,*,#3233,.F.);
#4206=ORIENTED_EDGE('',*,*,#3234,.T.);
#4207=ORIENTED_EDGE('',*,*,#3225,.T.);
#4208=ORIENTED_EDGE('',*,*,#3235,.T.);
#4209=ORIENTED_EDGE('',*,*,#3236,.T.);
#4210=ORIENTED_EDGE('',*,*,#3237,.T.);
#4211=ORIENTED_EDGE('',*,*,#3238,.T.);
#4212=ORIENTED_EDGE('',*,*,#3239,.T.);
#4213=ORIENTED_EDGE('',*,*,#3229,.T.);
#4214=ORIENTED_EDGE('',*,*,#3240,.T.);
#4215=ORIENTED_EDGE('',*,*,#3241,.F.);
#4216=ORIENTED_EDGE('',*,*,#3242,.F.);
#4217=ORIENTED_EDGE('',*,*,#3243,.F.);
#4218=ORIENTED_EDGE('',*,*,#3244,.F.);
#4219=ORIENTED_EDGE('',*,*,#3245,.F.);
#4220=ORIENTED_EDGE('',*,*,#3246,.T.);
#4221=ORIENTED_EDGE('',*,*,#3236,.F.);
#4222=ORIENTED_EDGE('',*,*,#3247,.F.);
#4223=ORIENTED_EDGE('',*,*,#3248,.F.);
#4224=ORIENTED_EDGE('',*,*,#3249,.F.);
#4225=ORIENTED_EDGE('',*,*,#3250,.F.);
#4226=ORIENTED_EDGE('',*,*,#3251,.F.);
#4227=ORIENTED_EDGE('',*,*,#3252,.F.);
#4228=ORIENTED_EDGE('',*,*,#3253,.F.);
#4229=ORIENTED_EDGE('',*,*,#3254,.F.);
#4230=ORIENTED_EDGE('',*,*,#3255,.F.);
#4231=ORIENTED_EDGE('',*,*,#3256,.F.);
#4232=ORIENTED_EDGE('',*,*,#3257,.F.);
#4233=ORIENTED_EDGE('',*,*,#3258,.F.);
#4234=ORIENTED_EDGE('',*,*,#3259,.F.);
#4235=ORIENTED_EDGE('',*,*,#3260,.F.);
#4236=ORIENTED_EDGE('',*,*,#3261,.F.);
#4237=ORIENTED_EDGE('',*,*,#3262,.F.);
#4238=ORIENTED_EDGE('',*,*,#3263,.F.);
#4239=ORIENTED_EDGE('',*,*,#3264,.F.);
#4240=ORIENTED_EDGE('',*,*,#3265,.F.);
#4241=ORIENTED_EDGE('',*,*,#3266,.F.);
#4242=ORIENTED_EDGE('',*,*,#3238,.F.);
#4243=ORIENTED_EDGE('',*,*,#3267,.F.);
#4244=ORIENTED_EDGE('',*,*,#3268,.F.);
#4245=ORIENTED_EDGE('',*,*,#3269,.F.);
#4246=ORIENTED_EDGE('',*,*,#3270,.F.);
#4247=ORIENTED_EDGE('',*,*,#3271,.F.);
#4248=ORIENTED_EDGE('',*,*,#3272,.F.);
#4249=ORIENTED_EDGE('',*,*,#3273,.F.);
#4250=ORIENTED_EDGE('',*,*,#3274,.F.);
#4251=ORIENTED_EDGE('',*,*,#3275,.F.);
#4252=ORIENTED_EDGE('',*,*,#3276,.F.);
#4253=ORIENTED_EDGE('',*,*,#3277,.F.);
#4254=ORIENTED_EDGE('',*,*,#3278,.F.);
#4255=ORIENTED_EDGE('',*,*,#3279,.F.);
#4256=ORIENTED_EDGE('',*,*,#3280,.F.);
#4257=ORIENTED_EDGE('',*,*,#3281,.F.);
#4258=ORIENTED_EDGE('',*,*,#3282,.F.);
#4259=ORIENTED_EDGE('',*,*,#3283,.F.);
#4260=ORIENTED_EDGE('',*,*,#3284,.F.);
#4261=ORIENTED_EDGE('',*,*,#3285,.F.);
#4262=ORIENTED_EDGE('',*,*,#3286,.F.);
#4263=ORIENTED_EDGE('',*,*,#3287,.F.);
#4264=ORIENTED_EDGE('',*,*,#3288,.F.);
#4265=ORIENTED_EDGE('',*,*,#3289,.F.);
#4266=ORIENTED_EDGE('',*,*,#3290,.F.);
#4267=ORIENTED_EDGE('',*,*,#3291,.F.);
#4268=ORIENTED_EDGE('',*,*,#3292,.F.);
#4269=ORIENTED_EDGE('',*,*,#3293,.F.);
#4270=ORIENTED_EDGE('',*,*,#3294,.F.);
#4271=ORIENTED_EDGE('',*,*,#3295,.F.);
#4272=ORIENTED_EDGE('',*,*,#3296,.F.);
#4273=ORIENTED_EDGE('',*,*,#3297,.F.);
#4274=ORIENTED_EDGE('',*,*,#3298,.F.);
#4275=ORIENTED_EDGE('',*,*,#3299,.F.);
#4276=ORIENTED_EDGE('',*,*,#3300,.F.);
#4277=ORIENTED_EDGE('',*,*,#3301,.F.);
#4278=ORIENTED_EDGE('',*,*,#3302,.F.);
#4279=ORIENTED_EDGE('',*,*,#3303,.F.);
#4280=ORIENTED_EDGE('',*,*,#3304,.F.);
#4281=ORIENTED_EDGE('',*,*,#3305,.F.);
#4282=ORIENTED_EDGE('',*,*,#3306,.F.);
#4283=ORIENTED_EDGE('',*,*,#3307,.F.);
#4284=ORIENTED_EDGE('',*,*,#3308,.F.);
#4285=ORIENTED_EDGE('',*,*,#3309,.F.);
#4286=ORIENTED_EDGE('',*,*,#3310,.F.);
#4287=ORIENTED_EDGE('',*,*,#3311,.F.);
#4288=ORIENTED_EDGE('',*,*,#3312,.F.);
#4289=ORIENTED_EDGE('',*,*,#3313,.F.);
#4290=ORIENTED_EDGE('',*,*,#3314,.F.);
#4291=ORIENTED_EDGE('',*,*,#3315,.F.);
#4292=ORIENTED_EDGE('',*,*,#3316,.F.);
#4293=ORIENTED_EDGE('',*,*,#3317,.F.);
#4294=ORIENTED_EDGE('',*,*,#3318,.F.);
#4295=ORIENTED_EDGE('',*,*,#3319,.F.);
#4296=ORIENTED_EDGE('',*,*,#3320,.F.);
#4297=ORIENTED_EDGE('',*,*,#3321,.F.);
#4298=ORIENTED_EDGE('',*,*,#3322,.F.);
#4299=ORIENTED_EDGE('',*,*,#3323,.F.);
#4300=ORIENTED_EDGE('',*,*,#3324,.F.);
#4301=ORIENTED_EDGE('',*,*,#3325,.F.);
#4302=ORIENTED_EDGE('',*,*,#3326,.F.);
#4303=ORIENTED_EDGE('',*,*,#3327,.F.);
#4304=ORIENTED_EDGE('',*,*,#3328,.F.);
#4305=ORIENTED_EDGE('',*,*,#3329,.F.);
#4306=ORIENTED_EDGE('',*,*,#3330,.F.);
#4307=ORIENTED_EDGE('',*,*,#3331,.F.);
#4308=ORIENTED_EDGE('',*,*,#3332,.F.);
#4309=ORIENTED_EDGE('',*,*,#3333,.F.);
#4310=ORIENTED_EDGE('',*,*,#3334,.F.);
#4311=ORIENTED_EDGE('',*,*,#3335,.F.);
#4312=ORIENTED_EDGE('',*,*,#3336,.F.);
#4313=ORIENTED_EDGE('',*,*,#3337,.F.);
#4314=ORIENTED_EDGE('',*,*,#3338,.F.);
#4315=ORIENTED_EDGE('',*,*,#3339,.F.);
#4316=ORIENTED_EDGE('',*,*,#3340,.F.);
#4317=ORIENTED_EDGE('',*,*,#3341,.F.);
#4318=ORIENTED_EDGE('',*,*,#3342,.F.);
#4319=ORIENTED_EDGE('',*,*,#3343,.F.);
#4320=ORIENTED_EDGE('',*,*,#3344,.F.);
#4321=ORIENTED_EDGE('',*,*,#3345,.F.);
#4322=ORIENTED_EDGE('',*,*,#3346,.F.);
#4323=ORIENTED_EDGE('',*,*,#3347,.F.);
#4324=ORIENTED_EDGE('',*,*,#3348,.F.);
#4325=ORIENTED_EDGE('',*,*,#3349,.F.);
#4326=ORIENTED_EDGE('',*,*,#3350,.F.);
#4327=ORIENTED_EDGE('',*,*,#3351,.F.);
#4328=ORIENTED_EDGE('',*,*,#3352,.F.);
#4329=ORIENTED_EDGE('',*,*,#3353,.F.);
#4330=ORIENTED_EDGE('',*,*,#3354,.F.);
#4331=ORIENTED_EDGE('',*,*,#3355,.F.);
#4332=ORIENTED_EDGE('',*,*,#3356,.F.);
#4333=ORIENTED_EDGE('',*,*,#3357,.F.);
#4334=ORIENTED_EDGE('',*,*,#3358,.F.);
#4335=ORIENTED_EDGE('',*,*,#3359,.F.);
#4336=ORIENTED_EDGE('',*,*,#3360,.F.);
#4337=ORIENTED_EDGE('',*,*,#3361,.F.);
#4338=ORIENTED_EDGE('',*,*,#3362,.F.);
#4339=ORIENTED_EDGE('',*,*,#3363,.F.);
#4340=ORIENTED_EDGE('',*,*,#3364,.F.);
#4341=ORIENTED_EDGE('',*,*,#3365,.F.);
#4342=ORIENTED_EDGE('',*,*,#3366,.F.);
#4343=ORIENTED_EDGE('',*,*,#3367,.F.);
#4344=ORIENTED_EDGE('',*,*,#3368,.F.);
#4345=ORIENTED_EDGE('',*,*,#3369,.F.);
#4346=ORIENTED_EDGE('',*,*,#3370,.F.);
#4347=ORIENTED_EDGE('',*,*,#3371,.F.);
#4348=ORIENTED_EDGE('',*,*,#3372,.F.);
#4349=ORIENTED_EDGE('',*,*,#3373,.F.);
#4350=ORIENTED_EDGE('',*,*,#3374,.F.);
#4351=ORIENTED_EDGE('',*,*,#3375,.F.);
#4352=ORIENTED_EDGE('',*,*,#3376,.F.);
#4353=ORIENTED_EDGE('',*,*,#3377,.F.);
#4354=ORIENTED_EDGE('',*,*,#3378,.F.);
#4355=ORIENTED_EDGE('',*,*,#3379,.F.);
#4356=ORIENTED_EDGE('',*,*,#3380,.F.);
#4357=ORIENTED_EDGE('',*,*,#3381,.F.);
#4358=ORIENTED_EDGE('',*,*,#3382,.F.);
#4359=ORIENTED_EDGE('',*,*,#3383,.F.);
#4360=ORIENTED_EDGE('',*,*,#3384,.F.);
#4361=ORIENTED_EDGE('',*,*,#3385,.F.);
#4362=ORIENTED_EDGE('',*,*,#3386,.F.);
#4363=ORIENTED_EDGE('',*,*,#3387,.F.);
#4364=ORIENTED_EDGE('',*,*,#3388,.F.);
#4365=ORIENTED_EDGE('',*,*,#3389,.F.);
#4366=ORIENTED_EDGE('',*,*,#3390,.F.);
#4367=ORIENTED_EDGE('',*,*,#3391,.F.);
#4368=ORIENTED_EDGE('',*,*,#3392,.F.);
#4369=ORIENTED_EDGE('',*,*,#3393,.F.);
#4370=ORIENTED_EDGE('',*,*,#3394,.F.);
#4371=ORIENTED_EDGE('',*,*,#3395,.F.);
#4372=ORIENTED_EDGE('',*,*,#3396,.F.);
#4373=ORIENTED_EDGE('',*,*,#3397,.F.);
#4374=ORIENTED_EDGE('',*,*,#3398,.F.);
#4375=ORIENTED_EDGE('',*,*,#3399,.F.);
#4376=ORIENTED_EDGE('',*,*,#3400,.F.);
#4377=ORIENTED_EDGE('',*,*,#3401,.F.);
#4378=ORIENTED_EDGE('',*,*,#3402,.F.);
#4379=ORIENTED_EDGE('',*,*,#3403,.F.);
#4380=ORIENTED_EDGE('',*,*,#3404,.F.);
#4381=ORIENTED_EDGE('',*,*,#3405,.F.);
#4382=ORIENTED_EDGE('',*,*,#3406,.F.);
#4383=ORIENTED_EDGE('',*,*,#3407,.F.);
#4384=ORIENTED_EDGE('',*,*,#3408,.F.);
#4385=ORIENTED_EDGE('',*,*,#3409,.F.);
#4386=ORIENTED_EDGE('',*,*,#3410,.F.);
#4387=ORIENTED_EDGE('',*,*,#3411,.F.);
#4388=ORIENTED_EDGE('',*,*,#3412,.F.);
#4389=ORIENTED_EDGE('',*,*,#3413,.F.);
#4390=ORIENTED_EDGE('',*,*,#3414,.F.);
#4391=ORIENTED_EDGE('',*,*,#3415,.F.);
#4392=ORIENTED_EDGE('',*,*,#3416,.F.);
#4393=ORIENTED_EDGE('',*,*,#3417,.F.);
#4394=ORIENTED_EDGE('',*,*,#3418,.F.);
#4395=ORIENTED_EDGE('',*,*,#3419,.F.);
#4396=ORIENTED_EDGE('',*,*,#3420,.F.);
#4397=ORIENTED_EDGE('',*,*,#3421,.F.);
#4398=ORIENTED_EDGE('',*,*,#3422,.F.);
#4399=ORIENTED_EDGE('',*,*,#3423,.F.);
#4400=ORIENTED_EDGE('',*,*,#3424,.F.);
#4401=ORIENTED_EDGE('',*,*,#3425,.F.);
#4402=ORIENTED_EDGE('',*,*,#3426,.F.);
#4403=ORIENTED_EDGE('',*,*,#3427,.F.);
#4404=ORIENTED_EDGE('',*,*,#3428,.F.);
#4405=ORIENTED_EDGE('',*,*,#3429,.F.);
#4406=ORIENTED_EDGE('',*,*,#3430,.F.);
#4407=ORIENTED_EDGE('',*,*,#3431,.F.);
#4408=ORIENTED_EDGE('',*,*,#3432,.F.);
#4409=ORIENTED_EDGE('',*,*,#3433,.F.);
#4410=ORIENTED_EDGE('',*,*,#3434,.F.);
#4411=ORIENTED_EDGE('',*,*,#3435,.F.);
#4412=ORIENTED_EDGE('',*,*,#3436,.F.);
#4413=ORIENTED_EDGE('',*,*,#3437,.F.);
#4414=ORIENTED_EDGE('',*,*,#3438,.F.);
#4415=ORIENTED_EDGE('',*,*,#3439,.F.);
#4416=ORIENTED_EDGE('',*,*,#3440,.F.);
#4417=ORIENTED_EDGE('',*,*,#3441,.F.);
#4418=ORIENTED_EDGE('',*,*,#3442,.F.);
#4419=ORIENTED_EDGE('',*,*,#3443,.F.);
#4420=ORIENTED_EDGE('',*,*,#3444,.F.);
#4421=ORIENTED_EDGE('',*,*,#3445,.F.);
#4422=ORIENTED_EDGE('',*,*,#3446,.F.);
#4423=ORIENTED_EDGE('',*,*,#3447,.F.);
#4424=ORIENTED_EDGE('',*,*,#3448,.F.);
#4425=ORIENTED_EDGE('',*,*,#3449,.F.);
#4426=ORIENTED_EDGE('',*,*,#3450,.F.);
#4427=ORIENTED_EDGE('',*,*,#3451,.F.);
#4428=ORIENTED_EDGE('',*,*,#3452,.F.);
#4429=ORIENTED_EDGE('',*,*,#3453,.F.);
#4430=ORIENTED_EDGE('',*,*,#3454,.F.);
#4431=ORIENTED_EDGE('',*,*,#3455,.F.);
#4432=ORIENTED_EDGE('',*,*,#3456,.F.);
#4433=ORIENTED_EDGE('',*,*,#3457,.F.);
#4434=ORIENTED_EDGE('',*,*,#3458,.F.);
#4435=ORIENTED_EDGE('',*,*,#3459,.F.);
#4436=ORIENTED_EDGE('',*,*,#3460,.F.);
#4437=ORIENTED_EDGE('',*,*,#3461,.F.);
#4438=ORIENTED_EDGE('',*,*,#3462,.F.);
#4439=ORIENTED_EDGE('',*,*,#3463,.F.);
#4440=ORIENTED_EDGE('',*,*,#3464,.F.);
#4441=ORIENTED_EDGE('',*,*,#3465,.F.);
#4442=ORIENTED_EDGE('',*,*,#3466,.F.);
#4443=ORIENTED_EDGE('',*,*,#3467,.F.);
#4444=ORIENTED_EDGE('',*,*,#3468,.F.);
#4445=ORIENTED_EDGE('',*,*,#3469,.F.);
#4446=ORIENTED_EDGE('',*,*,#3470,.F.);
#4447=ORIENTED_EDGE('',*,*,#3471,.F.);
#4448=ORIENTED_EDGE('',*,*,#3472,.F.);
#4449=ORIENTED_EDGE('',*,*,#3473,.F.);
#4450=ORIENTED_EDGE('',*,*,#3474,.F.);
#4451=ORIENTED_EDGE('',*,*,#3475,.F.);
#4452=ORIENTED_EDGE('',*,*,#3476,.F.);
#4453=ORIENTED_EDGE('',*,*,#3477,.F.);
#4454=ORIENTED_EDGE('',*,*,#3478,.F.);
#4455=ORIENTED_EDGE('',*,*,#3479,.F.);
#4456=ORIENTED_EDGE('',*,*,#3480,.F.);
#4457=ORIENTED_EDGE('',*,*,#3481,.F.);
#4458=ORIENTED_EDGE('',*,*,#3482,.F.);
#4459=ORIENTED_EDGE('',*,*,#3483,.F.);
#4460=ORIENTED_EDGE('',*,*,#3484,.F.);
#4461=ORIENTED_EDGE('',*,*,#3485,.F.);
#4462=ORIENTED_EDGE('',*,*,#3486,.F.);
#4463=ORIENTED_EDGE('',*,*,#3487,.F.);
#4464=ORIENTED_EDGE('',*,*,#3488,.T.);
#4465=ORIENTED_EDGE('',*,*,#3231,.T.);
#4466=ORIENTED_EDGE('',*,*,#3489,.T.);
#4467=ORIENTED_EDGE('',*,*,#3490,.F.);
#4468=ORIENTED_EDGE('',*,*,#3491,.T.);
#4469=ORIENTED_EDGE('',*,*,#3192,.F.);
#4470=ORIENTED_EDGE('',*,*,#3222,.T.);
#4471=ORIENTED_EDGE('',*,*,#3219,.T.);
#4472=ORIENTED_EDGE('',*,*,#3216,.T.);
#4473=ORIENTED_EDGE('',*,*,#3214,.F.);
#4474=ORIENTED_EDGE('',*,*,#3492,.F.);
#4475=ORIENTED_EDGE('',*,*,#3493,.F.);
#4476=ORIENTED_EDGE('',*,*,#3240,.F.);
#4477=ORIENTED_EDGE('',*,*,#3237,.F.);
#4478=ORIENTED_EDGE('',*,*,#3228,.F.);
#4479=ORIENTED_EDGE('',*,*,#3232,.T.);
#4480=ORIENTED_EDGE('',*,*,#3488,.F.);
#4481=ORIENTED_EDGE('',*,*,#3494,.F.);
#4482=ORIENTED_EDGE('',*,*,#3489,.F.);
#4483=ORIENTED_EDGE('',*,*,#3233,.T.);
#4484=ORIENTED_EDGE('',*,*,#3226,.F.);
#4485=ORIENTED_EDGE('',*,*,#3234,.F.);
#4486=ORIENTED_EDGE('',*,*,#3246,.F.);
#4487=ORIENTED_EDGE('',*,*,#3495,.F.);
#4488=ORIENTED_EDGE('',*,*,#3493,.T.);
#4489=ORIENTED_EDGE('',*,*,#3496,.F.);
#4490=ORIENTED_EDGE('',*,*,#3497,.F.);
#4491=ORIENTED_EDGE('',*,*,#3241,.T.);
#4492=ORIENTED_EDGE('',*,*,#3498,.T.);
#4493=ORIENTED_EDGE('',*,*,#3247,.T.);
#4494=ORIENTED_EDGE('',*,*,#3235,.F.);
#4495=ORIENTED_EDGE('',*,*,#3499,.T.);
#4496=ORIENTED_EDGE('',*,*,#3500,.T.);
#4497=ORIENTED_EDGE('',*,*,#3248,.T.);
#4498=ORIENTED_EDGE('',*,*,#3498,.F.);
#4499=ORIENTED_EDGE('',*,*,#3501,.T.);
#4500=ORIENTED_EDGE('',*,*,#3502,.T.);
#4501=ORIENTED_EDGE('',*,*,#3249,.T.);
#4502=ORIENTED_EDGE('',*,*,#3500,.F.);
#4503=ORIENTED_EDGE('',*,*,#3503,.T.);
#4504=ORIENTED_EDGE('',*,*,#3504,.T.);
#4505=ORIENTED_EDGE('',*,*,#3250,.T.);
#4506=ORIENTED_EDGE('',*,*,#3502,.F.);
#4507=ORIENTED_EDGE('',*,*,#3505,.T.);
#4508=ORIENTED_EDGE('',*,*,#3504,.F.);
#4509=ORIENTED_EDGE('',*,*,#3506,.T.);
#4510=ORIENTED_EDGE('',*,*,#3507,.T.);
#4511=ORIENTED_EDGE('',*,*,#3251,.T.);
#4512=ORIENTED_EDGE('',*,*,#3508,.T.);
#4513=ORIENTED_EDGE('',*,*,#3252,.T.);
#4514=ORIENTED_EDGE('',*,*,#3507,.F.);
#4515=ORIENTED_EDGE('',*,*,#3509,.T.);
#4516=ORIENTED_EDGE('',*,*,#3510,.T.);
#4517=ORIENTED_EDGE('',*,*,#3253,.T.);
#4518=ORIENTED_EDGE('',*,*,#3508,.F.);
#4519=ORIENTED_EDGE('',*,*,#3511,.T.);
#4520=ORIENTED_EDGE('',*,*,#3512,.T.);
#4521=ORIENTED_EDGE('',*,*,#3254,.T.);
#4522=ORIENTED_EDGE('',*,*,#3510,.F.);
#4523=ORIENTED_EDGE('',*,*,#3513,.T.);
#4524=ORIENTED_EDGE('',*,*,#3512,.F.);
#4525=ORIENTED_EDGE('',*,*,#3514,.T.);
#4526=ORIENTED_EDGE('',*,*,#3515,.T.);
#4527=ORIENTED_EDGE('',*,*,#3255,.T.);
#4528=ORIENTED_EDGE('',*,*,#3516,.T.);
#4529=ORIENTED_EDGE('',*,*,#3256,.T.);
#4530=ORIENTED_EDGE('',*,*,#3515,.F.);
#4531=ORIENTED_EDGE('',*,*,#3517,.T.);
#4532=ORIENTED_EDGE('',*,*,#3516,.F.);
#4533=ORIENTED_EDGE('',*,*,#3518,.T.);
#4534=ORIENTED_EDGE('',*,*,#3519,.T.);
#4535=ORIENTED_EDGE('',*,*,#3257,.T.);
#4536=ORIENTED_EDGE('',*,*,#3520,.T.);
#4537=ORIENTED_EDGE('',*,*,#3258,.T.);
#4538=ORIENTED_EDGE('',*,*,#3519,.F.);
#4539=ORIENTED_EDGE('',*,*,#3521,.T.);
#4540=ORIENTED_EDGE('',*,*,#3520,.F.);
#4541=ORIENTED_EDGE('',*,*,#3522,.T.);
#4542=ORIENTED_EDGE('',*,*,#3523,.T.);
#4543=ORIENTED_EDGE('',*,*,#3259,.T.);
#4544=ORIENTED_EDGE('',*,*,#3524,.T.);
#4545=ORIENTED_EDGE('',*,*,#3260,.T.);
#4546=ORIENTED_EDGE('',*,*,#3523,.F.);
#4547=ORIENTED_EDGE('',*,*,#3525,.T.);
#4548=ORIENTED_EDGE('',*,*,#3526,.T.);
#4549=ORIENTED_EDGE('',*,*,#3261,.T.);
#4550=ORIENTED_EDGE('',*,*,#3524,.F.);
#4551=ORIENTED_EDGE('',*,*,#3527,.T.);
#4552=ORIENTED_EDGE('',*,*,#3528,.T.);
#4553=ORIENTED_EDGE('',*,*,#3262,.T.);
#4554=ORIENTED_EDGE('',*,*,#3526,.F.);
#4555=ORIENTED_EDGE('',*,*,#3529,.T.);
#4556=ORIENTED_EDGE('',*,*,#3528,.F.);
#4557=ORIENTED_EDGE('',*,*,#3530,.T.);
#4558=ORIENTED_EDGE('',*,*,#3531,.T.);
#4559=ORIENTED_EDGE('',*,*,#3263,.T.);
#4560=ORIENTED_EDGE('',*,*,#3532,.T.);
#4561=ORIENTED_EDGE('',*,*,#3264,.T.);
#4562=ORIENTED_EDGE('',*,*,#3531,.F.);
#4563=ORIENTED_EDGE('',*,*,#3533,.T.);
#4564=ORIENTED_EDGE('',*,*,#3534,.T.);
#4565=ORIENTED_EDGE('',*,*,#3265,.T.);
#4566=ORIENTED_EDGE('',*,*,#3532,.F.);
#4567=ORIENTED_EDGE('',*,*,#3535,.T.);
#4568=ORIENTED_EDGE('',*,*,#3266,.T.);
#4569=ORIENTED_EDGE('',*,*,#3534,.F.);
#4570=ORIENTED_EDGE('',*,*,#3536,.T.);
#4571=ORIENTED_EDGE('',*,*,#3239,.F.);
#4572=ORIENTED_EDGE('',*,*,#3517,.F.);
#4573=ORIENTED_EDGE('',*,*,#3537,.T.);
#4574=ORIENTED_EDGE('',*,*,#3180,.F.);
#4575=ORIENTED_EDGE('',*,*,#3538,.F.);
#4576=ORIENTED_EDGE('',*,*,#3514,.F.);
#4577=ORIENTED_EDGE('',*,*,#3539,.T.);
#4578=ORIENTED_EDGE('',*,*,#3181,.F.);
#4579=ORIENTED_EDGE('',*,*,#3537,.F.);
#4580=ORIENTED_EDGE('',*,*,#3513,.F.);
#4581=ORIENTED_EDGE('',*,*,#3540,.T.);
#4582=ORIENTED_EDGE('',*,*,#3182,.F.);
#4583=ORIENTED_EDGE('',*,*,#3539,.F.);
#4584=ORIENTED_EDGE('',*,*,#3511,.F.);
#4585=ORIENTED_EDGE('',*,*,#3541,.T.);
#4586=ORIENTED_EDGE('',*,*,#3183,.F.);
#4587=ORIENTED_EDGE('',*,*,#3540,.F.);
#4588=ORIENTED_EDGE('',*,*,#3509,.F.);
#4589=ORIENTED_EDGE('',*,*,#3542,.T.);
#4590=ORIENTED_EDGE('',*,*,#3184,.F.);
#4591=ORIENTED_EDGE('',*,*,#3541,.F.);
#4592=ORIENTED_EDGE('',*,*,#3506,.F.);
#4593=ORIENTED_EDGE('',*,*,#3543,.T.);
#4594=ORIENTED_EDGE('',*,*,#3185,.F.);
#4595=ORIENTED_EDGE('',*,*,#3542,.F.);
#4596=ORIENTED_EDGE('',*,*,#3505,.F.);
#4597=ORIENTED_EDGE('',*,*,#3544,.T.);
#4598=ORIENTED_EDGE('',*,*,#3186,.F.);
#4599=ORIENTED_EDGE('',*,*,#3543,.F.);
#4600=ORIENTED_EDGE('',*,*,#3503,.F.);
#4601=ORIENTED_EDGE('',*,*,#3545,.T.);
#4602=ORIENTED_EDGE('',*,*,#3546,.T.);
#4603=ORIENTED_EDGE('',*,*,#3547,.T.);
#4604=ORIENTED_EDGE('',*,*,#3187,.F.);
#4605=ORIENTED_EDGE('',*,*,#3544,.F.);
#4606=ORIENTED_EDGE('',*,*,#3501,.F.);
#4607=ORIENTED_EDGE('',*,*,#3548,.T.);
#4608=ORIENTED_EDGE('',*,*,#3188,.F.);
#4609=ORIENTED_EDGE('',*,*,#3547,.F.);
#4610=ORIENTED_EDGE('',*,*,#3546,.F.);
#4611=ORIENTED_EDGE('',*,*,#3545,.F.);
#4612=ORIENTED_EDGE('',*,*,#3499,.F.);
#4613=ORIENTED_EDGE('',*,*,#3224,.T.);
#4614=ORIENTED_EDGE('',*,*,#3189,.F.);
#4615=ORIENTED_EDGE('',*,*,#3548,.F.);
#4616=ORIENTED_EDGE('',*,*,#3549,.F.);
#4617=ORIENTED_EDGE('',*,*,#3550,.T.);
#4618=ORIENTED_EDGE('',*,*,#3201,.F.);
#4619=ORIENTED_EDGE('',*,*,#3551,.F.);
#4620=ORIENTED_EDGE('',*,*,#3552,.F.);
#4621=ORIENTED_EDGE('',*,*,#3553,.T.);
#4622=ORIENTED_EDGE('',*,*,#3202,.F.);
#4623=ORIENTED_EDGE('',*,*,#3550,.F.);
#4624=ORIENTED_EDGE('',*,*,#3554,.F.);
#4625=ORIENTED_EDGE('',*,*,#3555,.T.);
#4626=ORIENTED_EDGE('',*,*,#3203,.F.);
#4627=ORIENTED_EDGE('',*,*,#3553,.F.);
#4628=ORIENTED_EDGE('',*,*,#3556,.F.);
#4629=ORIENTED_EDGE('',*,*,#3557,.T.);
#4630=ORIENTED_EDGE('',*,*,#3204,.F.);
#4631=ORIENTED_EDGE('',*,*,#3555,.F.);
#4632=ORIENTED_EDGE('',*,*,#3558,.F.);
#4633=ORIENTED_EDGE('',*,*,#3559,.T.);
#4634=ORIENTED_EDGE('',*,*,#3205,.F.);
#4635=ORIENTED_EDGE('',*,*,#3557,.F.);
#4636=ORIENTED_EDGE('',*,*,#3560,.F.);
#4637=ORIENTED_EDGE('',*,*,#3561,.T.);
#4638=ORIENTED_EDGE('',*,*,#3206,.F.);
#4639=ORIENTED_EDGE('',*,*,#3559,.F.);
#4640=ORIENTED_EDGE('',*,*,#3562,.F.);
#4641=ORIENTED_EDGE('',*,*,#3563,.T.);
#4642=ORIENTED_EDGE('',*,*,#3207,.F.);
#4643=ORIENTED_EDGE('',*,*,#3561,.F.);
#4644=ORIENTED_EDGE('',*,*,#3564,.F.);
#4645=ORIENTED_EDGE('',*,*,#3565,.T.);
#4646=ORIENTED_EDGE('',*,*,#3208,.F.);
#4647=ORIENTED_EDGE('',*,*,#3563,.F.);
#4648=ORIENTED_EDGE('',*,*,#3566,.F.);
#4649=ORIENTED_EDGE('',*,*,#3567,.T.);
#4650=ORIENTED_EDGE('',*,*,#3209,.F.);
#4651=ORIENTED_EDGE('',*,*,#3565,.F.);
#4652=ORIENTED_EDGE('',*,*,#3568,.F.);
#4653=ORIENTED_EDGE('',*,*,#3569,.T.);
#4654=ORIENTED_EDGE('',*,*,#3570,.T.);
#4655=ORIENTED_EDGE('',*,*,#3210,.F.);
#4656=ORIENTED_EDGE('',*,*,#3567,.F.);
#4657=ORIENTED_EDGE('',*,*,#3571,.F.);
#4658=ORIENTED_EDGE('',*,*,#3572,.T.);
#4659=ORIENTED_EDGE('',*,*,#3573,.T.);
#4660=ORIENTED_EDGE('',*,*,#3211,.F.);
#4661=ORIENTED_EDGE('',*,*,#3570,.F.);
#4662=ORIENTED_EDGE('',*,*,#3569,.F.);
#4663=ORIENTED_EDGE('',*,*,#3574,.F.);
#4664=ORIENTED_EDGE('',*,*,#3551,.T.);
#4665=ORIENTED_EDGE('',*,*,#3200,.F.);
#4666=ORIENTED_EDGE('',*,*,#3575,.F.);
#4667=ORIENTED_EDGE('',*,*,#3576,.F.);
#4668=ORIENTED_EDGE('',*,*,#3575,.T.);
#4669=ORIENTED_EDGE('',*,*,#3199,.F.);
#4670=ORIENTED_EDGE('',*,*,#3577,.F.);
#4671=ORIENTED_EDGE('',*,*,#3578,.F.);
#4672=ORIENTED_EDGE('',*,*,#3577,.T.);
#4673=ORIENTED_EDGE('',*,*,#3198,.F.);
#4674=ORIENTED_EDGE('',*,*,#3579,.F.);
#4675=ORIENTED_EDGE('',*,*,#3580,.F.);
#4676=ORIENTED_EDGE('',*,*,#3579,.T.);
#4677=ORIENTED_EDGE('',*,*,#3197,.F.);
#4678=ORIENTED_EDGE('',*,*,#3581,.F.);
#4679=ORIENTED_EDGE('',*,*,#3582,.F.);
#4680=ORIENTED_EDGE('',*,*,#3581,.T.);
#4681=ORIENTED_EDGE('',*,*,#3196,.F.);
#4682=ORIENTED_EDGE('',*,*,#3583,.F.);
#4683=ORIENTED_EDGE('',*,*,#3584,.F.);
#4684=ORIENTED_EDGE('',*,*,#3583,.T.);
#4685=ORIENTED_EDGE('',*,*,#3195,.F.);
#4686=ORIENTED_EDGE('',*,*,#3585,.F.);
#4687=ORIENTED_EDGE('',*,*,#3586,.F.);
#4688=ORIENTED_EDGE('',*,*,#3585,.T.);
#4689=ORIENTED_EDGE('',*,*,#3194,.F.);
#4690=ORIENTED_EDGE('',*,*,#3587,.F.);
#4691=ORIENTED_EDGE('',*,*,#3588,.F.);
#4692=ORIENTED_EDGE('',*,*,#3587,.T.);
#4693=ORIENTED_EDGE('',*,*,#3193,.F.);
#4694=ORIENTED_EDGE('',*,*,#3491,.F.);
#4695=ORIENTED_EDGE('',*,*,#3589,.F.);
#4696=ORIENTED_EDGE('',*,*,#3486,.T.);
#4697=ORIENTED_EDGE('',*,*,#3213,.F.);
#4698=ORIENTED_EDGE('',*,*,#3590,.F.);
#4699=ORIENTED_EDGE('',*,*,#3591,.F.);
#4700=ORIENTED_EDGE('',*,*,#3590,.T.);
#4701=ORIENTED_EDGE('',*,*,#3212,.F.);
#4702=ORIENTED_EDGE('',*,*,#3573,.F.);
#4703=ORIENTED_EDGE('',*,*,#3572,.F.);
#4704=ORIENTED_EDGE('',*,*,#3268,.T.);
#4705=ORIENTED_EDGE('',*,*,#3592,.T.);
#4706=ORIENTED_EDGE('',*,*,#3593,.F.);
#4707=ORIENTED_EDGE('',*,*,#3594,.F.);
#4708=ORIENTED_EDGE('',*,*,#3269,.T.);
#4709=ORIENTED_EDGE('',*,*,#3594,.T.);
#4710=ORIENTED_EDGE('',*,*,#3595,.F.);
#4711=ORIENTED_EDGE('',*,*,#3596,.F.);
#4712=ORIENTED_EDGE('',*,*,#3270,.T.);
#4713=ORIENTED_EDGE('',*,*,#3596,.T.);
#4714=ORIENTED_EDGE('',*,*,#3597,.F.);
#4715=ORIENTED_EDGE('',*,*,#3598,.F.);
#4716=ORIENTED_EDGE('',*,*,#3271,.T.);
#4717=ORIENTED_EDGE('',*,*,#3598,.T.);
#4718=ORIENTED_EDGE('',*,*,#3599,.F.);
#4719=ORIENTED_EDGE('',*,*,#3600,.F.);
#4720=ORIENTED_EDGE('',*,*,#3272,.T.);
#4721=ORIENTED_EDGE('',*,*,#3600,.T.);
#4722=ORIENTED_EDGE('',*,*,#3601,.F.);
#4723=ORIENTED_EDGE('',*,*,#3602,.F.);
#4724=ORIENTED_EDGE('',*,*,#3273,.T.);
#4725=ORIENTED_EDGE('',*,*,#3602,.T.);
#4726=ORIENTED_EDGE('',*,*,#3603,.F.);
#4727=ORIENTED_EDGE('',*,*,#3604,.F.);
#4728=ORIENTED_EDGE('',*,*,#3274,.T.);
#4729=ORIENTED_EDGE('',*,*,#3604,.T.);
#4730=ORIENTED_EDGE('',*,*,#3605,.F.);
#4731=ORIENTED_EDGE('',*,*,#3606,.F.);
#4732=ORIENTED_EDGE('',*,*,#3275,.T.);
#4733=ORIENTED_EDGE('',*,*,#3606,.T.);
#4734=ORIENTED_EDGE('',*,*,#3607,.F.);
#4735=ORIENTED_EDGE('',*,*,#3608,.F.);
#4736=ORIENTED_EDGE('',*,*,#3276,.T.);
#4737=ORIENTED_EDGE('',*,*,#3608,.T.);
#4738=ORIENTED_EDGE('',*,*,#3609,.F.);
#4739=ORIENTED_EDGE('',*,*,#3610,.F.);
#4740=ORIENTED_EDGE('',*,*,#3277,.T.);
#4741=ORIENTED_EDGE('',*,*,#3610,.T.);
#4742=ORIENTED_EDGE('',*,*,#3611,.F.);
#4743=ORIENTED_EDGE('',*,*,#3612,.F.);
#4744=ORIENTED_EDGE('',*,*,#3278,.T.);
#4745=ORIENTED_EDGE('',*,*,#3612,.T.);
#4746=ORIENTED_EDGE('',*,*,#3613,.F.);
#4747=ORIENTED_EDGE('',*,*,#3614,.F.);
#4748=ORIENTED_EDGE('',*,*,#3267,.T.);
#4749=ORIENTED_EDGE('',*,*,#3614,.T.);
#4750=ORIENTED_EDGE('',*,*,#3615,.F.);
#4751=ORIENTED_EDGE('',*,*,#3592,.F.);
#4752=ORIENTED_EDGE('',*,*,#3243,.T.);
#4753=ORIENTED_EDGE('',*,*,#3616,.T.);
#4754=ORIENTED_EDGE('',*,*,#3617,.F.);
#4755=ORIENTED_EDGE('',*,*,#3618,.F.);
#4756=ORIENTED_EDGE('',*,*,#3244,.T.);
#4757=ORIENTED_EDGE('',*,*,#3618,.T.);
#4758=ORIENTED_EDGE('',*,*,#3619,.F.);
#4759=ORIENTED_EDGE('',*,*,#3620,.F.);
#4760=ORIENTED_EDGE('',*,*,#3495,.T.);
#4761=ORIENTED_EDGE('',*,*,#3245,.T.);
#4762=ORIENTED_EDGE('',*,*,#3620,.T.);
#4763=ORIENTED_EDGE('',*,*,#3621,.F.);
#4764=ORIENTED_EDGE('',*,*,#3242,.T.);
#4765=ORIENTED_EDGE('',*,*,#3497,.T.);
#4766=ORIENTED_EDGE('',*,*,#3622,.F.);
#4767=ORIENTED_EDGE('',*,*,#3616,.F.);
#4768=ORIENTED_EDGE('',*,*,#3280,.T.);
#4769=ORIENTED_EDGE('',*,*,#3623,.T.);
#4770=ORIENTED_EDGE('',*,*,#3624,.F.);
#4771=ORIENTED_EDGE('',*,*,#3625,.F.);
#4772=ORIENTED_EDGE('',*,*,#3281,.T.);
#4773=ORIENTED_EDGE('',*,*,#3625,.T.);
#4774=ORIENTED_EDGE('',*,*,#3626,.F.);
#4775=ORIENTED_EDGE('',*,*,#3627,.F.);
#4776=ORIENTED_EDGE('',*,*,#3282,.T.);
#4777=ORIENTED_EDGE('',*,*,#3627,.T.);
#4778=ORIENTED_EDGE('',*,*,#3628,.F.);
#4779=ORIENTED_EDGE('',*,*,#3629,.F.);
#4780=ORIENTED_EDGE('',*,*,#3283,.T.);
#4781=ORIENTED_EDGE('',*,*,#3629,.T.);
#4782=ORIENTED_EDGE('',*,*,#3630,.F.);
#4783=ORIENTED_EDGE('',*,*,#3631,.F.);
#4784=ORIENTED_EDGE('',*,*,#3284,.T.);
#4785=ORIENTED_EDGE('',*,*,#3631,.T.);
#4786=ORIENTED_EDGE('',*,*,#3632,.F.);
#4787=ORIENTED_EDGE('',*,*,#3633,.F.);
#4788=ORIENTED_EDGE('',*,*,#3285,.T.);
#4789=ORIENTED_EDGE('',*,*,#3633,.T.);
#4790=ORIENTED_EDGE('',*,*,#3634,.F.);
#4791=ORIENTED_EDGE('',*,*,#3635,.F.);
#4792=ORIENTED_EDGE('',*,*,#3286,.T.);
#4793=ORIENTED_EDGE('',*,*,#3635,.T.);
#4794=ORIENTED_EDGE('',*,*,#3636,.F.);
#4795=ORIENTED_EDGE('',*,*,#3637,.F.);
#4796=ORIENTED_EDGE('',*,*,#3287,.T.);
#4797=ORIENTED_EDGE('',*,*,#3637,.T.);
#4798=ORIENTED_EDGE('',*,*,#3638,.F.);
#4799=ORIENTED_EDGE('',*,*,#3639,.F.);
#4800=ORIENTED_EDGE('',*,*,#3288,.T.);
#4801=ORIENTED_EDGE('',*,*,#3639,.T.);
#4802=ORIENTED_EDGE('',*,*,#3640,.F.);
#4803=ORIENTED_EDGE('',*,*,#3641,.F.);
#4804=ORIENTED_EDGE('',*,*,#3289,.T.);
#4805=ORIENTED_EDGE('',*,*,#3641,.T.);
#4806=ORIENTED_EDGE('',*,*,#3642,.F.);
#4807=ORIENTED_EDGE('',*,*,#3643,.F.);
#4808=ORIENTED_EDGE('',*,*,#3290,.T.);
#4809=ORIENTED_EDGE('',*,*,#3643,.T.);
#4810=ORIENTED_EDGE('',*,*,#3644,.F.);
#4811=ORIENTED_EDGE('',*,*,#3645,.F.);
#4812=ORIENTED_EDGE('',*,*,#3279,.T.);
#4813=ORIENTED_EDGE('',*,*,#3645,.T.);
#4814=ORIENTED_EDGE('',*,*,#3646,.F.);
#4815=ORIENTED_EDGE('',*,*,#3623,.F.);
#4816=ORIENTED_EDGE('',*,*,#3292,.T.);
#4817=ORIENTED_EDGE('',*,*,#3647,.T.);
#4818=ORIENTED_EDGE('',*,*,#3648,.F.);
#4819=ORIENTED_EDGE('',*,*,#3649,.F.);
#4820=ORIENTED_EDGE('',*,*,#3293,.T.);
#4821=ORIENTED_EDGE('',*,*,#3649,.T.);
#4822=ORIENTED_EDGE('',*,*,#3650,.F.);
#4823=ORIENTED_EDGE('',*,*,#3651,.F.);
#4824=ORIENTED_EDGE('',*,*,#3294,.T.);
#4825=ORIENTED_EDGE('',*,*,#3651,.T.);
#4826=ORIENTED_EDGE('',*,*,#3652,.F.);
#4827=ORIENTED_EDGE('',*,*,#3653,.F.);
#4828=ORIENTED_EDGE('',*,*,#3295,.T.);
#4829=ORIENTED_EDGE('',*,*,#3653,.T.);
#4830=ORIENTED_EDGE('',*,*,#3654,.F.);
#4831=ORIENTED_EDGE('',*,*,#3655,.F.);
#4832=ORIENTED_EDGE('',*,*,#3296,.T.);
#4833=ORIENTED_EDGE('',*,*,#3655,.T.);
#4834=ORIENTED_EDGE('',*,*,#3656,.F.);
#4835=ORIENTED_EDGE('',*,*,#3657,.F.);
#4836=ORIENTED_EDGE('',*,*,#3297,.T.);
#4837=ORIENTED_EDGE('',*,*,#3657,.T.);
#4838=ORIENTED_EDGE('',*,*,#3658,.F.);
#4839=ORIENTED_EDGE('',*,*,#3659,.F.);
#4840=ORIENTED_EDGE('',*,*,#3298,.T.);
#4841=ORIENTED_EDGE('',*,*,#3659,.T.);
#4842=ORIENTED_EDGE('',*,*,#3660,.F.);
#4843=ORIENTED_EDGE('',*,*,#3661,.F.);
#4844=ORIENTED_EDGE('',*,*,#3291,.T.);
#4845=ORIENTED_EDGE('',*,*,#3661,.T.);
#4846=ORIENTED_EDGE('',*,*,#3662,.F.);
#4847=ORIENTED_EDGE('',*,*,#3647,.F.);
#4848=ORIENTED_EDGE('',*,*,#3300,.T.);
#4849=ORIENTED_EDGE('',*,*,#3663,.T.);
#4850=ORIENTED_EDGE('',*,*,#3664,.F.);
#4851=ORIENTED_EDGE('',*,*,#3665,.F.);
#4852=ORIENTED_EDGE('',*,*,#3301,.T.);
#4853=ORIENTED_EDGE('',*,*,#3665,.T.);
#4854=ORIENTED_EDGE('',*,*,#3666,.F.);
#4855=ORIENTED_EDGE('',*,*,#3667,.F.);
#4856=ORIENTED_EDGE('',*,*,#3302,.T.);
#4857=ORIENTED_EDGE('',*,*,#3667,.T.);
#4858=ORIENTED_EDGE('',*,*,#3668,.F.);
#4859=ORIENTED_EDGE('',*,*,#3669,.F.);
#4860=ORIENTED_EDGE('',*,*,#3303,.T.);
#4861=ORIENTED_EDGE('',*,*,#3669,.T.);
#4862=ORIENTED_EDGE('',*,*,#3670,.F.);
#4863=ORIENTED_EDGE('',*,*,#3671,.F.);
#4864=ORIENTED_EDGE('',*,*,#3304,.T.);
#4865=ORIENTED_EDGE('',*,*,#3671,.T.);
#4866=ORIENTED_EDGE('',*,*,#3672,.F.);
#4867=ORIENTED_EDGE('',*,*,#3673,.F.);
#4868=ORIENTED_EDGE('',*,*,#3305,.T.);
#4869=ORIENTED_EDGE('',*,*,#3673,.T.);
#4870=ORIENTED_EDGE('',*,*,#3674,.F.);
#4871=ORIENTED_EDGE('',*,*,#3675,.F.);
#4872=ORIENTED_EDGE('',*,*,#3306,.T.);
#4873=ORIENTED_EDGE('',*,*,#3675,.T.);
#4874=ORIENTED_EDGE('',*,*,#3676,.F.);
#4875=ORIENTED_EDGE('',*,*,#3677,.F.);
#4876=ORIENTED_EDGE('',*,*,#3307,.T.);
#4877=ORIENTED_EDGE('',*,*,#3677,.T.);
#4878=ORIENTED_EDGE('',*,*,#3678,.F.);
#4879=ORIENTED_EDGE('',*,*,#3679,.F.);
#4880=ORIENTED_EDGE('',*,*,#3308,.T.);
#4881=ORIENTED_EDGE('',*,*,#3679,.T.);
#4882=ORIENTED_EDGE('',*,*,#3680,.F.);
#4883=ORIENTED_EDGE('',*,*,#3681,.F.);
#4884=ORIENTED_EDGE('',*,*,#3309,.T.);
#4885=ORIENTED_EDGE('',*,*,#3681,.T.);
#4886=ORIENTED_EDGE('',*,*,#3682,.F.);
#4887=ORIENTED_EDGE('',*,*,#3683,.F.);
#4888=ORIENTED_EDGE('',*,*,#3310,.T.);
#4889=ORIENTED_EDGE('',*,*,#3683,.T.);
#4890=ORIENTED_EDGE('',*,*,#3684,.F.);
#4891=ORIENTED_EDGE('',*,*,#3685,.F.);
#4892=ORIENTED_EDGE('',*,*,#3299,.T.);
#4893=ORIENTED_EDGE('',*,*,#3685,.T.);
#4894=ORIENTED_EDGE('',*,*,#3686,.F.);
#4895=ORIENTED_EDGE('',*,*,#3663,.F.);
#4896=ORIENTED_EDGE('',*,*,#3312,.T.);
#4897=ORIENTED_EDGE('',*,*,#3687,.T.);
#4898=ORIENTED_EDGE('',*,*,#3688,.F.);
#4899=ORIENTED_EDGE('',*,*,#3689,.F.);
#4900=ORIENTED_EDGE('',*,*,#3313,.T.);
#4901=ORIENTED_EDGE('',*,*,#3689,.T.);
#4902=ORIENTED_EDGE('',*,*,#3690,.F.);
#4903=ORIENTED_EDGE('',*,*,#3691,.F.);
#4904=ORIENTED_EDGE('',*,*,#3314,.T.);
#4905=ORIENTED_EDGE('',*,*,#3691,.T.);
#4906=ORIENTED_EDGE('',*,*,#3692,.F.);
#4907=ORIENTED_EDGE('',*,*,#3693,.F.);
#4908=ORIENTED_EDGE('',*,*,#3315,.T.);
#4909=ORIENTED_EDGE('',*,*,#3693,.T.);
#4910=ORIENTED_EDGE('',*,*,#3694,.F.);
#4911=ORIENTED_EDGE('',*,*,#3695,.F.);
#4912=ORIENTED_EDGE('',*,*,#3316,.T.);
#4913=ORIENTED_EDGE('',*,*,#3695,.T.);
#4914=ORIENTED_EDGE('',*,*,#3696,.F.);
#4915=ORIENTED_EDGE('',*,*,#3697,.F.);
#4916=ORIENTED_EDGE('',*,*,#3317,.T.);
#4917=ORIENTED_EDGE('',*,*,#3697,.T.);
#4918=ORIENTED_EDGE('',*,*,#3698,.F.);
#4919=ORIENTED_EDGE('',*,*,#3699,.F.);
#4920=ORIENTED_EDGE('',*,*,#3318,.T.);
#4921=ORIENTED_EDGE('',*,*,#3699,.T.);
#4922=ORIENTED_EDGE('',*,*,#3700,.F.);
#4923=ORIENTED_EDGE('',*,*,#3701,.F.);
#4924=ORIENTED_EDGE('',*,*,#3319,.T.);
#4925=ORIENTED_EDGE('',*,*,#3701,.T.);
#4926=ORIENTED_EDGE('',*,*,#3702,.F.);
#4927=ORIENTED_EDGE('',*,*,#3703,.F.);
#4928=ORIENTED_EDGE('',*,*,#3320,.T.);
#4929=ORIENTED_EDGE('',*,*,#3703,.T.);
#4930=ORIENTED_EDGE('',*,*,#3704,.F.);
#4931=ORIENTED_EDGE('',*,*,#3705,.F.);
#4932=ORIENTED_EDGE('',*,*,#3321,.T.);
#4933=ORIENTED_EDGE('',*,*,#3705,.T.);
#4934=ORIENTED_EDGE('',*,*,#3706,.F.);
#4935=ORIENTED_EDGE('',*,*,#3707,.F.);
#4936=ORIENTED_EDGE('',*,*,#3322,.T.);
#4937=ORIENTED_EDGE('',*,*,#3707,.T.);
#4938=ORIENTED_EDGE('',*,*,#3708,.F.);
#4939=ORIENTED_EDGE('',*,*,#3709,.F.);
#4940=ORIENTED_EDGE('',*,*,#3311,.T.);
#4941=ORIENTED_EDGE('',*,*,#3709,.T.);
#4942=ORIENTED_EDGE('',*,*,#3710,.F.);
#4943=ORIENTED_EDGE('',*,*,#3687,.F.);
#4944=ORIENTED_EDGE('',*,*,#3711,.F.);
#4945=ORIENTED_EDGE('',*,*,#3712,.T.);
#4946=ORIENTED_EDGE('',*,*,#3323,.T.);
#4947=ORIENTED_EDGE('',*,*,#3712,.F.);
#4948=ORIENTED_EDGE('',*,*,#3713,.F.);
#4949=ORIENTED_EDGE('',*,*,#3714,.T.);
#4950=ORIENTED_EDGE('',*,*,#3324,.T.);
#4951=ORIENTED_EDGE('',*,*,#3714,.F.);
#4952=ORIENTED_EDGE('',*,*,#3326,.T.);
#4953=ORIENTED_EDGE('',*,*,#3715,.T.);
#4954=ORIENTED_EDGE('',*,*,#3716,.F.);
#4955=ORIENTED_EDGE('',*,*,#3717,.F.);
#4956=ORIENTED_EDGE('',*,*,#3327,.T.);
#4957=ORIENTED_EDGE('',*,*,#3717,.T.);
#4958=ORIENTED_EDGE('',*,*,#3718,.F.);
#4959=ORIENTED_EDGE('',*,*,#3719,.F.);
#4960=ORIENTED_EDGE('',*,*,#3328,.T.);
#4961=ORIENTED_EDGE('',*,*,#3719,.T.);
#4962=ORIENTED_EDGE('',*,*,#3720,.F.);
#4963=ORIENTED_EDGE('',*,*,#3721,.F.);
#4964=ORIENTED_EDGE('',*,*,#3329,.T.);
#4965=ORIENTED_EDGE('',*,*,#3721,.T.);
#4966=ORIENTED_EDGE('',*,*,#3722,.F.);
#4967=ORIENTED_EDGE('',*,*,#3723,.F.);
#4968=ORIENTED_EDGE('',*,*,#3330,.T.);
#4969=ORIENTED_EDGE('',*,*,#3723,.T.);
#4970=ORIENTED_EDGE('',*,*,#3724,.F.);
#4971=ORIENTED_EDGE('',*,*,#3725,.F.);
#4972=ORIENTED_EDGE('',*,*,#3331,.T.);
#4973=ORIENTED_EDGE('',*,*,#3725,.T.);
#4974=ORIENTED_EDGE('',*,*,#3726,.F.);
#4975=ORIENTED_EDGE('',*,*,#3727,.F.);
#4976=ORIENTED_EDGE('',*,*,#3332,.T.);
#4977=ORIENTED_EDGE('',*,*,#3727,.T.);
#4978=ORIENTED_EDGE('',*,*,#3728,.F.);
#4979=ORIENTED_EDGE('',*,*,#3729,.F.);
#4980=ORIENTED_EDGE('',*,*,#3333,.T.);
#4981=ORIENTED_EDGE('',*,*,#3729,.T.);
#4982=ORIENTED_EDGE('',*,*,#3730,.F.);
#4983=ORIENTED_EDGE('',*,*,#3731,.F.);
#4984=ORIENTED_EDGE('',*,*,#3334,.T.);
#4985=ORIENTED_EDGE('',*,*,#3731,.T.);
#4986=ORIENTED_EDGE('',*,*,#3732,.F.);
#4987=ORIENTED_EDGE('',*,*,#3733,.F.);
#4988=ORIENTED_EDGE('',*,*,#3335,.T.);
#4989=ORIENTED_EDGE('',*,*,#3733,.T.);
#4990=ORIENTED_EDGE('',*,*,#3734,.F.);
#4991=ORIENTED_EDGE('',*,*,#3735,.F.);
#4992=ORIENTED_EDGE('',*,*,#3336,.T.);
#4993=ORIENTED_EDGE('',*,*,#3735,.T.);
#4994=ORIENTED_EDGE('',*,*,#3736,.F.);
#4995=ORIENTED_EDGE('',*,*,#3737,.F.);
#4996=ORIENTED_EDGE('',*,*,#3325,.T.);
#4997=ORIENTED_EDGE('',*,*,#3737,.T.);
#4998=ORIENTED_EDGE('',*,*,#3738,.F.);
#4999=ORIENTED_EDGE('',*,*,#3715,.F.);
#5000=ORIENTED_EDGE('',*,*,#3338,.T.);
#5001=ORIENTED_EDGE('',*,*,#3739,.T.);
#5002=ORIENTED_EDGE('',*,*,#3740,.F.);
#5003=ORIENTED_EDGE('',*,*,#3741,.F.);
#5004=ORIENTED_EDGE('',*,*,#3339,.T.);
#5005=ORIENTED_EDGE('',*,*,#3741,.T.);
#5006=ORIENTED_EDGE('',*,*,#3742,.F.);
#5007=ORIENTED_EDGE('',*,*,#3743,.F.);
#5008=ORIENTED_EDGE('',*,*,#3340,.T.);
#5009=ORIENTED_EDGE('',*,*,#3743,.T.);
#5010=ORIENTED_EDGE('',*,*,#3744,.F.);
#5011=ORIENTED_EDGE('',*,*,#3745,.F.);
#5012=ORIENTED_EDGE('',*,*,#3341,.T.);
#5013=ORIENTED_EDGE('',*,*,#3745,.T.);
#5014=ORIENTED_EDGE('',*,*,#3746,.F.);
#5015=ORIENTED_EDGE('',*,*,#3747,.F.);
#5016=ORIENTED_EDGE('',*,*,#3342,.T.);
#5017=ORIENTED_EDGE('',*,*,#3747,.T.);
#5018=ORIENTED_EDGE('',*,*,#3748,.F.);
#5019=ORIENTED_EDGE('',*,*,#3749,.F.);
#5020=ORIENTED_EDGE('',*,*,#3343,.T.);
#5021=ORIENTED_EDGE('',*,*,#3749,.T.);
#5022=ORIENTED_EDGE('',*,*,#3750,.F.);
#5023=ORIENTED_EDGE('',*,*,#3751,.F.);
#5024=ORIENTED_EDGE('',*,*,#3344,.T.);
#5025=ORIENTED_EDGE('',*,*,#3751,.T.);
#5026=ORIENTED_EDGE('',*,*,#3752,.F.);
#5027=ORIENTED_EDGE('',*,*,#3753,.F.);
#5028=ORIENTED_EDGE('',*,*,#3345,.T.);
#5029=ORIENTED_EDGE('',*,*,#3753,.T.);
#5030=ORIENTED_EDGE('',*,*,#3754,.F.);
#5031=ORIENTED_EDGE('',*,*,#3755,.F.);
#5032=ORIENTED_EDGE('',*,*,#3346,.T.);
#5033=ORIENTED_EDGE('',*,*,#3755,.T.);
#5034=ORIENTED_EDGE('',*,*,#3756,.F.);
#5035=ORIENTED_EDGE('',*,*,#3757,.F.);
#5036=ORIENTED_EDGE('',*,*,#3347,.T.);
#5037=ORIENTED_EDGE('',*,*,#3757,.T.);
#5038=ORIENTED_EDGE('',*,*,#3758,.F.);
#5039=ORIENTED_EDGE('',*,*,#3759,.F.);
#5040=ORIENTED_EDGE('',*,*,#3348,.T.);
#5041=ORIENTED_EDGE('',*,*,#3759,.T.);
#5042=ORIENTED_EDGE('',*,*,#3760,.F.);
#5043=ORIENTED_EDGE('',*,*,#3761,.F.);
#5044=ORIENTED_EDGE('',*,*,#3337,.T.);
#5045=ORIENTED_EDGE('',*,*,#3761,.T.);
#5046=ORIENTED_EDGE('',*,*,#3762,.F.);
#5047=ORIENTED_EDGE('',*,*,#3739,.F.);
#5048=ORIENTED_EDGE('',*,*,#3350,.T.);
#5049=ORIENTED_EDGE('',*,*,#3763,.T.);
#5050=ORIENTED_EDGE('',*,*,#3764,.F.);
#5051=ORIENTED_EDGE('',*,*,#3765,.F.);
#5052=ORIENTED_EDGE('',*,*,#3351,.T.);
#5053=ORIENTED_EDGE('',*,*,#3765,.T.);
#5054=ORIENTED_EDGE('',*,*,#3766,.F.);
#5055=ORIENTED_EDGE('',*,*,#3767,.F.);
#5056=ORIENTED_EDGE('',*,*,#3352,.T.);
#5057=ORIENTED_EDGE('',*,*,#3767,.T.);
#5058=ORIENTED_EDGE('',*,*,#3768,.F.);
#5059=ORIENTED_EDGE('',*,*,#3769,.F.);
#5060=ORIENTED_EDGE('',*,*,#3353,.T.);
#5061=ORIENTED_EDGE('',*,*,#3769,.T.);
#5062=ORIENTED_EDGE('',*,*,#3770,.F.);
#5063=ORIENTED_EDGE('',*,*,#3771,.F.);
#5064=ORIENTED_EDGE('',*,*,#3354,.T.);
#5065=ORIENTED_EDGE('',*,*,#3771,.T.);
#5066=ORIENTED_EDGE('',*,*,#3772,.F.);
#5067=ORIENTED_EDGE('',*,*,#3773,.F.);
#5068=ORIENTED_EDGE('',*,*,#3355,.T.);
#5069=ORIENTED_EDGE('',*,*,#3773,.T.);
#5070=ORIENTED_EDGE('',*,*,#3774,.F.);
#5071=ORIENTED_EDGE('',*,*,#3775,.F.);
#5072=ORIENTED_EDGE('',*,*,#3356,.T.);
#5073=ORIENTED_EDGE('',*,*,#3775,.T.);
#5074=ORIENTED_EDGE('',*,*,#3776,.F.);
#5075=ORIENTED_EDGE('',*,*,#3777,.F.);
#5076=ORIENTED_EDGE('',*,*,#3357,.T.);
#5077=ORIENTED_EDGE('',*,*,#3777,.T.);
#5078=ORIENTED_EDGE('',*,*,#3778,.F.);
#5079=ORIENTED_EDGE('',*,*,#3779,.F.);
#5080=ORIENTED_EDGE('',*,*,#3358,.T.);
#5081=ORIENTED_EDGE('',*,*,#3779,.T.);
#5082=ORIENTED_EDGE('',*,*,#3780,.F.);
#5083=ORIENTED_EDGE('',*,*,#3781,.F.);
#5084=ORIENTED_EDGE('',*,*,#3359,.T.);
#5085=ORIENTED_EDGE('',*,*,#3781,.T.);
#5086=ORIENTED_EDGE('',*,*,#3782,.F.);
#5087=ORIENTED_EDGE('',*,*,#3783,.F.);
#5088=ORIENTED_EDGE('',*,*,#3360,.T.);
#5089=ORIENTED_EDGE('',*,*,#3783,.T.);
#5090=ORIENTED_EDGE('',*,*,#3784,.F.);
#5091=ORIENTED_EDGE('',*,*,#3785,.F.);
#5092=ORIENTED_EDGE('',*,*,#3349,.T.);
#5093=ORIENTED_EDGE('',*,*,#3785,.T.);
#5094=ORIENTED_EDGE('',*,*,#3786,.F.);
#5095=ORIENTED_EDGE('',*,*,#3763,.F.);
#5096=ORIENTED_EDGE('',*,*,#3362,.T.);
#5097=ORIENTED_EDGE('',*,*,#3787,.T.);
#5098=ORIENTED_EDGE('',*,*,#3788,.F.);
#5099=ORIENTED_EDGE('',*,*,#3789,.F.);
#5100=ORIENTED_EDGE('',*,*,#3363,.T.);
#5101=ORIENTED_EDGE('',*,*,#3789,.T.);
#5102=ORIENTED_EDGE('',*,*,#3790,.F.);
#5103=ORIENTED_EDGE('',*,*,#3791,.F.);
#5104=ORIENTED_EDGE('',*,*,#3364,.T.);
#5105=ORIENTED_EDGE('',*,*,#3791,.T.);
#5106=ORIENTED_EDGE('',*,*,#3792,.F.);
#5107=ORIENTED_EDGE('',*,*,#3793,.F.);
#5108=ORIENTED_EDGE('',*,*,#3365,.T.);
#5109=ORIENTED_EDGE('',*,*,#3793,.T.);
#5110=ORIENTED_EDGE('',*,*,#3794,.F.);
#5111=ORIENTED_EDGE('',*,*,#3795,.F.);
#5112=ORIENTED_EDGE('',*,*,#3366,.T.);
#5113=ORIENTED_EDGE('',*,*,#3795,.T.);
#5114=ORIENTED_EDGE('',*,*,#3796,.F.);
#5115=ORIENTED_EDGE('',*,*,#3797,.F.);
#5116=ORIENTED_EDGE('',*,*,#3367,.T.);
#5117=ORIENTED_EDGE('',*,*,#3797,.T.);
#5118=ORIENTED_EDGE('',*,*,#3798,.F.);
#5119=ORIENTED_EDGE('',*,*,#3799,.F.);
#5120=ORIENTED_EDGE('',*,*,#3368,.T.);
#5121=ORIENTED_EDGE('',*,*,#3799,.T.);
#5122=ORIENTED_EDGE('',*,*,#3800,.F.);
#5123=ORIENTED_EDGE('',*,*,#3801,.F.);
#5124=ORIENTED_EDGE('',*,*,#3369,.T.);
#5125=ORIENTED_EDGE('',*,*,#3801,.T.);
#5126=ORIENTED_EDGE('',*,*,#3802,.F.);
#5127=ORIENTED_EDGE('',*,*,#3803,.F.);
#5128=ORIENTED_EDGE('',*,*,#3370,.T.);
#5129=ORIENTED_EDGE('',*,*,#3803,.T.);
#5130=ORIENTED_EDGE('',*,*,#3804,.F.);
#5131=ORIENTED_EDGE('',*,*,#3805,.F.);
#5132=ORIENTED_EDGE('',*,*,#3371,.T.);
#5133=ORIENTED_EDGE('',*,*,#3805,.T.);
#5134=ORIENTED_EDGE('',*,*,#3806,.F.);
#5135=ORIENTED_EDGE('',*,*,#3807,.F.);
#5136=ORIENTED_EDGE('',*,*,#3372,.T.);
#5137=ORIENTED_EDGE('',*,*,#3807,.T.);
#5138=ORIENTED_EDGE('',*,*,#3808,.F.);
#5139=ORIENTED_EDGE('',*,*,#3809,.F.);
#5140=ORIENTED_EDGE('',*,*,#3361,.T.);
#5141=ORIENTED_EDGE('',*,*,#3809,.T.);
#5142=ORIENTED_EDGE('',*,*,#3810,.F.);
#5143=ORIENTED_EDGE('',*,*,#3787,.F.);
#5144=ORIENTED_EDGE('',*,*,#3374,.T.);
#5145=ORIENTED_EDGE('',*,*,#3811,.T.);
#5146=ORIENTED_EDGE('',*,*,#3812,.F.);
#5147=ORIENTED_EDGE('',*,*,#3813,.F.);
#5148=ORIENTED_EDGE('',*,*,#3375,.T.);
#5149=ORIENTED_EDGE('',*,*,#3813,.T.);
#5150=ORIENTED_EDGE('',*,*,#3814,.F.);
#5151=ORIENTED_EDGE('',*,*,#3815,.F.);
#5152=ORIENTED_EDGE('',*,*,#3376,.T.);
#5153=ORIENTED_EDGE('',*,*,#3815,.T.);
#5154=ORIENTED_EDGE('',*,*,#3816,.F.);
#5155=ORIENTED_EDGE('',*,*,#3817,.F.);
#5156=ORIENTED_EDGE('',*,*,#3377,.T.);
#5157=ORIENTED_EDGE('',*,*,#3817,.T.);
#5158=ORIENTED_EDGE('',*,*,#3818,.F.);
#5159=ORIENTED_EDGE('',*,*,#3819,.F.);
#5160=ORIENTED_EDGE('',*,*,#3378,.T.);
#5161=ORIENTED_EDGE('',*,*,#3819,.T.);
#5162=ORIENTED_EDGE('',*,*,#3820,.F.);
#5163=ORIENTED_EDGE('',*,*,#3821,.F.);
#5164=ORIENTED_EDGE('',*,*,#3379,.T.);
#5165=ORIENTED_EDGE('',*,*,#3821,.T.);
#5166=ORIENTED_EDGE('',*,*,#3822,.F.);
#5167=ORIENTED_EDGE('',*,*,#3823,.F.);
#5168=ORIENTED_EDGE('',*,*,#3380,.T.);
#5169=ORIENTED_EDGE('',*,*,#3823,.T.);
#5170=ORIENTED_EDGE('',*,*,#3824,.F.);
#5171=ORIENTED_EDGE('',*,*,#3825,.F.);
#5172=ORIENTED_EDGE('',*,*,#3381,.T.);
#5173=ORIENTED_EDGE('',*,*,#3825,.T.);
#5174=ORIENTED_EDGE('',*,*,#3826,.F.);
#5175=ORIENTED_EDGE('',*,*,#3827,.F.);
#5176=ORIENTED_EDGE('',*,*,#3382,.T.);
#5177=ORIENTED_EDGE('',*,*,#3827,.T.);
#5178=ORIENTED_EDGE('',*,*,#3828,.F.);
#5179=ORIENTED_EDGE('',*,*,#3829,.F.);
#5180=ORIENTED_EDGE('',*,*,#3383,.T.);
#5181=ORIENTED_EDGE('',*,*,#3829,.T.);
#5182=ORIENTED_EDGE('',*,*,#3830,.F.);
#5183=ORIENTED_EDGE('',*,*,#3831,.F.);
#5184=ORIENTED_EDGE('',*,*,#3384,.T.);
#5185=ORIENTED_EDGE('',*,*,#3831,.T.);
#5186=ORIENTED_EDGE('',*,*,#3832,.F.);
#5187=ORIENTED_EDGE('',*,*,#3833,.F.);
#5188=ORIENTED_EDGE('',*,*,#3373,.T.);
#5189=ORIENTED_EDGE('',*,*,#3833,.T.);
#5190=ORIENTED_EDGE('',*,*,#3834,.F.);
#5191=ORIENTED_EDGE('',*,*,#3811,.F.);
#5192=ORIENTED_EDGE('',*,*,#3835,.F.);
#5193=ORIENTED_EDGE('',*,*,#3836,.T.);
#5194=ORIENTED_EDGE('',*,*,#3385,.T.);
#5195=ORIENTED_EDGE('',*,*,#3836,.F.);
#5196=ORIENTED_EDGE('',*,*,#3387,.T.);
#5197=ORIENTED_EDGE('',*,*,#3837,.T.);
#5198=ORIENTED_EDGE('',*,*,#3838,.F.);
#5199=ORIENTED_EDGE('',*,*,#3839,.F.);
#5200=ORIENTED_EDGE('',*,*,#3388,.T.);
#5201=ORIENTED_EDGE('',*,*,#3839,.T.);
#5202=ORIENTED_EDGE('',*,*,#3840,.F.);
#5203=ORIENTED_EDGE('',*,*,#3841,.F.);
#5204=ORIENTED_EDGE('',*,*,#3389,.T.);
#5205=ORIENTED_EDGE('',*,*,#3841,.T.);
#5206=ORIENTED_EDGE('',*,*,#3842,.F.);
#5207=ORIENTED_EDGE('',*,*,#3843,.F.);
#5208=ORIENTED_EDGE('',*,*,#3390,.T.);
#5209=ORIENTED_EDGE('',*,*,#3843,.T.);
#5210=ORIENTED_EDGE('',*,*,#3844,.F.);
#5211=ORIENTED_EDGE('',*,*,#3845,.F.);
#5212=ORIENTED_EDGE('',*,*,#3391,.T.);
#5213=ORIENTED_EDGE('',*,*,#3845,.T.);
#5214=ORIENTED_EDGE('',*,*,#3846,.F.);
#5215=ORIENTED_EDGE('',*,*,#3847,.F.);
#5216=ORIENTED_EDGE('',*,*,#3392,.T.);
#5217=ORIENTED_EDGE('',*,*,#3847,.T.);
#5218=ORIENTED_EDGE('',*,*,#3848,.F.);
#5219=ORIENTED_EDGE('',*,*,#3849,.F.);
#5220=ORIENTED_EDGE('',*,*,#3393,.T.);
#5221=ORIENTED_EDGE('',*,*,#3849,.T.);
#5222=ORIENTED_EDGE('',*,*,#3850,.F.);
#5223=ORIENTED_EDGE('',*,*,#3851,.F.);
#5224=ORIENTED_EDGE('',*,*,#3394,.T.);
#5225=ORIENTED_EDGE('',*,*,#3851,.T.);
#5226=ORIENTED_EDGE('',*,*,#3852,.F.);
#5227=ORIENTED_EDGE('',*,*,#3853,.F.);
#5228=ORIENTED_EDGE('',*,*,#3395,.T.);
#5229=ORIENTED_EDGE('',*,*,#3853,.T.);
#5230=ORIENTED_EDGE('',*,*,#3854,.F.);
#5231=ORIENTED_EDGE('',*,*,#3855,.F.);
#5232=ORIENTED_EDGE('',*,*,#3396,.T.);
#5233=ORIENTED_EDGE('',*,*,#3855,.T.);
#5234=ORIENTED_EDGE('',*,*,#3856,.F.);
#5235=ORIENTED_EDGE('',*,*,#3857,.F.);
#5236=ORIENTED_EDGE('',*,*,#3397,.T.);
#5237=ORIENTED_EDGE('',*,*,#3857,.T.);
#5238=ORIENTED_EDGE('',*,*,#3858,.F.);
#5239=ORIENTED_EDGE('',*,*,#3859,.F.);
#5240=ORIENTED_EDGE('',*,*,#3386,.T.);
#5241=ORIENTED_EDGE('',*,*,#3859,.T.);
#5242=ORIENTED_EDGE('',*,*,#3860,.F.);
#5243=ORIENTED_EDGE('',*,*,#3837,.F.);
#5244=ORIENTED_EDGE('',*,*,#3861,.F.);
#5245=ORIENTED_EDGE('',*,*,#3862,.T.);
#5246=ORIENTED_EDGE('',*,*,#3398,.T.);
#5247=ORIENTED_EDGE('',*,*,#3862,.F.);
#5248=ORIENTED_EDGE('',*,*,#3400,.T.);
#5249=ORIENTED_EDGE('',*,*,#3863,.T.);
#5250=ORIENTED_EDGE('',*,*,#3864,.F.);
#5251=ORIENTED_EDGE('',*,*,#3865,.F.);
#5252=ORIENTED_EDGE('',*,*,#3401,.T.);
#5253=ORIENTED_EDGE('',*,*,#3865,.T.);
#5254=ORIENTED_EDGE('',*,*,#3866,.F.);
#5255=ORIENTED_EDGE('',*,*,#3867,.F.);
#5256=ORIENTED_EDGE('',*,*,#3402,.T.);
#5257=ORIENTED_EDGE('',*,*,#3867,.T.);
#5258=ORIENTED_EDGE('',*,*,#3868,.F.);
#5259=ORIENTED_EDGE('',*,*,#3869,.F.);
#5260=ORIENTED_EDGE('',*,*,#3403,.T.);
#5261=ORIENTED_EDGE('',*,*,#3869,.T.);
#5262=ORIENTED_EDGE('',*,*,#3870,.F.);
#5263=ORIENTED_EDGE('',*,*,#3871,.F.);
#5264=ORIENTED_EDGE('',*,*,#3404,.T.);
#5265=ORIENTED_EDGE('',*,*,#3871,.T.);
#5266=ORIENTED_EDGE('',*,*,#3872,.F.);
#5267=ORIENTED_EDGE('',*,*,#3873,.F.);
#5268=ORIENTED_EDGE('',*,*,#3405,.T.);
#5269=ORIENTED_EDGE('',*,*,#3873,.T.);
#5270=ORIENTED_EDGE('',*,*,#3874,.F.);
#5271=ORIENTED_EDGE('',*,*,#3875,.F.);
#5272=ORIENTED_EDGE('',*,*,#3406,.T.);
#5273=ORIENTED_EDGE('',*,*,#3875,.T.);
#5274=ORIENTED_EDGE('',*,*,#3876,.F.);
#5275=ORIENTED_EDGE('',*,*,#3877,.F.);
#5276=ORIENTED_EDGE('',*,*,#3407,.T.);
#5277=ORIENTED_EDGE('',*,*,#3877,.T.);
#5278=ORIENTED_EDGE('',*,*,#3878,.F.);
#5279=ORIENTED_EDGE('',*,*,#3879,.F.);
#5280=ORIENTED_EDGE('',*,*,#3408,.T.);
#5281=ORIENTED_EDGE('',*,*,#3879,.T.);
#5282=ORIENTED_EDGE('',*,*,#3880,.F.);
#5283=ORIENTED_EDGE('',*,*,#3881,.F.);
#5284=ORIENTED_EDGE('',*,*,#3409,.T.);
#5285=ORIENTED_EDGE('',*,*,#3881,.T.);
#5286=ORIENTED_EDGE('',*,*,#3882,.F.);
#5287=ORIENTED_EDGE('',*,*,#3883,.F.);
#5288=ORIENTED_EDGE('',*,*,#3410,.T.);
#5289=ORIENTED_EDGE('',*,*,#3883,.T.);
#5290=ORIENTED_EDGE('',*,*,#3884,.F.);
#5291=ORIENTED_EDGE('',*,*,#3885,.F.);
#5292=ORIENTED_EDGE('',*,*,#3399,.T.);
#5293=ORIENTED_EDGE('',*,*,#3885,.T.);
#5294=ORIENTED_EDGE('',*,*,#3886,.F.);
#5295=ORIENTED_EDGE('',*,*,#3863,.F.);
#5296=ORIENTED_EDGE('',*,*,#3412,.T.);
#5297=ORIENTED_EDGE('',*,*,#3887,.T.);
#5298=ORIENTED_EDGE('',*,*,#3888,.F.);
#5299=ORIENTED_EDGE('',*,*,#3889,.F.);
#5300=ORIENTED_EDGE('',*,*,#3413,.T.);
#5301=ORIENTED_EDGE('',*,*,#3889,.T.);
#5302=ORIENTED_EDGE('',*,*,#3890,.F.);
#5303=ORIENTED_EDGE('',*,*,#3891,.F.);
#5304=ORIENTED_EDGE('',*,*,#3414,.T.);
#5305=ORIENTED_EDGE('',*,*,#3891,.T.);
#5306=ORIENTED_EDGE('',*,*,#3892,.F.);
#5307=ORIENTED_EDGE('',*,*,#3893,.F.);
#5308=ORIENTED_EDGE('',*,*,#3415,.T.);
#5309=ORIENTED_EDGE('',*,*,#3893,.T.);
#5310=ORIENTED_EDGE('',*,*,#3894,.F.);
#5311=ORIENTED_EDGE('',*,*,#3895,.F.);
#5312=ORIENTED_EDGE('',*,*,#3416,.T.);
#5313=ORIENTED_EDGE('',*,*,#3895,.T.);
#5314=ORIENTED_EDGE('',*,*,#3896,.F.);
#5315=ORIENTED_EDGE('',*,*,#3897,.F.);
#5316=ORIENTED_EDGE('',*,*,#3417,.T.);
#5317=ORIENTED_EDGE('',*,*,#3897,.T.);
#5318=ORIENTED_EDGE('',*,*,#3898,.F.);
#5319=ORIENTED_EDGE('',*,*,#3899,.F.);
#5320=ORIENTED_EDGE('',*,*,#3418,.T.);
#5321=ORIENTED_EDGE('',*,*,#3899,.T.);
#5322=ORIENTED_EDGE('',*,*,#3900,.F.);
#5323=ORIENTED_EDGE('',*,*,#3901,.F.);
#5324=ORIENTED_EDGE('',*,*,#3419,.T.);
#5325=ORIENTED_EDGE('',*,*,#3901,.T.);
#5326=ORIENTED_EDGE('',*,*,#3902,.F.);
#5327=ORIENTED_EDGE('',*,*,#3903,.F.);
#5328=ORIENTED_EDGE('',*,*,#3420,.T.);
#5329=ORIENTED_EDGE('',*,*,#3903,.T.);
#5330=ORIENTED_EDGE('',*,*,#3904,.F.);
#5331=ORIENTED_EDGE('',*,*,#3905,.F.);
#5332=ORIENTED_EDGE('',*,*,#3421,.T.);
#5333=ORIENTED_EDGE('',*,*,#3905,.T.);
#5334=ORIENTED_EDGE('',*,*,#3906,.F.);
#5335=ORIENTED_EDGE('',*,*,#3907,.F.);
#5336=ORIENTED_EDGE('',*,*,#3422,.T.);
#5337=ORIENTED_EDGE('',*,*,#3907,.T.);
#5338=ORIENTED_EDGE('',*,*,#3908,.F.);
#5339=ORIENTED_EDGE('',*,*,#3909,.F.);
#5340=ORIENTED_EDGE('',*,*,#3411,.T.);
#5341=ORIENTED_EDGE('',*,*,#3909,.T.);
#5342=ORIENTED_EDGE('',*,*,#3910,.F.);
#5343=ORIENTED_EDGE('',*,*,#3887,.F.);
#5344=ORIENTED_EDGE('',*,*,#3424,.T.);
#5345=ORIENTED_EDGE('',*,*,#3911,.T.);
#5346=ORIENTED_EDGE('',*,*,#3912,.F.);
#5347=ORIENTED_EDGE('',*,*,#3913,.F.);
#5348=ORIENTED_EDGE('',*,*,#3425,.T.);
#5349=ORIENTED_EDGE('',*,*,#3913,.T.);
#5350=ORIENTED_EDGE('',*,*,#3914,.F.);
#5351=ORIENTED_EDGE('',*,*,#3915,.F.);
#5352=ORIENTED_EDGE('',*,*,#3426,.T.);
#5353=ORIENTED_EDGE('',*,*,#3915,.T.);
#5354=ORIENTED_EDGE('',*,*,#3916,.F.);
#5355=ORIENTED_EDGE('',*,*,#3917,.F.);
#5356=ORIENTED_EDGE('',*,*,#3427,.T.);
#5357=ORIENTED_EDGE('',*,*,#3917,.T.);
#5358=ORIENTED_EDGE('',*,*,#3918,.F.);
#5359=ORIENTED_EDGE('',*,*,#3919,.F.);
#5360=ORIENTED_EDGE('',*,*,#3428,.T.);
#5361=ORIENTED_EDGE('',*,*,#3919,.T.);
#5362=ORIENTED_EDGE('',*,*,#3920,.F.);
#5363=ORIENTED_EDGE('',*,*,#3921,.F.);
#5364=ORIENTED_EDGE('',*,*,#3429,.T.);
#5365=ORIENTED_EDGE('',*,*,#3921,.T.);
#5366=ORIENTED_EDGE('',*,*,#3922,.F.);
#5367=ORIENTED_EDGE('',*,*,#3923,.F.);
#5368=ORIENTED_EDGE('',*,*,#3430,.T.);
#5369=ORIENTED_EDGE('',*,*,#3923,.T.);
#5370=ORIENTED_EDGE('',*,*,#3924,.F.);
#5371=ORIENTED_EDGE('',*,*,#3925,.F.);
#5372=ORIENTED_EDGE('',*,*,#3431,.T.);
#5373=ORIENTED_EDGE('',*,*,#3925,.T.);
#5374=ORIENTED_EDGE('',*,*,#3926,.F.);
#5375=ORIENTED_EDGE('',*,*,#3927,.F.);
#5376=ORIENTED_EDGE('',*,*,#3432,.T.);
#5377=ORIENTED_EDGE('',*,*,#3927,.T.);
#5378=ORIENTED_EDGE('',*,*,#3928,.F.);
#5379=ORIENTED_EDGE('',*,*,#3929,.F.);
#5380=ORIENTED_EDGE('',*,*,#3433,.T.);
#5381=ORIENTED_EDGE('',*,*,#3929,.T.);
#5382=ORIENTED_EDGE('',*,*,#3930,.F.);
#5383=ORIENTED_EDGE('',*,*,#3931,.F.);
#5384=ORIENTED_EDGE('',*,*,#3434,.T.);
#5385=ORIENTED_EDGE('',*,*,#3931,.T.);
#5386=ORIENTED_EDGE('',*,*,#3932,.F.);
#5387=ORIENTED_EDGE('',*,*,#3933,.F.);
#5388=ORIENTED_EDGE('',*,*,#3423,.T.);
#5389=ORIENTED_EDGE('',*,*,#3933,.T.);
#5390=ORIENTED_EDGE('',*,*,#3934,.F.);
#5391=ORIENTED_EDGE('',*,*,#3911,.F.);
#5392=ORIENTED_EDGE('',*,*,#3935,.F.);
#5393=ORIENTED_EDGE('',*,*,#3936,.T.);
#5394=ORIENTED_EDGE('',*,*,#3435,.T.);
#5395=ORIENTED_EDGE('',*,*,#3936,.F.);
#5396=ORIENTED_EDGE('',*,*,#3937,.F.);
#5397=ORIENTED_EDGE('',*,*,#3938,.T.);
#5398=ORIENTED_EDGE('',*,*,#3436,.T.);
#5399=ORIENTED_EDGE('',*,*,#3938,.F.);
#5400=ORIENTED_EDGE('',*,*,#3438,.T.);
#5401=ORIENTED_EDGE('',*,*,#3939,.T.);
#5402=ORIENTED_EDGE('',*,*,#3940,.F.);
#5403=ORIENTED_EDGE('',*,*,#3941,.F.);
#5404=ORIENTED_EDGE('',*,*,#3439,.T.);
#5405=ORIENTED_EDGE('',*,*,#3941,.T.);
#5406=ORIENTED_EDGE('',*,*,#3942,.F.);
#5407=ORIENTED_EDGE('',*,*,#3943,.F.);
#5408=ORIENTED_EDGE('',*,*,#3440,.T.);
#5409=ORIENTED_EDGE('',*,*,#3943,.T.);
#5410=ORIENTED_EDGE('',*,*,#3944,.F.);
#5411=ORIENTED_EDGE('',*,*,#3945,.F.);
#5412=ORIENTED_EDGE('',*,*,#3441,.T.);
#5413=ORIENTED_EDGE('',*,*,#3945,.T.);
#5414=ORIENTED_EDGE('',*,*,#3946,.F.);
#5415=ORIENTED_EDGE('',*,*,#3947,.F.);
#5416=ORIENTED_EDGE('',*,*,#3442,.T.);
#5417=ORIENTED_EDGE('',*,*,#3947,.T.);
#5418=ORIENTED_EDGE('',*,*,#3948,.F.);
#5419=ORIENTED_EDGE('',*,*,#3949,.F.);
#5420=ORIENTED_EDGE('',*,*,#3443,.T.);
#5421=ORIENTED_EDGE('',*,*,#3949,.T.);
#5422=ORIENTED_EDGE('',*,*,#3950,.F.);
#5423=ORIENTED_EDGE('',*,*,#3951,.F.);
#5424=ORIENTED_EDGE('',*,*,#3444,.T.);
#5425=ORIENTED_EDGE('',*,*,#3951,.T.);
#5426=ORIENTED_EDGE('',*,*,#3952,.F.);
#5427=ORIENTED_EDGE('',*,*,#3953,.F.);
#5428=ORIENTED_EDGE('',*,*,#3445,.T.);
#5429=ORIENTED_EDGE('',*,*,#3953,.T.);
#5430=ORIENTED_EDGE('',*,*,#3954,.F.);
#5431=ORIENTED_EDGE('',*,*,#3955,.F.);
#5432=ORIENTED_EDGE('',*,*,#3446,.T.);
#5433=ORIENTED_EDGE('',*,*,#3955,.T.);
#5434=ORIENTED_EDGE('',*,*,#3956,.F.);
#5435=ORIENTED_EDGE('',*,*,#3957,.F.);
#5436=ORIENTED_EDGE('',*,*,#3447,.T.);
#5437=ORIENTED_EDGE('',*,*,#3957,.T.);
#5438=ORIENTED_EDGE('',*,*,#3958,.F.);
#5439=ORIENTED_EDGE('',*,*,#3959,.F.);
#5440=ORIENTED_EDGE('',*,*,#3448,.T.);
#5441=ORIENTED_EDGE('',*,*,#3959,.T.);
#5442=ORIENTED_EDGE('',*,*,#3960,.F.);
#5443=ORIENTED_EDGE('',*,*,#3961,.F.);
#5444=ORIENTED_EDGE('',*,*,#3437,.T.);
#5445=ORIENTED_EDGE('',*,*,#3961,.T.);
#5446=ORIENTED_EDGE('',*,*,#3962,.F.);
#5447=ORIENTED_EDGE('',*,*,#3939,.F.);
#5448=ORIENTED_EDGE('',*,*,#3450,.T.);
#5449=ORIENTED_EDGE('',*,*,#3963,.T.);
#5450=ORIENTED_EDGE('',*,*,#3964,.F.);
#5451=ORIENTED_EDGE('',*,*,#3965,.F.);
#5452=ORIENTED_EDGE('',*,*,#3451,.T.);
#5453=ORIENTED_EDGE('',*,*,#3965,.T.);
#5454=ORIENTED_EDGE('',*,*,#3966,.F.);
#5455=ORIENTED_EDGE('',*,*,#3967,.F.);
#5456=ORIENTED_EDGE('',*,*,#3452,.T.);
#5457=ORIENTED_EDGE('',*,*,#3967,.T.);
#5458=ORIENTED_EDGE('',*,*,#3968,.F.);
#5459=ORIENTED_EDGE('',*,*,#3969,.F.);
#5460=ORIENTED_EDGE('',*,*,#3453,.T.);
#5461=ORIENTED_EDGE('',*,*,#3969,.T.);
#5462=ORIENTED_EDGE('',*,*,#3970,.F.);
#5463=ORIENTED_EDGE('',*,*,#3971,.F.);
#5464=ORIENTED_EDGE('',*,*,#3454,.T.);
#5465=ORIENTED_EDGE('',*,*,#3971,.T.);
#5466=ORIENTED_EDGE('',*,*,#3972,.F.);
#5467=ORIENTED_EDGE('',*,*,#3973,.F.);
#5468=ORIENTED_EDGE('',*,*,#3455,.T.);
#5469=ORIENTED_EDGE('',*,*,#3973,.T.);
#5470=ORIENTED_EDGE('',*,*,#3974,.F.);
#5471=ORIENTED_EDGE('',*,*,#3975,.F.);
#5472=ORIENTED_EDGE('',*,*,#3456,.T.);
#5473=ORIENTED_EDGE('',*,*,#3975,.T.);
#5474=ORIENTED_EDGE('',*,*,#3976,.F.);
#5475=ORIENTED_EDGE('',*,*,#3977,.F.);
#5476=ORIENTED_EDGE('',*,*,#3449,.T.);
#5477=ORIENTED_EDGE('',*,*,#3977,.T.);
#5478=ORIENTED_EDGE('',*,*,#3978,.F.);
#5479=ORIENTED_EDGE('',*,*,#3963,.F.);
#5480=ORIENTED_EDGE('',*,*,#3458,.T.);
#5481=ORIENTED_EDGE('',*,*,#3979,.T.);
#5482=ORIENTED_EDGE('',*,*,#3980,.F.);
#5483=ORIENTED_EDGE('',*,*,#3981,.F.);
#5484=ORIENTED_EDGE('',*,*,#3459,.T.);
#5485=ORIENTED_EDGE('',*,*,#3981,.T.);
#5486=ORIENTED_EDGE('',*,*,#3982,.F.);
#5487=ORIENTED_EDGE('',*,*,#3983,.F.);
#5488=ORIENTED_EDGE('',*,*,#3460,.T.);
#5489=ORIENTED_EDGE('',*,*,#3983,.T.);
#5490=ORIENTED_EDGE('',*,*,#3984,.F.);
#5491=ORIENTED_EDGE('',*,*,#3985,.F.);
#5492=ORIENTED_EDGE('',*,*,#3457,.T.);
#5493=ORIENTED_EDGE('',*,*,#3985,.T.);
#5494=ORIENTED_EDGE('',*,*,#3986,.F.);
#5495=ORIENTED_EDGE('',*,*,#3979,.F.);
#5496=ORIENTED_EDGE('',*,*,#3987,.F.);
#5497=ORIENTED_EDGE('',*,*,#3988,.T.);
#5498=ORIENTED_EDGE('',*,*,#3461,.T.);
#5499=ORIENTED_EDGE('',*,*,#3988,.F.);
#5500=ORIENTED_EDGE('',*,*,#3463,.T.);
#5501=ORIENTED_EDGE('',*,*,#3989,.T.);
#5502=ORIENTED_EDGE('',*,*,#3990,.F.);
#5503=ORIENTED_EDGE('',*,*,#3991,.F.);
#5504=ORIENTED_EDGE('',*,*,#3464,.T.);
#5505=ORIENTED_EDGE('',*,*,#3991,.T.);
#5506=ORIENTED_EDGE('',*,*,#3992,.F.);
#5507=ORIENTED_EDGE('',*,*,#3993,.F.);
#5508=ORIENTED_EDGE('',*,*,#3465,.T.);
#5509=ORIENTED_EDGE('',*,*,#3993,.T.);
#5510=ORIENTED_EDGE('',*,*,#3994,.F.);
#5511=ORIENTED_EDGE('',*,*,#3995,.F.);
#5512=ORIENTED_EDGE('',*,*,#3466,.T.);
#5513=ORIENTED_EDGE('',*,*,#3995,.T.);
#5514=ORIENTED_EDGE('',*,*,#3996,.F.);
#5515=ORIENTED_EDGE('',*,*,#3997,.F.);
#5516=ORIENTED_EDGE('',*,*,#3467,.T.);
#5517=ORIENTED_EDGE('',*,*,#3997,.T.);
#5518=ORIENTED_EDGE('',*,*,#3998,.F.);
#5519=ORIENTED_EDGE('',*,*,#3999,.F.);
#5520=ORIENTED_EDGE('',*,*,#3468,.T.);
#5521=ORIENTED_EDGE('',*,*,#3999,.T.);
#5522=ORIENTED_EDGE('',*,*,#4000,.F.);
#5523=ORIENTED_EDGE('',*,*,#4001,.F.);
#5524=ORIENTED_EDGE('',*,*,#3469,.T.);
#5525=ORIENTED_EDGE('',*,*,#4001,.T.);
#5526=ORIENTED_EDGE('',*,*,#4002,.F.);
#5527=ORIENTED_EDGE('',*,*,#4003,.F.);
#5528=ORIENTED_EDGE('',*,*,#3470,.T.);
#5529=ORIENTED_EDGE('',*,*,#4003,.T.);
#5530=ORIENTED_EDGE('',*,*,#4004,.F.);
#5531=ORIENTED_EDGE('',*,*,#4005,.F.);
#5532=ORIENTED_EDGE('',*,*,#3471,.T.);
#5533=ORIENTED_EDGE('',*,*,#4005,.T.);
#5534=ORIENTED_EDGE('',*,*,#4006,.F.);
#5535=ORIENTED_EDGE('',*,*,#4007,.F.);
#5536=ORIENTED_EDGE('',*,*,#3472,.T.);
#5537=ORIENTED_EDGE('',*,*,#4007,.T.);
#5538=ORIENTED_EDGE('',*,*,#4008,.F.);
#5539=ORIENTED_EDGE('',*,*,#4009,.F.);
#5540=ORIENTED_EDGE('',*,*,#3473,.T.);
#5541=ORIENTED_EDGE('',*,*,#4009,.T.);
#5542=ORIENTED_EDGE('',*,*,#4010,.F.);
#5543=ORIENTED_EDGE('',*,*,#4011,.F.);
#5544=ORIENTED_EDGE('',*,*,#3462,.T.);
#5545=ORIENTED_EDGE('',*,*,#4011,.T.);
#5546=ORIENTED_EDGE('',*,*,#4012,.F.);
#5547=ORIENTED_EDGE('',*,*,#3989,.F.);
#5548=ORIENTED_EDGE('',*,*,#3475,.T.);
#5549=ORIENTED_EDGE('',*,*,#4013,.T.);
#5550=ORIENTED_EDGE('',*,*,#4014,.F.);
#5551=ORIENTED_EDGE('',*,*,#4015,.F.);
#5552=ORIENTED_EDGE('',*,*,#3476,.T.);
#5553=ORIENTED_EDGE('',*,*,#4015,.T.);
#5554=ORIENTED_EDGE('',*,*,#4016,.F.);
#5555=ORIENTED_EDGE('',*,*,#4017,.F.);
#5556=ORIENTED_EDGE('',*,*,#3477,.T.);
#5557=ORIENTED_EDGE('',*,*,#4017,.T.);
#5558=ORIENTED_EDGE('',*,*,#4018,.F.);
#5559=ORIENTED_EDGE('',*,*,#4019,.F.);
#5560=ORIENTED_EDGE('',*,*,#3478,.T.);
#5561=ORIENTED_EDGE('',*,*,#4019,.T.);
#5562=ORIENTED_EDGE('',*,*,#4020,.F.);
#5563=ORIENTED_EDGE('',*,*,#4021,.F.);
#5564=ORIENTED_EDGE('',*,*,#3479,.T.);
#5565=ORIENTED_EDGE('',*,*,#4021,.T.);
#5566=ORIENTED_EDGE('',*,*,#4022,.F.);
#5567=ORIENTED_EDGE('',*,*,#4023,.F.);
#5568=ORIENTED_EDGE('',*,*,#3480,.T.);
#5569=ORIENTED_EDGE('',*,*,#4023,.T.);
#5570=ORIENTED_EDGE('',*,*,#4024,.F.);
#5571=ORIENTED_EDGE('',*,*,#4025,.F.);
#5572=ORIENTED_EDGE('',*,*,#3481,.T.);
#5573=ORIENTED_EDGE('',*,*,#4025,.T.);
#5574=ORIENTED_EDGE('',*,*,#4026,.F.);
#5575=ORIENTED_EDGE('',*,*,#4027,.F.);
#5576=ORIENTED_EDGE('',*,*,#3482,.T.);
#5577=ORIENTED_EDGE('',*,*,#4027,.T.);
#5578=ORIENTED_EDGE('',*,*,#4028,.F.);
#5579=ORIENTED_EDGE('',*,*,#4029,.F.);
#5580=ORIENTED_EDGE('',*,*,#3483,.T.);
#5581=ORIENTED_EDGE('',*,*,#4029,.T.);
#5582=ORIENTED_EDGE('',*,*,#4030,.F.);
#5583=ORIENTED_EDGE('',*,*,#4031,.F.);
#5584=ORIENTED_EDGE('',*,*,#3484,.T.);
#5585=ORIENTED_EDGE('',*,*,#4031,.T.);
#5586=ORIENTED_EDGE('',*,*,#4032,.F.);
#5587=ORIENTED_EDGE('',*,*,#4033,.F.);
#5588=ORIENTED_EDGE('',*,*,#3485,.T.);
#5589=ORIENTED_EDGE('',*,*,#4033,.T.);
#5590=ORIENTED_EDGE('',*,*,#4034,.F.);
#5591=ORIENTED_EDGE('',*,*,#4035,.F.);
#5592=ORIENTED_EDGE('',*,*,#3474,.T.);
#5593=ORIENTED_EDGE('',*,*,#4035,.T.);
#5594=ORIENTED_EDGE('',*,*,#4036,.F.);
#5595=ORIENTED_EDGE('',*,*,#4013,.F.);
#5596=ORIENTED_EDGE('',*,*,#3533,.F.);
#5597=ORIENTED_EDGE('',*,*,#4037,.T.);
#5598=ORIENTED_EDGE('',*,*,#3172,.F.);
#5599=ORIENTED_EDGE('',*,*,#4038,.F.);
#5600=ORIENTED_EDGE('',*,*,#3535,.F.);
#5601=ORIENTED_EDGE('',*,*,#4038,.T.);
#5602=ORIENTED_EDGE('',*,*,#3171,.F.);
#5603=ORIENTED_EDGE('',*,*,#4039,.F.);
#5604=ORIENTED_EDGE('',*,*,#4040,.F.);
#5605=ORIENTED_EDGE('',*,*,#3536,.F.);
#5606=ORIENTED_EDGE('',*,*,#4040,.T.);
#5607=ORIENTED_EDGE('',*,*,#4039,.T.);
#5608=ORIENTED_EDGE('',*,*,#3170,.F.);
#5609=ORIENTED_EDGE('',*,*,#3230,.F.);
#5610=ORIENTED_EDGE('',*,*,#3518,.F.);
#5611=ORIENTED_EDGE('',*,*,#3538,.T.);
#5612=ORIENTED_EDGE('',*,*,#3179,.F.);
#5613=ORIENTED_EDGE('',*,*,#4041,.F.);
#5614=ORIENTED_EDGE('',*,*,#3521,.F.);
#5615=ORIENTED_EDGE('',*,*,#4041,.T.);
#5616=ORIENTED_EDGE('',*,*,#3178,.F.);
#5617=ORIENTED_EDGE('',*,*,#4042,.F.);
#5618=ORIENTED_EDGE('',*,*,#3522,.F.);
#5619=ORIENTED_EDGE('',*,*,#4042,.T.);
#5620=ORIENTED_EDGE('',*,*,#3177,.F.);
#5621=ORIENTED_EDGE('',*,*,#4043,.F.);
#5622=ORIENTED_EDGE('',*,*,#3525,.F.);
#5623=ORIENTED_EDGE('',*,*,#4043,.T.);
#5624=ORIENTED_EDGE('',*,*,#3176,.F.);
#5625=ORIENTED_EDGE('',*,*,#4044,.F.);
#5626=ORIENTED_EDGE('',*,*,#3527,.F.);
#5627=ORIENTED_EDGE('',*,*,#4044,.T.);
#5628=ORIENTED_EDGE('',*,*,#3175,.F.);
#5629=ORIENTED_EDGE('',*,*,#4045,.F.);
#5630=ORIENTED_EDGE('',*,*,#3529,.F.);
#5631=ORIENTED_EDGE('',*,*,#4045,.T.);
#5632=ORIENTED_EDGE('',*,*,#3174,.F.);
#5633=ORIENTED_EDGE('',*,*,#4046,.F.);
#5634=ORIENTED_EDGE('',*,*,#3530,.F.);
#5635=ORIENTED_EDGE('',*,*,#4046,.T.);
#5636=ORIENTED_EDGE('',*,*,#3173,.F.);
#5637=ORIENTED_EDGE('',*,*,#4037,.F.);
#5638=ORIENTED_EDGE('',*,*,#3492,.T.);
#5639=ORIENTED_EDGE('',*,*,#3487,.T.);
#5640=ORIENTED_EDGE('',*,*,#3589,.T.);
#5641=ORIENTED_EDGE('',*,*,#3591,.T.);
#5642=ORIENTED_EDGE('',*,*,#3571,.T.);
#5643=ORIENTED_EDGE('',*,*,#3568,.T.);
#5644=ORIENTED_EDGE('',*,*,#3566,.T.);
#5645=ORIENTED_EDGE('',*,*,#3564,.T.);
#5646=ORIENTED_EDGE('',*,*,#3562,.T.);
#5647=ORIENTED_EDGE('',*,*,#3560,.T.);
#5648=ORIENTED_EDGE('',*,*,#3558,.T.);
#5649=ORIENTED_EDGE('',*,*,#3556,.T.);
#5650=ORIENTED_EDGE('',*,*,#3554,.T.);
#5651=ORIENTED_EDGE('',*,*,#3552,.T.);
#5652=ORIENTED_EDGE('',*,*,#3549,.T.);
#5653=ORIENTED_EDGE('',*,*,#3574,.T.);
#5654=ORIENTED_EDGE('',*,*,#3576,.T.);
#5655=ORIENTED_EDGE('',*,*,#3578,.T.);
#5656=ORIENTED_EDGE('',*,*,#3580,.T.);
#5657=ORIENTED_EDGE('',*,*,#3582,.T.);
#5658=ORIENTED_EDGE('',*,*,#3584,.T.);
#5659=ORIENTED_EDGE('',*,*,#3586,.T.);
#5660=ORIENTED_EDGE('',*,*,#3588,.T.);
#5661=ORIENTED_EDGE('',*,*,#3490,.T.);
#5662=ORIENTED_EDGE('',*,*,#3494,.T.);
#5663=ORIENTED_EDGE('',*,*,#3621,.T.);
#5664=ORIENTED_EDGE('',*,*,#3619,.T.);
#5665=ORIENTED_EDGE('',*,*,#3617,.T.);
#5666=ORIENTED_EDGE('',*,*,#3622,.T.);
#5667=ORIENTED_EDGE('',*,*,#3496,.T.);
#5668=ORIENTED_EDGE('',*,*,#4036,.T.);
#5669=ORIENTED_EDGE('',*,*,#4034,.T.);
#5670=ORIENTED_EDGE('',*,*,#4032,.T.);
#5671=ORIENTED_EDGE('',*,*,#4030,.T.);
#5672=ORIENTED_EDGE('',*,*,#4028,.T.);
#5673=ORIENTED_EDGE('',*,*,#4026,.T.);
#5674=ORIENTED_EDGE('',*,*,#4024,.T.);
#5675=ORIENTED_EDGE('',*,*,#4022,.T.);
#5676=ORIENTED_EDGE('',*,*,#4020,.T.);
#5677=ORIENTED_EDGE('',*,*,#4018,.T.);
#5678=ORIENTED_EDGE('',*,*,#4016,.T.);
#5679=ORIENTED_EDGE('',*,*,#4014,.T.);
#5680=ORIENTED_EDGE('',*,*,#4012,.T.);
#5681=ORIENTED_EDGE('',*,*,#4010,.T.);
#5682=ORIENTED_EDGE('',*,*,#4008,.T.);
#5683=ORIENTED_EDGE('',*,*,#4006,.T.);
#5684=ORIENTED_EDGE('',*,*,#4004,.T.);
#5685=ORIENTED_EDGE('',*,*,#4002,.T.);
#5686=ORIENTED_EDGE('',*,*,#4000,.T.);
#5687=ORIENTED_EDGE('',*,*,#3998,.T.);
#5688=ORIENTED_EDGE('',*,*,#3996,.T.);
#5689=ORIENTED_EDGE('',*,*,#3994,.T.);
#5690=ORIENTED_EDGE('',*,*,#3992,.T.);
#5691=ORIENTED_EDGE('',*,*,#3990,.T.);
#5692=ORIENTED_EDGE('',*,*,#3987,.T.);
#5693=ORIENTED_EDGE('',*,*,#3986,.T.);
#5694=ORIENTED_EDGE('',*,*,#3984,.T.);
#5695=ORIENTED_EDGE('',*,*,#3982,.T.);
#5696=ORIENTED_EDGE('',*,*,#3980,.T.);
#5697=ORIENTED_EDGE('',*,*,#3978,.T.);
#5698=ORIENTED_EDGE('',*,*,#3976,.T.);
#5699=ORIENTED_EDGE('',*,*,#3974,.T.);
#5700=ORIENTED_EDGE('',*,*,#3972,.T.);
#5701=ORIENTED_EDGE('',*,*,#3970,.T.);
#5702=ORIENTED_EDGE('',*,*,#3968,.T.);
#5703=ORIENTED_EDGE('',*,*,#3966,.T.);
#5704=ORIENTED_EDGE('',*,*,#3964,.T.);
#5705=ORIENTED_EDGE('',*,*,#3962,.T.);
#5706=ORIENTED_EDGE('',*,*,#3960,.T.);
#5707=ORIENTED_EDGE('',*,*,#3958,.T.);
#5708=ORIENTED_EDGE('',*,*,#3956,.T.);
#5709=ORIENTED_EDGE('',*,*,#3954,.T.);
#5710=ORIENTED_EDGE('',*,*,#3952,.T.);
#5711=ORIENTED_EDGE('',*,*,#3950,.T.);
#5712=ORIENTED_EDGE('',*,*,#3948,.T.);
#5713=ORIENTED_EDGE('',*,*,#3946,.T.);
#5714=ORIENTED_EDGE('',*,*,#3944,.T.);
#5715=ORIENTED_EDGE('',*,*,#3942,.T.);
#5716=ORIENTED_EDGE('',*,*,#3940,.T.);
#5717=ORIENTED_EDGE('',*,*,#3937,.T.);
#5718=ORIENTED_EDGE('',*,*,#3935,.T.);
#5719=ORIENTED_EDGE('',*,*,#3934,.T.);
#5720=ORIENTED_EDGE('',*,*,#3932,.T.);
#5721=ORIENTED_EDGE('',*,*,#3930,.T.);
#5722=ORIENTED_EDGE('',*,*,#3928,.T.);
#5723=ORIENTED_EDGE('',*,*,#3926,.T.);
#5724=ORIENTED_EDGE('',*,*,#3924,.T.);
#5725=ORIENTED_EDGE('',*,*,#3922,.T.);
#5726=ORIENTED_EDGE('',*,*,#3920,.T.);
#5727=ORIENTED_EDGE('',*,*,#3918,.T.);
#5728=ORIENTED_EDGE('',*,*,#3916,.T.);
#5729=ORIENTED_EDGE('',*,*,#3914,.T.);
#5730=ORIENTED_EDGE('',*,*,#3912,.T.);
#5731=ORIENTED_EDGE('',*,*,#3910,.T.);
#5732=ORIENTED_EDGE('',*,*,#3908,.T.);
#5733=ORIENTED_EDGE('',*,*,#3906,.T.);
#5734=ORIENTED_EDGE('',*,*,#3904,.T.);
#5735=ORIENTED_EDGE('',*,*,#3902,.T.);
#5736=ORIENTED_EDGE('',*,*,#3900,.T.);
#5737=ORIENTED_EDGE('',*,*,#3898,.T.);
#5738=ORIENTED_EDGE('',*,*,#3896,.T.);
#5739=ORIENTED_EDGE('',*,*,#3894,.T.);
#5740=ORIENTED_EDGE('',*,*,#3892,.T.);
#5741=ORIENTED_EDGE('',*,*,#3890,.T.);
#5742=ORIENTED_EDGE('',*,*,#3888,.T.);
#5743=ORIENTED_EDGE('',*,*,#3886,.T.);
#5744=ORIENTED_EDGE('',*,*,#3884,.T.);
#5745=ORIENTED_EDGE('',*,*,#3882,.T.);
#5746=ORIENTED_EDGE('',*,*,#3880,.T.);
#5747=ORIENTED_EDGE('',*,*,#3878,.T.);
#5748=ORIENTED_EDGE('',*,*,#3876,.T.);
#5749=ORIENTED_EDGE('',*,*,#3874,.T.);
#5750=ORIENTED_EDGE('',*,*,#3872,.T.);
#5751=ORIENTED_EDGE('',*,*,#3870,.T.);
#5752=ORIENTED_EDGE('',*,*,#3868,.T.);
#5753=ORIENTED_EDGE('',*,*,#3866,.T.);
#5754=ORIENTED_EDGE('',*,*,#3864,.T.);
#5755=ORIENTED_EDGE('',*,*,#3861,.T.);
#5756=ORIENTED_EDGE('',*,*,#3860,.T.);
#5757=ORIENTED_EDGE('',*,*,#3858,.T.);
#5758=ORIENTED_EDGE('',*,*,#3856,.T.);
#5759=ORIENTED_EDGE('',*,*,#3854,.T.);
#5760=ORIENTED_EDGE('',*,*,#3852,.T.);
#5761=ORIENTED_EDGE('',*,*,#3850,.T.);
#5762=ORIENTED_EDGE('',*,*,#3848,.T.);
#5763=ORIENTED_EDGE('',*,*,#3846,.T.);
#5764=ORIENTED_EDGE('',*,*,#3844,.T.);
#5765=ORIENTED_EDGE('',*,*,#3842,.T.);
#5766=ORIENTED_EDGE('',*,*,#3840,.T.);
#5767=ORIENTED_EDGE('',*,*,#3838,.T.);
#5768=ORIENTED_EDGE('',*,*,#3835,.T.);
#5769=ORIENTED_EDGE('',*,*,#3834,.T.);
#5770=ORIENTED_EDGE('',*,*,#3832,.T.);
#5771=ORIENTED_EDGE('',*,*,#3830,.T.);
#5772=ORIENTED_EDGE('',*,*,#3828,.T.);
#5773=ORIENTED_EDGE('',*,*,#3826,.T.);
#5774=ORIENTED_EDGE('',*,*,#3824,.T.);
#5775=ORIENTED_EDGE('',*,*,#3822,.T.);
#5776=ORIENTED_EDGE('',*,*,#3820,.T.);
#5777=ORIENTED_EDGE('',*,*,#3818,.T.);
#5778=ORIENTED_EDGE('',*,*,#3816,.T.);
#5779=ORIENTED_EDGE('',*,*,#3814,.T.);
#5780=ORIENTED_EDGE('',*,*,#3812,.T.);
#5781=ORIENTED_EDGE('',*,*,#3810,.T.);
#5782=ORIENTED_EDGE('',*,*,#3808,.T.);
#5783=ORIENTED_EDGE('',*,*,#3806,.T.);
#5784=ORIENTED_EDGE('',*,*,#3804,.T.);
#5785=ORIENTED_EDGE('',*,*,#3802,.T.);
#5786=ORIENTED_EDGE('',*,*,#3800,.T.);
#5787=ORIENTED_EDGE('',*,*,#3798,.T.);
#5788=ORIENTED_EDGE('',*,*,#3796,.T.);
#5789=ORIENTED_EDGE('',*,*,#3794,.T.);
#5790=ORIENTED_EDGE('',*,*,#3792,.T.);
#5791=ORIENTED_EDGE('',*,*,#3790,.T.);
#5792=ORIENTED_EDGE('',*,*,#3788,.T.);
#5793=ORIENTED_EDGE('',*,*,#3786,.T.);
#5794=ORIENTED_EDGE('',*,*,#3784,.T.);
#5795=ORIENTED_EDGE('',*,*,#3782,.T.);
#5796=ORIENTED_EDGE('',*,*,#3780,.T.);
#5797=ORIENTED_EDGE('',*,*,#3778,.T.);
#5798=ORIENTED_EDGE('',*,*,#3776,.T.);
#5799=ORIENTED_EDGE('',*,*,#3774,.T.);
#5800=ORIENTED_EDGE('',*,*,#3772,.T.);
#5801=ORIENTED_EDGE('',*,*,#3770,.T.);
#5802=ORIENTED_EDGE('',*,*,#3768,.T.);
#5803=ORIENTED_EDGE('',*,*,#3766,.T.);
#5804=ORIENTED_EDGE('',*,*,#3764,.T.);
#5805=ORIENTED_EDGE('',*,*,#3762,.T.);
#5806=ORIENTED_EDGE('',*,*,#3760,.T.);
#5807=ORIENTED_EDGE('',*,*,#3758,.T.);
#5808=ORIENTED_EDGE('',*,*,#3756,.T.);
#5809=ORIENTED_EDGE('',*,*,#3754,.T.);
#5810=ORIENTED_EDGE('',*,*,#3752,.T.);
#5811=ORIENTED_EDGE('',*,*,#3750,.T.);
#5812=ORIENTED_EDGE('',*,*,#3748,.T.);
#5813=ORIENTED_EDGE('',*,*,#3746,.T.);
#5814=ORIENTED_EDGE('',*,*,#3744,.T.);
#5815=ORIENTED_EDGE('',*,*,#3742,.T.);
#5816=ORIENTED_EDGE('',*,*,#3740,.T.);
#5817=ORIENTED_EDGE('',*,*,#3738,.T.);
#5818=ORIENTED_EDGE('',*,*,#3736,.T.);
#5819=ORIENTED_EDGE('',*,*,#3734,.T.);
#5820=ORIENTED_EDGE('',*,*,#3732,.T.);
#5821=ORIENTED_EDGE('',*,*,#3730,.T.);
#5822=ORIENTED_EDGE('',*,*,#3728,.T.);
#5823=ORIENTED_EDGE('',*,*,#3726,.T.);
#5824=ORIENTED_EDGE('',*,*,#3724,.T.);
#5825=ORIENTED_EDGE('',*,*,#3722,.T.);
#5826=ORIENTED_EDGE('',*,*,#3720,.T.);
#5827=ORIENTED_EDGE('',*,*,#3718,.T.);
#5828=ORIENTED_EDGE('',*,*,#3716,.T.);
#5829=ORIENTED_EDGE('',*,*,#3713,.T.);
#5830=ORIENTED_EDGE('',*,*,#3711,.T.);
#5831=ORIENTED_EDGE('',*,*,#3710,.T.);
#5832=ORIENTED_EDGE('',*,*,#3708,.T.);
#5833=ORIENTED_EDGE('',*,*,#3706,.T.);
#5834=ORIENTED_EDGE('',*,*,#3704,.T.);
#5835=ORIENTED_EDGE('',*,*,#3702,.T.);
#5836=ORIENTED_EDGE('',*,*,#3700,.T.);
#5837=ORIENTED_EDGE('',*,*,#3698,.T.);
#5838=ORIENTED_EDGE('',*,*,#3696,.T.);
#5839=ORIENTED_EDGE('',*,*,#3694,.T.);
#5840=ORIENTED_EDGE('',*,*,#3692,.T.);
#5841=ORIENTED_EDGE('',*,*,#3690,.T.);
#5842=ORIENTED_EDGE('',*,*,#3688,.T.);
#5843=ORIENTED_EDGE('',*,*,#3686,.T.);
#5844=ORIENTED_EDGE('',*,*,#3684,.T.);
#5845=ORIENTED_EDGE('',*,*,#3682,.T.);
#5846=ORIENTED_EDGE('',*,*,#3680,.T.);
#5847=ORIENTED_EDGE('',*,*,#3678,.T.);
#5848=ORIENTED_EDGE('',*,*,#3676,.T.);
#5849=ORIENTED_EDGE('',*,*,#3674,.T.);
#5850=ORIENTED_EDGE('',*,*,#3672,.T.);
#5851=ORIENTED_EDGE('',*,*,#3670,.T.);
#5852=ORIENTED_EDGE('',*,*,#3668,.T.);
#5853=ORIENTED_EDGE('',*,*,#3666,.T.);
#5854=ORIENTED_EDGE('',*,*,#3664,.T.);
#5855=ORIENTED_EDGE('',*,*,#3662,.T.);
#5856=ORIENTED_EDGE('',*,*,#3660,.T.);
#5857=ORIENTED_EDGE('',*,*,#3658,.T.);
#5858=ORIENTED_EDGE('',*,*,#3656,.T.);
#5859=ORIENTED_EDGE('',*,*,#3654,.T.);
#5860=ORIENTED_EDGE('',*,*,#3652,.T.);
#5861=ORIENTED_EDGE('',*,*,#3650,.T.);
#5862=ORIENTED_EDGE('',*,*,#3648,.T.);
#5863=ORIENTED_EDGE('',*,*,#3646,.T.);
#5864=ORIENTED_EDGE('',*,*,#3644,.T.);
#5865=ORIENTED_EDGE('',*,*,#3642,.T.);
#5866=ORIENTED_EDGE('',*,*,#3640,.T.);
#5867=ORIENTED_EDGE('',*,*,#3638,.T.);
#5868=ORIENTED_EDGE('',*,*,#3636,.T.);
#5869=ORIENTED_EDGE('',*,*,#3634,.T.);
#5870=ORIENTED_EDGE('',*,*,#3632,.T.);
#5871=ORIENTED_EDGE('',*,*,#3630,.T.);
#5872=ORIENTED_EDGE('',*,*,#3628,.T.);
#5873=ORIENTED_EDGE('',*,*,#3626,.T.);
#5874=ORIENTED_EDGE('',*,*,#3624,.T.);
#5875=ORIENTED_EDGE('',*,*,#3615,.T.);
#5876=ORIENTED_EDGE('',*,*,#3613,.T.);
#5877=ORIENTED_EDGE('',*,*,#3611,.T.);
#5878=ORIENTED_EDGE('',*,*,#3609,.T.);
#5879=ORIENTED_EDGE('',*,*,#3607,.T.);
#5880=ORIENTED_EDGE('',*,*,#3605,.T.);
#5881=ORIENTED_EDGE('',*,*,#3603,.T.);
#5882=ORIENTED_EDGE('',*,*,#3601,.T.);
#5883=ORIENTED_EDGE('',*,*,#3599,.T.);
#5884=ORIENTED_EDGE('',*,*,#3597,.T.);
#5885=ORIENTED_EDGE('',*,*,#3595,.T.);
#5886=ORIENTED_EDGE('',*,*,#3593,.T.);
#5887=ORIENTED_EDGE('',*,*,#4047,.F.);
#5888=ORIENTED_EDGE('',*,*,#4048,.T.);
#5889=ORIENTED_EDGE('',*,*,#4049,.T.);
#5890=ORIENTED_EDGE('',*,*,#4048,.F.);
#5891=ORIENTED_EDGE('',*,*,#4050,.F.);
#5892=ORIENTED_EDGE('',*,*,#4051,.T.);
#5893=ORIENTED_EDGE('',*,*,#4052,.T.);
#5894=ORIENTED_EDGE('',*,*,#4051,.F.);
#5895=ORIENTED_EDGE('',*,*,#4053,.F.);
#5896=ORIENTED_EDGE('',*,*,#4054,.T.);
#5897=ORIENTED_EDGE('',*,*,#4055,.T.);
#5898=ORIENTED_EDGE('',*,*,#4054,.F.);
#5899=ORIENTED_EDGE('',*,*,#4056,.F.);
#5900=ORIENTED_EDGE('',*,*,#4057,.T.);
#5901=ORIENTED_EDGE('',*,*,#4058,.T.);
#5902=ORIENTED_EDGE('',*,*,#4057,.F.);
#5903=ORIENTED_EDGE('',*,*,#4059,.F.);
#5904=ORIENTED_EDGE('',*,*,#4060,.T.);
#5905=ORIENTED_EDGE('',*,*,#4061,.T.);
#5906=ORIENTED_EDGE('',*,*,#4060,.F.);
#5907=ORIENTED_EDGE('',*,*,#4062,.F.);
#5908=ORIENTED_EDGE('',*,*,#4063,.T.);
#5909=ORIENTED_EDGE('',*,*,#4064,.T.);
#5910=ORIENTED_EDGE('',*,*,#4063,.F.);
#5911=ORIENTED_EDGE('',*,*,#4065,.F.);
#5912=ORIENTED_EDGE('',*,*,#4066,.T.);
#5913=ORIENTED_EDGE('',*,*,#4067,.T.);
#5914=ORIENTED_EDGE('',*,*,#4066,.F.);
#5915=ORIENTED_EDGE('',*,*,#4068,.F.);
#5916=ORIENTED_EDGE('',*,*,#4069,.T.);
#5917=ORIENTED_EDGE('',*,*,#4070,.F.);
#5918=ORIENTED_EDGE('',*,*,#4071,.F.);
#5919=ORIENTED_EDGE('',*,*,#4072,.T.);
#5920=ORIENTED_EDGE('',*,*,#4071,.T.);
#5921=ORIENTED_EDGE('',*,*,#4073,.F.);
#5922=ORIENTED_EDGE('',*,*,#4074,.F.);
#5923=ORIENTED_EDGE('',*,*,#4075,.F.);
#5924=ORIENTED_EDGE('',*,*,#4074,.T.);
#5925=ORIENTED_EDGE('',*,*,#4076,.F.);
#5926=ORIENTED_EDGE('',*,*,#4077,.F.);
#5927=ORIENTED_EDGE('',*,*,#4078,.T.);
#5928=ORIENTED_EDGE('',*,*,#4077,.T.);
#5929=ORIENTED_EDGE('',*,*,#4079,.F.);
#5930=ORIENTED_EDGE('',*,*,#4080,.F.);
#5931=ORIENTED_EDGE('',*,*,#4081,.F.);
#5932=ORIENTED_EDGE('',*,*,#4080,.T.);
#5933=ORIENTED_EDGE('',*,*,#4082,.F.);
#5934=ORIENTED_EDGE('',*,*,#4083,.F.);
#5935=ORIENTED_EDGE('',*,*,#4084,.F.);
#5936=ORIENTED_EDGE('',*,*,#4083,.T.);
#5937=ORIENTED_EDGE('',*,*,#4085,.F.);
#5938=ORIENTED_EDGE('',*,*,#4086,.F.);
#5939=ORIENTED_EDGE('',*,*,#4087,.T.);
#5940=ORIENTED_EDGE('',*,*,#4086,.T.);
#5941=ORIENTED_EDGE('',*,*,#4088,.F.);
#5942=ORIENTED_EDGE('',*,*,#4089,.F.);
#5943=ORIENTED_EDGE('',*,*,#4090,.T.);
#5944=ORIENTED_EDGE('',*,*,#4089,.T.);
#5945=ORIENTED_EDGE('',*,*,#4091,.F.);
#5946=ORIENTED_EDGE('',*,*,#4092,.F.);
#5947=ORIENTED_EDGE('',*,*,#4093,.T.);
#5948=ORIENTED_EDGE('',*,*,#4092,.T.);
#5949=ORIENTED_EDGE('',*,*,#4094,.F.);
#5950=ORIENTED_EDGE('',*,*,#4095,.F.);
#5951=ORIENTED_EDGE('',*,*,#4096,.F.);
#5952=ORIENTED_EDGE('',*,*,#4095,.T.);
#5953=ORIENTED_EDGE('',*,*,#4097,.F.);
#5954=ORIENTED_EDGE('',*,*,#4098,.F.);
#5955=ORIENTED_EDGE('',*,*,#4099,.T.);
#5956=ORIENTED_EDGE('',*,*,#4098,.T.);
#5957=ORIENTED_EDGE('',*,*,#4100,.F.);
#5958=ORIENTED_EDGE('',*,*,#4101,.F.);
#5959=ORIENTED_EDGE('',*,*,#4102,.F.);
#5960=ORIENTED_EDGE('',*,*,#4101,.T.);
#5961=ORIENTED_EDGE('',*,*,#4103,.F.);
#5962=ORIENTED_EDGE('',*,*,#4104,.F.);
#5963=ORIENTED_EDGE('',*,*,#4105,.T.);
#5964=ORIENTED_EDGE('',*,*,#4104,.T.);
#5965=ORIENTED_EDGE('',*,*,#4106,.F.);
#5966=ORIENTED_EDGE('',*,*,#4107,.F.);
#5967=ORIENTED_EDGE('',*,*,#4108,.F.);
#5968=ORIENTED_EDGE('',*,*,#4107,.T.);
#5969=ORIENTED_EDGE('',*,*,#4109,.F.);
#5970=ORIENTED_EDGE('',*,*,#4110,.F.);
#5971=ORIENTED_EDGE('',*,*,#4111,.T.);
#5972=ORIENTED_EDGE('',*,*,#4110,.T.);
#5973=ORIENTED_EDGE('',*,*,#4112,.F.);
#5974=ORIENTED_EDGE('',*,*,#4113,.F.);
#5975=ORIENTED_EDGE('',*,*,#4114,.F.);
#5976=ORIENTED_EDGE('',*,*,#4113,.T.);
#5977=ORIENTED_EDGE('',*,*,#4115,.F.);
#5978=ORIENTED_EDGE('',*,*,#4116,.F.);
#5979=ORIENTED_EDGE('',*,*,#4117,.T.);
#5980=ORIENTED_EDGE('',*,*,#4116,.T.);
#5981=ORIENTED_EDGE('',*,*,#4118,.F.);
#5982=ORIENTED_EDGE('',*,*,#4119,.F.);
#5983=ORIENTED_EDGE('',*,*,#4120,.F.);
#5984=ORIENTED_EDGE('',*,*,#4119,.T.);
#5985=ORIENTED_EDGE('',*,*,#4121,.F.);
#5986=ORIENTED_EDGE('',*,*,#4122,.F.);
#5987=ORIENTED_EDGE('',*,*,#4123,.T.);
#5988=ORIENTED_EDGE('',*,*,#4122,.T.);
#5989=ORIENTED_EDGE('',*,*,#4124,.F.);
#5990=ORIENTED_EDGE('',*,*,#4125,.F.);
#5991=ORIENTED_EDGE('',*,*,#4126,.F.);
#5992=ORIENTED_EDGE('',*,*,#4125,.T.);
#5993=ORIENTED_EDGE('',*,*,#4127,.F.);
#5994=ORIENTED_EDGE('',*,*,#4128,.F.);
#5995=ORIENTED_EDGE('',*,*,#4129,.T.);
#5996=ORIENTED_EDGE('',*,*,#4128,.T.);
#5997=ORIENTED_EDGE('',*,*,#4130,.F.);
#5998=ORIENTED_EDGE('',*,*,#4069,.F.);
#5999=ORIENTED_EDGE('',*,*,#4130,.T.);
#6000=ORIENTED_EDGE('',*,*,#4127,.T.);
#6001=ORIENTED_EDGE('',*,*,#4124,.T.);
#6002=ORIENTED_EDGE('',*,*,#4121,.T.);
#6003=ORIENTED_EDGE('',*,*,#4118,.T.);
#6004=ORIENTED_EDGE('',*,*,#4115,.T.);
#6005=ORIENTED_EDGE('',*,*,#4112,.T.);
#6006=ORIENTED_EDGE('',*,*,#4109,.T.);
#6007=ORIENTED_EDGE('',*,*,#4106,.T.);
#6008=ORIENTED_EDGE('',*,*,#4103,.T.);
#6009=ORIENTED_EDGE('',*,*,#4100,.T.);
#6010=ORIENTED_EDGE('',*,*,#4097,.T.);
#6011=ORIENTED_EDGE('',*,*,#4094,.T.);
#6012=ORIENTED_EDGE('',*,*,#4091,.T.);
#6013=ORIENTED_EDGE('',*,*,#4088,.T.);
#6014=ORIENTED_EDGE('',*,*,#4085,.T.);
#6015=ORIENTED_EDGE('',*,*,#4082,.T.);
#6016=ORIENTED_EDGE('',*,*,#4079,.T.);
#6017=ORIENTED_EDGE('',*,*,#4076,.T.);
#6018=ORIENTED_EDGE('',*,*,#4073,.T.);
#6019=ORIENTED_EDGE('',*,*,#4070,.T.);
#6020=ORIENTED_EDGE('',*,*,#4065,.T.);
#6021=ORIENTED_EDGE('',*,*,#4062,.T.);
#6022=ORIENTED_EDGE('',*,*,#4059,.T.);
#6023=ORIENTED_EDGE('',*,*,#4056,.T.);
#6024=ORIENTED_EDGE('',*,*,#4053,.T.);
#6025=ORIENTED_EDGE('',*,*,#4050,.T.);
#6026=ORIENTED_EDGE('',*,*,#4047,.T.);
#6027=ORIENTED_EDGE('',*,*,#4129,.F.);
#6028=ORIENTED_EDGE('',*,*,#4068,.T.);
#6029=ORIENTED_EDGE('',*,*,#4072,.F.);
#6030=ORIENTED_EDGE('',*,*,#4075,.T.);
#6031=ORIENTED_EDGE('',*,*,#4078,.F.);
#6032=ORIENTED_EDGE('',*,*,#4081,.T.);
#6033=ORIENTED_EDGE('',*,*,#4084,.T.);
#6034=ORIENTED_EDGE('',*,*,#4087,.F.);
#6035=ORIENTED_EDGE('',*,*,#4090,.F.);
#6036=ORIENTED_EDGE('',*,*,#4093,.F.);
#6037=ORIENTED_EDGE('',*,*,#4096,.T.);
#6038=ORIENTED_EDGE('',*,*,#4099,.F.);
#6039=ORIENTED_EDGE('',*,*,#4102,.T.);
#6040=ORIENTED_EDGE('',*,*,#4105,.F.);
#6041=ORIENTED_EDGE('',*,*,#4108,.T.);
#6042=ORIENTED_EDGE('',*,*,#4111,.F.);
#6043=ORIENTED_EDGE('',*,*,#4114,.T.);
#6044=ORIENTED_EDGE('',*,*,#4117,.F.);
#6045=ORIENTED_EDGE('',*,*,#4120,.T.);
#6046=ORIENTED_EDGE('',*,*,#4123,.F.);
#6047=ORIENTED_EDGE('',*,*,#4126,.T.);
#6048=ORIENTED_EDGE('',*,*,#4067,.F.);
#6049=ORIENTED_EDGE('',*,*,#4064,.F.);
#6050=ORIENTED_EDGE('',*,*,#4061,.F.);
#6051=ORIENTED_EDGE('',*,*,#4058,.F.);
#6052=ORIENTED_EDGE('',*,*,#4055,.F.);
#6053=ORIENTED_EDGE('',*,*,#4052,.F.);
#6054=ORIENTED_EDGE('',*,*,#4049,.F.);
#6055=PLANE('',#6520);
#6056=PLANE('',#6523);
#6057=PLANE('',#6524);
#6058=PLANE('',#6525);
#6059=PLANE('',#6526);
#6060=PLANE('',#6527);
#6061=PLANE('',#6534);
#6062=PLANE('',#6543);
#6063=PLANE('',#6544);
#6064=PLANE('',#6545);
#6065=PLANE('',#6546);
#6066=PLANE('',#6570);
#6067=PLANE('',#6571);
#6068=PLANE('',#6572);
#6069=PLANE('',#6573);
#6070=PLANE('',#6575);
#6071=PLANE('',#6576);
#6072=PLANE('',#6577);
#6073=PLANE('',#6578);
#6074=PLANE('',#6579);
#6075=PLANE('',#6580);
#6076=PLANE('',#6581);
#6077=PLANE('',#6582);
#6078=PLANE('',#6585);
#6079=PLANE('',#6586);
#6080=PLANE('',#6587);
#6081=PLANE('',#6588);
#6082=PLANE('',#6589);
#6083=PLANE('',#6590);
#6084=PLANE('',#6591);
#6085=PLANE('',#6592);
#6086=PLANE('',#6593);
#6087=PLANE('',#6594);
#6088=PLANE('',#6595);
#6089=PLANE('',#6596);
#6090=PLANE('',#6597);
#6091=PLANE('',#6598);
#6092=PLANE('',#6599);
#6093=PLANE('',#6600);
#6094=PLANE('',#6601);
#6095=PLANE('',#6602);
#6096=PLANE('',#6603);
#6097=PLANE('',#6604);
#6098=PLANE('',#6605);
#6099=PLANE('',#6606);
#6100=PLANE('',#6607);
#6101=PLANE('',#6608);
#6102=PLANE('',#6609);
#6103=PLANE('',#6614);
#6104=PLANE('',#6615);
#6105=PLANE('',#6616);
#6106=PLANE('',#6617);
#6107=PLANE('',#6618);
#6108=PLANE('',#6619);
#6109=PLANE('',#6620);
#6110=PLANE('',#6621);
#6111=PLANE('',#6622);
#6112=PLANE('',#6623);
#6113=PLANE('',#6624);
#6114=PLANE('',#6625);
#6115=PLANE('',#6626);
#6116=PLANE('',#6627);
#6117=PLANE('',#6628);
#6118=PLANE('',#6629);
#6119=PLANE('',#6630);
#6120=PLANE('',#6631);
#6121=PLANE('',#6632);
#6122=PLANE('',#6633);
#6123=PLANE('',#6636);
#6124=PLANE('',#6637);
#6125=PLANE('',#6638);
#6126=PLANE('',#6639);
#6127=PLANE('',#6642);
#6128=PLANE('',#6643);
#6129=PLANE('',#6644);
#6130=PLANE('',#6645);
#6131=PLANE('',#6646);
#6132=PLANE('',#6647);
#6133=PLANE('',#6648);
#6134=PLANE('',#6649);
#6135=PLANE('',#6650);
#6136=PLANE('',#6651);
#6137=PLANE('',#6652);
#6138=PLANE('',#6653);
#6139=PLANE('',#6658);
#6140=PLANE('',#6659);
#6141=PLANE('',#6660);
#6142=PLANE('',#6661);
#6143=PLANE('',#6662);
#6144=PLANE('',#6663);
#6145=PLANE('',#6664);
#6146=PLANE('',#6665);
#6147=PLANE('',#6666);
#6148=PLANE('',#6667);
#6149=PLANE('',#6668);
#6150=PLANE('',#6669);
#6151=PLANE('',#6672);
#6152=PLANE('',#6673);
#6153=PLANE('',#6674);
#6154=PLANE('',#6675);
#6155=PLANE('',#6676);
#6156=PLANE('',#6677);
#6157=PLANE('',#6678);
#6158=PLANE('',#6679);
#6159=PLANE('',#6680);
#6160=PLANE('',#6681);
#6161=PLANE('',#6682);
#6162=PLANE('',#6683);
#6163=PLANE('',#6684);
#6164=PLANE('',#6685);
#6165=PLANE('',#6707);
#6166=PLANE('',#6708);
#6167=PLANE('',#6709);
#6168=PLANE('',#6710);
#6169=PLANE('',#6714);
#6170=PLANE('',#6715);
#6171=PLANE('',#6716);
#6172=PLANE('',#6717);
#6173=PLANE('',#6718);
#6174=PLANE('',#6719);
#6175=PLANE('',#6720);
#6176=PLANE('',#6721);
#6177=ADVANCED_FACE('',(#290),#6055,.T.);
#6178=ADVANCED_FACE('',(#291),#6056,.T.);
#6179=ADVANCED_FACE('',(#292),#6057,.F.);
#6180=ADVANCED_FACE('',(#293),#6058,.F.);
#6181=ADVANCED_FACE('',(#294),#6059,.T.);
#6182=ADVANCED_FACE('',(#295),#6060,.F.);
#6183=ADVANCED_FACE('',(#296),#262,.T.);
#6184=ADVANCED_FACE('',(#297),#263,.T.);
#6185=ADVANCED_FACE('',(#298,#195,#196,#197,#198,#199,#200,#201,#202,#203,
#204,#205,#206,#207,#208,#209,#210,#211,#212,#213,#214,#215,#216,#217,#218,
#219,#220),#6061,.F.);
#6186=ADVANCED_FACE('',(#299),#6062,.T.);
#6187=ADVANCED_FACE('',(#300),#6063,.F.);
#6188=ADVANCED_FACE('',(#301),#6064,.F.);
#6189=ADVANCED_FACE('',(#302),#6065,.T.);
#6190=ADVANCED_FACE('',(#303),#194,.T.);
#6191=ADVANCED_FACE('',(#304),#17,.F.);
#6192=ADVANCED_FACE('',(#305),#18,.F.);
#6193=ADVANCED_FACE('',(#306),#264,.T.);
#6194=ADVANCED_FACE('',(#307),#19,.F.);
#6195=ADVANCED_FACE('',(#308),#265,.T.);
#6196=ADVANCED_FACE('',(#309),#20,.F.);
#6197=ADVANCED_FACE('',(#310),#266,.T.);
#6198=ADVANCED_FACE('',(#311),#21,.F.);
#6199=ADVANCED_FACE('',(#312),#267,.T.);
#6200=ADVANCED_FACE('',(#313),#22,.F.);
#6201=ADVANCED_FACE('',(#314),#268,.T.);
#6202=ADVANCED_FACE('',(#315),#23,.F.);
#6203=ADVANCED_FACE('',(#316),#269,.T.);
#6204=ADVANCED_FACE('',(#317),#24,.F.);
#6205=ADVANCED_FACE('',(#318),#270,.T.);
#6206=ADVANCED_FACE('',(#319),#25,.F.);
#6207=ADVANCED_FACE('',(#320),#271,.T.);
#6208=ADVANCED_FACE('',(#321),#26,.F.);
#6209=ADVANCED_FACE('',(#322),#272,.T.);
#6210=ADVANCED_FACE('',(#323),#6066,.T.);
#6211=ADVANCED_FACE('',(#324),#27,.T.);
#6212=ADVANCED_FACE('',(#325),#6067,.T.);
#6213=ADVANCED_FACE('',(#326),#28,.T.);
#6214=ADVANCED_FACE('',(#327),#6068,.T.);
#6215=ADVANCED_FACE('',(#328),#29,.T.);
#6216=ADVANCED_FACE('',(#329),#6069,.T.);
#6217=ADVANCED_FACE('',(#330),#30,.T.);
#6218=ADVANCED_FACE('',(#331),#31,.T.);
#6219=ADVANCED_FACE('',(#332),#273,.T.);
#6220=ADVANCED_FACE('',(#333),#32,.T.);
#6221=ADVANCED_FACE('',(#334),#6070,.T.);
#6222=ADVANCED_FACE('',(#335),#33,.T.);
#6223=ADVANCED_FACE('',(#336),#6071,.T.);
#6224=ADVANCED_FACE('',(#337),#34,.T.);
#6225=ADVANCED_FACE('',(#338),#6072,.T.);
#6226=ADVANCED_FACE('',(#339),#35,.T.);
#6227=ADVANCED_FACE('',(#340),#6073,.T.);
#6228=ADVANCED_FACE('',(#341),#36,.T.);
#6229=ADVANCED_FACE('',(#342),#6074,.T.);
#6230=ADVANCED_FACE('',(#343),#37,.T.);
#6231=ADVANCED_FACE('',(#344),#6075,.T.);
#6232=ADVANCED_FACE('',(#345),#38,.T.);
#6233=ADVANCED_FACE('',(#346),#6076,.T.);
#6234=ADVANCED_FACE('',(#347),#39,.T.);
#6235=ADVANCED_FACE('',(#348),#6077,.T.);
#6236=ADVANCED_FACE('',(#349),#40,.T.);
#6237=ADVANCED_FACE('',(#350),#41,.T.);
#6238=ADVANCED_FACE('',(#351),#274,.F.);
#6239=ADVANCED_FACE('',(#352),#42,.T.);
#6240=ADVANCED_FACE('',(#353),#6078,.T.);
#6241=ADVANCED_FACE('',(#354),#6079,.T.);
#6242=ADVANCED_FACE('',(#355),#43,.T.);
#6243=ADVANCED_FACE('',(#356),#44,.T.);
#6244=ADVANCED_FACE('',(#357),#6080,.T.);
#6245=ADVANCED_FACE('',(#358),#45,.T.);
#6246=ADVANCED_FACE('',(#359),#46,.T.);
#6247=ADVANCED_FACE('',(#360),#6081,.T.);
#6248=ADVANCED_FACE('',(#361),#47,.T.);
#6249=ADVANCED_FACE('',(#362),#48,.T.);
#6250=ADVANCED_FACE('',(#363),#6082,.T.);
#6251=ADVANCED_FACE('',(#364),#49,.T.);
#6252=ADVANCED_FACE('',(#365),#50,.T.);
#6253=ADVANCED_FACE('',(#366),#6083,.T.);
#6254=ADVANCED_FACE('',(#367),#6084,.T.);
#6255=ADVANCED_FACE('',(#368),#6085,.T.);
#6256=ADVANCED_FACE('',(#369),#6086,.T.);
#6257=ADVANCED_FACE('',(#370),#6087,.T.);
#6258=ADVANCED_FACE('',(#371),#51,.T.);
#6259=ADVANCED_FACE('',(#372),#52,.T.);
#6260=ADVANCED_FACE('',(#373),#6088,.T.);
#6261=ADVANCED_FACE('',(#374),#53,.T.);
#6262=ADVANCED_FACE('',(#375),#54,.T.);
#6263=ADVANCED_FACE('',(#376),#6089,.T.);
#6264=ADVANCED_FACE('',(#377),#55,.T.);
#6265=ADVANCED_FACE('',(#378),#56,.T.);
#6266=ADVANCED_FACE('',(#379),#6090,.T.);
#6267=ADVANCED_FACE('',(#380),#57,.T.);
#6268=ADVANCED_FACE('',(#381),#58,.T.);
#6269=ADVANCED_FACE('',(#382),#6091,.T.);
#6270=ADVANCED_FACE('',(#383),#59,.T.);
#6271=ADVANCED_FACE('',(#384),#6092,.T.);
#6272=ADVANCED_FACE('',(#385),#60,.T.);
#6273=ADVANCED_FACE('',(#386),#6093,.T.);
#6274=ADVANCED_FACE('',(#387),#61,.T.);
#6275=ADVANCED_FACE('',(#388),#6094,.T.);
#6276=ADVANCED_FACE('',(#389),#62,.T.);
#6277=ADVANCED_FACE('',(#390),#6095,.T.);
#6278=ADVANCED_FACE('',(#391),#63,.T.);
#6279=ADVANCED_FACE('',(#392),#64,.T.);
#6280=ADVANCED_FACE('',(#393),#6096,.T.);
#6281=ADVANCED_FACE('',(#394),#65,.T.);
#6282=ADVANCED_FACE('',(#395),#66,.T.);
#6283=ADVANCED_FACE('',(#396),#6097,.T.);
#6284=ADVANCED_FACE('',(#397),#67,.T.);
#6285=ADVANCED_FACE('',(#398),#68,.T.);
#6286=ADVANCED_FACE('',(#399),#6098,.T.);
#6287=ADVANCED_FACE('',(#400),#69,.T.);
#6288=ADVANCED_FACE('',(#401),#70,.T.);
#6289=ADVANCED_FACE('',(#402),#6099,.T.);
#6290=ADVANCED_FACE('',(#403),#71,.T.);
#6291=ADVANCED_FACE('',(#404),#72,.T.);
#6292=ADVANCED_FACE('',(#405),#6100,.T.);
#6293=ADVANCED_FACE('',(#406),#73,.T.);
#6294=ADVANCED_FACE('',(#407),#74,.T.);
#6295=ADVANCED_FACE('',(#408),#6101,.T.);
#6296=ADVANCED_FACE('',(#409),#75,.T.);
#6297=ADVANCED_FACE('',(#410),#76,.T.);
#6298=ADVANCED_FACE('',(#411),#6102,.T.);
#6299=ADVANCED_FACE('',(#412),#77,.T.);
#6300=ADVANCED_FACE('',(#413),#78,.T.);
#6301=ADVANCED_FACE('',(#414),#275,.F.);
#6302=ADVANCED_FACE('',(#415),#276,.F.);
#6303=ADVANCED_FACE('',(#416),#6103,.T.);
#6304=ADVANCED_FACE('',(#417),#79,.T.);
#6305=ADVANCED_FACE('',(#418),#80,.T.);
#6306=ADVANCED_FACE('',(#419),#6104,.T.);
#6307=ADVANCED_FACE('',(#420),#81,.T.);
#6308=ADVANCED_FACE('',(#421),#82,.T.);
#6309=ADVANCED_FACE('',(#422),#6105,.T.);
#6310=ADVANCED_FACE('',(#423),#83,.T.);
#6311=ADVANCED_FACE('',(#424),#84,.T.);
#6312=ADVANCED_FACE('',(#425),#6106,.T.);
#6313=ADVANCED_FACE('',(#426),#85,.T.);
#6314=ADVANCED_FACE('',(#427),#86,.T.);
#6315=ADVANCED_FACE('',(#428),#6107,.T.);
#6316=ADVANCED_FACE('',(#429),#87,.T.);
#6317=ADVANCED_FACE('',(#430),#88,.T.);
#6318=ADVANCED_FACE('',(#431),#6108,.T.);
#6319=ADVANCED_FACE('',(#432),#89,.T.);
#6320=ADVANCED_FACE('',(#433),#90,.T.);
#6321=ADVANCED_FACE('',(#434),#6109,.T.);
#6322=ADVANCED_FACE('',(#435),#91,.T.);
#6323=ADVANCED_FACE('',(#436),#92,.T.);
#6324=ADVANCED_FACE('',(#437),#6110,.T.);
#6325=ADVANCED_FACE('',(#438),#93,.T.);
#6326=ADVANCED_FACE('',(#439),#94,.T.);
#6327=ADVANCED_FACE('',(#440),#6111,.T.);
#6328=ADVANCED_FACE('',(#441),#95,.T.);
#6329=ADVANCED_FACE('',(#442),#96,.T.);
#6330=ADVANCED_FACE('',(#443),#6112,.T.);
#6331=ADVANCED_FACE('',(#444),#97,.T.);
#6332=ADVANCED_FACE('',(#445),#98,.T.);
#6333=ADVANCED_FACE('',(#446),#6113,.T.);
#6334=ADVANCED_FACE('',(#447),#99,.T.);
#6335=ADVANCED_FACE('',(#448),#100,.T.);
#6336=ADVANCED_FACE('',(#449),#6114,.T.);
#6337=ADVANCED_FACE('',(#450),#101,.T.);
#6338=ADVANCED_FACE('',(#451),#102,.T.);
#6339=ADVANCED_FACE('',(#452),#6115,.T.);
#6340=ADVANCED_FACE('',(#453),#103,.T.);
#6341=ADVANCED_FACE('',(#454),#104,.T.);
#6342=ADVANCED_FACE('',(#455),#6116,.T.);
#6343=ADVANCED_FACE('',(#456),#105,.T.);
#6344=ADVANCED_FACE('',(#457),#106,.T.);
#6345=ADVANCED_FACE('',(#458),#6117,.T.);
#6346=ADVANCED_FACE('',(#459),#107,.T.);
#6347=ADVANCED_FACE('',(#460),#108,.T.);
#6348=ADVANCED_FACE('',(#461),#6118,.T.);
#6349=ADVANCED_FACE('',(#462),#109,.T.);
#6350=ADVANCED_FACE('',(#463),#110,.T.);
#6351=ADVANCED_FACE('',(#464),#6119,.T.);
#6352=ADVANCED_FACE('',(#465),#111,.T.);
#6353=ADVANCED_FACE('',(#466),#112,.T.);
#6354=ADVANCED_FACE('',(#467),#6120,.T.);
#6355=ADVANCED_FACE('',(#468),#113,.T.);
#6356=ADVANCED_FACE('',(#469),#114,.T.);
#6357=ADVANCED_FACE('',(#470),#6121,.T.);
#6358=ADVANCED_FACE('',(#471),#115,.T.);
#6359=ADVANCED_FACE('',(#472),#116,.T.);
#6360=ADVANCED_FACE('',(#473),#6122,.T.);
#6361=ADVANCED_FACE('',(#474),#117,.T.);
#6362=ADVANCED_FACE('',(#475),#118,.T.);
#6363=ADVANCED_FACE('',(#476),#277,.F.);
#6364=ADVANCED_FACE('',(#477),#6123,.T.);
#6365=ADVANCED_FACE('',(#478),#119,.T.);
#6366=ADVANCED_FACE('',(#479),#120,.T.);
#6367=ADVANCED_FACE('',(#480),#6124,.T.);
#6368=ADVANCED_FACE('',(#481),#121,.T.);
#6369=ADVANCED_FACE('',(#482),#122,.T.);
#6370=ADVANCED_FACE('',(#483),#6125,.T.);
#6371=ADVANCED_FACE('',(#484),#123,.T.);
#6372=ADVANCED_FACE('',(#485),#124,.T.);
#6373=ADVANCED_FACE('',(#486),#6126,.T.);
#6374=ADVANCED_FACE('',(#487),#125,.T.);
#6375=ADVANCED_FACE('',(#488),#126,.T.);
#6376=ADVANCED_FACE('',(#489),#278,.F.);
#6377=ADVANCED_FACE('',(#490),#6127,.T.);
#6378=ADVANCED_FACE('',(#491),#127,.T.);
#6379=ADVANCED_FACE('',(#492),#128,.T.);
#6380=ADVANCED_FACE('',(#493),#6128,.T.);
#6381=ADVANCED_FACE('',(#494),#129,.T.);
#6382=ADVANCED_FACE('',(#495),#130,.T.);
#6383=ADVANCED_FACE('',(#496),#6129,.T.);
#6384=ADVANCED_FACE('',(#497),#131,.T.);
#6385=ADVANCED_FACE('',(#498),#132,.T.);
#6386=ADVANCED_FACE('',(#499),#6130,.T.);
#6387=ADVANCED_FACE('',(#500),#133,.T.);
#6388=ADVANCED_FACE('',(#501),#134,.T.);
#6389=ADVANCED_FACE('',(#502),#6131,.T.);
#6390=ADVANCED_FACE('',(#503),#135,.T.);
#6391=ADVANCED_FACE('',(#504),#136,.T.);
#6392=ADVANCED_FACE('',(#505),#6132,.T.);
#6393=ADVANCED_FACE('',(#506),#137,.T.);
#6394=ADVANCED_FACE('',(#507),#138,.T.);
#6395=ADVANCED_FACE('',(#508),#6133,.T.);
#6396=ADVANCED_FACE('',(#509),#139,.T.);
#6397=ADVANCED_FACE('',(#510),#140,.T.);
#6398=ADVANCED_FACE('',(#511),#6134,.T.);
#6399=ADVANCED_FACE('',(#512),#141,.T.);
#6400=ADVANCED_FACE('',(#513),#142,.T.);
#6401=ADVANCED_FACE('',(#514),#6135,.T.);
#6402=ADVANCED_FACE('',(#515),#143,.T.);
#6403=ADVANCED_FACE('',(#516),#144,.T.);
#6404=ADVANCED_FACE('',(#517),#6136,.T.);
#6405=ADVANCED_FACE('',(#518),#145,.T.);
#6406=ADVANCED_FACE('',(#519),#146,.T.);
#6407=ADVANCED_FACE('',(#520),#6137,.T.);
#6408=ADVANCED_FACE('',(#521),#147,.T.);
#6409=ADVANCED_FACE('',(#522),#148,.T.);
#6410=ADVANCED_FACE('',(#523),#6138,.T.);
#6411=ADVANCED_FACE('',(#524),#149,.T.);
#6412=ADVANCED_FACE('',(#525),#150,.T.);
#6413=ADVANCED_FACE('',(#526),#279,.F.);
#6414=ADVANCED_FACE('',(#527),#280,.F.);
#6415=ADVANCED_FACE('',(#528),#6139,.T.);
#6416=ADVANCED_FACE('',(#529),#151,.T.);
#6417=ADVANCED_FACE('',(#530),#152,.T.);
#6418=ADVANCED_FACE('',(#531),#6140,.T.);
#6419=ADVANCED_FACE('',(#532),#153,.T.);
#6420=ADVANCED_FACE('',(#533),#154,.T.);
#6421=ADVANCED_FACE('',(#534),#6141,.T.);
#6422=ADVANCED_FACE('',(#535),#155,.T.);
#6423=ADVANCED_FACE('',(#536),#156,.T.);
#6424=ADVANCED_FACE('',(#537),#6142,.T.);
#6425=ADVANCED_FACE('',(#538),#157,.T.);
#6426=ADVANCED_FACE('',(#539),#158,.T.);
#6427=ADVANCED_FACE('',(#540),#6143,.T.);
#6428=ADVANCED_FACE('',(#541),#159,.T.);
#6429=ADVANCED_FACE('',(#542),#6144,.T.);
#6430=ADVANCED_FACE('',(#543),#160,.T.);
#6431=ADVANCED_FACE('',(#544),#6145,.T.);
#6432=ADVANCED_FACE('',(#545),#161,.T.);
#6433=ADVANCED_FACE('',(#546),#6146,.T.);
#6434=ADVANCED_FACE('',(#547),#162,.T.);
#6435=ADVANCED_FACE('',(#548),#6147,.T.);
#6436=ADVANCED_FACE('',(#549),#6148,.T.);
#6437=ADVANCED_FACE('',(#550),#6149,.T.);
#6438=ADVANCED_FACE('',(#551),#6150,.T.);
#6439=ADVANCED_FACE('',(#552),#281,.F.);
#6440=ADVANCED_FACE('',(#553),#6151,.T.);
#6441=ADVANCED_FACE('',(#554),#163,.T.);
#6442=ADVANCED_FACE('',(#555),#164,.T.);
#6443=ADVANCED_FACE('',(#556),#6152,.T.);
#6444=ADVANCED_FACE('',(#557),#165,.T.);
#6445=ADVANCED_FACE('',(#558),#166,.T.);
#6446=ADVANCED_FACE('',(#559),#6153,.T.);
#6447=ADVANCED_FACE('',(#560),#167,.T.);
#6448=ADVANCED_FACE('',(#561),#168,.T.);
#6449=ADVANCED_FACE('',(#562),#6154,.T.);
#6450=ADVANCED_FACE('',(#563),#169,.T.);
#6451=ADVANCED_FACE('',(#564),#170,.T.);
#6452=ADVANCED_FACE('',(#565),#6155,.T.);
#6453=ADVANCED_FACE('',(#566),#171,.T.);
#6454=ADVANCED_FACE('',(#567),#172,.T.);
#6455=ADVANCED_FACE('',(#568),#6156,.T.);
#6456=ADVANCED_FACE('',(#569),#173,.T.);
#6457=ADVANCED_FACE('',(#570),#174,.T.);
#6458=ADVANCED_FACE('',(#571),#6157,.T.);
#6459=ADVANCED_FACE('',(#572),#175,.T.);
#6460=ADVANCED_FACE('',(#573),#176,.T.);
#6461=ADVANCED_FACE('',(#574),#6158,.T.);
#6462=ADVANCED_FACE('',(#575),#177,.T.);
#6463=ADVANCED_FACE('',(#576),#178,.T.);
#6464=ADVANCED_FACE('',(#577),#6159,.T.);
#6465=ADVANCED_FACE('',(#578),#179,.T.);
#6466=ADVANCED_FACE('',(#579),#6160,.T.);
#6467=ADVANCED_FACE('',(#580),#180,.T.);
#6468=ADVANCED_FACE('',(#581),#6161,.T.);
#6469=ADVANCED_FACE('',(#582),#181,.T.);
#6470=ADVANCED_FACE('',(#583),#6162,.T.);
#6471=ADVANCED_FACE('',(#584),#182,.T.);
#6472=ADVANCED_FACE('',(#585),#6163,.T.);
#6473=ADVANCED_FACE('',(#586),#183,.T.);
#6474=ADVANCED_FACE('',(#587,#221,#222,#223,#224,#225,#226,#227,#228,#229,
#230,#231,#232,#233,#234,#235,#236,#237,#238,#239,#240,#241,#242,#243,#244,
#245,#246),#6164,.T.);
#6475=ADVANCED_FACE('',(#588),#282,.F.);
#6476=ADVANCED_FACE('',(#589),#283,.F.);
#6477=ADVANCED_FACE('',(#590),#284,.F.);
#6478=ADVANCED_FACE('',(#591),#285,.F.);
#6479=ADVANCED_FACE('',(#592),#286,.F.);
#6480=ADVANCED_FACE('',(#593),#287,.F.);
#6481=ADVANCED_FACE('',(#594),#288,.F.);
#6482=ADVANCED_FACE('',(#595),#6165,.T.);
#6483=ADVANCED_FACE('',(#596),#184,.T.);
#6484=ADVANCED_FACE('',(#597),#6166,.T.);
#6485=ADVANCED_FACE('',(#598),#185,.T.);
#6486=ADVANCED_FACE('',(#599),#6167,.T.);
#6487=ADVANCED_FACE('',(#600),#6168,.T.);
#6488=ADVANCED_FACE('',(#601),#289,.T.);
#6489=ADVANCED_FACE('',(#602),#186,.T.);
#6490=ADVANCED_FACE('',(#603),#187,.T.);
#6491=ADVANCED_FACE('',(#604),#6169,.T.);
#6492=ADVANCED_FACE('',(#605),#188,.T.);
#6493=ADVANCED_FACE('',(#606),#6170,.T.);
#6494=ADVANCED_FACE('',(#607),#189,.T.);
#6495=ADVANCED_FACE('',(#608),#6171,.T.);
#6496=ADVANCED_FACE('',(#609),#190,.T.);
#6497=ADVANCED_FACE('',(#610),#6172,.T.);
#6498=ADVANCED_FACE('',(#611),#191,.T.);
#6499=ADVANCED_FACE('',(#612),#6173,.T.);
#6500=ADVANCED_FACE('',(#613),#192,.T.);
#6501=ADVANCED_FACE('',(#614),#6174,.T.);
#6502=ADVANCED_FACE('',(#615),#193,.T.);
#6503=ADVANCED_FACE('',(#616,#247,#248,#249,#250,#251,#252,#253),#6175,
 .T.);
#6504=ADVANCED_FACE('',(#617,#254,#255,#256,#257,#258,#259,#260),#6176,
 .F.);
#6505=CLOSED_SHELL('',(#6177,#6178,#6179,#6180,#6181,#6182,#6183,#6184,
#6185,#6186,#6187,#6188,#6189,#6190,#6191,#6192,#6193,#6194,#6195,#6196,
#6197,#6198,#6199,#6200,#6201,#6202,#6203,#6204,#6205,#6206,#6207,#6208,
#6209,#6210,#6211,#6212,#6213,#6214,#6215,#6216,#6217,#6218,#6219,#6220,
#6221,#6222,#6223,#6224,#6225,#6226,#6227,#6228,#6229,#6230,#6231,#6232,
#6233,#6234,#6235,#6236,#6237,#6238,#6239,#6240,#6241,#6242,#6243,#6244,
#6245,#6246,#6247,#6248,#6249,#6250,#6251,#6252,#6253,#6254,#6255,#6256,
#6257,#6258,#6259,#6260,#6261,#6262,#6263,#6264,#6265,#6266,#6267,#6268,
#6269,#6270,#6271,#6272,#6273,#6274,#6275,#6276,#6277,#6278,#6279,#6280,
#6281,#6282,#6283,#6284,#6285,#6286,#6287,#6288,#6289,#6290,#6291,#6292,
#6293,#6294,#6295,#6296,#6297,#6298,#6299,#6300,#6301,#6302,#6303,#6304,
#6305,#6306,#6307,#6308,#6309,#6310,#6311,#6312,#6313,#6314,#6315,#6316,
#6317,#6318,#6319,#6320,#6321,#6322,#6323,#6324,#6325,#6326,#6327,#6328,
#6329,#6330,#6331,#6332,#6333,#6334,#6335,#6336,#6337,#6338,#6339,#6340,
#6341,#6342,#6343,#6344,#6345,#6346,#6347,#6348,#6349,#6350,#6351,#6352,
#6353,#6354,#6355,#6356,#6357,#6358,#6359,#6360,#6361,#6362,#6363,#6364,
#6365,#6366,#6367,#6368,#6369,#6370,#6371,#6372,#6373,#6374,#6375,#6376,
#6377,#6378,#6379,#6380,#6381,#6382,#6383,#6384,#6385,#6386,#6387,#6388,
#6389,#6390,#6391,#6392,#6393,#6394,#6395,#6396,#6397,#6398,#6399,#6400,
#6401,#6402,#6403,#6404,#6405,#6406,#6407,#6408,#6409,#6410,#6411,#6412,
#6413,#6414,#6415,#6416,#6417,#6418,#6419,#6420,#6421,#6422,#6423,#6424,
#6425,#6426,#6427,#6428,#6429,#6430,#6431,#6432,#6433,#6434,#6435,#6436,
#6437,#6438,#6439,#6440,#6441,#6442,#6443,#6444,#6445,#6446,#6447,#6448,
#6449,#6450,#6451,#6452,#6453,#6454,#6455,#6456,#6457,#6458,#6459,#6460,
#6461,#6462,#6463,#6464,#6465,#6466,#6467,#6468,#6469,#6470,#6471,#6472,
#6473,#6474));
#6506=CLOSED_SHELL('',(#6475,#6476,#6477,#6478,#6479,#6480,#6481,#6482,
#6483,#6484,#6485,#6486,#6487,#6488,#6489,#6490,#6491,#6492,#6493,#6494,
#6495,#6496,#6497,#6498,#6499,#6500,#6501,#6502,#6503,#6504));
#6507=DERIVED_UNIT_ELEMENT(#6509,1.);
#6508=DERIVED_UNIT_ELEMENT(#12779,-3.);
#6509=(
MASS_UNIT()
NAMED_UNIT(*)
SI_UNIT(.KILO.,.GRAM.)
);
#6510=DERIVED_UNIT((#6507,#6508));
#6511=MEASURE_REPRESENTATION_ITEM('density measure',
POSITIVE_RATIO_MEASURE(7850.),#6510);
#6512=PROPERTY_DEFINITION_REPRESENTATION(#6517,#6514);
#6513=PROPERTY_DEFINITION_REPRESENTATION(#6518,#6515);
#6514=REPRESENTATION('material name',(#6516),#12776);
#6515=REPRESENTATION('density',(#6511),#12776);
#6516=DESCRIPTIVE_REPRESENTATION_ITEM('Steel','Steel');
#6517=PROPERTY_DEFINITION('material property','material name',#12786);
#6518=PROPERTY_DEFINITION('material property','density of part',#12786);
#6519=AXIS2_PLACEMENT_3D('',#7688,#6722,#6723);
#6520=AXIS2_PLACEMENT_3D('',#7689,#6724,#6725);
#6521=AXIS2_PLACEMENT_3D('',#7801,#6736,#6737);
#6522=AXIS2_PLACEMENT_3D('',#7809,#6741,#6742);
#6523=AXIS2_PLACEMENT_3D('',#7898,#6754,#6755);
#6524=AXIS2_PLACEMENT_3D('',#7904,#6759,#6760);
#6525=AXIS2_PLACEMENT_3D('',#7910,#6764,#6765);
#6526=AXIS2_PLACEMENT_3D('',#7913,#6768,#6769);
#6527=AXIS2_PLACEMENT_3D('',#7927,#6777,#6778);
#6528=AXIS2_PLACEMENT_3D('',#7933,#6782,#6783);
#6529=AXIS2_PLACEMENT_3D('',#7935,#6784,#6785);
#6530=AXIS2_PLACEMENT_3D('',#7937,#6786,#6787);
#6531=AXIS2_PLACEMENT_3D('',#7939,#6789,#6790);
#6532=AXIS2_PLACEMENT_3D('',#7941,#6791,#6792);
#6533=AXIS2_PLACEMENT_3D('',#7944,#6794,#6795);
#6534=AXIS2_PLACEMENT_3D('',#7945,#6796,#6797);
#6535=AXIS2_PLACEMENT_3D('',#7960,#6805,#6806);
#6536=AXIS2_PLACEMENT_3D('',#8292,#6836,#6837);
#6537=AXIS2_PLACEMENT_3D('',#8294,#6838,#6839);
#6538=AXIS2_PLACEMENT_3D('',#8536,#6860,#6861);
#6539=AXIS2_PLACEMENT_3D('',#8586,#6866,#6867);
#6540=AXIS2_PLACEMENT_3D('',#8732,#6880,#6881);
#6541=AXIS2_PLACEMENT_3D('',#8734,#6882,#6883);
#6542=AXIS2_PLACEMENT_3D('',#8820,#6896,#6897);
#6543=AXIS2_PLACEMENT_3D('',#8917,#6906,#6907);
#6544=AXIS2_PLACEMENT_3D('',#8928,#6914,#6915);
#6545=AXIS2_PLACEMENT_3D('',#8932,#6918,#6919);
#6546=AXIS2_PLACEMENT_3D('',#8936,#6922,#6923);
#6547=AXIS2_PLACEMENT_3D('',#8940,#6926,#6927);
#6548=AXIS2_PLACEMENT_3D('',#8942,#6928,#6929);
#6549=AXIS2_PLACEMENT_3D('',#8943,#6930,#6931);
#6550=AXIS2_PLACEMENT_3D('',#9000,#6932,#6933);
#6551=AXIS2_PLACEMENT_3D('',#9092,#6934,#6935);
#6552=AXIS2_PLACEMENT_3D('',#9196,#6937,#6938);
#6553=AXIS2_PLACEMENT_3D('',#9197,#6939,#6940);
#6554=AXIS2_PLACEMENT_3D('',#9199,#6941,#6942);
#6555=AXIS2_PLACEMENT_3D('',#9257,#6944,#6945);
#6556=AXIS2_PLACEMENT_3D('',#9361,#6947,#6948);
#6557=AXIS2_PLACEMENT_3D('',#9362,#6949,#6950);
#6558=AXIS2_PLACEMENT_3D('',#9364,#6951,#6952);
#6559=AXIS2_PLACEMENT_3D('',#9397,#6954,#6955);
#6560=AXIS2_PLACEMENT_3D('',#9398,#6956,#6957);
#6561=AXIS2_PLACEMENT_3D('',#9400,#6958,#6959);
#6562=AXIS2_PLACEMENT_3D('',#9433,#6961,#6962);
#6563=AXIS2_PLACEMENT_3D('',#9434,#6963,#6964);
#6564=AXIS2_PLACEMENT_3D('',#9436,#6965,#6966);
#6565=AXIS2_PLACEMENT_3D('',#9482,#6968,#6969);
#6566=AXIS2_PLACEMENT_3D('',#9580,#6971,#6972);
#6567=AXIS2_PLACEMENT_3D('',#9581,#6973,#6974);
#6568=AXIS2_PLACEMENT_3D('',#9583,#6975,#6976);
#6569=AXIS2_PLACEMENT_3D('',#9641,#6978,#6979);
#6570=AXIS2_PLACEMENT_3D('',#9643,#6981,#6982);
#6571=AXIS2_PLACEMENT_3D('',#9655,#6986,#6987);
#6572=AXIS2_PLACEMENT_3D('',#9672,#6990,#6991);
#6573=AXIS2_PLACEMENT_3D('',#9707,#6994,#6995);
#6574=AXIS2_PLACEMENT_3D('',#9731,#7001,#7002);
#6575=AXIS2_PLACEMENT_3D('',#9748,#7005,#7006);
#6576=AXIS2_PLACEMENT_3D('',#9766,#7010,#7011);
#6577=AXIS2_PLACEMENT_3D('',#9784,#7015,#7016);
#6578=AXIS2_PLACEMENT_3D('',#9811,#7020,#7021);
#6579=AXIS2_PLACEMENT_3D('',#9838,#7025,#7026);
#6580=AXIS2_PLACEMENT_3D('',#9868,#7032,#7033);
#6581=AXIS2_PLACEMENT_3D('',#9886,#7037,#7038);
#6582=AXIS2_PLACEMENT_3D('',#9913,#7042,#7043);
#6583=AXIS2_PLACEMENT_3D('',#9945,#7048,#7049);
#6584=AXIS2_PLACEMENT_3D('',#9946,#7050,#7051);
#6585=AXIS2_PLACEMENT_3D('',#9961,#7053,#7054);
#6586=AXIS2_PLACEMENT_3D('',#9963,#7056,#7057);
#6587=AXIS2_PLACEMENT_3D('',#9997,#7063,#7064);
#6588=AXIS2_PLACEMENT_3D('',#10029,#7069,#7070);
#6589=AXIS2_PLACEMENT_3D('',#10061,#7075,#7076);
#6590=AXIS2_PLACEMENT_3D('',#10091,#7080,#7081);
#6591=AXIS2_PLACEMENT_3D('',#10097,#7085,#7086);
#6592=AXIS2_PLACEMENT_3D('',#10101,#7089,#7090);
#6593=AXIS2_PLACEMENT_3D('',#10103,#7092,#7093);
#6594=AXIS2_PLACEMENT_3D('',#10105,#7095,#7096);
#6595=AXIS2_PLACEMENT_3D('',#10139,#7102,#7103);
#6596=AXIS2_PLACEMENT_3D('',#10171,#7108,#7109);
#6597=AXIS2_PLACEMENT_3D('',#10203,#7114,#7115);
#6598=AXIS2_PLACEMENT_3D('',#10233,#7119,#7120);
#6599=AXIS2_PLACEMENT_3D('',#10253,#7125,#7126);
#6600=AXIS2_PLACEMENT_3D('',#10271,#7130,#7131);
#6601=AXIS2_PLACEMENT_3D('',#10289,#7135,#7136);
#6602=AXIS2_PLACEMENT_3D('',#10305,#7139,#7140);
#6603=AXIS2_PLACEMENT_3D('',#10339,#7146,#7147);
#6604=AXIS2_PLACEMENT_3D('',#10371,#7152,#7153);
#6605=AXIS2_PLACEMENT_3D('',#10403,#7158,#7159);
#6606=AXIS2_PLACEMENT_3D('',#10433,#7163,#7164);
#6607=AXIS2_PLACEMENT_3D('',#10467,#7170,#7171);
#6608=AXIS2_PLACEMENT_3D('',#10499,#7176,#7177);
#6609=AXIS2_PLACEMENT_3D('',#10531,#7182,#7183);
#6610=AXIS2_PLACEMENT_3D('',#10561,#7187,#7188);
#6611=AXIS2_PLACEMENT_3D('',#10563,#7189,#7190);
#6612=AXIS2_PLACEMENT_3D('',#10565,#7192,#7193);
#6613=AXIS2_PLACEMENT_3D('',#10567,#7194,#7195);
#6614=AXIS2_PLACEMENT_3D('',#10569,#7197,#7198);
#6615=AXIS2_PLACEMENT_3D('',#10603,#7204,#7205);
#6616=AXIS2_PLACEMENT_3D('',#10635,#7210,#7211);
#6617=AXIS2_PLACEMENT_3D('',#10667,#7216,#7217);
#6618=AXIS2_PLACEMENT_3D('',#10697,#7221,#7222);
#6619=AXIS2_PLACEMENT_3D('',#10731,#7228,#7229);
#6620=AXIS2_PLACEMENT_3D('',#10763,#7234,#7235);
#6621=AXIS2_PLACEMENT_3D('',#10795,#7240,#7241);
#6622=AXIS2_PLACEMENT_3D('',#10825,#7245,#7246);
#6623=AXIS2_PLACEMENT_3D('',#10859,#7252,#7253);
#6624=AXIS2_PLACEMENT_3D('',#10891,#7258,#7259);
#6625=AXIS2_PLACEMENT_3D('',#10923,#7264,#7265);
#6626=AXIS2_PLACEMENT_3D('',#10953,#7269,#7270);
#6627=AXIS2_PLACEMENT_3D('',#10987,#7276,#7277);
#6628=AXIS2_PLACEMENT_3D('',#11019,#7282,#7283);
#6629=AXIS2_PLACEMENT_3D('',#11051,#7288,#7289);
#6630=AXIS2_PLACEMENT_3D('',#11081,#7293,#7294);
#6631=AXIS2_PLACEMENT_3D('',#11115,#7300,#7301);
#6632=AXIS2_PLACEMENT_3D('',#11147,#7306,#7307);
#6633=AXIS2_PLACEMENT_3D('',#11179,#7312,#7313);
#6634=AXIS2_PLACEMENT_3D('',#11209,#7317,#7318);
#6635=AXIS2_PLACEMENT_3D('',#11211,#7319,#7320);
#6636=AXIS2_PLACEMENT_3D('',#11213,#7322,#7323);
#6637=AXIS2_PLACEMENT_3D('',#11247,#7329,#7330);
#6638=AXIS2_PLACEMENT_3D('',#11279,#7335,#7336);
#6639=AXIS2_PLACEMENT_3D('',#11311,#7341,#7342);
#6640=AXIS2_PLACEMENT_3D('',#11341,#7346,#7347);
#6641=AXIS2_PLACEMENT_3D('',#11343,#7348,#7349);
#6642=AXIS2_PLACEMENT_3D('',#11345,#7351,#7352);
#6643=AXIS2_PLACEMENT_3D('',#11379,#7358,#7359);
#6644=AXIS2_PLACEMENT_3D('',#11411,#7364,#7365);
#6645=AXIS2_PLACEMENT_3D('',#11443,#7370,#7371);
#6646=AXIS2_PLACEMENT_3D('',#11473,#7375,#7376);
#6647=AXIS2_PLACEMENT_3D('',#11507,#7382,#7383);
#6648=AXIS2_PLACEMENT_3D('',#11539,#7388,#7389);
#6649=AXIS2_PLACEMENT_3D('',#11571,#7394,#7395);
#6650=AXIS2_PLACEMENT_3D('',#11601,#7399,#7400);
#6651=AXIS2_PLACEMENT_3D('',#11635,#7406,#7407);
#6652=AXIS2_PLACEMENT_3D('',#11667,#7412,#7413);
#6653=AXIS2_PLACEMENT_3D('',#11699,#7418,#7419);
#6654=AXIS2_PLACEMENT_3D('',#11729,#7423,#7424);
#6655=AXIS2_PLACEMENT_3D('',#11731,#7425,#7426);
#6656=AXIS2_PLACEMENT_3D('',#11733,#7428,#7429);
#6657=AXIS2_PLACEMENT_3D('',#11735,#7430,#7431);
#6658=AXIS2_PLACEMENT_3D('',#11737,#7433,#7434);
#6659=AXIS2_PLACEMENT_3D('',#11771,#7440,#7441);
#6660=AXIS2_PLACEMENT_3D('',#11803,#7446,#7447);
#6661=AXIS2_PLACEMENT_3D('',#11835,#7452,#7453);
#6662=AXIS2_PLACEMENT_3D('',#11865,#7457,#7458);
#6663=AXIS2_PLACEMENT_3D('',#11885,#7463,#7464);
#6664=AXIS2_PLACEMENT_3D('',#11903,#7468,#7469);
#6665=AXIS2_PLACEMENT_3D('',#11921,#7473,#7474);
#6666=AXIS2_PLACEMENT_3D('',#11937,#7477,#7478);
#6667=AXIS2_PLACEMENT_3D('',#11943,#7482,#7483);
#6668=AXIS2_PLACEMENT_3D('',#11947,#7486,#7487);
#6669=AXIS2_PLACEMENT_3D('',#11951,#7490,#7491);
#6670=AXIS2_PLACEMENT_3D('',#11953,#7493,#7494);
#6671=AXIS2_PLACEMENT_3D('',#11955,#7495,#7496);
#6672=AXIS2_PLACEMENT_3D('',#11957,#7498,#7499);
#6673=AXIS2_PLACEMENT_3D('',#11991,#7505,#7506);
#6674=AXIS2_PLACEMENT_3D('',#12023,#7511,#7512);
#6675=AXIS2_PLACEMENT_3D('',#12055,#7517,#7518);
#6676=AXIS2_PLACEMENT_3D('',#12085,#7522,#7523);
#6677=AXIS2_PLACEMENT_3D('',#12119,#7529,#7530);
#6678=AXIS2_PLACEMENT_3D('',#12151,#7535,#7536);
#6679=AXIS2_PLACEMENT_3D('',#12183,#7541,#7542);
#6680=AXIS2_PLACEMENT_3D('',#12213,#7546,#7547);
#6681=AXIS2_PLACEMENT_3D('',#12239,#7552,#7553);
#6682=AXIS2_PLACEMENT_3D('',#12255,#7555,#7556);
#6683=AXIS2_PLACEMENT_3D('',#12266,#7559,#7560);
#6684=AXIS2_PLACEMENT_3D('',#12289,#7563,#7564);
#6685=AXIS2_PLACEMENT_3D('',#12317,#7566,#7567);
#6686=AXIS2_PLACEMENT_3D('',#12318,#7568,#7569);
#6687=AXIS2_PLACEMENT_3D('',#12320,#7570,#7571);
#6688=AXIS2_PLACEMENT_3D('',#12323,#7573,#7574);
#6689=AXIS2_PLACEMENT_3D('',#12324,#7575,#7576);
#6690=AXIS2_PLACEMENT_3D('',#12326,#7577,#7578);
#6691=AXIS2_PLACEMENT_3D('',#12329,#7580,#7581);
#6692=AXIS2_PLACEMENT_3D('',#12330,#7582,#7583);
#6693=AXIS2_PLACEMENT_3D('',#12332,#7584,#7585);
#6694=AXIS2_PLACEMENT_3D('',#12335,#7587,#7588);
#6695=AXIS2_PLACEMENT_3D('',#12336,#7589,#7590);
#6696=AXIS2_PLACEMENT_3D('',#12338,#7591,#7592);
#6697=AXIS2_PLACEMENT_3D('',#12341,#7594,#7595);
#6698=AXIS2_PLACEMENT_3D('',#12342,#7596,#7597);
#6699=AXIS2_PLACEMENT_3D('',#12344,#7598,#7599);
#6700=AXIS2_PLACEMENT_3D('',#12347,#7601,#7602);
#6701=AXIS2_PLACEMENT_3D('',#12348,#7603,#7604);
#6702=AXIS2_PLACEMENT_3D('',#12350,#7605,#7606);
#6703=AXIS2_PLACEMENT_3D('',#12353,#7608,#7609);
#6704=AXIS2_PLACEMENT_3D('',#12354,#7610,#7611);
#6705=AXIS2_PLACEMENT_3D('',#12356,#7612,#7613);
#6706=AXIS2_PLACEMENT_3D('',#12359,#7615,#7616);
#6707=AXIS2_PLACEMENT_3D('',#12360,#7617,#7618);
#6708=AXIS2_PLACEMENT_3D('',#12424,#7624,#7625);
#6709=AXIS2_PLACEMENT_3D('',#12473,#7630,#7631);
#6710=AXIS2_PLACEMENT_3D('',#12479,#7635,#7636);
#6711=AXIS2_PLACEMENT_3D('',#12485,#7640,#7641);
#6712=AXIS2_PLACEMENT_3D('',#12487,#7642,#7643);
#6713=AXIS2_PLACEMENT_3D('',#12489,#7644,#7645);
#6714=AXIS2_PLACEMENT_3D('',#12529,#7649,#7650);
#6715=AXIS2_PLACEMENT_3D('',#12602,#7655,#7656);
#6716=AXIS2_PLACEMENT_3D('',#12639,#7661,#7662);
#6717=AXIS2_PLACEMENT_3D('',#12664,#7667,#7668);
#6718=AXIS2_PLACEMENT_3D('',#12701,#7673,#7674);
#6719=AXIS2_PLACEMENT_3D('',#12726,#7679,#7680);
#6720=AXIS2_PLACEMENT_3D('',#12772,#7684,#7685);
#6721=AXIS2_PLACEMENT_3D('',#12773,#7686,#7687);
#6722=DIRECTION('axis',(0.,0.,1.));
#6723=DIRECTION('refdir',(1.,0.,0.));
#6724=DIRECTION('center_axis',(0.,0.,1.));
#6725=DIRECTION('ref_axis',(1.,0.,0.));
#6726=DIRECTION('',(-1.,0.,0.));
#6727=DIRECTION('',(-0.857484370207876,0.51451001433325,0.));
#6728=DIRECTION('',(-1.,-1.07085918996349E-11,0.));
#6729=DIRECTION('',(-0.90867568250988,-0.417502699410678,0.));
#6730=DIRECTION('',(-0.815181218211535,-0.579205992264546,0.));
#6731=DIRECTION('',(-5.935206699704E-12,-1.,0.));
#6732=DIRECTION('',(0.981847028386173,-0.189674491825448,0.));
#6733=DIRECTION('',(0.846636064938053,0.53217231565181,0.));
#6734=DIRECTION('',(0.424437054708415,0.905457446040644,0.));
#6735=DIRECTION('',(3.99726394329651E-15,1.,0.));
#6736=DIRECTION('center_axis',(0.,0.,1.));
#6737=DIRECTION('ref_axis',(0.0356288246662116,0.999365091872287,0.));
#6738=DIRECTION('',(-1.,0.,0.));
#6739=DIRECTION('',(0.,-1.,0.));
#6740=DIRECTION('',(1.,0.,0.));
#6741=DIRECTION('center_axis',(0.,0.,-1.));
#6742=DIRECTION('ref_axis',(0.0356288246662111,0.999365091872287,0.));
#6743=DIRECTION('',(-3.99728438144687E-15,-1.,0.));
#6744=DIRECTION('',(-0.424437054632,-0.905457446076464,0.));
#6745=DIRECTION('',(-0.846636064875772,-0.532172315750893,0.));
#6746=DIRECTION('',(-0.981847028388,0.189674491815989,0.));
#6747=DIRECTION('',(2.12018677564306E-12,1.,0.));
#6748=DIRECTION('',(0.81518121817152,0.579205992320864,0.));
#6749=DIRECTION('',(0.90867568250988,0.417502699410679,0.));
#6750=DIRECTION('',(1.,-8.05230017240412E-12,0.));
#6751=DIRECTION('',(0.857484370207874,-0.514510014333255,0.));
#6752=DIRECTION('',(1.,0.,0.));
#6753=DIRECTION('',(0.,1.,0.));
#6754=DIRECTION('center_axis',(1.,0.,0.));
#6755=DIRECTION('ref_axis',(0.,0.,-1.));
#6756=DIRECTION('',(0.,0.,1.));
#6757=DIRECTION('',(0.,-1.,0.));
#6758=DIRECTION('',(0.,0.,1.));
#6759=DIRECTION('center_axis',(0.,0.,-1.));
#6760=DIRECTION('ref_axis',(1.,0.,0.));
#6761=DIRECTION('',(-1.,0.,0.));
#6762=DIRECTION('',(0.,-1.,0.));
#6763=DIRECTION('',(1.,0.,0.));
#6764=DIRECTION('center_axis',(1.,0.,0.));
#6765=DIRECTION('ref_axis',(0.,0.,1.));
#6766=DIRECTION('',(0.,0.,-1.));
#6767=DIRECTION('',(0.,0.,1.));
#6768=DIRECTION('center_axis',(0.,1.,0.));
#6769=DIRECTION('ref_axis',(-1.,0.,0.));
#6770=DIRECTION('',(0.,0.,1.));
#6771=DIRECTION('',(1.,0.,0.));
#6772=DIRECTION('',(0.,0.,1.));
#6773=DIRECTION('',(-1.,0.,0.));
#6774=DIRECTION('',(0.,0.,-1.));
#6775=DIRECTION('',(1.,0.,0.));
#6776=DIRECTION('',(0.,0.,1.));
#6777=DIRECTION('center_axis',(0.,0.,1.));
#6778=DIRECTION('ref_axis',(1.,0.,0.));
#6779=DIRECTION('',(1.,0.,0.));
#6780=DIRECTION('',(0.,-1.,0.));
#6781=DIRECTION('',(0.,1.,0.));
#6782=DIRECTION('center_axis',(1.,0.,0.));
#6783=DIRECTION('ref_axis',(0.,0.707106781186544,-0.707106781186551));
#6784=DIRECTION('center_axis',(1.,0.,0.));
#6785=DIRECTION('ref_axis',(0.,0.707106781186544,-0.707106781186551));
#6786=DIRECTION('center_axis',(-1.,0.,0.));
#6787=DIRECTION('ref_axis',(0.,1.,0.));
#6788=DIRECTION('',(-1.,0.,0.));
#6789=DIRECTION('center_axis',(1.,0.,0.));
#6790=DIRECTION('ref_axis',(0.,0.707106781186544,-0.707106781186551));
#6791=DIRECTION('center_axis',(-1.,0.,0.));
#6792=DIRECTION('ref_axis',(0.,0.707106781186544,-0.707106781186551));
#6793=DIRECTION('',(-1.,0.,0.));
#6794=DIRECTION('center_axis',(0.963712708800684,-0.266941594540918,0.));
#6795=DIRECTION('ref_axis',(-0.266941594540918,-0.963712708800684,0.));
#6796=DIRECTION('center_axis',(0.,0.,1.));
#6797=DIRECTION('ref_axis',(1.,0.,0.));
#6798=DIRECTION('',(0.,-1.,0.));
#6799=DIRECTION('',(1.,0.,0.));
#6800=DIRECTION('',(4.70185691174473E-16,1.,0.));
#6801=DIRECTION('',(-1.,0.,0.));
#6802=DIRECTION('',(0.,-1.,0.));
#6803=DIRECTION('',(1.,0.,0.));
#6804=DIRECTION('',(0.,1.,0.));
#6805=DIRECTION('center_axis',(0.,0.,1.));
#6806=DIRECTION('ref_axis',(0.0178172406353129,0.999841260368937,0.));
#6807=DIRECTION('',(3.99726394329651E-15,1.,0.));
#6808=DIRECTION('',(0.424437054708415,0.905457446040644,0.));
#6809=DIRECTION('',(0.846636064938053,0.53217231565181,0.));
#6810=DIRECTION('',(0.981847028386173,-0.189674491825448,0.));
#6811=DIRECTION('',(-5.935206699704E-12,-1.,0.));
#6812=DIRECTION('',(-0.815181218211535,-0.579205992264546,0.));
#6813=DIRECTION('',(-0.90867568250988,-0.417502699410678,0.));
#6814=DIRECTION('',(-1.,-1.07085918996349E-11,0.));
#6815=DIRECTION('',(-0.857484370207876,0.51451001433325,0.));
#6816=DIRECTION('',(0.906310440103537,-0.422612572173774,0.));
#6817=DIRECTION('',(0.422612572173774,0.906310440103537,0.));
#6818=DIRECTION('',(-0.906310440103537,0.422612572173774,0.));
#6819=DIRECTION('',(-0.422612572173775,-0.906310440103536,0.));
#6820=DIRECTION('',(1.,0.,0.));
#6821=DIRECTION('',(0.,1.,0.));
#6822=DIRECTION('',(-1.,0.,0.));
#6823=DIRECTION('',(0.,-1.,0.));
#6824=DIRECTION('',(0.173642494272985,0.984808755130993,0.));
#6825=DIRECTION('',(-0.984808755130993,0.173642494272984,0.));
#6826=DIRECTION('',(-0.173642494272983,-0.984808755130993,0.));
#6827=DIRECTION('',(0.984808755130993,-0.173642494272985,0.));
#6828=DIRECTION('',(1.,0.,0.));
#6829=DIRECTION('',(0.,1.,0.));
#6830=DIRECTION('',(-1.,0.,0.));
#6831=DIRECTION('',(0.,-1.,0.));
#6832=DIRECTION('',(1.,0.,0.));
#6833=DIRECTION('',(0.,1.,0.));
#6834=DIRECTION('',(-1.,0.,0.));
#6835=DIRECTION('',(0.,-1.,0.));
#6836=DIRECTION('center_axis',(0.,0.,-1.));
#6837=DIRECTION('ref_axis',(1.,0.,0.));
#6838=DIRECTION('center_axis',(0.,0.,-1.));
#6839=DIRECTION('ref_axis',(1.,0.,0.));
#6840=DIRECTION('',(1.,0.,0.));
#6841=DIRECTION('',(0.,1.,0.));
#6842=DIRECTION('',(-1.,0.,0.));
#6843=DIRECTION('',(0.,-1.,0.));
#6844=DIRECTION('',(1.,0.,0.));
#6845=DIRECTION('',(0.,1.,0.));
#6846=DIRECTION('',(-1.,0.,0.));
#6847=DIRECTION('',(0.,-1.,0.));
#6848=DIRECTION('',(1.,0.,0.));
#6849=DIRECTION('',(0.,1.,0.));
#6850=DIRECTION('',(-1.,0.,0.));
#6851=DIRECTION('',(0.,-1.,0.));
#6852=DIRECTION('',(1.,0.,0.));
#6853=DIRECTION('',(0.,1.,0.));
#6854=DIRECTION('',(-1.,0.,0.));
#6855=DIRECTION('',(0.,-1.,0.));
#6856=DIRECTION('',(1.,0.,0.));
#6857=DIRECTION('',(0.,1.,0.));
#6858=DIRECTION('',(-1.,0.,0.));
#6859=DIRECTION('',(0.,-1.,0.));
#6860=DIRECTION('center_axis',(0.,0.,-1.));
#6861=DIRECTION('ref_axis',(1.,0.,0.));
#6862=DIRECTION('',(1.,0.,0.));
#6863=DIRECTION('',(0.,1.,0.));
#6864=DIRECTION('',(-1.,0.,0.));
#6865=DIRECTION('',(0.,-1.,0.));
#6866=DIRECTION('center_axis',(0.,0.,-1.));
#6867=DIRECTION('ref_axis',(1.,0.,0.));
#6868=DIRECTION('',(1.,0.,0.));
#6869=DIRECTION('',(0.,1.,0.));
#6870=DIRECTION('',(-1.,0.,0.));
#6871=DIRECTION('',(0.,-1.,0.));
#6872=DIRECTION('',(1.,0.,0.));
#6873=DIRECTION('',(0.,1.,0.));
#6874=DIRECTION('',(-1.,0.,0.));
#6875=DIRECTION('',(0.,-1.,0.));
#6876=DIRECTION('',(1.,0.,0.));
#6877=DIRECTION('',(0.,1.,0.));
#6878=DIRECTION('',(-1.,0.,0.));
#6879=DIRECTION('',(0.,-1.,0.));
#6880=DIRECTION('center_axis',(0.,0.,-1.));
#6881=DIRECTION('ref_axis',(1.,0.,0.));
#6882=DIRECTION('center_axis',(0.,0.,-1.));
#6883=DIRECTION('ref_axis',(1.,0.,0.));
#6884=DIRECTION('',(1.,0.,0.));
#6885=DIRECTION('',(0.,1.,0.));
#6886=DIRECTION('',(-1.,0.,0.));
#6887=DIRECTION('',(0.,-1.,0.));
#6888=DIRECTION('',(0.342021267508968,0.939692211615888,0.));
#6889=DIRECTION('',(-0.939692211615888,0.342021267508968,0.));
#6890=DIRECTION('',(-0.342021267508968,-0.939692211615888,0.));
#6891=DIRECTION('',(0.939692211615888,-0.342021267508968,0.));
#6892=DIRECTION('',(-0.981847028388734,0.189674491812191,0.));
#6893=DIRECTION('',(0.,-1.,0.));
#6894=DIRECTION('',(1.,0.,0.));
#6895=DIRECTION('',(0.,1.,0.));
#6896=DIRECTION('center_axis',(0.,0.,-1.));
#6897=DIRECTION('ref_axis',(1.,0.,0.));
#6898=DIRECTION('',(1.,0.,0.));
#6899=DIRECTION('',(0.,1.,0.));
#6900=DIRECTION('',(-1.,0.,0.));
#6901=DIRECTION('',(0.,-1.,0.));
#6902=DIRECTION('',(1.,0.,0.));
#6903=DIRECTION('',(0.,1.,0.));
#6904=DIRECTION('',(-1.,0.,0.));
#6905=DIRECTION('',(0.,-1.,0.));
#6906=DIRECTION('center_axis',(0.,-1.,0.));
#6907=DIRECTION('ref_axis',(1.,0.,0.));
#6908=DIRECTION('',(0.,0.,1.));
#6909=DIRECTION('',(-1.,0.,0.));
#6910=DIRECTION('',(0.,0.,1.));
#6911=DIRECTION('',(0.,0.,-1.));
#6912=DIRECTION('',(-1.,0.,0.));
#6913=DIRECTION('',(0.,0.,1.));
#6914=DIRECTION('center_axis',(-1.,0.,0.));
#6915=DIRECTION('ref_axis',(0.,0.,1.));
#6916=DIRECTION('',(0.,1.,0.));
#6917=DIRECTION('',(0.,0.,1.));
#6918=DIRECTION('center_axis',(1.,0.,0.));
#6919=DIRECTION('ref_axis',(0.,0.,-1.));
#6920=DIRECTION('',(0.,-1.,0.));
#6921=DIRECTION('',(0.,0.,-1.));
#6922=DIRECTION('center_axis',(0.,-1.,0.));
#6923=DIRECTION('ref_axis',(1.,0.,0.));
#6924=DIRECTION('',(1.,0.,0.));
#6925=DIRECTION('',(0.,0.,1.));
#6926=DIRECTION('center_axis',(0.,0.,1.));
#6927=DIRECTION('ref_axis',(1.,0.,0.));
#6928=DIRECTION('center_axis',(-0.999365091872287,0.0356288246662242,0.));
#6929=DIRECTION('ref_axis',(0.0356288246662242,0.999365091872286,0.));
#6930=DIRECTION('center_axis',(0.,0.,-1.));
#6931=DIRECTION('ref_axis',(0.0178172406353129,0.999841260368936,0.));
#6932=DIRECTION('center_axis',(-0.681379561033129,0.731930252009234,0.));
#6933=DIRECTION('ref_axis',(0.731930252009234,0.681379561033129,0.));
#6934=DIRECTION('center_axis',(-3.99726394329651E-15,-1.,0.));
#6935=DIRECTION('ref_axis',(0.707106781186544,0.,-0.707106781186551));
#6936=DIRECTION('',(-3.99726394329651E-15,-1.,0.));
#6937=DIRECTION('center_axis',(0.424472577549296,0.905440793706942,0.));
#6938=DIRECTION('ref_axis',(0.905440793706942,-0.424472577549296,0.));
#6939=DIRECTION('center_axis',(-0.424437054708415,-0.905457446040644,0.));
#6940=DIRECTION('ref_axis',(0.640255100171193,-0.300122319571157,-0.70710678118655));
#6941=DIRECTION('center_axis',(0.424437054708414,0.905457446040645,0.));
#6942=DIRECTION('ref_axis',(0.905457446040645,-0.424437054708414,0.));
#6943=DIRECTION('',(-0.424437054708415,-0.905457446040644,0.));
#6944=DIRECTION('center_axis',(-0.846636064938053,-0.53217231565181,0.));
#6945=DIRECTION('ref_axis',(0.376302653157136,-0.598662102714798,-0.707106781186545));
#6946=DIRECTION('',(-0.846636064938053,-0.53217231565181,0.));
#6947=DIRECTION('center_axis',(0.981846586833498,-0.18967677750165,0.));
#6948=DIRECTION('ref_axis',(-0.18967677750165,-0.981846586833498,0.));
#6949=DIRECTION('center_axis',(-0.981847028386173,0.189674491825448,0.));
#6950=DIRECTION('ref_axis',(-0.134120119387887,-0.694270691859717,-0.707106781186554));
#6951=DIRECTION('center_axis',(0.981847028386173,-0.189674491825448,0.));
#6952=DIRECTION('ref_axis',(-0.189674491825448,-0.981847028386173,0.));
#6953=DIRECTION('',(-0.981847028386173,0.189674491825448,0.));
#6954=DIRECTION('center_axis',(-1.7257099820246E-5,-0.999999999851096,0.));
#6955=DIRECTION('ref_axis',(-0.999999999851096,1.7257099820246E-5,0.));
#6956=DIRECTION('center_axis',(5.935206699704E-12,1.,0.));
#6957=DIRECTION('ref_axis',(-0.707106781186547,4.20366087604936E-12,-0.707106781186548));
#6958=DIRECTION('center_axis',(-5.93303184359684E-12,-1.,0.));
#6959=DIRECTION('ref_axis',(-1.,5.93303184359684E-12,0.));
#6960=DIRECTION('',(5.935206699704E-12,1.,0.));
#6961=DIRECTION('center_axis',(-0.815184661265419,-0.579201146440151,-2.41343141402167E-15));
#6962=DIRECTION('ref_axis',(-0.579201146440151,0.815184661265418,0.));
#6963=DIRECTION('center_axis',(0.815181218211535,0.579205992264546,0.));
#6964=DIRECTION('ref_axis',(-0.409560484834148,0.576420167293282,-0.707106781186549));
#6965=DIRECTION('center_axis',(-0.815181218211538,-0.579205992264542,0.));
#6966=DIRECTION('ref_axis',(-0.579205992264542,0.815181218211538,0.));
#6967=DIRECTION('',(0.815181218211535,0.579205992264546,0.));
#6968=DIRECTION('center_axis',(0.90867568250988,0.417502699410678,0.));
#6969=DIRECTION('ref_axis',(-0.295218989916977,0.642530737002059,-0.707106781186542));
#6970=DIRECTION('',(0.90867568250988,0.417502699410678,0.));
#6971=DIRECTION('center_axis',(-0.999999999353368,3.59619886995195E-5,0.));
#6972=DIRECTION('ref_axis',(3.59619886995195E-5,0.999999999353368,0.));
#6973=DIRECTION('center_axis',(1.,1.07085918996349E-11,0.));
#6974=DIRECTION('ref_axis',(-7.57831293391372E-12,0.707106781186544,-0.707106781186551));
#6975=DIRECTION('center_axis',(-1.,-1.07114317400787E-11,0.));
#6976=DIRECTION('ref_axis',(-1.07114317400787E-11,1.,0.));
#6977=DIRECTION('',(1.,1.07085918996349E-11,0.));
#6978=DIRECTION('center_axis',(0.857484370207876,-0.514510014333251,0.));
#6979=DIRECTION('ref_axis',(0.363813520123438,0.606333012935453,-0.707106781186553));
#6980=DIRECTION('',(0.857484370207876,-0.51451001433325,0.));
#6981=DIRECTION('center_axis',(-0.189674491825448,-0.981847028386173,0.));
#6982=DIRECTION('ref_axis',(0.981847028386173,-0.189674491825448,0.));
#6983=DIRECTION('',(0.,0.,1.));
#6984=DIRECTION('',(0.,0.,1.));
#6985=DIRECTION('',(0.,0.,1.));
#6986=DIRECTION('center_axis',(0.53217231565181,-0.846636064938053,0.));
#6987=DIRECTION('ref_axis',(0.846636064938053,0.53217231565181,0.));
#6988=DIRECTION('',(0.,0.,1.));
#6989=DIRECTION('',(0.,0.,1.));
#6990=DIRECTION('center_axis',(0.905457446040644,-0.424437054708415,0.));
#6991=DIRECTION('ref_axis',(0.424437054708415,0.905457446040644,0.));
#6992=DIRECTION('',(0.,0.,1.));
#6993=DIRECTION('',(0.,0.,1.));
#6994=DIRECTION('center_axis',(1.,-3.99726394329651E-15,0.));
#6995=DIRECTION('ref_axis',(3.99726394329651E-15,1.,0.));
#6996=DIRECTION('',(0.,0.,1.));
#6997=DIRECTION('',(0.,0.,1.));
#6998=DIRECTION('',(0.,0.,1.));
#6999=DIRECTION('',(0.,0.,1.));
#7000=DIRECTION('',(0.,0.,1.));
#7001=DIRECTION('center_axis',(0.,0.,1.));
#7002=DIRECTION('ref_axis',(0.0356288246662116,0.999365091872287,0.));
#7003=DIRECTION('',(0.,0.,1.));
#7004=DIRECTION('',(0.,0.,1.));
#7005=DIRECTION('center_axis',(0.189674491815989,0.981847028388,0.));
#7006=DIRECTION('ref_axis',(-0.981847028388,0.189674491815989,0.));
#7007=DIRECTION('',(0.981847028388,-0.189674491815989,0.));
#7008=DIRECTION('',(0.,0.,1.));
#7009=DIRECTION('',(0.,0.,1.));
#7010=DIRECTION('center_axis',(1.,-2.12018677564306E-12,0.));
#7011=DIRECTION('ref_axis',(2.12018677564306E-12,1.,0.));
#7012=DIRECTION('',(-2.12018677564306E-12,-1.,0.));
#7013=DIRECTION('',(0.,0.,1.));
#7014=DIRECTION('',(0.,0.,1.));
#7015=DIRECTION('center_axis',(0.579205992320865,-0.81518121817152,0.));
#7016=DIRECTION('ref_axis',(0.81518121817152,0.579205992320864,0.));
#7017=DIRECTION('',(-0.81518121817152,-0.579205992320864,0.));
#7018=DIRECTION('',(0.,0.,1.));
#7019=DIRECTION('',(0.,0.,1.));
#7020=DIRECTION('center_axis',(0.417502699410679,-0.90867568250988,0.));
#7021=DIRECTION('ref_axis',(0.90867568250988,0.417502699410679,0.));
#7022=DIRECTION('',(-0.90867568250988,-0.417502699410679,0.));
#7023=DIRECTION('',(0.,0.,1.));
#7024=DIRECTION('',(0.,0.,1.));
#7025=DIRECTION('center_axis',(-8.05230017240412E-12,-1.,0.));
#7026=DIRECTION('ref_axis',(1.,-8.05230017240412E-12,0.));
#7027=DIRECTION('',(-1.,8.05230017240412E-12,0.));
#7028=DIRECTION('',(0.,0.,1.));
#7029=DIRECTION('',(0.,0.,1.));
#7030=DIRECTION('',(0.,0.,1.));
#7031=DIRECTION('',(0.,0.,1.));
#7032=DIRECTION('center_axis',(-0.532172315750893,0.846636064875772,0.));
#7033=DIRECTION('ref_axis',(-0.846636064875772,-0.532172315750893,0.));
#7034=DIRECTION('',(0.846636064875772,0.532172315750893,0.));
#7035=DIRECTION('',(0.,0.,1.));
#7036=DIRECTION('',(0.,0.,1.));
#7037=DIRECTION('center_axis',(-0.905457446076464,0.424437054632,0.));
#7038=DIRECTION('ref_axis',(-0.424437054632,-0.905457446076464,0.));
#7039=DIRECTION('',(0.424437054632,0.905457446076464,0.));
#7040=DIRECTION('',(0.,0.,1.));
#7041=DIRECTION('',(0.,0.,1.));
#7042=DIRECTION('center_axis',(-1.,3.99728438144687E-15,0.));
#7043=DIRECTION('ref_axis',(-3.99728438144687E-15,-1.,0.));
#7044=DIRECTION('',(3.99728438144687E-15,1.,0.));
#7045=DIRECTION('',(0.,0.,1.));
#7046=DIRECTION('',(0.,0.,1.));
#7047=DIRECTION('',(0.,0.,1.));
#7048=DIRECTION('center_axis',(0.,0.,1.));
#7049=DIRECTION('ref_axis',(0.0356288246662111,0.999365091872287,0.));
#7050=DIRECTION('center_axis',(0.,0.,1.));
#7051=DIRECTION('ref_axis',(0.0356288246662111,0.999365091872287,0.));
#7052=DIRECTION('',(0.,0.,1.));
#7053=DIRECTION('center_axis',(-0.514510014333255,-0.857484370207873,0.));
#7054=DIRECTION('ref_axis',(0.857484370207874,-0.514510014333255,0.));
#7055=DIRECTION('',(-0.857484370207874,0.514510014333255,0.));
#7056=DIRECTION('center_axis',(-0.422612572173774,-0.906310440103537,0.));
#7057=DIRECTION('ref_axis',(0.906310440103537,-0.422612572173774,0.));
#7058=DIRECTION('',(0.,0.,1.));
#7059=DIRECTION('',(0.906310440103537,-0.422612572173774,0.));
#7060=DIRECTION('',(0.,0.,1.));
#7061=DIRECTION('',(0.,0.,1.));
#7062=DIRECTION('',(0.,0.,1.));
#7063=DIRECTION('center_axis',(0.906310440103537,-0.422612572173774,0.));
#7064=DIRECTION('ref_axis',(0.422612572173774,0.906310440103537,0.));
#7065=DIRECTION('',(0.422612572173774,0.906310440103537,0.));
#7066=DIRECTION('',(0.,0.,1.));
#7067=DIRECTION('',(0.,0.,1.));
#7068=DIRECTION('',(0.,0.,1.));
#7069=DIRECTION('center_axis',(0.422612572173774,0.906310440103537,0.));
#7070=DIRECTION('ref_axis',(-0.906310440103537,0.422612572173774,0.));
#7071=DIRECTION('',(-0.906310440103537,0.422612572173774,0.));
#7072=DIRECTION('',(0.,0.,1.));
#7073=DIRECTION('',(0.,0.,1.));
#7074=DIRECTION('',(0.,0.,1.));
#7075=DIRECTION('center_axis',(-0.906310440103536,0.422612572173775,0.));
#7076=DIRECTION('ref_axis',(-0.422612572173775,-0.906310440103536,0.));
#7077=DIRECTION('',(-0.422612572173775,-0.906310440103536,0.));
#7078=DIRECTION('',(0.,0.,1.));
#7079=DIRECTION('',(0.,0.,1.));
#7080=DIRECTION('center_axis',(0.,1.,0.));
#7081=DIRECTION('ref_axis',(-1.,0.,0.));
#7082=DIRECTION('',(0.,0.,1.));
#7083=DIRECTION('',(-1.,0.,0.));
#7084=DIRECTION('',(0.,0.,1.));
#7085=DIRECTION('center_axis',(-1.,0.,0.));
#7086=DIRECTION('ref_axis',(0.,-1.,0.));
#7087=DIRECTION('',(0.,-1.,0.));
#7088=DIRECTION('',(0.,0.,1.));
#7089=DIRECTION('center_axis',(0.,-1.,0.));
#7090=DIRECTION('ref_axis',(1.,0.,0.));
#7091=DIRECTION('',(1.,0.,0.));
#7092=DIRECTION('center_axis',(1.,-4.70185691174473E-16,0.));
#7093=DIRECTION('ref_axis',(4.70185691174473E-16,1.,0.));
#7094=DIRECTION('',(4.70185691174473E-16,1.,0.));
#7095=DIRECTION('center_axis',(0.,-1.,0.));
#7096=DIRECTION('ref_axis',(1.,0.,0.));
#7097=DIRECTION('',(0.,0.,1.));
#7098=DIRECTION('',(1.,0.,0.));
#7099=DIRECTION('',(0.,0.,1.));
#7100=DIRECTION('',(0.,0.,1.));
#7101=DIRECTION('',(0.,0.,1.));
#7102=DIRECTION('center_axis',(1.,0.,0.));
#7103=DIRECTION('ref_axis',(0.,1.,0.));
#7104=DIRECTION('',(0.,1.,0.));
#7105=DIRECTION('',(0.,0.,1.));
#7106=DIRECTION('',(0.,0.,1.));
#7107=DIRECTION('',(0.,0.,1.));
#7108=DIRECTION('center_axis',(0.,1.,0.));
#7109=DIRECTION('ref_axis',(-1.,0.,0.));
#7110=DIRECTION('',(-1.,0.,0.));
#7111=DIRECTION('',(0.,0.,1.));
#7112=DIRECTION('',(0.,0.,1.));
#7113=DIRECTION('',(0.,0.,1.));
#7114=DIRECTION('center_axis',(-1.,0.,0.));
#7115=DIRECTION('ref_axis',(0.,-1.,0.));
#7116=DIRECTION('',(0.,-1.,0.));
#7117=DIRECTION('',(0.,0.,1.));
#7118=DIRECTION('',(0.,0.,1.));
#7119=DIRECTION('center_axis',(0.984808755130993,-0.173642494272985,0.));
#7120=DIRECTION('ref_axis',(0.173642494272985,0.984808755130993,0.));
#7121=DIRECTION('',(0.,0.,1.));
#7122=DIRECTION('',(0.173642494272985,0.984808755130993,0.));
#7123=DIRECTION('',(0.,0.,1.));
#7124=DIRECTION('',(0.,0.,1.));
#7125=DIRECTION('center_axis',(0.173642494272984,0.984808755130993,0.));
#7126=DIRECTION('ref_axis',(-0.984808755130993,0.173642494272984,0.));
#7127=DIRECTION('',(-0.984808755130993,0.173642494272984,0.));
#7128=DIRECTION('',(0.,0.,1.));
#7129=DIRECTION('',(0.,0.,1.));
#7130=DIRECTION('center_axis',(-0.984808755130993,0.173642494272983,0.));
#7131=DIRECTION('ref_axis',(-0.173642494272983,-0.984808755130993,0.));
#7132=DIRECTION('',(-0.173642494272983,-0.984808755130993,0.));
#7133=DIRECTION('',(0.,0.,1.));
#7134=DIRECTION('',(0.,0.,1.));
#7135=DIRECTION('center_axis',(-0.173642494272985,-0.984808755130993,0.));
#7136=DIRECTION('ref_axis',(0.984808755130993,-0.173642494272985,0.));
#7137=DIRECTION('',(0.984808755130993,-0.173642494272985,0.));
#7138=DIRECTION('',(0.,0.,1.));
#7139=DIRECTION('center_axis',(0.,-1.,0.));
#7140=DIRECTION('ref_axis',(1.,0.,0.));
#7141=DIRECTION('',(0.,0.,1.));
#7142=DIRECTION('',(1.,0.,0.));
#7143=DIRECTION('',(0.,0.,1.));
#7144=DIRECTION('',(0.,0.,1.));
#7145=DIRECTION('',(0.,0.,1.));
#7146=DIRECTION('center_axis',(1.,0.,0.));
#7147=DIRECTION('ref_axis',(0.,1.,0.));
#7148=DIRECTION('',(0.,1.,0.));
#7149=DIRECTION('',(0.,0.,1.));
#7150=DIRECTION('',(0.,0.,1.));
#7151=DIRECTION('',(0.,0.,1.));
#7152=DIRECTION('center_axis',(0.,1.,0.));
#7153=DIRECTION('ref_axis',(-1.,0.,0.));
#7154=DIRECTION('',(-1.,0.,0.));
#7155=DIRECTION('',(0.,0.,1.));
#7156=DIRECTION('',(0.,0.,1.));
#7157=DIRECTION('',(0.,0.,1.));
#7158=DIRECTION('center_axis',(-1.,0.,0.));
#7159=DIRECTION('ref_axis',(0.,-1.,0.));
#7160=DIRECTION('',(0.,-1.,0.));
#7161=DIRECTION('',(0.,0.,1.));
#7162=DIRECTION('',(0.,0.,1.));
#7163=DIRECTION('center_axis',(0.,-1.,0.));
#7164=DIRECTION('ref_axis',(1.,0.,0.));
#7165=DIRECTION('',(0.,0.,1.));
#7166=DIRECTION('',(1.,0.,0.));
#7167=DIRECTION('',(0.,0.,1.));
#7168=DIRECTION('',(0.,0.,1.));
#7169=DIRECTION('',(0.,0.,1.));
#7170=DIRECTION('center_axis',(1.,0.,0.));
#7171=DIRECTION('ref_axis',(0.,1.,0.));
#7172=DIRECTION('',(0.,1.,0.));
#7173=DIRECTION('',(0.,0.,1.));
#7174=DIRECTION('',(0.,0.,1.));
#7175=DIRECTION('',(0.,0.,1.));
#7176=DIRECTION('center_axis',(0.,1.,0.));
#7177=DIRECTION('ref_axis',(-1.,0.,0.));
#7178=DIRECTION('',(-1.,0.,0.));
#7179=DIRECTION('',(0.,0.,1.));
#7180=DIRECTION('',(0.,0.,1.));
#7181=DIRECTION('',(0.,0.,1.));
#7182=DIRECTION('center_axis',(-1.,0.,0.));
#7183=DIRECTION('ref_axis',(0.,-1.,0.));
#7184=DIRECTION('',(0.,-1.,0.));
#7185=DIRECTION('',(0.,0.,1.));
#7186=DIRECTION('',(0.,0.,1.));
#7187=DIRECTION('center_axis',(0.,0.,1.));
#7188=DIRECTION('ref_axis',(1.,0.,0.));
#7189=DIRECTION('center_axis',(0.,0.,-1.));
#7190=DIRECTION('ref_axis',(1.,0.,0.));
#7191=DIRECTION('',(0.,0.,-1.));
#7192=DIRECTION('center_axis',(0.,0.,1.));
#7193=DIRECTION('ref_axis',(1.,0.,0.));
#7194=DIRECTION('center_axis',(0.,0.,-1.));
#7195=DIRECTION('ref_axis',(1.,0.,0.));
#7196=DIRECTION('',(0.,0.,-1.));
#7197=DIRECTION('center_axis',(0.,-1.,0.));
#7198=DIRECTION('ref_axis',(1.,0.,0.));
#7199=DIRECTION('',(0.,0.,1.));
#7200=DIRECTION('',(1.,0.,0.));
#7201=DIRECTION('',(0.,0.,1.));
#7202=DIRECTION('',(0.,0.,1.));
#7203=DIRECTION('',(0.,0.,1.));
#7204=DIRECTION('center_axis',(1.,0.,0.));
#7205=DIRECTION('ref_axis',(0.,1.,0.));
#7206=DIRECTION('',(0.,1.,0.));
#7207=DIRECTION('',(0.,0.,1.));
#7208=DIRECTION('',(0.,0.,1.));
#7209=DIRECTION('',(0.,0.,1.));
#7210=DIRECTION('center_axis',(0.,1.,0.));
#7211=DIRECTION('ref_axis',(-1.,0.,0.));
#7212=DIRECTION('',(-1.,0.,0.));
#7213=DIRECTION('',(0.,0.,1.));
#7214=DIRECTION('',(0.,0.,1.));
#7215=DIRECTION('',(0.,0.,1.));
#7216=DIRECTION('center_axis',(-1.,0.,0.));
#7217=DIRECTION('ref_axis',(0.,-1.,0.));
#7218=DIRECTION('',(0.,-1.,0.));
#7219=DIRECTION('',(0.,0.,1.));
#7220=DIRECTION('',(0.,0.,1.));
#7221=DIRECTION('center_axis',(0.,-1.,0.));
#7222=DIRECTION('ref_axis',(1.,0.,0.));
#7223=DIRECTION('',(0.,0.,1.));
#7224=DIRECTION('',(1.,0.,0.));
#7225=DIRECTION('',(0.,0.,1.));
#7226=DIRECTION('',(0.,0.,1.));
#7227=DIRECTION('',(0.,0.,1.));
#7228=DIRECTION('center_axis',(1.,0.,0.));
#7229=DIRECTION('ref_axis',(0.,1.,0.));
#7230=DIRECTION('',(0.,1.,0.));
#7231=DIRECTION('',(0.,0.,1.));
#7232=DIRECTION('',(0.,0.,1.));
#7233=DIRECTION('',(0.,0.,1.));
#7234=DIRECTION('center_axis',(0.,1.,0.));
#7235=DIRECTION('ref_axis',(-1.,0.,0.));
#7236=DIRECTION('',(-1.,0.,0.));
#7237=DIRECTION('',(0.,0.,1.));
#7238=DIRECTION('',(0.,0.,1.));
#7239=DIRECTION('',(0.,0.,1.));
#7240=DIRECTION('center_axis',(-1.,0.,0.));
#7241=DIRECTION('ref_axis',(0.,-1.,0.));
#7242=DIRECTION('',(0.,-1.,0.));
#7243=DIRECTION('',(0.,0.,1.));
#7244=DIRECTION('',(0.,0.,1.));
#7245=DIRECTION('center_axis',(0.,-1.,0.));
#7246=DIRECTION('ref_axis',(1.,0.,0.));
#7247=DIRECTION('',(0.,0.,1.));
#7248=DIRECTION('',(1.,0.,0.));
#7249=DIRECTION('',(0.,0.,1.));
#7250=DIRECTION('',(0.,0.,1.));
#7251=DIRECTION('',(0.,0.,1.));
#7252=DIRECTION('center_axis',(1.,0.,0.));
#7253=DIRECTION('ref_axis',(0.,1.,0.));
#7254=DIRECTION('',(0.,1.,0.));
#7255=DIRECTION('',(0.,0.,1.));
#7256=DIRECTION('',(0.,0.,1.));
#7257=DIRECTION('',(0.,0.,1.));
#7258=DIRECTION('center_axis',(0.,1.,0.));
#7259=DIRECTION('ref_axis',(-1.,0.,0.));
#7260=DIRECTION('',(-1.,0.,0.));
#7261=DIRECTION('',(0.,0.,1.));
#7262=DIRECTION('',(0.,0.,1.));
#7263=DIRECTION('',(0.,0.,1.));
#7264=DIRECTION('center_axis',(-1.,0.,0.));
#7265=DIRECTION('ref_axis',(0.,-1.,0.));
#7266=DIRECTION('',(0.,-1.,0.));
#7267=DIRECTION('',(0.,0.,1.));
#7268=DIRECTION('',(0.,0.,1.));
#7269=DIRECTION('center_axis',(0.,-1.,0.));
#7270=DIRECTION('ref_axis',(1.,0.,0.));
#7271=DIRECTION('',(0.,0.,1.));
#7272=DIRECTION('',(1.,0.,0.));
#7273=DIRECTION('',(0.,0.,1.));
#7274=DIRECTION('',(0.,0.,1.));
#7275=DIRECTION('',(0.,0.,1.));
#7276=DIRECTION('center_axis',(1.,0.,0.));
#7277=DIRECTION('ref_axis',(0.,1.,0.));
#7278=DIRECTION('',(0.,1.,0.));
#7279=DIRECTION('',(0.,0.,1.));
#7280=DIRECTION('',(0.,0.,1.));
#7281=DIRECTION('',(0.,0.,1.));
#7282=DIRECTION('center_axis',(0.,1.,0.));
#7283=DIRECTION('ref_axis',(-1.,0.,0.));
#7284=DIRECTION('',(-1.,0.,0.));
#7285=DIRECTION('',(0.,0.,1.));
#7286=DIRECTION('',(0.,0.,1.));
#7287=DIRECTION('',(0.,0.,1.));
#7288=DIRECTION('center_axis',(-1.,0.,0.));
#7289=DIRECTION('ref_axis',(0.,-1.,0.));
#7290=DIRECTION('',(0.,-1.,0.));
#7291=DIRECTION('',(0.,0.,1.));
#7292=DIRECTION('',(0.,0.,1.));
#7293=DIRECTION('center_axis',(0.,-1.,0.));
#7294=DIRECTION('ref_axis',(1.,0.,0.));
#7295=DIRECTION('',(0.,0.,1.));
#7296=DIRECTION('',(1.,0.,0.));
#7297=DIRECTION('',(0.,0.,1.));
#7298=DIRECTION('',(0.,0.,1.));
#7299=DIRECTION('',(0.,0.,1.));
#7300=DIRECTION('center_axis',(1.,0.,0.));
#7301=DIRECTION('ref_axis',(0.,1.,0.));
#7302=DIRECTION('',(0.,1.,0.));
#7303=DIRECTION('',(0.,0.,1.));
#7304=DIRECTION('',(0.,0.,1.));
#7305=DIRECTION('',(0.,0.,1.));
#7306=DIRECTION('center_axis',(0.,1.,0.));
#7307=DIRECTION('ref_axis',(-1.,0.,0.));
#7308=DIRECTION('',(-1.,0.,0.));
#7309=DIRECTION('',(0.,0.,1.));
#7310=DIRECTION('',(0.,0.,1.));
#7311=DIRECTION('',(0.,0.,1.));
#7312=DIRECTION('center_axis',(-1.,0.,0.));
#7313=DIRECTION('ref_axis',(0.,-1.,0.));
#7314=DIRECTION('',(0.,-1.,0.));
#7315=DIRECTION('',(0.,0.,1.));
#7316=DIRECTION('',(0.,0.,1.));
#7317=DIRECTION('center_axis',(0.,0.,1.));
#7318=DIRECTION('ref_axis',(1.,0.,0.));
#7319=DIRECTION('center_axis',(0.,0.,-1.));
#7320=DIRECTION('ref_axis',(1.,0.,0.));
#7321=DIRECTION('',(0.,0.,-1.));
#7322=DIRECTION('center_axis',(0.,-1.,0.));
#7323=DIRECTION('ref_axis',(1.,0.,0.));
#7324=DIRECTION('',(0.,0.,1.));
#7325=DIRECTION('',(1.,0.,0.));
#7326=DIRECTION('',(0.,0.,1.));
#7327=DIRECTION('',(0.,0.,1.));
#7328=DIRECTION('',(0.,0.,1.));
#7329=DIRECTION('center_axis',(1.,0.,0.));
#7330=DIRECTION('ref_axis',(0.,1.,0.));
#7331=DIRECTION('',(0.,1.,0.));
#7332=DIRECTION('',(0.,0.,1.));
#7333=DIRECTION('',(0.,0.,1.));
#7334=DIRECTION('',(0.,0.,1.));
#7335=DIRECTION('center_axis',(0.,1.,0.));
#7336=DIRECTION('ref_axis',(-1.,0.,0.));
#7337=DIRECTION('',(-1.,0.,0.));
#7338=DIRECTION('',(0.,0.,1.));
#7339=DIRECTION('',(0.,0.,1.));
#7340=DIRECTION('',(0.,0.,1.));
#7341=DIRECTION('center_axis',(-1.,0.,0.));
#7342=DIRECTION('ref_axis',(0.,-1.,0.));
#7343=DIRECTION('',(0.,-1.,0.));
#7344=DIRECTION('',(0.,0.,1.));
#7345=DIRECTION('',(0.,0.,1.));
#7346=DIRECTION('center_axis',(0.,0.,1.));
#7347=DIRECTION('ref_axis',(1.,0.,0.));
#7348=DIRECTION('center_axis',(0.,0.,-1.));
#7349=DIRECTION('ref_axis',(1.,0.,0.));
#7350=DIRECTION('',(0.,0.,-1.));
#7351=DIRECTION('center_axis',(0.,-1.,0.));
#7352=DIRECTION('ref_axis',(1.,0.,0.));
#7353=DIRECTION('',(0.,0.,1.));
#7354=DIRECTION('',(1.,0.,0.));
#7355=DIRECTION('',(0.,0.,1.));
#7356=DIRECTION('',(0.,0.,1.));
#7357=DIRECTION('',(0.,0.,1.));
#7358=DIRECTION('center_axis',(1.,0.,0.));
#7359=DIRECTION('ref_axis',(0.,1.,0.));
#7360=DIRECTION('',(0.,1.,0.));
#7361=DIRECTION('',(0.,0.,1.));
#7362=DIRECTION('',(0.,0.,1.));
#7363=DIRECTION('',(0.,0.,1.));
#7364=DIRECTION('center_axis',(0.,1.,0.));
#7365=DIRECTION('ref_axis',(-1.,0.,0.));
#7366=DIRECTION('',(-1.,0.,0.));
#7367=DIRECTION('',(0.,0.,1.));
#7368=DIRECTION('',(0.,0.,1.));
#7369=DIRECTION('',(0.,0.,1.));
#7370=DIRECTION('center_axis',(-1.,0.,0.));
#7371=DIRECTION('ref_axis',(0.,-1.,0.));
#7372=DIRECTION('',(0.,-1.,0.));
#7373=DIRECTION('',(0.,0.,1.));
#7374=DIRECTION('',(0.,0.,1.));
#7375=DIRECTION('center_axis',(0.,-1.,0.));
#7376=DIRECTION('ref_axis',(1.,0.,0.));
#7377=DIRECTION('',(0.,0.,1.));
#7378=DIRECTION('',(1.,0.,0.));
#7379=DIRECTION('',(0.,0.,1.));
#7380=DIRECTION('',(0.,0.,1.));
#7381=DIRECTION('',(0.,0.,1.));
#7382=DIRECTION('center_axis',(1.,0.,0.));
#7383=DIRECTION('ref_axis',(0.,1.,0.));
#7384=DIRECTION('',(0.,1.,0.));
#7385=DIRECTION('',(0.,0.,1.));
#7386=DIRECTION('',(0.,0.,1.));
#7387=DIRECTION('',(0.,0.,1.));
#7388=DIRECTION('center_axis',(0.,1.,0.));
#7389=DIRECTION('ref_axis',(-1.,0.,0.));
#7390=DIRECTION('',(-1.,0.,0.));
#7391=DIRECTION('',(0.,0.,1.));
#7392=DIRECTION('',(0.,0.,1.));
#7393=DIRECTION('',(0.,0.,1.));
#7394=DIRECTION('center_axis',(-1.,0.,0.));
#7395=DIRECTION('ref_axis',(0.,-1.,0.));
#7396=DIRECTION('',(0.,-1.,0.));
#7397=DIRECTION('',(0.,0.,1.));
#7398=DIRECTION('',(0.,0.,1.));
#7399=DIRECTION('center_axis',(0.,-1.,0.));
#7400=DIRECTION('ref_axis',(1.,0.,0.));
#7401=DIRECTION('',(0.,0.,1.));
#7402=DIRECTION('',(1.,0.,0.));
#7403=DIRECTION('',(0.,0.,1.));
#7404=DIRECTION('',(0.,0.,1.));
#7405=DIRECTION('',(0.,0.,1.));
#7406=DIRECTION('center_axis',(1.,0.,0.));
#7407=DIRECTION('ref_axis',(0.,1.,0.));
#7408=DIRECTION('',(0.,1.,0.));
#7409=DIRECTION('',(0.,0.,1.));
#7410=DIRECTION('',(0.,0.,1.));
#7411=DIRECTION('',(0.,0.,1.));
#7412=DIRECTION('center_axis',(0.,1.,0.));
#7413=DIRECTION('ref_axis',(-1.,0.,0.));
#7414=DIRECTION('',(-1.,0.,0.));
#7415=DIRECTION('',(0.,0.,1.));
#7416=DIRECTION('',(0.,0.,1.));
#7417=DIRECTION('',(0.,0.,1.));
#7418=DIRECTION('center_axis',(-1.,0.,0.));
#7419=DIRECTION('ref_axis',(0.,-1.,0.));
#7420=DIRECTION('',(0.,-1.,0.));
#7421=DIRECTION('',(0.,0.,1.));
#7422=DIRECTION('',(0.,0.,1.));
#7423=DIRECTION('center_axis',(0.,0.,1.));
#7424=DIRECTION('ref_axis',(1.,0.,0.));
#7425=DIRECTION('center_axis',(0.,0.,-1.));
#7426=DIRECTION('ref_axis',(1.,0.,0.));
#7427=DIRECTION('',(0.,0.,-1.));
#7428=DIRECTION('center_axis',(0.,0.,1.));
#7429=DIRECTION('ref_axis',(1.,0.,0.));
#7430=DIRECTION('center_axis',(0.,0.,-1.));
#7431=DIRECTION('ref_axis',(1.,0.,0.));
#7432=DIRECTION('',(0.,0.,-1.));
#7433=DIRECTION('center_axis',(0.,-1.,0.));
#7434=DIRECTION('ref_axis',(1.,0.,0.));
#7435=DIRECTION('',(0.,0.,1.));
#7436=DIRECTION('',(1.,0.,0.));
#7437=DIRECTION('',(0.,0.,1.));
#7438=DIRECTION('',(0.,0.,1.));
#7439=DIRECTION('',(0.,0.,1.));
#7440=DIRECTION('center_axis',(1.,0.,0.));
#7441=DIRECTION('ref_axis',(0.,1.,0.));
#7442=DIRECTION('',(0.,1.,0.));
#7443=DIRECTION('',(0.,0.,1.));
#7444=DIRECTION('',(0.,0.,1.));
#7445=DIRECTION('',(0.,0.,1.));
#7446=DIRECTION('center_axis',(0.,1.,0.));
#7447=DIRECTION('ref_axis',(-1.,0.,0.));
#7448=DIRECTION('',(-1.,0.,0.));
#7449=DIRECTION('',(0.,0.,1.));
#7450=DIRECTION('',(0.,0.,1.));
#7451=DIRECTION('',(0.,0.,1.));
#7452=DIRECTION('center_axis',(-1.,0.,0.));
#7453=DIRECTION('ref_axis',(0.,-1.,0.));
#7454=DIRECTION('',(0.,-1.,0.));
#7455=DIRECTION('',(0.,0.,1.));
#7456=DIRECTION('',(0.,0.,1.));
#7457=DIRECTION('center_axis',(0.939692211615888,-0.342021267508968,0.));
#7458=DIRECTION('ref_axis',(0.342021267508968,0.939692211615888,0.));
#7459=DIRECTION('',(0.,0.,1.));
#7460=DIRECTION('',(0.342021267508968,0.939692211615888,0.));
#7461=DIRECTION('',(0.,0.,1.));
#7462=DIRECTION('',(0.,0.,1.));
#7463=DIRECTION('center_axis',(0.342021267508968,0.939692211615888,0.));
#7464=DIRECTION('ref_axis',(-0.939692211615888,0.342021267508968,0.));
#7465=DIRECTION('',(-0.939692211615888,0.342021267508968,0.));
#7466=DIRECTION('',(0.,0.,1.));
#7467=DIRECTION('',(0.,0.,1.));
#7468=DIRECTION('center_axis',(-0.939692211615888,0.342021267508968,0.));
#7469=DIRECTION('ref_axis',(-0.342021267508968,-0.939692211615888,0.));
#7470=DIRECTION('',(-0.342021267508968,-0.939692211615888,0.));
#7471=DIRECTION('',(0.,0.,1.));
#7472=DIRECTION('',(0.,0.,1.));
#7473=DIRECTION('center_axis',(-0.342021267508968,-0.939692211615888,0.));
#7474=DIRECTION('ref_axis',(0.939692211615888,-0.342021267508968,0.));
#7475=DIRECTION('',(0.939692211615888,-0.342021267508968,0.));
#7476=DIRECTION('',(0.,0.,1.));
#7477=DIRECTION('center_axis',(-1.,0.,0.));
#7478=DIRECTION('ref_axis',(0.,-1.,0.));
#7479=DIRECTION('',(0.,0.,1.));
#7480=DIRECTION('',(0.,-1.,0.));
#7481=DIRECTION('',(0.,0.,1.));
#7482=DIRECTION('center_axis',(0.,-1.,0.));
#7483=DIRECTION('ref_axis',(1.,0.,0.));
#7484=DIRECTION('',(1.,0.,0.));
#7485=DIRECTION('',(0.,0.,1.));
#7486=DIRECTION('center_axis',(1.,0.,0.));
#7487=DIRECTION('ref_axis',(0.,1.,0.));
#7488=DIRECTION('',(0.,1.,0.));
#7489=DIRECTION('',(0.,0.,1.));
#7490=DIRECTION('center_axis',(0.189674491812191,0.981847028388734,0.));
#7491=DIRECTION('ref_axis',(-0.981847028388734,0.189674491812191,0.));
#7492=DIRECTION('',(-0.981847028388734,0.189674491812191,0.));
#7493=DIRECTION('center_axis',(0.,0.,1.));
#7494=DIRECTION('ref_axis',(1.,0.,0.));
#7495=DIRECTION('center_axis',(0.,0.,-1.));
#7496=DIRECTION('ref_axis',(1.,0.,0.));
#7497=DIRECTION('',(0.,0.,-1.));
#7498=DIRECTION('center_axis',(0.,-1.,0.));
#7499=DIRECTION('ref_axis',(1.,0.,0.));
#7500=DIRECTION('',(0.,0.,1.));
#7501=DIRECTION('',(1.,0.,0.));
#7502=DIRECTION('',(0.,0.,1.));
#7503=DIRECTION('',(0.,0.,1.));
#7504=DIRECTION('',(0.,0.,1.));
#7505=DIRECTION('center_axis',(1.,0.,0.));
#7506=DIRECTION('ref_axis',(0.,1.,0.));
#7507=DIRECTION('',(0.,1.,0.));
#7508=DIRECTION('',(0.,0.,1.));
#7509=DIRECTION('',(0.,0.,1.));
#7510=DIRECTION('',(0.,0.,1.));
#7511=DIRECTION('center_axis',(0.,1.,0.));
#7512=DIRECTION('ref_axis',(-1.,0.,0.));
#7513=DIRECTION('',(-1.,0.,0.));
#7514=DIRECTION('',(0.,0.,1.));
#7515=DIRECTION('',(0.,0.,1.));
#7516=DIRECTION('',(0.,0.,1.));
#7517=DIRECTION('center_axis',(-1.,0.,0.));
#7518=DIRECTION('ref_axis',(0.,-1.,0.));
#7519=DIRECTION('',(0.,-1.,0.));
#7520=DIRECTION('',(0.,0.,1.));
#7521=DIRECTION('',(0.,0.,1.));
#7522=DIRECTION('center_axis',(0.,-1.,0.));
#7523=DIRECTION('ref_axis',(1.,0.,0.));
#7524=DIRECTION('',(0.,0.,1.));
#7525=DIRECTION('',(1.,0.,0.));
#7526=DIRECTION('',(0.,0.,1.));
#7527=DIRECTION('',(0.,0.,1.));
#7528=DIRECTION('',(0.,0.,1.));
#7529=DIRECTION('center_axis',(1.,0.,0.));
#7530=DIRECTION('ref_axis',(0.,1.,0.));
#7531=DIRECTION('',(0.,1.,0.));
#7532=DIRECTION('',(0.,0.,1.));
#7533=DIRECTION('',(0.,0.,1.));
#7534=DIRECTION('',(0.,0.,1.));
#7535=DIRECTION('center_axis',(0.,1.,0.));
#7536=DIRECTION('ref_axis',(-1.,0.,0.));
#7537=DIRECTION('',(-1.,0.,0.));
#7538=DIRECTION('',(0.,0.,1.));
#7539=DIRECTION('',(0.,0.,1.));
#7540=DIRECTION('',(0.,0.,1.));
#7541=DIRECTION('center_axis',(-1.,0.,0.));
#7542=DIRECTION('ref_axis',(0.,-1.,0.));
#7543=DIRECTION('',(0.,-1.,0.));
#7544=DIRECTION('',(0.,0.,1.));
#7545=DIRECTION('',(0.,0.,1.));
#7546=DIRECTION('center_axis',(-1.07085918996349E-11,1.,0.));
#7547=DIRECTION('ref_axis',(-1.,-1.07085918996349E-11,0.));
#7548=DIRECTION('',(0.,0.,1.));
#7549=DIRECTION('',(0.,0.,1.));
#7550=DIRECTION('',(0.,0.,1.));
#7551=DIRECTION('',(0.,0.,1.));
#7552=DIRECTION('center_axis',(0.514510014333251,0.857484370207876,0.));
#7553=DIRECTION('ref_axis',(-0.857484370207876,0.51451001433325,0.));
#7554=DIRECTION('',(0.,0.,1.));
#7555=DIRECTION('center_axis',(-1.,5.935206699704E-12,0.));
#7556=DIRECTION('ref_axis',(-5.935206699704E-12,-1.,0.));
#7557=DIRECTION('',(0.,0.,1.));
#7558=DIRECTION('',(0.,0.,1.));
#7559=DIRECTION('center_axis',(-0.579205992264546,0.815181218211535,0.));
#7560=DIRECTION('ref_axis',(-0.815181218211535,-0.579205992264546,0.));
#7561=DIRECTION('',(0.,0.,1.));
#7562=DIRECTION('',(0.,0.,1.));
#7563=DIRECTION('center_axis',(-0.417502699410678,0.90867568250988,0.));
#7564=DIRECTION('ref_axis',(-0.90867568250988,-0.417502699410678,0.));
#7565=DIRECTION('',(0.,0.,1.));
#7566=DIRECTION('center_axis',(0.,0.,1.));
#7567=DIRECTION('ref_axis',(1.,0.,0.));
#7568=DIRECTION('center_axis',(0.,0.,1.));
#7569=DIRECTION('ref_axis',(1.,0.,0.));
#7570=DIRECTION('center_axis',(0.,0.,-1.));
#7571=DIRECTION('ref_axis',(1.,0.,0.));
#7572=DIRECTION('',(0.,0.,-1.));
#7573=DIRECTION('center_axis',(0.,0.,-1.));
#7574=DIRECTION('ref_axis',(1.,0.,0.));
#7575=DIRECTION('center_axis',(0.,0.,1.));
#7576=DIRECTION('ref_axis',(1.,0.,0.));
#7577=DIRECTION('center_axis',(0.,0.,-1.));
#7578=DIRECTION('ref_axis',(1.,0.,0.));
#7579=DIRECTION('',(0.,0.,-1.));
#7580=DIRECTION('center_axis',(0.,0.,-1.));
#7581=DIRECTION('ref_axis',(1.,0.,0.));
#7582=DIRECTION('center_axis',(0.,0.,1.));
#7583=DIRECTION('ref_axis',(1.,0.,0.));
#7584=DIRECTION('center_axis',(0.,0.,-1.));
#7585=DIRECTION('ref_axis',(1.,0.,0.));
#7586=DIRECTION('',(0.,0.,-1.));
#7587=DIRECTION('center_axis',(0.,0.,-1.));
#7588=DIRECTION('ref_axis',(1.,0.,0.));
#7589=DIRECTION('center_axis',(0.,0.,1.));
#7590=DIRECTION('ref_axis',(1.,0.,0.));
#7591=DIRECTION('center_axis',(0.,0.,-1.));
#7592=DIRECTION('ref_axis',(1.,0.,0.));
#7593=DIRECTION('',(0.,0.,-1.));
#7594=DIRECTION('center_axis',(0.,0.,-1.));
#7595=DIRECTION('ref_axis',(1.,0.,0.));
#7596=DIRECTION('center_axis',(0.,0.,1.));
#7597=DIRECTION('ref_axis',(1.,0.,0.));
#7598=DIRECTION('center_axis',(0.,0.,-1.));
#7599=DIRECTION('ref_axis',(1.,0.,0.));
#7600=DIRECTION('',(0.,0.,-1.));
#7601=DIRECTION('center_axis',(0.,0.,-1.));
#7602=DIRECTION('ref_axis',(1.,0.,0.));
#7603=DIRECTION('center_axis',(0.,0.,1.));
#7604=DIRECTION('ref_axis',(1.,0.,0.));
#7605=DIRECTION('center_axis',(0.,0.,-1.));
#7606=DIRECTION('ref_axis',(1.,0.,0.));
#7607=DIRECTION('',(0.,0.,-1.));
#7608=DIRECTION('center_axis',(0.,0.,-1.));
#7609=DIRECTION('ref_axis',(1.,0.,0.));
#7610=DIRECTION('center_axis',(0.,0.,1.));
#7611=DIRECTION('ref_axis',(1.,0.,0.));
#7612=DIRECTION('center_axis',(0.,0.,-1.));
#7613=DIRECTION('ref_axis',(1.,0.,0.));
#7614=DIRECTION('',(0.,0.,-1.));
#7615=DIRECTION('center_axis',(0.,0.,-1.));
#7616=DIRECTION('ref_axis',(1.,0.,0.));
#7617=DIRECTION('center_axis',(-0.417502699410678,0.90867568250988,0.));
#7618=DIRECTION('ref_axis',(-0.90867568250988,-0.417502699410678,0.));
#7619=DIRECTION('',(0.90867568250988,0.417502699410678,0.));
#7620=DIRECTION('',(0.,0.,1.));
#7621=DIRECTION('',(-0.90867568250988,-0.417502699410678,0.));
#7622=DIRECTION('',(0.,0.,1.));
#7623=DIRECTION('',(0.,0.,1.));
#7624=DIRECTION('center_axis',(-1.07065036406837E-11,1.,0.));
#7625=DIRECTION('ref_axis',(-1.,-1.07065036406837E-11,0.));
#7626=DIRECTION('',(1.,1.07065036406837E-11,0.));
#7627=DIRECTION('',(-1.,-1.07065036406837E-11,0.));
#7628=DIRECTION('',(0.,0.,1.));
#7629=DIRECTION('',(0.,0.,1.));
#7630=DIRECTION('center_axis',(0.514510014333249,0.857484370207877,0.));
#7631=DIRECTION('ref_axis',(-0.857484370207877,0.514510014333249,0.));
#7632=DIRECTION('',(0.857484370207877,-0.514510014333249,0.));
#7633=DIRECTION('',(-0.857484370207877,0.514510014333249,0.));
#7634=DIRECTION('',(0.,0.,1.));
#7635=DIRECTION('center_axis',(0.,1.,0.));
#7636=DIRECTION('ref_axis',(-1.,0.,0.));
#7637=DIRECTION('',(1.,0.,0.));
#7638=DIRECTION('',(-1.,0.,0.));
#7639=DIRECTION('',(0.,0.,1.));
#7640=DIRECTION('center_axis',(0.,0.,1.));
#7641=DIRECTION('ref_axis',(0.0356288246662118,0.999365091872287,0.));
#7642=DIRECTION('center_axis',(0.,0.,1.));
#7643=DIRECTION('ref_axis',(0.0356288246662118,0.999365091872287,0.));
#7644=DIRECTION('center_axis',(0.,0.,1.));
#7645=DIRECTION('ref_axis',(0.0356288246662118,0.999365091872287,0.));
#7646=DIRECTION('',(0.,0.,1.));
#7647=DIRECTION('',(0.,0.,1.));
#7648=DIRECTION('',(0.,0.,1.));
#7649=DIRECTION('center_axis',(1.,-3.99726394329651E-15,0.));
#7650=DIRECTION('ref_axis',(3.99726394329651E-15,1.,0.));
#7651=DIRECTION('',(-3.99726394329651E-15,-1.,0.));
#7652=DIRECTION('',(3.99726394329651E-15,1.,0.));
#7653=DIRECTION('',(0.,0.,1.));
#7654=DIRECTION('',(0.,0.,1.));
#7655=DIRECTION('center_axis',(0.905457446040644,-0.424437054708415,0.));
#7656=DIRECTION('ref_axis',(0.424437054708415,0.905457446040644,0.));
#7657=DIRECTION('',(-0.424437054708415,-0.905457446040644,0.));
#7658=DIRECTION('',(0.424437054708415,0.905457446040644,0.));
#7659=DIRECTION('',(0.,0.,1.));
#7660=DIRECTION('',(0.,0.,1.));
#7661=DIRECTION('center_axis',(0.53217231565181,-0.846636064938053,0.));
#7662=DIRECTION('ref_axis',(0.846636064938052,0.53217231565181,0.));
#7663=DIRECTION('',(-0.846636064938052,-0.53217231565181,0.));
#7664=DIRECTION('',(0.846636064938052,0.53217231565181,0.));
#7665=DIRECTION('',(0.,0.,1.));
#7666=DIRECTION('',(0.,0.,1.));
#7667=DIRECTION('center_axis',(-0.189674491825448,-0.981847028386173,0.));
#7668=DIRECTION('ref_axis',(0.981847028386173,-0.189674491825448,0.));
#7669=DIRECTION('',(-0.981847028386173,0.189674491825448,0.));
#7670=DIRECTION('',(0.981847028386173,-0.189674491825448,0.));
#7671=DIRECTION('',(0.,0.,1.));
#7672=DIRECTION('',(0.,0.,1.));
#7673=DIRECTION('center_axis',(-1.,5.935206699704E-12,0.));
#7674=DIRECTION('ref_axis',(-5.935206699704E-12,-1.,0.));
#7675=DIRECTION('',(5.935206699704E-12,1.,0.));
#7676=DIRECTION('',(-5.935206699704E-12,-1.,0.));
#7677=DIRECTION('',(0.,0.,1.));
#7678=DIRECTION('',(0.,0.,1.));
#7679=DIRECTION('center_axis',(-0.579205992264546,0.815181218211536,0.));
#7680=DIRECTION('ref_axis',(-0.815181218211536,-0.579205992264545,0.));
#7681=DIRECTION('',(0.815181218211536,0.579205992264545,0.));
#7682=DIRECTION('',(-0.815181218211536,-0.579205992264545,0.));
#7683=DIRECTION('',(0.,0.,1.));
#7684=DIRECTION('center_axis',(0.,0.,1.));
#7685=DIRECTION('ref_axis',(1.,0.,0.));
#7686=DIRECTION('center_axis',(0.,0.,1.));
#7687=DIRECTION('ref_axis',(1.,0.,0.));
#7688=CARTESIAN_POINT('',(0.,0.,0.));
#7689=CARTESIAN_POINT('Origin',(79.0361811760341,112.988864444325,9.));
#7690=CARTESIAN_POINT('',(105.699997704476,157.3962,9.));
#7691=CARTESIAN_POINT('',(88.005748354729,157.3962,9.));
#7692=CARTESIAN_POINT('',(88.005748354729,157.3962,9.));
#7693=CARTESIAN_POINT('',(81.0496406913663,161.570021912011,9.));
#7694=CARTESIAN_POINT('',(81.0496406913663,161.570021912011,9.));
#7695=CARTESIAN_POINT('',(77.7053834478094,162.496300000074,9.));
#7696=CARTESIAN_POINT('Ctrl Pts',(81.0496438633454,161.570020008879,9.));
#7697=CARTESIAN_POINT('Ctrl Pts',(81.0496343574987,161.57002571222,9.));
#7698=CARTESIAN_POINT('Ctrl Pts',(81.0496248509258,161.570031415996,9.));
#7699=CARTESIAN_POINT('Ctrl Pts',(81.0496153451397,161.570037119301,9.));
#7700=CARTESIAN_POINT('Ctrl Pts',(81.0333111728312,161.579819335985,9.));
#7701=CARTESIAN_POINT('Ctrl Pts',(80.9788786018827,161.612022897115,9.));
#7702=CARTESIAN_POINT('Ctrl Pts',(80.9432351877288,161.632498830178,9.));
#7703=CARTESIAN_POINT('Ctrl Pts',(79.958716722933,162.198071311464,9.));
#7704=CARTESIAN_POINT('Ctrl Pts',(78.8421133097974,162.496311579869,9.));
#7705=CARTESIAN_POINT('Ctrl Pts',(77.7053834478094,162.496300000074,9.));
#7706=CARTESIAN_POINT('',(60.6925810965398,162.496299999681,9.));
#7707=CARTESIAN_POINT('',(60.6925810965398,162.496299999681,9.));
#7708=CARTESIAN_POINT('',(57.9788343069538,161.902807965672,9.));
#7709=CARTESIAN_POINT('Ctrl Pts',(60.6925810965395,162.496299999681,9.));
#7710=CARTESIAN_POINT('Ctrl Pts',(60.0304975211789,162.496323809523,9.));
#7711=CARTESIAN_POINT('Ctrl Pts',(59.3738586028099,162.395190400174,9.));
#7712=CARTESIAN_POINT('Ctrl Pts',(58.7451680544512,162.197790731953,9.));
#7713=CARTESIAN_POINT('Ctrl Pts',(58.5095958458342,162.123824492211,9.));
#7714=CARTESIAN_POINT('Ctrl Pts',(58.2779316292024,162.036337861712,9.));
#7715=CARTESIAN_POINT('Ctrl Pts',(58.0513885793595,161.935603531338,9.));
#7716=CARTESIAN_POINT('Ctrl Pts',(58.0271565539743,161.924828551252,9.));
#7717=CARTESIAN_POINT('Ctrl Pts',(57.9900315635597,161.907951889347,9.));
#7718=CARTESIAN_POINT('Ctrl Pts',(57.9789012762396,161.902838730788,9.));
#7719=CARTESIAN_POINT('Ctrl Pts',(57.9788789532453,161.902828475796,9.));
#7720=CARTESIAN_POINT('Ctrl Pts',(57.9788566308528,161.90281822108,9.));
#7721=CARTESIAN_POINT('Ctrl Pts',(57.9788343076639,161.902807965998,9.));
#7722=CARTESIAN_POINT('',(40.3306807209977,153.794137398634,9.));
#7723=CARTESIAN_POINT('',(40.3306807209977,153.794137398634,9.));
#7724=CARTESIAN_POINT('',(39.2796164621809,153.18638980888,9.));
#7725=CARTESIAN_POINT('Ctrl Pts',(40.3306807207921,153.79413739854,9.));
#7726=CARTESIAN_POINT('Ctrl Pts',(40.3306664753817,153.794130852654,9.));
#7727=CARTESIAN_POINT('Ctrl Pts',(40.3306522302092,153.794124306878,9.));
#7728=CARTESIAN_POINT('Ctrl Pts',(40.3306379848576,153.794117761019,9.));
#7729=CARTESIAN_POINT('Ctrl Pts',(40.3132754166189,153.786139515115,9.));
#7730=CARTESIAN_POINT('Ctrl Pts',(40.2555579225284,153.75918270374,9.));
#7731=CARTESIAN_POINT('Ctrl Pts',(40.2182735058614,153.741179656245,9.));
#7732=CARTESIAN_POINT('Ctrl Pts',(39.8904609238875,153.582893004338,9.));
#7733=CARTESIAN_POINT('Ctrl Pts',(39.5764647581961,153.397318873152,9.));
#7734=CARTESIAN_POINT('Ctrl Pts',(39.2796164621809,153.18638980888,9.));
#7735=CARTESIAN_POINT('',(21.7714911415923,140.746442871374,9.));
#7736=CARTESIAN_POINT('',(21.7714911415923,140.746442871374,9.));
#7737=CARTESIAN_POINT('',(19.0363000003634,135.447649563467,9.));
#7738=CARTESIAN_POINT('Ctrl Pts',(21.7714911415923,140.746442871374,9.));
#7739=CARTESIAN_POINT('Ctrl Pts',(20.058430803171,139.529287349342,9.));
#7740=CARTESIAN_POINT('Ctrl Pts',(19.0362697177776,137.54908364688,9.));
#7741=CARTESIAN_POINT('Ctrl Pts',(19.0363000003634,135.447649563467,9.));
#7742=CARTESIAN_POINT('',(19.0363000000727,86.4723388431416,9.));
#7743=CARTESIAN_POINT('',(19.0363000000727,86.4723388431416,9.));
#7744=CARTESIAN_POINT('',(24.3032506547851,80.0902525223003,9.));
#7745=CARTESIAN_POINT('Ctrl Pts',(19.0363000000727,86.4723388431381,9.));
#7746=CARTESIAN_POINT('Ctrl Pts',(19.036258637182,84.0754765266344,9.));
#7747=CARTESIAN_POINT('Ctrl Pts',(20.3584540710167,81.91066603963,9.));
#7748=CARTESIAN_POINT('Ctrl Pts',(22.3839234186124,80.7873893353643,9.));
#7749=CARTESIAN_POINT('Ctrl Pts',(22.9717873668636,80.4613740939428,9.));
#7750=CARTESIAN_POINT('Ctrl Pts',(23.6202255876651,80.2222184693499,9.));
#7751=CARTESIAN_POINT('Ctrl Pts',(24.3032506550656,80.0902525222461,9.));
#7752=CARTESIAN_POINT('',(108.709533564433,63.784536504524,9.));
#7753=CARTESIAN_POINT('',(108.709533564433,63.784536504524,9.));
#7754=CARTESIAN_POINT('',(113.40149548116,64.6633061261735,9.));
#7755=CARTESIAN_POINT('Ctrl Pts',(108.709533564433,63.784536504524,9.));
#7756=CARTESIAN_POINT('Ctrl Pts',(110.327307505328,63.4720089142162,9.));
#7757=CARTESIAN_POINT('Ctrl Pts',(112.006474686234,63.7865048263609,9.));
#7758=CARTESIAN_POINT('Ctrl Pts',(113.401495477883,64.6633061241138,9.));
#7759=CARTESIAN_POINT('',(129.153025653073,74.5642879456279,9.));
#7760=CARTESIAN_POINT('',(129.153025653073,74.5642879456279,9.));
#7761=CARTESIAN_POINT('',(131.579334244433,77.3086411008639,9.));
#7762=CARTESIAN_POINT('Ctrl Pts',(129.153025653073,74.5642879456279,9.));
#7763=CARTESIAN_POINT('Ctrl Pts',(129.153040209747,74.5642970960101,9.));
#7764=CARTESIAN_POINT('Ctrl Pts',(129.153054765558,74.5643062458491,9.));
#7765=CARTESIAN_POINT('Ctrl Pts',(129.153069320505,74.5643153951451,9.));
#7766=CARTESIAN_POINT('Ctrl Pts',(130.207960126311,75.2274238420075,9.));
#7767=CARTESIAN_POINT('Ctrl Pts',(131.050515782624,76.1804306258229,9.));
#7768=CARTESIAN_POINT('Ctrl Pts',(131.579334244433,77.3086411008639,9.));
#7769=CARTESIAN_POINT('',(138.421763510527,91.9056902021688,9.));
#7770=CARTESIAN_POINT('',(138.421763510527,91.9056902021688,9.));
#7771=CARTESIAN_POINT('',(139.0364,94.6645045668654,9.));
#7772=CARTESIAN_POINT('Ctrl Pts',(138.421763510528,91.9056902021691,9.));
#7773=CARTESIAN_POINT('Ctrl Pts',(138.63190917487,92.3539510962304,9.));
#7774=CARTESIAN_POINT('Ctrl Pts',(138.789540355215,92.8234493531273,9.));
#7775=CARTESIAN_POINT('Ctrl Pts',(138.892518152393,93.3047062180706,9.));
#7776=CARTESIAN_POINT('Ctrl Pts',(138.957466593949,93.6082365345357,9.));
#7777=CARTESIAN_POINT('Ctrl Pts',(139.0006846405,93.9164741643582,9.));
#7778=CARTESIAN_POINT('Ctrl Pts',(139.021646826688,94.2270682321676,9.));
#7779=CARTESIAN_POINT('Ctrl Pts',(139.02875028228,94.332319237391,9.));
#7780=CARTESIAN_POINT('Ctrl Pts',(139.033297914466,94.4378398361187,9.));
#7781=CARTESIAN_POINT('Ctrl Pts',(139.035269450761,94.5435340716489,9.));
#7782=CARTESIAN_POINT('Ctrl Pts',(139.036020951078,94.5838220702711,9.));
#7783=CARTESIAN_POINT('Ctrl Pts',(139.036398981077,94.6458198695766,9.));
#7784=CARTESIAN_POINT('Ctrl Pts',(139.036399996283,94.6644364018446,9.));
#7785=CARTESIAN_POINT('Ctrl Pts',(139.036399997522,94.6644591235388,9.));
#7786=CARTESIAN_POINT('Ctrl Pts',(139.036399998761,94.664481845172,9.));
#7787=CARTESIAN_POINT('Ctrl Pts',(139.0364,94.6645045668277,9.));
#7788=CARTESIAN_POINT('',(139.0364,153.77862122718,9.));
#7789=CARTESIAN_POINT('',(139.0364,107.9963,9.));
#7790=CARTESIAN_POINT('',(138.072354591807,156.250337404419,9.));
#7791=CARTESIAN_POINT('Ctrl Pts',(139.0364,153.77862122718,9.));
#7792=CARTESIAN_POINT('Ctrl Pts',(139.041776614599,154.693206425101,9.));
#7793=CARTESIAN_POINT('Ctrl Pts',(138.696982399418,155.579366589926,9.));
#7794=CARTESIAN_POINT('Ctrl Pts',(138.072354591807,156.250337404419,9.));
#7795=CARTESIAN_POINT('',(135.568100886332,157.393977821553,9.));
#7796=CARTESIAN_POINT('Ctrl Pts',(138.072349882032,156.250342463616,9.));
#7797=CARTESIAN_POINT('Ctrl Pts',(137.423227291709,156.947622640908,9.));
#7798=CARTESIAN_POINT('Ctrl Pts',(136.520128404314,157.360036650512,9.));
#7799=CARTESIAN_POINT('Ctrl Pts',(135.568100886332,157.393977821553,9.));
#7800=CARTESIAN_POINT('',(135.4434,157.3962,9.));
#7801=CARTESIAN_POINT('Origin',(135.4434,153.8962,9.));
#7802=CARTESIAN_POINT('',(111.724574177365,157.3962,9.00000011920929));
#7803=CARTESIAN_POINT('',(88.005748354729,157.3962,9.));
#7804=CARTESIAN_POINT('',(111.724574177365,154.8962,9.00000011920929));
#7805=CARTESIAN_POINT('',(111.724574177365,135.192532222162,9.));
#7806=CARTESIAN_POINT('',(135.4434,154.8962,9.));
#7807=CARTESIAN_POINT('',(87.8672917238944,154.8962,9.));
#7808=CARTESIAN_POINT('',(135.479028824666,154.895565091872,9.));
#7809=CARTESIAN_POINT('Origin',(135.4434,153.8962,9.));
#7810=CARTESIAN_POINT('',(136.242524252009,154.546893561033,9.));
#7811=CARTESIAN_POINT('Ctrl Pts',(135.479028824666,154.895565091872,9.));
#7812=CARTESIAN_POINT('Ctrl Pts',(135.769308829804,154.885216185861,9.));
#7813=CARTESIAN_POINT('Ctrl Pts',(136.044602083345,154.759499325974,9.));
#7814=CARTESIAN_POINT('Ctrl Pts',(136.242524252009,154.546893561033,9.));
#7815=CARTESIAN_POINT('',(136.5364,153.788089767274,9.));
#7816=CARTESIAN_POINT('Ctrl Pts',(136.242525597659,154.546892115548,9.));
#7817=CARTESIAN_POINT('Ctrl Pts',(136.434167793142,154.341031411898,9.));
#7818=CARTESIAN_POINT('Ctrl Pts',(136.539387309266,154.068669521893,9.));
#7819=CARTESIAN_POINT('Ctrl Pts',(136.5364,153.788089767274,9.));
#7820=CARTESIAN_POINT('',(136.5364,94.6645727330203,9.));
#7821=CARTESIAN_POINT('',(136.5364,107.9963,9.));
#7822=CARTESIAN_POINT('',(136.158145665613,92.9668378141687,9.));
#7823=CARTESIAN_POINT('Ctrl Pts',(136.5364,94.6645727330203,9.));
#7824=CARTESIAN_POINT('Ctrl Pts',(136.536399999504,94.6645636444966,9.));
#7825=CARTESIAN_POINT('Ctrl Pts',(136.536399999009,94.6645545560077,9.));
#7826=CARTESIAN_POINT('Ctrl Pts',(136.536399998513,94.664545467559,9.));
#7827=CARTESIAN_POINT('Ctrl Pts',(136.536368000084,94.0777676111946,9.));
#7828=CARTESIAN_POINT('Ctrl Pts',(136.407220074973,93.4981245503599,9.));
#7829=CARTESIAN_POINT('Ctrl Pts',(136.158145665613,92.9668378141687,9.));
#7830=CARTESIAN_POINT('',(129.315663619591,78.3696761154752,9.));
#7831=CARTESIAN_POINT('',(136.158145664858,92.9668378145226,9.));
#7832=CARTESIAN_POINT('',(127.822591234553,76.6808758272617,9.));
#7833=CARTESIAN_POINT('Ctrl Pts',(129.315663619591,78.3696761154748,9.));
#7834=CARTESIAN_POINT('Ctrl Pts',(128.990201001086,77.6753162132574,9.));
#7835=CARTESIAN_POINT('Ctrl Pts',(128.471826408308,77.0889875724275,9.));
#7836=CARTESIAN_POINT('Ctrl Pts',(127.822591234553,76.6808758272617,9.));
#7837=CARTESIAN_POINT('',(112.071141565109,66.7799446068897,9.));
#7838=CARTESIAN_POINT('',(127.822591234553,76.6808758272617,9.));
#7839=CARTESIAN_POINT('',(109.183725508187,66.2391529716078,9.));
#7840=CARTESIAN_POINT('Ctrl Pts',(112.071141565109,66.7799446068897,9.));
#7841=CARTESIAN_POINT('Ctrl Pts',(111.212348075354,66.2401739806548,9.));
#7842=CARTESIAN_POINT('Ctrl Pts',(110.179648643673,66.0467568340527,9.));
#7843=CARTESIAN_POINT('Ctrl Pts',(109.183725508187,66.2391529716078,9.));
#7844=CARTESIAN_POINT('',(24.7775001871616,82.5448578634989,9.));
#7845=CARTESIAN_POINT('',(109.183725508188,66.2391529716113,9.));
#7846=CARTESIAN_POINT('',(21.5363000000183,86.472312174336,9.));
#7847=CARTESIAN_POINT('Ctrl Pts',(24.7775001871616,82.5448578634989,9.));
#7848=CARTESIAN_POINT('Ctrl Pts',(22.9018592693526,82.9072468034647,9.));
#7849=CARTESIAN_POINT('Ctrl Pts',(21.5362592431066,84.5619854413794,9.));
#7850=CARTESIAN_POINT('Ctrl Pts',(21.5363000000183,86.4723121743354,9.));
#7851=CARTESIAN_POINT('',(21.5363000001038,135.447685589562,9.));
#7852=CARTESIAN_POINT('',(21.5363,86.4723121743365,9.));
#7853=CARTESIAN_POINT('',(23.2194940076927,138.70848121821,9.));
#7854=CARTESIAN_POINT('Ctrl Pts',(21.5363000001038,135.447685589562,9.));
#7855=CARTESIAN_POINT('Ctrl Pts',(21.5362813479188,136.742037980844,9.));
#7856=CARTESIAN_POINT('Ctrl Pts',(22.1643564696738,137.958789889715,9.));
#7857=CARTESIAN_POINT('Ctrl Pts',(23.2194940076927,138.70848121821,9.));
#7858=CARTESIAN_POINT('',(40.7276823677706,151.148472947703,9.));
#7859=CARTESIAN_POINT('',(23.2194940081249,138.7084812176,9.));
#7860=CARTESIAN_POINT('',(41.3744802064011,151.522467828366,9.));
#7861=CARTESIAN_POINT('Ctrl Pts',(40.7276823677706,151.148472947703,9.));
#7862=CARTESIAN_POINT('Ctrl Pts',(40.931134085874,151.293037969973,9.));
#7863=CARTESIAN_POINT('Ctrl Pts',(41.1476718848939,151.418247499863,9.));
#7864=CARTESIAN_POINT('Ctrl Pts',(41.3744631114697,151.522459973101,9.));
#7865=CARTESIAN_POINT('Ctrl Pts',(41.3744688096042,151.522462591442,9.));
#7866=CARTESIAN_POINT('Ctrl Pts',(41.3744745083111,151.522465210046,9.));
#7867=CARTESIAN_POINT('Ctrl Pts',(41.3744802064011,151.522467828366,9.));
#7868=CARTESIAN_POINT('',(59.022524087594,159.631087990143,9.));
#7869=CARTESIAN_POINT('',(41.3744802064011,151.522467828366,9.));
#7870=CARTESIAN_POINT('',(60.6925254418202,159.996299999919,9.));
#7871=CARTESIAN_POINT('Ctrl Pts',(59.022524087594,159.631087990143,9.));
#7872=CARTESIAN_POINT('Ctrl Pts',(59.022533016877,159.631092092179,9.));
#7873=CARTESIAN_POINT('Ctrl Pts',(59.0225419466472,159.631096194439,9.));
#7874=CARTESIAN_POINT('Ctrl Pts',(59.0225508759302,159.631100296475,9.));
#7875=CARTESIAN_POINT('Ctrl Pts',(59.5463714374708,159.87173897067,9.));
#7876=CARTESIAN_POINT('Ctrl Pts',(60.1160730515858,159.996325665752,9.));
#7877=CARTESIAN_POINT('Ctrl Pts',(60.6925254418201,159.996299999919,9.));
#7878=CARTESIAN_POINT('',(77.7053834477888,159.996299999863,9.));
#7879=CARTESIAN_POINT('',(60.6925254418203,159.9963,9.));
#7880=CARTESIAN_POINT('',(79.7634036810978,159.426288170547,9.));
#7881=CARTESIAN_POINT('Ctrl Pts',(77.7053834477888,159.996299999863,9.));
#7882=CARTESIAN_POINT('Ctrl Pts',(78.4303026483889,159.996310499371,9.));
#7883=CARTESIAN_POINT('Ctrl Pts',(79.1417658485814,159.799259937278,9.));
#7884=CARTESIAN_POINT('Ctrl Pts',(79.7633846663109,159.426299579085,9.));
#7885=CARTESIAN_POINT('Ctrl Pts',(79.7633910036307,159.426295776805,9.));
#7886=CARTESIAN_POINT('Ctrl Pts',(79.7633973418929,159.426291973959,9.));
#7887=CARTESIAN_POINT('Ctrl Pts',(79.7634036810978,159.426288170547,9.));
#7888=CARTESIAN_POINT('',(86.8382846664926,155.181199578976,9.));
#7889=CARTESIAN_POINT('',(79.7633973405026,159.426291974793,9.));
#7890=CARTESIAN_POINT('',(87.8672917237937,154.8962,9.));
#7891=CARTESIAN_POINT('Ctrl Pts',(86.8382846664926,155.181199578976,9.));
#7892=CARTESIAN_POINT('Ctrl Pts',(87.1491698485815,154.994673937278,9.));
#7893=CARTESIAN_POINT('Ctrl Pts',(87.5047346483657,154.896193998879,9.));
#7894=CARTESIAN_POINT('Ctrl Pts',(87.8672834477888,154.896199999863,9.));
#7895=CARTESIAN_POINT('',(105.699997704476,154.8962,9.));
#7896=CARTESIAN_POINT('',(102.699997704476,154.8962,9.));
#7897=CARTESIAN_POINT('',(105.699997704476,135.192532222162,9.));
#7898=CARTESIAN_POINT('Origin',(105.699997704476,157.3962,8.));
#7899=CARTESIAN_POINT('',(105.699997704476,154.8962,5.50000008195639));
#7900=CARTESIAN_POINT('',(105.699997704476,154.8962,8.));
#7901=CARTESIAN_POINT('',(105.699997704476,157.3962,5.50000008195639));
#7902=CARTESIAN_POINT('',(105.699997704476,157.3962,5.50000008195639));
#7903=CARTESIAN_POINT('',(105.699997704476,157.3962,4.));
#7904=CARTESIAN_POINT('Origin',(102.699997704476,157.3962,5.50000008195639));
#7905=CARTESIAN_POINT('',(111.724574177365,154.8962,5.50000008195639));
#7906=CARTESIAN_POINT('',(95.2836447141853,154.8962,5.50000008195639));
#7907=CARTESIAN_POINT('',(111.724574177365,157.3962,5.50000008195639));
#7908=CARTESIAN_POINT('',(111.724574177365,157.3962,5.50000008195639));
#7909=CARTESIAN_POINT('',(119.071698852238,157.3962,5.50000008195639));
#7910=CARTESIAN_POINT('Origin',(111.724574177365,157.3962,5.50000008195639));
#7911=CARTESIAN_POINT('',(111.724574177365,154.8962,2.75000004097819));
#7912=CARTESIAN_POINT('',(111.724574177365,157.3962,2.75000004097819));
#7913=CARTESIAN_POINT('Origin',(135.4434,157.3962,0.));
#7914=CARTESIAN_POINT('',(135.4434,157.3962,1.5));
#7915=CARTESIAN_POINT('',(135.4434,157.3962,0.));
#7916=CARTESIAN_POINT('',(132.3827,157.3962,1.5));
#7917=CARTESIAN_POINT('',(107.239790588017,157.3962,1.5));
#7918=CARTESIAN_POINT('',(132.3827,157.3962,3.));
#7919=CARTESIAN_POINT('',(132.3827,157.3962,0.));
#7920=CARTESIAN_POINT('',(119.2827,157.3962,3.));
#7921=CARTESIAN_POINT('',(130.63805,157.3962,3.));
#7922=CARTESIAN_POINT('',(119.2827,157.3962,1.5));
#7923=CARTESIAN_POINT('',(119.2827,157.3962,0.));
#7924=CARTESIAN_POINT('',(88.005748354729,157.3962,1.5));
#7925=CARTESIAN_POINT('',(107.239790588017,157.3962,1.5));
#7926=CARTESIAN_POINT('',(88.005748354729,157.3962,0.));
#7927=CARTESIAN_POINT('Origin',(125.8327,156.1462,3.));
#7928=CARTESIAN_POINT('',(119.2827,154.8962,3.));
#7929=CARTESIAN_POINT('',(132.3827,154.8962,3.));
#7930=CARTESIAN_POINT('',(106.849995861947,154.8962,3.));
#7931=CARTESIAN_POINT('',(119.2827,158.416288566073,3.));
#7932=CARTESIAN_POINT('',(132.3827,158.416288566073,3.));
#7933=CARTESIAN_POINT('Origin',(107.239790588017,155.8962,1.5));
#7934=CARTESIAN_POINT('',(132.3827,155.8962,0.));
#7935=CARTESIAN_POINT('Origin',(132.3827,155.8962,1.5));
#7936=CARTESIAN_POINT('',(135.4434,155.8962,0.));
#7937=CARTESIAN_POINT('Origin',(135.4434,155.8962,1.5));
#7938=CARTESIAN_POINT('',(107.239790588017,155.8962,0.));
#7939=CARTESIAN_POINT('Origin',(107.239790588017,155.8962,1.5));
#7940=CARTESIAN_POINT('',(119.2827,155.8962,0.));
#7941=CARTESIAN_POINT('Origin',(119.2827,155.8962,1.5));
#7942=CARTESIAN_POINT('',(87.5902589789485,155.8962,0.));
#7943=CARTESIAN_POINT('',(107.239790588017,155.8962,0.));
#7944=CARTESIAN_POINT('Origin',(87.5902589789485,155.8962,1.5));
#7945=CARTESIAN_POINT('Origin',(79.0361811760341,112.988864444325,0.));
#7946=CARTESIAN_POINT('',(119.2827,153.8962,0.));
#7947=CARTESIAN_POINT('',(119.2827,135.192532222162,0.));
#7948=CARTESIAN_POINT('',(116.3927,153.8962,0.));
#7949=CARTESIAN_POINT('',(87.8673,153.8962,0.));
#7950=CARTESIAN_POINT('',(116.3927,116.1163,0.));
#7951=CARTESIAN_POINT('',(116.3927,153.8962,0.));
#7952=CARTESIAN_POINT('',(135.2727,116.1163,0.));
#7953=CARTESIAN_POINT('',(116.3927,116.1163,0.));
#7954=CARTESIAN_POINT('',(135.2727,153.8962,0.));
#7955=CARTESIAN_POINT('',(135.2727,116.1163,0.));
#7956=CARTESIAN_POINT('',(132.3827,153.8962,0.));
#7957=CARTESIAN_POINT('',(87.8673,153.8962,0.));
#7958=CARTESIAN_POINT('',(132.3827,133.942532222162,0.));
#7959=CARTESIAN_POINT('',(135.514657649332,155.894930183745,0.));
#7960=CARTESIAN_POINT('Origin',(135.4434,153.8962,0.));
#7961=CARTESIAN_POINT('',(136.974454504018,155.228273122066,0.));
#7962=CARTESIAN_POINT('Ctrl Pts',(136.974454504007,155.228273122062,0.));
#7963=CARTESIAN_POINT('Ctrl Pts',(136.967776913007,155.23544606771,0.));
#7964=CARTESIAN_POINT('Ctrl Pts',(136.95431961541,155.249699959209,0.));
#7965=CARTESIAN_POINT('Ctrl Pts',(136.927006214849,155.277829153437,0.));
#7966=CARTESIAN_POINT('Ctrl Pts',(136.878176172656,155.326045190081,0.));
#7967=CARTESIAN_POINT('Ctrl Pts',(136.776515196196,155.418309178978,0.));
#7968=CARTESIAN_POINT('Ctrl Pts',(136.620539123963,155.537588515282,0.));
#7969=CARTESIAN_POINT('Ctrl Pts',(136.418504125168,155.658829588396,0.));
#7970=CARTESIAN_POINT('Ctrl Pts',(136.061301663197,155.822038698731,0.));
#7971=CARTESIAN_POINT('Ctrl Pts',(135.749765258836,155.886548254193,0.));
#7972=CARTESIAN_POINT('Ctrl Pts',(135.514657649333,155.894930183745,0.));
#7973=CARTESIAN_POINT('',(137.536395364643,153.783030351365,0.));
#7974=CARTESIAN_POINT('Ctrl Pts',(137.536395364643,153.783030351365,0.));
#7975=CARTESIAN_POINT('Ctrl Pts',(137.538206353939,154.00992052305,0.));
#7976=CARTESIAN_POINT('Ctrl Pts',(137.491011651845,154.312814393298,0.));
#7977=CARTESIAN_POINT('Ctrl Pts',(137.353708918849,154.665773744742,0.));
#7978=CARTESIAN_POINT('Ctrl Pts',(137.248987490007,154.867442064282,0.));
#7979=CARTESIAN_POINT('Ctrl Pts',(137.144046628962,155.025085195495,0.));
#7980=CARTESIAN_POINT('Ctrl Pts',(137.061980985229,155.128997774635,0.));
#7981=CARTESIAN_POINT('Ctrl Pts',(137.018885718996,155.179231604289,0.));
#7982=CARTESIAN_POINT('Ctrl Pts',(136.993685124249,155.207428017033,0.));
#7983=CARTESIAN_POINT('Ctrl Pts',(136.980895679574,155.221354036817,0.));
#7984=CARTESIAN_POINT('Ctrl Pts',(136.974454504022,155.228273122066,0.));
#7985=CARTESIAN_POINT('',(137.5364,94.6645454661868,0.));
#7986=CARTESIAN_POINT('',(137.5364,103.826684505878,0.));
#7987=CARTESIAN_POINT('',(137.063602319967,92.5423990684929,0.));
#7988=CARTESIAN_POINT('Ctrl Pts',(137.063602319967,92.5423990684929,0.));
#7989=CARTESIAN_POINT('Ctrl Pts',(137.15202771253,92.731018927255,0.));
#7990=CARTESIAN_POINT('Ctrl Pts',(137.305911814336,93.121196954548,0.));
#7991=CARTESIAN_POINT('Ctrl Pts',(137.435259567889,93.6268009220773,0.));
#7992=CARTESIAN_POINT('Ctrl Pts',(137.500448323787,94.0394662919129,0.));
#7993=CARTESIAN_POINT('Ctrl Pts',(137.52497265921,94.2997371073483,0.));
#7994=CARTESIAN_POINT('Ctrl Pts',(137.533541207674,94.4821930678553,0.));
#7995=CARTESIAN_POINT('Ctrl Pts',(137.535990175717,94.5864359843592,0.));
#7996=CARTESIAN_POINT('Ctrl Pts',(137.536398344284,94.6385208662767,0.));
#7997=CARTESIAN_POINT('Ctrl Pts',(137.536399999793,94.6645454661854,0.));
#7998=CARTESIAN_POINT('',(130.221148075372,77.9452966829265,0.));
#7999=CARTESIAN_POINT('',(132.344535093472,82.475147611437,0.));
#8000=CARTESIAN_POINT('',(128.354752990319,75.8342331240437,0.));
#8001=CARTESIAN_POINT('Ctrl Pts',(128.354752990305,75.8342331240686,0.));
#8002=CARTESIAN_POINT('Ctrl Pts',(128.383440408369,75.8522662826407,0.));
#8003=CARTESIAN_POINT('Ctrl Pts',(128.440514788769,75.888971426377,0.));
#8004=CARTESIAN_POINT('Ctrl Pts',(128.553215289399,75.9646924447732,0.));
#8005=CARTESIAN_POINT('Ctrl Pts',(128.857654413424,76.1832928636519,0.));
#8006=CARTESIAN_POINT('Ctrl Pts',(129.522478561761,76.7709855907679,0.));
#8007=CARTESIAN_POINT('Ctrl Pts',(129.990996777855,77.4542792112428,0.));
#8008=CARTESIAN_POINT('Ctrl Pts',(130.221131869528,77.9452621096304,0.));
#8009=CARTESIAN_POINT('',(112.603260070326,65.9332747201287,0.));
#8010=CARTESIAN_POINT('',(111.173526834052,65.0345834422323,0.));
#8011=CARTESIAN_POINT('',(108.994048730685,65.2573063847743,0.));
#8012=CARTESIAN_POINT('Ctrl Pts',(108.994048730685,65.2573063847743,0.));
#8013=CARTESIAN_POINT('Ctrl Pts',(109.521412640714,65.1554282620958,0.));
#8014=CARTESIAN_POINT('Ctrl Pts',(110.246609220601,65.1340037625573,0.));
#8015=CARTESIAN_POINT('Ctrl Pts',(111.127753879303,65.2992405907153,0.));
#8016=CARTESIAN_POINT('Ctrl Pts',(111.642817473061,65.4542781013555,0.));
#8017=CARTESIAN_POINT('Ctrl Pts',(112.055709374789,65.6288578075983,0.));
#8018=CARTESIAN_POINT('Ctrl Pts',(112.333645580818,65.7737501280451,0.));
#8019=CARTESIAN_POINT('Ctrl Pts',(112.488949813708,65.862849084316,0.));
#8020=CARTESIAN_POINT('Ctrl Pts',(112.56537259645,65.9094619294029,0.));
#8021=CARTESIAN_POINT('Ctrl Pts',(112.603260070277,65.9332747202068,0.));
#8022=CARTESIAN_POINT('',(24.5877623925232,81.5630230648796,0.));
#8023=CARTESIAN_POINT('',(47.906304172701,77.0583166957667,0.));
#8024=CARTESIAN_POINT('',(20.5362999998494,86.4723129574894,0.));
#8025=CARTESIAN_POINT('Ctrl Pts',(20.5362999998494,86.4723129574894,0.));
#8026=CARTESIAN_POINT('Ctrl Pts',(20.5362829897633,85.4866266689169,0.));
#8027=CARTESIAN_POINT('Ctrl Pts',(21.2356634204448,83.1846231023402,0.));
#8028=CARTESIAN_POINT('Ctrl Pts',(23.2973928134946,81.8123437872332,0.));
#8029=CARTESIAN_POINT('Ctrl Pts',(24.5877623926503,81.5630230655238,0.));
#8030=CARTESIAN_POINT('',(20.5363000003634,135.447649563458,0.));
#8031=CARTESIAN_POINT('',(20.5363000002967,124.218257004065,0.));
#8032=CARTESIAN_POINT('',(22.6402928612526,139.523665879475,0.));
#8033=CARTESIAN_POINT('Ctrl Pts',(22.6402928612526,139.523665879475,0.));
#8034=CARTESIAN_POINT('Ctrl Pts',(21.900384949474,138.997950012721,0.));
#8035=CARTESIAN_POINT('Ctrl Pts',(20.8647301354696,137.717360424858,0.));
#8036=CARTESIAN_POINT('Ctrl Pts',(20.5362901904084,136.128413788921,0.));
#8037=CARTESIAN_POINT('Ctrl Pts',(20.5363000002076,135.447671179124,0.));
#8038=CARTESIAN_POINT('',(40.1484254505778,151.963617981563,0.));
#8039=CARTESIAN_POINT('',(43.8681614591989,154.606580475918,0.));
#8040=CARTESIAN_POINT('',(40.95696041223,152.431135656469,0.));
#8041=CARTESIAN_POINT('Ctrl Pts',(40.9569604122633,152.431135656396,0.));
#8042=CARTESIAN_POINT('Ctrl Pts',(40.9164980192282,152.412542570593,0.));
#8043=CARTESIAN_POINT('Ctrl Pts',(40.7958385598589,152.355134753702,0.));
#8044=CARTESIAN_POINT('Ctrl Pts',(40.5198061952627,152.209967689685,0.));
#8045=CARTESIAN_POINT('Ctrl Pts',(40.2936837084196,152.066832952459,0.));
#8046=CARTESIAN_POINT('Ctrl Pts',(40.1484560055347,151.963639692174,0.));
#8047=CARTESIAN_POINT('',(58.6050481752858,160.539775980331,0.));
#8048=CARTESIAN_POINT('',(58.0201718105636,160.271047031385,0.));
#8049=CARTESIAN_POINT('',(60.6925271535565,160.996300000651,0.));
#8050=CARTESIAN_POINT('Ctrl Pts',(60.6925271535565,160.996300000651,0.));
#8051=CARTESIAN_POINT('Ctrl Pts',(60.3854826888551,160.99631104258,0.));
#8052=CARTESIAN_POINT('Ctrl Pts',(59.8714536543404,160.948720477667,0.));
#8053=CARTESIAN_POINT('Ctrl Pts',(59.2747933066499,160.798777897845,0.));
#8054=CARTESIAN_POINT('Ctrl Pts',(58.935326962772,160.679398986105,0.));
#8055=CARTESIAN_POINT('Ctrl Pts',(58.7690241434676,160.61207266236,0.));
#8056=CARTESIAN_POINT('Ctrl Pts',(58.6749501632977,160.57145793968,0.));
#8057=CARTESIAN_POINT('Ctrl Pts',(58.6282843106468,160.550450185479,0.));
#8058=CARTESIAN_POINT('Ctrl Pts',(58.605048175387,160.539775980111,0.));
#8059=CARTESIAN_POINT('',(77.7053834478255,160.996299999863,0.));
#8060=CARTESIAN_POINT('',(78.3707823116725,160.99629999987,0.));
#8061=CARTESIAN_POINT('',(80.2778946805784,160.283783949842,0.));
#8062=CARTESIAN_POINT('Ctrl Pts',(80.2778946805508,160.2837839498,0.));
#8063=CARTESIAN_POINT('Ctrl Pts',(80.2504005255687,160.300279790934,0.));
#8064=CARTESIAN_POINT('Ctrl Pts',(80.1950252516789,160.332773305202,0.));
#8065=CARTESIAN_POINT('Ctrl Pts',(80.0830126321458,160.395666591654,0.));
#8066=CARTESIAN_POINT('Ctrl Pts',(79.7689609078458,160.560052065843,0.));
#8067=CARTESIAN_POINT('Ctrl Pts',(78.9917683639705,160.876294069688,0.));
#8068=CARTESIAN_POINT('Ctrl Pts',(78.2185260319725,160.996305227347,0.));
#8069=CARTESIAN_POINT('Ctrl Pts',(77.7053987282154,160.996300000152,0.));
#8070=CARTESIAN_POINT('',(93.7323236724716,152.210822279664,0.));
#8071=CARTESIAN_POINT('',(131.6302,93.7949,0.));
#8072=CARTESIAN_POINT('',(131.888728,93.51273,0.));
#8073=CARTESIAN_POINT('Ctrl Pts',(131.6302,93.7949,0.));
#8074=CARTESIAN_POINT('Ctrl Pts',(131.750385,93.738849,0.));
#8075=CARTESIAN_POINT('Ctrl Pts',(131.843381,93.637349,0.));
#8076=CARTESIAN_POINT('Ctrl Pts',(131.888728,93.51273,0.));
#8077=CARTESIAN_POINT('',(119.9388,99.2466,0.));
#8078=CARTESIAN_POINT('',(119.9388,99.2466,0.));
#8079=CARTESIAN_POINT('',(119.55647,99.263328,0.));
#8080=CARTESIAN_POINT('Ctrl Pts',(119.55647,99.263328,0.));
#8081=CARTESIAN_POINT('Ctrl Pts',(119.681089,99.308674,0.));
#8082=CARTESIAN_POINT('Ctrl Pts',(119.818618,99.302657,0.));
#8083=CARTESIAN_POINT('Ctrl Pts',(119.9388,99.2466,0.));
#8084=CARTESIAN_POINT('',(119.2743,99.0048,0.));
#8085=CARTESIAN_POINT('Ctrl Pts',(119.2743,99.0048,0.));
#8086=CARTESIAN_POINT('Ctrl Pts',(119.330351,99.124985,0.));
#8087=CARTESIAN_POINT('Ctrl Pts',(119.431851,99.217981,0.));
#8088=CARTESIAN_POINT('Ctrl Pts',(119.55647,99.263328,0.));
#8089=CARTESIAN_POINT('',(113.8226,87.3134,0.));
#8090=CARTESIAN_POINT('',(113.8226,87.3134,0.));
#8091=CARTESIAN_POINT('',(113.805872,86.93107,0.));
#8092=CARTESIAN_POINT('Ctrl Pts',(113.805872,86.93107,0.));
#8093=CARTESIAN_POINT('Ctrl Pts',(113.760526,87.055689,0.));
#8094=CARTESIAN_POINT('Ctrl Pts',(113.766543,87.193218,0.));
#8095=CARTESIAN_POINT('Ctrl Pts',(113.8226,87.3134,0.));
#8096=CARTESIAN_POINT('',(114.0644,86.6489,0.));
#8097=CARTESIAN_POINT('Ctrl Pts',(114.0644,86.6489,0.));
#8098=CARTESIAN_POINT('Ctrl Pts',(113.944215,86.704951,0.));
#8099=CARTESIAN_POINT('Ctrl Pts',(113.851219,86.806451,0.));
#8100=CARTESIAN_POINT('Ctrl Pts',(113.805872,86.93107,0.));
#8101=CARTESIAN_POINT('',(125.7558,81.1972,0.));
#8102=CARTESIAN_POINT('',(125.7558,81.1972,0.));
#8103=CARTESIAN_POINT('',(126.13813,81.180472,0.));
#8104=CARTESIAN_POINT('Ctrl Pts',(126.13813,81.180472,0.));
#8105=CARTESIAN_POINT('Ctrl Pts',(126.013511,81.135126,0.));
#8106=CARTESIAN_POINT('Ctrl Pts',(125.875982,81.141143,0.));
#8107=CARTESIAN_POINT('Ctrl Pts',(125.7558,81.1972,0.));
#8108=CARTESIAN_POINT('',(126.4203,81.439,0.));
#8109=CARTESIAN_POINT('Ctrl Pts',(126.4203,81.439,0.));
#8110=CARTESIAN_POINT('Ctrl Pts',(126.364249,81.318815,0.));
#8111=CARTESIAN_POINT('Ctrl Pts',(126.262749,81.225819,0.));
#8112=CARTESIAN_POINT('Ctrl Pts',(126.13813,81.180472,0.));
#8113=CARTESIAN_POINT('',(131.872,93.1304,0.));
#8114=CARTESIAN_POINT('',(131.872,93.1304,0.));
#8115=CARTESIAN_POINT('Ctrl Pts',(131.888728,93.51273,0.));
#8116=CARTESIAN_POINT('Ctrl Pts',(131.934074,93.388111,0.));
#8117=CARTESIAN_POINT('Ctrl Pts',(131.928057,93.250582,0.));
#8118=CARTESIAN_POINT('Ctrl Pts',(131.872,93.1304,0.));
#8119=CARTESIAN_POINT('',(93.1644,149.8478,0.));
#8120=CARTESIAN_POINT('',(93.517953,149.701353,0.));
#8121=CARTESIAN_POINT('Ctrl Pts',(93.1644,149.8478,0.));
#8122=CARTESIAN_POINT('Ctrl Pts',(93.297008,149.8478,0.));
#8123=CARTESIAN_POINT('Ctrl Pts',(93.424185,149.795122,0.));
#8124=CARTESIAN_POINT('Ctrl Pts',(93.517953,149.701353,0.));
#8125=CARTESIAN_POINT('',(80.2644,149.8478,0.));
#8126=CARTESIAN_POINT('',(80.2644,149.8478,0.));
#8127=CARTESIAN_POINT('',(79.910847,149.701353,0.));
#8128=CARTESIAN_POINT('Ctrl Pts',(79.910847,149.701353,0.));
#8129=CARTESIAN_POINT('Ctrl Pts',(80.004615,149.795122,0.));
#8130=CARTESIAN_POINT('Ctrl Pts',(80.131792,149.8478,0.));
#8131=CARTESIAN_POINT('Ctrl Pts',(80.2644,149.8478,0.));
#8132=CARTESIAN_POINT('',(79.7644,149.3478,0.));
#8133=CARTESIAN_POINT('Ctrl Pts',(79.7644,149.3478,0.));
#8134=CARTESIAN_POINT('Ctrl Pts',(79.7644,149.480408,0.));
#8135=CARTESIAN_POINT('Ctrl Pts',(79.817078,149.607585,0.));
#8136=CARTESIAN_POINT('Ctrl Pts',(79.910847,149.701353,0.));
#8137=CARTESIAN_POINT('',(79.7644,136.4478,0.));
#8138=CARTESIAN_POINT('',(79.7644,136.4478,0.));
#8139=CARTESIAN_POINT('',(79.910847,136.094247,0.));
#8140=CARTESIAN_POINT('Ctrl Pts',(79.910847,136.094247,0.));
#8141=CARTESIAN_POINT('Ctrl Pts',(79.817078,136.188015,0.));
#8142=CARTESIAN_POINT('Ctrl Pts',(79.7644,136.315192,0.));
#8143=CARTESIAN_POINT('Ctrl Pts',(79.7644,136.4478,0.));
#8144=CARTESIAN_POINT('',(80.2644,135.9478,0.));
#8145=CARTESIAN_POINT('Ctrl Pts',(80.2644,135.9478,0.));
#8146=CARTESIAN_POINT('Ctrl Pts',(80.131792,135.9478,0.));
#8147=CARTESIAN_POINT('Ctrl Pts',(80.004615,136.000478,0.));
#8148=CARTESIAN_POINT('Ctrl Pts',(79.910847,136.094247,0.));
#8149=CARTESIAN_POINT('',(93.1644,135.9478,0.));
#8150=CARTESIAN_POINT('',(93.1644,135.9478,0.));
#8151=CARTESIAN_POINT('',(93.517953,136.094247,0.));
#8152=CARTESIAN_POINT('Ctrl Pts',(93.517953,136.094247,0.));
#8153=CARTESIAN_POINT('Ctrl Pts',(93.424185,136.000478,0.));
#8154=CARTESIAN_POINT('Ctrl Pts',(93.297008,135.9478,0.));
#8155=CARTESIAN_POINT('Ctrl Pts',(93.1644,135.9478,0.));
#8156=CARTESIAN_POINT('',(93.6644,136.4478,0.));
#8157=CARTESIAN_POINT('Ctrl Pts',(93.6644,136.4478,0.));
#8158=CARTESIAN_POINT('Ctrl Pts',(93.6644,136.315192,0.));
#8159=CARTESIAN_POINT('Ctrl Pts',(93.611722,136.188015,0.));
#8160=CARTESIAN_POINT('Ctrl Pts',(93.517953,136.094247,0.));
#8161=CARTESIAN_POINT('',(93.6644,149.3478,0.));
#8162=CARTESIAN_POINT('',(93.6644,149.3478,0.));
#8163=CARTESIAN_POINT('Ctrl Pts',(93.517953,149.701353,0.));
#8164=CARTESIAN_POINT('Ctrl Pts',(93.611722,149.607585,0.));
#8165=CARTESIAN_POINT('Ctrl Pts',(93.6644,149.480408,0.));
#8166=CARTESIAN_POINT('Ctrl Pts',(93.6644,149.3478,0.));
#8167=CARTESIAN_POINT('',(80.0317,91.1865,0.));
#8168=CARTESIAN_POINT('',(80.6109,91.592,0.));
#8169=CARTESIAN_POINT('Ctrl Pts',(80.0317,91.1865,0.));
#8170=CARTESIAN_POINT('Ctrl Pts',(80.07969,91.458402,0.));
#8171=CARTESIAN_POINT('Ctrl Pts',(80.338989,91.639938,0.));
#8172=CARTESIAN_POINT('Ctrl Pts',(80.6109,91.592,0.));
#8173=CARTESIAN_POINT('',(77.7917,78.4824,0.));
#8174=CARTESIAN_POINT('',(77.7917,78.4824,0.));
#8175=CARTESIAN_POINT('',(78.1972,77.9032,0.));
#8176=CARTESIAN_POINT('Ctrl Pts',(78.1972,77.9032,0.));
#8177=CARTESIAN_POINT('Ctrl Pts',(77.925298,77.95119,0.));
#8178=CARTESIAN_POINT('Ctrl Pts',(77.743762,78.210489,0.));
#8179=CARTESIAN_POINT('Ctrl Pts',(77.7917,78.4824,0.));
#8180=CARTESIAN_POINT('',(90.9013,75.6632,0.));
#8181=CARTESIAN_POINT('',(90.9013,75.6632,0.));
#8182=CARTESIAN_POINT('',(91.4805,76.0687,0.));
#8183=CARTESIAN_POINT('Ctrl Pts',(91.4805,76.0687,0.));
#8184=CARTESIAN_POINT('Ctrl Pts',(91.43251,75.796798,0.));
#8185=CARTESIAN_POINT('Ctrl Pts',(91.173211,75.615262,0.));
#8186=CARTESIAN_POINT('Ctrl Pts',(90.9013,75.6632,0.));
#8187=CARTESIAN_POINT('',(93.7205,88.7728,0.));
#8188=CARTESIAN_POINT('',(93.7205,88.7728,0.));
#8189=CARTESIAN_POINT('',(93.315,89.352,0.));
#8190=CARTESIAN_POINT('Ctrl Pts',(93.315,89.352,0.));
#8191=CARTESIAN_POINT('Ctrl Pts',(93.586902,89.30401,0.));
#8192=CARTESIAN_POINT('Ctrl Pts',(93.768438,89.044711,0.));
#8193=CARTESIAN_POINT('Ctrl Pts',(93.7205,88.7728,0.));
#8194=CARTESIAN_POINT('',(80.6109,91.592,0.));
#8195=CARTESIAN_POINT('',(111.1644,107.6928,0.));
#8196=CARTESIAN_POINT('',(111.517953,107.546353,0.));
#8197=CARTESIAN_POINT('Ctrl Pts',(111.1644,107.6928,0.));
#8198=CARTESIAN_POINT('Ctrl Pts',(111.297008,107.6928,0.));
#8199=CARTESIAN_POINT('Ctrl Pts',(111.424185,107.640122,0.));
#8200=CARTESIAN_POINT('Ctrl Pts',(111.517953,107.546353,0.));
#8201=CARTESIAN_POINT('',(98.2644,107.6928,0.));
#8202=CARTESIAN_POINT('',(98.2644,107.6928,0.));
#8203=CARTESIAN_POINT('',(97.910847,107.546353,0.));
#8204=CARTESIAN_POINT('Ctrl Pts',(97.910847,107.546353,0.));
#8205=CARTESIAN_POINT('Ctrl Pts',(98.004615,107.640122,0.));
#8206=CARTESIAN_POINT('Ctrl Pts',(98.131792,107.6928,0.));
#8207=CARTESIAN_POINT('Ctrl Pts',(98.2644,107.6928,0.));
#8208=CARTESIAN_POINT('',(97.7644,107.1928,0.));
#8209=CARTESIAN_POINT('Ctrl Pts',(97.7644,107.1928,0.));
#8210=CARTESIAN_POINT('Ctrl Pts',(97.7644,107.325408,0.));
#8211=CARTESIAN_POINT('Ctrl Pts',(97.817078,107.452585,0.));
#8212=CARTESIAN_POINT('Ctrl Pts',(97.910847,107.546353,0.));
#8213=CARTESIAN_POINT('',(97.7644,94.2928,0.));
#8214=CARTESIAN_POINT('',(97.7644,94.2928,0.));
#8215=CARTESIAN_POINT('',(97.910847,93.939247,0.));
#8216=CARTESIAN_POINT('Ctrl Pts',(97.910847,93.939247,0.));
#8217=CARTESIAN_POINT('Ctrl Pts',(97.817078,94.033015,0.));
#8218=CARTESIAN_POINT('Ctrl Pts',(97.7644,94.160192,0.));
#8219=CARTESIAN_POINT('Ctrl Pts',(97.7644,94.2928,0.));
#8220=CARTESIAN_POINT('',(98.2644,93.7928,0.));
#8221=CARTESIAN_POINT('Ctrl Pts',(98.2644,93.7928,0.));
#8222=CARTESIAN_POINT('Ctrl Pts',(98.131792,93.7928,0.));
#8223=CARTESIAN_POINT('Ctrl Pts',(98.004615,93.845478,0.));
#8224=CARTESIAN_POINT('Ctrl Pts',(97.910847,93.939247,0.));
#8225=CARTESIAN_POINT('',(111.1644,93.7928,0.));
#8226=CARTESIAN_POINT('',(111.1644,93.7928,0.));
#8227=CARTESIAN_POINT('',(111.517953,93.939247,0.));
#8228=CARTESIAN_POINT('Ctrl Pts',(111.517953,93.939247,0.));
#8229=CARTESIAN_POINT('Ctrl Pts',(111.424185,93.845478,0.));
#8230=CARTESIAN_POINT('Ctrl Pts',(111.297008,93.7928,0.));
#8231=CARTESIAN_POINT('Ctrl Pts',(111.1644,93.7928,0.));
#8232=CARTESIAN_POINT('',(111.6644,94.2928,0.));
#8233=CARTESIAN_POINT('Ctrl Pts',(111.6644,94.2928,0.));
#8234=CARTESIAN_POINT('Ctrl Pts',(111.6644,94.160192,0.));
#8235=CARTESIAN_POINT('Ctrl Pts',(111.611722,94.033015,0.));
#8236=CARTESIAN_POINT('Ctrl Pts',(111.517953,93.939247,0.));
#8237=CARTESIAN_POINT('',(111.6644,107.1928,0.));
#8238=CARTESIAN_POINT('',(111.6644,107.1928,0.));
#8239=CARTESIAN_POINT('Ctrl Pts',(111.517953,107.546353,0.));
#8240=CARTESIAN_POINT('Ctrl Pts',(111.611722,107.452585,0.));
#8241=CARTESIAN_POINT('Ctrl Pts',(111.6644,107.325408,0.));
#8242=CARTESIAN_POINT('Ctrl Pts',(111.6644,107.1928,0.));
#8243=CARTESIAN_POINT('',(39.1644,100.8478,0.));
#8244=CARTESIAN_POINT('',(39.517953,100.701353,0.));
#8245=CARTESIAN_POINT('Ctrl Pts',(39.1644,100.8478,0.));
#8246=CARTESIAN_POINT('Ctrl Pts',(39.297008,100.8478,0.));
#8247=CARTESIAN_POINT('Ctrl Pts',(39.424185,100.795122,0.));
#8248=CARTESIAN_POINT('Ctrl Pts',(39.517953,100.701353,0.));
#8249=CARTESIAN_POINT('',(26.2644,100.8478,0.));
#8250=CARTESIAN_POINT('',(26.2644,100.8478,0.));
#8251=CARTESIAN_POINT('',(25.910847,100.701353,0.));
#8252=CARTESIAN_POINT('Ctrl Pts',(25.910847,100.701353,0.));
#8253=CARTESIAN_POINT('Ctrl Pts',(26.004615,100.795122,0.));
#8254=CARTESIAN_POINT('Ctrl Pts',(26.131792,100.8478,0.));
#8255=CARTESIAN_POINT('Ctrl Pts',(26.2644,100.8478,0.));
#8256=CARTESIAN_POINT('',(25.7644,100.3478,0.));
#8257=CARTESIAN_POINT('Ctrl Pts',(25.7644,100.3478,0.));
#8258=CARTESIAN_POINT('Ctrl Pts',(25.7644,100.480408,0.));
#8259=CARTESIAN_POINT('Ctrl Pts',(25.817078,100.607585,0.));
#8260=CARTESIAN_POINT('Ctrl Pts',(25.910847,100.701353,0.));
#8261=CARTESIAN_POINT('',(25.7644,87.4478,0.));
#8262=CARTESIAN_POINT('',(25.7644,87.4478,0.));
#8263=CARTESIAN_POINT('',(25.910847,87.094247,0.));
#8264=CARTESIAN_POINT('Ctrl Pts',(25.910847,87.094247,0.));
#8265=CARTESIAN_POINT('Ctrl Pts',(25.817078,87.188015,0.));
#8266=CARTESIAN_POINT('Ctrl Pts',(25.7644,87.315192,0.));
#8267=CARTESIAN_POINT('Ctrl Pts',(25.7644,87.4478,0.));
#8268=CARTESIAN_POINT('',(26.2644,86.9478,0.));
#8269=CARTESIAN_POINT('Ctrl Pts',(26.2644,86.9478,0.));
#8270=CARTESIAN_POINT('Ctrl Pts',(26.131792,86.9478,0.));
#8271=CARTESIAN_POINT('Ctrl Pts',(26.004615,87.000478,0.));
#8272=CARTESIAN_POINT('Ctrl Pts',(25.910847,87.094247,0.));
#8273=CARTESIAN_POINT('',(39.1644,86.9478,0.));
#8274=CARTESIAN_POINT('',(39.1644,86.9478,0.));
#8275=CARTESIAN_POINT('',(39.517953,87.094247,0.));
#8276=CARTESIAN_POINT('Ctrl Pts',(39.517953,87.094247,0.));
#8277=CARTESIAN_POINT('Ctrl Pts',(39.424185,87.000478,0.));
#8278=CARTESIAN_POINT('Ctrl Pts',(39.297008,86.9478,0.));
#8279=CARTESIAN_POINT('Ctrl Pts',(39.1644,86.9478,0.));
#8280=CARTESIAN_POINT('',(39.6644,87.4478,0.));
#8281=CARTESIAN_POINT('Ctrl Pts',(39.6644,87.4478,0.));
#8282=CARTESIAN_POINT('Ctrl Pts',(39.6644,87.315192,0.));
#8283=CARTESIAN_POINT('Ctrl Pts',(39.611722,87.188015,0.));
#8284=CARTESIAN_POINT('Ctrl Pts',(39.517953,87.094247,0.));
#8285=CARTESIAN_POINT('',(39.6644,100.3478,0.));
#8286=CARTESIAN_POINT('',(39.6644,100.3478,0.));
#8287=CARTESIAN_POINT('Ctrl Pts',(39.517953,100.701353,0.));
#8288=CARTESIAN_POINT('Ctrl Pts',(39.611722,100.607585,0.));
#8289=CARTESIAN_POINT('Ctrl Pts',(39.6644,100.480408,0.));
#8290=CARTESIAN_POINT('Ctrl Pts',(39.6644,100.3478,0.));
#8291=CARTESIAN_POINT('',(70.4644,101.897767852242,0.));
#8292=CARTESIAN_POINT('Origin',(71.7144,101.897767852242,0.));
#8293=CARTESIAN_POINT('',(128.249967855901,104.107183926121,0.));
#8294=CARTESIAN_POINT('Origin',(129.499967855901,104.107183926121,0.));
#8295=CARTESIAN_POINT('',(75.1644,122.3478,0.));
#8296=CARTESIAN_POINT('',(75.517953,122.201353,0.));
#8297=CARTESIAN_POINT('Ctrl Pts',(75.1644,122.3478,0.));
#8298=CARTESIAN_POINT('Ctrl Pts',(75.297008,122.3478,0.));
#8299=CARTESIAN_POINT('Ctrl Pts',(75.424185,122.295122,0.));
#8300=CARTESIAN_POINT('Ctrl Pts',(75.517953,122.201353,0.));
#8301=CARTESIAN_POINT('',(62.2644,122.3478,0.));
#8302=CARTESIAN_POINT('',(62.2644,122.3478,0.));
#8303=CARTESIAN_POINT('',(61.910847,122.201353,0.));
#8304=CARTESIAN_POINT('Ctrl Pts',(61.910847,122.201353,0.));
#8305=CARTESIAN_POINT('Ctrl Pts',(62.004615,122.295122,0.));
#8306=CARTESIAN_POINT('Ctrl Pts',(62.131792,122.3478,0.));
#8307=CARTESIAN_POINT('Ctrl Pts',(62.2644,122.3478,0.));
#8308=CARTESIAN_POINT('',(61.7644,121.8478,0.));
#8309=CARTESIAN_POINT('Ctrl Pts',(61.7644,121.8478,0.));
#8310=CARTESIAN_POINT('Ctrl Pts',(61.7644,121.980408,0.));
#8311=CARTESIAN_POINT('Ctrl Pts',(61.817078,122.107585,0.));
#8312=CARTESIAN_POINT('Ctrl Pts',(61.910847,122.201353,0.));
#8313=CARTESIAN_POINT('',(61.7644,108.9478,0.));
#8314=CARTESIAN_POINT('',(61.7644,108.9478,0.));
#8315=CARTESIAN_POINT('',(61.910847,108.594247,0.));
#8316=CARTESIAN_POINT('Ctrl Pts',(61.910847,108.594247,0.));
#8317=CARTESIAN_POINT('Ctrl Pts',(61.817078,108.688015,0.));
#8318=CARTESIAN_POINT('Ctrl Pts',(61.7644,108.815192,0.));
#8319=CARTESIAN_POINT('Ctrl Pts',(61.7644,108.9478,0.));
#8320=CARTESIAN_POINT('',(62.2644,108.4478,0.));
#8321=CARTESIAN_POINT('Ctrl Pts',(62.2644,108.4478,0.));
#8322=CARTESIAN_POINT('Ctrl Pts',(62.131792,108.4478,0.));
#8323=CARTESIAN_POINT('Ctrl Pts',(62.004615,108.500478,0.));
#8324=CARTESIAN_POINT('Ctrl Pts',(61.910847,108.594247,0.));
#8325=CARTESIAN_POINT('',(75.1644,108.4478,0.));
#8326=CARTESIAN_POINT('',(75.1644,108.4478,0.));
#8327=CARTESIAN_POINT('',(75.517953,108.594247,0.));
#8328=CARTESIAN_POINT('Ctrl Pts',(75.517953,108.594247,0.));
#8329=CARTESIAN_POINT('Ctrl Pts',(75.424185,108.500478,0.));
#8330=CARTESIAN_POINT('Ctrl Pts',(75.297008,108.4478,0.));
#8331=CARTESIAN_POINT('Ctrl Pts',(75.1644,108.4478,0.));
#8332=CARTESIAN_POINT('',(75.6644,108.9478,0.));
#8333=CARTESIAN_POINT('Ctrl Pts',(75.6644,108.9478,0.));
#8334=CARTESIAN_POINT('Ctrl Pts',(75.6644,108.815192,0.));
#8335=CARTESIAN_POINT('Ctrl Pts',(75.611722,108.688015,0.));
#8336=CARTESIAN_POINT('Ctrl Pts',(75.517953,108.594247,0.));
#8337=CARTESIAN_POINT('',(75.6644,121.8478,0.));
#8338=CARTESIAN_POINT('',(75.6644,121.8478,0.));
#8339=CARTESIAN_POINT('Ctrl Pts',(75.517953,122.201353,0.));
#8340=CARTESIAN_POINT('Ctrl Pts',(75.611722,122.107585,0.));
#8341=CARTESIAN_POINT('Ctrl Pts',(75.6644,121.980408,0.));
#8342=CARTESIAN_POINT('Ctrl Pts',(75.6644,121.8478,0.));
#8343=CARTESIAN_POINT('',(111.1644,124.6928,0.));
#8344=CARTESIAN_POINT('',(111.517953,124.546353,0.));
#8345=CARTESIAN_POINT('Ctrl Pts',(111.1644,124.6928,0.));
#8346=CARTESIAN_POINT('Ctrl Pts',(111.297008,124.6928,0.));
#8347=CARTESIAN_POINT('Ctrl Pts',(111.424185,124.640122,0.));
#8348=CARTESIAN_POINT('Ctrl Pts',(111.517953,124.546353,0.));
#8349=CARTESIAN_POINT('',(98.2644,124.6928,0.));
#8350=CARTESIAN_POINT('',(98.2644,124.6928,0.));
#8351=CARTESIAN_POINT('',(97.910847,124.546353,0.));
#8352=CARTESIAN_POINT('Ctrl Pts',(97.910847,124.546353,0.));
#8353=CARTESIAN_POINT('Ctrl Pts',(98.004615,124.640122,0.));
#8354=CARTESIAN_POINT('Ctrl Pts',(98.131792,124.6928,0.));
#8355=CARTESIAN_POINT('Ctrl Pts',(98.2644,124.6928,0.));
#8356=CARTESIAN_POINT('',(97.7644,124.1928,0.));
#8357=CARTESIAN_POINT('Ctrl Pts',(97.7644,124.1928,0.));
#8358=CARTESIAN_POINT('Ctrl Pts',(97.7644,124.325408,0.));
#8359=CARTESIAN_POINT('Ctrl Pts',(97.817078,124.452585,0.));
#8360=CARTESIAN_POINT('Ctrl Pts',(97.910847,124.546353,0.));
#8361=CARTESIAN_POINT('',(97.7644,111.2928,0.));
#8362=CARTESIAN_POINT('',(97.7644,111.2928,0.));
#8363=CARTESIAN_POINT('',(97.910847,110.939247,0.));
#8364=CARTESIAN_POINT('Ctrl Pts',(97.910847,110.939247,0.));
#8365=CARTESIAN_POINT('Ctrl Pts',(97.817078,111.033015,0.));
#8366=CARTESIAN_POINT('Ctrl Pts',(97.7644,111.160192,0.));
#8367=CARTESIAN_POINT('Ctrl Pts',(97.7644,111.2928,0.));
#8368=CARTESIAN_POINT('',(98.2644,110.7928,0.));
#8369=CARTESIAN_POINT('Ctrl Pts',(98.2644,110.7928,0.));
#8370=CARTESIAN_POINT('Ctrl Pts',(98.131792,110.7928,0.));
#8371=CARTESIAN_POINT('Ctrl Pts',(98.004615,110.845478,0.));
#8372=CARTESIAN_POINT('Ctrl Pts',(97.910847,110.939247,0.));
#8373=CARTESIAN_POINT('',(111.1644,110.7928,0.));
#8374=CARTESIAN_POINT('',(111.1644,110.7928,0.));
#8375=CARTESIAN_POINT('',(111.517953,110.939247,0.));
#8376=CARTESIAN_POINT('Ctrl Pts',(111.517953,110.939247,0.));
#8377=CARTESIAN_POINT('Ctrl Pts',(111.424185,110.845478,0.));
#8378=CARTESIAN_POINT('Ctrl Pts',(111.297008,110.7928,0.));
#8379=CARTESIAN_POINT('Ctrl Pts',(111.1644,110.7928,0.));
#8380=CARTESIAN_POINT('',(111.6644,111.2928,0.));
#8381=CARTESIAN_POINT('Ctrl Pts',(111.6644,111.2928,0.));
#8382=CARTESIAN_POINT('Ctrl Pts',(111.6644,111.160192,0.));
#8383=CARTESIAN_POINT('Ctrl Pts',(111.611722,111.033015,0.));
#8384=CARTESIAN_POINT('Ctrl Pts',(111.517953,110.939247,0.));
#8385=CARTESIAN_POINT('',(111.6644,124.1928,0.));
#8386=CARTESIAN_POINT('',(111.6644,124.1928,0.));
#8387=CARTESIAN_POINT('Ctrl Pts',(111.517953,124.546353,0.));
#8388=CARTESIAN_POINT('Ctrl Pts',(111.611722,124.452585,0.));
#8389=CARTESIAN_POINT('Ctrl Pts',(111.6644,124.325408,0.));
#8390=CARTESIAN_POINT('Ctrl Pts',(111.6644,124.1928,0.));
#8391=CARTESIAN_POINT('',(57.1644,147.8478,0.));
#8392=CARTESIAN_POINT('',(57.517953,147.701353,0.));
#8393=CARTESIAN_POINT('Ctrl Pts',(57.1644,147.8478,0.));
#8394=CARTESIAN_POINT('Ctrl Pts',(57.297008,147.8478,0.));
#8395=CARTESIAN_POINT('Ctrl Pts',(57.424185,147.795122,0.));
#8396=CARTESIAN_POINT('Ctrl Pts',(57.517953,147.701353,0.));
#8397=CARTESIAN_POINT('',(44.2644,147.8478,0.));
#8398=CARTESIAN_POINT('',(44.2644,147.8478,0.));
#8399=CARTESIAN_POINT('',(43.910847,147.701353,0.));
#8400=CARTESIAN_POINT('Ctrl Pts',(43.910847,147.701353,0.));
#8401=CARTESIAN_POINT('Ctrl Pts',(44.004615,147.795122,0.));
#8402=CARTESIAN_POINT('Ctrl Pts',(44.131792,147.8478,0.));
#8403=CARTESIAN_POINT('Ctrl Pts',(44.2644,147.8478,0.));
#8404=CARTESIAN_POINT('',(43.7644,147.3478,0.));
#8405=CARTESIAN_POINT('Ctrl Pts',(43.7644,147.3478,0.));
#8406=CARTESIAN_POINT('Ctrl Pts',(43.7644,147.480408,0.));
#8407=CARTESIAN_POINT('Ctrl Pts',(43.817078,147.607585,0.));
#8408=CARTESIAN_POINT('Ctrl Pts',(43.910847,147.701353,0.));
#8409=CARTESIAN_POINT('',(43.7644,134.4478,0.));
#8410=CARTESIAN_POINT('',(43.7644,134.4478,0.));
#8411=CARTESIAN_POINT('',(43.910847,134.094247,0.));
#8412=CARTESIAN_POINT('Ctrl Pts',(43.910847,134.094247,0.));
#8413=CARTESIAN_POINT('Ctrl Pts',(43.817078,134.188015,0.));
#8414=CARTESIAN_POINT('Ctrl Pts',(43.7644,134.315192,0.));
#8415=CARTESIAN_POINT('Ctrl Pts',(43.7644,134.4478,0.));
#8416=CARTESIAN_POINT('',(44.2644,133.9478,0.));
#8417=CARTESIAN_POINT('Ctrl Pts',(44.2644,133.9478,0.));
#8418=CARTESIAN_POINT('Ctrl Pts',(44.131792,133.9478,0.));
#8419=CARTESIAN_POINT('Ctrl Pts',(44.004615,134.000478,0.));
#8420=CARTESIAN_POINT('Ctrl Pts',(43.910847,134.094247,0.));
#8421=CARTESIAN_POINT('',(57.1644,133.9478,0.));
#8422=CARTESIAN_POINT('',(57.1644,133.9478,0.));
#8423=CARTESIAN_POINT('',(57.517953,134.094247,0.));
#8424=CARTESIAN_POINT('Ctrl Pts',(57.517953,134.094247,0.));
#8425=CARTESIAN_POINT('Ctrl Pts',(57.424185,134.000478,0.));
#8426=CARTESIAN_POINT('Ctrl Pts',(57.297008,133.9478,0.));
#8427=CARTESIAN_POINT('Ctrl Pts',(57.1644,133.9478,0.));
#8428=CARTESIAN_POINT('',(57.6644,134.4478,0.));
#8429=CARTESIAN_POINT('Ctrl Pts',(57.6644,134.4478,0.));
#8430=CARTESIAN_POINT('Ctrl Pts',(57.6644,134.315192,0.));
#8431=CARTESIAN_POINT('Ctrl Pts',(57.611722,134.188015,0.));
#8432=CARTESIAN_POINT('Ctrl Pts',(57.517953,134.094247,0.));
#8433=CARTESIAN_POINT('',(57.6644,147.3478,0.));
#8434=CARTESIAN_POINT('',(57.6644,147.3478,0.));
#8435=CARTESIAN_POINT('Ctrl Pts',(57.517953,147.701353,0.));
#8436=CARTESIAN_POINT('Ctrl Pts',(57.611722,147.607585,0.));
#8437=CARTESIAN_POINT('Ctrl Pts',(57.6644,147.480408,0.));
#8438=CARTESIAN_POINT('Ctrl Pts',(57.6644,147.3478,0.));
#8439=CARTESIAN_POINT('',(57.1644,113.8478,0.));
#8440=CARTESIAN_POINT('',(57.517953,113.701353,0.));
#8441=CARTESIAN_POINT('Ctrl Pts',(57.1644,113.8478,0.));
#8442=CARTESIAN_POINT('Ctrl Pts',(57.297008,113.8478,0.));
#8443=CARTESIAN_POINT('Ctrl Pts',(57.424185,113.795122,0.));
#8444=CARTESIAN_POINT('Ctrl Pts',(57.517953,113.701353,0.));
#8445=CARTESIAN_POINT('',(44.2644,113.8478,0.));
#8446=CARTESIAN_POINT('',(44.2644,113.8478,0.));
#8447=CARTESIAN_POINT('',(43.910847,113.701353,0.));
#8448=CARTESIAN_POINT('Ctrl Pts',(43.910847,113.701353,0.));
#8449=CARTESIAN_POINT('Ctrl Pts',(44.004615,113.795122,0.));
#8450=CARTESIAN_POINT('Ctrl Pts',(44.131792,113.8478,0.));
#8451=CARTESIAN_POINT('Ctrl Pts',(44.2644,113.8478,0.));
#8452=CARTESIAN_POINT('',(43.7644,113.3478,0.));
#8453=CARTESIAN_POINT('Ctrl Pts',(43.7644,113.3478,0.));
#8454=CARTESIAN_POINT('Ctrl Pts',(43.7644,113.480408,0.));
#8455=CARTESIAN_POINT('Ctrl Pts',(43.817078,113.607585,0.));
#8456=CARTESIAN_POINT('Ctrl Pts',(43.910847,113.701353,0.));
#8457=CARTESIAN_POINT('',(43.7644,100.4478,0.));
#8458=CARTESIAN_POINT('',(43.7644,100.4478,0.));
#8459=CARTESIAN_POINT('',(43.910847,100.094247,0.));
#8460=CARTESIAN_POINT('Ctrl Pts',(43.910847,100.094247,0.));
#8461=CARTESIAN_POINT('Ctrl Pts',(43.817078,100.188015,0.));
#8462=CARTESIAN_POINT('Ctrl Pts',(43.7644,100.315192,0.));
#8463=CARTESIAN_POINT('Ctrl Pts',(43.7644,100.4478,0.));
#8464=CARTESIAN_POINT('',(44.2644,99.9478,0.));
#8465=CARTESIAN_POINT('Ctrl Pts',(44.2644,99.9478,0.));
#8466=CARTESIAN_POINT('Ctrl Pts',(44.131792,99.9478,0.));
#8467=CARTESIAN_POINT('Ctrl Pts',(44.004615,100.000478,0.));
#8468=CARTESIAN_POINT('Ctrl Pts',(43.910847,100.094247,0.));
#8469=CARTESIAN_POINT('',(57.1644,99.9478,0.));
#8470=CARTESIAN_POINT('',(57.1644,99.9478,0.));
#8471=CARTESIAN_POINT('',(57.517953,100.094247,0.));
#8472=CARTESIAN_POINT('Ctrl Pts',(57.517953,100.094247,0.));
#8473=CARTESIAN_POINT('Ctrl Pts',(57.424185,100.000478,0.));
#8474=CARTESIAN_POINT('Ctrl Pts',(57.297008,99.9478,0.));
#8475=CARTESIAN_POINT('Ctrl Pts',(57.1644,99.9478,0.));
#8476=CARTESIAN_POINT('',(57.6644,100.4478,0.));
#8477=CARTESIAN_POINT('Ctrl Pts',(57.6644,100.4478,0.));
#8478=CARTESIAN_POINT('Ctrl Pts',(57.6644,100.315192,0.));
#8479=CARTESIAN_POINT('Ctrl Pts',(57.611722,100.188015,0.));
#8480=CARTESIAN_POINT('Ctrl Pts',(57.517953,100.094247,0.));
#8481=CARTESIAN_POINT('',(57.6644,113.3478,0.));
#8482=CARTESIAN_POINT('',(57.6644,113.3478,0.));
#8483=CARTESIAN_POINT('Ctrl Pts',(57.517953,113.701353,0.));
#8484=CARTESIAN_POINT('Ctrl Pts',(57.611722,113.607585,0.));
#8485=CARTESIAN_POINT('Ctrl Pts',(57.6644,113.480408,0.));
#8486=CARTESIAN_POINT('Ctrl Pts',(57.6644,113.3478,0.));
#8487=CARTESIAN_POINT('',(39.1644,117.8478,0.));
#8488=CARTESIAN_POINT('',(39.517953,117.701353,0.));
#8489=CARTESIAN_POINT('Ctrl Pts',(39.1644,117.8478,0.));
#8490=CARTESIAN_POINT('Ctrl Pts',(39.297008,117.8478,0.));
#8491=CARTESIAN_POINT('Ctrl Pts',(39.424185,117.795122,0.));
#8492=CARTESIAN_POINT('Ctrl Pts',(39.517953,117.701353,0.));
#8493=CARTESIAN_POINT('',(26.2644,117.8478,0.));
#8494=CARTESIAN_POINT('',(26.2644,117.8478,0.));
#8495=CARTESIAN_POINT('',(25.910847,117.701353,0.));
#8496=CARTESIAN_POINT('Ctrl Pts',(25.910847,117.701353,0.));
#8497=CARTESIAN_POINT('Ctrl Pts',(26.004615,117.795122,0.));
#8498=CARTESIAN_POINT('Ctrl Pts',(26.131792,117.8478,0.));
#8499=CARTESIAN_POINT('Ctrl Pts',(26.2644,117.8478,0.));
#8500=CARTESIAN_POINT('',(25.7644,117.3478,0.));
#8501=CARTESIAN_POINT('Ctrl Pts',(25.7644,117.3478,0.));
#8502=CARTESIAN_POINT('Ctrl Pts',(25.7644,117.480408,0.));
#8503=CARTESIAN_POINT('Ctrl Pts',(25.817078,117.607585,0.));
#8504=CARTESIAN_POINT('Ctrl Pts',(25.910847,117.701353,0.));
#8505=CARTESIAN_POINT('',(25.7644,104.4478,0.));
#8506=CARTESIAN_POINT('',(25.7644,104.4478,0.));
#8507=CARTESIAN_POINT('',(25.910847,104.094247,0.));
#8508=CARTESIAN_POINT('Ctrl Pts',(25.910847,104.094247,0.));
#8509=CARTESIAN_POINT('Ctrl Pts',(25.817078,104.188015,0.));
#8510=CARTESIAN_POINT('Ctrl Pts',(25.7644,104.315192,0.));
#8511=CARTESIAN_POINT('Ctrl Pts',(25.7644,104.4478,0.));
#8512=CARTESIAN_POINT('',(26.2644,103.9478,0.));
#8513=CARTESIAN_POINT('Ctrl Pts',(26.2644,103.9478,0.));
#8514=CARTESIAN_POINT('Ctrl Pts',(26.131792,103.9478,0.));
#8515=CARTESIAN_POINT('Ctrl Pts',(26.004615,104.000478,0.));
#8516=CARTESIAN_POINT('Ctrl Pts',(25.910847,104.094247,0.));
#8517=CARTESIAN_POINT('',(39.1644,103.9478,0.));
#8518=CARTESIAN_POINT('',(39.1644,103.9478,0.));
#8519=CARTESIAN_POINT('',(39.517953,104.094247,0.));
#8520=CARTESIAN_POINT('Ctrl Pts',(39.517953,104.094247,0.));
#8521=CARTESIAN_POINT('Ctrl Pts',(39.424185,104.000478,0.));
#8522=CARTESIAN_POINT('Ctrl Pts',(39.297008,103.9478,0.));
#8523=CARTESIAN_POINT('Ctrl Pts',(39.1644,103.9478,0.));
#8524=CARTESIAN_POINT('',(39.6644,104.4478,0.));
#8525=CARTESIAN_POINT('Ctrl Pts',(39.6644,104.4478,0.));
#8526=CARTESIAN_POINT('Ctrl Pts',(39.6644,104.315192,0.));
#8527=CARTESIAN_POINT('Ctrl Pts',(39.611722,104.188015,0.));
#8528=CARTESIAN_POINT('Ctrl Pts',(39.517953,104.094247,0.));
#8529=CARTESIAN_POINT('',(39.6644,117.3478,0.));
#8530=CARTESIAN_POINT('',(39.6644,117.3478,0.));
#8531=CARTESIAN_POINT('Ctrl Pts',(39.517953,117.701353,0.));
#8532=CARTESIAN_POINT('Ctrl Pts',(39.611722,117.607585,0.));
#8533=CARTESIAN_POINT('Ctrl Pts',(39.6644,117.480408,0.));
#8534=CARTESIAN_POINT('Ctrl Pts',(39.6644,117.3478,0.));
#8535=CARTESIAN_POINT('',(42.9894,83.872767852242,0.));
#8536=CARTESIAN_POINT('Origin',(44.2394,83.872767852242,0.));
#8537=CARTESIAN_POINT('',(111.1644,141.6928,0.));
#8538=CARTESIAN_POINT('',(111.517953,141.546353,0.));
#8539=CARTESIAN_POINT('Ctrl Pts',(111.1644,141.6928,0.));
#8540=CARTESIAN_POINT('Ctrl Pts',(111.297008,141.6928,0.));
#8541=CARTESIAN_POINT('Ctrl Pts',(111.424185,141.640122,0.));
#8542=CARTESIAN_POINT('Ctrl Pts',(111.517953,141.546353,0.));
#8543=CARTESIAN_POINT('',(98.2644,141.6928,0.));
#8544=CARTESIAN_POINT('',(98.2644,141.6928,0.));
#8545=CARTESIAN_POINT('',(97.910847,141.546353,0.));
#8546=CARTESIAN_POINT('Ctrl Pts',(97.910847,141.546353,0.));
#8547=CARTESIAN_POINT('Ctrl Pts',(98.004615,141.640122,0.));
#8548=CARTESIAN_POINT('Ctrl Pts',(98.131792,141.6928,0.));
#8549=CARTESIAN_POINT('Ctrl Pts',(98.2644,141.6928,0.));
#8550=CARTESIAN_POINT('',(97.7644,141.1928,0.));
#8551=CARTESIAN_POINT('Ctrl Pts',(97.7644,141.1928,0.));
#8552=CARTESIAN_POINT('Ctrl Pts',(97.7644,141.325408,0.));
#8553=CARTESIAN_POINT('Ctrl Pts',(97.817078,141.452585,0.));
#8554=CARTESIAN_POINT('Ctrl Pts',(97.910847,141.546353,0.));
#8555=CARTESIAN_POINT('',(97.7644,128.2928,0.));
#8556=CARTESIAN_POINT('',(97.7644,128.2928,0.));
#8557=CARTESIAN_POINT('',(97.910847,127.939247,0.));
#8558=CARTESIAN_POINT('Ctrl Pts',(97.910847,127.939247,0.));
#8559=CARTESIAN_POINT('Ctrl Pts',(97.817078,128.033015,0.));
#8560=CARTESIAN_POINT('Ctrl Pts',(97.7644,128.160192,0.));
#8561=CARTESIAN_POINT('Ctrl Pts',(97.7644,128.2928,0.));
#8562=CARTESIAN_POINT('',(98.2644,127.7928,0.));
#8563=CARTESIAN_POINT('Ctrl Pts',(98.2644,127.7928,0.));
#8564=CARTESIAN_POINT('Ctrl Pts',(98.131792,127.7928,0.));
#8565=CARTESIAN_POINT('Ctrl Pts',(98.004615,127.845478,0.));
#8566=CARTESIAN_POINT('Ctrl Pts',(97.910847,127.939247,0.));
#8567=CARTESIAN_POINT('',(111.1644,127.7928,0.));
#8568=CARTESIAN_POINT('',(111.1644,127.7928,0.));
#8569=CARTESIAN_POINT('',(111.517953,127.939247,0.));
#8570=CARTESIAN_POINT('Ctrl Pts',(111.517953,127.939247,0.));
#8571=CARTESIAN_POINT('Ctrl Pts',(111.424185,127.845478,0.));
#8572=CARTESIAN_POINT('Ctrl Pts',(111.297008,127.7928,0.));
#8573=CARTESIAN_POINT('Ctrl Pts',(111.1644,127.7928,0.));
#8574=CARTESIAN_POINT('',(111.6644,128.2928,0.));
#8575=CARTESIAN_POINT('Ctrl Pts',(111.6644,128.2928,0.));
#8576=CARTESIAN_POINT('Ctrl Pts',(111.6644,128.160192,0.));
#8577=CARTESIAN_POINT('Ctrl Pts',(111.611722,128.033015,0.));
#8578=CARTESIAN_POINT('Ctrl Pts',(111.517953,127.939247,0.));
#8579=CARTESIAN_POINT('',(111.6644,141.1928,0.));
#8580=CARTESIAN_POINT('',(111.6644,141.1928,0.));
#8581=CARTESIAN_POINT('Ctrl Pts',(111.517953,141.546353,0.));
#8582=CARTESIAN_POINT('Ctrl Pts',(111.611722,141.452585,0.));
#8583=CARTESIAN_POINT('Ctrl Pts',(111.6644,141.325408,0.));
#8584=CARTESIAN_POINT('Ctrl Pts',(111.6644,141.1928,0.));
#8585=CARTESIAN_POINT('',(117.9545,77.963067852242,0.));
#8586=CARTESIAN_POINT('Origin',(119.2045,77.963067852242,0.));
#8587=CARTESIAN_POINT('',(93.1644,132.8478,0.));
#8588=CARTESIAN_POINT('',(93.517953,132.701353,0.));
#8589=CARTESIAN_POINT('Ctrl Pts',(93.1644,132.8478,0.));
#8590=CARTESIAN_POINT('Ctrl Pts',(93.297008,132.8478,0.));
#8591=CARTESIAN_POINT('Ctrl Pts',(93.424185,132.795122,0.));
#8592=CARTESIAN_POINT('Ctrl Pts',(93.517953,132.701353,0.));
#8593=CARTESIAN_POINT('',(80.2644,132.8478,0.));
#8594=CARTESIAN_POINT('',(80.2644,132.8478,0.));
#8595=CARTESIAN_POINT('',(79.910847,132.701353,0.));
#8596=CARTESIAN_POINT('Ctrl Pts',(79.910847,132.701353,0.));
#8597=CARTESIAN_POINT('Ctrl Pts',(80.004615,132.795122,0.));
#8598=CARTESIAN_POINT('Ctrl Pts',(80.131792,132.8478,0.));
#8599=CARTESIAN_POINT('Ctrl Pts',(80.2644,132.8478,0.));
#8600=CARTESIAN_POINT('',(79.7644,132.3478,0.));
#8601=CARTESIAN_POINT('Ctrl Pts',(79.7644,132.3478,0.));
#8602=CARTESIAN_POINT('Ctrl Pts',(79.7644,132.480408,0.));
#8603=CARTESIAN_POINT('Ctrl Pts',(79.817078,132.607585,0.));
#8604=CARTESIAN_POINT('Ctrl Pts',(79.910847,132.701353,0.));
#8605=CARTESIAN_POINT('',(79.7644,119.4478,0.));
#8606=CARTESIAN_POINT('',(79.7644,119.4478,0.));
#8607=CARTESIAN_POINT('',(79.910847,119.094247,0.));
#8608=CARTESIAN_POINT('Ctrl Pts',(79.910847,119.094247,0.));
#8609=CARTESIAN_POINT('Ctrl Pts',(79.817078,119.188015,0.));
#8610=CARTESIAN_POINT('Ctrl Pts',(79.7644,119.315192,0.));
#8611=CARTESIAN_POINT('Ctrl Pts',(79.7644,119.4478,0.));
#8612=CARTESIAN_POINT('',(80.2644,118.9478,0.));
#8613=CARTESIAN_POINT('Ctrl Pts',(80.2644,118.9478,0.));
#8614=CARTESIAN_POINT('Ctrl Pts',(80.131792,118.9478,0.));
#8615=CARTESIAN_POINT('Ctrl Pts',(80.004615,119.000478,0.));
#8616=CARTESIAN_POINT('Ctrl Pts',(79.910847,119.094247,0.));
#8617=CARTESIAN_POINT('',(93.1644,118.9478,0.));
#8618=CARTESIAN_POINT('',(93.1644,118.9478,0.));
#8619=CARTESIAN_POINT('',(93.517953,119.094247,0.));
#8620=CARTESIAN_POINT('Ctrl Pts',(93.517953,119.094247,0.));
#8621=CARTESIAN_POINT('Ctrl Pts',(93.424185,119.000478,0.));
#8622=CARTESIAN_POINT('Ctrl Pts',(93.297008,118.9478,0.));
#8623=CARTESIAN_POINT('Ctrl Pts',(93.1644,118.9478,0.));
#8624=CARTESIAN_POINT('',(93.6644,119.4478,0.));
#8625=CARTESIAN_POINT('Ctrl Pts',(93.6644,119.4478,0.));
#8626=CARTESIAN_POINT('Ctrl Pts',(93.6644,119.315192,0.));
#8627=CARTESIAN_POINT('Ctrl Pts',(93.611722,119.188015,0.));
#8628=CARTESIAN_POINT('Ctrl Pts',(93.517953,119.094247,0.));
#8629=CARTESIAN_POINT('',(93.6644,132.3478,0.));
#8630=CARTESIAN_POINT('',(93.6644,132.3478,0.));
#8631=CARTESIAN_POINT('Ctrl Pts',(93.517953,132.701353,0.));
#8632=CARTESIAN_POINT('Ctrl Pts',(93.611722,132.607585,0.));
#8633=CARTESIAN_POINT('Ctrl Pts',(93.6644,132.480408,0.));
#8634=CARTESIAN_POINT('Ctrl Pts',(93.6644,132.3478,0.));
#8635=CARTESIAN_POINT('',(75.1644,156.3478,0.));
#8636=CARTESIAN_POINT('',(75.517953,156.201353,0.));
#8637=CARTESIAN_POINT('Ctrl Pts',(75.1644,156.3478,0.));
#8638=CARTESIAN_POINT('Ctrl Pts',(75.297008,156.3478,0.));
#8639=CARTESIAN_POINT('Ctrl Pts',(75.424185,156.295122,0.));
#8640=CARTESIAN_POINT('Ctrl Pts',(75.517953,156.201353,0.));
#8641=CARTESIAN_POINT('',(62.2644,156.3478,0.));
#8642=CARTESIAN_POINT('',(62.2644,156.3478,0.));
#8643=CARTESIAN_POINT('',(61.910847,156.201353,0.));
#8644=CARTESIAN_POINT('Ctrl Pts',(61.910847,156.201353,0.));
#8645=CARTESIAN_POINT('Ctrl Pts',(62.004615,156.295122,0.));
#8646=CARTESIAN_POINT('Ctrl Pts',(62.131792,156.3478,0.));
#8647=CARTESIAN_POINT('Ctrl Pts',(62.2644,156.3478,0.));
#8648=CARTESIAN_POINT('',(61.7644,155.8478,0.));
#8649=CARTESIAN_POINT('Ctrl Pts',(61.7644,155.8478,0.));
#8650=CARTESIAN_POINT('Ctrl Pts',(61.7644,155.980408,0.));
#8651=CARTESIAN_POINT('Ctrl Pts',(61.817078,156.107585,0.));
#8652=CARTESIAN_POINT('Ctrl Pts',(61.910847,156.201353,0.));
#8653=CARTESIAN_POINT('',(61.7644,142.9478,0.));
#8654=CARTESIAN_POINT('',(61.7644,142.9478,0.));
#8655=CARTESIAN_POINT('',(61.910847,142.594247,0.));
#8656=CARTESIAN_POINT('Ctrl Pts',(61.910847,142.594247,0.));
#8657=CARTESIAN_POINT('Ctrl Pts',(61.817078,142.688015,0.));
#8658=CARTESIAN_POINT('Ctrl Pts',(61.7644,142.815192,0.));
#8659=CARTESIAN_POINT('Ctrl Pts',(61.7644,142.9478,0.));
#8660=CARTESIAN_POINT('',(62.2644,142.4478,0.));
#8661=CARTESIAN_POINT('Ctrl Pts',(62.2644,142.4478,0.));
#8662=CARTESIAN_POINT('Ctrl Pts',(62.131792,142.4478,0.));
#8663=CARTESIAN_POINT('Ctrl Pts',(62.004615,142.500478,0.));
#8664=CARTESIAN_POINT('Ctrl Pts',(61.910847,142.594247,0.));
#8665=CARTESIAN_POINT('',(75.1644,142.4478,0.));
#8666=CARTESIAN_POINT('',(75.1644,142.4478,0.));
#8667=CARTESIAN_POINT('',(75.517953,142.594247,0.));
#8668=CARTESIAN_POINT('Ctrl Pts',(75.517953,142.594247,0.));
#8669=CARTESIAN_POINT('Ctrl Pts',(75.424185,142.500478,0.));
#8670=CARTESIAN_POINT('Ctrl Pts',(75.297008,142.4478,0.));
#8671=CARTESIAN_POINT('Ctrl Pts',(75.1644,142.4478,0.));
#8672=CARTESIAN_POINT('',(75.6644,142.9478,0.));
#8673=CARTESIAN_POINT('Ctrl Pts',(75.6644,142.9478,0.));
#8674=CARTESIAN_POINT('Ctrl Pts',(75.6644,142.815192,0.));
#8675=CARTESIAN_POINT('Ctrl Pts',(75.611722,142.688015,0.));
#8676=CARTESIAN_POINT('Ctrl Pts',(75.517953,142.594247,0.));
#8677=CARTESIAN_POINT('',(75.6644,155.8478,0.));
#8678=CARTESIAN_POINT('',(75.6644,155.8478,0.));
#8679=CARTESIAN_POINT('Ctrl Pts',(75.517953,156.201353,0.));
#8680=CARTESIAN_POINT('Ctrl Pts',(75.611722,156.107585,0.));
#8681=CARTESIAN_POINT('Ctrl Pts',(75.6644,155.980408,0.));
#8682=CARTESIAN_POINT('Ctrl Pts',(75.6644,155.8478,0.));
#8683=CARTESIAN_POINT('',(57.1644,130.8478,0.));
#8684=CARTESIAN_POINT('',(57.517953,130.701353,0.));
#8685=CARTESIAN_POINT('Ctrl Pts',(57.1644,130.8478,0.));
#8686=CARTESIAN_POINT('Ctrl Pts',(57.297008,130.8478,0.));
#8687=CARTESIAN_POINT('Ctrl Pts',(57.424185,130.795122,0.));
#8688=CARTESIAN_POINT('Ctrl Pts',(57.517953,130.701353,0.));
#8689=CARTESIAN_POINT('',(44.2644,130.8478,0.));
#8690=CARTESIAN_POINT('',(44.2644,130.8478,0.));
#8691=CARTESIAN_POINT('',(43.910847,130.701353,0.));
#8692=CARTESIAN_POINT('Ctrl Pts',(43.910847,130.701353,0.));
#8693=CARTESIAN_POINT('Ctrl Pts',(44.004615,130.795122,0.));
#8694=CARTESIAN_POINT('Ctrl Pts',(44.131792,130.8478,0.));
#8695=CARTESIAN_POINT('Ctrl Pts',(44.2644,130.8478,0.));
#8696=CARTESIAN_POINT('',(43.7644,130.3478,0.));
#8697=CARTESIAN_POINT('Ctrl Pts',(43.7644,130.3478,0.));
#8698=CARTESIAN_POINT('Ctrl Pts',(43.7644,130.480408,0.));
#8699=CARTESIAN_POINT('Ctrl Pts',(43.817078,130.607585,0.));
#8700=CARTESIAN_POINT('Ctrl Pts',(43.910847,130.701353,0.));
#8701=CARTESIAN_POINT('',(43.7644,117.4478,0.));
#8702=CARTESIAN_POINT('',(43.7644,117.4478,0.));
#8703=CARTESIAN_POINT('',(43.910847,117.094247,0.));
#8704=CARTESIAN_POINT('Ctrl Pts',(43.910847,117.094247,0.));
#8705=CARTESIAN_POINT('Ctrl Pts',(43.817078,117.188015,0.));
#8706=CARTESIAN_POINT('Ctrl Pts',(43.7644,117.315192,0.));
#8707=CARTESIAN_POINT('Ctrl Pts',(43.7644,117.4478,0.));
#8708=CARTESIAN_POINT('',(44.2644,116.9478,0.));
#8709=CARTESIAN_POINT('Ctrl Pts',(44.2644,116.9478,0.));
#8710=CARTESIAN_POINT('Ctrl Pts',(44.131792,116.9478,0.));
#8711=CARTESIAN_POINT('Ctrl Pts',(44.004615,117.000478,0.));
#8712=CARTESIAN_POINT('Ctrl Pts',(43.910847,117.094247,0.));
#8713=CARTESIAN_POINT('',(57.1644,116.9478,0.));
#8714=CARTESIAN_POINT('',(57.1644,116.9478,0.));
#8715=CARTESIAN_POINT('',(57.517953,117.094247,0.));
#8716=CARTESIAN_POINT('Ctrl Pts',(57.517953,117.094247,0.));
#8717=CARTESIAN_POINT('Ctrl Pts',(57.424185,117.000478,0.));
#8718=CARTESIAN_POINT('Ctrl Pts',(57.297008,116.9478,0.));
#8719=CARTESIAN_POINT('Ctrl Pts',(57.1644,116.9478,0.));
#8720=CARTESIAN_POINT('',(57.6644,117.4478,0.));
#8721=CARTESIAN_POINT('Ctrl Pts',(57.6644,117.4478,0.));
#8722=CARTESIAN_POINT('Ctrl Pts',(57.6644,117.315192,0.));
#8723=CARTESIAN_POINT('Ctrl Pts',(57.611722,117.188015,0.));
#8724=CARTESIAN_POINT('Ctrl Pts',(57.517953,117.094247,0.));
#8725=CARTESIAN_POINT('',(57.6644,130.3478,0.));
#8726=CARTESIAN_POINT('',(57.6644,130.3478,0.));
#8727=CARTESIAN_POINT('Ctrl Pts',(57.517953,130.701353,0.));
#8728=CARTESIAN_POINT('Ctrl Pts',(57.611722,130.607585,0.));
#8729=CARTESIAN_POINT('Ctrl Pts',(57.6644,130.480408,0.));
#8730=CARTESIAN_POINT('Ctrl Pts',(57.6644,130.3478,0.));
#8731=CARTESIAN_POINT('',(112.45,146.707167852242,0.));
#8732=CARTESIAN_POINT('Origin',(113.7,146.707167852242,0.));
#8733=CARTESIAN_POINT('',(36.2827,140.8038,0.));
#8734=CARTESIAN_POINT('Origin',(37.5327,140.8038,0.));
#8735=CARTESIAN_POINT('',(75.1644,139.3478,0.));
#8736=CARTESIAN_POINT('',(75.517953,139.201353,0.));
#8737=CARTESIAN_POINT('Ctrl Pts',(75.1644,139.3478,0.));
#8738=CARTESIAN_POINT('Ctrl Pts',(75.297008,139.3478,0.));
#8739=CARTESIAN_POINT('Ctrl Pts',(75.424185,139.295122,0.));
#8740=CARTESIAN_POINT('Ctrl Pts',(75.517953,139.201353,0.));
#8741=CARTESIAN_POINT('',(62.2644,139.3478,0.));
#8742=CARTESIAN_POINT('',(62.2644,139.3478,0.));
#8743=CARTESIAN_POINT('',(61.910847,139.201353,0.));
#8744=CARTESIAN_POINT('Ctrl Pts',(61.910847,139.201353,0.));
#8745=CARTESIAN_POINT('Ctrl Pts',(62.004615,139.295122,0.));
#8746=CARTESIAN_POINT('Ctrl Pts',(62.131792,139.3478,0.));
#8747=CARTESIAN_POINT('Ctrl Pts',(62.2644,139.3478,0.));
#8748=CARTESIAN_POINT('',(61.7644,138.8478,0.));
#8749=CARTESIAN_POINT('Ctrl Pts',(61.7644,138.8478,0.));
#8750=CARTESIAN_POINT('Ctrl Pts',(61.7644,138.980408,0.));
#8751=CARTESIAN_POINT('Ctrl Pts',(61.817078,139.107585,0.));
#8752=CARTESIAN_POINT('Ctrl Pts',(61.910847,139.201353,0.));
#8753=CARTESIAN_POINT('',(61.7644,125.9478,0.));
#8754=CARTESIAN_POINT('',(61.7644,125.9478,0.));
#8755=CARTESIAN_POINT('',(61.910847,125.594247,0.));
#8756=CARTESIAN_POINT('Ctrl Pts',(61.910847,125.594247,0.));
#8757=CARTESIAN_POINT('Ctrl Pts',(61.817078,125.688015,0.));
#8758=CARTESIAN_POINT('Ctrl Pts',(61.7644,125.815192,0.));
#8759=CARTESIAN_POINT('Ctrl Pts',(61.7644,125.9478,0.));
#8760=CARTESIAN_POINT('',(62.2644,125.4478,0.));
#8761=CARTESIAN_POINT('Ctrl Pts',(62.2644,125.4478,0.));
#8762=CARTESIAN_POINT('Ctrl Pts',(62.131792,125.4478,0.));
#8763=CARTESIAN_POINT('Ctrl Pts',(62.004615,125.500478,0.));
#8764=CARTESIAN_POINT('Ctrl Pts',(61.910847,125.594247,0.));
#8765=CARTESIAN_POINT('',(75.1644,125.4478,0.));
#8766=CARTESIAN_POINT('',(75.1644,125.4478,0.));
#8767=CARTESIAN_POINT('',(75.517953,125.594247,0.));
#8768=CARTESIAN_POINT('Ctrl Pts',(75.517953,125.594247,0.));
#8769=CARTESIAN_POINT('Ctrl Pts',(75.424185,125.500478,0.));
#8770=CARTESIAN_POINT('Ctrl Pts',(75.297008,125.4478,0.));
#8771=CARTESIAN_POINT('Ctrl Pts',(75.1644,125.4478,0.));
#8772=CARTESIAN_POINT('',(75.6644,125.9478,0.));
#8773=CARTESIAN_POINT('Ctrl Pts',(75.6644,125.9478,0.));
#8774=CARTESIAN_POINT('Ctrl Pts',(75.6644,125.815192,0.));
#8775=CARTESIAN_POINT('Ctrl Pts',(75.611722,125.688015,0.));
#8776=CARTESIAN_POINT('Ctrl Pts',(75.517953,125.594247,0.));
#8777=CARTESIAN_POINT('',(75.6644,138.8478,0.));
#8778=CARTESIAN_POINT('',(75.6644,138.8478,0.));
#8779=CARTESIAN_POINT('Ctrl Pts',(75.517953,139.201353,0.));
#8780=CARTESIAN_POINT('Ctrl Pts',(75.611722,139.107585,0.));
#8781=CARTESIAN_POINT('Ctrl Pts',(75.6644,138.980408,0.));
#8782=CARTESIAN_POINT('Ctrl Pts',(75.6644,138.8478,0.));
#8783=CARTESIAN_POINT('',(100.4578,87.2175,0.));
#8784=CARTESIAN_POINT('',(101.0986,87.5163,0.));
#8785=CARTESIAN_POINT('Ctrl Pts',(100.4578,87.2175,0.));
#8786=CARTESIAN_POINT('Ctrl Pts',(100.552261,87.476944,0.));
#8787=CARTESIAN_POINT('Ctrl Pts',(100.839138,87.610713,0.));
#8788=CARTESIAN_POINT('Ctrl Pts',(101.0986,87.5163,0.));
#8789=CARTESIAN_POINT('',(96.0457,75.0954,0.));
#8790=CARTESIAN_POINT('',(96.0457,75.0954,0.));
#8791=CARTESIAN_POINT('',(96.3445,74.4546,0.));
#8792=CARTESIAN_POINT('Ctrl Pts',(96.3445,74.4546,0.));
#8793=CARTESIAN_POINT('Ctrl Pts',(96.085056,74.549061,0.));
#8794=CARTESIAN_POINT('Ctrl Pts',(95.951287,74.835938,0.));
#8795=CARTESIAN_POINT('Ctrl Pts',(96.0457,75.0954,0.));
#8796=CARTESIAN_POINT('',(108.4666,70.0425,0.));
#8797=CARTESIAN_POINT('',(108.4666,70.0425,0.));
#8798=CARTESIAN_POINT('',(109.1074,70.3413,0.));
#8799=CARTESIAN_POINT('Ctrl Pts',(109.1074,70.3413,0.));
#8800=CARTESIAN_POINT('Ctrl Pts',(109.012939,70.081856,0.));
#8801=CARTESIAN_POINT('Ctrl Pts',(108.726062,69.948087,0.));
#8802=CARTESIAN_POINT('Ctrl Pts',(108.4666,70.0425,0.));
#8803=CARTESIAN_POINT('',(113.5195,82.4634,0.));
#8804=CARTESIAN_POINT('',(113.5195,82.4634,0.));
#8805=CARTESIAN_POINT('',(113.2207,83.1042,0.));
#8806=CARTESIAN_POINT('Ctrl Pts',(113.2207,83.1042,0.));
#8807=CARTESIAN_POINT('Ctrl Pts',(113.480144,83.009739,0.));
#8808=CARTESIAN_POINT('Ctrl Pts',(113.613913,82.722862,0.));
#8809=CARTESIAN_POINT('Ctrl Pts',(113.5195,82.4634,0.));
#8810=CARTESIAN_POINT('',(101.0986,87.5163,0.));
#8811=CARTESIAN_POINT('',(75.3868447423186,75.6048748695136,0.));
#8812=CARTESIAN_POINT('',(48.020829924441,80.8914773680962,0.));
#8813=CARTESIAN_POINT('',(48.020829924441,80.8914773680962,0.));
#8814=CARTESIAN_POINT('',(75.3868447423186,98.2834683814118,0.));
#8815=CARTESIAN_POINT('',(75.3868447423186,98.2834683814118,0.));
#8816=CARTESIAN_POINT('',(48.020829924441,98.2834683814118,0.));
#8817=CARTESIAN_POINT('',(48.020829924441,98.2834683814118,0.));
#8818=CARTESIAN_POINT('',(48.020829924441,80.8914773680962,0.));
#8819=CARTESIAN_POINT('',(121.15,104.107167852242,0.));
#8820=CARTESIAN_POINT('Origin',(122.4,104.107167852242,0.));
#8821=CARTESIAN_POINT('',(93.1644,115.8478,0.));
#8822=CARTESIAN_POINT('',(93.517953,115.701353,0.));
#8823=CARTESIAN_POINT('Ctrl Pts',(93.1644,115.8478,0.));
#8824=CARTESIAN_POINT('Ctrl Pts',(93.297008,115.8478,0.));
#8825=CARTESIAN_POINT('Ctrl Pts',(93.424185,115.795122,0.));
#8826=CARTESIAN_POINT('Ctrl Pts',(93.517953,115.701353,0.));
#8827=CARTESIAN_POINT('',(80.2644,115.8478,0.));
#8828=CARTESIAN_POINT('',(80.2644,115.8478,0.));
#8829=CARTESIAN_POINT('',(79.910847,115.701353,0.));
#8830=CARTESIAN_POINT('Ctrl Pts',(79.910847,115.701353,0.));
#8831=CARTESIAN_POINT('Ctrl Pts',(80.004615,115.795122,0.));
#8832=CARTESIAN_POINT('Ctrl Pts',(80.131792,115.8478,0.));
#8833=CARTESIAN_POINT('Ctrl Pts',(80.2644,115.8478,0.));
#8834=CARTESIAN_POINT('',(79.7644,115.3478,0.));
#8835=CARTESIAN_POINT('Ctrl Pts',(79.7644,115.3478,0.));
#8836=CARTESIAN_POINT('Ctrl Pts',(79.7644,115.480408,0.));
#8837=CARTESIAN_POINT('Ctrl Pts',(79.817078,115.607585,0.));
#8838=CARTESIAN_POINT('Ctrl Pts',(79.910847,115.701353,0.));
#8839=CARTESIAN_POINT('',(79.7644,102.4478,0.));
#8840=CARTESIAN_POINT('',(79.7644,102.4478,0.));
#8841=CARTESIAN_POINT('',(79.910847,102.094247,0.));
#8842=CARTESIAN_POINT('Ctrl Pts',(79.910847,102.094247,0.));
#8843=CARTESIAN_POINT('Ctrl Pts',(79.817078,102.188015,0.));
#8844=CARTESIAN_POINT('Ctrl Pts',(79.7644,102.315192,0.));
#8845=CARTESIAN_POINT('Ctrl Pts',(79.7644,102.4478,0.));
#8846=CARTESIAN_POINT('',(80.2644,101.9478,0.));
#8847=CARTESIAN_POINT('Ctrl Pts',(80.2644,101.9478,0.));
#8848=CARTESIAN_POINT('Ctrl Pts',(80.131792,101.9478,0.));
#8849=CARTESIAN_POINT('Ctrl Pts',(80.004615,102.000478,0.));
#8850=CARTESIAN_POINT('Ctrl Pts',(79.910847,102.094247,0.));
#8851=CARTESIAN_POINT('',(93.1644,101.9478,0.));
#8852=CARTESIAN_POINT('',(93.1644,101.9478,0.));
#8853=CARTESIAN_POINT('',(93.517953,102.094247,0.));
#8854=CARTESIAN_POINT('Ctrl Pts',(93.517953,102.094247,0.));
#8855=CARTESIAN_POINT('Ctrl Pts',(93.424185,102.000478,0.));
#8856=CARTESIAN_POINT('Ctrl Pts',(93.297008,101.9478,0.));
#8857=CARTESIAN_POINT('Ctrl Pts',(93.1644,101.9478,0.));
#8858=CARTESIAN_POINT('',(93.6644,102.4478,0.));
#8859=CARTESIAN_POINT('Ctrl Pts',(93.6644,102.4478,0.));
#8860=CARTESIAN_POINT('Ctrl Pts',(93.6644,102.315192,0.));
#8861=CARTESIAN_POINT('Ctrl Pts',(93.611722,102.188015,0.));
#8862=CARTESIAN_POINT('Ctrl Pts',(93.517953,102.094247,0.));
#8863=CARTESIAN_POINT('',(93.6644,115.3478,0.));
#8864=CARTESIAN_POINT('',(93.6644,115.3478,0.));
#8865=CARTESIAN_POINT('Ctrl Pts',(93.517953,115.701353,0.));
#8866=CARTESIAN_POINT('Ctrl Pts',(93.611722,115.607585,0.));
#8867=CARTESIAN_POINT('Ctrl Pts',(93.6644,115.480408,0.));
#8868=CARTESIAN_POINT('Ctrl Pts',(93.6644,115.3478,0.));
#8869=CARTESIAN_POINT('',(39.1644,134.8478,0.));
#8870=CARTESIAN_POINT('',(39.517953,134.701353,0.));
#8871=CARTESIAN_POINT('Ctrl Pts',(39.1644,134.8478,0.));
#8872=CARTESIAN_POINT('Ctrl Pts',(39.297008,134.8478,0.));
#8873=CARTESIAN_POINT('Ctrl Pts',(39.424185,134.795122,0.));
#8874=CARTESIAN_POINT('Ctrl Pts',(39.517953,134.701353,0.));
#8875=CARTESIAN_POINT('',(26.2644,134.8478,0.));
#8876=CARTESIAN_POINT('',(26.2644,134.8478,0.));
#8877=CARTESIAN_POINT('',(25.910847,134.701353,0.));
#8878=CARTESIAN_POINT('Ctrl Pts',(25.910847,134.701353,0.));
#8879=CARTESIAN_POINT('Ctrl Pts',(26.004615,134.795122,0.));
#8880=CARTESIAN_POINT('Ctrl Pts',(26.131792,134.8478,0.));
#8881=CARTESIAN_POINT('Ctrl Pts',(26.2644,134.8478,0.));
#8882=CARTESIAN_POINT('',(25.7644,134.3478,0.));
#8883=CARTESIAN_POINT('Ctrl Pts',(25.7644,134.3478,0.));
#8884=CARTESIAN_POINT('Ctrl Pts',(25.7644,134.480408,0.));
#8885=CARTESIAN_POINT('Ctrl Pts',(25.817078,134.607585,0.));
#8886=CARTESIAN_POINT('Ctrl Pts',(25.910847,134.701353,0.));
#8887=CARTESIAN_POINT('',(25.7644,121.4478,0.));
#8888=CARTESIAN_POINT('',(25.7644,121.4478,0.));
#8889=CARTESIAN_POINT('',(25.910847,121.094247,0.));
#8890=CARTESIAN_POINT('Ctrl Pts',(25.910847,121.094247,0.));
#8891=CARTESIAN_POINT('Ctrl Pts',(25.817078,121.188015,0.));
#8892=CARTESIAN_POINT('Ctrl Pts',(25.7644,121.315192,0.));
#8893=CARTESIAN_POINT('Ctrl Pts',(25.7644,121.4478,0.));
#8894=CARTESIAN_POINT('',(26.2644,120.9478,0.));
#8895=CARTESIAN_POINT('Ctrl Pts',(26.2644,120.9478,0.));
#8896=CARTESIAN_POINT('Ctrl Pts',(26.131792,120.9478,0.));
#8897=CARTESIAN_POINT('Ctrl Pts',(26.004615,121.000478,0.));
#8898=CARTESIAN_POINT('Ctrl Pts',(25.910847,121.094247,0.));
#8899=CARTESIAN_POINT('',(39.1644,120.9478,0.));
#8900=CARTESIAN_POINT('',(39.1644,120.9478,0.));
#8901=CARTESIAN_POINT('',(39.517953,121.094247,0.));
#8902=CARTESIAN_POINT('Ctrl Pts',(39.517953,121.094247,0.));
#8903=CARTESIAN_POINT('Ctrl Pts',(39.424185,121.000478,0.));
#8904=CARTESIAN_POINT('Ctrl Pts',(39.297008,120.9478,0.));
#8905=CARTESIAN_POINT('Ctrl Pts',(39.1644,120.9478,0.));
#8906=CARTESIAN_POINT('',(39.6644,121.4478,0.));
#8907=CARTESIAN_POINT('Ctrl Pts',(39.6644,121.4478,0.));
#8908=CARTESIAN_POINT('Ctrl Pts',(39.6644,121.315192,0.));
#8909=CARTESIAN_POINT('Ctrl Pts',(39.611722,121.188015,0.));
#8910=CARTESIAN_POINT('Ctrl Pts',(39.517953,121.094247,0.));
#8911=CARTESIAN_POINT('',(39.6644,134.3478,0.));
#8912=CARTESIAN_POINT('',(39.6644,134.3478,0.));
#8913=CARTESIAN_POINT('Ctrl Pts',(39.517953,134.701353,0.));
#8914=CARTESIAN_POINT('Ctrl Pts',(39.611722,134.607585,0.));
#8915=CARTESIAN_POINT('Ctrl Pts',(39.6644,134.480408,0.));
#8916=CARTESIAN_POINT('Ctrl Pts',(39.6644,134.3478,0.));
#8917=CARTESIAN_POINT('Origin',(87.8672917238944,154.8962,0.));
#8918=CARTESIAN_POINT('',(87.8672917237937,154.8962,1.6));
#8919=CARTESIAN_POINT('',(87.8672917237937,154.8962,0.));
#8920=CARTESIAN_POINT('',(119.2827,154.8962,1.6));
#8921=CARTESIAN_POINT('',(83.4517364499642,154.8962,1.6));
#8922=CARTESIAN_POINT('',(119.2827,154.8962,0.));
#8923=CARTESIAN_POINT('',(132.3827,154.8962,1.6));
#8924=CARTESIAN_POINT('',(132.3827,154.8962,0.));
#8925=CARTESIAN_POINT('',(135.4434,154.8962,1.6));
#8926=CARTESIAN_POINT('',(83.4517364499642,154.8962,1.6));
#8927=CARTESIAN_POINT('',(135.4434,154.8962,0.));
#8928=CARTESIAN_POINT('Origin',(119.2827,154.8962,0.));
#8929=CARTESIAN_POINT('',(119.2827,153.8962,1.6));
#8930=CARTESIAN_POINT('',(119.2827,133.942532222162,1.6));
#8931=CARTESIAN_POINT('',(119.2827,153.8962,0.));
#8932=CARTESIAN_POINT('Origin',(132.3827,153.8962,0.));
#8933=CARTESIAN_POINT('',(132.3827,153.8962,1.6));
#8934=CARTESIAN_POINT('',(132.3827,133.442532222162,1.6));
#8935=CARTESIAN_POINT('',(132.3827,153.8962,0.));
#8936=CARTESIAN_POINT('Origin',(116.3927,153.8962,0.));
#8937=CARTESIAN_POINT('',(116.3927,153.8962,1.6));
#8938=CARTESIAN_POINT('',(87.8673,153.8962,1.6));
#8939=CARTESIAN_POINT('',(116.3927,153.8962,0.));
#8940=CARTESIAN_POINT('Origin',(135.4434,153.8962,1.5));
#8941=CARTESIAN_POINT('',(135.568100886332,157.393977821553,1.5));
#8942=CARTESIAN_POINT('Origin',(135.514657649332,155.894930183745,1.5));
#8943=CARTESIAN_POINT('Origin',(135.4434,153.8962,1.5));
#8944=CARTESIAN_POINT('Ctrl Pts',(136.974459213808,155.228268062864,0.));
#8945=CARTESIAN_POINT('Ctrl Pts',(136.967780076512,155.235442716938,0.));
#8946=CARTESIAN_POINT('Ctrl Pts',(136.954321220507,155.249698306171,0.));
#8947=CARTESIAN_POINT('Ctrl Pts',(136.927006214849,155.277829153437,0.));
#8948=CARTESIAN_POINT('Ctrl Pts',(136.878176172656,155.326045190081,0.));
#8949=CARTESIAN_POINT('Ctrl Pts',(136.776515196196,155.418309178978,0.));
#8950=CARTESIAN_POINT('Ctrl Pts',(136.620539123963,155.537588515282,0.));
#8951=CARTESIAN_POINT('Ctrl Pts',(136.418504125168,155.658829588396,0.));
#8952=CARTESIAN_POINT('Ctrl Pts',(136.061301663197,155.822038698731,0.));
#8953=CARTESIAN_POINT('Ctrl Pts',(135.749765258836,155.886548254193,0.));
#8954=CARTESIAN_POINT('Ctrl Pts',(135.514657649333,155.894930183745,0.));
#8955=CARTESIAN_POINT('Ctrl Pts',(137.302948742757,155.534070494757,0.));
#8956=CARTESIAN_POINT('Ctrl Pts',(137.294841319896,155.542779279277,0.));
#8957=CARTESIAN_POINT('Ctrl Pts',(137.278500970696,155.560087318702,0.));
#8958=CARTESIAN_POINT('Ctrl Pts',(137.245338949219,155.594239280042,0.));
#8959=CARTESIAN_POINT('Ctrl Pts',(137.186056178936,155.652777754661,0.));
#8960=CARTESIAN_POINT('Ctrl Pts',(137.062631930988,155.764792140126,0.));
#8961=CARTESIAN_POINT('Ctrl Pts',(136.873265895754,155.909609150725,0.));
#8962=CARTESIAN_POINT('Ctrl Pts',(136.627980887434,156.056804597138,0.));
#8963=CARTESIAN_POINT('Ctrl Pts',(136.194315037419,156.254951519349,0.));
#8964=CARTESIAN_POINT('Ctrl Pts',(135.816089492333,156.333301344418,0.));
#8965=CARTESIAN_POINT('Ctrl Pts',(135.530647828451,156.343444188156,0.));
#8966=CARTESIAN_POINT('Ctrl Pts',(137.871408061237,156.063269226233,0.376979780499048));
#8967=CARTESIAN_POINT('Ctrl Pts',(137.863993194372,156.071234132033,0.376979780499048));
#8968=CARTESIAN_POINT('Ctrl Pts',(137.840199734925,156.096473297276,0.376979780499048));
#8969=CARTESIAN_POINT('Ctrl Pts',(137.798318712008,156.139542904336,0.376979780499049));
#8970=CARTESIAN_POINT('Ctrl Pts',(137.719998905073,156.216960730447,0.376979780499047));
#8971=CARTESIAN_POINT('Ctrl Pts',(137.559579630005,156.362440043162,0.376979780499049));
#8972=CARTESIAN_POINT('Ctrl Pts',(137.311808488492,156.552111646732,0.376979780499047));
#8973=CARTESIAN_POINT('Ctrl Pts',(136.991732607653,156.744162815503,0.376979780499048));
#8974=CARTESIAN_POINT('Ctrl Pts',(136.425635582884,157.002885646846,0.376979780499048));
#8975=CARTESIAN_POINT('Ctrl Pts',(135.930847864465,157.106344955261,0.376979780499047));
#8976=CARTESIAN_POINT('Ctrl Pts',(135.558319232021,157.119608853409,0.376979780499048));
#8977=CARTESIAN_POINT('Ctrl Pts',(138.072354591819,156.250337404416,1.16340078711538));
#8978=CARTESIAN_POINT('Ctrl Pts',(138.065675454524,156.25751205849,1.16340078711538));
#8979=CARTESIAN_POINT('Ctrl Pts',(138.038864688251,156.28596576862,1.16340078711538));
#8980=CARTESIAN_POINT('Ctrl Pts',(137.994118667796,156.331954669008,1.16340078711538));
#8981=CARTESIAN_POINT('Ctrl Pts',(137.908922268357,156.416203863502,1.16340078711538));
#8982=CARTESIAN_POINT('Ctrl Pts',(137.735528960434,156.573402086532,1.16340078711538));
#8983=CARTESIAN_POINT('Ctrl Pts',(137.4670153618,156.779032038331,1.16340078711538));
#8984=CARTESIAN_POINT('Ctrl Pts',(137.120509844224,156.986930253541,1.16340078711538));
#8985=CARTESIAN_POINT('Ctrl Pts',(136.507582324341,157.267084125398,1.16340078711538));
#8986=CARTESIAN_POINT('Ctrl Pts',(135.971411479668,157.37959921004,1.16340078711538));
#8987=CARTESIAN_POINT('Ctrl Pts',(135.568100886333,157.393977821553,1.16340078711538));
#8988=CARTESIAN_POINT('Ctrl Pts',(138.072354591819,156.250337404416,1.5));
#8989=CARTESIAN_POINT('Ctrl Pts',(138.065675454524,156.25751205849,1.5));
#8990=CARTESIAN_POINT('Ctrl Pts',(138.038864688251,156.28596576862,1.5));
#8991=CARTESIAN_POINT('Ctrl Pts',(137.994118667796,156.331954669008,1.5));
#8992=CARTESIAN_POINT('Ctrl Pts',(137.908922268357,156.416203863502,1.5));
#8993=CARTESIAN_POINT('Ctrl Pts',(137.735528960434,156.573402086532,1.5));
#8994=CARTESIAN_POINT('Ctrl Pts',(137.4670153618,156.779032038331,1.5));
#8995=CARTESIAN_POINT('Ctrl Pts',(137.120509844224,156.986930253541,1.5));
#8996=CARTESIAN_POINT('Ctrl Pts',(136.507582324341,157.267084125398,1.5));
#8997=CARTESIAN_POINT('Ctrl Pts',(135.971411479668,157.37959921004,1.5));
#8998=CARTESIAN_POINT('Ctrl Pts',(135.568100886333,157.393977821553,1.5));
#8999=CARTESIAN_POINT('',(138.072354591807,156.250337404419,1.5));
#9000=CARTESIAN_POINT('Origin',(136.974454504018,155.228273122066,1.5));
#9001=CARTESIAN_POINT('Ctrl Pts',(135.568100886333,157.393977821553,1.5));
#9002=CARTESIAN_POINT('Ctrl Pts',(135.971411479668,157.37959921004,1.5));
#9003=CARTESIAN_POINT('Ctrl Pts',(136.507582324341,157.267084125398,1.5));
#9004=CARTESIAN_POINT('Ctrl Pts',(137.120509844224,156.986930253541,1.5));
#9005=CARTESIAN_POINT('Ctrl Pts',(137.4670153618,156.779032038331,1.5));
#9006=CARTESIAN_POINT('Ctrl Pts',(137.735528960434,156.573402086532,1.5));
#9007=CARTESIAN_POINT('Ctrl Pts',(137.908922268357,156.416203863502,1.5));
#9008=CARTESIAN_POINT('Ctrl Pts',(137.994118667796,156.331954669008,1.5));
#9009=CARTESIAN_POINT('Ctrl Pts',(138.038862058864,156.285968471042,1.5));
#9010=CARTESIAN_POINT('Ctrl Pts',(138.065669152718,156.257518746456,1.5));
#9011=CARTESIAN_POINT('Ctrl Pts',(138.072349880913,156.25034246479,1.5));
#9012=CARTESIAN_POINT('Ctrl Pts',(137.536395364643,153.783030351365,0.));
#9013=CARTESIAN_POINT('Ctrl Pts',(137.538206353939,154.00992052305,0.));
#9014=CARTESIAN_POINT('Ctrl Pts',(137.491011651845,154.312814393298,0.));
#9015=CARTESIAN_POINT('Ctrl Pts',(137.353708918849,154.665773744742,0.));
#9016=CARTESIAN_POINT('Ctrl Pts',(137.248987490007,154.867442064282,0.));
#9017=CARTESIAN_POINT('Ctrl Pts',(137.144046628962,155.025085195495,0.));
#9018=CARTESIAN_POINT('Ctrl Pts',(137.061980985229,155.128997774635,0.));
#9019=CARTESIAN_POINT('Ctrl Pts',(137.018885718996,155.179231604289,0.));
#9020=CARTESIAN_POINT('Ctrl Pts',(136.993684466208,155.207428753301,0.));
#9021=CARTESIAN_POINT('Ctrl Pts',(136.980894343701,155.221355491406,0.));
#9022=CARTESIAN_POINT('Ctrl Pts',(136.974452485549,155.228275290298,0.));
#9023=CARTESIAN_POINT('Ctrl Pts',(137.985180019586,153.779448247301,0.));
#9024=CARTESIAN_POINT('Ctrl Pts',(137.987406777595,154.054912910329,0.));
#9025=CARTESIAN_POINT('Ctrl Pts',(137.930084886895,154.42264633584,0.));
#9026=CARTESIAN_POINT('Ctrl Pts',(137.763388515839,154.851160942851,0.));
#9027=CARTESIAN_POINT('Ctrl Pts',(137.636249160501,155.096000775747,0.));
#9028=CARTESIAN_POINT('Ctrl Pts',(137.508840425488,155.287391242892,0.));
#9029=CARTESIAN_POINT('Ctrl Pts',(137.409207454789,155.413548916057,0.));
#9030=CARTESIAN_POINT('Ctrl Pts',(137.356886017677,155.47453617843,0.));
#9031=CARTESIAN_POINT('Ctrl Pts',(137.326290687342,155.508769092857,0.));
#9032=CARTESIAN_POINT('Ctrl Pts',(137.310761872358,155.525677594531,0.));
#9033=CARTESIAN_POINT('Ctrl Pts',(137.302942618426,155.534077073458,0.));
#9034=CARTESIAN_POINT('Ctrl Pts',(138.761813052981,153.773249326919,0.376979779955757));
#9035=CARTESIAN_POINT('Ctrl Pts',(138.764697052391,154.132761079315,0.376979779955757));
#9036=CARTESIAN_POINT('Ctrl Pts',(138.688863299329,154.613827141992,0.376979779955758));
#9037=CARTESIAN_POINT('Ctrl Pts',(138.47110939133,155.173303247389,0.376979779955757));
#9038=CARTESIAN_POINT('Ctrl Pts',(138.30526113078,155.49276064163,0.376979779955757));
#9039=CARTESIAN_POINT('Ctrl Pts',(138.138369928947,155.743204376266,0.376979779955758));
#9040=CARTESIAN_POINT('Ctrl Pts',(138.008981850258,155.907162155967,0.376979779955757));
#9041=CARTESIAN_POINT('Ctrl Pts',(137.939781783839,155.987740790255,0.376979779955757));
#9042=CARTESIAN_POINT('Ctrl Pts',(137.901200705173,156.030968906779,0.376979779955757));
#9043=CARTESIAN_POINT('Ctrl Pts',(137.87855435556,156.055592680941,0.376979779955757));
#9044=CARTESIAN_POINT('Ctrl Pts',(137.871402982492,156.063274682731,0.376979779955757));
#9045=CARTESIAN_POINT('Ctrl Pts',(139.036347585219,153.771058050429,1.16340078711538));
#9046=CARTESIAN_POINT('Ctrl Pts',(139.039454256231,154.160277976299,1.16340078711538));
#9047=CARTESIAN_POINT('Ctrl Pts',(138.95692363314,154.681581080068,1.16340078711538));
#9048=CARTESIAN_POINT('Ctrl Pts',(138.721091580423,155.287383964215,1.16340078711538));
#9049=CARTESIAN_POINT('Ctrl Pts',(138.54157330642,155.633203917268,1.16340078711538));
#9050=CARTESIAN_POINT('Ctrl Pts',(138.360632038396,155.904623840029,1.16340078711538));
#9051=CARTESIAN_POINT('Ctrl Pts',(138.220825889679,156.081835786117,1.16340078711538));
#9052=CARTESIAN_POINT('Ctrl Pts',(138.145517770695,156.169492234828,1.16340078711538));
#9053=CARTESIAN_POINT('Ctrl Pts',(138.104323048762,156.215675159623,1.16340078711538));
#9054=CARTESIAN_POINT('Ctrl Pts',(138.078791740185,156.243422664733,1.16340078711538));
#9055=CARTESIAN_POINT('Ctrl Pts',(138.072349882037,156.250342463621,1.16340078711538));
#9056=CARTESIAN_POINT('Ctrl Pts',(139.036347585219,153.771058050429,1.5));
#9057=CARTESIAN_POINT('Ctrl Pts',(139.039454256231,154.160277976299,1.5));
#9058=CARTESIAN_POINT('Ctrl Pts',(138.95692363314,154.681581080068,1.5));
#9059=CARTESIAN_POINT('Ctrl Pts',(138.721091580423,155.287383964215,1.5));
#9060=CARTESIAN_POINT('Ctrl Pts',(138.54157330642,155.633203917268,1.5));
#9061=CARTESIAN_POINT('Ctrl Pts',(138.360632038396,155.904623840029,1.5));
#9062=CARTESIAN_POINT('Ctrl Pts',(138.220825889679,156.081835786117,1.5));
#9063=CARTESIAN_POINT('Ctrl Pts',(138.145517770695,156.169492234828,1.5));
#9064=CARTESIAN_POINT('Ctrl Pts',(138.104323048762,156.215675159623,1.5));
#9065=CARTESIAN_POINT('Ctrl Pts',(138.078791740185,156.243422664733,1.5));
#9066=CARTESIAN_POINT('Ctrl Pts',(138.072349882037,156.250342463621,1.5));
#9067=CARTESIAN_POINT('',(139.0364,153.778621227181,1.5));
#9068=CARTESIAN_POINT('Ctrl Pts',(139.036399771431,153.778621228507,1.5));
#9069=CARTESIAN_POINT('Ctrl Pts',(139.036394312899,153.777683101682,1.20774471760443));
#9070=CARTESIAN_POINT('Ctrl Pts',(138.947688271625,153.777270775201,0.915158927857431));
#9071=CARTESIAN_POINT('Ctrl Pts',(138.786931919139,153.777468540198,0.671754618755822));
#9072=CARTESIAN_POINT('Ctrl Pts',(138.762540357437,153.777498547081,0.634822882421296));
#9073=CARTESIAN_POINT('Ctrl Pts',(138.736490054264,153.777542501782,0.599023401876148));
#9074=CARTESIAN_POINT('Ctrl Pts',(138.708839171445,153.777600593889,0.564529128832332));
#9075=CARTESIAN_POINT('Ctrl Pts',(138.565799292402,153.777901108269,0.386087931269507));
#9076=CARTESIAN_POINT('Ctrl Pts',(138.379926913366,153.778584231716,0.242574904095379));
#9077=CARTESIAN_POINT('Ctrl Pts',(138.172448705805,153.779558895629,0.144902681210088));
#9078=CARTESIAN_POINT('Ctrl Pts',(137.9740052135,153.78049111744,0.0514836313815314));
#9079=CARTESIAN_POINT('Ctrl Pts',(137.755796596301,153.781689702511,0.));
#9080=CARTESIAN_POINT('Ctrl Pts',(137.536395364643,153.783030351365,0.));
#9081=CARTESIAN_POINT('Ctrl Pts',(138.072354592935,156.250337403178,1.5));
#9082=CARTESIAN_POINT('Ctrl Pts',(138.078797962262,156.24341590255,1.5));
#9083=CARTESIAN_POINT('Ctrl Pts',(138.104325558619,156.215672345851,1.5));
#9084=CARTESIAN_POINT('Ctrl Pts',(138.145517770695,156.169492234828,1.5));
#9085=CARTESIAN_POINT('Ctrl Pts',(138.220825889679,156.081835786117,1.5));
#9086=CARTESIAN_POINT('Ctrl Pts',(138.360632038396,155.904623840029,1.5));
#9087=CARTESIAN_POINT('Ctrl Pts',(138.54157330642,155.633203917268,1.5));
#9088=CARTESIAN_POINT('Ctrl Pts',(138.721091580423,155.287383964215,1.5));
#9089=CARTESIAN_POINT('Ctrl Pts',(138.956007138908,154.683935360762,1.5));
#9090=CARTESIAN_POINT('Ctrl Pts',(139.038649922152,154.165341851978,1.5));
#9091=CARTESIAN_POINT('Ctrl Pts',(139.036399771431,153.778621228507,1.5));
#9092=CARTESIAN_POINT('Origin',(137.5364,103.826684505878,1.5));
#9093=CARTESIAN_POINT('',(139.0364,94.6645045668654,1.5));
#9094=CARTESIAN_POINT('Ctrl Pts',(139.0364,94.6645045668654,1.50000000000002));
#9095=CARTESIAN_POINT('Ctrl Pts',(139.0364,94.664505610055,1.43990224322384));
#9096=CARTESIAN_POINT('Ctrl Pts',(139.032783917687,94.6645066532445,1.37980469535863));
#9097=CARTESIAN_POINT('Ctrl Pts',(139.02557781728,94.6645076964341,1.32014053118572));
#9098=CARTESIAN_POINT('Ctrl Pts',(139.018371972495,94.6645087395866,1.26047848348613));
#9099=CARTESIAN_POINT('Ctrl Pts',(139.007576414709,94.6645097827392,1.20125020345154));
#9100=CARTESIAN_POINT('Ctrl Pts',(138.993268951295,94.6645108258917,1.14288257007987));
#9101=CARTESIAN_POINT('Ctrl Pts',(138.978961954997,94.6645118690102,1.08451684231991));
#9102=CARTESIAN_POINT('Ctrl Pts',(138.961143382103,94.6645129121287,1.02701211064846));
#9103=CARTESIAN_POINT('Ctrl Pts',(138.939941648954,94.6645139552472,0.970782804841779));
#9104=CARTESIAN_POINT('Ctrl Pts',(138.918740548135,94.6645149983346,0.914555176042954));
#9105=CARTESIAN_POINT('Ctrl Pts',(138.894156636448,94.6645160414219,0.859603287720874));
#9106=CARTESIAN_POINT('Ctrl Pts',(138.866367076681,94.6645170845093,0.80632314804135));
#9107=CARTESIAN_POINT('Ctrl Pts',(138.838578267263,94.6645181275685,0.753044446983578));
#9108=CARTESIAN_POINT('Ctrl Pts',(138.807584176193,94.6645191706277,0.701437774426595));
#9109=CARTESIAN_POINT('Ctrl Pts',(138.773608148874,94.6645202136869,0.651875011358354));
#9110=CARTESIAN_POINT('Ctrl Pts',(138.739334781984,94.6645212658744,0.601878502147629));
#9111=CARTESIAN_POINT('Ctrl Pts',(138.702027237411,94.6645223180619,0.553962232245911));
#9112=CARTESIAN_POINT('Ctrl Pts',(138.661959071396,94.6645233702494,0.508477545993687));
#9113=CARTESIAN_POINT('Ctrl Pts',(138.622231950807,94.6645244134811,0.46338000858651));
#9114=CARTESIAN_POINT('Ctrl Pts',(138.579791339488,94.6645254567127,0.420673105740435));
#9115=CARTESIAN_POINT('Ctrl Pts',(138.53494316812,94.6645264999444,0.380664687682781));
#9116=CARTESIAN_POINT('Ctrl Pts',(138.490098318461,94.6645275430988,0.340659232874366));
#9117=CARTESIAN_POINT('Ctrl Pts',(138.442846577573,94.6645285862532,0.303352140786107));
#9118=CARTESIAN_POINT('Ctrl Pts',(138.39352850654,94.6645296294076,0.269012297674528));
#9119=CARTESIAN_POINT('Ctrl Pts',(138.344213531031,94.6645306724965,0.23467460995551));
#9120=CARTESIAN_POINT('Ctrl Pts',(138.292832827828,94.6645317155854,0.203304036949291));
#9121=CARTESIAN_POINT('Ctrl Pts',(138.239756670615,94.6645327586743,0.175126649863923));
#9122=CARTESIAN_POINT('Ctrl Pts',(138.185872967196,94.6645338176337,0.14652054782882));
#9123=CARTESIAN_POINT('Ctrl Pts',(138.130242149858,94.6645348765931,0.121205866120575));
#9124=CARTESIAN_POINT('Ctrl Pts',(138.073277385373,94.6645359355525,0.0993706153751799));
#9125=CARTESIAN_POINT('Ctrl Pts',(138.01716270347,94.664536978709,0.0778612110801991));
#9126=CARTESIAN_POINT('Ctrl Pts',(137.959754036663,94.6645380218656,0.0597281952218311));
#9127=CARTESIAN_POINT('Ctrl Pts',(137.901465152546,94.6645390650222,0.0451022598145292));
#9128=CARTESIAN_POINT('Ctrl Pts',(137.841851738999,94.6645401318829,0.0301439714695702));
#9129=CARTESIAN_POINT('Ctrl Pts',(137.781318038206,94.6645411987437,0.0188542731972272));
#9130=CARTESIAN_POINT('Ctrl Pts',(137.72032034923,94.6645422656045,0.0113182660020625));
#9131=CARTESIAN_POINT('Ctrl Pts',(137.659322660254,94.6645433324652,0.00378225880689785));
#9132=CARTESIAN_POINT('Ctrl Pts',(137.59786144698,94.664544399326,-4.78510774331952E-16));
#9133=CARTESIAN_POINT('Ctrl Pts',(137.5364,94.6645454661868,2.22044604925031E-16));
#9134=CARTESIAN_POINT('',(139.0364,103.826684505878,1.5));
#9135=CARTESIAN_POINT('Ctrl Pts',(137.063602319967,92.5423990684929,0.));
#9136=CARTESIAN_POINT('Ctrl Pts',(137.15202771253,92.731018927255,0.));
#9137=CARTESIAN_POINT('Ctrl Pts',(137.305911814336,93.121196954548,0.));
#9138=CARTESIAN_POINT('Ctrl Pts',(137.435259567889,93.6268009220773,0.));
#9139=CARTESIAN_POINT('Ctrl Pts',(137.500448323787,94.0394662919129,0.));
#9140=CARTESIAN_POINT('Ctrl Pts',(137.52497265921,94.2997371073483,0.));
#9141=CARTESIAN_POINT('Ctrl Pts',(137.533541207674,94.4821930678553,0.));
#9142=CARTESIAN_POINT('Ctrl Pts',(137.535990533045,94.5864511944292,0.));
#9143=CARTESIAN_POINT('Ctrl Pts',(137.536398582473,94.6385512695029,0.));
#9144=CARTESIAN_POINT('Ctrl Pts',(137.536400002486,94.6645910530803,0.));
#9145=CARTESIAN_POINT('Ctrl Pts',(137.469963197934,92.3518962211674,0.));
#9146=CARTESIAN_POINT('Ctrl Pts',(137.566322036949,92.5574199515702,0.));
#9147=CARTESIAN_POINT('Ctrl Pts',(137.734021356622,92.9826421548089,0.));
#9148=CARTESIAN_POINT('Ctrl Pts',(137.874981383251,93.5336386731998,0.));
#9149=CARTESIAN_POINT('Ctrl Pts',(137.946019428054,93.9833344732664,0.));
#9150=CARTESIAN_POINT('Ctrl Pts',(137.97274647364,94.2669748342058,0.));
#9151=CARTESIAN_POINT('Ctrl Pts',(137.982083245406,94.4658048166699,0.));
#9152=CARTESIAN_POINT('Ctrl Pts',(137.984752987642,94.5794221636062,0.));
#9153=CARTESIAN_POINT('Ctrl Pts',(137.985197305045,94.6362018012014,0.));
#9154=CARTESIAN_POINT('Ctrl Pts',(137.985198952331,94.664566578978,0.));
#9155=CARTESIAN_POINT('Ctrl Pts',(138.173194550492,92.0222198614227,0.376967148503424));
#9156=CARTESIAN_POINT('Ctrl Pts',(138.283289012466,92.2570523739536,0.376967148503424));
#9157=CARTESIAN_POINT('Ctrl Pts',(138.47489278113,92.7446530555306,0.376967148503423));
#9158=CARTESIAN_POINT('Ctrl Pts',(138.635942842063,93.3741632123506,0.376967148503424));
#9159=CARTESIAN_POINT('Ctrl Pts',(138.717108133111,93.8889403079934,0.376967148503424));
#9160=CARTESIAN_POINT('Ctrl Pts',(138.747644113959,94.2120387003077,0.376967148503423));
#9161=CARTESIAN_POINT('Ctrl Pts',(138.758312453102,94.4408361607579,0.376967148503424));
#9162=CARTESIAN_POINT('Ctrl Pts',(138.761362247476,94.5683727856265,0.376967148503423));
#9163=CARTESIAN_POINT('Ctrl Pts',(138.761870344675,94.6373112099544,0.376967148503424));
#9164=CARTESIAN_POINT('Ctrl Pts',(138.761871879374,94.6645242251074,0.376967148503424));
#9165=CARTESIAN_POINT('Ctrl Pts',(138.421763510528,91.9056902021691,1.16340078711538));
#9166=CARTESIAN_POINT('Ctrl Pts',(138.536713996455,92.1508906337628,1.16340078711538));
#9167=CARTESIAN_POINT('Ctrl Pts',(138.736766662631,92.6607965041512,1.16340078711538));
#9168=CARTESIAN_POINT('Ctrl Pts',(138.904917042685,93.3180525831727,1.16340078711538));
#9169=CARTESIAN_POINT('Ctrl Pts',(138.989662676416,93.8559814909167,1.16340078711538));
#9170=CARTESIAN_POINT('Ctrl Pts',(139.021544547822,94.1928812728389,1.16340078711538));
#9171=CARTESIAN_POINT('Ctrl Pts',(139.032683864498,94.4325127269085,1.16340078711538));
#9172=CARTESIAN_POINT('Ctrl Pts',(139.035867788609,94.5646322214324,1.16340078711538));
#9173=CARTESIAN_POINT('Ctrl Pts',(139.036398580243,94.6384694708414,1.16340078711538));
#9174=CARTESIAN_POINT('Ctrl Pts',(139.036400000256,94.6645092544188,1.16340078711538));
#9175=CARTESIAN_POINT('Ctrl Pts',(138.421763510528,91.9056902021691,1.5));
#9176=CARTESIAN_POINT('Ctrl Pts',(138.536713996455,92.1508906337628,1.5));
#9177=CARTESIAN_POINT('Ctrl Pts',(138.736766662631,92.6607965041512,1.5));
#9178=CARTESIAN_POINT('Ctrl Pts',(138.904917042685,93.3180525831727,1.5));
#9179=CARTESIAN_POINT('Ctrl Pts',(138.989662676416,93.8559814909167,1.5));
#9180=CARTESIAN_POINT('Ctrl Pts',(139.021544547822,94.1928812728389,1.5));
#9181=CARTESIAN_POINT('Ctrl Pts',(139.032683864498,94.4325127269085,1.5));
#9182=CARTESIAN_POINT('Ctrl Pts',(139.035867788609,94.5646322214324,1.5));
#9183=CARTESIAN_POINT('Ctrl Pts',(139.036398580243,94.6384694708414,1.5));
#9184=CARTESIAN_POINT('Ctrl Pts',(139.036400000256,94.6645092544188,1.5));
#9185=CARTESIAN_POINT('',(138.421763510528,91.905690202169,1.5));
#9186=CARTESIAN_POINT('Ctrl Pts',(139.036399999997,94.6645045667479,1.5));
#9187=CARTESIAN_POINT('Ctrl Pts',(139.036398548391,94.6384650402426,1.5));
#9188=CARTESIAN_POINT('Ctrl Pts',(139.035867740846,94.5646302394741,1.5));
#9189=CARTESIAN_POINT('Ctrl Pts',(139.032683864498,94.4325127269085,1.5));
#9190=CARTESIAN_POINT('Ctrl Pts',(139.021544547822,94.1928812728389,1.5));
#9191=CARTESIAN_POINT('Ctrl Pts',(138.989662676416,93.8559814909167,1.5));
#9192=CARTESIAN_POINT('Ctrl Pts',(138.904917042685,93.3180525831727,1.5));
#9193=CARTESIAN_POINT('Ctrl Pts',(138.736766662631,92.6607965041512,1.5));
#9194=CARTESIAN_POINT('Ctrl Pts',(138.536713996455,92.1508906337628,1.5));
#9195=CARTESIAN_POINT('Ctrl Pts',(138.421763510528,91.9056902021691,1.5));
#9196=CARTESIAN_POINT('Origin',(137.063602319967,92.5423990684929,1.5));
#9197=CARTESIAN_POINT('Origin',(132.344535093472,82.475147611437,1.5));
#9198=CARTESIAN_POINT('',(131.579334244433,77.3086411008639,1.5));
#9199=CARTESIAN_POINT('Origin',(130.221148075372,77.9452966829265,1.5));
#9200=CARTESIAN_POINT('',(133.702721262533,81.8384920293744,1.5));
#9201=CARTESIAN_POINT('Ctrl Pts',(128.354738801243,75.8342242047353,0.));
#9202=CARTESIAN_POINT('Ctrl Pts',(128.383430999309,75.8522602315848,0.));
#9203=CARTESIAN_POINT('Ctrl Pts',(128.440510144121,75.8889683057393,0.));
#9204=CARTESIAN_POINT('Ctrl Pts',(128.553215289399,75.9646924447732,0.));
#9205=CARTESIAN_POINT('Ctrl Pts',(128.857654413424,76.1832928636519,0.));
#9206=CARTESIAN_POINT('Ctrl Pts',(129.522478561761,76.7709855907679,0.));
#9207=CARTESIAN_POINT('Ctrl Pts',(129.990996777855,77.4542792112428,0.));
#9208=CARTESIAN_POINT('Ctrl Pts',(130.221131869528,77.9452621096304,0.));
#9209=CARTESIAN_POINT('Ctrl Pts',(128.593585668782,75.4542601645316,0.));
#9210=CARTESIAN_POINT('Ctrl Pts',(128.624840025431,75.4739035419949,0.));
#9211=CARTESIAN_POINT('Ctrl Pts',(128.687061649287,75.5139259086938,0.));
#9212=CARTESIAN_POINT('Ctrl Pts',(128.809854545641,75.5964168090561,0.));
#9213=CARTESIAN_POINT('Ctrl Pts',(129.141656168178,75.8346665650731,0.));
#9214=CARTESIAN_POINT('Ctrl Pts',(129.866111978036,76.4750927418847,0.));
#9215=CARTESIAN_POINT('Ctrl Pts',(130.376648864136,77.219561469964,0.));
#9216=CARTESIAN_POINT('Ctrl Pts',(130.627505069822,77.7547855492245,0.));
#9217=CARTESIAN_POINT('Ctrl Pts',(129.006928768227,74.7967028112647,0.376959983971763));
#9218=CARTESIAN_POINT('Ctrl Pts',(129.036898621244,74.8155403651867,0.376959983971763));
#9219=CARTESIAN_POINT('Ctrl Pts',(129.11243851734,74.8640596544029,0.376959983971765));
#9220=CARTESIAN_POINT('Ctrl Pts',(129.250310916539,74.9567930648255,0.376959983971762));
#9221=CARTESIAN_POINT('Ctrl Pts',(129.631508230653,75.2303231380413,0.376959983971766));
#9222=CARTESIAN_POINT('Ctrl Pts',(130.457263178446,75.9607890973174,0.376959983971761));
#9223=CARTESIAN_POINT('Ctrl Pts',(131.044203765551,76.8137675944352,0.376959983971766));
#9224=CARTESIAN_POINT('Ctrl Pts',(131.330765530682,77.425151032093,0.376959983971763));
#9225=CARTESIAN_POINT('Ctrl Pts',(129.153025653073,74.5642879456279,1.16340078711538));
#9226=CARTESIAN_POINT('Ctrl Pts',(129.181717851139,74.5823239724774,1.16340078711538));
#9227=CARTESIAN_POINT('Ctrl Pts',(129.262601561778,74.6342442252031,1.16340078711538));
#9228=CARTESIAN_POINT('Ctrl Pts',(129.405461313605,74.7303864468797,1.16340078711538));
#9229=CARTESIAN_POINT('Ctrl Pts',(129.8044118472,75.0165701411142,1.16340078711538));
#9230=CARTESIAN_POINT('Ctrl Pts',(130.665697778332,75.7786851741431,1.16340078711538));
#9231=CARTESIAN_POINT('Ctrl Pts',(131.280174455497,76.6703971060653,1.16340078711538));
#9232=CARTESIAN_POINT('Ctrl Pts',(131.579334244433,77.3086411008639,1.16340078711538));
#9233=CARTESIAN_POINT('Ctrl Pts',(129.153025653073,74.5642879456279,1.5));
#9234=CARTESIAN_POINT('Ctrl Pts',(129.181717851139,74.5823239724774,1.5));
#9235=CARTESIAN_POINT('Ctrl Pts',(129.262601561778,74.6342442252031,1.5));
#9236=CARTESIAN_POINT('Ctrl Pts',(129.405461313605,74.7303864468797,1.5));
#9237=CARTESIAN_POINT('Ctrl Pts',(129.8044118472,75.0165701411142,1.5));
#9238=CARTESIAN_POINT('Ctrl Pts',(130.665697778332,75.7786851741431,1.5));
#9239=CARTESIAN_POINT('Ctrl Pts',(131.280174455497,76.6703971060653,1.5));
#9240=CARTESIAN_POINT('Ctrl Pts',(131.579334244433,77.3086411008639,1.5));
#9241=CARTESIAN_POINT('',(129.153025653073,74.5642879456279,1.5));
#9242=CARTESIAN_POINT('Ctrl Pts',(129.153025653073,74.5642879456279,1.5));
#9243=CARTESIAN_POINT('Ctrl Pts',(129.153027680083,74.5642892198147,1.16340078736253));
#9244=CARTESIAN_POINT('Ctrl Pts',(129.090416385877,74.6638966319594,0.826354728672301));
#9245=CARTESIAN_POINT('Ctrl Pts',(128.978719301409,74.8415915963336,0.564519432840171));
#9246=CARTESIAN_POINT('Ctrl Pts',(128.82978985526,75.0785182158035,0.215405704615421));
#9247=CARTESIAN_POINT('Ctrl Pts',(128.593597155309,75.4542673847147,9.14789070628511E-12));
#9248=CARTESIAN_POINT('Ctrl Pts',(128.354752990319,75.8342331240437,2.91370781256464E-22));
#9249=CARTESIAN_POINT('Ctrl Pts',(131.579334244433,77.3086411008639,1.5));
#9250=CARTESIAN_POINT('Ctrl Pts',(131.280174455497,76.6703971060653,1.5));
#9251=CARTESIAN_POINT('Ctrl Pts',(130.665697778332,75.7786851741431,1.5));
#9252=CARTESIAN_POINT('Ctrl Pts',(129.8044118472,75.0165701411142,1.5));
#9253=CARTESIAN_POINT('Ctrl Pts',(129.405461313605,74.7303864468797,1.5));
#9254=CARTESIAN_POINT('Ctrl Pts',(129.262601561778,74.6342442252031,1.5));
#9255=CARTESIAN_POINT('Ctrl Pts',(129.181717851139,74.5823239724774,1.5));
#9256=CARTESIAN_POINT('Ctrl Pts',(129.153025653073,74.5642879456279,1.5));
#9257=CARTESIAN_POINT('Origin',(111.173526834052,65.0345834422323,1.5));
#9258=CARTESIAN_POINT('',(113.40149548116,64.6633061261735,1.5));
#9259=CARTESIAN_POINT('Ctrl Pts',(113.40149548116,64.6633061261736,1.50000000000001));
#9260=CARTESIAN_POINT('Ctrl Pts',(113.401496069402,64.6633064959266,1.43990224322383));
#9261=CARTESIAN_POINT('Ctrl Pts',(113.399572278746,64.6663683713798,1.37980469535862));
#9262=CARTESIAN_POINT('Ctrl Pts',(113.395737979848,64.672469685625,1.32014053118572));
#9263=CARTESIAN_POINT('Ctrl Pts',(113.391903816964,64.6785707834377,1.26047848348613));
#9264=CARTESIAN_POINT('Ctrl Pts',(113.3861593082,64.6877110617403,1.20125020345154));
#9265=CARTESIAN_POINT('Ctrl Pts',(113.378545860485,64.6998246460046,1.14288257007986));
#9266=CARTESIAN_POINT('Ctrl Pts',(113.370932661337,64.7119378347794,1.0845168423199));
#9267=CARTESIAN_POINT('Ctrl Pts',(113.361450698341,64.7270240509447,1.02701211064843));
#9268=CARTESIAN_POINT('Ctrl Pts',(113.350168311118,64.7449745725957,0.970782804841743));
#9269=CARTESIAN_POINT('Ctrl Pts',(113.338886260385,64.7629245588824,0.914555176042927));
#9270=CARTESIAN_POINT('Ctrl Pts',(113.325803971359,64.7837385548507,0.859603287720857));
#9271=CARTESIAN_POINT('Ctrl Pts',(113.311015725172,64.8072665680945,0.80632314804134));
#9272=CARTESIAN_POINT('Ctrl Pts',(113.296227878284,64.8307939460564,0.753044446983571));
#9273=CARTESIAN_POINT('Ctrl Pts',(113.279734269236,64.8570350310637,0.701437774426589));
#9274=CARTESIAN_POINT('Ctrl Pts',(113.26165375627,64.8858007308413,0.65187501135835));
#9275=CARTESIAN_POINT('Ctrl Pts',(113.243415012563,64.9148181722601,0.601878502147625));
#9276=CARTESIAN_POINT('Ctrl Pts',(113.223561563492,64.9464044579322,0.553962232245908));
#9277=CARTESIAN_POINT('Ctrl Pts',(113.202238988116,64.9803279852788,0.508477545993685));
#9278=CARTESIAN_POINT('Ctrl Pts',(113.181097902624,65.0139627680937,0.463380008586505));
#9279=CARTESIAN_POINT('Ctrl Pts',(113.158512772487,65.049894890022,0.420673105740427));
#9280=CARTESIAN_POINT('Ctrl Pts',(113.134646405543,65.0878653391163,0.380664687682771));
#9281=CARTESIAN_POINT('Ctrl Pts',(113.110781806277,65.1258329759049,0.340659232874364));
#9282=CARTESIAN_POINT('Ctrl Pts',(113.085636326133,65.1658383736124,0.303352140786113));
#9283=CARTESIAN_POINT('Ctrl Pts',(113.05939120229,65.2075932009429,0.26901229767454));
#9284=CARTESIAN_POINT('Ctrl Pts',(113.033147725762,65.249345407468,0.234674609955522));
#9285=CARTESIAN_POINT('Ctrl Pts',(113.005804926145,65.2928465335588,0.203304036949304));
#9286=CARTESIAN_POINT('Ctrl Pts',(112.977559852841,65.3377830921604,0.175126649863935));
#9287=CARTESIAN_POINT('Ctrl Pts',(112.948885034751,65.3834033541304,0.14652054782883));
#9288=CARTESIAN_POINT('Ctrl Pts',(112.919280451001,65.4305027857534,0.121205866120585));
#9289=CARTESIAN_POINT('Ctrl Pts',(112.888965977509,65.4787315851389,0.0993706153751879));
#9290=CARTESIAN_POINT('Ctrl Pts',(112.859103885522,65.5262406683522,0.0778612110802044));
#9291=CARTESIAN_POINT('Ctrl Pts',(112.828553170593,65.5748452858521,0.059728195221834));
#9292=CARTESIAN_POINT('Ctrl Pts',(112.797534028379,65.6241951270725,0.0451022598145305));
#9293=CARTESIAN_POINT('Ctrl Pts',(112.765810021638,65.6746663710782,0.0301439714695713));
#9294=CARTESIAN_POINT('Ctrl Pts',(112.733596263502,65.7259167634569,0.018854273197228));
#9295=CARTESIAN_POINT('Ctrl Pts',(112.701135583701,65.7775599849651,0.011318266002063));
#9296=CARTESIAN_POINT('Ctrl Pts',(112.668674903899,65.8292032064734,0.00378225880689798));
#9297=CARTESIAN_POINT('Ctrl Pts',(112.635967549298,65.881238864369,-5.90518538170587E-16));
#9298=CARTESIAN_POINT('Ctrl Pts',(112.603260070326,65.9332747201288,-2.22044604925031E-16));
#9299=CARTESIAN_POINT('',(111.97178530753,63.7646293448253,1.5));
#9300=CARTESIAN_POINT('Ctrl Pts',(108.994048730685,65.2573063847743,0.));
#9301=CARTESIAN_POINT('Ctrl Pts',(109.521412640714,65.1554282620958,0.));
#9302=CARTESIAN_POINT('Ctrl Pts',(110.246609220601,65.1340037625573,0.));
#9303=CARTESIAN_POINT('Ctrl Pts',(111.127753879303,65.2992405907153,0.));
#9304=CARTESIAN_POINT('Ctrl Pts',(111.642817473061,65.4542781013555,0.));
#9305=CARTESIAN_POINT('Ctrl Pts',(112.055709374789,65.6288578075983,0.));
#9306=CARTESIAN_POINT('Ctrl Pts',(112.333645580818,65.7737501280451,0.));
#9307=CARTESIAN_POINT('Ctrl Pts',(112.488958593356,65.8628541212521,0.));
#9308=CARTESIAN_POINT('Ctrl Pts',(112.565389878721,65.9094724704819,0.));
#9309=CARTESIAN_POINT('Ctrl Pts',(112.603285776812,65.9332908772217,0.));
#9310=CARTESIAN_POINT('Ctrl Pts',(108.908921992006,64.8166546670388,0.));
#9311=CARTESIAN_POINT('Ctrl Pts',(109.483796634194,64.7055982443147,0.));
#9312=CARTESIAN_POINT('Ctrl Pts',(110.274957884124,64.6829969417037,0.));
#9313=CARTESIAN_POINT('Ctrl Pts',(111.235400424551,64.8630779599329,0.));
#9314=CARTESIAN_POINT('Ctrl Pts',(111.797217538516,65.0323772562145,0.));
#9315=CARTESIAN_POINT('Ctrl Pts',(112.246893958107,65.2224821578305,0.));
#9316=CARTESIAN_POINT('Ctrl Pts',(112.550633573994,65.3809290683799,0.));
#9317=CARTESIAN_POINT('Ctrl Pts',(112.718927012854,65.477432266248,0.));
#9318=CARTESIAN_POINT('Ctrl Pts',(112.804214454667,65.5294944186079,0.));
#9319=CARTESIAN_POINT('Ctrl Pts',(112.842110352758,65.5533128253477,0.));
#9320=CARTESIAN_POINT('Ctrl Pts',(108.761546342976,64.053776470307,0.376609959919322));
#9321=CARTESIAN_POINT('Ctrl Pts',(109.418023333535,63.9269558022484,0.376609959919322));
#9322=CARTESIAN_POINT('Ctrl Pts',(110.32541862593,63.9028684352574,0.376609959919322));
#9323=CARTESIAN_POINT('Ctrl Pts',(111.422202227425,64.1084746036592,0.376609959919322));
#9324=CARTESIAN_POINT('Ctrl Pts',(112.064946214829,64.3023894846429,0.376609959919322));
#9325=CARTESIAN_POINT('Ctrl Pts',(112.578264538836,64.519251626688,0.376609959919322));
#9326=CARTESIAN_POINT('Ctrl Pts',(112.926494471175,64.7010137195541,0.376609959919322));
#9327=CARTESIAN_POINT('Ctrl Pts',(113.117140965446,64.8102372073267,0.376609959919322));
#9328=CARTESIAN_POINT('Ctrl Pts',(113.217679453212,64.8716574935621,0.376609959919322));
#9329=CARTESIAN_POINT('Ctrl Pts',(113.255575351303,64.8954759003019,0.376609959919322));
#9330=CARTESIAN_POINT('Ctrl Pts',(108.709533564433,63.784536504524,1.16340078711538));
#9331=CARTESIAN_POINT('Ctrl Pts',(109.395106169474,63.652095037383,1.16340078711538));
#9332=CARTESIAN_POINT('Ctrl Pts',(110.342598784014,63.6272324039607,1.16340078711538));
#9333=CARTESIAN_POINT('Ctrl Pts',(111.487929942318,63.8419261663342,1.16340078711538));
#9334=CARTESIAN_POINT('Ctrl Pts',(112.159242063293,64.0445627193163,1.16340078711538));
#9335=CARTESIAN_POINT('Ctrl Pts',(112.69504008656,64.2709231356323,1.16340078711538));
#9336=CARTESIAN_POINT('Ctrl Pts',(113.059054554195,64.4609825610319,1.16340078711538));
#9337=CARTESIAN_POINT('Ctrl Pts',(113.257644311153,64.5747361306387,1.16340078711538));
#9338=CARTESIAN_POINT('Ctrl Pts',(113.363602226385,64.6394893808163,1.16340078711538));
#9339=CARTESIAN_POINT('Ctrl Pts',(113.401498124477,64.6633077875561,1.16340078711538));
#9340=CARTESIAN_POINT('Ctrl Pts',(108.709533564433,63.784536504524,1.5));
#9341=CARTESIAN_POINT('Ctrl Pts',(109.394984745937,63.6521184944338,1.5));
#9342=CARTESIAN_POINT('Ctrl Pts',(110.342856735344,63.6273587478116,1.5));
#9343=CARTESIAN_POINT('Ctrl Pts',(111.488011826744,63.8420200636984,1.5));
#9344=CARTESIAN_POINT('Ctrl Pts',(112.159321120416,64.0446425950924,1.5));
#9345=CARTESIAN_POINT('Ctrl Pts',(112.695111438562,64.2709804751818,1.5));
#9346=CARTESIAN_POINT('Ctrl Pts',(113.059091970231,64.4610116816963,1.5));
#9347=CARTESIAN_POINT('Ctrl Pts',(113.257659460814,64.5747485323175,1.5));
#9348=CARTESIAN_POINT('Ctrl Pts',(113.363602226385,64.6394893808163,1.5));
#9349=CARTESIAN_POINT('Ctrl Pts',(113.401498124477,64.6633077875561,1.5));
#9350=CARTESIAN_POINT('',(108.709533564433,63.784536504524,1.5));
#9351=CARTESIAN_POINT('Ctrl Pts',(113.401495481136,64.6633061261596,1.5));
#9352=CARTESIAN_POINT('Ctrl Pts',(113.363599763145,64.6394878755485,1.5));
#9353=CARTESIAN_POINT('Ctrl Pts',(113.257658306607,64.5747478712027,1.5));
#9354=CARTESIAN_POINT('Ctrl Pts',(113.059091970231,64.4610116816963,1.5));
#9355=CARTESIAN_POINT('Ctrl Pts',(112.695111438562,64.2709804751818,1.5));
#9356=CARTESIAN_POINT('Ctrl Pts',(112.159321120416,64.0446425950924,1.5));
#9357=CARTESIAN_POINT('Ctrl Pts',(111.488011826744,63.8420200636984,1.5));
#9358=CARTESIAN_POINT('Ctrl Pts',(110.342856735344,63.6273587478116,1.5));
#9359=CARTESIAN_POINT('Ctrl Pts',(109.394984745937,63.6521184944338,1.5));
#9360=CARTESIAN_POINT('Ctrl Pts',(108.709533564433,63.784536504524,1.5));
#9361=CARTESIAN_POINT('Origin',(108.994048730685,65.2573063847743,1.5));
#9362=CARTESIAN_POINT('Origin',(47.906304172701,77.0583166957667,1.5));
#9363=CARTESIAN_POINT('',(24.3032506547851,80.0902525223003,1.5));
#9364=CARTESIAN_POINT('Origin',(24.5877623925232,81.5630230648796,1.5));
#9365=CARTESIAN_POINT('',(47.6217924349629,75.5855461531875,1.5));
#9366=CARTESIAN_POINT('Ctrl Pts',(20.5362999998494,86.4723129574894,0.));
#9367=CARTESIAN_POINT('Ctrl Pts',(20.5362829897633,85.4866266689169,0.));
#9368=CARTESIAN_POINT('Ctrl Pts',(21.2356673415573,83.1846101960384,0.));
#9369=CARTESIAN_POINT('Ctrl Pts',(23.297415931922,81.8123283997528,0.));
#9370=CARTESIAN_POINT('Ctrl Pts',(24.5878003740916,81.5630157270425,0.));
#9371=CARTESIAN_POINT('Ctrl Pts',(20.0875010494034,86.4723207024574,0.));
#9372=CARTESIAN_POINT('Ctrl Pts',(20.0874825177802,85.39846564737,0.));
#9373=CARTESIAN_POINT('Ctrl Pts',(20.8490924868692,82.8887595483887,0.));
#9374=CARTESIAN_POINT('Ctrl Pts',(23.0968551059065,81.3939794777833,0.));
#9375=CARTESIAN_POINT('Ctrl Pts',(24.5026632971567,81.1223660066155,0.));
#9376=CARTESIAN_POINT('Ctrl Pts',(19.3104555403584,86.4723341120088,0.376535029077992));
#9377=CARTESIAN_POINT('Ctrl Pts',(19.3104343954098,85.2470442531689,0.376535029077992));
#9378=CARTESIAN_POINT('Ctrl Pts',(20.1805233321442,82.3782649481972,0.376535029077992));
#9379=CARTESIAN_POINT('Ctrl Pts',(22.7512029525945,80.6693463275947,0.376535029077992));
#9380=CARTESIAN_POINT('Ctrl Pts',(24.3552579094663,80.3594299837495,0.376535029077992));
#9381=CARTESIAN_POINT('Ctrl Pts',(19.0363000000727,86.4723388431381,1.16340078711538));
#9382=CARTESIAN_POINT('Ctrl Pts',(19.0362779233334,85.1930543535429,1.16340078711538));
#9383=CARTESIAN_POINT('Ctrl Pts',(19.9442958926379,82.1973471883811,1.16340078711538));
#9384=CARTESIAN_POINT('Ctrl Pts',(22.6285100916595,80.4138258948893,1.16340078711538));
#9385=CARTESIAN_POINT('Ctrl Pts',(24.3032506547651,80.0902525223042,1.16340078711538));
#9386=CARTESIAN_POINT('Ctrl Pts',(19.0363000000727,86.4723388431381,1.5));
#9387=CARTESIAN_POINT('Ctrl Pts',(19.036277927222,85.1932796871255,1.5));
#9388=CARTESIAN_POINT('Ctrl Pts',(19.9444330284487,82.1976682821292,1.5));
#9389=CARTESIAN_POINT('Ctrl Pts',(22.6288050810069,80.4137689005702,1.5));
#9390=CARTESIAN_POINT('Ctrl Pts',(24.3032506547651,80.0902525223042,1.5));
#9391=CARTESIAN_POINT('',(19.0363000000718,86.4723388431391,1.5));
#9392=CARTESIAN_POINT('Ctrl Pts',(24.3032506547651,80.0902525223042,1.5));
#9393=CARTESIAN_POINT('Ctrl Pts',(22.6288050810069,80.4137689005702,1.5));
#9394=CARTESIAN_POINT('Ctrl Pts',(19.9444330284487,82.1976682821292,1.5));
#9395=CARTESIAN_POINT('Ctrl Pts',(19.036277927222,85.1932796871255,1.5));
#9396=CARTESIAN_POINT('Ctrl Pts',(19.0363000000727,86.4723388431381,1.5));
#9397=CARTESIAN_POINT('Origin',(20.5362999998494,86.4723129574894,1.5));
#9398=CARTESIAN_POINT('Origin',(20.5363000002967,124.218257004065,1.5));
#9399=CARTESIAN_POINT('',(19.0363000003634,135.447649563467,1.5));
#9400=CARTESIAN_POINT('Origin',(20.5363000003634,135.447649563458,1.5));
#9401=CARTESIAN_POINT('',(19.0363000002967,124.218257004074,1.5));
#9402=CARTESIAN_POINT('Ctrl Pts',(22.6402928612526,139.523665879475,0.));
#9403=CARTESIAN_POINT('Ctrl Pts',(21.900384949474,138.997950012721,0.));
#9404=CARTESIAN_POINT('Ctrl Pts',(20.8647301354696,137.717360424858,0.));
#9405=CARTESIAN_POINT('Ctrl Pts',(20.5362901904084,136.128413788921,0.));
#9406=CARTESIAN_POINT('Ctrl Pts',(20.5363000002076,135.447671179124,0.));
#9407=CARTESIAN_POINT('Ctrl Pts',(22.3803479945944,139.889519899926,-7.69591402925379E-16));
#9408=CARTESIAN_POINT('Ctrl Pts',(21.573853874999,139.316493516012,-9.71954005209787E-16));
#9409=CARTESIAN_POINT('Ctrl Pts',(20.4452155621593,137.921413847354,-4.3196397846646E-16));
#9410=CARTESIAN_POINT('Ctrl Pts',(20.0874903571351,136.189668962271,0.));
#9411=CARTESIAN_POINT('Ctrl Pts',(20.0875010497414,135.447664711734,0.));
#9412=CARTESIAN_POINT('Ctrl Pts',(21.9303132674366,140.522911958748,0.376599120767859));
#9413=CARTESIAN_POINT('Ctrl Pts',(21.0094535996777,139.868627106959,0.376599120767858));
#9414=CARTESIAN_POINT('Ctrl Pts',(19.7193979743884,138.273677216843,0.376599120767859));
#9415=CARTESIAN_POINT('Ctrl Pts',(19.3104967201183,136.294878070913,0.37659912076786));
#9416=CARTESIAN_POINT('Ctrl Pts',(19.3105089289954,135.447653514937,0.37659912076786));
#9417=CARTESIAN_POINT('Ctrl Pts',(21.7714911415923,140.746442871374,1.16340078711538));
#9418=CARTESIAN_POINT('Ctrl Pts',(20.8098540211529,140.063185016947,1.16340078711538));
#9419=CARTESIAN_POINT('Ctrl Pts',(19.4630322100324,138.398454742383,1.16340078711538));
#9420=CARTESIAN_POINT('Ctrl Pts',(19.0362872508545,136.332390802526,1.16340078711538));
#9421=CARTESIAN_POINT('Ctrl Pts',(19.0363000003634,135.447649563467,1.16340078711538));
#9422=CARTESIAN_POINT('Ctrl Pts',(21.7714911415923,140.746442871374,1.5));
#9423=CARTESIAN_POINT('Ctrl Pts',(20.8100241960272,140.063305928793,1.5));
#9424=CARTESIAN_POINT('Ctrl Pts',(19.4631208004352,138.398266857376,1.5));
#9425=CARTESIAN_POINT('Ctrl Pts',(19.0362872531107,136.332234235688,1.5));
#9426=CARTESIAN_POINT('Ctrl Pts',(19.0363000003634,135.447649563467,1.5));
#9427=CARTESIAN_POINT('',(21.7714911415923,140.746442871374,1.5));
#9428=CARTESIAN_POINT('Ctrl Pts',(19.0363000003634,135.447649563467,1.5));
#9429=CARTESIAN_POINT('Ctrl Pts',(19.0362872531107,136.332234235688,1.5));
#9430=CARTESIAN_POINT('Ctrl Pts',(19.4631208004352,138.398266857376,1.5));
#9431=CARTESIAN_POINT('Ctrl Pts',(20.8100241960272,140.063305928793,1.5));
#9432=CARTESIAN_POINT('Ctrl Pts',(21.7714911415923,140.746442871374,1.5));
#9433=CARTESIAN_POINT('Origin',(22.6402928612526,139.523665879475,1.5));
#9434=CARTESIAN_POINT('Origin',(43.8681614591989,154.606580475918,1.5));
#9435=CARTESIAN_POINT('',(39.2796164621809,153.18638980888,1.5));
#9436=CARTESIAN_POINT('Origin',(40.1484254505778,151.963617981563,1.5));
#9437=CARTESIAN_POINT('',(42.9993524708021,155.829352303235,1.5));
#9438=CARTESIAN_POINT('Ctrl Pts',(40.9569860539031,152.431147439033,0.));
#9439=CARTESIAN_POINT('Ctrl Pts',(40.9165150087703,152.412550653912,0.));
#9440=CARTESIAN_POINT('Ctrl Pts',(40.7958468881473,152.355139133598,0.));
#9441=CARTESIAN_POINT('Ctrl Pts',(40.5198061952627,152.209967689685,0.));
#9442=CARTESIAN_POINT('Ctrl Pts',(40.2936837084196,152.066832952459,0.));
#9443=CARTESIAN_POINT('Ctrl Pts',(40.1484560055347,151.963639692174,0.));
#9444=CARTESIAN_POINT('Ctrl Pts',(40.7695959364667,152.838953081304,0.));
#9445=CARTESIAN_POINT('Ctrl Pts',(40.7291248913339,152.820356296184,0.));
#9446=CARTESIAN_POINT('Ctrl Pts',(40.5950884245003,152.756632771392,0.));
#9447=CARTESIAN_POINT('Ctrl Pts',(40.2956931759795,152.599078386397,0.));
#9448=CARTESIAN_POINT('Ctrl Pts',(40.0468205630861,152.441982344833,0.));
#9449=CARTESIAN_POINT('Ctrl Pts',(39.8884998220539,152.329485671586,0.));
#9450=CARTESIAN_POINT('Ctrl Pts',(40.4451801337054,153.544959335092,0.376619447766101));
#9451=CARTESIAN_POINT('Ctrl Pts',(40.4047090885726,153.526362549972,0.376619447766101));
#9452=CARTESIAN_POINT('Ctrl Pts',(40.2475078486941,153.451679925113,0.3766194477661));
#9453=CARTESIAN_POINT('Ctrl Pts',(39.9079699867147,153.272839913139,0.376619447766101));
#9454=CARTESIAN_POINT('Ctrl Pts',(39.6192640788173,153.091325813526,0.376619447766101));
#9455=CARTESIAN_POINT('Ctrl Pts',(39.4384553100999,152.96285000649,0.376619447766101));
#9456=CARTESIAN_POINT('Ctrl Pts',(40.3306807208949,153.794137398587,1.16340078711538));
#9457=CARTESIAN_POINT('Ctrl Pts',(40.2902096757621,153.775540613467,1.16340078711538));
#9458=CARTESIAN_POINT('Ctrl Pts',(40.124842211486,153.697004399796,1.16340078711538));
#9459=CARTESIAN_POINT('Ctrl Pts',(39.77100500976,153.510582801506,1.16340078711538));
#9460=CARTESIAN_POINT('Ctrl Pts',(39.4684434190638,153.320563034259,1.16340078711538));
#9461=CARTESIAN_POINT('Ctrl Pts',(39.279616462181,153.18638980888,1.16340078711538));
#9462=CARTESIAN_POINT('Ctrl Pts',(40.3306807208949,153.794137398587,1.5));
#9463=CARTESIAN_POINT('Ctrl Pts',(40.2902096757621,153.775540613467,1.5));
#9464=CARTESIAN_POINT('Ctrl Pts',(40.1248382755754,153.696998503023,1.5));
#9465=CARTESIAN_POINT('Ctrl Pts',(39.7710551823734,153.510605331905,1.5));
#9466=CARTESIAN_POINT('Ctrl Pts',(39.4684099570873,153.320539257456,1.5));
#9467=CARTESIAN_POINT('Ctrl Pts',(39.279616462181,153.18638980888,1.5));
#9468=CARTESIAN_POINT('',(40.3306807208949,153.794137398587,1.5));
#9469=CARTESIAN_POINT('Ctrl Pts',(40.3306807208949,153.794137398587,1.5));
#9470=CARTESIAN_POINT('Ctrl Pts',(40.3306770577987,153.794135715364,1.16340078711538));
#9471=CARTESIAN_POINT('Ctrl Pts',(40.3797445714767,153.687343433426,0.826208784537117));
#9472=CARTESIAN_POINT('Ctrl Pts',(40.4673681567874,153.496643932862,0.564352639596581));
#9473=CARTESIAN_POINT('Ctrl Pts',(40.5841996038615,153.242377932124,0.215211113029839));
#9474=CARTESIAN_POINT('Ctrl Pts',(40.7695751783242,152.83894354276,2.5443509009881E-11));
#9475=CARTESIAN_POINT('Ctrl Pts',(40.95696041223,152.431135656469,2.25605967201931E-21));
#9476=CARTESIAN_POINT('Ctrl Pts',(39.279616462181,153.18638980888,1.5));
#9477=CARTESIAN_POINT('Ctrl Pts',(39.4684099570873,153.320539257456,1.5));
#9478=CARTESIAN_POINT('Ctrl Pts',(39.7710551823734,153.510605331905,1.5));
#9479=CARTESIAN_POINT('Ctrl Pts',(40.1248382755754,153.696998503023,1.5));
#9480=CARTESIAN_POINT('Ctrl Pts',(40.2902096757621,153.775540613467,1.5));
#9481=CARTESIAN_POINT('Ctrl Pts',(40.3306807208949,153.794137398587,1.5));
#9482=CARTESIAN_POINT('Origin',(58.0201718105636,160.271047031385,1.5));
#9483=CARTESIAN_POINT('',(57.9788343069538,161.902807965672,1.5));
#9484=CARTESIAN_POINT('Ctrl Pts',(57.9788343069537,161.902807965672,1.5));
#9485=CARTESIAN_POINT('Ctrl Pts',(57.9788332820914,161.902807494786,1.43990224322382));
#9486=CARTESIAN_POINT('Ctrl Pts',(57.9803419813561,161.899521177836,1.37980469535861));
#9487=CARTESIAN_POINT('Ctrl Pts',(57.983349522866,161.892972698744,1.32014053118571));
#9488=CARTESIAN_POINT('Ctrl Pts',(57.986356957689,161.886424451947,1.26047848348613));
#9489=CARTESIAN_POINT('Ctrl Pts',(57.9908631073803,161.876614320238,1.20125020345154));
#9490=CARTESIAN_POINT('Ctrl Pts',(57.9968354871516,161.863613005286,1.14288257007987));
#9491=CARTESIAN_POINT('Ctrl Pts',(58.002807671934,161.850612114806,1.08451684231991));
#9492=CARTESIAN_POINT('Ctrl Pts',(58.0102459494242,161.834420340066,1.02701211064844));
#9493=CARTESIAN_POINT('Ctrl Pts',(58.0190967054536,161.815154369873,0.970782804841762));
#9494=CARTESIAN_POINT('Ctrl Pts',(58.0279471975141,161.795888974276,0.914555176042929));
#9495=CARTESIAN_POINT('Ctrl Pts',(58.0382100222436,161.773549700705,0.859603287720841));
#9496=CARTESIAN_POINT('Ctrl Pts',(58.0498112136996,161.748297532677,0.80632314804131));
#9497=CARTESIAN_POINT('Ctrl Pts',(58.0614120919107,161.723046046486,0.753044446983535));
#9498=CARTESIAN_POINT('Ctrl Pts',(58.0743511838643,161.694881998801,0.701437774426548));
#9499=CARTESIAN_POINT('Ctrl Pts',(58.0885352422506,161.664008338162,0.651875011358304));
#9500=CARTESIAN_POINT('Ctrl Pts',(58.1028434317431,161.632864488163,0.601878502147583));
#9501=CARTESIAN_POINT('Ctrl Pts',(58.1184183986085,161.598963554687,0.553962232245869));
#9502=CARTESIAN_POINT('Ctrl Pts',(58.1351459323781,161.562554111639,0.508477545993649));
#9503=CARTESIAN_POINT('Ctrl Pts',(58.1517310875602,161.526454572318,0.463380008586472));
#9504=CARTESIAN_POINT('Ctrl Pts',(58.1694491324466,161.487889349957,0.420673105740397));
#9505=CARTESIAN_POINT('Ctrl Pts',(58.1881723401526,161.447136436325,0.380664687682744));
#9506=CARTESIAN_POINT('Ctrl Pts',(58.2068941611121,161.406386541084,0.340659232874339));
#9507=CARTESIAN_POINT('Ctrl Pts',(58.2266208656569,161.363449562312,0.303352140786088));
#9508=CARTESIAN_POINT('Ctrl Pts',(58.2472102686152,161.318634959586,0.269012297674517));
#9509=CARTESIAN_POINT('Ctrl Pts',(58.2677983792483,161.273823169716,0.234674609955503));
#9510=CARTESIAN_POINT('Ctrl Pts',(58.2892489367696,161.227134303325,0.203304036949289));
#9511=CARTESIAN_POINT('Ctrl Pts',(58.3114073509166,161.178904819104,0.175126649863924));
#9512=CARTESIAN_POINT('Ctrl Pts',(58.3339029021934,161.129941530119,0.146520547828821));
#9513=CARTESIAN_POINT('Ctrl Pts',(58.3571278782475,161.079390681201,0.121205866120577));
#9514=CARTESIAN_POINT('Ctrl Pts',(58.3809097808358,161.02762770695,0.0993706153751814));
#9515=CARTESIAN_POINT('Ctrl Pts',(58.4043367871771,160.976637189201,0.0778612110802012));
#9516=CARTESIAN_POINT('Ctrl Pts',(58.4283040357085,160.924470858837,0.0597281952218333));
#9517=CARTESIAN_POINT('Ctrl Pts',(58.4526387773434,160.871504696407,0.0451022598145314));
#9518=CARTESIAN_POINT('Ctrl Pts',(58.4775264903024,160.817334955595,0.0301439714695719));
#9519=CARTESIAN_POINT('Ctrl Pts',(58.5027984256711,160.762328972141,0.0188542731972286));
#9520=CARTESIAN_POINT('Ctrl Pts',(58.5282640773588,160.706901373908,0.0113182660020634));
#9521=CARTESIAN_POINT('Ctrl Pts',(58.5537297290465,160.651473775675,0.0037822588068983));
#9522=CARTESIAN_POINT('Ctrl Pts',(58.5793889033797,160.595624984184,-5.99616659979123E-16));
#9523=CARTESIAN_POINT('Ctrl Pts',(58.6050481752858,160.539775980331,-2.22044604925031E-16));
#9524=CARTESIAN_POINT('',(57.3939177614476,161.63406055515,1.5));
#9525=CARTESIAN_POINT('Ctrl Pts',(60.6925271535565,160.996300000651,0.));
#9526=CARTESIAN_POINT('Ctrl Pts',(60.3854826888551,160.99631104258,0.));
#9527=CARTESIAN_POINT('Ctrl Pts',(59.8714536543404,160.948720477667,0.));
#9528=CARTESIAN_POINT('Ctrl Pts',(59.2747933066499,160.798777897845,0.));
#9529=CARTESIAN_POINT('Ctrl Pts',(58.935326962772,160.679398986105,0.));
#9530=CARTESIAN_POINT('Ctrl Pts',(58.7690241434676,160.61207266236,0.));
#9531=CARTESIAN_POINT('Ctrl Pts',(58.6749350599072,160.571451419067,0.));
#9532=CARTESIAN_POINT('Ctrl Pts',(58.6282543374327,160.550436692227,0.));
#9533=CARTESIAN_POINT('Ctrl Pts',(58.6050033877421,160.539755405317,0.));
#9534=CARTESIAN_POINT('Ctrl Pts',(60.6925432932593,161.445098950873,0.));
#9535=CARTESIAN_POINT('Ctrl Pts',(60.3578175880743,161.445110988275,0.));
#9536=CARTESIAN_POINT('Ctrl Pts',(59.7972664221226,161.393023078798,0.));
#9537=CARTESIAN_POINT('Ctrl Pts',(59.1464910814107,161.229386394764,0.));
#9538=CARTESIAN_POINT('Ctrl Pts',(58.7766625756266,161.099319142574,0.));
#9539=CARTESIAN_POINT('Ctrl Pts',(58.5949504630736,161.025726935228,0.));
#9540=CARTESIAN_POINT('Ctrl Pts',(58.4929980971792,160.981725000429,0.));
#9541=CARTESIAN_POINT('Ctrl Pts',(58.4409036086577,160.958260431616,0.));
#9542=CARTESIAN_POINT('Ctrl Pts',(58.4176526589671,160.947579144706,0.));
#9543=CARTESIAN_POINT('Ctrl Pts',(60.6925712344161,162.222062569146,0.376633336944564));
#9544=CARTESIAN_POINT('Ctrl Pts',(60.3103014454706,162.222076316328,0.376633336944564));
#9545=CARTESIAN_POINT('Ctrl Pts',(59.6682415842186,162.161914391995,0.376633336944564));
#9546=CARTESIAN_POINT('Ctrl Pts',(58.924168347176,161.974679507514,0.376633336944564));
#9547=CARTESIAN_POINT('Ctrl Pts',(58.5017114420908,161.826149256672,0.376633336944564));
#9548=CARTESIAN_POINT('Ctrl Pts',(58.2934703603589,161.741781169461,0.376633336944564));
#9549=CARTESIAN_POINT('Ctrl Pts',(58.177973875256,161.691964248986,0.376633336944564));
#9550=CARTESIAN_POINT('Ctrl Pts',(58.1165608265661,161.664287502347,0.376633336944564));
#9551=CARTESIAN_POINT('Ctrl Pts',(58.0933098768754,161.653606215437,0.376633336944564));
#9552=CARTESIAN_POINT('Ctrl Pts',(60.6925810965395,162.496299999681,1.16340078711538));
#9553=CARTESIAN_POINT('Ctrl Pts',(60.2933592913887,162.496314356491,1.16340078711538));
#9554=CARTESIAN_POINT('Ctrl Pts',(59.6229683116281,162.433432916131,1.16340078711538));
#9555=CARTESIAN_POINT('Ctrl Pts',(58.8457899429266,162.237819465117,1.16340078711538));
#9556=CARTESIAN_POINT('Ctrl Pts',(58.404786785683,162.082754093608,1.16340078711538));
#9557=CARTESIAN_POINT('Ctrl Pts',(58.1871152504849,161.994550149317,1.16340078711538));
#9558=CARTESIAN_POINT('Ctrl Pts',(58.0668071008273,161.942663729048,1.16340078711538));
#9559=CARTESIAN_POINT('Ctrl Pts',(58.0020806513281,161.91348713694,1.16340078711538));
#9560=CARTESIAN_POINT('Ctrl Pts',(57.9788297016374,161.902805850029,1.16340078711538));
#9561=CARTESIAN_POINT('Ctrl Pts',(60.6925810965395,162.496299999681,1.5));
#9562=CARTESIAN_POINT('Ctrl Pts',(60.2934300365441,162.496314353947,1.5));
#9563=CARTESIAN_POINT('Ctrl Pts',(59.6228575805322,162.433378957849,1.5));
#9564=CARTESIAN_POINT('Ctrl Pts',(58.8457515426504,162.237785937169,1.5));
#9565=CARTESIAN_POINT('Ctrl Pts',(58.4047361725602,162.082728190456,1.5));
#9566=CARTESIAN_POINT('Ctrl Pts',(58.1870922904592,161.994537662491,1.5));
#9567=CARTESIAN_POINT('Ctrl Pts',(58.0667970305656,161.942658298653,1.5));
#9568=CARTESIAN_POINT('Ctrl Pts',(58.0020806513281,161.91348713694,1.5));
#9569=CARTESIAN_POINT('Ctrl Pts',(57.9788297016374,161.902805850029,1.5));
#9570=CARTESIAN_POINT('',(60.6925810965396,162.496299999681,1.5));
#9571=CARTESIAN_POINT('Ctrl Pts',(57.9788343070729,161.902807965723,1.5));
#9572=CARTESIAN_POINT('Ctrl Pts',(58.0020849241148,161.913489062914,1.5));
#9573=CARTESIAN_POINT('Ctrl Pts',(58.0667990161394,161.942659154965,1.5));
#9574=CARTESIAN_POINT('Ctrl Pts',(58.1870922904592,161.994537662491,1.5));
#9575=CARTESIAN_POINT('Ctrl Pts',(58.4047361725602,162.082728190456,1.5));
#9576=CARTESIAN_POINT('Ctrl Pts',(58.8457515426504,162.237785937169,1.5));
#9577=CARTESIAN_POINT('Ctrl Pts',(59.6228575805322,162.433378957849,1.5));
#9578=CARTESIAN_POINT('Ctrl Pts',(60.2934300365441,162.496314353947,1.5));
#9579=CARTESIAN_POINT('Ctrl Pts',(60.6925810965395,162.496299999681,1.5));
#9580=CARTESIAN_POINT('Origin',(60.6925271535565,160.996300000651,1.5));
#9581=CARTESIAN_POINT('Origin',(78.3707823116725,160.99629999987,1.5));
#9582=CARTESIAN_POINT('',(77.7053834478094,162.496300000074,1.5));
#9583=CARTESIAN_POINT('Origin',(77.7053834478255,160.996299999863,1.5));
#9584=CARTESIAN_POINT('',(78.3707823116564,162.49629999987,1.5));
#9585=CARTESIAN_POINT('Ctrl Pts',(80.2779136916275,160.283772543547,0.));
#9586=CARTESIAN_POINT('Ctrl Pts',(80.250413287351,160.300272302462,0.));
#9587=CARTESIAN_POINT('Ctrl Pts',(80.1950317049167,160.332769681813,0.));
#9588=CARTESIAN_POINT('Ctrl Pts',(80.0830126321458,160.395666591654,0.));
#9589=CARTESIAN_POINT('Ctrl Pts',(79.7689609078458,160.560052065843,0.));
#9590=CARTESIAN_POINT('Ctrl Pts',(78.9917683639705,160.876294069688,0.));
#9591=CARTESIAN_POINT('Ctrl Pts',(78.2185260319725,160.996305227347,0.));
#9592=CARTESIAN_POINT('Ctrl Pts',(77.7053987282154,160.996300000152,0.));
#9593=CARTESIAN_POINT('Ctrl Pts',(80.5088138700043,160.668617454656,0.));
#9594=CARTESIAN_POINT('Ctrl Pts',(80.4788596332057,160.686592027185,0.));
#9595=CARTESIAN_POINT('Ctrl Pts',(80.4184848839815,160.722013803801,0.));
#9596=CARTESIAN_POINT('Ctrl Pts',(80.2964447123529,160.790545748964,0.));
#9597=CARTESIAN_POINT('Ctrl Pts',(79.9541700012029,160.969702815679,0.));
#9598=CARTESIAN_POINT('Ctrl Pts',(79.1072472840362,161.314305154493,0.));
#9599=CARTESIAN_POINT('Ctrl Pts',(78.2647326723218,161.445116116178,0.));
#9600=CARTESIAN_POINT('Ctrl Pts',(77.7053941563288,161.445098950641,0.));
#9601=CARTESIAN_POINT('Ctrl Pts',(80.9083988028534,161.334611864207,0.376969383345768));
#9602=CARTESIAN_POINT('Ctrl Pts',(80.879655596025,161.351858577979,0.376969383345768));
#9603=CARTESIAN_POINT('Ctrl Pts',(80.8064284884187,161.394880860928,0.376969383345769));
#9604=CARTESIAN_POINT('Ctrl Pts',(80.6693046731464,161.471788273703,0.376969383345767));
#9605=CARTESIAN_POINT('Ctrl Pts',(80.2762396826166,161.677684270595,0.376969383345769));
#9606=CARTESIAN_POINT('Ctrl Pts',(79.3105006945584,162.070273008886,0.376969383345766));
#9607=CARTESIAN_POINT('Ctrl Pts',(78.3443352223183,162.221781514273,0.37696938334577));
#9608=CARTESIAN_POINT('Ctrl Pts',(77.705386244438,162.221769197303,0.376969383345768));
#9609=CARTESIAN_POINT('Ctrl Pts',(81.0496406913663,161.570021912011,1.16340078711538));
#9610=CARTESIAN_POINT('Ctrl Pts',(81.0221402870898,161.586521670926,1.16340078711538));
#9611=CARTESIAN_POINT('Ctrl Pts',(80.9437415254313,161.6326096587,1.16340078711538));
#9612=CARTESIAN_POINT('Ctrl Pts',(80.8016232218121,161.712272102763,1.16340078711538));
#9613=CARTESIAN_POINT('Ctrl Pts',(80.3903143667557,161.927795098122,1.16340078711538));
#9614=CARTESIAN_POINT('Ctrl Pts',(79.3828542105324,162.337182541769,1.16340078711538));
#9615=CARTESIAN_POINT('Ctrl Pts',(78.3724186409552,162.496306795119,1.16340078711538));
#9616=CARTESIAN_POINT('Ctrl Pts',(77.70538344781,162.496300000074,1.16340078711538));
#9617=CARTESIAN_POINT('Ctrl Pts',(81.0496406913663,161.570021912011,1.5));
#9618=CARTESIAN_POINT('Ctrl Pts',(81.0221402870898,161.586521670926,1.5));
#9619=CARTESIAN_POINT('Ctrl Pts',(80.9437415254313,161.6326096587,1.5));
#9620=CARTESIAN_POINT('Ctrl Pts',(80.8016232218121,161.712272102763,1.5));
#9621=CARTESIAN_POINT('Ctrl Pts',(80.3903143667557,161.927795098122,1.5));
#9622=CARTESIAN_POINT('Ctrl Pts',(79.3828542105324,162.337182541769,1.5));
#9623=CARTESIAN_POINT('Ctrl Pts',(78.3724186409552,162.496306795119,1.5));
#9624=CARTESIAN_POINT('Ctrl Pts',(77.70538344781,162.496300000074,1.5));
#9625=CARTESIAN_POINT('',(81.0496406913663,161.570021912011,1.5));
#9626=CARTESIAN_POINT('Ctrl Pts',(81.0496406913662,161.570021912011,1.5));
#9627=CARTESIAN_POINT('Ctrl Pts',(81.0496379755025,161.570023541481,1.16340078739137));
#9628=CARTESIAN_POINT('Ctrl Pts',(80.9891035170362,161.469134853371,0.826358756980292));
#9629=CARTESIAN_POINT('Ctrl Pts',(80.8811179617803,161.289159441881,0.564524036615194));
#9630=CARTESIAN_POINT('Ctrl Pts',(80.7371372212325,161.049192226216,0.215411075627469));
#9631=CARTESIAN_POINT('Ctrl Pts',(80.5087984802499,160.66862668856,1.59749108385896E-11));
#9632=CARTESIAN_POINT('Ctrl Pts',(80.2778946805784,160.283783949842,8.88525960045061E-22));
#9633=CARTESIAN_POINT('Ctrl Pts',(77.70538344781,162.496300000074,1.5));
#9634=CARTESIAN_POINT('Ctrl Pts',(78.3724186409552,162.496306795119,1.5));
#9635=CARTESIAN_POINT('Ctrl Pts',(79.3828542105324,162.337182541769,1.5));
#9636=CARTESIAN_POINT('Ctrl Pts',(80.3903143667557,161.927795098122,1.5));
#9637=CARTESIAN_POINT('Ctrl Pts',(80.8016232218121,161.712272102763,1.5));
#9638=CARTESIAN_POINT('Ctrl Pts',(80.9437415254313,161.6326096587,1.5));
#9639=CARTESIAN_POINT('Ctrl Pts',(81.0221402870898,161.586521670926,1.5));
#9640=CARTESIAN_POINT('Ctrl Pts',(81.0496406913663,161.570021912011,1.5));
#9641=CARTESIAN_POINT('Origin',(93.7323236724716,152.210822279664,1.5));
#9642=CARTESIAN_POINT('',(94.5040886939715,153.497048834976,1.5));
#9643=CARTESIAN_POINT('Origin',(24.3032506548036,80.0902525222967,0.));
#9644=CARTESIAN_POINT('',(108.709533564433,63.784536504524,0.));
#9645=CARTESIAN_POINT('',(24.3032506547851,80.0902525223003,0.));
#9646=CARTESIAN_POINT('Ctrl Pts',(108.709533564433,63.784536504524,0.));
#9647=CARTESIAN_POINT('Ctrl Pts',(108.709533564433,63.784536504524,9.00092542436987));
#9648=CARTESIAN_POINT('Ctrl Pts',(110.327307505328,63.4720089142162,0.));
#9649=CARTESIAN_POINT('Ctrl Pts',(110.327307505328,63.4720089142162,9.00092542436987));
#9650=CARTESIAN_POINT('Ctrl Pts',(112.006474686234,63.7865048263609,0.));
#9651=CARTESIAN_POINT('Ctrl Pts',(112.006474686234,63.7865048263609,9.00092542436987));
#9652=CARTESIAN_POINT('Ctrl Pts',(113.401495477883,64.6633061241138,0.));
#9653=CARTESIAN_POINT('Ctrl Pts',(113.401495477883,64.6633061241138,9.00092542436987));
#9654=CARTESIAN_POINT('',(113.40149548116,64.6633061261735,0.));
#9655=CARTESIAN_POINT('Origin',(113.40149548116,64.6633061261736,0.));
#9656=CARTESIAN_POINT('',(129.153025653073,74.5642879456279,0.));
#9657=CARTESIAN_POINT('Ctrl Pts',(129.153025653073,74.5642879456279,0.));
#9658=CARTESIAN_POINT('Ctrl Pts',(129.153025653073,74.5642879456279,9.00029676919226));
#9659=CARTESIAN_POINT('Ctrl Pts',(129.153040209747,74.5642970960101,0.));
#9660=CARTESIAN_POINT('Ctrl Pts',(129.153040209747,74.5642970960101,9.00029676919226));
#9661=CARTESIAN_POINT('Ctrl Pts',(129.153054765558,74.5643062458491,0.));
#9662=CARTESIAN_POINT('Ctrl Pts',(129.153054765558,74.5643062458491,9.00029676919226));
#9663=CARTESIAN_POINT('Ctrl Pts',(129.153069320505,74.5643153951451,0.));
#9664=CARTESIAN_POINT('Ctrl Pts',(129.153069320505,74.5643153951451,9.00029676919226));
#9665=CARTESIAN_POINT('Ctrl Pts',(130.207960126311,75.2274238420075,0.));
#9666=CARTESIAN_POINT('Ctrl Pts',(130.207960126311,75.2274238420075,9.00029676919226));
#9667=CARTESIAN_POINT('Ctrl Pts',(131.050515782624,76.1804306258229,0.));
#9668=CARTESIAN_POINT('Ctrl Pts',(131.050515782624,76.1804306258229,9.00029676919226));
#9669=CARTESIAN_POINT('Ctrl Pts',(131.579334244433,77.3086411008639,0.));
#9670=CARTESIAN_POINT('Ctrl Pts',(131.579334244433,77.3086411008639,9.00029676919226));
#9671=CARTESIAN_POINT('',(131.579334244433,77.3086411008639,0.));
#9672=CARTESIAN_POINT('Origin',(131.579334244433,77.3086411008639,0.));
#9673=CARTESIAN_POINT('',(138.421763510527,91.9056902021688,0.));
#9674=CARTESIAN_POINT('Ctrl Pts',(138.421763510528,91.9056902021691,0.));
#9675=CARTESIAN_POINT('Ctrl Pts',(138.421763510528,91.9056902021691,9.01935637279976));
#9676=CARTESIAN_POINT('Ctrl Pts',(138.63190917487,92.3539510962304,0.));
#9677=CARTESIAN_POINT('Ctrl Pts',(138.63190917487,92.3539510962304,9.01935637279976));
#9678=CARTESIAN_POINT('Ctrl Pts',(138.789540355215,92.8234493531273,0.));
#9679=CARTESIAN_POINT('Ctrl Pts',(138.789540355215,92.8234493531273,9.01935637279976));
#9680=CARTESIAN_POINT('Ctrl Pts',(138.892518152393,93.3047062180706,0.));
#9681=CARTESIAN_POINT('Ctrl Pts',(138.892518152393,93.3047062180706,9.01935637279976));
#9682=CARTESIAN_POINT('Ctrl Pts',(138.957466593949,93.6082365345357,0.));
#9683=CARTESIAN_POINT('Ctrl Pts',(138.957466593949,93.6082365345357,9.01935637279976));
#9684=CARTESIAN_POINT('Ctrl Pts',(139.0006846405,93.9164741643582,0.));
#9685=CARTESIAN_POINT('Ctrl Pts',(139.0006846405,93.9164741643582,9.01935637279976));
#9686=CARTESIAN_POINT('Ctrl Pts',(139.021646826688,94.2270682321676,0.));
#9687=CARTESIAN_POINT('Ctrl Pts',(139.021646826688,94.2270682321676,9.01935637279976));
#9688=CARTESIAN_POINT('Ctrl Pts',(139.02875028228,94.332319237391,0.));
#9689=CARTESIAN_POINT('Ctrl Pts',(139.02875028228,94.332319237391,9.01935637279976));
#9690=CARTESIAN_POINT('Ctrl Pts',(139.033297914466,94.4378398361187,0.));
#9691=CARTESIAN_POINT('Ctrl Pts',(139.033297914466,94.4378398361187,9.01935637279976));
#9692=CARTESIAN_POINT('Ctrl Pts',(139.035269450761,94.5435340716489,0.));
#9693=CARTESIAN_POINT('Ctrl Pts',(139.035269450761,94.5435340716489,9.01935637279976));
#9694=CARTESIAN_POINT('Ctrl Pts',(139.036020951078,94.5838220702711,0.));
#9695=CARTESIAN_POINT('Ctrl Pts',(139.036020951078,94.5838220702711,9.01935637279976));
#9696=CARTESIAN_POINT('Ctrl Pts',(139.036398981077,94.6458198695766,0.));
#9697=CARTESIAN_POINT('Ctrl Pts',(139.036398981077,94.6458198695766,9.01935637279976));
#9698=CARTESIAN_POINT('Ctrl Pts',(139.036399996283,94.6644364018446,0.));
#9699=CARTESIAN_POINT('Ctrl Pts',(139.036399996283,94.6644364018446,9.01935637279976));
#9700=CARTESIAN_POINT('Ctrl Pts',(139.036399997522,94.6644591235388,0.));
#9701=CARTESIAN_POINT('Ctrl Pts',(139.036399997522,94.6644591235388,9.01935637279976));
#9702=CARTESIAN_POINT('Ctrl Pts',(139.036399998761,94.664481845172,0.));
#9703=CARTESIAN_POINT('Ctrl Pts',(139.036399998761,94.664481845172,9.01935637279976));
#9704=CARTESIAN_POINT('Ctrl Pts',(139.0364,94.6645045668277,0.));
#9705=CARTESIAN_POINT('Ctrl Pts',(139.0364,94.6645045668277,9.01935637279976));
#9706=CARTESIAN_POINT('',(139.0364,94.6645045668654,0.));
#9707=CARTESIAN_POINT('Origin',(139.0364,94.6645045674324,0.));
#9708=CARTESIAN_POINT('',(139.0364,153.77862122718,0.));
#9709=CARTESIAN_POINT('Ctrl Pts',(139.0364,153.77862122718,0.));
#9710=CARTESIAN_POINT('Ctrl Pts',(139.0364,153.77862122718,9.00121441320802));
#9711=CARTESIAN_POINT('Ctrl Pts',(139.0417766146,154.693206425101,0.));
#9712=CARTESIAN_POINT('Ctrl Pts',(139.0417766146,154.693206425101,9.00121441320802));
#9713=CARTESIAN_POINT('Ctrl Pts',(138.696982399418,155.579366589926,0.));
#9714=CARTESIAN_POINT('Ctrl Pts',(138.696982399418,155.579366589926,9.00121441320802));
#9715=CARTESIAN_POINT('Ctrl Pts',(138.072354591807,156.250337404419,0.));
#9716=CARTESIAN_POINT('Ctrl Pts',(138.072354591807,156.250337404419,9.00121441320802));
#9717=CARTESIAN_POINT('',(138.072354591807,156.250337404419,1.6));
#9718=CARTESIAN_POINT('',(138.072354591807,156.250337404419,0.));
#9719=CARTESIAN_POINT('',(138.072354591807,156.250337404419,8.));
#9720=CARTESIAN_POINT('',(138.072354591807,156.250337404419,0.));
#9721=CARTESIAN_POINT('',(138.072354591807,156.250337404419,8.));
#9722=CARTESIAN_POINT('Ctrl Pts',(138.072349882032,156.250342463616,0.));
#9723=CARTESIAN_POINT('Ctrl Pts',(138.072349882032,156.250342463616,9.00114454937716));
#9724=CARTESIAN_POINT('Ctrl Pts',(137.423227291709,156.947622640908,0.));
#9725=CARTESIAN_POINT('Ctrl Pts',(137.423227291709,156.947622640908,9.00114454937716));
#9726=CARTESIAN_POINT('Ctrl Pts',(136.520128404314,157.360036650512,0.));
#9727=CARTESIAN_POINT('Ctrl Pts',(136.520128404314,157.360036650512,9.00114454937716));
#9728=CARTESIAN_POINT('Ctrl Pts',(135.568100886332,157.393977821553,0.));
#9729=CARTESIAN_POINT('Ctrl Pts',(135.568100886332,157.393977821553,9.00114454937716));
#9730=CARTESIAN_POINT('',(135.568100886332,157.393977821553,0.));
#9731=CARTESIAN_POINT('Origin',(135.4434,153.8962,0.));
#9732=CARTESIAN_POINT('Ctrl Pts',(112.071141565109,66.7799446068897,1.6));
#9733=CARTESIAN_POINT('Ctrl Pts',(112.071141565109,66.7799446068897,9.00033583901344));
#9734=CARTESIAN_POINT('Ctrl Pts',(111.212348075354,66.2401739806548,1.6));
#9735=CARTESIAN_POINT('Ctrl Pts',(111.212348075354,66.2401739806548,9.00033583901344));
#9736=CARTESIAN_POINT('Ctrl Pts',(110.179648643673,66.0467568340527,1.6));
#9737=CARTESIAN_POINT('Ctrl Pts',(110.179648643673,66.0467568340527,9.00033583901344));
#9738=CARTESIAN_POINT('Ctrl Pts',(109.183725508187,66.2391529716078,1.6));
#9739=CARTESIAN_POINT('Ctrl Pts',(109.183725508187,66.2391529716078,9.00033583901344));
#9740=CARTESIAN_POINT('',(109.183725508187,66.2391529716078,1.6));
#9741=CARTESIAN_POINT('',(112.071141565109,66.7799446068897,1.6));
#9742=CARTESIAN_POINT('Ctrl Pts',(109.183725508187,66.2391529716078,1.6));
#9743=CARTESIAN_POINT('Ctrl Pts',(110.179648643673,66.0467568340527,1.6));
#9744=CARTESIAN_POINT('Ctrl Pts',(111.212348075354,66.2401739806548,1.6));
#9745=CARTESIAN_POINT('Ctrl Pts',(112.071141565109,66.7799446068897,1.6));
#9746=CARTESIAN_POINT('',(109.183725508187,66.2391529716078,0.));
#9747=CARTESIAN_POINT('',(112.071141565109,66.7799446068897,0.));
#9748=CARTESIAN_POINT('Origin',(109.183725508188,66.2391529716113,0.));
#9749=CARTESIAN_POINT('',(24.7775001871616,82.5448578634989,1.6));
#9750=CARTESIAN_POINT('',(90.2991229765914,69.8873051631073,1.6));
#9751=CARTESIAN_POINT('',(24.7775001871616,82.5448578634989,0.));
#9752=CARTESIAN_POINT('Ctrl Pts',(24.7775001871616,82.5448578634989,1.6));
#9753=CARTESIAN_POINT('Ctrl Pts',(24.7775001871616,82.5448578634989,9.00637668744051));
#9754=CARTESIAN_POINT('Ctrl Pts',(22.9018592693526,82.9072468034647,1.6));
#9755=CARTESIAN_POINT('Ctrl Pts',(22.9018592693526,82.9072468034647,9.00637668744051));
#9756=CARTESIAN_POINT('Ctrl Pts',(21.5362592431066,84.5619854413794,1.6));
#9757=CARTESIAN_POINT('Ctrl Pts',(21.5362592431066,84.5619854413794,9.00637668744051));
#9758=CARTESIAN_POINT('Ctrl Pts',(21.5363000000183,86.4723121743354,1.6));
#9759=CARTESIAN_POINT('Ctrl Pts',(21.5363000000183,86.4723121743354,9.00637668744051));
#9760=CARTESIAN_POINT('',(21.5363000000183,86.472312174336,1.6));
#9761=CARTESIAN_POINT('Ctrl Pts',(21.5363000000183,86.4723121743354,1.6));
#9762=CARTESIAN_POINT('Ctrl Pts',(21.5362592431066,84.5619854413794,1.6));
#9763=CARTESIAN_POINT('Ctrl Pts',(22.9018592693526,82.9072468034647,1.6));
#9764=CARTESIAN_POINT('Ctrl Pts',(24.7775001871616,82.5448578634989,1.6));
#9765=CARTESIAN_POINT('',(21.5363000000183,86.472312174336,0.));
#9766=CARTESIAN_POINT('Origin',(21.5363,86.4723121743365,0.));
#9767=CARTESIAN_POINT('',(21.5363000001038,135.447685589562,1.6));
#9768=CARTESIAN_POINT('',(21.5363000000281,99.7305883093915,1.6));
#9769=CARTESIAN_POINT('',(21.5363000001038,135.447685589562,0.));
#9770=CARTESIAN_POINT('Ctrl Pts',(21.5363000001038,135.447685589562,1.6));
#9771=CARTESIAN_POINT('Ctrl Pts',(21.5363000001038,135.447685589562,9.0009333488222));
#9772=CARTESIAN_POINT('Ctrl Pts',(21.5362813479188,136.742037980844,1.6));
#9773=CARTESIAN_POINT('Ctrl Pts',(21.5362813479188,136.742037980844,9.0009333488222));
#9774=CARTESIAN_POINT('Ctrl Pts',(22.1643564696738,137.958789889715,1.6));
#9775=CARTESIAN_POINT('Ctrl Pts',(22.1643564696738,137.958789889715,9.0009333488222));
#9776=CARTESIAN_POINT('Ctrl Pts',(23.2194940076927,138.70848121821,1.6));
#9777=CARTESIAN_POINT('Ctrl Pts',(23.2194940076927,138.70848121821,9.0009333488222));
#9778=CARTESIAN_POINT('',(23.2194940076927,138.70848121821,1.6));
#9779=CARTESIAN_POINT('Ctrl Pts',(23.2194940076927,138.70848121821,1.6));
#9780=CARTESIAN_POINT('Ctrl Pts',(22.1643564696738,137.958789889715,1.6));
#9781=CARTESIAN_POINT('Ctrl Pts',(21.5362813479188,136.742037980844,1.6));
#9782=CARTESIAN_POINT('Ctrl Pts',(21.5363000001038,135.447685589562,1.6));
#9783=CARTESIAN_POINT('',(23.2194940076927,138.70848121821,0.));
#9784=CARTESIAN_POINT('Origin',(23.2194940081257,138.708481217601,0.));
#9785=CARTESIAN_POINT('',(40.7276823677706,151.148472947703,1.6));
#9786=CARTESIAN_POINT('',(35.6932987321957,147.57142148434,1.6));
#9787=CARTESIAN_POINT('',(40.7276823677706,151.148472947703,0.));
#9788=CARTESIAN_POINT('Ctrl Pts',(40.7276823677706,151.148472947703,1.6));
#9789=CARTESIAN_POINT('Ctrl Pts',(40.7276823677706,151.148472947703,9.00010022091308));
#9790=CARTESIAN_POINT('Ctrl Pts',(40.931134085874,151.293037969973,1.6));
#9791=CARTESIAN_POINT('Ctrl Pts',(40.931134085874,151.293037969973,9.00010022091308));
#9792=CARTESIAN_POINT('Ctrl Pts',(41.1476718848939,151.418247499863,1.6));
#9793=CARTESIAN_POINT('Ctrl Pts',(41.1476718848939,151.418247499863,9.00010022091308));
#9794=CARTESIAN_POINT('Ctrl Pts',(41.3744631114697,151.522459973101,1.6));
#9795=CARTESIAN_POINT('Ctrl Pts',(41.3744631114697,151.522459973101,9.00010022091308));
#9796=CARTESIAN_POINT('Ctrl Pts',(41.3744688096042,151.522462591442,1.6));
#9797=CARTESIAN_POINT('Ctrl Pts',(41.3744688096042,151.522462591442,9.00010022091308));
#9798=CARTESIAN_POINT('Ctrl Pts',(41.3744745083111,151.522465210046,1.6));
#9799=CARTESIAN_POINT('Ctrl Pts',(41.3744745083111,151.522465210046,9.00010022091308));
#9800=CARTESIAN_POINT('Ctrl Pts',(41.3744802064011,151.522467828366,1.6));
#9801=CARTESIAN_POINT('Ctrl Pts',(41.3744802064011,151.522467828366,9.00010022091308));
#9802=CARTESIAN_POINT('',(41.3744802064011,151.522467828366,1.6));
#9803=CARTESIAN_POINT('Ctrl Pts',(41.3744802064011,151.522467828366,1.6));
#9804=CARTESIAN_POINT('Ctrl Pts',(41.3744745083111,151.522465210046,1.6));
#9805=CARTESIAN_POINT('Ctrl Pts',(41.3744688096042,151.522462591442,1.6));
#9806=CARTESIAN_POINT('Ctrl Pts',(41.3744631114697,151.522459973101,1.6));
#9807=CARTESIAN_POINT('Ctrl Pts',(41.1476718848939,151.418247499863,1.6));
#9808=CARTESIAN_POINT('Ctrl Pts',(40.931134085874,151.293037969973,1.6));
#9809=CARTESIAN_POINT('Ctrl Pts',(40.7276823677706,151.148472947703,1.6));
#9810=CARTESIAN_POINT('',(41.3744802064011,151.522467828366,0.));
#9811=CARTESIAN_POINT('Origin',(41.3744802064011,151.522467828366,0.));
#9812=CARTESIAN_POINT('',(59.022524087594,159.631087990143,1.6));
#9813=CARTESIAN_POINT('',(49.6136190855383,155.308045883407,1.6));
#9814=CARTESIAN_POINT('',(59.022524087594,159.631087990143,0.));
#9815=CARTESIAN_POINT('Ctrl Pts',(59.022524087594,159.631087990143,1.6));
#9816=CARTESIAN_POINT('Ctrl Pts',(59.022524087594,159.631087990143,9.00011319123529));
#9817=CARTESIAN_POINT('Ctrl Pts',(59.022533016877,159.631092092179,1.6));
#9818=CARTESIAN_POINT('Ctrl Pts',(59.022533016877,159.631092092179,9.00011319123529));
#9819=CARTESIAN_POINT('Ctrl Pts',(59.0225419466472,159.631096194439,1.6));
#9820=CARTESIAN_POINT('Ctrl Pts',(59.0225419466472,159.631096194439,9.00011319123529));
#9821=CARTESIAN_POINT('Ctrl Pts',(59.0225508759302,159.631100296475,1.6));
#9822=CARTESIAN_POINT('Ctrl Pts',(59.0225508759302,159.631100296475,9.00011319123529));
#9823=CARTESIAN_POINT('Ctrl Pts',(59.5463714374708,159.87173897067,1.6));
#9824=CARTESIAN_POINT('Ctrl Pts',(59.5463714374708,159.87173897067,9.00011319123529));
#9825=CARTESIAN_POINT('Ctrl Pts',(60.1160730515858,159.996325665752,1.6));
#9826=CARTESIAN_POINT('Ctrl Pts',(60.1160730515858,159.996325665752,9.00011319123529));
#9827=CARTESIAN_POINT('Ctrl Pts',(60.6925254418201,159.996299999919,1.6));
#9828=CARTESIAN_POINT('Ctrl Pts',(60.6925254418201,159.996299999919,9.00011319123529));
#9829=CARTESIAN_POINT('',(60.6925254418202,159.996299999919,1.6));
#9830=CARTESIAN_POINT('Ctrl Pts',(60.6925254418201,159.996299999919,1.6));
#9831=CARTESIAN_POINT('Ctrl Pts',(60.1160730515858,159.996325665752,1.6));
#9832=CARTESIAN_POINT('Ctrl Pts',(59.5463714374708,159.87173897067,1.6));
#9833=CARTESIAN_POINT('Ctrl Pts',(59.0225508759302,159.631100296475,1.6));
#9834=CARTESIAN_POINT('Ctrl Pts',(59.0225419466472,159.631096194439,1.6));
#9835=CARTESIAN_POINT('Ctrl Pts',(59.022533016877,159.631092092179,1.6));
#9836=CARTESIAN_POINT('Ctrl Pts',(59.022524087594,159.631087990143,1.6));
#9837=CARTESIAN_POINT('',(60.6925254418202,159.996299999919,0.));
#9838=CARTESIAN_POINT('Origin',(60.6925254418203,159.9963,0.));
#9839=CARTESIAN_POINT('',(77.7053834477888,159.996299999863,1.6));
#9840=CARTESIAN_POINT('',(69.8643533091164,159.996299999926,1.6));
#9841=CARTESIAN_POINT('',(77.7053834477888,159.996299999863,8.));
#9842=CARTESIAN_POINT('',(77.7053834477888,159.996299999863,0.));
#9843=CARTESIAN_POINT('',(77.7053834477888,159.996299999863,8.));
#9844=CARTESIAN_POINT('Ctrl Pts',(77.7053834477888,159.996299999863,1.6));
#9845=CARTESIAN_POINT('Ctrl Pts',(77.7053834477888,159.996299999863,9.0001421675677));
#9846=CARTESIAN_POINT('Ctrl Pts',(78.4303026483889,159.996310499371,1.6));
#9847=CARTESIAN_POINT('Ctrl Pts',(78.4303026483889,159.996310499371,9.0001421675677));
#9848=CARTESIAN_POINT('Ctrl Pts',(79.1417658485814,159.799259937278,1.6));
#9849=CARTESIAN_POINT('Ctrl Pts',(79.1417658485814,159.799259937278,9.0001421675677));
#9850=CARTESIAN_POINT('Ctrl Pts',(79.7633846663109,159.426299579085,1.6));
#9851=CARTESIAN_POINT('Ctrl Pts',(79.7633846663109,159.426299579085,9.0001421675677));
#9852=CARTESIAN_POINT('Ctrl Pts',(79.7633910036307,159.426295776805,1.6));
#9853=CARTESIAN_POINT('Ctrl Pts',(79.7633910036307,159.426295776805,9.0001421675677));
#9854=CARTESIAN_POINT('Ctrl Pts',(79.7633973418929,159.426291973959,1.6));
#9855=CARTESIAN_POINT('Ctrl Pts',(79.7633973418929,159.426291973959,9.0001421675677));
#9856=CARTESIAN_POINT('Ctrl Pts',(79.7634036810978,159.426288170547,1.6));
#9857=CARTESIAN_POINT('Ctrl Pts',(79.7634036810978,159.426288170547,9.0001421675677));
#9858=CARTESIAN_POINT('',(79.7634036810978,159.426288170547,1.6));
#9859=CARTESIAN_POINT('Ctrl Pts',(79.7634036810978,159.426288170547,1.6));
#9860=CARTESIAN_POINT('Ctrl Pts',(79.5044738596337,159.581641510264,1.6));
#9861=CARTESIAN_POINT('Ctrl Pts',(79.2665092934954,159.714521845328,1.6));
#9862=CARTESIAN_POINT('Ctrl Pts',(78.4254052482564,159.947484827504,1.6));
#9863=CARTESIAN_POINT('Ctrl Pts',(78.0662707202437,159.996305226852,1.6));
#9864=CARTESIAN_POINT('Ctrl Pts',(77.7053917238947,159.996299999991,1.6));
#9865=CARTESIAN_POINT('',(79.7634036810978,159.426288170547,8.));
#9866=CARTESIAN_POINT('',(79.7634036810978,159.426288170547,0.));
#9867=CARTESIAN_POINT('',(79.7634036810978,159.426288170547,8.));
#9868=CARTESIAN_POINT('Origin',(127.822591234553,76.6808758272617,0.));
#9869=CARTESIAN_POINT('',(127.822591234553,76.6808758272617,1.6));
#9870=CARTESIAN_POINT('',(118.517117793014,70.8317092774423,1.6));
#9871=CARTESIAN_POINT('',(127.822591234553,76.6808758272617,0.));
#9872=CARTESIAN_POINT('Ctrl Pts',(129.315663619591,78.3696761154748,1.6));
#9873=CARTESIAN_POINT('Ctrl Pts',(129.315663619591,78.3696761154748,9.00015622514218));
#9874=CARTESIAN_POINT('Ctrl Pts',(128.990201001086,77.6753162132574,1.6));
#9875=CARTESIAN_POINT('Ctrl Pts',(128.990201001086,77.6753162132574,9.00015622514218));
#9876=CARTESIAN_POINT('Ctrl Pts',(128.471826408308,77.0889875724275,1.6));
#9877=CARTESIAN_POINT('Ctrl Pts',(128.471826408308,77.0889875724275,9.00015622514218));
#9878=CARTESIAN_POINT('Ctrl Pts',(127.822591234553,76.6808758272617,1.6));
#9879=CARTESIAN_POINT('Ctrl Pts',(127.822591234553,76.6808758272617,9.00015622514218));
#9880=CARTESIAN_POINT('',(129.315663619591,78.3696761154752,1.6));
#9881=CARTESIAN_POINT('Ctrl Pts',(127.822591234553,76.6808758272617,1.6));
#9882=CARTESIAN_POINT('Ctrl Pts',(128.471826408308,77.0889875724275,1.6));
#9883=CARTESIAN_POINT('Ctrl Pts',(128.990201001086,77.6753162132574,1.6));
#9884=CARTESIAN_POINT('Ctrl Pts',(129.315663619591,78.3696761154748,1.6));
#9885=CARTESIAN_POINT('',(129.315663619591,78.3696761154752,0.));
#9886=CARTESIAN_POINT('Origin',(136.158145664858,92.9668378145226,0.));
#9887=CARTESIAN_POINT('',(136.158145665613,92.9668378141687,1.6));
#9888=CARTESIAN_POINT('',(134.860305166258,90.1981367068974,1.6));
#9889=CARTESIAN_POINT('',(136.158145665613,92.9668378141687,0.));
#9890=CARTESIAN_POINT('Ctrl Pts',(136.5364,94.6645727330203,1.6));
#9891=CARTESIAN_POINT('Ctrl Pts',(136.5364,94.6645727330203,9.00011448965756));
#9892=CARTESIAN_POINT('Ctrl Pts',(136.536399999504,94.6645636444966,1.6));
#9893=CARTESIAN_POINT('Ctrl Pts',(136.536399999504,94.6645636444966,9.00011448965756));
#9894=CARTESIAN_POINT('Ctrl Pts',(136.536399999009,94.6645545560077,1.6));
#9895=CARTESIAN_POINT('Ctrl Pts',(136.536399999009,94.6645545560077,9.00011448965756));
#9896=CARTESIAN_POINT('Ctrl Pts',(136.536399998513,94.664545467559,1.6));
#9897=CARTESIAN_POINT('Ctrl Pts',(136.536399998513,94.664545467559,9.00011448965756));
#9898=CARTESIAN_POINT('Ctrl Pts',(136.536368000084,94.0777676111946,1.6));
#9899=CARTESIAN_POINT('Ctrl Pts',(136.536368000084,94.0777676111946,9.00011448965756));
#9900=CARTESIAN_POINT('Ctrl Pts',(136.407220074973,93.4981245503599,1.6));
#9901=CARTESIAN_POINT('Ctrl Pts',(136.407220074973,93.4981245503599,9.00011448965756));
#9902=CARTESIAN_POINT('Ctrl Pts',(136.158145665613,92.9668378141687,1.6));
#9903=CARTESIAN_POINT('Ctrl Pts',(136.158145665613,92.9668378141687,9.00011448965756));
#9904=CARTESIAN_POINT('',(136.5364,94.6645727330203,1.6));
#9905=CARTESIAN_POINT('Ctrl Pts',(136.158145665613,92.9668378141687,1.6));
#9906=CARTESIAN_POINT('Ctrl Pts',(136.407220074973,93.4981245503599,1.6));
#9907=CARTESIAN_POINT('Ctrl Pts',(136.536368000084,94.0777676111946,1.6));
#9908=CARTESIAN_POINT('Ctrl Pts',(136.536399998513,94.664545467559,1.6));
#9909=CARTESIAN_POINT('Ctrl Pts',(136.536399999009,94.6645545560077,1.6));
#9910=CARTESIAN_POINT('Ctrl Pts',(136.536399999504,94.6645636444966,1.6));
#9911=CARTESIAN_POINT('Ctrl Pts',(136.5364,94.6645727330203,1.6));
#9912=CARTESIAN_POINT('',(136.5364,94.6645727330203,0.));
#9913=CARTESIAN_POINT('Origin',(136.5364,153.788089767274,0.));
#9914=CARTESIAN_POINT('',(136.5364,153.788089767274,1.6));
#9915=CARTESIAN_POINT('',(136.5364,133.388477105799,1.6));
#9916=CARTESIAN_POINT('',(136.5364,153.788089767274,0.));
#9917=CARTESIAN_POINT('Ctrl Pts',(136.242525597659,154.546892115548,1.6));
#9918=CARTESIAN_POINT('Ctrl Pts',(136.242525597659,154.546892115548,9.00039681634829));
#9919=CARTESIAN_POINT('Ctrl Pts',(136.434167793142,154.341031411898,1.6));
#9920=CARTESIAN_POINT('Ctrl Pts',(136.434167793142,154.341031411898,9.00039681634829));
#9921=CARTESIAN_POINT('Ctrl Pts',(136.539387309266,154.068669521893,1.6));
#9922=CARTESIAN_POINT('Ctrl Pts',(136.539387309266,154.068669521893,9.00039681634829));
#9923=CARTESIAN_POINT('Ctrl Pts',(136.5364,153.788089767274,1.6));
#9924=CARTESIAN_POINT('Ctrl Pts',(136.5364,153.788089767274,9.00039681634829));
#9925=CARTESIAN_POINT('',(136.242524252009,154.546893561033,1.6));
#9926=CARTESIAN_POINT('Ctrl Pts',(136.5364,153.788089767274,1.6));
#9927=CARTESIAN_POINT('Ctrl Pts',(136.539387309266,154.068669521893,1.6));
#9928=CARTESIAN_POINT('Ctrl Pts',(136.434167793142,154.341031411898,1.6));
#9929=CARTESIAN_POINT('Ctrl Pts',(136.242525597659,154.546892115548,1.6));
#9930=CARTESIAN_POINT('',(136.242524252009,154.546893561033,0.));
#9931=CARTESIAN_POINT('Ctrl Pts',(135.479028824666,154.895565091872,1.6));
#9932=CARTESIAN_POINT('Ctrl Pts',(135.479028824666,154.895565091872,9.00039844267883));
#9933=CARTESIAN_POINT('Ctrl Pts',(135.769308829804,154.885216185861,1.6));
#9934=CARTESIAN_POINT('Ctrl Pts',(135.769308829804,154.885216185861,9.00039844267883));
#9935=CARTESIAN_POINT('Ctrl Pts',(136.044602083345,154.759499325974,1.6));
#9936=CARTESIAN_POINT('Ctrl Pts',(136.044602083345,154.759499325974,9.00039844267883));
#9937=CARTESIAN_POINT('Ctrl Pts',(136.242524252009,154.546893561033,1.6));
#9938=CARTESIAN_POINT('Ctrl Pts',(136.242524252009,154.546893561033,9.00039844267883));
#9939=CARTESIAN_POINT('',(135.479028824666,154.895565091872,1.6));
#9940=CARTESIAN_POINT('Ctrl Pts',(136.242524252009,154.546893561033,1.6));
#9941=CARTESIAN_POINT('Ctrl Pts',(136.044602083345,154.759499325974,1.6));
#9942=CARTESIAN_POINT('Ctrl Pts',(135.769308829804,154.885216185861,1.6));
#9943=CARTESIAN_POINT('Ctrl Pts',(135.479028824666,154.895565091872,1.6));
#9944=CARTESIAN_POINT('',(135.479028824666,154.895565091872,0.));
#9945=CARTESIAN_POINT('Origin',(135.4434,153.8962,0.));
#9946=CARTESIAN_POINT('Origin',(135.4434,153.8962,1.6));
#9947=CARTESIAN_POINT('Ctrl Pts',(86.8382846664926,155.181199578976,1.6));
#9948=CARTESIAN_POINT('Ctrl Pts',(86.8382846664926,155.181199578976,9.0001421675675));
#9949=CARTESIAN_POINT('Ctrl Pts',(87.1491698485815,154.994673937278,1.6));
#9950=CARTESIAN_POINT('Ctrl Pts',(87.1491698485815,154.994673937278,9.0001421675675));
#9951=CARTESIAN_POINT('Ctrl Pts',(87.5047346483657,154.896193998879,1.6));
#9952=CARTESIAN_POINT('Ctrl Pts',(87.5047346483657,154.896193998879,9.0001421675675));
#9953=CARTESIAN_POINT('Ctrl Pts',(87.8672834477888,154.896199999863,1.6));
#9954=CARTESIAN_POINT('Ctrl Pts',(87.8672834477888,154.896199999863,9.0001421675675));
#9955=CARTESIAN_POINT('',(86.8382846664926,155.181199578976,1.6));
#9956=CARTESIAN_POINT('Ctrl Pts',(87.8672834477888,154.896199999863,1.6));
#9957=CARTESIAN_POINT('Ctrl Pts',(87.5047346483657,154.896193998879,1.6));
#9958=CARTESIAN_POINT('Ctrl Pts',(87.1491698485815,154.994673937278,1.6));
#9959=CARTESIAN_POINT('Ctrl Pts',(86.8382846664926,155.181199578976,1.6));
#9960=CARTESIAN_POINT('',(86.8382846664926,155.181199578976,0.));
#9961=CARTESIAN_POINT('Origin',(79.7633973405026,159.426291974793,0.));
#9962=CARTESIAN_POINT('',(89.7397756689418,153.440239359612,1.6));
#9963=CARTESIAN_POINT('Origin',(119.9388,99.2466,0.));
#9964=CARTESIAN_POINT('',(131.6302,93.7949,1.6));
#9965=CARTESIAN_POINT('',(131.6302,93.7949,0.));
#9966=CARTESIAN_POINT('',(119.9388,99.2466,1.6));
#9967=CARTESIAN_POINT('',(119.9388,99.2466,1.6));
#9968=CARTESIAN_POINT('',(119.9388,99.2466,0.));
#9969=CARTESIAN_POINT('Ctrl Pts',(119.55647,99.263328,0.));
#9970=CARTESIAN_POINT('Ctrl Pts',(119.55647,99.263328,1.6));
#9971=CARTESIAN_POINT('Ctrl Pts',(119.681089,99.308674,0.));
#9972=CARTESIAN_POINT('Ctrl Pts',(119.681089,99.308674,1.6));
#9973=CARTESIAN_POINT('Ctrl Pts',(119.818618,99.302657,0.));
#9974=CARTESIAN_POINT('Ctrl Pts',(119.818618,99.302657,1.6));
#9975=CARTESIAN_POINT('Ctrl Pts',(119.9388,99.2466,0.));
#9976=CARTESIAN_POINT('Ctrl Pts',(119.9388,99.2466,1.6));
#9977=CARTESIAN_POINT('',(119.55647,99.263328,1.6));
#9978=CARTESIAN_POINT('Ctrl Pts',(119.55647,99.263328,1.6));
#9979=CARTESIAN_POINT('Ctrl Pts',(119.681089,99.308674,1.6));
#9980=CARTESIAN_POINT('Ctrl Pts',(119.818618,99.302657,1.6));
#9981=CARTESIAN_POINT('Ctrl Pts',(119.9388,99.2466,1.6));
#9982=CARTESIAN_POINT('',(119.55647,99.263328,0.));
#9983=CARTESIAN_POINT('Ctrl Pts',(119.2743,99.0048,0.));
#9984=CARTESIAN_POINT('Ctrl Pts',(119.2743,99.0048,1.6));
#9985=CARTESIAN_POINT('Ctrl Pts',(119.330351,99.124985,0.));
#9986=CARTESIAN_POINT('Ctrl Pts',(119.330351,99.124985,1.6));
#9987=CARTESIAN_POINT('Ctrl Pts',(119.431851,99.217981,0.));
#9988=CARTESIAN_POINT('Ctrl Pts',(119.431851,99.217981,1.6));
#9989=CARTESIAN_POINT('Ctrl Pts',(119.55647,99.263328,0.));
#9990=CARTESIAN_POINT('Ctrl Pts',(119.55647,99.263328,1.6));
#9991=CARTESIAN_POINT('',(119.2743,99.0048,1.6));
#9992=CARTESIAN_POINT('Ctrl Pts',(119.2743,99.0048,1.6));
#9993=CARTESIAN_POINT('Ctrl Pts',(119.330351,99.124985,1.6));
#9994=CARTESIAN_POINT('Ctrl Pts',(119.431851,99.217981,1.6));
#9995=CARTESIAN_POINT('Ctrl Pts',(119.55647,99.263328,1.6));
#9996=CARTESIAN_POINT('',(119.2743,99.0048,0.));
#9997=CARTESIAN_POINT('Origin',(113.8226,87.3134,0.));
#9998=CARTESIAN_POINT('',(113.8226,87.3134,1.6));
#9999=CARTESIAN_POINT('',(113.8226,87.3134,1.6));
#10000=CARTESIAN_POINT('',(113.8226,87.3134,0.));
#10001=CARTESIAN_POINT('Ctrl Pts',(113.805872,86.93107,0.));
#10002=CARTESIAN_POINT('Ctrl Pts',(113.805872,86.93107,1.6));
#10003=CARTESIAN_POINT('Ctrl Pts',(113.760526,87.055689,0.));
#10004=CARTESIAN_POINT('Ctrl Pts',(113.760526,87.055689,1.6));
#10005=CARTESIAN_POINT('Ctrl Pts',(113.766543,87.193218,0.));
#10006=CARTESIAN_POINT('Ctrl Pts',(113.766543,87.193218,1.6));
#10007=CARTESIAN_POINT('Ctrl Pts',(113.8226,87.3134,0.));
#10008=CARTESIAN_POINT('Ctrl Pts',(113.8226,87.3134,1.6));
#10009=CARTESIAN_POINT('',(113.805872,86.93107,1.6));
#10010=CARTESIAN_POINT('Ctrl Pts',(113.805872,86.93107,1.6));
#10011=CARTESIAN_POINT('Ctrl Pts',(113.760526,87.055689,1.6));
#10012=CARTESIAN_POINT('Ctrl Pts',(113.766543,87.193218,1.6));
#10013=CARTESIAN_POINT('Ctrl Pts',(113.8226,87.3134,1.6));
#10014=CARTESIAN_POINT('',(113.805872,86.93107,0.));
#10015=CARTESIAN_POINT('Ctrl Pts',(114.0644,86.6489,0.));
#10016=CARTESIAN_POINT('Ctrl Pts',(114.0644,86.6489,1.6));
#10017=CARTESIAN_POINT('Ctrl Pts',(113.944215,86.704951,0.));
#10018=CARTESIAN_POINT('Ctrl Pts',(113.944215,86.704951,1.6));
#10019=CARTESIAN_POINT('Ctrl Pts',(113.851219,86.806451,0.));
#10020=CARTESIAN_POINT('Ctrl Pts',(113.851219,86.806451,1.6));
#10021=CARTESIAN_POINT('Ctrl Pts',(113.805872,86.93107,0.));
#10022=CARTESIAN_POINT('Ctrl Pts',(113.805872,86.93107,1.6));
#10023=CARTESIAN_POINT('',(114.0644,86.6489,1.6));
#10024=CARTESIAN_POINT('Ctrl Pts',(114.0644,86.6489,1.6));
#10025=CARTESIAN_POINT('Ctrl Pts',(113.944215,86.704951,1.6));
#10026=CARTESIAN_POINT('Ctrl Pts',(113.851219,86.806451,1.6));
#10027=CARTESIAN_POINT('Ctrl Pts',(113.805872,86.93107,1.6));
#10028=CARTESIAN_POINT('',(114.0644,86.6489,0.));
#10029=CARTESIAN_POINT('Origin',(125.7558,81.1972,0.));
#10030=CARTESIAN_POINT('',(125.7558,81.1972,1.6));
#10031=CARTESIAN_POINT('',(125.7558,81.1972,1.6));
#10032=CARTESIAN_POINT('',(125.7558,81.1972,0.));
#10033=CARTESIAN_POINT('Ctrl Pts',(126.13813,81.180472,0.));
#10034=CARTESIAN_POINT('Ctrl Pts',(126.13813,81.180472,1.6));
#10035=CARTESIAN_POINT('Ctrl Pts',(126.013511,81.135126,0.));
#10036=CARTESIAN_POINT('Ctrl Pts',(126.013511,81.135126,1.6));
#10037=CARTESIAN_POINT('Ctrl Pts',(125.875982,81.141143,0.));
#10038=CARTESIAN_POINT('Ctrl Pts',(125.875982,81.141143,1.6));
#10039=CARTESIAN_POINT('Ctrl Pts',(125.7558,81.1972,0.));
#10040=CARTESIAN_POINT('Ctrl Pts',(125.7558,81.1972,1.6));
#10041=CARTESIAN_POINT('',(126.13813,81.180472,1.6));
#10042=CARTESIAN_POINT('Ctrl Pts',(126.13813,81.180472,1.6));
#10043=CARTESIAN_POINT('Ctrl Pts',(126.013511,81.135126,1.6));
#10044=CARTESIAN_POINT('Ctrl Pts',(125.875982,81.141143,1.6));
#10045=CARTESIAN_POINT('Ctrl Pts',(125.7558,81.1972,1.6));
#10046=CARTESIAN_POINT('',(126.13813,81.180472,0.));
#10047=CARTESIAN_POINT('Ctrl Pts',(126.4203,81.439,0.));
#10048=CARTESIAN_POINT('Ctrl Pts',(126.4203,81.439,1.6));
#10049=CARTESIAN_POINT('Ctrl Pts',(126.364249,81.318815,0.));
#10050=CARTESIAN_POINT('Ctrl Pts',(126.364249,81.318815,1.6));
#10051=CARTESIAN_POINT('Ctrl Pts',(126.262749,81.225819,0.));
#10052=CARTESIAN_POINT('Ctrl Pts',(126.262749,81.225819,1.6));
#10053=CARTESIAN_POINT('Ctrl Pts',(126.13813,81.180472,0.));
#10054=CARTESIAN_POINT('Ctrl Pts',(126.13813,81.180472,1.6));
#10055=CARTESIAN_POINT('',(126.4203,81.439,1.6));
#10056=CARTESIAN_POINT('Ctrl Pts',(126.4203,81.439,1.6));
#10057=CARTESIAN_POINT('Ctrl Pts',(126.364249,81.318815,1.6));
#10058=CARTESIAN_POINT('Ctrl Pts',(126.262749,81.225819,1.6));
#10059=CARTESIAN_POINT('Ctrl Pts',(126.13813,81.180472,1.6));
#10060=CARTESIAN_POINT('',(126.4203,81.439,0.));
#10061=CARTESIAN_POINT('Origin',(131.872,93.1304,0.));
#10062=CARTESIAN_POINT('',(131.872,93.1304,1.6));
#10063=CARTESIAN_POINT('',(131.872,93.1304,1.6));
#10064=CARTESIAN_POINT('',(131.872,93.1304,0.));
#10065=CARTESIAN_POINT('Ctrl Pts',(131.888728,93.51273,0.));
#10066=CARTESIAN_POINT('Ctrl Pts',(131.888728,93.51273,1.6));
#10067=CARTESIAN_POINT('Ctrl Pts',(131.934074,93.388111,0.));
#10068=CARTESIAN_POINT('Ctrl Pts',(131.934074,93.388111,1.6));
#10069=CARTESIAN_POINT('Ctrl Pts',(131.928057,93.250582,0.));
#10070=CARTESIAN_POINT('Ctrl Pts',(131.928057,93.250582,1.6));
#10071=CARTESIAN_POINT('Ctrl Pts',(131.872,93.1304,0.));
#10072=CARTESIAN_POINT('Ctrl Pts',(131.872,93.1304,1.6));
#10073=CARTESIAN_POINT('',(131.888728,93.51273,1.6));
#10074=CARTESIAN_POINT('Ctrl Pts',(131.888728,93.51273,1.6));
#10075=CARTESIAN_POINT('Ctrl Pts',(131.934074,93.388111,1.6));
#10076=CARTESIAN_POINT('Ctrl Pts',(131.928057,93.250582,1.6));
#10077=CARTESIAN_POINT('Ctrl Pts',(131.872,93.1304,1.6));
#10078=CARTESIAN_POINT('',(131.888728,93.51273,0.));
#10079=CARTESIAN_POINT('Ctrl Pts',(131.6302,93.7949,0.));
#10080=CARTESIAN_POINT('Ctrl Pts',(131.6302,93.7949,1.6));
#10081=CARTESIAN_POINT('Ctrl Pts',(131.750385,93.738849,0.));
#10082=CARTESIAN_POINT('Ctrl Pts',(131.750385,93.738849,1.6));
#10083=CARTESIAN_POINT('Ctrl Pts',(131.843381,93.637349,0.));
#10084=CARTESIAN_POINT('Ctrl Pts',(131.843381,93.637349,1.6));
#10085=CARTESIAN_POINT('Ctrl Pts',(131.888728,93.51273,0.));
#10086=CARTESIAN_POINT('Ctrl Pts',(131.888728,93.51273,1.6));
#10087=CARTESIAN_POINT('Ctrl Pts',(131.6302,93.7949,1.6));
#10088=CARTESIAN_POINT('Ctrl Pts',(131.750385,93.738849,1.6));
#10089=CARTESIAN_POINT('Ctrl Pts',(131.843381,93.637349,1.6));
#10090=CARTESIAN_POINT('Ctrl Pts',(131.888728,93.51273,1.6));
#10091=CARTESIAN_POINT('Origin',(135.2727,116.1163,0.));
#10092=CARTESIAN_POINT('',(116.3927,116.1163,1.6));
#10093=CARTESIAN_POINT('',(116.3927,116.1163,0.));
#10094=CARTESIAN_POINT('',(135.2727,116.1163,1.6));
#10095=CARTESIAN_POINT('',(116.3927,116.1163,1.6));
#10096=CARTESIAN_POINT('',(135.2727,116.1163,0.));
#10097=CARTESIAN_POINT('Origin',(135.2727,153.8962,0.));
#10098=CARTESIAN_POINT('',(135.2727,153.8962,1.6));
#10099=CARTESIAN_POINT('',(135.2727,116.1163,1.6));
#10100=CARTESIAN_POINT('',(135.2727,153.8962,0.));
#10101=CARTESIAN_POINT('Origin',(116.3927,153.8962,0.));
#10102=CARTESIAN_POINT('',(87.8673,153.8962,1.6));
#10103=CARTESIAN_POINT('Origin',(116.3927,116.1163,0.));
#10104=CARTESIAN_POINT('',(116.3927,153.8962,1.6));
#10105=CARTESIAN_POINT('Origin',(80.2644,149.8478,0.));
#10106=CARTESIAN_POINT('',(93.1644,149.8478,1.6));
#10107=CARTESIAN_POINT('',(93.1644,149.8478,0.));
#10108=CARTESIAN_POINT('',(80.2644,149.8478,1.6));
#10109=CARTESIAN_POINT('',(80.2644,149.8478,1.6));
#10110=CARTESIAN_POINT('',(80.2644,149.8478,0.));
#10111=CARTESIAN_POINT('Ctrl Pts',(79.910847,149.701353,0.));
#10112=CARTESIAN_POINT('Ctrl Pts',(79.910847,149.701353,1.6));
#10113=CARTESIAN_POINT('Ctrl Pts',(80.004615,149.795122,0.));
#10114=CARTESIAN_POINT('Ctrl Pts',(80.004615,149.795122,1.6));
#10115=CARTESIAN_POINT('Ctrl Pts',(80.131792,149.8478,0.));
#10116=CARTESIAN_POINT('Ctrl Pts',(80.131792,149.8478,1.6));
#10117=CARTESIAN_POINT('Ctrl Pts',(80.2644,149.8478,0.));
#10118=CARTESIAN_POINT('Ctrl Pts',(80.2644,149.8478,1.6));
#10119=CARTESIAN_POINT('',(79.910847,149.701353,1.6));
#10120=CARTESIAN_POINT('Ctrl Pts',(79.910847,149.701353,1.6));
#10121=CARTESIAN_POINT('Ctrl Pts',(80.004615,149.795122,1.6));
#10122=CARTESIAN_POINT('Ctrl Pts',(80.131792,149.8478,1.6));
#10123=CARTESIAN_POINT('Ctrl Pts',(80.2644,149.8478,1.6));
#10124=CARTESIAN_POINT('',(79.910847,149.701353,0.));
#10125=CARTESIAN_POINT('Ctrl Pts',(79.7644,149.3478,0.));
#10126=CARTESIAN_POINT('Ctrl Pts',(79.7644,149.3478,1.6));
#10127=CARTESIAN_POINT('Ctrl Pts',(79.7644,149.480408,0.));
#10128=CARTESIAN_POINT('Ctrl Pts',(79.7644,149.480408,1.6));
#10129=CARTESIAN_POINT('Ctrl Pts',(79.817078,149.607585,0.));
#10130=CARTESIAN_POINT('Ctrl Pts',(79.817078,149.607585,1.6));
#10131=CARTESIAN_POINT('Ctrl Pts',(79.910847,149.701353,0.));
#10132=CARTESIAN_POINT('Ctrl Pts',(79.910847,149.701353,1.6));
#10133=CARTESIAN_POINT('',(79.7644,149.3478,1.6));
#10134=CARTESIAN_POINT('Ctrl Pts',(79.7644,149.3478,1.6));
#10135=CARTESIAN_POINT('Ctrl Pts',(79.7644,149.480408,1.6));
#10136=CARTESIAN_POINT('Ctrl Pts',(79.817078,149.607585,1.6));
#10137=CARTESIAN_POINT('Ctrl Pts',(79.910847,149.701353,1.6));
#10138=CARTESIAN_POINT('',(79.7644,149.3478,0.));
#10139=CARTESIAN_POINT('Origin',(79.7644,136.4478,0.));
#10140=CARTESIAN_POINT('',(79.7644,136.4478,1.6));
#10141=CARTESIAN_POINT('',(79.7644,136.4478,1.6));
#10142=CARTESIAN_POINT('',(79.7644,136.4478,0.));
#10143=CARTESIAN_POINT('Ctrl Pts',(79.910847,136.094247,0.));
#10144=CARTESIAN_POINT('Ctrl Pts',(79.910847,136.094247,1.6));
#10145=CARTESIAN_POINT('Ctrl Pts',(79.817078,136.188015,0.));
#10146=CARTESIAN_POINT('Ctrl Pts',(79.817078,136.188015,1.6));
#10147=CARTESIAN_POINT('Ctrl Pts',(79.7644,136.315192,0.));
#10148=CARTESIAN_POINT('Ctrl Pts',(79.7644,136.315192,1.6));
#10149=CARTESIAN_POINT('Ctrl Pts',(79.7644,136.4478,0.));
#10150=CARTESIAN_POINT('Ctrl Pts',(79.7644,136.4478,1.6));
#10151=CARTESIAN_POINT('',(79.910847,136.094247,1.6));
#10152=CARTESIAN_POINT('Ctrl Pts',(79.910847,136.094247,1.6));
#10153=CARTESIAN_POINT('Ctrl Pts',(79.817078,136.188015,1.6));
#10154=CARTESIAN_POINT('Ctrl Pts',(79.7644,136.315192,1.6));
#10155=CARTESIAN_POINT('Ctrl Pts',(79.7644,136.4478,1.6));
#10156=CARTESIAN_POINT('',(79.910847,136.094247,0.));
#10157=CARTESIAN_POINT('Ctrl Pts',(80.2644,135.9478,0.));
#10158=CARTESIAN_POINT('Ctrl Pts',(80.2644,135.9478,1.6));
#10159=CARTESIAN_POINT('Ctrl Pts',(80.131792,135.9478,0.));
#10160=CARTESIAN_POINT('Ctrl Pts',(80.131792,135.9478,1.6));
#10161=CARTESIAN_POINT('Ctrl Pts',(80.004615,136.000478,0.));
#10162=CARTESIAN_POINT('Ctrl Pts',(80.004615,136.000478,1.6));
#10163=CARTESIAN_POINT('Ctrl Pts',(79.910847,136.094247,0.));
#10164=CARTESIAN_POINT('Ctrl Pts',(79.910847,136.094247,1.6));
#10165=CARTESIAN_POINT('',(80.2644,135.9478,1.6));
#10166=CARTESIAN_POINT('Ctrl Pts',(80.2644,135.9478,1.6));
#10167=CARTESIAN_POINT('Ctrl Pts',(80.131792,135.9478,1.6));
#10168=CARTESIAN_POINT('Ctrl Pts',(80.004615,136.000478,1.6));
#10169=CARTESIAN_POINT('Ctrl Pts',(79.910847,136.094247,1.6));
#10170=CARTESIAN_POINT('',(80.2644,135.9478,0.));
#10171=CARTESIAN_POINT('Origin',(93.1644,135.9478,0.));
#10172=CARTESIAN_POINT('',(93.1644,135.9478,1.6));
#10173=CARTESIAN_POINT('',(93.1644,135.9478,1.6));
#10174=CARTESIAN_POINT('',(93.1644,135.9478,0.));
#10175=CARTESIAN_POINT('Ctrl Pts',(93.517953,136.094247,0.));
#10176=CARTESIAN_POINT('Ctrl Pts',(93.517953,136.094247,1.6));
#10177=CARTESIAN_POINT('Ctrl Pts',(93.424185,136.000478,0.));
#10178=CARTESIAN_POINT('Ctrl Pts',(93.424185,136.000478,1.6));
#10179=CARTESIAN_POINT('Ctrl Pts',(93.297008,135.9478,0.));
#10180=CARTESIAN_POINT('Ctrl Pts',(93.297008,135.9478,1.6));
#10181=CARTESIAN_POINT('Ctrl Pts',(93.1644,135.9478,0.));
#10182=CARTESIAN_POINT('Ctrl Pts',(93.1644,135.9478,1.6));
#10183=CARTESIAN_POINT('',(93.517953,136.094247,1.6));
#10184=CARTESIAN_POINT('Ctrl Pts',(93.517953,136.094247,1.6));
#10185=CARTESIAN_POINT('Ctrl Pts',(93.424185,136.000478,1.6));
#10186=CARTESIAN_POINT('Ctrl Pts',(93.297008,135.9478,1.6));
#10187=CARTESIAN_POINT('Ctrl Pts',(93.1644,135.9478,1.6));
#10188=CARTESIAN_POINT('',(93.517953,136.094247,0.));
#10189=CARTESIAN_POINT('Ctrl Pts',(93.6644,136.4478,0.));
#10190=CARTESIAN_POINT('Ctrl Pts',(93.6644,136.4478,1.6));
#10191=CARTESIAN_POINT('Ctrl Pts',(93.6644,136.315192,0.));
#10192=CARTESIAN_POINT('Ctrl Pts',(93.6644,136.315192,1.6));
#10193=CARTESIAN_POINT('Ctrl Pts',(93.611722,136.188015,0.));
#10194=CARTESIAN_POINT('Ctrl Pts',(93.611722,136.188015,1.6));
#10195=CARTESIAN_POINT('Ctrl Pts',(93.517953,136.094247,0.));
#10196=CARTESIAN_POINT('Ctrl Pts',(93.517953,136.094247,1.6));
#10197=CARTESIAN_POINT('',(93.6644,136.4478,1.6));
#10198=CARTESIAN_POINT('Ctrl Pts',(93.6644,136.4478,1.6));
#10199=CARTESIAN_POINT('Ctrl Pts',(93.6644,136.315192,1.6));
#10200=CARTESIAN_POINT('Ctrl Pts',(93.611722,136.188015,1.6));
#10201=CARTESIAN_POINT('Ctrl Pts',(93.517953,136.094247,1.6));
#10202=CARTESIAN_POINT('',(93.6644,136.4478,0.));
#10203=CARTESIAN_POINT('Origin',(93.6644,149.3478,0.));
#10204=CARTESIAN_POINT('',(93.6644,149.3478,1.6));
#10205=CARTESIAN_POINT('',(93.6644,149.3478,1.6));
#10206=CARTESIAN_POINT('',(93.6644,149.3478,0.));
#10207=CARTESIAN_POINT('Ctrl Pts',(93.517953,149.701353,0.));
#10208=CARTESIAN_POINT('Ctrl Pts',(93.517953,149.701353,1.6));
#10209=CARTESIAN_POINT('Ctrl Pts',(93.611722,149.607585,0.));
#10210=CARTESIAN_POINT('Ctrl Pts',(93.611722,149.607585,1.6));
#10211=CARTESIAN_POINT('Ctrl Pts',(93.6644,149.480408,0.));
#10212=CARTESIAN_POINT('Ctrl Pts',(93.6644,149.480408,1.6));
#10213=CARTESIAN_POINT('Ctrl Pts',(93.6644,149.3478,0.));
#10214=CARTESIAN_POINT('Ctrl Pts',(93.6644,149.3478,1.6));
#10215=CARTESIAN_POINT('',(93.517953,149.701353,1.6));
#10216=CARTESIAN_POINT('Ctrl Pts',(93.517953,149.701353,1.6));
#10217=CARTESIAN_POINT('Ctrl Pts',(93.611722,149.607585,1.6));
#10218=CARTESIAN_POINT('Ctrl Pts',(93.6644,149.480408,1.6));
#10219=CARTESIAN_POINT('Ctrl Pts',(93.6644,149.3478,1.6));
#10220=CARTESIAN_POINT('',(93.517953,149.701353,0.));
#10221=CARTESIAN_POINT('Ctrl Pts',(93.1644,149.8478,0.));
#10222=CARTESIAN_POINT('Ctrl Pts',(93.1644,149.8478,1.6));
#10223=CARTESIAN_POINT('Ctrl Pts',(93.297008,149.8478,0.));
#10224=CARTESIAN_POINT('Ctrl Pts',(93.297008,149.8478,1.6));
#10225=CARTESIAN_POINT('Ctrl Pts',(93.424185,149.795122,0.));
#10226=CARTESIAN_POINT('Ctrl Pts',(93.424185,149.795122,1.6));
#10227=CARTESIAN_POINT('Ctrl Pts',(93.517953,149.701353,0.));
#10228=CARTESIAN_POINT('Ctrl Pts',(93.517953,149.701353,1.6));
#10229=CARTESIAN_POINT('Ctrl Pts',(93.1644,149.8478,1.6));
#10230=CARTESIAN_POINT('Ctrl Pts',(93.297008,149.8478,1.6));
#10231=CARTESIAN_POINT('Ctrl Pts',(93.424185,149.795122,1.6));
#10232=CARTESIAN_POINT('Ctrl Pts',(93.517953,149.701353,1.6));
#10233=CARTESIAN_POINT('Origin',(77.7917,78.4824,0.));
#10234=CARTESIAN_POINT('',(80.0317,91.1865,1.6));
#10235=CARTESIAN_POINT('',(80.0317,91.1865,0.));
#10236=CARTESIAN_POINT('',(77.7917,78.4824,1.6));
#10237=CARTESIAN_POINT('',(77.7917,78.4824,1.6));
#10238=CARTESIAN_POINT('',(77.7917,78.4824,0.));
#10239=CARTESIAN_POINT('Ctrl Pts',(78.1972,77.9032,0.));
#10240=CARTESIAN_POINT('Ctrl Pts',(78.1972,77.9032,1.6));
#10241=CARTESIAN_POINT('Ctrl Pts',(77.925298,77.95119,0.));
#10242=CARTESIAN_POINT('Ctrl Pts',(77.925298,77.95119,1.6));
#10243=CARTESIAN_POINT('Ctrl Pts',(77.743762,78.210489,0.));
#10244=CARTESIAN_POINT('Ctrl Pts',(77.743762,78.210489,1.6));
#10245=CARTESIAN_POINT('Ctrl Pts',(77.7917,78.4824,0.));
#10246=CARTESIAN_POINT('Ctrl Pts',(77.7917,78.4824,1.6));
#10247=CARTESIAN_POINT('',(78.1972,77.9032,1.6));
#10248=CARTESIAN_POINT('Ctrl Pts',(78.1972,77.9032,1.6));
#10249=CARTESIAN_POINT('Ctrl Pts',(77.925298,77.95119,1.6));
#10250=CARTESIAN_POINT('Ctrl Pts',(77.743762,78.210489,1.6));
#10251=CARTESIAN_POINT('Ctrl Pts',(77.7917,78.4824,1.6));
#10252=CARTESIAN_POINT('',(78.1972,77.9032,0.));
#10253=CARTESIAN_POINT('Origin',(90.9013,75.6632,0.));
#10254=CARTESIAN_POINT('',(90.9013,75.6632,1.6));
#10255=CARTESIAN_POINT('',(90.9013,75.6632,1.6));
#10256=CARTESIAN_POINT('',(90.9013,75.6632,0.));
#10257=CARTESIAN_POINT('Ctrl Pts',(91.4805,76.0687,0.));
#10258=CARTESIAN_POINT('Ctrl Pts',(91.4805,76.0687,1.6));
#10259=CARTESIAN_POINT('Ctrl Pts',(91.43251,75.796798,0.));
#10260=CARTESIAN_POINT('Ctrl Pts',(91.43251,75.796798,1.6));
#10261=CARTESIAN_POINT('Ctrl Pts',(91.173211,75.615262,0.));
#10262=CARTESIAN_POINT('Ctrl Pts',(91.173211,75.615262,1.6));
#10263=CARTESIAN_POINT('Ctrl Pts',(90.9013,75.6632,0.));
#10264=CARTESIAN_POINT('Ctrl Pts',(90.9013,75.6632,1.6));
#10265=CARTESIAN_POINT('',(91.4805,76.0687,1.6));
#10266=CARTESIAN_POINT('Ctrl Pts',(91.4805,76.0687,1.6));
#10267=CARTESIAN_POINT('Ctrl Pts',(91.43251,75.796798,1.6));
#10268=CARTESIAN_POINT('Ctrl Pts',(91.173211,75.615262,1.6));
#10269=CARTESIAN_POINT('Ctrl Pts',(90.9013,75.6632,1.6));
#10270=CARTESIAN_POINT('',(91.4805,76.0687,0.));
#10271=CARTESIAN_POINT('Origin',(93.7205,88.7728,0.));
#10272=CARTESIAN_POINT('',(93.7205,88.7728,1.6));
#10273=CARTESIAN_POINT('',(93.7205,88.7728,1.6));
#10274=CARTESIAN_POINT('',(93.7205,88.7728,0.));
#10275=CARTESIAN_POINT('Ctrl Pts',(93.315,89.352,0.));
#10276=CARTESIAN_POINT('Ctrl Pts',(93.315,89.352,1.6));
#10277=CARTESIAN_POINT('Ctrl Pts',(93.586902,89.30401,0.));
#10278=CARTESIAN_POINT('Ctrl Pts',(93.586902,89.30401,1.6));
#10279=CARTESIAN_POINT('Ctrl Pts',(93.768438,89.044711,0.));
#10280=CARTESIAN_POINT('Ctrl Pts',(93.768438,89.044711,1.6));
#10281=CARTESIAN_POINT('Ctrl Pts',(93.7205,88.7728,0.));
#10282=CARTESIAN_POINT('Ctrl Pts',(93.7205,88.7728,1.6));
#10283=CARTESIAN_POINT('',(93.315,89.352,1.6));
#10284=CARTESIAN_POINT('Ctrl Pts',(93.315,89.352,1.6));
#10285=CARTESIAN_POINT('Ctrl Pts',(93.586902,89.30401,1.6));
#10286=CARTESIAN_POINT('Ctrl Pts',(93.768438,89.044711,1.6));
#10287=CARTESIAN_POINT('Ctrl Pts',(93.7205,88.7728,1.6));
#10288=CARTESIAN_POINT('',(93.315,89.352,0.));
#10289=CARTESIAN_POINT('Origin',(80.6109,91.592,0.));
#10290=CARTESIAN_POINT('',(80.6109,91.592,1.6));
#10291=CARTESIAN_POINT('',(80.6109,91.592,1.6));
#10292=CARTESIAN_POINT('',(80.6109,91.592,0.));
#10293=CARTESIAN_POINT('Ctrl Pts',(80.0317,91.1865,0.));
#10294=CARTESIAN_POINT('Ctrl Pts',(80.0317,91.1865,1.6));
#10295=CARTESIAN_POINT('Ctrl Pts',(80.07969,91.458402,0.));
#10296=CARTESIAN_POINT('Ctrl Pts',(80.07969,91.458402,1.6));
#10297=CARTESIAN_POINT('Ctrl Pts',(80.338989,91.639938,0.));
#10298=CARTESIAN_POINT('Ctrl Pts',(80.338989,91.639938,1.6));
#10299=CARTESIAN_POINT('Ctrl Pts',(80.6109,91.592,0.));
#10300=CARTESIAN_POINT('Ctrl Pts',(80.6109,91.592,1.6));
#10301=CARTESIAN_POINT('Ctrl Pts',(80.0317,91.1865,1.6));
#10302=CARTESIAN_POINT('Ctrl Pts',(80.07969,91.458402,1.6));
#10303=CARTESIAN_POINT('Ctrl Pts',(80.338989,91.639938,1.6));
#10304=CARTESIAN_POINT('Ctrl Pts',(80.6109,91.592,1.6));
#10305=CARTESIAN_POINT('Origin',(98.2644,107.6928,0.));
#10306=CARTESIAN_POINT('',(111.1644,107.6928,1.6));
#10307=CARTESIAN_POINT('',(111.1644,107.6928,0.));
#10308=CARTESIAN_POINT('',(98.2644,107.6928,1.6));
#10309=CARTESIAN_POINT('',(98.2644,107.6928,1.6));
#10310=CARTESIAN_POINT('',(98.2644,107.6928,0.));
#10311=CARTESIAN_POINT('Ctrl Pts',(97.910847,107.546353,0.));
#10312=CARTESIAN_POINT('Ctrl Pts',(97.910847,107.546353,1.6));
#10313=CARTESIAN_POINT('Ctrl Pts',(98.004615,107.640122,0.));
#10314=CARTESIAN_POINT('Ctrl Pts',(98.004615,107.640122,1.6));
#10315=CARTESIAN_POINT('Ctrl Pts',(98.131792,107.6928,0.));
#10316=CARTESIAN_POINT('Ctrl Pts',(98.131792,107.6928,1.6));
#10317=CARTESIAN_POINT('Ctrl Pts',(98.2644,107.6928,0.));
#10318=CARTESIAN_POINT('Ctrl Pts',(98.2644,107.6928,1.6));
#10319=CARTESIAN_POINT('',(97.910847,107.546353,1.6));
#10320=CARTESIAN_POINT('Ctrl Pts',(97.910847,107.546353,1.6));
#10321=CARTESIAN_POINT('Ctrl Pts',(98.004615,107.640122,1.6));
#10322=CARTESIAN_POINT('Ctrl Pts',(98.131792,107.6928,1.6));
#10323=CARTESIAN_POINT('Ctrl Pts',(98.2644,107.6928,1.6));
#10324=CARTESIAN_POINT('',(97.910847,107.546353,0.));
#10325=CARTESIAN_POINT('Ctrl Pts',(97.7644,107.1928,0.));
#10326=CARTESIAN_POINT('Ctrl Pts',(97.7644,107.1928,1.6));
#10327=CARTESIAN_POINT('Ctrl Pts',(97.7644,107.325408,0.));
#10328=CARTESIAN_POINT('Ctrl Pts',(97.7644,107.325408,1.6));
#10329=CARTESIAN_POINT('Ctrl Pts',(97.817078,107.452585,0.));
#10330=CARTESIAN_POINT('Ctrl Pts',(97.817078,107.452585,1.6));
#10331=CARTESIAN_POINT('Ctrl Pts',(97.910847,107.546353,0.));
#10332=CARTESIAN_POINT('Ctrl Pts',(97.910847,107.546353,1.6));
#10333=CARTESIAN_POINT('',(97.7644,107.1928,1.6));
#10334=CARTESIAN_POINT('Ctrl Pts',(97.7644,107.1928,1.6));
#10335=CARTESIAN_POINT('Ctrl Pts',(97.7644,107.325408,1.6));
#10336=CARTESIAN_POINT('Ctrl Pts',(97.817078,107.452585,1.6));
#10337=CARTESIAN_POINT('Ctrl Pts',(97.910847,107.546353,1.6));
#10338=CARTESIAN_POINT('',(97.7644,107.1928,0.));
#10339=CARTESIAN_POINT('Origin',(97.7644,94.2928,0.));
#10340=CARTESIAN_POINT('',(97.7644,94.2928,1.6));
#10341=CARTESIAN_POINT('',(97.7644,94.2928,1.6));
#10342=CARTESIAN_POINT('',(97.7644,94.2928,0.));
#10343=CARTESIAN_POINT('Ctrl Pts',(97.910847,93.939247,0.));
#10344=CARTESIAN_POINT('Ctrl Pts',(97.910847,93.939247,1.6));
#10345=CARTESIAN_POINT('Ctrl Pts',(97.817078,94.033015,0.));
#10346=CARTESIAN_POINT('Ctrl Pts',(97.817078,94.033015,1.6));
#10347=CARTESIAN_POINT('Ctrl Pts',(97.7644,94.160192,0.));
#10348=CARTESIAN_POINT('Ctrl Pts',(97.7644,94.160192,1.6));
#10349=CARTESIAN_POINT('Ctrl Pts',(97.7644,94.2928,0.));
#10350=CARTESIAN_POINT('Ctrl Pts',(97.7644,94.2928,1.6));
#10351=CARTESIAN_POINT('',(97.910847,93.939247,1.6));
#10352=CARTESIAN_POINT('Ctrl Pts',(97.910847,93.939247,1.6));
#10353=CARTESIAN_POINT('Ctrl Pts',(97.817078,94.033015,1.6));
#10354=CARTESIAN_POINT('Ctrl Pts',(97.7644,94.160192,1.6));
#10355=CARTESIAN_POINT('Ctrl Pts',(97.7644,94.2928,1.6));
#10356=CARTESIAN_POINT('',(97.910847,93.939247,0.));
#10357=CARTESIAN_POINT('Ctrl Pts',(98.2644,93.7928,0.));
#10358=CARTESIAN_POINT('Ctrl Pts',(98.2644,93.7928,1.6));
#10359=CARTESIAN_POINT('Ctrl Pts',(98.131792,93.7928,0.));
#10360=CARTESIAN_POINT('Ctrl Pts',(98.131792,93.7928,1.6));
#10361=CARTESIAN_POINT('Ctrl Pts',(98.004615,93.845478,0.));
#10362=CARTESIAN_POINT('Ctrl Pts',(98.004615,93.845478,1.6));
#10363=CARTESIAN_POINT('Ctrl Pts',(97.910847,93.939247,0.));
#10364=CARTESIAN_POINT('Ctrl Pts',(97.910847,93.939247,1.6));
#10365=CARTESIAN_POINT('',(98.2644,93.7928,1.6));
#10366=CARTESIAN_POINT('Ctrl Pts',(98.2644,93.7928,1.6));
#10367=CARTESIAN_POINT('Ctrl Pts',(98.131792,93.7928,1.6));
#10368=CARTESIAN_POINT('Ctrl Pts',(98.004615,93.845478,1.6));
#10369=CARTESIAN_POINT('Ctrl Pts',(97.910847,93.939247,1.6));
#10370=CARTESIAN_POINT('',(98.2644,93.7928,0.));
#10371=CARTESIAN_POINT('Origin',(111.1644,93.7928,0.));
#10372=CARTESIAN_POINT('',(111.1644,93.7928,1.6));
#10373=CARTESIAN_POINT('',(111.1644,93.7928,1.6));
#10374=CARTESIAN_POINT('',(111.1644,93.7928,0.));
#10375=CARTESIAN_POINT('Ctrl Pts',(111.517953,93.939247,0.));
#10376=CARTESIAN_POINT('Ctrl Pts',(111.517953,93.939247,1.6));
#10377=CARTESIAN_POINT('Ctrl Pts',(111.424185,93.845478,0.));
#10378=CARTESIAN_POINT('Ctrl Pts',(111.424185,93.845478,1.6));
#10379=CARTESIAN_POINT('Ctrl Pts',(111.297008,93.7928,0.));
#10380=CARTESIAN_POINT('Ctrl Pts',(111.297008,93.7928,1.6));
#10381=CARTESIAN_POINT('Ctrl Pts',(111.1644,93.7928,0.));
#10382=CARTESIAN_POINT('Ctrl Pts',(111.1644,93.7928,1.6));
#10383=CARTESIAN_POINT('',(111.517953,93.939247,1.6));
#10384=CARTESIAN_POINT('Ctrl Pts',(111.517953,93.939247,1.6));
#10385=CARTESIAN_POINT('Ctrl Pts',(111.424185,93.845478,1.6));
#10386=CARTESIAN_POINT('Ctrl Pts',(111.297008,93.7928,1.6));
#10387=CARTESIAN_POINT('Ctrl Pts',(111.1644,93.7928,1.6));
#10388=CARTESIAN_POINT('',(111.517953,93.939247,0.));
#10389=CARTESIAN_POINT('Ctrl Pts',(111.6644,94.2928,0.));
#10390=CARTESIAN_POINT('Ctrl Pts',(111.6644,94.2928,1.6));
#10391=CARTESIAN_POINT('Ctrl Pts',(111.6644,94.160192,0.));
#10392=CARTESIAN_POINT('Ctrl Pts',(111.6644,94.160192,1.6));
#10393=CARTESIAN_POINT('Ctrl Pts',(111.611722,94.033015,0.));
#10394=CARTESIAN_POINT('Ctrl Pts',(111.611722,94.033015,1.6));
#10395=CARTESIAN_POINT('Ctrl Pts',(111.517953,93.939247,0.));
#10396=CARTESIAN_POINT('Ctrl Pts',(111.517953,93.939247,1.6));
#10397=CARTESIAN_POINT('',(111.6644,94.2928,1.6));
#10398=CARTESIAN_POINT('Ctrl Pts',(111.6644,94.2928,1.6));
#10399=CARTESIAN_POINT('Ctrl Pts',(111.6644,94.160192,1.6));
#10400=CARTESIAN_POINT('Ctrl Pts',(111.611722,94.033015,1.6));
#10401=CARTESIAN_POINT('Ctrl Pts',(111.517953,93.939247,1.6));
#10402=CARTESIAN_POINT('',(111.6644,94.2928,0.));
#10403=CARTESIAN_POINT('Origin',(111.6644,107.1928,0.));
#10404=CARTESIAN_POINT('',(111.6644,107.1928,1.6));
#10405=CARTESIAN_POINT('',(111.6644,107.1928,1.6));
#10406=CARTESIAN_POINT('',(111.6644,107.1928,0.));
#10407=CARTESIAN_POINT('Ctrl Pts',(111.517953,107.546353,0.));
#10408=CARTESIAN_POINT('Ctrl Pts',(111.517953,107.546353,1.6));
#10409=CARTESIAN_POINT('Ctrl Pts',(111.611722,107.452585,0.));
#10410=CARTESIAN_POINT('Ctrl Pts',(111.611722,107.452585,1.6));
#10411=CARTESIAN_POINT('Ctrl Pts',(111.6644,107.325408,0.));
#10412=CARTESIAN_POINT('Ctrl Pts',(111.6644,107.325408,1.6));
#10413=CARTESIAN_POINT('Ctrl Pts',(111.6644,107.1928,0.));
#10414=CARTESIAN_POINT('Ctrl Pts',(111.6644,107.1928,1.6));
#10415=CARTESIAN_POINT('',(111.517953,107.546353,1.6));
#10416=CARTESIAN_POINT('Ctrl Pts',(111.517953,107.546353,1.6));
#10417=CARTESIAN_POINT('Ctrl Pts',(111.611722,107.452585,1.6));
#10418=CARTESIAN_POINT('Ctrl Pts',(111.6644,107.325408,1.6));
#10419=CARTESIAN_POINT('Ctrl Pts',(111.6644,107.1928,1.6));
#10420=CARTESIAN_POINT('',(111.517953,107.546353,0.));
#10421=CARTESIAN_POINT('Ctrl Pts',(111.1644,107.6928,0.));
#10422=CARTESIAN_POINT('Ctrl Pts',(111.1644,107.6928,1.6));
#10423=CARTESIAN_POINT('Ctrl Pts',(111.297008,107.6928,0.));
#10424=CARTESIAN_POINT('Ctrl Pts',(111.297008,107.6928,1.6));
#10425=CARTESIAN_POINT('Ctrl Pts',(111.424185,107.640122,0.));
#10426=CARTESIAN_POINT('Ctrl Pts',(111.424185,107.640122,1.6));
#10427=CARTESIAN_POINT('Ctrl Pts',(111.517953,107.546353,0.));
#10428=CARTESIAN_POINT('Ctrl Pts',(111.517953,107.546353,1.6));
#10429=CARTESIAN_POINT('Ctrl Pts',(111.1644,107.6928,1.6));
#10430=CARTESIAN_POINT('Ctrl Pts',(111.297008,107.6928,1.6));
#10431=CARTESIAN_POINT('Ctrl Pts',(111.424185,107.640122,1.6));
#10432=CARTESIAN_POINT('Ctrl Pts',(111.517953,107.546353,1.6));
#10433=CARTESIAN_POINT('Origin',(26.2644,100.8478,0.));
#10434=CARTESIAN_POINT('',(39.1644,100.8478,1.6));
#10435=CARTESIAN_POINT('',(39.1644,100.8478,0.));
#10436=CARTESIAN_POINT('',(26.2644,100.8478,1.6));
#10437=CARTESIAN_POINT('',(26.2644,100.8478,1.6));
#10438=CARTESIAN_POINT('',(26.2644,100.8478,0.));
#10439=CARTESIAN_POINT('Ctrl Pts',(25.910847,100.701353,0.));
#10440=CARTESIAN_POINT('Ctrl Pts',(25.910847,100.701353,1.6));
#10441=CARTESIAN_POINT('Ctrl Pts',(26.004615,100.795122,0.));
#10442=CARTESIAN_POINT('Ctrl Pts',(26.004615,100.795122,1.6));
#10443=CARTESIAN_POINT('Ctrl Pts',(26.131792,100.8478,0.));
#10444=CARTESIAN_POINT('Ctrl Pts',(26.131792,100.8478,1.6));
#10445=CARTESIAN_POINT('Ctrl Pts',(26.2644,100.8478,0.));
#10446=CARTESIAN_POINT('Ctrl Pts',(26.2644,100.8478,1.6));
#10447=CARTESIAN_POINT('',(25.910847,100.701353,1.6));
#10448=CARTESIAN_POINT('Ctrl Pts',(25.910847,100.701353,1.6));
#10449=CARTESIAN_POINT('Ctrl Pts',(26.004615,100.795122,1.6));
#10450=CARTESIAN_POINT('Ctrl Pts',(26.131792,100.8478,1.6));
#10451=CARTESIAN_POINT('Ctrl Pts',(26.2644,100.8478,1.6));
#10452=CARTESIAN_POINT('',(25.910847,100.701353,0.));
#10453=CARTESIAN_POINT('Ctrl Pts',(25.7644,100.3478,0.));
#10454=CARTESIAN_POINT('Ctrl Pts',(25.7644,100.3478,1.6));
#10455=CARTESIAN_POINT('Ctrl Pts',(25.7644,100.480408,0.));
#10456=CARTESIAN_POINT('Ctrl Pts',(25.7644,100.480408,1.6));
#10457=CARTESIAN_POINT('Ctrl Pts',(25.817078,100.607585,0.));
#10458=CARTESIAN_POINT('Ctrl Pts',(25.817078,100.607585,1.6));
#10459=CARTESIAN_POINT('Ctrl Pts',(25.910847,100.701353,0.));
#10460=CARTESIAN_POINT('Ctrl Pts',(25.910847,100.701353,1.6));
#10461=CARTESIAN_POINT('',(25.7644,100.3478,1.6));
#10462=CARTESIAN_POINT('Ctrl Pts',(25.7644,100.3478,1.6));
#10463=CARTESIAN_POINT('Ctrl Pts',(25.7644,100.480408,1.6));
#10464=CARTESIAN_POINT('Ctrl Pts',(25.817078,100.607585,1.6));
#10465=CARTESIAN_POINT('Ctrl Pts',(25.910847,100.701353,1.6));
#10466=CARTESIAN_POINT('',(25.7644,100.3478,0.));
#10467=CARTESIAN_POINT('Origin',(25.7644,87.4478,0.));
#10468=CARTESIAN_POINT('',(25.7644,87.4478,1.6));
#10469=CARTESIAN_POINT('',(25.7644,87.4478,1.6));
#10470=CARTESIAN_POINT('',(25.7644,87.4478,0.));
#10471=CARTESIAN_POINT('Ctrl Pts',(25.910847,87.094247,0.));
#10472=CARTESIAN_POINT('Ctrl Pts',(25.910847,87.094247,1.6));
#10473=CARTESIAN_POINT('Ctrl Pts',(25.817078,87.188015,0.));
#10474=CARTESIAN_POINT('Ctrl Pts',(25.817078,87.188015,1.6));
#10475=CARTESIAN_POINT('Ctrl Pts',(25.7644,87.315192,0.));
#10476=CARTESIAN_POINT('Ctrl Pts',(25.7644,87.315192,1.6));
#10477=CARTESIAN_POINT('Ctrl Pts',(25.7644,87.4478,0.));
#10478=CARTESIAN_POINT('Ctrl Pts',(25.7644,87.4478,1.6));
#10479=CARTESIAN_POINT('',(25.910847,87.094247,1.6));
#10480=CARTESIAN_POINT('Ctrl Pts',(25.910847,87.094247,1.6));
#10481=CARTESIAN_POINT('Ctrl Pts',(25.817078,87.188015,1.6));
#10482=CARTESIAN_POINT('Ctrl Pts',(25.7644,87.315192,1.6));
#10483=CARTESIAN_POINT('Ctrl Pts',(25.7644,87.4478,1.6));
#10484=CARTESIAN_POINT('',(25.910847,87.094247,0.));
#10485=CARTESIAN_POINT('Ctrl Pts',(26.2644,86.9478,0.));
#10486=CARTESIAN_POINT('Ctrl Pts',(26.2644,86.9478,1.6));
#10487=CARTESIAN_POINT('Ctrl Pts',(26.131792,86.9478,0.));
#10488=CARTESIAN_POINT('Ctrl Pts',(26.131792,86.9478,1.6));
#10489=CARTESIAN_POINT('Ctrl Pts',(26.004615,87.000478,0.));
#10490=CARTESIAN_POINT('Ctrl Pts',(26.004615,87.000478,1.6));
#10491=CARTESIAN_POINT('Ctrl Pts',(25.910847,87.094247,0.));
#10492=CARTESIAN_POINT('Ctrl Pts',(25.910847,87.094247,1.6));
#10493=CARTESIAN_POINT('',(26.2644,86.9478,1.6));
#10494=CARTESIAN_POINT('Ctrl Pts',(26.2644,86.9478,1.6));
#10495=CARTESIAN_POINT('Ctrl Pts',(26.131792,86.9478,1.6));
#10496=CARTESIAN_POINT('Ctrl Pts',(26.004615,87.000478,1.6));
#10497=CARTESIAN_POINT('Ctrl Pts',(25.910847,87.094247,1.6));
#10498=CARTESIAN_POINT('',(26.2644,86.9478,0.));
#10499=CARTESIAN_POINT('Origin',(39.1644,86.9478,0.));
#10500=CARTESIAN_POINT('',(39.1644,86.9478,1.6));
#10501=CARTESIAN_POINT('',(39.1644,86.9478,1.6));
#10502=CARTESIAN_POINT('',(39.1644,86.9478,0.));
#10503=CARTESIAN_POINT('Ctrl Pts',(39.517953,87.094247,0.));
#10504=CARTESIAN_POINT('Ctrl Pts',(39.517953,87.094247,1.6));
#10505=CARTESIAN_POINT('Ctrl Pts',(39.424185,87.000478,0.));
#10506=CARTESIAN_POINT('Ctrl Pts',(39.424185,87.000478,1.6));
#10507=CARTESIAN_POINT('Ctrl Pts',(39.297008,86.9478,0.));
#10508=CARTESIAN_POINT('Ctrl Pts',(39.297008,86.9478,1.6));
#10509=CARTESIAN_POINT('Ctrl Pts',(39.1644,86.9478,0.));
#10510=CARTESIAN_POINT('Ctrl Pts',(39.1644,86.9478,1.6));
#10511=CARTESIAN_POINT('',(39.517953,87.094247,1.6));
#10512=CARTESIAN_POINT('Ctrl Pts',(39.517953,87.094247,1.6));
#10513=CARTESIAN_POINT('Ctrl Pts',(39.424185,87.000478,1.6));
#10514=CARTESIAN_POINT('Ctrl Pts',(39.297008,86.9478,1.6));
#10515=CARTESIAN_POINT('Ctrl Pts',(39.1644,86.9478,1.6));
#10516=CARTESIAN_POINT('',(39.517953,87.094247,0.));
#10517=CARTESIAN_POINT('Ctrl Pts',(39.6644,87.4478,0.));
#10518=CARTESIAN_POINT('Ctrl Pts',(39.6644,87.4478,1.6));
#10519=CARTESIAN_POINT('Ctrl Pts',(39.6644,87.315192,0.));
#10520=CARTESIAN_POINT('Ctrl Pts',(39.6644,87.315192,1.6));
#10521=CARTESIAN_POINT('Ctrl Pts',(39.611722,87.188015,0.));
#10522=CARTESIAN_POINT('Ctrl Pts',(39.611722,87.188015,1.6));
#10523=CARTESIAN_POINT('Ctrl Pts',(39.517953,87.094247,0.));
#10524=CARTESIAN_POINT('Ctrl Pts',(39.517953,87.094247,1.6));
#10525=CARTESIAN_POINT('',(39.6644,87.4478,1.6));
#10526=CARTESIAN_POINT('Ctrl Pts',(39.6644,87.4478,1.6));
#10527=CARTESIAN_POINT('Ctrl Pts',(39.6644,87.315192,1.6));
#10528=CARTESIAN_POINT('Ctrl Pts',(39.611722,87.188015,1.6));
#10529=CARTESIAN_POINT('Ctrl Pts',(39.517953,87.094247,1.6));
#10530=CARTESIAN_POINT('',(39.6644,87.4478,0.));
#10531=CARTESIAN_POINT('Origin',(39.6644,100.3478,0.));
#10532=CARTESIAN_POINT('',(39.6644,100.3478,1.6));
#10533=CARTESIAN_POINT('',(39.6644,100.3478,1.6));
#10534=CARTESIAN_POINT('',(39.6644,100.3478,0.));
#10535=CARTESIAN_POINT('Ctrl Pts',(39.517953,100.701353,0.));
#10536=CARTESIAN_POINT('Ctrl Pts',(39.517953,100.701353,1.6));
#10537=CARTESIAN_POINT('Ctrl Pts',(39.611722,100.607585,0.));
#10538=CARTESIAN_POINT('Ctrl Pts',(39.611722,100.607585,1.6));
#10539=CARTESIAN_POINT('Ctrl Pts',(39.6644,100.480408,0.));
#10540=CARTESIAN_POINT('Ctrl Pts',(39.6644,100.480408,1.6));
#10541=CARTESIAN_POINT('Ctrl Pts',(39.6644,100.3478,0.));
#10542=CARTESIAN_POINT('Ctrl Pts',(39.6644,100.3478,1.6));
#10543=CARTESIAN_POINT('',(39.517953,100.701353,1.6));
#10544=CARTESIAN_POINT('Ctrl Pts',(39.517953,100.701353,1.6));
#10545=CARTESIAN_POINT('Ctrl Pts',(39.611722,100.607585,1.6));
#10546=CARTESIAN_POINT('Ctrl Pts',(39.6644,100.480408,1.6));
#10547=CARTESIAN_POINT('Ctrl Pts',(39.6644,100.3478,1.6));
#10548=CARTESIAN_POINT('',(39.517953,100.701353,0.));
#10549=CARTESIAN_POINT('Ctrl Pts',(39.1644,100.8478,0.));
#10550=CARTESIAN_POINT('Ctrl Pts',(39.1644,100.8478,1.6));
#10551=CARTESIAN_POINT('Ctrl Pts',(39.297008,100.8478,0.));
#10552=CARTESIAN_POINT('Ctrl Pts',(39.297008,100.8478,1.6));
#10553=CARTESIAN_POINT('Ctrl Pts',(39.424185,100.795122,0.));
#10554=CARTESIAN_POINT('Ctrl Pts',(39.424185,100.795122,1.6));
#10555=CARTESIAN_POINT('Ctrl Pts',(39.517953,100.701353,0.));
#10556=CARTESIAN_POINT('Ctrl Pts',(39.517953,100.701353,1.6));
#10557=CARTESIAN_POINT('Ctrl Pts',(39.1644,100.8478,1.6));
#10558=CARTESIAN_POINT('Ctrl Pts',(39.297008,100.8478,1.6));
#10559=CARTESIAN_POINT('Ctrl Pts',(39.424185,100.795122,1.6));
#10560=CARTESIAN_POINT('Ctrl Pts',(39.517953,100.701353,1.6));
#10561=CARTESIAN_POINT('Origin',(71.7144,101.897767852242,0.));
#10562=CARTESIAN_POINT('',(70.4644,101.897767852242,1.6));
#10563=CARTESIAN_POINT('Origin',(71.7144,101.897767852242,1.6));
#10564=CARTESIAN_POINT('',(70.4644,101.897767852242,0.));
#10565=CARTESIAN_POINT('Origin',(129.499967855901,104.107183926121,0.));
#10566=CARTESIAN_POINT('',(128.249967855901,104.107183926121,1.6));
#10567=CARTESIAN_POINT('Origin',(129.499967855901,104.107183926121,1.6));
#10568=CARTESIAN_POINT('',(128.249967855901,104.107183926121,0.));
#10569=CARTESIAN_POINT('Origin',(62.2644,122.3478,0.));
#10570=CARTESIAN_POINT('',(75.1644,122.3478,1.6));
#10571=CARTESIAN_POINT('',(75.1644,122.3478,0.));
#10572=CARTESIAN_POINT('',(62.2644,122.3478,1.6));
#10573=CARTESIAN_POINT('',(62.2644,122.3478,1.6));
#10574=CARTESIAN_POINT('',(62.2644,122.3478,0.));
#10575=CARTESIAN_POINT('Ctrl Pts',(61.910847,122.201353,0.));
#10576=CARTESIAN_POINT('Ctrl Pts',(61.910847,122.201353,1.6));
#10577=CARTESIAN_POINT('Ctrl Pts',(62.004615,122.295122,0.));
#10578=CARTESIAN_POINT('Ctrl Pts',(62.004615,122.295122,1.6));
#10579=CARTESIAN_POINT('Ctrl Pts',(62.131792,122.3478,0.));
#10580=CARTESIAN_POINT('Ctrl Pts',(62.131792,122.3478,1.6));
#10581=CARTESIAN_POINT('Ctrl Pts',(62.2644,122.3478,0.));
#10582=CARTESIAN_POINT('Ctrl Pts',(62.2644,122.3478,1.6));
#10583=CARTESIAN_POINT('',(61.910847,122.201353,1.6));
#10584=CARTESIAN_POINT('Ctrl Pts',(61.910847,122.201353,1.6));
#10585=CARTESIAN_POINT('Ctrl Pts',(62.004615,122.295122,1.6));
#10586=CARTESIAN_POINT('Ctrl Pts',(62.131792,122.3478,1.6));
#10587=CARTESIAN_POINT('Ctrl Pts',(62.2644,122.3478,1.6));
#10588=CARTESIAN_POINT('',(61.910847,122.201353,0.));
#10589=CARTESIAN_POINT('Ctrl Pts',(61.7644,121.8478,0.));
#10590=CARTESIAN_POINT('Ctrl Pts',(61.7644,121.8478,1.6));
#10591=CARTESIAN_POINT('Ctrl Pts',(61.7644,121.980408,0.));
#10592=CARTESIAN_POINT('Ctrl Pts',(61.7644,121.980408,1.6));
#10593=CARTESIAN_POINT('Ctrl Pts',(61.817078,122.107585,0.));
#10594=CARTESIAN_POINT('Ctrl Pts',(61.817078,122.107585,1.6));
#10595=CARTESIAN_POINT('Ctrl Pts',(61.910847,122.201353,0.));
#10596=CARTESIAN_POINT('Ctrl Pts',(61.910847,122.201353,1.6));
#10597=CARTESIAN_POINT('',(61.7644,121.8478,1.6));
#10598=CARTESIAN_POINT('Ctrl Pts',(61.7644,121.8478,1.6));
#10599=CARTESIAN_POINT('Ctrl Pts',(61.7644,121.980408,1.6));
#10600=CARTESIAN_POINT('Ctrl Pts',(61.817078,122.107585,1.6));
#10601=CARTESIAN_POINT('Ctrl Pts',(61.910847,122.201353,1.6));
#10602=CARTESIAN_POINT('',(61.7644,121.8478,0.));
#10603=CARTESIAN_POINT('Origin',(61.7644,108.9478,0.));
#10604=CARTESIAN_POINT('',(61.7644,108.9478,1.6));
#10605=CARTESIAN_POINT('',(61.7644,108.9478,1.6));
#10606=CARTESIAN_POINT('',(61.7644,108.9478,0.));
#10607=CARTESIAN_POINT('Ctrl Pts',(61.910847,108.594247,0.));
#10608=CARTESIAN_POINT('Ctrl Pts',(61.910847,108.594247,1.6));
#10609=CARTESIAN_POINT('Ctrl Pts',(61.817078,108.688015,0.));
#10610=CARTESIAN_POINT('Ctrl Pts',(61.817078,108.688015,1.6));
#10611=CARTESIAN_POINT('Ctrl Pts',(61.7644,108.815192,0.));
#10612=CARTESIAN_POINT('Ctrl Pts',(61.7644,108.815192,1.6));
#10613=CARTESIAN_POINT('Ctrl Pts',(61.7644,108.9478,0.));
#10614=CARTESIAN_POINT('Ctrl Pts',(61.7644,108.9478,1.6));
#10615=CARTESIAN_POINT('',(61.910847,108.594247,1.6));
#10616=CARTESIAN_POINT('Ctrl Pts',(61.910847,108.594247,1.6));
#10617=CARTESIAN_POINT('Ctrl Pts',(61.817078,108.688015,1.6));
#10618=CARTESIAN_POINT('Ctrl Pts',(61.7644,108.815192,1.6));
#10619=CARTESIAN_POINT('Ctrl Pts',(61.7644,108.9478,1.6));
#10620=CARTESIAN_POINT('',(61.910847,108.594247,0.));
#10621=CARTESIAN_POINT('Ctrl Pts',(62.2644,108.4478,0.));
#10622=CARTESIAN_POINT('Ctrl Pts',(62.2644,108.4478,1.6));
#10623=CARTESIAN_POINT('Ctrl Pts',(62.131792,108.4478,0.));
#10624=CARTESIAN_POINT('Ctrl Pts',(62.131792,108.4478,1.6));
#10625=CARTESIAN_POINT('Ctrl Pts',(62.004615,108.500478,0.));
#10626=CARTESIAN_POINT('Ctrl Pts',(62.004615,108.500478,1.6));
#10627=CARTESIAN_POINT('Ctrl Pts',(61.910847,108.594247,0.));
#10628=CARTESIAN_POINT('Ctrl Pts',(61.910847,108.594247,1.6));
#10629=CARTESIAN_POINT('',(62.2644,108.4478,1.6));
#10630=CARTESIAN_POINT('Ctrl Pts',(62.2644,108.4478,1.6));
#10631=CARTESIAN_POINT('Ctrl Pts',(62.131792,108.4478,1.6));
#10632=CARTESIAN_POINT('Ctrl Pts',(62.004615,108.500478,1.6));
#10633=CARTESIAN_POINT('Ctrl Pts',(61.910847,108.594247,1.6));
#10634=CARTESIAN_POINT('',(62.2644,108.4478,0.));
#10635=CARTESIAN_POINT('Origin',(75.1644,108.4478,0.));
#10636=CARTESIAN_POINT('',(75.1644,108.4478,1.6));
#10637=CARTESIAN_POINT('',(75.1644,108.4478,1.6));
#10638=CARTESIAN_POINT('',(75.1644,108.4478,0.));
#10639=CARTESIAN_POINT('Ctrl Pts',(75.517953,108.594247,0.));
#10640=CARTESIAN_POINT('Ctrl Pts',(75.517953,108.594247,1.6));
#10641=CARTESIAN_POINT('Ctrl Pts',(75.424185,108.500478,0.));
#10642=CARTESIAN_POINT('Ctrl Pts',(75.424185,108.500478,1.6));
#10643=CARTESIAN_POINT('Ctrl Pts',(75.297008,108.4478,0.));
#10644=CARTESIAN_POINT('Ctrl Pts',(75.297008,108.4478,1.6));
#10645=CARTESIAN_POINT('Ctrl Pts',(75.1644,108.4478,0.));
#10646=CARTESIAN_POINT('Ctrl Pts',(75.1644,108.4478,1.6));
#10647=CARTESIAN_POINT('',(75.517953,108.594247,1.6));
#10648=CARTESIAN_POINT('Ctrl Pts',(75.517953,108.594247,1.6));
#10649=CARTESIAN_POINT('Ctrl Pts',(75.424185,108.500478,1.6));
#10650=CARTESIAN_POINT('Ctrl Pts',(75.297008,108.4478,1.6));
#10651=CARTESIAN_POINT('Ctrl Pts',(75.1644,108.4478,1.6));
#10652=CARTESIAN_POINT('',(75.517953,108.594247,0.));
#10653=CARTESIAN_POINT('Ctrl Pts',(75.6644,108.9478,0.));
#10654=CARTESIAN_POINT('Ctrl Pts',(75.6644,108.9478,1.6));
#10655=CARTESIAN_POINT('Ctrl Pts',(75.6644,108.815192,0.));
#10656=CARTESIAN_POINT('Ctrl Pts',(75.6644,108.815192,1.6));
#10657=CARTESIAN_POINT('Ctrl Pts',(75.611722,108.688015,0.));
#10658=CARTESIAN_POINT('Ctrl Pts',(75.611722,108.688015,1.6));
#10659=CARTESIAN_POINT('Ctrl Pts',(75.517953,108.594247,0.));
#10660=CARTESIAN_POINT('Ctrl Pts',(75.517953,108.594247,1.6));
#10661=CARTESIAN_POINT('',(75.6644,108.9478,1.6));
#10662=CARTESIAN_POINT('Ctrl Pts',(75.6644,108.9478,1.6));
#10663=CARTESIAN_POINT('Ctrl Pts',(75.6644,108.815192,1.6));
#10664=CARTESIAN_POINT('Ctrl Pts',(75.611722,108.688015,1.6));
#10665=CARTESIAN_POINT('Ctrl Pts',(75.517953,108.594247,1.6));
#10666=CARTESIAN_POINT('',(75.6644,108.9478,0.));
#10667=CARTESIAN_POINT('Origin',(75.6644,121.8478,0.));
#10668=CARTESIAN_POINT('',(75.6644,121.8478,1.6));
#10669=CARTESIAN_POINT('',(75.6644,121.8478,1.6));
#10670=CARTESIAN_POINT('',(75.6644,121.8478,0.));
#10671=CARTESIAN_POINT('Ctrl Pts',(75.517953,122.201353,0.));
#10672=CARTESIAN_POINT('Ctrl Pts',(75.517953,122.201353,1.6));
#10673=CARTESIAN_POINT('Ctrl Pts',(75.611722,122.107585,0.));
#10674=CARTESIAN_POINT('Ctrl Pts',(75.611722,122.107585,1.6));
#10675=CARTESIAN_POINT('Ctrl Pts',(75.6644,121.980408,0.));
#10676=CARTESIAN_POINT('Ctrl Pts',(75.6644,121.980408,1.6));
#10677=CARTESIAN_POINT('Ctrl Pts',(75.6644,121.8478,0.));
#10678=CARTESIAN_POINT('Ctrl Pts',(75.6644,121.8478,1.6));
#10679=CARTESIAN_POINT('',(75.517953,122.201353,1.6));
#10680=CARTESIAN_POINT('Ctrl Pts',(75.517953,122.201353,1.6));
#10681=CARTESIAN_POINT('Ctrl Pts',(75.611722,122.107585,1.6));
#10682=CARTESIAN_POINT('Ctrl Pts',(75.6644,121.980408,1.6));
#10683=CARTESIAN_POINT('Ctrl Pts',(75.6644,121.8478,1.6));
#10684=CARTESIAN_POINT('',(75.517953,122.201353,0.));
#10685=CARTESIAN_POINT('Ctrl Pts',(75.1644,122.3478,0.));
#10686=CARTESIAN_POINT('Ctrl Pts',(75.1644,122.3478,1.6));
#10687=CARTESIAN_POINT('Ctrl Pts',(75.297008,122.3478,0.));
#10688=CARTESIAN_POINT('Ctrl Pts',(75.297008,122.3478,1.6));
#10689=CARTESIAN_POINT('Ctrl Pts',(75.424185,122.295122,0.));
#10690=CARTESIAN_POINT('Ctrl Pts',(75.424185,122.295122,1.6));
#10691=CARTESIAN_POINT('Ctrl Pts',(75.517953,122.201353,0.));
#10692=CARTESIAN_POINT('Ctrl Pts',(75.517953,122.201353,1.6));
#10693=CARTESIAN_POINT('Ctrl Pts',(75.1644,122.3478,1.6));
#10694=CARTESIAN_POINT('Ctrl Pts',(75.297008,122.3478,1.6));
#10695=CARTESIAN_POINT('Ctrl Pts',(75.424185,122.295122,1.6));
#10696=CARTESIAN_POINT('Ctrl Pts',(75.517953,122.201353,1.6));
#10697=CARTESIAN_POINT('Origin',(98.2644,124.6928,0.));
#10698=CARTESIAN_POINT('',(111.1644,124.6928,1.6));
#10699=CARTESIAN_POINT('',(111.1644,124.6928,0.));
#10700=CARTESIAN_POINT('',(98.2644,124.6928,1.6));
#10701=CARTESIAN_POINT('',(98.2644,124.6928,1.6));
#10702=CARTESIAN_POINT('',(98.2644,124.6928,0.));
#10703=CARTESIAN_POINT('Ctrl Pts',(97.910847,124.546353,0.));
#10704=CARTESIAN_POINT('Ctrl Pts',(97.910847,124.546353,1.6));
#10705=CARTESIAN_POINT('Ctrl Pts',(98.004615,124.640122,0.));
#10706=CARTESIAN_POINT('Ctrl Pts',(98.004615,124.640122,1.6));
#10707=CARTESIAN_POINT('Ctrl Pts',(98.131792,124.6928,0.));
#10708=CARTESIAN_POINT('Ctrl Pts',(98.131792,124.6928,1.6));
#10709=CARTESIAN_POINT('Ctrl Pts',(98.2644,124.6928,0.));
#10710=CARTESIAN_POINT('Ctrl Pts',(98.2644,124.6928,1.6));
#10711=CARTESIAN_POINT('',(97.910847,124.546353,1.6));
#10712=CARTESIAN_POINT('Ctrl Pts',(97.910847,124.546353,1.6));
#10713=CARTESIAN_POINT('Ctrl Pts',(98.004615,124.640122,1.6));
#10714=CARTESIAN_POINT('Ctrl Pts',(98.131792,124.6928,1.6));
#10715=CARTESIAN_POINT('Ctrl Pts',(98.2644,124.6928,1.6));
#10716=CARTESIAN_POINT('',(97.910847,124.546353,0.));
#10717=CARTESIAN_POINT('Ctrl Pts',(97.7644,124.1928,0.));
#10718=CARTESIAN_POINT('Ctrl Pts',(97.7644,124.1928,1.6));
#10719=CARTESIAN_POINT('Ctrl Pts',(97.7644,124.325408,0.));
#10720=CARTESIAN_POINT('Ctrl Pts',(97.7644,124.325408,1.6));
#10721=CARTESIAN_POINT('Ctrl Pts',(97.817078,124.452585,0.));
#10722=CARTESIAN_POINT('Ctrl Pts',(97.817078,124.452585,1.6));
#10723=CARTESIAN_POINT('Ctrl Pts',(97.910847,124.546353,0.));
#10724=CARTESIAN_POINT('Ctrl Pts',(97.910847,124.546353,1.6));
#10725=CARTESIAN_POINT('',(97.7644,124.1928,1.6));
#10726=CARTESIAN_POINT('Ctrl Pts',(97.7644,124.1928,1.6));
#10727=CARTESIAN_POINT('Ctrl Pts',(97.7644,124.325408,1.6));
#10728=CARTESIAN_POINT('Ctrl Pts',(97.817078,124.452585,1.6));
#10729=CARTESIAN_POINT('Ctrl Pts',(97.910847,124.546353,1.6));
#10730=CARTESIAN_POINT('',(97.7644,124.1928,0.));
#10731=CARTESIAN_POINT('Origin',(97.7644,111.2928,0.));
#10732=CARTESIAN_POINT('',(97.7644,111.2928,1.6));
#10733=CARTESIAN_POINT('',(97.7644,111.2928,1.6));
#10734=CARTESIAN_POINT('',(97.7644,111.2928,0.));
#10735=CARTESIAN_POINT('Ctrl Pts',(97.910847,110.939247,0.));
#10736=CARTESIAN_POINT('Ctrl Pts',(97.910847,110.939247,1.6));
#10737=CARTESIAN_POINT('Ctrl Pts',(97.817078,111.033015,0.));
#10738=CARTESIAN_POINT('Ctrl Pts',(97.817078,111.033015,1.6));
#10739=CARTESIAN_POINT('Ctrl Pts',(97.7644,111.160192,0.));
#10740=CARTESIAN_POINT('Ctrl Pts',(97.7644,111.160192,1.6));
#10741=CARTESIAN_POINT('Ctrl Pts',(97.7644,111.2928,0.));
#10742=CARTESIAN_POINT('Ctrl Pts',(97.7644,111.2928,1.6));
#10743=CARTESIAN_POINT('',(97.910847,110.939247,1.6));
#10744=CARTESIAN_POINT('Ctrl Pts',(97.910847,110.939247,1.6));
#10745=CARTESIAN_POINT('Ctrl Pts',(97.817078,111.033015,1.6));
#10746=CARTESIAN_POINT('Ctrl Pts',(97.7644,111.160192,1.6));
#10747=CARTESIAN_POINT('Ctrl Pts',(97.7644,111.2928,1.6));
#10748=CARTESIAN_POINT('',(97.910847,110.939247,0.));
#10749=CARTESIAN_POINT('Ctrl Pts',(98.2644,110.7928,0.));
#10750=CARTESIAN_POINT('Ctrl Pts',(98.2644,110.7928,1.6));
#10751=CARTESIAN_POINT('Ctrl Pts',(98.131792,110.7928,0.));
#10752=CARTESIAN_POINT('Ctrl Pts',(98.131792,110.7928,1.6));
#10753=CARTESIAN_POINT('Ctrl Pts',(98.004615,110.845478,0.));
#10754=CARTESIAN_POINT('Ctrl Pts',(98.004615,110.845478,1.6));
#10755=CARTESIAN_POINT('Ctrl Pts',(97.910847,110.939247,0.));
#10756=CARTESIAN_POINT('Ctrl Pts',(97.910847,110.939247,1.6));
#10757=CARTESIAN_POINT('',(98.2644,110.7928,1.6));
#10758=CARTESIAN_POINT('Ctrl Pts',(98.2644,110.7928,1.6));
#10759=CARTESIAN_POINT('Ctrl Pts',(98.131792,110.7928,1.6));
#10760=CARTESIAN_POINT('Ctrl Pts',(98.004615,110.845478,1.6));
#10761=CARTESIAN_POINT('Ctrl Pts',(97.910847,110.939247,1.6));
#10762=CARTESIAN_POINT('',(98.2644,110.7928,0.));
#10763=CARTESIAN_POINT('Origin',(111.1644,110.7928,0.));
#10764=CARTESIAN_POINT('',(111.1644,110.7928,1.6));
#10765=CARTESIAN_POINT('',(111.1644,110.7928,1.6));
#10766=CARTESIAN_POINT('',(111.1644,110.7928,0.));
#10767=CARTESIAN_POINT('Ctrl Pts',(111.517953,110.939247,0.));
#10768=CARTESIAN_POINT('Ctrl Pts',(111.517953,110.939247,1.6));
#10769=CARTESIAN_POINT('Ctrl Pts',(111.424185,110.845478,0.));
#10770=CARTESIAN_POINT('Ctrl Pts',(111.424185,110.845478,1.6));
#10771=CARTESIAN_POINT('Ctrl Pts',(111.297008,110.7928,0.));
#10772=CARTESIAN_POINT('Ctrl Pts',(111.297008,110.7928,1.6));
#10773=CARTESIAN_POINT('Ctrl Pts',(111.1644,110.7928,0.));
#10774=CARTESIAN_POINT('Ctrl Pts',(111.1644,110.7928,1.6));
#10775=CARTESIAN_POINT('',(111.517953,110.939247,1.6));
#10776=CARTESIAN_POINT('Ctrl Pts',(111.517953,110.939247,1.6));
#10777=CARTESIAN_POINT('Ctrl Pts',(111.424185,110.845478,1.6));
#10778=CARTESIAN_POINT('Ctrl Pts',(111.297008,110.7928,1.6));
#10779=CARTESIAN_POINT('Ctrl Pts',(111.1644,110.7928,1.6));
#10780=CARTESIAN_POINT('',(111.517953,110.939247,0.));
#10781=CARTESIAN_POINT('Ctrl Pts',(111.6644,111.2928,0.));
#10782=CARTESIAN_POINT('Ctrl Pts',(111.6644,111.2928,1.6));
#10783=CARTESIAN_POINT('Ctrl Pts',(111.6644,111.160192,0.));
#10784=CARTESIAN_POINT('Ctrl Pts',(111.6644,111.160192,1.6));
#10785=CARTESIAN_POINT('Ctrl Pts',(111.611722,111.033015,0.));
#10786=CARTESIAN_POINT('Ctrl Pts',(111.611722,111.033015,1.6));
#10787=CARTESIAN_POINT('Ctrl Pts',(111.517953,110.939247,0.));
#10788=CARTESIAN_POINT('Ctrl Pts',(111.517953,110.939247,1.6));
#10789=CARTESIAN_POINT('',(111.6644,111.2928,1.6));
#10790=CARTESIAN_POINT('Ctrl Pts',(111.6644,111.2928,1.6));
#10791=CARTESIAN_POINT('Ctrl Pts',(111.6644,111.160192,1.6));
#10792=CARTESIAN_POINT('Ctrl Pts',(111.611722,111.033015,1.6));
#10793=CARTESIAN_POINT('Ctrl Pts',(111.517953,110.939247,1.6));
#10794=CARTESIAN_POINT('',(111.6644,111.2928,0.));
#10795=CARTESIAN_POINT('Origin',(111.6644,124.1928,0.));
#10796=CARTESIAN_POINT('',(111.6644,124.1928,1.6));
#10797=CARTESIAN_POINT('',(111.6644,124.1928,1.6));
#10798=CARTESIAN_POINT('',(111.6644,124.1928,0.));
#10799=CARTESIAN_POINT('Ctrl Pts',(111.517953,124.546353,0.));
#10800=CARTESIAN_POINT('Ctrl Pts',(111.517953,124.546353,1.6));
#10801=CARTESIAN_POINT('Ctrl Pts',(111.611722,124.452585,0.));
#10802=CARTESIAN_POINT('Ctrl Pts',(111.611722,124.452585,1.6));
#10803=CARTESIAN_POINT('Ctrl Pts',(111.6644,124.325408,0.));
#10804=CARTESIAN_POINT('Ctrl Pts',(111.6644,124.325408,1.6));
#10805=CARTESIAN_POINT('Ctrl Pts',(111.6644,124.1928,0.));
#10806=CARTESIAN_POINT('Ctrl Pts',(111.6644,124.1928,1.6));
#10807=CARTESIAN_POINT('',(111.517953,124.546353,1.6));
#10808=CARTESIAN_POINT('Ctrl Pts',(111.517953,124.546353,1.6));
#10809=CARTESIAN_POINT('Ctrl Pts',(111.611722,124.452585,1.6));
#10810=CARTESIAN_POINT('Ctrl Pts',(111.6644,124.325408,1.6));
#10811=CARTESIAN_POINT('Ctrl Pts',(111.6644,124.1928,1.6));
#10812=CARTESIAN_POINT('',(111.517953,124.546353,0.));
#10813=CARTESIAN_POINT('Ctrl Pts',(111.1644,124.6928,0.));
#10814=CARTESIAN_POINT('Ctrl Pts',(111.1644,124.6928,1.6));
#10815=CARTESIAN_POINT('Ctrl Pts',(111.297008,124.6928,0.));
#10816=CARTESIAN_POINT('Ctrl Pts',(111.297008,124.6928,1.6));
#10817=CARTESIAN_POINT('Ctrl Pts',(111.424185,124.640122,0.));
#10818=CARTESIAN_POINT('Ctrl Pts',(111.424185,124.640122,1.6));
#10819=CARTESIAN_POINT('Ctrl Pts',(111.517953,124.546353,0.));
#10820=CARTESIAN_POINT('Ctrl Pts',(111.517953,124.546353,1.6));
#10821=CARTESIAN_POINT('Ctrl Pts',(111.1644,124.6928,1.6));
#10822=CARTESIAN_POINT('Ctrl Pts',(111.297008,124.6928,1.6));
#10823=CARTESIAN_POINT('Ctrl Pts',(111.424185,124.640122,1.6));
#10824=CARTESIAN_POINT('Ctrl Pts',(111.517953,124.546353,1.6));
#10825=CARTESIAN_POINT('Origin',(44.2644,147.8478,0.));
#10826=CARTESIAN_POINT('',(57.1644,147.8478,1.6));
#10827=CARTESIAN_POINT('',(57.1644,147.8478,0.));
#10828=CARTESIAN_POINT('',(44.2644,147.8478,1.6));
#10829=CARTESIAN_POINT('',(44.2644,147.8478,1.6));
#10830=CARTESIAN_POINT('',(44.2644,147.8478,0.));
#10831=CARTESIAN_POINT('Ctrl Pts',(43.910847,147.701353,0.));
#10832=CARTESIAN_POINT('Ctrl Pts',(43.910847,147.701353,1.6));
#10833=CARTESIAN_POINT('Ctrl Pts',(44.004615,147.795122,0.));
#10834=CARTESIAN_POINT('Ctrl Pts',(44.004615,147.795122,1.6));
#10835=CARTESIAN_POINT('Ctrl Pts',(44.131792,147.8478,0.));
#10836=CARTESIAN_POINT('Ctrl Pts',(44.131792,147.8478,1.6));
#10837=CARTESIAN_POINT('Ctrl Pts',(44.2644,147.8478,0.));
#10838=CARTESIAN_POINT('Ctrl Pts',(44.2644,147.8478,1.6));
#10839=CARTESIAN_POINT('',(43.910847,147.701353,1.6));
#10840=CARTESIAN_POINT('Ctrl Pts',(43.910847,147.701353,1.6));
#10841=CARTESIAN_POINT('Ctrl Pts',(44.004615,147.795122,1.6));
#10842=CARTESIAN_POINT('Ctrl Pts',(44.131792,147.8478,1.6));
#10843=CARTESIAN_POINT('Ctrl Pts',(44.2644,147.8478,1.6));
#10844=CARTESIAN_POINT('',(43.910847,147.701353,0.));
#10845=CARTESIAN_POINT('Ctrl Pts',(43.7644,147.3478,0.));
#10846=CARTESIAN_POINT('Ctrl Pts',(43.7644,147.3478,1.6));
#10847=CARTESIAN_POINT('Ctrl Pts',(43.7644,147.480408,0.));
#10848=CARTESIAN_POINT('Ctrl Pts',(43.7644,147.480408,1.6));
#10849=CARTESIAN_POINT('Ctrl Pts',(43.817078,147.607585,0.));
#10850=CARTESIAN_POINT('Ctrl Pts',(43.817078,147.607585,1.6));
#10851=CARTESIAN_POINT('Ctrl Pts',(43.910847,147.701353,0.));
#10852=CARTESIAN_POINT('Ctrl Pts',(43.910847,147.701353,1.6));
#10853=CARTESIAN_POINT('',(43.7644,147.3478,1.6));
#10854=CARTESIAN_POINT('Ctrl Pts',(43.7644,147.3478,1.6));
#10855=CARTESIAN_POINT('Ctrl Pts',(43.7644,147.480408,1.6));
#10856=CARTESIAN_POINT('Ctrl Pts',(43.817078,147.607585,1.6));
#10857=CARTESIAN_POINT('Ctrl Pts',(43.910847,147.701353,1.6));
#10858=CARTESIAN_POINT('',(43.7644,147.3478,0.));
#10859=CARTESIAN_POINT('Origin',(43.7644,134.4478,0.));
#10860=CARTESIAN_POINT('',(43.7644,134.4478,1.6));
#10861=CARTESIAN_POINT('',(43.7644,134.4478,1.6));
#10862=CARTESIAN_POINT('',(43.7644,134.4478,0.));
#10863=CARTESIAN_POINT('Ctrl Pts',(43.910847,134.094247,0.));
#10864=CARTESIAN_POINT('Ctrl Pts',(43.910847,134.094247,1.6));
#10865=CARTESIAN_POINT('Ctrl Pts',(43.817078,134.188015,0.));
#10866=CARTESIAN_POINT('Ctrl Pts',(43.817078,134.188015,1.6));
#10867=CARTESIAN_POINT('Ctrl Pts',(43.7644,134.315192,0.));
#10868=CARTESIAN_POINT('Ctrl Pts',(43.7644,134.315192,1.6));
#10869=CARTESIAN_POINT('Ctrl Pts',(43.7644,134.4478,0.));
#10870=CARTESIAN_POINT('Ctrl Pts',(43.7644,134.4478,1.6));
#10871=CARTESIAN_POINT('',(43.910847,134.094247,1.6));
#10872=CARTESIAN_POINT('Ctrl Pts',(43.910847,134.094247,1.6));
#10873=CARTESIAN_POINT('Ctrl Pts',(43.817078,134.188015,1.6));
#10874=CARTESIAN_POINT('Ctrl Pts',(43.7644,134.315192,1.6));
#10875=CARTESIAN_POINT('Ctrl Pts',(43.7644,134.4478,1.6));
#10876=CARTESIAN_POINT('',(43.910847,134.094247,0.));
#10877=CARTESIAN_POINT('Ctrl Pts',(44.2644,133.9478,0.));
#10878=CARTESIAN_POINT('Ctrl Pts',(44.2644,133.9478,1.6));
#10879=CARTESIAN_POINT('Ctrl Pts',(44.131792,133.9478,0.));
#10880=CARTESIAN_POINT('Ctrl Pts',(44.131792,133.9478,1.6));
#10881=CARTESIAN_POINT('Ctrl Pts',(44.004615,134.000478,0.));
#10882=CARTESIAN_POINT('Ctrl Pts',(44.004615,134.000478,1.6));
#10883=CARTESIAN_POINT('Ctrl Pts',(43.910847,134.094247,0.));
#10884=CARTESIAN_POINT('Ctrl Pts',(43.910847,134.094247,1.6));
#10885=CARTESIAN_POINT('',(44.2644,133.9478,1.6));
#10886=CARTESIAN_POINT('Ctrl Pts',(44.2644,133.9478,1.6));
#10887=CARTESIAN_POINT('Ctrl Pts',(44.131792,133.9478,1.6));
#10888=CARTESIAN_POINT('Ctrl Pts',(44.004615,134.000478,1.6));
#10889=CARTESIAN_POINT('Ctrl Pts',(43.910847,134.094247,1.6));
#10890=CARTESIAN_POINT('',(44.2644,133.9478,0.));
#10891=CARTESIAN_POINT('Origin',(57.1644,133.9478,0.));
#10892=CARTESIAN_POINT('',(57.1644,133.9478,1.6));
#10893=CARTESIAN_POINT('',(57.1644,133.9478,1.6));
#10894=CARTESIAN_POINT('',(57.1644,133.9478,0.));
#10895=CARTESIAN_POINT('Ctrl Pts',(57.517953,134.094247,0.));
#10896=CARTESIAN_POINT('Ctrl Pts',(57.517953,134.094247,1.6));
#10897=CARTESIAN_POINT('Ctrl Pts',(57.424185,134.000478,0.));
#10898=CARTESIAN_POINT('Ctrl Pts',(57.424185,134.000478,1.6));
#10899=CARTESIAN_POINT('Ctrl Pts',(57.297008,133.9478,0.));
#10900=CARTESIAN_POINT('Ctrl Pts',(57.297008,133.9478,1.6));
#10901=CARTESIAN_POINT('Ctrl Pts',(57.1644,133.9478,0.));
#10902=CARTESIAN_POINT('Ctrl Pts',(57.1644,133.9478,1.6));
#10903=CARTESIAN_POINT('',(57.517953,134.094247,1.6));
#10904=CARTESIAN_POINT('Ctrl Pts',(57.517953,134.094247,1.6));
#10905=CARTESIAN_POINT('Ctrl Pts',(57.424185,134.000478,1.6));
#10906=CARTESIAN_POINT('Ctrl Pts',(57.297008,133.9478,1.6));
#10907=CARTESIAN_POINT('Ctrl Pts',(57.1644,133.9478,1.6));
#10908=CARTESIAN_POINT('',(57.517953,134.094247,0.));
#10909=CARTESIAN_POINT('Ctrl Pts',(57.6644,134.4478,0.));
#10910=CARTESIAN_POINT('Ctrl Pts',(57.6644,134.4478,1.6));
#10911=CARTESIAN_POINT('Ctrl Pts',(57.6644,134.315192,0.));
#10912=CARTESIAN_POINT('Ctrl Pts',(57.6644,134.315192,1.6));
#10913=CARTESIAN_POINT('Ctrl Pts',(57.611722,134.188015,0.));
#10914=CARTESIAN_POINT('Ctrl Pts',(57.611722,134.188015,1.6));
#10915=CARTESIAN_POINT('Ctrl Pts',(57.517953,134.094247,0.));
#10916=CARTESIAN_POINT('Ctrl Pts',(57.517953,134.094247,1.6));
#10917=CARTESIAN_POINT('',(57.6644,134.4478,1.6));
#10918=CARTESIAN_POINT('Ctrl Pts',(57.6644,134.4478,1.6));
#10919=CARTESIAN_POINT('Ctrl Pts',(57.6644,134.315192,1.6));
#10920=CARTESIAN_POINT('Ctrl Pts',(57.611722,134.188015,1.6));
#10921=CARTESIAN_POINT('Ctrl Pts',(57.517953,134.094247,1.6));
#10922=CARTESIAN_POINT('',(57.6644,134.4478,0.));
#10923=CARTESIAN_POINT('Origin',(57.6644,147.3478,0.));
#10924=CARTESIAN_POINT('',(57.6644,147.3478,1.6));
#10925=CARTESIAN_POINT('',(57.6644,147.3478,1.6));
#10926=CARTESIAN_POINT('',(57.6644,147.3478,0.));
#10927=CARTESIAN_POINT('Ctrl Pts',(57.517953,147.701353,0.));
#10928=CARTESIAN_POINT('Ctrl Pts',(57.517953,147.701353,1.6));
#10929=CARTESIAN_POINT('Ctrl Pts',(57.611722,147.607585,0.));
#10930=CARTESIAN_POINT('Ctrl Pts',(57.611722,147.607585,1.6));
#10931=CARTESIAN_POINT('Ctrl Pts',(57.6644,147.480408,0.));
#10932=CARTESIAN_POINT('Ctrl Pts',(57.6644,147.480408,1.6));
#10933=CARTESIAN_POINT('Ctrl Pts',(57.6644,147.3478,0.));
#10934=CARTESIAN_POINT('Ctrl Pts',(57.6644,147.3478,1.6));
#10935=CARTESIAN_POINT('',(57.517953,147.701353,1.6));
#10936=CARTESIAN_POINT('Ctrl Pts',(57.517953,147.701353,1.6));
#10937=CARTESIAN_POINT('Ctrl Pts',(57.611722,147.607585,1.6));
#10938=CARTESIAN_POINT('Ctrl Pts',(57.6644,147.480408,1.6));
#10939=CARTESIAN_POINT('Ctrl Pts',(57.6644,147.3478,1.6));
#10940=CARTESIAN_POINT('',(57.517953,147.701353,0.));
#10941=CARTESIAN_POINT('Ctrl Pts',(57.1644,147.8478,0.));
#10942=CARTESIAN_POINT('Ctrl Pts',(57.1644,147.8478,1.6));
#10943=CARTESIAN_POINT('Ctrl Pts',(57.297008,147.8478,0.));
#10944=CARTESIAN_POINT('Ctrl Pts',(57.297008,147.8478,1.6));
#10945=CARTESIAN_POINT('Ctrl Pts',(57.424185,147.795122,0.));
#10946=CARTESIAN_POINT('Ctrl Pts',(57.424185,147.795122,1.6));
#10947=CARTESIAN_POINT('Ctrl Pts',(57.517953,147.701353,0.));
#10948=CARTESIAN_POINT('Ctrl Pts',(57.517953,147.701353,1.6));
#10949=CARTESIAN_POINT('Ctrl Pts',(57.1644,147.8478,1.6));
#10950=CARTESIAN_POINT('Ctrl Pts',(57.297008,147.8478,1.6));
#10951=CARTESIAN_POINT('Ctrl Pts',(57.424185,147.795122,1.6));
#10952=CARTESIAN_POINT('Ctrl Pts',(57.517953,147.701353,1.6));
#10953=CARTESIAN_POINT('Origin',(44.2644,113.8478,0.));
#10954=CARTESIAN_POINT('',(57.1644,113.8478,1.6));
#10955=CARTESIAN_POINT('',(57.1644,113.8478,0.));
#10956=CARTESIAN_POINT('',(44.2644,113.8478,1.6));
#10957=CARTESIAN_POINT('',(44.2644,113.8478,1.6));
#10958=CARTESIAN_POINT('',(44.2644,113.8478,0.));
#10959=CARTESIAN_POINT('Ctrl Pts',(43.910847,113.701353,0.));
#10960=CARTESIAN_POINT('Ctrl Pts',(43.910847,113.701353,1.6));
#10961=CARTESIAN_POINT('Ctrl Pts',(44.004615,113.795122,0.));
#10962=CARTESIAN_POINT('Ctrl Pts',(44.004615,113.795122,1.6));
#10963=CARTESIAN_POINT('Ctrl Pts',(44.131792,113.8478,0.));
#10964=CARTESIAN_POINT('Ctrl Pts',(44.131792,113.8478,1.6));
#10965=CARTESIAN_POINT('Ctrl Pts',(44.2644,113.8478,0.));
#10966=CARTESIAN_POINT('Ctrl Pts',(44.2644,113.8478,1.6));
#10967=CARTESIAN_POINT('',(43.910847,113.701353,1.6));
#10968=CARTESIAN_POINT('Ctrl Pts',(43.910847,113.701353,1.6));
#10969=CARTESIAN_POINT('Ctrl Pts',(44.004615,113.795122,1.6));
#10970=CARTESIAN_POINT('Ctrl Pts',(44.131792,113.8478,1.6));
#10971=CARTESIAN_POINT('Ctrl Pts',(44.2644,113.8478,1.6));
#10972=CARTESIAN_POINT('',(43.910847,113.701353,0.));
#10973=CARTESIAN_POINT('Ctrl Pts',(43.7644,113.3478,0.));
#10974=CARTESIAN_POINT('Ctrl Pts',(43.7644,113.3478,1.6));
#10975=CARTESIAN_POINT('Ctrl Pts',(43.7644,113.480408,0.));
#10976=CARTESIAN_POINT('Ctrl Pts',(43.7644,113.480408,1.6));
#10977=CARTESIAN_POINT('Ctrl Pts',(43.817078,113.607585,0.));
#10978=CARTESIAN_POINT('Ctrl Pts',(43.817078,113.607585,1.6));
#10979=CARTESIAN_POINT('Ctrl Pts',(43.910847,113.701353,0.));
#10980=CARTESIAN_POINT('Ctrl Pts',(43.910847,113.701353,1.6));
#10981=CARTESIAN_POINT('',(43.7644,113.3478,1.6));
#10982=CARTESIAN_POINT('Ctrl Pts',(43.7644,113.3478,1.6));
#10983=CARTESIAN_POINT('Ctrl Pts',(43.7644,113.480408,1.6));
#10984=CARTESIAN_POINT('Ctrl Pts',(43.817078,113.607585,1.6));
#10985=CARTESIAN_POINT('Ctrl Pts',(43.910847,113.701353,1.6));
#10986=CARTESIAN_POINT('',(43.7644,113.3478,0.));
#10987=CARTESIAN_POINT('Origin',(43.7644,100.4478,0.));
#10988=CARTESIAN_POINT('',(43.7644,100.4478,1.6));
#10989=CARTESIAN_POINT('',(43.7644,100.4478,1.6));
#10990=CARTESIAN_POINT('',(43.7644,100.4478,0.));
#10991=CARTESIAN_POINT('Ctrl Pts',(43.910847,100.094247,0.));
#10992=CARTESIAN_POINT('Ctrl Pts',(43.910847,100.094247,1.6));
#10993=CARTESIAN_POINT('Ctrl Pts',(43.817078,100.188015,0.));
#10994=CARTESIAN_POINT('Ctrl Pts',(43.817078,100.188015,1.6));
#10995=CARTESIAN_POINT('Ctrl Pts',(43.7644,100.315192,0.));
#10996=CARTESIAN_POINT('Ctrl Pts',(43.7644,100.315192,1.6));
#10997=CARTESIAN_POINT('Ctrl Pts',(43.7644,100.4478,0.));
#10998=CARTESIAN_POINT('Ctrl Pts',(43.7644,100.4478,1.6));
#10999=CARTESIAN_POINT('',(43.910847,100.094247,1.6));
#11000=CARTESIAN_POINT('Ctrl Pts',(43.910847,100.094247,1.6));
#11001=CARTESIAN_POINT('Ctrl Pts',(43.817078,100.188015,1.6));
#11002=CARTESIAN_POINT('Ctrl Pts',(43.7644,100.315192,1.6));
#11003=CARTESIAN_POINT('Ctrl Pts',(43.7644,100.4478,1.6));
#11004=CARTESIAN_POINT('',(43.910847,100.094247,0.));
#11005=CARTESIAN_POINT('Ctrl Pts',(44.2644,99.9478,0.));
#11006=CARTESIAN_POINT('Ctrl Pts',(44.2644,99.9478,1.6));
#11007=CARTESIAN_POINT('Ctrl Pts',(44.131792,99.9478,0.));
#11008=CARTESIAN_POINT('Ctrl Pts',(44.131792,99.9478,1.6));
#11009=CARTESIAN_POINT('Ctrl Pts',(44.004615,100.000478,0.));
#11010=CARTESIAN_POINT('Ctrl Pts',(44.004615,100.000478,1.6));
#11011=CARTESIAN_POINT('Ctrl Pts',(43.910847,100.094247,0.));
#11012=CARTESIAN_POINT('Ctrl Pts',(43.910847,100.094247,1.6));
#11013=CARTESIAN_POINT('',(44.2644,99.9478,1.6));
#11014=CARTESIAN_POINT('Ctrl Pts',(44.2644,99.9478,1.6));
#11015=CARTESIAN_POINT('Ctrl Pts',(44.131792,99.9478,1.6));
#11016=CARTESIAN_POINT('Ctrl Pts',(44.004615,100.000478,1.6));
#11017=CARTESIAN_POINT('Ctrl Pts',(43.910847,100.094247,1.6));
#11018=CARTESIAN_POINT('',(44.2644,99.9478,0.));
#11019=CARTESIAN_POINT('Origin',(57.1644,99.9478,0.));
#11020=CARTESIAN_POINT('',(57.1644,99.9478,1.6));
#11021=CARTESIAN_POINT('',(57.1644,99.9478,1.6));
#11022=CARTESIAN_POINT('',(57.1644,99.9478,0.));
#11023=CARTESIAN_POINT('Ctrl Pts',(57.517953,100.094247,0.));
#11024=CARTESIAN_POINT('Ctrl Pts',(57.517953,100.094247,1.6));
#11025=CARTESIAN_POINT('Ctrl Pts',(57.424185,100.000478,0.));
#11026=CARTESIAN_POINT('Ctrl Pts',(57.424185,100.000478,1.6));
#11027=CARTESIAN_POINT('Ctrl Pts',(57.297008,99.9478,0.));
#11028=CARTESIAN_POINT('Ctrl Pts',(57.297008,99.9478,1.6));
#11029=CARTESIAN_POINT('Ctrl Pts',(57.1644,99.9478,0.));
#11030=CARTESIAN_POINT('Ctrl Pts',(57.1644,99.9478,1.6));
#11031=CARTESIAN_POINT('',(57.517953,100.094247,1.6));
#11032=CARTESIAN_POINT('Ctrl Pts',(57.517953,100.094247,1.6));
#11033=CARTESIAN_POINT('Ctrl Pts',(57.424185,100.000478,1.6));
#11034=CARTESIAN_POINT('Ctrl Pts',(57.297008,99.9478,1.6));
#11035=CARTESIAN_POINT('Ctrl Pts',(57.1644,99.9478,1.6));
#11036=CARTESIAN_POINT('',(57.517953,100.094247,0.));
#11037=CARTESIAN_POINT('Ctrl Pts',(57.6644,100.4478,0.));
#11038=CARTESIAN_POINT('Ctrl Pts',(57.6644,100.4478,1.6));
#11039=CARTESIAN_POINT('Ctrl Pts',(57.6644,100.315192,0.));
#11040=CARTESIAN_POINT('Ctrl Pts',(57.6644,100.315192,1.6));
#11041=CARTESIAN_POINT('Ctrl Pts',(57.611722,100.188015,0.));
#11042=CARTESIAN_POINT('Ctrl Pts',(57.611722,100.188015,1.6));
#11043=CARTESIAN_POINT('Ctrl Pts',(57.517953,100.094247,0.));
#11044=CARTESIAN_POINT('Ctrl Pts',(57.517953,100.094247,1.6));
#11045=CARTESIAN_POINT('',(57.6644,100.4478,1.6));
#11046=CARTESIAN_POINT('Ctrl Pts',(57.6644,100.4478,1.6));
#11047=CARTESIAN_POINT('Ctrl Pts',(57.6644,100.315192,1.6));
#11048=CARTESIAN_POINT('Ctrl Pts',(57.611722,100.188015,1.6));
#11049=CARTESIAN_POINT('Ctrl Pts',(57.517953,100.094247,1.6));
#11050=CARTESIAN_POINT('',(57.6644,100.4478,0.));
#11051=CARTESIAN_POINT('Origin',(57.6644,113.3478,0.));
#11052=CARTESIAN_POINT('',(57.6644,113.3478,1.6));
#11053=CARTESIAN_POINT('',(57.6644,113.3478,1.6));
#11054=CARTESIAN_POINT('',(57.6644,113.3478,0.));
#11055=CARTESIAN_POINT('Ctrl Pts',(57.517953,113.701353,0.));
#11056=CARTESIAN_POINT('Ctrl Pts',(57.517953,113.701353,1.6));
#11057=CARTESIAN_POINT('Ctrl Pts',(57.611722,113.607585,0.));
#11058=CARTESIAN_POINT('Ctrl Pts',(57.611722,113.607585,1.6));
#11059=CARTESIAN_POINT('Ctrl Pts',(57.6644,113.480408,0.));
#11060=CARTESIAN_POINT('Ctrl Pts',(57.6644,113.480408,1.6));
#11061=CARTESIAN_POINT('Ctrl Pts',(57.6644,113.3478,0.));
#11062=CARTESIAN_POINT('Ctrl Pts',(57.6644,113.3478,1.6));
#11063=CARTESIAN_POINT('',(57.517953,113.701353,1.6));
#11064=CARTESIAN_POINT('Ctrl Pts',(57.517953,113.701353,1.6));
#11065=CARTESIAN_POINT('Ctrl Pts',(57.611722,113.607585,1.6));
#11066=CARTESIAN_POINT('Ctrl Pts',(57.6644,113.480408,1.6));
#11067=CARTESIAN_POINT('Ctrl Pts',(57.6644,113.3478,1.6));
#11068=CARTESIAN_POINT('',(57.517953,113.701353,0.));
#11069=CARTESIAN_POINT('Ctrl Pts',(57.1644,113.8478,0.));
#11070=CARTESIAN_POINT('Ctrl Pts',(57.1644,113.8478,1.6));
#11071=CARTESIAN_POINT('Ctrl Pts',(57.297008,113.8478,0.));
#11072=CARTESIAN_POINT('Ctrl Pts',(57.297008,113.8478,1.6));
#11073=CARTESIAN_POINT('Ctrl Pts',(57.424185,113.795122,0.));
#11074=CARTESIAN_POINT('Ctrl Pts',(57.424185,113.795122,1.6));
#11075=CARTESIAN_POINT('Ctrl Pts',(57.517953,113.701353,0.));
#11076=CARTESIAN_POINT('Ctrl Pts',(57.517953,113.701353,1.6));
#11077=CARTESIAN_POINT('Ctrl Pts',(57.1644,113.8478,1.6));
#11078=CARTESIAN_POINT('Ctrl Pts',(57.297008,113.8478,1.6));
#11079=CARTESIAN_POINT('Ctrl Pts',(57.424185,113.795122,1.6));
#11080=CARTESIAN_POINT('Ctrl Pts',(57.517953,113.701353,1.6));
#11081=CARTESIAN_POINT('Origin',(26.2644,117.8478,0.));
#11082=CARTESIAN_POINT('',(39.1644,117.8478,1.6));
#11083=CARTESIAN_POINT('',(39.1644,117.8478,0.));
#11084=CARTESIAN_POINT('',(26.2644,117.8478,1.6));
#11085=CARTESIAN_POINT('',(26.2644,117.8478,1.6));
#11086=CARTESIAN_POINT('',(26.2644,117.8478,0.));
#11087=CARTESIAN_POINT('Ctrl Pts',(25.910847,117.701353,0.));
#11088=CARTESIAN_POINT('Ctrl Pts',(25.910847,117.701353,1.6));
#11089=CARTESIAN_POINT('Ctrl Pts',(26.004615,117.795122,0.));
#11090=CARTESIAN_POINT('Ctrl Pts',(26.004615,117.795122,1.6));
#11091=CARTESIAN_POINT('Ctrl Pts',(26.131792,117.8478,0.));
#11092=CARTESIAN_POINT('Ctrl Pts',(26.131792,117.8478,1.6));
#11093=CARTESIAN_POINT('Ctrl Pts',(26.2644,117.8478,0.));
#11094=CARTESIAN_POINT('Ctrl Pts',(26.2644,117.8478,1.6));
#11095=CARTESIAN_POINT('',(25.910847,117.701353,1.6));
#11096=CARTESIAN_POINT('Ctrl Pts',(25.910847,117.701353,1.6));
#11097=CARTESIAN_POINT('Ctrl Pts',(26.004615,117.795122,1.6));
#11098=CARTESIAN_POINT('Ctrl Pts',(26.131792,117.8478,1.6));
#11099=CARTESIAN_POINT('Ctrl Pts',(26.2644,117.8478,1.6));
#11100=CARTESIAN_POINT('',(25.910847,117.701353,0.));
#11101=CARTESIAN_POINT('Ctrl Pts',(25.7644,117.3478,0.));
#11102=CARTESIAN_POINT('Ctrl Pts',(25.7644,117.3478,1.6));
#11103=CARTESIAN_POINT('Ctrl Pts',(25.7644,117.480408,0.));
#11104=CARTESIAN_POINT('Ctrl Pts',(25.7644,117.480408,1.6));
#11105=CARTESIAN_POINT('Ctrl Pts',(25.817078,117.607585,0.));
#11106=CARTESIAN_POINT('Ctrl Pts',(25.817078,117.607585,1.6));
#11107=CARTESIAN_POINT('Ctrl Pts',(25.910847,117.701353,0.));
#11108=CARTESIAN_POINT('Ctrl Pts',(25.910847,117.701353,1.6));
#11109=CARTESIAN_POINT('',(25.7644,117.3478,1.6));
#11110=CARTESIAN_POINT('Ctrl Pts',(25.7644,117.3478,1.6));
#11111=CARTESIAN_POINT('Ctrl Pts',(25.7644,117.480408,1.6));
#11112=CARTESIAN_POINT('Ctrl Pts',(25.817078,117.607585,1.6));
#11113=CARTESIAN_POINT('Ctrl Pts',(25.910847,117.701353,1.6));
#11114=CARTESIAN_POINT('',(25.7644,117.3478,0.));
#11115=CARTESIAN_POINT('Origin',(25.7644,104.4478,0.));
#11116=CARTESIAN_POINT('',(25.7644,104.4478,1.6));
#11117=CARTESIAN_POINT('',(25.7644,104.4478,1.6));
#11118=CARTESIAN_POINT('',(25.7644,104.4478,0.));
#11119=CARTESIAN_POINT('Ctrl Pts',(25.910847,104.094247,0.));
#11120=CARTESIAN_POINT('Ctrl Pts',(25.910847,104.094247,1.6));
#11121=CARTESIAN_POINT('Ctrl Pts',(25.817078,104.188015,0.));
#11122=CARTESIAN_POINT('Ctrl Pts',(25.817078,104.188015,1.6));
#11123=CARTESIAN_POINT('Ctrl Pts',(25.7644,104.315192,0.));
#11124=CARTESIAN_POINT('Ctrl Pts',(25.7644,104.315192,1.6));
#11125=CARTESIAN_POINT('Ctrl Pts',(25.7644,104.4478,0.));
#11126=CARTESIAN_POINT('Ctrl Pts',(25.7644,104.4478,1.6));
#11127=CARTESIAN_POINT('',(25.910847,104.094247,1.6));
#11128=CARTESIAN_POINT('Ctrl Pts',(25.910847,104.094247,1.6));
#11129=CARTESIAN_POINT('Ctrl Pts',(25.817078,104.188015,1.6));
#11130=CARTESIAN_POINT('Ctrl Pts',(25.7644,104.315192,1.6));
#11131=CARTESIAN_POINT('Ctrl Pts',(25.7644,104.4478,1.6));
#11132=CARTESIAN_POINT('',(25.910847,104.094247,0.));
#11133=CARTESIAN_POINT('Ctrl Pts',(26.2644,103.9478,0.));
#11134=CARTESIAN_POINT('Ctrl Pts',(26.2644,103.9478,1.6));
#11135=CARTESIAN_POINT('Ctrl Pts',(26.131792,103.9478,0.));
#11136=CARTESIAN_POINT('Ctrl Pts',(26.131792,103.9478,1.6));
#11137=CARTESIAN_POINT('Ctrl Pts',(26.004615,104.000478,0.));
#11138=CARTESIAN_POINT('Ctrl Pts',(26.004615,104.000478,1.6));
#11139=CARTESIAN_POINT('Ctrl Pts',(25.910847,104.094247,0.));
#11140=CARTESIAN_POINT('Ctrl Pts',(25.910847,104.094247,1.6));
#11141=CARTESIAN_POINT('',(26.2644,103.9478,1.6));
#11142=CARTESIAN_POINT('Ctrl Pts',(26.2644,103.9478,1.6));
#11143=CARTESIAN_POINT('Ctrl Pts',(26.131792,103.9478,1.6));
#11144=CARTESIAN_POINT('Ctrl Pts',(26.004615,104.000478,1.6));
#11145=CARTESIAN_POINT('Ctrl Pts',(25.910847,104.094247,1.6));
#11146=CARTESIAN_POINT('',(26.2644,103.9478,0.));
#11147=CARTESIAN_POINT('Origin',(39.1644,103.9478,0.));
#11148=CARTESIAN_POINT('',(39.1644,103.9478,1.6));
#11149=CARTESIAN_POINT('',(39.1644,103.9478,1.6));
#11150=CARTESIAN_POINT('',(39.1644,103.9478,0.));
#11151=CARTESIAN_POINT('Ctrl Pts',(39.517953,104.094247,0.));
#11152=CARTESIAN_POINT('Ctrl Pts',(39.517953,104.094247,1.6));
#11153=CARTESIAN_POINT('Ctrl Pts',(39.424185,104.000478,0.));
#11154=CARTESIAN_POINT('Ctrl Pts',(39.424185,104.000478,1.6));
#11155=CARTESIAN_POINT('Ctrl Pts',(39.297008,103.9478,0.));
#11156=CARTESIAN_POINT('Ctrl Pts',(39.297008,103.9478,1.6));
#11157=CARTESIAN_POINT('Ctrl Pts',(39.1644,103.9478,0.));
#11158=CARTESIAN_POINT('Ctrl Pts',(39.1644,103.9478,1.6));
#11159=CARTESIAN_POINT('',(39.517953,104.094247,1.6));
#11160=CARTESIAN_POINT('Ctrl Pts',(39.517953,104.094247,1.6));
#11161=CARTESIAN_POINT('Ctrl Pts',(39.424185,104.000478,1.6));
#11162=CARTESIAN_POINT('Ctrl Pts',(39.297008,103.9478,1.6));
#11163=CARTESIAN_POINT('Ctrl Pts',(39.1644,103.9478,1.6));
#11164=CARTESIAN_POINT('',(39.517953,104.094247,0.));
#11165=CARTESIAN_POINT('Ctrl Pts',(39.6644,104.4478,0.));
#11166=CARTESIAN_POINT('Ctrl Pts',(39.6644,104.4478,1.6));
#11167=CARTESIAN_POINT('Ctrl Pts',(39.6644,104.315192,0.));
#11168=CARTESIAN_POINT('Ctrl Pts',(39.6644,104.315192,1.6));
#11169=CARTESIAN_POINT('Ctrl Pts',(39.611722,104.188015,0.));
#11170=CARTESIAN_POINT('Ctrl Pts',(39.611722,104.188015,1.6));
#11171=CARTESIAN_POINT('Ctrl Pts',(39.517953,104.094247,0.));
#11172=CARTESIAN_POINT('Ctrl Pts',(39.517953,104.094247,1.6));
#11173=CARTESIAN_POINT('',(39.6644,104.4478,1.6));
#11174=CARTESIAN_POINT('Ctrl Pts',(39.6644,104.4478,1.6));
#11175=CARTESIAN_POINT('Ctrl Pts',(39.6644,104.315192,1.6));
#11176=CARTESIAN_POINT('Ctrl Pts',(39.611722,104.188015,1.6));
#11177=CARTESIAN_POINT('Ctrl Pts',(39.517953,104.094247,1.6));
#11178=CARTESIAN_POINT('',(39.6644,104.4478,0.));
#11179=CARTESIAN_POINT('Origin',(39.6644,117.3478,0.));
#11180=CARTESIAN_POINT('',(39.6644,117.3478,1.6));
#11181=CARTESIAN_POINT('',(39.6644,117.3478,1.6));
#11182=CARTESIAN_POINT('',(39.6644,117.3478,0.));
#11183=CARTESIAN_POINT('Ctrl Pts',(39.517953,117.701353,0.));
#11184=CARTESIAN_POINT('Ctrl Pts',(39.517953,117.701353,1.6));
#11185=CARTESIAN_POINT('Ctrl Pts',(39.611722,117.607585,0.));
#11186=CARTESIAN_POINT('Ctrl Pts',(39.611722,117.607585,1.6));
#11187=CARTESIAN_POINT('Ctrl Pts',(39.6644,117.480408,0.));
#11188=CARTESIAN_POINT('Ctrl Pts',(39.6644,117.480408,1.6));
#11189=CARTESIAN_POINT('Ctrl Pts',(39.6644,117.3478,0.));
#11190=CARTESIAN_POINT('Ctrl Pts',(39.6644,117.3478,1.6));
#11191=CARTESIAN_POINT('',(39.517953,117.701353,1.6));
#11192=CARTESIAN_POINT('Ctrl Pts',(39.517953,117.701353,1.6));
#11193=CARTESIAN_POINT('Ctrl Pts',(39.611722,117.607585,1.6));
#11194=CARTESIAN_POINT('Ctrl Pts',(39.6644,117.480408,1.6));
#11195=CARTESIAN_POINT('Ctrl Pts',(39.6644,117.3478,1.6));
#11196=CARTESIAN_POINT('',(39.517953,117.701353,0.));
#11197=CARTESIAN_POINT('Ctrl Pts',(39.1644,117.8478,0.));
#11198=CARTESIAN_POINT('Ctrl Pts',(39.1644,117.8478,1.6));
#11199=CARTESIAN_POINT('Ctrl Pts',(39.297008,117.8478,0.));
#11200=CARTESIAN_POINT('Ctrl Pts',(39.297008,117.8478,1.6));
#11201=CARTESIAN_POINT('Ctrl Pts',(39.424185,117.795122,0.));
#11202=CARTESIAN_POINT('Ctrl Pts',(39.424185,117.795122,1.6));
#11203=CARTESIAN_POINT('Ctrl Pts',(39.517953,117.701353,0.));
#11204=CARTESIAN_POINT('Ctrl Pts',(39.517953,117.701353,1.6));
#11205=CARTESIAN_POINT('Ctrl Pts',(39.1644,117.8478,1.6));
#11206=CARTESIAN_POINT('Ctrl Pts',(39.297008,117.8478,1.6));
#11207=CARTESIAN_POINT('Ctrl Pts',(39.424185,117.795122,1.6));
#11208=CARTESIAN_POINT('Ctrl Pts',(39.517953,117.701353,1.6));
#11209=CARTESIAN_POINT('Origin',(44.2394,83.872767852242,0.));
#11210=CARTESIAN_POINT('',(42.9894,83.872767852242,1.6));
#11211=CARTESIAN_POINT('Origin',(44.2394,83.872767852242,1.6));
#11212=CARTESIAN_POINT('',(42.9894,83.872767852242,0.));
#11213=CARTESIAN_POINT('Origin',(98.2644,141.6928,0.));
#11214=CARTESIAN_POINT('',(111.1644,141.6928,1.6));
#11215=CARTESIAN_POINT('',(111.1644,141.6928,0.));
#11216=CARTESIAN_POINT('',(98.2644,141.6928,1.6));
#11217=CARTESIAN_POINT('',(98.2644,141.6928,1.6));
#11218=CARTESIAN_POINT('',(98.2644,141.6928,0.));
#11219=CARTESIAN_POINT('Ctrl Pts',(97.910847,141.546353,0.));
#11220=CARTESIAN_POINT('Ctrl Pts',(97.910847,141.546353,1.6));
#11221=CARTESIAN_POINT('Ctrl Pts',(98.004615,141.640122,0.));
#11222=CARTESIAN_POINT('Ctrl Pts',(98.004615,141.640122,1.6));
#11223=CARTESIAN_POINT('Ctrl Pts',(98.131792,141.6928,0.));
#11224=CARTESIAN_POINT('Ctrl Pts',(98.131792,141.6928,1.6));
#11225=CARTESIAN_POINT('Ctrl Pts',(98.2644,141.6928,0.));
#11226=CARTESIAN_POINT('Ctrl Pts',(98.2644,141.6928,1.6));
#11227=CARTESIAN_POINT('',(97.910847,141.546353,1.6));
#11228=CARTESIAN_POINT('Ctrl Pts',(97.910847,141.546353,1.6));
#11229=CARTESIAN_POINT('Ctrl Pts',(98.004615,141.640122,1.6));
#11230=CARTESIAN_POINT('Ctrl Pts',(98.131792,141.6928,1.6));
#11231=CARTESIAN_POINT('Ctrl Pts',(98.2644,141.6928,1.6));
#11232=CARTESIAN_POINT('',(97.910847,141.546353,0.));
#11233=CARTESIAN_POINT('Ctrl Pts',(97.7644,141.1928,0.));
#11234=CARTESIAN_POINT('Ctrl Pts',(97.7644,141.1928,1.6));
#11235=CARTESIAN_POINT('Ctrl Pts',(97.7644,141.325408,0.));
#11236=CARTESIAN_POINT('Ctrl Pts',(97.7644,141.325408,1.6));
#11237=CARTESIAN_POINT('Ctrl Pts',(97.817078,141.452585,0.));
#11238=CARTESIAN_POINT('Ctrl Pts',(97.817078,141.452585,1.6));
#11239=CARTESIAN_POINT('Ctrl Pts',(97.910847,141.546353,0.));
#11240=CARTESIAN_POINT('Ctrl Pts',(97.910847,141.546353,1.6));
#11241=CARTESIAN_POINT('',(97.7644,141.1928,1.6));
#11242=CARTESIAN_POINT('Ctrl Pts',(97.7644,141.1928,1.6));
#11243=CARTESIAN_POINT('Ctrl Pts',(97.7644,141.325408,1.6));
#11244=CARTESIAN_POINT('Ctrl Pts',(97.817078,141.452585,1.6));
#11245=CARTESIAN_POINT('Ctrl Pts',(97.910847,141.546353,1.6));
#11246=CARTESIAN_POINT('',(97.7644,141.1928,0.));
#11247=CARTESIAN_POINT('Origin',(97.7644,128.2928,0.));
#11248=CARTESIAN_POINT('',(97.7644,128.2928,1.6));
#11249=CARTESIAN_POINT('',(97.7644,128.2928,1.6));
#11250=CARTESIAN_POINT('',(97.7644,128.2928,0.));
#11251=CARTESIAN_POINT('Ctrl Pts',(97.910847,127.939247,0.));
#11252=CARTESIAN_POINT('Ctrl Pts',(97.910847,127.939247,1.6));
#11253=CARTESIAN_POINT('Ctrl Pts',(97.817078,128.033015,0.));
#11254=CARTESIAN_POINT('Ctrl Pts',(97.817078,128.033015,1.6));
#11255=CARTESIAN_POINT('Ctrl Pts',(97.7644,128.160192,0.));
#11256=CARTESIAN_POINT('Ctrl Pts',(97.7644,128.160192,1.6));
#11257=CARTESIAN_POINT('Ctrl Pts',(97.7644,128.2928,0.));
#11258=CARTESIAN_POINT('Ctrl Pts',(97.7644,128.2928,1.6));
#11259=CARTESIAN_POINT('',(97.910847,127.939247,1.6));
#11260=CARTESIAN_POINT('Ctrl Pts',(97.910847,127.939247,1.6));
#11261=CARTESIAN_POINT('Ctrl Pts',(97.817078,128.033015,1.6));
#11262=CARTESIAN_POINT('Ctrl Pts',(97.7644,128.160192,1.6));
#11263=CARTESIAN_POINT('Ctrl Pts',(97.7644,128.2928,1.6));
#11264=CARTESIAN_POINT('',(97.910847,127.939247,0.));
#11265=CARTESIAN_POINT('Ctrl Pts',(98.2644,127.7928,0.));
#11266=CARTESIAN_POINT('Ctrl Pts',(98.2644,127.7928,1.6));
#11267=CARTESIAN_POINT('Ctrl Pts',(98.131792,127.7928,0.));
#11268=CARTESIAN_POINT('Ctrl Pts',(98.131792,127.7928,1.6));
#11269=CARTESIAN_POINT('Ctrl Pts',(98.004615,127.845478,0.));
#11270=CARTESIAN_POINT('Ctrl Pts',(98.004615,127.845478,1.6));
#11271=CARTESIAN_POINT('Ctrl Pts',(97.910847,127.939247,0.));
#11272=CARTESIAN_POINT('Ctrl Pts',(97.910847,127.939247,1.6));
#11273=CARTESIAN_POINT('',(98.2644,127.7928,1.6));
#11274=CARTESIAN_POINT('Ctrl Pts',(98.2644,127.7928,1.6));
#11275=CARTESIAN_POINT('Ctrl Pts',(98.131792,127.7928,1.6));
#11276=CARTESIAN_POINT('Ctrl Pts',(98.004615,127.845478,1.6));
#11277=CARTESIAN_POINT('Ctrl Pts',(97.910847,127.939247,1.6));
#11278=CARTESIAN_POINT('',(98.2644,127.7928,0.));
#11279=CARTESIAN_POINT('Origin',(111.1644,127.7928,0.));
#11280=CARTESIAN_POINT('',(111.1644,127.7928,1.6));
#11281=CARTESIAN_POINT('',(111.1644,127.7928,1.6));
#11282=CARTESIAN_POINT('',(111.1644,127.7928,0.));
#11283=CARTESIAN_POINT('Ctrl Pts',(111.517953,127.939247,0.));
#11284=CARTESIAN_POINT('Ctrl Pts',(111.517953,127.939247,1.6));
#11285=CARTESIAN_POINT('Ctrl Pts',(111.424185,127.845478,0.));
#11286=CARTESIAN_POINT('Ctrl Pts',(111.424185,127.845478,1.6));
#11287=CARTESIAN_POINT('Ctrl Pts',(111.297008,127.7928,0.));
#11288=CARTESIAN_POINT('Ctrl Pts',(111.297008,127.7928,1.6));
#11289=CARTESIAN_POINT('Ctrl Pts',(111.1644,127.7928,0.));
#11290=CARTESIAN_POINT('Ctrl Pts',(111.1644,127.7928,1.6));
#11291=CARTESIAN_POINT('',(111.517953,127.939247,1.6));
#11292=CARTESIAN_POINT('Ctrl Pts',(111.517953,127.939247,1.6));
#11293=CARTESIAN_POINT('Ctrl Pts',(111.424185,127.845478,1.6));
#11294=CARTESIAN_POINT('Ctrl Pts',(111.297008,127.7928,1.6));
#11295=CARTESIAN_POINT('Ctrl Pts',(111.1644,127.7928,1.6));
#11296=CARTESIAN_POINT('',(111.517953,127.939247,0.));
#11297=CARTESIAN_POINT('Ctrl Pts',(111.6644,128.2928,0.));
#11298=CARTESIAN_POINT('Ctrl Pts',(111.6644,128.2928,1.6));
#11299=CARTESIAN_POINT('Ctrl Pts',(111.6644,128.160192,0.));
#11300=CARTESIAN_POINT('Ctrl Pts',(111.6644,128.160192,1.6));
#11301=CARTESIAN_POINT('Ctrl Pts',(111.611722,128.033015,0.));
#11302=CARTESIAN_POINT('Ctrl Pts',(111.611722,128.033015,1.6));
#11303=CARTESIAN_POINT('Ctrl Pts',(111.517953,127.939247,0.));
#11304=CARTESIAN_POINT('Ctrl Pts',(111.517953,127.939247,1.6));
#11305=CARTESIAN_POINT('',(111.6644,128.2928,1.6));
#11306=CARTESIAN_POINT('Ctrl Pts',(111.6644,128.2928,1.6));
#11307=CARTESIAN_POINT('Ctrl Pts',(111.6644,128.160192,1.6));
#11308=CARTESIAN_POINT('Ctrl Pts',(111.611722,128.033015,1.6));
#11309=CARTESIAN_POINT('Ctrl Pts',(111.517953,127.939247,1.6));
#11310=CARTESIAN_POINT('',(111.6644,128.2928,0.));
#11311=CARTESIAN_POINT('Origin',(111.6644,141.1928,0.));
#11312=CARTESIAN_POINT('',(111.6644,141.1928,1.6));
#11313=CARTESIAN_POINT('',(111.6644,141.1928,1.6));
#11314=CARTESIAN_POINT('',(111.6644,141.1928,0.));
#11315=CARTESIAN_POINT('Ctrl Pts',(111.517953,141.546353,0.));
#11316=CARTESIAN_POINT('Ctrl Pts',(111.517953,141.546353,1.6));
#11317=CARTESIAN_POINT('Ctrl Pts',(111.611722,141.452585,0.));
#11318=CARTESIAN_POINT('Ctrl Pts',(111.611722,141.452585,1.6));
#11319=CARTESIAN_POINT('Ctrl Pts',(111.6644,141.325408,0.));
#11320=CARTESIAN_POINT('Ctrl Pts',(111.6644,141.325408,1.6));
#11321=CARTESIAN_POINT('Ctrl Pts',(111.6644,141.1928,0.));
#11322=CARTESIAN_POINT('Ctrl Pts',(111.6644,141.1928,1.6));
#11323=CARTESIAN_POINT('',(111.517953,141.546353,1.6));
#11324=CARTESIAN_POINT('Ctrl Pts',(111.517953,141.546353,1.6));
#11325=CARTESIAN_POINT('Ctrl Pts',(111.611722,141.452585,1.6));
#11326=CARTESIAN_POINT('Ctrl Pts',(111.6644,141.325408,1.6));
#11327=CARTESIAN_POINT('Ctrl Pts',(111.6644,141.1928,1.6));
#11328=CARTESIAN_POINT('',(111.517953,141.546353,0.));
#11329=CARTESIAN_POINT('Ctrl Pts',(111.1644,141.6928,0.));
#11330=CARTESIAN_POINT('Ctrl Pts',(111.1644,141.6928,1.6));
#11331=CARTESIAN_POINT('Ctrl Pts',(111.297008,141.6928,0.));
#11332=CARTESIAN_POINT('Ctrl Pts',(111.297008,141.6928,1.6));
#11333=CARTESIAN_POINT('Ctrl Pts',(111.424185,141.640122,0.));
#11334=CARTESIAN_POINT('Ctrl Pts',(111.424185,141.640122,1.6));
#11335=CARTESIAN_POINT('Ctrl Pts',(111.517953,141.546353,0.));
#11336=CARTESIAN_POINT('Ctrl Pts',(111.517953,141.546353,1.6));
#11337=CARTESIAN_POINT('Ctrl Pts',(111.1644,141.6928,1.6));
#11338=CARTESIAN_POINT('Ctrl Pts',(111.297008,141.6928,1.6));
#11339=CARTESIAN_POINT('Ctrl Pts',(111.424185,141.640122,1.6));
#11340=CARTESIAN_POINT('Ctrl Pts',(111.517953,141.546353,1.6));
#11341=CARTESIAN_POINT('Origin',(119.2045,77.963067852242,0.));
#11342=CARTESIAN_POINT('',(117.9545,77.963067852242,1.6));
#11343=CARTESIAN_POINT('Origin',(119.2045,77.963067852242,1.6));
#11344=CARTESIAN_POINT('',(117.9545,77.963067852242,0.));
#11345=CARTESIAN_POINT('Origin',(80.2644,132.8478,0.));
#11346=CARTESIAN_POINT('',(93.1644,132.8478,1.6));
#11347=CARTESIAN_POINT('',(93.1644,132.8478,0.));
#11348=CARTESIAN_POINT('',(80.2644,132.8478,1.6));
#11349=CARTESIAN_POINT('',(80.2644,132.8478,1.6));
#11350=CARTESIAN_POINT('',(80.2644,132.8478,0.));
#11351=CARTESIAN_POINT('Ctrl Pts',(79.910847,132.701353,0.));
#11352=CARTESIAN_POINT('Ctrl Pts',(79.910847,132.701353,1.6));
#11353=CARTESIAN_POINT('Ctrl Pts',(80.004615,132.795122,0.));
#11354=CARTESIAN_POINT('Ctrl Pts',(80.004615,132.795122,1.6));
#11355=CARTESIAN_POINT('Ctrl Pts',(80.131792,132.8478,0.));
#11356=CARTESIAN_POINT('Ctrl Pts',(80.131792,132.8478,1.6));
#11357=CARTESIAN_POINT('Ctrl Pts',(80.2644,132.8478,0.));
#11358=CARTESIAN_POINT('Ctrl Pts',(80.2644,132.8478,1.6));
#11359=CARTESIAN_POINT('',(79.910847,132.701353,1.6));
#11360=CARTESIAN_POINT('Ctrl Pts',(79.910847,132.701353,1.6));
#11361=CARTESIAN_POINT('Ctrl Pts',(80.004615,132.795122,1.6));
#11362=CARTESIAN_POINT('Ctrl Pts',(80.131792,132.8478,1.6));
#11363=CARTESIAN_POINT('Ctrl Pts',(80.2644,132.8478,1.6));
#11364=CARTESIAN_POINT('',(79.910847,132.701353,0.));
#11365=CARTESIAN_POINT('Ctrl Pts',(79.7644,132.3478,0.));
#11366=CARTESIAN_POINT('Ctrl Pts',(79.7644,132.3478,1.6));
#11367=CARTESIAN_POINT('Ctrl Pts',(79.7644,132.480408,0.));
#11368=CARTESIAN_POINT('Ctrl Pts',(79.7644,132.480408,1.6));
#11369=CARTESIAN_POINT('Ctrl Pts',(79.817078,132.607585,0.));
#11370=CARTESIAN_POINT('Ctrl Pts',(79.817078,132.607585,1.6));
#11371=CARTESIAN_POINT('Ctrl Pts',(79.910847,132.701353,0.));
#11372=CARTESIAN_POINT('Ctrl Pts',(79.910847,132.701353,1.6));
#11373=CARTESIAN_POINT('',(79.7644,132.3478,1.6));
#11374=CARTESIAN_POINT('Ctrl Pts',(79.7644,132.3478,1.6));
#11375=CARTESIAN_POINT('Ctrl Pts',(79.7644,132.480408,1.6));
#11376=CARTESIAN_POINT('Ctrl Pts',(79.817078,132.607585,1.6));
#11377=CARTESIAN_POINT('Ctrl Pts',(79.910847,132.701353,1.6));
#11378=CARTESIAN_POINT('',(79.7644,132.3478,0.));
#11379=CARTESIAN_POINT('Origin',(79.7644,119.4478,0.));
#11380=CARTESIAN_POINT('',(79.7644,119.4478,1.6));
#11381=CARTESIAN_POINT('',(79.7644,119.4478,1.6));
#11382=CARTESIAN_POINT('',(79.7644,119.4478,0.));
#11383=CARTESIAN_POINT('Ctrl Pts',(79.910847,119.094247,0.));
#11384=CARTESIAN_POINT('Ctrl Pts',(79.910847,119.094247,1.6));
#11385=CARTESIAN_POINT('Ctrl Pts',(79.817078,119.188015,0.));
#11386=CARTESIAN_POINT('Ctrl Pts',(79.817078,119.188015,1.6));
#11387=CARTESIAN_POINT('Ctrl Pts',(79.7644,119.315192,0.));
#11388=CARTESIAN_POINT('Ctrl Pts',(79.7644,119.315192,1.6));
#11389=CARTESIAN_POINT('Ctrl Pts',(79.7644,119.4478,0.));
#11390=CARTESIAN_POINT('Ctrl Pts',(79.7644,119.4478,1.6));
#11391=CARTESIAN_POINT('',(79.910847,119.094247,1.6));
#11392=CARTESIAN_POINT('Ctrl Pts',(79.910847,119.094247,1.6));
#11393=CARTESIAN_POINT('Ctrl Pts',(79.817078,119.188015,1.6));
#11394=CARTESIAN_POINT('Ctrl Pts',(79.7644,119.315192,1.6));
#11395=CARTESIAN_POINT('Ctrl Pts',(79.7644,119.4478,1.6));
#11396=CARTESIAN_POINT('',(79.910847,119.094247,0.));
#11397=CARTESIAN_POINT('Ctrl Pts',(80.2644,118.9478,0.));
#11398=CARTESIAN_POINT('Ctrl Pts',(80.2644,118.9478,1.6));
#11399=CARTESIAN_POINT('Ctrl Pts',(80.131792,118.9478,0.));
#11400=CARTESIAN_POINT('Ctrl Pts',(80.131792,118.9478,1.6));
#11401=CARTESIAN_POINT('Ctrl Pts',(80.004615,119.000478,0.));
#11402=CARTESIAN_POINT('Ctrl Pts',(80.004615,119.000478,1.6));
#11403=CARTESIAN_POINT('Ctrl Pts',(79.910847,119.094247,0.));
#11404=CARTESIAN_POINT('Ctrl Pts',(79.910847,119.094247,1.6));
#11405=CARTESIAN_POINT('',(80.2644,118.9478,1.6));
#11406=CARTESIAN_POINT('Ctrl Pts',(80.2644,118.9478,1.6));
#11407=CARTESIAN_POINT('Ctrl Pts',(80.131792,118.9478,1.6));
#11408=CARTESIAN_POINT('Ctrl Pts',(80.004615,119.000478,1.6));
#11409=CARTESIAN_POINT('Ctrl Pts',(79.910847,119.094247,1.6));
#11410=CARTESIAN_POINT('',(80.2644,118.9478,0.));
#11411=CARTESIAN_POINT('Origin',(93.1644,118.9478,0.));
#11412=CARTESIAN_POINT('',(93.1644,118.9478,1.6));
#11413=CARTESIAN_POINT('',(93.1644,118.9478,1.6));
#11414=CARTESIAN_POINT('',(93.1644,118.9478,0.));
#11415=CARTESIAN_POINT('Ctrl Pts',(93.517953,119.094247,0.));
#11416=CARTESIAN_POINT('Ctrl Pts',(93.517953,119.094247,1.6));
#11417=CARTESIAN_POINT('Ctrl Pts',(93.424185,119.000478,0.));
#11418=CARTESIAN_POINT('Ctrl Pts',(93.424185,119.000478,1.6));
#11419=CARTESIAN_POINT('Ctrl Pts',(93.297008,118.9478,0.));
#11420=CARTESIAN_POINT('Ctrl Pts',(93.297008,118.9478,1.6));
#11421=CARTESIAN_POINT('Ctrl Pts',(93.1644,118.9478,0.));
#11422=CARTESIAN_POINT('Ctrl Pts',(93.1644,118.9478,1.6));
#11423=CARTESIAN_POINT('',(93.517953,119.094247,1.6));
#11424=CARTESIAN_POINT('Ctrl Pts',(93.517953,119.094247,1.6));
#11425=CARTESIAN_POINT('Ctrl Pts',(93.424185,119.000478,1.6));
#11426=CARTESIAN_POINT('Ctrl Pts',(93.297008,118.9478,1.6));
#11427=CARTESIAN_POINT('Ctrl Pts',(93.1644,118.9478,1.6));
#11428=CARTESIAN_POINT('',(93.517953,119.094247,0.));
#11429=CARTESIAN_POINT('Ctrl Pts',(93.6644,119.4478,0.));
#11430=CARTESIAN_POINT('Ctrl Pts',(93.6644,119.4478,1.6));
#11431=CARTESIAN_POINT('Ctrl Pts',(93.6644,119.315192,0.));
#11432=CARTESIAN_POINT('Ctrl Pts',(93.6644,119.315192,1.6));
#11433=CARTESIAN_POINT('Ctrl Pts',(93.611722,119.188015,0.));
#11434=CARTESIAN_POINT('Ctrl Pts',(93.611722,119.188015,1.6));
#11435=CARTESIAN_POINT('Ctrl Pts',(93.517953,119.094247,0.));
#11436=CARTESIAN_POINT('Ctrl Pts',(93.517953,119.094247,1.6));
#11437=CARTESIAN_POINT('',(93.6644,119.4478,1.6));
#11438=CARTESIAN_POINT('Ctrl Pts',(93.6644,119.4478,1.6));
#11439=CARTESIAN_POINT('Ctrl Pts',(93.6644,119.315192,1.6));
#11440=CARTESIAN_POINT('Ctrl Pts',(93.611722,119.188015,1.6));
#11441=CARTESIAN_POINT('Ctrl Pts',(93.517953,119.094247,1.6));
#11442=CARTESIAN_POINT('',(93.6644,119.4478,0.));
#11443=CARTESIAN_POINT('Origin',(93.6644,132.3478,0.));
#11444=CARTESIAN_POINT('',(93.6644,132.3478,1.6));
#11445=CARTESIAN_POINT('',(93.6644,132.3478,1.6));
#11446=CARTESIAN_POINT('',(93.6644,132.3478,0.));
#11447=CARTESIAN_POINT('Ctrl Pts',(93.517953,132.701353,0.));
#11448=CARTESIAN_POINT('Ctrl Pts',(93.517953,132.701353,1.6));
#11449=CARTESIAN_POINT('Ctrl Pts',(93.611722,132.607585,0.));
#11450=CARTESIAN_POINT('Ctrl Pts',(93.611722,132.607585,1.6));
#11451=CARTESIAN_POINT('Ctrl Pts',(93.6644,132.480408,0.));
#11452=CARTESIAN_POINT('Ctrl Pts',(93.6644,132.480408,1.6));
#11453=CARTESIAN_POINT('Ctrl Pts',(93.6644,132.3478,0.));
#11454=CARTESIAN_POINT('Ctrl Pts',(93.6644,132.3478,1.6));
#11455=CARTESIAN_POINT('',(93.517953,132.701353,1.6));
#11456=CARTESIAN_POINT('Ctrl Pts',(93.517953,132.701353,1.6));
#11457=CARTESIAN_POINT('Ctrl Pts',(93.611722,132.607585,1.6));
#11458=CARTESIAN_POINT('Ctrl Pts',(93.6644,132.480408,1.6));
#11459=CARTESIAN_POINT('Ctrl Pts',(93.6644,132.3478,1.6));
#11460=CARTESIAN_POINT('',(93.517953,132.701353,0.));
#11461=CARTESIAN_POINT('Ctrl Pts',(93.1644,132.8478,0.));
#11462=CARTESIAN_POINT('Ctrl Pts',(93.1644,132.8478,1.6));
#11463=CARTESIAN_POINT('Ctrl Pts',(93.297008,132.8478,0.));
#11464=CARTESIAN_POINT('Ctrl Pts',(93.297008,132.8478,1.6));
#11465=CARTESIAN_POINT('Ctrl Pts',(93.424185,132.795122,0.));
#11466=CARTESIAN_POINT('Ctrl Pts',(93.424185,132.795122,1.6));
#11467=CARTESIAN_POINT('Ctrl Pts',(93.517953,132.701353,0.));
#11468=CARTESIAN_POINT('Ctrl Pts',(93.517953,132.701353,1.6));
#11469=CARTESIAN_POINT('Ctrl Pts',(93.1644,132.8478,1.6));
#11470=CARTESIAN_POINT('Ctrl Pts',(93.297008,132.8478,1.6));
#11471=CARTESIAN_POINT('Ctrl Pts',(93.424185,132.795122,1.6));
#11472=CARTESIAN_POINT('Ctrl Pts',(93.517953,132.701353,1.6));
#11473=CARTESIAN_POINT('Origin',(62.2644,156.3478,0.));
#11474=CARTESIAN_POINT('',(75.1644,156.3478,1.6));
#11475=CARTESIAN_POINT('',(75.1644,156.3478,0.));
#11476=CARTESIAN_POINT('',(62.2644,156.3478,1.6));
#11477=CARTESIAN_POINT('',(62.2644,156.3478,1.6));
#11478=CARTESIAN_POINT('',(62.2644,156.3478,0.));
#11479=CARTESIAN_POINT('Ctrl Pts',(61.910847,156.201353,0.));
#11480=CARTESIAN_POINT('Ctrl Pts',(61.910847,156.201353,1.6));
#11481=CARTESIAN_POINT('Ctrl Pts',(62.004615,156.295122,0.));
#11482=CARTESIAN_POINT('Ctrl Pts',(62.004615,156.295122,1.6));
#11483=CARTESIAN_POINT('Ctrl Pts',(62.131792,156.3478,0.));
#11484=CARTESIAN_POINT('Ctrl Pts',(62.131792,156.3478,1.6));
#11485=CARTESIAN_POINT('Ctrl Pts',(62.2644,156.3478,0.));
#11486=CARTESIAN_POINT('Ctrl Pts',(62.2644,156.3478,1.6));
#11487=CARTESIAN_POINT('',(61.910847,156.201353,1.6));
#11488=CARTESIAN_POINT('Ctrl Pts',(61.910847,156.201353,1.6));
#11489=CARTESIAN_POINT('Ctrl Pts',(62.004615,156.295122,1.6));
#11490=CARTESIAN_POINT('Ctrl Pts',(62.131792,156.3478,1.6));
#11491=CARTESIAN_POINT('Ctrl Pts',(62.2644,156.3478,1.6));
#11492=CARTESIAN_POINT('',(61.910847,156.201353,0.));
#11493=CARTESIAN_POINT('Ctrl Pts',(61.7644,155.8478,0.));
#11494=CARTESIAN_POINT('Ctrl Pts',(61.7644,155.8478,1.6));
#11495=CARTESIAN_POINT('Ctrl Pts',(61.7644,155.980408,0.));
#11496=CARTESIAN_POINT('Ctrl Pts',(61.7644,155.980408,1.6));
#11497=CARTESIAN_POINT('Ctrl Pts',(61.817078,156.107585,0.));
#11498=CARTESIAN_POINT('Ctrl Pts',(61.817078,156.107585,1.6));
#11499=CARTESIAN_POINT('Ctrl Pts',(61.910847,156.201353,0.));
#11500=CARTESIAN_POINT('Ctrl Pts',(61.910847,156.201353,1.6));
#11501=CARTESIAN_POINT('',(61.7644,155.8478,1.6));
#11502=CARTESIAN_POINT('Ctrl Pts',(61.7644,155.8478,1.6));
#11503=CARTESIAN_POINT('Ctrl Pts',(61.7644,155.980408,1.6));
#11504=CARTESIAN_POINT('Ctrl Pts',(61.817078,156.107585,1.6));
#11505=CARTESIAN_POINT('Ctrl Pts',(61.910847,156.201353,1.6));
#11506=CARTESIAN_POINT('',(61.7644,155.8478,0.));
#11507=CARTESIAN_POINT('Origin',(61.7644,142.9478,0.));
#11508=CARTESIAN_POINT('',(61.7644,142.9478,1.6));
#11509=CARTESIAN_POINT('',(61.7644,142.9478,1.6));
#11510=CARTESIAN_POINT('',(61.7644,142.9478,0.));
#11511=CARTESIAN_POINT('Ctrl Pts',(61.910847,142.594247,0.));
#11512=CARTESIAN_POINT('Ctrl Pts',(61.910847,142.594247,1.6));
#11513=CARTESIAN_POINT('Ctrl Pts',(61.817078,142.688015,0.));
#11514=CARTESIAN_POINT('Ctrl Pts',(61.817078,142.688015,1.6));
#11515=CARTESIAN_POINT('Ctrl Pts',(61.7644,142.815192,0.));
#11516=CARTESIAN_POINT('Ctrl Pts',(61.7644,142.815192,1.6));
#11517=CARTESIAN_POINT('Ctrl Pts',(61.7644,142.9478,0.));
#11518=CARTESIAN_POINT('Ctrl Pts',(61.7644,142.9478,1.6));
#11519=CARTESIAN_POINT('',(61.910847,142.594247,1.6));
#11520=CARTESIAN_POINT('Ctrl Pts',(61.910847,142.594247,1.6));
#11521=CARTESIAN_POINT('Ctrl Pts',(61.817078,142.688015,1.6));
#11522=CARTESIAN_POINT('Ctrl Pts',(61.7644,142.815192,1.6));
#11523=CARTESIAN_POINT('Ctrl Pts',(61.7644,142.9478,1.6));
#11524=CARTESIAN_POINT('',(61.910847,142.594247,0.));
#11525=CARTESIAN_POINT('Ctrl Pts',(62.2644,142.4478,0.));
#11526=CARTESIAN_POINT('Ctrl Pts',(62.2644,142.4478,1.6));
#11527=CARTESIAN_POINT('Ctrl Pts',(62.131792,142.4478,0.));
#11528=CARTESIAN_POINT('Ctrl Pts',(62.131792,142.4478,1.6));
#11529=CARTESIAN_POINT('Ctrl Pts',(62.004615,142.500478,0.));
#11530=CARTESIAN_POINT('Ctrl Pts',(62.004615,142.500478,1.6));
#11531=CARTESIAN_POINT('Ctrl Pts',(61.910847,142.594247,0.));
#11532=CARTESIAN_POINT('Ctrl Pts',(61.910847,142.594247,1.6));
#11533=CARTESIAN_POINT('',(62.2644,142.4478,1.6));
#11534=CARTESIAN_POINT('Ctrl Pts',(62.2644,142.4478,1.6));
#11535=CARTESIAN_POINT('Ctrl Pts',(62.131792,142.4478,1.6));
#11536=CARTESIAN_POINT('Ctrl Pts',(62.004615,142.500478,1.6));
#11537=CARTESIAN_POINT('Ctrl Pts',(61.910847,142.594247,1.6));
#11538=CARTESIAN_POINT('',(62.2644,142.4478,0.));
#11539=CARTESIAN_POINT('Origin',(75.1644,142.4478,0.));
#11540=CARTESIAN_POINT('',(75.1644,142.4478,1.6));
#11541=CARTESIAN_POINT('',(75.1644,142.4478,1.6));
#11542=CARTESIAN_POINT('',(75.1644,142.4478,0.));
#11543=CARTESIAN_POINT('Ctrl Pts',(75.517953,142.594247,0.));
#11544=CARTESIAN_POINT('Ctrl Pts',(75.517953,142.594247,1.6));
#11545=CARTESIAN_POINT('Ctrl Pts',(75.424185,142.500478,0.));
#11546=CARTESIAN_POINT('Ctrl Pts',(75.424185,142.500478,1.6));
#11547=CARTESIAN_POINT('Ctrl Pts',(75.297008,142.4478,0.));
#11548=CARTESIAN_POINT('Ctrl Pts',(75.297008,142.4478,1.6));
#11549=CARTESIAN_POINT('Ctrl Pts',(75.1644,142.4478,0.));
#11550=CARTESIAN_POINT('Ctrl Pts',(75.1644,142.4478,1.6));
#11551=CARTESIAN_POINT('',(75.517953,142.594247,1.6));
#11552=CARTESIAN_POINT('Ctrl Pts',(75.517953,142.594247,1.6));
#11553=CARTESIAN_POINT('Ctrl Pts',(75.424185,142.500478,1.6));
#11554=CARTESIAN_POINT('Ctrl Pts',(75.297008,142.4478,1.6));
#11555=CARTESIAN_POINT('Ctrl Pts',(75.1644,142.4478,1.6));
#11556=CARTESIAN_POINT('',(75.517953,142.594247,0.));
#11557=CARTESIAN_POINT('Ctrl Pts',(75.6644,142.9478,0.));
#11558=CARTESIAN_POINT('Ctrl Pts',(75.6644,142.9478,1.6));
#11559=CARTESIAN_POINT('Ctrl Pts',(75.6644,142.815192,0.));
#11560=CARTESIAN_POINT('Ctrl Pts',(75.6644,142.815192,1.6));
#11561=CARTESIAN_POINT('Ctrl Pts',(75.611722,142.688015,0.));
#11562=CARTESIAN_POINT('Ctrl Pts',(75.611722,142.688015,1.6));
#11563=CARTESIAN_POINT('Ctrl Pts',(75.517953,142.594247,0.));
#11564=CARTESIAN_POINT('Ctrl Pts',(75.517953,142.594247,1.6));
#11565=CARTESIAN_POINT('',(75.6644,142.9478,1.6));
#11566=CARTESIAN_POINT('Ctrl Pts',(75.6644,142.9478,1.6));
#11567=CARTESIAN_POINT('Ctrl Pts',(75.6644,142.815192,1.6));
#11568=CARTESIAN_POINT('Ctrl Pts',(75.611722,142.688015,1.6));
#11569=CARTESIAN_POINT('Ctrl Pts',(75.517953,142.594247,1.6));
#11570=CARTESIAN_POINT('',(75.6644,142.9478,0.));
#11571=CARTESIAN_POINT('Origin',(75.6644,155.8478,0.));
#11572=CARTESIAN_POINT('',(75.6644,155.8478,1.6));
#11573=CARTESIAN_POINT('',(75.6644,155.8478,1.6));
#11574=CARTESIAN_POINT('',(75.6644,155.8478,0.));
#11575=CARTESIAN_POINT('Ctrl Pts',(75.517953,156.201353,0.));
#11576=CARTESIAN_POINT('Ctrl Pts',(75.517953,156.201353,1.6));
#11577=CARTESIAN_POINT('Ctrl Pts',(75.611722,156.107585,0.));
#11578=CARTESIAN_POINT('Ctrl Pts',(75.611722,156.107585,1.6));
#11579=CARTESIAN_POINT('Ctrl Pts',(75.6644,155.980408,0.));
#11580=CARTESIAN_POINT('Ctrl Pts',(75.6644,155.980408,1.6));
#11581=CARTESIAN_POINT('Ctrl Pts',(75.6644,155.8478,0.));
#11582=CARTESIAN_POINT('Ctrl Pts',(75.6644,155.8478,1.6));
#11583=CARTESIAN_POINT('',(75.517953,156.201353,1.6));
#11584=CARTESIAN_POINT('Ctrl Pts',(75.517953,156.201353,1.6));
#11585=CARTESIAN_POINT('Ctrl Pts',(75.611722,156.107585,1.6));
#11586=CARTESIAN_POINT('Ctrl Pts',(75.6644,155.980408,1.6));
#11587=CARTESIAN_POINT('Ctrl Pts',(75.6644,155.8478,1.6));
#11588=CARTESIAN_POINT('',(75.517953,156.201353,0.));
#11589=CARTESIAN_POINT('Ctrl Pts',(75.1644,156.3478,0.));
#11590=CARTESIAN_POINT('Ctrl Pts',(75.1644,156.3478,1.6));
#11591=CARTESIAN_POINT('Ctrl Pts',(75.297008,156.3478,0.));
#11592=CARTESIAN_POINT('Ctrl Pts',(75.297008,156.3478,1.6));
#11593=CARTESIAN_POINT('Ctrl Pts',(75.424185,156.295122,0.));
#11594=CARTESIAN_POINT('Ctrl Pts',(75.424185,156.295122,1.6));
#11595=CARTESIAN_POINT('Ctrl Pts',(75.517953,156.201353,0.));
#11596=CARTESIAN_POINT('Ctrl Pts',(75.517953,156.201353,1.6));
#11597=CARTESIAN_POINT('Ctrl Pts',(75.1644,156.3478,1.6));
#11598=CARTESIAN_POINT('Ctrl Pts',(75.297008,156.3478,1.6));
#11599=CARTESIAN_POINT('Ctrl Pts',(75.424185,156.295122,1.6));
#11600=CARTESIAN_POINT('Ctrl Pts',(75.517953,156.201353,1.6));
#11601=CARTESIAN_POINT('Origin',(44.2644,130.8478,0.));
#11602=CARTESIAN_POINT('',(57.1644,130.8478,1.6));
#11603=CARTESIAN_POINT('',(57.1644,130.8478,0.));
#11604=CARTESIAN_POINT('',(44.2644,130.8478,1.6));
#11605=CARTESIAN_POINT('',(44.2644,130.8478,1.6));
#11606=CARTESIAN_POINT('',(44.2644,130.8478,0.));
#11607=CARTESIAN_POINT('Ctrl Pts',(43.910847,130.701353,0.));
#11608=CARTESIAN_POINT('Ctrl Pts',(43.910847,130.701353,1.6));
#11609=CARTESIAN_POINT('Ctrl Pts',(44.004615,130.795122,0.));
#11610=CARTESIAN_POINT('Ctrl Pts',(44.004615,130.795122,1.6));
#11611=CARTESIAN_POINT('Ctrl Pts',(44.131792,130.8478,0.));
#11612=CARTESIAN_POINT('Ctrl Pts',(44.131792,130.8478,1.6));
#11613=CARTESIAN_POINT('Ctrl Pts',(44.2644,130.8478,0.));
#11614=CARTESIAN_POINT('Ctrl Pts',(44.2644,130.8478,1.6));
#11615=CARTESIAN_POINT('',(43.910847,130.701353,1.6));
#11616=CARTESIAN_POINT('Ctrl Pts',(43.910847,130.701353,1.6));
#11617=CARTESIAN_POINT('Ctrl Pts',(44.004615,130.795122,1.6));
#11618=CARTESIAN_POINT('Ctrl Pts',(44.131792,130.8478,1.6));
#11619=CARTESIAN_POINT('Ctrl Pts',(44.2644,130.8478,1.6));
#11620=CARTESIAN_POINT('',(43.910847,130.701353,0.));
#11621=CARTESIAN_POINT('Ctrl Pts',(43.7644,130.3478,0.));
#11622=CARTESIAN_POINT('Ctrl Pts',(43.7644,130.3478,1.6));
#11623=CARTESIAN_POINT('Ctrl Pts',(43.7644,130.480408,0.));
#11624=CARTESIAN_POINT('Ctrl Pts',(43.7644,130.480408,1.6));
#11625=CARTESIAN_POINT('Ctrl Pts',(43.817078,130.607585,0.));
#11626=CARTESIAN_POINT('Ctrl Pts',(43.817078,130.607585,1.6));
#11627=CARTESIAN_POINT('Ctrl Pts',(43.910847,130.701353,0.));
#11628=CARTESIAN_POINT('Ctrl Pts',(43.910847,130.701353,1.6));
#11629=CARTESIAN_POINT('',(43.7644,130.3478,1.6));
#11630=CARTESIAN_POINT('Ctrl Pts',(43.7644,130.3478,1.6));
#11631=CARTESIAN_POINT('Ctrl Pts',(43.7644,130.480408,1.6));
#11632=CARTESIAN_POINT('Ctrl Pts',(43.817078,130.607585,1.6));
#11633=CARTESIAN_POINT('Ctrl Pts',(43.910847,130.701353,1.6));
#11634=CARTESIAN_POINT('',(43.7644,130.3478,0.));
#11635=CARTESIAN_POINT('Origin',(43.7644,117.4478,0.));
#11636=CARTESIAN_POINT('',(43.7644,117.4478,1.6));
#11637=CARTESIAN_POINT('',(43.7644,117.4478,1.6));
#11638=CARTESIAN_POINT('',(43.7644,117.4478,0.));
#11639=CARTESIAN_POINT('Ctrl Pts',(43.910847,117.094247,0.));
#11640=CARTESIAN_POINT('Ctrl Pts',(43.910847,117.094247,1.6));
#11641=CARTESIAN_POINT('Ctrl Pts',(43.817078,117.188015,0.));
#11642=CARTESIAN_POINT('Ctrl Pts',(43.817078,117.188015,1.6));
#11643=CARTESIAN_POINT('Ctrl Pts',(43.7644,117.315192,0.));
#11644=CARTESIAN_POINT('Ctrl Pts',(43.7644,117.315192,1.6));
#11645=CARTESIAN_POINT('Ctrl Pts',(43.7644,117.4478,0.));
#11646=CARTESIAN_POINT('Ctrl Pts',(43.7644,117.4478,1.6));
#11647=CARTESIAN_POINT('',(43.910847,117.094247,1.6));
#11648=CARTESIAN_POINT('Ctrl Pts',(43.910847,117.094247,1.6));
#11649=CARTESIAN_POINT('Ctrl Pts',(43.817078,117.188015,1.6));
#11650=CARTESIAN_POINT('Ctrl Pts',(43.7644,117.315192,1.6));
#11651=CARTESIAN_POINT('Ctrl Pts',(43.7644,117.4478,1.6));
#11652=CARTESIAN_POINT('',(43.910847,117.094247,0.));
#11653=CARTESIAN_POINT('Ctrl Pts',(44.2644,116.9478,0.));
#11654=CARTESIAN_POINT('Ctrl Pts',(44.2644,116.9478,1.6));
#11655=CARTESIAN_POINT('Ctrl Pts',(44.131792,116.9478,0.));
#11656=CARTESIAN_POINT('Ctrl Pts',(44.131792,116.9478,1.6));
#11657=CARTESIAN_POINT('Ctrl Pts',(44.004615,117.000478,0.));
#11658=CARTESIAN_POINT('Ctrl Pts',(44.004615,117.000478,1.6));
#11659=CARTESIAN_POINT('Ctrl Pts',(43.910847,117.094247,0.));
#11660=CARTESIAN_POINT('Ctrl Pts',(43.910847,117.094247,1.6));
#11661=CARTESIAN_POINT('',(44.2644,116.9478,1.6));
#11662=CARTESIAN_POINT('Ctrl Pts',(44.2644,116.9478,1.6));
#11663=CARTESIAN_POINT('Ctrl Pts',(44.131792,116.9478,1.6));
#11664=CARTESIAN_POINT('Ctrl Pts',(44.004615,117.000478,1.6));
#11665=CARTESIAN_POINT('Ctrl Pts',(43.910847,117.094247,1.6));
#11666=CARTESIAN_POINT('',(44.2644,116.9478,0.));
#11667=CARTESIAN_POINT('Origin',(57.1644,116.9478,0.));
#11668=CARTESIAN_POINT('',(57.1644,116.9478,1.6));
#11669=CARTESIAN_POINT('',(57.1644,116.9478,1.6));
#11670=CARTESIAN_POINT('',(57.1644,116.9478,0.));
#11671=CARTESIAN_POINT('Ctrl Pts',(57.517953,117.094247,0.));
#11672=CARTESIAN_POINT('Ctrl Pts',(57.517953,117.094247,1.6));
#11673=CARTESIAN_POINT('Ctrl Pts',(57.424185,117.000478,0.));
#11674=CARTESIAN_POINT('Ctrl Pts',(57.424185,117.000478,1.6));
#11675=CARTESIAN_POINT('Ctrl Pts',(57.297008,116.9478,0.));
#11676=CARTESIAN_POINT('Ctrl Pts',(57.297008,116.9478,1.6));
#11677=CARTESIAN_POINT('Ctrl Pts',(57.1644,116.9478,0.));
#11678=CARTESIAN_POINT('Ctrl Pts',(57.1644,116.9478,1.6));
#11679=CARTESIAN_POINT('',(57.517953,117.094247,1.6));
#11680=CARTESIAN_POINT('Ctrl Pts',(57.517953,117.094247,1.6));
#11681=CARTESIAN_POINT('Ctrl Pts',(57.424185,117.000478,1.6));
#11682=CARTESIAN_POINT('Ctrl Pts',(57.297008,116.9478,1.6));
#11683=CARTESIAN_POINT('Ctrl Pts',(57.1644,116.9478,1.6));
#11684=CARTESIAN_POINT('',(57.517953,117.094247,0.));
#11685=CARTESIAN_POINT('Ctrl Pts',(57.6644,117.4478,0.));
#11686=CARTESIAN_POINT('Ctrl Pts',(57.6644,117.4478,1.6));
#11687=CARTESIAN_POINT('Ctrl Pts',(57.6644,117.315192,0.));
#11688=CARTESIAN_POINT('Ctrl Pts',(57.6644,117.315192,1.6));
#11689=CARTESIAN_POINT('Ctrl Pts',(57.611722,117.188015,0.));
#11690=CARTESIAN_POINT('Ctrl Pts',(57.611722,117.188015,1.6));
#11691=CARTESIAN_POINT('Ctrl Pts',(57.517953,117.094247,0.));
#11692=CARTESIAN_POINT('Ctrl Pts',(57.517953,117.094247,1.6));
#11693=CARTESIAN_POINT('',(57.6644,117.4478,1.6));
#11694=CARTESIAN_POINT('Ctrl Pts',(57.6644,117.4478,1.6));
#11695=CARTESIAN_POINT('Ctrl Pts',(57.6644,117.315192,1.6));
#11696=CARTESIAN_POINT('Ctrl Pts',(57.611722,117.188015,1.6));
#11697=CARTESIAN_POINT('Ctrl Pts',(57.517953,117.094247,1.6));
#11698=CARTESIAN_POINT('',(57.6644,117.4478,0.));
#11699=CARTESIAN_POINT('Origin',(57.6644,130.3478,0.));
#11700=CARTESIAN_POINT('',(57.6644,130.3478,1.6));
#11701=CARTESIAN_POINT('',(57.6644,130.3478,1.6));
#11702=CARTESIAN_POINT('',(57.6644,130.3478,0.));
#11703=CARTESIAN_POINT('Ctrl Pts',(57.517953,130.701353,0.));
#11704=CARTESIAN_POINT('Ctrl Pts',(57.517953,130.701353,1.6));
#11705=CARTESIAN_POINT('Ctrl Pts',(57.611722,130.607585,0.));
#11706=CARTESIAN_POINT('Ctrl Pts',(57.611722,130.607585,1.6));
#11707=CARTESIAN_POINT('Ctrl Pts',(57.6644,130.480408,0.));
#11708=CARTESIAN_POINT('Ctrl Pts',(57.6644,130.480408,1.6));
#11709=CARTESIAN_POINT('Ctrl Pts',(57.6644,130.3478,0.));
#11710=CARTESIAN_POINT('Ctrl Pts',(57.6644,130.3478,1.6));
#11711=CARTESIAN_POINT('',(57.517953,130.701353,1.6));
#11712=CARTESIAN_POINT('Ctrl Pts',(57.517953,130.701353,1.6));
#11713=CARTESIAN_POINT('Ctrl Pts',(57.611722,130.607585,1.6));
#11714=CARTESIAN_POINT('Ctrl Pts',(57.6644,130.480408,1.6));
#11715=CARTESIAN_POINT('Ctrl Pts',(57.6644,130.3478,1.6));
#11716=CARTESIAN_POINT('',(57.517953,130.701353,0.));
#11717=CARTESIAN_POINT('Ctrl Pts',(57.1644,130.8478,0.));
#11718=CARTESIAN_POINT('Ctrl Pts',(57.1644,130.8478,1.6));
#11719=CARTESIAN_POINT('Ctrl Pts',(57.297008,130.8478,0.));
#11720=CARTESIAN_POINT('Ctrl Pts',(57.297008,130.8478,1.6));
#11721=CARTESIAN_POINT('Ctrl Pts',(57.424185,130.795122,0.));
#11722=CARTESIAN_POINT('Ctrl Pts',(57.424185,130.795122,1.6));
#11723=CARTESIAN_POINT('Ctrl Pts',(57.517953,130.701353,0.));
#11724=CARTESIAN_POINT('Ctrl Pts',(57.517953,130.701353,1.6));
#11725=CARTESIAN_POINT('Ctrl Pts',(57.1644,130.8478,1.6));
#11726=CARTESIAN_POINT('Ctrl Pts',(57.297008,130.8478,1.6));
#11727=CARTESIAN_POINT('Ctrl Pts',(57.424185,130.795122,1.6));
#11728=CARTESIAN_POINT('Ctrl Pts',(57.517953,130.701353,1.6));
#11729=CARTESIAN_POINT('Origin',(113.7,146.707167852242,0.));
#11730=CARTESIAN_POINT('',(112.45,146.707167852242,1.6));
#11731=CARTESIAN_POINT('Origin',(113.7,146.707167852242,1.6));
#11732=CARTESIAN_POINT('',(112.45,146.707167852242,0.));
#11733=CARTESIAN_POINT('Origin',(37.5327,140.8038,0.));
#11734=CARTESIAN_POINT('',(36.2827,140.8038,1.6));
#11735=CARTESIAN_POINT('Origin',(37.5327,140.8038,1.6));
#11736=CARTESIAN_POINT('',(36.2827,140.8038,0.));
#11737=CARTESIAN_POINT('Origin',(62.2644,139.3478,0.));
#11738=CARTESIAN_POINT('',(75.1644,139.3478,1.6));
#11739=CARTESIAN_POINT('',(75.1644,139.3478,0.));
#11740=CARTESIAN_POINT('',(62.2644,139.3478,1.6));
#11741=CARTESIAN_POINT('',(62.2644,139.3478,1.6));
#11742=CARTESIAN_POINT('',(62.2644,139.3478,0.));
#11743=CARTESIAN_POINT('Ctrl Pts',(61.910847,139.201353,0.));
#11744=CARTESIAN_POINT('Ctrl Pts',(61.910847,139.201353,1.6));
#11745=CARTESIAN_POINT('Ctrl Pts',(62.004615,139.295122,0.));
#11746=CARTESIAN_POINT('Ctrl Pts',(62.004615,139.295122,1.6));
#11747=CARTESIAN_POINT('Ctrl Pts',(62.131792,139.3478,0.));
#11748=CARTESIAN_POINT('Ctrl Pts',(62.131792,139.3478,1.6));
#11749=CARTESIAN_POINT('Ctrl Pts',(62.2644,139.3478,0.));
#11750=CARTESIAN_POINT('Ctrl Pts',(62.2644,139.3478,1.6));
#11751=CARTESIAN_POINT('',(61.910847,139.201353,1.6));
#11752=CARTESIAN_POINT('Ctrl Pts',(61.910847,139.201353,1.6));
#11753=CARTESIAN_POINT('Ctrl Pts',(62.004615,139.295122,1.6));
#11754=CARTESIAN_POINT('Ctrl Pts',(62.131792,139.3478,1.6));
#11755=CARTESIAN_POINT('Ctrl Pts',(62.2644,139.3478,1.6));
#11756=CARTESIAN_POINT('',(61.910847,139.201353,0.));
#11757=CARTESIAN_POINT('Ctrl Pts',(61.7644,138.8478,0.));
#11758=CARTESIAN_POINT('Ctrl Pts',(61.7644,138.8478,1.6));
#11759=CARTESIAN_POINT('Ctrl Pts',(61.7644,138.980408,0.));
#11760=CARTESIAN_POINT('Ctrl Pts',(61.7644,138.980408,1.6));
#11761=CARTESIAN_POINT('Ctrl Pts',(61.817078,139.107585,0.));
#11762=CARTESIAN_POINT('Ctrl Pts',(61.817078,139.107585,1.6));
#11763=CARTESIAN_POINT('Ctrl Pts',(61.910847,139.201353,0.));
#11764=CARTESIAN_POINT('Ctrl Pts',(61.910847,139.201353,1.6));
#11765=CARTESIAN_POINT('',(61.7644,138.8478,1.6));
#11766=CARTESIAN_POINT('Ctrl Pts',(61.7644,138.8478,1.6));
#11767=CARTESIAN_POINT('Ctrl Pts',(61.7644,138.980408,1.6));
#11768=CARTESIAN_POINT('Ctrl Pts',(61.817078,139.107585,1.6));
#11769=CARTESIAN_POINT('Ctrl Pts',(61.910847,139.201353,1.6));
#11770=CARTESIAN_POINT('',(61.7644,138.8478,0.));
#11771=CARTESIAN_POINT('Origin',(61.7644,125.9478,0.));
#11772=CARTESIAN_POINT('',(61.7644,125.9478,1.6));
#11773=CARTESIAN_POINT('',(61.7644,125.9478,1.6));
#11774=CARTESIAN_POINT('',(61.7644,125.9478,0.));
#11775=CARTESIAN_POINT('Ctrl Pts',(61.910847,125.594247,0.));
#11776=CARTESIAN_POINT('Ctrl Pts',(61.910847,125.594247,1.6));
#11777=CARTESIAN_POINT('Ctrl Pts',(61.817078,125.688015,0.));
#11778=CARTESIAN_POINT('Ctrl Pts',(61.817078,125.688015,1.6));
#11779=CARTESIAN_POINT('Ctrl Pts',(61.7644,125.815192,0.));
#11780=CARTESIAN_POINT('Ctrl Pts',(61.7644,125.815192,1.6));
#11781=CARTESIAN_POINT('Ctrl Pts',(61.7644,125.9478,0.));
#11782=CARTESIAN_POINT('Ctrl Pts',(61.7644,125.9478,1.6));
#11783=CARTESIAN_POINT('',(61.910847,125.594247,1.6));
#11784=CARTESIAN_POINT('Ctrl Pts',(61.910847,125.594247,1.6));
#11785=CARTESIAN_POINT('Ctrl Pts',(61.817078,125.688015,1.6));
#11786=CARTESIAN_POINT('Ctrl Pts',(61.7644,125.815192,1.6));
#11787=CARTESIAN_POINT('Ctrl Pts',(61.7644,125.9478,1.6));
#11788=CARTESIAN_POINT('',(61.910847,125.594247,0.));
#11789=CARTESIAN_POINT('Ctrl Pts',(62.2644,125.4478,0.));
#11790=CARTESIAN_POINT('Ctrl Pts',(62.2644,125.4478,1.6));
#11791=CARTESIAN_POINT('Ctrl Pts',(62.131792,125.4478,0.));
#11792=CARTESIAN_POINT('Ctrl Pts',(62.131792,125.4478,1.6));
#11793=CARTESIAN_POINT('Ctrl Pts',(62.004615,125.500478,0.));
#11794=CARTESIAN_POINT('Ctrl Pts',(62.004615,125.500478,1.6));
#11795=CARTESIAN_POINT('Ctrl Pts',(61.910847,125.594247,0.));
#11796=CARTESIAN_POINT('Ctrl Pts',(61.910847,125.594247,1.6));
#11797=CARTESIAN_POINT('',(62.2644,125.4478,1.6));
#11798=CARTESIAN_POINT('Ctrl Pts',(62.2644,125.4478,1.6));
#11799=CARTESIAN_POINT('Ctrl Pts',(62.131792,125.4478,1.6));
#11800=CARTESIAN_POINT('Ctrl Pts',(62.004615,125.500478,1.6));
#11801=CARTESIAN_POINT('Ctrl Pts',(61.910847,125.594247,1.6));
#11802=CARTESIAN_POINT('',(62.2644,125.4478,0.));
#11803=CARTESIAN_POINT('Origin',(75.1644,125.4478,0.));
#11804=CARTESIAN_POINT('',(75.1644,125.4478,1.6));
#11805=CARTESIAN_POINT('',(75.1644,125.4478,1.6));
#11806=CARTESIAN_POINT('',(75.1644,125.4478,0.));
#11807=CARTESIAN_POINT('Ctrl Pts',(75.517953,125.594247,0.));
#11808=CARTESIAN_POINT('Ctrl Pts',(75.517953,125.594247,1.6));
#11809=CARTESIAN_POINT('Ctrl Pts',(75.424185,125.500478,0.));
#11810=CARTESIAN_POINT('Ctrl Pts',(75.424185,125.500478,1.6));
#11811=CARTESIAN_POINT('Ctrl Pts',(75.297008,125.4478,0.));
#11812=CARTESIAN_POINT('Ctrl Pts',(75.297008,125.4478,1.6));
#11813=CARTESIAN_POINT('Ctrl Pts',(75.1644,125.4478,0.));
#11814=CARTESIAN_POINT('Ctrl Pts',(75.1644,125.4478,1.6));
#11815=CARTESIAN_POINT('',(75.517953,125.594247,1.6));
#11816=CARTESIAN_POINT('Ctrl Pts',(75.517953,125.594247,1.6));
#11817=CARTESIAN_POINT('Ctrl Pts',(75.424185,125.500478,1.6));
#11818=CARTESIAN_POINT('Ctrl Pts',(75.297008,125.4478,1.6));
#11819=CARTESIAN_POINT('Ctrl Pts',(75.1644,125.4478,1.6));
#11820=CARTESIAN_POINT('',(75.517953,125.594247,0.));
#11821=CARTESIAN_POINT('Ctrl Pts',(75.6644,125.9478,0.));
#11822=CARTESIAN_POINT('Ctrl Pts',(75.6644,125.9478,1.6));
#11823=CARTESIAN_POINT('Ctrl Pts',(75.6644,125.815192,0.));
#11824=CARTESIAN_POINT('Ctrl Pts',(75.6644,125.815192,1.6));
#11825=CARTESIAN_POINT('Ctrl Pts',(75.611722,125.688015,0.));
#11826=CARTESIAN_POINT('Ctrl Pts',(75.611722,125.688015,1.6));
#11827=CARTESIAN_POINT('Ctrl Pts',(75.517953,125.594247,0.));
#11828=CARTESIAN_POINT('Ctrl Pts',(75.517953,125.594247,1.6));
#11829=CARTESIAN_POINT('',(75.6644,125.9478,1.6));
#11830=CARTESIAN_POINT('Ctrl Pts',(75.6644,125.9478,1.6));
#11831=CARTESIAN_POINT('Ctrl Pts',(75.6644,125.815192,1.6));
#11832=CARTESIAN_POINT('Ctrl Pts',(75.611722,125.688015,1.6));
#11833=CARTESIAN_POINT('Ctrl Pts',(75.517953,125.594247,1.6));
#11834=CARTESIAN_POINT('',(75.6644,125.9478,0.));
#11835=CARTESIAN_POINT('Origin',(75.6644,138.8478,0.));
#11836=CARTESIAN_POINT('',(75.6644,138.8478,1.6));
#11837=CARTESIAN_POINT('',(75.6644,138.8478,1.6));
#11838=CARTESIAN_POINT('',(75.6644,138.8478,0.));
#11839=CARTESIAN_POINT('Ctrl Pts',(75.517953,139.201353,0.));
#11840=CARTESIAN_POINT('Ctrl Pts',(75.517953,139.201353,1.6));
#11841=CARTESIAN_POINT('Ctrl Pts',(75.611722,139.107585,0.));
#11842=CARTESIAN_POINT('Ctrl Pts',(75.611722,139.107585,1.6));
#11843=CARTESIAN_POINT('Ctrl Pts',(75.6644,138.980408,0.));
#11844=CARTESIAN_POINT('Ctrl Pts',(75.6644,138.980408,1.6));
#11845=CARTESIAN_POINT('Ctrl Pts',(75.6644,138.8478,0.));
#11846=CARTESIAN_POINT('Ctrl Pts',(75.6644,138.8478,1.6));
#11847=CARTESIAN_POINT('',(75.517953,139.201353,1.6));
#11848=CARTESIAN_POINT('Ctrl Pts',(75.517953,139.201353,1.6));
#11849=CARTESIAN_POINT('Ctrl Pts',(75.611722,139.107585,1.6));
#11850=CARTESIAN_POINT('Ctrl Pts',(75.6644,138.980408,1.6));
#11851=CARTESIAN_POINT('Ctrl Pts',(75.6644,138.8478,1.6));
#11852=CARTESIAN_POINT('',(75.517953,139.201353,0.));
#11853=CARTESIAN_POINT('Ctrl Pts',(75.1644,139.3478,0.));
#11854=CARTESIAN_POINT('Ctrl Pts',(75.1644,139.3478,1.6));
#11855=CARTESIAN_POINT('Ctrl Pts',(75.297008,139.3478,0.));
#11856=CARTESIAN_POINT('Ctrl Pts',(75.297008,139.3478,1.6));
#11857=CARTESIAN_POINT('Ctrl Pts',(75.424185,139.295122,0.));
#11858=CARTESIAN_POINT('Ctrl Pts',(75.424185,139.295122,1.6));
#11859=CARTESIAN_POINT('Ctrl Pts',(75.517953,139.201353,0.));
#11860=CARTESIAN_POINT('Ctrl Pts',(75.517953,139.201353,1.6));
#11861=CARTESIAN_POINT('Ctrl Pts',(75.1644,139.3478,1.6));
#11862=CARTESIAN_POINT('Ctrl Pts',(75.297008,139.3478,1.6));
#11863=CARTESIAN_POINT('Ctrl Pts',(75.424185,139.295122,1.6));
#11864=CARTESIAN_POINT('Ctrl Pts',(75.517953,139.201353,1.6));
#11865=CARTESIAN_POINT('Origin',(96.0457,75.0954,0.));
#11866=CARTESIAN_POINT('',(100.4578,87.2175,1.6));
#11867=CARTESIAN_POINT('',(100.4578,87.2175,0.));
#11868=CARTESIAN_POINT('',(96.0457,75.0954,1.6));
#11869=CARTESIAN_POINT('',(96.0457,75.0954,1.6));
#11870=CARTESIAN_POINT('',(96.0457,75.0954,0.));
#11871=CARTESIAN_POINT('Ctrl Pts',(96.3445,74.4546,0.));
#11872=CARTESIAN_POINT('Ctrl Pts',(96.3445,74.4546,1.6));
#11873=CARTESIAN_POINT('Ctrl Pts',(96.085056,74.549061,0.));
#11874=CARTESIAN_POINT('Ctrl Pts',(96.085056,74.549061,1.6));
#11875=CARTESIAN_POINT('Ctrl Pts',(95.951287,74.835938,0.));
#11876=CARTESIAN_POINT('Ctrl Pts',(95.951287,74.835938,1.6));
#11877=CARTESIAN_POINT('Ctrl Pts',(96.0457,75.0954,0.));
#11878=CARTESIAN_POINT('Ctrl Pts',(96.0457,75.0954,1.6));
#11879=CARTESIAN_POINT('',(96.3445,74.4546,1.6));
#11880=CARTESIAN_POINT('Ctrl Pts',(96.3445,74.4546,1.6));
#11881=CARTESIAN_POINT('Ctrl Pts',(96.085056,74.549061,1.6));
#11882=CARTESIAN_POINT('Ctrl Pts',(95.951287,74.835938,1.6));
#11883=CARTESIAN_POINT('Ctrl Pts',(96.0457,75.0954,1.6));
#11884=CARTESIAN_POINT('',(96.3445,74.4546,0.));
#11885=CARTESIAN_POINT('Origin',(108.4666,70.0425,0.));
#11886=CARTESIAN_POINT('',(108.4666,70.0425,1.6));
#11887=CARTESIAN_POINT('',(108.4666,70.0425,1.6));
#11888=CARTESIAN_POINT('',(108.4666,70.0425,0.));
#11889=CARTESIAN_POINT('Ctrl Pts',(109.1074,70.3413,0.));
#11890=CARTESIAN_POINT('Ctrl Pts',(109.1074,70.3413,1.6));
#11891=CARTESIAN_POINT('Ctrl Pts',(109.012939,70.081856,0.));
#11892=CARTESIAN_POINT('Ctrl Pts',(109.012939,70.081856,1.6));
#11893=CARTESIAN_POINT('Ctrl Pts',(108.726062,69.948087,0.));
#11894=CARTESIAN_POINT('Ctrl Pts',(108.726062,69.948087,1.6));
#11895=CARTESIAN_POINT('Ctrl Pts',(108.4666,70.0425,0.));
#11896=CARTESIAN_POINT('Ctrl Pts',(108.4666,70.0425,1.6));
#11897=CARTESIAN_POINT('',(109.1074,70.3413,1.6));
#11898=CARTESIAN_POINT('Ctrl Pts',(109.1074,70.3413,1.6));
#11899=CARTESIAN_POINT('Ctrl Pts',(109.012939,70.081856,1.6));
#11900=CARTESIAN_POINT('Ctrl Pts',(108.726062,69.948087,1.6));
#11901=CARTESIAN_POINT('Ctrl Pts',(108.4666,70.0425,1.6));
#11902=CARTESIAN_POINT('',(109.1074,70.3413,0.));
#11903=CARTESIAN_POINT('Origin',(113.5195,82.4634,0.));
#11904=CARTESIAN_POINT('',(113.5195,82.4634,1.6));
#11905=CARTESIAN_POINT('',(113.5195,82.4634,1.6));
#11906=CARTESIAN_POINT('',(113.5195,82.4634,0.));
#11907=CARTESIAN_POINT('Ctrl Pts',(113.2207,83.1042,0.));
#11908=CARTESIAN_POINT('Ctrl Pts',(113.2207,83.1042,1.6));
#11909=CARTESIAN_POINT('Ctrl Pts',(113.480144,83.009739,0.));
#11910=CARTESIAN_POINT('Ctrl Pts',(113.480144,83.009739,1.6));
#11911=CARTESIAN_POINT('Ctrl Pts',(113.613913,82.722862,0.));
#11912=CARTESIAN_POINT('Ctrl Pts',(113.613913,82.722862,1.6));
#11913=CARTESIAN_POINT('Ctrl Pts',(113.5195,82.4634,0.));
#11914=CARTESIAN_POINT('Ctrl Pts',(113.5195,82.4634,1.6));
#11915=CARTESIAN_POINT('',(113.2207,83.1042,1.6));
#11916=CARTESIAN_POINT('Ctrl Pts',(113.2207,83.1042,1.6));
#11917=CARTESIAN_POINT('Ctrl Pts',(113.480144,83.009739,1.6));
#11918=CARTESIAN_POINT('Ctrl Pts',(113.613913,82.722862,1.6));
#11919=CARTESIAN_POINT('Ctrl Pts',(113.5195,82.4634,1.6));
#11920=CARTESIAN_POINT('',(113.2207,83.1042,0.));
#11921=CARTESIAN_POINT('Origin',(101.0986,87.5163,0.));
#11922=CARTESIAN_POINT('',(101.0986,87.5163,1.6));
#11923=CARTESIAN_POINT('',(101.0986,87.5163,1.6));
#11924=CARTESIAN_POINT('',(101.0986,87.5163,0.));
#11925=CARTESIAN_POINT('Ctrl Pts',(100.4578,87.2175,0.));
#11926=CARTESIAN_POINT('Ctrl Pts',(100.4578,87.2175,1.6));
#11927=CARTESIAN_POINT('Ctrl Pts',(100.552261,87.476944,0.));
#11928=CARTESIAN_POINT('Ctrl Pts',(100.552261,87.476944,1.6));
#11929=CARTESIAN_POINT('Ctrl Pts',(100.839138,87.610713,0.));
#11930=CARTESIAN_POINT('Ctrl Pts',(100.839138,87.610713,1.6));
#11931=CARTESIAN_POINT('Ctrl Pts',(101.0986,87.5163,0.));
#11932=CARTESIAN_POINT('Ctrl Pts',(101.0986,87.5163,1.6));
#11933=CARTESIAN_POINT('Ctrl Pts',(100.4578,87.2175,1.6));
#11934=CARTESIAN_POINT('Ctrl Pts',(100.552261,87.476944,1.6));
#11935=CARTESIAN_POINT('Ctrl Pts',(100.839138,87.610713,1.6));
#11936=CARTESIAN_POINT('Ctrl Pts',(101.0986,87.5163,1.6));
#11937=CARTESIAN_POINT('Origin',(75.3868447423186,98.2834683814118,0.));
#11938=CARTESIAN_POINT('',(75.3868447423186,75.6048748695136,1.6));
#11939=CARTESIAN_POINT('',(75.3868447423186,75.6048748695136,0.));
#11940=CARTESIAN_POINT('',(75.3868447423186,98.2834683814118,1.6));
#11941=CARTESIAN_POINT('',(75.3868447423186,98.2834683814118,1.6));
#11942=CARTESIAN_POINT('',(75.3868447423186,98.2834683814118,0.));
#11943=CARTESIAN_POINT('Origin',(48.020829924441,98.2834683814118,0.));
#11944=CARTESIAN_POINT('',(48.020829924441,98.2834683814118,1.6));
#11945=CARTESIAN_POINT('',(48.020829924441,98.2834683814118,1.6));
#11946=CARTESIAN_POINT('',(48.020829924441,98.2834683814118,0.));
#11947=CARTESIAN_POINT('Origin',(48.020829924441,80.8914773680962,0.));
#11948=CARTESIAN_POINT('',(48.020829924441,80.8914773680962,1.6));
#11949=CARTESIAN_POINT('',(48.020829924441,80.8914773680962,1.6));
#11950=CARTESIAN_POINT('',(48.020829924441,80.8914773680962,0.));
#11951=CARTESIAN_POINT('Origin',(75.3868447423186,75.6048748695136,0.));
#11952=CARTESIAN_POINT('',(48.020829924441,80.8914773680962,1.6));
#11953=CARTESIAN_POINT('Origin',(122.4,104.107167852242,0.));
#11954=CARTESIAN_POINT('',(121.15,104.107167852242,1.6));
#11955=CARTESIAN_POINT('Origin',(122.4,104.107167852242,1.6));
#11956=CARTESIAN_POINT('',(121.15,104.107167852242,0.));
#11957=CARTESIAN_POINT('Origin',(80.2644,115.8478,0.));
#11958=CARTESIAN_POINT('',(93.1644,115.8478,1.6));
#11959=CARTESIAN_POINT('',(93.1644,115.8478,0.));
#11960=CARTESIAN_POINT('',(80.2644,115.8478,1.6));
#11961=CARTESIAN_POINT('',(80.2644,115.8478,1.6));
#11962=CARTESIAN_POINT('',(80.2644,115.8478,0.));
#11963=CARTESIAN_POINT('Ctrl Pts',(79.910847,115.701353,0.));
#11964=CARTESIAN_POINT('Ctrl Pts',(79.910847,115.701353,1.6));
#11965=CARTESIAN_POINT('Ctrl Pts',(80.004615,115.795122,0.));
#11966=CARTESIAN_POINT('Ctrl Pts',(80.004615,115.795122,1.6));
#11967=CARTESIAN_POINT('Ctrl Pts',(80.131792,115.8478,0.));
#11968=CARTESIAN_POINT('Ctrl Pts',(80.131792,115.8478,1.6));
#11969=CARTESIAN_POINT('Ctrl Pts',(80.2644,115.8478,0.));
#11970=CARTESIAN_POINT('Ctrl Pts',(80.2644,115.8478,1.6));
#11971=CARTESIAN_POINT('',(79.910847,115.701353,1.6));
#11972=CARTESIAN_POINT('Ctrl Pts',(79.910847,115.701353,1.6));
#11973=CARTESIAN_POINT('Ctrl Pts',(80.004615,115.795122,1.6));
#11974=CARTESIAN_POINT('Ctrl Pts',(80.131792,115.8478,1.6));
#11975=CARTESIAN_POINT('Ctrl Pts',(80.2644,115.8478,1.6));
#11976=CARTESIAN_POINT('',(79.910847,115.701353,0.));
#11977=CARTESIAN_POINT('Ctrl Pts',(79.7644,115.3478,0.));
#11978=CARTESIAN_POINT('Ctrl Pts',(79.7644,115.3478,1.6));
#11979=CARTESIAN_POINT('Ctrl Pts',(79.7644,115.480408,0.));
#11980=CARTESIAN_POINT('Ctrl Pts',(79.7644,115.480408,1.6));
#11981=CARTESIAN_POINT('Ctrl Pts',(79.817078,115.607585,0.));
#11982=CARTESIAN_POINT('Ctrl Pts',(79.817078,115.607585,1.6));
#11983=CARTESIAN_POINT('Ctrl Pts',(79.910847,115.701353,0.));
#11984=CARTESIAN_POINT('Ctrl Pts',(79.910847,115.701353,1.6));
#11985=CARTESIAN_POINT('',(79.7644,115.3478,1.6));
#11986=CARTESIAN_POINT('Ctrl Pts',(79.7644,115.3478,1.6));
#11987=CARTESIAN_POINT('Ctrl Pts',(79.7644,115.480408,1.6));
#11988=CARTESIAN_POINT('Ctrl Pts',(79.817078,115.607585,1.6));
#11989=CARTESIAN_POINT('Ctrl Pts',(79.910847,115.701353,1.6));
#11990=CARTESIAN_POINT('',(79.7644,115.3478,0.));
#11991=CARTESIAN_POINT('Origin',(79.7644,102.4478,0.));
#11992=CARTESIAN_POINT('',(79.7644,102.4478,1.6));
#11993=CARTESIAN_POINT('',(79.7644,102.4478,1.6));
#11994=CARTESIAN_POINT('',(79.7644,102.4478,0.));
#11995=CARTESIAN_POINT('Ctrl Pts',(79.910847,102.094247,0.));
#11996=CARTESIAN_POINT('Ctrl Pts',(79.910847,102.094247,1.6));
#11997=CARTESIAN_POINT('Ctrl Pts',(79.817078,102.188015,0.));
#11998=CARTESIAN_POINT('Ctrl Pts',(79.817078,102.188015,1.6));
#11999=CARTESIAN_POINT('Ctrl Pts',(79.7644,102.315192,0.));
#12000=CARTESIAN_POINT('Ctrl Pts',(79.7644,102.315192,1.6));
#12001=CARTESIAN_POINT('Ctrl Pts',(79.7644,102.4478,0.));
#12002=CARTESIAN_POINT('Ctrl Pts',(79.7644,102.4478,1.6));
#12003=CARTESIAN_POINT('',(79.910847,102.094247,1.6));
#12004=CARTESIAN_POINT('Ctrl Pts',(79.910847,102.094247,1.6));
#12005=CARTESIAN_POINT('Ctrl Pts',(79.817078,102.188015,1.6));
#12006=CARTESIAN_POINT('Ctrl Pts',(79.7644,102.315192,1.6));
#12007=CARTESIAN_POINT('Ctrl Pts',(79.7644,102.4478,1.6));
#12008=CARTESIAN_POINT('',(79.910847,102.094247,0.));
#12009=CARTESIAN_POINT('Ctrl Pts',(80.2644,101.9478,0.));
#12010=CARTESIAN_POINT('Ctrl Pts',(80.2644,101.9478,1.6));
#12011=CARTESIAN_POINT('Ctrl Pts',(80.131792,101.9478,0.));
#12012=CARTESIAN_POINT('Ctrl Pts',(80.131792,101.9478,1.6));
#12013=CARTESIAN_POINT('Ctrl Pts',(80.004615,102.000478,0.));
#12014=CARTESIAN_POINT('Ctrl Pts',(80.004615,102.000478,1.6));
#12015=CARTESIAN_POINT('Ctrl Pts',(79.910847,102.094247,0.));
#12016=CARTESIAN_POINT('Ctrl Pts',(79.910847,102.094247,1.6));
#12017=CARTESIAN_POINT('',(80.2644,101.9478,1.6));
#12018=CARTESIAN_POINT('Ctrl Pts',(80.2644,101.9478,1.6));
#12019=CARTESIAN_POINT('Ctrl Pts',(80.131792,101.9478,1.6));
#12020=CARTESIAN_POINT('Ctrl Pts',(80.004615,102.000478,1.6));
#12021=CARTESIAN_POINT('Ctrl Pts',(79.910847,102.094247,1.6));
#12022=CARTESIAN_POINT('',(80.2644,101.9478,0.));
#12023=CARTESIAN_POINT('Origin',(93.1644,101.9478,0.));
#12024=CARTESIAN_POINT('',(93.1644,101.9478,1.6));
#12025=CARTESIAN_POINT('',(93.1644,101.9478,1.6));
#12026=CARTESIAN_POINT('',(93.1644,101.9478,0.));
#12027=CARTESIAN_POINT('Ctrl Pts',(93.517953,102.094247,0.));
#12028=CARTESIAN_POINT('Ctrl Pts',(93.517953,102.094247,1.6));
#12029=CARTESIAN_POINT('Ctrl Pts',(93.424185,102.000478,0.));
#12030=CARTESIAN_POINT('Ctrl Pts',(93.424185,102.000478,1.6));
#12031=CARTESIAN_POINT('Ctrl Pts',(93.297008,101.9478,0.));
#12032=CARTESIAN_POINT('Ctrl Pts',(93.297008,101.9478,1.6));
#12033=CARTESIAN_POINT('Ctrl Pts',(93.1644,101.9478,0.));
#12034=CARTESIAN_POINT('Ctrl Pts',(93.1644,101.9478,1.6));
#12035=CARTESIAN_POINT('',(93.517953,102.094247,1.6));
#12036=CARTESIAN_POINT('Ctrl Pts',(93.517953,102.094247,1.6));
#12037=CARTESIAN_POINT('Ctrl Pts',(93.424185,102.000478,1.6));
#12038=CARTESIAN_POINT('Ctrl Pts',(93.297008,101.9478,1.6));
#12039=CARTESIAN_POINT('Ctrl Pts',(93.1644,101.9478,1.6));
#12040=CARTESIAN_POINT('',(93.517953,102.094247,0.));
#12041=CARTESIAN_POINT('Ctrl Pts',(93.6644,102.4478,0.));
#12042=CARTESIAN_POINT('Ctrl Pts',(93.6644,102.4478,1.6));
#12043=CARTESIAN_POINT('Ctrl Pts',(93.6644,102.315192,0.));
#12044=CARTESIAN_POINT('Ctrl Pts',(93.6644,102.315192,1.6));
#12045=CARTESIAN_POINT('Ctrl Pts',(93.611722,102.188015,0.));
#12046=CARTESIAN_POINT('Ctrl Pts',(93.611722,102.188015,1.6));
#12047=CARTESIAN_POINT('Ctrl Pts',(93.517953,102.094247,0.));
#12048=CARTESIAN_POINT('Ctrl Pts',(93.517953,102.094247,1.6));
#12049=CARTESIAN_POINT('',(93.6644,102.4478,1.6));
#12050=CARTESIAN_POINT('Ctrl Pts',(93.6644,102.4478,1.6));
#12051=CARTESIAN_POINT('Ctrl Pts',(93.6644,102.315192,1.6));
#12052=CARTESIAN_POINT('Ctrl Pts',(93.611722,102.188015,1.6));
#12053=CARTESIAN_POINT('Ctrl Pts',(93.517953,102.094247,1.6));
#12054=CARTESIAN_POINT('',(93.6644,102.4478,0.));
#12055=CARTESIAN_POINT('Origin',(93.6644,115.3478,0.));
#12056=CARTESIAN_POINT('',(93.6644,115.3478,1.6));
#12057=CARTESIAN_POINT('',(93.6644,115.3478,1.6));
#12058=CARTESIAN_POINT('',(93.6644,115.3478,0.));
#12059=CARTESIAN_POINT('Ctrl Pts',(93.517953,115.701353,0.));
#12060=CARTESIAN_POINT('Ctrl Pts',(93.517953,115.701353,1.6));
#12061=CARTESIAN_POINT('Ctrl Pts',(93.611722,115.607585,0.));
#12062=CARTESIAN_POINT('Ctrl Pts',(93.611722,115.607585,1.6));
#12063=CARTESIAN_POINT('Ctrl Pts',(93.6644,115.480408,0.));
#12064=CARTESIAN_POINT('Ctrl Pts',(93.6644,115.480408,1.6));
#12065=CARTESIAN_POINT('Ctrl Pts',(93.6644,115.3478,0.));
#12066=CARTESIAN_POINT('Ctrl Pts',(93.6644,115.3478,1.6));
#12067=CARTESIAN_POINT('',(93.517953,115.701353,1.6));
#12068=CARTESIAN_POINT('Ctrl Pts',(93.517953,115.701353,1.6));
#12069=CARTESIAN_POINT('Ctrl Pts',(93.611722,115.607585,1.6));
#12070=CARTESIAN_POINT('Ctrl Pts',(93.6644,115.480408,1.6));
#12071=CARTESIAN_POINT('Ctrl Pts',(93.6644,115.3478,1.6));
#12072=CARTESIAN_POINT('',(93.517953,115.701353,0.));
#12073=CARTESIAN_POINT('Ctrl Pts',(93.1644,115.8478,0.));
#12074=CARTESIAN_POINT('Ctrl Pts',(93.1644,115.8478,1.6));
#12075=CARTESIAN_POINT('Ctrl Pts',(93.297008,115.8478,0.));
#12076=CARTESIAN_POINT('Ctrl Pts',(93.297008,115.8478,1.6));
#12077=CARTESIAN_POINT('Ctrl Pts',(93.424185,115.795122,0.));
#12078=CARTESIAN_POINT('Ctrl Pts',(93.424185,115.795122,1.6));
#12079=CARTESIAN_POINT('Ctrl Pts',(93.517953,115.701353,0.));
#12080=CARTESIAN_POINT('Ctrl Pts',(93.517953,115.701353,1.6));
#12081=CARTESIAN_POINT('Ctrl Pts',(93.1644,115.8478,1.6));
#12082=CARTESIAN_POINT('Ctrl Pts',(93.297008,115.8478,1.6));
#12083=CARTESIAN_POINT('Ctrl Pts',(93.424185,115.795122,1.6));
#12084=CARTESIAN_POINT('Ctrl Pts',(93.517953,115.701353,1.6));
#12085=CARTESIAN_POINT('Origin',(26.2644,134.8478,0.));
#12086=CARTESIAN_POINT('',(39.1644,134.8478,1.6));
#12087=CARTESIAN_POINT('',(39.1644,134.8478,0.));
#12088=CARTESIAN_POINT('',(26.2644,134.8478,1.6));
#12089=CARTESIAN_POINT('',(26.2644,134.8478,1.6));
#12090=CARTESIAN_POINT('',(26.2644,134.8478,0.));
#12091=CARTESIAN_POINT('Ctrl Pts',(25.910847,134.701353,0.));
#12092=CARTESIAN_POINT('Ctrl Pts',(25.910847,134.701353,1.6));
#12093=CARTESIAN_POINT('Ctrl Pts',(26.004615,134.795122,0.));
#12094=CARTESIAN_POINT('Ctrl Pts',(26.004615,134.795122,1.6));
#12095=CARTESIAN_POINT('Ctrl Pts',(26.131792,134.8478,0.));
#12096=CARTESIAN_POINT('Ctrl Pts',(26.131792,134.8478,1.6));
#12097=CARTESIAN_POINT('Ctrl Pts',(26.2644,134.8478,0.));
#12098=CARTESIAN_POINT('Ctrl Pts',(26.2644,134.8478,1.6));
#12099=CARTESIAN_POINT('',(25.910847,134.701353,1.6));
#12100=CARTESIAN_POINT('Ctrl Pts',(25.910847,134.701353,1.6));
#12101=CARTESIAN_POINT('Ctrl Pts',(26.004615,134.795122,1.6));
#12102=CARTESIAN_POINT('Ctrl Pts',(26.131792,134.8478,1.6));
#12103=CARTESIAN_POINT('Ctrl Pts',(26.2644,134.8478,1.6));
#12104=CARTESIAN_POINT('',(25.910847,134.701353,0.));
#12105=CARTESIAN_POINT('Ctrl Pts',(25.7644,134.3478,0.));
#12106=CARTESIAN_POINT('Ctrl Pts',(25.7644,134.3478,1.6));
#12107=CARTESIAN_POINT('Ctrl Pts',(25.7644,134.480408,0.));
#12108=CARTESIAN_POINT('Ctrl Pts',(25.7644,134.480408,1.6));
#12109=CARTESIAN_POINT('Ctrl Pts',(25.817078,134.607585,0.));
#12110=CARTESIAN_POINT('Ctrl Pts',(25.817078,134.607585,1.6));
#12111=CARTESIAN_POINT('Ctrl Pts',(25.910847,134.701353,0.));
#12112=CARTESIAN_POINT('Ctrl Pts',(25.910847,134.701353,1.6));
#12113=CARTESIAN_POINT('',(25.7644,134.3478,1.6));
#12114=CARTESIAN_POINT('Ctrl Pts',(25.7644,134.3478,1.6));
#12115=CARTESIAN_POINT('Ctrl Pts',(25.7644,134.480408,1.6));
#12116=CARTESIAN_POINT('Ctrl Pts',(25.817078,134.607585,1.6));
#12117=CARTESIAN_POINT('Ctrl Pts',(25.910847,134.701353,1.6));
#12118=CARTESIAN_POINT('',(25.7644,134.3478,0.));
#12119=CARTESIAN_POINT('Origin',(25.7644,121.4478,0.));
#12120=CARTESIAN_POINT('',(25.7644,121.4478,1.6));
#12121=CARTESIAN_POINT('',(25.7644,121.4478,1.6));
#12122=CARTESIAN_POINT('',(25.7644,121.4478,0.));
#12123=CARTESIAN_POINT('Ctrl Pts',(25.910847,121.094247,0.));
#12124=CARTESIAN_POINT('Ctrl Pts',(25.910847,121.094247,1.6));
#12125=CARTESIAN_POINT('Ctrl Pts',(25.817078,121.188015,0.));
#12126=CARTESIAN_POINT('Ctrl Pts',(25.817078,121.188015,1.6));
#12127=CARTESIAN_POINT('Ctrl Pts',(25.7644,121.315192,0.));
#12128=CARTESIAN_POINT('Ctrl Pts',(25.7644,121.315192,1.6));
#12129=CARTESIAN_POINT('Ctrl Pts',(25.7644,121.4478,0.));
#12130=CARTESIAN_POINT('Ctrl Pts',(25.7644,121.4478,1.6));
#12131=CARTESIAN_POINT('',(25.910847,121.094247,1.6));
#12132=CARTESIAN_POINT('Ctrl Pts',(25.910847,121.094247,1.6));
#12133=CARTESIAN_POINT('Ctrl Pts',(25.817078,121.188015,1.6));
#12134=CARTESIAN_POINT('Ctrl Pts',(25.7644,121.315192,1.6));
#12135=CARTESIAN_POINT('Ctrl Pts',(25.7644,121.4478,1.6));
#12136=CARTESIAN_POINT('',(25.910847,121.094247,0.));
#12137=CARTESIAN_POINT('Ctrl Pts',(26.2644,120.9478,0.));
#12138=CARTESIAN_POINT('Ctrl Pts',(26.2644,120.9478,1.6));
#12139=CARTESIAN_POINT('Ctrl Pts',(26.131792,120.9478,0.));
#12140=CARTESIAN_POINT('Ctrl Pts',(26.131792,120.9478,1.6));
#12141=CARTESIAN_POINT('Ctrl Pts',(26.004615,121.000478,0.));
#12142=CARTESIAN_POINT('Ctrl Pts',(26.004615,121.000478,1.6));
#12143=CARTESIAN_POINT('Ctrl Pts',(25.910847,121.094247,0.));
#12144=CARTESIAN_POINT('Ctrl Pts',(25.910847,121.094247,1.6));
#12145=CARTESIAN_POINT('',(26.2644,120.9478,1.6));
#12146=CARTESIAN_POINT('Ctrl Pts',(26.2644,120.9478,1.6));
#12147=CARTESIAN_POINT('Ctrl Pts',(26.131792,120.9478,1.6));
#12148=CARTESIAN_POINT('Ctrl Pts',(26.004615,121.000478,1.6));
#12149=CARTESIAN_POINT('Ctrl Pts',(25.910847,121.094247,1.6));
#12150=CARTESIAN_POINT('',(26.2644,120.9478,0.));
#12151=CARTESIAN_POINT('Origin',(39.1644,120.9478,0.));
#12152=CARTESIAN_POINT('',(39.1644,120.9478,1.6));
#12153=CARTESIAN_POINT('',(39.1644,120.9478,1.6));
#12154=CARTESIAN_POINT('',(39.1644,120.9478,0.));
#12155=CARTESIAN_POINT('Ctrl Pts',(39.517953,121.094247,0.));
#12156=CARTESIAN_POINT('Ctrl Pts',(39.517953,121.094247,1.6));
#12157=CARTESIAN_POINT('Ctrl Pts',(39.424185,121.000478,0.));
#12158=CARTESIAN_POINT('Ctrl Pts',(39.424185,121.000478,1.6));
#12159=CARTESIAN_POINT('Ctrl Pts',(39.297008,120.9478,0.));
#12160=CARTESIAN_POINT('Ctrl Pts',(39.297008,120.9478,1.6));
#12161=CARTESIAN_POINT('Ctrl Pts',(39.1644,120.9478,0.));
#12162=CARTESIAN_POINT('Ctrl Pts',(39.1644,120.9478,1.6));
#12163=CARTESIAN_POINT('',(39.517953,121.094247,1.6));
#12164=CARTESIAN_POINT('Ctrl Pts',(39.517953,121.094247,1.6));
#12165=CARTESIAN_POINT('Ctrl Pts',(39.424185,121.000478,1.6));
#12166=CARTESIAN_POINT('Ctrl Pts',(39.297008,120.9478,1.6));
#12167=CARTESIAN_POINT('Ctrl Pts',(39.1644,120.9478,1.6));
#12168=CARTESIAN_POINT('',(39.517953,121.094247,0.));
#12169=CARTESIAN_POINT('Ctrl Pts',(39.6644,121.4478,0.));
#12170=CARTESIAN_POINT('Ctrl Pts',(39.6644,121.4478,1.6));
#12171=CARTESIAN_POINT('Ctrl Pts',(39.6644,121.315192,0.));
#12172=CARTESIAN_POINT('Ctrl Pts',(39.6644,121.315192,1.6));
#12173=CARTESIAN_POINT('Ctrl Pts',(39.611722,121.188015,0.));
#12174=CARTESIAN_POINT('Ctrl Pts',(39.611722,121.188015,1.6));
#12175=CARTESIAN_POINT('Ctrl Pts',(39.517953,121.094247,0.));
#12176=CARTESIAN_POINT('Ctrl Pts',(39.517953,121.094247,1.6));
#12177=CARTESIAN_POINT('',(39.6644,121.4478,1.6));
#12178=CARTESIAN_POINT('Ctrl Pts',(39.6644,121.4478,1.6));
#12179=CARTESIAN_POINT('Ctrl Pts',(39.6644,121.315192,1.6));
#12180=CARTESIAN_POINT('Ctrl Pts',(39.611722,121.188015,1.6));
#12181=CARTESIAN_POINT('Ctrl Pts',(39.517953,121.094247,1.6));
#12182=CARTESIAN_POINT('',(39.6644,121.4478,0.));
#12183=CARTESIAN_POINT('Origin',(39.6644,134.3478,0.));
#12184=CARTESIAN_POINT('',(39.6644,134.3478,1.6));
#12185=CARTESIAN_POINT('',(39.6644,134.3478,1.6));
#12186=CARTESIAN_POINT('',(39.6644,134.3478,0.));
#12187=CARTESIAN_POINT('Ctrl Pts',(39.517953,134.701353,0.));
#12188=CARTESIAN_POINT('Ctrl Pts',(39.517953,134.701353,1.6));
#12189=CARTESIAN_POINT('Ctrl Pts',(39.611722,134.607585,0.));
#12190=CARTESIAN_POINT('Ctrl Pts',(39.611722,134.607585,1.6));
#12191=CARTESIAN_POINT('Ctrl Pts',(39.6644,134.480408,0.));
#12192=CARTESIAN_POINT('Ctrl Pts',(39.6644,134.480408,1.6));
#12193=CARTESIAN_POINT('Ctrl Pts',(39.6644,134.3478,0.));
#12194=CARTESIAN_POINT('Ctrl Pts',(39.6644,134.3478,1.6));
#12195=CARTESIAN_POINT('',(39.517953,134.701353,1.6));
#12196=CARTESIAN_POINT('Ctrl Pts',(39.517953,134.701353,1.6));
#12197=CARTESIAN_POINT('Ctrl Pts',(39.611722,134.607585,1.6));
#12198=CARTESIAN_POINT('Ctrl Pts',(39.6644,134.480408,1.6));
#12199=CARTESIAN_POINT('Ctrl Pts',(39.6644,134.3478,1.6));
#12200=CARTESIAN_POINT('',(39.517953,134.701353,0.));
#12201=CARTESIAN_POINT('Ctrl Pts',(39.1644,134.8478,0.));
#12202=CARTESIAN_POINT('Ctrl Pts',(39.1644,134.8478,1.6));
#12203=CARTESIAN_POINT('Ctrl Pts',(39.297008,134.8478,0.));
#12204=CARTESIAN_POINT('Ctrl Pts',(39.297008,134.8478,1.6));
#12205=CARTESIAN_POINT('Ctrl Pts',(39.424185,134.795122,0.));
#12206=CARTESIAN_POINT('Ctrl Pts',(39.424185,134.795122,1.6));
#12207=CARTESIAN_POINT('Ctrl Pts',(39.517953,134.701353,0.));
#12208=CARTESIAN_POINT('Ctrl Pts',(39.517953,134.701353,1.6));
#12209=CARTESIAN_POINT('Ctrl Pts',(39.1644,134.8478,1.6));
#12210=CARTESIAN_POINT('Ctrl Pts',(39.297008,134.8478,1.6));
#12211=CARTESIAN_POINT('Ctrl Pts',(39.424185,134.795122,1.6));
#12212=CARTESIAN_POINT('Ctrl Pts',(39.517953,134.701353,1.6));
#12213=CARTESIAN_POINT('Origin',(77.705383447809,162.496299999863,0.));
#12214=CARTESIAN_POINT('',(60.6925810965398,162.496299999681,0.));
#12215=CARTESIAN_POINT('',(77.7053834478094,162.496300000074,0.));
#12216=CARTESIAN_POINT('Ctrl Pts',(81.0496438633454,161.570020008879,0.));
#12217=CARTESIAN_POINT('Ctrl Pts',(81.0496438633454,161.570020008879,9.01974221349718));
#12218=CARTESIAN_POINT('Ctrl Pts',(81.0496343574987,161.57002571222,0.));
#12219=CARTESIAN_POINT('Ctrl Pts',(81.0496343574987,161.57002571222,9.01974221349718));
#12220=CARTESIAN_POINT('Ctrl Pts',(81.0496248509258,161.570031415996,0.));
#12221=CARTESIAN_POINT('Ctrl Pts',(81.0496248509258,161.570031415996,9.01974221349718));
#12222=CARTESIAN_POINT('Ctrl Pts',(81.0496153451397,161.570037119301,0.));
#12223=CARTESIAN_POINT('Ctrl Pts',(81.0496153451397,161.570037119301,9.01974221349718));
#12224=CARTESIAN_POINT('Ctrl Pts',(81.0333111728312,161.579819335985,0.));
#12225=CARTESIAN_POINT('Ctrl Pts',(81.0333111728312,161.579819335985,9.01974221349718));
#12226=CARTESIAN_POINT('Ctrl Pts',(80.9788786018827,161.612022897115,0.));
#12227=CARTESIAN_POINT('Ctrl Pts',(80.9788786018827,161.612022897115,9.01974221349718));
#12228=CARTESIAN_POINT('Ctrl Pts',(80.9432351877287,161.632498830178,0.));
#12229=CARTESIAN_POINT('Ctrl Pts',(80.9432351877287,161.632498830178,9.01974221349718));
#12230=CARTESIAN_POINT('Ctrl Pts',(79.958716722933,162.198071311464,0.));
#12231=CARTESIAN_POINT('Ctrl Pts',(79.958716722933,162.198071311464,9.01974221349718));
#12232=CARTESIAN_POINT('Ctrl Pts',(78.8421133097974,162.496311579869,0.));
#12233=CARTESIAN_POINT('Ctrl Pts',(78.8421133097974,162.496311579869,9.01974221349718));
#12234=CARTESIAN_POINT('Ctrl Pts',(77.7053834478094,162.496300000074,0.));
#12235=CARTESIAN_POINT('Ctrl Pts',(77.7053834478094,162.496300000074,9.01974221349718));
#12236=CARTESIAN_POINT('',(81.0496406913663,161.570021912011,1.6));
#12237=CARTESIAN_POINT('',(81.0496406913663,161.570021912011,0.));
#12238=CARTESIAN_POINT('',(81.0496406913663,161.570021912011,0.));
#12239=CARTESIAN_POINT('Origin',(88.005748354729,157.3962,0.));
#12240=CARTESIAN_POINT('Ctrl Pts',(19.0363000000727,86.4723388431381,0.));
#12241=CARTESIAN_POINT('Ctrl Pts',(19.0363000000727,86.4723388431381,9.01994894302482));
#12242=CARTESIAN_POINT('Ctrl Pts',(19.036258637182,84.0754765266344,0.));
#12243=CARTESIAN_POINT('Ctrl Pts',(19.036258637182,84.0754765266344,9.01994894302482));
#12244=CARTESIAN_POINT('Ctrl Pts',(20.3584540710167,81.91066603963,0.));
#12245=CARTESIAN_POINT('Ctrl Pts',(20.3584540710167,81.91066603963,9.01994894302482));
#12246=CARTESIAN_POINT('Ctrl Pts',(22.3839234186124,80.7873893353643,0.));
#12247=CARTESIAN_POINT('Ctrl Pts',(22.3839234186124,80.7873893353643,9.01994894302482));
#12248=CARTESIAN_POINT('Ctrl Pts',(22.9717873668636,80.4613740939428,0.));
#12249=CARTESIAN_POINT('Ctrl Pts',(22.9717873668636,80.4613740939428,9.01994894302482));
#12250=CARTESIAN_POINT('Ctrl Pts',(23.6202255876651,80.2222184693499,0.));
#12251=CARTESIAN_POINT('Ctrl Pts',(23.6202255876651,80.2222184693499,9.01994894302482));
#12252=CARTESIAN_POINT('Ctrl Pts',(24.3032506550656,80.0902525222461,0.));
#12253=CARTESIAN_POINT('Ctrl Pts',(24.3032506550656,80.0902525222461,9.01994894302482));
#12254=CARTESIAN_POINT('',(19.0363000000727,86.4723388431416,0.));
#12255=CARTESIAN_POINT('Origin',(19.0363000003634,135.447649563467,0.));
#12256=CARTESIAN_POINT('',(19.0363000003634,135.447649563467,0.));
#12257=CARTESIAN_POINT('Ctrl Pts',(21.7714911415923,140.746442871374,0.));
#12258=CARTESIAN_POINT('Ctrl Pts',(21.7714911415923,140.746442871374,9.00301663976684));
#12259=CARTESIAN_POINT('Ctrl Pts',(20.058430803171,139.529287349342,0.));
#12260=CARTESIAN_POINT('Ctrl Pts',(20.058430803171,139.529287349342,9.00301663976684));
#12261=CARTESIAN_POINT('Ctrl Pts',(19.0362697177776,137.54908364688,0.));
#12262=CARTESIAN_POINT('Ctrl Pts',(19.0362697177776,137.54908364688,9.00301663976684));
#12263=CARTESIAN_POINT('Ctrl Pts',(19.0363000003634,135.447649563467,0.));
#12264=CARTESIAN_POINT('Ctrl Pts',(19.0363000003634,135.447649563467,9.00301663976684));
#12265=CARTESIAN_POINT('',(21.7714911415923,140.746442871374,0.));
#12266=CARTESIAN_POINT('Origin',(39.2796164621809,153.18638980888,0.));
#12267=CARTESIAN_POINT('',(39.2796164621809,153.18638980888,0.));
#12268=CARTESIAN_POINT('Ctrl Pts',(40.3306807207921,153.79413739854,0.));
#12269=CARTESIAN_POINT('Ctrl Pts',(40.3306807207921,153.79413739854,9.01990055782634));
#12270=CARTESIAN_POINT('Ctrl Pts',(40.3306664753817,153.794130852654,0.));
#12271=CARTESIAN_POINT('Ctrl Pts',(40.3306664753817,153.794130852654,9.01990055782634));
#12272=CARTESIAN_POINT('Ctrl Pts',(40.3306522302092,153.794124306878,0.));
#12273=CARTESIAN_POINT('Ctrl Pts',(40.3306522302092,153.794124306878,9.01990055782634));
#12274=CARTESIAN_POINT('Ctrl Pts',(40.3306379848576,153.794117761019,0.));
#12275=CARTESIAN_POINT('Ctrl Pts',(40.3306379848576,153.794117761019,9.01990055782634));
#12276=CARTESIAN_POINT('Ctrl Pts',(40.3132754166189,153.786139515115,0.));
#12277=CARTESIAN_POINT('Ctrl Pts',(40.3132754166189,153.786139515115,9.01990055782634));
#12278=CARTESIAN_POINT('Ctrl Pts',(40.2555579225284,153.75918270374,0.));
#12279=CARTESIAN_POINT('Ctrl Pts',(40.2555579225284,153.75918270374,9.01990055782634));
#12280=CARTESIAN_POINT('Ctrl Pts',(40.2182735058614,153.741179656245,0.));
#12281=CARTESIAN_POINT('Ctrl Pts',(40.2182735058614,153.741179656245,9.01990055782634));
#12282=CARTESIAN_POINT('Ctrl Pts',(39.8904609238875,153.582893004338,0.));
#12283=CARTESIAN_POINT('Ctrl Pts',(39.8904609238875,153.582893004338,9.01990055782634));
#12284=CARTESIAN_POINT('Ctrl Pts',(39.5764647581961,153.397318873152,0.));
#12285=CARTESIAN_POINT('Ctrl Pts',(39.5764647581961,153.397318873152,9.01990055782634));
#12286=CARTESIAN_POINT('Ctrl Pts',(39.2796164621809,153.18638980888,0.));
#12287=CARTESIAN_POINT('Ctrl Pts',(39.2796164621809,153.18638980888,9.01990055782634));
#12288=CARTESIAN_POINT('',(40.3306807209977,153.794137398634,0.));
#12289=CARTESIAN_POINT('Origin',(57.9788343067464,161.902807965577,0.));
#12290=CARTESIAN_POINT('',(57.9788343069538,161.902807965672,0.));
#12291=CARTESIAN_POINT('Ctrl Pts',(60.6925810965395,162.496299999681,0.));
#12292=CARTESIAN_POINT('Ctrl Pts',(60.6925810965395,162.496299999681,9.01274901201029));
#12293=CARTESIAN_POINT('Ctrl Pts',(60.0304975211789,162.496323809523,0.));
#12294=CARTESIAN_POINT('Ctrl Pts',(60.0304975211789,162.496323809523,9.01274901201029));
#12295=CARTESIAN_POINT('Ctrl Pts',(59.3738586028099,162.395190400174,0.));
#12296=CARTESIAN_POINT('Ctrl Pts',(59.3738586028099,162.395190400174,9.01274901201029));
#12297=CARTESIAN_POINT('Ctrl Pts',(58.7451680544512,162.197790731953,0.));
#12298=CARTESIAN_POINT('Ctrl Pts',(58.7451680544512,162.197790731953,9.01274901201029));
#12299=CARTESIAN_POINT('Ctrl Pts',(58.5095958458342,162.123824492211,0.));
#12300=CARTESIAN_POINT('Ctrl Pts',(58.5095958458342,162.123824492211,9.01274901201029));
#12301=CARTESIAN_POINT('Ctrl Pts',(58.2779316292024,162.036337861712,0.));
#12302=CARTESIAN_POINT('Ctrl Pts',(58.2779316292024,162.036337861712,9.01274901201029));
#12303=CARTESIAN_POINT('Ctrl Pts',(58.0513885793595,161.935603531338,0.));
#12304=CARTESIAN_POINT('Ctrl Pts',(58.0513885793595,161.935603531338,9.01274901201029));
#12305=CARTESIAN_POINT('Ctrl Pts',(58.0271565539743,161.924828551252,0.));
#12306=CARTESIAN_POINT('Ctrl Pts',(58.0271565539743,161.924828551252,9.01274901201029));
#12307=CARTESIAN_POINT('Ctrl Pts',(57.9900315635597,161.907951889347,0.));
#12308=CARTESIAN_POINT('Ctrl Pts',(57.9900315635597,161.907951889347,9.01274901201029));
#12309=CARTESIAN_POINT('Ctrl Pts',(57.9789012762396,161.902838730788,0.));
#12310=CARTESIAN_POINT('Ctrl Pts',(57.9789012762396,161.902838730788,9.01274901201029));
#12311=CARTESIAN_POINT('Ctrl Pts',(57.9788789532453,161.902828475796,0.));
#12312=CARTESIAN_POINT('Ctrl Pts',(57.9788789532453,161.902828475796,9.01274901201029));
#12313=CARTESIAN_POINT('Ctrl Pts',(57.9788566308528,161.90281822108,0.));
#12314=CARTESIAN_POINT('Ctrl Pts',(57.9788566308528,161.90281822108,9.01274901201029));
#12315=CARTESIAN_POINT('Ctrl Pts',(57.9788343076639,161.902807965998,0.));
#12316=CARTESIAN_POINT('Ctrl Pts',(57.9788343076639,161.902807965998,9.01274901201029));
#12317=CARTESIAN_POINT('Origin',(79.0361811760341,112.988864444325,1.6));
#12318=CARTESIAN_POINT('Origin',(119.2045,197.963067852242,0.));
#12319=CARTESIAN_POINT('',(117.9545,197.963067852242,1.6));
#12320=CARTESIAN_POINT('Origin',(119.2045,197.963067852242,1.6));
#12321=CARTESIAN_POINT('',(117.9545,197.963067852242,0.));
#12322=CARTESIAN_POINT('',(117.9545,197.963067852242,0.));
#12323=CARTESIAN_POINT('Origin',(119.2045,197.963067852242,0.));
#12324=CARTESIAN_POINT('Origin',(129.499967855901,224.107183926121,0.));
#12325=CARTESIAN_POINT('',(128.249967855901,224.107183926121,1.6));
#12326=CARTESIAN_POINT('Origin',(129.499967855901,224.107183926121,1.6));
#12327=CARTESIAN_POINT('',(128.249967855901,224.107183926121,0.));
#12328=CARTESIAN_POINT('',(128.249967855901,224.107183926121,0.));
#12329=CARTESIAN_POINT('Origin',(129.499967855901,224.107183926121,0.));
#12330=CARTESIAN_POINT('Origin',(113.7,266.707167852242,0.));
#12331=CARTESIAN_POINT('',(112.45,266.707167852242,1.6));
#12332=CARTESIAN_POINT('Origin',(113.7,266.707167852242,1.6));
#12333=CARTESIAN_POINT('',(112.45,266.707167852242,0.));
#12334=CARTESIAN_POINT('',(112.45,266.707167852242,0.));
#12335=CARTESIAN_POINT('Origin',(113.7,266.707167852242,0.));
#12336=CARTESIAN_POINT('Origin',(37.5327,260.8038,0.));
#12337=CARTESIAN_POINT('',(36.2827,260.8038,1.6));
#12338=CARTESIAN_POINT('Origin',(37.5327,260.8038,1.6));
#12339=CARTESIAN_POINT('',(36.2827,260.8038,0.));
#12340=CARTESIAN_POINT('',(36.2827,260.8038,0.));
#12341=CARTESIAN_POINT('Origin',(37.5327,260.8038,0.));
#12342=CARTESIAN_POINT('Origin',(44.2394,203.872767852242,0.));
#12343=CARTESIAN_POINT('',(42.9894,203.872767852242,1.6));
#12344=CARTESIAN_POINT('Origin',(44.2394,203.872767852242,1.6));
#12345=CARTESIAN_POINT('',(42.9894,203.872767852242,0.));
#12346=CARTESIAN_POINT('',(42.9894,203.872767852242,0.));
#12347=CARTESIAN_POINT('Origin',(44.2394,203.872767852242,0.));
#12348=CARTESIAN_POINT('Origin',(122.4,224.107167852242,0.));
#12349=CARTESIAN_POINT('',(121.15,224.107167852242,1.6));
#12350=CARTESIAN_POINT('Origin',(122.4,224.107167852242,1.6));
#12351=CARTESIAN_POINT('',(121.15,224.107167852242,0.));
#12352=CARTESIAN_POINT('',(121.15,224.107167852242,0.));
#12353=CARTESIAN_POINT('Origin',(122.4,224.107167852242,0.));
#12354=CARTESIAN_POINT('Origin',(71.7144,221.897767852242,0.));
#12355=CARTESIAN_POINT('',(70.4644,221.897767852242,1.6));
#12356=CARTESIAN_POINT('Origin',(71.7144,221.897767852242,1.6));
#12357=CARTESIAN_POINT('',(70.4644,221.897767852242,0.));
#12358=CARTESIAN_POINT('',(70.4644,221.897767852242,0.));
#12359=CARTESIAN_POINT('Origin',(71.7144,221.897767852242,0.));
#12360=CARTESIAN_POINT('Origin',(57.9788343067464,281.902807965577,0.));
#12361=CARTESIAN_POINT('',(40.3306807209977,273.794137398634,0.));
#12362=CARTESIAN_POINT('',(57.978834308347,281.902807966312,0.));
#12363=CARTESIAN_POINT('',(40.3306807209977,273.794137398634,0.));
#12364=CARTESIAN_POINT('',(40.3306807209977,273.794137398634,1.6));
#12365=CARTESIAN_POINT('',(40.3306807209977,273.794137398634,0.));
#12366=CARTESIAN_POINT('',(57.978834308347,281.902807966312,1.6));
#12367=CARTESIAN_POINT('',(40.3306807209977,273.794137398634,1.6));
#12368=CARTESIAN_POINT('',(57.978834308347,281.902807966312,0.));
#12369=CARTESIAN_POINT('Ctrl Pts',(60.6925810965384,282.496299999681,0.));
#12370=CARTESIAN_POINT('Ctrl Pts',(60.6925810965384,282.496299999681,1.6));
#12371=CARTESIAN_POINT('Ctrl Pts',(60.0304975211779,282.496323809523,0.));
#12372=CARTESIAN_POINT('Ctrl Pts',(60.0304975211779,282.496323809523,1.6));
#12373=CARTESIAN_POINT('Ctrl Pts',(59.3738586028097,282.395190400174,0.));
#12374=CARTESIAN_POINT('Ctrl Pts',(59.3738586028097,282.395190400174,1.6));
#12375=CARTESIAN_POINT('Ctrl Pts',(58.7451680544512,282.197790731953,0.));
#12376=CARTESIAN_POINT('Ctrl Pts',(58.7451680544512,282.197790731953,1.6));
#12377=CARTESIAN_POINT('Ctrl Pts',(58.5095958458342,282.123824492211,0.));
#12378=CARTESIAN_POINT('Ctrl Pts',(58.5095958458342,282.123824492211,1.6));
#12379=CARTESIAN_POINT('Ctrl Pts',(58.2779316292024,282.036337861712,0.));
#12380=CARTESIAN_POINT('Ctrl Pts',(58.2779316292024,282.036337861712,1.6));
#12381=CARTESIAN_POINT('Ctrl Pts',(58.0513885793595,281.935603531338,0.));
#12382=CARTESIAN_POINT('Ctrl Pts',(58.0513885793595,281.935603531338,1.6));
#12383=CARTESIAN_POINT('Ctrl Pts',(58.0271565539743,281.924828551252,0.));
#12384=CARTESIAN_POINT('Ctrl Pts',(58.0271565539743,281.924828551252,1.6));
#12385=CARTESIAN_POINT('Ctrl Pts',(57.9900315635597,281.907951889347,0.));
#12386=CARTESIAN_POINT('Ctrl Pts',(57.9900315635597,281.907951889347,1.6));
#12387=CARTESIAN_POINT('Ctrl Pts',(57.9789012762396,281.902838730788,0.));
#12388=CARTESIAN_POINT('Ctrl Pts',(57.9789012762396,281.902838730788,1.6));
#12389=CARTESIAN_POINT('Ctrl Pts',(57.9788789537097,281.902828476009,0.));
#12390=CARTESIAN_POINT('Ctrl Pts',(57.9788789537097,281.902828476009,1.6));
#12391=CARTESIAN_POINT('Ctrl Pts',(57.9788566328677,281.902818222006,0.));
#12392=CARTESIAN_POINT('Ctrl Pts',(57.9788566328677,281.902818222006,1.6));
#12393=CARTESIAN_POINT('Ctrl Pts',(57.9788343101433,281.902807967137,0.));
#12394=CARTESIAN_POINT('Ctrl Pts',(57.9788343101433,281.902807967137,1.6));
#12395=CARTESIAN_POINT('',(60.6925810965392,282.496299999681,0.));
#12396=CARTESIAN_POINT('Ctrl Pts',(60.6925810965384,282.496299999681,0.));
#12397=CARTESIAN_POINT('Ctrl Pts',(60.0304975211779,282.496323809523,0.));
#12398=CARTESIAN_POINT('Ctrl Pts',(59.3738586028097,282.395190400174,0.));
#12399=CARTESIAN_POINT('Ctrl Pts',(58.7451680544512,282.197790731953,0.));
#12400=CARTESIAN_POINT('Ctrl Pts',(58.5095958458342,282.123824492211,0.));
#12401=CARTESIAN_POINT('Ctrl Pts',(58.2779316292024,282.036337861712,0.));
#12402=CARTESIAN_POINT('Ctrl Pts',(58.0513885793595,281.935603531338,0.));
#12403=CARTESIAN_POINT('Ctrl Pts',(58.0271565539743,281.924828551252,0.));
#12404=CARTESIAN_POINT('Ctrl Pts',(57.9900315635597,281.907951889347,0.));
#12405=CARTESIAN_POINT('Ctrl Pts',(57.9789012762396,281.902838730788,0.));
#12406=CARTESIAN_POINT('Ctrl Pts',(57.9788789537097,281.902828476009,0.));
#12407=CARTESIAN_POINT('Ctrl Pts',(57.9788566328677,281.902818222006,0.));
#12408=CARTESIAN_POINT('Ctrl Pts',(57.9788343101433,281.902807967137,0.));
#12409=CARTESIAN_POINT('',(60.6925810965392,282.496299999681,1.6));
#12410=CARTESIAN_POINT('Ctrl Pts',(60.6925810965384,282.496299999681,1.6));
#12411=CARTESIAN_POINT('Ctrl Pts',(60.0304975211779,282.496323809523,1.6));
#12412=CARTESIAN_POINT('Ctrl Pts',(59.3738586028097,282.395190400174,1.6));
#12413=CARTESIAN_POINT('Ctrl Pts',(58.7451680544512,282.197790731953,1.6));
#12414=CARTESIAN_POINT('Ctrl Pts',(58.5095958458342,282.123824492211,1.6));
#12415=CARTESIAN_POINT('Ctrl Pts',(58.2779316292024,282.036337861712,1.6));
#12416=CARTESIAN_POINT('Ctrl Pts',(58.0513885793595,281.935603531338,1.6));
#12417=CARTESIAN_POINT('Ctrl Pts',(58.0271565539743,281.924828551252,1.6));
#12418=CARTESIAN_POINT('Ctrl Pts',(57.9900315635597,281.907951889347,1.6));
#12419=CARTESIAN_POINT('Ctrl Pts',(57.9789012762396,281.902838730788,1.6));
#12420=CARTESIAN_POINT('Ctrl Pts',(57.9788789537097,281.902828476009,1.6));
#12421=CARTESIAN_POINT('Ctrl Pts',(57.9788566328677,281.902818222006,1.6));
#12422=CARTESIAN_POINT('Ctrl Pts',(57.9788343101433,281.902807967137,1.6));
#12423=CARTESIAN_POINT('',(60.6925810965392,282.496299999681,0.));
#12424=CARTESIAN_POINT('Origin',(77.705383447809,282.496299999863,0.));
#12425=CARTESIAN_POINT('',(77.705383447809,282.496299999863,0.));
#12426=CARTESIAN_POINT('',(60.6925810965392,282.496299999681,0.));
#12427=CARTESIAN_POINT('',(77.705383447809,282.496299999863,1.6));
#12428=CARTESIAN_POINT('',(60.6925810965392,282.496299999681,1.6));
#12429=CARTESIAN_POINT('',(77.705383447809,282.496299999863,0.));
#12430=CARTESIAN_POINT('Ctrl Pts',(81.049643860113,281.570020010818,0.));
#12431=CARTESIAN_POINT('Ctrl Pts',(81.049643860113,281.570020010818,1.6));
#12432=CARTESIAN_POINT('Ctrl Pts',(81.0496343542663,281.570025714159,0.));
#12433=CARTESIAN_POINT('Ctrl Pts',(81.0496343542663,281.570025714159,1.6));
#12434=CARTESIAN_POINT('Ctrl Pts',(81.0496248509258,281.570031415997,0.));
#12435=CARTESIAN_POINT('Ctrl Pts',(81.0496248509258,281.570031415997,1.6));
#12436=CARTESIAN_POINT('Ctrl Pts',(81.0496153451397,281.570037119301,0.));
#12437=CARTESIAN_POINT('Ctrl Pts',(81.0496153451397,281.570037119301,1.6));
#12438=CARTESIAN_POINT('Ctrl Pts',(81.0333111728312,281.579819335985,0.));
#12439=CARTESIAN_POINT('Ctrl Pts',(81.0333111728312,281.579819335985,1.6));
#12440=CARTESIAN_POINT('Ctrl Pts',(80.9788786018827,281.612022897115,0.));
#12441=CARTESIAN_POINT('Ctrl Pts',(80.9788786018827,281.612022897115,1.6));
#12442=CARTESIAN_POINT('Ctrl Pts',(80.9432351877287,281.632498830178,0.));
#12443=CARTESIAN_POINT('Ctrl Pts',(80.9432351877287,281.632498830178,1.6));
#12444=CARTESIAN_POINT('Ctrl Pts',(79.958716722933,282.198071311464,0.));
#12445=CARTESIAN_POINT('Ctrl Pts',(79.958716722933,282.198071311464,1.6));
#12446=CARTESIAN_POINT('Ctrl Pts',(78.8421133097979,282.496311579869,0.));
#12447=CARTESIAN_POINT('Ctrl Pts',(78.8421133097979,282.496311579869,1.6));
#12448=CARTESIAN_POINT('Ctrl Pts',(77.7053834478099,282.496300000074,0.));
#12449=CARTESIAN_POINT('Ctrl Pts',(77.7053834478099,282.496300000074,1.6));
#12450=CARTESIAN_POINT('',(81.0496406913663,281.570021912011,0.));
#12451=CARTESIAN_POINT('Ctrl Pts',(81.0496438576338,281.570020012306,0.));
#12452=CARTESIAN_POINT('Ctrl Pts',(81.049634352614,281.570025715151,0.));
#12453=CARTESIAN_POINT('Ctrl Pts',(81.0496248500994,281.570031416492,0.));
#12454=CARTESIAN_POINT('Ctrl Pts',(81.0496153451397,281.570037119301,0.));
#12455=CARTESIAN_POINT('Ctrl Pts',(81.0333111728312,281.579819335985,0.));
#12456=CARTESIAN_POINT('Ctrl Pts',(80.9788786018827,281.612022897115,0.));
#12457=CARTESIAN_POINT('Ctrl Pts',(80.9432351877287,281.632498830178,0.));
#12458=CARTESIAN_POINT('Ctrl Pts',(79.9587167229333,282.198071311464,0.));
#12459=CARTESIAN_POINT('Ctrl Pts',(78.8421133097984,282.496311579869,0.));
#12460=CARTESIAN_POINT('Ctrl Pts',(77.7053834478108,282.496300000074,0.));
#12461=CARTESIAN_POINT('',(81.0496406913663,281.570021912011,1.6));
#12462=CARTESIAN_POINT('Ctrl Pts',(81.0496438576338,281.570020012306,1.6));
#12463=CARTESIAN_POINT('Ctrl Pts',(81.049634352614,281.570025715151,1.6));
#12464=CARTESIAN_POINT('Ctrl Pts',(81.0496248500994,281.570031416492,1.6));
#12465=CARTESIAN_POINT('Ctrl Pts',(81.0496153451397,281.570037119301,1.6));
#12466=CARTESIAN_POINT('Ctrl Pts',(81.0333111728312,281.579819335985,1.6));
#12467=CARTESIAN_POINT('Ctrl Pts',(80.9788786018827,281.612022897115,1.6));
#12468=CARTESIAN_POINT('Ctrl Pts',(80.9432351877287,281.632498830178,1.6));
#12469=CARTESIAN_POINT('Ctrl Pts',(79.9587167229333,282.198071311464,1.6));
#12470=CARTESIAN_POINT('Ctrl Pts',(78.8421133097984,282.496311579869,1.6));
#12471=CARTESIAN_POINT('Ctrl Pts',(77.7053834478108,282.496300000074,1.6));
#12472=CARTESIAN_POINT('',(81.0496406913663,281.570021912011,0.));
#12473=CARTESIAN_POINT('Origin',(88.005748354729,277.3962,0.));
#12474=CARTESIAN_POINT('',(88.005748354729,277.3962,0.));
#12475=CARTESIAN_POINT('',(81.0496406913663,281.570021912011,0.));
#12476=CARTESIAN_POINT('',(88.005748354729,277.3962,1.6));
#12477=CARTESIAN_POINT('',(81.0496406913663,281.570021912011,1.6));
#12478=CARTESIAN_POINT('',(88.005748354729,277.3962,0.));
#12479=CARTESIAN_POINT('Origin',(135.4434,277.3962,0.));
#12480=CARTESIAN_POINT('',(135.4434,277.3962,0.));
#12481=CARTESIAN_POINT('',(88.005748354729,277.3962,0.));
#12482=CARTESIAN_POINT('',(135.4434,277.3962,1.6));
#12483=CARTESIAN_POINT('',(88.005748354729,277.3962,1.6));
#12484=CARTESIAN_POINT('',(135.4434,277.3962,0.));
#12485=CARTESIAN_POINT('Origin',(135.4434,273.8962,0.));
#12486=CARTESIAN_POINT('',(135.568100886332,277.393977821553,0.));
#12487=CARTESIAN_POINT('Origin',(135.4434,273.8962,0.));
#12488=CARTESIAN_POINT('',(135.568100886332,277.393977821553,1.6));
#12489=CARTESIAN_POINT('Origin',(135.4434,273.8962,1.6));
#12490=CARTESIAN_POINT('',(135.568100886332,277.393977821553,0.));
#12491=CARTESIAN_POINT('Ctrl Pts',(138.072349882031,276.250342463617,0.));
#12492=CARTESIAN_POINT('Ctrl Pts',(138.072349882031,276.250342463617,1.6));
#12493=CARTESIAN_POINT('Ctrl Pts',(137.423227291707,276.947622640909,0.));
#12494=CARTESIAN_POINT('Ctrl Pts',(137.423227291707,276.947622640909,1.6));
#12495=CARTESIAN_POINT('Ctrl Pts',(136.520128404314,277.360036650512,0.));
#12496=CARTESIAN_POINT('Ctrl Pts',(136.520128404314,277.360036650512,1.6));
#12497=CARTESIAN_POINT('Ctrl Pts',(135.568100886332,277.393977821553,0.));
#12498=CARTESIAN_POINT('Ctrl Pts',(135.568100886332,277.393977821553,1.6));
#12499=CARTESIAN_POINT('',(138.072354591808,276.250337404418,0.));
#12500=CARTESIAN_POINT('Ctrl Pts',(138.072349882031,276.250342463617,0.));
#12501=CARTESIAN_POINT('Ctrl Pts',(137.423227291707,276.947622640909,0.));
#12502=CARTESIAN_POINT('Ctrl Pts',(136.520128404314,277.360036650512,0.));
#12503=CARTESIAN_POINT('Ctrl Pts',(135.568100886332,277.393977821553,0.));
#12504=CARTESIAN_POINT('',(138.072354591808,276.250337404418,1.6));
#12505=CARTESIAN_POINT('Ctrl Pts',(138.072349882031,276.250342463617,1.6));
#12506=CARTESIAN_POINT('Ctrl Pts',(137.423227291707,276.947622640909,1.6));
#12507=CARTESIAN_POINT('Ctrl Pts',(136.520128404314,277.360036650512,1.6));
#12508=CARTESIAN_POINT('Ctrl Pts',(135.568100886332,277.393977821553,1.6));
#12509=CARTESIAN_POINT('',(138.072354591808,276.250337404418,0.));
#12510=CARTESIAN_POINT('Ctrl Pts',(139.0364,273.77862122718,0.));
#12511=CARTESIAN_POINT('Ctrl Pts',(139.0364,273.77862122718,1.6));
#12512=CARTESIAN_POINT('Ctrl Pts',(139.0417766146,274.693206425101,0.));
#12513=CARTESIAN_POINT('Ctrl Pts',(139.0417766146,274.693206425101,1.6));
#12514=CARTESIAN_POINT('Ctrl Pts',(138.696982399419,275.579366589925,0.));
#12515=CARTESIAN_POINT('Ctrl Pts',(138.696982399419,275.579366589925,1.6));
#12516=CARTESIAN_POINT('Ctrl Pts',(138.072354591808,276.250337404418,0.));
#12517=CARTESIAN_POINT('Ctrl Pts',(138.072354591808,276.250337404418,1.6));
#12518=CARTESIAN_POINT('',(139.0364,273.77862122718,0.));
#12519=CARTESIAN_POINT('Ctrl Pts',(139.0364,273.77862122718,0.));
#12520=CARTESIAN_POINT('Ctrl Pts',(139.0417766146,274.693206425101,0.));
#12521=CARTESIAN_POINT('Ctrl Pts',(138.696982399419,275.579366589925,0.));
#12522=CARTESIAN_POINT('Ctrl Pts',(138.072354591808,276.250337404418,0.));
#12523=CARTESIAN_POINT('',(139.0364,273.77862122718,1.6));
#12524=CARTESIAN_POINT('Ctrl Pts',(139.0364,273.77862122718,1.6));
#12525=CARTESIAN_POINT('Ctrl Pts',(139.0417766146,274.693206425101,1.6));
#12526=CARTESIAN_POINT('Ctrl Pts',(138.696982399419,275.579366589925,1.6));
#12527=CARTESIAN_POINT('Ctrl Pts',(138.072354591808,276.250337404418,1.6));
#12528=CARTESIAN_POINT('',(139.0364,273.77862122718,0.));
#12529=CARTESIAN_POINT('Origin',(139.0364,214.664504567432,0.));
#12530=CARTESIAN_POINT('',(139.0364,214.664504566865,0.));
#12531=CARTESIAN_POINT('',(139.0364,227.9963,0.));
#12532=CARTESIAN_POINT('',(139.0364,214.664504566865,1.6));
#12533=CARTESIAN_POINT('',(139.0364,227.9963,1.6));
#12534=CARTESIAN_POINT('',(139.0364,214.664504566865,0.));
#12535=CARTESIAN_POINT('Ctrl Pts',(138.421763510527,211.905690202169,0.));
#12536=CARTESIAN_POINT('Ctrl Pts',(138.421763510527,211.905690202169,1.6));
#12537=CARTESIAN_POINT('Ctrl Pts',(138.63190917487,212.35395109623,0.));
#12538=CARTESIAN_POINT('Ctrl Pts',(138.63190917487,212.35395109623,1.6));
#12539=CARTESIAN_POINT('Ctrl Pts',(138.789540355215,212.823449353127,0.));
#12540=CARTESIAN_POINT('Ctrl Pts',(138.789540355215,212.823449353127,1.6));
#12541=CARTESIAN_POINT('Ctrl Pts',(138.892518152393,213.304706218071,0.));
#12542=CARTESIAN_POINT('Ctrl Pts',(138.892518152393,213.304706218071,1.6));
#12543=CARTESIAN_POINT('Ctrl Pts',(138.957466593949,213.608236534536,0.));
#12544=CARTESIAN_POINT('Ctrl Pts',(138.957466593949,213.608236534536,1.6));
#12545=CARTESIAN_POINT('Ctrl Pts',(139.0006846405,213.916474164358,0.));
#12546=CARTESIAN_POINT('Ctrl Pts',(139.0006846405,213.916474164358,1.6));
#12547=CARTESIAN_POINT('Ctrl Pts',(139.021646826688,214.227068232168,0.));
#12548=CARTESIAN_POINT('Ctrl Pts',(139.021646826688,214.227068232168,1.6));
#12549=CARTESIAN_POINT('Ctrl Pts',(139.02875028228,214.332319237391,0.));
#12550=CARTESIAN_POINT('Ctrl Pts',(139.02875028228,214.332319237391,1.6));
#12551=CARTESIAN_POINT('Ctrl Pts',(139.033297914466,214.437839836119,0.));
#12552=CARTESIAN_POINT('Ctrl Pts',(139.033297914466,214.437839836119,1.6));
#12553=CARTESIAN_POINT('Ctrl Pts',(139.035269450761,214.543534071649,0.));
#12554=CARTESIAN_POINT('Ctrl Pts',(139.035269450761,214.543534071649,1.6));
#12555=CARTESIAN_POINT('Ctrl Pts',(139.036020951078,214.583822070271,0.));
#12556=CARTESIAN_POINT('Ctrl Pts',(139.036020951078,214.583822070271,1.6));
#12557=CARTESIAN_POINT('Ctrl Pts',(139.036398981077,214.645819869577,0.));
#12558=CARTESIAN_POINT('Ctrl Pts',(139.036398981077,214.645819869577,1.6));
#12559=CARTESIAN_POINT('Ctrl Pts',(139.036399996283,214.664436401845,0.));
#12560=CARTESIAN_POINT('Ctrl Pts',(139.036399996283,214.664436401845,1.6));
#12561=CARTESIAN_POINT('Ctrl Pts',(139.036399997522,214.664459123539,0.));
#12562=CARTESIAN_POINT('Ctrl Pts',(139.036399997522,214.664459123539,1.6));
#12563=CARTESIAN_POINT('Ctrl Pts',(139.036399998761,214.664481845172,0.));
#12564=CARTESIAN_POINT('Ctrl Pts',(139.036399998761,214.664481845172,1.6));
#12565=CARTESIAN_POINT('Ctrl Pts',(139.0364,214.664504566828,0.));
#12566=CARTESIAN_POINT('Ctrl Pts',(139.0364,214.664504566828,1.6));
#12567=CARTESIAN_POINT('',(138.421763510515,211.905690202141,0.));
#12568=CARTESIAN_POINT('Ctrl Pts',(138.421763510528,211.905690202169,0.));
#12569=CARTESIAN_POINT('Ctrl Pts',(138.631909174871,212.353951096231,0.));
#12570=CARTESIAN_POINT('Ctrl Pts',(138.789540355215,212.823449353127,0.));
#12571=CARTESIAN_POINT('Ctrl Pts',(138.892518152393,213.304706218071,0.));
#12572=CARTESIAN_POINT('Ctrl Pts',(138.957466593949,213.608236534536,0.));
#12573=CARTESIAN_POINT('Ctrl Pts',(139.0006846405,213.916474164358,0.));
#12574=CARTESIAN_POINT('Ctrl Pts',(139.021646826688,214.227068232168,0.));
#12575=CARTESIAN_POINT('Ctrl Pts',(139.02875028228,214.332319237391,0.));
#12576=CARTESIAN_POINT('Ctrl Pts',(139.033297914466,214.437839836119,0.));
#12577=CARTESIAN_POINT('Ctrl Pts',(139.035269450761,214.543534071649,0.));
#12578=CARTESIAN_POINT('Ctrl Pts',(139.036020951078,214.583822070271,0.));
#12579=CARTESIAN_POINT('Ctrl Pts',(139.036398981077,214.645819869577,0.));
#12580=CARTESIAN_POINT('Ctrl Pts',(139.036399996283,214.664436401845,0.));
#12581=CARTESIAN_POINT('Ctrl Pts',(139.036399997522,214.664459123526,0.));
#12582=CARTESIAN_POINT('Ctrl Pts',(139.036399998761,214.664481845147,0.));
#12583=CARTESIAN_POINT('Ctrl Pts',(139.0364,214.66450456679,0.));
#12584=CARTESIAN_POINT('',(138.421763510515,211.905690202141,1.6));
#12585=CARTESIAN_POINT('Ctrl Pts',(138.421763510528,211.905690202169,1.6));
#12586=CARTESIAN_POINT('Ctrl Pts',(138.631909174871,212.353951096231,1.6));
#12587=CARTESIAN_POINT('Ctrl Pts',(138.789540355215,212.823449353127,1.6));
#12588=CARTESIAN_POINT('Ctrl Pts',(138.892518152393,213.304706218071,1.6));
#12589=CARTESIAN_POINT('Ctrl Pts',(138.957466593949,213.608236534536,1.6));
#12590=CARTESIAN_POINT('Ctrl Pts',(139.0006846405,213.916474164358,1.6));
#12591=CARTESIAN_POINT('Ctrl Pts',(139.021646826688,214.227068232168,1.6));
#12592=CARTESIAN_POINT('Ctrl Pts',(139.02875028228,214.332319237391,1.6));
#12593=CARTESIAN_POINT('Ctrl Pts',(139.033297914466,214.437839836119,1.6));
#12594=CARTESIAN_POINT('Ctrl Pts',(139.035269450761,214.543534071649,1.6));
#12595=CARTESIAN_POINT('Ctrl Pts',(139.036020951078,214.583822070271,1.6));
#12596=CARTESIAN_POINT('Ctrl Pts',(139.036398981077,214.645819869577,1.6));
#12597=CARTESIAN_POINT('Ctrl Pts',(139.036399996283,214.664436401845,1.6));
#12598=CARTESIAN_POINT('Ctrl Pts',(139.036399997522,214.664459123526,1.6));
#12599=CARTESIAN_POINT('Ctrl Pts',(139.036399998761,214.664481845147,1.6));
#12600=CARTESIAN_POINT('Ctrl Pts',(139.0364,214.66450456679,1.6));
#12601=CARTESIAN_POINT('',(138.421763510515,211.905690202141,0.));
#12602=CARTESIAN_POINT('Origin',(131.579334244433,197.308641100864,0.));
#12603=CARTESIAN_POINT('',(131.579334244433,197.308641100864,0.));
#12604=CARTESIAN_POINT('',(138.421763510515,211.905690202141,0.));
#12605=CARTESIAN_POINT('',(131.579334244433,197.308641100864,1.6));
#12606=CARTESIAN_POINT('',(138.421763510515,211.905690202141,1.6));
#12607=CARTESIAN_POINT('',(131.579334244433,197.308641100864,0.));
#12608=CARTESIAN_POINT('Ctrl Pts',(129.153025653073,194.564287945628,0.));
#12609=CARTESIAN_POINT('Ctrl Pts',(129.153025653073,194.564287945628,1.6));
#12610=CARTESIAN_POINT('Ctrl Pts',(129.153040209747,194.56429709601,0.));
#12611=CARTESIAN_POINT('Ctrl Pts',(129.153040209747,194.56429709601,1.6));
#12612=CARTESIAN_POINT('Ctrl Pts',(129.153054765558,194.564306245849,0.));
#12613=CARTESIAN_POINT('Ctrl Pts',(129.153054765558,194.564306245849,1.6));
#12614=CARTESIAN_POINT('Ctrl Pts',(129.153069320505,194.564315395145,0.));
#12615=CARTESIAN_POINT('Ctrl Pts',(129.153069320505,194.564315395145,1.6));
#12616=CARTESIAN_POINT('Ctrl Pts',(130.207960126311,195.227423842007,0.));
#12617=CARTESIAN_POINT('Ctrl Pts',(130.207960126311,195.227423842007,1.6));
#12618=CARTESIAN_POINT('Ctrl Pts',(131.050515782624,196.180430625823,0.));
#12619=CARTESIAN_POINT('Ctrl Pts',(131.050515782624,196.180430625823,1.6));
#12620=CARTESIAN_POINT('Ctrl Pts',(131.579334244433,197.308641100864,0.));
#12621=CARTESIAN_POINT('Ctrl Pts',(131.579334244433,197.308641100864,1.6));
#12622=CARTESIAN_POINT('',(129.153025653073,194.564287945628,0.));
#12623=CARTESIAN_POINT('Ctrl Pts',(129.153025653073,194.564287945628,0.));
#12624=CARTESIAN_POINT('Ctrl Pts',(129.153040209747,194.56429709601,0.));
#12625=CARTESIAN_POINT('Ctrl Pts',(129.153054765558,194.564306245849,0.));
#12626=CARTESIAN_POINT('Ctrl Pts',(129.153069320505,194.564315395145,0.));
#12627=CARTESIAN_POINT('Ctrl Pts',(130.207960126311,195.227423842007,0.));
#12628=CARTESIAN_POINT('Ctrl Pts',(131.050515782624,196.180430625823,0.));
#12629=CARTESIAN_POINT('Ctrl Pts',(131.579334244433,197.308641100864,0.));
#12630=CARTESIAN_POINT('',(129.153025653073,194.564287945628,1.6));
#12631=CARTESIAN_POINT('Ctrl Pts',(129.153025653073,194.564287945628,1.6));
#12632=CARTESIAN_POINT('Ctrl Pts',(129.153040209747,194.56429709601,1.6));
#12633=CARTESIAN_POINT('Ctrl Pts',(129.153054765558,194.564306245849,1.6));
#12634=CARTESIAN_POINT('Ctrl Pts',(129.153069320505,194.564315395145,1.6));
#12635=CARTESIAN_POINT('Ctrl Pts',(130.207960126311,195.227423842007,1.6));
#12636=CARTESIAN_POINT('Ctrl Pts',(131.050515782624,196.180430625823,1.6));
#12637=CARTESIAN_POINT('Ctrl Pts',(131.579334244433,197.308641100864,1.6));
#12638=CARTESIAN_POINT('',(129.153025653073,194.564287945628,0.));
#12639=CARTESIAN_POINT('Origin',(113.40149548116,184.663306126174,0.));
#12640=CARTESIAN_POINT('',(113.40149548116,184.663306126174,0.));
#12641=CARTESIAN_POINT('',(129.153025653073,194.564287945628,0.));
#12642=CARTESIAN_POINT('',(113.40149548116,184.663306126174,1.6));
#12643=CARTESIAN_POINT('',(129.153025653073,194.564287945628,1.6));
#12644=CARTESIAN_POINT('',(113.40149548116,184.663306126174,0.));
#12645=CARTESIAN_POINT('Ctrl Pts',(108.709533564433,183.784536504524,0.));
#12646=CARTESIAN_POINT('Ctrl Pts',(108.709533564433,183.784536504524,1.6));
#12647=CARTESIAN_POINT('Ctrl Pts',(110.327307505327,183.472008914216,0.));
#12648=CARTESIAN_POINT('Ctrl Pts',(110.327307505327,183.472008914216,1.6));
#12649=CARTESIAN_POINT('Ctrl Pts',(112.006474686234,183.786504826361,0.));
#12650=CARTESIAN_POINT('Ctrl Pts',(112.006474686234,183.786504826361,1.6));
#12651=CARTESIAN_POINT('Ctrl Pts',(113.401495477883,184.663306124114,0.));
#12652=CARTESIAN_POINT('Ctrl Pts',(113.401495477883,184.663306124114,1.6));
#12653=CARTESIAN_POINT('',(108.709533564433,183.784536504524,0.));
#12654=CARTESIAN_POINT('Ctrl Pts',(108.709533564433,183.784536504524,0.));
#12655=CARTESIAN_POINT('Ctrl Pts',(110.327307505327,183.472008914216,0.));
#12656=CARTESIAN_POINT('Ctrl Pts',(112.006474686234,183.786504826361,0.));
#12657=CARTESIAN_POINT('Ctrl Pts',(113.401495477883,184.663306124114,0.));
#12658=CARTESIAN_POINT('',(108.709533564433,183.784536504524,1.6));
#12659=CARTESIAN_POINT('Ctrl Pts',(108.709533564433,183.784536504524,1.6));
#12660=CARTESIAN_POINT('Ctrl Pts',(110.327307505327,183.472008914216,1.6));
#12661=CARTESIAN_POINT('Ctrl Pts',(112.006474686234,183.786504826361,1.6));
#12662=CARTESIAN_POINT('Ctrl Pts',(113.401495477883,184.663306124114,1.6));
#12663=CARTESIAN_POINT('',(108.709533564433,183.784536504524,0.));
#12664=CARTESIAN_POINT('Origin',(24.3032506548036,200.090252522297,0.));
#12665=CARTESIAN_POINT('',(24.3032506547852,200.0902525223,0.));
#12666=CARTESIAN_POINT('',(108.709533564433,183.784536504524,0.));
#12667=CARTESIAN_POINT('',(24.3032506547852,200.0902525223,1.6));
#12668=CARTESIAN_POINT('',(108.709533564433,183.784536504524,1.6));
#12669=CARTESIAN_POINT('',(24.3032506547852,200.0902525223,0.));
#12670=CARTESIAN_POINT('Ctrl Pts',(19.0363000000727,206.472338843138,0.));
#12671=CARTESIAN_POINT('Ctrl Pts',(19.0363000000727,206.472338843138,1.6));
#12672=CARTESIAN_POINT('Ctrl Pts',(19.036258637182,204.075476526635,0.));
#12673=CARTESIAN_POINT('Ctrl Pts',(19.036258637182,204.075476526635,1.6));
#12674=CARTESIAN_POINT('Ctrl Pts',(20.3584540710167,201.91066603963,0.));
#12675=CARTESIAN_POINT('Ctrl Pts',(20.3584540710167,201.91066603963,1.6));
#12676=CARTESIAN_POINT('Ctrl Pts',(22.3839234186124,200.787389335364,0.));
#12677=CARTESIAN_POINT('Ctrl Pts',(22.3839234186124,200.787389335364,1.6));
#12678=CARTESIAN_POINT('Ctrl Pts',(22.9717873668636,200.461374093943,0.));
#12679=CARTESIAN_POINT('Ctrl Pts',(22.9717873668636,200.461374093943,1.6));
#12680=CARTESIAN_POINT('Ctrl Pts',(23.6202255876651,200.22221846935,0.));
#12681=CARTESIAN_POINT('Ctrl Pts',(23.6202255876651,200.22221846935,1.6));
#12682=CARTESIAN_POINT('Ctrl Pts',(24.3032506550656,200.090252522246,0.));
#12683=CARTESIAN_POINT('Ctrl Pts',(24.3032506550656,200.090252522246,1.6));
#12684=CARTESIAN_POINT('',(19.0363000000727,206.472338843142,0.));
#12685=CARTESIAN_POINT('Ctrl Pts',(19.0363000000727,206.472338843135,0.));
#12686=CARTESIAN_POINT('Ctrl Pts',(19.0362586371833,204.075476526632,0.));
#12687=CARTESIAN_POINT('Ctrl Pts',(20.3584540710177,201.910666039629,0.));
#12688=CARTESIAN_POINT('Ctrl Pts',(22.3839234186124,200.787389335364,0.));
#12689=CARTESIAN_POINT('Ctrl Pts',(22.9717873668692,200.46137409394,0.));
#12690=CARTESIAN_POINT('Ctrl Pts',(23.6202255876775,200.222218469345,0.));
#12691=CARTESIAN_POINT('Ctrl Pts',(24.3032506550852,200.090252522242,0.));
#12692=CARTESIAN_POINT('',(19.0363000000727,206.472338843142,1.6));
#12693=CARTESIAN_POINT('Ctrl Pts',(19.0363000000727,206.472338843135,1.6));
#12694=CARTESIAN_POINT('Ctrl Pts',(19.0362586371833,204.075476526632,1.6));
#12695=CARTESIAN_POINT('Ctrl Pts',(20.3584540710177,201.910666039629,1.6));
#12696=CARTESIAN_POINT('Ctrl Pts',(22.3839234186124,200.787389335364,1.6));
#12697=CARTESIAN_POINT('Ctrl Pts',(22.9717873668692,200.46137409394,1.6));
#12698=CARTESIAN_POINT('Ctrl Pts',(23.6202255876775,200.222218469345,1.6));
#12699=CARTESIAN_POINT('Ctrl Pts',(24.3032506550852,200.090252522242,1.6));
#12700=CARTESIAN_POINT('',(19.0363000000727,206.472338843142,0.));
#12701=CARTESIAN_POINT('Origin',(19.0363000003634,255.447649563467,0.));
#12702=CARTESIAN_POINT('',(19.0363000003634,255.447649563467,0.));
#12703=CARTESIAN_POINT('',(19.0363000000727,206.472338843142,0.));
#12704=CARTESIAN_POINT('',(19.0363000003634,255.447649563467,1.6));
#12705=CARTESIAN_POINT('',(19.0363000000727,206.472338843142,1.6));
#12706=CARTESIAN_POINT('',(19.0363000003634,255.447649563467,0.));
#12707=CARTESIAN_POINT('Ctrl Pts',(21.7714911415924,260.746442871374,0.));
#12708=CARTESIAN_POINT('Ctrl Pts',(21.7714911415924,260.746442871374,1.6));
#12709=CARTESIAN_POINT('Ctrl Pts',(20.0584308031711,259.529287349342,0.));
#12710=CARTESIAN_POINT('Ctrl Pts',(20.0584308031711,259.529287349342,1.6));
#12711=CARTESIAN_POINT('Ctrl Pts',(19.0362697177776,257.54908364688,0.));
#12712=CARTESIAN_POINT('Ctrl Pts',(19.0362697177776,257.54908364688,1.6));
#12713=CARTESIAN_POINT('Ctrl Pts',(19.0363000003634,255.447649563467,0.));
#12714=CARTESIAN_POINT('Ctrl Pts',(19.0363000003634,255.447649563467,1.6));
#12715=CARTESIAN_POINT('',(21.7714911415924,260.746442871374,0.));
#12716=CARTESIAN_POINT('Ctrl Pts',(21.7714911415924,260.746442871374,0.));
#12717=CARTESIAN_POINT('Ctrl Pts',(20.0584308031711,259.529287349342,0.));
#12718=CARTESIAN_POINT('Ctrl Pts',(19.0362697177776,257.54908364688,0.));
#12719=CARTESIAN_POINT('Ctrl Pts',(19.0363000003634,255.447649563467,0.));
#12720=CARTESIAN_POINT('',(21.7714911415924,260.746442871374,1.6));
#12721=CARTESIAN_POINT('Ctrl Pts',(21.7714911415924,260.746442871374,1.6));
#12722=CARTESIAN_POINT('Ctrl Pts',(20.0584308031711,259.529287349342,1.6));
#12723=CARTESIAN_POINT('Ctrl Pts',(19.0362697177776,257.54908364688,1.6));
#12724=CARTESIAN_POINT('Ctrl Pts',(19.0363000003634,255.447649563467,1.6));
#12725=CARTESIAN_POINT('',(21.7714911415924,260.746442871374,0.));
#12726=CARTESIAN_POINT('Origin',(39.2796164621803,273.18638980888,0.));
#12727=CARTESIAN_POINT('',(39.2796164621803,273.18638980888,0.));
#12728=CARTESIAN_POINT('',(21.7714911415924,260.746442871374,0.));
#12729=CARTESIAN_POINT('',(39.2796164621803,273.18638980888,1.6));
#12730=CARTESIAN_POINT('',(21.7714911415924,260.746442871374,1.6));
#12731=CARTESIAN_POINT('',(39.2796164621803,273.18638980888,0.));
#12732=CARTESIAN_POINT('Ctrl Pts',(40.3306807210427,273.794137398655,0.));
#12733=CARTESIAN_POINT('Ctrl Pts',(40.3306807210427,273.794137398655,1.6));
#12734=CARTESIAN_POINT('Ctrl Pts',(40.3306664756323,273.794130852769,0.));
#12735=CARTESIAN_POINT('Ctrl Pts',(40.3306664756323,273.794130852769,1.6));
#12736=CARTESIAN_POINT('Ctrl Pts',(40.3306522302092,273.794124306878,0.));
#12737=CARTESIAN_POINT('Ctrl Pts',(40.3306522302092,273.794124306878,1.6));
#12738=CARTESIAN_POINT('Ctrl Pts',(40.3306379848576,273.794117761019,0.));
#12739=CARTESIAN_POINT('Ctrl Pts',(40.3306379848576,273.794117761019,1.6));
#12740=CARTESIAN_POINT('Ctrl Pts',(40.3132754166189,273.786139515115,0.));
#12741=CARTESIAN_POINT('Ctrl Pts',(40.3132754166189,273.786139515115,1.6));
#12742=CARTESIAN_POINT('Ctrl Pts',(40.2555579225284,273.75918270374,0.));
#12743=CARTESIAN_POINT('Ctrl Pts',(40.2555579225284,273.75918270374,1.6));
#12744=CARTESIAN_POINT('Ctrl Pts',(40.2182735058614,273.741179656245,0.));
#12745=CARTESIAN_POINT('Ctrl Pts',(40.2182735058614,273.741179656245,1.6));
#12746=CARTESIAN_POINT('Ctrl Pts',(39.8904609238875,273.582893004338,0.));
#12747=CARTESIAN_POINT('Ctrl Pts',(39.8904609238875,273.582893004338,1.6));
#12748=CARTESIAN_POINT('Ctrl Pts',(39.5764647581954,273.397318873152,0.));
#12749=CARTESIAN_POINT('Ctrl Pts',(39.5764647581954,273.397318873152,1.6));
#12750=CARTESIAN_POINT('Ctrl Pts',(39.2796164621803,273.18638980888,0.));
#12751=CARTESIAN_POINT('Ctrl Pts',(39.2796164621803,273.18638980888,1.6));
#12752=CARTESIAN_POINT('Ctrl Pts',(40.3306807210427,273.794137398655,0.));
#12753=CARTESIAN_POINT('Ctrl Pts',(40.3306664756323,273.794130852769,0.));
#12754=CARTESIAN_POINT('Ctrl Pts',(40.3306522302092,273.794124306878,0.));
#12755=CARTESIAN_POINT('Ctrl Pts',(40.3306379848576,273.794117761019,0.));
#12756=CARTESIAN_POINT('Ctrl Pts',(40.3132754166189,273.786139515115,0.));
#12757=CARTESIAN_POINT('Ctrl Pts',(40.2555579225284,273.75918270374,0.));
#12758=CARTESIAN_POINT('Ctrl Pts',(40.2182735058614,273.741179656245,0.));
#12759=CARTESIAN_POINT('Ctrl Pts',(39.8904609238875,273.582893004338,0.));
#12760=CARTESIAN_POINT('Ctrl Pts',(39.5764647581954,273.397318873152,0.));
#12761=CARTESIAN_POINT('Ctrl Pts',(39.2796164621803,273.18638980888,0.));
#12762=CARTESIAN_POINT('Ctrl Pts',(40.3306807210415,273.794137398654,1.6));
#12763=CARTESIAN_POINT('Ctrl Pts',(40.3306664756316,273.794130852769,1.6));
#12764=CARTESIAN_POINT('Ctrl Pts',(40.3306522302088,273.794124306878,1.6));
#12765=CARTESIAN_POINT('Ctrl Pts',(40.3306379848576,273.794117761019,1.6));
#12766=CARTESIAN_POINT('Ctrl Pts',(40.3132754166189,273.786139515115,1.6));
#12767=CARTESIAN_POINT('Ctrl Pts',(40.2555579225284,273.75918270374,1.6));
#12768=CARTESIAN_POINT('Ctrl Pts',(40.2182735058614,273.741179656245,1.6));
#12769=CARTESIAN_POINT('Ctrl Pts',(39.8904609238875,273.582893004338,1.6));
#12770=CARTESIAN_POINT('Ctrl Pts',(39.5764647581954,273.397318873152,1.6));
#12771=CARTESIAN_POINT('Ctrl Pts',(39.2796164621803,273.18638980888,1.6));
#12772=CARTESIAN_POINT('Origin',(79.0361811760341,232.988864444325,1.6));
#12773=CARTESIAN_POINT('Origin',(79.0361811760341,232.988864444325,0.));
#12774=UNCERTAINTY_MEASURE_WITH_UNIT(LENGTH_MEASURE(0.01),#12778,
'DISTANCE_ACCURACY_VALUE',
'Maximum model space distance between geometric entities at asserted c
onnectivities');
#12775=UNCERTAINTY_MEASURE_WITH_UNIT(LENGTH_MEASURE(0.01),#12778,
'DISTANCE_ACCURACY_VALUE',
'Maximum model space distance between geometric entities at asserted c
onnectivities');
#12776=(
GEOMETRIC_REPRESENTATION_CONTEXT(3)
GLOBAL_UNCERTAINTY_ASSIGNED_CONTEXT((#12774))
GLOBAL_UNIT_ASSIGNED_CONTEXT((#12778,#12780,#12781))
REPRESENTATION_CONTEXT('','3D')
);
#12777=(
GEOMETRIC_REPRESENTATION_CONTEXT(3)
GLOBAL_UNCERTAINTY_ASSIGNED_CONTEXT((#12775))
GLOBAL_UNIT_ASSIGNED_CONTEXT((#12778,#12780,#12781))
REPRESENTATION_CONTEXT('','3D')
);
#12778=(
LENGTH_UNIT()
NAMED_UNIT(*)
SI_UNIT(.MILLI.,.METRE.)
);
#12779=(
LENGTH_UNIT()
NAMED_UNIT(*)
SI_UNIT($,.METRE.)
);
#12780=(
NAMED_UNIT(*)
PLANE_ANGLE_UNIT()
SI_UNIT($,.RADIAN.)
);
#12781=(
NAMED_UNIT(*)
SI_UNIT($,.STERADIAN.)
SOLID_ANGLE_UNIT()
);
#12782=SHAPE_DEFINITION_REPRESENTATION(#12783,#12784);
#12783=PRODUCT_DEFINITION_SHAPE('',$,#12786);
#12784=SHAPE_REPRESENTATION('',(#6519),#12776);
#12785=PRODUCT_DEFINITION_CONTEXT('part definition',#12790,'design');
#12786=PRODUCT_DEFINITION('2026-03-20-20-22-17-701','Untitled',#12787,#12785);
#12787=PRODUCT_DEFINITION_FORMATION('',$,#12792);
#12788=PRODUCT_RELATED_PRODUCT_CATEGORY('Untitled','Untitled',(#12792));
#12789=APPLICATION_PROTOCOL_DEFINITION('international standard',
'automotive_design',2009,#12790);
#12790=APPLICATION_CONTEXT(
'Core Data for Automotive Mechanical Design Process');
#12791=PRODUCT_CONTEXT('part definition',#12790,'mechanical');
#12792=PRODUCT('2026-03-20-20-22-17-701','Untitled',$,(#12791));
#12793=PRESENTATION_STYLE_ASSIGNMENT((#12794));
#12794=SURFACE_STYLE_USAGE(.BOTH.,#12795);
#12795=SURFACE_SIDE_STYLE('',(#12796));
#12796=SURFACE_STYLE_FILL_AREA(#12797);
#12797=FILL_AREA_STYLE('Steel - Satin',(#12798));
#12798=FILL_AREA_STYLE_COLOUR('Steel - Satin',#12799);
#12799=COLOUR_RGB('Steel - Satin',0.627450980392157,0.627450980392157,0.627450980392157);
ENDSEC;
END-ISO-10303-21;
