ISO-10303-21;
HEADER;
/* Generated by software containing ST-Developer
 * from STEP Tools, Inc. (www.steptools.com) 
 */

FILE_DESCRIPTION(
/* description */ (''),
/* implementation_level */ '2;1');

FILE_NAME(
/* name */ 'Rn.step',
/* time_stamp */ '2026-03-20T21:31:09-04:00',
/* author */ (''),
/* organization */ (''),
/* preprocessor_version */ 'ST-DEVELOPER v20.1',
/* originating_system */ 'Autodesk Translation Framework v14.24.0.0',
/* authorisation */ '');

FILE_SCHEMA (('AUTOMOTIVE_DESIGN { 1 0 10303 214 3 1 1 }'));
ENDSEC;

DATA;
#10=MECHANICAL_DESIGN_GEOMETRIC_PRESENTATION_REPRESENTATION('',(#13,#14),
#12741);
#11=SHAPE_REPRESENTATION_RELATIONSHIP('SRR','None',#12748,#12);
#12=ADVANCED_BREP_SHAPE_REPRESENTATION('',(#15,#16),#12740);
#13=STYLED_ITEM('',(#12757),#15);
#14=STYLED_ITEM('',(#12757),#16);
#15=MANIFOLD_SOLID_BREP('Body1',#6664);
#16=MANIFOLD_SOLID_BREP('Body3',#6665);
#17=CYLINDRICAL_SURFACE('',#6768,3.50000000000001);
#18=CYLINDRICAL_SURFACE('',#6788,1.00000000000002);
#19=CYLINDRICAL_SURFACE('',#6801,3.50000000000001);
#20=B_SPLINE_SURFACE_WITH_KNOTS('',3,1,((#8835,#8836),(#8837,#8838),(#8839,
#8840),(#8841,#8842)),.UNSPECIFIED.,.F.,.F.,.F.,(4,4),(2,2),(-1.,0.),(0.,
0.16),.UNSPECIFIED.);
#21=B_SPLINE_SURFACE_WITH_KNOTS('',3,1,((#8849,#8850),(#8851,#8852),(#8853,
#8854),(#8855,#8856)),.UNSPECIFIED.,.F.,.F.,.F.,(4,4),(2,2),(-1.,0.),(0.,
0.16),.UNSPECIFIED.);
#22=B_SPLINE_SURFACE_WITH_KNOTS('',3,1,((#8867,#8868),(#8869,#8870),(#8871,
#8872),(#8873,#8874)),.UNSPECIFIED.,.F.,.F.,.F.,(4,4),(2,2),(-1.,0.),(0.,
0.16),.UNSPECIFIED.);
#23=B_SPLINE_SURFACE_WITH_KNOTS('',3,1,((#8881,#8882),(#8883,#8884),(#8885,
#8886),(#8887,#8888)),.UNSPECIFIED.,.F.,.F.,.F.,(4,4),(2,2),(-1.,0.),(0.,
0.16),.UNSPECIFIED.);
#24=B_SPLINE_SURFACE_WITH_KNOTS('',3,1,((#8899,#8900),(#8901,#8902),(#8903,
#8904),(#8905,#8906)),.UNSPECIFIED.,.F.,.F.,.F.,(4,4),(2,2),(-1.,0.),(0.,
0.16),.UNSPECIFIED.);
#25=B_SPLINE_SURFACE_WITH_KNOTS('',3,1,((#8913,#8914),(#8915,#8916),(#8917,
#8918),(#8919,#8920)),.UNSPECIFIED.,.F.,.F.,.F.,(4,4),(2,2),(-1.,0.),(0.,
0.16),.UNSPECIFIED.);
#26=B_SPLINE_SURFACE_WITH_KNOTS('',3,1,((#8931,#8932),(#8933,#8934),(#8935,
#8936),(#8937,#8938)),.UNSPECIFIED.,.F.,.F.,.F.,(4,4),(2,2),(-1.,0.),(0.,
0.16),.UNSPECIFIED.);
#27=B_SPLINE_SURFACE_WITH_KNOTS('',3,1,((#8945,#8946),(#8947,#8948),(#8949,
#8950),(#8951,#8952)),.UNSPECIFIED.,.F.,.F.,.F.,(4,4),(2,2),(-1.,0.),(0.,
0.16),.UNSPECIFIED.);
#28=B_SPLINE_SURFACE_WITH_KNOTS('',3,1,((#8983,#8984),(#8985,#8986),(#8987,
#8988),(#8989,#8990)),.UNSPECIFIED.,.F.,.F.,.F.,(4,4),(2,2),(-1.,0.),(0.,
0.16),.UNSPECIFIED.);
#29=B_SPLINE_SURFACE_WITH_KNOTS('',3,1,((#8999,#9000),(#9001,#9002),(#9003,
#9004),(#9005,#9006)),.UNSPECIFIED.,.F.,.F.,.F.,(4,4),(2,2),(-1.,0.),(0.,
0.16),.UNSPECIFIED.);
#30=B_SPLINE_SURFACE_WITH_KNOTS('',3,1,((#9013,#9014),(#9015,#9016),(#9017,
#9018),(#9019,#9020)),.UNSPECIFIED.,.F.,.F.,.F.,(4,4),(2,2),(-1.,0.),(0.,
0.16),.UNSPECIFIED.);
#31=B_SPLINE_SURFACE_WITH_KNOTS('',3,1,((#9027,#9028),(#9029,#9030),(#9031,
#9032),(#9033,#9034)),.UNSPECIFIED.,.F.,.F.,.F.,(4,4),(2,2),(-1.,0.),(0.,
0.16),.UNSPECIFIED.);
#32=B_SPLINE_SURFACE_WITH_KNOTS('',3,1,((#9041,#9042),(#9043,#9044),(#9045,
#9046),(#9047,#9048)),.UNSPECIFIED.,.F.,.F.,.F.,(4,4),(2,2),(-1.,0.),(0.,
0.16),.UNSPECIFIED.);
#33=B_SPLINE_SURFACE_WITH_KNOTS('',3,1,((#9055,#9056),(#9057,#9058),(#9059,
#9060),(#9061,#9062)),.UNSPECIFIED.,.F.,.F.,.F.,(4,4),(2,2),(-1.,0.),(0.,
0.16),.UNSPECIFIED.);
#34=B_SPLINE_SURFACE_WITH_KNOTS('',3,1,((#9067,#9068),(#9069,#9070),(#9071,
#9072),(#9073,#9074)),.UNSPECIFIED.,.F.,.F.,.F.,(4,4),(2,2),(-1.,0.),(0.,
0.16),.UNSPECIFIED.);
#35=B_SPLINE_SURFACE_WITH_KNOTS('',3,1,((#9083,#9084),(#9085,#9086),(#9087,
#9088),(#9089,#9090)),.UNSPECIFIED.,.F.,.F.,.F.,(4,4),(2,2),(-1.,0.),(0.,
0.16),.UNSPECIFIED.);
#36=B_SPLINE_SURFACE_WITH_KNOTS('',3,1,((#9097,#9098),(#9099,#9100),(#9101,
#9102),(#9103,#9104)),.UNSPECIFIED.,.F.,.F.,.F.,(4,4),(2,2),(-1.,0.),(0.,
0.16),.UNSPECIFIED.);
#37=B_SPLINE_SURFACE_WITH_KNOTS('',3,1,((#9111,#9112),(#9113,#9114),(#9115,
#9116),(#9117,#9118)),.UNSPECIFIED.,.F.,.F.,.F.,(4,4),(2,2),(-1.,0.),(0.,
0.16),.UNSPECIFIED.);
#38=B_SPLINE_SURFACE_WITH_KNOTS('',3,1,((#9125,#9126),(#9127,#9128),(#9129,
#9130),(#9131,#9132)),.UNSPECIFIED.,.F.,.F.,.F.,(4,4),(2,2),(-1.,0.),(0.,
0.16),.UNSPECIFIED.);
#39=B_SPLINE_SURFACE_WITH_KNOTS('',3,1,((#9137,#9138),(#9139,#9140),(#9141,
#9142),(#9143,#9144)),.UNSPECIFIED.,.F.,.F.,.F.,(4,4),(2,2),(-1.,0.),(0.,
0.16),.UNSPECIFIED.);
#40=B_SPLINE_SURFACE_WITH_KNOTS('',3,1,((#9153,#9154),(#9155,#9156),(#9157,
#9158),(#9159,#9160)),.UNSPECIFIED.,.F.,.F.,.F.,(4,4),(2,2),(-1.,0.),(0.,
0.16),.UNSPECIFIED.);
#41=B_SPLINE_SURFACE_WITH_KNOTS('',3,1,((#9167,#9168),(#9169,#9170),(#9171,
#9172),(#9173,#9174)),.UNSPECIFIED.,.F.,.F.,.F.,(4,4),(2,2),(-1.,0.),(0.,
0.16),.UNSPECIFIED.);
#42=B_SPLINE_SURFACE_WITH_KNOTS('',3,1,((#9181,#9182),(#9183,#9184),(#9185,
#9186),(#9187,#9188)),.UNSPECIFIED.,.F.,.F.,.F.,(4,4),(2,2),(-1.,0.),(0.,
0.16),.UNSPECIFIED.);
#43=B_SPLINE_SURFACE_WITH_KNOTS('',3,1,((#9195,#9196),(#9197,#9198),(#9199,
#9200),(#9201,#9202)),.UNSPECIFIED.,.F.,.F.,.F.,(4,4),(2,2),(-1.,0.),(0.,
0.16),.UNSPECIFIED.);
#44=B_SPLINE_SURFACE_WITH_KNOTS('',3,1,((#9209,#9210),(#9211,#9212),(#9213,
#9214),(#9215,#9216)),.UNSPECIFIED.,.F.,.F.,.F.,(4,4),(2,2),(-1.,0.),(0.,
0.16),.UNSPECIFIED.);
#45=B_SPLINE_SURFACE_WITH_KNOTS('',3,1,((#9221,#9222),(#9223,#9224),(#9225,
#9226),(#9227,#9228)),.UNSPECIFIED.,.F.,.F.,.F.,(4,4),(2,2),(-1.,0.),(0.,
0.16),.UNSPECIFIED.);
#46=B_SPLINE_SURFACE_WITH_KNOTS('',3,1,((#9237,#9238),(#9239,#9240),(#9241,
#9242),(#9243,#9244)),.UNSPECIFIED.,.F.,.F.,.F.,(4,4),(2,2),(-1.,0.),(0.,
0.16),.UNSPECIFIED.);
#47=B_SPLINE_SURFACE_WITH_KNOTS('',3,1,((#9251,#9252),(#9253,#9254),(#9255,
#9256),(#9257,#9258)),.UNSPECIFIED.,.F.,.F.,.F.,(4,4),(2,2),(-1.,0.),(0.,
0.16),.UNSPECIFIED.);
#48=B_SPLINE_SURFACE_WITH_KNOTS('',3,1,((#9265,#9266),(#9267,#9268),(#9269,
#9270),(#9271,#9272)),.UNSPECIFIED.,.F.,.F.,.F.,(4,4),(2,2),(-1.,0.),(0.,
0.16),.UNSPECIFIED.);
#49=B_SPLINE_SURFACE_WITH_KNOTS('',3,1,((#9279,#9280),(#9281,#9282),(#9283,
#9284),(#9285,#9286)),.UNSPECIFIED.,.F.,.F.,.F.,(4,4),(2,2),(-1.,0.),(0.,
0.16),.UNSPECIFIED.);
#50=B_SPLINE_SURFACE_WITH_KNOTS('',3,1,((#9293,#9294),(#9295,#9296),(#9297,
#9298),(#9299,#9300)),.UNSPECIFIED.,.F.,.F.,.F.,(4,4),(2,2),(-1.,0.),(0.,
0.16),.UNSPECIFIED.);
#51=B_SPLINE_SURFACE_WITH_KNOTS('',3,1,((#9305,#9306),(#9307,#9308),(#9309,
#9310),(#9311,#9312)),.UNSPECIFIED.,.F.,.F.,.F.,(4,4),(2,2),(-1.,0.),(0.,
0.16),.UNSPECIFIED.);
#52=B_SPLINE_SURFACE_WITH_KNOTS('',3,1,((#9321,#9322),(#9323,#9324),(#9325,
#9326),(#9327,#9328)),.UNSPECIFIED.,.F.,.F.,.F.,(4,4),(2,2),(-1.,0.),(0.,
0.16),.UNSPECIFIED.);
#53=B_SPLINE_SURFACE_WITH_KNOTS('',3,1,((#9335,#9336),(#9337,#9338),(#9339,
#9340),(#9341,#9342)),.UNSPECIFIED.,.F.,.F.,.F.,(4,4),(2,2),(-1.,0.),(0.,
0.16),.UNSPECIFIED.);
#54=B_SPLINE_SURFACE_WITH_KNOTS('',3,1,((#9349,#9350),(#9351,#9352),(#9353,
#9354),(#9355,#9356)),.UNSPECIFIED.,.F.,.F.,.F.,(4,4),(2,2),(-1.,0.),(0.,
0.16),.UNSPECIFIED.);
#55=B_SPLINE_SURFACE_WITH_KNOTS('',3,1,((#9363,#9364),(#9365,#9366),(#9367,
#9368),(#9369,#9370)),.UNSPECIFIED.,.F.,.F.,.F.,(4,4),(2,2),(-1.,0.),(0.,
0.16),.UNSPECIFIED.);
#56=B_SPLINE_SURFACE_WITH_KNOTS('',3,1,((#9377,#9378),(#9379,#9380),(#9381,
#9382),(#9383,#9384)),.UNSPECIFIED.,.F.,.F.,.F.,(4,4),(2,2),(-1.,0.),(0.,
0.16),.UNSPECIFIED.);
#57=B_SPLINE_SURFACE_WITH_KNOTS('',3,1,((#9395,#9396),(#9397,#9398),(#9399,
#9400),(#9401,#9402)),.UNSPECIFIED.,.F.,.F.,.F.,(4,4),(2,2),(-1.,0.),(0.,
0.16),.UNSPECIFIED.);
#58=B_SPLINE_SURFACE_WITH_KNOTS('',3,1,((#9413,#9414),(#9415,#9416),(#9417,
#9418),(#9419,#9420)),.UNSPECIFIED.,.F.,.F.,.F.,(4,4),(2,2),(-1.,0.),(0.,
0.16),.UNSPECIFIED.);
#59=B_SPLINE_SURFACE_WITH_KNOTS('',3,1,((#9431,#9432),(#9433,#9434),(#9435,
#9436),(#9437,#9438)),.UNSPECIFIED.,.F.,.F.,.F.,(4,4),(2,2),(-1.,0.),(0.,
0.16),.UNSPECIFIED.);
#60=B_SPLINE_SURFACE_WITH_KNOTS('',3,1,((#9449,#9450),(#9451,#9452),(#9453,
#9454),(#9455,#9456)),.UNSPECIFIED.,.F.,.F.,.F.,(4,4),(2,2),(-1.,0.),(0.,
0.16),.UNSPECIFIED.);
#61=B_SPLINE_SURFACE_WITH_KNOTS('',3,1,((#9477,#9478),(#9479,#9480),(#9481,
#9482),(#9483,#9484)),.UNSPECIFIED.,.F.,.F.,.F.,(4,4),(2,2),(-1.,0.),(0.,
0.16),.UNSPECIFIED.);
#62=B_SPLINE_SURFACE_WITH_KNOTS('',3,1,((#9493,#9494),(#9495,#9496),(#9497,
#9498),(#9499,#9500)),.UNSPECIFIED.,.F.,.F.,.F.,(4,4),(2,2),(-1.,0.),(0.,
0.16),.UNSPECIFIED.);
#63=B_SPLINE_SURFACE_WITH_KNOTS('',3,1,((#9507,#9508),(#9509,#9510),(#9511,
#9512),(#9513,#9514)),.UNSPECIFIED.,.F.,.F.,.F.,(4,4),(2,2),(-1.,0.),(0.,
0.16),.UNSPECIFIED.);
#64=B_SPLINE_SURFACE_WITH_KNOTS('',3,1,((#9521,#9522),(#9523,#9524),(#9525,
#9526),(#9527,#9528)),.UNSPECIFIED.,.F.,.F.,.F.,(4,4),(2,2),(-1.,0.),(0.,
0.16),.UNSPECIFIED.);
#65=B_SPLINE_SURFACE_WITH_KNOTS('',3,1,((#9535,#9536),(#9537,#9538),(#9539,
#9540),(#9541,#9542)),.UNSPECIFIED.,.F.,.F.,.F.,(4,4),(2,2),(-1.,0.),(0.,
0.16),.UNSPECIFIED.);
#66=B_SPLINE_SURFACE_WITH_KNOTS('',3,1,((#9549,#9550),(#9551,#9552),(#9553,
#9554),(#9555,#9556)),.UNSPECIFIED.,.F.,.F.,.F.,(4,4),(2,2),(-1.,0.),(0.,
0.16),.UNSPECIFIED.);
#67=B_SPLINE_SURFACE_WITH_KNOTS('',3,1,((#9561,#9562),(#9563,#9564),(#9565,
#9566),(#9567,#9568)),.UNSPECIFIED.,.F.,.F.,.F.,(4,4),(2,2),(-1.,0.),(0.,
0.16),.UNSPECIFIED.);
#68=B_SPLINE_SURFACE_WITH_KNOTS('',3,1,((#9577,#9578),(#9579,#9580),(#9581,
#9582),(#9583,#9584)),.UNSPECIFIED.,.F.,.F.,.F.,(4,4),(2,2),(-1.,0.),(0.,
0.16),.UNSPECIFIED.);
#69=B_SPLINE_SURFACE_WITH_KNOTS('',3,1,((#9591,#9592),(#9593,#9594),(#9595,
#9596),(#9597,#9598)),.UNSPECIFIED.,.F.,.F.,.F.,(4,4),(2,2),(-1.,0.),(0.,
0.16),.UNSPECIFIED.);
#70=B_SPLINE_SURFACE_WITH_KNOTS('',3,1,((#9605,#9606),(#9607,#9608),(#9609,
#9610),(#9611,#9612)),.UNSPECIFIED.,.F.,.F.,.F.,(4,4),(2,2),(-1.,0.),(0.,
0.16),.UNSPECIFIED.);
#71=B_SPLINE_SURFACE_WITH_KNOTS('',3,1,((#9619,#9620),(#9621,#9622),(#9623,
#9624),(#9625,#9626)),.UNSPECIFIED.,.F.,.F.,.F.,(4,4),(2,2),(-1.,0.),(0.,
0.16),.UNSPECIFIED.);
#72=B_SPLINE_SURFACE_WITH_KNOTS('',3,1,((#9633,#9634),(#9635,#9636),(#9637,
#9638),(#9639,#9640)),.UNSPECIFIED.,.F.,.F.,.F.,(4,4),(2,2),(-1.,0.),(0.,
0.16),.UNSPECIFIED.);
#73=B_SPLINE_SURFACE_WITH_KNOTS('',3,1,((#9651,#9652),(#9653,#9654),(#9655,
#9656),(#9657,#9658)),.UNSPECIFIED.,.F.,.F.,.F.,(4,4),(2,2),(-1.,0.),(0.,
0.16),.UNSPECIFIED.);
#74=B_SPLINE_SURFACE_WITH_KNOTS('',3,1,((#9665,#9666),(#9667,#9668),(#9669,
#9670),(#9671,#9672)),.UNSPECIFIED.,.F.,.F.,.F.,(4,4),(2,2),(-1.,0.),(0.,
0.16),.UNSPECIFIED.);
#75=B_SPLINE_SURFACE_WITH_KNOTS('',3,1,((#9683,#9684),(#9685,#9686),(#9687,
#9688),(#9689,#9690)),.UNSPECIFIED.,.F.,.F.,.F.,(4,4),(2,2),(-1.,0.),(0.,
0.16),.UNSPECIFIED.);
#76=B_SPLINE_SURFACE_WITH_KNOTS('',3,1,((#9697,#9698),(#9699,#9700),(#9701,
#9702),(#9703,#9704)),.UNSPECIFIED.,.F.,.F.,.F.,(4,4),(2,2),(-1.,0.),(0.,
0.16),.UNSPECIFIED.);
#77=B_SPLINE_SURFACE_WITH_KNOTS('',3,1,((#9715,#9716),(#9717,#9718),(#9719,
#9720),(#9721,#9722)),.UNSPECIFIED.,.F.,.F.,.F.,(4,4),(2,2),(-1.,0.),(0.,
0.16),.UNSPECIFIED.);
#78=B_SPLINE_SURFACE_WITH_KNOTS('',3,1,((#9729,#9730),(#9731,#9732),(#9733,
#9734),(#9735,#9736)),.UNSPECIFIED.,.F.,.F.,.F.,(4,4),(2,2),(-1.,0.),(0.,
0.16),.UNSPECIFIED.);
#79=B_SPLINE_SURFACE_WITH_KNOTS('',3,1,((#9747,#9748),(#9749,#9750),(#9751,
#9752),(#9753,#9754)),.UNSPECIFIED.,.F.,.F.,.F.,(4,4),(2,2),(-1.,0.),(0.,
0.16),.UNSPECIFIED.);
#80=B_SPLINE_SURFACE_WITH_KNOTS('',3,1,((#9761,#9762),(#9763,#9764),(#9765,
#9766),(#9767,#9768)),.UNSPECIFIED.,.F.,.F.,.F.,(4,4),(2,2),(-1.,0.),(0.,
0.16),.UNSPECIFIED.);
#81=B_SPLINE_SURFACE_WITH_KNOTS('',3,1,((#9779,#9780),(#9781,#9782),(#9783,
#9784),(#9785,#9786)),.UNSPECIFIED.,.F.,.F.,.F.,(4,4),(2,2),(-1.,0.),(0.,
0.16),.UNSPECIFIED.);
#82=B_SPLINE_SURFACE_WITH_KNOTS('',3,1,((#9793,#9794),(#9795,#9796),(#9797,
#9798),(#9799,#9800)),.UNSPECIFIED.,.F.,.F.,.F.,(4,4),(2,2),(-1.,0.),(0.,
0.16),.UNSPECIFIED.);
#83=B_SPLINE_SURFACE_WITH_KNOTS('',3,1,((#9811,#9812),(#9813,#9814),(#9815,
#9816),(#9817,#9818)),.UNSPECIFIED.,.F.,.F.,.F.,(4,4),(2,2),(-1.,0.),(0.,
0.16),.UNSPECIFIED.);
#84=B_SPLINE_SURFACE_WITH_KNOTS('',3,1,((#9825,#9826),(#9827,#9828),(#9829,
#9830),(#9831,#9832)),.UNSPECIFIED.,.F.,.F.,.F.,(4,4),(2,2),(-1.,0.),(0.,
0.16),.UNSPECIFIED.);
#85=B_SPLINE_SURFACE_WITH_KNOTS('',3,1,((#9843,#9844),(#9845,#9846),(#9847,
#9848),(#9849,#9850)),.UNSPECIFIED.,.F.,.F.,.F.,(4,4),(2,2),(-1.,0.),(0.,
0.16),.UNSPECIFIED.);
#86=B_SPLINE_SURFACE_WITH_KNOTS('',3,1,((#9857,#9858),(#9859,#9860),(#9861,
#9862),(#9863,#9864)),.UNSPECIFIED.,.F.,.F.,.F.,(4,4),(2,2),(-1.,0.),(0.,
0.16),.UNSPECIFIED.);
#87=B_SPLINE_SURFACE_WITH_KNOTS('',3,1,((#9875,#9876),(#9877,#9878),(#9879,
#9880),(#9881,#9882)),.UNSPECIFIED.,.F.,.F.,.F.,(4,4),(2,2),(-1.,0.),(0.,
0.16),.UNSPECIFIED.);
#88=B_SPLINE_SURFACE_WITH_KNOTS('',3,1,((#9889,#9890),(#9891,#9892),(#9893,
#9894),(#9895,#9896)),.UNSPECIFIED.,.F.,.F.,.F.,(4,4),(2,2),(-1.,0.),(0.,
0.16),.UNSPECIFIED.);
#89=B_SPLINE_SURFACE_WITH_KNOTS('',3,1,((#9907,#9908),(#9909,#9910),(#9911,
#9912),(#9913,#9914)),.UNSPECIFIED.,.F.,.F.,.F.,(4,4),(2,2),(-1.,0.),(0.,
0.16),.UNSPECIFIED.);
#90=B_SPLINE_SURFACE_WITH_KNOTS('',3,1,((#9921,#9922),(#9923,#9924),(#9925,
#9926),(#9927,#9928)),.UNSPECIFIED.,.F.,.F.,.F.,(4,4),(2,2),(-1.,0.),(0.,
0.16),.UNSPECIFIED.);
#91=B_SPLINE_SURFACE_WITH_KNOTS('',3,1,((#9939,#9940),(#9941,#9942),(#9943,
#9944),(#9945,#9946)),.UNSPECIFIED.,.F.,.F.,.F.,(4,4),(2,2),(-1.,0.),(0.,
0.16),.UNSPECIFIED.);
#92=B_SPLINE_SURFACE_WITH_KNOTS('',3,1,((#9953,#9954),(#9955,#9956),(#9957,
#9958),(#9959,#9960)),.UNSPECIFIED.,.F.,.F.,.F.,(4,4),(2,2),(-1.,0.),(0.,
0.16),.UNSPECIFIED.);
#93=B_SPLINE_SURFACE_WITH_KNOTS('',3,1,((#9971,#9972),(#9973,#9974),(#9975,
#9976),(#9977,#9978)),.UNSPECIFIED.,.F.,.F.,.F.,(4,4),(2,2),(-1.,0.),(0.,
0.16),.UNSPECIFIED.);
#94=B_SPLINE_SURFACE_WITH_KNOTS('',3,1,((#9985,#9986),(#9987,#9988),(#9989,
#9990),(#9991,#9992)),.UNSPECIFIED.,.F.,.F.,.F.,(4,4),(2,2),(-1.,0.),(0.,
0.16),.UNSPECIFIED.);
#95=B_SPLINE_SURFACE_WITH_KNOTS('',3,1,((#10003,#10004),(#10005,#10006),
(#10007,#10008),(#10009,#10010)),.UNSPECIFIED.,.F.,.F.,.F.,(4,4),(2,2),
(-1.,0.),(0.,0.16),.UNSPECIFIED.);
#96=B_SPLINE_SURFACE_WITH_KNOTS('',3,1,((#10017,#10018),(#10019,#10020),
(#10021,#10022),(#10023,#10024)),.UNSPECIFIED.,.F.,.F.,.F.,(4,4),(2,2),
(-1.,0.),(0.,0.16),.UNSPECIFIED.);
#97=B_SPLINE_SURFACE_WITH_KNOTS('',3,1,((#10035,#10036),(#10037,#10038),
(#10039,#10040),(#10041,#10042)),.UNSPECIFIED.,.F.,.F.,.F.,(4,4),(2,2),
(-1.,0.),(0.,0.16),.UNSPECIFIED.);
#98=B_SPLINE_SURFACE_WITH_KNOTS('',3,1,((#10049,#10050),(#10051,#10052),
(#10053,#10054),(#10055,#10056)),.UNSPECIFIED.,.F.,.F.,.F.,(4,4),(2,2),
(-1.,0.),(0.,0.16),.UNSPECIFIED.);
#99=B_SPLINE_SURFACE_WITH_KNOTS('',3,1,((#10067,#10068),(#10069,#10070),
(#10071,#10072),(#10073,#10074)),.UNSPECIFIED.,.F.,.F.,.F.,(4,4),(2,2),
(-1.,0.),(0.,0.16),.UNSPECIFIED.);
#100=B_SPLINE_SURFACE_WITH_KNOTS('',3,1,((#10081,#10082),(#10083,#10084),
(#10085,#10086),(#10087,#10088)),.UNSPECIFIED.,.F.,.F.,.F.,(4,4),(2,2),
(-1.,0.),(0.,0.16),.UNSPECIFIED.);
#101=B_SPLINE_SURFACE_WITH_KNOTS('',3,1,((#10099,#10100),(#10101,#10102),
(#10103,#10104),(#10105,#10106)),.UNSPECIFIED.,.F.,.F.,.F.,(4,4),(2,2),
(-1.,0.),(0.,0.16),.UNSPECIFIED.);
#102=B_SPLINE_SURFACE_WITH_KNOTS('',3,1,((#10113,#10114),(#10115,#10116),
(#10117,#10118),(#10119,#10120)),.UNSPECIFIED.,.F.,.F.,.F.,(4,4),(2,2),
(-1.,0.),(0.,0.16),.UNSPECIFIED.);
#103=B_SPLINE_SURFACE_WITH_KNOTS('',3,1,((#10131,#10132),(#10133,#10134),
(#10135,#10136),(#10137,#10138)),.UNSPECIFIED.,.F.,.F.,.F.,(4,4),(2,2),
(-1.,0.),(0.,0.16),.UNSPECIFIED.);
#104=B_SPLINE_SURFACE_WITH_KNOTS('',3,1,((#10145,#10146),(#10147,#10148),
(#10149,#10150),(#10151,#10152)),.UNSPECIFIED.,.F.,.F.,.F.,(4,4),(2,2),
(-1.,0.),(0.,0.16),.UNSPECIFIED.);
#105=B_SPLINE_SURFACE_WITH_KNOTS('',3,1,((#10163,#10164),(#10165,#10166),
(#10167,#10168),(#10169,#10170)),.UNSPECIFIED.,.F.,.F.,.F.,(4,4),(2,2),
(-1.,0.),(0.,0.16),.UNSPECIFIED.);
#106=B_SPLINE_SURFACE_WITH_KNOTS('',3,1,((#10177,#10178),(#10179,#10180),
(#10181,#10182),(#10183,#10184)),.UNSPECIFIED.,.F.,.F.,.F.,(4,4),(2,2),
(-1.,0.),(0.,0.16),.UNSPECIFIED.);
#107=B_SPLINE_SURFACE_WITH_KNOTS('',3,1,((#10195,#10196),(#10197,#10198),
(#10199,#10200),(#10201,#10202)),.UNSPECIFIED.,.F.,.F.,.F.,(4,4),(2,2),
(-1.,0.),(0.,0.16),.UNSPECIFIED.);
#108=B_SPLINE_SURFACE_WITH_KNOTS('',3,1,((#10209,#10210),(#10211,#10212),
(#10213,#10214),(#10215,#10216)),.UNSPECIFIED.,.F.,.F.,.F.,(4,4),(2,2),
(-1.,0.),(0.,0.16),.UNSPECIFIED.);
#109=B_SPLINE_SURFACE_WITH_KNOTS('',3,1,((#10227,#10228),(#10229,#10230),
(#10231,#10232),(#10233,#10234)),.UNSPECIFIED.,.F.,.F.,.F.,(4,4),(2,2),
(-1.,0.),(0.,0.16),.UNSPECIFIED.);
#110=B_SPLINE_SURFACE_WITH_KNOTS('',3,1,((#10241,#10242),(#10243,#10244),
(#10245,#10246),(#10247,#10248)),.UNSPECIFIED.,.F.,.F.,.F.,(4,4),(2,2),
(-1.,0.),(0.,0.16),.UNSPECIFIED.);
#111=B_SPLINE_SURFACE_WITH_KNOTS('',3,1,((#10259,#10260),(#10261,#10262),
(#10263,#10264),(#10265,#10266)),.UNSPECIFIED.,.F.,.F.,.F.,(4,4),(2,2),
(-1.,0.),(0.,0.16),.UNSPECIFIED.);
#112=B_SPLINE_SURFACE_WITH_KNOTS('',3,1,((#10273,#10274),(#10275,#10276),
(#10277,#10278),(#10279,#10280)),.UNSPECIFIED.,.F.,.F.,.F.,(4,4),(2,2),
(-1.,0.),(0.,0.16),.UNSPECIFIED.);
#113=B_SPLINE_SURFACE_WITH_KNOTS('',3,1,((#10291,#10292),(#10293,#10294),
(#10295,#10296),(#10297,#10298)),.UNSPECIFIED.,.F.,.F.,.F.,(4,4),(2,2),
(-1.,0.),(0.,0.16),.UNSPECIFIED.);
#114=B_SPLINE_SURFACE_WITH_KNOTS('',3,1,((#10305,#10306),(#10307,#10308),
(#10309,#10310),(#10311,#10312)),.UNSPECIFIED.,.F.,.F.,.F.,(4,4),(2,2),
(-1.,0.),(0.,0.16),.UNSPECIFIED.);
#115=B_SPLINE_SURFACE_WITH_KNOTS('',3,1,((#10323,#10324),(#10325,#10326),
(#10327,#10328),(#10329,#10330)),.UNSPECIFIED.,.F.,.F.,.F.,(4,4),(2,2),
(-1.,0.),(0.,0.16),.UNSPECIFIED.);
#116=B_SPLINE_SURFACE_WITH_KNOTS('',3,1,((#10337,#10338),(#10339,#10340),
(#10341,#10342),(#10343,#10344)),.UNSPECIFIED.,.F.,.F.,.F.,(4,4),(2,2),
(-1.,0.),(0.,0.16),.UNSPECIFIED.);
#117=B_SPLINE_SURFACE_WITH_KNOTS('',3,1,((#10355,#10356),(#10357,#10358),
(#10359,#10360),(#10361,#10362)),.UNSPECIFIED.,.F.,.F.,.F.,(4,4),(2,2),
(-1.,0.),(0.,0.16),.UNSPECIFIED.);
#118=B_SPLINE_SURFACE_WITH_KNOTS('',3,1,((#10369,#10370),(#10371,#10372),
(#10373,#10374),(#10375,#10376)),.UNSPECIFIED.,.F.,.F.,.F.,(4,4),(2,2),
(-1.,0.),(0.,0.16),.UNSPECIFIED.);
#119=B_SPLINE_SURFACE_WITH_KNOTS('',3,1,((#10387,#10388),(#10389,#10390),
(#10391,#10392),(#10393,#10394)),.UNSPECIFIED.,.F.,.F.,.F.,(4,4),(2,2),
(-1.,0.),(0.,0.16),.UNSPECIFIED.);
#120=B_SPLINE_SURFACE_WITH_KNOTS('',3,1,((#10401,#10402),(#10403,#10404),
(#10405,#10406),(#10407,#10408)),.UNSPECIFIED.,.F.,.F.,.F.,(4,4),(2,2),
(-1.,0.),(0.,0.16),.UNSPECIFIED.);
#121=B_SPLINE_SURFACE_WITH_KNOTS('',3,1,((#10419,#10420),(#10421,#10422),
(#10423,#10424),(#10425,#10426)),.UNSPECIFIED.,.F.,.F.,.F.,(4,4),(2,2),
(-1.,0.),(0.,0.16),.UNSPECIFIED.);
#122=B_SPLINE_SURFACE_WITH_KNOTS('',3,1,((#10433,#10434),(#10435,#10436),
(#10437,#10438),(#10439,#10440)),.UNSPECIFIED.,.F.,.F.,.F.,(4,4),(2,2),
(-1.,0.),(0.,0.16),.UNSPECIFIED.);
#123=B_SPLINE_SURFACE_WITH_KNOTS('',3,1,((#10451,#10452),(#10453,#10454),
(#10455,#10456),(#10457,#10458)),.UNSPECIFIED.,.F.,.F.,.F.,(4,4),(2,2),
(-1.,0.),(0.,0.16),.UNSPECIFIED.);
#124=B_SPLINE_SURFACE_WITH_KNOTS('',3,1,((#10465,#10466),(#10467,#10468),
(#10469,#10470),(#10471,#10472)),.UNSPECIFIED.,.F.,.F.,.F.,(4,4),(2,2),
(-1.,0.),(0.,0.16),.UNSPECIFIED.);
#125=B_SPLINE_SURFACE_WITH_KNOTS('',3,1,((#10483,#10484),(#10485,#10486),
(#10487,#10488),(#10489,#10490)),.UNSPECIFIED.,.F.,.F.,.F.,(4,4),(2,2),
(-1.,0.),(0.,0.16),.UNSPECIFIED.);
#126=B_SPLINE_SURFACE_WITH_KNOTS('',3,1,((#10497,#10498),(#10499,#10500),
(#10501,#10502),(#10503,#10504)),.UNSPECIFIED.,.F.,.F.,.F.,(4,4),(2,2),
(-1.,0.),(0.,0.16),.UNSPECIFIED.);
#127=B_SPLINE_SURFACE_WITH_KNOTS('',3,1,((#10515,#10516),(#10517,#10518),
(#10519,#10520),(#10521,#10522)),.UNSPECIFIED.,.F.,.F.,.F.,(4,4),(2,2),
(-1.,0.),(0.,0.16),.UNSPECIFIED.);
#128=B_SPLINE_SURFACE_WITH_KNOTS('',3,1,((#10529,#10530),(#10531,#10532),
(#10533,#10534),(#10535,#10536)),.UNSPECIFIED.,.F.,.F.,.F.,(4,4),(2,2),
(-1.,0.),(0.,0.16),.UNSPECIFIED.);
#129=B_SPLINE_SURFACE_WITH_KNOTS('',3,1,((#10547,#10548),(#10549,#10550),
(#10551,#10552),(#10553,#10554)),.UNSPECIFIED.,.F.,.F.,.F.,(4,4),(2,2),
(-1.,0.),(0.,0.16),.UNSPECIFIED.);
#130=B_SPLINE_SURFACE_WITH_KNOTS('',3,1,((#10565,#10566),(#10567,#10568),
(#10569,#10570),(#10571,#10572)),.UNSPECIFIED.,.F.,.F.,.F.,(4,4),(2,2),
(-1.,0.),(0.,0.16),.UNSPECIFIED.);
#131=B_SPLINE_SURFACE_WITH_KNOTS('',3,1,((#10583,#10584),(#10585,#10586),
(#10587,#10588),(#10589,#10590)),.UNSPECIFIED.,.F.,.F.,.F.,(4,4),(2,2),
(-1.,0.),(0.,0.16),.UNSPECIFIED.);
#132=B_SPLINE_SURFACE_WITH_KNOTS('',3,1,((#10601,#10602),(#10603,#10604),
(#10605,#10606),(#10607,#10608)),.UNSPECIFIED.,.F.,.F.,.F.,(4,4),(2,2),
(-1.,0.),(0.,0.16),.UNSPECIFIED.);
#133=B_SPLINE_SURFACE_WITH_KNOTS('',3,1,((#10619,#10620),(#10621,#10622),
(#10623,#10624),(#10625,#10626)),.UNSPECIFIED.,.F.,.F.,.F.,(4,4),(2,2),
(-1.,0.),(0.,0.16),.UNSPECIFIED.);
#134=B_SPLINE_SURFACE_WITH_KNOTS('',3,1,((#10633,#10634),(#10635,#10636),
(#10637,#10638),(#10639,#10640)),.UNSPECIFIED.,.F.,.F.,.F.,(4,4),(2,2),
(-1.,0.),(0.,0.16),.UNSPECIFIED.);
#135=B_SPLINE_SURFACE_WITH_KNOTS('',3,1,((#10651,#10652),(#10653,#10654),
(#10655,#10656),(#10657,#10658)),.UNSPECIFIED.,.F.,.F.,.F.,(4,4),(2,2),
(-1.,0.),(0.,0.16),.UNSPECIFIED.);
#136=B_SPLINE_SURFACE_WITH_KNOTS('',3,1,((#10665,#10666),(#10667,#10668),
(#10669,#10670),(#10671,#10672)),.UNSPECIFIED.,.F.,.F.,.F.,(4,4),(2,2),
(-1.,0.),(0.,0.16),.UNSPECIFIED.);
#137=B_SPLINE_SURFACE_WITH_KNOTS('',3,1,((#10683,#10684),(#10685,#10686),
(#10687,#10688),(#10689,#10690)),.UNSPECIFIED.,.F.,.F.,.F.,(4,4),(2,2),
(-1.,0.),(0.,0.16),.UNSPECIFIED.);
#138=B_SPLINE_SURFACE_WITH_KNOTS('',3,1,((#10697,#10698),(#10699,#10700),
(#10701,#10702),(#10703,#10704)),.UNSPECIFIED.,.F.,.F.,.F.,(4,4),(2,2),
(-1.,0.),(0.,0.16),.UNSPECIFIED.);
#139=B_SPLINE_SURFACE_WITH_KNOTS('',3,1,((#10715,#10716),(#10717,#10718),
(#10719,#10720),(#10721,#10722)),.UNSPECIFIED.,.F.,.F.,.F.,(4,4),(2,2),
(-1.,0.),(0.,0.16),.UNSPECIFIED.);
#140=B_SPLINE_SURFACE_WITH_KNOTS('',3,1,((#10729,#10730),(#10731,#10732),
(#10733,#10734),(#10735,#10736)),.UNSPECIFIED.,.F.,.F.,.F.,(4,4),(2,2),
(-1.,0.),(0.,0.16),.UNSPECIFIED.);
#141=B_SPLINE_SURFACE_WITH_KNOTS('',3,1,((#10747,#10748),(#10749,#10750),
(#10751,#10752),(#10753,#10754)),.UNSPECIFIED.,.F.,.F.,.F.,(4,4),(2,2),
(-1.,0.),(0.,0.16),.UNSPECIFIED.);
#142=B_SPLINE_SURFACE_WITH_KNOTS('',3,1,((#10761,#10762),(#10763,#10764),
(#10765,#10766),(#10767,#10768)),.UNSPECIFIED.,.F.,.F.,.F.,(4,4),(2,2),
(-1.,0.),(0.,0.16),.UNSPECIFIED.);
#143=B_SPLINE_SURFACE_WITH_KNOTS('',3,1,((#10779,#10780),(#10781,#10782),
(#10783,#10784),(#10785,#10786)),.UNSPECIFIED.,.F.,.F.,.F.,(4,4),(2,2),
(-1.,0.),(0.,0.16),.UNSPECIFIED.);
#144=B_SPLINE_SURFACE_WITH_KNOTS('',3,1,((#10793,#10794),(#10795,#10796),
(#10797,#10798),(#10799,#10800)),.UNSPECIFIED.,.F.,.F.,.F.,(4,4),(2,2),
(-1.,0.),(0.,0.16),.UNSPECIFIED.);
#145=B_SPLINE_SURFACE_WITH_KNOTS('',3,1,((#10811,#10812),(#10813,#10814),
(#10815,#10816),(#10817,#10818)),.UNSPECIFIED.,.F.,.F.,.F.,(4,4),(2,2),
(-1.,0.),(0.,0.16),.UNSPECIFIED.);
#146=B_SPLINE_SURFACE_WITH_KNOTS('',3,1,((#10825,#10826),(#10827,#10828),
(#10829,#10830),(#10831,#10832)),.UNSPECIFIED.,.F.,.F.,.F.,(4,4),(2,2),
(-1.,0.),(0.,0.16),.UNSPECIFIED.);
#147=B_SPLINE_SURFACE_WITH_KNOTS('',3,1,((#10843,#10844),(#10845,#10846),
(#10847,#10848),(#10849,#10850)),.UNSPECIFIED.,.F.,.F.,.F.,(4,4),(2,2),
(-1.,0.),(0.,0.16),.UNSPECIFIED.);
#148=B_SPLINE_SURFACE_WITH_KNOTS('',3,1,((#10857,#10858),(#10859,#10860),
(#10861,#10862),(#10863,#10864)),.UNSPECIFIED.,.F.,.F.,.F.,(4,4),(2,2),
(-1.,0.),(0.,0.16),.UNSPECIFIED.);
#149=B_SPLINE_SURFACE_WITH_KNOTS('',3,1,((#10875,#10876),(#10877,#10878),
(#10879,#10880),(#10881,#10882)),.UNSPECIFIED.,.F.,.F.,.F.,(4,4),(2,2),
(-1.,0.),(0.,0.16),.UNSPECIFIED.);
#150=B_SPLINE_SURFACE_WITH_KNOTS('',3,1,((#10889,#10890),(#10891,#10892),
(#10893,#10894),(#10895,#10896)),.UNSPECIFIED.,.F.,.F.,.F.,(4,4),(2,2),
(-1.,0.),(0.,0.16),.UNSPECIFIED.);
#151=B_SPLINE_SURFACE_WITH_KNOTS('',3,1,((#10907,#10908),(#10909,#10910),
(#10911,#10912),(#10913,#10914)),.UNSPECIFIED.,.F.,.F.,.F.,(4,4),(2,2),
(-1.,0.),(0.,0.16),.UNSPECIFIED.);
#152=B_SPLINE_SURFACE_WITH_KNOTS('',3,1,((#10921,#10922),(#10923,#10924),
(#10925,#10926),(#10927,#10928)),.UNSPECIFIED.,.F.,.F.,.F.,(4,4),(2,2),
(-1.,0.),(0.,0.16),.UNSPECIFIED.);
#153=B_SPLINE_SURFACE_WITH_KNOTS('',3,1,((#10939,#10940),(#10941,#10942),
(#10943,#10944),(#10945,#10946)),.UNSPECIFIED.,.F.,.F.,.F.,(4,4),(2,2),
(-1.,0.),(0.,0.16),.UNSPECIFIED.);
#154=B_SPLINE_SURFACE_WITH_KNOTS('',3,1,((#10953,#10954),(#10955,#10956),
(#10957,#10958),(#10959,#10960)),.UNSPECIFIED.,.F.,.F.,.F.,(4,4),(2,2),
(-1.,0.),(0.,0.16),.UNSPECIFIED.);
#155=B_SPLINE_SURFACE_WITH_KNOTS('',3,1,((#10971,#10972),(#10973,#10974),
(#10975,#10976),(#10977,#10978)),.UNSPECIFIED.,.F.,.F.,.F.,(4,4),(2,2),
(-1.,0.),(0.,0.16),.UNSPECIFIED.);
#156=B_SPLINE_SURFACE_WITH_KNOTS('',3,1,((#10985,#10986),(#10987,#10988),
(#10989,#10990),(#10991,#10992)),.UNSPECIFIED.,.F.,.F.,.F.,(4,4),(2,2),
(-1.,0.),(0.,0.16),.UNSPECIFIED.);
#157=B_SPLINE_SURFACE_WITH_KNOTS('',3,1,((#11003,#11004),(#11005,#11006),
(#11007,#11008),(#11009,#11010)),.UNSPECIFIED.,.F.,.F.,.F.,(4,4),(2,2),
(-1.,0.),(0.,0.16),.UNSPECIFIED.);
#158=B_SPLINE_SURFACE_WITH_KNOTS('',3,1,((#11017,#11018),(#11019,#11020),
(#11021,#11022),(#11023,#11024)),.UNSPECIFIED.,.F.,.F.,.F.,(4,4),(2,2),
(-1.,0.),(0.,0.16),.UNSPECIFIED.);
#159=B_SPLINE_SURFACE_WITH_KNOTS('',3,1,((#11035,#11036),(#11037,#11038),
(#11039,#11040),(#11041,#11042)),.UNSPECIFIED.,.F.,.F.,.F.,(4,4),(2,2),
(-1.,0.),(0.,0.16),.UNSPECIFIED.);
#160=B_SPLINE_SURFACE_WITH_KNOTS('',3,1,((#11049,#11050),(#11051,#11052),
(#11053,#11054),(#11055,#11056)),.UNSPECIFIED.,.F.,.F.,.F.,(4,4),(2,2),
(-1.,0.),(0.,0.16),.UNSPECIFIED.);
#161=B_SPLINE_SURFACE_WITH_KNOTS('',3,1,((#11067,#11068),(#11069,#11070),
(#11071,#11072),(#11073,#11074)),.UNSPECIFIED.,.F.,.F.,.F.,(4,4),(2,2),
(-1.,0.),(0.,0.16),.UNSPECIFIED.);
#162=B_SPLINE_SURFACE_WITH_KNOTS('',3,1,((#11081,#11082),(#11083,#11084),
(#11085,#11086),(#11087,#11088)),.UNSPECIFIED.,.F.,.F.,.F.,(4,4),(2,2),
(-1.,0.),(0.,0.16),.UNSPECIFIED.);
#163=B_SPLINE_SURFACE_WITH_KNOTS('',3,1,((#11099,#11100),(#11101,#11102),
(#11103,#11104),(#11105,#11106)),.UNSPECIFIED.,.F.,.F.,.F.,(4,4),(2,2),
(-1.,0.),(0.,0.16),.UNSPECIFIED.);
#164=B_SPLINE_SURFACE_WITH_KNOTS('',3,1,((#11113,#11114),(#11115,#11116),
(#11117,#11118),(#11119,#11120)),.UNSPECIFIED.,.F.,.F.,.F.,(4,4),(2,2),
(-1.,0.),(0.,0.16),.UNSPECIFIED.);
#165=B_SPLINE_SURFACE_WITH_KNOTS('',3,1,((#11131,#11132),(#11133,#11134),
(#11135,#11136),(#11137,#11138)),.UNSPECIFIED.,.F.,.F.,.F.,(4,4),(2,2),
(-1.,0.),(0.,0.16),.UNSPECIFIED.);
#166=B_SPLINE_SURFACE_WITH_KNOTS('',3,1,((#11145,#11146),(#11147,#11148),
(#11149,#11150),(#11151,#11152)),.UNSPECIFIED.,.F.,.F.,.F.,(4,4),(2,2),
(-1.,0.),(0.,0.16),.UNSPECIFIED.);
#167=B_SPLINE_SURFACE_WITH_KNOTS('',3,1,((#11163,#11164),(#11165,#11166),
(#11167,#11168),(#11169,#11170)),.UNSPECIFIED.,.F.,.F.,.F.,(4,4),(2,2),
(-1.,0.),(0.,0.16),.UNSPECIFIED.);
#168=B_SPLINE_SURFACE_WITH_KNOTS('',3,1,((#11177,#11178),(#11179,#11180),
(#11181,#11182),(#11183,#11184)),.UNSPECIFIED.,.F.,.F.,.F.,(4,4),(2,2),
(-1.,0.),(0.,0.16),.UNSPECIFIED.);
#169=B_SPLINE_SURFACE_WITH_KNOTS('',3,1,((#11195,#11196),(#11197,#11198),
(#11199,#11200),(#11201,#11202)),.UNSPECIFIED.,.F.,.F.,.F.,(4,4),(2,2),
(-1.,0.),(0.,0.16),.UNSPECIFIED.);
#170=B_SPLINE_SURFACE_WITH_KNOTS('',3,1,((#11209,#11210),(#11211,#11212),
(#11213,#11214),(#11215,#11216)),.UNSPECIFIED.,.F.,.F.,.F.,(4,4),(2,2),
(-1.,0.),(0.,0.16),.UNSPECIFIED.);
#171=B_SPLINE_SURFACE_WITH_KNOTS('',3,1,((#11227,#11228),(#11229,#11230),
(#11231,#11232),(#11233,#11234)),.UNSPECIFIED.,.F.,.F.,.F.,(4,4),(2,2),
(-1.,0.),(0.,0.16),.UNSPECIFIED.);
#172=B_SPLINE_SURFACE_WITH_KNOTS('',3,1,((#11241,#11242),(#11243,#11244),
(#11245,#11246),(#11247,#11248)),.UNSPECIFIED.,.F.,.F.,.F.,(4,4),(2,2),
(-1.,0.),(0.,0.16),.UNSPECIFIED.);
#173=B_SPLINE_SURFACE_WITH_KNOTS('',3,1,((#11259,#11260),(#11261,#11262),
(#11263,#11264),(#11265,#11266)),.UNSPECIFIED.,.F.,.F.,.F.,(4,4),(2,2),
(-1.,0.),(0.,0.16),.UNSPECIFIED.);
#174=B_SPLINE_SURFACE_WITH_KNOTS('',3,1,((#11273,#11274),(#11275,#11276),
(#11277,#11278),(#11279,#11280)),.UNSPECIFIED.,.F.,.F.,.F.,(4,4),(2,2),
(-1.,0.),(0.,0.16),.UNSPECIFIED.);
#175=B_SPLINE_SURFACE_WITH_KNOTS('',3,1,((#11291,#11292),(#11293,#11294),
(#11295,#11296),(#11297,#11298)),.UNSPECIFIED.,.F.,.F.,.F.,(4,4),(2,2),
(-1.,0.),(0.,0.16),.UNSPECIFIED.);
#176=B_SPLINE_SURFACE_WITH_KNOTS('',3,1,((#11305,#11306),(#11307,#11308),
(#11309,#11310),(#11311,#11312)),.UNSPECIFIED.,.F.,.F.,.F.,(4,4),(2,2),
(-1.,0.),(0.,0.16),.UNSPECIFIED.);
#177=B_SPLINE_SURFACE_WITH_KNOTS('',3,1,((#11323,#11324),(#11325,#11326),
(#11327,#11328),(#11329,#11330)),.UNSPECIFIED.,.F.,.F.,.F.,(4,4),(2,2),
(-1.,0.),(0.,0.16),.UNSPECIFIED.);
#178=B_SPLINE_SURFACE_WITH_KNOTS('',3,1,((#11337,#11338),(#11339,#11340),
(#11341,#11342),(#11343,#11344)),.UNSPECIFIED.,.F.,.F.,.F.,(4,4),(2,2),
(-1.,0.),(0.,0.16),.UNSPECIFIED.);
#179=B_SPLINE_SURFACE_WITH_KNOTS('',3,1,((#11355,#11356),(#11357,#11358),
(#11359,#11360),(#11361,#11362)),.UNSPECIFIED.,.F.,.F.,.F.,(4,4),(2,2),
(-1.,0.),(0.,0.16),.UNSPECIFIED.);
#180=B_SPLINE_SURFACE_WITH_KNOTS('',3,1,((#11369,#11370),(#11371,#11372),
(#11373,#11374),(#11375,#11376)),.UNSPECIFIED.,.F.,.F.,.F.,(4,4),(2,2),
(-1.,0.),(0.,0.16),.UNSPECIFIED.);
#181=B_SPLINE_SURFACE_WITH_KNOTS('',3,1,((#11387,#11388),(#11389,#11390),
(#11391,#11392),(#11393,#11394)),.UNSPECIFIED.,.F.,.F.,.F.,(4,4),(2,2),
(-1.,0.),(0.,0.16),.UNSPECIFIED.);
#182=B_SPLINE_SURFACE_WITH_KNOTS('',3,1,((#11401,#11402),(#11403,#11404),
(#11405,#11406),(#11407,#11408)),.UNSPECIFIED.,.F.,.F.,.F.,(4,4),(2,2),
(-1.,0.),(0.,0.16),.UNSPECIFIED.);
#183=B_SPLINE_SURFACE_WITH_KNOTS('',3,1,((#11419,#11420),(#11421,#11422),
(#11423,#11424),(#11425,#11426)),.UNSPECIFIED.,.F.,.F.,.F.,(4,4),(2,2),
(-1.,0.),(0.,0.16),.UNSPECIFIED.);
#184=B_SPLINE_SURFACE_WITH_KNOTS('',3,1,((#11433,#11434),(#11435,#11436),
(#11437,#11438),(#11439,#11440)),.UNSPECIFIED.,.F.,.F.,.F.,(4,4),(2,2),
(-1.,0.),(0.,0.16),.UNSPECIFIED.);
#185=B_SPLINE_SURFACE_WITH_KNOTS('',3,1,((#11451,#11452),(#11453,#11454),
(#11455,#11456),(#11457,#11458)),.UNSPECIFIED.,.F.,.F.,.F.,(4,4),(2,2),
(-1.,0.),(0.,0.16),.UNSPECIFIED.);
#186=B_SPLINE_SURFACE_WITH_KNOTS('',3,1,((#11465,#11466),(#11467,#11468),
(#11469,#11470),(#11471,#11472)),.UNSPECIFIED.,.F.,.F.,.F.,(4,4),(2,2),
(-1.,0.),(0.,0.16),.UNSPECIFIED.);
#187=B_SPLINE_SURFACE_WITH_KNOTS('',3,1,((#11483,#11484),(#11485,#11486),
(#11487,#11488),(#11489,#11490)),.UNSPECIFIED.,.F.,.F.,.F.,(4,4),(2,2),
(-1.,0.),(0.,0.16),.UNSPECIFIED.);
#188=B_SPLINE_SURFACE_WITH_KNOTS('',3,1,((#11497,#11498),(#11499,#11500),
(#11501,#11502),(#11503,#11504)),.UNSPECIFIED.,.F.,.F.,.F.,(4,4),(2,2),
(-1.,0.),(0.,0.16),.UNSPECIFIED.);
#189=B_SPLINE_SURFACE_WITH_KNOTS('',3,1,((#11515,#11516),(#11517,#11518),
(#11519,#11520),(#11521,#11522)),.UNSPECIFIED.,.F.,.F.,.F.,(4,4),(2,2),
(-1.,0.),(0.,0.16),.UNSPECIFIED.);
#190=B_SPLINE_SURFACE_WITH_KNOTS('',3,1,((#11529,#11530),(#11531,#11532),
(#11533,#11534),(#11535,#11536)),.UNSPECIFIED.,.F.,.F.,.F.,(4,4),(2,2),
(-1.,0.),(0.,0.16),.UNSPECIFIED.);
#191=B_SPLINE_SURFACE_WITH_KNOTS('',3,1,((#11547,#11548),(#11549,#11550),
(#11551,#11552),(#11553,#11554)),.UNSPECIFIED.,.F.,.F.,.F.,(4,4),(2,2),
(-1.,0.),(0.,0.16),.UNSPECIFIED.);
#192=B_SPLINE_SURFACE_WITH_KNOTS('',3,1,((#11561,#11562),(#11563,#11564),
(#11565,#11566),(#11567,#11568)),.UNSPECIFIED.,.F.,.F.,.F.,(4,4),(2,2),
(-1.,0.),(0.,0.16),.UNSPECIFIED.);
#193=B_SPLINE_SURFACE_WITH_KNOTS('',3,1,((#11579,#11580),(#11581,#11582),
(#11583,#11584),(#11585,#11586)),.UNSPECIFIED.,.F.,.F.,.F.,(4,4),(2,2),
(-1.,0.),(0.,0.16),.UNSPECIFIED.);
#194=B_SPLINE_SURFACE_WITH_KNOTS('',3,1,((#11593,#11594),(#11595,#11596),
(#11597,#11598),(#11599,#11600)),.UNSPECIFIED.,.F.,.F.,.F.,(4,4),(2,2),
(-1.,0.),(0.,0.16),.UNSPECIFIED.);
#195=B_SPLINE_SURFACE_WITH_KNOTS('',3,1,((#11611,#11612),(#11613,#11614),
(#11615,#11616),(#11617,#11618)),.UNSPECIFIED.,.F.,.F.,.F.,(4,4),(2,2),
(-1.,0.),(0.,0.16),.UNSPECIFIED.);
#196=B_SPLINE_SURFACE_WITH_KNOTS('',3,1,((#11625,#11626),(#11627,#11628),
(#11629,#11630),(#11631,#11632)),.UNSPECIFIED.,.F.,.F.,.F.,(4,4),(2,2),
(-1.,0.),(0.,0.16),.UNSPECIFIED.);
#197=B_SPLINE_SURFACE_WITH_KNOTS('',3,1,((#11643,#11644),(#11645,#11646),
(#11647,#11648),(#11649,#11650),(#11651,#11652),(#11653,#11654),(#11655,
#11656),(#11657,#11658),(#11659,#11660),(#11661,#11662)),.UNSPECIFIED.,
 .F.,.F.,.F.,(4,3,3,4),(2,2),(-3.17131335091954E-5,-9.0610123522209E-6,
0.0348583227007153,1.),(0.,0.16),.UNSPECIFIED.);
#198=B_SPLINE_SURFACE_WITH_KNOTS('',3,1,((#11681,#11682),(#11683,#11684),
(#11685,#11686),(#11687,#11688)),.UNSPECIFIED.,.F.,.F.,.F.,(4,4),(2,2),
(0.,1.),(0.,0.16),.UNSPECIFIED.);
#199=B_SPLINE_SURFACE_WITH_KNOTS('',3,1,((#11695,#11696),(#11697,#11698),
(#11699,#11700),(#11701,#11702)),.UNSPECIFIED.,.F.,.F.,.F.,(4,4),(2,2),
(0.0377846264041371,1.),(0.,0.16),.UNSPECIFIED.);
#200=B_SPLINE_SURFACE_WITH_KNOTS('',3,1,((#11713,#11714),(#11715,#11716),
(#11717,#11718),(#11719,#11720),(#11721,#11722),(#11723,#11724),(#11725,
#11726),(#11727,#11728),(#11729,#11730),(#11731,#11732),(#11733,#11734),
(#11735,#11736),(#11737,#11738),(#11739,#11740),(#11741,#11742),(#11743,
#11744)),.UNSPECIFIED.,.F.,.F.,.F.,(4,3,3,3,3,4),(2,2),(3.69928763943321E-5,
0.519267089071748,0.846747249654383,0.957720444780423,1.00002065074662,
1.0000722785043),(0.,0.16),.UNSPECIFIED.);
#201=B_SPLINE_SURFACE_WITH_KNOTS('',3,1,((#11767,#11768),(#11769,#11770),
(#11771,#11772),(#11773,#11774),(#11775,#11776),(#11777,#11778),(#11779,
#11780),(#11781,#11782),(#11783,#11784),(#11785,#11786)),.UNSPECIFIED.,
 .F.,.F.,.F.,(4,3,3,4),(2,2),(-2.26599411162376E-5,-6.47484263055319E-6,
0.0333536651083563,1.),(0.,0.16),.UNSPECIFIED.);
#202=B_SPLINE_SURFACE_WITH_KNOTS('',3,1,((#11803,#11804),(#11805,#11806),
(#11807,#11808),(#11809,#11810)),.UNSPECIFIED.,.F.,.F.,.F.,(4,4),(2,2),
(1.01969293125125E-6,1.00000000032669),(0.,0.16),.UNSPECIFIED.);
#203=B_SPLINE_SURFACE_WITH_KNOTS('',3,1,((#11821,#11822),(#11823,#11824),
(#11825,#11826),(#11827,#11828),(#11829,#11830),(#11831,#11832),(#11833,
#11834)),.UNSPECIFIED.,.F.,.F.,.F.,(4,3,4),(2,2),(4.99883453641285E-6,0.775053181843427,
0.999999999967015),(0.,0.16),.UNSPECIFIED.);
#204=B_SPLINE_SURFACE_WITH_KNOTS('',3,1,((#11848,#11849),(#11850,#11851),
(#11852,#11853),(#11854,#11855)),.UNSPECIFIED.,.F.,.F.,.F.,(4,4),(2,2),
(2.03959045014591E-6,1.),(0.,0.16),.UNSPECIFIED.);
#205=B_SPLINE_SURFACE_WITH_KNOTS('',3,1,((#11866,#11867),(#11868,#11869),
(#11870,#11871),(#11872,#11873),(#11874,#11875),(#11876,#11877),(#11878,
#11879),(#11880,#11881),(#11882,#11883),(#11884,#11885)),.UNSPECIFIED.,
 .F.,.F.,.F.,(4,3,3,4),(2,2),(-0.000117248709921702,-3.34993242742032E-5,
0.102089942170341,1.),(0.,0.16),.UNSPECIFIED.);
#206=B_SPLINE_SURFACE_WITH_KNOTS('',3,1,((#11902,#11903),(#11904,#11905),
(#11906,#11907),(#11908,#11909),(#11910,#11911),(#11912,#11913),(#11914,
#11915),(#11916,#11917),(#11918,#11919),(#11920,#11921),(#11922,#11923),
(#11924,#11925),(#11926,#11927)),.UNSPECIFIED.,.F.,.F.,.F.,(4,3,3,3,4),
(2,2),(3.45164082216089E-5,0.706848455909667,0.971693730336583,1.00002272748532,
1.00007954674694),(0.,0.16),.UNSPECIFIED.);
#207=B_SPLINE_SURFACE_WITH_KNOTS('',3,1,((#12178,#12179),(#12180,#12181),
(#12182,#12183),(#12184,#12185)),.UNSPECIFIED.,.F.,.F.,.F.,(4,4),(2,2),
(-1.,-2.12429764437598E-6),(0.,0.8),.UNSPECIFIED.);
#208=B_SPLINE_SURFACE_WITH_KNOTS('',3,1,((#12196,#12197),(#12198,#12199),
(#12200,#12201),(#12202,#12203)),.UNSPECIFIED.,.F.,.F.,.F.,(4,4),(2,2),
(-1.,-1.01969293120341E-6),(0.,0.8),.UNSPECIFIED.);
#209=B_SPLINE_SURFACE_WITH_KNOTS('',3,1,((#12214,#12215),(#12216,#12217),
(#12218,#12219),(#12220,#12221),(#12222,#12223),(#12224,#12225),(#12226,
#12227)),.UNSPECIFIED.,.F.,.F.,.F.,(4,3,4),(2,2),(-1.,0.,6.47476613169642E-6),
(0.,0.8),.UNSPECIFIED.);
#210=B_SPLINE_SURFACE_WITH_KNOTS('',3,1,((#12241,#12242),(#12243,#12244),
(#12245,#12246),(#12247,#12248),(#12249,#12250),(#12251,#12252),(#12253,
#12254)),.UNSPECIFIED.,.F.,.F.,.F.,(4,3,4),(2,2),(-1.00002065074655,-1.,
-1.57668885922598E-5),(0.,0.8),.UNSPECIFIED.);
#211=B_SPLINE_SURFACE_WITH_KNOTS('',3,1,((#12268,#12269),(#12270,#12271),
(#12272,#12273),(#12274,#12275)),.UNSPECIFIED.,.F.,.F.,.F.,(4,4),(2,2),
(-1.,-0.0317726016914244),(0.,0.8),.UNSPECIFIED.);
#212=B_SPLINE_SURFACE_WITH_KNOTS('',3,1,((#12282,#12283),(#12284,#12285),
(#12286,#12287),(#12288,#12289)),.UNSPECIFIED.,.F.,.F.,.F.,(4,4),(2,2),
(-1.,0.),(0.,0.8),.UNSPECIFIED.);
#213=B_SPLINE_SURFACE_WITH_KNOTS('',3,1,((#12316,#12317),(#12318,#12319),
(#12320,#12321),(#12322,#12323)),.UNSPECIFIED.,.F.,.F.,.F.,(4,4),(2,2),
(0.,1.00000507362419),(0.,0.8),.UNSPECIFIED.);
#214=B_SPLINE_SURFACE_WITH_KNOTS('',3,1,((#12334,#12335),(#12336,#12337),
(#12338,#12339),(#12340,#12341),(#12342,#12343),(#12344,#12345),(#12346,
#12347)),.UNSPECIFIED.,.F.,.F.,.F.,(4,3,4),(2,2),(-1.,0.,9.0610123522209E-6),
(0.,0.8),.UNSPECIFIED.);
#215=B_SPLINE_SURFACE_WITH_KNOTS('',3,1,((#12361,#12362),(#12363,#12364),
(#12365,#12366),(#12367,#12368),(#12369,#12370),(#12371,#12372),(#12373,
#12374)),.UNSPECIFIED.,.F.,.F.,.F.,(4,3,4),(2,2),(-1.00002272748532,-1.,
-1.47115021426181E-5),(0.,0.8),.UNSPECIFIED.);
#216=B_SPLINE_SURFACE_WITH_KNOTS('',3,1,((#12388,#12389),(#12390,#12391),
(#12392,#12393),(#12394,#12395),(#12396,#12397),(#12398,#12399),(#12400,
#12401)),.UNSPECIFIED.,.F.,.F.,.F.,(4,3,4),(2,2),(-1.,0.,3.34993242742032E-5),
(0.,0.8),.UNSPECIFIED.);
#217=B_SPLINE_SURFACE_WITH_KNOTS('',3,1,((#12415,#12416),(#12417,#12418),
(#12419,#12420),(#12421,#12422)),.UNSPECIFIED.,.F.,.F.,.F.,(4,4),(2,2),
(-1.,-2.03959045019797E-6),(0.,0.8),.UNSPECIFIED.);
#218=B_SPLINE_SURFACE_WITH_KNOTS('',3,1,((#12433,#12434),(#12435,#12436),
(#12437,#12438),(#12439,#12440),(#12441,#12442),(#12443,#12444),(#12445,
#12446),(#12447,#12448),(#12449,#12450),(#12451,#12452)),.UNSPECIFIED.,
 .F.,.F.,.F.,(4,3,3,4),(2,2),(-3.17131335091954E-5,-9.0610123522209E-6,
0.0348583227007153,1.),(0.,0.8),.UNSPECIFIED.);
#219=B_SPLINE_SURFACE_WITH_KNOTS('',3,1,((#12477,#12478),(#12479,#12480),
(#12481,#12482),(#12483,#12484)),.UNSPECIFIED.,.F.,.F.,.F.,(4,4),(2,2),
(0.,1.),(0.,0.8),.UNSPECIFIED.);
#220=B_SPLINE_SURFACE_WITH_KNOTS('',3,1,((#12491,#12492),(#12493,#12494),
(#12495,#12496),(#12497,#12498)),.UNSPECIFIED.,.F.,.F.,.F.,(4,4),(2,2),
(0.0377846264041371,1.),(0.,0.8),.UNSPECIFIED.);
#221=B_SPLINE_SURFACE_WITH_KNOTS('',3,1,((#12509,#12510),(#12511,#12512),
(#12513,#12514),(#12515,#12516),(#12517,#12518),(#12519,#12520),(#12521,
#12522),(#12523,#12524),(#12525,#12526),(#12527,#12528),(#12529,#12530),
(#12531,#12532),(#12533,#12534),(#12535,#12536),(#12537,#12538),(#12539,
#12540)),.UNSPECIFIED.,.F.,.F.,.F.,(4,3,3,3,3,4),(2,2),(3.69928763943321E-5,
0.519267089071748,0.846747249654383,0.957720444780423,1.00002065074662,
1.0000722785043),(0.,0.8),.UNSPECIFIED.);
#222=B_SPLINE_SURFACE_WITH_KNOTS('',3,1,((#12563,#12564),(#12565,#12566),
(#12567,#12568),(#12569,#12570),(#12571,#12572),(#12573,#12574),(#12575,
#12576),(#12577,#12578),(#12579,#12580),(#12581,#12582)),.UNSPECIFIED.,
 .F.,.F.,.F.,(4,3,3,4),(2,2),(-2.26599411162376E-5,-6.47484263055319E-6,
0.0333536651083563,1.),(0.,0.8),.UNSPECIFIED.);
#223=B_SPLINE_SURFACE_WITH_KNOTS('',3,1,((#12599,#12600),(#12601,#12602),
(#12603,#12604),(#12605,#12606)),.UNSPECIFIED.,.F.,.F.,.F.,(4,4),(2,2),
(1.01969293125125E-6,1.00000000032669),(0.,0.8),.UNSPECIFIED.);
#224=B_SPLINE_SURFACE_WITH_KNOTS('',3,1,((#12617,#12618),(#12619,#12620),
(#12621,#12622),(#12623,#12624),(#12625,#12626),(#12627,#12628),(#12629,
#12630)),.UNSPECIFIED.,.F.,.F.,.F.,(4,3,4),(2,2),(4.99883453641285E-6,0.775053181843427,
0.999999999967015),(0.,0.8),.UNSPECIFIED.);
#225=B_SPLINE_SURFACE_WITH_KNOTS('',3,1,((#12644,#12645),(#12646,#12647),
(#12648,#12649),(#12650,#12651)),.UNSPECIFIED.,.F.,.F.,.F.,(4,4),(2,2),
(2.03959045014591E-6,1.),(0.,0.8),.UNSPECIFIED.);
#226=B_SPLINE_SURFACE_WITH_KNOTS('',3,1,((#12662,#12663),(#12664,#12665),
(#12666,#12667),(#12668,#12669),(#12670,#12671),(#12672,#12673),(#12674,
#12675),(#12676,#12677),(#12678,#12679),(#12680,#12681)),.UNSPECIFIED.,
 .F.,.F.,.F.,(4,3,3,4),(2,2),(-0.000117248709921702,-3.34993242742032E-5,
0.102089942170341,1.),(0.,0.8),.UNSPECIFIED.);
#227=B_SPLINE_SURFACE_WITH_KNOTS('',3,1,((#12698,#12699),(#12700,#12701),
(#12702,#12703),(#12704,#12705),(#12706,#12707),(#12708,#12709),(#12710,
#12711),(#12712,#12713),(#12714,#12715),(#12716,#12717),(#12718,#12719),
(#12720,#12721),(#12722,#12723)),.UNSPECIFIED.,.F.,.F.,.F.,(4,3,3,3,4),
(2,2),(3.45164082216089E-5,0.706848455909667,0.971693730336583,1.00002272748532,
1.00007954674694),(0.,0.8),.UNSPECIFIED.);
#228=FACE_BOUND('',#1040,.T.);
#229=FACE_BOUND('',#1041,.T.);
#230=FACE_BOUND('',#1042,.T.);
#231=FACE_BOUND('',#1043,.T.);
#232=FACE_BOUND('',#1044,.T.);
#233=FACE_BOUND('',#1045,.T.);
#234=FACE_BOUND('',#1046,.T.);
#235=FACE_BOUND('',#1047,.T.);
#236=FACE_BOUND('',#1048,.T.);
#237=FACE_BOUND('',#1049,.T.);
#238=FACE_BOUND('',#1050,.T.);
#239=FACE_BOUND('',#1051,.T.);
#240=FACE_BOUND('',#1052,.T.);
#241=FACE_BOUND('',#1053,.T.);
#242=FACE_BOUND('',#1054,.T.);
#243=FACE_BOUND('',#1055,.T.);
#244=FACE_BOUND('',#1056,.T.);
#245=FACE_BOUND('',#1057,.T.);
#246=FACE_BOUND('',#1058,.T.);
#247=FACE_BOUND('',#1059,.T.);
#248=FACE_BOUND('',#1060,.T.);
#249=FACE_BOUND('',#1061,.T.);
#250=FACE_BOUND('',#1062,.T.);
#251=FACE_BOUND('',#1063,.T.);
#252=FACE_BOUND('',#1064,.T.);
#253=FACE_BOUND('',#1065,.T.);
#254=FACE_BOUND('',#1347,.T.);
#255=FACE_BOUND('',#1348,.T.);
#256=FACE_BOUND('',#1349,.T.);
#257=FACE_BOUND('',#1350,.T.);
#258=FACE_BOUND('',#1351,.T.);
#259=FACE_BOUND('',#1352,.T.);
#260=FACE_BOUND('',#1353,.T.);
#261=FACE_BOUND('',#1354,.T.);
#262=FACE_BOUND('',#1355,.T.);
#263=FACE_BOUND('',#1356,.T.);
#264=FACE_BOUND('',#1357,.T.);
#265=FACE_BOUND('',#1358,.T.);
#266=FACE_BOUND('',#1359,.T.);
#267=FACE_BOUND('',#1360,.T.);
#268=FACE_BOUND('',#1361,.T.);
#269=FACE_BOUND('',#1362,.T.);
#270=FACE_BOUND('',#1363,.T.);
#271=FACE_BOUND('',#1364,.T.);
#272=FACE_BOUND('',#1365,.T.);
#273=FACE_BOUND('',#1366,.T.);
#274=FACE_BOUND('',#1367,.T.);
#275=FACE_BOUND('',#1368,.T.);
#276=FACE_BOUND('',#1369,.T.);
#277=FACE_BOUND('',#1370,.T.);
#278=FACE_BOUND('',#1371,.T.);
#279=FACE_BOUND('',#1372,.T.);
#280=FACE_BOUND('',#1423,.T.);
#281=B_SPLINE_CURVE_WITH_KNOTS('',3,(#7684,#7685,#7686,#7687),
 .UNSPECIFIED.,.F.,.F.,(4,4),(0.,1.),.UNSPECIFIED.);
#282=B_SPLINE_CURVE_WITH_KNOTS('',3,(#7689,#7690,#7691,#7692),
 .UNSPECIFIED.,.F.,.F.,(4,4),(0.0377846264041371,1.),.UNSPECIFIED.);
#283=B_SPLINE_CURVE_WITH_KNOTS('',3,(#7696,#7697,#7698,#7699,#7700,#7701,
#7702,#7703,#7704,#7705,#7706,#7707,#7708,#7709,#7710,#7711),
 .UNSPECIFIED.,.F.,.F.,(4,3,3,3,3,4),(3.69928763943321E-5,0.519267089071748,
0.846747249654383,0.957720444780423,1.00002065074662,1.0000722785043),
 .UNSPECIFIED.);
#284=B_SPLINE_CURVE_WITH_KNOTS('',3,(#7715,#7716,#7717,#7718,#7719,#7720,
#7721,#7722,#7723,#7724),.UNSPECIFIED.,.F.,.F.,(4,3,3,4),(-2.26599411162376E-5,
-6.47590631841074E-6,0.033353664080153,1.),.UNSPECIFIED.);
#285=B_SPLINE_CURVE_WITH_KNOTS('',3,(#7728,#7729,#7730,#7731),
 .UNSPECIFIED.,.F.,.F.,(4,4),(1.01969293125125E-6,1.00000000032669),
 .UNSPECIFIED.);
#286=B_SPLINE_CURVE_WITH_KNOTS('',3,(#7735,#7736,#7737,#7738,#7739,#7740,
#7741),.UNSPECIFIED.,.F.,.F.,(4,3,4),(4.99883453641285E-6,0.775053181841674,
0.999999999967015),.UNSPECIFIED.);
#287=B_SPLINE_CURVE_WITH_KNOTS('',3,(#7745,#7746,#7747,#7748),
 .UNSPECIFIED.,.F.,.F.,(4,4),(2.03959045014591E-6,1.),.UNSPECIFIED.);
#288=B_SPLINE_CURVE_WITH_KNOTS('',3,(#7752,#7753,#7754,#7755,#7756,#7757,
#7758,#7759,#7760,#7761),.UNSPECIFIED.,.F.,.F.,(4,3,3,4),(-0.000117248709921702,
-3.34997270369514E-5,0.102089941808709,1.),.UNSPECIFIED.);
#289=B_SPLINE_CURVE_WITH_KNOTS('',3,(#7765,#7766,#7767,#7768,#7769,#7770,
#7771,#7772,#7773,#7774,#7775,#7776,#7777),.UNSPECIFIED.,.F.,.F.,(4,3,3,
3,4),(3.45164082216089E-5,0.706848455909667,0.971693730336583,1.00002272748532,
1.00007954674694),.UNSPECIFIED.);
#290=B_SPLINE_CURVE_WITH_KNOTS('',3,(#7781,#7782,#7783,#7784,#7785,#7786,
#7787,#7788,#7789,#7790),.UNSPECIFIED.,.F.,.F.,(4,3,3,4),(-3.17131335091954E-5,
-9.0610123522209E-6,0.0348583227007153,1.),.UNSPECIFIED.);
#291=B_SPLINE_CURVE_WITH_KNOTS('',3,(#7794,#7795,#7796,#7797),
 .UNSPECIFIED.,.F.,.F.,(4,4),(-1.,0.),.UNSPECIFIED.);
#292=B_SPLINE_CURVE_WITH_KNOTS('',3,(#7801,#7802,#7803,#7804),
 .UNSPECIFIED.,.F.,.F.,(4,4),(-1.,0.),.UNSPECIFIED.);
#293=B_SPLINE_CURVE_WITH_KNOTS('',3,(#7806,#7807,#7808,#7809),
 .UNSPECIFIED.,.F.,.F.,(4,4),(-1.,0.),.UNSPECIFIED.);
#294=B_SPLINE_CURVE_WITH_KNOTS('',3,(#7813,#7814,#7815,#7816),
 .UNSPECIFIED.,.F.,.F.,(4,4),(-1.,0.),.UNSPECIFIED.);
#295=B_SPLINE_CURVE_WITH_KNOTS('',3,(#7818,#7819,#7820,#7821),
 .UNSPECIFIED.,.F.,.F.,(4,4),(-1.,0.),.UNSPECIFIED.);
#296=B_SPLINE_CURVE_WITH_KNOTS('',3,(#7825,#7826,#7827,#7828),
 .UNSPECIFIED.,.F.,.F.,(4,4),(-1.,0.),.UNSPECIFIED.);
#297=B_SPLINE_CURVE_WITH_KNOTS('',3,(#7830,#7831,#7832,#7833),
 .UNSPECIFIED.,.F.,.F.,(4,4),(-1.,0.),.UNSPECIFIED.);
#298=B_SPLINE_CURVE_WITH_KNOTS('',3,(#7836,#7837,#7838,#7839),
 .UNSPECIFIED.,.F.,.F.,(4,4),(-1.,0.),.UNSPECIFIED.);
#299=B_SPLINE_CURVE_WITH_KNOTS('',3,(#7842,#7843,#7844,#7845),
 .UNSPECIFIED.,.F.,.F.,(4,4),(-1.,0.),.UNSPECIFIED.);
#300=B_SPLINE_CURVE_WITH_KNOTS('',3,(#7847,#7848,#7849,#7850),
 .UNSPECIFIED.,.F.,.F.,(4,4),(-1.,0.),.UNSPECIFIED.);
#301=B_SPLINE_CURVE_WITH_KNOTS('',3,(#7852,#7853,#7854,#7855),
 .UNSPECIFIED.,.F.,.F.,(4,4),(-1.,0.),.UNSPECIFIED.);
#302=B_SPLINE_CURVE_WITH_KNOTS('',3,(#7857,#7858,#7859,#7860),
 .UNSPECIFIED.,.F.,.F.,(4,4),(-1.,0.),.UNSPECIFIED.);
#303=B_SPLINE_CURVE_WITH_KNOTS('',3,(#7862,#7863,#7864,#7865),
 .UNSPECIFIED.,.F.,.F.,(4,4),(-1.,0.),.UNSPECIFIED.);
#304=B_SPLINE_CURVE_WITH_KNOTS('',3,(#7866,#7867,#7868,#7869),
 .UNSPECIFIED.,.F.,.F.,(4,4),(-1.,0.),.UNSPECIFIED.);
#305=B_SPLINE_CURVE_WITH_KNOTS('',3,(#7872,#7873,#7874,#7875),
 .UNSPECIFIED.,.F.,.F.,(4,4),(-1.,0.),.UNSPECIFIED.);
#306=B_SPLINE_CURVE_WITH_KNOTS('',3,(#7877,#7878,#7879,#7880),
 .UNSPECIFIED.,.F.,.F.,(4,4),(-1.,0.),.UNSPECIFIED.);
#307=B_SPLINE_CURVE_WITH_KNOTS('',3,(#7882,#7883,#7884,#7885),
 .UNSPECIFIED.,.F.,.F.,(4,4),(-1.,0.),.UNSPECIFIED.);
#308=B_SPLINE_CURVE_WITH_KNOTS('',3,(#7887,#7888,#7889,#7890),
 .UNSPECIFIED.,.F.,.F.,(4,4),(-1.,0.),.UNSPECIFIED.);
#309=B_SPLINE_CURVE_WITH_KNOTS('',3,(#7891,#7892,#7893,#7894),
 .UNSPECIFIED.,.F.,.F.,(4,4),(-1.,0.),.UNSPECIFIED.);
#310=B_SPLINE_CURVE_WITH_KNOTS('',3,(#7897,#7898,#7899,#7900),
 .UNSPECIFIED.,.F.,.F.,(4,4),(-1.,0.),.UNSPECIFIED.);
#311=B_SPLINE_CURVE_WITH_KNOTS('',3,(#7902,#7903,#7904,#7905),
 .UNSPECIFIED.,.F.,.F.,(4,4),(-1.,0.),.UNSPECIFIED.);
#312=B_SPLINE_CURVE_WITH_KNOTS('',3,(#7907,#7908,#7909,#7910),
 .UNSPECIFIED.,.F.,.F.,(4,4),(-1.,0.),.UNSPECIFIED.);
#313=B_SPLINE_CURVE_WITH_KNOTS('',3,(#7912,#7913,#7914,#7915),
 .UNSPECIFIED.,.F.,.F.,(4,4),(-1.,0.),.UNSPECIFIED.);
#314=B_SPLINE_CURVE_WITH_KNOTS('',3,(#7917,#7918,#7919,#7920),
 .UNSPECIFIED.,.F.,.F.,(4,4),(-1.,0.),.UNSPECIFIED.);
#315=B_SPLINE_CURVE_WITH_KNOTS('',3,(#7921,#7922,#7923,#7924),
 .UNSPECIFIED.,.F.,.F.,(4,4),(-1.,0.),.UNSPECIFIED.);
#316=B_SPLINE_CURVE_WITH_KNOTS('',3,(#7927,#7928,#7929,#7930),
 .UNSPECIFIED.,.F.,.F.,(4,4),(-1.,0.),.UNSPECIFIED.);
#317=B_SPLINE_CURVE_WITH_KNOTS('',3,(#7932,#7933,#7934,#7935),
 .UNSPECIFIED.,.F.,.F.,(4,4),(-1.,0.),.UNSPECIFIED.);
#318=B_SPLINE_CURVE_WITH_KNOTS('',3,(#7937,#7938,#7939,#7940),
 .UNSPECIFIED.,.F.,.F.,(4,4),(-1.,0.),.UNSPECIFIED.);
#319=B_SPLINE_CURVE_WITH_KNOTS('',3,(#7942,#7943,#7944,#7945),
 .UNSPECIFIED.,.F.,.F.,(4,4),(-1.,0.),.UNSPECIFIED.);
#320=B_SPLINE_CURVE_WITH_KNOTS('',3,(#7947,#7948,#7949,#7950),
 .UNSPECIFIED.,.F.,.F.,(4,4),(-1.,0.),.UNSPECIFIED.);
#321=B_SPLINE_CURVE_WITH_KNOTS('',3,(#7951,#7952,#7953,#7954),
 .UNSPECIFIED.,.F.,.F.,(4,4),(-1.,0.),.UNSPECIFIED.);
#322=B_SPLINE_CURVE_WITH_KNOTS('',3,(#7957,#7958,#7959,#7960),
 .UNSPECIFIED.,.F.,.F.,(4,4),(-1.,0.),.UNSPECIFIED.);
#323=B_SPLINE_CURVE_WITH_KNOTS('',3,(#7962,#7963,#7964,#7965),
 .UNSPECIFIED.,.F.,.F.,(4,4),(-1.,0.),.UNSPECIFIED.);
#324=B_SPLINE_CURVE_WITH_KNOTS('',3,(#7967,#7968,#7969,#7970),
 .UNSPECIFIED.,.F.,.F.,(4,4),(-1.,0.),.UNSPECIFIED.);
#325=B_SPLINE_CURVE_WITH_KNOTS('',3,(#7972,#7973,#7974,#7975),
 .UNSPECIFIED.,.F.,.F.,(4,4),(-1.,0.),.UNSPECIFIED.);
#326=B_SPLINE_CURVE_WITH_KNOTS('',3,(#7977,#7978,#7979,#7980),
 .UNSPECIFIED.,.F.,.F.,(4,4),(-1.,0.),.UNSPECIFIED.);
#327=B_SPLINE_CURVE_WITH_KNOTS('',3,(#7981,#7982,#7983,#7984),
 .UNSPECIFIED.,.F.,.F.,(4,4),(-1.,0.),.UNSPECIFIED.);
#328=B_SPLINE_CURVE_WITH_KNOTS('',3,(#7987,#7988,#7989,#7990),
 .UNSPECIFIED.,.F.,.F.,(4,4),(-1.,0.),.UNSPECIFIED.);
#329=B_SPLINE_CURVE_WITH_KNOTS('',3,(#7994,#7995,#7996,#7997),
 .UNSPECIFIED.,.F.,.F.,(4,4),(-1.,0.),.UNSPECIFIED.);
#330=B_SPLINE_CURVE_WITH_KNOTS('',3,(#8001,#8002,#8003,#8004),
 .UNSPECIFIED.,.F.,.F.,(4,4),(-1.,0.),.UNSPECIFIED.);
#331=B_SPLINE_CURVE_WITH_KNOTS('',3,(#8008,#8009,#8010,#8011),
 .UNSPECIFIED.,.F.,.F.,(4,4),(-1.,0.),.UNSPECIFIED.);
#332=B_SPLINE_CURVE_WITH_KNOTS('',3,(#8023,#8024,#8025,#8026),
 .UNSPECIFIED.,.F.,.F.,(4,4),(-1.,0.),.UNSPECIFIED.);
#333=B_SPLINE_CURVE_WITH_KNOTS('',3,(#8028,#8029,#8030,#8031),
 .UNSPECIFIED.,.F.,.F.,(4,4),(-1.,0.),.UNSPECIFIED.);
#334=B_SPLINE_CURVE_WITH_KNOTS('',3,(#8033,#8034,#8035,#8036),
 .UNSPECIFIED.,.F.,.F.,(4,4),(-1.,0.),.UNSPECIFIED.);
#335=B_SPLINE_CURVE_WITH_KNOTS('',3,(#8038,#8039,#8040,#8041),
 .UNSPECIFIED.,.F.,.F.,(4,4),(-1.,0.),.UNSPECIFIED.);
#336=B_SPLINE_CURVE_WITH_KNOTS('',3,(#8043,#8044,#8045,#8046),
 .UNSPECIFIED.,.F.,.F.,(4,4),(-1.,0.),.UNSPECIFIED.);
#337=B_SPLINE_CURVE_WITH_KNOTS('',3,(#8047,#8048,#8049,#8050),
 .UNSPECIFIED.,.F.,.F.,(4,4),(-1.,0.),.UNSPECIFIED.);
#338=B_SPLINE_CURVE_WITH_KNOTS('',3,(#8053,#8054,#8055,#8056),
 .UNSPECIFIED.,.F.,.F.,(4,4),(-1.,0.),.UNSPECIFIED.);
#339=B_SPLINE_CURVE_WITH_KNOTS('',3,(#8058,#8059,#8060,#8061),
 .UNSPECIFIED.,.F.,.F.,(4,4),(-1.,0.),.UNSPECIFIED.);
#340=B_SPLINE_CURVE_WITH_KNOTS('',3,(#8063,#8064,#8065,#8066),
 .UNSPECIFIED.,.F.,.F.,(4,4),(-1.,0.),.UNSPECIFIED.);
#341=B_SPLINE_CURVE_WITH_KNOTS('',3,(#8068,#8069,#8070,#8071),
 .UNSPECIFIED.,.F.,.F.,(4,4),(-1.,0.),.UNSPECIFIED.);
#342=B_SPLINE_CURVE_WITH_KNOTS('',3,(#8073,#8074,#8075,#8076),
 .UNSPECIFIED.,.F.,.F.,(4,4),(-1.,0.),.UNSPECIFIED.);
#343=B_SPLINE_CURVE_WITH_KNOTS('',3,(#8077,#8078,#8079,#8080),
 .UNSPECIFIED.,.F.,.F.,(4,4),(-1.,0.),.UNSPECIFIED.);
#344=B_SPLINE_CURVE_WITH_KNOTS('',3,(#8083,#8084,#8085,#8086),
 .UNSPECIFIED.,.F.,.F.,(4,4),(-1.,0.),.UNSPECIFIED.);
#345=B_SPLINE_CURVE_WITH_KNOTS('',3,(#8090,#8091,#8092,#8093),
 .UNSPECIFIED.,.F.,.F.,(4,4),(-1.,0.),.UNSPECIFIED.);
#346=B_SPLINE_CURVE_WITH_KNOTS('',3,(#8095,#8096,#8097,#8098),
 .UNSPECIFIED.,.F.,.F.,(4,4),(-1.,0.),.UNSPECIFIED.);
#347=B_SPLINE_CURVE_WITH_KNOTS('',3,(#8102,#8103,#8104,#8105),
 .UNSPECIFIED.,.F.,.F.,(4,4),(-1.,0.),.UNSPECIFIED.);
#348=B_SPLINE_CURVE_WITH_KNOTS('',3,(#8107,#8108,#8109,#8110),
 .UNSPECIFIED.,.F.,.F.,(4,4),(-1.,0.),.UNSPECIFIED.);
#349=B_SPLINE_CURVE_WITH_KNOTS('',3,(#8114,#8115,#8116,#8117),
 .UNSPECIFIED.,.F.,.F.,(4,4),(-1.,0.),.UNSPECIFIED.);
#350=B_SPLINE_CURVE_WITH_KNOTS('',3,(#8119,#8120,#8121,#8122),
 .UNSPECIFIED.,.F.,.F.,(4,4),(-1.,0.),.UNSPECIFIED.);
#351=B_SPLINE_CURVE_WITH_KNOTS('',3,(#8125,#8126,#8127,#8128),
 .UNSPECIFIED.,.F.,.F.,(4,4),(-1.,0.),.UNSPECIFIED.);
#352=B_SPLINE_CURVE_WITH_KNOTS('',3,(#8131,#8132,#8133,#8134),
 .UNSPECIFIED.,.F.,.F.,(4,4),(-1.,0.),.UNSPECIFIED.);
#353=B_SPLINE_CURVE_WITH_KNOTS('',3,(#8138,#8139,#8140,#8141),
 .UNSPECIFIED.,.F.,.F.,(4,4),(-1.,0.),.UNSPECIFIED.);
#354=B_SPLINE_CURVE_WITH_KNOTS('',3,(#8143,#8144,#8145,#8146),
 .UNSPECIFIED.,.F.,.F.,(4,4),(-1.,0.),.UNSPECIFIED.);
#355=B_SPLINE_CURVE_WITH_KNOTS('',3,(#8150,#8151,#8152,#8153),
 .UNSPECIFIED.,.F.,.F.,(4,4),(-1.,0.),.UNSPECIFIED.);
#356=B_SPLINE_CURVE_WITH_KNOTS('',3,(#8155,#8156,#8157,#8158),
 .UNSPECIFIED.,.F.,.F.,(4,4),(-1.,0.),.UNSPECIFIED.);
#357=B_SPLINE_CURVE_WITH_KNOTS('',3,(#8162,#8163,#8164,#8165),
 .UNSPECIFIED.,.F.,.F.,(4,4),(-1.,0.),.UNSPECIFIED.);
#358=B_SPLINE_CURVE_WITH_KNOTS('',3,(#8167,#8168,#8169,#8170),
 .UNSPECIFIED.,.F.,.F.,(4,4),(-1.,0.),.UNSPECIFIED.);
#359=B_SPLINE_CURVE_WITH_KNOTS('',3,(#8173,#8174,#8175,#8176),
 .UNSPECIFIED.,.F.,.F.,(4,4),(-1.,0.),.UNSPECIFIED.);
#360=B_SPLINE_CURVE_WITH_KNOTS('',3,(#8179,#8180,#8181,#8182),
 .UNSPECIFIED.,.F.,.F.,(4,4),(-1.,0.),.UNSPECIFIED.);
#361=B_SPLINE_CURVE_WITH_KNOTS('',3,(#8186,#8187,#8188,#8189),
 .UNSPECIFIED.,.F.,.F.,(4,4),(-1.,0.),.UNSPECIFIED.);
#362=B_SPLINE_CURVE_WITH_KNOTS('',3,(#8191,#8192,#8193,#8194),
 .UNSPECIFIED.,.F.,.F.,(4,4),(-1.,0.),.UNSPECIFIED.);
#363=B_SPLINE_CURVE_WITH_KNOTS('',3,(#8198,#8199,#8200,#8201),
 .UNSPECIFIED.,.F.,.F.,(4,4),(-1.,0.),.UNSPECIFIED.);
#364=B_SPLINE_CURVE_WITH_KNOTS('',3,(#8203,#8204,#8205,#8206),
 .UNSPECIFIED.,.F.,.F.,(4,4),(-1.,0.),.UNSPECIFIED.);
#365=B_SPLINE_CURVE_WITH_KNOTS('',3,(#8210,#8211,#8212,#8213),
 .UNSPECIFIED.,.F.,.F.,(4,4),(-1.,0.),.UNSPECIFIED.);
#366=B_SPLINE_CURVE_WITH_KNOTS('',3,(#8215,#8216,#8217,#8218),
 .UNSPECIFIED.,.F.,.F.,(4,4),(-1.,0.),.UNSPECIFIED.);
#367=B_SPLINE_CURVE_WITH_KNOTS('',3,(#8221,#8222,#8223,#8224),
 .UNSPECIFIED.,.F.,.F.,(4,4),(-1.,0.),.UNSPECIFIED.);
#368=B_SPLINE_CURVE_WITH_KNOTS('',3,(#8227,#8228,#8229,#8230),
 .UNSPECIFIED.,.F.,.F.,(4,4),(-1.,0.),.UNSPECIFIED.);
#369=B_SPLINE_CURVE_WITH_KNOTS('',3,(#8234,#8235,#8236,#8237),
 .UNSPECIFIED.,.F.,.F.,(4,4),(-1.,0.),.UNSPECIFIED.);
#370=B_SPLINE_CURVE_WITH_KNOTS('',3,(#8239,#8240,#8241,#8242),
 .UNSPECIFIED.,.F.,.F.,(4,4),(-1.,0.),.UNSPECIFIED.);
#371=B_SPLINE_CURVE_WITH_KNOTS('',3,(#8246,#8247,#8248,#8249),
 .UNSPECIFIED.,.F.,.F.,(4,4),(-1.,0.),.UNSPECIFIED.);
#372=B_SPLINE_CURVE_WITH_KNOTS('',3,(#8251,#8252,#8253,#8254),
 .UNSPECIFIED.,.F.,.F.,(4,4),(-1.,0.),.UNSPECIFIED.);
#373=B_SPLINE_CURVE_WITH_KNOTS('',3,(#8258,#8259,#8260,#8261),
 .UNSPECIFIED.,.F.,.F.,(4,4),(-1.,0.),.UNSPECIFIED.);
#374=B_SPLINE_CURVE_WITH_KNOTS('',3,(#8263,#8264,#8265,#8266),
 .UNSPECIFIED.,.F.,.F.,(4,4),(-1.,0.),.UNSPECIFIED.);
#375=B_SPLINE_CURVE_WITH_KNOTS('',3,(#8269,#8270,#8271,#8272),
 .UNSPECIFIED.,.F.,.F.,(4,4),(-1.,0.),.UNSPECIFIED.);
#376=B_SPLINE_CURVE_WITH_KNOTS('',3,(#8275,#8276,#8277,#8278),
 .UNSPECIFIED.,.F.,.F.,(4,4),(-1.,0.),.UNSPECIFIED.);
#377=B_SPLINE_CURVE_WITH_KNOTS('',3,(#8282,#8283,#8284,#8285),
 .UNSPECIFIED.,.F.,.F.,(4,4),(-1.,0.),.UNSPECIFIED.);
#378=B_SPLINE_CURVE_WITH_KNOTS('',3,(#8287,#8288,#8289,#8290),
 .UNSPECIFIED.,.F.,.F.,(4,4),(-1.,0.),.UNSPECIFIED.);
#379=B_SPLINE_CURVE_WITH_KNOTS('',3,(#8294,#8295,#8296,#8297),
 .UNSPECIFIED.,.F.,.F.,(4,4),(-1.,0.),.UNSPECIFIED.);
#380=B_SPLINE_CURVE_WITH_KNOTS('',3,(#8299,#8300,#8301,#8302),
 .UNSPECIFIED.,.F.,.F.,(4,4),(-1.,0.),.UNSPECIFIED.);
#381=B_SPLINE_CURVE_WITH_KNOTS('',3,(#8306,#8307,#8308,#8309),
 .UNSPECIFIED.,.F.,.F.,(4,4),(-1.,0.),.UNSPECIFIED.);
#382=B_SPLINE_CURVE_WITH_KNOTS('',3,(#8311,#8312,#8313,#8314),
 .UNSPECIFIED.,.F.,.F.,(4,4),(-1.,0.),.UNSPECIFIED.);
#383=B_SPLINE_CURVE_WITH_KNOTS('',3,(#8317,#8318,#8319,#8320),
 .UNSPECIFIED.,.F.,.F.,(4,4),(-1.,0.),.UNSPECIFIED.);
#384=B_SPLINE_CURVE_WITH_KNOTS('',3,(#8323,#8324,#8325,#8326),
 .UNSPECIFIED.,.F.,.F.,(4,4),(-1.,0.),.UNSPECIFIED.);
#385=B_SPLINE_CURVE_WITH_KNOTS('',3,(#8330,#8331,#8332,#8333),
 .UNSPECIFIED.,.F.,.F.,(4,4),(-1.,0.),.UNSPECIFIED.);
#386=B_SPLINE_CURVE_WITH_KNOTS('',3,(#8335,#8336,#8337,#8338),
 .UNSPECIFIED.,.F.,.F.,(4,4),(-1.,0.),.UNSPECIFIED.);
#387=B_SPLINE_CURVE_WITH_KNOTS('',3,(#8342,#8343,#8344,#8345),
 .UNSPECIFIED.,.F.,.F.,(4,4),(-1.,0.),.UNSPECIFIED.);
#388=B_SPLINE_CURVE_WITH_KNOTS('',3,(#8347,#8348,#8349,#8350),
 .UNSPECIFIED.,.F.,.F.,(4,4),(-1.,0.),.UNSPECIFIED.);
#389=B_SPLINE_CURVE_WITH_KNOTS('',3,(#8354,#8355,#8356,#8357),
 .UNSPECIFIED.,.F.,.F.,(4,4),(-1.,0.),.UNSPECIFIED.);
#390=B_SPLINE_CURVE_WITH_KNOTS('',3,(#8359,#8360,#8361,#8362),
 .UNSPECIFIED.,.F.,.F.,(4,4),(-1.,0.),.UNSPECIFIED.);
#391=B_SPLINE_CURVE_WITH_KNOTS('',3,(#8365,#8366,#8367,#8368),
 .UNSPECIFIED.,.F.,.F.,(4,4),(-1.,0.),.UNSPECIFIED.);
#392=B_SPLINE_CURVE_WITH_KNOTS('',3,(#8371,#8372,#8373,#8374),
 .UNSPECIFIED.,.F.,.F.,(4,4),(-1.,0.),.UNSPECIFIED.);
#393=B_SPLINE_CURVE_WITH_KNOTS('',3,(#8378,#8379,#8380,#8381),
 .UNSPECIFIED.,.F.,.F.,(4,4),(-1.,0.),.UNSPECIFIED.);
#394=B_SPLINE_CURVE_WITH_KNOTS('',3,(#8383,#8384,#8385,#8386),
 .UNSPECIFIED.,.F.,.F.,(4,4),(-1.,0.),.UNSPECIFIED.);
#395=B_SPLINE_CURVE_WITH_KNOTS('',3,(#8390,#8391,#8392,#8393),
 .UNSPECIFIED.,.F.,.F.,(4,4),(-1.,0.),.UNSPECIFIED.);
#396=B_SPLINE_CURVE_WITH_KNOTS('',3,(#8395,#8396,#8397,#8398),
 .UNSPECIFIED.,.F.,.F.,(4,4),(-1.,0.),.UNSPECIFIED.);
#397=B_SPLINE_CURVE_WITH_KNOTS('',3,(#8402,#8403,#8404,#8405),
 .UNSPECIFIED.,.F.,.F.,(4,4),(-1.,0.),.UNSPECIFIED.);
#398=B_SPLINE_CURVE_WITH_KNOTS('',3,(#8407,#8408,#8409,#8410),
 .UNSPECIFIED.,.F.,.F.,(4,4),(-1.,0.),.UNSPECIFIED.);
#399=B_SPLINE_CURVE_WITH_KNOTS('',3,(#8413,#8414,#8415,#8416),
 .UNSPECIFIED.,.F.,.F.,(4,4),(-1.,0.),.UNSPECIFIED.);
#400=B_SPLINE_CURVE_WITH_KNOTS('',3,(#8419,#8420,#8421,#8422),
 .UNSPECIFIED.,.F.,.F.,(4,4),(-1.,0.),.UNSPECIFIED.);
#401=B_SPLINE_CURVE_WITH_KNOTS('',3,(#8426,#8427,#8428,#8429),
 .UNSPECIFIED.,.F.,.F.,(4,4),(-1.,0.),.UNSPECIFIED.);
#402=B_SPLINE_CURVE_WITH_KNOTS('',3,(#8433,#8434,#8435,#8436),
 .UNSPECIFIED.,.F.,.F.,(4,4),(-1.,0.),.UNSPECIFIED.);
#403=B_SPLINE_CURVE_WITH_KNOTS('',3,(#8440,#8441,#8442,#8443),
 .UNSPECIFIED.,.F.,.F.,(4,4),(-1.,0.),.UNSPECIFIED.);
#404=B_SPLINE_CURVE_WITH_KNOTS('',3,(#8447,#8448,#8449,#8450),
 .UNSPECIFIED.,.F.,.F.,(4,4),(-1.,0.),.UNSPECIFIED.);
#405=B_SPLINE_CURVE_WITH_KNOTS('',3,(#8454,#8455,#8456,#8457),
 .UNSPECIFIED.,.F.,.F.,(4,4),(-1.,0.),.UNSPECIFIED.);
#406=B_SPLINE_CURVE_WITH_KNOTS('',3,(#8459,#8460,#8461,#8462),
 .UNSPECIFIED.,.F.,.F.,(4,4),(-1.,0.),.UNSPECIFIED.);
#407=B_SPLINE_CURVE_WITH_KNOTS('',3,(#8466,#8467,#8468,#8469),
 .UNSPECIFIED.,.F.,.F.,(4,4),(-1.,0.),.UNSPECIFIED.);
#408=B_SPLINE_CURVE_WITH_KNOTS('',3,(#8471,#8472,#8473,#8474),
 .UNSPECIFIED.,.F.,.F.,(4,4),(-1.,0.),.UNSPECIFIED.);
#409=B_SPLINE_CURVE_WITH_KNOTS('',3,(#8478,#8479,#8480,#8481),
 .UNSPECIFIED.,.F.,.F.,(4,4),(-1.,0.),.UNSPECIFIED.);
#410=B_SPLINE_CURVE_WITH_KNOTS('',3,(#8483,#8484,#8485,#8486),
 .UNSPECIFIED.,.F.,.F.,(4,4),(-1.,0.),.UNSPECIFIED.);
#411=B_SPLINE_CURVE_WITH_KNOTS('',3,(#8489,#8490,#8491,#8492),
 .UNSPECIFIED.,.F.,.F.,(4,4),(-1.,0.),.UNSPECIFIED.);
#412=B_SPLINE_CURVE_WITH_KNOTS('',3,(#8495,#8496,#8497,#8498),
 .UNSPECIFIED.,.F.,.F.,(4,4),(-1.,0.),.UNSPECIFIED.);
#413=B_SPLINE_CURVE_WITH_KNOTS('',3,(#8502,#8503,#8504,#8505),
 .UNSPECIFIED.,.F.,.F.,(4,4),(-1.,0.),.UNSPECIFIED.);
#414=B_SPLINE_CURVE_WITH_KNOTS('',3,(#8507,#8508,#8509,#8510),
 .UNSPECIFIED.,.F.,.F.,(4,4),(-1.,0.),.UNSPECIFIED.);
#415=B_SPLINE_CURVE_WITH_KNOTS('',3,(#8514,#8515,#8516,#8517),
 .UNSPECIFIED.,.F.,.F.,(4,4),(-1.,0.),.UNSPECIFIED.);
#416=B_SPLINE_CURVE_WITH_KNOTS('',3,(#8519,#8520,#8521,#8522),
 .UNSPECIFIED.,.F.,.F.,(4,4),(-1.,0.),.UNSPECIFIED.);
#417=B_SPLINE_CURVE_WITH_KNOTS('',3,(#8526,#8527,#8528,#8529),
 .UNSPECIFIED.,.F.,.F.,(4,4),(-1.,0.),.UNSPECIFIED.);
#418=B_SPLINE_CURVE_WITH_KNOTS('',3,(#8531,#8532,#8533,#8534),
 .UNSPECIFIED.,.F.,.F.,(4,4),(-1.,0.),.UNSPECIFIED.);
#419=B_SPLINE_CURVE_WITH_KNOTS('',3,(#8537,#8538,#8539,#8540),
 .UNSPECIFIED.,.F.,.F.,(4,4),(-1.,0.),.UNSPECIFIED.);
#420=B_SPLINE_CURVE_WITH_KNOTS('',3,(#8543,#8544,#8545,#8546),
 .UNSPECIFIED.,.F.,.F.,(4,4),(-1.,0.),.UNSPECIFIED.);
#421=B_SPLINE_CURVE_WITH_KNOTS('',3,(#8550,#8551,#8552,#8553),
 .UNSPECIFIED.,.F.,.F.,(4,4),(-1.,0.),.UNSPECIFIED.);
#422=B_SPLINE_CURVE_WITH_KNOTS('',3,(#8555,#8556,#8557,#8558),
 .UNSPECIFIED.,.F.,.F.,(4,4),(-1.,0.),.UNSPECIFIED.);
#423=B_SPLINE_CURVE_WITH_KNOTS('',3,(#8562,#8563,#8564,#8565),
 .UNSPECIFIED.,.F.,.F.,(4,4),(-1.,0.),.UNSPECIFIED.);
#424=B_SPLINE_CURVE_WITH_KNOTS('',3,(#8567,#8568,#8569,#8570),
 .UNSPECIFIED.,.F.,.F.,(4,4),(-1.,0.),.UNSPECIFIED.);
#425=B_SPLINE_CURVE_WITH_KNOTS('',3,(#8574,#8575,#8576,#8577),
 .UNSPECIFIED.,.F.,.F.,(4,4),(-1.,0.),.UNSPECIFIED.);
#426=B_SPLINE_CURVE_WITH_KNOTS('',3,(#8579,#8580,#8581,#8582),
 .UNSPECIFIED.,.F.,.F.,(4,4),(-1.,0.),.UNSPECIFIED.);
#427=B_SPLINE_CURVE_WITH_KNOTS('',3,(#8585,#8586,#8587,#8588),
 .UNSPECIFIED.,.F.,.F.,(4,4),(-1.,0.),.UNSPECIFIED.);
#428=B_SPLINE_CURVE_WITH_KNOTS('',3,(#8591,#8592,#8593,#8594),
 .UNSPECIFIED.,.F.,.F.,(4,4),(-1.,0.),.UNSPECIFIED.);
#429=B_SPLINE_CURVE_WITH_KNOTS('',3,(#8598,#8599,#8600,#8601),
 .UNSPECIFIED.,.F.,.F.,(4,4),(-1.,0.),.UNSPECIFIED.);
#430=B_SPLINE_CURVE_WITH_KNOTS('',3,(#8603,#8604,#8605,#8606),
 .UNSPECIFIED.,.F.,.F.,(4,4),(-1.,0.),.UNSPECIFIED.);
#431=B_SPLINE_CURVE_WITH_KNOTS('',3,(#8610,#8611,#8612,#8613),
 .UNSPECIFIED.,.F.,.F.,(4,4),(-1.,0.),.UNSPECIFIED.);
#432=B_SPLINE_CURVE_WITH_KNOTS('',3,(#8615,#8616,#8617,#8618),
 .UNSPECIFIED.,.F.,.F.,(4,4),(-1.,0.),.UNSPECIFIED.);
#433=B_SPLINE_CURVE_WITH_KNOTS('',3,(#8622,#8623,#8624,#8625),
 .UNSPECIFIED.,.F.,.F.,(4,4),(-1.,0.),.UNSPECIFIED.);
#434=B_SPLINE_CURVE_WITH_KNOTS('',3,(#8627,#8628,#8629,#8630),
 .UNSPECIFIED.,.F.,.F.,(4,4),(-1.,0.),.UNSPECIFIED.);
#435=B_SPLINE_CURVE_WITH_KNOTS('',3,(#8633,#8634,#8635,#8636),
 .UNSPECIFIED.,.F.,.F.,(4,4),(-1.,0.),.UNSPECIFIED.);
#436=B_SPLINE_CURVE_WITH_KNOTS('',3,(#8639,#8640,#8641,#8642),
 .UNSPECIFIED.,.F.,.F.,(4,4),(-1.,0.),.UNSPECIFIED.);
#437=B_SPLINE_CURVE_WITH_KNOTS('',3,(#8646,#8647,#8648,#8649),
 .UNSPECIFIED.,.F.,.F.,(4,4),(-1.,0.),.UNSPECIFIED.);
#438=B_SPLINE_CURVE_WITH_KNOTS('',3,(#8651,#8652,#8653,#8654),
 .UNSPECIFIED.,.F.,.F.,(4,4),(-1.,0.),.UNSPECIFIED.);
#439=B_SPLINE_CURVE_WITH_KNOTS('',3,(#8658,#8659,#8660,#8661),
 .UNSPECIFIED.,.F.,.F.,(4,4),(-1.,0.),.UNSPECIFIED.);
#440=B_SPLINE_CURVE_WITH_KNOTS('',3,(#8663,#8664,#8665,#8666),
 .UNSPECIFIED.,.F.,.F.,(4,4),(-1.,0.),.UNSPECIFIED.);
#441=B_SPLINE_CURVE_WITH_KNOTS('',3,(#8670,#8671,#8672,#8673),
 .UNSPECIFIED.,.F.,.F.,(4,4),(-1.,0.),.UNSPECIFIED.);
#442=B_SPLINE_CURVE_WITH_KNOTS('',3,(#8675,#8676,#8677,#8678),
 .UNSPECIFIED.,.F.,.F.,(4,4),(-1.,0.),.UNSPECIFIED.);
#443=B_SPLINE_CURVE_WITH_KNOTS('',3,(#8681,#8682,#8683,#8684),
 .UNSPECIFIED.,.F.,.F.,(4,4),(-1.,0.),.UNSPECIFIED.);
#444=B_SPLINE_CURVE_WITH_KNOTS('',3,(#8687,#8688,#8689,#8690),
 .UNSPECIFIED.,.F.,.F.,(4,4),(-1.,0.),.UNSPECIFIED.);
#445=B_SPLINE_CURVE_WITH_KNOTS('',3,(#8694,#8695,#8696,#8697),
 .UNSPECIFIED.,.F.,.F.,(4,4),(-1.,0.),.UNSPECIFIED.);
#446=B_SPLINE_CURVE_WITH_KNOTS('',3,(#8699,#8700,#8701,#8702),
 .UNSPECIFIED.,.F.,.F.,(4,4),(-1.,0.),.UNSPECIFIED.);
#447=B_SPLINE_CURVE_WITH_KNOTS('',3,(#8706,#8707,#8708,#8709),
 .UNSPECIFIED.,.F.,.F.,(4,4),(-1.,0.),.UNSPECIFIED.);
#448=B_SPLINE_CURVE_WITH_KNOTS('',3,(#8711,#8712,#8713,#8714),
 .UNSPECIFIED.,.F.,.F.,(4,4),(-1.,0.),.UNSPECIFIED.);
#449=B_SPLINE_CURVE_WITH_KNOTS('',3,(#8718,#8719,#8720,#8721),
 .UNSPECIFIED.,.F.,.F.,(4,4),(-1.,0.),.UNSPECIFIED.);
#450=B_SPLINE_CURVE_WITH_KNOTS('',3,(#8723,#8724,#8725,#8726),
 .UNSPECIFIED.,.F.,.F.,(4,4),(-1.,0.),.UNSPECIFIED.);
#451=B_SPLINE_CURVE_WITH_KNOTS('',3,(#8729,#8730,#8731,#8732),
 .UNSPECIFIED.,.F.,.F.,(4,4),(-1.,0.),.UNSPECIFIED.);
#452=B_SPLINE_CURVE_WITH_KNOTS('',3,(#8735,#8736,#8737,#8738),
 .UNSPECIFIED.,.F.,.F.,(4,4),(-1.,0.),.UNSPECIFIED.);
#453=B_SPLINE_CURVE_WITH_KNOTS('',3,(#8742,#8743,#8744,#8745),
 .UNSPECIFIED.,.F.,.F.,(4,4),(-1.,0.),.UNSPECIFIED.);
#454=B_SPLINE_CURVE_WITH_KNOTS('',3,(#8747,#8748,#8749,#8750),
 .UNSPECIFIED.,.F.,.F.,(4,4),(-1.,0.),.UNSPECIFIED.);
#455=B_SPLINE_CURVE_WITH_KNOTS('',3,(#8754,#8755,#8756,#8757),
 .UNSPECIFIED.,.F.,.F.,(4,4),(-1.,0.),.UNSPECIFIED.);
#456=B_SPLINE_CURVE_WITH_KNOTS('',3,(#8759,#8760,#8761,#8762),
 .UNSPECIFIED.,.F.,.F.,(4,4),(-1.,0.),.UNSPECIFIED.);
#457=B_SPLINE_CURVE_WITH_KNOTS('',3,(#8766,#8767,#8768,#8769),
 .UNSPECIFIED.,.F.,.F.,(4,4),(-1.,0.),.UNSPECIFIED.);
#458=B_SPLINE_CURVE_WITH_KNOTS('',3,(#8771,#8772,#8773,#8774),
 .UNSPECIFIED.,.F.,.F.,(4,4),(-1.,0.),.UNSPECIFIED.);
#459=B_SPLINE_CURVE_WITH_KNOTS('',3,(#8777,#8778,#8779,#8780),
 .UNSPECIFIED.,.F.,.F.,(4,4),(-1.,0.),.UNSPECIFIED.);
#460=B_SPLINE_CURVE_WITH_KNOTS('',3,(#8783,#8784,#8785,#8786),
 .UNSPECIFIED.,.F.,.F.,(4,4),(-1.,0.),.UNSPECIFIED.);
#461=B_SPLINE_CURVE_WITH_KNOTS('',3,(#8790,#8791,#8792,#8793),
 .UNSPECIFIED.,.F.,.F.,(4,4),(-1.,0.),.UNSPECIFIED.);
#462=B_SPLINE_CURVE_WITH_KNOTS('',3,(#8795,#8796,#8797,#8798),
 .UNSPECIFIED.,.F.,.F.,(4,4),(-1.,0.),.UNSPECIFIED.);
#463=B_SPLINE_CURVE_WITH_KNOTS('',3,(#8802,#8803,#8804,#8805),
 .UNSPECIFIED.,.F.,.F.,(4,4),(-1.,0.),.UNSPECIFIED.);
#464=B_SPLINE_CURVE_WITH_KNOTS('',3,(#8807,#8808,#8809,#8810),
 .UNSPECIFIED.,.F.,.F.,(4,4),(-1.,0.),.UNSPECIFIED.);
#465=B_SPLINE_CURVE_WITH_KNOTS('',3,(#8814,#8815,#8816,#8817),
 .UNSPECIFIED.,.F.,.F.,(4,4),(-1.,0.),.UNSPECIFIED.);
#466=B_SPLINE_CURVE_WITH_KNOTS('',3,(#8819,#8820,#8821,#8822),
 .UNSPECIFIED.,.F.,.F.,(4,4),(-1.,0.),.UNSPECIFIED.);
#467=B_SPLINE_CURVE_WITH_KNOTS('',3,(#8825,#8826,#8827,#8828),
 .UNSPECIFIED.,.F.,.F.,(4,4),(-1.,0.),.UNSPECIFIED.);
#468=B_SPLINE_CURVE_WITH_KNOTS('',3,(#8844,#8845,#8846,#8847),
 .UNSPECIFIED.,.F.,.F.,(4,4),(-1.,0.),.UNSPECIFIED.);
#469=B_SPLINE_CURVE_WITH_KNOTS('',3,(#8858,#8859,#8860,#8861),
 .UNSPECIFIED.,.F.,.F.,(4,4),(-1.,0.),.UNSPECIFIED.);
#470=B_SPLINE_CURVE_WITH_KNOTS('',3,(#8876,#8877,#8878,#8879),
 .UNSPECIFIED.,.F.,.F.,(4,4),(-1.,0.),.UNSPECIFIED.);
#471=B_SPLINE_CURVE_WITH_KNOTS('',3,(#8890,#8891,#8892,#8893),
 .UNSPECIFIED.,.F.,.F.,(4,4),(-1.,0.),.UNSPECIFIED.);
#472=B_SPLINE_CURVE_WITH_KNOTS('',3,(#8908,#8909,#8910,#8911),
 .UNSPECIFIED.,.F.,.F.,(4,4),(-1.,0.),.UNSPECIFIED.);
#473=B_SPLINE_CURVE_WITH_KNOTS('',3,(#8922,#8923,#8924,#8925),
 .UNSPECIFIED.,.F.,.F.,(4,4),(-1.,0.),.UNSPECIFIED.);
#474=B_SPLINE_CURVE_WITH_KNOTS('',3,(#8940,#8941,#8942,#8943),
 .UNSPECIFIED.,.F.,.F.,(4,4),(-1.,0.),.UNSPECIFIED.);
#475=B_SPLINE_CURVE_WITH_KNOTS('',3,(#8953,#8954,#8955,#8956),
 .UNSPECIFIED.,.F.,.F.,(4,4),(-1.,0.),.UNSPECIFIED.);
#476=B_SPLINE_CURVE_WITH_KNOTS('',3,(#8994,#8995,#8996,#8997),
 .UNSPECIFIED.,.F.,.F.,(4,4),(-1.,0.),.UNSPECIFIED.);
#477=B_SPLINE_CURVE_WITH_KNOTS('',3,(#9008,#9009,#9010,#9011),
 .UNSPECIFIED.,.F.,.F.,(4,4),(-1.,0.),.UNSPECIFIED.);
#478=B_SPLINE_CURVE_WITH_KNOTS('',3,(#9022,#9023,#9024,#9025),
 .UNSPECIFIED.,.F.,.F.,(4,4),(-1.,0.),.UNSPECIFIED.);
#479=B_SPLINE_CURVE_WITH_KNOTS('',3,(#9036,#9037,#9038,#9039),
 .UNSPECIFIED.,.F.,.F.,(4,4),(-1.,0.),.UNSPECIFIED.);
#480=B_SPLINE_CURVE_WITH_KNOTS('',3,(#9050,#9051,#9052,#9053),
 .UNSPECIFIED.,.F.,.F.,(4,4),(-1.,0.),.UNSPECIFIED.);
#481=B_SPLINE_CURVE_WITH_KNOTS('',3,(#9063,#9064,#9065,#9066),
 .UNSPECIFIED.,.F.,.F.,(4,4),(-1.,0.),.UNSPECIFIED.);
#482=B_SPLINE_CURVE_WITH_KNOTS('',3,(#9078,#9079,#9080,#9081),
 .UNSPECIFIED.,.F.,.F.,(4,4),(-1.,0.),.UNSPECIFIED.);
#483=B_SPLINE_CURVE_WITH_KNOTS('',3,(#9092,#9093,#9094,#9095),
 .UNSPECIFIED.,.F.,.F.,(4,4),(-1.,0.),.UNSPECIFIED.);
#484=B_SPLINE_CURVE_WITH_KNOTS('',3,(#9106,#9107,#9108,#9109),
 .UNSPECIFIED.,.F.,.F.,(4,4),(-1.,0.),.UNSPECIFIED.);
#485=B_SPLINE_CURVE_WITH_KNOTS('',3,(#9120,#9121,#9122,#9123),
 .UNSPECIFIED.,.F.,.F.,(4,4),(-1.,0.),.UNSPECIFIED.);
#486=B_SPLINE_CURVE_WITH_KNOTS('',3,(#9133,#9134,#9135,#9136),
 .UNSPECIFIED.,.F.,.F.,(4,4),(-1.,0.),.UNSPECIFIED.);
#487=B_SPLINE_CURVE_WITH_KNOTS('',3,(#9148,#9149,#9150,#9151),
 .UNSPECIFIED.,.F.,.F.,(4,4),(-1.,0.),.UNSPECIFIED.);
#488=B_SPLINE_CURVE_WITH_KNOTS('',3,(#9162,#9163,#9164,#9165),
 .UNSPECIFIED.,.F.,.F.,(4,4),(-1.,0.),.UNSPECIFIED.);
#489=B_SPLINE_CURVE_WITH_KNOTS('',3,(#9176,#9177,#9178,#9179),
 .UNSPECIFIED.,.F.,.F.,(4,4),(-1.,0.),.UNSPECIFIED.);
#490=B_SPLINE_CURVE_WITH_KNOTS('',3,(#9190,#9191,#9192,#9193),
 .UNSPECIFIED.,.F.,.F.,(4,4),(-1.,0.),.UNSPECIFIED.);
#491=B_SPLINE_CURVE_WITH_KNOTS('',3,(#9204,#9205,#9206,#9207),
 .UNSPECIFIED.,.F.,.F.,(4,4),(-1.,0.),.UNSPECIFIED.);
#492=B_SPLINE_CURVE_WITH_KNOTS('',3,(#9217,#9218,#9219,#9220),
 .UNSPECIFIED.,.F.,.F.,(4,4),(-1.,0.),.UNSPECIFIED.);
#493=B_SPLINE_CURVE_WITH_KNOTS('',3,(#9232,#9233,#9234,#9235),
 .UNSPECIFIED.,.F.,.F.,(4,4),(-1.,0.),.UNSPECIFIED.);
#494=B_SPLINE_CURVE_WITH_KNOTS('',3,(#9246,#9247,#9248,#9249),
 .UNSPECIFIED.,.F.,.F.,(4,4),(-1.,0.),.UNSPECIFIED.);
#495=B_SPLINE_CURVE_WITH_KNOTS('',3,(#9260,#9261,#9262,#9263),
 .UNSPECIFIED.,.F.,.F.,(4,4),(-1.,0.),.UNSPECIFIED.);
#496=B_SPLINE_CURVE_WITH_KNOTS('',3,(#9274,#9275,#9276,#9277),
 .UNSPECIFIED.,.F.,.F.,(4,4),(-1.,0.),.UNSPECIFIED.);
#497=B_SPLINE_CURVE_WITH_KNOTS('',3,(#9288,#9289,#9290,#9291),
 .UNSPECIFIED.,.F.,.F.,(4,4),(-1.,0.),.UNSPECIFIED.);
#498=B_SPLINE_CURVE_WITH_KNOTS('',3,(#9301,#9302,#9303,#9304),
 .UNSPECIFIED.,.F.,.F.,(4,4),(-1.,0.),.UNSPECIFIED.);
#499=B_SPLINE_CURVE_WITH_KNOTS('',3,(#9316,#9317,#9318,#9319),
 .UNSPECIFIED.,.F.,.F.,(4,4),(-1.,0.),.UNSPECIFIED.);
#500=B_SPLINE_CURVE_WITH_KNOTS('',3,(#9330,#9331,#9332,#9333),
 .UNSPECIFIED.,.F.,.F.,(4,4),(-1.,0.),.UNSPECIFIED.);
#501=B_SPLINE_CURVE_WITH_KNOTS('',3,(#9344,#9345,#9346,#9347),
 .UNSPECIFIED.,.F.,.F.,(4,4),(-1.,0.),.UNSPECIFIED.);
#502=B_SPLINE_CURVE_WITH_KNOTS('',3,(#9358,#9359,#9360,#9361),
 .UNSPECIFIED.,.F.,.F.,(4,4),(-1.,0.),.UNSPECIFIED.);
#503=B_SPLINE_CURVE_WITH_KNOTS('',3,(#9372,#9373,#9374,#9375),
 .UNSPECIFIED.,.F.,.F.,(4,4),(-1.,0.),.UNSPECIFIED.);
#504=B_SPLINE_CURVE_WITH_KNOTS('',3,(#9385,#9386,#9387,#9388),
 .UNSPECIFIED.,.F.,.F.,(4,4),(-1.,0.),.UNSPECIFIED.);
#505=B_SPLINE_CURVE_WITH_KNOTS('',3,(#9404,#9405,#9406,#9407),
 .UNSPECIFIED.,.F.,.F.,(4,4),(-1.,0.),.UNSPECIFIED.);
#506=B_SPLINE_CURVE_WITH_KNOTS('',3,(#9422,#9423,#9424,#9425),
 .UNSPECIFIED.,.F.,.F.,(4,4),(-1.,0.),.UNSPECIFIED.);
#507=B_SPLINE_CURVE_WITH_KNOTS('',3,(#9440,#9441,#9442,#9443),
 .UNSPECIFIED.,.F.,.F.,(4,4),(-1.,0.),.UNSPECIFIED.);
#508=B_SPLINE_CURVE_WITH_KNOTS('',3,(#9457,#9458,#9459,#9460),
 .UNSPECIFIED.,.F.,.F.,(4,4),(-1.,0.),.UNSPECIFIED.);
#509=B_SPLINE_CURVE_WITH_KNOTS('',3,(#9488,#9489,#9490,#9491),
 .UNSPECIFIED.,.F.,.F.,(4,4),(-1.,0.),.UNSPECIFIED.);
#510=B_SPLINE_CURVE_WITH_KNOTS('',3,(#9502,#9503,#9504,#9505),
 .UNSPECIFIED.,.F.,.F.,(4,4),(-1.,0.),.UNSPECIFIED.);
#511=B_SPLINE_CURVE_WITH_KNOTS('',3,(#9516,#9517,#9518,#9519),
 .UNSPECIFIED.,.F.,.F.,(4,4),(-1.,0.),.UNSPECIFIED.);
#512=B_SPLINE_CURVE_WITH_KNOTS('',3,(#9530,#9531,#9532,#9533),
 .UNSPECIFIED.,.F.,.F.,(4,4),(-1.,0.),.UNSPECIFIED.);
#513=B_SPLINE_CURVE_WITH_KNOTS('',3,(#9544,#9545,#9546,#9547),
 .UNSPECIFIED.,.F.,.F.,(4,4),(-1.,0.),.UNSPECIFIED.);
#514=B_SPLINE_CURVE_WITH_KNOTS('',3,(#9557,#9558,#9559,#9560),
 .UNSPECIFIED.,.F.,.F.,(4,4),(-1.,0.),.UNSPECIFIED.);
#515=B_SPLINE_CURVE_WITH_KNOTS('',3,(#9572,#9573,#9574,#9575),
 .UNSPECIFIED.,.F.,.F.,(4,4),(-1.,0.),.UNSPECIFIED.);
#516=B_SPLINE_CURVE_WITH_KNOTS('',3,(#9586,#9587,#9588,#9589),
 .UNSPECIFIED.,.F.,.F.,(4,4),(-1.,0.),.UNSPECIFIED.);
#517=B_SPLINE_CURVE_WITH_KNOTS('',3,(#9600,#9601,#9602,#9603),
 .UNSPECIFIED.,.F.,.F.,(4,4),(-1.,0.),.UNSPECIFIED.);
#518=B_SPLINE_CURVE_WITH_KNOTS('',3,(#9614,#9615,#9616,#9617),
 .UNSPECIFIED.,.F.,.F.,(4,4),(-1.,0.),.UNSPECIFIED.);
#519=B_SPLINE_CURVE_WITH_KNOTS('',3,(#9628,#9629,#9630,#9631),
 .UNSPECIFIED.,.F.,.F.,(4,4),(-1.,0.),.UNSPECIFIED.);
#520=B_SPLINE_CURVE_WITH_KNOTS('',3,(#9641,#9642,#9643,#9644),
 .UNSPECIFIED.,.F.,.F.,(4,4),(-1.,0.),.UNSPECIFIED.);
#521=B_SPLINE_CURVE_WITH_KNOTS('',3,(#9660,#9661,#9662,#9663),
 .UNSPECIFIED.,.F.,.F.,(4,4),(-1.,0.),.UNSPECIFIED.);
#522=B_SPLINE_CURVE_WITH_KNOTS('',3,(#9674,#9675,#9676,#9677),
 .UNSPECIFIED.,.F.,.F.,(4,4),(-1.,0.),.UNSPECIFIED.);
#523=B_SPLINE_CURVE_WITH_KNOTS('',3,(#9692,#9693,#9694,#9695),
 .UNSPECIFIED.,.F.,.F.,(4,4),(-1.,0.),.UNSPECIFIED.);
#524=B_SPLINE_CURVE_WITH_KNOTS('',3,(#9706,#9707,#9708,#9709),
 .UNSPECIFIED.,.F.,.F.,(4,4),(-1.,0.),.UNSPECIFIED.);
#525=B_SPLINE_CURVE_WITH_KNOTS('',3,(#9724,#9725,#9726,#9727),
 .UNSPECIFIED.,.F.,.F.,(4,4),(-1.,0.),.UNSPECIFIED.);
#526=B_SPLINE_CURVE_WITH_KNOTS('',3,(#9738,#9739,#9740,#9741),
 .UNSPECIFIED.,.F.,.F.,(4,4),(-1.,0.),.UNSPECIFIED.);
#527=B_SPLINE_CURVE_WITH_KNOTS('',3,(#9756,#9757,#9758,#9759),
 .UNSPECIFIED.,.F.,.F.,(4,4),(-1.,0.),.UNSPECIFIED.);
#528=B_SPLINE_CURVE_WITH_KNOTS('',3,(#9769,#9770,#9771,#9772),
 .UNSPECIFIED.,.F.,.F.,(4,4),(-1.,0.),.UNSPECIFIED.);
#529=B_SPLINE_CURVE_WITH_KNOTS('',3,(#9788,#9789,#9790,#9791),
 .UNSPECIFIED.,.F.,.F.,(4,4),(-1.,0.),.UNSPECIFIED.);
#530=B_SPLINE_CURVE_WITH_KNOTS('',3,(#9802,#9803,#9804,#9805),
 .UNSPECIFIED.,.F.,.F.,(4,4),(-1.,0.),.UNSPECIFIED.);
#531=B_SPLINE_CURVE_WITH_KNOTS('',3,(#9820,#9821,#9822,#9823),
 .UNSPECIFIED.,.F.,.F.,(4,4),(-1.,0.),.UNSPECIFIED.);
#532=B_SPLINE_CURVE_WITH_KNOTS('',3,(#9834,#9835,#9836,#9837),
 .UNSPECIFIED.,.F.,.F.,(4,4),(-1.,0.),.UNSPECIFIED.);
#533=B_SPLINE_CURVE_WITH_KNOTS('',3,(#9852,#9853,#9854,#9855),
 .UNSPECIFIED.,.F.,.F.,(4,4),(-1.,0.),.UNSPECIFIED.);
#534=B_SPLINE_CURVE_WITH_KNOTS('',3,(#9866,#9867,#9868,#9869),
 .UNSPECIFIED.,.F.,.F.,(4,4),(-1.,0.),.UNSPECIFIED.);
#535=B_SPLINE_CURVE_WITH_KNOTS('',3,(#9884,#9885,#9886,#9887),
 .UNSPECIFIED.,.F.,.F.,(4,4),(-1.,0.),.UNSPECIFIED.);
#536=B_SPLINE_CURVE_WITH_KNOTS('',3,(#9897,#9898,#9899,#9900),
 .UNSPECIFIED.,.F.,.F.,(4,4),(-1.,0.),.UNSPECIFIED.);
#537=B_SPLINE_CURVE_WITH_KNOTS('',3,(#9916,#9917,#9918,#9919),
 .UNSPECIFIED.,.F.,.F.,(4,4),(-1.,0.),.UNSPECIFIED.);
#538=B_SPLINE_CURVE_WITH_KNOTS('',3,(#9930,#9931,#9932,#9933),
 .UNSPECIFIED.,.F.,.F.,(4,4),(-1.,0.),.UNSPECIFIED.);
#539=B_SPLINE_CURVE_WITH_KNOTS('',3,(#9948,#9949,#9950,#9951),
 .UNSPECIFIED.,.F.,.F.,(4,4),(-1.,0.),.UNSPECIFIED.);
#540=B_SPLINE_CURVE_WITH_KNOTS('',3,(#9962,#9963,#9964,#9965),
 .UNSPECIFIED.,.F.,.F.,(4,4),(-1.,0.),.UNSPECIFIED.);
#541=B_SPLINE_CURVE_WITH_KNOTS('',3,(#9980,#9981,#9982,#9983),
 .UNSPECIFIED.,.F.,.F.,(4,4),(-1.,0.),.UNSPECIFIED.);
#542=B_SPLINE_CURVE_WITH_KNOTS('',3,(#9994,#9995,#9996,#9997),
 .UNSPECIFIED.,.F.,.F.,(4,4),(-1.,0.),.UNSPECIFIED.);
#543=B_SPLINE_CURVE_WITH_KNOTS('',3,(#10012,#10013,#10014,#10015),
 .UNSPECIFIED.,.F.,.F.,(4,4),(-1.,0.),.UNSPECIFIED.);
#544=B_SPLINE_CURVE_WITH_KNOTS('',3,(#10025,#10026,#10027,#10028),
 .UNSPECIFIED.,.F.,.F.,(4,4),(-1.,0.),.UNSPECIFIED.);
#545=B_SPLINE_CURVE_WITH_KNOTS('',3,(#10044,#10045,#10046,#10047),
 .UNSPECIFIED.,.F.,.F.,(4,4),(-1.,0.),.UNSPECIFIED.);
#546=B_SPLINE_CURVE_WITH_KNOTS('',3,(#10058,#10059,#10060,#10061),
 .UNSPECIFIED.,.F.,.F.,(4,4),(-1.,0.),.UNSPECIFIED.);
#547=B_SPLINE_CURVE_WITH_KNOTS('',3,(#10076,#10077,#10078,#10079),
 .UNSPECIFIED.,.F.,.F.,(4,4),(-1.,0.),.UNSPECIFIED.);
#548=B_SPLINE_CURVE_WITH_KNOTS('',3,(#10090,#10091,#10092,#10093),
 .UNSPECIFIED.,.F.,.F.,(4,4),(-1.,0.),.UNSPECIFIED.);
#549=B_SPLINE_CURVE_WITH_KNOTS('',3,(#10108,#10109,#10110,#10111),
 .UNSPECIFIED.,.F.,.F.,(4,4),(-1.,0.),.UNSPECIFIED.);
#550=B_SPLINE_CURVE_WITH_KNOTS('',3,(#10122,#10123,#10124,#10125),
 .UNSPECIFIED.,.F.,.F.,(4,4),(-1.,0.),.UNSPECIFIED.);
#551=B_SPLINE_CURVE_WITH_KNOTS('',3,(#10140,#10141,#10142,#10143),
 .UNSPECIFIED.,.F.,.F.,(4,4),(-1.,0.),.UNSPECIFIED.);
#552=B_SPLINE_CURVE_WITH_KNOTS('',3,(#10153,#10154,#10155,#10156),
 .UNSPECIFIED.,.F.,.F.,(4,4),(-1.,0.),.UNSPECIFIED.);
#553=B_SPLINE_CURVE_WITH_KNOTS('',3,(#10172,#10173,#10174,#10175),
 .UNSPECIFIED.,.F.,.F.,(4,4),(-1.,0.),.UNSPECIFIED.);
#554=B_SPLINE_CURVE_WITH_KNOTS('',3,(#10186,#10187,#10188,#10189),
 .UNSPECIFIED.,.F.,.F.,(4,4),(-1.,0.),.UNSPECIFIED.);
#555=B_SPLINE_CURVE_WITH_KNOTS('',3,(#10204,#10205,#10206,#10207),
 .UNSPECIFIED.,.F.,.F.,(4,4),(-1.,0.),.UNSPECIFIED.);
#556=B_SPLINE_CURVE_WITH_KNOTS('',3,(#10218,#10219,#10220,#10221),
 .UNSPECIFIED.,.F.,.F.,(4,4),(-1.,0.),.UNSPECIFIED.);
#557=B_SPLINE_CURVE_WITH_KNOTS('',3,(#10236,#10237,#10238,#10239),
 .UNSPECIFIED.,.F.,.F.,(4,4),(-1.,0.),.UNSPECIFIED.);
#558=B_SPLINE_CURVE_WITH_KNOTS('',3,(#10250,#10251,#10252,#10253),
 .UNSPECIFIED.,.F.,.F.,(4,4),(-1.,0.),.UNSPECIFIED.);
#559=B_SPLINE_CURVE_WITH_KNOTS('',3,(#10268,#10269,#10270,#10271),
 .UNSPECIFIED.,.F.,.F.,(4,4),(-1.,0.),.UNSPECIFIED.);
#560=B_SPLINE_CURVE_WITH_KNOTS('',3,(#10281,#10282,#10283,#10284),
 .UNSPECIFIED.,.F.,.F.,(4,4),(-1.,0.),.UNSPECIFIED.);
#561=B_SPLINE_CURVE_WITH_KNOTS('',3,(#10300,#10301,#10302,#10303),
 .UNSPECIFIED.,.F.,.F.,(4,4),(-1.,0.),.UNSPECIFIED.);
#562=B_SPLINE_CURVE_WITH_KNOTS('',3,(#10314,#10315,#10316,#10317),
 .UNSPECIFIED.,.F.,.F.,(4,4),(-1.,0.),.UNSPECIFIED.);
#563=B_SPLINE_CURVE_WITH_KNOTS('',3,(#10332,#10333,#10334,#10335),
 .UNSPECIFIED.,.F.,.F.,(4,4),(-1.,0.),.UNSPECIFIED.);
#564=B_SPLINE_CURVE_WITH_KNOTS('',3,(#10346,#10347,#10348,#10349),
 .UNSPECIFIED.,.F.,.F.,(4,4),(-1.,0.),.UNSPECIFIED.);
#565=B_SPLINE_CURVE_WITH_KNOTS('',3,(#10364,#10365,#10366,#10367),
 .UNSPECIFIED.,.F.,.F.,(4,4),(-1.,0.),.UNSPECIFIED.);
#566=B_SPLINE_CURVE_WITH_KNOTS('',3,(#10378,#10379,#10380,#10381),
 .UNSPECIFIED.,.F.,.F.,(4,4),(-1.,0.),.UNSPECIFIED.);
#567=B_SPLINE_CURVE_WITH_KNOTS('',3,(#10396,#10397,#10398,#10399),
 .UNSPECIFIED.,.F.,.F.,(4,4),(-1.,0.),.UNSPECIFIED.);
#568=B_SPLINE_CURVE_WITH_KNOTS('',3,(#10409,#10410,#10411,#10412),
 .UNSPECIFIED.,.F.,.F.,(4,4),(-1.,0.),.UNSPECIFIED.);
#569=B_SPLINE_CURVE_WITH_KNOTS('',3,(#10428,#10429,#10430,#10431),
 .UNSPECIFIED.,.F.,.F.,(4,4),(-1.,0.),.UNSPECIFIED.);
#570=B_SPLINE_CURVE_WITH_KNOTS('',3,(#10442,#10443,#10444,#10445),
 .UNSPECIFIED.,.F.,.F.,(4,4),(-1.,0.),.UNSPECIFIED.);
#571=B_SPLINE_CURVE_WITH_KNOTS('',3,(#10460,#10461,#10462,#10463),
 .UNSPECIFIED.,.F.,.F.,(4,4),(-1.,0.),.UNSPECIFIED.);
#572=B_SPLINE_CURVE_WITH_KNOTS('',3,(#10474,#10475,#10476,#10477),
 .UNSPECIFIED.,.F.,.F.,(4,4),(-1.,0.),.UNSPECIFIED.);
#573=B_SPLINE_CURVE_WITH_KNOTS('',3,(#10492,#10493,#10494,#10495),
 .UNSPECIFIED.,.F.,.F.,(4,4),(-1.,0.),.UNSPECIFIED.);
#574=B_SPLINE_CURVE_WITH_KNOTS('',3,(#10506,#10507,#10508,#10509),
 .UNSPECIFIED.,.F.,.F.,(4,4),(-1.,0.),.UNSPECIFIED.);
#575=B_SPLINE_CURVE_WITH_KNOTS('',3,(#10524,#10525,#10526,#10527),
 .UNSPECIFIED.,.F.,.F.,(4,4),(-1.,0.),.UNSPECIFIED.);
#576=B_SPLINE_CURVE_WITH_KNOTS('',3,(#10537,#10538,#10539,#10540),
 .UNSPECIFIED.,.F.,.F.,(4,4),(-1.,0.),.UNSPECIFIED.);
#577=B_SPLINE_CURVE_WITH_KNOTS('',3,(#10556,#10557,#10558,#10559),
 .UNSPECIFIED.,.F.,.F.,(4,4),(-1.,0.),.UNSPECIFIED.);
#578=B_SPLINE_CURVE_WITH_KNOTS('',3,(#10574,#10575,#10576,#10577),
 .UNSPECIFIED.,.F.,.F.,(4,4),(-1.,0.),.UNSPECIFIED.);
#579=B_SPLINE_CURVE_WITH_KNOTS('',3,(#10592,#10593,#10594,#10595),
 .UNSPECIFIED.,.F.,.F.,(4,4),(-1.,0.),.UNSPECIFIED.);
#580=B_SPLINE_CURVE_WITH_KNOTS('',3,(#10609,#10610,#10611,#10612),
 .UNSPECIFIED.,.F.,.F.,(4,4),(-1.,0.),.UNSPECIFIED.);
#581=B_SPLINE_CURVE_WITH_KNOTS('',3,(#10628,#10629,#10630,#10631),
 .UNSPECIFIED.,.F.,.F.,(4,4),(-1.,0.),.UNSPECIFIED.);
#582=B_SPLINE_CURVE_WITH_KNOTS('',3,(#10642,#10643,#10644,#10645),
 .UNSPECIFIED.,.F.,.F.,(4,4),(-1.,0.),.UNSPECIFIED.);
#583=B_SPLINE_CURVE_WITH_KNOTS('',3,(#10660,#10661,#10662,#10663),
 .UNSPECIFIED.,.F.,.F.,(4,4),(-1.,0.),.UNSPECIFIED.);
#584=B_SPLINE_CURVE_WITH_KNOTS('',3,(#10674,#10675,#10676,#10677),
 .UNSPECIFIED.,.F.,.F.,(4,4),(-1.,0.),.UNSPECIFIED.);
#585=B_SPLINE_CURVE_WITH_KNOTS('',3,(#10692,#10693,#10694,#10695),
 .UNSPECIFIED.,.F.,.F.,(4,4),(-1.,0.),.UNSPECIFIED.);
#586=B_SPLINE_CURVE_WITH_KNOTS('',3,(#10706,#10707,#10708,#10709),
 .UNSPECIFIED.,.F.,.F.,(4,4),(-1.,0.),.UNSPECIFIED.);
#587=B_SPLINE_CURVE_WITH_KNOTS('',3,(#10724,#10725,#10726,#10727),
 .UNSPECIFIED.,.F.,.F.,(4,4),(-1.,0.),.UNSPECIFIED.);
#588=B_SPLINE_CURVE_WITH_KNOTS('',3,(#10737,#10738,#10739,#10740),
 .UNSPECIFIED.,.F.,.F.,(4,4),(-1.,0.),.UNSPECIFIED.);
#589=B_SPLINE_CURVE_WITH_KNOTS('',3,(#10756,#10757,#10758,#10759),
 .UNSPECIFIED.,.F.,.F.,(4,4),(-1.,0.),.UNSPECIFIED.);
#590=B_SPLINE_CURVE_WITH_KNOTS('',3,(#10770,#10771,#10772,#10773),
 .UNSPECIFIED.,.F.,.F.,(4,4),(-1.,0.),.UNSPECIFIED.);
#591=B_SPLINE_CURVE_WITH_KNOTS('',3,(#10788,#10789,#10790,#10791),
 .UNSPECIFIED.,.F.,.F.,(4,4),(-1.,0.),.UNSPECIFIED.);
#592=B_SPLINE_CURVE_WITH_KNOTS('',3,(#10802,#10803,#10804,#10805),
 .UNSPECIFIED.,.F.,.F.,(4,4),(-1.,0.),.UNSPECIFIED.);
#593=B_SPLINE_CURVE_WITH_KNOTS('',3,(#10820,#10821,#10822,#10823),
 .UNSPECIFIED.,.F.,.F.,(4,4),(-1.,0.),.UNSPECIFIED.);
#594=B_SPLINE_CURVE_WITH_KNOTS('',3,(#10834,#10835,#10836,#10837),
 .UNSPECIFIED.,.F.,.F.,(4,4),(-1.,0.),.UNSPECIFIED.);
#595=B_SPLINE_CURVE_WITH_KNOTS('',3,(#10852,#10853,#10854,#10855),
 .UNSPECIFIED.,.F.,.F.,(4,4),(-1.,0.),.UNSPECIFIED.);
#596=B_SPLINE_CURVE_WITH_KNOTS('',3,(#10865,#10866,#10867,#10868),
 .UNSPECIFIED.,.F.,.F.,(4,4),(-1.,0.),.UNSPECIFIED.);
#597=B_SPLINE_CURVE_WITH_KNOTS('',3,(#10884,#10885,#10886,#10887),
 .UNSPECIFIED.,.F.,.F.,(4,4),(-1.,0.),.UNSPECIFIED.);
#598=B_SPLINE_CURVE_WITH_KNOTS('',3,(#10898,#10899,#10900,#10901),
 .UNSPECIFIED.,.F.,.F.,(4,4),(-1.,0.),.UNSPECIFIED.);
#599=B_SPLINE_CURVE_WITH_KNOTS('',3,(#10916,#10917,#10918,#10919),
 .UNSPECIFIED.,.F.,.F.,(4,4),(-1.,0.),.UNSPECIFIED.);
#600=B_SPLINE_CURVE_WITH_KNOTS('',3,(#10930,#10931,#10932,#10933),
 .UNSPECIFIED.,.F.,.F.,(4,4),(-1.,0.),.UNSPECIFIED.);
#601=B_SPLINE_CURVE_WITH_KNOTS('',3,(#10948,#10949,#10950,#10951),
 .UNSPECIFIED.,.F.,.F.,(4,4),(-1.,0.),.UNSPECIFIED.);
#602=B_SPLINE_CURVE_WITH_KNOTS('',3,(#10962,#10963,#10964,#10965),
 .UNSPECIFIED.,.F.,.F.,(4,4),(-1.,0.),.UNSPECIFIED.);
#603=B_SPLINE_CURVE_WITH_KNOTS('',3,(#10980,#10981,#10982,#10983),
 .UNSPECIFIED.,.F.,.F.,(4,4),(-1.,0.),.UNSPECIFIED.);
#604=B_SPLINE_CURVE_WITH_KNOTS('',3,(#10993,#10994,#10995,#10996),
 .UNSPECIFIED.,.F.,.F.,(4,4),(-1.,0.),.UNSPECIFIED.);
#605=B_SPLINE_CURVE_WITH_KNOTS('',3,(#11012,#11013,#11014,#11015),
 .UNSPECIFIED.,.F.,.F.,(4,4),(-1.,0.),.UNSPECIFIED.);
#606=B_SPLINE_CURVE_WITH_KNOTS('',3,(#11026,#11027,#11028,#11029),
 .UNSPECIFIED.,.F.,.F.,(4,4),(-1.,0.),.UNSPECIFIED.);
#607=B_SPLINE_CURVE_WITH_KNOTS('',3,(#11044,#11045,#11046,#11047),
 .UNSPECIFIED.,.F.,.F.,(4,4),(-1.,0.),.UNSPECIFIED.);
#608=B_SPLINE_CURVE_WITH_KNOTS('',3,(#11058,#11059,#11060,#11061),
 .UNSPECIFIED.,.F.,.F.,(4,4),(-1.,0.),.UNSPECIFIED.);
#609=B_SPLINE_CURVE_WITH_KNOTS('',3,(#11076,#11077,#11078,#11079),
 .UNSPECIFIED.,.F.,.F.,(4,4),(-1.,0.),.UNSPECIFIED.);
#610=B_SPLINE_CURVE_WITH_KNOTS('',3,(#11090,#11091,#11092,#11093),
 .UNSPECIFIED.,.F.,.F.,(4,4),(-1.,0.),.UNSPECIFIED.);
#611=B_SPLINE_CURVE_WITH_KNOTS('',3,(#11108,#11109,#11110,#11111),
 .UNSPECIFIED.,.F.,.F.,(4,4),(-1.,0.),.UNSPECIFIED.);
#612=B_SPLINE_CURVE_WITH_KNOTS('',3,(#11121,#11122,#11123,#11124),
 .UNSPECIFIED.,.F.,.F.,(4,4),(-1.,0.),.UNSPECIFIED.);
#613=B_SPLINE_CURVE_WITH_KNOTS('',3,(#11140,#11141,#11142,#11143),
 .UNSPECIFIED.,.F.,.F.,(4,4),(-1.,0.),.UNSPECIFIED.);
#614=B_SPLINE_CURVE_WITH_KNOTS('',3,(#11154,#11155,#11156,#11157),
 .UNSPECIFIED.,.F.,.F.,(4,4),(-1.,0.),.UNSPECIFIED.);
#615=B_SPLINE_CURVE_WITH_KNOTS('',3,(#11172,#11173,#11174,#11175),
 .UNSPECIFIED.,.F.,.F.,(4,4),(-1.,0.),.UNSPECIFIED.);
#616=B_SPLINE_CURVE_WITH_KNOTS('',3,(#11186,#11187,#11188,#11189),
 .UNSPECIFIED.,.F.,.F.,(4,4),(-1.,0.),.UNSPECIFIED.);
#617=B_SPLINE_CURVE_WITH_KNOTS('',3,(#11204,#11205,#11206,#11207),
 .UNSPECIFIED.,.F.,.F.,(4,4),(-1.,0.),.UNSPECIFIED.);
#618=B_SPLINE_CURVE_WITH_KNOTS('',3,(#11218,#11219,#11220,#11221),
 .UNSPECIFIED.,.F.,.F.,(4,4),(-1.,0.),.UNSPECIFIED.);
#619=B_SPLINE_CURVE_WITH_KNOTS('',3,(#11236,#11237,#11238,#11239),
 .UNSPECIFIED.,.F.,.F.,(4,4),(-1.,0.),.UNSPECIFIED.);
#620=B_SPLINE_CURVE_WITH_KNOTS('',3,(#11249,#11250,#11251,#11252),
 .UNSPECIFIED.,.F.,.F.,(4,4),(-1.,0.),.UNSPECIFIED.);
#621=B_SPLINE_CURVE_WITH_KNOTS('',3,(#11268,#11269,#11270,#11271),
 .UNSPECIFIED.,.F.,.F.,(4,4),(-1.,0.),.UNSPECIFIED.);
#622=B_SPLINE_CURVE_WITH_KNOTS('',3,(#11282,#11283,#11284,#11285),
 .UNSPECIFIED.,.F.,.F.,(4,4),(-1.,0.),.UNSPECIFIED.);
#623=B_SPLINE_CURVE_WITH_KNOTS('',3,(#11300,#11301,#11302,#11303),
 .UNSPECIFIED.,.F.,.F.,(4,4),(-1.,0.),.UNSPECIFIED.);
#624=B_SPLINE_CURVE_WITH_KNOTS('',3,(#11314,#11315,#11316,#11317),
 .UNSPECIFIED.,.F.,.F.,(4,4),(-1.,0.),.UNSPECIFIED.);
#625=B_SPLINE_CURVE_WITH_KNOTS('',3,(#11332,#11333,#11334,#11335),
 .UNSPECIFIED.,.F.,.F.,(4,4),(-1.,0.),.UNSPECIFIED.);
#626=B_SPLINE_CURVE_WITH_KNOTS('',3,(#11346,#11347,#11348,#11349),
 .UNSPECIFIED.,.F.,.F.,(4,4),(-1.,0.),.UNSPECIFIED.);
#627=B_SPLINE_CURVE_WITH_KNOTS('',3,(#11364,#11365,#11366,#11367),
 .UNSPECIFIED.,.F.,.F.,(4,4),(-1.,0.),.UNSPECIFIED.);
#628=B_SPLINE_CURVE_WITH_KNOTS('',3,(#11377,#11378,#11379,#11380),
 .UNSPECIFIED.,.F.,.F.,(4,4),(-1.,0.),.UNSPECIFIED.);
#629=B_SPLINE_CURVE_WITH_KNOTS('',3,(#11396,#11397,#11398,#11399),
 .UNSPECIFIED.,.F.,.F.,(4,4),(-1.,0.),.UNSPECIFIED.);
#630=B_SPLINE_CURVE_WITH_KNOTS('',3,(#11410,#11411,#11412,#11413),
 .UNSPECIFIED.,.F.,.F.,(4,4),(-1.,0.),.UNSPECIFIED.);
#631=B_SPLINE_CURVE_WITH_KNOTS('',3,(#11428,#11429,#11430,#11431),
 .UNSPECIFIED.,.F.,.F.,(4,4),(-1.,0.),.UNSPECIFIED.);
#632=B_SPLINE_CURVE_WITH_KNOTS('',3,(#11442,#11443,#11444,#11445),
 .UNSPECIFIED.,.F.,.F.,(4,4),(-1.,0.),.UNSPECIFIED.);
#633=B_SPLINE_CURVE_WITH_KNOTS('',3,(#11460,#11461,#11462,#11463),
 .UNSPECIFIED.,.F.,.F.,(4,4),(-1.,0.),.UNSPECIFIED.);
#634=B_SPLINE_CURVE_WITH_KNOTS('',3,(#11474,#11475,#11476,#11477),
 .UNSPECIFIED.,.F.,.F.,(4,4),(-1.,0.),.UNSPECIFIED.);
#635=B_SPLINE_CURVE_WITH_KNOTS('',3,(#11492,#11493,#11494,#11495),
 .UNSPECIFIED.,.F.,.F.,(4,4),(-1.,0.),.UNSPECIFIED.);
#636=B_SPLINE_CURVE_WITH_KNOTS('',3,(#11505,#11506,#11507,#11508),
 .UNSPECIFIED.,.F.,.F.,(4,4),(-1.,0.),.UNSPECIFIED.);
#637=B_SPLINE_CURVE_WITH_KNOTS('',3,(#11524,#11525,#11526,#11527),
 .UNSPECIFIED.,.F.,.F.,(4,4),(-1.,0.),.UNSPECIFIED.);
#638=B_SPLINE_CURVE_WITH_KNOTS('',3,(#11538,#11539,#11540,#11541),
 .UNSPECIFIED.,.F.,.F.,(4,4),(-1.,0.),.UNSPECIFIED.);
#639=B_SPLINE_CURVE_WITH_KNOTS('',3,(#11556,#11557,#11558,#11559),
 .UNSPECIFIED.,.F.,.F.,(4,4),(-1.,0.),.UNSPECIFIED.);
#640=B_SPLINE_CURVE_WITH_KNOTS('',3,(#11570,#11571,#11572,#11573),
 .UNSPECIFIED.,.F.,.F.,(4,4),(-1.,0.),.UNSPECIFIED.);
#641=B_SPLINE_CURVE_WITH_KNOTS('',3,(#11588,#11589,#11590,#11591),
 .UNSPECIFIED.,.F.,.F.,(4,4),(-1.,0.),.UNSPECIFIED.);
#642=B_SPLINE_CURVE_WITH_KNOTS('',3,(#11602,#11603,#11604,#11605),
 .UNSPECIFIED.,.F.,.F.,(4,4),(-1.,0.),.UNSPECIFIED.);
#643=B_SPLINE_CURVE_WITH_KNOTS('',3,(#11620,#11621,#11622,#11623),
 .UNSPECIFIED.,.F.,.F.,(4,4),(-1.,0.),.UNSPECIFIED.);
#644=B_SPLINE_CURVE_WITH_KNOTS('',3,(#11633,#11634,#11635,#11636),
 .UNSPECIFIED.,.F.,.F.,(4,4),(-1.,0.),.UNSPECIFIED.);
#645=B_SPLINE_CURVE_WITH_KNOTS('',3,(#11664,#11665,#11666,#11667,#11668,
#11669,#11670,#11671,#11672,#11673),.UNSPECIFIED.,.F.,.F.,(4,3,3,4),(-3.17131335091954E-5,
-9.0610123522209E-6,0.0348583227007153,1.),.UNSPECIFIED.);
#646=B_SPLINE_CURVE_WITH_KNOTS('',3,(#11690,#11691,#11692,#11693),
 .UNSPECIFIED.,.F.,.F.,(4,4),(0.,1.),.UNSPECIFIED.);
#647=B_SPLINE_CURVE_WITH_KNOTS('',3,(#11704,#11705,#11706,#11707),
 .UNSPECIFIED.,.F.,.F.,(4,4),(0.0377846264041371,1.),.UNSPECIFIED.);
#648=B_SPLINE_CURVE_WITH_KNOTS('',3,(#11746,#11747,#11748,#11749,#11750,
#11751,#11752,#11753,#11754,#11755,#11756,#11757,#11758,#11759,#11760,#11761),
 .UNSPECIFIED.,.F.,.F.,(4,3,3,3,3,4),(3.69928763943321E-5,0.519267089071748,
0.846747249654383,0.957720444780423,1.00002065074662,1.0000722785043),
 .UNSPECIFIED.);
#649=B_SPLINE_CURVE_WITH_KNOTS('',3,(#11788,#11789,#11790,#11791,#11792,
#11793,#11794,#11795,#11796,#11797),.UNSPECIFIED.,.F.,.F.,(4,3,3,4),(-2.26599411162376E-5,
-6.47590631841074E-6,0.033353664080153,1.),.UNSPECIFIED.);
#650=B_SPLINE_CURVE_WITH_KNOTS('',3,(#11812,#11813,#11814,#11815),
 .UNSPECIFIED.,.F.,.F.,(4,4),(1.01969293125125E-6,1.00000000032669),
 .UNSPECIFIED.);
#651=B_SPLINE_CURVE_WITH_KNOTS('',3,(#11836,#11837,#11838,#11839,#11840,
#11841,#11842),.UNSPECIFIED.,.F.,.F.,(4,3,4),(4.99883453641285E-6,0.775053181841674,
0.999999999967015),.UNSPECIFIED.);
#652=B_SPLINE_CURVE_WITH_KNOTS('',3,(#11857,#11858,#11859,#11860),
 .UNSPECIFIED.,.F.,.F.,(4,4),(2.03959045014591E-6,1.),.UNSPECIFIED.);
#653=B_SPLINE_CURVE_WITH_KNOTS('',3,(#11887,#11888,#11889,#11890,#11891,
#11892,#11893,#11894,#11895,#11896),.UNSPECIFIED.,.F.,.F.,(4,3,3,4),(-0.000117248709921702,
-3.34997270369514E-5,0.102089941808709,1.),.UNSPECIFIED.);
#654=B_SPLINE_CURVE_WITH_KNOTS('',3,(#11928,#11929,#11930,#11931,#11932,
#11933,#11934,#11935,#11936,#11937,#11938,#11939,#11940),.UNSPECIFIED.,
 .F.,.F.,(4,3,3,3,4),(3.45164082216089E-5,0.706848455909667,0.971693730336583,
1.00002272748532,1.00007954674694),.UNSPECIFIED.);
#655=B_SPLINE_CURVE_WITH_KNOTS('',3,(#11964,#11965,#11966,#11967),
 .UNSPECIFIED.,.F.,.F.,(4,4),(0.,1.00000507362419),.UNSPECIFIED.);
#656=B_SPLINE_CURVE_WITH_KNOTS('',3,(#11971,#11972,#11973,#11974,#11975,
#11976,#11977),.UNSPECIFIED.,.F.,.F.,(4,3,4),(-1.,0.,9.0610123522209E-6),
 .UNSPECIFIED.);
#657=B_SPLINE_CURVE_WITH_KNOTS('',3,(#11981,#11982,#11983,#11984,#11985,
#11986,#11987),.UNSPECIFIED.,.F.,.F.,(4,3,4),(-1.00002272748532,-1.,-1.47115021427169E-5),
 .UNSPECIFIED.);
#658=B_SPLINE_CURVE_WITH_KNOTS('',3,(#11991,#11992,#11993,#11994,#11995,
#11996,#11997),.UNSPECIFIED.,.F.,.F.,(4,3,4),(-1.,-1.03256704402088E-16,
3.34993242741E-5),.UNSPECIFIED.);
#659=B_SPLINE_CURVE_WITH_KNOTS('',3,(#12001,#12002,#12003,#12004),
 .UNSPECIFIED.,.F.,.F.,(4,4),(-1.,-2.03959045014591E-6),.UNSPECIFIED.);
#660=B_SPLINE_CURVE_WITH_KNOTS('',3,(#12008,#12009,#12010,#12011),
 .UNSPECIFIED.,.F.,.F.,(4,4),(-1.,-2.12429764437598E-6),.UNSPECIFIED.);
#661=B_SPLINE_CURVE_WITH_KNOTS('',3,(#12015,#12016,#12017,#12018),
 .UNSPECIFIED.,.F.,.F.,(4,4),(-1.,-1.01969293125125E-6),.UNSPECIFIED.);
#662=B_SPLINE_CURVE_WITH_KNOTS('',3,(#12022,#12023,#12024,#12025,#12026,
#12027,#12028),.UNSPECIFIED.,.F.,.F.,(4,3,4),(-1.,-1.26023671557561E-9,
6.47476613169218E-6),.UNSPECIFIED.);
#663=B_SPLINE_CURVE_WITH_KNOTS('',3,(#12032,#12033,#12034,#12035,#12036,
#12037,#12038),.UNSPECIFIED.,.F.,.F.,(4,3,4),(-1.00002065074655,-0.99999999999996,
-1.57668885922598E-5),.UNSPECIFIED.);
#664=B_SPLINE_CURVE_WITH_KNOTS('',3,(#12042,#12043,#12044,#12045),
 .UNSPECIFIED.,.F.,.F.,(4,4),(-1.,-0.0317726016914244),.UNSPECIFIED.);
#665=B_SPLINE_CURVE_WITH_KNOTS('',3,(#12047,#12048,#12049,#12050),
 .UNSPECIFIED.,.F.,.F.,(4,4),(-1.,0.),.UNSPECIFIED.);
#666=B_SPLINE_CURVE_WITH_KNOTS('',3,(#12062,#12063,#12064,#12065),
 .UNSPECIFIED.,.F.,.F.,(4,4),(0.,1.),.UNSPECIFIED.);
#667=B_SPLINE_CURVE_WITH_KNOTS('',3,(#12067,#12068,#12069,#12070),
 .UNSPECIFIED.,.F.,.F.,(4,4),(0.0377846264041371,1.),.UNSPECIFIED.);
#668=B_SPLINE_CURVE_WITH_KNOTS('',3,(#12074,#12075,#12076,#12077,#12078,
#12079,#12080,#12081,#12082,#12083,#12084,#12085,#12086,#12087,#12088,#12089),
 .UNSPECIFIED.,.F.,.F.,(4,3,3,3,3,4),(3.69928763943321E-5,0.519267089071748,
0.846747249654383,0.957720444780423,1.00002065074662,1.0000722785043),
 .UNSPECIFIED.);
#669=B_SPLINE_CURVE_WITH_KNOTS('',3,(#12093,#12094,#12095,#12096,#12097,
#12098,#12099,#12100,#12101,#12102),.UNSPECIFIED.,.F.,.F.,(4,3,3,4),(-2.26599411162376E-5,
-6.47590631841074E-6,0.033353664080153,1.),.UNSPECIFIED.);
#670=B_SPLINE_CURVE_WITH_KNOTS('',3,(#12106,#12107,#12108,#12109),
 .UNSPECIFIED.,.F.,.F.,(4,4),(1.01969293125125E-6,1.00000000032669),
 .UNSPECIFIED.);
#671=B_SPLINE_CURVE_WITH_KNOTS('',3,(#12113,#12114,#12115,#12116,#12117,
#12118,#12119),.UNSPECIFIED.,.F.,.F.,(4,3,4),(4.99883453641285E-6,0.775053181841674,
0.999999999967015),.UNSPECIFIED.);
#672=B_SPLINE_CURVE_WITH_KNOTS('',3,(#12123,#12124,#12125,#12126),
 .UNSPECIFIED.,.F.,.F.,(4,4),(2.03959045014591E-6,1.),.UNSPECIFIED.);
#673=B_SPLINE_CURVE_WITH_KNOTS('',3,(#12130,#12131,#12132,#12133,#12134,
#12135,#12136,#12137,#12138,#12139),.UNSPECIFIED.,.F.,.F.,(4,3,3,4),(-0.000117248709921702,
-3.34997270369514E-5,0.102089941808709,1.),.UNSPECIFIED.);
#674=B_SPLINE_CURVE_WITH_KNOTS('',3,(#12143,#12144,#12145,#12146,#12147,
#12148,#12149,#12150,#12151,#12152,#12153,#12154,#12155),.UNSPECIFIED.,
 .F.,.F.,(4,3,3,3,4),(3.45164082216089E-5,0.706848455909667,0.971693730336583,
1.00002272748532,1.00007954674694),.UNSPECIFIED.);
#675=B_SPLINE_CURVE_WITH_KNOTS('',3,(#12159,#12160,#12161,#12162,#12163,
#12164,#12165,#12166,#12167,#12168),.UNSPECIFIED.,.F.,.F.,(4,3,3,4),(-3.17131335091954E-5,
-9.0610123522209E-6,0.0348583227007153,1.),.UNSPECIFIED.);
#676=B_SPLINE_CURVE_WITH_KNOTS('',3,(#12187,#12188,#12189,#12190),
 .UNSPECIFIED.,.F.,.F.,(4,4),(-1.,-2.12429764437598E-6),.UNSPECIFIED.);
#677=B_SPLINE_CURVE_WITH_KNOTS('',3,(#12205,#12206,#12207,#12208),
 .UNSPECIFIED.,.F.,.F.,(4,4),(-1.,-1.01969293125125E-6),.UNSPECIFIED.);
#678=B_SPLINE_CURVE_WITH_KNOTS('',3,(#12229,#12230,#12231,#12232,#12233,
#12234,#12235),.UNSPECIFIED.,.F.,.F.,(4,3,4),(-1.,-4.24617616458581E-18,
6.47476613169218E-6),.UNSPECIFIED.);
#679=B_SPLINE_CURVE_WITH_KNOTS('',3,(#12256,#12257,#12258,#12259,#12260,
#12261,#12262),.UNSPECIFIED.,.F.,.F.,(4,3,4),(-1.00002065074655,-0.99999999999996,
-1.57668885922598E-5),.UNSPECIFIED.);
#680=B_SPLINE_CURVE_WITH_KNOTS('',3,(#12277,#12278,#12279,#12280),
 .UNSPECIFIED.,.F.,.F.,(4,4),(-1.,-0.0317726016914244),.UNSPECIFIED.);
#681=B_SPLINE_CURVE_WITH_KNOTS('',3,(#12291,#12292,#12293,#12294),
 .UNSPECIFIED.,.F.,.F.,(4,4),(-1.,0.),.UNSPECIFIED.);
#682=B_SPLINE_CURVE_WITH_KNOTS('',3,(#12325,#12326,#12327,#12328),
 .UNSPECIFIED.,.F.,.F.,(4,4),(0.,1.00000507362419),.UNSPECIFIED.);
#683=B_SPLINE_CURVE_WITH_KNOTS('',3,(#12349,#12350,#12351,#12352,#12353,
#12354,#12355),.UNSPECIFIED.,.F.,.F.,(4,3,4),(-1.,0.,9.0610123522209E-6),
 .UNSPECIFIED.);
#684=B_SPLINE_CURVE_WITH_KNOTS('',3,(#12376,#12377,#12378,#12379,#12380,
#12381,#12382),.UNSPECIFIED.,.F.,.F.,(4,3,4),(-1.00002272748532,-1.,-1.47115021427169E-5),
 .UNSPECIFIED.);
#685=B_SPLINE_CURVE_WITH_KNOTS('',3,(#12403,#12404,#12405,#12406,#12407,
#12408,#12409),.UNSPECIFIED.,.F.,.F.,(4,3,4),(-1.,-1.03256704402088E-16,
3.34993242741E-5),.UNSPECIFIED.);
#686=B_SPLINE_CURVE_WITH_KNOTS('',3,(#12423,#12424,#12425,#12426),
 .UNSPECIFIED.,.F.,.F.,(4,4),(-1.,-2.03959045014591E-6),.UNSPECIFIED.);
#687=B_SPLINE_CURVE_WITH_KNOTS('',3,(#12454,#12455,#12456,#12457,#12458,
#12459,#12460,#12461,#12462,#12463),.UNSPECIFIED.,.F.,.F.,(4,3,3,4),(-3.17131335091954E-5,
-9.0610123522209E-6,0.0348583227007153,1.),.UNSPECIFIED.);
#688=B_SPLINE_CURVE_WITH_KNOTS('',3,(#12486,#12487,#12488,#12489),
 .UNSPECIFIED.,.F.,.F.,(4,4),(0.,1.),.UNSPECIFIED.);
#689=B_SPLINE_CURVE_WITH_KNOTS('',3,(#12500,#12501,#12502,#12503),
 .UNSPECIFIED.,.F.,.F.,(4,4),(0.0377846264041371,1.),.UNSPECIFIED.);
#690=B_SPLINE_CURVE_WITH_KNOTS('',3,(#12542,#12543,#12544,#12545,#12546,
#12547,#12548,#12549,#12550,#12551,#12552,#12553,#12554,#12555,#12556,#12557),
 .UNSPECIFIED.,.F.,.F.,(4,3,3,3,3,4),(3.69928763943321E-5,0.519267089071748,
0.846747249654383,0.957720444780423,1.00002065074662,1.0000722785043),
 .UNSPECIFIED.);
#691=B_SPLINE_CURVE_WITH_KNOTS('',3,(#12584,#12585,#12586,#12587,#12588,
#12589,#12590,#12591,#12592,#12593),.UNSPECIFIED.,.F.,.F.,(4,3,3,4),(-2.26599411162376E-5,
-6.47590631841074E-6,0.033353664080153,1.),.UNSPECIFIED.);
#692=B_SPLINE_CURVE_WITH_KNOTS('',3,(#12608,#12609,#12610,#12611),
 .UNSPECIFIED.,.F.,.F.,(4,4),(1.01969293125125E-6,1.00000000032669),
 .UNSPECIFIED.);
#693=B_SPLINE_CURVE_WITH_KNOTS('',3,(#12632,#12633,#12634,#12635,#12636,
#12637,#12638),.UNSPECIFIED.,.F.,.F.,(4,3,4),(4.99883453641285E-6,0.775053181841674,
0.999999999967015),.UNSPECIFIED.);
#694=B_SPLINE_CURVE_WITH_KNOTS('',3,(#12653,#12654,#12655,#12656),
 .UNSPECIFIED.,.F.,.F.,(4,4),(2.03959045014591E-6,1.),.UNSPECIFIED.);
#695=B_SPLINE_CURVE_WITH_KNOTS('',3,(#12683,#12684,#12685,#12686,#12687,
#12688,#12689,#12690,#12691,#12692),.UNSPECIFIED.,.F.,.F.,(4,3,3,4),(-0.000117248709921702,
-3.34997270369514E-5,0.102089941808709,1.),.UNSPECIFIED.);
#696=B_SPLINE_CURVE_WITH_KNOTS('',3,(#12724,#12725,#12726,#12727,#12728,
#12729,#12730,#12731,#12732,#12733,#12734,#12735,#12736),.UNSPECIFIED.,
 .F.,.F.,(4,3,3,3,4),(3.45164082216089E-5,0.706848455909667,0.971693730336583,
1.00002272748532,1.00007954674694),.UNSPECIFIED.);
#697=CIRCLE('',#6682,3.50000000000001);
#698=CIRCLE('',#6769,3.50000000000001);
#699=CIRCLE('',#6781,1.00000000000002);
#700=CIRCLE('',#6782,3.50000000000001);
#701=CIRCLE('',#6789,1.00000000000002);
#702=CIRCLE('',#6802,3.50000000000001);
#703=FACE_OUTER_BOUND('',#1037,.T.);
#704=FACE_OUTER_BOUND('',#1038,.T.);
#705=FACE_OUTER_BOUND('',#1039,.T.);
#706=FACE_OUTER_BOUND('',#1066,.T.);
#707=FACE_OUTER_BOUND('',#1067,.T.);
#708=FACE_OUTER_BOUND('',#1068,.T.);
#709=FACE_OUTER_BOUND('',#1069,.T.);
#710=FACE_OUTER_BOUND('',#1070,.T.);
#711=FACE_OUTER_BOUND('',#1071,.T.);
#712=FACE_OUTER_BOUND('',#1072,.T.);
#713=FACE_OUTER_BOUND('',#1073,.T.);
#714=FACE_OUTER_BOUND('',#1074,.T.);
#715=FACE_OUTER_BOUND('',#1075,.T.);
#716=FACE_OUTER_BOUND('',#1076,.T.);
#717=FACE_OUTER_BOUND('',#1077,.T.);
#718=FACE_OUTER_BOUND('',#1078,.T.);
#719=FACE_OUTER_BOUND('',#1079,.T.);
#720=FACE_OUTER_BOUND('',#1080,.T.);
#721=FACE_OUTER_BOUND('',#1081,.T.);
#722=FACE_OUTER_BOUND('',#1082,.T.);
#723=FACE_OUTER_BOUND('',#1083,.T.);
#724=FACE_OUTER_BOUND('',#1084,.T.);
#725=FACE_OUTER_BOUND('',#1085,.T.);
#726=FACE_OUTER_BOUND('',#1086,.T.);
#727=FACE_OUTER_BOUND('',#1087,.T.);
#728=FACE_OUTER_BOUND('',#1088,.T.);
#729=FACE_OUTER_BOUND('',#1089,.T.);
#730=FACE_OUTER_BOUND('',#1090,.T.);
#731=FACE_OUTER_BOUND('',#1091,.T.);
#732=FACE_OUTER_BOUND('',#1092,.T.);
#733=FACE_OUTER_BOUND('',#1093,.T.);
#734=FACE_OUTER_BOUND('',#1094,.T.);
#735=FACE_OUTER_BOUND('',#1095,.T.);
#736=FACE_OUTER_BOUND('',#1096,.T.);
#737=FACE_OUTER_BOUND('',#1097,.T.);
#738=FACE_OUTER_BOUND('',#1098,.T.);
#739=FACE_OUTER_BOUND('',#1099,.T.);
#740=FACE_OUTER_BOUND('',#1100,.T.);
#741=FACE_OUTER_BOUND('',#1101,.T.);
#742=FACE_OUTER_BOUND('',#1102,.T.);
#743=FACE_OUTER_BOUND('',#1103,.T.);
#744=FACE_OUTER_BOUND('',#1104,.T.);
#745=FACE_OUTER_BOUND('',#1105,.T.);
#746=FACE_OUTER_BOUND('',#1106,.T.);
#747=FACE_OUTER_BOUND('',#1107,.T.);
#748=FACE_OUTER_BOUND('',#1108,.T.);
#749=FACE_OUTER_BOUND('',#1109,.T.);
#750=FACE_OUTER_BOUND('',#1110,.T.);
#751=FACE_OUTER_BOUND('',#1111,.T.);
#752=FACE_OUTER_BOUND('',#1112,.T.);
#753=FACE_OUTER_BOUND('',#1113,.T.);
#754=FACE_OUTER_BOUND('',#1114,.T.);
#755=FACE_OUTER_BOUND('',#1115,.T.);
#756=FACE_OUTER_BOUND('',#1116,.T.);
#757=FACE_OUTER_BOUND('',#1117,.T.);
#758=FACE_OUTER_BOUND('',#1118,.T.);
#759=FACE_OUTER_BOUND('',#1119,.T.);
#760=FACE_OUTER_BOUND('',#1120,.T.);
#761=FACE_OUTER_BOUND('',#1121,.T.);
#762=FACE_OUTER_BOUND('',#1122,.T.);
#763=FACE_OUTER_BOUND('',#1123,.T.);
#764=FACE_OUTER_BOUND('',#1124,.T.);
#765=FACE_OUTER_BOUND('',#1125,.T.);
#766=FACE_OUTER_BOUND('',#1126,.T.);
#767=FACE_OUTER_BOUND('',#1127,.T.);
#768=FACE_OUTER_BOUND('',#1128,.T.);
#769=FACE_OUTER_BOUND('',#1129,.T.);
#770=FACE_OUTER_BOUND('',#1130,.T.);
#771=FACE_OUTER_BOUND('',#1131,.T.);
#772=FACE_OUTER_BOUND('',#1132,.T.);
#773=FACE_OUTER_BOUND('',#1133,.T.);
#774=FACE_OUTER_BOUND('',#1134,.T.);
#775=FACE_OUTER_BOUND('',#1135,.T.);
#776=FACE_OUTER_BOUND('',#1136,.T.);
#777=FACE_OUTER_BOUND('',#1137,.T.);
#778=FACE_OUTER_BOUND('',#1138,.T.);
#779=FACE_OUTER_BOUND('',#1139,.T.);
#780=FACE_OUTER_BOUND('',#1140,.T.);
#781=FACE_OUTER_BOUND('',#1141,.T.);
#782=FACE_OUTER_BOUND('',#1142,.T.);
#783=FACE_OUTER_BOUND('',#1143,.T.);
#784=FACE_OUTER_BOUND('',#1144,.T.);
#785=FACE_OUTER_BOUND('',#1145,.T.);
#786=FACE_OUTER_BOUND('',#1146,.T.);
#787=FACE_OUTER_BOUND('',#1147,.T.);
#788=FACE_OUTER_BOUND('',#1148,.T.);
#789=FACE_OUTER_BOUND('',#1149,.T.);
#790=FACE_OUTER_BOUND('',#1150,.T.);
#791=FACE_OUTER_BOUND('',#1151,.T.);
#792=FACE_OUTER_BOUND('',#1152,.T.);
#793=FACE_OUTER_BOUND('',#1153,.T.);
#794=FACE_OUTER_BOUND('',#1154,.T.);
#795=FACE_OUTER_BOUND('',#1155,.T.);
#796=FACE_OUTER_BOUND('',#1156,.T.);
#797=FACE_OUTER_BOUND('',#1157,.T.);
#798=FACE_OUTER_BOUND('',#1158,.T.);
#799=FACE_OUTER_BOUND('',#1159,.T.);
#800=FACE_OUTER_BOUND('',#1160,.T.);
#801=FACE_OUTER_BOUND('',#1161,.T.);
#802=FACE_OUTER_BOUND('',#1162,.T.);
#803=FACE_OUTER_BOUND('',#1163,.T.);
#804=FACE_OUTER_BOUND('',#1164,.T.);
#805=FACE_OUTER_BOUND('',#1165,.T.);
#806=FACE_OUTER_BOUND('',#1166,.T.);
#807=FACE_OUTER_BOUND('',#1167,.T.);
#808=FACE_OUTER_BOUND('',#1168,.T.);
#809=FACE_OUTER_BOUND('',#1169,.T.);
#810=FACE_OUTER_BOUND('',#1170,.T.);
#811=FACE_OUTER_BOUND('',#1171,.T.);
#812=FACE_OUTER_BOUND('',#1172,.T.);
#813=FACE_OUTER_BOUND('',#1173,.T.);
#814=FACE_OUTER_BOUND('',#1174,.T.);
#815=FACE_OUTER_BOUND('',#1175,.T.);
#816=FACE_OUTER_BOUND('',#1176,.T.);
#817=FACE_OUTER_BOUND('',#1177,.T.);
#818=FACE_OUTER_BOUND('',#1178,.T.);
#819=FACE_OUTER_BOUND('',#1179,.T.);
#820=FACE_OUTER_BOUND('',#1180,.T.);
#821=FACE_OUTER_BOUND('',#1181,.T.);
#822=FACE_OUTER_BOUND('',#1182,.T.);
#823=FACE_OUTER_BOUND('',#1183,.T.);
#824=FACE_OUTER_BOUND('',#1184,.T.);
#825=FACE_OUTER_BOUND('',#1185,.T.);
#826=FACE_OUTER_BOUND('',#1186,.T.);
#827=FACE_OUTER_BOUND('',#1187,.T.);
#828=FACE_OUTER_BOUND('',#1188,.T.);
#829=FACE_OUTER_BOUND('',#1189,.T.);
#830=FACE_OUTER_BOUND('',#1190,.T.);
#831=FACE_OUTER_BOUND('',#1191,.T.);
#832=FACE_OUTER_BOUND('',#1192,.T.);
#833=FACE_OUTER_BOUND('',#1193,.T.);
#834=FACE_OUTER_BOUND('',#1194,.T.);
#835=FACE_OUTER_BOUND('',#1195,.T.);
#836=FACE_OUTER_BOUND('',#1196,.T.);
#837=FACE_OUTER_BOUND('',#1197,.T.);
#838=FACE_OUTER_BOUND('',#1198,.T.);
#839=FACE_OUTER_BOUND('',#1199,.T.);
#840=FACE_OUTER_BOUND('',#1200,.T.);
#841=FACE_OUTER_BOUND('',#1201,.T.);
#842=FACE_OUTER_BOUND('',#1202,.T.);
#843=FACE_OUTER_BOUND('',#1203,.T.);
#844=FACE_OUTER_BOUND('',#1204,.T.);
#845=FACE_OUTER_BOUND('',#1205,.T.);
#846=FACE_OUTER_BOUND('',#1206,.T.);
#847=FACE_OUTER_BOUND('',#1207,.T.);
#848=FACE_OUTER_BOUND('',#1208,.T.);
#849=FACE_OUTER_BOUND('',#1209,.T.);
#850=FACE_OUTER_BOUND('',#1210,.T.);
#851=FACE_OUTER_BOUND('',#1211,.T.);
#852=FACE_OUTER_BOUND('',#1212,.T.);
#853=FACE_OUTER_BOUND('',#1213,.T.);
#854=FACE_OUTER_BOUND('',#1214,.T.);
#855=FACE_OUTER_BOUND('',#1215,.T.);
#856=FACE_OUTER_BOUND('',#1216,.T.);
#857=FACE_OUTER_BOUND('',#1217,.T.);
#858=FACE_OUTER_BOUND('',#1218,.T.);
#859=FACE_OUTER_BOUND('',#1219,.T.);
#860=FACE_OUTER_BOUND('',#1220,.T.);
#861=FACE_OUTER_BOUND('',#1221,.T.);
#862=FACE_OUTER_BOUND('',#1222,.T.);
#863=FACE_OUTER_BOUND('',#1223,.T.);
#864=FACE_OUTER_BOUND('',#1224,.T.);
#865=FACE_OUTER_BOUND('',#1225,.T.);
#866=FACE_OUTER_BOUND('',#1226,.T.);
#867=FACE_OUTER_BOUND('',#1227,.T.);
#868=FACE_OUTER_BOUND('',#1228,.T.);
#869=FACE_OUTER_BOUND('',#1229,.T.);
#870=FACE_OUTER_BOUND('',#1230,.T.);
#871=FACE_OUTER_BOUND('',#1231,.T.);
#872=FACE_OUTER_BOUND('',#1232,.T.);
#873=FACE_OUTER_BOUND('',#1233,.T.);
#874=FACE_OUTER_BOUND('',#1234,.T.);
#875=FACE_OUTER_BOUND('',#1235,.T.);
#876=FACE_OUTER_BOUND('',#1236,.T.);
#877=FACE_OUTER_BOUND('',#1237,.T.);
#878=FACE_OUTER_BOUND('',#1238,.T.);
#879=FACE_OUTER_BOUND('',#1239,.T.);
#880=FACE_OUTER_BOUND('',#1240,.T.);
#881=FACE_OUTER_BOUND('',#1241,.T.);
#882=FACE_OUTER_BOUND('',#1242,.T.);
#883=FACE_OUTER_BOUND('',#1243,.T.);
#884=FACE_OUTER_BOUND('',#1244,.T.);
#885=FACE_OUTER_BOUND('',#1245,.T.);
#886=FACE_OUTER_BOUND('',#1246,.T.);
#887=FACE_OUTER_BOUND('',#1247,.T.);
#888=FACE_OUTER_BOUND('',#1248,.T.);
#889=FACE_OUTER_BOUND('',#1249,.T.);
#890=FACE_OUTER_BOUND('',#1250,.T.);
#891=FACE_OUTER_BOUND('',#1251,.T.);
#892=FACE_OUTER_BOUND('',#1252,.T.);
#893=FACE_OUTER_BOUND('',#1253,.T.);
#894=FACE_OUTER_BOUND('',#1254,.T.);
#895=FACE_OUTER_BOUND('',#1255,.T.);
#896=FACE_OUTER_BOUND('',#1256,.T.);
#897=FACE_OUTER_BOUND('',#1257,.T.);
#898=FACE_OUTER_BOUND('',#1258,.T.);
#899=FACE_OUTER_BOUND('',#1259,.T.);
#900=FACE_OUTER_BOUND('',#1260,.T.);
#901=FACE_OUTER_BOUND('',#1261,.T.);
#902=FACE_OUTER_BOUND('',#1262,.T.);
#903=FACE_OUTER_BOUND('',#1263,.T.);
#904=FACE_OUTER_BOUND('',#1264,.T.);
#905=FACE_OUTER_BOUND('',#1265,.T.);
#906=FACE_OUTER_BOUND('',#1266,.T.);
#907=FACE_OUTER_BOUND('',#1267,.T.);
#908=FACE_OUTER_BOUND('',#1268,.T.);
#909=FACE_OUTER_BOUND('',#1269,.T.);
#910=FACE_OUTER_BOUND('',#1270,.T.);
#911=FACE_OUTER_BOUND('',#1271,.T.);
#912=FACE_OUTER_BOUND('',#1272,.T.);
#913=FACE_OUTER_BOUND('',#1273,.T.);
#914=FACE_OUTER_BOUND('',#1274,.T.);
#915=FACE_OUTER_BOUND('',#1275,.T.);
#916=FACE_OUTER_BOUND('',#1276,.T.);
#917=FACE_OUTER_BOUND('',#1277,.T.);
#918=FACE_OUTER_BOUND('',#1278,.T.);
#919=FACE_OUTER_BOUND('',#1279,.T.);
#920=FACE_OUTER_BOUND('',#1280,.T.);
#921=FACE_OUTER_BOUND('',#1281,.T.);
#922=FACE_OUTER_BOUND('',#1282,.T.);
#923=FACE_OUTER_BOUND('',#1283,.T.);
#924=FACE_OUTER_BOUND('',#1284,.T.);
#925=FACE_OUTER_BOUND('',#1285,.T.);
#926=FACE_OUTER_BOUND('',#1286,.T.);
#927=FACE_OUTER_BOUND('',#1287,.T.);
#928=FACE_OUTER_BOUND('',#1288,.T.);
#929=FACE_OUTER_BOUND('',#1289,.T.);
#930=FACE_OUTER_BOUND('',#1290,.T.);
#931=FACE_OUTER_BOUND('',#1291,.T.);
#932=FACE_OUTER_BOUND('',#1292,.T.);
#933=FACE_OUTER_BOUND('',#1293,.T.);
#934=FACE_OUTER_BOUND('',#1294,.T.);
#935=FACE_OUTER_BOUND('',#1295,.T.);
#936=FACE_OUTER_BOUND('',#1296,.T.);
#937=FACE_OUTER_BOUND('',#1297,.T.);
#938=FACE_OUTER_BOUND('',#1298,.T.);
#939=FACE_OUTER_BOUND('',#1299,.T.);
#940=FACE_OUTER_BOUND('',#1300,.T.);
#941=FACE_OUTER_BOUND('',#1301,.T.);
#942=FACE_OUTER_BOUND('',#1302,.T.);
#943=FACE_OUTER_BOUND('',#1303,.T.);
#944=FACE_OUTER_BOUND('',#1304,.T.);
#945=FACE_OUTER_BOUND('',#1305,.T.);
#946=FACE_OUTER_BOUND('',#1306,.T.);
#947=FACE_OUTER_BOUND('',#1307,.T.);
#948=FACE_OUTER_BOUND('',#1308,.T.);
#949=FACE_OUTER_BOUND('',#1309,.T.);
#950=FACE_OUTER_BOUND('',#1310,.T.);
#951=FACE_OUTER_BOUND('',#1311,.T.);
#952=FACE_OUTER_BOUND('',#1312,.T.);
#953=FACE_OUTER_BOUND('',#1313,.T.);
#954=FACE_OUTER_BOUND('',#1314,.T.);
#955=FACE_OUTER_BOUND('',#1315,.T.);
#956=FACE_OUTER_BOUND('',#1316,.T.);
#957=FACE_OUTER_BOUND('',#1317,.T.);
#958=FACE_OUTER_BOUND('',#1318,.T.);
#959=FACE_OUTER_BOUND('',#1319,.T.);
#960=FACE_OUTER_BOUND('',#1320,.T.);
#961=FACE_OUTER_BOUND('',#1321,.T.);
#962=FACE_OUTER_BOUND('',#1322,.T.);
#963=FACE_OUTER_BOUND('',#1323,.T.);
#964=FACE_OUTER_BOUND('',#1324,.T.);
#965=FACE_OUTER_BOUND('',#1325,.T.);
#966=FACE_OUTER_BOUND('',#1326,.T.);
#967=FACE_OUTER_BOUND('',#1327,.T.);
#968=FACE_OUTER_BOUND('',#1328,.T.);
#969=FACE_OUTER_BOUND('',#1329,.T.);
#970=FACE_OUTER_BOUND('',#1330,.T.);
#971=FACE_OUTER_BOUND('',#1331,.T.);
#972=FACE_OUTER_BOUND('',#1332,.T.);
#973=FACE_OUTER_BOUND('',#1333,.T.);
#974=FACE_OUTER_BOUND('',#1334,.T.);
#975=FACE_OUTER_BOUND('',#1335,.T.);
#976=FACE_OUTER_BOUND('',#1336,.T.);
#977=FACE_OUTER_BOUND('',#1337,.T.);
#978=FACE_OUTER_BOUND('',#1338,.T.);
#979=FACE_OUTER_BOUND('',#1339,.T.);
#980=FACE_OUTER_BOUND('',#1340,.T.);
#981=FACE_OUTER_BOUND('',#1341,.T.);
#982=FACE_OUTER_BOUND('',#1342,.T.);
#983=FACE_OUTER_BOUND('',#1343,.T.);
#984=FACE_OUTER_BOUND('',#1344,.T.);
#985=FACE_OUTER_BOUND('',#1345,.T.);
#986=FACE_OUTER_BOUND('',#1346,.T.);
#987=FACE_OUTER_BOUND('',#1373,.T.);
#988=FACE_OUTER_BOUND('',#1374,.T.);
#989=FACE_OUTER_BOUND('',#1375,.T.);
#990=FACE_OUTER_BOUND('',#1376,.T.);
#991=FACE_OUTER_BOUND('',#1377,.T.);
#992=FACE_OUTER_BOUND('',#1378,.T.);
#993=FACE_OUTER_BOUND('',#1379,.T.);
#994=FACE_OUTER_BOUND('',#1380,.T.);
#995=FACE_OUTER_BOUND('',#1381,.T.);
#996=FACE_OUTER_BOUND('',#1382,.T.);
#997=FACE_OUTER_BOUND('',#1383,.T.);
#998=FACE_OUTER_BOUND('',#1384,.T.);
#999=FACE_OUTER_BOUND('',#1385,.T.);
#1000=FACE_OUTER_BOUND('',#1386,.T.);
#1001=FACE_OUTER_BOUND('',#1387,.T.);
#1002=FACE_OUTER_BOUND('',#1388,.T.);
#1003=FACE_OUTER_BOUND('',#1389,.T.);
#1004=FACE_OUTER_BOUND('',#1390,.T.);
#1005=FACE_OUTER_BOUND('',#1391,.T.);
#1006=FACE_OUTER_BOUND('',#1392,.T.);
#1007=FACE_OUTER_BOUND('',#1393,.T.);
#1008=FACE_OUTER_BOUND('',#1394,.T.);
#1009=FACE_OUTER_BOUND('',#1395,.T.);
#1010=FACE_OUTER_BOUND('',#1396,.T.);
#1011=FACE_OUTER_BOUND('',#1397,.T.);
#1012=FACE_OUTER_BOUND('',#1398,.T.);
#1013=FACE_OUTER_BOUND('',#1399,.T.);
#1014=FACE_OUTER_BOUND('',#1400,.T.);
#1015=FACE_OUTER_BOUND('',#1401,.T.);
#1016=FACE_OUTER_BOUND('',#1402,.T.);
#1017=FACE_OUTER_BOUND('',#1403,.T.);
#1018=FACE_OUTER_BOUND('',#1404,.T.);
#1019=FACE_OUTER_BOUND('',#1405,.T.);
#1020=FACE_OUTER_BOUND('',#1406,.T.);
#1021=FACE_OUTER_BOUND('',#1407,.T.);
#1022=FACE_OUTER_BOUND('',#1408,.T.);
#1023=FACE_OUTER_BOUND('',#1409,.T.);
#1024=FACE_OUTER_BOUND('',#1410,.T.);
#1025=FACE_OUTER_BOUND('',#1411,.T.);
#1026=FACE_OUTER_BOUND('',#1412,.T.);
#1027=FACE_OUTER_BOUND('',#1413,.T.);
#1028=FACE_OUTER_BOUND('',#1414,.T.);
#1029=FACE_OUTER_BOUND('',#1415,.T.);
#1030=FACE_OUTER_BOUND('',#1416,.T.);
#1031=FACE_OUTER_BOUND('',#1417,.T.);
#1032=FACE_OUTER_BOUND('',#1418,.T.);
#1033=FACE_OUTER_BOUND('',#1419,.T.);
#1034=FACE_OUTER_BOUND('',#1420,.T.);
#1035=FACE_OUTER_BOUND('',#1421,.T.);
#1036=FACE_OUTER_BOUND('',#1422,.T.);
#1037=EDGE_LOOP('',(#4221,#4222,#4223,#4224));
#1038=EDGE_LOOP('',(#4225,#4226,#4227,#4228));
#1039=EDGE_LOOP('',(#4229,#4230,#4231,#4232,#4233,#4234,#4235,#4236,#4237,
#4238,#4239,#4240,#4241,#4242,#4243,#4244,#4245,#4246,#4247,#4248,#4249,
#4250,#4251,#4252,#4253,#4254,#4255,#4256,#4257));
#1040=EDGE_LOOP('',(#4258,#4259,#4260,#4261,#4262,#4263,#4264,#4265,#4266,
#4267,#4268,#4269));
#1041=EDGE_LOOP('',(#4270,#4271,#4272,#4273,#4274,#4275));
#1042=EDGE_LOOP('',(#4276,#4277,#4278,#4279,#4280));
#1043=EDGE_LOOP('',(#4281,#4282,#4283,#4284,#4285,#4286));
#1044=EDGE_LOOP('',(#4287,#4288,#4289,#4290,#4291,#4292));
#1045=EDGE_LOOP('',(#4293,#4294,#4295,#4296,#4297,#4298));
#1046=EDGE_LOOP('',(#4299,#4300,#4301,#4302,#4303,#4304,#4305,#4306));
#1047=EDGE_LOOP('',(#4307,#4308,#4309,#4310));
#1048=EDGE_LOOP('',(#4311,#4312,#4313,#4314,#4315,#4316));
#1049=EDGE_LOOP('',(#4317,#4318,#4319,#4320,#4321,#4322));
#1050=EDGE_LOOP('',(#4323,#4324,#4325,#4326,#4327,#4328,#4329,#4330,#4331,
#4332,#4333,#4334));
#1051=EDGE_LOOP('',(#4335,#4336,#4337,#4338,#4339,#4340,#4341,#4342,#4343,
#4344,#4345,#4346));
#1052=EDGE_LOOP('',(#4347,#4348,#4349,#4350,#4351,#4352,#4353,#4354,#4355,
#4356,#4357,#4358));
#1053=EDGE_LOOP('',(#4359,#4360,#4361,#4362,#4363,#4364,#4365,#4366,#4367,
#4368,#4369,#4370));
#1054=EDGE_LOOP('',(#4371,#4372,#4373,#4374,#4375,#4376,#4377,#4378,#4379,
#4380,#4381,#4382));
#1055=EDGE_LOOP('',(#4383,#4384,#4385,#4386,#4387,#4388,#4389,#4390,#4391,
#4392,#4393,#4394));
#1056=EDGE_LOOP('',(#4395,#4396,#4397,#4398,#4399,#4400,#4401,#4402,#4403,
#4404,#4405,#4406));
#1057=EDGE_LOOP('',(#4407,#4408,#4409,#4410,#4411,#4412,#4413,#4414));
#1058=EDGE_LOOP('',(#4415,#4416,#4417,#4418,#4419,#4420,#4421,#4422,#4423,
#4424,#4425,#4426));
#1059=EDGE_LOOP('',(#4427,#4428,#4429,#4430,#4431,#4432,#4433,#4434,#4435,
#4436,#4437,#4438));
#1060=EDGE_LOOP('',(#4439,#4440,#4441,#4442,#4443,#4444,#4445,#4446,#4447,
#4448,#4449,#4450));
#1061=EDGE_LOOP('',(#4451,#4452,#4453,#4454,#4455,#4456,#4457,#4458,#4459,
#4460,#4461,#4462));
#1062=EDGE_LOOP('',(#4463,#4464,#4465,#4466,#4467,#4468,#4469,#4470,#4471,
#4472,#4473,#4474));
#1063=EDGE_LOOP('',(#4475,#4476,#4477,#4478,#4479,#4480,#4481,#4482,#4483,
#4484,#4485,#4486));
#1064=EDGE_LOOP('',(#4487,#4488,#4489,#4490,#4491,#4492,#4493,#4494,#4495,
#4496,#4497,#4498));
#1065=EDGE_LOOP('',(#4499,#4500,#4501,#4502,#4503,#4504,#4505,#4506,#4507,
#4508,#4509,#4510));
#1066=EDGE_LOOP('',(#4511,#4512,#4513,#4514));
#1067=EDGE_LOOP('',(#4515,#4516,#4517,#4518));
#1068=EDGE_LOOP('',(#4519,#4520,#4521,#4522));
#1069=EDGE_LOOP('',(#4523,#4524,#4525,#4526));
#1070=EDGE_LOOP('',(#4527,#4528,#4529,#4530));
#1071=EDGE_LOOP('',(#4531,#4532,#4533,#4534));
#1072=EDGE_LOOP('',(#4535,#4536,#4537,#4538));
#1073=EDGE_LOOP('',(#4539,#4540,#4541,#4542));
#1074=EDGE_LOOP('',(#4543,#4544,#4545,#4546));
#1075=EDGE_LOOP('',(#4547,#4548,#4549,#4550));
#1076=EDGE_LOOP('',(#4551,#4552,#4553,#4554));
#1077=EDGE_LOOP('',(#4555,#4556,#4557,#4558));
#1078=EDGE_LOOP('',(#4559,#4560,#4561,#4562));
#1079=EDGE_LOOP('',(#4563,#4564,#4565,#4566));
#1080=EDGE_LOOP('',(#4567,#4568,#4569,#4570));
#1081=EDGE_LOOP('',(#4571,#4572,#4573,#4574));
#1082=EDGE_LOOP('',(#4575,#4576,#4577,#4578));
#1083=EDGE_LOOP('',(#4579,#4580,#4581,#4582));
#1084=EDGE_LOOP('',(#4583,#4584,#4585,#4586));
#1085=EDGE_LOOP('',(#4587,#4588,#4589,#4590));
#1086=EDGE_LOOP('',(#4591,#4592,#4593,#4594));
#1087=EDGE_LOOP('',(#4595,#4596,#4597,#4598));
#1088=EDGE_LOOP('',(#4599,#4600,#4601,#4602));
#1089=EDGE_LOOP('',(#4603,#4604,#4605,#4606));
#1090=EDGE_LOOP('',(#4607,#4608,#4609,#4610));
#1091=EDGE_LOOP('',(#4611,#4612,#4613,#4614));
#1092=EDGE_LOOP('',(#4615,#4616,#4617,#4618));
#1093=EDGE_LOOP('',(#4619,#4620,#4621,#4622));
#1094=EDGE_LOOP('',(#4623,#4624,#4625,#4626));
#1095=EDGE_LOOP('',(#4627,#4628,#4629,#4630));
#1096=EDGE_LOOP('',(#4631,#4632,#4633,#4634));
#1097=EDGE_LOOP('',(#4635,#4636,#4637,#4638));
#1098=EDGE_LOOP('',(#4639,#4640,#4641,#4642));
#1099=EDGE_LOOP('',(#4643,#4644,#4645,#4646));
#1100=EDGE_LOOP('',(#4647,#4648,#4649,#4650));
#1101=EDGE_LOOP('',(#4651,#4652,#4653,#4654));
#1102=EDGE_LOOP('',(#4655,#4656,#4657,#4658));
#1103=EDGE_LOOP('',(#4659,#4660,#4661,#4662));
#1104=EDGE_LOOP('',(#4663,#4664,#4665,#4666));
#1105=EDGE_LOOP('',(#4667,#4668,#4669,#4670));
#1106=EDGE_LOOP('',(#4671,#4672,#4673,#4674));
#1107=EDGE_LOOP('',(#4675,#4676,#4677,#4678));
#1108=EDGE_LOOP('',(#4679,#4680,#4681,#4682));
#1109=EDGE_LOOP('',(#4683,#4684,#4685,#4686));
#1110=EDGE_LOOP('',(#4687,#4688,#4689,#4690));
#1111=EDGE_LOOP('',(#4691,#4692,#4693,#4694));
#1112=EDGE_LOOP('',(#4695,#4696,#4697,#4698));
#1113=EDGE_LOOP('',(#4699,#4700,#4701,#4702));
#1114=EDGE_LOOP('',(#4703,#4704,#4705,#4706));
#1115=EDGE_LOOP('',(#4707,#4708,#4709,#4710));
#1116=EDGE_LOOP('',(#4711,#4712,#4713,#4714));
#1117=EDGE_LOOP('',(#4715,#4716,#4717,#4718));
#1118=EDGE_LOOP('',(#4719,#4720,#4721,#4722));
#1119=EDGE_LOOP('',(#4723,#4724,#4725,#4726));
#1120=EDGE_LOOP('',(#4727,#4728,#4729,#4730));
#1121=EDGE_LOOP('',(#4731,#4732,#4733,#4734));
#1122=EDGE_LOOP('',(#4735,#4736,#4737,#4738));
#1123=EDGE_LOOP('',(#4739,#4740,#4741,#4742));
#1124=EDGE_LOOP('',(#4743,#4744,#4745,#4746));
#1125=EDGE_LOOP('',(#4747,#4748,#4749,#4750));
#1126=EDGE_LOOP('',(#4751,#4752,#4753,#4754));
#1127=EDGE_LOOP('',(#4755,#4756,#4757,#4758));
#1128=EDGE_LOOP('',(#4759,#4760,#4761,#4762));
#1129=EDGE_LOOP('',(#4763,#4764,#4765,#4766));
#1130=EDGE_LOOP('',(#4767,#4768,#4769,#4770));
#1131=EDGE_LOOP('',(#4771,#4772,#4773,#4774));
#1132=EDGE_LOOP('',(#4775,#4776,#4777,#4778));
#1133=EDGE_LOOP('',(#4779,#4780,#4781,#4782));
#1134=EDGE_LOOP('',(#4783,#4784,#4785,#4786));
#1135=EDGE_LOOP('',(#4787,#4788,#4789,#4790));
#1136=EDGE_LOOP('',(#4791,#4792,#4793,#4794));
#1137=EDGE_LOOP('',(#4795,#4796,#4797,#4798));
#1138=EDGE_LOOP('',(#4799,#4800,#4801,#4802));
#1139=EDGE_LOOP('',(#4803,#4804,#4805,#4806));
#1140=EDGE_LOOP('',(#4807,#4808,#4809,#4810));
#1141=EDGE_LOOP('',(#4811,#4812,#4813,#4814));
#1142=EDGE_LOOP('',(#4815,#4816,#4817,#4818));
#1143=EDGE_LOOP('',(#4819,#4820,#4821,#4822));
#1144=EDGE_LOOP('',(#4823,#4824,#4825,#4826));
#1145=EDGE_LOOP('',(#4827,#4828,#4829,#4830));
#1146=EDGE_LOOP('',(#4831,#4832,#4833,#4834));
#1147=EDGE_LOOP('',(#4835,#4836,#4837,#4838));
#1148=EDGE_LOOP('',(#4839,#4840,#4841,#4842));
#1149=EDGE_LOOP('',(#4843,#4844,#4845,#4846));
#1150=EDGE_LOOP('',(#4847,#4848,#4849,#4850));
#1151=EDGE_LOOP('',(#4851,#4852,#4853,#4854));
#1152=EDGE_LOOP('',(#4855,#4856,#4857,#4858));
#1153=EDGE_LOOP('',(#4859,#4860,#4861,#4862));
#1154=EDGE_LOOP('',(#4863,#4864,#4865,#4866));
#1155=EDGE_LOOP('',(#4867,#4868,#4869,#4870));
#1156=EDGE_LOOP('',(#4871,#4872,#4873,#4874));
#1157=EDGE_LOOP('',(#4875,#4876,#4877,#4878));
#1158=EDGE_LOOP('',(#4879,#4880,#4881,#4882));
#1159=EDGE_LOOP('',(#4883,#4884,#4885,#4886));
#1160=EDGE_LOOP('',(#4887,#4888,#4889,#4890));
#1161=EDGE_LOOP('',(#4891,#4892,#4893,#4894));
#1162=EDGE_LOOP('',(#4895,#4896,#4897,#4898));
#1163=EDGE_LOOP('',(#4899,#4900,#4901,#4902));
#1164=EDGE_LOOP('',(#4903,#4904,#4905,#4906));
#1165=EDGE_LOOP('',(#4907,#4908,#4909,#4910));
#1166=EDGE_LOOP('',(#4911,#4912,#4913,#4914));
#1167=EDGE_LOOP('',(#4915,#4916,#4917,#4918));
#1168=EDGE_LOOP('',(#4919,#4920,#4921,#4922));
#1169=EDGE_LOOP('',(#4923,#4924,#4925,#4926));
#1170=EDGE_LOOP('',(#4927,#4928,#4929,#4930));
#1171=EDGE_LOOP('',(#4931,#4932,#4933,#4934));
#1172=EDGE_LOOP('',(#4935,#4936,#4937,#4938));
#1173=EDGE_LOOP('',(#4939,#4940,#4941,#4942));
#1174=EDGE_LOOP('',(#4943,#4944,#4945,#4946));
#1175=EDGE_LOOP('',(#4947,#4948,#4949,#4950));
#1176=EDGE_LOOP('',(#4951,#4952,#4953,#4954));
#1177=EDGE_LOOP('',(#4955,#4956,#4957,#4958));
#1178=EDGE_LOOP('',(#4959,#4960,#4961,#4962));
#1179=EDGE_LOOP('',(#4963,#4964,#4965,#4966));
#1180=EDGE_LOOP('',(#4967,#4968,#4969,#4970));
#1181=EDGE_LOOP('',(#4971,#4972,#4973,#4974));
#1182=EDGE_LOOP('',(#4975,#4976,#4977,#4978));
#1183=EDGE_LOOP('',(#4979,#4980,#4981,#4982));
#1184=EDGE_LOOP('',(#4983,#4984,#4985,#4986));
#1185=EDGE_LOOP('',(#4987,#4988,#4989,#4990));
#1186=EDGE_LOOP('',(#4991,#4992,#4993,#4994));
#1187=EDGE_LOOP('',(#4995,#4996,#4997,#4998));
#1188=EDGE_LOOP('',(#4999,#5000,#5001,#5002));
#1189=EDGE_LOOP('',(#5003,#5004,#5005,#5006));
#1190=EDGE_LOOP('',(#5007,#5008,#5009,#5010));
#1191=EDGE_LOOP('',(#5011,#5012,#5013,#5014));
#1192=EDGE_LOOP('',(#5015,#5016,#5017,#5018));
#1193=EDGE_LOOP('',(#5019,#5020,#5021,#5022));
#1194=EDGE_LOOP('',(#5023,#5024,#5025,#5026));
#1195=EDGE_LOOP('',(#5027,#5028,#5029,#5030));
#1196=EDGE_LOOP('',(#5031,#5032,#5033,#5034));
#1197=EDGE_LOOP('',(#5035,#5036,#5037,#5038));
#1198=EDGE_LOOP('',(#5039,#5040,#5041,#5042));
#1199=EDGE_LOOP('',(#5043,#5044,#5045,#5046));
#1200=EDGE_LOOP('',(#5047,#5048,#5049,#5050));
#1201=EDGE_LOOP('',(#5051,#5052,#5053,#5054));
#1202=EDGE_LOOP('',(#5055,#5056,#5057,#5058));
#1203=EDGE_LOOP('',(#5059,#5060,#5061,#5062));
#1204=EDGE_LOOP('',(#5063,#5064,#5065,#5066));
#1205=EDGE_LOOP('',(#5067,#5068,#5069,#5070));
#1206=EDGE_LOOP('',(#5071,#5072,#5073,#5074));
#1207=EDGE_LOOP('',(#5075,#5076,#5077,#5078));
#1208=EDGE_LOOP('',(#5079,#5080,#5081,#5082));
#1209=EDGE_LOOP('',(#5083,#5084,#5085,#5086));
#1210=EDGE_LOOP('',(#5087,#5088,#5089,#5090));
#1211=EDGE_LOOP('',(#5091,#5092,#5093,#5094));
#1212=EDGE_LOOP('',(#5095,#5096,#5097,#5098));
#1213=EDGE_LOOP('',(#5099,#5100,#5101,#5102));
#1214=EDGE_LOOP('',(#5103,#5104,#5105,#5106));
#1215=EDGE_LOOP('',(#5107,#5108,#5109,#5110));
#1216=EDGE_LOOP('',(#5111,#5112,#5113,#5114));
#1217=EDGE_LOOP('',(#5115,#5116,#5117,#5118));
#1218=EDGE_LOOP('',(#5119,#5120,#5121,#5122));
#1219=EDGE_LOOP('',(#5123,#5124,#5125,#5126));
#1220=EDGE_LOOP('',(#5127,#5128,#5129,#5130));
#1221=EDGE_LOOP('',(#5131,#5132,#5133,#5134));
#1222=EDGE_LOOP('',(#5135,#5136,#5137,#5138));
#1223=EDGE_LOOP('',(#5139,#5140,#5141,#5142));
#1224=EDGE_LOOP('',(#5143,#5144,#5145,#5146));
#1225=EDGE_LOOP('',(#5147,#5148,#5149,#5150));
#1226=EDGE_LOOP('',(#5151,#5152,#5153,#5154));
#1227=EDGE_LOOP('',(#5155,#5156,#5157,#5158));
#1228=EDGE_LOOP('',(#5159,#5160,#5161,#5162));
#1229=EDGE_LOOP('',(#5163,#5164,#5165,#5166));
#1230=EDGE_LOOP('',(#5167,#5168,#5169,#5170));
#1231=EDGE_LOOP('',(#5171,#5172,#5173,#5174));
#1232=EDGE_LOOP('',(#5175,#5176,#5177,#5178));
#1233=EDGE_LOOP('',(#5179,#5180,#5181,#5182));
#1234=EDGE_LOOP('',(#5183,#5184,#5185,#5186));
#1235=EDGE_LOOP('',(#5187,#5188,#5189,#5190));
#1236=EDGE_LOOP('',(#5191,#5192,#5193,#5194));
#1237=EDGE_LOOP('',(#5195,#5196,#5197,#5198));
#1238=EDGE_LOOP('',(#5199,#5200,#5201,#5202));
#1239=EDGE_LOOP('',(#5203,#5204,#5205,#5206));
#1240=EDGE_LOOP('',(#5207,#5208,#5209,#5210));
#1241=EDGE_LOOP('',(#5211,#5212,#5213,#5214));
#1242=EDGE_LOOP('',(#5215,#5216,#5217,#5218));
#1243=EDGE_LOOP('',(#5219,#5220,#5221,#5222));
#1244=EDGE_LOOP('',(#5223,#5224,#5225,#5226));
#1245=EDGE_LOOP('',(#5227,#5228,#5229,#5230));
#1246=EDGE_LOOP('',(#5231,#5232,#5233,#5234));
#1247=EDGE_LOOP('',(#5235,#5236,#5237,#5238));
#1248=EDGE_LOOP('',(#5239,#5240,#5241,#5242));
#1249=EDGE_LOOP('',(#5243,#5244,#5245,#5246));
#1250=EDGE_LOOP('',(#5247,#5248,#5249,#5250));
#1251=EDGE_LOOP('',(#5251,#5252,#5253,#5254));
#1252=EDGE_LOOP('',(#5255,#5256,#5257,#5258));
#1253=EDGE_LOOP('',(#5259,#5260,#5261,#5262));
#1254=EDGE_LOOP('',(#5263,#5264,#5265,#5266));
#1255=EDGE_LOOP('',(#5267,#5268,#5269,#5270));
#1256=EDGE_LOOP('',(#5271,#5272,#5273,#5274));
#1257=EDGE_LOOP('',(#5275,#5276,#5277,#5278));
#1258=EDGE_LOOP('',(#5279,#5280,#5281,#5282));
#1259=EDGE_LOOP('',(#5283,#5284,#5285,#5286));
#1260=EDGE_LOOP('',(#5287,#5288,#5289,#5290));
#1261=EDGE_LOOP('',(#5291,#5292,#5293,#5294));
#1262=EDGE_LOOP('',(#5295,#5296,#5297,#5298));
#1263=EDGE_LOOP('',(#5299,#5300,#5301,#5302));
#1264=EDGE_LOOP('',(#5303,#5304,#5305,#5306));
#1265=EDGE_LOOP('',(#5307,#5308,#5309,#5310));
#1266=EDGE_LOOP('',(#5311,#5312,#5313,#5314));
#1267=EDGE_LOOP('',(#5315,#5316,#5317,#5318));
#1268=EDGE_LOOP('',(#5319,#5320,#5321,#5322));
#1269=EDGE_LOOP('',(#5323,#5324,#5325,#5326));
#1270=EDGE_LOOP('',(#5327,#5328,#5329,#5330));
#1271=EDGE_LOOP('',(#5331,#5332,#5333,#5334));
#1272=EDGE_LOOP('',(#5335,#5336,#5337,#5338));
#1273=EDGE_LOOP('',(#5339,#5340,#5341,#5342));
#1274=EDGE_LOOP('',(#5343,#5344,#5345,#5346));
#1275=EDGE_LOOP('',(#5347,#5348,#5349,#5350));
#1276=EDGE_LOOP('',(#5351,#5352,#5353,#5354));
#1277=EDGE_LOOP('',(#5355,#5356,#5357,#5358));
#1278=EDGE_LOOP('',(#5359,#5360,#5361,#5362));
#1279=EDGE_LOOP('',(#5363,#5364,#5365,#5366));
#1280=EDGE_LOOP('',(#5367,#5368,#5369,#5370));
#1281=EDGE_LOOP('',(#5371,#5372,#5373,#5374));
#1282=EDGE_LOOP('',(#5375,#5376,#5377,#5378));
#1283=EDGE_LOOP('',(#5379,#5380,#5381,#5382));
#1284=EDGE_LOOP('',(#5383,#5384,#5385,#5386));
#1285=EDGE_LOOP('',(#5387,#5388,#5389,#5390));
#1286=EDGE_LOOP('',(#5391,#5392,#5393,#5394));
#1287=EDGE_LOOP('',(#5395,#5396,#5397,#5398));
#1288=EDGE_LOOP('',(#5399,#5400,#5401,#5402));
#1289=EDGE_LOOP('',(#5403,#5404,#5405,#5406));
#1290=EDGE_LOOP('',(#5407,#5408,#5409,#5410));
#1291=EDGE_LOOP('',(#5411,#5412,#5413,#5414));
#1292=EDGE_LOOP('',(#5415,#5416,#5417,#5418));
#1293=EDGE_LOOP('',(#5419,#5420,#5421,#5422));
#1294=EDGE_LOOP('',(#5423,#5424,#5425,#5426));
#1295=EDGE_LOOP('',(#5427,#5428,#5429,#5430));
#1296=EDGE_LOOP('',(#5431,#5432,#5433,#5434));
#1297=EDGE_LOOP('',(#5435,#5436,#5437,#5438));
#1298=EDGE_LOOP('',(#5439,#5440,#5441,#5442));
#1299=EDGE_LOOP('',(#5443,#5444,#5445,#5446));
#1300=EDGE_LOOP('',(#5447,#5448,#5449,#5450));
#1301=EDGE_LOOP('',(#5451,#5452,#5453,#5454));
#1302=EDGE_LOOP('',(#5455,#5456,#5457,#5458));
#1303=EDGE_LOOP('',(#5459,#5460,#5461,#5462));
#1304=EDGE_LOOP('',(#5463,#5464,#5465,#5466));
#1305=EDGE_LOOP('',(#5467,#5468,#5469,#5470));
#1306=EDGE_LOOP('',(#5471,#5472,#5473,#5474));
#1307=EDGE_LOOP('',(#5475,#5476,#5477,#5478));
#1308=EDGE_LOOP('',(#5479,#5480,#5481,#5482));
#1309=EDGE_LOOP('',(#5483,#5484,#5485,#5486));
#1310=EDGE_LOOP('',(#5487,#5488,#5489,#5490));
#1311=EDGE_LOOP('',(#5491,#5492,#5493,#5494));
#1312=EDGE_LOOP('',(#5495,#5496,#5497,#5498));
#1313=EDGE_LOOP('',(#5499,#5500,#5501,#5502));
#1314=EDGE_LOOP('',(#5503,#5504,#5505,#5506));
#1315=EDGE_LOOP('',(#5507,#5508,#5509,#5510));
#1316=EDGE_LOOP('',(#5511,#5512,#5513,#5514));
#1317=EDGE_LOOP('',(#5515,#5516,#5517,#5518));
#1318=EDGE_LOOP('',(#5519,#5520,#5521,#5522));
#1319=EDGE_LOOP('',(#5523,#5524,#5525,#5526));
#1320=EDGE_LOOP('',(#5527,#5528,#5529,#5530));
#1321=EDGE_LOOP('',(#5531,#5532,#5533,#5534));
#1322=EDGE_LOOP('',(#5535,#5536,#5537,#5538));
#1323=EDGE_LOOP('',(#5539,#5540,#5541,#5542));
#1324=EDGE_LOOP('',(#5543,#5544,#5545,#5546));
#1325=EDGE_LOOP('',(#5547,#5548,#5549,#5550));
#1326=EDGE_LOOP('',(#5551,#5552,#5553,#5554));
#1327=EDGE_LOOP('',(#5555,#5556,#5557,#5558));
#1328=EDGE_LOOP('',(#5559,#5560,#5561,#5562));
#1329=EDGE_LOOP('',(#5563,#5564,#5565,#5566));
#1330=EDGE_LOOP('',(#5567,#5568,#5569,#5570));
#1331=EDGE_LOOP('',(#5571,#5572,#5573,#5574));
#1332=EDGE_LOOP('',(#5575,#5576,#5577,#5578));
#1333=EDGE_LOOP('',(#5579,#5580,#5581,#5582));
#1334=EDGE_LOOP('',(#5583,#5584,#5585,#5586));
#1335=EDGE_LOOP('',(#5587,#5588,#5589,#5590));
#1336=EDGE_LOOP('',(#5591,#5592,#5593,#5594));
#1337=EDGE_LOOP('',(#5595,#5596,#5597,#5598));
#1338=EDGE_LOOP('',(#5599,#5600,#5601,#5602));
#1339=EDGE_LOOP('',(#5603,#5604,#5605,#5606));
#1340=EDGE_LOOP('',(#5607,#5608,#5609,#5610));
#1341=EDGE_LOOP('',(#5611,#5612,#5613,#5614));
#1342=EDGE_LOOP('',(#5615,#5616,#5617,#5618));
#1343=EDGE_LOOP('',(#5619,#5620,#5621,#5622));
#1344=EDGE_LOOP('',(#5623,#5624,#5625,#5626));
#1345=EDGE_LOOP('',(#5627,#5628,#5629,#5630));
#1346=EDGE_LOOP('',(#5631,#5632,#5633,#5634,#5635,#5636,#5637,#5638,#5639,
#5640,#5641,#5642,#5643,#5644,#5645,#5646,#5647,#5648,#5649,#5650,#5651,
#5652,#5653,#5654,#5655,#5656,#5657,#5658,#5659));
#1347=EDGE_LOOP('',(#5660,#5661,#5662,#5663,#5664,#5665,#5666,#5667,#5668,
#5669,#5670,#5671));
#1348=EDGE_LOOP('',(#5672,#5673,#5674,#5675,#5676,#5677,#5678,#5679,#5680,
#5681,#5682,#5683));
#1349=EDGE_LOOP('',(#5684,#5685,#5686,#5687,#5688,#5689,#5690,#5691,#5692,
#5693,#5694,#5695));
#1350=EDGE_LOOP('',(#5696,#5697,#5698,#5699,#5700,#5701,#5702,#5703,#5704,
#5705,#5706,#5707));
#1351=EDGE_LOOP('',(#5708,#5709,#5710,#5711,#5712,#5713,#5714,#5715,#5716,
#5717,#5718,#5719));
#1352=EDGE_LOOP('',(#5720,#5721,#5722,#5723,#5724,#5725,#5726,#5727,#5728,
#5729,#5730,#5731));
#1353=EDGE_LOOP('',(#5732,#5733,#5734,#5735,#5736,#5737,#5738,#5739,#5740,
#5741,#5742,#5743));
#1354=EDGE_LOOP('',(#5744,#5745,#5746,#5747,#5748,#5749,#5750,#5751,#5752,
#5753,#5754,#5755));
#1355=EDGE_LOOP('',(#5756,#5757,#5758,#5759,#5760,#5761,#5762,#5763));
#1356=EDGE_LOOP('',(#5764,#5765,#5766,#5767,#5768,#5769,#5770,#5771,#5772,
#5773,#5774,#5775));
#1357=EDGE_LOOP('',(#5776,#5777,#5778,#5779,#5780,#5781,#5782,#5783,#5784,
#5785,#5786,#5787));
#1358=EDGE_LOOP('',(#5788,#5789,#5790,#5791,#5792,#5793,#5794,#5795,#5796,
#5797,#5798,#5799));
#1359=EDGE_LOOP('',(#5800,#5801,#5802,#5803,#5804,#5805,#5806,#5807,#5808,
#5809,#5810,#5811));
#1360=EDGE_LOOP('',(#5812,#5813,#5814,#5815,#5816,#5817,#5818,#5819,#5820,
#5821,#5822,#5823));
#1361=EDGE_LOOP('',(#5824,#5825,#5826,#5827,#5828,#5829,#5830,#5831,#5832,
#5833,#5834,#5835));
#1362=EDGE_LOOP('',(#5836,#5837,#5838,#5839,#5840,#5841,#5842,#5843,#5844,
#5845,#5846,#5847));
#1363=EDGE_LOOP('',(#5848,#5849,#5850,#5851,#5852,#5853));
#1364=EDGE_LOOP('',(#5854,#5855,#5856,#5857,#5858,#5859));
#1365=EDGE_LOOP('',(#5860,#5861,#5862,#5863));
#1366=EDGE_LOOP('',(#5864,#5865,#5866,#5867,#5868,#5869,#5870,#5871));
#1367=EDGE_LOOP('',(#5872,#5873,#5874,#5875,#5876,#5877));
#1368=EDGE_LOOP('',(#5878,#5879,#5880,#5881,#5882,#5883));
#1369=EDGE_LOOP('',(#5884,#5885,#5886,#5887,#5888,#5889));
#1370=EDGE_LOOP('',(#5890,#5891,#5892,#5893,#5894));
#1371=EDGE_LOOP('',(#5895,#5896,#5897,#5898,#5899,#5900));
#1372=EDGE_LOOP('',(#5901,#5902,#5903,#5904,#5905,#5906,#5907,#5908,#5909,
#5910,#5911,#5912));
#1373=EDGE_LOOP('',(#5913,#5914,#5915,#5916));
#1374=EDGE_LOOP('',(#5917,#5918,#5919,#5920));
#1375=EDGE_LOOP('',(#5921,#5922,#5923,#5924,#5925,#5926,#5927,#5928,#5929,
#5930,#5931,#5932,#5933,#5934,#5935,#5936,#5937,#5938,#5939,#5940,#5941,
#5942,#5943,#5944,#5945,#5946,#5947,#5948,#5949,#5950,#5951,#5952,#5953,
#5954,#5955,#5956,#5957,#5958,#5959,#5960,#5961,#5962,#5963,#5964,#5965,
#5966,#5967));
#1376=EDGE_LOOP('',(#5968,#5969,#5970,#5971));
#1377=EDGE_LOOP('',(#5972,#5973,#5974,#5975));
#1378=EDGE_LOOP('',(#5976,#5977,#5978,#5979));
#1379=EDGE_LOOP('',(#5980,#5981,#5982,#5983));
#1380=EDGE_LOOP('',(#5984,#5985,#5986,#5987));
#1381=EDGE_LOOP('',(#5988,#5989,#5990,#5991));
#1382=EDGE_LOOP('',(#5992,#5993,#5994,#5995));
#1383=EDGE_LOOP('',(#5996,#5997,#5998,#5999));
#1384=EDGE_LOOP('',(#6000,#6001,#6002,#6003));
#1385=EDGE_LOOP('',(#6004,#6005,#6006,#6007));
#1386=EDGE_LOOP('',(#6008,#6009,#6010,#6011));
#1387=EDGE_LOOP('',(#6012,#6013,#6014,#6015));
#1388=EDGE_LOOP('',(#6016,#6017,#6018,#6019));
#1389=EDGE_LOOP('',(#6020,#6021,#6022,#6023,#6024,#6025));
#1390=EDGE_LOOP('',(#6026,#6027,#6028,#6029,#6030,#6031));
#1391=EDGE_LOOP('',(#6032,#6033,#6034,#6035));
#1392=EDGE_LOOP('',(#6036,#6037,#6038,#6039));
#1393=EDGE_LOOP('',(#6040,#6041,#6042,#6043));
#1394=EDGE_LOOP('',(#6044,#6045,#6046,#6047));
#1395=EDGE_LOOP('',(#6048,#6049,#6050,#6051));
#1396=EDGE_LOOP('',(#6052,#6053,#6054,#6055));
#1397=EDGE_LOOP('',(#6056,#6057,#6058,#6059));
#1398=EDGE_LOOP('',(#6060,#6061,#6062,#6063));
#1399=EDGE_LOOP('',(#6064,#6065,#6066,#6067));
#1400=EDGE_LOOP('',(#6068,#6069,#6070,#6071));
#1401=EDGE_LOOP('',(#6072,#6073,#6074,#6075));
#1402=EDGE_LOOP('',(#6076,#6077,#6078,#6079));
#1403=EDGE_LOOP('',(#6080,#6081,#6082,#6083));
#1404=EDGE_LOOP('',(#6084,#6085,#6086,#6087,#6088,#6089,#6090,#6091));
#1405=EDGE_LOOP('',(#6092,#6093,#6094,#6095));
#1406=EDGE_LOOP('',(#6096,#6097,#6098,#6099));
#1407=EDGE_LOOP('',(#6100,#6101,#6102,#6103));
#1408=EDGE_LOOP('',(#6104,#6105,#6106,#6107));
#1409=EDGE_LOOP('',(#6108,#6109,#6110,#6111));
#1410=EDGE_LOOP('',(#6112,#6113,#6114,#6115));
#1411=EDGE_LOOP('',(#6116,#6117,#6118,#6119));
#1412=EDGE_LOOP('',(#6120,#6121,#6122,#6123));
#1413=EDGE_LOOP('',(#6124,#6125,#6126,#6127));
#1414=EDGE_LOOP('',(#6128,#6129,#6130,#6131));
#1415=EDGE_LOOP('',(#6132,#6133,#6134,#6135));
#1416=EDGE_LOOP('',(#6136,#6137,#6138,#6139));
#1417=EDGE_LOOP('',(#6140,#6141,#6142,#6143));
#1418=EDGE_LOOP('',(#6144,#6145,#6146,#6147));
#1419=EDGE_LOOP('',(#6148,#6149,#6150,#6151));
#1420=EDGE_LOOP('',(#6152,#6153,#6154,#6155));
#1421=EDGE_LOOP('',(#6156,#6157,#6158,#6159));
#1422=EDGE_LOOP('',(#6160,#6161,#6162,#6163,#6164,#6165,#6166,#6167,#6168,
#6169,#6170,#6171,#6172,#6173,#6174,#6175,#6176,#6177,#6178,#6179,#6180));
#1423=EDGE_LOOP('',(#6181,#6182,#6183,#6184,#6185,#6186,#6187,#6188,#6189,
#6190,#6191,#6192,#6193,#6194,#6195,#6196,#6197,#6198,#6199,#6200,#6201,
#6202,#6203,#6204,#6205,#6206));
#1424=LINE('',#7652,#1995);
#1425=LINE('',#7654,#1996);
#1426=LINE('',#7656,#1997);
#1427=LINE('',#7657,#1998);
#1428=LINE('',#7661,#1999);
#1429=LINE('',#7663,#2000);
#1430=LINE('',#7665,#2001);
#1431=LINE('',#7666,#2002);
#1432=LINE('',#7669,#2003);
#1433=LINE('',#7671,#2004);
#1434=LINE('',#7673,#2005);
#1435=LINE('',#7675,#2006);
#1436=LINE('',#7677,#2007);
#1437=LINE('',#7679,#2008);
#1438=LINE('',#7680,#2009);
#1439=LINE('',#7694,#2010);
#1440=LINE('',#7713,#2011);
#1441=LINE('',#7726,#2012);
#1442=LINE('',#7733,#2013);
#1443=LINE('',#7743,#2014);
#1444=LINE('',#7750,#2015);
#1445=LINE('',#7763,#2016);
#1446=LINE('',#7779,#2017);
#1447=LINE('',#7791,#2018);
#1448=LINE('',#7799,#2019);
#1449=LINE('',#7811,#2020);
#1450=LINE('',#7823,#2021);
#1451=LINE('',#7835,#2022);
#1452=LINE('',#7992,#2023);
#1453=LINE('',#7999,#2024);
#1454=LINE('',#8006,#2025);
#1455=LINE('',#8012,#2026);
#1456=LINE('',#8015,#2027);
#1457=LINE('',#8017,#2028);
#1458=LINE('',#8019,#2029);
#1459=LINE('',#8020,#2030);
#1460=LINE('',#8088,#2031);
#1461=LINE('',#8100,#2032);
#1462=LINE('',#8112,#2033);
#1463=LINE('',#8124,#2034);
#1464=LINE('',#8136,#2035);
#1465=LINE('',#8148,#2036);
#1466=LINE('',#8160,#2037);
#1467=LINE('',#8172,#2038);
#1468=LINE('',#8184,#2039);
#1469=LINE('',#8196,#2040);
#1470=LINE('',#8208,#2041);
#1471=LINE('',#8220,#2042);
#1472=LINE('',#8232,#2043);
#1473=LINE('',#8244,#2044);
#1474=LINE('',#8256,#2045);
#1475=LINE('',#8268,#2046);
#1476=LINE('',#8280,#2047);
#1477=LINE('',#8292,#2048);
#1478=LINE('',#8304,#2049);
#1479=LINE('',#8316,#2050);
#1480=LINE('',#8328,#2051);
#1481=LINE('',#8340,#2052);
#1482=LINE('',#8352,#2053);
#1483=LINE('',#8364,#2054);
#1484=LINE('',#8376,#2055);
#1485=LINE('',#8388,#2056);
#1486=LINE('',#8400,#2057);
#1487=LINE('',#8412,#2058);
#1488=LINE('',#8424,#2059);
#1489=LINE('',#8431,#2060);
#1490=LINE('',#8438,#2061);
#1491=LINE('',#8444,#2062);
#1492=LINE('',#8452,#2063);
#1493=LINE('',#8464,#2064);
#1494=LINE('',#8476,#2065);
#1495=LINE('',#8488,#2066);
#1496=LINE('',#8500,#2067);
#1497=LINE('',#8512,#2068);
#1498=LINE('',#8524,#2069);
#1499=LINE('',#8536,#2070);
#1500=LINE('',#8548,#2071);
#1501=LINE('',#8560,#2072);
#1502=LINE('',#8572,#2073);
#1503=LINE('',#8584,#2074);
#1504=LINE('',#8596,#2075);
#1505=LINE('',#8608,#2076);
#1506=LINE('',#8620,#2077);
#1507=LINE('',#8632,#2078);
#1508=LINE('',#8644,#2079);
#1509=LINE('',#8656,#2080);
#1510=LINE('',#8668,#2081);
#1511=LINE('',#8680,#2082);
#1512=LINE('',#8692,#2083);
#1513=LINE('',#8704,#2084);
#1514=LINE('',#8716,#2085);
#1515=LINE('',#8728,#2086);
#1516=LINE('',#8740,#2087);
#1517=LINE('',#8752,#2088);
#1518=LINE('',#8764,#2089);
#1519=LINE('',#8776,#2090);
#1520=LINE('',#8788,#2091);
#1521=LINE('',#8800,#2092);
#1522=LINE('',#8812,#2093);
#1523=LINE('',#8824,#2094);
#1524=LINE('',#8831,#2095);
#1525=LINE('',#8833,#2096);
#1526=LINE('',#8834,#2097);
#1527=LINE('',#8848,#2098);
#1528=LINE('',#8862,#2099);
#1529=LINE('',#8865,#2100);
#1530=LINE('',#8866,#2101);
#1531=LINE('',#8880,#2102);
#1532=LINE('',#8894,#2103);
#1533=LINE('',#8897,#2104);
#1534=LINE('',#8898,#2105);
#1535=LINE('',#8912,#2106);
#1536=LINE('',#8926,#2107);
#1537=LINE('',#8929,#2108);
#1538=LINE('',#8930,#2109);
#1539=LINE('',#8944,#2110);
#1540=LINE('',#8959,#2111);
#1541=LINE('',#8961,#2112);
#1542=LINE('',#8962,#2113);
#1543=LINE('',#8965,#2114);
#1544=LINE('',#8966,#2115);
#1545=LINE('',#8969,#2116);
#1546=LINE('',#8970,#2117);
#1547=LINE('',#8973,#2118);
#1548=LINE('',#8974,#2119);
#1549=LINE('',#8976,#2120);
#1550=LINE('',#8979,#2121);
#1551=LINE('',#8980,#2122);
#1552=LINE('',#8982,#2123);
#1553=LINE('',#8992,#2124);
#1554=LINE('',#8998,#2125);
#1555=LINE('',#9012,#2126);
#1556=LINE('',#9026,#2127);
#1557=LINE('',#9040,#2128);
#1558=LINE('',#9054,#2129);
#1559=LINE('',#9076,#2130);
#1560=LINE('',#9082,#2131);
#1561=LINE('',#9096,#2132);
#1562=LINE('',#9110,#2133);
#1563=LINE('',#9124,#2134);
#1564=LINE('',#9146,#2135);
#1565=LINE('',#9152,#2136);
#1566=LINE('',#9166,#2137);
#1567=LINE('',#9180,#2138);
#1568=LINE('',#9194,#2139);
#1569=LINE('',#9208,#2140);
#1570=LINE('',#9230,#2141);
#1571=LINE('',#9236,#2142);
#1572=LINE('',#9250,#2143);
#1573=LINE('',#9264,#2144);
#1574=LINE('',#9278,#2145);
#1575=LINE('',#9292,#2146);
#1576=LINE('',#9314,#2147);
#1577=LINE('',#9320,#2148);
#1578=LINE('',#9334,#2149);
#1579=LINE('',#9348,#2150);
#1580=LINE('',#9362,#2151);
#1581=LINE('',#9376,#2152);
#1582=LINE('',#9391,#2153);
#1583=LINE('',#9393,#2154);
#1584=LINE('',#9394,#2155);
#1585=LINE('',#9408,#2156);
#1586=LINE('',#9411,#2157);
#1587=LINE('',#9412,#2158);
#1588=LINE('',#9426,#2159);
#1589=LINE('',#9429,#2160);
#1590=LINE('',#9430,#2161);
#1591=LINE('',#9444,#2162);
#1592=LINE('',#9447,#2163);
#1593=LINE('',#9448,#2164);
#1594=LINE('',#9463,#2165);
#1595=LINE('',#9465,#2166);
#1596=LINE('',#9466,#2167);
#1597=LINE('',#9469,#2168);
#1598=LINE('',#9470,#2169);
#1599=LINE('',#9473,#2170);
#1600=LINE('',#9474,#2171);
#1601=LINE('',#9476,#2172);
#1602=LINE('',#9486,#2173);
#1603=LINE('',#9492,#2174);
#1604=LINE('',#9506,#2175);
#1605=LINE('',#9520,#2176);
#1606=LINE('',#9534,#2177);
#1607=LINE('',#9548,#2178);
#1608=LINE('',#9570,#2179);
#1609=LINE('',#9576,#2180);
#1610=LINE('',#9590,#2181);
#1611=LINE('',#9604,#2182);
#1612=LINE('',#9618,#2183);
#1613=LINE('',#9632,#2184);
#1614=LINE('',#9647,#2185);
#1615=LINE('',#9649,#2186);
#1616=LINE('',#9650,#2187);
#1617=LINE('',#9664,#2188);
#1618=LINE('',#9678,#2189);
#1619=LINE('',#9681,#2190);
#1620=LINE('',#9682,#2191);
#1621=LINE('',#9696,#2192);
#1622=LINE('',#9710,#2193);
#1623=LINE('',#9713,#2194);
#1624=LINE('',#9714,#2195);
#1625=LINE('',#9728,#2196);
#1626=LINE('',#9742,#2197);
#1627=LINE('',#9745,#2198);
#1628=LINE('',#9746,#2199);
#1629=LINE('',#9760,#2200);
#1630=LINE('',#9775,#2201);
#1631=LINE('',#9777,#2202);
#1632=LINE('',#9778,#2203);
#1633=LINE('',#9792,#2204);
#1634=LINE('',#9806,#2205);
#1635=LINE('',#9809,#2206);
#1636=LINE('',#9810,#2207);
#1637=LINE('',#9824,#2208);
#1638=LINE('',#9838,#2209);
#1639=LINE('',#9841,#2210);
#1640=LINE('',#9842,#2211);
#1641=LINE('',#9856,#2212);
#1642=LINE('',#9870,#2213);
#1643=LINE('',#9873,#2214);
#1644=LINE('',#9874,#2215);
#1645=LINE('',#9888,#2216);
#1646=LINE('',#9903,#2217);
#1647=LINE('',#9905,#2218);
#1648=LINE('',#9906,#2219);
#1649=LINE('',#9920,#2220);
#1650=LINE('',#9934,#2221);
#1651=LINE('',#9937,#2222);
#1652=LINE('',#9938,#2223);
#1653=LINE('',#9952,#2224);
#1654=LINE('',#9966,#2225);
#1655=LINE('',#9969,#2226);
#1656=LINE('',#9970,#2227);
#1657=LINE('',#9984,#2228);
#1658=LINE('',#9998,#2229);
#1659=LINE('',#10001,#2230);
#1660=LINE('',#10002,#2231);
#1661=LINE('',#10016,#2232);
#1662=LINE('',#10031,#2233);
#1663=LINE('',#10033,#2234);
#1664=LINE('',#10034,#2235);
#1665=LINE('',#10048,#2236);
#1666=LINE('',#10062,#2237);
#1667=LINE('',#10065,#2238);
#1668=LINE('',#10066,#2239);
#1669=LINE('',#10080,#2240);
#1670=LINE('',#10094,#2241);
#1671=LINE('',#10097,#2242);
#1672=LINE('',#10098,#2243);
#1673=LINE('',#10112,#2244);
#1674=LINE('',#10126,#2245);
#1675=LINE('',#10129,#2246);
#1676=LINE('',#10130,#2247);
#1677=LINE('',#10144,#2248);
#1678=LINE('',#10159,#2249);
#1679=LINE('',#10161,#2250);
#1680=LINE('',#10162,#2251);
#1681=LINE('',#10176,#2252);
#1682=LINE('',#10190,#2253);
#1683=LINE('',#10193,#2254);
#1684=LINE('',#10194,#2255);
#1685=LINE('',#10208,#2256);
#1686=LINE('',#10222,#2257);
#1687=LINE('',#10225,#2258);
#1688=LINE('',#10226,#2259);
#1689=LINE('',#10240,#2260);
#1690=LINE('',#10254,#2261);
#1691=LINE('',#10257,#2262);
#1692=LINE('',#10258,#2263);
#1693=LINE('',#10272,#2264);
#1694=LINE('',#10287,#2265);
#1695=LINE('',#10289,#2266);
#1696=LINE('',#10290,#2267);
#1697=LINE('',#10304,#2268);
#1698=LINE('',#10318,#2269);
#1699=LINE('',#10321,#2270);
#1700=LINE('',#10322,#2271);
#1701=LINE('',#10336,#2272);
#1702=LINE('',#10350,#2273);
#1703=LINE('',#10353,#2274);
#1704=LINE('',#10354,#2275);
#1705=LINE('',#10368,#2276);
#1706=LINE('',#10382,#2277);
#1707=LINE('',#10385,#2278);
#1708=LINE('',#10386,#2279);
#1709=LINE('',#10400,#2280);
#1710=LINE('',#10415,#2281);
#1711=LINE('',#10417,#2282);
#1712=LINE('',#10418,#2283);
#1713=LINE('',#10432,#2284);
#1714=LINE('',#10446,#2285);
#1715=LINE('',#10449,#2286);
#1716=LINE('',#10450,#2287);
#1717=LINE('',#10464,#2288);
#1718=LINE('',#10478,#2289);
#1719=LINE('',#10481,#2290);
#1720=LINE('',#10482,#2291);
#1721=LINE('',#10496,#2292);
#1722=LINE('',#10510,#2293);
#1723=LINE('',#10513,#2294);
#1724=LINE('',#10514,#2295);
#1725=LINE('',#10528,#2296);
#1726=LINE('',#10543,#2297);
#1727=LINE('',#10545,#2298);
#1728=LINE('',#10546,#2299);
#1729=LINE('',#10560,#2300);
#1730=LINE('',#10563,#2301);
#1731=LINE('',#10564,#2302);
#1732=LINE('',#10578,#2303);
#1733=LINE('',#10581,#2304);
#1734=LINE('',#10582,#2305);
#1735=LINE('',#10596,#2306);
#1736=LINE('',#10599,#2307);
#1737=LINE('',#10600,#2308);
#1738=LINE('',#10615,#2309);
#1739=LINE('',#10617,#2310);
#1740=LINE('',#10618,#2311);
#1741=LINE('',#10632,#2312);
#1742=LINE('',#10646,#2313);
#1743=LINE('',#10649,#2314);
#1744=LINE('',#10650,#2315);
#1745=LINE('',#10664,#2316);
#1746=LINE('',#10678,#2317);
#1747=LINE('',#10681,#2318);
#1748=LINE('',#10682,#2319);
#1749=LINE('',#10696,#2320);
#1750=LINE('',#10710,#2321);
#1751=LINE('',#10713,#2322);
#1752=LINE('',#10714,#2323);
#1753=LINE('',#10728,#2324);
#1754=LINE('',#10743,#2325);
#1755=LINE('',#10745,#2326);
#1756=LINE('',#10746,#2327);
#1757=LINE('',#10760,#2328);
#1758=LINE('',#10774,#2329);
#1759=LINE('',#10777,#2330);
#1760=LINE('',#10778,#2331);
#1761=LINE('',#10792,#2332);
#1762=LINE('',#10806,#2333);
#1763=LINE('',#10809,#2334);
#1764=LINE('',#10810,#2335);
#1765=LINE('',#10824,#2336);
#1766=LINE('',#10838,#2337);
#1767=LINE('',#10841,#2338);
#1768=LINE('',#10842,#2339);
#1769=LINE('',#10856,#2340);
#1770=LINE('',#10871,#2341);
#1771=LINE('',#10873,#2342);
#1772=LINE('',#10874,#2343);
#1773=LINE('',#10888,#2344);
#1774=LINE('',#10902,#2345);
#1775=LINE('',#10905,#2346);
#1776=LINE('',#10906,#2347);
#1777=LINE('',#10920,#2348);
#1778=LINE('',#10934,#2349);
#1779=LINE('',#10937,#2350);
#1780=LINE('',#10938,#2351);
#1781=LINE('',#10952,#2352);
#1782=LINE('',#10966,#2353);
#1783=LINE('',#10969,#2354);
#1784=LINE('',#10970,#2355);
#1785=LINE('',#10984,#2356);
#1786=LINE('',#10999,#2357);
#1787=LINE('',#11001,#2358);
#1788=LINE('',#11002,#2359);
#1789=LINE('',#11016,#2360);
#1790=LINE('',#11030,#2361);
#1791=LINE('',#11033,#2362);
#1792=LINE('',#11034,#2363);
#1793=LINE('',#11048,#2364);
#1794=LINE('',#11062,#2365);
#1795=LINE('',#11065,#2366);
#1796=LINE('',#11066,#2367);
#1797=LINE('',#11080,#2368);
#1798=LINE('',#11094,#2369);
#1799=LINE('',#11097,#2370);
#1800=LINE('',#11098,#2371);
#1801=LINE('',#11112,#2372);
#1802=LINE('',#11127,#2373);
#1803=LINE('',#11129,#2374);
#1804=LINE('',#11130,#2375);
#1805=LINE('',#11144,#2376);
#1806=LINE('',#11158,#2377);
#1807=LINE('',#11161,#2378);
#1808=LINE('',#11162,#2379);
#1809=LINE('',#11176,#2380);
#1810=LINE('',#11190,#2381);
#1811=LINE('',#11193,#2382);
#1812=LINE('',#11194,#2383);
#1813=LINE('',#11208,#2384);
#1814=LINE('',#11222,#2385);
#1815=LINE('',#11225,#2386);
#1816=LINE('',#11226,#2387);
#1817=LINE('',#11240,#2388);
#1818=LINE('',#11255,#2389);
#1819=LINE('',#11257,#2390);
#1820=LINE('',#11258,#2391);
#1821=LINE('',#11272,#2392);
#1822=LINE('',#11286,#2393);
#1823=LINE('',#11289,#2394);
#1824=LINE('',#11290,#2395);
#1825=LINE('',#11304,#2396);
#1826=LINE('',#11318,#2397);
#1827=LINE('',#11321,#2398);
#1828=LINE('',#11322,#2399);
#1829=LINE('',#11336,#2400);
#1830=LINE('',#11350,#2401);
#1831=LINE('',#11353,#2402);
#1832=LINE('',#11354,#2403);
#1833=LINE('',#11368,#2404);
#1834=LINE('',#11383,#2405);
#1835=LINE('',#11385,#2406);
#1836=LINE('',#11386,#2407);
#1837=LINE('',#11400,#2408);
#1838=LINE('',#11414,#2409);
#1839=LINE('',#11417,#2410);
#1840=LINE('',#11418,#2411);
#1841=LINE('',#11432,#2412);
#1842=LINE('',#11446,#2413);
#1843=LINE('',#11449,#2414);
#1844=LINE('',#11450,#2415);
#1845=LINE('',#11464,#2416);
#1846=LINE('',#11478,#2417);
#1847=LINE('',#11481,#2418);
#1848=LINE('',#11482,#2419);
#1849=LINE('',#11496,#2420);
#1850=LINE('',#11511,#2421);
#1851=LINE('',#11513,#2422);
#1852=LINE('',#11514,#2423);
#1853=LINE('',#11528,#2424);
#1854=LINE('',#11542,#2425);
#1855=LINE('',#11545,#2426);
#1856=LINE('',#11546,#2427);
#1857=LINE('',#11560,#2428);
#1858=LINE('',#11574,#2429);
#1859=LINE('',#11577,#2430);
#1860=LINE('',#11578,#2431);
#1861=LINE('',#11592,#2432);
#1862=LINE('',#11606,#2433);
#1863=LINE('',#11609,#2434);
#1864=LINE('',#11610,#2435);
#1865=LINE('',#11624,#2436);
#1866=LINE('',#11639,#2437);
#1867=LINE('',#11641,#2438);
#1868=LINE('',#11642,#2439);
#1869=LINE('',#11674,#2440);
#1870=LINE('',#11676,#2441);
#1871=LINE('',#11680,#2442);
#1872=LINE('',#11694,#2443);
#1873=LINE('',#11708,#2444);
#1874=LINE('',#11711,#2445);
#1875=LINE('',#11712,#2446);
#1876=LINE('',#11762,#2447);
#1877=LINE('',#11765,#2448);
#1878=LINE('',#11766,#2449);
#1879=LINE('',#11798,#2450);
#1880=LINE('',#11801,#2451);
#1881=LINE('',#11802,#2452);
#1882=LINE('',#11816,#2453);
#1883=LINE('',#11819,#2454);
#1884=LINE('',#11820,#2455);
#1885=LINE('',#11843,#2456);
#1886=LINE('',#11846,#2457);
#1887=LINE('',#11847,#2458);
#1888=LINE('',#11861,#2459);
#1889=LINE('',#11864,#2460);
#1890=LINE('',#11865,#2461);
#1891=LINE('',#11897,#2462);
#1892=LINE('',#11900,#2463);
#1893=LINE('',#11901,#2464);
#1894=LINE('',#11945,#2465);
#1895=LINE('',#11947,#2466);
#1896=LINE('',#11949,#2467);
#1897=LINE('',#11950,#2468);
#1898=LINE('',#11953,#2469);
#1899=LINE('',#11955,#2470);
#1900=LINE('',#11956,#2471);
#1901=LINE('',#11960,#2472);
#1902=LINE('',#11962,#2473);
#1903=LINE('',#11969,#2474);
#1904=LINE('',#11979,#2475);
#1905=LINE('',#11989,#2476);
#1906=LINE('',#11999,#2477);
#1907=LINE('',#12006,#2478);
#1908=LINE('',#12013,#2479);
#1909=LINE('',#12020,#2480);
#1910=LINE('',#12030,#2481);
#1911=LINE('',#12040,#2482);
#1912=LINE('',#12054,#2483);
#1913=LINE('',#12056,#2484);
#1914=LINE('',#12058,#2485);
#1915=LINE('',#12072,#2486);
#1916=LINE('',#12091,#2487);
#1917=LINE('',#12104,#2488);
#1918=LINE('',#12111,#2489);
#1919=LINE('',#12121,#2490);
#1920=LINE('',#12128,#2491);
#1921=LINE('',#12141,#2492);
#1922=LINE('',#12157,#2493);
#1923=LINE('',#12170,#2494);
#1924=LINE('',#12171,#2495);
#1925=LINE('',#12174,#2496);
#1926=LINE('',#12176,#2497);
#1927=LINE('',#12177,#2498);
#1928=LINE('',#12191,#2499);
#1929=LINE('',#12194,#2500);
#1930=LINE('',#12195,#2501);
#1931=LINE('',#12209,#2502);
#1932=LINE('',#12212,#2503);
#1933=LINE('',#12213,#2504);
#1934=LINE('',#12236,#2505);
#1935=LINE('',#12239,#2506);
#1936=LINE('',#12240,#2507);
#1937=LINE('',#12263,#2508);
#1938=LINE('',#12266,#2509);
#1939=LINE('',#12267,#2510);
#1940=LINE('',#12281,#2511);
#1941=LINE('',#12295,#2512);
#1942=LINE('',#12299,#2513);
#1943=LINE('',#12302,#2514);
#1944=LINE('',#12303,#2515);
#1945=LINE('',#12305,#2516);
#1946=LINE('',#12306,#2517);
#1947=LINE('',#12308,#2518);
#1948=LINE('',#12310,#2519);
#1949=LINE('',#12311,#2520);
#1950=LINE('',#12314,#2521);
#1951=LINE('',#12315,#2522);
#1952=LINE('',#12329,#2523);
#1953=LINE('',#12332,#2524);
#1954=LINE('',#12333,#2525);
#1955=LINE('',#12356,#2526);
#1956=LINE('',#12359,#2527);
#1957=LINE('',#12360,#2528);
#1958=LINE('',#12383,#2529);
#1959=LINE('',#12386,#2530);
#1960=LINE('',#12387,#2531);
#1961=LINE('',#12410,#2532);
#1962=LINE('',#12413,#2533);
#1963=LINE('',#12414,#2534);
#1964=LINE('',#12429,#2535);
#1965=LINE('',#12431,#2536);
#1966=LINE('',#12432,#2537);
#1967=LINE('',#12464,#2538);
#1968=LINE('',#12467,#2539);
#1969=LINE('',#12468,#2540);
#1970=LINE('',#12471,#2541);
#1971=LINE('',#12472,#2542);
#1972=LINE('',#12476,#2543);
#1973=LINE('',#12490,#2544);
#1974=LINE('',#12504,#2545);
#1975=LINE('',#12507,#2546);
#1976=LINE('',#12508,#2547);
#1977=LINE('',#12558,#2548);
#1978=LINE('',#12561,#2549);
#1979=LINE('',#12562,#2550);
#1980=LINE('',#12594,#2551);
#1981=LINE('',#12597,#2552);
#1982=LINE('',#12598,#2553);
#1983=LINE('',#12612,#2554);
#1984=LINE('',#12615,#2555);
#1985=LINE('',#12616,#2556);
#1986=LINE('',#12639,#2557);
#1987=LINE('',#12642,#2558);
#1988=LINE('',#12643,#2559);
#1989=LINE('',#12657,#2560);
#1990=LINE('',#12660,#2561);
#1991=LINE('',#12661,#2562);
#1992=LINE('',#12693,#2563);
#1993=LINE('',#12696,#2564);
#1994=LINE('',#12697,#2565);
#1995=VECTOR('',#6815,10.);
#1996=VECTOR('',#6816,10.);
#1997=VECTOR('',#6817,10.);
#1998=VECTOR('',#6818,10.);
#1999=VECTOR('',#6821,10.);
#2000=VECTOR('',#6822,10.);
#2001=VECTOR('',#6823,10.);
#2002=VECTOR('',#6824,10.);
#2003=VECTOR('',#6827,10.);
#2004=VECTOR('',#6828,10.);
#2005=VECTOR('',#6829,10.);
#2006=VECTOR('',#6830,10.);
#2007=VECTOR('',#6831,10.);
#2008=VECTOR('',#6832,10.);
#2009=VECTOR('',#6833,10.);
#2010=VECTOR('',#6836,10.);
#2011=VECTOR('',#6837,10.);
#2012=VECTOR('',#6838,10.);
#2013=VECTOR('',#6839,10.);
#2014=VECTOR('',#6840,10.);
#2015=VECTOR('',#6841,10.);
#2016=VECTOR('',#6842,10.);
#2017=VECTOR('',#6843,10.);
#2018=VECTOR('',#6844,10.);
#2019=VECTOR('',#6845,10.);
#2020=VECTOR('',#6846,10.);
#2021=VECTOR('',#6847,10.);
#2022=VECTOR('',#6848,10.);
#2023=VECTOR('',#6849,10.);
#2024=VECTOR('',#6850,10.);
#2025=VECTOR('',#6851,10.);
#2026=VECTOR('',#6852,10.);
#2027=VECTOR('',#6853,10.);
#2028=VECTOR('',#6854,10.);
#2029=VECTOR('',#6855,10.);
#2030=VECTOR('',#6856,10.);
#2031=VECTOR('',#6857,10.);
#2032=VECTOR('',#6858,10.);
#2033=VECTOR('',#6859,10.);
#2034=VECTOR('',#6860,10.);
#2035=VECTOR('',#6861,10.);
#2036=VECTOR('',#6862,10.);
#2037=VECTOR('',#6863,10.);
#2038=VECTOR('',#6864,10.);
#2039=VECTOR('',#6865,10.);
#2040=VECTOR('',#6866,10.);
#2041=VECTOR('',#6867,10.);
#2042=VECTOR('',#6868,10.);
#2043=VECTOR('',#6869,10.);
#2044=VECTOR('',#6870,10.);
#2045=VECTOR('',#6871,10.);
#2046=VECTOR('',#6872,10.);
#2047=VECTOR('',#6873,10.);
#2048=VECTOR('',#6874,10.);
#2049=VECTOR('',#6875,10.);
#2050=VECTOR('',#6876,10.);
#2051=VECTOR('',#6877,10.);
#2052=VECTOR('',#6878,10.);
#2053=VECTOR('',#6879,10.);
#2054=VECTOR('',#6880,10.);
#2055=VECTOR('',#6881,10.);
#2056=VECTOR('',#6882,10.);
#2057=VECTOR('',#6883,10.);
#2058=VECTOR('',#6884,10.);
#2059=VECTOR('',#6885,10.);
#2060=VECTOR('',#6886,10.);
#2061=VECTOR('',#6887,10.);
#2062=VECTOR('',#6888,10.);
#2063=VECTOR('',#6889,10.);
#2064=VECTOR('',#6890,10.);
#2065=VECTOR('',#6891,10.);
#2066=VECTOR('',#6892,10.);
#2067=VECTOR('',#6893,10.);
#2068=VECTOR('',#6894,10.);
#2069=VECTOR('',#6895,10.);
#2070=VECTOR('',#6896,10.);
#2071=VECTOR('',#6897,10.);
#2072=VECTOR('',#6898,10.);
#2073=VECTOR('',#6899,10.);
#2074=VECTOR('',#6900,10.);
#2075=VECTOR('',#6901,10.);
#2076=VECTOR('',#6902,10.);
#2077=VECTOR('',#6903,10.);
#2078=VECTOR('',#6904,10.);
#2079=VECTOR('',#6905,10.);
#2080=VECTOR('',#6906,10.);
#2081=VECTOR('',#6907,10.);
#2082=VECTOR('',#6908,10.);
#2083=VECTOR('',#6909,10.);
#2084=VECTOR('',#6910,10.);
#2085=VECTOR('',#6911,10.);
#2086=VECTOR('',#6912,10.);
#2087=VECTOR('',#6913,10.);
#2088=VECTOR('',#6914,10.);
#2089=VECTOR('',#6915,10.);
#2090=VECTOR('',#6916,10.);
#2091=VECTOR('',#6917,10.);
#2092=VECTOR('',#6918,10.);
#2093=VECTOR('',#6919,10.);
#2094=VECTOR('',#6920,10.);
#2095=VECTOR('',#6923,10.);
#2096=VECTOR('',#6924,10.);
#2097=VECTOR('',#6925,10.);
#2098=VECTOR('',#6926,10.);
#2099=VECTOR('',#6927,10.);
#2100=VECTOR('',#6930,10.);
#2101=VECTOR('',#6931,10.);
#2102=VECTOR('',#6932,10.);
#2103=VECTOR('',#6933,10.);
#2104=VECTOR('',#6936,10.);
#2105=VECTOR('',#6937,10.);
#2106=VECTOR('',#6938,10.);
#2107=VECTOR('',#6939,10.);
#2108=VECTOR('',#6942,10.);
#2109=VECTOR('',#6943,10.);
#2110=VECTOR('',#6944,10.);
#2111=VECTOR('',#6947,10.);
#2112=VECTOR('',#6948,10.);
#2113=VECTOR('',#6949,10.);
#2114=VECTOR('',#6952,10.);
#2115=VECTOR('',#6953,10.);
#2116=VECTOR('',#6956,10.);
#2117=VECTOR('',#6957,10.);
#2118=VECTOR('',#6960,10.);
#2119=VECTOR('',#6961,10.);
#2120=VECTOR('',#6964,10.);
#2121=VECTOR('',#6967,10.);
#2122=VECTOR('',#6968,10.);
#2123=VECTOR('',#6971,10.);
#2124=VECTOR('',#6972,10.);
#2125=VECTOR('',#6973,10.);
#2126=VECTOR('',#6974,10.);
#2127=VECTOR('',#6975,10.);
#2128=VECTOR('',#6976,10.);
#2129=VECTOR('',#6977,10.);
#2130=VECTOR('',#6978,10.);
#2131=VECTOR('',#6979,10.);
#2132=VECTOR('',#6980,10.);
#2133=VECTOR('',#6981,10.);
#2134=VECTOR('',#6982,10.);
#2135=VECTOR('',#6983,10.);
#2136=VECTOR('',#6984,10.);
#2137=VECTOR('',#6985,10.);
#2138=VECTOR('',#6986,10.);
#2139=VECTOR('',#6987,10.);
#2140=VECTOR('',#6988,10.);
#2141=VECTOR('',#6989,10.);
#2142=VECTOR('',#6990,10.);
#2143=VECTOR('',#6991,10.);
#2144=VECTOR('',#6992,10.);
#2145=VECTOR('',#6993,10.);
#2146=VECTOR('',#6994,10.);
#2147=VECTOR('',#6995,10.);
#2148=VECTOR('',#6996,10.);
#2149=VECTOR('',#6997,10.);
#2150=VECTOR('',#6998,10.);
#2151=VECTOR('',#6999,10.);
#2152=VECTOR('',#7000,10.);
#2153=VECTOR('',#7003,10.);
#2154=VECTOR('',#7004,10.);
#2155=VECTOR('',#7005,10.);
#2156=VECTOR('',#7006,10.);
#2157=VECTOR('',#7009,10.);
#2158=VECTOR('',#7010,10.);
#2159=VECTOR('',#7011,10.);
#2160=VECTOR('',#7014,10.);
#2161=VECTOR('',#7015,10.);
#2162=VECTOR('',#7016,10.);
#2163=VECTOR('',#7019,10.);
#2164=VECTOR('',#7020,10.);
#2165=VECTOR('',#7023,10.);
#2166=VECTOR('',#7024,10.);
#2167=VECTOR('',#7025,10.);
#2168=VECTOR('',#7028,10.);
#2169=VECTOR('',#7029,10.);
#2170=VECTOR('',#7032,10.);
#2171=VECTOR('',#7033,10.);
#2172=VECTOR('',#7036,10.);
#2173=VECTOR('',#7037,10.);
#2174=VECTOR('',#7038,10.);
#2175=VECTOR('',#7039,10.);
#2176=VECTOR('',#7040,10.);
#2177=VECTOR('',#7041,10.);
#2178=VECTOR('',#7042,10.);
#2179=VECTOR('',#7043,10.);
#2180=VECTOR('',#7044,10.);
#2181=VECTOR('',#7045,10.);
#2182=VECTOR('',#7046,10.);
#2183=VECTOR('',#7047,10.);
#2184=VECTOR('',#7048,10.);
#2185=VECTOR('',#7051,10.);
#2186=VECTOR('',#7052,10.);
#2187=VECTOR('',#7053,10.);
#2188=VECTOR('',#7054,10.);
#2189=VECTOR('',#7055,10.);
#2190=VECTOR('',#7058,10.);
#2191=VECTOR('',#7059,10.);
#2192=VECTOR('',#7060,10.);
#2193=VECTOR('',#7061,10.);
#2194=VECTOR('',#7064,10.);
#2195=VECTOR('',#7065,10.);
#2196=VECTOR('',#7066,10.);
#2197=VECTOR('',#7067,10.);
#2198=VECTOR('',#7070,10.);
#2199=VECTOR('',#7071,10.);
#2200=VECTOR('',#7072,10.);
#2201=VECTOR('',#7075,10.);
#2202=VECTOR('',#7076,10.);
#2203=VECTOR('',#7077,10.);
#2204=VECTOR('',#7078,10.);
#2205=VECTOR('',#7079,10.);
#2206=VECTOR('',#7082,10.);
#2207=VECTOR('',#7083,10.);
#2208=VECTOR('',#7084,10.);
#2209=VECTOR('',#7085,10.);
#2210=VECTOR('',#7088,10.);
#2211=VECTOR('',#7089,10.);
#2212=VECTOR('',#7090,10.);
#2213=VECTOR('',#7091,10.);
#2214=VECTOR('',#7094,10.);
#2215=VECTOR('',#7095,10.);
#2216=VECTOR('',#7096,10.);
#2217=VECTOR('',#7099,10.);
#2218=VECTOR('',#7100,10.);
#2219=VECTOR('',#7101,10.);
#2220=VECTOR('',#7102,10.);
#2221=VECTOR('',#7103,10.);
#2222=VECTOR('',#7106,10.);
#2223=VECTOR('',#7107,10.);
#2224=VECTOR('',#7108,10.);
#2225=VECTOR('',#7109,10.);
#2226=VECTOR('',#7112,10.);
#2227=VECTOR('',#7113,10.);
#2228=VECTOR('',#7114,10.);
#2229=VECTOR('',#7115,10.);
#2230=VECTOR('',#7118,10.);
#2231=VECTOR('',#7119,10.);
#2232=VECTOR('',#7120,10.);
#2233=VECTOR('',#7123,10.);
#2234=VECTOR('',#7124,10.);
#2235=VECTOR('',#7125,10.);
#2236=VECTOR('',#7126,10.);
#2237=VECTOR('',#7127,10.);
#2238=VECTOR('',#7130,10.);
#2239=VECTOR('',#7131,10.);
#2240=VECTOR('',#7132,10.);
#2241=VECTOR('',#7133,10.);
#2242=VECTOR('',#7136,10.);
#2243=VECTOR('',#7137,10.);
#2244=VECTOR('',#7138,10.);
#2245=VECTOR('',#7139,10.);
#2246=VECTOR('',#7142,10.);
#2247=VECTOR('',#7143,10.);
#2248=VECTOR('',#7144,10.);
#2249=VECTOR('',#7147,10.);
#2250=VECTOR('',#7148,10.);
#2251=VECTOR('',#7149,10.);
#2252=VECTOR('',#7150,10.);
#2253=VECTOR('',#7151,10.);
#2254=VECTOR('',#7154,10.);
#2255=VECTOR('',#7155,10.);
#2256=VECTOR('',#7156,10.);
#2257=VECTOR('',#7157,10.);
#2258=VECTOR('',#7160,10.);
#2259=VECTOR('',#7161,10.);
#2260=VECTOR('',#7162,10.);
#2261=VECTOR('',#7163,10.);
#2262=VECTOR('',#7166,10.);
#2263=VECTOR('',#7167,10.);
#2264=VECTOR('',#7168,10.);
#2265=VECTOR('',#7171,10.);
#2266=VECTOR('',#7172,10.);
#2267=VECTOR('',#7173,10.);
#2268=VECTOR('',#7174,10.);
#2269=VECTOR('',#7175,10.);
#2270=VECTOR('',#7178,10.);
#2271=VECTOR('',#7179,10.);
#2272=VECTOR('',#7180,10.);
#2273=VECTOR('',#7181,10.);
#2274=VECTOR('',#7184,10.);
#2275=VECTOR('',#7185,10.);
#2276=VECTOR('',#7186,10.);
#2277=VECTOR('',#7187,10.);
#2278=VECTOR('',#7190,10.);
#2279=VECTOR('',#7191,10.);
#2280=VECTOR('',#7192,10.);
#2281=VECTOR('',#7195,10.);
#2282=VECTOR('',#7196,10.);
#2283=VECTOR('',#7197,10.);
#2284=VECTOR('',#7198,10.);
#2285=VECTOR('',#7199,10.);
#2286=VECTOR('',#7202,10.);
#2287=VECTOR('',#7203,10.);
#2288=VECTOR('',#7204,10.);
#2289=VECTOR('',#7205,10.);
#2290=VECTOR('',#7208,10.);
#2291=VECTOR('',#7209,10.);
#2292=VECTOR('',#7210,10.);
#2293=VECTOR('',#7211,10.);
#2294=VECTOR('',#7214,10.);
#2295=VECTOR('',#7215,10.);
#2296=VECTOR('',#7216,10.);
#2297=VECTOR('',#7219,10.);
#2298=VECTOR('',#7220,10.);
#2299=VECTOR('',#7221,10.);
#2300=VECTOR('',#7222,10.);
#2301=VECTOR('',#7225,10.);
#2302=VECTOR('',#7226,10.);
#2303=VECTOR('',#7227,10.);
#2304=VECTOR('',#7230,10.);
#2305=VECTOR('',#7231,10.);
#2306=VECTOR('',#7232,10.);
#2307=VECTOR('',#7235,10.);
#2308=VECTOR('',#7236,10.);
#2309=VECTOR('',#7239,10.);
#2310=VECTOR('',#7240,10.);
#2311=VECTOR('',#7241,10.);
#2312=VECTOR('',#7242,10.);
#2313=VECTOR('',#7243,10.);
#2314=VECTOR('',#7246,10.);
#2315=VECTOR('',#7247,10.);
#2316=VECTOR('',#7248,10.);
#2317=VECTOR('',#7249,10.);
#2318=VECTOR('',#7252,10.);
#2319=VECTOR('',#7253,10.);
#2320=VECTOR('',#7254,10.);
#2321=VECTOR('',#7255,10.);
#2322=VECTOR('',#7258,10.);
#2323=VECTOR('',#7259,10.);
#2324=VECTOR('',#7260,10.);
#2325=VECTOR('',#7263,10.);
#2326=VECTOR('',#7264,10.);
#2327=VECTOR('',#7265,10.);
#2328=VECTOR('',#7266,10.);
#2329=VECTOR('',#7267,10.);
#2330=VECTOR('',#7270,10.);
#2331=VECTOR('',#7271,10.);
#2332=VECTOR('',#7272,10.);
#2333=VECTOR('',#7273,10.);
#2334=VECTOR('',#7276,10.);
#2335=VECTOR('',#7277,10.);
#2336=VECTOR('',#7278,10.);
#2337=VECTOR('',#7279,10.);
#2338=VECTOR('',#7282,10.);
#2339=VECTOR('',#7283,10.);
#2340=VECTOR('',#7284,10.);
#2341=VECTOR('',#7287,10.);
#2342=VECTOR('',#7288,10.);
#2343=VECTOR('',#7289,10.);
#2344=VECTOR('',#7290,10.);
#2345=VECTOR('',#7291,10.);
#2346=VECTOR('',#7294,10.);
#2347=VECTOR('',#7295,10.);
#2348=VECTOR('',#7296,10.);
#2349=VECTOR('',#7297,10.);
#2350=VECTOR('',#7300,10.);
#2351=VECTOR('',#7301,10.);
#2352=VECTOR('',#7302,10.);
#2353=VECTOR('',#7303,10.);
#2354=VECTOR('',#7306,10.);
#2355=VECTOR('',#7307,10.);
#2356=VECTOR('',#7308,10.);
#2357=VECTOR('',#7311,10.);
#2358=VECTOR('',#7312,10.);
#2359=VECTOR('',#7313,10.);
#2360=VECTOR('',#7314,10.);
#2361=VECTOR('',#7315,10.);
#2362=VECTOR('',#7318,10.);
#2363=VECTOR('',#7319,10.);
#2364=VECTOR('',#7320,10.);
#2365=VECTOR('',#7321,10.);
#2366=VECTOR('',#7324,10.);
#2367=VECTOR('',#7325,10.);
#2368=VECTOR('',#7326,10.);
#2369=VECTOR('',#7327,10.);
#2370=VECTOR('',#7330,10.);
#2371=VECTOR('',#7331,10.);
#2372=VECTOR('',#7332,10.);
#2373=VECTOR('',#7335,10.);
#2374=VECTOR('',#7336,10.);
#2375=VECTOR('',#7337,10.);
#2376=VECTOR('',#7338,10.);
#2377=VECTOR('',#7339,10.);
#2378=VECTOR('',#7342,10.);
#2379=VECTOR('',#7343,10.);
#2380=VECTOR('',#7344,10.);
#2381=VECTOR('',#7345,10.);
#2382=VECTOR('',#7348,10.);
#2383=VECTOR('',#7349,10.);
#2384=VECTOR('',#7350,10.);
#2385=VECTOR('',#7351,10.);
#2386=VECTOR('',#7354,10.);
#2387=VECTOR('',#7355,10.);
#2388=VECTOR('',#7356,10.);
#2389=VECTOR('',#7359,10.);
#2390=VECTOR('',#7360,10.);
#2391=VECTOR('',#7361,10.);
#2392=VECTOR('',#7362,10.);
#2393=VECTOR('',#7363,10.);
#2394=VECTOR('',#7366,10.);
#2395=VECTOR('',#7367,10.);
#2396=VECTOR('',#7368,10.);
#2397=VECTOR('',#7369,10.);
#2398=VECTOR('',#7372,10.);
#2399=VECTOR('',#7373,10.);
#2400=VECTOR('',#7374,10.);
#2401=VECTOR('',#7375,10.);
#2402=VECTOR('',#7378,10.);
#2403=VECTOR('',#7379,10.);
#2404=VECTOR('',#7380,10.);
#2405=VECTOR('',#7383,10.);
#2406=VECTOR('',#7384,10.);
#2407=VECTOR('',#7385,10.);
#2408=VECTOR('',#7386,10.);
#2409=VECTOR('',#7387,10.);
#2410=VECTOR('',#7390,10.);
#2411=VECTOR('',#7391,10.);
#2412=VECTOR('',#7392,10.);
#2413=VECTOR('',#7393,10.);
#2414=VECTOR('',#7396,10.);
#2415=VECTOR('',#7397,10.);
#2416=VECTOR('',#7398,10.);
#2417=VECTOR('',#7399,10.);
#2418=VECTOR('',#7402,10.);
#2419=VECTOR('',#7403,10.);
#2420=VECTOR('',#7404,10.);
#2421=VECTOR('',#7407,10.);
#2422=VECTOR('',#7408,10.);
#2423=VECTOR('',#7409,10.);
#2424=VECTOR('',#7410,10.);
#2425=VECTOR('',#7411,10.);
#2426=VECTOR('',#7414,10.);
#2427=VECTOR('',#7415,10.);
#2428=VECTOR('',#7416,10.);
#2429=VECTOR('',#7417,10.);
#2430=VECTOR('',#7420,10.);
#2431=VECTOR('',#7421,10.);
#2432=VECTOR('',#7422,10.);
#2433=VECTOR('',#7423,10.);
#2434=VECTOR('',#7426,10.);
#2435=VECTOR('',#7427,10.);
#2436=VECTOR('',#7428,10.);
#2437=VECTOR('',#7431,10.);
#2438=VECTOR('',#7432,10.);
#2439=VECTOR('',#7433,10.);
#2440=VECTOR('',#7434,10.);
#2441=VECTOR('',#7437,10.);
#2442=VECTOR('',#7442,10.);
#2443=VECTOR('',#7443,10.);
#2444=VECTOR('',#7444,10.);
#2445=VECTOR('',#7447,10.);
#2446=VECTOR('',#7448,10.);
#2447=VECTOR('',#7449,10.);
#2448=VECTOR('',#7452,10.);
#2449=VECTOR('',#7453,10.);
#2450=VECTOR('',#7454,10.);
#2451=VECTOR('',#7457,10.);
#2452=VECTOR('',#7458,10.);
#2453=VECTOR('',#7459,10.);
#2454=VECTOR('',#7462,10.);
#2455=VECTOR('',#7463,10.);
#2456=VECTOR('',#7464,10.);
#2457=VECTOR('',#7467,10.);
#2458=VECTOR('',#7468,10.);
#2459=VECTOR('',#7469,10.);
#2460=VECTOR('',#7472,10.);
#2461=VECTOR('',#7473,10.);
#2462=VECTOR('',#7474,10.);
#2463=VECTOR('',#7477,10.);
#2464=VECTOR('',#7478,10.);
#2465=VECTOR('',#7483,10.);
#2466=VECTOR('',#7484,10.);
#2467=VECTOR('',#7485,10.);
#2468=VECTOR('',#7486,10.);
#2469=VECTOR('',#7489,10.);
#2470=VECTOR('',#7490,10.);
#2471=VECTOR('',#7491,10.);
#2472=VECTOR('',#7494,10.);
#2473=VECTOR('',#7495,10.);
#2474=VECTOR('',#7496,10.);
#2475=VECTOR('',#7497,10.);
#2476=VECTOR('',#7498,10.);
#2477=VECTOR('',#7499,10.);
#2478=VECTOR('',#7500,10.);
#2479=VECTOR('',#7501,10.);
#2480=VECTOR('',#7502,10.);
#2481=VECTOR('',#7503,10.);
#2482=VECTOR('',#7504,10.);
#2483=VECTOR('',#7507,10.);
#2484=VECTOR('',#7508,10.);
#2485=VECTOR('',#7509,10.);
#2486=VECTOR('',#7512,10.);
#2487=VECTOR('',#7513,10.);
#2488=VECTOR('',#7514,10.);
#2489=VECTOR('',#7515,10.);
#2490=VECTOR('',#7516,10.);
#2491=VECTOR('',#7517,10.);
#2492=VECTOR('',#7518,10.);
#2493=VECTOR('',#7519,10.);
#2494=VECTOR('',#7520,10.);
#2495=VECTOR('',#7521,10.);
#2496=VECTOR('',#7524,10.);
#2497=VECTOR('',#7525,10.);
#2498=VECTOR('',#7526,10.);
#2499=VECTOR('',#7527,10.);
#2500=VECTOR('',#7530,10.);
#2501=VECTOR('',#7531,10.);
#2502=VECTOR('',#7532,10.);
#2503=VECTOR('',#7535,10.);
#2504=VECTOR('',#7536,10.);
#2505=VECTOR('',#7537,10.);
#2506=VECTOR('',#7540,10.);
#2507=VECTOR('',#7541,10.);
#2508=VECTOR('',#7542,10.);
#2509=VECTOR('',#7545,10.);
#2510=VECTOR('',#7546,10.);
#2511=VECTOR('',#7547,10.);
#2512=VECTOR('',#7548,10.);
#2513=VECTOR('',#7553,10.);
#2514=VECTOR('',#7556,10.);
#2515=VECTOR('',#7557,10.);
#2516=VECTOR('',#7560,10.);
#2517=VECTOR('',#7561,10.);
#2518=VECTOR('',#7564,10.);
#2519=VECTOR('',#7565,10.);
#2520=VECTOR('',#7566,10.);
#2521=VECTOR('',#7569,10.);
#2522=VECTOR('',#7570,10.);
#2523=VECTOR('',#7571,10.);
#2524=VECTOR('',#7574,10.);
#2525=VECTOR('',#7575,10.);
#2526=VECTOR('',#7576,10.);
#2527=VECTOR('',#7579,10.);
#2528=VECTOR('',#7580,10.);
#2529=VECTOR('',#7581,10.);
#2530=VECTOR('',#7584,10.);
#2531=VECTOR('',#7585,10.);
#2532=VECTOR('',#7586,10.);
#2533=VECTOR('',#7589,10.);
#2534=VECTOR('',#7590,10.);
#2535=VECTOR('',#7593,10.);
#2536=VECTOR('',#7594,10.);
#2537=VECTOR('',#7595,10.);
#2538=VECTOR('',#7596,10.);
#2539=VECTOR('',#7599,10.);
#2540=VECTOR('',#7600,10.);
#2541=VECTOR('',#7603,10.);
#2542=VECTOR('',#7604,10.);
#2543=VECTOR('',#7609,10.);
#2544=VECTOR('',#7610,10.);
#2545=VECTOR('',#7611,10.);
#2546=VECTOR('',#7614,10.);
#2547=VECTOR('',#7615,10.);
#2548=VECTOR('',#7616,10.);
#2549=VECTOR('',#7619,10.);
#2550=VECTOR('',#7620,10.);
#2551=VECTOR('',#7621,10.);
#2552=VECTOR('',#7624,10.);
#2553=VECTOR('',#7625,10.);
#2554=VECTOR('',#7626,10.);
#2555=VECTOR('',#7629,10.);
#2556=VECTOR('',#7630,10.);
#2557=VECTOR('',#7631,10.);
#2558=VECTOR('',#7634,10.);
#2559=VECTOR('',#7635,10.);
#2560=VECTOR('',#7636,10.);
#2561=VECTOR('',#7639,10.);
#2562=VECTOR('',#7640,10.);
#2563=VECTOR('',#7641,10.);
#2564=VECTOR('',#7644,10.);
#2565=VECTOR('',#7645,10.);
#2566=VERTEX_POINT('',#7650);
#2567=VERTEX_POINT('',#7651);
#2568=VERTEX_POINT('',#7653);
#2569=VERTEX_POINT('',#7655);
#2570=VERTEX_POINT('',#7659);
#2571=VERTEX_POINT('',#7660);
#2572=VERTEX_POINT('',#7662);
#2573=VERTEX_POINT('',#7664);
#2574=VERTEX_POINT('',#7668);
#2575=VERTEX_POINT('',#7670);
#2576=VERTEX_POINT('',#7672);
#2577=VERTEX_POINT('',#7674);
#2578=VERTEX_POINT('',#7676);
#2579=VERTEX_POINT('',#7678);
#2580=VERTEX_POINT('',#7681);
#2581=VERTEX_POINT('',#7683);
#2582=VERTEX_POINT('',#7688);
#2583=VERTEX_POINT('',#7693);
#2584=VERTEX_POINT('',#7695);
#2585=VERTEX_POINT('',#7712);
#2586=VERTEX_POINT('',#7714);
#2587=VERTEX_POINT('',#7725);
#2588=VERTEX_POINT('',#7727);
#2589=VERTEX_POINT('',#7732);
#2590=VERTEX_POINT('',#7734);
#2591=VERTEX_POINT('',#7742);
#2592=VERTEX_POINT('',#7744);
#2593=VERTEX_POINT('',#7749);
#2594=VERTEX_POINT('',#7751);
#2595=VERTEX_POINT('',#7762);
#2596=VERTEX_POINT('',#7764);
#2597=VERTEX_POINT('',#7778);
#2598=VERTEX_POINT('',#7780);
#2599=VERTEX_POINT('',#7792);
#2600=VERTEX_POINT('',#7793);
#2601=VERTEX_POINT('',#7798);
#2602=VERTEX_POINT('',#7800);
#2603=VERTEX_POINT('',#7805);
#2604=VERTEX_POINT('',#7810);
#2605=VERTEX_POINT('',#7812);
#2606=VERTEX_POINT('',#7817);
#2607=VERTEX_POINT('',#7822);
#2608=VERTEX_POINT('',#7824);
#2609=VERTEX_POINT('',#7829);
#2610=VERTEX_POINT('',#7834);
#2611=VERTEX_POINT('',#7840);
#2612=VERTEX_POINT('',#7841);
#2613=VERTEX_POINT('',#7846);
#2614=VERTEX_POINT('',#7851);
#2615=VERTEX_POINT('',#7856);
#2616=VERTEX_POINT('',#7861);
#2617=VERTEX_POINT('',#7870);
#2618=VERTEX_POINT('',#7871);
#2619=VERTEX_POINT('',#7876);
#2620=VERTEX_POINT('',#7881);
#2621=VERTEX_POINT('',#7886);
#2622=VERTEX_POINT('',#7895);
#2623=VERTEX_POINT('',#7896);
#2624=VERTEX_POINT('',#7901);
#2625=VERTEX_POINT('',#7906);
#2626=VERTEX_POINT('',#7911);
#2627=VERTEX_POINT('',#7916);
#2628=VERTEX_POINT('',#7925);
#2629=VERTEX_POINT('',#7926);
#2630=VERTEX_POINT('',#7931);
#2631=VERTEX_POINT('',#7936);
#2632=VERTEX_POINT('',#7941);
#2633=VERTEX_POINT('',#7946);
#2634=VERTEX_POINT('',#7955);
#2635=VERTEX_POINT('',#7956);
#2636=VERTEX_POINT('',#7961);
#2637=VERTEX_POINT('',#7966);
#2638=VERTEX_POINT('',#7971);
#2639=VERTEX_POINT('',#7976);
#2640=VERTEX_POINT('',#7985);
#2641=VERTEX_POINT('',#7986);
#2642=VERTEX_POINT('',#7991);
#2643=VERTEX_POINT('',#7993);
#2644=VERTEX_POINT('',#7998);
#2645=VERTEX_POINT('',#8000);
#2646=VERTEX_POINT('',#8005);
#2647=VERTEX_POINT('',#8007);
#2648=VERTEX_POINT('',#8013);
#2649=VERTEX_POINT('',#8014);
#2650=VERTEX_POINT('',#8016);
#2651=VERTEX_POINT('',#8018);
#2652=VERTEX_POINT('',#8021);
#2653=VERTEX_POINT('',#8022);
#2654=VERTEX_POINT('',#8027);
#2655=VERTEX_POINT('',#8032);
#2656=VERTEX_POINT('',#8037);
#2657=VERTEX_POINT('',#8042);
#2658=VERTEX_POINT('',#8051);
#2659=VERTEX_POINT('',#8052);
#2660=VERTEX_POINT('',#8057);
#2661=VERTEX_POINT('',#8062);
#2662=VERTEX_POINT('',#8067);
#2663=VERTEX_POINT('',#8072);
#2664=VERTEX_POINT('',#8081);
#2665=VERTEX_POINT('',#8082);
#2666=VERTEX_POINT('',#8087);
#2667=VERTEX_POINT('',#8089);
#2668=VERTEX_POINT('',#8094);
#2669=VERTEX_POINT('',#8099);
#2670=VERTEX_POINT('',#8101);
#2671=VERTEX_POINT('',#8106);
#2672=VERTEX_POINT('',#8111);
#2673=VERTEX_POINT('',#8113);
#2674=VERTEX_POINT('',#8118);
#2675=VERTEX_POINT('',#8123);
#2676=VERTEX_POINT('',#8129);
#2677=VERTEX_POINT('',#8130);
#2678=VERTEX_POINT('',#8135);
#2679=VERTEX_POINT('',#8137);
#2680=VERTEX_POINT('',#8142);
#2681=VERTEX_POINT('',#8147);
#2682=VERTEX_POINT('',#8149);
#2683=VERTEX_POINT('',#8154);
#2684=VERTEX_POINT('',#8159);
#2685=VERTEX_POINT('',#8161);
#2686=VERTEX_POINT('',#8166);
#2687=VERTEX_POINT('',#8171);
#2688=VERTEX_POINT('',#8177);
#2689=VERTEX_POINT('',#8178);
#2690=VERTEX_POINT('',#8183);
#2691=VERTEX_POINT('',#8185);
#2692=VERTEX_POINT('',#8190);
#2693=VERTEX_POINT('',#8195);
#2694=VERTEX_POINT('',#8197);
#2695=VERTEX_POINT('',#8202);
#2696=VERTEX_POINT('',#8207);
#2697=VERTEX_POINT('',#8209);
#2698=VERTEX_POINT('',#8214);
#2699=VERTEX_POINT('',#8219);
#2700=VERTEX_POINT('',#8225);
#2701=VERTEX_POINT('',#8226);
#2702=VERTEX_POINT('',#8231);
#2703=VERTEX_POINT('',#8233);
#2704=VERTEX_POINT('',#8238);
#2705=VERTEX_POINT('',#8243);
#2706=VERTEX_POINT('',#8245);
#2707=VERTEX_POINT('',#8250);
#2708=VERTEX_POINT('',#8255);
#2709=VERTEX_POINT('',#8257);
#2710=VERTEX_POINT('',#8262);
#2711=VERTEX_POINT('',#8267);
#2712=VERTEX_POINT('',#8273);
#2713=VERTEX_POINT('',#8274);
#2714=VERTEX_POINT('',#8279);
#2715=VERTEX_POINT('',#8281);
#2716=VERTEX_POINT('',#8286);
#2717=VERTEX_POINT('',#8291);
#2718=VERTEX_POINT('',#8293);
#2719=VERTEX_POINT('',#8298);
#2720=VERTEX_POINT('',#8303);
#2721=VERTEX_POINT('',#8305);
#2722=VERTEX_POINT('',#8310);
#2723=VERTEX_POINT('',#8315);
#2724=VERTEX_POINT('',#8321);
#2725=VERTEX_POINT('',#8322);
#2726=VERTEX_POINT('',#8327);
#2727=VERTEX_POINT('',#8329);
#2728=VERTEX_POINT('',#8334);
#2729=VERTEX_POINT('',#8339);
#2730=VERTEX_POINT('',#8341);
#2731=VERTEX_POINT('',#8346);
#2732=VERTEX_POINT('',#8351);
#2733=VERTEX_POINT('',#8353);
#2734=VERTEX_POINT('',#8358);
#2735=VERTEX_POINT('',#8363);
#2736=VERTEX_POINT('',#8369);
#2737=VERTEX_POINT('',#8370);
#2738=VERTEX_POINT('',#8375);
#2739=VERTEX_POINT('',#8377);
#2740=VERTEX_POINT('',#8382);
#2741=VERTEX_POINT('',#8387);
#2742=VERTEX_POINT('',#8389);
#2743=VERTEX_POINT('',#8394);
#2744=VERTEX_POINT('',#8399);
#2745=VERTEX_POINT('',#8401);
#2746=VERTEX_POINT('',#8406);
#2747=VERTEX_POINT('',#8411);
#2748=VERTEX_POINT('',#8417);
#2749=VERTEX_POINT('',#8418);
#2750=VERTEX_POINT('',#8423);
#2751=VERTEX_POINT('',#8425);
#2752=VERTEX_POINT('',#8430);
#2753=VERTEX_POINT('',#8432);
#2754=VERTEX_POINT('',#8437);
#2755=VERTEX_POINT('',#8439);
#2756=VERTEX_POINT('',#8445);
#2757=VERTEX_POINT('',#8446);
#2758=VERTEX_POINT('',#8451);
#2759=VERTEX_POINT('',#8453);
#2760=VERTEX_POINT('',#8458);
#2761=VERTEX_POINT('',#8463);
#2762=VERTEX_POINT('',#8465);
#2763=VERTEX_POINT('',#8470);
#2764=VERTEX_POINT('',#8475);
#2765=VERTEX_POINT('',#8477);
#2766=VERTEX_POINT('',#8482);
#2767=VERTEX_POINT('',#8487);
#2768=VERTEX_POINT('',#8493);
#2769=VERTEX_POINT('',#8494);
#2770=VERTEX_POINT('',#8499);
#2771=VERTEX_POINT('',#8501);
#2772=VERTEX_POINT('',#8506);
#2773=VERTEX_POINT('',#8511);
#2774=VERTEX_POINT('',#8513);
#2775=VERTEX_POINT('',#8518);
#2776=VERTEX_POINT('',#8523);
#2777=VERTEX_POINT('',#8525);
#2778=VERTEX_POINT('',#8530);
#2779=VERTEX_POINT('',#8535);
#2780=VERTEX_POINT('',#8541);
#2781=VERTEX_POINT('',#8542);
#2782=VERTEX_POINT('',#8547);
#2783=VERTEX_POINT('',#8549);
#2784=VERTEX_POINT('',#8554);
#2785=VERTEX_POINT('',#8559);
#2786=VERTEX_POINT('',#8561);
#2787=VERTEX_POINT('',#8566);
#2788=VERTEX_POINT('',#8571);
#2789=VERTEX_POINT('',#8573);
#2790=VERTEX_POINT('',#8578);
#2791=VERTEX_POINT('',#8583);
#2792=VERTEX_POINT('',#8589);
#2793=VERTEX_POINT('',#8590);
#2794=VERTEX_POINT('',#8595);
#2795=VERTEX_POINT('',#8597);
#2796=VERTEX_POINT('',#8602);
#2797=VERTEX_POINT('',#8607);
#2798=VERTEX_POINT('',#8609);
#2799=VERTEX_POINT('',#8614);
#2800=VERTEX_POINT('',#8619);
#2801=VERTEX_POINT('',#8621);
#2802=VERTEX_POINT('',#8626);
#2803=VERTEX_POINT('',#8631);
#2804=VERTEX_POINT('',#8637);
#2805=VERTEX_POINT('',#8638);
#2806=VERTEX_POINT('',#8643);
#2807=VERTEX_POINT('',#8645);
#2808=VERTEX_POINT('',#8650);
#2809=VERTEX_POINT('',#8655);
#2810=VERTEX_POINT('',#8657);
#2811=VERTEX_POINT('',#8662);
#2812=VERTEX_POINT('',#8667);
#2813=VERTEX_POINT('',#8669);
#2814=VERTEX_POINT('',#8674);
#2815=VERTEX_POINT('',#8679);
#2816=VERTEX_POINT('',#8685);
#2817=VERTEX_POINT('',#8686);
#2818=VERTEX_POINT('',#8691);
#2819=VERTEX_POINT('',#8693);
#2820=VERTEX_POINT('',#8698);
#2821=VERTEX_POINT('',#8703);
#2822=VERTEX_POINT('',#8705);
#2823=VERTEX_POINT('',#8710);
#2824=VERTEX_POINT('',#8715);
#2825=VERTEX_POINT('',#8717);
#2826=VERTEX_POINT('',#8722);
#2827=VERTEX_POINT('',#8727);
#2828=VERTEX_POINT('',#8733);
#2829=VERTEX_POINT('',#8734);
#2830=VERTEX_POINT('',#8739);
#2831=VERTEX_POINT('',#8741);
#2832=VERTEX_POINT('',#8746);
#2833=VERTEX_POINT('',#8751);
#2834=VERTEX_POINT('',#8753);
#2835=VERTEX_POINT('',#8758);
#2836=VERTEX_POINT('',#8763);
#2837=VERTEX_POINT('',#8765);
#2838=VERTEX_POINT('',#8770);
#2839=VERTEX_POINT('',#8775);
#2840=VERTEX_POINT('',#8781);
#2841=VERTEX_POINT('',#8782);
#2842=VERTEX_POINT('',#8787);
#2843=VERTEX_POINT('',#8789);
#2844=VERTEX_POINT('',#8794);
#2845=VERTEX_POINT('',#8799);
#2846=VERTEX_POINT('',#8801);
#2847=VERTEX_POINT('',#8806);
#2848=VERTEX_POINT('',#8811);
#2849=VERTEX_POINT('',#8813);
#2850=VERTEX_POINT('',#8818);
#2851=VERTEX_POINT('',#8823);
#2852=VERTEX_POINT('',#8830);
#2853=VERTEX_POINT('',#8832);
#2854=VERTEX_POINT('',#8843);
#2855=VERTEX_POINT('',#8857);
#2856=VERTEX_POINT('',#8864);
#2857=VERTEX_POINT('',#8875);
#2858=VERTEX_POINT('',#8889);
#2859=VERTEX_POINT('',#8896);
#2860=VERTEX_POINT('',#8907);
#2861=VERTEX_POINT('',#8921);
#2862=VERTEX_POINT('',#8928);
#2863=VERTEX_POINT('',#8939);
#2864=VERTEX_POINT('',#8958);
#2865=VERTEX_POINT('',#8960);
#2866=VERTEX_POINT('',#8964);
#2867=VERTEX_POINT('',#8968);
#2868=VERTEX_POINT('',#8972);
#2869=VERTEX_POINT('',#8978);
#2870=VERTEX_POINT('',#8991);
#2871=VERTEX_POINT('',#8993);
#2872=VERTEX_POINT('',#9007);
#2873=VERTEX_POINT('',#9021);
#2874=VERTEX_POINT('',#9035);
#2875=VERTEX_POINT('',#9049);
#2876=VERTEX_POINT('',#9075);
#2877=VERTEX_POINT('',#9077);
#2878=VERTEX_POINT('',#9091);
#2879=VERTEX_POINT('',#9105);
#2880=VERTEX_POINT('',#9119);
#2881=VERTEX_POINT('',#9145);
#2882=VERTEX_POINT('',#9147);
#2883=VERTEX_POINT('',#9161);
#2884=VERTEX_POINT('',#9175);
#2885=VERTEX_POINT('',#9189);
#2886=VERTEX_POINT('',#9203);
#2887=VERTEX_POINT('',#9229);
#2888=VERTEX_POINT('',#9231);
#2889=VERTEX_POINT('',#9245);
#2890=VERTEX_POINT('',#9259);
#2891=VERTEX_POINT('',#9273);
#2892=VERTEX_POINT('',#9287);
#2893=VERTEX_POINT('',#9313);
#2894=VERTEX_POINT('',#9315);
#2895=VERTEX_POINT('',#9329);
#2896=VERTEX_POINT('',#9343);
#2897=VERTEX_POINT('',#9357);
#2898=VERTEX_POINT('',#9371);
#2899=VERTEX_POINT('',#9390);
#2900=VERTEX_POINT('',#9392);
#2901=VERTEX_POINT('',#9403);
#2902=VERTEX_POINT('',#9410);
#2903=VERTEX_POINT('',#9421);
#2904=VERTEX_POINT('',#9428);
#2905=VERTEX_POINT('',#9439);
#2906=VERTEX_POINT('',#9446);
#2907=VERTEX_POINT('',#9462);
#2908=VERTEX_POINT('',#9464);
#2909=VERTEX_POINT('',#9468);
#2910=VERTEX_POINT('',#9472);
#2911=VERTEX_POINT('',#9485);
#2912=VERTEX_POINT('',#9487);
#2913=VERTEX_POINT('',#9501);
#2914=VERTEX_POINT('',#9515);
#2915=VERTEX_POINT('',#9529);
#2916=VERTEX_POINT('',#9543);
#2917=VERTEX_POINT('',#9569);
#2918=VERTEX_POINT('',#9571);
#2919=VERTEX_POINT('',#9585);
#2920=VERTEX_POINT('',#9599);
#2921=VERTEX_POINT('',#9613);
#2922=VERTEX_POINT('',#9627);
#2923=VERTEX_POINT('',#9646);
#2924=VERTEX_POINT('',#9648);
#2925=VERTEX_POINT('',#9659);
#2926=VERTEX_POINT('',#9673);
#2927=VERTEX_POINT('',#9680);
#2928=VERTEX_POINT('',#9691);
#2929=VERTEX_POINT('',#9705);
#2930=VERTEX_POINT('',#9712);
#2931=VERTEX_POINT('',#9723);
#2932=VERTEX_POINT('',#9737);
#2933=VERTEX_POINT('',#9744);
#2934=VERTEX_POINT('',#9755);
#2935=VERTEX_POINT('',#9774);
#2936=VERTEX_POINT('',#9776);
#2937=VERTEX_POINT('',#9787);
#2938=VERTEX_POINT('',#9801);
#2939=VERTEX_POINT('',#9808);
#2940=VERTEX_POINT('',#9819);
#2941=VERTEX_POINT('',#9833);
#2942=VERTEX_POINT('',#9840);
#2943=VERTEX_POINT('',#9851);
#2944=VERTEX_POINT('',#9865);
#2945=VERTEX_POINT('',#9872);
#2946=VERTEX_POINT('',#9883);
#2947=VERTEX_POINT('',#9902);
#2948=VERTEX_POINT('',#9904);
#2949=VERTEX_POINT('',#9915);
#2950=VERTEX_POINT('',#9929);
#2951=VERTEX_POINT('',#9936);
#2952=VERTEX_POINT('',#9947);
#2953=VERTEX_POINT('',#9961);
#2954=VERTEX_POINT('',#9968);
#2955=VERTEX_POINT('',#9979);
#2956=VERTEX_POINT('',#9993);
#2957=VERTEX_POINT('',#10000);
#2958=VERTEX_POINT('',#10011);
#2959=VERTEX_POINT('',#10030);
#2960=VERTEX_POINT('',#10032);
#2961=VERTEX_POINT('',#10043);
#2962=VERTEX_POINT('',#10057);
#2963=VERTEX_POINT('',#10064);
#2964=VERTEX_POINT('',#10075);
#2965=VERTEX_POINT('',#10089);
#2966=VERTEX_POINT('',#10096);
#2967=VERTEX_POINT('',#10107);
#2968=VERTEX_POINT('',#10121);
#2969=VERTEX_POINT('',#10128);
#2970=VERTEX_POINT('',#10139);
#2971=VERTEX_POINT('',#10158);
#2972=VERTEX_POINT('',#10160);
#2973=VERTEX_POINT('',#10171);
#2974=VERTEX_POINT('',#10185);
#2975=VERTEX_POINT('',#10192);
#2976=VERTEX_POINT('',#10203);
#2977=VERTEX_POINT('',#10217);
#2978=VERTEX_POINT('',#10224);
#2979=VERTEX_POINT('',#10235);
#2980=VERTEX_POINT('',#10249);
#2981=VERTEX_POINT('',#10256);
#2982=VERTEX_POINT('',#10267);
#2983=VERTEX_POINT('',#10286);
#2984=VERTEX_POINT('',#10288);
#2985=VERTEX_POINT('',#10299);
#2986=VERTEX_POINT('',#10313);
#2987=VERTEX_POINT('',#10320);
#2988=VERTEX_POINT('',#10331);
#2989=VERTEX_POINT('',#10345);
#2990=VERTEX_POINT('',#10352);
#2991=VERTEX_POINT('',#10363);
#2992=VERTEX_POINT('',#10377);
#2993=VERTEX_POINT('',#10384);
#2994=VERTEX_POINT('',#10395);
#2995=VERTEX_POINT('',#10414);
#2996=VERTEX_POINT('',#10416);
#2997=VERTEX_POINT('',#10427);
#2998=VERTEX_POINT('',#10441);
#2999=VERTEX_POINT('',#10448);
#3000=VERTEX_POINT('',#10459);
#3001=VERTEX_POINT('',#10473);
#3002=VERTEX_POINT('',#10480);
#3003=VERTEX_POINT('',#10491);
#3004=VERTEX_POINT('',#10505);
#3005=VERTEX_POINT('',#10512);
#3006=VERTEX_POINT('',#10523);
#3007=VERTEX_POINT('',#10542);
#3008=VERTEX_POINT('',#10544);
#3009=VERTEX_POINT('',#10555);
#3010=VERTEX_POINT('',#10562);
#3011=VERTEX_POINT('',#10573);
#3012=VERTEX_POINT('',#10580);
#3013=VERTEX_POINT('',#10591);
#3014=VERTEX_POINT('',#10598);
#3015=VERTEX_POINT('',#10614);
#3016=VERTEX_POINT('',#10616);
#3017=VERTEX_POINT('',#10627);
#3018=VERTEX_POINT('',#10641);
#3019=VERTEX_POINT('',#10648);
#3020=VERTEX_POINT('',#10659);
#3021=VERTEX_POINT('',#10673);
#3022=VERTEX_POINT('',#10680);
#3023=VERTEX_POINT('',#10691);
#3024=VERTEX_POINT('',#10705);
#3025=VERTEX_POINT('',#10712);
#3026=VERTEX_POINT('',#10723);
#3027=VERTEX_POINT('',#10742);
#3028=VERTEX_POINT('',#10744);
#3029=VERTEX_POINT('',#10755);
#3030=VERTEX_POINT('',#10769);
#3031=VERTEX_POINT('',#10776);
#3032=VERTEX_POINT('',#10787);
#3033=VERTEX_POINT('',#10801);
#3034=VERTEX_POINT('',#10808);
#3035=VERTEX_POINT('',#10819);
#3036=VERTEX_POINT('',#10833);
#3037=VERTEX_POINT('',#10840);
#3038=VERTEX_POINT('',#10851);
#3039=VERTEX_POINT('',#10870);
#3040=VERTEX_POINT('',#10872);
#3041=VERTEX_POINT('',#10883);
#3042=VERTEX_POINT('',#10897);
#3043=VERTEX_POINT('',#10904);
#3044=VERTEX_POINT('',#10915);
#3045=VERTEX_POINT('',#10929);
#3046=VERTEX_POINT('',#10936);
#3047=VERTEX_POINT('',#10947);
#3048=VERTEX_POINT('',#10961);
#3049=VERTEX_POINT('',#10968);
#3050=VERTEX_POINT('',#10979);
#3051=VERTEX_POINT('',#10998);
#3052=VERTEX_POINT('',#11000);
#3053=VERTEX_POINT('',#11011);
#3054=VERTEX_POINT('',#11025);
#3055=VERTEX_POINT('',#11032);
#3056=VERTEX_POINT('',#11043);
#3057=VERTEX_POINT('',#11057);
#3058=VERTEX_POINT('',#11064);
#3059=VERTEX_POINT('',#11075);
#3060=VERTEX_POINT('',#11089);
#3061=VERTEX_POINT('',#11096);
#3062=VERTEX_POINT('',#11107);
#3063=VERTEX_POINT('',#11126);
#3064=VERTEX_POINT('',#11128);
#3065=VERTEX_POINT('',#11139);
#3066=VERTEX_POINT('',#11153);
#3067=VERTEX_POINT('',#11160);
#3068=VERTEX_POINT('',#11171);
#3069=VERTEX_POINT('',#11185);
#3070=VERTEX_POINT('',#11192);
#3071=VERTEX_POINT('',#11203);
#3072=VERTEX_POINT('',#11217);
#3073=VERTEX_POINT('',#11224);
#3074=VERTEX_POINT('',#11235);
#3075=VERTEX_POINT('',#11254);
#3076=VERTEX_POINT('',#11256);
#3077=VERTEX_POINT('',#11267);
#3078=VERTEX_POINT('',#11281);
#3079=VERTEX_POINT('',#11288);
#3080=VERTEX_POINT('',#11299);
#3081=VERTEX_POINT('',#11313);
#3082=VERTEX_POINT('',#11320);
#3083=VERTEX_POINT('',#11331);
#3084=VERTEX_POINT('',#11345);
#3085=VERTEX_POINT('',#11352);
#3086=VERTEX_POINT('',#11363);
#3087=VERTEX_POINT('',#11382);
#3088=VERTEX_POINT('',#11384);
#3089=VERTEX_POINT('',#11395);
#3090=VERTEX_POINT('',#11409);
#3091=VERTEX_POINT('',#11416);
#3092=VERTEX_POINT('',#11427);
#3093=VERTEX_POINT('',#11441);
#3094=VERTEX_POINT('',#11448);
#3095=VERTEX_POINT('',#11459);
#3096=VERTEX_POINT('',#11473);
#3097=VERTEX_POINT('',#11480);
#3098=VERTEX_POINT('',#11491);
#3099=VERTEX_POINT('',#11510);
#3100=VERTEX_POINT('',#11512);
#3101=VERTEX_POINT('',#11523);
#3102=VERTEX_POINT('',#11537);
#3103=VERTEX_POINT('',#11544);
#3104=VERTEX_POINT('',#11555);
#3105=VERTEX_POINT('',#11569);
#3106=VERTEX_POINT('',#11576);
#3107=VERTEX_POINT('',#11587);
#3108=VERTEX_POINT('',#11601);
#3109=VERTEX_POINT('',#11608);
#3110=VERTEX_POINT('',#11619);
#3111=VERTEX_POINT('',#11638);
#3112=VERTEX_POINT('',#11640);
#3113=VERTEX_POINT('',#11663);
#3114=VERTEX_POINT('',#11678);
#3115=VERTEX_POINT('',#11689);
#3116=VERTEX_POINT('',#11703);
#3117=VERTEX_POINT('',#11710);
#3118=VERTEX_POINT('',#11745);
#3119=VERTEX_POINT('',#11764);
#3120=VERTEX_POINT('',#11787);
#3121=VERTEX_POINT('',#11800);
#3122=VERTEX_POINT('',#11811);
#3123=VERTEX_POINT('',#11818);
#3124=VERTEX_POINT('',#11835);
#3125=VERTEX_POINT('',#11845);
#3126=VERTEX_POINT('',#11856);
#3127=VERTEX_POINT('',#11863);
#3128=VERTEX_POINT('',#11886);
#3129=VERTEX_POINT('',#11899);
#3130=VERTEX_POINT('',#11943);
#3131=VERTEX_POINT('',#11944);
#3132=VERTEX_POINT('',#11946);
#3133=VERTEX_POINT('',#11948);
#3134=VERTEX_POINT('',#11952);
#3135=VERTEX_POINT('',#11954);
#3136=VERTEX_POINT('',#11958);
#3137=VERTEX_POINT('',#11959);
#3138=VERTEX_POINT('',#11961);
#3139=VERTEX_POINT('',#11963);
#3140=VERTEX_POINT('',#11968);
#3141=VERTEX_POINT('',#11970);
#3142=VERTEX_POINT('',#11978);
#3143=VERTEX_POINT('',#11980);
#3144=VERTEX_POINT('',#11988);
#3145=VERTEX_POINT('',#11990);
#3146=VERTEX_POINT('',#11998);
#3147=VERTEX_POINT('',#12000);
#3148=VERTEX_POINT('',#12005);
#3149=VERTEX_POINT('',#12007);
#3150=VERTEX_POINT('',#12012);
#3151=VERTEX_POINT('',#12014);
#3152=VERTEX_POINT('',#12019);
#3153=VERTEX_POINT('',#12021);
#3154=VERTEX_POINT('',#12029);
#3155=VERTEX_POINT('',#12031);
#3156=VERTEX_POINT('',#12039);
#3157=VERTEX_POINT('',#12041);
#3158=VERTEX_POINT('',#12046);
#3159=VERTEX_POINT('',#12051);
#3160=VERTEX_POINT('',#12053);
#3161=VERTEX_POINT('',#12055);
#3162=VERTEX_POINT('',#12057);
#3163=VERTEX_POINT('',#12059);
#3164=VERTEX_POINT('',#12061);
#3165=VERTEX_POINT('',#12066);
#3166=VERTEX_POINT('',#12071);
#3167=VERTEX_POINT('',#12073);
#3168=VERTEX_POINT('',#12090);
#3169=VERTEX_POINT('',#12092);
#3170=VERTEX_POINT('',#12103);
#3171=VERTEX_POINT('',#12105);
#3172=VERTEX_POINT('',#12110);
#3173=VERTEX_POINT('',#12112);
#3174=VERTEX_POINT('',#12120);
#3175=VERTEX_POINT('',#12122);
#3176=VERTEX_POINT('',#12127);
#3177=VERTEX_POINT('',#12129);
#3178=VERTEX_POINT('',#12140);
#3179=VERTEX_POINT('',#12142);
#3180=VERTEX_POINT('',#12156);
#3181=VERTEX_POINT('',#12158);
#3182=VERTEX_POINT('',#12169);
#3183=VERTEX_POINT('',#12173);
#3184=VERTEX_POINT('',#12175);
#3185=VERTEX_POINT('',#12186);
#3186=VERTEX_POINT('',#12193);
#3187=VERTEX_POINT('',#12204);
#3188=VERTEX_POINT('',#12211);
#3189=VERTEX_POINT('',#12228);
#3190=VERTEX_POINT('',#12238);
#3191=VERTEX_POINT('',#12255);
#3192=VERTEX_POINT('',#12265);
#3193=VERTEX_POINT('',#12276);
#3194=VERTEX_POINT('',#12290);
#3195=VERTEX_POINT('',#12297);
#3196=VERTEX_POINT('',#12301);
#3197=VERTEX_POINT('',#12309);
#3198=VERTEX_POINT('',#12313);
#3199=VERTEX_POINT('',#12324);
#3200=VERTEX_POINT('',#12331);
#3201=VERTEX_POINT('',#12348);
#3202=VERTEX_POINT('',#12358);
#3203=VERTEX_POINT('',#12375);
#3204=VERTEX_POINT('',#12385);
#3205=VERTEX_POINT('',#12402);
#3206=VERTEX_POINT('',#12412);
#3207=VERTEX_POINT('',#12428);
#3208=VERTEX_POINT('',#12430);
#3209=VERTEX_POINT('',#12453);
#3210=VERTEX_POINT('',#12466);
#3211=VERTEX_POINT('',#12470);
#3212=VERTEX_POINT('',#12474);
#3213=VERTEX_POINT('',#12485);
#3214=VERTEX_POINT('',#12499);
#3215=VERTEX_POINT('',#12506);
#3216=VERTEX_POINT('',#12541);
#3217=VERTEX_POINT('',#12560);
#3218=VERTEX_POINT('',#12583);
#3219=VERTEX_POINT('',#12596);
#3220=VERTEX_POINT('',#12607);
#3221=VERTEX_POINT('',#12614);
#3222=VERTEX_POINT('',#12631);
#3223=VERTEX_POINT('',#12641);
#3224=VERTEX_POINT('',#12652);
#3225=VERTEX_POINT('',#12659);
#3226=VERTEX_POINT('',#12682);
#3227=VERTEX_POINT('',#12695);
#3228=EDGE_CURVE('',#2566,#2567,#1424,.T.);
#3229=EDGE_CURVE('',#2568,#2567,#1425,.T.);
#3230=EDGE_CURVE('',#2569,#2568,#1426,.T.);
#3231=EDGE_CURVE('',#2566,#2569,#1427,.T.);
#3232=EDGE_CURVE('',#2570,#2571,#1428,.T.);
#3233=EDGE_CURVE('',#2572,#2571,#1429,.T.);
#3234=EDGE_CURVE('',#2572,#2573,#1430,.T.);
#3235=EDGE_CURVE('',#2570,#2573,#1431,.T.);
#3236=EDGE_CURVE('',#2574,#2571,#1432,.T.);
#3237=EDGE_CURVE('',#2575,#2574,#1433,.T.);
#3238=EDGE_CURVE('',#2576,#2575,#1434,.T.);
#3239=EDGE_CURVE('',#2577,#2576,#1435,.T.);
#3240=EDGE_CURVE('',#2578,#2577,#1436,.T.);
#3241=EDGE_CURVE('',#2579,#2578,#1437,.T.);
#3242=EDGE_CURVE('',#2579,#2566,#1438,.T.);
#3243=EDGE_CURVE('',#2580,#2569,#697,.T.);
#3244=EDGE_CURVE('',#2581,#2580,#281,.T.);
#3245=EDGE_CURVE('',#2582,#2581,#282,.T.);
#3246=EDGE_CURVE('',#2582,#2583,#1439,.T.);
#3247=EDGE_CURVE('',#2584,#2583,#283,.T.);
#3248=EDGE_CURVE('',#2584,#2585,#1440,.T.);
#3249=EDGE_CURVE('',#2586,#2585,#284,.T.);
#3250=EDGE_CURVE('',#2586,#2587,#1441,.T.);
#3251=EDGE_CURVE('',#2588,#2587,#285,.T.);
#3252=EDGE_CURVE('',#2588,#2589,#1442,.T.);
#3253=EDGE_CURVE('',#2590,#2589,#286,.T.);
#3254=EDGE_CURVE('',#2590,#2591,#1443,.T.);
#3255=EDGE_CURVE('',#2592,#2591,#287,.T.);
#3256=EDGE_CURVE('',#2592,#2593,#1444,.T.);
#3257=EDGE_CURVE('',#2594,#2593,#288,.T.);
#3258=EDGE_CURVE('',#2594,#2595,#1445,.T.);
#3259=EDGE_CURVE('',#2596,#2595,#289,.T.);
#3260=EDGE_CURVE('',#2596,#2597,#1446,.T.);
#3261=EDGE_CURVE('',#2598,#2597,#290,.T.);
#3262=EDGE_CURVE('',#2598,#2572,#1447,.T.);
#3263=EDGE_CURVE('',#2599,#2600,#291,.T.);
#3264=EDGE_CURVE('',#2601,#2599,#1448,.T.);
#3265=EDGE_CURVE('',#2602,#2601,#292,.T.);
#3266=EDGE_CURVE('',#2603,#2602,#293,.T.);
#3267=EDGE_CURVE('',#2604,#2603,#1449,.T.);
#3268=EDGE_CURVE('',#2605,#2604,#294,.T.);
#3269=EDGE_CURVE('',#2606,#2605,#295,.T.);
#3270=EDGE_CURVE('',#2607,#2606,#1450,.T.);
#3271=EDGE_CURVE('',#2608,#2607,#296,.T.);
#3272=EDGE_CURVE('',#2609,#2608,#297,.T.);
#3273=EDGE_CURVE('',#2610,#2609,#1451,.T.);
#3274=EDGE_CURVE('',#2600,#2610,#298,.T.);
#3275=EDGE_CURVE('',#2611,#2612,#299,.T.);
#3276=EDGE_CURVE('',#2613,#2611,#300,.T.);
#3277=EDGE_CURVE('',#2614,#2613,#301,.T.);
#3278=EDGE_CURVE('',#2615,#2614,#302,.T.);
#3279=EDGE_CURVE('',#2616,#2615,#303,.T.);
#3280=EDGE_CURVE('',#2612,#2616,#304,.T.);
#3281=EDGE_CURVE('',#2617,#2618,#305,.T.);
#3282=EDGE_CURVE('',#2619,#2617,#306,.T.);
#3283=EDGE_CURVE('',#2620,#2619,#307,.T.);
#3284=EDGE_CURVE('',#2621,#2620,#308,.T.);
#3285=EDGE_CURVE('',#2618,#2621,#309,.T.);
#3286=EDGE_CURVE('',#2622,#2623,#310,.T.);
#3287=EDGE_CURVE('',#2624,#2622,#311,.T.);
#3288=EDGE_CURVE('',#2625,#2624,#312,.T.);
#3289=EDGE_CURVE('',#2626,#2625,#313,.T.);
#3290=EDGE_CURVE('',#2627,#2626,#314,.T.);
#3291=EDGE_CURVE('',#2623,#2627,#315,.T.);
#3292=EDGE_CURVE('',#2628,#2629,#316,.T.);
#3293=EDGE_CURVE('',#2630,#2628,#317,.T.);
#3294=EDGE_CURVE('',#2631,#2630,#318,.T.);
#3295=EDGE_CURVE('',#2632,#2631,#319,.T.);
#3296=EDGE_CURVE('',#2633,#2632,#320,.T.);
#3297=EDGE_CURVE('',#2629,#2633,#321,.T.);
#3298=EDGE_CURVE('',#2634,#2635,#322,.T.);
#3299=EDGE_CURVE('',#2636,#2634,#323,.T.);
#3300=EDGE_CURVE('',#2637,#2636,#324,.T.);
#3301=EDGE_CURVE('',#2638,#2637,#325,.T.);
#3302=EDGE_CURVE('',#2639,#2638,#326,.T.);
#3303=EDGE_CURVE('',#2635,#2639,#327,.T.);
#3304=EDGE_CURVE('',#2640,#2641,#328,.T.);
#3305=EDGE_CURVE('',#2642,#2640,#1452,.T.);
#3306=EDGE_CURVE('',#2643,#2642,#329,.T.);
#3307=EDGE_CURVE('',#2644,#2643,#1453,.T.);
#3308=EDGE_CURVE('',#2645,#2644,#330,.T.);
#3309=EDGE_CURVE('',#2646,#2645,#1454,.T.);
#3310=EDGE_CURVE('',#2647,#2646,#331,.T.);
#3311=EDGE_CURVE('',#2641,#2647,#1455,.T.);
#3312=EDGE_CURVE('',#2648,#2649,#1456,.T.);
#3313=EDGE_CURVE('',#2650,#2648,#1457,.T.);
#3314=EDGE_CURVE('',#2651,#2650,#1458,.T.);
#3315=EDGE_CURVE('',#2649,#2651,#1459,.T.);
#3316=EDGE_CURVE('',#2652,#2653,#332,.T.);
#3317=EDGE_CURVE('',#2654,#2652,#333,.T.);
#3318=EDGE_CURVE('',#2655,#2654,#334,.T.);
#3319=EDGE_CURVE('',#2656,#2655,#335,.T.);
#3320=EDGE_CURVE('',#2657,#2656,#336,.T.);
#3321=EDGE_CURVE('',#2653,#2657,#337,.T.);
#3322=EDGE_CURVE('',#2658,#2659,#338,.T.);
#3323=EDGE_CURVE('',#2660,#2658,#339,.T.);
#3324=EDGE_CURVE('',#2661,#2660,#340,.T.);
#3325=EDGE_CURVE('',#2662,#2661,#341,.T.);
#3326=EDGE_CURVE('',#2663,#2662,#342,.T.);
#3327=EDGE_CURVE('',#2659,#2663,#343,.T.);
#3328=EDGE_CURVE('',#2664,#2665,#344,.T.);
#3329=EDGE_CURVE('',#2666,#2664,#1460,.T.);
#3330=EDGE_CURVE('',#2667,#2666,#345,.T.);
#3331=EDGE_CURVE('',#2668,#2667,#346,.T.);
#3332=EDGE_CURVE('',#2669,#2668,#1461,.T.);
#3333=EDGE_CURVE('',#2670,#2669,#347,.T.);
#3334=EDGE_CURVE('',#2671,#2670,#348,.T.);
#3335=EDGE_CURVE('',#2672,#2671,#1462,.T.);
#3336=EDGE_CURVE('',#2673,#2672,#349,.T.);
#3337=EDGE_CURVE('',#2674,#2673,#350,.T.);
#3338=EDGE_CURVE('',#2675,#2674,#1463,.T.);
#3339=EDGE_CURVE('',#2665,#2675,#351,.T.);
#3340=EDGE_CURVE('',#2676,#2677,#352,.T.);
#3341=EDGE_CURVE('',#2678,#2676,#1464,.T.);
#3342=EDGE_CURVE('',#2679,#2678,#353,.T.);
#3343=EDGE_CURVE('',#2680,#2679,#354,.T.);
#3344=EDGE_CURVE('',#2681,#2680,#1465,.T.);
#3345=EDGE_CURVE('',#2682,#2681,#355,.T.);
#3346=EDGE_CURVE('',#2683,#2682,#356,.T.);
#3347=EDGE_CURVE('',#2684,#2683,#1466,.T.);
#3348=EDGE_CURVE('',#2685,#2684,#357,.T.);
#3349=EDGE_CURVE('',#2686,#2685,#358,.T.);
#3350=EDGE_CURVE('',#2687,#2686,#1467,.T.);
#3351=EDGE_CURVE('',#2677,#2687,#359,.T.);
#3352=EDGE_CURVE('',#2688,#2689,#360,.T.);
#3353=EDGE_CURVE('',#2690,#2688,#1468,.T.);
#3354=EDGE_CURVE('',#2691,#2690,#361,.T.);
#3355=EDGE_CURVE('',#2692,#2691,#362,.T.);
#3356=EDGE_CURVE('',#2693,#2692,#1469,.T.);
#3357=EDGE_CURVE('',#2694,#2693,#363,.T.);
#3358=EDGE_CURVE('',#2695,#2694,#364,.T.);
#3359=EDGE_CURVE('',#2696,#2695,#1470,.T.);
#3360=EDGE_CURVE('',#2697,#2696,#365,.T.);
#3361=EDGE_CURVE('',#2698,#2697,#366,.T.);
#3362=EDGE_CURVE('',#2699,#2698,#1471,.T.);
#3363=EDGE_CURVE('',#2689,#2699,#367,.T.);
#3364=EDGE_CURVE('',#2700,#2701,#368,.T.);
#3365=EDGE_CURVE('',#2702,#2700,#1472,.T.);
#3366=EDGE_CURVE('',#2703,#2702,#369,.T.);
#3367=EDGE_CURVE('',#2704,#2703,#370,.T.);
#3368=EDGE_CURVE('',#2705,#2704,#1473,.T.);
#3369=EDGE_CURVE('',#2706,#2705,#371,.T.);
#3370=EDGE_CURVE('',#2707,#2706,#372,.T.);
#3371=EDGE_CURVE('',#2708,#2707,#1474,.T.);
#3372=EDGE_CURVE('',#2709,#2708,#373,.T.);
#3373=EDGE_CURVE('',#2710,#2709,#374,.T.);
#3374=EDGE_CURVE('',#2711,#2710,#1475,.T.);
#3375=EDGE_CURVE('',#2701,#2711,#375,.T.);
#3376=EDGE_CURVE('',#2712,#2713,#376,.T.);
#3377=EDGE_CURVE('',#2714,#2712,#1476,.T.);
#3378=EDGE_CURVE('',#2715,#2714,#377,.T.);
#3379=EDGE_CURVE('',#2716,#2715,#378,.T.);
#3380=EDGE_CURVE('',#2717,#2716,#1477,.T.);
#3381=EDGE_CURVE('',#2718,#2717,#379,.T.);
#3382=EDGE_CURVE('',#2719,#2718,#380,.T.);
#3383=EDGE_CURVE('',#2720,#2719,#1478,.T.);
#3384=EDGE_CURVE('',#2721,#2720,#381,.T.);
#3385=EDGE_CURVE('',#2722,#2721,#382,.T.);
#3386=EDGE_CURVE('',#2723,#2722,#1479,.T.);
#3387=EDGE_CURVE('',#2713,#2723,#383,.T.);
#3388=EDGE_CURVE('',#2724,#2725,#384,.T.);
#3389=EDGE_CURVE('',#2726,#2724,#1480,.T.);
#3390=EDGE_CURVE('',#2727,#2726,#385,.T.);
#3391=EDGE_CURVE('',#2728,#2727,#386,.T.);
#3392=EDGE_CURVE('',#2729,#2728,#1481,.T.);
#3393=EDGE_CURVE('',#2730,#2729,#387,.T.);
#3394=EDGE_CURVE('',#2731,#2730,#388,.T.);
#3395=EDGE_CURVE('',#2732,#2731,#1482,.T.);
#3396=EDGE_CURVE('',#2733,#2732,#389,.T.);
#3397=EDGE_CURVE('',#2734,#2733,#390,.T.);
#3398=EDGE_CURVE('',#2735,#2734,#1483,.T.);
#3399=EDGE_CURVE('',#2725,#2735,#391,.T.);
#3400=EDGE_CURVE('',#2736,#2737,#392,.T.);
#3401=EDGE_CURVE('',#2738,#2736,#1484,.T.);
#3402=EDGE_CURVE('',#2739,#2738,#393,.T.);
#3403=EDGE_CURVE('',#2740,#2739,#394,.T.);
#3404=EDGE_CURVE('',#2741,#2740,#1485,.T.);
#3405=EDGE_CURVE('',#2742,#2741,#395,.T.);
#3406=EDGE_CURVE('',#2743,#2742,#396,.T.);
#3407=EDGE_CURVE('',#2744,#2743,#1486,.T.);
#3408=EDGE_CURVE('',#2745,#2744,#397,.T.);
#3409=EDGE_CURVE('',#2746,#2745,#398,.T.);
#3410=EDGE_CURVE('',#2747,#2746,#1487,.T.);
#3411=EDGE_CURVE('',#2737,#2747,#399,.T.);
#3412=EDGE_CURVE('',#2748,#2749,#400,.T.);
#3413=EDGE_CURVE('',#2750,#2748,#1488,.T.);
#3414=EDGE_CURVE('',#2751,#2750,#401,.T.);
#3415=EDGE_CURVE('',#2752,#2751,#1489,.T.);
#3416=EDGE_CURVE('',#2753,#2752,#402,.T.);
#3417=EDGE_CURVE('',#2754,#2753,#1490,.T.);
#3418=EDGE_CURVE('',#2755,#2754,#403,.T.);
#3419=EDGE_CURVE('',#2749,#2755,#1491,.T.);
#3420=EDGE_CURVE('',#2756,#2757,#404,.T.);
#3421=EDGE_CURVE('',#2758,#2756,#1492,.T.);
#3422=EDGE_CURVE('',#2759,#2758,#405,.T.);
#3423=EDGE_CURVE('',#2760,#2759,#406,.T.);
#3424=EDGE_CURVE('',#2761,#2760,#1493,.T.);
#3425=EDGE_CURVE('',#2762,#2761,#407,.T.);
#3426=EDGE_CURVE('',#2763,#2762,#408,.T.);
#3427=EDGE_CURVE('',#2764,#2763,#1494,.T.);
#3428=EDGE_CURVE('',#2765,#2764,#409,.T.);
#3429=EDGE_CURVE('',#2766,#2765,#410,.T.);
#3430=EDGE_CURVE('',#2767,#2766,#1495,.T.);
#3431=EDGE_CURVE('',#2757,#2767,#411,.T.);
#3432=EDGE_CURVE('',#2768,#2769,#412,.T.);
#3433=EDGE_CURVE('',#2770,#2768,#1496,.T.);
#3434=EDGE_CURVE('',#2771,#2770,#413,.T.);
#3435=EDGE_CURVE('',#2772,#2771,#414,.T.);
#3436=EDGE_CURVE('',#2773,#2772,#1497,.T.);
#3437=EDGE_CURVE('',#2774,#2773,#415,.T.);
#3438=EDGE_CURVE('',#2775,#2774,#416,.T.);
#3439=EDGE_CURVE('',#2776,#2775,#1498,.T.);
#3440=EDGE_CURVE('',#2777,#2776,#417,.T.);
#3441=EDGE_CURVE('',#2778,#2777,#418,.T.);
#3442=EDGE_CURVE('',#2779,#2778,#1499,.T.);
#3443=EDGE_CURVE('',#2769,#2779,#419,.T.);
#3444=EDGE_CURVE('',#2780,#2781,#420,.T.);
#3445=EDGE_CURVE('',#2782,#2780,#1500,.T.);
#3446=EDGE_CURVE('',#2783,#2782,#421,.T.);
#3447=EDGE_CURVE('',#2784,#2783,#422,.T.);
#3448=EDGE_CURVE('',#2785,#2784,#1501,.T.);
#3449=EDGE_CURVE('',#2786,#2785,#423,.T.);
#3450=EDGE_CURVE('',#2787,#2786,#424,.T.);
#3451=EDGE_CURVE('',#2788,#2787,#1502,.T.);
#3452=EDGE_CURVE('',#2789,#2788,#425,.T.);
#3453=EDGE_CURVE('',#2790,#2789,#426,.T.);
#3454=EDGE_CURVE('',#2791,#2790,#1503,.T.);
#3455=EDGE_CURVE('',#2781,#2791,#427,.T.);
#3456=EDGE_CURVE('',#2792,#2793,#428,.T.);
#3457=EDGE_CURVE('',#2794,#2792,#1504,.T.);
#3458=EDGE_CURVE('',#2795,#2794,#429,.T.);
#3459=EDGE_CURVE('',#2796,#2795,#430,.T.);
#3460=EDGE_CURVE('',#2797,#2796,#1505,.T.);
#3461=EDGE_CURVE('',#2798,#2797,#431,.T.);
#3462=EDGE_CURVE('',#2799,#2798,#432,.T.);
#3463=EDGE_CURVE('',#2800,#2799,#1506,.T.);
#3464=EDGE_CURVE('',#2801,#2800,#433,.T.);
#3465=EDGE_CURVE('',#2802,#2801,#434,.T.);
#3466=EDGE_CURVE('',#2803,#2802,#1507,.T.);
#3467=EDGE_CURVE('',#2793,#2803,#435,.T.);
#3468=EDGE_CURVE('',#2804,#2805,#436,.T.);
#3469=EDGE_CURVE('',#2806,#2804,#1508,.T.);
#3470=EDGE_CURVE('',#2807,#2806,#437,.T.);
#3471=EDGE_CURVE('',#2808,#2807,#438,.T.);
#3472=EDGE_CURVE('',#2809,#2808,#1509,.T.);
#3473=EDGE_CURVE('',#2810,#2809,#439,.T.);
#3474=EDGE_CURVE('',#2811,#2810,#440,.T.);
#3475=EDGE_CURVE('',#2812,#2811,#1510,.T.);
#3476=EDGE_CURVE('',#2813,#2812,#441,.T.);
#3477=EDGE_CURVE('',#2814,#2813,#442,.T.);
#3478=EDGE_CURVE('',#2815,#2814,#1511,.T.);
#3479=EDGE_CURVE('',#2805,#2815,#443,.T.);
#3480=EDGE_CURVE('',#2816,#2817,#444,.T.);
#3481=EDGE_CURVE('',#2818,#2816,#1512,.T.);
#3482=EDGE_CURVE('',#2819,#2818,#445,.T.);
#3483=EDGE_CURVE('',#2820,#2819,#446,.T.);
#3484=EDGE_CURVE('',#2821,#2820,#1513,.T.);
#3485=EDGE_CURVE('',#2822,#2821,#447,.T.);
#3486=EDGE_CURVE('',#2823,#2822,#448,.T.);
#3487=EDGE_CURVE('',#2824,#2823,#1514,.T.);
#3488=EDGE_CURVE('',#2825,#2824,#449,.T.);
#3489=EDGE_CURVE('',#2826,#2825,#450,.T.);
#3490=EDGE_CURVE('',#2827,#2826,#1515,.T.);
#3491=EDGE_CURVE('',#2817,#2827,#451,.T.);
#3492=EDGE_CURVE('',#2828,#2829,#452,.T.);
#3493=EDGE_CURVE('',#2830,#2828,#1516,.T.);
#3494=EDGE_CURVE('',#2831,#2830,#453,.T.);
#3495=EDGE_CURVE('',#2832,#2831,#454,.T.);
#3496=EDGE_CURVE('',#2833,#2832,#1517,.T.);
#3497=EDGE_CURVE('',#2834,#2833,#455,.T.);
#3498=EDGE_CURVE('',#2835,#2834,#456,.T.);
#3499=EDGE_CURVE('',#2836,#2835,#1518,.T.);
#3500=EDGE_CURVE('',#2837,#2836,#457,.T.);
#3501=EDGE_CURVE('',#2838,#2837,#458,.T.);
#3502=EDGE_CURVE('',#2839,#2838,#1519,.T.);
#3503=EDGE_CURVE('',#2829,#2839,#459,.T.);
#3504=EDGE_CURVE('',#2840,#2841,#460,.T.);
#3505=EDGE_CURVE('',#2842,#2840,#1520,.T.);
#3506=EDGE_CURVE('',#2843,#2842,#461,.T.);
#3507=EDGE_CURVE('',#2844,#2843,#462,.T.);
#3508=EDGE_CURVE('',#2845,#2844,#1521,.T.);
#3509=EDGE_CURVE('',#2846,#2845,#463,.T.);
#3510=EDGE_CURVE('',#2847,#2846,#464,.T.);
#3511=EDGE_CURVE('',#2848,#2847,#1522,.T.);
#3512=EDGE_CURVE('',#2849,#2848,#465,.T.);
#3513=EDGE_CURVE('',#2850,#2849,#466,.T.);
#3514=EDGE_CURVE('',#2851,#2850,#1523,.T.);
#3515=EDGE_CURVE('',#2841,#2851,#467,.T.);
#3516=EDGE_CURVE('',#2599,#2852,#1524,.T.);
#3517=EDGE_CURVE('',#2853,#2852,#1525,.T.);
#3518=EDGE_CURVE('',#2601,#2853,#1526,.T.);
#3519=EDGE_CURVE('',#2854,#2853,#468,.T.);
#3520=EDGE_CURVE('',#2602,#2854,#1527,.T.);
#3521=EDGE_CURVE('',#2855,#2854,#469,.T.);
#3522=EDGE_CURVE('',#2603,#2855,#1528,.T.);
#3523=EDGE_CURVE('',#2856,#2855,#1529,.T.);
#3524=EDGE_CURVE('',#2604,#2856,#1530,.T.);
#3525=EDGE_CURVE('',#2857,#2856,#470,.T.);
#3526=EDGE_CURVE('',#2605,#2857,#1531,.T.);
#3527=EDGE_CURVE('',#2858,#2857,#471,.T.);
#3528=EDGE_CURVE('',#2606,#2858,#1532,.T.);
#3529=EDGE_CURVE('',#2859,#2858,#1533,.T.);
#3530=EDGE_CURVE('',#2607,#2859,#1534,.T.);
#3531=EDGE_CURVE('',#2860,#2859,#472,.T.);
#3532=EDGE_CURVE('',#2608,#2860,#1535,.T.);
#3533=EDGE_CURVE('',#2861,#2860,#473,.T.);
#3534=EDGE_CURVE('',#2609,#2861,#1536,.T.);
#3535=EDGE_CURVE('',#2862,#2861,#1537,.T.);
#3536=EDGE_CURVE('',#2610,#2862,#1538,.T.);
#3537=EDGE_CURVE('',#2863,#2862,#474,.T.);
#3538=EDGE_CURVE('',#2600,#2863,#1539,.T.);
#3539=EDGE_CURVE('',#2852,#2863,#475,.T.);
#3540=EDGE_CURVE('',#2575,#2864,#1540,.T.);
#3541=EDGE_CURVE('',#2865,#2864,#1541,.T.);
#3542=EDGE_CURVE('',#2576,#2865,#1542,.T.);
#3543=EDGE_CURVE('',#2866,#2865,#1543,.T.);
#3544=EDGE_CURVE('',#2577,#2866,#1544,.T.);
#3545=EDGE_CURVE('',#2867,#2866,#1545,.T.);
#3546=EDGE_CURVE('',#2578,#2867,#1546,.T.);
#3547=EDGE_CURVE('',#2868,#2867,#1547,.T.);
#3548=EDGE_CURVE('',#2579,#2868,#1548,.T.);
#3549=EDGE_CURVE('',#2567,#2868,#1549,.T.);
#3550=EDGE_CURVE('',#2869,#2570,#1550,.T.);
#3551=EDGE_CURVE('',#2574,#2869,#1551,.T.);
#3552=EDGE_CURVE('',#2864,#2869,#1552,.T.);
#3553=EDGE_CURVE('',#2611,#2870,#1553,.T.);
#3554=EDGE_CURVE('',#2871,#2870,#476,.T.);
#3555=EDGE_CURVE('',#2613,#2871,#1554,.T.);
#3556=EDGE_CURVE('',#2872,#2871,#477,.T.);
#3557=EDGE_CURVE('',#2614,#2872,#1555,.T.);
#3558=EDGE_CURVE('',#2873,#2872,#478,.T.);
#3559=EDGE_CURVE('',#2615,#2873,#1556,.T.);
#3560=EDGE_CURVE('',#2874,#2873,#479,.T.);
#3561=EDGE_CURVE('',#2616,#2874,#1557,.T.);
#3562=EDGE_CURVE('',#2875,#2874,#480,.T.);
#3563=EDGE_CURVE('',#2612,#2875,#1558,.T.);
#3564=EDGE_CURVE('',#2870,#2875,#481,.T.);
#3565=EDGE_CURVE('',#2617,#2876,#1559,.T.);
#3566=EDGE_CURVE('',#2877,#2876,#482,.T.);
#3567=EDGE_CURVE('',#2619,#2877,#1560,.T.);
#3568=EDGE_CURVE('',#2878,#2877,#483,.T.);
#3569=EDGE_CURVE('',#2620,#2878,#1561,.T.);
#3570=EDGE_CURVE('',#2879,#2878,#484,.T.);
#3571=EDGE_CURVE('',#2621,#2879,#1562,.T.);
#3572=EDGE_CURVE('',#2880,#2879,#485,.T.);
#3573=EDGE_CURVE('',#2618,#2880,#1563,.T.);
#3574=EDGE_CURVE('',#2876,#2880,#486,.T.);
#3575=EDGE_CURVE('',#2622,#2881,#1564,.T.);
#3576=EDGE_CURVE('',#2882,#2881,#487,.T.);
#3577=EDGE_CURVE('',#2624,#2882,#1565,.T.);
#3578=EDGE_CURVE('',#2883,#2882,#488,.T.);
#3579=EDGE_CURVE('',#2625,#2883,#1566,.T.);
#3580=EDGE_CURVE('',#2884,#2883,#489,.T.);
#3581=EDGE_CURVE('',#2626,#2884,#1567,.T.);
#3582=EDGE_CURVE('',#2885,#2884,#490,.T.);
#3583=EDGE_CURVE('',#2627,#2885,#1568,.T.);
#3584=EDGE_CURVE('',#2886,#2885,#491,.T.);
#3585=EDGE_CURVE('',#2623,#2886,#1569,.T.);
#3586=EDGE_CURVE('',#2881,#2886,#492,.T.);
#3587=EDGE_CURVE('',#2628,#2887,#1570,.T.);
#3588=EDGE_CURVE('',#2888,#2887,#493,.T.);
#3589=EDGE_CURVE('',#2630,#2888,#1571,.T.);
#3590=EDGE_CURVE('',#2889,#2888,#494,.T.);
#3591=EDGE_CURVE('',#2631,#2889,#1572,.T.);
#3592=EDGE_CURVE('',#2890,#2889,#495,.T.);
#3593=EDGE_CURVE('',#2632,#2890,#1573,.T.);
#3594=EDGE_CURVE('',#2891,#2890,#496,.T.);
#3595=EDGE_CURVE('',#2633,#2891,#1574,.T.);
#3596=EDGE_CURVE('',#2892,#2891,#497,.T.);
#3597=EDGE_CURVE('',#2629,#2892,#1575,.T.);
#3598=EDGE_CURVE('',#2887,#2892,#498,.T.);
#3599=EDGE_CURVE('',#2634,#2893,#1576,.T.);
#3600=EDGE_CURVE('',#2894,#2893,#499,.T.);
#3601=EDGE_CURVE('',#2636,#2894,#1577,.T.);
#3602=EDGE_CURVE('',#2895,#2894,#500,.T.);
#3603=EDGE_CURVE('',#2637,#2895,#1578,.T.);
#3604=EDGE_CURVE('',#2896,#2895,#501,.T.);
#3605=EDGE_CURVE('',#2638,#2896,#1579,.T.);
#3606=EDGE_CURVE('',#2897,#2896,#502,.T.);
#3607=EDGE_CURVE('',#2639,#2897,#1580,.T.);
#3608=EDGE_CURVE('',#2898,#2897,#503,.T.);
#3609=EDGE_CURVE('',#2635,#2898,#1581,.T.);
#3610=EDGE_CURVE('',#2893,#2898,#504,.T.);
#3611=EDGE_CURVE('',#2640,#2899,#1582,.T.);
#3612=EDGE_CURVE('',#2900,#2899,#1583,.T.);
#3613=EDGE_CURVE('',#2642,#2900,#1584,.T.);
#3614=EDGE_CURVE('',#2901,#2900,#505,.T.);
#3615=EDGE_CURVE('',#2643,#2901,#1585,.T.);
#3616=EDGE_CURVE('',#2902,#2901,#1586,.T.);
#3617=EDGE_CURVE('',#2644,#2902,#1587,.T.);
#3618=EDGE_CURVE('',#2903,#2902,#506,.T.);
#3619=EDGE_CURVE('',#2645,#2903,#1588,.T.);
#3620=EDGE_CURVE('',#2904,#2903,#1589,.T.);
#3621=EDGE_CURVE('',#2646,#2904,#1590,.T.);
#3622=EDGE_CURVE('',#2905,#2904,#507,.T.);
#3623=EDGE_CURVE('',#2647,#2905,#1591,.T.);
#3624=EDGE_CURVE('',#2906,#2905,#1592,.T.);
#3625=EDGE_CURVE('',#2641,#2906,#1593,.T.);
#3626=EDGE_CURVE('',#2899,#2906,#508,.T.);
#3627=EDGE_CURVE('',#2648,#2907,#1594,.T.);
#3628=EDGE_CURVE('',#2908,#2907,#1595,.T.);
#3629=EDGE_CURVE('',#2650,#2908,#1596,.T.);
#3630=EDGE_CURVE('',#2909,#2908,#1597,.T.);
#3631=EDGE_CURVE('',#2651,#2909,#1598,.T.);
#3632=EDGE_CURVE('',#2910,#2909,#1599,.T.);
#3633=EDGE_CURVE('',#2649,#2910,#1600,.T.);
#3634=EDGE_CURVE('',#2907,#2910,#1601,.T.);
#3635=EDGE_CURVE('',#2652,#2911,#1602,.T.);
#3636=EDGE_CURVE('',#2912,#2911,#509,.T.);
#3637=EDGE_CURVE('',#2654,#2912,#1603,.T.);
#3638=EDGE_CURVE('',#2913,#2912,#510,.T.);
#3639=EDGE_CURVE('',#2655,#2913,#1604,.T.);
#3640=EDGE_CURVE('',#2914,#2913,#511,.T.);
#3641=EDGE_CURVE('',#2656,#2914,#1605,.T.);
#3642=EDGE_CURVE('',#2915,#2914,#512,.T.);
#3643=EDGE_CURVE('',#2657,#2915,#1606,.T.);
#3644=EDGE_CURVE('',#2916,#2915,#513,.T.);
#3645=EDGE_CURVE('',#2653,#2916,#1607,.T.);
#3646=EDGE_CURVE('',#2911,#2916,#514,.T.);
#3647=EDGE_CURVE('',#2658,#2917,#1608,.T.);
#3648=EDGE_CURVE('',#2918,#2917,#515,.T.);
#3649=EDGE_CURVE('',#2660,#2918,#1609,.T.);
#3650=EDGE_CURVE('',#2919,#2918,#516,.T.);
#3651=EDGE_CURVE('',#2661,#2919,#1610,.T.);
#3652=EDGE_CURVE('',#2920,#2919,#517,.T.);
#3653=EDGE_CURVE('',#2662,#2920,#1611,.T.);
#3654=EDGE_CURVE('',#2921,#2920,#518,.T.);
#3655=EDGE_CURVE('',#2663,#2921,#1612,.T.);
#3656=EDGE_CURVE('',#2922,#2921,#519,.T.);
#3657=EDGE_CURVE('',#2659,#2922,#1613,.T.);
#3658=EDGE_CURVE('',#2917,#2922,#520,.T.);
#3659=EDGE_CURVE('',#2664,#2923,#1614,.T.);
#3660=EDGE_CURVE('',#2924,#2923,#1615,.T.);
#3661=EDGE_CURVE('',#2666,#2924,#1616,.T.);
#3662=EDGE_CURVE('',#2925,#2924,#521,.T.);
#3663=EDGE_CURVE('',#2667,#2925,#1617,.T.);
#3664=EDGE_CURVE('',#2926,#2925,#522,.T.);
#3665=EDGE_CURVE('',#2668,#2926,#1618,.T.);
#3666=EDGE_CURVE('',#2927,#2926,#1619,.T.);
#3667=EDGE_CURVE('',#2669,#2927,#1620,.T.);
#3668=EDGE_CURVE('',#2928,#2927,#523,.T.);
#3669=EDGE_CURVE('',#2670,#2928,#1621,.T.);
#3670=EDGE_CURVE('',#2929,#2928,#524,.T.);
#3671=EDGE_CURVE('',#2671,#2929,#1622,.T.);
#3672=EDGE_CURVE('',#2930,#2929,#1623,.T.);
#3673=EDGE_CURVE('',#2672,#2930,#1624,.T.);
#3674=EDGE_CURVE('',#2931,#2930,#525,.T.);
#3675=EDGE_CURVE('',#2673,#2931,#1625,.T.);
#3676=EDGE_CURVE('',#2932,#2931,#526,.T.);
#3677=EDGE_CURVE('',#2674,#2932,#1626,.T.);
#3678=EDGE_CURVE('',#2933,#2932,#1627,.T.);
#3679=EDGE_CURVE('',#2675,#2933,#1628,.T.);
#3680=EDGE_CURVE('',#2934,#2933,#527,.T.);
#3681=EDGE_CURVE('',#2665,#2934,#1629,.T.);
#3682=EDGE_CURVE('',#2923,#2934,#528,.T.);
#3683=EDGE_CURVE('',#2676,#2935,#1630,.T.);
#3684=EDGE_CURVE('',#2936,#2935,#1631,.T.);
#3685=EDGE_CURVE('',#2678,#2936,#1632,.T.);
#3686=EDGE_CURVE('',#2937,#2936,#529,.T.);
#3687=EDGE_CURVE('',#2679,#2937,#1633,.T.);
#3688=EDGE_CURVE('',#2938,#2937,#530,.T.);
#3689=EDGE_CURVE('',#2680,#2938,#1634,.T.);
#3690=EDGE_CURVE('',#2939,#2938,#1635,.T.);
#3691=EDGE_CURVE('',#2681,#2939,#1636,.T.);
#3692=EDGE_CURVE('',#2940,#2939,#531,.T.);
#3693=EDGE_CURVE('',#2682,#2940,#1637,.T.);
#3694=EDGE_CURVE('',#2941,#2940,#532,.T.);
#3695=EDGE_CURVE('',#2683,#2941,#1638,.T.);
#3696=EDGE_CURVE('',#2942,#2941,#1639,.T.);
#3697=EDGE_CURVE('',#2684,#2942,#1640,.T.);
#3698=EDGE_CURVE('',#2943,#2942,#533,.T.);
#3699=EDGE_CURVE('',#2685,#2943,#1641,.T.);
#3700=EDGE_CURVE('',#2944,#2943,#534,.T.);
#3701=EDGE_CURVE('',#2686,#2944,#1642,.T.);
#3702=EDGE_CURVE('',#2945,#2944,#1643,.T.);
#3703=EDGE_CURVE('',#2687,#2945,#1644,.T.);
#3704=EDGE_CURVE('',#2946,#2945,#535,.T.);
#3705=EDGE_CURVE('',#2677,#2946,#1645,.T.);
#3706=EDGE_CURVE('',#2935,#2946,#536,.T.);
#3707=EDGE_CURVE('',#2688,#2947,#1646,.T.);
#3708=EDGE_CURVE('',#2948,#2947,#1647,.T.);
#3709=EDGE_CURVE('',#2690,#2948,#1648,.T.);
#3710=EDGE_CURVE('',#2949,#2948,#537,.T.);
#3711=EDGE_CURVE('',#2691,#2949,#1649,.T.);
#3712=EDGE_CURVE('',#2950,#2949,#538,.T.);
#3713=EDGE_CURVE('',#2692,#2950,#1650,.T.);
#3714=EDGE_CURVE('',#2951,#2950,#1651,.T.);
#3715=EDGE_CURVE('',#2693,#2951,#1652,.T.);
#3716=EDGE_CURVE('',#2952,#2951,#539,.T.);
#3717=EDGE_CURVE('',#2694,#2952,#1653,.T.);
#3718=EDGE_CURVE('',#2953,#2952,#540,.T.);
#3719=EDGE_CURVE('',#2695,#2953,#1654,.T.);
#3720=EDGE_CURVE('',#2954,#2953,#1655,.T.);
#3721=EDGE_CURVE('',#2696,#2954,#1656,.T.);
#3722=EDGE_CURVE('',#2955,#2954,#541,.T.);
#3723=EDGE_CURVE('',#2697,#2955,#1657,.T.);
#3724=EDGE_CURVE('',#2956,#2955,#542,.T.);
#3725=EDGE_CURVE('',#2698,#2956,#1658,.T.);
#3726=EDGE_CURVE('',#2957,#2956,#1659,.T.);
#3727=EDGE_CURVE('',#2699,#2957,#1660,.T.);
#3728=EDGE_CURVE('',#2958,#2957,#543,.T.);
#3729=EDGE_CURVE('',#2689,#2958,#1661,.T.);
#3730=EDGE_CURVE('',#2947,#2958,#544,.T.);
#3731=EDGE_CURVE('',#2700,#2959,#1662,.T.);
#3732=EDGE_CURVE('',#2960,#2959,#1663,.T.);
#3733=EDGE_CURVE('',#2702,#2960,#1664,.T.);
#3734=EDGE_CURVE('',#2961,#2960,#545,.T.);
#3735=EDGE_CURVE('',#2703,#2961,#1665,.T.);
#3736=EDGE_CURVE('',#2962,#2961,#546,.T.);
#3737=EDGE_CURVE('',#2704,#2962,#1666,.T.);
#3738=EDGE_CURVE('',#2963,#2962,#1667,.T.);
#3739=EDGE_CURVE('',#2705,#2963,#1668,.T.);
#3740=EDGE_CURVE('',#2964,#2963,#547,.T.);
#3741=EDGE_CURVE('',#2706,#2964,#1669,.T.);
#3742=EDGE_CURVE('',#2965,#2964,#548,.T.);
#3743=EDGE_CURVE('',#2707,#2965,#1670,.T.);
#3744=EDGE_CURVE('',#2966,#2965,#1671,.T.);
#3745=EDGE_CURVE('',#2708,#2966,#1672,.T.);
#3746=EDGE_CURVE('',#2967,#2966,#549,.T.);
#3747=EDGE_CURVE('',#2709,#2967,#1673,.T.);
#3748=EDGE_CURVE('',#2968,#2967,#550,.T.);
#3749=EDGE_CURVE('',#2710,#2968,#1674,.T.);
#3750=EDGE_CURVE('',#2969,#2968,#1675,.T.);
#3751=EDGE_CURVE('',#2711,#2969,#1676,.T.);
#3752=EDGE_CURVE('',#2970,#2969,#551,.T.);
#3753=EDGE_CURVE('',#2701,#2970,#1677,.T.);
#3754=EDGE_CURVE('',#2959,#2970,#552,.T.);
#3755=EDGE_CURVE('',#2712,#2971,#1678,.T.);
#3756=EDGE_CURVE('',#2972,#2971,#1679,.T.);
#3757=EDGE_CURVE('',#2714,#2972,#1680,.T.);
#3758=EDGE_CURVE('',#2973,#2972,#553,.T.);
#3759=EDGE_CURVE('',#2715,#2973,#1681,.T.);
#3760=EDGE_CURVE('',#2974,#2973,#554,.T.);
#3761=EDGE_CURVE('',#2716,#2974,#1682,.T.);
#3762=EDGE_CURVE('',#2975,#2974,#1683,.T.);
#3763=EDGE_CURVE('',#2717,#2975,#1684,.T.);
#3764=EDGE_CURVE('',#2976,#2975,#555,.T.);
#3765=EDGE_CURVE('',#2718,#2976,#1685,.T.);
#3766=EDGE_CURVE('',#2977,#2976,#556,.T.);
#3767=EDGE_CURVE('',#2719,#2977,#1686,.T.);
#3768=EDGE_CURVE('',#2978,#2977,#1687,.T.);
#3769=EDGE_CURVE('',#2720,#2978,#1688,.T.);
#3770=EDGE_CURVE('',#2979,#2978,#557,.T.);
#3771=EDGE_CURVE('',#2721,#2979,#1689,.T.);
#3772=EDGE_CURVE('',#2980,#2979,#558,.T.);
#3773=EDGE_CURVE('',#2722,#2980,#1690,.T.);
#3774=EDGE_CURVE('',#2981,#2980,#1691,.T.);
#3775=EDGE_CURVE('',#2723,#2981,#1692,.T.);
#3776=EDGE_CURVE('',#2982,#2981,#559,.T.);
#3777=EDGE_CURVE('',#2713,#2982,#1693,.T.);
#3778=EDGE_CURVE('',#2971,#2982,#560,.T.);
#3779=EDGE_CURVE('',#2724,#2983,#1694,.T.);
#3780=EDGE_CURVE('',#2984,#2983,#1695,.T.);
#3781=EDGE_CURVE('',#2726,#2984,#1696,.T.);
#3782=EDGE_CURVE('',#2985,#2984,#561,.T.);
#3783=EDGE_CURVE('',#2727,#2985,#1697,.T.);
#3784=EDGE_CURVE('',#2986,#2985,#562,.T.);
#3785=EDGE_CURVE('',#2728,#2986,#1698,.T.);
#3786=EDGE_CURVE('',#2987,#2986,#1699,.T.);
#3787=EDGE_CURVE('',#2729,#2987,#1700,.T.);
#3788=EDGE_CURVE('',#2988,#2987,#563,.T.);
#3789=EDGE_CURVE('',#2730,#2988,#1701,.T.);
#3790=EDGE_CURVE('',#2989,#2988,#564,.T.);
#3791=EDGE_CURVE('',#2731,#2989,#1702,.T.);
#3792=EDGE_CURVE('',#2990,#2989,#1703,.T.);
#3793=EDGE_CURVE('',#2732,#2990,#1704,.T.);
#3794=EDGE_CURVE('',#2991,#2990,#565,.T.);
#3795=EDGE_CURVE('',#2733,#2991,#1705,.T.);
#3796=EDGE_CURVE('',#2992,#2991,#566,.T.);
#3797=EDGE_CURVE('',#2734,#2992,#1706,.T.);
#3798=EDGE_CURVE('',#2993,#2992,#1707,.T.);
#3799=EDGE_CURVE('',#2735,#2993,#1708,.T.);
#3800=EDGE_CURVE('',#2994,#2993,#567,.T.);
#3801=EDGE_CURVE('',#2725,#2994,#1709,.T.);
#3802=EDGE_CURVE('',#2983,#2994,#568,.T.);
#3803=EDGE_CURVE('',#2736,#2995,#1710,.T.);
#3804=EDGE_CURVE('',#2996,#2995,#1711,.T.);
#3805=EDGE_CURVE('',#2738,#2996,#1712,.T.);
#3806=EDGE_CURVE('',#2997,#2996,#569,.T.);
#3807=EDGE_CURVE('',#2739,#2997,#1713,.T.);
#3808=EDGE_CURVE('',#2998,#2997,#570,.T.);
#3809=EDGE_CURVE('',#2740,#2998,#1714,.T.);
#3810=EDGE_CURVE('',#2999,#2998,#1715,.T.);
#3811=EDGE_CURVE('',#2741,#2999,#1716,.T.);
#3812=EDGE_CURVE('',#3000,#2999,#571,.T.);
#3813=EDGE_CURVE('',#2742,#3000,#1717,.T.);
#3814=EDGE_CURVE('',#3001,#3000,#572,.T.);
#3815=EDGE_CURVE('',#2743,#3001,#1718,.T.);
#3816=EDGE_CURVE('',#3002,#3001,#1719,.T.);
#3817=EDGE_CURVE('',#2744,#3002,#1720,.T.);
#3818=EDGE_CURVE('',#3003,#3002,#573,.T.);
#3819=EDGE_CURVE('',#2745,#3003,#1721,.T.);
#3820=EDGE_CURVE('',#3004,#3003,#574,.T.);
#3821=EDGE_CURVE('',#2746,#3004,#1722,.T.);
#3822=EDGE_CURVE('',#3005,#3004,#1723,.T.);
#3823=EDGE_CURVE('',#2747,#3005,#1724,.T.);
#3824=EDGE_CURVE('',#3006,#3005,#575,.T.);
#3825=EDGE_CURVE('',#2737,#3006,#1725,.T.);
#3826=EDGE_CURVE('',#2995,#3006,#576,.T.);
#3827=EDGE_CURVE('',#2748,#3007,#1726,.T.);
#3828=EDGE_CURVE('',#3008,#3007,#1727,.T.);
#3829=EDGE_CURVE('',#2750,#3008,#1728,.T.);
#3830=EDGE_CURVE('',#3009,#3008,#577,.T.);
#3831=EDGE_CURVE('',#2751,#3009,#1729,.T.);
#3832=EDGE_CURVE('',#3010,#3009,#1730,.T.);
#3833=EDGE_CURVE('',#2752,#3010,#1731,.T.);
#3834=EDGE_CURVE('',#3011,#3010,#578,.T.);
#3835=EDGE_CURVE('',#2753,#3011,#1732,.T.);
#3836=EDGE_CURVE('',#3012,#3011,#1733,.T.);
#3837=EDGE_CURVE('',#2754,#3012,#1734,.T.);
#3838=EDGE_CURVE('',#3013,#3012,#579,.T.);
#3839=EDGE_CURVE('',#2755,#3013,#1735,.T.);
#3840=EDGE_CURVE('',#3014,#3013,#1736,.T.);
#3841=EDGE_CURVE('',#2749,#3014,#1737,.T.);
#3842=EDGE_CURVE('',#3007,#3014,#580,.T.);
#3843=EDGE_CURVE('',#2756,#3015,#1738,.T.);
#3844=EDGE_CURVE('',#3016,#3015,#1739,.T.);
#3845=EDGE_CURVE('',#2758,#3016,#1740,.T.);
#3846=EDGE_CURVE('',#3017,#3016,#581,.T.);
#3847=EDGE_CURVE('',#2759,#3017,#1741,.T.);
#3848=EDGE_CURVE('',#3018,#3017,#582,.T.);
#3849=EDGE_CURVE('',#2760,#3018,#1742,.T.);
#3850=EDGE_CURVE('',#3019,#3018,#1743,.T.);
#3851=EDGE_CURVE('',#2761,#3019,#1744,.T.);
#3852=EDGE_CURVE('',#3020,#3019,#583,.T.);
#3853=EDGE_CURVE('',#2762,#3020,#1745,.T.);
#3854=EDGE_CURVE('',#3021,#3020,#584,.T.);
#3855=EDGE_CURVE('',#2763,#3021,#1746,.T.);
#3856=EDGE_CURVE('',#3022,#3021,#1747,.T.);
#3857=EDGE_CURVE('',#2764,#3022,#1748,.T.);
#3858=EDGE_CURVE('',#3023,#3022,#585,.T.);
#3859=EDGE_CURVE('',#2765,#3023,#1749,.T.);
#3860=EDGE_CURVE('',#3024,#3023,#586,.T.);
#3861=EDGE_CURVE('',#2766,#3024,#1750,.T.);
#3862=EDGE_CURVE('',#3025,#3024,#1751,.T.);
#3863=EDGE_CURVE('',#2767,#3025,#1752,.T.);
#3864=EDGE_CURVE('',#3026,#3025,#587,.T.);
#3865=EDGE_CURVE('',#2757,#3026,#1753,.T.);
#3866=EDGE_CURVE('',#3015,#3026,#588,.T.);
#3867=EDGE_CURVE('',#2768,#3027,#1754,.T.);
#3868=EDGE_CURVE('',#3028,#3027,#1755,.T.);
#3869=EDGE_CURVE('',#2770,#3028,#1756,.T.);
#3870=EDGE_CURVE('',#3029,#3028,#589,.T.);
#3871=EDGE_CURVE('',#2771,#3029,#1757,.T.);
#3872=EDGE_CURVE('',#3030,#3029,#590,.T.);
#3873=EDGE_CURVE('',#2772,#3030,#1758,.T.);
#3874=EDGE_CURVE('',#3031,#3030,#1759,.T.);
#3875=EDGE_CURVE('',#2773,#3031,#1760,.T.);
#3876=EDGE_CURVE('',#3032,#3031,#591,.T.);
#3877=EDGE_CURVE('',#2774,#3032,#1761,.T.);
#3878=EDGE_CURVE('',#3033,#3032,#592,.T.);
#3879=EDGE_CURVE('',#2775,#3033,#1762,.T.);
#3880=EDGE_CURVE('',#3034,#3033,#1763,.T.);
#3881=EDGE_CURVE('',#2776,#3034,#1764,.T.);
#3882=EDGE_CURVE('',#3035,#3034,#593,.T.);
#3883=EDGE_CURVE('',#2777,#3035,#1765,.T.);
#3884=EDGE_CURVE('',#3036,#3035,#594,.T.);
#3885=EDGE_CURVE('',#2778,#3036,#1766,.T.);
#3886=EDGE_CURVE('',#3037,#3036,#1767,.T.);
#3887=EDGE_CURVE('',#2779,#3037,#1768,.T.);
#3888=EDGE_CURVE('',#3038,#3037,#595,.T.);
#3889=EDGE_CURVE('',#2769,#3038,#1769,.T.);
#3890=EDGE_CURVE('',#3027,#3038,#596,.T.);
#3891=EDGE_CURVE('',#2780,#3039,#1770,.T.);
#3892=EDGE_CURVE('',#3040,#3039,#1771,.T.);
#3893=EDGE_CURVE('',#2782,#3040,#1772,.T.);
#3894=EDGE_CURVE('',#3041,#3040,#597,.T.);
#3895=EDGE_CURVE('',#2783,#3041,#1773,.T.);
#3896=EDGE_CURVE('',#3042,#3041,#598,.T.);
#3897=EDGE_CURVE('',#2784,#3042,#1774,.T.);
#3898=EDGE_CURVE('',#3043,#3042,#1775,.T.);
#3899=EDGE_CURVE('',#2785,#3043,#1776,.T.);
#3900=EDGE_CURVE('',#3044,#3043,#599,.T.);
#3901=EDGE_CURVE('',#2786,#3044,#1777,.T.);
#3902=EDGE_CURVE('',#3045,#3044,#600,.T.);
#3903=EDGE_CURVE('',#2787,#3045,#1778,.T.);
#3904=EDGE_CURVE('',#3046,#3045,#1779,.T.);
#3905=EDGE_CURVE('',#2788,#3046,#1780,.T.);
#3906=EDGE_CURVE('',#3047,#3046,#601,.T.);
#3907=EDGE_CURVE('',#2789,#3047,#1781,.T.);
#3908=EDGE_CURVE('',#3048,#3047,#602,.T.);
#3909=EDGE_CURVE('',#2790,#3048,#1782,.T.);
#3910=EDGE_CURVE('',#3049,#3048,#1783,.T.);
#3911=EDGE_CURVE('',#2791,#3049,#1784,.T.);
#3912=EDGE_CURVE('',#3050,#3049,#603,.T.);
#3913=EDGE_CURVE('',#2781,#3050,#1785,.T.);
#3914=EDGE_CURVE('',#3039,#3050,#604,.T.);
#3915=EDGE_CURVE('',#2792,#3051,#1786,.T.);
#3916=EDGE_CURVE('',#3052,#3051,#1787,.T.);
#3917=EDGE_CURVE('',#2794,#3052,#1788,.T.);
#3918=EDGE_CURVE('',#3053,#3052,#605,.T.);
#3919=EDGE_CURVE('',#2795,#3053,#1789,.T.);
#3920=EDGE_CURVE('',#3054,#3053,#606,.T.);
#3921=EDGE_CURVE('',#2796,#3054,#1790,.T.);
#3922=EDGE_CURVE('',#3055,#3054,#1791,.T.);
#3923=EDGE_CURVE('',#2797,#3055,#1792,.T.);
#3924=EDGE_CURVE('',#3056,#3055,#607,.T.);
#3925=EDGE_CURVE('',#2798,#3056,#1793,.T.);
#3926=EDGE_CURVE('',#3057,#3056,#608,.T.);
#3927=EDGE_CURVE('',#2799,#3057,#1794,.T.);
#3928=EDGE_CURVE('',#3058,#3057,#1795,.T.);
#3929=EDGE_CURVE('',#2800,#3058,#1796,.T.);
#3930=EDGE_CURVE('',#3059,#3058,#609,.T.);
#3931=EDGE_CURVE('',#2801,#3059,#1797,.T.);
#3932=EDGE_CURVE('',#3060,#3059,#610,.T.);
#3933=EDGE_CURVE('',#2802,#3060,#1798,.T.);
#3934=EDGE_CURVE('',#3061,#3060,#1799,.T.);
#3935=EDGE_CURVE('',#2803,#3061,#1800,.T.);
#3936=EDGE_CURVE('',#3062,#3061,#611,.T.);
#3937=EDGE_CURVE('',#2793,#3062,#1801,.T.);
#3938=EDGE_CURVE('',#3051,#3062,#612,.T.);
#3939=EDGE_CURVE('',#2804,#3063,#1802,.T.);
#3940=EDGE_CURVE('',#3064,#3063,#1803,.T.);
#3941=EDGE_CURVE('',#2806,#3064,#1804,.T.);
#3942=EDGE_CURVE('',#3065,#3064,#613,.T.);
#3943=EDGE_CURVE('',#2807,#3065,#1805,.T.);
#3944=EDGE_CURVE('',#3066,#3065,#614,.T.);
#3945=EDGE_CURVE('',#2808,#3066,#1806,.T.);
#3946=EDGE_CURVE('',#3067,#3066,#1807,.T.);
#3947=EDGE_CURVE('',#2809,#3067,#1808,.T.);
#3948=EDGE_CURVE('',#3068,#3067,#615,.T.);
#3949=EDGE_CURVE('',#2810,#3068,#1809,.T.);
#3950=EDGE_CURVE('',#3069,#3068,#616,.T.);
#3951=EDGE_CURVE('',#2811,#3069,#1810,.T.);
#3952=EDGE_CURVE('',#3070,#3069,#1811,.T.);
#3953=EDGE_CURVE('',#2812,#3070,#1812,.T.);
#3954=EDGE_CURVE('',#3071,#3070,#617,.T.);
#3955=EDGE_CURVE('',#2813,#3071,#1813,.T.);
#3956=EDGE_CURVE('',#3072,#3071,#618,.T.);
#3957=EDGE_CURVE('',#2814,#3072,#1814,.T.);
#3958=EDGE_CURVE('',#3073,#3072,#1815,.T.);
#3959=EDGE_CURVE('',#2815,#3073,#1816,.T.);
#3960=EDGE_CURVE('',#3074,#3073,#619,.T.);
#3961=EDGE_CURVE('',#2805,#3074,#1817,.T.);
#3962=EDGE_CURVE('',#3063,#3074,#620,.T.);
#3963=EDGE_CURVE('',#2816,#3075,#1818,.T.);
#3964=EDGE_CURVE('',#3076,#3075,#1819,.T.);
#3965=EDGE_CURVE('',#2818,#3076,#1820,.T.);
#3966=EDGE_CURVE('',#3077,#3076,#621,.T.);
#3967=EDGE_CURVE('',#2819,#3077,#1821,.T.);
#3968=EDGE_CURVE('',#3078,#3077,#622,.T.);
#3969=EDGE_CURVE('',#2820,#3078,#1822,.T.);
#3970=EDGE_CURVE('',#3079,#3078,#1823,.T.);
#3971=EDGE_CURVE('',#2821,#3079,#1824,.T.);
#3972=EDGE_CURVE('',#3080,#3079,#623,.T.);
#3973=EDGE_CURVE('',#2822,#3080,#1825,.T.);
#3974=EDGE_CURVE('',#3081,#3080,#624,.T.);
#3975=EDGE_CURVE('',#2823,#3081,#1826,.T.);
#3976=EDGE_CURVE('',#3082,#3081,#1827,.T.);
#3977=EDGE_CURVE('',#2824,#3082,#1828,.T.);
#3978=EDGE_CURVE('',#3083,#3082,#625,.T.);
#3979=EDGE_CURVE('',#2825,#3083,#1829,.T.);
#3980=EDGE_CURVE('',#3084,#3083,#626,.T.);
#3981=EDGE_CURVE('',#2826,#3084,#1830,.T.);
#3982=EDGE_CURVE('',#3085,#3084,#1831,.T.);
#3983=EDGE_CURVE('',#2827,#3085,#1832,.T.);
#3984=EDGE_CURVE('',#3086,#3085,#627,.T.);
#3985=EDGE_CURVE('',#2817,#3086,#1833,.T.);
#3986=EDGE_CURVE('',#3075,#3086,#628,.T.);
#3987=EDGE_CURVE('',#2828,#3087,#1834,.T.);
#3988=EDGE_CURVE('',#3088,#3087,#1835,.T.);
#3989=EDGE_CURVE('',#2830,#3088,#1836,.T.);
#3990=EDGE_CURVE('',#3089,#3088,#629,.T.);
#3991=EDGE_CURVE('',#2831,#3089,#1837,.T.);
#3992=EDGE_CURVE('',#3090,#3089,#630,.T.);
#3993=EDGE_CURVE('',#2832,#3090,#1838,.T.);
#3994=EDGE_CURVE('',#3091,#3090,#1839,.T.);
#3995=EDGE_CURVE('',#2833,#3091,#1840,.T.);
#3996=EDGE_CURVE('',#3092,#3091,#631,.T.);
#3997=EDGE_CURVE('',#2834,#3092,#1841,.T.);
#3998=EDGE_CURVE('',#3093,#3092,#632,.T.);
#3999=EDGE_CURVE('',#2835,#3093,#1842,.T.);
#4000=EDGE_CURVE('',#3094,#3093,#1843,.T.);
#4001=EDGE_CURVE('',#2836,#3094,#1844,.T.);
#4002=EDGE_CURVE('',#3095,#3094,#633,.T.);
#4003=EDGE_CURVE('',#2837,#3095,#1845,.T.);
#4004=EDGE_CURVE('',#3096,#3095,#634,.T.);
#4005=EDGE_CURVE('',#2838,#3096,#1846,.T.);
#4006=EDGE_CURVE('',#3097,#3096,#1847,.T.);
#4007=EDGE_CURVE('',#2839,#3097,#1848,.T.);
#4008=EDGE_CURVE('',#3098,#3097,#635,.T.);
#4009=EDGE_CURVE('',#2829,#3098,#1849,.T.);
#4010=EDGE_CURVE('',#3087,#3098,#636,.T.);
#4011=EDGE_CURVE('',#2840,#3099,#1850,.T.);
#4012=EDGE_CURVE('',#3100,#3099,#1851,.T.);
#4013=EDGE_CURVE('',#2842,#3100,#1852,.T.);
#4014=EDGE_CURVE('',#3101,#3100,#637,.T.);
#4015=EDGE_CURVE('',#2843,#3101,#1853,.T.);
#4016=EDGE_CURVE('',#3102,#3101,#638,.T.);
#4017=EDGE_CURVE('',#2844,#3102,#1854,.T.);
#4018=EDGE_CURVE('',#3103,#3102,#1855,.T.);
#4019=EDGE_CURVE('',#2845,#3103,#1856,.T.);
#4020=EDGE_CURVE('',#3104,#3103,#639,.T.);
#4021=EDGE_CURVE('',#2846,#3104,#1857,.T.);
#4022=EDGE_CURVE('',#3105,#3104,#640,.T.);
#4023=EDGE_CURVE('',#2847,#3105,#1858,.T.);
#4024=EDGE_CURVE('',#3106,#3105,#1859,.T.);
#4025=EDGE_CURVE('',#2848,#3106,#1860,.T.);
#4026=EDGE_CURVE('',#3107,#3106,#641,.T.);
#4027=EDGE_CURVE('',#2849,#3107,#1861,.T.);
#4028=EDGE_CURVE('',#3108,#3107,#642,.T.);
#4029=EDGE_CURVE('',#2850,#3108,#1862,.T.);
#4030=EDGE_CURVE('',#3109,#3108,#1863,.T.);
#4031=EDGE_CURVE('',#2851,#3109,#1864,.T.);
#4032=EDGE_CURVE('',#3110,#3109,#643,.T.);
#4033=EDGE_CURVE('',#2841,#3110,#1865,.T.);
#4034=EDGE_CURVE('',#3099,#3110,#644,.T.);
#4035=EDGE_CURVE('',#2596,#3111,#1866,.T.);
#4036=EDGE_CURVE('',#3112,#3111,#1867,.T.);
#4037=EDGE_CURVE('',#2597,#3112,#1868,.T.);
#4038=EDGE_CURVE('',#3113,#3112,#645,.T.);
#4039=EDGE_CURVE('',#2598,#3113,#1869,.T.);
#4040=EDGE_CURVE('',#2573,#3113,#1870,.T.);
#4041=EDGE_CURVE('',#3114,#2568,#698,.T.);
#4042=EDGE_CURVE('',#2580,#3114,#1871,.T.);
#4043=EDGE_CURVE('',#3115,#3114,#646,.T.);
#4044=EDGE_CURVE('',#2581,#3115,#1872,.T.);
#4045=EDGE_CURVE('',#3116,#3115,#647,.T.);
#4046=EDGE_CURVE('',#2582,#3116,#1873,.T.);
#4047=EDGE_CURVE('',#3117,#3116,#1874,.T.);
#4048=EDGE_CURVE('',#2583,#3117,#1875,.T.);
#4049=EDGE_CURVE('',#3118,#3117,#648,.T.);
#4050=EDGE_CURVE('',#2584,#3118,#1876,.T.);
#4051=EDGE_CURVE('',#3119,#3118,#1877,.T.);
#4052=EDGE_CURVE('',#2585,#3119,#1878,.T.);
#4053=EDGE_CURVE('',#3120,#3119,#649,.T.);
#4054=EDGE_CURVE('',#2586,#3120,#1879,.T.);
#4055=EDGE_CURVE('',#3121,#3120,#1880,.T.);
#4056=EDGE_CURVE('',#2587,#3121,#1881,.T.);
#4057=EDGE_CURVE('',#3122,#3121,#650,.T.);
#4058=EDGE_CURVE('',#2588,#3122,#1882,.T.);
#4059=EDGE_CURVE('',#3123,#3122,#1883,.T.);
#4060=EDGE_CURVE('',#2589,#3123,#1884,.T.);
#4061=EDGE_CURVE('',#3124,#3123,#651,.T.);
#4062=EDGE_CURVE('',#2590,#3124,#1885,.T.);
#4063=EDGE_CURVE('',#3125,#3124,#1886,.T.);
#4064=EDGE_CURVE('',#2591,#3125,#1887,.T.);
#4065=EDGE_CURVE('',#3126,#3125,#652,.T.);
#4066=EDGE_CURVE('',#2592,#3126,#1888,.T.);
#4067=EDGE_CURVE('',#3127,#3126,#1889,.T.);
#4068=EDGE_CURVE('',#2593,#3127,#1890,.T.);
#4069=EDGE_CURVE('',#3128,#3127,#653,.T.);
#4070=EDGE_CURVE('',#2594,#3128,#1891,.T.);
#4071=EDGE_CURVE('',#3129,#3128,#1892,.T.);
#4072=EDGE_CURVE('',#2595,#3129,#1893,.T.);
#4073=EDGE_CURVE('',#3111,#3129,#654,.T.);
#4074=EDGE_CURVE('',#3130,#3131,#1894,.T.);
#4075=EDGE_CURVE('',#3132,#3130,#1895,.T.);
#4076=EDGE_CURVE('',#3133,#3132,#1896,.T.);
#4077=EDGE_CURVE('',#3131,#3133,#1897,.T.);
#4078=EDGE_CURVE('',#3131,#3134,#1898,.T.);
#4079=EDGE_CURVE('',#3135,#3134,#1899,.T.);
#4080=EDGE_CURVE('',#3130,#3135,#1900,.T.);
#4081=EDGE_CURVE('',#3136,#3137,#1901,.T.);
#4082=EDGE_CURVE('',#3138,#3136,#1902,.T.);
#4083=EDGE_CURVE('',#3139,#3138,#655,.T.);
#4084=EDGE_CURVE('',#3140,#3139,#1903,.T.);
#4085=EDGE_CURVE('',#3141,#3140,#656,.T.);
#4086=EDGE_CURVE('',#3142,#3141,#1904,.T.);
#4087=EDGE_CURVE('',#3143,#3142,#657,.T.);
#4088=EDGE_CURVE('',#3144,#3143,#1905,.T.);
#4089=EDGE_CURVE('',#3145,#3144,#658,.T.);
#4090=EDGE_CURVE('',#3146,#3145,#1906,.T.);
#4091=EDGE_CURVE('',#3147,#3146,#659,.T.);
#4092=EDGE_CURVE('',#3148,#3147,#1907,.T.);
#4093=EDGE_CURVE('',#3149,#3148,#660,.T.);
#4094=EDGE_CURVE('',#3150,#3149,#1908,.T.);
#4095=EDGE_CURVE('',#3151,#3150,#661,.T.);
#4096=EDGE_CURVE('',#3152,#3151,#1909,.T.);
#4097=EDGE_CURVE('',#3153,#3152,#662,.T.);
#4098=EDGE_CURVE('',#3154,#3153,#1910,.T.);
#4099=EDGE_CURVE('',#3155,#3154,#663,.T.);
#4100=EDGE_CURVE('',#3156,#3155,#1911,.T.);
#4101=EDGE_CURVE('',#3157,#3156,#664,.T.);
#4102=EDGE_CURVE('',#3158,#3157,#665,.T.);
#4103=EDGE_CURVE('',#3159,#3158,#699,.T.);
#4104=EDGE_CURVE('',#3160,#3159,#1912,.T.);
#4105=EDGE_CURVE('',#3160,#3161,#1913,.T.);
#4106=EDGE_CURVE('',#3161,#3162,#1914,.T.);
#4107=EDGE_CURVE('',#3163,#3162,#700,.T.);
#4108=EDGE_CURVE('',#3164,#3163,#666,.T.);
#4109=EDGE_CURVE('',#3165,#3164,#667,.T.);
#4110=EDGE_CURVE('',#3165,#3166,#1915,.T.);
#4111=EDGE_CURVE('',#3167,#3166,#668,.T.);
#4112=EDGE_CURVE('',#3167,#3168,#1916,.T.);
#4113=EDGE_CURVE('',#3169,#3168,#669,.T.);
#4114=EDGE_CURVE('',#3169,#3170,#1917,.T.);
#4115=EDGE_CURVE('',#3171,#3170,#670,.T.);
#4116=EDGE_CURVE('',#3171,#3172,#1918,.T.);
#4117=EDGE_CURVE('',#3173,#3172,#671,.T.);
#4118=EDGE_CURVE('',#3173,#3174,#1919,.T.);
#4119=EDGE_CURVE('',#3175,#3174,#672,.T.);
#4120=EDGE_CURVE('',#3175,#3176,#1920,.T.);
#4121=EDGE_CURVE('',#3177,#3176,#673,.T.);
#4122=EDGE_CURVE('',#3177,#3178,#1921,.T.);
#4123=EDGE_CURVE('',#3179,#3178,#674,.T.);
#4124=EDGE_CURVE('',#3179,#3180,#1922,.T.);
#4125=EDGE_CURVE('',#3181,#3180,#675,.T.);
#4126=EDGE_CURVE('',#3181,#3182,#1923,.T.);
#4127=EDGE_CURVE('',#3182,#3137,#1924,.T.);
#4128=EDGE_CURVE('',#3147,#3183,#1925,.T.);
#4129=EDGE_CURVE('',#3184,#3183,#1926,.T.);
#4130=EDGE_CURVE('',#3148,#3184,#1927,.T.);
#4131=EDGE_CURVE('',#3185,#3184,#676,.T.);
#4132=EDGE_CURVE('',#3149,#3185,#1928,.T.);
#4133=EDGE_CURVE('',#3186,#3185,#1929,.T.);
#4134=EDGE_CURVE('',#3150,#3186,#1930,.T.);
#4135=EDGE_CURVE('',#3187,#3186,#677,.T.);
#4136=EDGE_CURVE('',#3151,#3187,#1931,.T.);
#4137=EDGE_CURVE('',#3188,#3187,#1932,.T.);
#4138=EDGE_CURVE('',#3152,#3188,#1933,.T.);
#4139=EDGE_CURVE('',#3189,#3188,#678,.T.);
#4140=EDGE_CURVE('',#3153,#3189,#1934,.T.);
#4141=EDGE_CURVE('',#3190,#3189,#1935,.T.);
#4142=EDGE_CURVE('',#3154,#3190,#1936,.T.);
#4143=EDGE_CURVE('',#3191,#3190,#679,.T.);
#4144=EDGE_CURVE('',#3155,#3191,#1937,.T.);
#4145=EDGE_CURVE('',#3192,#3191,#1938,.T.);
#4146=EDGE_CURVE('',#3156,#3192,#1939,.T.);
#4147=EDGE_CURVE('',#3193,#3192,#680,.T.);
#4148=EDGE_CURVE('',#3157,#3193,#1940,.T.);
#4149=EDGE_CURVE('',#3194,#3193,#681,.T.);
#4150=EDGE_CURVE('',#3158,#3194,#1941,.T.);
#4151=EDGE_CURVE('',#3195,#3194,#701,.T.);
#4152=EDGE_CURVE('',#3159,#3195,#1942,.T.);
#4153=EDGE_CURVE('',#3196,#3195,#1943,.T.);
#4154=EDGE_CURVE('',#3160,#3196,#1944,.T.);
#4155=EDGE_CURVE('',#3134,#3196,#1945,.T.);
#4156=EDGE_CURVE('',#3161,#3133,#1946,.T.);
#4157=EDGE_CURVE('',#3132,#3137,#1947,.T.);
#4158=EDGE_CURVE('',#3197,#3135,#1948,.T.);
#4159=EDGE_CURVE('',#3136,#3197,#1949,.T.);
#4160=EDGE_CURVE('',#3198,#3197,#1950,.T.);
#4161=EDGE_CURVE('',#3138,#3198,#1951,.T.);
#4162=EDGE_CURVE('',#3199,#3198,#682,.T.);
#4163=EDGE_CURVE('',#3139,#3199,#1952,.T.);
#4164=EDGE_CURVE('',#3200,#3199,#1953,.T.);
#4165=EDGE_CURVE('',#3140,#3200,#1954,.T.);
#4166=EDGE_CURVE('',#3201,#3200,#683,.T.);
#4167=EDGE_CURVE('',#3141,#3201,#1955,.T.);
#4168=EDGE_CURVE('',#3202,#3201,#1956,.T.);
#4169=EDGE_CURVE('',#3142,#3202,#1957,.T.);
#4170=EDGE_CURVE('',#3203,#3202,#684,.T.);
#4171=EDGE_CURVE('',#3143,#3203,#1958,.T.);
#4172=EDGE_CURVE('',#3204,#3203,#1959,.T.);
#4173=EDGE_CURVE('',#3144,#3204,#1960,.T.);
#4174=EDGE_CURVE('',#3205,#3204,#685,.T.);
#4175=EDGE_CURVE('',#3145,#3205,#1961,.T.);
#4176=EDGE_CURVE('',#3206,#3205,#1962,.T.);
#4177=EDGE_CURVE('',#3146,#3206,#1963,.T.);
#4178=EDGE_CURVE('',#3183,#3206,#686,.T.);
#4179=EDGE_CURVE('',#3179,#3207,#1964,.T.);
#4180=EDGE_CURVE('',#3208,#3207,#1965,.T.);
#4181=EDGE_CURVE('',#3180,#3208,#1966,.T.);
#4182=EDGE_CURVE('',#3209,#3208,#687,.T.);
#4183=EDGE_CURVE('',#3181,#3209,#1967,.T.);
#4184=EDGE_CURVE('',#3210,#3209,#1968,.T.);
#4185=EDGE_CURVE('',#3182,#3210,#1969,.T.);
#4186=EDGE_CURVE('',#3211,#3210,#1970,.T.);
#4187=EDGE_CURVE('',#3162,#3211,#1971,.T.);
#4188=EDGE_CURVE('',#3212,#3211,#702,.T.);
#4189=EDGE_CURVE('',#3163,#3212,#1972,.T.);
#4190=EDGE_CURVE('',#3213,#3212,#688,.T.);
#4191=EDGE_CURVE('',#3164,#3213,#1973,.T.);
#4192=EDGE_CURVE('',#3214,#3213,#689,.T.);
#4193=EDGE_CURVE('',#3165,#3214,#1974,.T.);
#4194=EDGE_CURVE('',#3215,#3214,#1975,.T.);
#4195=EDGE_CURVE('',#3166,#3215,#1976,.T.);
#4196=EDGE_CURVE('',#3216,#3215,#690,.T.);
#4197=EDGE_CURVE('',#3167,#3216,#1977,.T.);
#4198=EDGE_CURVE('',#3217,#3216,#1978,.T.);
#4199=EDGE_CURVE('',#3168,#3217,#1979,.T.);
#4200=EDGE_CURVE('',#3218,#3217,#691,.T.);
#4201=EDGE_CURVE('',#3169,#3218,#1980,.T.);
#4202=EDGE_CURVE('',#3219,#3218,#1981,.T.);
#4203=EDGE_CURVE('',#3170,#3219,#1982,.T.);
#4204=EDGE_CURVE('',#3220,#3219,#692,.T.);
#4205=EDGE_CURVE('',#3171,#3220,#1983,.T.);
#4206=EDGE_CURVE('',#3221,#3220,#1984,.T.);
#4207=EDGE_CURVE('',#3172,#3221,#1985,.T.);
#4208=EDGE_CURVE('',#3222,#3221,#693,.T.);
#4209=EDGE_CURVE('',#3173,#3222,#1986,.T.);
#4210=EDGE_CURVE('',#3223,#3222,#1987,.T.);
#4211=EDGE_CURVE('',#3174,#3223,#1988,.T.);
#4212=EDGE_CURVE('',#3224,#3223,#694,.T.);
#4213=EDGE_CURVE('',#3175,#3224,#1989,.T.);
#4214=EDGE_CURVE('',#3225,#3224,#1990,.T.);
#4215=EDGE_CURVE('',#3176,#3225,#1991,.T.);
#4216=EDGE_CURVE('',#3226,#3225,#695,.T.);
#4217=EDGE_CURVE('',#3177,#3226,#1992,.T.);
#4218=EDGE_CURVE('',#3227,#3226,#1993,.T.);
#4219=EDGE_CURVE('',#3178,#3227,#1994,.T.);
#4220=EDGE_CURVE('',#3207,#3227,#696,.T.);
#4221=ORIENTED_EDGE('',*,*,#3228,.T.);
#4222=ORIENTED_EDGE('',*,*,#3229,.F.);
#4223=ORIENTED_EDGE('',*,*,#3230,.F.);
#4224=ORIENTED_EDGE('',*,*,#3231,.F.);
#4225=ORIENTED_EDGE('',*,*,#3232,.T.);
#4226=ORIENTED_EDGE('',*,*,#3233,.F.);
#4227=ORIENTED_EDGE('',*,*,#3234,.T.);
#4228=ORIENTED_EDGE('',*,*,#3235,.F.);
#4229=ORIENTED_EDGE('',*,*,#3236,.F.);
#4230=ORIENTED_EDGE('',*,*,#3237,.F.);
#4231=ORIENTED_EDGE('',*,*,#3238,.F.);
#4232=ORIENTED_EDGE('',*,*,#3239,.F.);
#4233=ORIENTED_EDGE('',*,*,#3240,.F.);
#4234=ORIENTED_EDGE('',*,*,#3241,.F.);
#4235=ORIENTED_EDGE('',*,*,#3242,.T.);
#4236=ORIENTED_EDGE('',*,*,#3231,.T.);
#4237=ORIENTED_EDGE('',*,*,#3243,.F.);
#4238=ORIENTED_EDGE('',*,*,#3244,.F.);
#4239=ORIENTED_EDGE('',*,*,#3245,.F.);
#4240=ORIENTED_EDGE('',*,*,#3246,.T.);
#4241=ORIENTED_EDGE('',*,*,#3247,.F.);
#4242=ORIENTED_EDGE('',*,*,#3248,.T.);
#4243=ORIENTED_EDGE('',*,*,#3249,.F.);
#4244=ORIENTED_EDGE('',*,*,#3250,.T.);
#4245=ORIENTED_EDGE('',*,*,#3251,.F.);
#4246=ORIENTED_EDGE('',*,*,#3252,.T.);
#4247=ORIENTED_EDGE('',*,*,#3253,.F.);
#4248=ORIENTED_EDGE('',*,*,#3254,.T.);
#4249=ORIENTED_EDGE('',*,*,#3255,.F.);
#4250=ORIENTED_EDGE('',*,*,#3256,.T.);
#4251=ORIENTED_EDGE('',*,*,#3257,.F.);
#4252=ORIENTED_EDGE('',*,*,#3258,.T.);
#4253=ORIENTED_EDGE('',*,*,#3259,.F.);
#4254=ORIENTED_EDGE('',*,*,#3260,.T.);
#4255=ORIENTED_EDGE('',*,*,#3261,.F.);
#4256=ORIENTED_EDGE('',*,*,#3262,.T.);
#4257=ORIENTED_EDGE('',*,*,#3233,.T.);
#4258=ORIENTED_EDGE('',*,*,#3263,.F.);
#4259=ORIENTED_EDGE('',*,*,#3264,.F.);
#4260=ORIENTED_EDGE('',*,*,#3265,.F.);
#4261=ORIENTED_EDGE('',*,*,#3266,.F.);
#4262=ORIENTED_EDGE('',*,*,#3267,.F.);
#4263=ORIENTED_EDGE('',*,*,#3268,.F.);
#4264=ORIENTED_EDGE('',*,*,#3269,.F.);
#4265=ORIENTED_EDGE('',*,*,#3270,.F.);
#4266=ORIENTED_EDGE('',*,*,#3271,.F.);
#4267=ORIENTED_EDGE('',*,*,#3272,.F.);
#4268=ORIENTED_EDGE('',*,*,#3273,.F.);
#4269=ORIENTED_EDGE('',*,*,#3274,.F.);
#4270=ORIENTED_EDGE('',*,*,#3275,.F.);
#4271=ORIENTED_EDGE('',*,*,#3276,.F.);
#4272=ORIENTED_EDGE('',*,*,#3277,.F.);
#4273=ORIENTED_EDGE('',*,*,#3278,.F.);
#4274=ORIENTED_EDGE('',*,*,#3279,.F.);
#4275=ORIENTED_EDGE('',*,*,#3280,.F.);
#4276=ORIENTED_EDGE('',*,*,#3281,.F.);
#4277=ORIENTED_EDGE('',*,*,#3282,.F.);
#4278=ORIENTED_EDGE('',*,*,#3283,.F.);
#4279=ORIENTED_EDGE('',*,*,#3284,.F.);
#4280=ORIENTED_EDGE('',*,*,#3285,.F.);
#4281=ORIENTED_EDGE('',*,*,#3286,.F.);
#4282=ORIENTED_EDGE('',*,*,#3287,.F.);
#4283=ORIENTED_EDGE('',*,*,#3288,.F.);
#4284=ORIENTED_EDGE('',*,*,#3289,.F.);
#4285=ORIENTED_EDGE('',*,*,#3290,.F.);
#4286=ORIENTED_EDGE('',*,*,#3291,.F.);
#4287=ORIENTED_EDGE('',*,*,#3292,.F.);
#4288=ORIENTED_EDGE('',*,*,#3293,.F.);
#4289=ORIENTED_EDGE('',*,*,#3294,.F.);
#4290=ORIENTED_EDGE('',*,*,#3295,.F.);
#4291=ORIENTED_EDGE('',*,*,#3296,.F.);
#4292=ORIENTED_EDGE('',*,*,#3297,.F.);
#4293=ORIENTED_EDGE('',*,*,#3298,.F.);
#4294=ORIENTED_EDGE('',*,*,#3299,.F.);
#4295=ORIENTED_EDGE('',*,*,#3300,.F.);
#4296=ORIENTED_EDGE('',*,*,#3301,.F.);
#4297=ORIENTED_EDGE('',*,*,#3302,.F.);
#4298=ORIENTED_EDGE('',*,*,#3303,.F.);
#4299=ORIENTED_EDGE('',*,*,#3304,.F.);
#4300=ORIENTED_EDGE('',*,*,#3305,.F.);
#4301=ORIENTED_EDGE('',*,*,#3306,.F.);
#4302=ORIENTED_EDGE('',*,*,#3307,.F.);
#4303=ORIENTED_EDGE('',*,*,#3308,.F.);
#4304=ORIENTED_EDGE('',*,*,#3309,.F.);
#4305=ORIENTED_EDGE('',*,*,#3310,.F.);
#4306=ORIENTED_EDGE('',*,*,#3311,.F.);
#4307=ORIENTED_EDGE('',*,*,#3312,.F.);
#4308=ORIENTED_EDGE('',*,*,#3313,.F.);
#4309=ORIENTED_EDGE('',*,*,#3314,.F.);
#4310=ORIENTED_EDGE('',*,*,#3315,.F.);
#4311=ORIENTED_EDGE('',*,*,#3316,.F.);
#4312=ORIENTED_EDGE('',*,*,#3317,.F.);
#4313=ORIENTED_EDGE('',*,*,#3318,.F.);
#4314=ORIENTED_EDGE('',*,*,#3319,.F.);
#4315=ORIENTED_EDGE('',*,*,#3320,.F.);
#4316=ORIENTED_EDGE('',*,*,#3321,.F.);
#4317=ORIENTED_EDGE('',*,*,#3322,.F.);
#4318=ORIENTED_EDGE('',*,*,#3323,.F.);
#4319=ORIENTED_EDGE('',*,*,#3324,.F.);
#4320=ORIENTED_EDGE('',*,*,#3325,.F.);
#4321=ORIENTED_EDGE('',*,*,#3326,.F.);
#4322=ORIENTED_EDGE('',*,*,#3327,.F.);
#4323=ORIENTED_EDGE('',*,*,#3328,.F.);
#4324=ORIENTED_EDGE('',*,*,#3329,.F.);
#4325=ORIENTED_EDGE('',*,*,#3330,.F.);
#4326=ORIENTED_EDGE('',*,*,#3331,.F.);
#4327=ORIENTED_EDGE('',*,*,#3332,.F.);
#4328=ORIENTED_EDGE('',*,*,#3333,.F.);
#4329=ORIENTED_EDGE('',*,*,#3334,.F.);
#4330=ORIENTED_EDGE('',*,*,#3335,.F.);
#4331=ORIENTED_EDGE('',*,*,#3336,.F.);
#4332=ORIENTED_EDGE('',*,*,#3337,.F.);
#4333=ORIENTED_EDGE('',*,*,#3338,.F.);
#4334=ORIENTED_EDGE('',*,*,#3339,.F.);
#4335=ORIENTED_EDGE('',*,*,#3340,.F.);
#4336=ORIENTED_EDGE('',*,*,#3341,.F.);
#4337=ORIENTED_EDGE('',*,*,#3342,.F.);
#4338=ORIENTED_EDGE('',*,*,#3343,.F.);
#4339=ORIENTED_EDGE('',*,*,#3344,.F.);
#4340=ORIENTED_EDGE('',*,*,#3345,.F.);
#4341=ORIENTED_EDGE('',*,*,#3346,.F.);
#4342=ORIENTED_EDGE('',*,*,#3347,.F.);
#4343=ORIENTED_EDGE('',*,*,#3348,.F.);
#4344=ORIENTED_EDGE('',*,*,#3349,.F.);
#4345=ORIENTED_EDGE('',*,*,#3350,.F.);
#4346=ORIENTED_EDGE('',*,*,#3351,.F.);
#4347=ORIENTED_EDGE('',*,*,#3352,.F.);
#4348=ORIENTED_EDGE('',*,*,#3353,.F.);
#4349=ORIENTED_EDGE('',*,*,#3354,.F.);
#4350=ORIENTED_EDGE('',*,*,#3355,.F.);
#4351=ORIENTED_EDGE('',*,*,#3356,.F.);
#4352=ORIENTED_EDGE('',*,*,#3357,.F.);
#4353=ORIENTED_EDGE('',*,*,#3358,.F.);
#4354=ORIENTED_EDGE('',*,*,#3359,.F.);
#4355=ORIENTED_EDGE('',*,*,#3360,.F.);
#4356=ORIENTED_EDGE('',*,*,#3361,.F.);
#4357=ORIENTED_EDGE('',*,*,#3362,.F.);
#4358=ORIENTED_EDGE('',*,*,#3363,.F.);
#4359=ORIENTED_EDGE('',*,*,#3364,.F.);
#4360=ORIENTED_EDGE('',*,*,#3365,.F.);
#4361=ORIENTED_EDGE('',*,*,#3366,.F.);
#4362=ORIENTED_EDGE('',*,*,#3367,.F.);
#4363=ORIENTED_EDGE('',*,*,#3368,.F.);
#4364=ORIENTED_EDGE('',*,*,#3369,.F.);
#4365=ORIENTED_EDGE('',*,*,#3370,.F.);
#4366=ORIENTED_EDGE('',*,*,#3371,.F.);
#4367=ORIENTED_EDGE('',*,*,#3372,.F.);
#4368=ORIENTED_EDGE('',*,*,#3373,.F.);
#4369=ORIENTED_EDGE('',*,*,#3374,.F.);
#4370=ORIENTED_EDGE('',*,*,#3375,.F.);
#4371=ORIENTED_EDGE('',*,*,#3376,.F.);
#4372=ORIENTED_EDGE('',*,*,#3377,.F.);
#4373=ORIENTED_EDGE('',*,*,#3378,.F.);
#4374=ORIENTED_EDGE('',*,*,#3379,.F.);
#4375=ORIENTED_EDGE('',*,*,#3380,.F.);
#4376=ORIENTED_EDGE('',*,*,#3381,.F.);
#4377=ORIENTED_EDGE('',*,*,#3382,.F.);
#4378=ORIENTED_EDGE('',*,*,#3383,.F.);
#4379=ORIENTED_EDGE('',*,*,#3384,.F.);
#4380=ORIENTED_EDGE('',*,*,#3385,.F.);
#4381=ORIENTED_EDGE('',*,*,#3386,.F.);
#4382=ORIENTED_EDGE('',*,*,#3387,.F.);
#4383=ORIENTED_EDGE('',*,*,#3388,.F.);
#4384=ORIENTED_EDGE('',*,*,#3389,.F.);
#4385=ORIENTED_EDGE('',*,*,#3390,.F.);
#4386=ORIENTED_EDGE('',*,*,#3391,.F.);
#4387=ORIENTED_EDGE('',*,*,#3392,.F.);
#4388=ORIENTED_EDGE('',*,*,#3393,.F.);
#4389=ORIENTED_EDGE('',*,*,#3394,.F.);
#4390=ORIENTED_EDGE('',*,*,#3395,.F.);
#4391=ORIENTED_EDGE('',*,*,#3396,.F.);
#4392=ORIENTED_EDGE('',*,*,#3397,.F.);
#4393=ORIENTED_EDGE('',*,*,#3398,.F.);
#4394=ORIENTED_EDGE('',*,*,#3399,.F.);
#4395=ORIENTED_EDGE('',*,*,#3400,.F.);
#4396=ORIENTED_EDGE('',*,*,#3401,.F.);
#4397=ORIENTED_EDGE('',*,*,#3402,.F.);
#4398=ORIENTED_EDGE('',*,*,#3403,.F.);
#4399=ORIENTED_EDGE('',*,*,#3404,.F.);
#4400=ORIENTED_EDGE('',*,*,#3405,.F.);
#4401=ORIENTED_EDGE('',*,*,#3406,.F.);
#4402=ORIENTED_EDGE('',*,*,#3407,.F.);
#4403=ORIENTED_EDGE('',*,*,#3408,.F.);
#4404=ORIENTED_EDGE('',*,*,#3409,.F.);
#4405=ORIENTED_EDGE('',*,*,#3410,.F.);
#4406=ORIENTED_EDGE('',*,*,#3411,.F.);
#4407=ORIENTED_EDGE('',*,*,#3412,.F.);
#4408=ORIENTED_EDGE('',*,*,#3413,.F.);
#4409=ORIENTED_EDGE('',*,*,#3414,.F.);
#4410=ORIENTED_EDGE('',*,*,#3415,.F.);
#4411=ORIENTED_EDGE('',*,*,#3416,.F.);
#4412=ORIENTED_EDGE('',*,*,#3417,.F.);
#4413=ORIENTED_EDGE('',*,*,#3418,.F.);
#4414=ORIENTED_EDGE('',*,*,#3419,.F.);
#4415=ORIENTED_EDGE('',*,*,#3420,.F.);
#4416=ORIENTED_EDGE('',*,*,#3421,.F.);
#4417=ORIENTED_EDGE('',*,*,#3422,.F.);
#4418=ORIENTED_EDGE('',*,*,#3423,.F.);
#4419=ORIENTED_EDGE('',*,*,#3424,.F.);
#4420=ORIENTED_EDGE('',*,*,#3425,.F.);
#4421=ORIENTED_EDGE('',*,*,#3426,.F.);
#4422=ORIENTED_EDGE('',*,*,#3427,.F.);
#4423=ORIENTED_EDGE('',*,*,#3428,.F.);
#4424=ORIENTED_EDGE('',*,*,#3429,.F.);
#4425=ORIENTED_EDGE('',*,*,#3430,.F.);
#4426=ORIENTED_EDGE('',*,*,#3431,.F.);
#4427=ORIENTED_EDGE('',*,*,#3432,.F.);
#4428=ORIENTED_EDGE('',*,*,#3433,.F.);
#4429=ORIENTED_EDGE('',*,*,#3434,.F.);
#4430=ORIENTED_EDGE('',*,*,#3435,.F.);
#4431=ORIENTED_EDGE('',*,*,#3436,.F.);
#4432=ORIENTED_EDGE('',*,*,#3437,.F.);
#4433=ORIENTED_EDGE('',*,*,#3438,.F.);
#4434=ORIENTED_EDGE('',*,*,#3439,.F.);
#4435=ORIENTED_EDGE('',*,*,#3440,.F.);
#4436=ORIENTED_EDGE('',*,*,#3441,.F.);
#4437=ORIENTED_EDGE('',*,*,#3442,.F.);
#4438=ORIENTED_EDGE('',*,*,#3443,.F.);
#4439=ORIENTED_EDGE('',*,*,#3444,.F.);
#4440=ORIENTED_EDGE('',*,*,#3445,.F.);
#4441=ORIENTED_EDGE('',*,*,#3446,.F.);
#4442=ORIENTED_EDGE('',*,*,#3447,.F.);
#4443=ORIENTED_EDGE('',*,*,#3448,.F.);
#4444=ORIENTED_EDGE('',*,*,#3449,.F.);
#4445=ORIENTED_EDGE('',*,*,#3450,.F.);
#4446=ORIENTED_EDGE('',*,*,#3451,.F.);
#4447=ORIENTED_EDGE('',*,*,#3452,.F.);
#4448=ORIENTED_EDGE('',*,*,#3453,.F.);
#4449=ORIENTED_EDGE('',*,*,#3454,.F.);
#4450=ORIENTED_EDGE('',*,*,#3455,.F.);
#4451=ORIENTED_EDGE('',*,*,#3456,.F.);
#4452=ORIENTED_EDGE('',*,*,#3457,.F.);
#4453=ORIENTED_EDGE('',*,*,#3458,.F.);
#4454=ORIENTED_EDGE('',*,*,#3459,.F.);
#4455=ORIENTED_EDGE('',*,*,#3460,.F.);
#4456=ORIENTED_EDGE('',*,*,#3461,.F.);
#4457=ORIENTED_EDGE('',*,*,#3462,.F.);
#4458=ORIENTED_EDGE('',*,*,#3463,.F.);
#4459=ORIENTED_EDGE('',*,*,#3464,.F.);
#4460=ORIENTED_EDGE('',*,*,#3465,.F.);
#4461=ORIENTED_EDGE('',*,*,#3466,.F.);
#4462=ORIENTED_EDGE('',*,*,#3467,.F.);
#4463=ORIENTED_EDGE('',*,*,#3468,.F.);
#4464=ORIENTED_EDGE('',*,*,#3469,.F.);
#4465=ORIENTED_EDGE('',*,*,#3470,.F.);
#4466=ORIENTED_EDGE('',*,*,#3471,.F.);
#4467=ORIENTED_EDGE('',*,*,#3472,.F.);
#4468=ORIENTED_EDGE('',*,*,#3473,.F.);
#4469=ORIENTED_EDGE('',*,*,#3474,.F.);
#4470=ORIENTED_EDGE('',*,*,#3475,.F.);
#4471=ORIENTED_EDGE('',*,*,#3476,.F.);
#4472=ORIENTED_EDGE('',*,*,#3477,.F.);
#4473=ORIENTED_EDGE('',*,*,#3478,.F.);
#4474=ORIENTED_EDGE('',*,*,#3479,.F.);
#4475=ORIENTED_EDGE('',*,*,#3480,.F.);
#4476=ORIENTED_EDGE('',*,*,#3481,.F.);
#4477=ORIENTED_EDGE('',*,*,#3482,.F.);
#4478=ORIENTED_EDGE('',*,*,#3483,.F.);
#4479=ORIENTED_EDGE('',*,*,#3484,.F.);
#4480=ORIENTED_EDGE('',*,*,#3485,.F.);
#4481=ORIENTED_EDGE('',*,*,#3486,.F.);
#4482=ORIENTED_EDGE('',*,*,#3487,.F.);
#4483=ORIENTED_EDGE('',*,*,#3488,.F.);
#4484=ORIENTED_EDGE('',*,*,#3489,.F.);
#4485=ORIENTED_EDGE('',*,*,#3490,.F.);
#4486=ORIENTED_EDGE('',*,*,#3491,.F.);
#4487=ORIENTED_EDGE('',*,*,#3492,.F.);
#4488=ORIENTED_EDGE('',*,*,#3493,.F.);
#4489=ORIENTED_EDGE('',*,*,#3494,.F.);
#4490=ORIENTED_EDGE('',*,*,#3495,.F.);
#4491=ORIENTED_EDGE('',*,*,#3496,.F.);
#4492=ORIENTED_EDGE('',*,*,#3497,.F.);
#4493=ORIENTED_EDGE('',*,*,#3498,.F.);
#4494=ORIENTED_EDGE('',*,*,#3499,.F.);
#4495=ORIENTED_EDGE('',*,*,#3500,.F.);
#4496=ORIENTED_EDGE('',*,*,#3501,.F.);
#4497=ORIENTED_EDGE('',*,*,#3502,.F.);
#4498=ORIENTED_EDGE('',*,*,#3503,.F.);
#4499=ORIENTED_EDGE('',*,*,#3504,.F.);
#4500=ORIENTED_EDGE('',*,*,#3505,.F.);
#4501=ORIENTED_EDGE('',*,*,#3506,.F.);
#4502=ORIENTED_EDGE('',*,*,#3507,.F.);
#4503=ORIENTED_EDGE('',*,*,#3508,.F.);
#4504=ORIENTED_EDGE('',*,*,#3509,.F.);
#4505=ORIENTED_EDGE('',*,*,#3510,.F.);
#4506=ORIENTED_EDGE('',*,*,#3511,.F.);
#4507=ORIENTED_EDGE('',*,*,#3512,.F.);
#4508=ORIENTED_EDGE('',*,*,#3513,.F.);
#4509=ORIENTED_EDGE('',*,*,#3514,.F.);
#4510=ORIENTED_EDGE('',*,*,#3515,.F.);
#4511=ORIENTED_EDGE('',*,*,#3264,.T.);
#4512=ORIENTED_EDGE('',*,*,#3516,.T.);
#4513=ORIENTED_EDGE('',*,*,#3517,.F.);
#4514=ORIENTED_EDGE('',*,*,#3518,.F.);
#4515=ORIENTED_EDGE('',*,*,#3265,.T.);
#4516=ORIENTED_EDGE('',*,*,#3518,.T.);
#4517=ORIENTED_EDGE('',*,*,#3519,.F.);
#4518=ORIENTED_EDGE('',*,*,#3520,.F.);
#4519=ORIENTED_EDGE('',*,*,#3266,.T.);
#4520=ORIENTED_EDGE('',*,*,#3520,.T.);
#4521=ORIENTED_EDGE('',*,*,#3521,.F.);
#4522=ORIENTED_EDGE('',*,*,#3522,.F.);
#4523=ORIENTED_EDGE('',*,*,#3267,.T.);
#4524=ORIENTED_EDGE('',*,*,#3522,.T.);
#4525=ORIENTED_EDGE('',*,*,#3523,.F.);
#4526=ORIENTED_EDGE('',*,*,#3524,.F.);
#4527=ORIENTED_EDGE('',*,*,#3268,.T.);
#4528=ORIENTED_EDGE('',*,*,#3524,.T.);
#4529=ORIENTED_EDGE('',*,*,#3525,.F.);
#4530=ORIENTED_EDGE('',*,*,#3526,.F.);
#4531=ORIENTED_EDGE('',*,*,#3269,.T.);
#4532=ORIENTED_EDGE('',*,*,#3526,.T.);
#4533=ORIENTED_EDGE('',*,*,#3527,.F.);
#4534=ORIENTED_EDGE('',*,*,#3528,.F.);
#4535=ORIENTED_EDGE('',*,*,#3270,.T.);
#4536=ORIENTED_EDGE('',*,*,#3528,.T.);
#4537=ORIENTED_EDGE('',*,*,#3529,.F.);
#4538=ORIENTED_EDGE('',*,*,#3530,.F.);
#4539=ORIENTED_EDGE('',*,*,#3271,.T.);
#4540=ORIENTED_EDGE('',*,*,#3530,.T.);
#4541=ORIENTED_EDGE('',*,*,#3531,.F.);
#4542=ORIENTED_EDGE('',*,*,#3532,.F.);
#4543=ORIENTED_EDGE('',*,*,#3272,.T.);
#4544=ORIENTED_EDGE('',*,*,#3532,.T.);
#4545=ORIENTED_EDGE('',*,*,#3533,.F.);
#4546=ORIENTED_EDGE('',*,*,#3534,.F.);
#4547=ORIENTED_EDGE('',*,*,#3273,.T.);
#4548=ORIENTED_EDGE('',*,*,#3534,.T.);
#4549=ORIENTED_EDGE('',*,*,#3535,.F.);
#4550=ORIENTED_EDGE('',*,*,#3536,.F.);
#4551=ORIENTED_EDGE('',*,*,#3274,.T.);
#4552=ORIENTED_EDGE('',*,*,#3536,.T.);
#4553=ORIENTED_EDGE('',*,*,#3537,.F.);
#4554=ORIENTED_EDGE('',*,*,#3538,.F.);
#4555=ORIENTED_EDGE('',*,*,#3263,.T.);
#4556=ORIENTED_EDGE('',*,*,#3538,.T.);
#4557=ORIENTED_EDGE('',*,*,#3539,.F.);
#4558=ORIENTED_EDGE('',*,*,#3516,.F.);
#4559=ORIENTED_EDGE('',*,*,#3238,.T.);
#4560=ORIENTED_EDGE('',*,*,#3540,.T.);
#4561=ORIENTED_EDGE('',*,*,#3541,.F.);
#4562=ORIENTED_EDGE('',*,*,#3542,.F.);
#4563=ORIENTED_EDGE('',*,*,#3239,.T.);
#4564=ORIENTED_EDGE('',*,*,#3542,.T.);
#4565=ORIENTED_EDGE('',*,*,#3543,.F.);
#4566=ORIENTED_EDGE('',*,*,#3544,.F.);
#4567=ORIENTED_EDGE('',*,*,#3240,.T.);
#4568=ORIENTED_EDGE('',*,*,#3544,.T.);
#4569=ORIENTED_EDGE('',*,*,#3545,.F.);
#4570=ORIENTED_EDGE('',*,*,#3546,.F.);
#4571=ORIENTED_EDGE('',*,*,#3241,.T.);
#4572=ORIENTED_EDGE('',*,*,#3546,.T.);
#4573=ORIENTED_EDGE('',*,*,#3547,.F.);
#4574=ORIENTED_EDGE('',*,*,#3548,.F.);
#4575=ORIENTED_EDGE('',*,*,#3242,.F.);
#4576=ORIENTED_EDGE('',*,*,#3548,.T.);
#4577=ORIENTED_EDGE('',*,*,#3549,.F.);
#4578=ORIENTED_EDGE('',*,*,#3228,.F.);
#4579=ORIENTED_EDGE('',*,*,#3236,.T.);
#4580=ORIENTED_EDGE('',*,*,#3232,.F.);
#4581=ORIENTED_EDGE('',*,*,#3550,.F.);
#4582=ORIENTED_EDGE('',*,*,#3551,.F.);
#4583=ORIENTED_EDGE('',*,*,#3237,.T.);
#4584=ORIENTED_EDGE('',*,*,#3551,.T.);
#4585=ORIENTED_EDGE('',*,*,#3552,.F.);
#4586=ORIENTED_EDGE('',*,*,#3540,.F.);
#4587=ORIENTED_EDGE('',*,*,#3276,.T.);
#4588=ORIENTED_EDGE('',*,*,#3553,.T.);
#4589=ORIENTED_EDGE('',*,*,#3554,.F.);
#4590=ORIENTED_EDGE('',*,*,#3555,.F.);
#4591=ORIENTED_EDGE('',*,*,#3277,.T.);
#4592=ORIENTED_EDGE('',*,*,#3555,.T.);
#4593=ORIENTED_EDGE('',*,*,#3556,.F.);
#4594=ORIENTED_EDGE('',*,*,#3557,.F.);
#4595=ORIENTED_EDGE('',*,*,#3278,.T.);
#4596=ORIENTED_EDGE('',*,*,#3557,.T.);
#4597=ORIENTED_EDGE('',*,*,#3558,.F.);
#4598=ORIENTED_EDGE('',*,*,#3559,.F.);
#4599=ORIENTED_EDGE('',*,*,#3279,.T.);
#4600=ORIENTED_EDGE('',*,*,#3559,.T.);
#4601=ORIENTED_EDGE('',*,*,#3560,.F.);
#4602=ORIENTED_EDGE('',*,*,#3561,.F.);
#4603=ORIENTED_EDGE('',*,*,#3280,.T.);
#4604=ORIENTED_EDGE('',*,*,#3561,.T.);
#4605=ORIENTED_EDGE('',*,*,#3562,.F.);
#4606=ORIENTED_EDGE('',*,*,#3563,.F.);
#4607=ORIENTED_EDGE('',*,*,#3275,.T.);
#4608=ORIENTED_EDGE('',*,*,#3563,.T.);
#4609=ORIENTED_EDGE('',*,*,#3564,.F.);
#4610=ORIENTED_EDGE('',*,*,#3553,.F.);
#4611=ORIENTED_EDGE('',*,*,#3282,.T.);
#4612=ORIENTED_EDGE('',*,*,#3565,.T.);
#4613=ORIENTED_EDGE('',*,*,#3566,.F.);
#4614=ORIENTED_EDGE('',*,*,#3567,.F.);
#4615=ORIENTED_EDGE('',*,*,#3283,.T.);
#4616=ORIENTED_EDGE('',*,*,#3567,.T.);
#4617=ORIENTED_EDGE('',*,*,#3568,.F.);
#4618=ORIENTED_EDGE('',*,*,#3569,.F.);
#4619=ORIENTED_EDGE('',*,*,#3284,.T.);
#4620=ORIENTED_EDGE('',*,*,#3569,.T.);
#4621=ORIENTED_EDGE('',*,*,#3570,.F.);
#4622=ORIENTED_EDGE('',*,*,#3571,.F.);
#4623=ORIENTED_EDGE('',*,*,#3285,.T.);
#4624=ORIENTED_EDGE('',*,*,#3571,.T.);
#4625=ORIENTED_EDGE('',*,*,#3572,.F.);
#4626=ORIENTED_EDGE('',*,*,#3573,.F.);
#4627=ORIENTED_EDGE('',*,*,#3281,.T.);
#4628=ORIENTED_EDGE('',*,*,#3573,.T.);
#4629=ORIENTED_EDGE('',*,*,#3574,.F.);
#4630=ORIENTED_EDGE('',*,*,#3565,.F.);
#4631=ORIENTED_EDGE('',*,*,#3287,.T.);
#4632=ORIENTED_EDGE('',*,*,#3575,.T.);
#4633=ORIENTED_EDGE('',*,*,#3576,.F.);
#4634=ORIENTED_EDGE('',*,*,#3577,.F.);
#4635=ORIENTED_EDGE('',*,*,#3288,.T.);
#4636=ORIENTED_EDGE('',*,*,#3577,.T.);
#4637=ORIENTED_EDGE('',*,*,#3578,.F.);
#4638=ORIENTED_EDGE('',*,*,#3579,.F.);
#4639=ORIENTED_EDGE('',*,*,#3289,.T.);
#4640=ORIENTED_EDGE('',*,*,#3579,.T.);
#4641=ORIENTED_EDGE('',*,*,#3580,.F.);
#4642=ORIENTED_EDGE('',*,*,#3581,.F.);
#4643=ORIENTED_EDGE('',*,*,#3290,.T.);
#4644=ORIENTED_EDGE('',*,*,#3581,.T.);
#4645=ORIENTED_EDGE('',*,*,#3582,.F.);
#4646=ORIENTED_EDGE('',*,*,#3583,.F.);
#4647=ORIENTED_EDGE('',*,*,#3291,.T.);
#4648=ORIENTED_EDGE('',*,*,#3583,.T.);
#4649=ORIENTED_EDGE('',*,*,#3584,.F.);
#4650=ORIENTED_EDGE('',*,*,#3585,.F.);
#4651=ORIENTED_EDGE('',*,*,#3286,.T.);
#4652=ORIENTED_EDGE('',*,*,#3585,.T.);
#4653=ORIENTED_EDGE('',*,*,#3586,.F.);
#4654=ORIENTED_EDGE('',*,*,#3575,.F.);
#4655=ORIENTED_EDGE('',*,*,#3293,.T.);
#4656=ORIENTED_EDGE('',*,*,#3587,.T.);
#4657=ORIENTED_EDGE('',*,*,#3588,.F.);
#4658=ORIENTED_EDGE('',*,*,#3589,.F.);
#4659=ORIENTED_EDGE('',*,*,#3294,.T.);
#4660=ORIENTED_EDGE('',*,*,#3589,.T.);
#4661=ORIENTED_EDGE('',*,*,#3590,.F.);
#4662=ORIENTED_EDGE('',*,*,#3591,.F.);
#4663=ORIENTED_EDGE('',*,*,#3295,.T.);
#4664=ORIENTED_EDGE('',*,*,#3591,.T.);
#4665=ORIENTED_EDGE('',*,*,#3592,.F.);
#4666=ORIENTED_EDGE('',*,*,#3593,.F.);
#4667=ORIENTED_EDGE('',*,*,#3296,.T.);
#4668=ORIENTED_EDGE('',*,*,#3593,.T.);
#4669=ORIENTED_EDGE('',*,*,#3594,.F.);
#4670=ORIENTED_EDGE('',*,*,#3595,.F.);
#4671=ORIENTED_EDGE('',*,*,#3297,.T.);
#4672=ORIENTED_EDGE('',*,*,#3595,.T.);
#4673=ORIENTED_EDGE('',*,*,#3596,.F.);
#4674=ORIENTED_EDGE('',*,*,#3597,.F.);
#4675=ORIENTED_EDGE('',*,*,#3292,.T.);
#4676=ORIENTED_EDGE('',*,*,#3597,.T.);
#4677=ORIENTED_EDGE('',*,*,#3598,.F.);
#4678=ORIENTED_EDGE('',*,*,#3587,.F.);
#4679=ORIENTED_EDGE('',*,*,#3299,.T.);
#4680=ORIENTED_EDGE('',*,*,#3599,.T.);
#4681=ORIENTED_EDGE('',*,*,#3600,.F.);
#4682=ORIENTED_EDGE('',*,*,#3601,.F.);
#4683=ORIENTED_EDGE('',*,*,#3300,.T.);
#4684=ORIENTED_EDGE('',*,*,#3601,.T.);
#4685=ORIENTED_EDGE('',*,*,#3602,.F.);
#4686=ORIENTED_EDGE('',*,*,#3603,.F.);
#4687=ORIENTED_EDGE('',*,*,#3301,.T.);
#4688=ORIENTED_EDGE('',*,*,#3603,.T.);
#4689=ORIENTED_EDGE('',*,*,#3604,.F.);
#4690=ORIENTED_EDGE('',*,*,#3605,.F.);
#4691=ORIENTED_EDGE('',*,*,#3302,.T.);
#4692=ORIENTED_EDGE('',*,*,#3605,.T.);
#4693=ORIENTED_EDGE('',*,*,#3606,.F.);
#4694=ORIENTED_EDGE('',*,*,#3607,.F.);
#4695=ORIENTED_EDGE('',*,*,#3303,.T.);
#4696=ORIENTED_EDGE('',*,*,#3607,.T.);
#4697=ORIENTED_EDGE('',*,*,#3608,.F.);
#4698=ORIENTED_EDGE('',*,*,#3609,.F.);
#4699=ORIENTED_EDGE('',*,*,#3298,.T.);
#4700=ORIENTED_EDGE('',*,*,#3609,.T.);
#4701=ORIENTED_EDGE('',*,*,#3610,.F.);
#4702=ORIENTED_EDGE('',*,*,#3599,.F.);
#4703=ORIENTED_EDGE('',*,*,#3305,.T.);
#4704=ORIENTED_EDGE('',*,*,#3611,.T.);
#4705=ORIENTED_EDGE('',*,*,#3612,.F.);
#4706=ORIENTED_EDGE('',*,*,#3613,.F.);
#4707=ORIENTED_EDGE('',*,*,#3306,.T.);
#4708=ORIENTED_EDGE('',*,*,#3613,.T.);
#4709=ORIENTED_EDGE('',*,*,#3614,.F.);
#4710=ORIENTED_EDGE('',*,*,#3615,.F.);
#4711=ORIENTED_EDGE('',*,*,#3307,.T.);
#4712=ORIENTED_EDGE('',*,*,#3615,.T.);
#4713=ORIENTED_EDGE('',*,*,#3616,.F.);
#4714=ORIENTED_EDGE('',*,*,#3617,.F.);
#4715=ORIENTED_EDGE('',*,*,#3308,.T.);
#4716=ORIENTED_EDGE('',*,*,#3617,.T.);
#4717=ORIENTED_EDGE('',*,*,#3618,.F.);
#4718=ORIENTED_EDGE('',*,*,#3619,.F.);
#4719=ORIENTED_EDGE('',*,*,#3309,.T.);
#4720=ORIENTED_EDGE('',*,*,#3619,.T.);
#4721=ORIENTED_EDGE('',*,*,#3620,.F.);
#4722=ORIENTED_EDGE('',*,*,#3621,.F.);
#4723=ORIENTED_EDGE('',*,*,#3310,.T.);
#4724=ORIENTED_EDGE('',*,*,#3621,.T.);
#4725=ORIENTED_EDGE('',*,*,#3622,.F.);
#4726=ORIENTED_EDGE('',*,*,#3623,.F.);
#4727=ORIENTED_EDGE('',*,*,#3311,.T.);
#4728=ORIENTED_EDGE('',*,*,#3623,.T.);
#4729=ORIENTED_EDGE('',*,*,#3624,.F.);
#4730=ORIENTED_EDGE('',*,*,#3625,.F.);
#4731=ORIENTED_EDGE('',*,*,#3304,.T.);
#4732=ORIENTED_EDGE('',*,*,#3625,.T.);
#4733=ORIENTED_EDGE('',*,*,#3626,.F.);
#4734=ORIENTED_EDGE('',*,*,#3611,.F.);
#4735=ORIENTED_EDGE('',*,*,#3313,.T.);
#4736=ORIENTED_EDGE('',*,*,#3627,.T.);
#4737=ORIENTED_EDGE('',*,*,#3628,.F.);
#4738=ORIENTED_EDGE('',*,*,#3629,.F.);
#4739=ORIENTED_EDGE('',*,*,#3314,.T.);
#4740=ORIENTED_EDGE('',*,*,#3629,.T.);
#4741=ORIENTED_EDGE('',*,*,#3630,.F.);
#4742=ORIENTED_EDGE('',*,*,#3631,.F.);
#4743=ORIENTED_EDGE('',*,*,#3315,.T.);
#4744=ORIENTED_EDGE('',*,*,#3631,.T.);
#4745=ORIENTED_EDGE('',*,*,#3632,.F.);
#4746=ORIENTED_EDGE('',*,*,#3633,.F.);
#4747=ORIENTED_EDGE('',*,*,#3312,.T.);
#4748=ORIENTED_EDGE('',*,*,#3633,.T.);
#4749=ORIENTED_EDGE('',*,*,#3634,.F.);
#4750=ORIENTED_EDGE('',*,*,#3627,.F.);
#4751=ORIENTED_EDGE('',*,*,#3317,.T.);
#4752=ORIENTED_EDGE('',*,*,#3635,.T.);
#4753=ORIENTED_EDGE('',*,*,#3636,.F.);
#4754=ORIENTED_EDGE('',*,*,#3637,.F.);
#4755=ORIENTED_EDGE('',*,*,#3318,.T.);
#4756=ORIENTED_EDGE('',*,*,#3637,.T.);
#4757=ORIENTED_EDGE('',*,*,#3638,.F.);
#4758=ORIENTED_EDGE('',*,*,#3639,.F.);
#4759=ORIENTED_EDGE('',*,*,#3319,.T.);
#4760=ORIENTED_EDGE('',*,*,#3639,.T.);
#4761=ORIENTED_EDGE('',*,*,#3640,.F.);
#4762=ORIENTED_EDGE('',*,*,#3641,.F.);
#4763=ORIENTED_EDGE('',*,*,#3320,.T.);
#4764=ORIENTED_EDGE('',*,*,#3641,.T.);
#4765=ORIENTED_EDGE('',*,*,#3642,.F.);
#4766=ORIENTED_EDGE('',*,*,#3643,.F.);
#4767=ORIENTED_EDGE('',*,*,#3321,.T.);
#4768=ORIENTED_EDGE('',*,*,#3643,.T.);
#4769=ORIENTED_EDGE('',*,*,#3644,.F.);
#4770=ORIENTED_EDGE('',*,*,#3645,.F.);
#4771=ORIENTED_EDGE('',*,*,#3316,.T.);
#4772=ORIENTED_EDGE('',*,*,#3645,.T.);
#4773=ORIENTED_EDGE('',*,*,#3646,.F.);
#4774=ORIENTED_EDGE('',*,*,#3635,.F.);
#4775=ORIENTED_EDGE('',*,*,#3323,.T.);
#4776=ORIENTED_EDGE('',*,*,#3647,.T.);
#4777=ORIENTED_EDGE('',*,*,#3648,.F.);
#4778=ORIENTED_EDGE('',*,*,#3649,.F.);
#4779=ORIENTED_EDGE('',*,*,#3324,.T.);
#4780=ORIENTED_EDGE('',*,*,#3649,.T.);
#4781=ORIENTED_EDGE('',*,*,#3650,.F.);
#4782=ORIENTED_EDGE('',*,*,#3651,.F.);
#4783=ORIENTED_EDGE('',*,*,#3325,.T.);
#4784=ORIENTED_EDGE('',*,*,#3651,.T.);
#4785=ORIENTED_EDGE('',*,*,#3652,.F.);
#4786=ORIENTED_EDGE('',*,*,#3653,.F.);
#4787=ORIENTED_EDGE('',*,*,#3326,.T.);
#4788=ORIENTED_EDGE('',*,*,#3653,.T.);
#4789=ORIENTED_EDGE('',*,*,#3654,.F.);
#4790=ORIENTED_EDGE('',*,*,#3655,.F.);
#4791=ORIENTED_EDGE('',*,*,#3327,.T.);
#4792=ORIENTED_EDGE('',*,*,#3655,.T.);
#4793=ORIENTED_EDGE('',*,*,#3656,.F.);
#4794=ORIENTED_EDGE('',*,*,#3657,.F.);
#4795=ORIENTED_EDGE('',*,*,#3322,.T.);
#4796=ORIENTED_EDGE('',*,*,#3657,.T.);
#4797=ORIENTED_EDGE('',*,*,#3658,.F.);
#4798=ORIENTED_EDGE('',*,*,#3647,.F.);
#4799=ORIENTED_EDGE('',*,*,#3329,.T.);
#4800=ORIENTED_EDGE('',*,*,#3659,.T.);
#4801=ORIENTED_EDGE('',*,*,#3660,.F.);
#4802=ORIENTED_EDGE('',*,*,#3661,.F.);
#4803=ORIENTED_EDGE('',*,*,#3330,.T.);
#4804=ORIENTED_EDGE('',*,*,#3661,.T.);
#4805=ORIENTED_EDGE('',*,*,#3662,.F.);
#4806=ORIENTED_EDGE('',*,*,#3663,.F.);
#4807=ORIENTED_EDGE('',*,*,#3331,.T.);
#4808=ORIENTED_EDGE('',*,*,#3663,.T.);
#4809=ORIENTED_EDGE('',*,*,#3664,.F.);
#4810=ORIENTED_EDGE('',*,*,#3665,.F.);
#4811=ORIENTED_EDGE('',*,*,#3332,.T.);
#4812=ORIENTED_EDGE('',*,*,#3665,.T.);
#4813=ORIENTED_EDGE('',*,*,#3666,.F.);
#4814=ORIENTED_EDGE('',*,*,#3667,.F.);
#4815=ORIENTED_EDGE('',*,*,#3333,.T.);
#4816=ORIENTED_EDGE('',*,*,#3667,.T.);
#4817=ORIENTED_EDGE('',*,*,#3668,.F.);
#4818=ORIENTED_EDGE('',*,*,#3669,.F.);
#4819=ORIENTED_EDGE('',*,*,#3334,.T.);
#4820=ORIENTED_EDGE('',*,*,#3669,.T.);
#4821=ORIENTED_EDGE('',*,*,#3670,.F.);
#4822=ORIENTED_EDGE('',*,*,#3671,.F.);
#4823=ORIENTED_EDGE('',*,*,#3335,.T.);
#4824=ORIENTED_EDGE('',*,*,#3671,.T.);
#4825=ORIENTED_EDGE('',*,*,#3672,.F.);
#4826=ORIENTED_EDGE('',*,*,#3673,.F.);
#4827=ORIENTED_EDGE('',*,*,#3336,.T.);
#4828=ORIENTED_EDGE('',*,*,#3673,.T.);
#4829=ORIENTED_EDGE('',*,*,#3674,.F.);
#4830=ORIENTED_EDGE('',*,*,#3675,.F.);
#4831=ORIENTED_EDGE('',*,*,#3337,.T.);
#4832=ORIENTED_EDGE('',*,*,#3675,.T.);
#4833=ORIENTED_EDGE('',*,*,#3676,.F.);
#4834=ORIENTED_EDGE('',*,*,#3677,.F.);
#4835=ORIENTED_EDGE('',*,*,#3338,.T.);
#4836=ORIENTED_EDGE('',*,*,#3677,.T.);
#4837=ORIENTED_EDGE('',*,*,#3678,.F.);
#4838=ORIENTED_EDGE('',*,*,#3679,.F.);
#4839=ORIENTED_EDGE('',*,*,#3339,.T.);
#4840=ORIENTED_EDGE('',*,*,#3679,.T.);
#4841=ORIENTED_EDGE('',*,*,#3680,.F.);
#4842=ORIENTED_EDGE('',*,*,#3681,.F.);
#4843=ORIENTED_EDGE('',*,*,#3328,.T.);
#4844=ORIENTED_EDGE('',*,*,#3681,.T.);
#4845=ORIENTED_EDGE('',*,*,#3682,.F.);
#4846=ORIENTED_EDGE('',*,*,#3659,.F.);
#4847=ORIENTED_EDGE('',*,*,#3341,.T.);
#4848=ORIENTED_EDGE('',*,*,#3683,.T.);
#4849=ORIENTED_EDGE('',*,*,#3684,.F.);
#4850=ORIENTED_EDGE('',*,*,#3685,.F.);
#4851=ORIENTED_EDGE('',*,*,#3342,.T.);
#4852=ORIENTED_EDGE('',*,*,#3685,.T.);
#4853=ORIENTED_EDGE('',*,*,#3686,.F.);
#4854=ORIENTED_EDGE('',*,*,#3687,.F.);
#4855=ORIENTED_EDGE('',*,*,#3343,.T.);
#4856=ORIENTED_EDGE('',*,*,#3687,.T.);
#4857=ORIENTED_EDGE('',*,*,#3688,.F.);
#4858=ORIENTED_EDGE('',*,*,#3689,.F.);
#4859=ORIENTED_EDGE('',*,*,#3344,.T.);
#4860=ORIENTED_EDGE('',*,*,#3689,.T.);
#4861=ORIENTED_EDGE('',*,*,#3690,.F.);
#4862=ORIENTED_EDGE('',*,*,#3691,.F.);
#4863=ORIENTED_EDGE('',*,*,#3345,.T.);
#4864=ORIENTED_EDGE('',*,*,#3691,.T.);
#4865=ORIENTED_EDGE('',*,*,#3692,.F.);
#4866=ORIENTED_EDGE('',*,*,#3693,.F.);
#4867=ORIENTED_EDGE('',*,*,#3346,.T.);
#4868=ORIENTED_EDGE('',*,*,#3693,.T.);
#4869=ORIENTED_EDGE('',*,*,#3694,.F.);
#4870=ORIENTED_EDGE('',*,*,#3695,.F.);
#4871=ORIENTED_EDGE('',*,*,#3347,.T.);
#4872=ORIENTED_EDGE('',*,*,#3695,.T.);
#4873=ORIENTED_EDGE('',*,*,#3696,.F.);
#4874=ORIENTED_EDGE('',*,*,#3697,.F.);
#4875=ORIENTED_EDGE('',*,*,#3348,.T.);
#4876=ORIENTED_EDGE('',*,*,#3697,.T.);
#4877=ORIENTED_EDGE('',*,*,#3698,.F.);
#4878=ORIENTED_EDGE('',*,*,#3699,.F.);
#4879=ORIENTED_EDGE('',*,*,#3349,.T.);
#4880=ORIENTED_EDGE('',*,*,#3699,.T.);
#4881=ORIENTED_EDGE('',*,*,#3700,.F.);
#4882=ORIENTED_EDGE('',*,*,#3701,.F.);
#4883=ORIENTED_EDGE('',*,*,#3350,.T.);
#4884=ORIENTED_EDGE('',*,*,#3701,.T.);
#4885=ORIENTED_EDGE('',*,*,#3702,.F.);
#4886=ORIENTED_EDGE('',*,*,#3703,.F.);
#4887=ORIENTED_EDGE('',*,*,#3351,.T.);
#4888=ORIENTED_EDGE('',*,*,#3703,.T.);
#4889=ORIENTED_EDGE('',*,*,#3704,.F.);
#4890=ORIENTED_EDGE('',*,*,#3705,.F.);
#4891=ORIENTED_EDGE('',*,*,#3340,.T.);
#4892=ORIENTED_EDGE('',*,*,#3705,.T.);
#4893=ORIENTED_EDGE('',*,*,#3706,.F.);
#4894=ORIENTED_EDGE('',*,*,#3683,.F.);
#4895=ORIENTED_EDGE('',*,*,#3353,.T.);
#4896=ORIENTED_EDGE('',*,*,#3707,.T.);
#4897=ORIENTED_EDGE('',*,*,#3708,.F.);
#4898=ORIENTED_EDGE('',*,*,#3709,.F.);
#4899=ORIENTED_EDGE('',*,*,#3354,.T.);
#4900=ORIENTED_EDGE('',*,*,#3709,.T.);
#4901=ORIENTED_EDGE('',*,*,#3710,.F.);
#4902=ORIENTED_EDGE('',*,*,#3711,.F.);
#4903=ORIENTED_EDGE('',*,*,#3355,.T.);
#4904=ORIENTED_EDGE('',*,*,#3711,.T.);
#4905=ORIENTED_EDGE('',*,*,#3712,.F.);
#4906=ORIENTED_EDGE('',*,*,#3713,.F.);
#4907=ORIENTED_EDGE('',*,*,#3356,.T.);
#4908=ORIENTED_EDGE('',*,*,#3713,.T.);
#4909=ORIENTED_EDGE('',*,*,#3714,.F.);
#4910=ORIENTED_EDGE('',*,*,#3715,.F.);
#4911=ORIENTED_EDGE('',*,*,#3357,.T.);
#4912=ORIENTED_EDGE('',*,*,#3715,.T.);
#4913=ORIENTED_EDGE('',*,*,#3716,.F.);
#4914=ORIENTED_EDGE('',*,*,#3717,.F.);
#4915=ORIENTED_EDGE('',*,*,#3358,.T.);
#4916=ORIENTED_EDGE('',*,*,#3717,.T.);
#4917=ORIENTED_EDGE('',*,*,#3718,.F.);
#4918=ORIENTED_EDGE('',*,*,#3719,.F.);
#4919=ORIENTED_EDGE('',*,*,#3359,.T.);
#4920=ORIENTED_EDGE('',*,*,#3719,.T.);
#4921=ORIENTED_EDGE('',*,*,#3720,.F.);
#4922=ORIENTED_EDGE('',*,*,#3721,.F.);
#4923=ORIENTED_EDGE('',*,*,#3360,.T.);
#4924=ORIENTED_EDGE('',*,*,#3721,.T.);
#4925=ORIENTED_EDGE('',*,*,#3722,.F.);
#4926=ORIENTED_EDGE('',*,*,#3723,.F.);
#4927=ORIENTED_EDGE('',*,*,#3361,.T.);
#4928=ORIENTED_EDGE('',*,*,#3723,.T.);
#4929=ORIENTED_EDGE('',*,*,#3724,.F.);
#4930=ORIENTED_EDGE('',*,*,#3725,.F.);
#4931=ORIENTED_EDGE('',*,*,#3362,.T.);
#4932=ORIENTED_EDGE('',*,*,#3725,.T.);
#4933=ORIENTED_EDGE('',*,*,#3726,.F.);
#4934=ORIENTED_EDGE('',*,*,#3727,.F.);
#4935=ORIENTED_EDGE('',*,*,#3363,.T.);
#4936=ORIENTED_EDGE('',*,*,#3727,.T.);
#4937=ORIENTED_EDGE('',*,*,#3728,.F.);
#4938=ORIENTED_EDGE('',*,*,#3729,.F.);
#4939=ORIENTED_EDGE('',*,*,#3352,.T.);
#4940=ORIENTED_EDGE('',*,*,#3729,.T.);
#4941=ORIENTED_EDGE('',*,*,#3730,.F.);
#4942=ORIENTED_EDGE('',*,*,#3707,.F.);
#4943=ORIENTED_EDGE('',*,*,#3365,.T.);
#4944=ORIENTED_EDGE('',*,*,#3731,.T.);
#4945=ORIENTED_EDGE('',*,*,#3732,.F.);
#4946=ORIENTED_EDGE('',*,*,#3733,.F.);
#4947=ORIENTED_EDGE('',*,*,#3366,.T.);
#4948=ORIENTED_EDGE('',*,*,#3733,.T.);
#4949=ORIENTED_EDGE('',*,*,#3734,.F.);
#4950=ORIENTED_EDGE('',*,*,#3735,.F.);
#4951=ORIENTED_EDGE('',*,*,#3367,.T.);
#4952=ORIENTED_EDGE('',*,*,#3735,.T.);
#4953=ORIENTED_EDGE('',*,*,#3736,.F.);
#4954=ORIENTED_EDGE('',*,*,#3737,.F.);
#4955=ORIENTED_EDGE('',*,*,#3368,.T.);
#4956=ORIENTED_EDGE('',*,*,#3737,.T.);
#4957=ORIENTED_EDGE('',*,*,#3738,.F.);
#4958=ORIENTED_EDGE('',*,*,#3739,.F.);
#4959=ORIENTED_EDGE('',*,*,#3369,.T.);
#4960=ORIENTED_EDGE('',*,*,#3739,.T.);
#4961=ORIENTED_EDGE('',*,*,#3740,.F.);
#4962=ORIENTED_EDGE('',*,*,#3741,.F.);
#4963=ORIENTED_EDGE('',*,*,#3370,.T.);
#4964=ORIENTED_EDGE('',*,*,#3741,.T.);
#4965=ORIENTED_EDGE('',*,*,#3742,.F.);
#4966=ORIENTED_EDGE('',*,*,#3743,.F.);
#4967=ORIENTED_EDGE('',*,*,#3371,.T.);
#4968=ORIENTED_EDGE('',*,*,#3743,.T.);
#4969=ORIENTED_EDGE('',*,*,#3744,.F.);
#4970=ORIENTED_EDGE('',*,*,#3745,.F.);
#4971=ORIENTED_EDGE('',*,*,#3372,.T.);
#4972=ORIENTED_EDGE('',*,*,#3745,.T.);
#4973=ORIENTED_EDGE('',*,*,#3746,.F.);
#4974=ORIENTED_EDGE('',*,*,#3747,.F.);
#4975=ORIENTED_EDGE('',*,*,#3373,.T.);
#4976=ORIENTED_EDGE('',*,*,#3747,.T.);
#4977=ORIENTED_EDGE('',*,*,#3748,.F.);
#4978=ORIENTED_EDGE('',*,*,#3749,.F.);
#4979=ORIENTED_EDGE('',*,*,#3374,.T.);
#4980=ORIENTED_EDGE('',*,*,#3749,.T.);
#4981=ORIENTED_EDGE('',*,*,#3750,.F.);
#4982=ORIENTED_EDGE('',*,*,#3751,.F.);
#4983=ORIENTED_EDGE('',*,*,#3375,.T.);
#4984=ORIENTED_EDGE('',*,*,#3751,.T.);
#4985=ORIENTED_EDGE('',*,*,#3752,.F.);
#4986=ORIENTED_EDGE('',*,*,#3753,.F.);
#4987=ORIENTED_EDGE('',*,*,#3364,.T.);
#4988=ORIENTED_EDGE('',*,*,#3753,.T.);
#4989=ORIENTED_EDGE('',*,*,#3754,.F.);
#4990=ORIENTED_EDGE('',*,*,#3731,.F.);
#4991=ORIENTED_EDGE('',*,*,#3377,.T.);
#4992=ORIENTED_EDGE('',*,*,#3755,.T.);
#4993=ORIENTED_EDGE('',*,*,#3756,.F.);
#4994=ORIENTED_EDGE('',*,*,#3757,.F.);
#4995=ORIENTED_EDGE('',*,*,#3378,.T.);
#4996=ORIENTED_EDGE('',*,*,#3757,.T.);
#4997=ORIENTED_EDGE('',*,*,#3758,.F.);
#4998=ORIENTED_EDGE('',*,*,#3759,.F.);
#4999=ORIENTED_EDGE('',*,*,#3379,.T.);
#5000=ORIENTED_EDGE('',*,*,#3759,.T.);
#5001=ORIENTED_EDGE('',*,*,#3760,.F.);
#5002=ORIENTED_EDGE('',*,*,#3761,.F.);
#5003=ORIENTED_EDGE('',*,*,#3380,.T.);
#5004=ORIENTED_EDGE('',*,*,#3761,.T.);
#5005=ORIENTED_EDGE('',*,*,#3762,.F.);
#5006=ORIENTED_EDGE('',*,*,#3763,.F.);
#5007=ORIENTED_EDGE('',*,*,#3381,.T.);
#5008=ORIENTED_EDGE('',*,*,#3763,.T.);
#5009=ORIENTED_EDGE('',*,*,#3764,.F.);
#5010=ORIENTED_EDGE('',*,*,#3765,.F.);
#5011=ORIENTED_EDGE('',*,*,#3382,.T.);
#5012=ORIENTED_EDGE('',*,*,#3765,.T.);
#5013=ORIENTED_EDGE('',*,*,#3766,.F.);
#5014=ORIENTED_EDGE('',*,*,#3767,.F.);
#5015=ORIENTED_EDGE('',*,*,#3383,.T.);
#5016=ORIENTED_EDGE('',*,*,#3767,.T.);
#5017=ORIENTED_EDGE('',*,*,#3768,.F.);
#5018=ORIENTED_EDGE('',*,*,#3769,.F.);
#5019=ORIENTED_EDGE('',*,*,#3384,.T.);
#5020=ORIENTED_EDGE('',*,*,#3769,.T.);
#5021=ORIENTED_EDGE('',*,*,#3770,.F.);
#5022=ORIENTED_EDGE('',*,*,#3771,.F.);
#5023=ORIENTED_EDGE('',*,*,#3385,.T.);
#5024=ORIENTED_EDGE('',*,*,#3771,.T.);
#5025=ORIENTED_EDGE('',*,*,#3772,.F.);
#5026=ORIENTED_EDGE('',*,*,#3773,.F.);
#5027=ORIENTED_EDGE('',*,*,#3386,.T.);
#5028=ORIENTED_EDGE('',*,*,#3773,.T.);
#5029=ORIENTED_EDGE('',*,*,#3774,.F.);
#5030=ORIENTED_EDGE('',*,*,#3775,.F.);
#5031=ORIENTED_EDGE('',*,*,#3387,.T.);
#5032=ORIENTED_EDGE('',*,*,#3775,.T.);
#5033=ORIENTED_EDGE('',*,*,#3776,.F.);
#5034=ORIENTED_EDGE('',*,*,#3777,.F.);
#5035=ORIENTED_EDGE('',*,*,#3376,.T.);
#5036=ORIENTED_EDGE('',*,*,#3777,.T.);
#5037=ORIENTED_EDGE('',*,*,#3778,.F.);
#5038=ORIENTED_EDGE('',*,*,#3755,.F.);
#5039=ORIENTED_EDGE('',*,*,#3389,.T.);
#5040=ORIENTED_EDGE('',*,*,#3779,.T.);
#5041=ORIENTED_EDGE('',*,*,#3780,.F.);
#5042=ORIENTED_EDGE('',*,*,#3781,.F.);
#5043=ORIENTED_EDGE('',*,*,#3390,.T.);
#5044=ORIENTED_EDGE('',*,*,#3781,.T.);
#5045=ORIENTED_EDGE('',*,*,#3782,.F.);
#5046=ORIENTED_EDGE('',*,*,#3783,.F.);
#5047=ORIENTED_EDGE('',*,*,#3391,.T.);
#5048=ORIENTED_EDGE('',*,*,#3783,.T.);
#5049=ORIENTED_EDGE('',*,*,#3784,.F.);
#5050=ORIENTED_EDGE('',*,*,#3785,.F.);
#5051=ORIENTED_EDGE('',*,*,#3392,.T.);
#5052=ORIENTED_EDGE('',*,*,#3785,.T.);
#5053=ORIENTED_EDGE('',*,*,#3786,.F.);
#5054=ORIENTED_EDGE('',*,*,#3787,.F.);
#5055=ORIENTED_EDGE('',*,*,#3393,.T.);
#5056=ORIENTED_EDGE('',*,*,#3787,.T.);
#5057=ORIENTED_EDGE('',*,*,#3788,.F.);
#5058=ORIENTED_EDGE('',*,*,#3789,.F.);
#5059=ORIENTED_EDGE('',*,*,#3394,.T.);
#5060=ORIENTED_EDGE('',*,*,#3789,.T.);
#5061=ORIENTED_EDGE('',*,*,#3790,.F.);
#5062=ORIENTED_EDGE('',*,*,#3791,.F.);
#5063=ORIENTED_EDGE('',*,*,#3395,.T.);
#5064=ORIENTED_EDGE('',*,*,#3791,.T.);
#5065=ORIENTED_EDGE('',*,*,#3792,.F.);
#5066=ORIENTED_EDGE('',*,*,#3793,.F.);
#5067=ORIENTED_EDGE('',*,*,#3396,.T.);
#5068=ORIENTED_EDGE('',*,*,#3793,.T.);
#5069=ORIENTED_EDGE('',*,*,#3794,.F.);
#5070=ORIENTED_EDGE('',*,*,#3795,.F.);
#5071=ORIENTED_EDGE('',*,*,#3397,.T.);
#5072=ORIENTED_EDGE('',*,*,#3795,.T.);
#5073=ORIENTED_EDGE('',*,*,#3796,.F.);
#5074=ORIENTED_EDGE('',*,*,#3797,.F.);
#5075=ORIENTED_EDGE('',*,*,#3398,.T.);
#5076=ORIENTED_EDGE('',*,*,#3797,.T.);
#5077=ORIENTED_EDGE('',*,*,#3798,.F.);
#5078=ORIENTED_EDGE('',*,*,#3799,.F.);
#5079=ORIENTED_EDGE('',*,*,#3399,.T.);
#5080=ORIENTED_EDGE('',*,*,#3799,.T.);
#5081=ORIENTED_EDGE('',*,*,#3800,.F.);
#5082=ORIENTED_EDGE('',*,*,#3801,.F.);
#5083=ORIENTED_EDGE('',*,*,#3388,.T.);
#5084=ORIENTED_EDGE('',*,*,#3801,.T.);
#5085=ORIENTED_EDGE('',*,*,#3802,.F.);
#5086=ORIENTED_EDGE('',*,*,#3779,.F.);
#5087=ORIENTED_EDGE('',*,*,#3401,.T.);
#5088=ORIENTED_EDGE('',*,*,#3803,.T.);
#5089=ORIENTED_EDGE('',*,*,#3804,.F.);
#5090=ORIENTED_EDGE('',*,*,#3805,.F.);
#5091=ORIENTED_EDGE('',*,*,#3402,.T.);
#5092=ORIENTED_EDGE('',*,*,#3805,.T.);
#5093=ORIENTED_EDGE('',*,*,#3806,.F.);
#5094=ORIENTED_EDGE('',*,*,#3807,.F.);
#5095=ORIENTED_EDGE('',*,*,#3403,.T.);
#5096=ORIENTED_EDGE('',*,*,#3807,.T.);
#5097=ORIENTED_EDGE('',*,*,#3808,.F.);
#5098=ORIENTED_EDGE('',*,*,#3809,.F.);
#5099=ORIENTED_EDGE('',*,*,#3404,.T.);
#5100=ORIENTED_EDGE('',*,*,#3809,.T.);
#5101=ORIENTED_EDGE('',*,*,#3810,.F.);
#5102=ORIENTED_EDGE('',*,*,#3811,.F.);
#5103=ORIENTED_EDGE('',*,*,#3405,.T.);
#5104=ORIENTED_EDGE('',*,*,#3811,.T.);
#5105=ORIENTED_EDGE('',*,*,#3812,.F.);
#5106=ORIENTED_EDGE('',*,*,#3813,.F.);
#5107=ORIENTED_EDGE('',*,*,#3406,.T.);
#5108=ORIENTED_EDGE('',*,*,#3813,.T.);
#5109=ORIENTED_EDGE('',*,*,#3814,.F.);
#5110=ORIENTED_EDGE('',*,*,#3815,.F.);
#5111=ORIENTED_EDGE('',*,*,#3407,.T.);
#5112=ORIENTED_EDGE('',*,*,#3815,.T.);
#5113=ORIENTED_EDGE('',*,*,#3816,.F.);
#5114=ORIENTED_EDGE('',*,*,#3817,.F.);
#5115=ORIENTED_EDGE('',*,*,#3408,.T.);
#5116=ORIENTED_EDGE('',*,*,#3817,.T.);
#5117=ORIENTED_EDGE('',*,*,#3818,.F.);
#5118=ORIENTED_EDGE('',*,*,#3819,.F.);
#5119=ORIENTED_EDGE('',*,*,#3409,.T.);
#5120=ORIENTED_EDGE('',*,*,#3819,.T.);
#5121=ORIENTED_EDGE('',*,*,#3820,.F.);
#5122=ORIENTED_EDGE('',*,*,#3821,.F.);
#5123=ORIENTED_EDGE('',*,*,#3410,.T.);
#5124=ORIENTED_EDGE('',*,*,#3821,.T.);
#5125=ORIENTED_EDGE('',*,*,#3822,.F.);
#5126=ORIENTED_EDGE('',*,*,#3823,.F.);
#5127=ORIENTED_EDGE('',*,*,#3411,.T.);
#5128=ORIENTED_EDGE('',*,*,#3823,.T.);
#5129=ORIENTED_EDGE('',*,*,#3824,.F.);
#5130=ORIENTED_EDGE('',*,*,#3825,.F.);
#5131=ORIENTED_EDGE('',*,*,#3400,.T.);
#5132=ORIENTED_EDGE('',*,*,#3825,.T.);
#5133=ORIENTED_EDGE('',*,*,#3826,.F.);
#5134=ORIENTED_EDGE('',*,*,#3803,.F.);
#5135=ORIENTED_EDGE('',*,*,#3413,.T.);
#5136=ORIENTED_EDGE('',*,*,#3827,.T.);
#5137=ORIENTED_EDGE('',*,*,#3828,.F.);
#5138=ORIENTED_EDGE('',*,*,#3829,.F.);
#5139=ORIENTED_EDGE('',*,*,#3414,.T.);
#5140=ORIENTED_EDGE('',*,*,#3829,.T.);
#5141=ORIENTED_EDGE('',*,*,#3830,.F.);
#5142=ORIENTED_EDGE('',*,*,#3831,.F.);
#5143=ORIENTED_EDGE('',*,*,#3415,.T.);
#5144=ORIENTED_EDGE('',*,*,#3831,.T.);
#5145=ORIENTED_EDGE('',*,*,#3832,.F.);
#5146=ORIENTED_EDGE('',*,*,#3833,.F.);
#5147=ORIENTED_EDGE('',*,*,#3416,.T.);
#5148=ORIENTED_EDGE('',*,*,#3833,.T.);
#5149=ORIENTED_EDGE('',*,*,#3834,.F.);
#5150=ORIENTED_EDGE('',*,*,#3835,.F.);
#5151=ORIENTED_EDGE('',*,*,#3417,.T.);
#5152=ORIENTED_EDGE('',*,*,#3835,.T.);
#5153=ORIENTED_EDGE('',*,*,#3836,.F.);
#5154=ORIENTED_EDGE('',*,*,#3837,.F.);
#5155=ORIENTED_EDGE('',*,*,#3418,.T.);
#5156=ORIENTED_EDGE('',*,*,#3837,.T.);
#5157=ORIENTED_EDGE('',*,*,#3838,.F.);
#5158=ORIENTED_EDGE('',*,*,#3839,.F.);
#5159=ORIENTED_EDGE('',*,*,#3419,.T.);
#5160=ORIENTED_EDGE('',*,*,#3839,.T.);
#5161=ORIENTED_EDGE('',*,*,#3840,.F.);
#5162=ORIENTED_EDGE('',*,*,#3841,.F.);
#5163=ORIENTED_EDGE('',*,*,#3412,.T.);
#5164=ORIENTED_EDGE('',*,*,#3841,.T.);
#5165=ORIENTED_EDGE('',*,*,#3842,.F.);
#5166=ORIENTED_EDGE('',*,*,#3827,.F.);
#5167=ORIENTED_EDGE('',*,*,#3421,.T.);
#5168=ORIENTED_EDGE('',*,*,#3843,.T.);
#5169=ORIENTED_EDGE('',*,*,#3844,.F.);
#5170=ORIENTED_EDGE('',*,*,#3845,.F.);
#5171=ORIENTED_EDGE('',*,*,#3422,.T.);
#5172=ORIENTED_EDGE('',*,*,#3845,.T.);
#5173=ORIENTED_EDGE('',*,*,#3846,.F.);
#5174=ORIENTED_EDGE('',*,*,#3847,.F.);
#5175=ORIENTED_EDGE('',*,*,#3423,.T.);
#5176=ORIENTED_EDGE('',*,*,#3847,.T.);
#5177=ORIENTED_EDGE('',*,*,#3848,.F.);
#5178=ORIENTED_EDGE('',*,*,#3849,.F.);
#5179=ORIENTED_EDGE('',*,*,#3424,.T.);
#5180=ORIENTED_EDGE('',*,*,#3849,.T.);
#5181=ORIENTED_EDGE('',*,*,#3850,.F.);
#5182=ORIENTED_EDGE('',*,*,#3851,.F.);
#5183=ORIENTED_EDGE('',*,*,#3425,.T.);
#5184=ORIENTED_EDGE('',*,*,#3851,.T.);
#5185=ORIENTED_EDGE('',*,*,#3852,.F.);
#5186=ORIENTED_EDGE('',*,*,#3853,.F.);
#5187=ORIENTED_EDGE('',*,*,#3426,.T.);
#5188=ORIENTED_EDGE('',*,*,#3853,.T.);
#5189=ORIENTED_EDGE('',*,*,#3854,.F.);
#5190=ORIENTED_EDGE('',*,*,#3855,.F.);
#5191=ORIENTED_EDGE('',*,*,#3427,.T.);
#5192=ORIENTED_EDGE('',*,*,#3855,.T.);
#5193=ORIENTED_EDGE('',*,*,#3856,.F.);
#5194=ORIENTED_EDGE('',*,*,#3857,.F.);
#5195=ORIENTED_EDGE('',*,*,#3428,.T.);
#5196=ORIENTED_EDGE('',*,*,#3857,.T.);
#5197=ORIENTED_EDGE('',*,*,#3858,.F.);
#5198=ORIENTED_EDGE('',*,*,#3859,.F.);
#5199=ORIENTED_EDGE('',*,*,#3429,.T.);
#5200=ORIENTED_EDGE('',*,*,#3859,.T.);
#5201=ORIENTED_EDGE('',*,*,#3860,.F.);
#5202=ORIENTED_EDGE('',*,*,#3861,.F.);
#5203=ORIENTED_EDGE('',*,*,#3430,.T.);
#5204=ORIENTED_EDGE('',*,*,#3861,.T.);
#5205=ORIENTED_EDGE('',*,*,#3862,.F.);
#5206=ORIENTED_EDGE('',*,*,#3863,.F.);
#5207=ORIENTED_EDGE('',*,*,#3431,.T.);
#5208=ORIENTED_EDGE('',*,*,#3863,.T.);
#5209=ORIENTED_EDGE('',*,*,#3864,.F.);
#5210=ORIENTED_EDGE('',*,*,#3865,.F.);
#5211=ORIENTED_EDGE('',*,*,#3420,.T.);
#5212=ORIENTED_EDGE('',*,*,#3865,.T.);
#5213=ORIENTED_EDGE('',*,*,#3866,.F.);
#5214=ORIENTED_EDGE('',*,*,#3843,.F.);
#5215=ORIENTED_EDGE('',*,*,#3433,.T.);
#5216=ORIENTED_EDGE('',*,*,#3867,.T.);
#5217=ORIENTED_EDGE('',*,*,#3868,.F.);
#5218=ORIENTED_EDGE('',*,*,#3869,.F.);
#5219=ORIENTED_EDGE('',*,*,#3434,.T.);
#5220=ORIENTED_EDGE('',*,*,#3869,.T.);
#5221=ORIENTED_EDGE('',*,*,#3870,.F.);
#5222=ORIENTED_EDGE('',*,*,#3871,.F.);
#5223=ORIENTED_EDGE('',*,*,#3435,.T.);
#5224=ORIENTED_EDGE('',*,*,#3871,.T.);
#5225=ORIENTED_EDGE('',*,*,#3872,.F.);
#5226=ORIENTED_EDGE('',*,*,#3873,.F.);
#5227=ORIENTED_EDGE('',*,*,#3436,.T.);
#5228=ORIENTED_EDGE('',*,*,#3873,.T.);
#5229=ORIENTED_EDGE('',*,*,#3874,.F.);
#5230=ORIENTED_EDGE('',*,*,#3875,.F.);
#5231=ORIENTED_EDGE('',*,*,#3437,.T.);
#5232=ORIENTED_EDGE('',*,*,#3875,.T.);
#5233=ORIENTED_EDGE('',*,*,#3876,.F.);
#5234=ORIENTED_EDGE('',*,*,#3877,.F.);
#5235=ORIENTED_EDGE('',*,*,#3438,.T.);
#5236=ORIENTED_EDGE('',*,*,#3877,.T.);
#5237=ORIENTED_EDGE('',*,*,#3878,.F.);
#5238=ORIENTED_EDGE('',*,*,#3879,.F.);
#5239=ORIENTED_EDGE('',*,*,#3439,.T.);
#5240=ORIENTED_EDGE('',*,*,#3879,.T.);
#5241=ORIENTED_EDGE('',*,*,#3880,.F.);
#5242=ORIENTED_EDGE('',*,*,#3881,.F.);
#5243=ORIENTED_EDGE('',*,*,#3440,.T.);
#5244=ORIENTED_EDGE('',*,*,#3881,.T.);
#5245=ORIENTED_EDGE('',*,*,#3882,.F.);
#5246=ORIENTED_EDGE('',*,*,#3883,.F.);
#5247=ORIENTED_EDGE('',*,*,#3441,.T.);
#5248=ORIENTED_EDGE('',*,*,#3883,.T.);
#5249=ORIENTED_EDGE('',*,*,#3884,.F.);
#5250=ORIENTED_EDGE('',*,*,#3885,.F.);
#5251=ORIENTED_EDGE('',*,*,#3442,.T.);
#5252=ORIENTED_EDGE('',*,*,#3885,.T.);
#5253=ORIENTED_EDGE('',*,*,#3886,.F.);
#5254=ORIENTED_EDGE('',*,*,#3887,.F.);
#5255=ORIENTED_EDGE('',*,*,#3443,.T.);
#5256=ORIENTED_EDGE('',*,*,#3887,.T.);
#5257=ORIENTED_EDGE('',*,*,#3888,.F.);
#5258=ORIENTED_EDGE('',*,*,#3889,.F.);
#5259=ORIENTED_EDGE('',*,*,#3432,.T.);
#5260=ORIENTED_EDGE('',*,*,#3889,.T.);
#5261=ORIENTED_EDGE('',*,*,#3890,.F.);
#5262=ORIENTED_EDGE('',*,*,#3867,.F.);
#5263=ORIENTED_EDGE('',*,*,#3445,.T.);
#5264=ORIENTED_EDGE('',*,*,#3891,.T.);
#5265=ORIENTED_EDGE('',*,*,#3892,.F.);
#5266=ORIENTED_EDGE('',*,*,#3893,.F.);
#5267=ORIENTED_EDGE('',*,*,#3446,.T.);
#5268=ORIENTED_EDGE('',*,*,#3893,.T.);
#5269=ORIENTED_EDGE('',*,*,#3894,.F.);
#5270=ORIENTED_EDGE('',*,*,#3895,.F.);
#5271=ORIENTED_EDGE('',*,*,#3447,.T.);
#5272=ORIENTED_EDGE('',*,*,#3895,.T.);
#5273=ORIENTED_EDGE('',*,*,#3896,.F.);
#5274=ORIENTED_EDGE('',*,*,#3897,.F.);
#5275=ORIENTED_EDGE('',*,*,#3448,.T.);
#5276=ORIENTED_EDGE('',*,*,#3897,.T.);
#5277=ORIENTED_EDGE('',*,*,#3898,.F.);
#5278=ORIENTED_EDGE('',*,*,#3899,.F.);
#5279=ORIENTED_EDGE('',*,*,#3449,.T.);
#5280=ORIENTED_EDGE('',*,*,#3899,.T.);
#5281=ORIENTED_EDGE('',*,*,#3900,.F.);
#5282=ORIENTED_EDGE('',*,*,#3901,.F.);
#5283=ORIENTED_EDGE('',*,*,#3450,.T.);
#5284=ORIENTED_EDGE('',*,*,#3901,.T.);
#5285=ORIENTED_EDGE('',*,*,#3902,.F.);
#5286=ORIENTED_EDGE('',*,*,#3903,.F.);
#5287=ORIENTED_EDGE('',*,*,#3451,.T.);
#5288=ORIENTED_EDGE('',*,*,#3903,.T.);
#5289=ORIENTED_EDGE('',*,*,#3904,.F.);
#5290=ORIENTED_EDGE('',*,*,#3905,.F.);
#5291=ORIENTED_EDGE('',*,*,#3452,.T.);
#5292=ORIENTED_EDGE('',*,*,#3905,.T.);
#5293=ORIENTED_EDGE('',*,*,#3906,.F.);
#5294=ORIENTED_EDGE('',*,*,#3907,.F.);
#5295=ORIENTED_EDGE('',*,*,#3453,.T.);
#5296=ORIENTED_EDGE('',*,*,#3907,.T.);
#5297=ORIENTED_EDGE('',*,*,#3908,.F.);
#5298=ORIENTED_EDGE('',*,*,#3909,.F.);
#5299=ORIENTED_EDGE('',*,*,#3454,.T.);
#5300=ORIENTED_EDGE('',*,*,#3909,.T.);
#5301=ORIENTED_EDGE('',*,*,#3910,.F.);
#5302=ORIENTED_EDGE('',*,*,#3911,.F.);
#5303=ORIENTED_EDGE('',*,*,#3455,.T.);
#5304=ORIENTED_EDGE('',*,*,#3911,.T.);
#5305=ORIENTED_EDGE('',*,*,#3912,.F.);
#5306=ORIENTED_EDGE('',*,*,#3913,.F.);
#5307=ORIENTED_EDGE('',*,*,#3444,.T.);
#5308=ORIENTED_EDGE('',*,*,#3913,.T.);
#5309=ORIENTED_EDGE('',*,*,#3914,.F.);
#5310=ORIENTED_EDGE('',*,*,#3891,.F.);
#5311=ORIENTED_EDGE('',*,*,#3457,.T.);
#5312=ORIENTED_EDGE('',*,*,#3915,.T.);
#5313=ORIENTED_EDGE('',*,*,#3916,.F.);
#5314=ORIENTED_EDGE('',*,*,#3917,.F.);
#5315=ORIENTED_EDGE('',*,*,#3458,.T.);
#5316=ORIENTED_EDGE('',*,*,#3917,.T.);
#5317=ORIENTED_EDGE('',*,*,#3918,.F.);
#5318=ORIENTED_EDGE('',*,*,#3919,.F.);
#5319=ORIENTED_EDGE('',*,*,#3459,.T.);
#5320=ORIENTED_EDGE('',*,*,#3919,.T.);
#5321=ORIENTED_EDGE('',*,*,#3920,.F.);
#5322=ORIENTED_EDGE('',*,*,#3921,.F.);
#5323=ORIENTED_EDGE('',*,*,#3460,.T.);
#5324=ORIENTED_EDGE('',*,*,#3921,.T.);
#5325=ORIENTED_EDGE('',*,*,#3922,.F.);
#5326=ORIENTED_EDGE('',*,*,#3923,.F.);
#5327=ORIENTED_EDGE('',*,*,#3461,.T.);
#5328=ORIENTED_EDGE('',*,*,#3923,.T.);
#5329=ORIENTED_EDGE('',*,*,#3924,.F.);
#5330=ORIENTED_EDGE('',*,*,#3925,.F.);
#5331=ORIENTED_EDGE('',*,*,#3462,.T.);
#5332=ORIENTED_EDGE('',*,*,#3925,.T.);
#5333=ORIENTED_EDGE('',*,*,#3926,.F.);
#5334=ORIENTED_EDGE('',*,*,#3927,.F.);
#5335=ORIENTED_EDGE('',*,*,#3463,.T.);
#5336=ORIENTED_EDGE('',*,*,#3927,.T.);
#5337=ORIENTED_EDGE('',*,*,#3928,.F.);
#5338=ORIENTED_EDGE('',*,*,#3929,.F.);
#5339=ORIENTED_EDGE('',*,*,#3464,.T.);
#5340=ORIENTED_EDGE('',*,*,#3929,.T.);
#5341=ORIENTED_EDGE('',*,*,#3930,.F.);
#5342=ORIENTED_EDGE('',*,*,#3931,.F.);
#5343=ORIENTED_EDGE('',*,*,#3465,.T.);
#5344=ORIENTED_EDGE('',*,*,#3931,.T.);
#5345=ORIENTED_EDGE('',*,*,#3932,.F.);
#5346=ORIENTED_EDGE('',*,*,#3933,.F.);
#5347=ORIENTED_EDGE('',*,*,#3466,.T.);
#5348=ORIENTED_EDGE('',*,*,#3933,.T.);
#5349=ORIENTED_EDGE('',*,*,#3934,.F.);
#5350=ORIENTED_EDGE('',*,*,#3935,.F.);
#5351=ORIENTED_EDGE('',*,*,#3467,.T.);
#5352=ORIENTED_EDGE('',*,*,#3935,.T.);
#5353=ORIENTED_EDGE('',*,*,#3936,.F.);
#5354=ORIENTED_EDGE('',*,*,#3937,.F.);
#5355=ORIENTED_EDGE('',*,*,#3456,.T.);
#5356=ORIENTED_EDGE('',*,*,#3937,.T.);
#5357=ORIENTED_EDGE('',*,*,#3938,.F.);
#5358=ORIENTED_EDGE('',*,*,#3915,.F.);
#5359=ORIENTED_EDGE('',*,*,#3469,.T.);
#5360=ORIENTED_EDGE('',*,*,#3939,.T.);
#5361=ORIENTED_EDGE('',*,*,#3940,.F.);
#5362=ORIENTED_EDGE('',*,*,#3941,.F.);
#5363=ORIENTED_EDGE('',*,*,#3470,.T.);
#5364=ORIENTED_EDGE('',*,*,#3941,.T.);
#5365=ORIENTED_EDGE('',*,*,#3942,.F.);
#5366=ORIENTED_EDGE('',*,*,#3943,.F.);
#5367=ORIENTED_EDGE('',*,*,#3471,.T.);
#5368=ORIENTED_EDGE('',*,*,#3943,.T.);
#5369=ORIENTED_EDGE('',*,*,#3944,.F.);
#5370=ORIENTED_EDGE('',*,*,#3945,.F.);
#5371=ORIENTED_EDGE('',*,*,#3472,.T.);
#5372=ORIENTED_EDGE('',*,*,#3945,.T.);
#5373=ORIENTED_EDGE('',*,*,#3946,.F.);
#5374=ORIENTED_EDGE('',*,*,#3947,.F.);
#5375=ORIENTED_EDGE('',*,*,#3473,.T.);
#5376=ORIENTED_EDGE('',*,*,#3947,.T.);
#5377=ORIENTED_EDGE('',*,*,#3948,.F.);
#5378=ORIENTED_EDGE('',*,*,#3949,.F.);
#5379=ORIENTED_EDGE('',*,*,#3474,.T.);
#5380=ORIENTED_EDGE('',*,*,#3949,.T.);
#5381=ORIENTED_EDGE('',*,*,#3950,.F.);
#5382=ORIENTED_EDGE('',*,*,#3951,.F.);
#5383=ORIENTED_EDGE('',*,*,#3475,.T.);
#5384=ORIENTED_EDGE('',*,*,#3951,.T.);
#5385=ORIENTED_EDGE('',*,*,#3952,.F.);
#5386=ORIENTED_EDGE('',*,*,#3953,.F.);
#5387=ORIENTED_EDGE('',*,*,#3476,.T.);
#5388=ORIENTED_EDGE('',*,*,#3953,.T.);
#5389=ORIENTED_EDGE('',*,*,#3954,.F.);
#5390=ORIENTED_EDGE('',*,*,#3955,.F.);
#5391=ORIENTED_EDGE('',*,*,#3477,.T.);
#5392=ORIENTED_EDGE('',*,*,#3955,.T.);
#5393=ORIENTED_EDGE('',*,*,#3956,.F.);
#5394=ORIENTED_EDGE('',*,*,#3957,.F.);
#5395=ORIENTED_EDGE('',*,*,#3478,.T.);
#5396=ORIENTED_EDGE('',*,*,#3957,.T.);
#5397=ORIENTED_EDGE('',*,*,#3958,.F.);
#5398=ORIENTED_EDGE('',*,*,#3959,.F.);
#5399=ORIENTED_EDGE('',*,*,#3479,.T.);
#5400=ORIENTED_EDGE('',*,*,#3959,.T.);
#5401=ORIENTED_EDGE('',*,*,#3960,.F.);
#5402=ORIENTED_EDGE('',*,*,#3961,.F.);
#5403=ORIENTED_EDGE('',*,*,#3468,.T.);
#5404=ORIENTED_EDGE('',*,*,#3961,.T.);
#5405=ORIENTED_EDGE('',*,*,#3962,.F.);
#5406=ORIENTED_EDGE('',*,*,#3939,.F.);
#5407=ORIENTED_EDGE('',*,*,#3481,.T.);
#5408=ORIENTED_EDGE('',*,*,#3963,.T.);
#5409=ORIENTED_EDGE('',*,*,#3964,.F.);
#5410=ORIENTED_EDGE('',*,*,#3965,.F.);
#5411=ORIENTED_EDGE('',*,*,#3482,.T.);
#5412=ORIENTED_EDGE('',*,*,#3965,.T.);
#5413=ORIENTED_EDGE('',*,*,#3966,.F.);
#5414=ORIENTED_EDGE('',*,*,#3967,.F.);
#5415=ORIENTED_EDGE('',*,*,#3483,.T.);
#5416=ORIENTED_EDGE('',*,*,#3967,.T.);
#5417=ORIENTED_EDGE('',*,*,#3968,.F.);
#5418=ORIENTED_EDGE('',*,*,#3969,.F.);
#5419=ORIENTED_EDGE('',*,*,#3484,.T.);
#5420=ORIENTED_EDGE('',*,*,#3969,.T.);
#5421=ORIENTED_EDGE('',*,*,#3970,.F.);
#5422=ORIENTED_EDGE('',*,*,#3971,.F.);
#5423=ORIENTED_EDGE('',*,*,#3485,.T.);
#5424=ORIENTED_EDGE('',*,*,#3971,.T.);
#5425=ORIENTED_EDGE('',*,*,#3972,.F.);
#5426=ORIENTED_EDGE('',*,*,#3973,.F.);
#5427=ORIENTED_EDGE('',*,*,#3486,.T.);
#5428=ORIENTED_EDGE('',*,*,#3973,.T.);
#5429=ORIENTED_EDGE('',*,*,#3974,.F.);
#5430=ORIENTED_EDGE('',*,*,#3975,.F.);
#5431=ORIENTED_EDGE('',*,*,#3487,.T.);
#5432=ORIENTED_EDGE('',*,*,#3975,.T.);
#5433=ORIENTED_EDGE('',*,*,#3976,.F.);
#5434=ORIENTED_EDGE('',*,*,#3977,.F.);
#5435=ORIENTED_EDGE('',*,*,#3488,.T.);
#5436=ORIENTED_EDGE('',*,*,#3977,.T.);
#5437=ORIENTED_EDGE('',*,*,#3978,.F.);
#5438=ORIENTED_EDGE('',*,*,#3979,.F.);
#5439=ORIENTED_EDGE('',*,*,#3489,.T.);
#5440=ORIENTED_EDGE('',*,*,#3979,.T.);
#5441=ORIENTED_EDGE('',*,*,#3980,.F.);
#5442=ORIENTED_EDGE('',*,*,#3981,.F.);
#5443=ORIENTED_EDGE('',*,*,#3490,.T.);
#5444=ORIENTED_EDGE('',*,*,#3981,.T.);
#5445=ORIENTED_EDGE('',*,*,#3982,.F.);
#5446=ORIENTED_EDGE('',*,*,#3983,.F.);
#5447=ORIENTED_EDGE('',*,*,#3491,.T.);
#5448=ORIENTED_EDGE('',*,*,#3983,.T.);
#5449=ORIENTED_EDGE('',*,*,#3984,.F.);
#5450=ORIENTED_EDGE('',*,*,#3985,.F.);
#5451=ORIENTED_EDGE('',*,*,#3480,.T.);
#5452=ORIENTED_EDGE('',*,*,#3985,.T.);
#5453=ORIENTED_EDGE('',*,*,#3986,.F.);
#5454=ORIENTED_EDGE('',*,*,#3963,.F.);
#5455=ORIENTED_EDGE('',*,*,#3493,.T.);
#5456=ORIENTED_EDGE('',*,*,#3987,.T.);
#5457=ORIENTED_EDGE('',*,*,#3988,.F.);
#5458=ORIENTED_EDGE('',*,*,#3989,.F.);
#5459=ORIENTED_EDGE('',*,*,#3494,.T.);
#5460=ORIENTED_EDGE('',*,*,#3989,.T.);
#5461=ORIENTED_EDGE('',*,*,#3990,.F.);
#5462=ORIENTED_EDGE('',*,*,#3991,.F.);
#5463=ORIENTED_EDGE('',*,*,#3495,.T.);
#5464=ORIENTED_EDGE('',*,*,#3991,.T.);
#5465=ORIENTED_EDGE('',*,*,#3992,.F.);
#5466=ORIENTED_EDGE('',*,*,#3993,.F.);
#5467=ORIENTED_EDGE('',*,*,#3496,.T.);
#5468=ORIENTED_EDGE('',*,*,#3993,.T.);
#5469=ORIENTED_EDGE('',*,*,#3994,.F.);
#5470=ORIENTED_EDGE('',*,*,#3995,.F.);
#5471=ORIENTED_EDGE('',*,*,#3497,.T.);
#5472=ORIENTED_EDGE('',*,*,#3995,.T.);
#5473=ORIENTED_EDGE('',*,*,#3996,.F.);
#5474=ORIENTED_EDGE('',*,*,#3997,.F.);
#5475=ORIENTED_EDGE('',*,*,#3498,.T.);
#5476=ORIENTED_EDGE('',*,*,#3997,.T.);
#5477=ORIENTED_EDGE('',*,*,#3998,.F.);
#5478=ORIENTED_EDGE('',*,*,#3999,.F.);
#5479=ORIENTED_EDGE('',*,*,#3499,.T.);
#5480=ORIENTED_EDGE('',*,*,#3999,.T.);
#5481=ORIENTED_EDGE('',*,*,#4000,.F.);
#5482=ORIENTED_EDGE('',*,*,#4001,.F.);
#5483=ORIENTED_EDGE('',*,*,#3500,.T.);
#5484=ORIENTED_EDGE('',*,*,#4001,.T.);
#5485=ORIENTED_EDGE('',*,*,#4002,.F.);
#5486=ORIENTED_EDGE('',*,*,#4003,.F.);
#5487=ORIENTED_EDGE('',*,*,#3501,.T.);
#5488=ORIENTED_EDGE('',*,*,#4003,.T.);
#5489=ORIENTED_EDGE('',*,*,#4004,.F.);
#5490=ORIENTED_EDGE('',*,*,#4005,.F.);
#5491=ORIENTED_EDGE('',*,*,#3502,.T.);
#5492=ORIENTED_EDGE('',*,*,#4005,.T.);
#5493=ORIENTED_EDGE('',*,*,#4006,.F.);
#5494=ORIENTED_EDGE('',*,*,#4007,.F.);
#5495=ORIENTED_EDGE('',*,*,#3503,.T.);
#5496=ORIENTED_EDGE('',*,*,#4007,.T.);
#5497=ORIENTED_EDGE('',*,*,#4008,.F.);
#5498=ORIENTED_EDGE('',*,*,#4009,.F.);
#5499=ORIENTED_EDGE('',*,*,#3492,.T.);
#5500=ORIENTED_EDGE('',*,*,#4009,.T.);
#5501=ORIENTED_EDGE('',*,*,#4010,.F.);
#5502=ORIENTED_EDGE('',*,*,#3987,.F.);
#5503=ORIENTED_EDGE('',*,*,#3505,.T.);
#5504=ORIENTED_EDGE('',*,*,#4011,.T.);
#5505=ORIENTED_EDGE('',*,*,#4012,.F.);
#5506=ORIENTED_EDGE('',*,*,#4013,.F.);
#5507=ORIENTED_EDGE('',*,*,#3506,.T.);
#5508=ORIENTED_EDGE('',*,*,#4013,.T.);
#5509=ORIENTED_EDGE('',*,*,#4014,.F.);
#5510=ORIENTED_EDGE('',*,*,#4015,.F.);
#5511=ORIENTED_EDGE('',*,*,#3507,.T.);
#5512=ORIENTED_EDGE('',*,*,#4015,.T.);
#5513=ORIENTED_EDGE('',*,*,#4016,.F.);
#5514=ORIENTED_EDGE('',*,*,#4017,.F.);
#5515=ORIENTED_EDGE('',*,*,#3508,.T.);
#5516=ORIENTED_EDGE('',*,*,#4017,.T.);
#5517=ORIENTED_EDGE('',*,*,#4018,.F.);
#5518=ORIENTED_EDGE('',*,*,#4019,.F.);
#5519=ORIENTED_EDGE('',*,*,#3509,.T.);
#5520=ORIENTED_EDGE('',*,*,#4019,.T.);
#5521=ORIENTED_EDGE('',*,*,#4020,.F.);
#5522=ORIENTED_EDGE('',*,*,#4021,.F.);
#5523=ORIENTED_EDGE('',*,*,#3510,.T.);
#5524=ORIENTED_EDGE('',*,*,#4021,.T.);
#5525=ORIENTED_EDGE('',*,*,#4022,.F.);
#5526=ORIENTED_EDGE('',*,*,#4023,.F.);
#5527=ORIENTED_EDGE('',*,*,#3511,.T.);
#5528=ORIENTED_EDGE('',*,*,#4023,.T.);
#5529=ORIENTED_EDGE('',*,*,#4024,.F.);
#5530=ORIENTED_EDGE('',*,*,#4025,.F.);
#5531=ORIENTED_EDGE('',*,*,#3512,.T.);
#5532=ORIENTED_EDGE('',*,*,#4025,.T.);
#5533=ORIENTED_EDGE('',*,*,#4026,.F.);
#5534=ORIENTED_EDGE('',*,*,#4027,.F.);
#5535=ORIENTED_EDGE('',*,*,#3513,.T.);
#5536=ORIENTED_EDGE('',*,*,#4027,.T.);
#5537=ORIENTED_EDGE('',*,*,#4028,.F.);
#5538=ORIENTED_EDGE('',*,*,#4029,.F.);
#5539=ORIENTED_EDGE('',*,*,#3514,.T.);
#5540=ORIENTED_EDGE('',*,*,#4029,.T.);
#5541=ORIENTED_EDGE('',*,*,#4030,.F.);
#5542=ORIENTED_EDGE('',*,*,#4031,.F.);
#5543=ORIENTED_EDGE('',*,*,#3515,.T.);
#5544=ORIENTED_EDGE('',*,*,#4031,.T.);
#5545=ORIENTED_EDGE('',*,*,#4032,.F.);
#5546=ORIENTED_EDGE('',*,*,#4033,.F.);
#5547=ORIENTED_EDGE('',*,*,#3504,.T.);
#5548=ORIENTED_EDGE('',*,*,#4033,.T.);
#5549=ORIENTED_EDGE('',*,*,#4034,.F.);
#5550=ORIENTED_EDGE('',*,*,#4011,.F.);
#5551=ORIENTED_EDGE('',*,*,#3260,.F.);
#5552=ORIENTED_EDGE('',*,*,#4035,.T.);
#5553=ORIENTED_EDGE('',*,*,#4036,.F.);
#5554=ORIENTED_EDGE('',*,*,#4037,.F.);
#5555=ORIENTED_EDGE('',*,*,#3261,.T.);
#5556=ORIENTED_EDGE('',*,*,#4037,.T.);
#5557=ORIENTED_EDGE('',*,*,#4038,.F.);
#5558=ORIENTED_EDGE('',*,*,#4039,.F.);
#5559=ORIENTED_EDGE('',*,*,#3262,.F.);
#5560=ORIENTED_EDGE('',*,*,#4039,.T.);
#5561=ORIENTED_EDGE('',*,*,#4040,.F.);
#5562=ORIENTED_EDGE('',*,*,#3234,.F.);
#5563=ORIENTED_EDGE('',*,*,#3243,.T.);
#5564=ORIENTED_EDGE('',*,*,#3230,.T.);
#5565=ORIENTED_EDGE('',*,*,#4041,.F.);
#5566=ORIENTED_EDGE('',*,*,#4042,.F.);
#5567=ORIENTED_EDGE('',*,*,#3244,.T.);
#5568=ORIENTED_EDGE('',*,*,#4042,.T.);
#5569=ORIENTED_EDGE('',*,*,#4043,.F.);
#5570=ORIENTED_EDGE('',*,*,#4044,.F.);
#5571=ORIENTED_EDGE('',*,*,#3245,.T.);
#5572=ORIENTED_EDGE('',*,*,#4044,.T.);
#5573=ORIENTED_EDGE('',*,*,#4045,.F.);
#5574=ORIENTED_EDGE('',*,*,#4046,.F.);
#5575=ORIENTED_EDGE('',*,*,#3246,.F.);
#5576=ORIENTED_EDGE('',*,*,#4046,.T.);
#5577=ORIENTED_EDGE('',*,*,#4047,.F.);
#5578=ORIENTED_EDGE('',*,*,#4048,.F.);
#5579=ORIENTED_EDGE('',*,*,#3247,.T.);
#5580=ORIENTED_EDGE('',*,*,#4048,.T.);
#5581=ORIENTED_EDGE('',*,*,#4049,.F.);
#5582=ORIENTED_EDGE('',*,*,#4050,.F.);
#5583=ORIENTED_EDGE('',*,*,#3248,.F.);
#5584=ORIENTED_EDGE('',*,*,#4050,.T.);
#5585=ORIENTED_EDGE('',*,*,#4051,.F.);
#5586=ORIENTED_EDGE('',*,*,#4052,.F.);
#5587=ORIENTED_EDGE('',*,*,#3249,.T.);
#5588=ORIENTED_EDGE('',*,*,#4052,.T.);
#5589=ORIENTED_EDGE('',*,*,#4053,.F.);
#5590=ORIENTED_EDGE('',*,*,#4054,.F.);
#5591=ORIENTED_EDGE('',*,*,#3250,.F.);
#5592=ORIENTED_EDGE('',*,*,#4054,.T.);
#5593=ORIENTED_EDGE('',*,*,#4055,.F.);
#5594=ORIENTED_EDGE('',*,*,#4056,.F.);
#5595=ORIENTED_EDGE('',*,*,#3251,.T.);
#5596=ORIENTED_EDGE('',*,*,#4056,.T.);
#5597=ORIENTED_EDGE('',*,*,#4057,.F.);
#5598=ORIENTED_EDGE('',*,*,#4058,.F.);
#5599=ORIENTED_EDGE('',*,*,#3252,.F.);
#5600=ORIENTED_EDGE('',*,*,#4058,.T.);
#5601=ORIENTED_EDGE('',*,*,#4059,.F.);
#5602=ORIENTED_EDGE('',*,*,#4060,.F.);
#5603=ORIENTED_EDGE('',*,*,#3253,.T.);
#5604=ORIENTED_EDGE('',*,*,#4060,.T.);
#5605=ORIENTED_EDGE('',*,*,#4061,.F.);
#5606=ORIENTED_EDGE('',*,*,#4062,.F.);
#5607=ORIENTED_EDGE('',*,*,#3254,.F.);
#5608=ORIENTED_EDGE('',*,*,#4062,.T.);
#5609=ORIENTED_EDGE('',*,*,#4063,.F.);
#5610=ORIENTED_EDGE('',*,*,#4064,.F.);
#5611=ORIENTED_EDGE('',*,*,#3255,.T.);
#5612=ORIENTED_EDGE('',*,*,#4064,.T.);
#5613=ORIENTED_EDGE('',*,*,#4065,.F.);
#5614=ORIENTED_EDGE('',*,*,#4066,.F.);
#5615=ORIENTED_EDGE('',*,*,#3256,.F.);
#5616=ORIENTED_EDGE('',*,*,#4066,.T.);
#5617=ORIENTED_EDGE('',*,*,#4067,.F.);
#5618=ORIENTED_EDGE('',*,*,#4068,.F.);
#5619=ORIENTED_EDGE('',*,*,#3257,.T.);
#5620=ORIENTED_EDGE('',*,*,#4068,.T.);
#5621=ORIENTED_EDGE('',*,*,#4069,.F.);
#5622=ORIENTED_EDGE('',*,*,#4070,.F.);
#5623=ORIENTED_EDGE('',*,*,#3258,.F.);
#5624=ORIENTED_EDGE('',*,*,#4070,.T.);
#5625=ORIENTED_EDGE('',*,*,#4071,.F.);
#5626=ORIENTED_EDGE('',*,*,#4072,.F.);
#5627=ORIENTED_EDGE('',*,*,#3259,.T.);
#5628=ORIENTED_EDGE('',*,*,#4072,.T.);
#5629=ORIENTED_EDGE('',*,*,#4073,.F.);
#5630=ORIENTED_EDGE('',*,*,#4035,.F.);
#5631=ORIENTED_EDGE('',*,*,#3550,.T.);
#5632=ORIENTED_EDGE('',*,*,#3235,.T.);
#5633=ORIENTED_EDGE('',*,*,#4040,.T.);
#5634=ORIENTED_EDGE('',*,*,#4038,.T.);
#5635=ORIENTED_EDGE('',*,*,#4036,.T.);
#5636=ORIENTED_EDGE('',*,*,#4073,.T.);
#5637=ORIENTED_EDGE('',*,*,#4071,.T.);
#5638=ORIENTED_EDGE('',*,*,#4069,.T.);
#5639=ORIENTED_EDGE('',*,*,#4067,.T.);
#5640=ORIENTED_EDGE('',*,*,#4065,.T.);
#5641=ORIENTED_EDGE('',*,*,#4063,.T.);
#5642=ORIENTED_EDGE('',*,*,#4061,.T.);
#5643=ORIENTED_EDGE('',*,*,#4059,.T.);
#5644=ORIENTED_EDGE('',*,*,#4057,.T.);
#5645=ORIENTED_EDGE('',*,*,#4055,.T.);
#5646=ORIENTED_EDGE('',*,*,#4053,.T.);
#5647=ORIENTED_EDGE('',*,*,#4051,.T.);
#5648=ORIENTED_EDGE('',*,*,#4049,.T.);
#5649=ORIENTED_EDGE('',*,*,#4047,.T.);
#5650=ORIENTED_EDGE('',*,*,#4045,.T.);
#5651=ORIENTED_EDGE('',*,*,#4043,.T.);
#5652=ORIENTED_EDGE('',*,*,#4041,.T.);
#5653=ORIENTED_EDGE('',*,*,#3229,.T.);
#5654=ORIENTED_EDGE('',*,*,#3549,.T.);
#5655=ORIENTED_EDGE('',*,*,#3547,.T.);
#5656=ORIENTED_EDGE('',*,*,#3545,.T.);
#5657=ORIENTED_EDGE('',*,*,#3543,.T.);
#5658=ORIENTED_EDGE('',*,*,#3541,.T.);
#5659=ORIENTED_EDGE('',*,*,#3552,.T.);
#5660=ORIENTED_EDGE('',*,*,#4034,.T.);
#5661=ORIENTED_EDGE('',*,*,#4032,.T.);
#5662=ORIENTED_EDGE('',*,*,#4030,.T.);
#5663=ORIENTED_EDGE('',*,*,#4028,.T.);
#5664=ORIENTED_EDGE('',*,*,#4026,.T.);
#5665=ORIENTED_EDGE('',*,*,#4024,.T.);
#5666=ORIENTED_EDGE('',*,*,#4022,.T.);
#5667=ORIENTED_EDGE('',*,*,#4020,.T.);
#5668=ORIENTED_EDGE('',*,*,#4018,.T.);
#5669=ORIENTED_EDGE('',*,*,#4016,.T.);
#5670=ORIENTED_EDGE('',*,*,#4014,.T.);
#5671=ORIENTED_EDGE('',*,*,#4012,.T.);
#5672=ORIENTED_EDGE('',*,*,#4010,.T.);
#5673=ORIENTED_EDGE('',*,*,#4008,.T.);
#5674=ORIENTED_EDGE('',*,*,#4006,.T.);
#5675=ORIENTED_EDGE('',*,*,#4004,.T.);
#5676=ORIENTED_EDGE('',*,*,#4002,.T.);
#5677=ORIENTED_EDGE('',*,*,#4000,.T.);
#5678=ORIENTED_EDGE('',*,*,#3998,.T.);
#5679=ORIENTED_EDGE('',*,*,#3996,.T.);
#5680=ORIENTED_EDGE('',*,*,#3994,.T.);
#5681=ORIENTED_EDGE('',*,*,#3992,.T.);
#5682=ORIENTED_EDGE('',*,*,#3990,.T.);
#5683=ORIENTED_EDGE('',*,*,#3988,.T.);
#5684=ORIENTED_EDGE('',*,*,#3986,.T.);
#5685=ORIENTED_EDGE('',*,*,#3984,.T.);
#5686=ORIENTED_EDGE('',*,*,#3982,.T.);
#5687=ORIENTED_EDGE('',*,*,#3980,.T.);
#5688=ORIENTED_EDGE('',*,*,#3978,.T.);
#5689=ORIENTED_EDGE('',*,*,#3976,.T.);
#5690=ORIENTED_EDGE('',*,*,#3974,.T.);
#5691=ORIENTED_EDGE('',*,*,#3972,.T.);
#5692=ORIENTED_EDGE('',*,*,#3970,.T.);
#5693=ORIENTED_EDGE('',*,*,#3968,.T.);
#5694=ORIENTED_EDGE('',*,*,#3966,.T.);
#5695=ORIENTED_EDGE('',*,*,#3964,.T.);
#5696=ORIENTED_EDGE('',*,*,#3962,.T.);
#5697=ORIENTED_EDGE('',*,*,#3960,.T.);
#5698=ORIENTED_EDGE('',*,*,#3958,.T.);
#5699=ORIENTED_EDGE('',*,*,#3956,.T.);
#5700=ORIENTED_EDGE('',*,*,#3954,.T.);
#5701=ORIENTED_EDGE('',*,*,#3952,.T.);
#5702=ORIENTED_EDGE('',*,*,#3950,.T.);
#5703=ORIENTED_EDGE('',*,*,#3948,.T.);
#5704=ORIENTED_EDGE('',*,*,#3946,.T.);
#5705=ORIENTED_EDGE('',*,*,#3944,.T.);
#5706=ORIENTED_EDGE('',*,*,#3942,.T.);
#5707=ORIENTED_EDGE('',*,*,#3940,.T.);
#5708=ORIENTED_EDGE('',*,*,#3938,.T.);
#5709=ORIENTED_EDGE('',*,*,#3936,.T.);
#5710=ORIENTED_EDGE('',*,*,#3934,.T.);
#5711=ORIENTED_EDGE('',*,*,#3932,.T.);
#5712=ORIENTED_EDGE('',*,*,#3930,.T.);
#5713=ORIENTED_EDGE('',*,*,#3928,.T.);
#5714=ORIENTED_EDGE('',*,*,#3926,.T.);
#5715=ORIENTED_EDGE('',*,*,#3924,.T.);
#5716=ORIENTED_EDGE('',*,*,#3922,.T.);
#5717=ORIENTED_EDGE('',*,*,#3920,.T.);
#5718=ORIENTED_EDGE('',*,*,#3918,.T.);
#5719=ORIENTED_EDGE('',*,*,#3916,.T.);
#5720=ORIENTED_EDGE('',*,*,#3914,.T.);
#5721=ORIENTED_EDGE('',*,*,#3912,.T.);
#5722=ORIENTED_EDGE('',*,*,#3910,.T.);
#5723=ORIENTED_EDGE('',*,*,#3908,.T.);
#5724=ORIENTED_EDGE('',*,*,#3906,.T.);
#5725=ORIENTED_EDGE('',*,*,#3904,.T.);
#5726=ORIENTED_EDGE('',*,*,#3902,.T.);
#5727=ORIENTED_EDGE('',*,*,#3900,.T.);
#5728=ORIENTED_EDGE('',*,*,#3898,.T.);
#5729=ORIENTED_EDGE('',*,*,#3896,.T.);
#5730=ORIENTED_EDGE('',*,*,#3894,.T.);
#5731=ORIENTED_EDGE('',*,*,#3892,.T.);
#5732=ORIENTED_EDGE('',*,*,#3890,.T.);
#5733=ORIENTED_EDGE('',*,*,#3888,.T.);
#5734=ORIENTED_EDGE('',*,*,#3886,.T.);
#5735=ORIENTED_EDGE('',*,*,#3884,.T.);
#5736=ORIENTED_EDGE('',*,*,#3882,.T.);
#5737=ORIENTED_EDGE('',*,*,#3880,.T.);
#5738=ORIENTED_EDGE('',*,*,#3878,.T.);
#5739=ORIENTED_EDGE('',*,*,#3876,.T.);
#5740=ORIENTED_EDGE('',*,*,#3874,.T.);
#5741=ORIENTED_EDGE('',*,*,#3872,.T.);
#5742=ORIENTED_EDGE('',*,*,#3870,.T.);
#5743=ORIENTED_EDGE('',*,*,#3868,.T.);
#5744=ORIENTED_EDGE('',*,*,#3866,.T.);
#5745=ORIENTED_EDGE('',*,*,#3864,.T.);
#5746=ORIENTED_EDGE('',*,*,#3862,.T.);
#5747=ORIENTED_EDGE('',*,*,#3860,.T.);
#5748=ORIENTED_EDGE('',*,*,#3858,.T.);
#5749=ORIENTED_EDGE('',*,*,#3856,.T.);
#5750=ORIENTED_EDGE('',*,*,#3854,.T.);
#5751=ORIENTED_EDGE('',*,*,#3852,.T.);
#5752=ORIENTED_EDGE('',*,*,#3850,.T.);
#5753=ORIENTED_EDGE('',*,*,#3848,.T.);
#5754=ORIENTED_EDGE('',*,*,#3846,.T.);
#5755=ORIENTED_EDGE('',*,*,#3844,.T.);
#5756=ORIENTED_EDGE('',*,*,#3842,.T.);
#5757=ORIENTED_EDGE('',*,*,#3840,.T.);
#5758=ORIENTED_EDGE('',*,*,#3838,.T.);
#5759=ORIENTED_EDGE('',*,*,#3836,.T.);
#5760=ORIENTED_EDGE('',*,*,#3834,.T.);
#5761=ORIENTED_EDGE('',*,*,#3832,.T.);
#5762=ORIENTED_EDGE('',*,*,#3830,.T.);
#5763=ORIENTED_EDGE('',*,*,#3828,.T.);
#5764=ORIENTED_EDGE('',*,*,#3826,.T.);
#5765=ORIENTED_EDGE('',*,*,#3824,.T.);
#5766=ORIENTED_EDGE('',*,*,#3822,.T.);
#5767=ORIENTED_EDGE('',*,*,#3820,.T.);
#5768=ORIENTED_EDGE('',*,*,#3818,.T.);
#5769=ORIENTED_EDGE('',*,*,#3816,.T.);
#5770=ORIENTED_EDGE('',*,*,#3814,.T.);
#5771=ORIENTED_EDGE('',*,*,#3812,.T.);
#5772=ORIENTED_EDGE('',*,*,#3810,.T.);
#5773=ORIENTED_EDGE('',*,*,#3808,.T.);
#5774=ORIENTED_EDGE('',*,*,#3806,.T.);
#5775=ORIENTED_EDGE('',*,*,#3804,.T.);
#5776=ORIENTED_EDGE('',*,*,#3802,.T.);
#5777=ORIENTED_EDGE('',*,*,#3800,.T.);
#5778=ORIENTED_EDGE('',*,*,#3798,.T.);
#5779=ORIENTED_EDGE('',*,*,#3796,.T.);
#5780=ORIENTED_EDGE('',*,*,#3794,.T.);
#5781=ORIENTED_EDGE('',*,*,#3792,.T.);
#5782=ORIENTED_EDGE('',*,*,#3790,.T.);
#5783=ORIENTED_EDGE('',*,*,#3788,.T.);
#5784=ORIENTED_EDGE('',*,*,#3786,.T.);
#5785=ORIENTED_EDGE('',*,*,#3784,.T.);
#5786=ORIENTED_EDGE('',*,*,#3782,.T.);
#5787=ORIENTED_EDGE('',*,*,#3780,.T.);
#5788=ORIENTED_EDGE('',*,*,#3778,.T.);
#5789=ORIENTED_EDGE('',*,*,#3776,.T.);
#5790=ORIENTED_EDGE('',*,*,#3774,.T.);
#5791=ORIENTED_EDGE('',*,*,#3772,.T.);
#5792=ORIENTED_EDGE('',*,*,#3770,.T.);
#5793=ORIENTED_EDGE('',*,*,#3768,.T.);
#5794=ORIENTED_EDGE('',*,*,#3766,.T.);
#5795=ORIENTED_EDGE('',*,*,#3764,.T.);
#5796=ORIENTED_EDGE('',*,*,#3762,.T.);
#5797=ORIENTED_EDGE('',*,*,#3760,.T.);
#5798=ORIENTED_EDGE('',*,*,#3758,.T.);
#5799=ORIENTED_EDGE('',*,*,#3756,.T.);
#5800=ORIENTED_EDGE('',*,*,#3754,.T.);
#5801=ORIENTED_EDGE('',*,*,#3752,.T.);
#5802=ORIENTED_EDGE('',*,*,#3750,.T.);
#5803=ORIENTED_EDGE('',*,*,#3748,.T.);
#5804=ORIENTED_EDGE('',*,*,#3746,.T.);
#5805=ORIENTED_EDGE('',*,*,#3744,.T.);
#5806=ORIENTED_EDGE('',*,*,#3742,.T.);
#5807=ORIENTED_EDGE('',*,*,#3740,.T.);
#5808=ORIENTED_EDGE('',*,*,#3738,.T.);
#5809=ORIENTED_EDGE('',*,*,#3736,.T.);
#5810=ORIENTED_EDGE('',*,*,#3734,.T.);
#5811=ORIENTED_EDGE('',*,*,#3732,.T.);
#5812=ORIENTED_EDGE('',*,*,#3730,.T.);
#5813=ORIENTED_EDGE('',*,*,#3728,.T.);
#5814=ORIENTED_EDGE('',*,*,#3726,.T.);
#5815=ORIENTED_EDGE('',*,*,#3724,.T.);
#5816=ORIENTED_EDGE('',*,*,#3722,.T.);
#5817=ORIENTED_EDGE('',*,*,#3720,.T.);
#5818=ORIENTED_EDGE('',*,*,#3718,.T.);
#5819=ORIENTED_EDGE('',*,*,#3716,.T.);
#5820=ORIENTED_EDGE('',*,*,#3714,.T.);
#5821=ORIENTED_EDGE('',*,*,#3712,.T.);
#5822=ORIENTED_EDGE('',*,*,#3710,.T.);
#5823=ORIENTED_EDGE('',*,*,#3708,.T.);
#5824=ORIENTED_EDGE('',*,*,#3706,.T.);
#5825=ORIENTED_EDGE('',*,*,#3704,.T.);
#5826=ORIENTED_EDGE('',*,*,#3702,.T.);
#5827=ORIENTED_EDGE('',*,*,#3700,.T.);
#5828=ORIENTED_EDGE('',*,*,#3698,.T.);
#5829=ORIENTED_EDGE('',*,*,#3696,.T.);
#5830=ORIENTED_EDGE('',*,*,#3694,.T.);
#5831=ORIENTED_EDGE('',*,*,#3692,.T.);
#5832=ORIENTED_EDGE('',*,*,#3690,.T.);
#5833=ORIENTED_EDGE('',*,*,#3688,.T.);
#5834=ORIENTED_EDGE('',*,*,#3686,.T.);
#5835=ORIENTED_EDGE('',*,*,#3684,.T.);
#5836=ORIENTED_EDGE('',*,*,#3682,.T.);
#5837=ORIENTED_EDGE('',*,*,#3680,.T.);
#5838=ORIENTED_EDGE('',*,*,#3678,.T.);
#5839=ORIENTED_EDGE('',*,*,#3676,.T.);
#5840=ORIENTED_EDGE('',*,*,#3674,.T.);
#5841=ORIENTED_EDGE('',*,*,#3672,.T.);
#5842=ORIENTED_EDGE('',*,*,#3670,.T.);
#5843=ORIENTED_EDGE('',*,*,#3668,.T.);
#5844=ORIENTED_EDGE('',*,*,#3666,.T.);
#5845=ORIENTED_EDGE('',*,*,#3664,.T.);
#5846=ORIENTED_EDGE('',*,*,#3662,.T.);
#5847=ORIENTED_EDGE('',*,*,#3660,.T.);
#5848=ORIENTED_EDGE('',*,*,#3658,.T.);
#5849=ORIENTED_EDGE('',*,*,#3656,.T.);
#5850=ORIENTED_EDGE('',*,*,#3654,.T.);
#5851=ORIENTED_EDGE('',*,*,#3652,.T.);
#5852=ORIENTED_EDGE('',*,*,#3650,.T.);
#5853=ORIENTED_EDGE('',*,*,#3648,.T.);
#5854=ORIENTED_EDGE('',*,*,#3646,.T.);
#5855=ORIENTED_EDGE('',*,*,#3644,.T.);
#5856=ORIENTED_EDGE('',*,*,#3642,.T.);
#5857=ORIENTED_EDGE('',*,*,#3640,.T.);
#5858=ORIENTED_EDGE('',*,*,#3638,.T.);
#5859=ORIENTED_EDGE('',*,*,#3636,.T.);
#5860=ORIENTED_EDGE('',*,*,#3634,.T.);
#5861=ORIENTED_EDGE('',*,*,#3632,.T.);
#5862=ORIENTED_EDGE('',*,*,#3630,.T.);
#5863=ORIENTED_EDGE('',*,*,#3628,.T.);
#5864=ORIENTED_EDGE('',*,*,#3626,.T.);
#5865=ORIENTED_EDGE('',*,*,#3624,.T.);
#5866=ORIENTED_EDGE('',*,*,#3622,.T.);
#5867=ORIENTED_EDGE('',*,*,#3620,.T.);
#5868=ORIENTED_EDGE('',*,*,#3618,.T.);
#5869=ORIENTED_EDGE('',*,*,#3616,.T.);
#5870=ORIENTED_EDGE('',*,*,#3614,.T.);
#5871=ORIENTED_EDGE('',*,*,#3612,.T.);
#5872=ORIENTED_EDGE('',*,*,#3610,.T.);
#5873=ORIENTED_EDGE('',*,*,#3608,.T.);
#5874=ORIENTED_EDGE('',*,*,#3606,.T.);
#5875=ORIENTED_EDGE('',*,*,#3604,.T.);
#5876=ORIENTED_EDGE('',*,*,#3602,.T.);
#5877=ORIENTED_EDGE('',*,*,#3600,.T.);
#5878=ORIENTED_EDGE('',*,*,#3598,.T.);
#5879=ORIENTED_EDGE('',*,*,#3596,.T.);
#5880=ORIENTED_EDGE('',*,*,#3594,.T.);
#5881=ORIENTED_EDGE('',*,*,#3592,.T.);
#5882=ORIENTED_EDGE('',*,*,#3590,.T.);
#5883=ORIENTED_EDGE('',*,*,#3588,.T.);
#5884=ORIENTED_EDGE('',*,*,#3586,.T.);
#5885=ORIENTED_EDGE('',*,*,#3584,.T.);
#5886=ORIENTED_EDGE('',*,*,#3582,.T.);
#5887=ORIENTED_EDGE('',*,*,#3580,.T.);
#5888=ORIENTED_EDGE('',*,*,#3578,.T.);
#5889=ORIENTED_EDGE('',*,*,#3576,.T.);
#5890=ORIENTED_EDGE('',*,*,#3574,.T.);
#5891=ORIENTED_EDGE('',*,*,#3572,.T.);
#5892=ORIENTED_EDGE('',*,*,#3570,.T.);
#5893=ORIENTED_EDGE('',*,*,#3568,.T.);
#5894=ORIENTED_EDGE('',*,*,#3566,.T.);
#5895=ORIENTED_EDGE('',*,*,#3564,.T.);
#5896=ORIENTED_EDGE('',*,*,#3562,.T.);
#5897=ORIENTED_EDGE('',*,*,#3560,.T.);
#5898=ORIENTED_EDGE('',*,*,#3558,.T.);
#5899=ORIENTED_EDGE('',*,*,#3556,.T.);
#5900=ORIENTED_EDGE('',*,*,#3554,.T.);
#5901=ORIENTED_EDGE('',*,*,#3539,.T.);
#5902=ORIENTED_EDGE('',*,*,#3537,.T.);
#5903=ORIENTED_EDGE('',*,*,#3535,.T.);
#5904=ORIENTED_EDGE('',*,*,#3533,.T.);
#5905=ORIENTED_EDGE('',*,*,#3531,.T.);
#5906=ORIENTED_EDGE('',*,*,#3529,.T.);
#5907=ORIENTED_EDGE('',*,*,#3527,.T.);
#5908=ORIENTED_EDGE('',*,*,#3525,.T.);
#5909=ORIENTED_EDGE('',*,*,#3523,.T.);
#5910=ORIENTED_EDGE('',*,*,#3521,.T.);
#5911=ORIENTED_EDGE('',*,*,#3519,.T.);
#5912=ORIENTED_EDGE('',*,*,#3517,.T.);
#5913=ORIENTED_EDGE('',*,*,#4074,.F.);
#5914=ORIENTED_EDGE('',*,*,#4075,.F.);
#5915=ORIENTED_EDGE('',*,*,#4076,.F.);
#5916=ORIENTED_EDGE('',*,*,#4077,.F.);
#5917=ORIENTED_EDGE('',*,*,#4074,.T.);
#5918=ORIENTED_EDGE('',*,*,#4078,.T.);
#5919=ORIENTED_EDGE('',*,*,#4079,.F.);
#5920=ORIENTED_EDGE('',*,*,#4080,.F.);
#5921=ORIENTED_EDGE('',*,*,#4081,.F.);
#5922=ORIENTED_EDGE('',*,*,#4082,.F.);
#5923=ORIENTED_EDGE('',*,*,#4083,.F.);
#5924=ORIENTED_EDGE('',*,*,#4084,.F.);
#5925=ORIENTED_EDGE('',*,*,#4085,.F.);
#5926=ORIENTED_EDGE('',*,*,#4086,.F.);
#5927=ORIENTED_EDGE('',*,*,#4087,.F.);
#5928=ORIENTED_EDGE('',*,*,#4088,.F.);
#5929=ORIENTED_EDGE('',*,*,#4089,.F.);
#5930=ORIENTED_EDGE('',*,*,#4090,.F.);
#5931=ORIENTED_EDGE('',*,*,#4091,.F.);
#5932=ORIENTED_EDGE('',*,*,#4092,.F.);
#5933=ORIENTED_EDGE('',*,*,#4093,.F.);
#5934=ORIENTED_EDGE('',*,*,#4094,.F.);
#5935=ORIENTED_EDGE('',*,*,#4095,.F.);
#5936=ORIENTED_EDGE('',*,*,#4096,.F.);
#5937=ORIENTED_EDGE('',*,*,#4097,.F.);
#5938=ORIENTED_EDGE('',*,*,#4098,.F.);
#5939=ORIENTED_EDGE('',*,*,#4099,.F.);
#5940=ORIENTED_EDGE('',*,*,#4100,.F.);
#5941=ORIENTED_EDGE('',*,*,#4101,.F.);
#5942=ORIENTED_EDGE('',*,*,#4102,.F.);
#5943=ORIENTED_EDGE('',*,*,#4103,.F.);
#5944=ORIENTED_EDGE('',*,*,#4104,.F.);
#5945=ORIENTED_EDGE('',*,*,#4105,.T.);
#5946=ORIENTED_EDGE('',*,*,#4106,.T.);
#5947=ORIENTED_EDGE('',*,*,#4107,.F.);
#5948=ORIENTED_EDGE('',*,*,#4108,.F.);
#5949=ORIENTED_EDGE('',*,*,#4109,.F.);
#5950=ORIENTED_EDGE('',*,*,#4110,.T.);
#5951=ORIENTED_EDGE('',*,*,#4111,.F.);
#5952=ORIENTED_EDGE('',*,*,#4112,.T.);
#5953=ORIENTED_EDGE('',*,*,#4113,.F.);
#5954=ORIENTED_EDGE('',*,*,#4114,.T.);
#5955=ORIENTED_EDGE('',*,*,#4115,.F.);
#5956=ORIENTED_EDGE('',*,*,#4116,.T.);
#5957=ORIENTED_EDGE('',*,*,#4117,.F.);
#5958=ORIENTED_EDGE('',*,*,#4118,.T.);
#5959=ORIENTED_EDGE('',*,*,#4119,.F.);
#5960=ORIENTED_EDGE('',*,*,#4120,.T.);
#5961=ORIENTED_EDGE('',*,*,#4121,.F.);
#5962=ORIENTED_EDGE('',*,*,#4122,.T.);
#5963=ORIENTED_EDGE('',*,*,#4123,.F.);
#5964=ORIENTED_EDGE('',*,*,#4124,.T.);
#5965=ORIENTED_EDGE('',*,*,#4125,.F.);
#5966=ORIENTED_EDGE('',*,*,#4126,.T.);
#5967=ORIENTED_EDGE('',*,*,#4127,.T.);
#5968=ORIENTED_EDGE('',*,*,#4092,.T.);
#5969=ORIENTED_EDGE('',*,*,#4128,.T.);
#5970=ORIENTED_EDGE('',*,*,#4129,.F.);
#5971=ORIENTED_EDGE('',*,*,#4130,.F.);
#5972=ORIENTED_EDGE('',*,*,#4093,.T.);
#5973=ORIENTED_EDGE('',*,*,#4130,.T.);
#5974=ORIENTED_EDGE('',*,*,#4131,.F.);
#5975=ORIENTED_EDGE('',*,*,#4132,.F.);
#5976=ORIENTED_EDGE('',*,*,#4094,.T.);
#5977=ORIENTED_EDGE('',*,*,#4132,.T.);
#5978=ORIENTED_EDGE('',*,*,#4133,.F.);
#5979=ORIENTED_EDGE('',*,*,#4134,.F.);
#5980=ORIENTED_EDGE('',*,*,#4095,.T.);
#5981=ORIENTED_EDGE('',*,*,#4134,.T.);
#5982=ORIENTED_EDGE('',*,*,#4135,.F.);
#5983=ORIENTED_EDGE('',*,*,#4136,.F.);
#5984=ORIENTED_EDGE('',*,*,#4096,.T.);
#5985=ORIENTED_EDGE('',*,*,#4136,.T.);
#5986=ORIENTED_EDGE('',*,*,#4137,.F.);
#5987=ORIENTED_EDGE('',*,*,#4138,.F.);
#5988=ORIENTED_EDGE('',*,*,#4097,.T.);
#5989=ORIENTED_EDGE('',*,*,#4138,.T.);
#5990=ORIENTED_EDGE('',*,*,#4139,.F.);
#5991=ORIENTED_EDGE('',*,*,#4140,.F.);
#5992=ORIENTED_EDGE('',*,*,#4098,.T.);
#5993=ORIENTED_EDGE('',*,*,#4140,.T.);
#5994=ORIENTED_EDGE('',*,*,#4141,.F.);
#5995=ORIENTED_EDGE('',*,*,#4142,.F.);
#5996=ORIENTED_EDGE('',*,*,#4099,.T.);
#5997=ORIENTED_EDGE('',*,*,#4142,.T.);
#5998=ORIENTED_EDGE('',*,*,#4143,.F.);
#5999=ORIENTED_EDGE('',*,*,#4144,.F.);
#6000=ORIENTED_EDGE('',*,*,#4100,.T.);
#6001=ORIENTED_EDGE('',*,*,#4144,.T.);
#6002=ORIENTED_EDGE('',*,*,#4145,.F.);
#6003=ORIENTED_EDGE('',*,*,#4146,.F.);
#6004=ORIENTED_EDGE('',*,*,#4101,.T.);
#6005=ORIENTED_EDGE('',*,*,#4146,.T.);
#6006=ORIENTED_EDGE('',*,*,#4147,.F.);
#6007=ORIENTED_EDGE('',*,*,#4148,.F.);
#6008=ORIENTED_EDGE('',*,*,#4102,.T.);
#6009=ORIENTED_EDGE('',*,*,#4148,.T.);
#6010=ORIENTED_EDGE('',*,*,#4149,.F.);
#6011=ORIENTED_EDGE('',*,*,#4150,.F.);
#6012=ORIENTED_EDGE('',*,*,#4103,.T.);
#6013=ORIENTED_EDGE('',*,*,#4150,.T.);
#6014=ORIENTED_EDGE('',*,*,#4151,.F.);
#6015=ORIENTED_EDGE('',*,*,#4152,.F.);
#6016=ORIENTED_EDGE('',*,*,#4104,.T.);
#6017=ORIENTED_EDGE('',*,*,#4152,.T.);
#6018=ORIENTED_EDGE('',*,*,#4153,.F.);
#6019=ORIENTED_EDGE('',*,*,#4154,.F.);
#6020=ORIENTED_EDGE('',*,*,#4105,.F.);
#6021=ORIENTED_EDGE('',*,*,#4154,.T.);
#6022=ORIENTED_EDGE('',*,*,#4155,.F.);
#6023=ORIENTED_EDGE('',*,*,#4078,.F.);
#6024=ORIENTED_EDGE('',*,*,#4077,.T.);
#6025=ORIENTED_EDGE('',*,*,#4156,.F.);
#6026=ORIENTED_EDGE('',*,*,#4081,.T.);
#6027=ORIENTED_EDGE('',*,*,#4157,.F.);
#6028=ORIENTED_EDGE('',*,*,#4075,.T.);
#6029=ORIENTED_EDGE('',*,*,#4080,.T.);
#6030=ORIENTED_EDGE('',*,*,#4158,.F.);
#6031=ORIENTED_EDGE('',*,*,#4159,.F.);
#6032=ORIENTED_EDGE('',*,*,#4082,.T.);
#6033=ORIENTED_EDGE('',*,*,#4159,.T.);
#6034=ORIENTED_EDGE('',*,*,#4160,.F.);
#6035=ORIENTED_EDGE('',*,*,#4161,.F.);
#6036=ORIENTED_EDGE('',*,*,#4083,.T.);
#6037=ORIENTED_EDGE('',*,*,#4161,.T.);
#6038=ORIENTED_EDGE('',*,*,#4162,.F.);
#6039=ORIENTED_EDGE('',*,*,#4163,.F.);
#6040=ORIENTED_EDGE('',*,*,#4084,.T.);
#6041=ORIENTED_EDGE('',*,*,#4163,.T.);
#6042=ORIENTED_EDGE('',*,*,#4164,.F.);
#6043=ORIENTED_EDGE('',*,*,#4165,.F.);
#6044=ORIENTED_EDGE('',*,*,#4085,.T.);
#6045=ORIENTED_EDGE('',*,*,#4165,.T.);
#6046=ORIENTED_EDGE('',*,*,#4166,.F.);
#6047=ORIENTED_EDGE('',*,*,#4167,.F.);
#6048=ORIENTED_EDGE('',*,*,#4086,.T.);
#6049=ORIENTED_EDGE('',*,*,#4167,.T.);
#6050=ORIENTED_EDGE('',*,*,#4168,.F.);
#6051=ORIENTED_EDGE('',*,*,#4169,.F.);
#6052=ORIENTED_EDGE('',*,*,#4087,.T.);
#6053=ORIENTED_EDGE('',*,*,#4169,.T.);
#6054=ORIENTED_EDGE('',*,*,#4170,.F.);
#6055=ORIENTED_EDGE('',*,*,#4171,.F.);
#6056=ORIENTED_EDGE('',*,*,#4088,.T.);
#6057=ORIENTED_EDGE('',*,*,#4171,.T.);
#6058=ORIENTED_EDGE('',*,*,#4172,.F.);
#6059=ORIENTED_EDGE('',*,*,#4173,.F.);
#6060=ORIENTED_EDGE('',*,*,#4089,.T.);
#6061=ORIENTED_EDGE('',*,*,#4173,.T.);
#6062=ORIENTED_EDGE('',*,*,#4174,.F.);
#6063=ORIENTED_EDGE('',*,*,#4175,.F.);
#6064=ORIENTED_EDGE('',*,*,#4090,.T.);
#6065=ORIENTED_EDGE('',*,*,#4175,.T.);
#6066=ORIENTED_EDGE('',*,*,#4176,.F.);
#6067=ORIENTED_EDGE('',*,*,#4177,.F.);
#6068=ORIENTED_EDGE('',*,*,#4091,.T.);
#6069=ORIENTED_EDGE('',*,*,#4177,.T.);
#6070=ORIENTED_EDGE('',*,*,#4178,.F.);
#6071=ORIENTED_EDGE('',*,*,#4128,.F.);
#6072=ORIENTED_EDGE('',*,*,#4124,.F.);
#6073=ORIENTED_EDGE('',*,*,#4179,.T.);
#6074=ORIENTED_EDGE('',*,*,#4180,.F.);
#6075=ORIENTED_EDGE('',*,*,#4181,.F.);
#6076=ORIENTED_EDGE('',*,*,#4125,.T.);
#6077=ORIENTED_EDGE('',*,*,#4181,.T.);
#6078=ORIENTED_EDGE('',*,*,#4182,.F.);
#6079=ORIENTED_EDGE('',*,*,#4183,.F.);
#6080=ORIENTED_EDGE('',*,*,#4126,.F.);
#6081=ORIENTED_EDGE('',*,*,#4183,.T.);
#6082=ORIENTED_EDGE('',*,*,#4184,.F.);
#6083=ORIENTED_EDGE('',*,*,#4185,.F.);
#6084=ORIENTED_EDGE('',*,*,#4157,.T.);
#6085=ORIENTED_EDGE('',*,*,#4127,.F.);
#6086=ORIENTED_EDGE('',*,*,#4185,.T.);
#6087=ORIENTED_EDGE('',*,*,#4186,.F.);
#6088=ORIENTED_EDGE('',*,*,#4187,.F.);
#6089=ORIENTED_EDGE('',*,*,#4106,.F.);
#6090=ORIENTED_EDGE('',*,*,#4156,.T.);
#6091=ORIENTED_EDGE('',*,*,#4076,.T.);
#6092=ORIENTED_EDGE('',*,*,#4107,.T.);
#6093=ORIENTED_EDGE('',*,*,#4187,.T.);
#6094=ORIENTED_EDGE('',*,*,#4188,.F.);
#6095=ORIENTED_EDGE('',*,*,#4189,.F.);
#6096=ORIENTED_EDGE('',*,*,#4108,.T.);
#6097=ORIENTED_EDGE('',*,*,#4189,.T.);
#6098=ORIENTED_EDGE('',*,*,#4190,.F.);
#6099=ORIENTED_EDGE('',*,*,#4191,.F.);
#6100=ORIENTED_EDGE('',*,*,#4109,.T.);
#6101=ORIENTED_EDGE('',*,*,#4191,.T.);
#6102=ORIENTED_EDGE('',*,*,#4192,.F.);
#6103=ORIENTED_EDGE('',*,*,#4193,.F.);
#6104=ORIENTED_EDGE('',*,*,#4110,.F.);
#6105=ORIENTED_EDGE('',*,*,#4193,.T.);
#6106=ORIENTED_EDGE('',*,*,#4194,.F.);
#6107=ORIENTED_EDGE('',*,*,#4195,.F.);
#6108=ORIENTED_EDGE('',*,*,#4111,.T.);
#6109=ORIENTED_EDGE('',*,*,#4195,.T.);
#6110=ORIENTED_EDGE('',*,*,#4196,.F.);
#6111=ORIENTED_EDGE('',*,*,#4197,.F.);
#6112=ORIENTED_EDGE('',*,*,#4112,.F.);
#6113=ORIENTED_EDGE('',*,*,#4197,.T.);
#6114=ORIENTED_EDGE('',*,*,#4198,.F.);
#6115=ORIENTED_EDGE('',*,*,#4199,.F.);
#6116=ORIENTED_EDGE('',*,*,#4113,.T.);
#6117=ORIENTED_EDGE('',*,*,#4199,.T.);
#6118=ORIENTED_EDGE('',*,*,#4200,.F.);
#6119=ORIENTED_EDGE('',*,*,#4201,.F.);
#6120=ORIENTED_EDGE('',*,*,#4114,.F.);
#6121=ORIENTED_EDGE('',*,*,#4201,.T.);
#6122=ORIENTED_EDGE('',*,*,#4202,.F.);
#6123=ORIENTED_EDGE('',*,*,#4203,.F.);
#6124=ORIENTED_EDGE('',*,*,#4115,.T.);
#6125=ORIENTED_EDGE('',*,*,#4203,.T.);
#6126=ORIENTED_EDGE('',*,*,#4204,.F.);
#6127=ORIENTED_EDGE('',*,*,#4205,.F.);
#6128=ORIENTED_EDGE('',*,*,#4116,.F.);
#6129=ORIENTED_EDGE('',*,*,#4205,.T.);
#6130=ORIENTED_EDGE('',*,*,#4206,.F.);
#6131=ORIENTED_EDGE('',*,*,#4207,.F.);
#6132=ORIENTED_EDGE('',*,*,#4117,.T.);
#6133=ORIENTED_EDGE('',*,*,#4207,.T.);
#6134=ORIENTED_EDGE('',*,*,#4208,.F.);
#6135=ORIENTED_EDGE('',*,*,#4209,.F.);
#6136=ORIENTED_EDGE('',*,*,#4118,.F.);
#6137=ORIENTED_EDGE('',*,*,#4209,.T.);
#6138=ORIENTED_EDGE('',*,*,#4210,.F.);
#6139=ORIENTED_EDGE('',*,*,#4211,.F.);
#6140=ORIENTED_EDGE('',*,*,#4119,.T.);
#6141=ORIENTED_EDGE('',*,*,#4211,.T.);
#6142=ORIENTED_EDGE('',*,*,#4212,.F.);
#6143=ORIENTED_EDGE('',*,*,#4213,.F.);
#6144=ORIENTED_EDGE('',*,*,#4120,.F.);
#6145=ORIENTED_EDGE('',*,*,#4213,.T.);
#6146=ORIENTED_EDGE('',*,*,#4214,.F.);
#6147=ORIENTED_EDGE('',*,*,#4215,.F.);
#6148=ORIENTED_EDGE('',*,*,#4121,.T.);
#6149=ORIENTED_EDGE('',*,*,#4215,.T.);
#6150=ORIENTED_EDGE('',*,*,#4216,.F.);
#6151=ORIENTED_EDGE('',*,*,#4217,.F.);
#6152=ORIENTED_EDGE('',*,*,#4122,.F.);
#6153=ORIENTED_EDGE('',*,*,#4217,.T.);
#6154=ORIENTED_EDGE('',*,*,#4218,.F.);
#6155=ORIENTED_EDGE('',*,*,#4219,.F.);
#6156=ORIENTED_EDGE('',*,*,#4123,.T.);
#6157=ORIENTED_EDGE('',*,*,#4219,.T.);
#6158=ORIENTED_EDGE('',*,*,#4220,.F.);
#6159=ORIENTED_EDGE('',*,*,#4179,.F.);
#6160=ORIENTED_EDGE('',*,*,#4220,.T.);
#6161=ORIENTED_EDGE('',*,*,#4218,.T.);
#6162=ORIENTED_EDGE('',*,*,#4216,.T.);
#6163=ORIENTED_EDGE('',*,*,#4214,.T.);
#6164=ORIENTED_EDGE('',*,*,#4212,.T.);
#6165=ORIENTED_EDGE('',*,*,#4210,.T.);
#6166=ORIENTED_EDGE('',*,*,#4208,.T.);
#6167=ORIENTED_EDGE('',*,*,#4206,.T.);
#6168=ORIENTED_EDGE('',*,*,#4204,.T.);
#6169=ORIENTED_EDGE('',*,*,#4202,.T.);
#6170=ORIENTED_EDGE('',*,*,#4200,.T.);
#6171=ORIENTED_EDGE('',*,*,#4198,.T.);
#6172=ORIENTED_EDGE('',*,*,#4196,.T.);
#6173=ORIENTED_EDGE('',*,*,#4194,.T.);
#6174=ORIENTED_EDGE('',*,*,#4192,.T.);
#6175=ORIENTED_EDGE('',*,*,#4190,.T.);
#6176=ORIENTED_EDGE('',*,*,#4188,.T.);
#6177=ORIENTED_EDGE('',*,*,#4186,.T.);
#6178=ORIENTED_EDGE('',*,*,#4184,.T.);
#6179=ORIENTED_EDGE('',*,*,#4182,.T.);
#6180=ORIENTED_EDGE('',*,*,#4180,.T.);
#6181=ORIENTED_EDGE('',*,*,#4178,.T.);
#6182=ORIENTED_EDGE('',*,*,#4176,.T.);
#6183=ORIENTED_EDGE('',*,*,#4174,.T.);
#6184=ORIENTED_EDGE('',*,*,#4172,.T.);
#6185=ORIENTED_EDGE('',*,*,#4170,.T.);
#6186=ORIENTED_EDGE('',*,*,#4168,.T.);
#6187=ORIENTED_EDGE('',*,*,#4166,.T.);
#6188=ORIENTED_EDGE('',*,*,#4164,.T.);
#6189=ORIENTED_EDGE('',*,*,#4162,.T.);
#6190=ORIENTED_EDGE('',*,*,#4160,.T.);
#6191=ORIENTED_EDGE('',*,*,#4158,.T.);
#6192=ORIENTED_EDGE('',*,*,#4079,.T.);
#6193=ORIENTED_EDGE('',*,*,#4155,.T.);
#6194=ORIENTED_EDGE('',*,*,#4153,.T.);
#6195=ORIENTED_EDGE('',*,*,#4151,.T.);
#6196=ORIENTED_EDGE('',*,*,#4149,.T.);
#6197=ORIENTED_EDGE('',*,*,#4147,.T.);
#6198=ORIENTED_EDGE('',*,*,#4145,.T.);
#6199=ORIENTED_EDGE('',*,*,#4143,.T.);
#6200=ORIENTED_EDGE('',*,*,#4141,.T.);
#6201=ORIENTED_EDGE('',*,*,#4139,.T.);
#6202=ORIENTED_EDGE('',*,*,#4137,.T.);
#6203=ORIENTED_EDGE('',*,*,#4135,.T.);
#6204=ORIENTED_EDGE('',*,*,#4133,.T.);
#6205=ORIENTED_EDGE('',*,*,#4131,.T.);
#6206=ORIENTED_EDGE('',*,*,#4129,.T.);
#6207=PLANE('',#6679);
#6208=PLANE('',#6680);
#6209=PLANE('',#6681);
#6210=PLANE('',#6683);
#6211=PLANE('',#6684);
#6212=PLANE('',#6685);
#6213=PLANE('',#6686);
#6214=PLANE('',#6687);
#6215=PLANE('',#6688);
#6216=PLANE('',#6689);
#6217=PLANE('',#6690);
#6218=PLANE('',#6691);
#6219=PLANE('',#6692);
#6220=PLANE('',#6693);
#6221=PLANE('',#6694);
#6222=PLANE('',#6695);
#6223=PLANE('',#6696);
#6224=PLANE('',#6697);
#6225=PLANE('',#6698);
#6226=PLANE('',#6699);
#6227=PLANE('',#6700);
#6228=PLANE('',#6701);
#6229=PLANE('',#6702);
#6230=PLANE('',#6703);
#6231=PLANE('',#6704);
#6232=PLANE('',#6705);
#6233=PLANE('',#6706);
#6234=PLANE('',#6707);
#6235=PLANE('',#6708);
#6236=PLANE('',#6709);
#6237=PLANE('',#6710);
#6238=PLANE('',#6711);
#6239=PLANE('',#6712);
#6240=PLANE('',#6713);
#6241=PLANE('',#6714);
#6242=PLANE('',#6715);
#6243=PLANE('',#6716);
#6244=PLANE('',#6717);
#6245=PLANE('',#6718);
#6246=PLANE('',#6719);
#6247=PLANE('',#6720);
#6248=PLANE('',#6721);
#6249=PLANE('',#6722);
#6250=PLANE('',#6723);
#6251=PLANE('',#6724);
#6252=PLANE('',#6725);
#6253=PLANE('',#6726);
#6254=PLANE('',#6727);
#6255=PLANE('',#6728);
#6256=PLANE('',#6729);
#6257=PLANE('',#6730);
#6258=PLANE('',#6731);
#6259=PLANE('',#6732);
#6260=PLANE('',#6733);
#6261=PLANE('',#6734);
#6262=PLANE('',#6735);
#6263=PLANE('',#6736);
#6264=PLANE('',#6737);
#6265=PLANE('',#6738);
#6266=PLANE('',#6739);
#6267=PLANE('',#6740);
#6268=PLANE('',#6741);
#6269=PLANE('',#6742);
#6270=PLANE('',#6743);
#6271=PLANE('',#6744);
#6272=PLANE('',#6745);
#6273=PLANE('',#6746);
#6274=PLANE('',#6747);
#6275=PLANE('',#6748);
#6276=PLANE('',#6749);
#6277=PLANE('',#6750);
#6278=PLANE('',#6751);
#6279=PLANE('',#6752);
#6280=PLANE('',#6753);
#6281=PLANE('',#6754);
#6282=PLANE('',#6755);
#6283=PLANE('',#6756);
#6284=PLANE('',#6757);
#6285=PLANE('',#6758);
#6286=PLANE('',#6759);
#6287=PLANE('',#6760);
#6288=PLANE('',#6761);
#6289=PLANE('',#6762);
#6290=PLANE('',#6763);
#6291=PLANE('',#6764);
#6292=PLANE('',#6765);
#6293=PLANE('',#6766);
#6294=PLANE('',#6767);
#6295=PLANE('',#6770);
#6296=PLANE('',#6771);
#6297=PLANE('',#6772);
#6298=PLANE('',#6773);
#6299=PLANE('',#6774);
#6300=PLANE('',#6775);
#6301=PLANE('',#6776);
#6302=PLANE('',#6777);
#6303=PLANE('',#6778);
#6304=PLANE('',#6779);
#6305=PLANE('',#6780);
#6306=PLANE('',#6783);
#6307=PLANE('',#6784);
#6308=PLANE('',#6785);
#6309=PLANE('',#6786);
#6310=PLANE('',#6787);
#6311=PLANE('',#6790);
#6312=PLANE('',#6791);
#6313=PLANE('',#6792);
#6314=PLANE('',#6793);
#6315=PLANE('',#6794);
#6316=PLANE('',#6795);
#6317=PLANE('',#6796);
#6318=PLANE('',#6797);
#6319=PLANE('',#6798);
#6320=PLANE('',#6799);
#6321=PLANE('',#6800);
#6322=PLANE('',#6803);
#6323=PLANE('',#6804);
#6324=PLANE('',#6805);
#6325=PLANE('',#6806);
#6326=PLANE('',#6807);
#6327=PLANE('',#6808);
#6328=PLANE('',#6809);
#6329=PLANE('',#6810);
#6330=ADVANCED_FACE('',(#703),#6207,.T.);
#6331=ADVANCED_FACE('',(#704),#6208,.T.);
#6332=ADVANCED_FACE('',(#705,#228,#229,#230,#231,#232,#233,#234,#235,#236,
#237,#238,#239,#240,#241,#242,#243,#244,#245,#246,#247,#248,#249,#250,#251,
#252,#253),#6209,.F.);
#6333=ADVANCED_FACE('',(#706),#6210,.T.);
#6334=ADVANCED_FACE('',(#707),#20,.T.);
#6335=ADVANCED_FACE('',(#708),#21,.T.);
#6336=ADVANCED_FACE('',(#709),#6211,.T.);
#6337=ADVANCED_FACE('',(#710),#22,.T.);
#6338=ADVANCED_FACE('',(#711),#23,.T.);
#6339=ADVANCED_FACE('',(#712),#6212,.T.);
#6340=ADVANCED_FACE('',(#713),#24,.T.);
#6341=ADVANCED_FACE('',(#714),#25,.T.);
#6342=ADVANCED_FACE('',(#715),#6213,.T.);
#6343=ADVANCED_FACE('',(#716),#26,.T.);
#6344=ADVANCED_FACE('',(#717),#27,.T.);
#6345=ADVANCED_FACE('',(#718),#6214,.T.);
#6346=ADVANCED_FACE('',(#719),#6215,.T.);
#6347=ADVANCED_FACE('',(#720),#6216,.T.);
#6348=ADVANCED_FACE('',(#721),#6217,.T.);
#6349=ADVANCED_FACE('',(#722),#6218,.T.);
#6350=ADVANCED_FACE('',(#723),#6219,.T.);
#6351=ADVANCED_FACE('',(#724),#6220,.T.);
#6352=ADVANCED_FACE('',(#725),#28,.T.);
#6353=ADVANCED_FACE('',(#726),#29,.T.);
#6354=ADVANCED_FACE('',(#727),#30,.T.);
#6355=ADVANCED_FACE('',(#728),#31,.T.);
#6356=ADVANCED_FACE('',(#729),#32,.T.);
#6357=ADVANCED_FACE('',(#730),#33,.T.);
#6358=ADVANCED_FACE('',(#731),#34,.T.);
#6359=ADVANCED_FACE('',(#732),#35,.T.);
#6360=ADVANCED_FACE('',(#733),#36,.T.);
#6361=ADVANCED_FACE('',(#734),#37,.T.);
#6362=ADVANCED_FACE('',(#735),#38,.T.);
#6363=ADVANCED_FACE('',(#736),#39,.T.);
#6364=ADVANCED_FACE('',(#737),#40,.T.);
#6365=ADVANCED_FACE('',(#738),#41,.T.);
#6366=ADVANCED_FACE('',(#739),#42,.T.);
#6367=ADVANCED_FACE('',(#740),#43,.T.);
#6368=ADVANCED_FACE('',(#741),#44,.T.);
#6369=ADVANCED_FACE('',(#742),#45,.T.);
#6370=ADVANCED_FACE('',(#743),#46,.T.);
#6371=ADVANCED_FACE('',(#744),#47,.T.);
#6372=ADVANCED_FACE('',(#745),#48,.T.);
#6373=ADVANCED_FACE('',(#746),#49,.T.);
#6374=ADVANCED_FACE('',(#747),#50,.T.);
#6375=ADVANCED_FACE('',(#748),#51,.T.);
#6376=ADVANCED_FACE('',(#749),#52,.T.);
#6377=ADVANCED_FACE('',(#750),#53,.T.);
#6378=ADVANCED_FACE('',(#751),#54,.T.);
#6379=ADVANCED_FACE('',(#752),#55,.T.);
#6380=ADVANCED_FACE('',(#753),#56,.T.);
#6381=ADVANCED_FACE('',(#754),#6221,.T.);
#6382=ADVANCED_FACE('',(#755),#57,.T.);
#6383=ADVANCED_FACE('',(#756),#6222,.T.);
#6384=ADVANCED_FACE('',(#757),#58,.T.);
#6385=ADVANCED_FACE('',(#758),#6223,.T.);
#6386=ADVANCED_FACE('',(#759),#59,.T.);
#6387=ADVANCED_FACE('',(#760),#6224,.T.);
#6388=ADVANCED_FACE('',(#761),#60,.T.);
#6389=ADVANCED_FACE('',(#762),#6225,.T.);
#6390=ADVANCED_FACE('',(#763),#6226,.T.);
#6391=ADVANCED_FACE('',(#764),#6227,.T.);
#6392=ADVANCED_FACE('',(#765),#6228,.T.);
#6393=ADVANCED_FACE('',(#766),#61,.T.);
#6394=ADVANCED_FACE('',(#767),#62,.T.);
#6395=ADVANCED_FACE('',(#768),#63,.T.);
#6396=ADVANCED_FACE('',(#769),#64,.T.);
#6397=ADVANCED_FACE('',(#770),#65,.T.);
#6398=ADVANCED_FACE('',(#771),#66,.T.);
#6399=ADVANCED_FACE('',(#772),#67,.T.);
#6400=ADVANCED_FACE('',(#773),#68,.T.);
#6401=ADVANCED_FACE('',(#774),#69,.T.);
#6402=ADVANCED_FACE('',(#775),#70,.T.);
#6403=ADVANCED_FACE('',(#776),#71,.T.);
#6404=ADVANCED_FACE('',(#777),#72,.T.);
#6405=ADVANCED_FACE('',(#778),#6229,.T.);
#6406=ADVANCED_FACE('',(#779),#73,.T.);
#6407=ADVANCED_FACE('',(#780),#74,.T.);
#6408=ADVANCED_FACE('',(#781),#6230,.T.);
#6409=ADVANCED_FACE('',(#782),#75,.T.);
#6410=ADVANCED_FACE('',(#783),#76,.T.);
#6411=ADVANCED_FACE('',(#784),#6231,.T.);
#6412=ADVANCED_FACE('',(#785),#77,.T.);
#6413=ADVANCED_FACE('',(#786),#78,.T.);
#6414=ADVANCED_FACE('',(#787),#6232,.T.);
#6415=ADVANCED_FACE('',(#788),#79,.T.);
#6416=ADVANCED_FACE('',(#789),#80,.T.);
#6417=ADVANCED_FACE('',(#790),#6233,.T.);
#6418=ADVANCED_FACE('',(#791),#81,.T.);
#6419=ADVANCED_FACE('',(#792),#82,.T.);
#6420=ADVANCED_FACE('',(#793),#6234,.T.);
#6421=ADVANCED_FACE('',(#794),#83,.T.);
#6422=ADVANCED_FACE('',(#795),#84,.T.);
#6423=ADVANCED_FACE('',(#796),#6235,.T.);
#6424=ADVANCED_FACE('',(#797),#85,.T.);
#6425=ADVANCED_FACE('',(#798),#86,.T.);
#6426=ADVANCED_FACE('',(#799),#6236,.T.);
#6427=ADVANCED_FACE('',(#800),#87,.T.);
#6428=ADVANCED_FACE('',(#801),#88,.T.);
#6429=ADVANCED_FACE('',(#802),#6237,.T.);
#6430=ADVANCED_FACE('',(#803),#89,.T.);
#6431=ADVANCED_FACE('',(#804),#90,.T.);
#6432=ADVANCED_FACE('',(#805),#6238,.T.);
#6433=ADVANCED_FACE('',(#806),#91,.T.);
#6434=ADVANCED_FACE('',(#807),#92,.T.);
#6435=ADVANCED_FACE('',(#808),#6239,.T.);
#6436=ADVANCED_FACE('',(#809),#93,.T.);
#6437=ADVANCED_FACE('',(#810),#94,.T.);
#6438=ADVANCED_FACE('',(#811),#6240,.T.);
#6439=ADVANCED_FACE('',(#812),#95,.T.);
#6440=ADVANCED_FACE('',(#813),#96,.T.);
#6441=ADVANCED_FACE('',(#814),#6241,.T.);
#6442=ADVANCED_FACE('',(#815),#97,.T.);
#6443=ADVANCED_FACE('',(#816),#98,.T.);
#6444=ADVANCED_FACE('',(#817),#6242,.T.);
#6445=ADVANCED_FACE('',(#818),#99,.T.);
#6446=ADVANCED_FACE('',(#819),#100,.T.);
#6447=ADVANCED_FACE('',(#820),#6243,.T.);
#6448=ADVANCED_FACE('',(#821),#101,.T.);
#6449=ADVANCED_FACE('',(#822),#102,.T.);
#6450=ADVANCED_FACE('',(#823),#6244,.T.);
#6451=ADVANCED_FACE('',(#824),#103,.T.);
#6452=ADVANCED_FACE('',(#825),#104,.T.);
#6453=ADVANCED_FACE('',(#826),#6245,.T.);
#6454=ADVANCED_FACE('',(#827),#105,.T.);
#6455=ADVANCED_FACE('',(#828),#106,.T.);
#6456=ADVANCED_FACE('',(#829),#6246,.T.);
#6457=ADVANCED_FACE('',(#830),#107,.T.);
#6458=ADVANCED_FACE('',(#831),#108,.T.);
#6459=ADVANCED_FACE('',(#832),#6247,.T.);
#6460=ADVANCED_FACE('',(#833),#109,.T.);
#6461=ADVANCED_FACE('',(#834),#110,.T.);
#6462=ADVANCED_FACE('',(#835),#6248,.T.);
#6463=ADVANCED_FACE('',(#836),#111,.T.);
#6464=ADVANCED_FACE('',(#837),#112,.T.);
#6465=ADVANCED_FACE('',(#838),#6249,.T.);
#6466=ADVANCED_FACE('',(#839),#113,.T.);
#6467=ADVANCED_FACE('',(#840),#114,.T.);
#6468=ADVANCED_FACE('',(#841),#6250,.T.);
#6469=ADVANCED_FACE('',(#842),#115,.T.);
#6470=ADVANCED_FACE('',(#843),#116,.T.);
#6471=ADVANCED_FACE('',(#844),#6251,.T.);
#6472=ADVANCED_FACE('',(#845),#117,.T.);
#6473=ADVANCED_FACE('',(#846),#118,.T.);
#6474=ADVANCED_FACE('',(#847),#6252,.T.);
#6475=ADVANCED_FACE('',(#848),#119,.T.);
#6476=ADVANCED_FACE('',(#849),#120,.T.);
#6477=ADVANCED_FACE('',(#850),#6253,.T.);
#6478=ADVANCED_FACE('',(#851),#121,.T.);
#6479=ADVANCED_FACE('',(#852),#122,.T.);
#6480=ADVANCED_FACE('',(#853),#6254,.T.);
#6481=ADVANCED_FACE('',(#854),#123,.T.);
#6482=ADVANCED_FACE('',(#855),#124,.T.);
#6483=ADVANCED_FACE('',(#856),#6255,.T.);
#6484=ADVANCED_FACE('',(#857),#125,.T.);
#6485=ADVANCED_FACE('',(#858),#126,.T.);
#6486=ADVANCED_FACE('',(#859),#6256,.T.);
#6487=ADVANCED_FACE('',(#860),#127,.T.);
#6488=ADVANCED_FACE('',(#861),#128,.T.);
#6489=ADVANCED_FACE('',(#862),#6257,.T.);
#6490=ADVANCED_FACE('',(#863),#129,.T.);
#6491=ADVANCED_FACE('',(#864),#6258,.T.);
#6492=ADVANCED_FACE('',(#865),#130,.T.);
#6493=ADVANCED_FACE('',(#866),#6259,.T.);
#6494=ADVANCED_FACE('',(#867),#131,.T.);
#6495=ADVANCED_FACE('',(#868),#6260,.T.);
#6496=ADVANCED_FACE('',(#869),#132,.T.);
#6497=ADVANCED_FACE('',(#870),#6261,.T.);
#6498=ADVANCED_FACE('',(#871),#133,.T.);
#6499=ADVANCED_FACE('',(#872),#134,.T.);
#6500=ADVANCED_FACE('',(#873),#6262,.T.);
#6501=ADVANCED_FACE('',(#874),#135,.T.);
#6502=ADVANCED_FACE('',(#875),#136,.T.);
#6503=ADVANCED_FACE('',(#876),#6263,.T.);
#6504=ADVANCED_FACE('',(#877),#137,.T.);
#6505=ADVANCED_FACE('',(#878),#138,.T.);
#6506=ADVANCED_FACE('',(#879),#6264,.T.);
#6507=ADVANCED_FACE('',(#880),#139,.T.);
#6508=ADVANCED_FACE('',(#881),#140,.T.);
#6509=ADVANCED_FACE('',(#882),#6265,.T.);
#6510=ADVANCED_FACE('',(#883),#141,.T.);
#6511=ADVANCED_FACE('',(#884),#142,.T.);
#6512=ADVANCED_FACE('',(#885),#6266,.T.);
#6513=ADVANCED_FACE('',(#886),#143,.T.);
#6514=ADVANCED_FACE('',(#887),#144,.T.);
#6515=ADVANCED_FACE('',(#888),#6267,.T.);
#6516=ADVANCED_FACE('',(#889),#145,.T.);
#6517=ADVANCED_FACE('',(#890),#146,.T.);
#6518=ADVANCED_FACE('',(#891),#6268,.T.);
#6519=ADVANCED_FACE('',(#892),#147,.T.);
#6520=ADVANCED_FACE('',(#893),#148,.T.);
#6521=ADVANCED_FACE('',(#894),#6269,.T.);
#6522=ADVANCED_FACE('',(#895),#149,.T.);
#6523=ADVANCED_FACE('',(#896),#150,.T.);
#6524=ADVANCED_FACE('',(#897),#6270,.T.);
#6525=ADVANCED_FACE('',(#898),#151,.T.);
#6526=ADVANCED_FACE('',(#899),#152,.T.);
#6527=ADVANCED_FACE('',(#900),#6271,.T.);
#6528=ADVANCED_FACE('',(#901),#153,.T.);
#6529=ADVANCED_FACE('',(#902),#154,.T.);
#6530=ADVANCED_FACE('',(#903),#6272,.T.);
#6531=ADVANCED_FACE('',(#904),#155,.T.);
#6532=ADVANCED_FACE('',(#905),#156,.T.);
#6533=ADVANCED_FACE('',(#906),#6273,.T.);
#6534=ADVANCED_FACE('',(#907),#157,.T.);
#6535=ADVANCED_FACE('',(#908),#158,.T.);
#6536=ADVANCED_FACE('',(#909),#6274,.T.);
#6537=ADVANCED_FACE('',(#910),#159,.T.);
#6538=ADVANCED_FACE('',(#911),#160,.T.);
#6539=ADVANCED_FACE('',(#912),#6275,.T.);
#6540=ADVANCED_FACE('',(#913),#161,.T.);
#6541=ADVANCED_FACE('',(#914),#162,.T.);
#6542=ADVANCED_FACE('',(#915),#6276,.T.);
#6543=ADVANCED_FACE('',(#916),#163,.T.);
#6544=ADVANCED_FACE('',(#917),#164,.T.);
#6545=ADVANCED_FACE('',(#918),#6277,.T.);
#6546=ADVANCED_FACE('',(#919),#165,.T.);
#6547=ADVANCED_FACE('',(#920),#166,.T.);
#6548=ADVANCED_FACE('',(#921),#6278,.T.);
#6549=ADVANCED_FACE('',(#922),#167,.T.);
#6550=ADVANCED_FACE('',(#923),#168,.T.);
#6551=ADVANCED_FACE('',(#924),#6279,.T.);
#6552=ADVANCED_FACE('',(#925),#169,.T.);
#6553=ADVANCED_FACE('',(#926),#170,.T.);
#6554=ADVANCED_FACE('',(#927),#6280,.T.);
#6555=ADVANCED_FACE('',(#928),#171,.T.);
#6556=ADVANCED_FACE('',(#929),#172,.T.);
#6557=ADVANCED_FACE('',(#930),#6281,.T.);
#6558=ADVANCED_FACE('',(#931),#173,.T.);
#6559=ADVANCED_FACE('',(#932),#174,.T.);
#6560=ADVANCED_FACE('',(#933),#6282,.T.);
#6561=ADVANCED_FACE('',(#934),#175,.T.);
#6562=ADVANCED_FACE('',(#935),#176,.T.);
#6563=ADVANCED_FACE('',(#936),#6283,.T.);
#6564=ADVANCED_FACE('',(#937),#177,.T.);
#6565=ADVANCED_FACE('',(#938),#178,.T.);
#6566=ADVANCED_FACE('',(#939),#6284,.T.);
#6567=ADVANCED_FACE('',(#940),#179,.T.);
#6568=ADVANCED_FACE('',(#941),#180,.T.);
#6569=ADVANCED_FACE('',(#942),#6285,.T.);
#6570=ADVANCED_FACE('',(#943),#181,.T.);
#6571=ADVANCED_FACE('',(#944),#182,.T.);
#6572=ADVANCED_FACE('',(#945),#6286,.T.);
#6573=ADVANCED_FACE('',(#946),#183,.T.);
#6574=ADVANCED_FACE('',(#947),#184,.T.);
#6575=ADVANCED_FACE('',(#948),#6287,.T.);
#6576=ADVANCED_FACE('',(#949),#185,.T.);
#6577=ADVANCED_FACE('',(#950),#186,.T.);
#6578=ADVANCED_FACE('',(#951),#6288,.T.);
#6579=ADVANCED_FACE('',(#952),#187,.T.);
#6580=ADVANCED_FACE('',(#953),#188,.T.);
#6581=ADVANCED_FACE('',(#954),#6289,.T.);
#6582=ADVANCED_FACE('',(#955),#189,.T.);
#6583=ADVANCED_FACE('',(#956),#190,.T.);
#6584=ADVANCED_FACE('',(#957),#6290,.T.);
#6585=ADVANCED_FACE('',(#958),#191,.T.);
#6586=ADVANCED_FACE('',(#959),#192,.T.);
#6587=ADVANCED_FACE('',(#960),#6291,.T.);
#6588=ADVANCED_FACE('',(#961),#193,.T.);
#6589=ADVANCED_FACE('',(#962),#194,.T.);
#6590=ADVANCED_FACE('',(#963),#6292,.T.);
#6591=ADVANCED_FACE('',(#964),#195,.T.);
#6592=ADVANCED_FACE('',(#965),#196,.T.);
#6593=ADVANCED_FACE('',(#966),#6293,.T.);
#6594=ADVANCED_FACE('',(#967),#197,.T.);
#6595=ADVANCED_FACE('',(#968),#6294,.T.);
#6596=ADVANCED_FACE('',(#969),#17,.T.);
#6597=ADVANCED_FACE('',(#970),#198,.T.);
#6598=ADVANCED_FACE('',(#971),#199,.T.);
#6599=ADVANCED_FACE('',(#972),#6295,.T.);
#6600=ADVANCED_FACE('',(#973),#200,.T.);
#6601=ADVANCED_FACE('',(#974),#6296,.T.);
#6602=ADVANCED_FACE('',(#975),#201,.T.);
#6603=ADVANCED_FACE('',(#976),#6297,.T.);
#6604=ADVANCED_FACE('',(#977),#202,.T.);
#6605=ADVANCED_FACE('',(#978),#6298,.T.);
#6606=ADVANCED_FACE('',(#979),#203,.T.);
#6607=ADVANCED_FACE('',(#980),#6299,.T.);
#6608=ADVANCED_FACE('',(#981),#204,.T.);
#6609=ADVANCED_FACE('',(#982),#6300,.T.);
#6610=ADVANCED_FACE('',(#983),#205,.T.);
#6611=ADVANCED_FACE('',(#984),#6301,.T.);
#6612=ADVANCED_FACE('',(#985),#206,.T.);
#6613=ADVANCED_FACE('',(#986,#254,#255,#256,#257,#258,#259,#260,#261,#262,
#263,#264,#265,#266,#267,#268,#269,#270,#271,#272,#273,#274,#275,#276,#277,
#278,#279),#6302,.T.);
#6614=ADVANCED_FACE('',(#987),#6303,.F.);
#6615=ADVANCED_FACE('',(#988),#6304,.T.);
#6616=ADVANCED_FACE('',(#989),#6305,.F.);
#6617=ADVANCED_FACE('',(#990),#6306,.T.);
#6618=ADVANCED_FACE('',(#991),#207,.T.);
#6619=ADVANCED_FACE('',(#992),#6307,.T.);
#6620=ADVANCED_FACE('',(#993),#208,.T.);
#6621=ADVANCED_FACE('',(#994),#6308,.T.);
#6622=ADVANCED_FACE('',(#995),#209,.T.);
#6623=ADVANCED_FACE('',(#996),#6309,.T.);
#6624=ADVANCED_FACE('',(#997),#210,.T.);
#6625=ADVANCED_FACE('',(#998),#6310,.T.);
#6626=ADVANCED_FACE('',(#999),#211,.T.);
#6627=ADVANCED_FACE('',(#1000),#212,.T.);
#6628=ADVANCED_FACE('',(#1001),#18,.F.);
#6629=ADVANCED_FACE('',(#1002),#6311,.T.);
#6630=ADVANCED_FACE('',(#1003),#6312,.T.);
#6631=ADVANCED_FACE('',(#1004),#6313,.T.);
#6632=ADVANCED_FACE('',(#1005),#6314,.T.);
#6633=ADVANCED_FACE('',(#1006),#213,.T.);
#6634=ADVANCED_FACE('',(#1007),#6315,.T.);
#6635=ADVANCED_FACE('',(#1008),#214,.T.);
#6636=ADVANCED_FACE('',(#1009),#6316,.T.);
#6637=ADVANCED_FACE('',(#1010),#215,.T.);
#6638=ADVANCED_FACE('',(#1011),#6317,.T.);
#6639=ADVANCED_FACE('',(#1012),#216,.T.);
#6640=ADVANCED_FACE('',(#1013),#6318,.T.);
#6641=ADVANCED_FACE('',(#1014),#217,.T.);
#6642=ADVANCED_FACE('',(#1015),#6319,.T.);
#6643=ADVANCED_FACE('',(#1016),#218,.T.);
#6644=ADVANCED_FACE('',(#1017),#6320,.T.);
#6645=ADVANCED_FACE('',(#1018),#6321,.T.);
#6646=ADVANCED_FACE('',(#1019),#19,.T.);
#6647=ADVANCED_FACE('',(#1020),#219,.T.);
#6648=ADVANCED_FACE('',(#1021),#220,.T.);
#6649=ADVANCED_FACE('',(#1022),#6322,.T.);
#6650=ADVANCED_FACE('',(#1023),#221,.T.);
#6651=ADVANCED_FACE('',(#1024),#6323,.T.);
#6652=ADVANCED_FACE('',(#1025),#222,.T.);
#6653=ADVANCED_FACE('',(#1026),#6324,.T.);
#6654=ADVANCED_FACE('',(#1027),#223,.T.);
#6655=ADVANCED_FACE('',(#1028),#6325,.T.);
#6656=ADVANCED_FACE('',(#1029),#224,.T.);
#6657=ADVANCED_FACE('',(#1030),#6326,.T.);
#6658=ADVANCED_FACE('',(#1031),#225,.T.);
#6659=ADVANCED_FACE('',(#1032),#6327,.T.);
#6660=ADVANCED_FACE('',(#1033),#226,.T.);
#6661=ADVANCED_FACE('',(#1034),#6328,.T.);
#6662=ADVANCED_FACE('',(#1035),#227,.T.);
#6663=ADVANCED_FACE('',(#1036,#280),#6329,.T.);
#6664=CLOSED_SHELL('',(#6330,#6331,#6332,#6333,#6334,#6335,#6336,#6337,
#6338,#6339,#6340,#6341,#6342,#6343,#6344,#6345,#6346,#6347,#6348,#6349,
#6350,#6351,#6352,#6353,#6354,#6355,#6356,#6357,#6358,#6359,#6360,#6361,
#6362,#6363,#6364,#6365,#6366,#6367,#6368,#6369,#6370,#6371,#6372,#6373,
#6374,#6375,#6376,#6377,#6378,#6379,#6380,#6381,#6382,#6383,#6384,#6385,
#6386,#6387,#6388,#6389,#6390,#6391,#6392,#6393,#6394,#6395,#6396,#6397,
#6398,#6399,#6400,#6401,#6402,#6403,#6404,#6405,#6406,#6407,#6408,#6409,
#6410,#6411,#6412,#6413,#6414,#6415,#6416,#6417,#6418,#6419,#6420,#6421,
#6422,#6423,#6424,#6425,#6426,#6427,#6428,#6429,#6430,#6431,#6432,#6433,
#6434,#6435,#6436,#6437,#6438,#6439,#6440,#6441,#6442,#6443,#6444,#6445,
#6446,#6447,#6448,#6449,#6450,#6451,#6452,#6453,#6454,#6455,#6456,#6457,
#6458,#6459,#6460,#6461,#6462,#6463,#6464,#6465,#6466,#6467,#6468,#6469,
#6470,#6471,#6472,#6473,#6474,#6475,#6476,#6477,#6478,#6479,#6480,#6481,
#6482,#6483,#6484,#6485,#6486,#6487,#6488,#6489,#6490,#6491,#6492,#6493,
#6494,#6495,#6496,#6497,#6498,#6499,#6500,#6501,#6502,#6503,#6504,#6505,
#6506,#6507,#6508,#6509,#6510,#6511,#6512,#6513,#6514,#6515,#6516,#6517,
#6518,#6519,#6520,#6521,#6522,#6523,#6524,#6525,#6526,#6527,#6528,#6529,
#6530,#6531,#6532,#6533,#6534,#6535,#6536,#6537,#6538,#6539,#6540,#6541,
#6542,#6543,#6544,#6545,#6546,#6547,#6548,#6549,#6550,#6551,#6552,#6553,
#6554,#6555,#6556,#6557,#6558,#6559,#6560,#6561,#6562,#6563,#6564,#6565,
#6566,#6567,#6568,#6569,#6570,#6571,#6572,#6573,#6574,#6575,#6576,#6577,
#6578,#6579,#6580,#6581,#6582,#6583,#6584,#6585,#6586,#6587,#6588,#6589,
#6590,#6591,#6592,#6593,#6594,#6595,#6596,#6597,#6598,#6599,#6600,#6601,
#6602,#6603,#6604,#6605,#6606,#6607,#6608,#6609,#6610,#6611,#6612,#6613));
#6665=CLOSED_SHELL('',(#6614,#6615,#6616,#6617,#6618,#6619,#6620,#6621,
#6622,#6623,#6624,#6625,#6626,#6627,#6628,#6629,#6630,#6631,#6632,#6633,
#6634,#6635,#6636,#6637,#6638,#6639,#6640,#6641,#6642,#6643,#6644,#6645,
#6646,#6647,#6648,#6649,#6650,#6651,#6652,#6653,#6654,#6655,#6656,#6657,
#6658,#6659,#6660,#6661,#6662,#6663));
#6666=DERIVED_UNIT_ELEMENT(#6668,1.);
#6667=DERIVED_UNIT_ELEMENT(#12743,-3.);
#6668=(
MASS_UNIT()
NAMED_UNIT(*)
SI_UNIT(.KILO.,.GRAM.)
);
#6669=DERIVED_UNIT((#6666,#6667));
#6670=MEASURE_REPRESENTATION_ITEM('density measure',
POSITIVE_RATIO_MEASURE(7850.),#6669);
#6671=PROPERTY_DEFINITION_REPRESENTATION(#6676,#6673);
#6672=PROPERTY_DEFINITION_REPRESENTATION(#6677,#6674);
#6673=REPRESENTATION('material name',(#6675),#12740);
#6674=REPRESENTATION('density',(#6670),#12740);
#6675=DESCRIPTIVE_REPRESENTATION_ITEM('Steel','Steel');
#6676=PROPERTY_DEFINITION('material property','material name',#12750);
#6677=PROPERTY_DEFINITION('material property','density of part',#12750);
#6678=AXIS2_PLACEMENT_3D('',#7648,#6811,#6812);
#6679=AXIS2_PLACEMENT_3D('',#7649,#6813,#6814);
#6680=AXIS2_PLACEMENT_3D('',#7658,#6819,#6820);
#6681=AXIS2_PLACEMENT_3D('',#7667,#6825,#6826);
#6682=AXIS2_PLACEMENT_3D('',#7682,#6834,#6835);
#6683=AXIS2_PLACEMENT_3D('',#8829,#6921,#6922);
#6684=AXIS2_PLACEMENT_3D('',#8863,#6928,#6929);
#6685=AXIS2_PLACEMENT_3D('',#8895,#6934,#6935);
#6686=AXIS2_PLACEMENT_3D('',#8927,#6940,#6941);
#6687=AXIS2_PLACEMENT_3D('',#8957,#6945,#6946);
#6688=AXIS2_PLACEMENT_3D('',#8963,#6950,#6951);
#6689=AXIS2_PLACEMENT_3D('',#8967,#6954,#6955);
#6690=AXIS2_PLACEMENT_3D('',#8971,#6958,#6959);
#6691=AXIS2_PLACEMENT_3D('',#8975,#6962,#6963);
#6692=AXIS2_PLACEMENT_3D('',#8977,#6965,#6966);
#6693=AXIS2_PLACEMENT_3D('',#8981,#6969,#6970);
#6694=AXIS2_PLACEMENT_3D('',#9389,#7001,#7002);
#6695=AXIS2_PLACEMENT_3D('',#9409,#7007,#7008);
#6696=AXIS2_PLACEMENT_3D('',#9427,#7012,#7013);
#6697=AXIS2_PLACEMENT_3D('',#9445,#7017,#7018);
#6698=AXIS2_PLACEMENT_3D('',#9461,#7021,#7022);
#6699=AXIS2_PLACEMENT_3D('',#9467,#7026,#7027);
#6700=AXIS2_PLACEMENT_3D('',#9471,#7030,#7031);
#6701=AXIS2_PLACEMENT_3D('',#9475,#7034,#7035);
#6702=AXIS2_PLACEMENT_3D('',#9645,#7049,#7050);
#6703=AXIS2_PLACEMENT_3D('',#9679,#7056,#7057);
#6704=AXIS2_PLACEMENT_3D('',#9711,#7062,#7063);
#6705=AXIS2_PLACEMENT_3D('',#9743,#7068,#7069);
#6706=AXIS2_PLACEMENT_3D('',#9773,#7073,#7074);
#6707=AXIS2_PLACEMENT_3D('',#9807,#7080,#7081);
#6708=AXIS2_PLACEMENT_3D('',#9839,#7086,#7087);
#6709=AXIS2_PLACEMENT_3D('',#9871,#7092,#7093);
#6710=AXIS2_PLACEMENT_3D('',#9901,#7097,#7098);
#6711=AXIS2_PLACEMENT_3D('',#9935,#7104,#7105);
#6712=AXIS2_PLACEMENT_3D('',#9967,#7110,#7111);
#6713=AXIS2_PLACEMENT_3D('',#9999,#7116,#7117);
#6714=AXIS2_PLACEMENT_3D('',#10029,#7121,#7122);
#6715=AXIS2_PLACEMENT_3D('',#10063,#7128,#7129);
#6716=AXIS2_PLACEMENT_3D('',#10095,#7134,#7135);
#6717=AXIS2_PLACEMENT_3D('',#10127,#7140,#7141);
#6718=AXIS2_PLACEMENT_3D('',#10157,#7145,#7146);
#6719=AXIS2_PLACEMENT_3D('',#10191,#7152,#7153);
#6720=AXIS2_PLACEMENT_3D('',#10223,#7158,#7159);
#6721=AXIS2_PLACEMENT_3D('',#10255,#7164,#7165);
#6722=AXIS2_PLACEMENT_3D('',#10285,#7169,#7170);
#6723=AXIS2_PLACEMENT_3D('',#10319,#7176,#7177);
#6724=AXIS2_PLACEMENT_3D('',#10351,#7182,#7183);
#6725=AXIS2_PLACEMENT_3D('',#10383,#7188,#7189);
#6726=AXIS2_PLACEMENT_3D('',#10413,#7193,#7194);
#6727=AXIS2_PLACEMENT_3D('',#10447,#7200,#7201);
#6728=AXIS2_PLACEMENT_3D('',#10479,#7206,#7207);
#6729=AXIS2_PLACEMENT_3D('',#10511,#7212,#7213);
#6730=AXIS2_PLACEMENT_3D('',#10541,#7217,#7218);
#6731=AXIS2_PLACEMENT_3D('',#10561,#7223,#7224);
#6732=AXIS2_PLACEMENT_3D('',#10579,#7228,#7229);
#6733=AXIS2_PLACEMENT_3D('',#10597,#7233,#7234);
#6734=AXIS2_PLACEMENT_3D('',#10613,#7237,#7238);
#6735=AXIS2_PLACEMENT_3D('',#10647,#7244,#7245);
#6736=AXIS2_PLACEMENT_3D('',#10679,#7250,#7251);
#6737=AXIS2_PLACEMENT_3D('',#10711,#7256,#7257);
#6738=AXIS2_PLACEMENT_3D('',#10741,#7261,#7262);
#6739=AXIS2_PLACEMENT_3D('',#10775,#7268,#7269);
#6740=AXIS2_PLACEMENT_3D('',#10807,#7274,#7275);
#6741=AXIS2_PLACEMENT_3D('',#10839,#7280,#7281);
#6742=AXIS2_PLACEMENT_3D('',#10869,#7285,#7286);
#6743=AXIS2_PLACEMENT_3D('',#10903,#7292,#7293);
#6744=AXIS2_PLACEMENT_3D('',#10935,#7298,#7299);
#6745=AXIS2_PLACEMENT_3D('',#10967,#7304,#7305);
#6746=AXIS2_PLACEMENT_3D('',#10997,#7309,#7310);
#6747=AXIS2_PLACEMENT_3D('',#11031,#7316,#7317);
#6748=AXIS2_PLACEMENT_3D('',#11063,#7322,#7323);
#6749=AXIS2_PLACEMENT_3D('',#11095,#7328,#7329);
#6750=AXIS2_PLACEMENT_3D('',#11125,#7333,#7334);
#6751=AXIS2_PLACEMENT_3D('',#11159,#7340,#7341);
#6752=AXIS2_PLACEMENT_3D('',#11191,#7346,#7347);
#6753=AXIS2_PLACEMENT_3D('',#11223,#7352,#7353);
#6754=AXIS2_PLACEMENT_3D('',#11253,#7357,#7358);
#6755=AXIS2_PLACEMENT_3D('',#11287,#7364,#7365);
#6756=AXIS2_PLACEMENT_3D('',#11319,#7370,#7371);
#6757=AXIS2_PLACEMENT_3D('',#11351,#7376,#7377);
#6758=AXIS2_PLACEMENT_3D('',#11381,#7381,#7382);
#6759=AXIS2_PLACEMENT_3D('',#11415,#7388,#7389);
#6760=AXIS2_PLACEMENT_3D('',#11447,#7394,#7395);
#6761=AXIS2_PLACEMENT_3D('',#11479,#7400,#7401);
#6762=AXIS2_PLACEMENT_3D('',#11509,#7405,#7406);
#6763=AXIS2_PLACEMENT_3D('',#11543,#7412,#7413);
#6764=AXIS2_PLACEMENT_3D('',#11575,#7418,#7419);
#6765=AXIS2_PLACEMENT_3D('',#11607,#7424,#7425);
#6766=AXIS2_PLACEMENT_3D('',#11637,#7429,#7430);
#6767=AXIS2_PLACEMENT_3D('',#11675,#7435,#7436);
#6768=AXIS2_PLACEMENT_3D('',#11677,#7438,#7439);
#6769=AXIS2_PLACEMENT_3D('',#11679,#7440,#7441);
#6770=AXIS2_PLACEMENT_3D('',#11709,#7445,#7446);
#6771=AXIS2_PLACEMENT_3D('',#11763,#7450,#7451);
#6772=AXIS2_PLACEMENT_3D('',#11799,#7455,#7456);
#6773=AXIS2_PLACEMENT_3D('',#11817,#7460,#7461);
#6774=AXIS2_PLACEMENT_3D('',#11844,#7465,#7466);
#6775=AXIS2_PLACEMENT_3D('',#11862,#7470,#7471);
#6776=AXIS2_PLACEMENT_3D('',#11898,#7475,#7476);
#6777=AXIS2_PLACEMENT_3D('',#11941,#7479,#7480);
#6778=AXIS2_PLACEMENT_3D('',#11942,#7481,#7482);
#6779=AXIS2_PLACEMENT_3D('',#11951,#7487,#7488);
#6780=AXIS2_PLACEMENT_3D('',#11957,#7492,#7493);
#6781=AXIS2_PLACEMENT_3D('',#12052,#7505,#7506);
#6782=AXIS2_PLACEMENT_3D('',#12060,#7510,#7511);
#6783=AXIS2_PLACEMENT_3D('',#12172,#7522,#7523);
#6784=AXIS2_PLACEMENT_3D('',#12192,#7528,#7529);
#6785=AXIS2_PLACEMENT_3D('',#12210,#7533,#7534);
#6786=AXIS2_PLACEMENT_3D('',#12237,#7538,#7539);
#6787=AXIS2_PLACEMENT_3D('',#12264,#7543,#7544);
#6788=AXIS2_PLACEMENT_3D('',#12296,#7549,#7550);
#6789=AXIS2_PLACEMENT_3D('',#12298,#7551,#7552);
#6790=AXIS2_PLACEMENT_3D('',#12300,#7554,#7555);
#6791=AXIS2_PLACEMENT_3D('',#12304,#7558,#7559);
#6792=AXIS2_PLACEMENT_3D('',#12307,#7562,#7563);
#6793=AXIS2_PLACEMENT_3D('',#12312,#7567,#7568);
#6794=AXIS2_PLACEMENT_3D('',#12330,#7572,#7573);
#6795=AXIS2_PLACEMENT_3D('',#12357,#7577,#7578);
#6796=AXIS2_PLACEMENT_3D('',#12384,#7582,#7583);
#6797=AXIS2_PLACEMENT_3D('',#12411,#7587,#7588);
#6798=AXIS2_PLACEMENT_3D('',#12427,#7591,#7592);
#6799=AXIS2_PLACEMENT_3D('',#12465,#7597,#7598);
#6800=AXIS2_PLACEMENT_3D('',#12469,#7601,#7602);
#6801=AXIS2_PLACEMENT_3D('',#12473,#7605,#7606);
#6802=AXIS2_PLACEMENT_3D('',#12475,#7607,#7608);
#6803=AXIS2_PLACEMENT_3D('',#12505,#7612,#7613);
#6804=AXIS2_PLACEMENT_3D('',#12559,#7617,#7618);
#6805=AXIS2_PLACEMENT_3D('',#12595,#7622,#7623);
#6806=AXIS2_PLACEMENT_3D('',#12613,#7627,#7628);
#6807=AXIS2_PLACEMENT_3D('',#12640,#7632,#7633);
#6808=AXIS2_PLACEMENT_3D('',#12658,#7637,#7638);
#6809=AXIS2_PLACEMENT_3D('',#12694,#7642,#7643);
#6810=AXIS2_PLACEMENT_3D('',#12737,#7646,#7647);
#6811=DIRECTION('axis',(0.,0.,1.));
#6812=DIRECTION('refdir',(1.,0.,0.));
#6813=DIRECTION('center_axis',(0.,1.,0.));
#6814=DIRECTION('ref_axis',(-1.,0.,0.));
#6815=DIRECTION('',(0.,0.,1.));
#6816=DIRECTION('',(-1.,0.,0.));
#6817=DIRECTION('',(0.,0.,1.));
#6818=DIRECTION('',(1.,0.,0.));
#6819=DIRECTION('center_axis',(0.,1.,0.));
#6820=DIRECTION('ref_axis',(-1.,0.,0.));
#6821=DIRECTION('',(0.,0.,-1.));
#6822=DIRECTION('',(1.,0.,0.));
#6823=DIRECTION('',(0.,0.,1.));
#6824=DIRECTION('',(-1.,0.,0.));
#6825=DIRECTION('center_axis',(0.,0.,1.));
#6826=DIRECTION('ref_axis',(1.,0.,0.));
#6827=DIRECTION('',(0.,1.,0.));
#6828=DIRECTION('',(1.,0.,0.));
#6829=DIRECTION('',(0.,1.,0.));
#6830=DIRECTION('',(-1.,0.,0.));
#6831=DIRECTION('',(0.,-1.,0.));
#6832=DIRECTION('',(1.,0.,0.));
#6833=DIRECTION('',(0.,1.,0.));
#6834=DIRECTION('center_axis',(0.,0.,1.));
#6835=DIRECTION('ref_axis',(0.0356288246662116,0.999365091872287,0.));
#6836=DIRECTION('',(-3.99726394329651E-15,-1.,0.));
#6837=DIRECTION('',(-0.424437054744617,-0.905457446023674,0.));
#6838=DIRECTION('',(-0.846636064930078,-0.532172315664497,0.));
#6839=DIRECTION('',(-0.981847028386173,0.189674491825448,0.));
#6840=DIRECTION('',(5.935206699704E-12,1.,0.));
#6841=DIRECTION('',(0.815181218228287,0.579205992240969,0.));
#6842=DIRECTION('',(0.90867568250988,0.417502699410678,0.));
#6843=DIRECTION('',(1.,-9.42224730385305E-12,0.));
#6844=DIRECTION('',(0.857484370207876,-0.51451001433325,0.));
#6845=DIRECTION('',(1.,0.,0.));
#6846=DIRECTION('',(0.,1.,0.));
#6847=DIRECTION('',(-1.,0.,0.));
#6848=DIRECTION('',(0.,-1.,0.));
#6849=DIRECTION('',(0.173642494272985,0.984808755130993,0.));
#6850=DIRECTION('',(-0.984808755130993,0.173642494272984,0.));
#6851=DIRECTION('',(-0.173642494272983,-0.984808755130993,0.));
#6852=DIRECTION('',(0.984808755130993,-0.173642494272985,0.));
#6853=DIRECTION('',(-0.981847028388734,0.189674491812191,0.));
#6854=DIRECTION('',(0.,-1.,0.));
#6855=DIRECTION('',(1.,0.,0.));
#6856=DIRECTION('',(0.,1.,0.));
#6857=DIRECTION('',(1.,0.,0.));
#6858=DIRECTION('',(0.,1.,0.));
#6859=DIRECTION('',(-1.,0.,0.));
#6860=DIRECTION('',(0.,-1.,0.));
#6861=DIRECTION('',(1.,0.,0.));
#6862=DIRECTION('',(0.,1.,0.));
#6863=DIRECTION('',(-1.,0.,0.));
#6864=DIRECTION('',(0.,-1.,0.));
#6865=DIRECTION('',(1.,0.,0.));
#6866=DIRECTION('',(0.,1.,0.));
#6867=DIRECTION('',(-1.,0.,0.));
#6868=DIRECTION('',(0.,-1.,0.));
#6869=DIRECTION('',(1.,0.,0.));
#6870=DIRECTION('',(0.,1.,0.));
#6871=DIRECTION('',(-1.,0.,0.));
#6872=DIRECTION('',(0.,-1.,0.));
#6873=DIRECTION('',(0.906310440103537,-0.422612572173774,0.));
#6874=DIRECTION('',(0.422612572173774,0.906310440103537,0.));
#6875=DIRECTION('',(-0.906310440103537,0.422612572173774,0.));
#6876=DIRECTION('',(-0.422612572173775,-0.906310440103536,0.));
#6877=DIRECTION('',(1.,0.,0.));
#6878=DIRECTION('',(0.,1.,0.));
#6879=DIRECTION('',(-1.,0.,0.));
#6880=DIRECTION('',(0.,-1.,0.));
#6881=DIRECTION('',(1.,0.,0.));
#6882=DIRECTION('',(0.,1.,0.));
#6883=DIRECTION('',(-1.,0.,0.));
#6884=DIRECTION('',(0.,-1.,0.));
#6885=DIRECTION('',(0.342021267508968,0.939692211615888,0.));
#6886=DIRECTION('',(-0.939692211615888,0.342021267508968,0.));
#6887=DIRECTION('',(-0.342021267508968,-0.939692211615888,0.));
#6888=DIRECTION('',(0.939692211615888,-0.342021267508968,0.));
#6889=DIRECTION('',(1.,0.,0.));
#6890=DIRECTION('',(0.,1.,0.));
#6891=DIRECTION('',(-1.,0.,0.));
#6892=DIRECTION('',(0.,-1.,0.));
#6893=DIRECTION('',(1.,0.,0.));
#6894=DIRECTION('',(0.,1.,0.));
#6895=DIRECTION('',(-1.,0.,0.));
#6896=DIRECTION('',(0.,-1.,0.));
#6897=DIRECTION('',(1.,0.,0.));
#6898=DIRECTION('',(0.,1.,0.));
#6899=DIRECTION('',(-1.,0.,0.));
#6900=DIRECTION('',(0.,-1.,0.));
#6901=DIRECTION('',(1.,0.,0.));
#6902=DIRECTION('',(0.,1.,0.));
#6903=DIRECTION('',(-1.,0.,0.));
#6904=DIRECTION('',(0.,-1.,0.));
#6905=DIRECTION('',(1.,0.,0.));
#6906=DIRECTION('',(0.,1.,0.));
#6907=DIRECTION('',(-1.,0.,0.));
#6908=DIRECTION('',(0.,-1.,0.));
#6909=DIRECTION('',(1.,0.,0.));
#6910=DIRECTION('',(0.,1.,0.));
#6911=DIRECTION('',(-1.,0.,0.));
#6912=DIRECTION('',(0.,-1.,0.));
#6913=DIRECTION('',(1.,0.,0.));
#6914=DIRECTION('',(0.,1.,0.));
#6915=DIRECTION('',(-1.,0.,0.));
#6916=DIRECTION('',(0.,-1.,0.));
#6917=DIRECTION('',(1.,0.,0.));
#6918=DIRECTION('',(0.,1.,0.));
#6919=DIRECTION('',(-1.,0.,0.));
#6920=DIRECTION('',(0.,-1.,0.));
#6921=DIRECTION('center_axis',(0.,-1.,0.));
#6922=DIRECTION('ref_axis',(1.,0.,0.));
#6923=DIRECTION('',(0.,0.,1.));
#6924=DIRECTION('',(1.,0.,0.));
#6925=DIRECTION('',(0.,0.,1.));
#6926=DIRECTION('',(0.,0.,1.));
#6927=DIRECTION('',(0.,0.,1.));
#6928=DIRECTION('center_axis',(1.,0.,0.));
#6929=DIRECTION('ref_axis',(0.,1.,0.));
#6930=DIRECTION('',(0.,1.,0.));
#6931=DIRECTION('',(0.,0.,1.));
#6932=DIRECTION('',(0.,0.,1.));
#6933=DIRECTION('',(0.,0.,1.));
#6934=DIRECTION('center_axis',(0.,1.,0.));
#6935=DIRECTION('ref_axis',(-1.,0.,0.));
#6936=DIRECTION('',(-1.,0.,0.));
#6937=DIRECTION('',(0.,0.,1.));
#6938=DIRECTION('',(0.,0.,1.));
#6939=DIRECTION('',(0.,0.,1.));
#6940=DIRECTION('center_axis',(-1.,0.,0.));
#6941=DIRECTION('ref_axis',(0.,-1.,0.));
#6942=DIRECTION('',(0.,-1.,0.));
#6943=DIRECTION('',(0.,0.,1.));
#6944=DIRECTION('',(0.,0.,1.));
#6945=DIRECTION('center_axis',(1.,0.,0.));
#6946=DIRECTION('ref_axis',(0.,1.,0.));
#6947=DIRECTION('',(0.,0.,1.));
#6948=DIRECTION('',(0.,1.,0.));
#6949=DIRECTION('',(0.,0.,1.));
#6950=DIRECTION('center_axis',(0.,1.,0.));
#6951=DIRECTION('ref_axis',(-1.,0.,0.));
#6952=DIRECTION('',(-1.,0.,0.));
#6953=DIRECTION('',(0.,0.,1.));
#6954=DIRECTION('center_axis',(-1.,0.,0.));
#6955=DIRECTION('ref_axis',(0.,-1.,0.));
#6956=DIRECTION('',(0.,-1.,0.));
#6957=DIRECTION('',(0.,0.,1.));
#6958=DIRECTION('center_axis',(0.,-1.,0.));
#6959=DIRECTION('ref_axis',(1.,0.,0.));
#6960=DIRECTION('',(1.,0.,0.));
#6961=DIRECTION('',(0.,0.,1.));
#6962=DIRECTION('center_axis',(-1.,0.,0.));
#6963=DIRECTION('ref_axis',(0.,-1.,0.));
#6964=DIRECTION('',(0.,-1.,0.));
#6965=DIRECTION('center_axis',(1.,0.,0.));
#6966=DIRECTION('ref_axis',(0.,1.,0.));
#6967=DIRECTION('',(0.,1.,0.));
#6968=DIRECTION('',(0.,0.,1.));
#6969=DIRECTION('center_axis',(0.,-1.,0.));
#6970=DIRECTION('ref_axis',(1.,0.,0.));
#6971=DIRECTION('',(1.,0.,0.));
#6972=DIRECTION('',(0.,0.,1.));
#6973=DIRECTION('',(0.,0.,1.));
#6974=DIRECTION('',(0.,0.,1.));
#6975=DIRECTION('',(0.,0.,1.));
#6976=DIRECTION('',(0.,0.,1.));
#6977=DIRECTION('',(0.,0.,1.));
#6978=DIRECTION('',(0.,0.,1.));
#6979=DIRECTION('',(0.,0.,1.));
#6980=DIRECTION('',(0.,0.,1.));
#6981=DIRECTION('',(0.,0.,1.));
#6982=DIRECTION('',(0.,0.,1.));
#6983=DIRECTION('',(0.,0.,1.));
#6984=DIRECTION('',(0.,0.,1.));
#6985=DIRECTION('',(0.,0.,1.));
#6986=DIRECTION('',(0.,0.,1.));
#6987=DIRECTION('',(0.,0.,1.));
#6988=DIRECTION('',(0.,0.,1.));
#6989=DIRECTION('',(0.,0.,1.));
#6990=DIRECTION('',(0.,0.,1.));
#6991=DIRECTION('',(0.,0.,1.));
#6992=DIRECTION('',(0.,0.,1.));
#6993=DIRECTION('',(0.,0.,1.));
#6994=DIRECTION('',(0.,0.,1.));
#6995=DIRECTION('',(0.,0.,1.));
#6996=DIRECTION('',(0.,0.,1.));
#6997=DIRECTION('',(0.,0.,1.));
#6998=DIRECTION('',(0.,0.,1.));
#6999=DIRECTION('',(0.,0.,1.));
#7000=DIRECTION('',(0.,0.,1.));
#7001=DIRECTION('center_axis',(0.984808755130993,-0.173642494272985,0.));
#7002=DIRECTION('ref_axis',(0.173642494272985,0.984808755130993,0.));
#7003=DIRECTION('',(0.,0.,1.));
#7004=DIRECTION('',(0.173642494272985,0.984808755130993,0.));
#7005=DIRECTION('',(0.,0.,1.));
#7006=DIRECTION('',(0.,0.,1.));
#7007=DIRECTION('center_axis',(0.173642494272984,0.984808755130993,0.));
#7008=DIRECTION('ref_axis',(-0.984808755130993,0.173642494272984,0.));
#7009=DIRECTION('',(-0.984808755130993,0.173642494272984,0.));
#7010=DIRECTION('',(0.,0.,1.));
#7011=DIRECTION('',(0.,0.,1.));
#7012=DIRECTION('center_axis',(-0.984808755130993,0.173642494272983,0.));
#7013=DIRECTION('ref_axis',(-0.173642494272983,-0.984808755130993,0.));
#7014=DIRECTION('',(-0.173642494272983,-0.984808755130993,0.));
#7015=DIRECTION('',(0.,0.,1.));
#7016=DIRECTION('',(0.,0.,1.));
#7017=DIRECTION('center_axis',(-0.173642494272985,-0.984808755130993,0.));
#7018=DIRECTION('ref_axis',(0.984808755130993,-0.173642494272985,0.));
#7019=DIRECTION('',(0.984808755130993,-0.173642494272985,0.));
#7020=DIRECTION('',(0.,0.,1.));
#7021=DIRECTION('center_axis',(-1.,0.,0.));
#7022=DIRECTION('ref_axis',(0.,-1.,0.));
#7023=DIRECTION('',(0.,0.,1.));
#7024=DIRECTION('',(0.,-1.,0.));
#7025=DIRECTION('',(0.,0.,1.));
#7026=DIRECTION('center_axis',(0.,-1.,0.));
#7027=DIRECTION('ref_axis',(1.,0.,0.));
#7028=DIRECTION('',(1.,0.,0.));
#7029=DIRECTION('',(0.,0.,1.));
#7030=DIRECTION('center_axis',(1.,0.,0.));
#7031=DIRECTION('ref_axis',(0.,1.,0.));
#7032=DIRECTION('',(0.,1.,0.));
#7033=DIRECTION('',(0.,0.,1.));
#7034=DIRECTION('center_axis',(0.189674491812191,0.981847028388734,0.));
#7035=DIRECTION('ref_axis',(-0.981847028388734,0.189674491812191,0.));
#7036=DIRECTION('',(-0.981847028388734,0.189674491812191,0.));
#7037=DIRECTION('',(0.,0.,1.));
#7038=DIRECTION('',(0.,0.,1.));
#7039=DIRECTION('',(0.,0.,1.));
#7040=DIRECTION('',(0.,0.,1.));
#7041=DIRECTION('',(0.,0.,1.));
#7042=DIRECTION('',(0.,0.,1.));
#7043=DIRECTION('',(0.,0.,1.));
#7044=DIRECTION('',(0.,0.,1.));
#7045=DIRECTION('',(0.,0.,1.));
#7046=DIRECTION('',(0.,0.,1.));
#7047=DIRECTION('',(0.,0.,1.));
#7048=DIRECTION('',(0.,0.,1.));
#7049=DIRECTION('center_axis',(0.,-1.,0.));
#7050=DIRECTION('ref_axis',(1.,0.,0.));
#7051=DIRECTION('',(0.,0.,1.));
#7052=DIRECTION('',(1.,0.,0.));
#7053=DIRECTION('',(0.,0.,1.));
#7054=DIRECTION('',(0.,0.,1.));
#7055=DIRECTION('',(0.,0.,1.));
#7056=DIRECTION('center_axis',(1.,0.,0.));
#7057=DIRECTION('ref_axis',(0.,1.,0.));
#7058=DIRECTION('',(0.,1.,0.));
#7059=DIRECTION('',(0.,0.,1.));
#7060=DIRECTION('',(0.,0.,1.));
#7061=DIRECTION('',(0.,0.,1.));
#7062=DIRECTION('center_axis',(0.,1.,0.));
#7063=DIRECTION('ref_axis',(-1.,0.,0.));
#7064=DIRECTION('',(-1.,0.,0.));
#7065=DIRECTION('',(0.,0.,1.));
#7066=DIRECTION('',(0.,0.,1.));
#7067=DIRECTION('',(0.,0.,1.));
#7068=DIRECTION('center_axis',(-1.,0.,0.));
#7069=DIRECTION('ref_axis',(0.,-1.,0.));
#7070=DIRECTION('',(0.,-1.,0.));
#7071=DIRECTION('',(0.,0.,1.));
#7072=DIRECTION('',(0.,0.,1.));
#7073=DIRECTION('center_axis',(0.,-1.,0.));
#7074=DIRECTION('ref_axis',(1.,0.,0.));
#7075=DIRECTION('',(0.,0.,1.));
#7076=DIRECTION('',(1.,0.,0.));
#7077=DIRECTION('',(0.,0.,1.));
#7078=DIRECTION('',(0.,0.,1.));
#7079=DIRECTION('',(0.,0.,1.));
#7080=DIRECTION('center_axis',(1.,0.,0.));
#7081=DIRECTION('ref_axis',(0.,1.,0.));
#7082=DIRECTION('',(0.,1.,0.));
#7083=DIRECTION('',(0.,0.,1.));
#7084=DIRECTION('',(0.,0.,1.));
#7085=DIRECTION('',(0.,0.,1.));
#7086=DIRECTION('center_axis',(0.,1.,0.));
#7087=DIRECTION('ref_axis',(-1.,0.,0.));
#7088=DIRECTION('',(-1.,0.,0.));
#7089=DIRECTION('',(0.,0.,1.));
#7090=DIRECTION('',(0.,0.,1.));
#7091=DIRECTION('',(0.,0.,1.));
#7092=DIRECTION('center_axis',(-1.,0.,0.));
#7093=DIRECTION('ref_axis',(0.,-1.,0.));
#7094=DIRECTION('',(0.,-1.,0.));
#7095=DIRECTION('',(0.,0.,1.));
#7096=DIRECTION('',(0.,0.,1.));
#7097=DIRECTION('center_axis',(0.,-1.,0.));
#7098=DIRECTION('ref_axis',(1.,0.,0.));
#7099=DIRECTION('',(0.,0.,1.));
#7100=DIRECTION('',(1.,0.,0.));
#7101=DIRECTION('',(0.,0.,1.));
#7102=DIRECTION('',(0.,0.,1.));
#7103=DIRECTION('',(0.,0.,1.));
#7104=DIRECTION('center_axis',(1.,0.,0.));
#7105=DIRECTION('ref_axis',(0.,1.,0.));
#7106=DIRECTION('',(0.,1.,0.));
#7107=DIRECTION('',(0.,0.,1.));
#7108=DIRECTION('',(0.,0.,1.));
#7109=DIRECTION('',(0.,0.,1.));
#7110=DIRECTION('center_axis',(0.,1.,0.));
#7111=DIRECTION('ref_axis',(-1.,0.,0.));
#7112=DIRECTION('',(-1.,0.,0.));
#7113=DIRECTION('',(0.,0.,1.));
#7114=DIRECTION('',(0.,0.,1.));
#7115=DIRECTION('',(0.,0.,1.));
#7116=DIRECTION('center_axis',(-1.,0.,0.));
#7117=DIRECTION('ref_axis',(0.,-1.,0.));
#7118=DIRECTION('',(0.,-1.,0.));
#7119=DIRECTION('',(0.,0.,1.));
#7120=DIRECTION('',(0.,0.,1.));
#7121=DIRECTION('center_axis',(0.,-1.,0.));
#7122=DIRECTION('ref_axis',(1.,0.,0.));
#7123=DIRECTION('',(0.,0.,1.));
#7124=DIRECTION('',(1.,0.,0.));
#7125=DIRECTION('',(0.,0.,1.));
#7126=DIRECTION('',(0.,0.,1.));
#7127=DIRECTION('',(0.,0.,1.));
#7128=DIRECTION('center_axis',(1.,0.,0.));
#7129=DIRECTION('ref_axis',(0.,1.,0.));
#7130=DIRECTION('',(0.,1.,0.));
#7131=DIRECTION('',(0.,0.,1.));
#7132=DIRECTION('',(0.,0.,1.));
#7133=DIRECTION('',(0.,0.,1.));
#7134=DIRECTION('center_axis',(0.,1.,0.));
#7135=DIRECTION('ref_axis',(-1.,0.,0.));
#7136=DIRECTION('',(-1.,0.,0.));
#7137=DIRECTION('',(0.,0.,1.));
#7138=DIRECTION('',(0.,0.,1.));
#7139=DIRECTION('',(0.,0.,1.));
#7140=DIRECTION('center_axis',(-1.,0.,0.));
#7141=DIRECTION('ref_axis',(0.,-1.,0.));
#7142=DIRECTION('',(0.,-1.,0.));
#7143=DIRECTION('',(0.,0.,1.));
#7144=DIRECTION('',(0.,0.,1.));
#7145=DIRECTION('center_axis',(-0.422612572173774,-0.906310440103537,0.));
#7146=DIRECTION('ref_axis',(0.906310440103537,-0.422612572173774,0.));
#7147=DIRECTION('',(0.,0.,1.));
#7148=DIRECTION('',(0.906310440103537,-0.422612572173774,0.));
#7149=DIRECTION('',(0.,0.,1.));
#7150=DIRECTION('',(0.,0.,1.));
#7151=DIRECTION('',(0.,0.,1.));
#7152=DIRECTION('center_axis',(0.906310440103537,-0.422612572173774,0.));
#7153=DIRECTION('ref_axis',(0.422612572173774,0.906310440103537,0.));
#7154=DIRECTION('',(0.422612572173774,0.906310440103537,0.));
#7155=DIRECTION('',(0.,0.,1.));
#7156=DIRECTION('',(0.,0.,1.));
#7157=DIRECTION('',(0.,0.,1.));
#7158=DIRECTION('center_axis',(0.422612572173774,0.906310440103537,0.));
#7159=DIRECTION('ref_axis',(-0.906310440103537,0.422612572173774,0.));
#7160=DIRECTION('',(-0.906310440103537,0.422612572173774,0.));
#7161=DIRECTION('',(0.,0.,1.));
#7162=DIRECTION('',(0.,0.,1.));
#7163=DIRECTION('',(0.,0.,1.));
#7164=DIRECTION('center_axis',(-0.906310440103536,0.422612572173775,0.));
#7165=DIRECTION('ref_axis',(-0.422612572173775,-0.906310440103536,0.));
#7166=DIRECTION('',(-0.422612572173775,-0.906310440103536,0.));
#7167=DIRECTION('',(0.,0.,1.));
#7168=DIRECTION('',(0.,0.,1.));
#7169=DIRECTION('center_axis',(0.,-1.,0.));
#7170=DIRECTION('ref_axis',(1.,0.,0.));
#7171=DIRECTION('',(0.,0.,1.));
#7172=DIRECTION('',(1.,0.,0.));
#7173=DIRECTION('',(0.,0.,1.));
#7174=DIRECTION('',(0.,0.,1.));
#7175=DIRECTION('',(0.,0.,1.));
#7176=DIRECTION('center_axis',(1.,0.,0.));
#7177=DIRECTION('ref_axis',(0.,1.,0.));
#7178=DIRECTION('',(0.,1.,0.));
#7179=DIRECTION('',(0.,0.,1.));
#7180=DIRECTION('',(0.,0.,1.));
#7181=DIRECTION('',(0.,0.,1.));
#7182=DIRECTION('center_axis',(0.,1.,0.));
#7183=DIRECTION('ref_axis',(-1.,0.,0.));
#7184=DIRECTION('',(-1.,0.,0.));
#7185=DIRECTION('',(0.,0.,1.));
#7186=DIRECTION('',(0.,0.,1.));
#7187=DIRECTION('',(0.,0.,1.));
#7188=DIRECTION('center_axis',(-1.,0.,0.));
#7189=DIRECTION('ref_axis',(0.,-1.,0.));
#7190=DIRECTION('',(0.,-1.,0.));
#7191=DIRECTION('',(0.,0.,1.));
#7192=DIRECTION('',(0.,0.,1.));
#7193=DIRECTION('center_axis',(0.,-1.,0.));
#7194=DIRECTION('ref_axis',(1.,0.,0.));
#7195=DIRECTION('',(0.,0.,1.));
#7196=DIRECTION('',(1.,0.,0.));
#7197=DIRECTION('',(0.,0.,1.));
#7198=DIRECTION('',(0.,0.,1.));
#7199=DIRECTION('',(0.,0.,1.));
#7200=DIRECTION('center_axis',(1.,0.,0.));
#7201=DIRECTION('ref_axis',(0.,1.,0.));
#7202=DIRECTION('',(0.,1.,0.));
#7203=DIRECTION('',(0.,0.,1.));
#7204=DIRECTION('',(0.,0.,1.));
#7205=DIRECTION('',(0.,0.,1.));
#7206=DIRECTION('center_axis',(0.,1.,0.));
#7207=DIRECTION('ref_axis',(-1.,0.,0.));
#7208=DIRECTION('',(-1.,0.,0.));
#7209=DIRECTION('',(0.,0.,1.));
#7210=DIRECTION('',(0.,0.,1.));
#7211=DIRECTION('',(0.,0.,1.));
#7212=DIRECTION('center_axis',(-1.,0.,0.));
#7213=DIRECTION('ref_axis',(0.,-1.,0.));
#7214=DIRECTION('',(0.,-1.,0.));
#7215=DIRECTION('',(0.,0.,1.));
#7216=DIRECTION('',(0.,0.,1.));
#7217=DIRECTION('center_axis',(0.939692211615888,-0.342021267508968,0.));
#7218=DIRECTION('ref_axis',(0.342021267508968,0.939692211615888,0.));
#7219=DIRECTION('',(0.,0.,1.));
#7220=DIRECTION('',(0.342021267508968,0.939692211615888,0.));
#7221=DIRECTION('',(0.,0.,1.));
#7222=DIRECTION('',(0.,0.,1.));
#7223=DIRECTION('center_axis',(0.342021267508968,0.939692211615888,0.));
#7224=DIRECTION('ref_axis',(-0.939692211615888,0.342021267508968,0.));
#7225=DIRECTION('',(-0.939692211615888,0.342021267508968,0.));
#7226=DIRECTION('',(0.,0.,1.));
#7227=DIRECTION('',(0.,0.,1.));
#7228=DIRECTION('center_axis',(-0.939692211615888,0.342021267508968,0.));
#7229=DIRECTION('ref_axis',(-0.342021267508968,-0.939692211615888,0.));
#7230=DIRECTION('',(-0.342021267508968,-0.939692211615888,0.));
#7231=DIRECTION('',(0.,0.,1.));
#7232=DIRECTION('',(0.,0.,1.));
#7233=DIRECTION('center_axis',(-0.342021267508968,-0.939692211615888,0.));
#7234=DIRECTION('ref_axis',(0.939692211615888,-0.342021267508968,0.));
#7235=DIRECTION('',(0.939692211615888,-0.342021267508968,0.));
#7236=DIRECTION('',(0.,0.,1.));
#7237=DIRECTION('center_axis',(0.,-1.,0.));
#7238=DIRECTION('ref_axis',(1.,0.,0.));
#7239=DIRECTION('',(0.,0.,1.));
#7240=DIRECTION('',(1.,0.,0.));
#7241=DIRECTION('',(0.,0.,1.));
#7242=DIRECTION('',(0.,0.,1.));
#7243=DIRECTION('',(0.,0.,1.));
#7244=DIRECTION('center_axis',(1.,0.,0.));
#7245=DIRECTION('ref_axis',(0.,1.,0.));
#7246=DIRECTION('',(0.,1.,0.));
#7247=DIRECTION('',(0.,0.,1.));
#7248=DIRECTION('',(0.,0.,1.));
#7249=DIRECTION('',(0.,0.,1.));
#7250=DIRECTION('center_axis',(0.,1.,0.));
#7251=DIRECTION('ref_axis',(-1.,0.,0.));
#7252=DIRECTION('',(-1.,0.,0.));
#7253=DIRECTION('',(0.,0.,1.));
#7254=DIRECTION('',(0.,0.,1.));
#7255=DIRECTION('',(0.,0.,1.));
#7256=DIRECTION('center_axis',(-1.,0.,0.));
#7257=DIRECTION('ref_axis',(0.,-1.,0.));
#7258=DIRECTION('',(0.,-1.,0.));
#7259=DIRECTION('',(0.,0.,1.));
#7260=DIRECTION('',(0.,0.,1.));
#7261=DIRECTION('center_axis',(0.,-1.,0.));
#7262=DIRECTION('ref_axis',(1.,0.,0.));
#7263=DIRECTION('',(0.,0.,1.));
#7264=DIRECTION('',(1.,0.,0.));
#7265=DIRECTION('',(0.,0.,1.));
#7266=DIRECTION('',(0.,0.,1.));
#7267=DIRECTION('',(0.,0.,1.));
#7268=DIRECTION('center_axis',(1.,0.,0.));
#7269=DIRECTION('ref_axis',(0.,1.,0.));
#7270=DIRECTION('',(0.,1.,0.));
#7271=DIRECTION('',(0.,0.,1.));
#7272=DIRECTION('',(0.,0.,1.));
#7273=DIRECTION('',(0.,0.,1.));
#7274=DIRECTION('center_axis',(0.,1.,0.));
#7275=DIRECTION('ref_axis',(-1.,0.,0.));
#7276=DIRECTION('',(-1.,0.,0.));
#7277=DIRECTION('',(0.,0.,1.));
#7278=DIRECTION('',(0.,0.,1.));
#7279=DIRECTION('',(0.,0.,1.));
#7280=DIRECTION('center_axis',(-1.,0.,0.));
#7281=DIRECTION('ref_axis',(0.,-1.,0.));
#7282=DIRECTION('',(0.,-1.,0.));
#7283=DIRECTION('',(0.,0.,1.));
#7284=DIRECTION('',(0.,0.,1.));
#7285=DIRECTION('center_axis',(0.,-1.,0.));
#7286=DIRECTION('ref_axis',(1.,0.,0.));
#7287=DIRECTION('',(0.,0.,1.));
#7288=DIRECTION('',(1.,0.,0.));
#7289=DIRECTION('',(0.,0.,1.));
#7290=DIRECTION('',(0.,0.,1.));
#7291=DIRECTION('',(0.,0.,1.));
#7292=DIRECTION('center_axis',(1.,0.,0.));
#7293=DIRECTION('ref_axis',(0.,1.,0.));
#7294=DIRECTION('',(0.,1.,0.));
#7295=DIRECTION('',(0.,0.,1.));
#7296=DIRECTION('',(0.,0.,1.));
#7297=DIRECTION('',(0.,0.,1.));
#7298=DIRECTION('center_axis',(0.,1.,0.));
#7299=DIRECTION('ref_axis',(-1.,0.,0.));
#7300=DIRECTION('',(-1.,0.,0.));
#7301=DIRECTION('',(0.,0.,1.));
#7302=DIRECTION('',(0.,0.,1.));
#7303=DIRECTION('',(0.,0.,1.));
#7304=DIRECTION('center_axis',(-1.,0.,0.));
#7305=DIRECTION('ref_axis',(0.,-1.,0.));
#7306=DIRECTION('',(0.,-1.,0.));
#7307=DIRECTION('',(0.,0.,1.));
#7308=DIRECTION('',(0.,0.,1.));
#7309=DIRECTION('center_axis',(0.,-1.,0.));
#7310=DIRECTION('ref_axis',(1.,0.,0.));
#7311=DIRECTION('',(0.,0.,1.));
#7312=DIRECTION('',(1.,0.,0.));
#7313=DIRECTION('',(0.,0.,1.));
#7314=DIRECTION('',(0.,0.,1.));
#7315=DIRECTION('',(0.,0.,1.));
#7316=DIRECTION('center_axis',(1.,0.,0.));
#7317=DIRECTION('ref_axis',(0.,1.,0.));
#7318=DIRECTION('',(0.,1.,0.));
#7319=DIRECTION('',(0.,0.,1.));
#7320=DIRECTION('',(0.,0.,1.));
#7321=DIRECTION('',(0.,0.,1.));
#7322=DIRECTION('center_axis',(0.,1.,0.));
#7323=DIRECTION('ref_axis',(-1.,0.,0.));
#7324=DIRECTION('',(-1.,0.,0.));
#7325=DIRECTION('',(0.,0.,1.));
#7326=DIRECTION('',(0.,0.,1.));
#7327=DIRECTION('',(0.,0.,1.));
#7328=DIRECTION('center_axis',(-1.,0.,0.));
#7329=DIRECTION('ref_axis',(0.,-1.,0.));
#7330=DIRECTION('',(0.,-1.,0.));
#7331=DIRECTION('',(0.,0.,1.));
#7332=DIRECTION('',(0.,0.,1.));
#7333=DIRECTION('center_axis',(0.,-1.,0.));
#7334=DIRECTION('ref_axis',(1.,0.,0.));
#7335=DIRECTION('',(0.,0.,1.));
#7336=DIRECTION('',(1.,0.,0.));
#7337=DIRECTION('',(0.,0.,1.));
#7338=DIRECTION('',(0.,0.,1.));
#7339=DIRECTION('',(0.,0.,1.));
#7340=DIRECTION('center_axis',(1.,0.,0.));
#7341=DIRECTION('ref_axis',(0.,1.,0.));
#7342=DIRECTION('',(0.,1.,0.));
#7343=DIRECTION('',(0.,0.,1.));
#7344=DIRECTION('',(0.,0.,1.));
#7345=DIRECTION('',(0.,0.,1.));
#7346=DIRECTION('center_axis',(0.,1.,0.));
#7347=DIRECTION('ref_axis',(-1.,0.,0.));
#7348=DIRECTION('',(-1.,0.,0.));
#7349=DIRECTION('',(0.,0.,1.));
#7350=DIRECTION('',(0.,0.,1.));
#7351=DIRECTION('',(0.,0.,1.));
#7352=DIRECTION('center_axis',(-1.,0.,0.));
#7353=DIRECTION('ref_axis',(0.,-1.,0.));
#7354=DIRECTION('',(0.,-1.,0.));
#7355=DIRECTION('',(0.,0.,1.));
#7356=DIRECTION('',(0.,0.,1.));
#7357=DIRECTION('center_axis',(0.,-1.,0.));
#7358=DIRECTION('ref_axis',(1.,0.,0.));
#7359=DIRECTION('',(0.,0.,1.));
#7360=DIRECTION('',(1.,0.,0.));
#7361=DIRECTION('',(0.,0.,1.));
#7362=DIRECTION('',(0.,0.,1.));
#7363=DIRECTION('',(0.,0.,1.));
#7364=DIRECTION('center_axis',(1.,0.,0.));
#7365=DIRECTION('ref_axis',(0.,1.,0.));
#7366=DIRECTION('',(0.,1.,0.));
#7367=DIRECTION('',(0.,0.,1.));
#7368=DIRECTION('',(0.,0.,1.));
#7369=DIRECTION('',(0.,0.,1.));
#7370=DIRECTION('center_axis',(0.,1.,0.));
#7371=DIRECTION('ref_axis',(-1.,0.,0.));
#7372=DIRECTION('',(-1.,0.,0.));
#7373=DIRECTION('',(0.,0.,1.));
#7374=DIRECTION('',(0.,0.,1.));
#7375=DIRECTION('',(0.,0.,1.));
#7376=DIRECTION('center_axis',(-1.,0.,0.));
#7377=DIRECTION('ref_axis',(0.,-1.,0.));
#7378=DIRECTION('',(0.,-1.,0.));
#7379=DIRECTION('',(0.,0.,1.));
#7380=DIRECTION('',(0.,0.,1.));
#7381=DIRECTION('center_axis',(0.,-1.,0.));
#7382=DIRECTION('ref_axis',(1.,0.,0.));
#7383=DIRECTION('',(0.,0.,1.));
#7384=DIRECTION('',(1.,0.,0.));
#7385=DIRECTION('',(0.,0.,1.));
#7386=DIRECTION('',(0.,0.,1.));
#7387=DIRECTION('',(0.,0.,1.));
#7388=DIRECTION('center_axis',(1.,0.,0.));
#7389=DIRECTION('ref_axis',(0.,1.,0.));
#7390=DIRECTION('',(0.,1.,0.));
#7391=DIRECTION('',(0.,0.,1.));
#7392=DIRECTION('',(0.,0.,1.));
#7393=DIRECTION('',(0.,0.,1.));
#7394=DIRECTION('center_axis',(0.,1.,0.));
#7395=DIRECTION('ref_axis',(-1.,0.,0.));
#7396=DIRECTION('',(-1.,0.,0.));
#7397=DIRECTION('',(0.,0.,1.));
#7398=DIRECTION('',(0.,0.,1.));
#7399=DIRECTION('',(0.,0.,1.));
#7400=DIRECTION('center_axis',(-1.,0.,0.));
#7401=DIRECTION('ref_axis',(0.,-1.,0.));
#7402=DIRECTION('',(0.,-1.,0.));
#7403=DIRECTION('',(0.,0.,1.));
#7404=DIRECTION('',(0.,0.,1.));
#7405=DIRECTION('center_axis',(0.,-1.,0.));
#7406=DIRECTION('ref_axis',(1.,0.,0.));
#7407=DIRECTION('',(0.,0.,1.));
#7408=DIRECTION('',(1.,0.,0.));
#7409=DIRECTION('',(0.,0.,1.));
#7410=DIRECTION('',(0.,0.,1.));
#7411=DIRECTION('',(0.,0.,1.));
#7412=DIRECTION('center_axis',(1.,0.,0.));
#7413=DIRECTION('ref_axis',(0.,1.,0.));
#7414=DIRECTION('',(0.,1.,0.));
#7415=DIRECTION('',(0.,0.,1.));
#7416=DIRECTION('',(0.,0.,1.));
#7417=DIRECTION('',(0.,0.,1.));
#7418=DIRECTION('center_axis',(0.,1.,0.));
#7419=DIRECTION('ref_axis',(-1.,0.,0.));
#7420=DIRECTION('',(-1.,0.,0.));
#7421=DIRECTION('',(0.,0.,1.));
#7422=DIRECTION('',(0.,0.,1.));
#7423=DIRECTION('',(0.,0.,1.));
#7424=DIRECTION('center_axis',(-1.,0.,0.));
#7425=DIRECTION('ref_axis',(0.,-1.,0.));
#7426=DIRECTION('',(0.,-1.,0.));
#7427=DIRECTION('',(0.,0.,1.));
#7428=DIRECTION('',(0.,0.,1.));
#7429=DIRECTION('center_axis',(9.42224730385305E-12,1.,0.));
#7430=DIRECTION('ref_axis',(-1.,9.42224730385305E-12,0.));
#7431=DIRECTION('',(0.,0.,1.));
#7432=DIRECTION('',(-1.,9.42224730385305E-12,0.));
#7433=DIRECTION('',(0.,0.,1.));
#7434=DIRECTION('',(0.,0.,1.));
#7435=DIRECTION('center_axis',(0.514510014333251,0.857484370207876,0.));
#7436=DIRECTION('ref_axis',(-0.857484370207876,0.51451001433325,0.));
#7437=DIRECTION('',(-0.857484370207876,0.51451001433325,0.));
#7438=DIRECTION('center_axis',(0.,0.,1.));
#7439=DIRECTION('ref_axis',(0.0356288246662116,0.999365091872287,0.));
#7440=DIRECTION('center_axis',(0.,0.,1.));
#7441=DIRECTION('ref_axis',(0.0356288246662116,0.999365091872287,0.));
#7442=DIRECTION('',(0.,0.,1.));
#7443=DIRECTION('',(0.,0.,1.));
#7444=DIRECTION('',(0.,0.,1.));
#7445=DIRECTION('center_axis',(1.,-3.99726394329651E-15,0.));
#7446=DIRECTION('ref_axis',(3.99726394329651E-15,1.,0.));
#7447=DIRECTION('',(3.99726394329651E-15,1.,0.));
#7448=DIRECTION('',(0.,0.,1.));
#7449=DIRECTION('',(0.,0.,1.));
#7450=DIRECTION('center_axis',(0.905457446023674,-0.424437054744617,0.));
#7451=DIRECTION('ref_axis',(0.424437054744617,0.905457446023674,0.));
#7452=DIRECTION('',(0.424437054744617,0.905457446023674,0.));
#7453=DIRECTION('',(0.,0.,1.));
#7454=DIRECTION('',(0.,0.,1.));
#7455=DIRECTION('center_axis',(0.532172315664497,-0.846636064930078,0.));
#7456=DIRECTION('ref_axis',(0.846636064930078,0.532172315664497,0.));
#7457=DIRECTION('',(0.846636064930078,0.532172315664497,0.));
#7458=DIRECTION('',(0.,0.,1.));
#7459=DIRECTION('',(0.,0.,1.));
#7460=DIRECTION('center_axis',(-0.189674491825448,-0.981847028386173,0.));
#7461=DIRECTION('ref_axis',(0.981847028386173,-0.189674491825448,0.));
#7462=DIRECTION('',(0.981847028386173,-0.189674491825448,0.));
#7463=DIRECTION('',(0.,0.,1.));
#7464=DIRECTION('',(0.,0.,1.));
#7465=DIRECTION('center_axis',(-1.,5.935206699704E-12,0.));
#7466=DIRECTION('ref_axis',(-5.935206699704E-12,-1.,0.));
#7467=DIRECTION('',(-5.935206699704E-12,-1.,0.));
#7468=DIRECTION('',(0.,0.,1.));
#7469=DIRECTION('',(0.,0.,1.));
#7470=DIRECTION('center_axis',(-0.579205992240969,0.815181218228287,0.));
#7471=DIRECTION('ref_axis',(-0.815181218228287,-0.579205992240969,0.));
#7472=DIRECTION('',(-0.815181218228287,-0.579205992240969,0.));
#7473=DIRECTION('',(0.,0.,1.));
#7474=DIRECTION('',(0.,0.,1.));
#7475=DIRECTION('center_axis',(-0.417502699410678,0.90867568250988,0.));
#7476=DIRECTION('ref_axis',(-0.90867568250988,-0.417502699410678,0.));
#7477=DIRECTION('',(-0.90867568250988,-0.417502699410678,0.));
#7478=DIRECTION('',(0.,0.,1.));
#7479=DIRECTION('center_axis',(0.,0.,1.));
#7480=DIRECTION('ref_axis',(1.,0.,0.));
#7481=DIRECTION('center_axis',(0.,0.,1.));
#7482=DIRECTION('ref_axis',(1.,0.,0.));
#7483=DIRECTION('',(1.,0.,0.));
#7484=DIRECTION('',(0.,-1.,0.));
#7485=DIRECTION('',(-1.,0.,0.));
#7486=DIRECTION('',(0.,1.,0.));
#7487=DIRECTION('center_axis',(0.,-1.,0.));
#7488=DIRECTION('ref_axis',(1.,0.,0.));
#7489=DIRECTION('',(0.,0.,1.));
#7490=DIRECTION('',(1.,0.,0.));
#7491=DIRECTION('',(0.,0.,1.));
#7492=DIRECTION('center_axis',(0.,0.,1.));
#7493=DIRECTION('ref_axis',(1.,0.,0.));
#7494=DIRECTION('',(0.,1.,0.));
#7495=DIRECTION('',(1.,0.,0.));
#7496=DIRECTION('',(0.857484370207874,-0.514510014333255,0.));
#7497=DIRECTION('',(1.,-8.05230017240412E-12,0.));
#7498=DIRECTION('',(0.90867568250988,0.417502699410679,0.));
#7499=DIRECTION('',(0.815181218201353,0.579205992278877,0.));
#7500=DIRECTION('',(2.12018677564306E-12,1.,0.));
#7501=DIRECTION('',(-0.981847028388,0.189674491815989,0.));
#7502=DIRECTION('',(-0.846636064882914,-0.53217231573953,0.));
#7503=DIRECTION('',(-0.424437054706537,-0.905457446041524,0.));
#7504=DIRECTION('',(-3.99728438144687E-15,-1.,0.));
#7505=DIRECTION('center_axis',(0.,0.,-1.));
#7506=DIRECTION('ref_axis',(0.0356288246662111,0.999365091872287,0.));
#7507=DIRECTION('',(1.,0.,0.));
#7508=DIRECTION('',(0.,1.,0.));
#7509=DIRECTION('',(1.,0.,0.));
#7510=DIRECTION('center_axis',(0.,0.,1.));
#7511=DIRECTION('ref_axis',(0.0356288246662116,0.999365091872287,0.));
#7512=DIRECTION('',(-3.99726394329651E-15,-1.,0.));
#7513=DIRECTION('',(-0.424437054744617,-0.905457446023674,0.));
#7514=DIRECTION('',(-0.846636064930078,-0.532172315664497,0.));
#7515=DIRECTION('',(-0.981847028386173,0.189674491825448,0.));
#7516=DIRECTION('',(5.935206699704E-12,1.,0.));
#7517=DIRECTION('',(0.815181218228287,0.579205992240969,0.));
#7518=DIRECTION('',(0.90867568250988,0.417502699410678,0.));
#7519=DIRECTION('',(1.,-9.42224730385305E-12,0.));
#7520=DIRECTION('',(0.857484370207876,-0.51451001433325,0.));
#7521=DIRECTION('',(1.,0.,0.));
#7522=DIRECTION('center_axis',(1.,-2.12018677564306E-12,0.));
#7523=DIRECTION('ref_axis',(2.12018677564306E-12,1.,0.));
#7524=DIRECTION('',(0.,0.,1.));
#7525=DIRECTION('',(2.12018677564306E-12,1.,0.));
#7526=DIRECTION('',(0.,0.,1.));
#7527=DIRECTION('',(0.,0.,1.));
#7528=DIRECTION('center_axis',(0.189674491815989,0.981847028388,0.));
#7529=DIRECTION('ref_axis',(-0.981847028388,0.189674491815989,0.));
#7530=DIRECTION('',(-0.981847028388,0.189674491815989,0.));
#7531=DIRECTION('',(0.,0.,1.));
#7532=DIRECTION('',(0.,0.,1.));
#7533=DIRECTION('center_axis',(-0.53217231573953,0.846636064882914,0.));
#7534=DIRECTION('ref_axis',(-0.846636064882914,-0.53217231573953,0.));
#7535=DIRECTION('',(-0.846636064882914,-0.53217231573953,0.));
#7536=DIRECTION('',(0.,0.,1.));
#7537=DIRECTION('',(0.,0.,1.));
#7538=DIRECTION('center_axis',(-0.905457446041524,0.424437054706537,0.));
#7539=DIRECTION('ref_axis',(-0.424437054706537,-0.905457446041524,0.));
#7540=DIRECTION('',(-0.424437054706537,-0.905457446041524,0.));
#7541=DIRECTION('',(0.,0.,1.));
#7542=DIRECTION('',(0.,0.,1.));
#7543=DIRECTION('center_axis',(-1.,3.99728438144687E-15,0.));
#7544=DIRECTION('ref_axis',(-3.99728438144687E-15,-1.,0.));
#7545=DIRECTION('',(-3.99728438144687E-15,-1.,0.));
#7546=DIRECTION('',(0.,0.,1.));
#7547=DIRECTION('',(0.,0.,1.));
#7548=DIRECTION('',(0.,0.,1.));
#7549=DIRECTION('center_axis',(0.,0.,1.));
#7550=DIRECTION('ref_axis',(0.0356288246662111,0.999365091872287,0.));
#7551=DIRECTION('center_axis',(0.,0.,-1.));
#7552=DIRECTION('ref_axis',(0.0356288246662111,0.999365091872287,0.));
#7553=DIRECTION('',(0.,0.,1.));
#7554=DIRECTION('center_axis',(0.,-1.,0.));
#7555=DIRECTION('ref_axis',(1.,0.,0.));
#7556=DIRECTION('',(1.,0.,0.));
#7557=DIRECTION('',(0.,0.,1.));
#7558=DIRECTION('center_axis',(-1.,0.,0.));
#7559=DIRECTION('ref_axis',(0.,-1.,0.));
#7560=DIRECTION('',(0.,-1.,0.));
#7561=DIRECTION('',(0.,0.,1.));
#7562=DIRECTION('center_axis',(1.,0.,0.));
#7563=DIRECTION('ref_axis',(0.,1.,0.));
#7564=DIRECTION('',(0.,0.,-1.));
#7565=DIRECTION('',(0.,1.,0.));
#7566=DIRECTION('',(0.,0.,1.));
#7567=DIRECTION('center_axis',(0.,-1.,0.));
#7568=DIRECTION('ref_axis',(1.,0.,0.));
#7569=DIRECTION('',(1.,0.,0.));
#7570=DIRECTION('',(0.,0.,1.));
#7571=DIRECTION('',(0.,0.,1.));
#7572=DIRECTION('center_axis',(-0.514510014333255,-0.857484370207873,0.));
#7573=DIRECTION('ref_axis',(0.857484370207874,-0.514510014333255,0.));
#7574=DIRECTION('',(0.857484370207874,-0.514510014333255,0.));
#7575=DIRECTION('',(0.,0.,1.));
#7576=DIRECTION('',(0.,0.,1.));
#7577=DIRECTION('center_axis',(-8.05230017240412E-12,-1.,0.));
#7578=DIRECTION('ref_axis',(1.,-8.05230017240412E-12,0.));
#7579=DIRECTION('',(1.,-8.05230017240412E-12,0.));
#7580=DIRECTION('',(0.,0.,1.));
#7581=DIRECTION('',(0.,0.,1.));
#7582=DIRECTION('center_axis',(0.417502699410679,-0.90867568250988,0.));
#7583=DIRECTION('ref_axis',(0.90867568250988,0.417502699410679,0.));
#7584=DIRECTION('',(0.90867568250988,0.417502699410679,0.));
#7585=DIRECTION('',(0.,0.,1.));
#7586=DIRECTION('',(0.,0.,1.));
#7587=DIRECTION('center_axis',(0.579205992278877,-0.815181218201353,0.));
#7588=DIRECTION('ref_axis',(0.815181218201353,0.579205992278877,0.));
#7589=DIRECTION('',(0.815181218201353,0.579205992278877,0.));
#7590=DIRECTION('',(0.,0.,1.));
#7591=DIRECTION('center_axis',(9.42224730385305E-12,1.,0.));
#7592=DIRECTION('ref_axis',(-1.,9.42224730385305E-12,0.));
#7593=DIRECTION('',(0.,0.,1.));
#7594=DIRECTION('',(-1.,9.42224730385305E-12,0.));
#7595=DIRECTION('',(0.,0.,1.));
#7596=DIRECTION('',(0.,0.,1.));
#7597=DIRECTION('center_axis',(0.514510014333251,0.857484370207876,0.));
#7598=DIRECTION('ref_axis',(-0.857484370207876,0.51451001433325,0.));
#7599=DIRECTION('',(-0.857484370207876,0.51451001433325,0.));
#7600=DIRECTION('',(0.,0.,1.));
#7601=DIRECTION('center_axis',(0.,1.,0.));
#7602=DIRECTION('ref_axis',(-1.,0.,0.));
#7603=DIRECTION('',(-1.,0.,0.));
#7604=DIRECTION('',(0.,0.,1.));
#7605=DIRECTION('center_axis',(0.,0.,1.));
#7606=DIRECTION('ref_axis',(0.0356288246662116,0.999365091872287,0.));
#7607=DIRECTION('center_axis',(0.,0.,1.));
#7608=DIRECTION('ref_axis',(0.0356288246662116,0.999365091872287,0.));
#7609=DIRECTION('',(0.,0.,1.));
#7610=DIRECTION('',(0.,0.,1.));
#7611=DIRECTION('',(0.,0.,1.));
#7612=DIRECTION('center_axis',(1.,-3.99726394329651E-15,0.));
#7613=DIRECTION('ref_axis',(3.99726394329651E-15,1.,0.));
#7614=DIRECTION('',(3.99726394329651E-15,1.,0.));
#7615=DIRECTION('',(0.,0.,1.));
#7616=DIRECTION('',(0.,0.,1.));
#7617=DIRECTION('center_axis',(0.905457446023674,-0.424437054744617,0.));
#7618=DIRECTION('ref_axis',(0.424437054744617,0.905457446023674,0.));
#7619=DIRECTION('',(0.424437054744617,0.905457446023674,0.));
#7620=DIRECTION('',(0.,0.,1.));
#7621=DIRECTION('',(0.,0.,1.));
#7622=DIRECTION('center_axis',(0.532172315664497,-0.846636064930078,0.));
#7623=DIRECTION('ref_axis',(0.846636064930078,0.532172315664497,0.));
#7624=DIRECTION('',(0.846636064930078,0.532172315664497,0.));
#7625=DIRECTION('',(0.,0.,1.));
#7626=DIRECTION('',(0.,0.,1.));
#7627=DIRECTION('center_axis',(-0.189674491825448,-0.981847028386173,0.));
#7628=DIRECTION('ref_axis',(0.981847028386173,-0.189674491825448,0.));
#7629=DIRECTION('',(0.981847028386173,-0.189674491825448,0.));
#7630=DIRECTION('',(0.,0.,1.));
#7631=DIRECTION('',(0.,0.,1.));
#7632=DIRECTION('center_axis',(-1.,5.935206699704E-12,0.));
#7633=DIRECTION('ref_axis',(-5.935206699704E-12,-1.,0.));
#7634=DIRECTION('',(-5.935206699704E-12,-1.,0.));
#7635=DIRECTION('',(0.,0.,1.));
#7636=DIRECTION('',(0.,0.,1.));
#7637=DIRECTION('center_axis',(-0.579205992240969,0.815181218228287,0.));
#7638=DIRECTION('ref_axis',(-0.815181218228287,-0.579205992240969,0.));
#7639=DIRECTION('',(-0.815181218228287,-0.579205992240969,0.));
#7640=DIRECTION('',(0.,0.,1.));
#7641=DIRECTION('',(0.,0.,1.));
#7642=DIRECTION('center_axis',(-0.417502699410678,0.90867568250988,0.));
#7643=DIRECTION('ref_axis',(-0.90867568250988,-0.417502699410678,0.));
#7644=DIRECTION('',(-0.90867568250988,-0.417502699410678,0.));
#7645=DIRECTION('',(0.,0.,1.));
#7646=DIRECTION('center_axis',(0.,0.,1.));
#7647=DIRECTION('ref_axis',(1.,0.,0.));
#7648=CARTESIAN_POINT('',(0.,0.,0.));
#7649=CARTESIAN_POINT('Origin',(135.4434,157.3962,0.));
#7650=CARTESIAN_POINT('',(129.3827,157.3962,0.));
#7651=CARTESIAN_POINT('',(129.3827,157.3962,1.6));
#7652=CARTESIAN_POINT('',(129.3827,157.3962,0.));
#7653=CARTESIAN_POINT('',(135.4434,157.3962,1.6));
#7654=CARTESIAN_POINT('',(88.005748354729,157.3962,1.6));
#7655=CARTESIAN_POINT('',(135.4434,157.3962,0.));
#7656=CARTESIAN_POINT('',(135.4434,157.3962,0.));
#7657=CARTESIAN_POINT('',(88.005748354729,157.3962,0.));
#7658=CARTESIAN_POINT('Origin',(135.4434,157.3962,0.));
#7659=CARTESIAN_POINT('',(122.2827,157.3962,1.6));
#7660=CARTESIAN_POINT('',(122.2827,157.3962,0.));
#7661=CARTESIAN_POINT('',(122.2827,157.3962,0.));
#7662=CARTESIAN_POINT('',(88.005748354729,157.3962,0.));
#7663=CARTESIAN_POINT('',(88.005748354729,157.3962,0.));
#7664=CARTESIAN_POINT('',(88.005748354729,157.3962,1.6));
#7665=CARTESIAN_POINT('',(88.005748354729,157.3962,0.));
#7666=CARTESIAN_POINT('',(88.005748354729,157.3962,1.6));
#7667=CARTESIAN_POINT('Origin',(79.0361811760343,112.988865185545,0.));
#7668=CARTESIAN_POINT('',(122.2827,153.7363,0.));
#7669=CARTESIAN_POINT('',(122.2827,150.1063,0.));
#7670=CARTESIAN_POINT('',(116.8927,153.7363,0.));
#7671=CARTESIAN_POINT('',(134.7727,153.7363,0.));
#7672=CARTESIAN_POINT('',(116.8927,120.6163,0.));
#7673=CARTESIAN_POINT('',(116.8927,153.7363,0.));
#7674=CARTESIAN_POINT('',(134.7727,120.6163,0.));
#7675=CARTESIAN_POINT('',(116.8927,120.6163,0.));
#7676=CARTESIAN_POINT('',(134.7727,153.7363,0.));
#7677=CARTESIAN_POINT('',(134.7727,120.6163,0.));
#7678=CARTESIAN_POINT('',(129.3827,153.7363,0.));
#7679=CARTESIAN_POINT('',(134.7727,153.7363,0.));
#7680=CARTESIAN_POINT('',(129.3827,134.097582592773,0.));
#7681=CARTESIAN_POINT('',(135.568100886332,157.393977821553,0.));
#7682=CARTESIAN_POINT('Origin',(135.4434,153.8962,0.));
#7683=CARTESIAN_POINT('',(138.072354591807,156.250337404419,0.));
#7684=CARTESIAN_POINT('Ctrl Pts',(138.072349882032,156.250342463616,0.));
#7685=CARTESIAN_POINT('Ctrl Pts',(137.423227291709,156.947622640908,0.));
#7686=CARTESIAN_POINT('Ctrl Pts',(136.520128404314,157.360036650512,0.));
#7687=CARTESIAN_POINT('Ctrl Pts',(135.568100886332,157.393977821553,0.));
#7688=CARTESIAN_POINT('',(139.0364,153.77862122718,0.));
#7689=CARTESIAN_POINT('Ctrl Pts',(139.0364,153.77862122718,0.));
#7690=CARTESIAN_POINT('Ctrl Pts',(139.0417766146,154.693206425101,0.));
#7691=CARTESIAN_POINT('Ctrl Pts',(138.696982399418,155.579366589926,0.));
#7692=CARTESIAN_POINT('Ctrl Pts',(138.072354591807,156.250337404419,0.));
#7693=CARTESIAN_POINT('',(139.0364,94.6645045668654,0.));
#7694=CARTESIAN_POINT('',(139.0364,107.9963,0.));
#7695=CARTESIAN_POINT('',(138.421763510515,91.9056902021413,0.));
#7696=CARTESIAN_POINT('Ctrl Pts',(138.421763510515,91.9056902021417,0.));
#7697=CARTESIAN_POINT('Ctrl Pts',(138.631909174864,92.3539510962113,0.));
#7698=CARTESIAN_POINT('Ctrl Pts',(138.789540355213,92.8234493531174,0.));
#7699=CARTESIAN_POINT('Ctrl Pts',(138.892518152393,93.3047062180707,0.));
#7700=CARTESIAN_POINT('Ctrl Pts',(138.95746659395,93.6082365345358,0.));
#7701=CARTESIAN_POINT('Ctrl Pts',(139.0006846405,93.9164741643583,0.));
#7702=CARTESIAN_POINT('Ctrl Pts',(139.021646826688,94.2270682321679,0.));
#7703=CARTESIAN_POINT('Ctrl Pts',(139.02875028228,94.3323192373912,0.));
#7704=CARTESIAN_POINT('Ctrl Pts',(139.033297914466,94.4378398361184,0.));
#7705=CARTESIAN_POINT('Ctrl Pts',(139.035269450761,94.5435340716485,0.));
#7706=CARTESIAN_POINT('Ctrl Pts',(139.036020951077,94.5838220702709,0.));
#7707=CARTESIAN_POINT('Ctrl Pts',(139.036398981077,94.6458198695765,0.));
#7708=CARTESIAN_POINT('Ctrl Pts',(139.036399996283,94.6644364018446,0.));
#7709=CARTESIAN_POINT('Ctrl Pts',(139.036399997522,94.6644591235388,0.));
#7710=CARTESIAN_POINT('Ctrl Pts',(139.036399998761,94.664481845172,0.));
#7711=CARTESIAN_POINT('Ctrl Pts',(139.0364,94.6645045668277,0.));
#7712=CARTESIAN_POINT('',(131.579344274783,77.3086625002685,0.));
#7713=CARTESIAN_POINT('',(138.421763510515,91.9056902021413,0.));
#7714=CARTESIAN_POINT('',(129.153036215885,74.5642945854529,0.));
#7715=CARTESIAN_POINT('Ctrl Pts',(129.153036218993,74.5642945874066,0.));
#7716=CARTESIAN_POINT('Ctrl Pts',(129.153044100144,74.5642995415282,0.));
#7717=CARTESIAN_POINT('Ctrl Pts',(129.153051979742,74.5643044946743,0.));
#7718=CARTESIAN_POINT('Ctrl Pts',(129.153059860905,74.5643094488036,0.));
#7719=CARTESIAN_POINT('Ctrl Pts',(129.169309263966,74.5745238865151,0.));
#7720=CARTESIAN_POINT('Ctrl Pts',(129.223197471422,74.6088687362625,0.));
#7721=CARTESIAN_POINT('Ctrl Pts',(129.257915511663,74.6316324343756,0.));
#7722=CARTESIAN_POINT('Ctrl Pts',(130.263908484205,75.2912353431738,0.));
#7723=CARTESIAN_POINT('Ctrl Pts',(131.068164456026,76.218072962645,0.));
#7724=CARTESIAN_POINT('Ctrl Pts',(131.579344274783,77.3086625002685,0.));
#7725=CARTESIAN_POINT('',(113.401495479716,64.6633061252657,0.));
#7726=CARTESIAN_POINT('',(129.153036215885,74.5642945854529,0.));
#7727=CARTESIAN_POINT('',(108.709533564433,63.784536504524,0.));
#7728=CARTESIAN_POINT('Ctrl Pts',(108.709533564433,63.784536504524,0.));
#7729=CARTESIAN_POINT('Ctrl Pts',(110.327307505328,63.4720089142162,0.));
#7730=CARTESIAN_POINT('Ctrl Pts',(112.006474686234,63.7865048263609,0.));
#7731=CARTESIAN_POINT('Ctrl Pts',(113.401495477883,64.6633061241138,0.));
#7732=CARTESIAN_POINT('',(24.3032506547851,80.0902525223003,0.));
#7733=CARTESIAN_POINT('',(108.709533564433,63.784536504524,0.));
#7734=CARTESIAN_POINT('',(19.0363000000727,86.4723388431416,0.));
#7735=CARTESIAN_POINT('Ctrl Pts',(19.0363000000727,86.4723388431347,0.));
#7736=CARTESIAN_POINT('Ctrl Pts',(19.0362586371833,84.0754765266324,0.));
#7737=CARTESIAN_POINT('Ctrl Pts',(20.3584540710177,81.9106660396295,0.));
#7738=CARTESIAN_POINT('Ctrl Pts',(22.3839234186123,80.7873893353644,0.));
#7739=CARTESIAN_POINT('Ctrl Pts',(22.9717873668691,80.4613740939398,0.));
#7740=CARTESIAN_POINT('Ctrl Pts',(23.6202255876774,80.2222184693454,0.));
#7741=CARTESIAN_POINT('Ctrl Pts',(24.3032506550852,80.0902525222423,0.));
#7742=CARTESIAN_POINT('',(19.0363000003634,135.447649563467,0.));
#7743=CARTESIAN_POINT('',(19.0363000000727,86.4723388431416,0.));
#7744=CARTESIAN_POINT('',(21.7714911415924,140.746442871374,0.));
#7745=CARTESIAN_POINT('Ctrl Pts',(21.7714911415924,140.746442871374,0.));
#7746=CARTESIAN_POINT('Ctrl Pts',(20.058430803171,139.529287349342,0.));
#7747=CARTESIAN_POINT('Ctrl Pts',(19.0362697177776,137.54908364688,0.));
#7748=CARTESIAN_POINT('Ctrl Pts',(19.0363000003634,135.447649563467,0.));
#7749=CARTESIAN_POINT('',(39.2795975481482,153.18637636924,0.));
#7750=CARTESIAN_POINT('',(21.7714911415924,140.746442871374,0.));
#7751=CARTESIAN_POINT('',(40.3306807209977,153.794137398634,0.));
#7752=CARTESIAN_POINT('Ctrl Pts',(40.3306807205866,153.794137398445,0.));
#7753=CARTESIAN_POINT('Ctrl Pts',(40.3306664752447,153.794130852591,0.));
#7754=CARTESIAN_POINT('Ctrl Pts',(40.3306522301407,153.794124306846,0.));
#7755=CARTESIAN_POINT('Ctrl Pts',(40.3306379848576,153.794117761019,0.));
#7756=CARTESIAN_POINT('Ctrl Pts',(40.3132754132066,153.786139513547,0.));
#7757=CARTESIAN_POINT('Ctrl Pts',(40.2555579078024,153.759182696802,0.));
#7758=CARTESIAN_POINT('Ctrl Pts',(40.2182734838783,153.741179645631,0.));
#7759=CARTESIAN_POINT('Ctrl Pts',(39.8904539475223,153.582889634232,0.));
#7760=CARTESIAN_POINT('Ctrl Pts',(39.5764514136096,153.397310985565,0.));
#7761=CARTESIAN_POINT('Ctrl Pts',(39.2795975481482,153.18637636924,0.));
#7762=CARTESIAN_POINT('',(57.9788343069538,161.902807965672,0.));
#7763=CARTESIAN_POINT('',(40.3306807209977,153.794137398634,0.));
#7764=CARTESIAN_POINT('',(60.6925810965392,162.496299999681,0.));
#7765=CARTESIAN_POINT('Ctrl Pts',(60.692581096539,162.496299999681,0.));
#7766=CARTESIAN_POINT('Ctrl Pts',(60.0304975211785,162.496323809523,0.));
#7767=CARTESIAN_POINT('Ctrl Pts',(59.3738586028097,162.395190400174,0.));
#7768=CARTESIAN_POINT('Ctrl Pts',(58.7451680544512,162.197790731953,0.));
#7769=CARTESIAN_POINT('Ctrl Pts',(58.5095958458343,162.123824492211,0.));
#7770=CARTESIAN_POINT('Ctrl Pts',(58.2779316292023,162.036337861712,0.));
#7771=CARTESIAN_POINT('Ctrl Pts',(58.0513885793594,161.935603531338,0.));
#7772=CARTESIAN_POINT('Ctrl Pts',(58.0271565539742,161.924828551252,0.));
#7773=CARTESIAN_POINT('Ctrl Pts',(57.9900315635597,161.907951889347,0.));
#7774=CARTESIAN_POINT('Ctrl Pts',(57.9789012762396,161.902838730788,0.));
#7775=CARTESIAN_POINT('Ctrl Pts',(57.9788789532453,161.902828475796,0.));
#7776=CARTESIAN_POINT('Ctrl Pts',(57.9788566308528,161.90281822108,0.));
#7777=CARTESIAN_POINT('Ctrl Pts',(57.9788343076639,161.902807965998,0.));
#7778=CARTESIAN_POINT('',(77.7053420672608,162.496299999521,0.));
#7779=CARTESIAN_POINT('',(60.6925810965392,162.496299999681,0.));
#7780=CARTESIAN_POINT('',(81.0496406913663,161.570021912011,0.));
#7781=CARTESIAN_POINT('Ctrl Pts',(81.0496406911981,161.570021912112,0.));
#7782=CARTESIAN_POINT('Ctrl Pts',(81.0496301296099,161.570028248879,0.));
#7783=CARTESIAN_POINT('Ctrl Pts',(81.0496195682114,161.570034585532,0.));
#7784=CARTESIAN_POINT('Ctrl Pts',(81.049609006661,161.570040922277,0.));
#7785=CARTESIAN_POINT('Ctrl Pts',(81.0333538044103,161.579793757746,0.));
#7786=CARTESIAN_POINT('Ctrl Pts',(80.9790102738877,161.61194552667,0.));
#7787=CARTESIAN_POINT('Ctrl Pts',(80.9434406326191,161.632380804073,0.));
#7788=CARTESIAN_POINT('Ctrl Pts',(79.9588602145019,162.198036606384,0.));
#7789=CARTESIAN_POINT('Ctrl Pts',(78.8421652713783,162.496318816458,0.));
#7790=CARTESIAN_POINT('Ctrl Pts',(77.7053420672608,162.496299999521,0.));
#7791=CARTESIAN_POINT('',(81.0496406913663,161.570021912011,0.));
#7792=CARTESIAN_POINT('',(39.1644,117.8478,0.));
#7793=CARTESIAN_POINT('',(39.517953,117.701353,0.));
#7794=CARTESIAN_POINT('Ctrl Pts',(39.1644,117.8478,0.));
#7795=CARTESIAN_POINT('Ctrl Pts',(39.297008,117.8478,0.));
#7796=CARTESIAN_POINT('Ctrl Pts',(39.424185,117.795122,0.));
#7797=CARTESIAN_POINT('Ctrl Pts',(39.517953,117.701353,0.));
#7798=CARTESIAN_POINT('',(26.2644,117.8478,0.));
#7799=CARTESIAN_POINT('',(26.2644,117.8478,0.));
#7800=CARTESIAN_POINT('',(25.910847,117.701353,0.));
#7801=CARTESIAN_POINT('Ctrl Pts',(25.910847,117.701353,0.));
#7802=CARTESIAN_POINT('Ctrl Pts',(26.004615,117.795122,0.));
#7803=CARTESIAN_POINT('Ctrl Pts',(26.131792,117.8478,0.));
#7804=CARTESIAN_POINT('Ctrl Pts',(26.2644,117.8478,0.));
#7805=CARTESIAN_POINT('',(25.7644,117.3478,0.));
#7806=CARTESIAN_POINT('Ctrl Pts',(25.7644,117.3478,0.));
#7807=CARTESIAN_POINT('Ctrl Pts',(25.7644,117.480408,0.));
#7808=CARTESIAN_POINT('Ctrl Pts',(25.817078,117.607585,0.));
#7809=CARTESIAN_POINT('Ctrl Pts',(25.910847,117.701353,0.));
#7810=CARTESIAN_POINT('',(25.7644,104.4478,0.));
#7811=CARTESIAN_POINT('',(25.7644,104.4478,0.));
#7812=CARTESIAN_POINT('',(25.910847,104.094247,0.));
#7813=CARTESIAN_POINT('Ctrl Pts',(25.910847,104.094247,0.));
#7814=CARTESIAN_POINT('Ctrl Pts',(25.817078,104.188015,0.));
#7815=CARTESIAN_POINT('Ctrl Pts',(25.7644,104.315192,0.));
#7816=CARTESIAN_POINT('Ctrl Pts',(25.7644,104.4478,0.));
#7817=CARTESIAN_POINT('',(26.2644,103.9478,0.));
#7818=CARTESIAN_POINT('Ctrl Pts',(26.2644,103.9478,0.));
#7819=CARTESIAN_POINT('Ctrl Pts',(26.131792,103.9478,0.));
#7820=CARTESIAN_POINT('Ctrl Pts',(26.004615,104.000478,0.));
#7821=CARTESIAN_POINT('Ctrl Pts',(25.910847,104.094247,0.));
#7822=CARTESIAN_POINT('',(39.1644,103.9478,0.));
#7823=CARTESIAN_POINT('',(39.1644,103.9478,0.));
#7824=CARTESIAN_POINT('',(39.517953,104.094247,0.));
#7825=CARTESIAN_POINT('Ctrl Pts',(39.517953,104.094247,0.));
#7826=CARTESIAN_POINT('Ctrl Pts',(39.424185,104.000478,0.));
#7827=CARTESIAN_POINT('Ctrl Pts',(39.297008,103.9478,0.));
#7828=CARTESIAN_POINT('Ctrl Pts',(39.1644,103.9478,0.));
#7829=CARTESIAN_POINT('',(39.6644,104.4478,0.));
#7830=CARTESIAN_POINT('Ctrl Pts',(39.6644,104.4478,0.));
#7831=CARTESIAN_POINT('Ctrl Pts',(39.6644,104.315192,0.));
#7832=CARTESIAN_POINT('Ctrl Pts',(39.611722,104.188015,0.));
#7833=CARTESIAN_POINT('Ctrl Pts',(39.517953,104.094247,0.));
#7834=CARTESIAN_POINT('',(39.6644,117.3478,0.));
#7835=CARTESIAN_POINT('',(39.6644,117.3478,0.));
#7836=CARTESIAN_POINT('Ctrl Pts',(39.517953,117.701353,0.));
#7837=CARTESIAN_POINT('Ctrl Pts',(39.611722,117.607585,0.));
#7838=CARTESIAN_POINT('Ctrl Pts',(39.6644,117.480408,0.));
#7839=CARTESIAN_POINT('Ctrl Pts',(39.6644,117.3478,0.));
#7840=CARTESIAN_POINT('',(122.4,106.3072,0.));
#7841=CARTESIAN_POINT('',(123.955635,105.662835,0.));
#7842=CARTESIAN_POINT('Ctrl Pts',(122.4,106.3072,0.));
#7843=CARTESIAN_POINT('Ctrl Pts',(122.983476,106.3072,0.));
#7844=CARTESIAN_POINT('Ctrl Pts',(123.543055,106.075415,0.));
#7845=CARTESIAN_POINT('Ctrl Pts',(123.955635,105.662835,0.));
#7846=CARTESIAN_POINT('',(120.367465,104.949104,0.));
#7847=CARTESIAN_POINT('Ctrl Pts',(120.367465,104.949104,0.));
#7848=CARTESIAN_POINT('Ctrl Pts',(120.707983,105.771187,0.));
#7849=CARTESIAN_POINT('Ctrl Pts',(121.510183,106.3072,0.));
#7850=CARTESIAN_POINT('Ctrl Pts',(122.4,106.3072,0.));
#7851=CARTESIAN_POINT('',(120.844365,102.551565,0.));
#7852=CARTESIAN_POINT('Ctrl Pts',(120.844365,102.551565,0.));
#7853=CARTESIAN_POINT('Ctrl Pts',(120.215169,103.180761,0.));
#7854=CARTESIAN_POINT('Ctrl Pts',(120.026947,104.12702,0.));
#7855=CARTESIAN_POINT('Ctrl Pts',(120.367465,104.949104,0.));
#7856=CARTESIAN_POINT('',(123.241904,102.074665,0.));
#7857=CARTESIAN_POINT('Ctrl Pts',(123.241904,102.074665,0.));
#7858=CARTESIAN_POINT('Ctrl Pts',(122.41982,101.734147,0.));
#7859=CARTESIAN_POINT('Ctrl Pts',(121.473561,101.922369,0.));
#7860=CARTESIAN_POINT('Ctrl Pts',(120.844365,102.551565,0.));
#7861=CARTESIAN_POINT('',(124.6,104.1072,0.));
#7862=CARTESIAN_POINT('Ctrl Pts',(124.6,104.1072,0.));
#7863=CARTESIAN_POINT('Ctrl Pts',(124.6,103.217383,0.));
#7864=CARTESIAN_POINT('Ctrl Pts',(124.063987,102.415183,0.));
#7865=CARTESIAN_POINT('Ctrl Pts',(123.241904,102.074665,0.));
#7866=CARTESIAN_POINT('Ctrl Pts',(123.955635,105.662835,0.));
#7867=CARTESIAN_POINT('Ctrl Pts',(124.368215,105.250255,0.));
#7868=CARTESIAN_POINT('Ctrl Pts',(124.6,104.690676,0.));
#7869=CARTESIAN_POINT('Ctrl Pts',(124.6,104.1072,0.));
#7870=CARTESIAN_POINT('',(37.5327,143.0038,0.));
#7871=CARTESIAN_POINT('',(39.088335,142.359435,0.));
#7872=CARTESIAN_POINT('Ctrl Pts',(37.5327,143.0038,0.));
#7873=CARTESIAN_POINT('Ctrl Pts',(38.116176,143.0038,0.));
#7874=CARTESIAN_POINT('Ctrl Pts',(38.675755,142.772015,0.));
#7875=CARTESIAN_POINT('Ctrl Pts',(39.088335,142.359435,0.));
#7876=CARTESIAN_POINT('',(35.3327,140.8038,0.));
#7877=CARTESIAN_POINT('Ctrl Pts',(35.3327,140.8038,0.));
#7878=CARTESIAN_POINT('Ctrl Pts',(35.3327,142.018826,0.));
#7879=CARTESIAN_POINT('Ctrl Pts',(36.317674,143.0038,0.));
#7880=CARTESIAN_POINT('Ctrl Pts',(37.5327,143.0038,0.));
#7881=CARTESIAN_POINT('',(37.5327,138.6038,0.));
#7882=CARTESIAN_POINT('Ctrl Pts',(37.5327,138.6038,0.));
#7883=CARTESIAN_POINT('Ctrl Pts',(36.317674,138.6038,0.));
#7884=CARTESIAN_POINT('Ctrl Pts',(35.3327,139.588774,0.));
#7885=CARTESIAN_POINT('Ctrl Pts',(35.3327,140.8038,0.));
#7886=CARTESIAN_POINT('',(39.7327,140.8038,0.));
#7887=CARTESIAN_POINT('Ctrl Pts',(39.7327,140.8038,0.));
#7888=CARTESIAN_POINT('Ctrl Pts',(39.7327,139.588774,0.));
#7889=CARTESIAN_POINT('Ctrl Pts',(38.747726,138.6038,0.));
#7890=CARTESIAN_POINT('Ctrl Pts',(37.5327,138.6038,0.));
#7891=CARTESIAN_POINT('Ctrl Pts',(39.088335,142.359435,0.));
#7892=CARTESIAN_POINT('Ctrl Pts',(39.500915,141.946855,0.));
#7893=CARTESIAN_POINT('Ctrl Pts',(39.7327,141.387276,0.));
#7894=CARTESIAN_POINT('Ctrl Pts',(39.7327,140.8038,0.));
#7895=CARTESIAN_POINT('',(113.7,148.9072,0.));
#7896=CARTESIAN_POINT('',(115.255635,148.262835,0.));
#7897=CARTESIAN_POINT('Ctrl Pts',(113.7,148.9072,0.));
#7898=CARTESIAN_POINT('Ctrl Pts',(114.283476,148.9072,0.));
#7899=CARTESIAN_POINT('Ctrl Pts',(114.843055,148.675415,0.));
#7900=CARTESIAN_POINT('Ctrl Pts',(115.255635,148.262835,0.));
#7901=CARTESIAN_POINT('',(111.667465,147.549104,0.));
#7902=CARTESIAN_POINT('Ctrl Pts',(111.667465,147.549104,0.));
#7903=CARTESIAN_POINT('Ctrl Pts',(112.007983,148.371187,0.));
#7904=CARTESIAN_POINT('Ctrl Pts',(112.810183,148.9072,0.));
#7905=CARTESIAN_POINT('Ctrl Pts',(113.7,148.9072,0.));
#7906=CARTESIAN_POINT('',(112.144365,145.151565,0.));
#7907=CARTESIAN_POINT('Ctrl Pts',(112.144365,145.151565,0.));
#7908=CARTESIAN_POINT('Ctrl Pts',(111.515169,145.780761,0.));
#7909=CARTESIAN_POINT('Ctrl Pts',(111.326947,146.72702,0.));
#7910=CARTESIAN_POINT('Ctrl Pts',(111.667465,147.549104,0.));
#7911=CARTESIAN_POINT('',(114.541904,144.674665,0.));
#7912=CARTESIAN_POINT('Ctrl Pts',(114.541904,144.674665,0.));
#7913=CARTESIAN_POINT('Ctrl Pts',(113.71982,144.334147,0.));
#7914=CARTESIAN_POINT('Ctrl Pts',(112.773561,144.522369,0.));
#7915=CARTESIAN_POINT('Ctrl Pts',(112.144365,145.151565,0.));
#7916=CARTESIAN_POINT('',(115.9,146.7072,0.));
#7917=CARTESIAN_POINT('Ctrl Pts',(115.9,146.7072,0.));
#7918=CARTESIAN_POINT('Ctrl Pts',(115.9,145.817383,0.));
#7919=CARTESIAN_POINT('Ctrl Pts',(115.363987,145.015183,0.));
#7920=CARTESIAN_POINT('Ctrl Pts',(114.541904,144.674665,0.));
#7921=CARTESIAN_POINT('Ctrl Pts',(115.255635,148.262835,0.));
#7922=CARTESIAN_POINT('Ctrl Pts',(115.668215,147.850255,0.));
#7923=CARTESIAN_POINT('Ctrl Pts',(115.9,147.290676,0.));
#7924=CARTESIAN_POINT('Ctrl Pts',(115.9,146.7072,0.));
#7925=CARTESIAN_POINT('',(71.7144,104.0978,0.));
#7926=CARTESIAN_POINT('',(73.270035,103.453435,0.));
#7927=CARTESIAN_POINT('Ctrl Pts',(71.7144,104.0978,0.));
#7928=CARTESIAN_POINT('Ctrl Pts',(72.297876,104.0978,0.));
#7929=CARTESIAN_POINT('Ctrl Pts',(72.857455,103.866015,0.));
#7930=CARTESIAN_POINT('Ctrl Pts',(73.270035,103.453435,0.));
#7931=CARTESIAN_POINT('',(69.681865,102.739704,0.));
#7932=CARTESIAN_POINT('Ctrl Pts',(69.681865,102.739704,0.));
#7933=CARTESIAN_POINT('Ctrl Pts',(70.022383,103.561787,0.));
#7934=CARTESIAN_POINT('Ctrl Pts',(70.824583,104.0978,0.));
#7935=CARTESIAN_POINT('Ctrl Pts',(71.7144,104.0978,0.));
#7936=CARTESIAN_POINT('',(70.158765,100.342165,0.));
#7937=CARTESIAN_POINT('Ctrl Pts',(70.158765,100.342165,0.));
#7938=CARTESIAN_POINT('Ctrl Pts',(69.529569,100.971361,0.));
#7939=CARTESIAN_POINT('Ctrl Pts',(69.341347,101.91762,0.));
#7940=CARTESIAN_POINT('Ctrl Pts',(69.681865,102.739704,0.));
#7941=CARTESIAN_POINT('',(72.556304,99.865265,0.));
#7942=CARTESIAN_POINT('Ctrl Pts',(72.556304,99.865265,0.));
#7943=CARTESIAN_POINT('Ctrl Pts',(71.73422,99.524747,0.));
#7944=CARTESIAN_POINT('Ctrl Pts',(70.787961,99.712969,0.));
#7945=CARTESIAN_POINT('Ctrl Pts',(70.158765,100.342165,0.));
#7946=CARTESIAN_POINT('',(73.9144,101.8978,0.));
#7947=CARTESIAN_POINT('Ctrl Pts',(73.9144,101.8978,0.));
#7948=CARTESIAN_POINT('Ctrl Pts',(73.9144,101.007983,0.));
#7949=CARTESIAN_POINT('Ctrl Pts',(73.378387,100.205783,0.));
#7950=CARTESIAN_POINT('Ctrl Pts',(72.556304,99.865265,0.));
#7951=CARTESIAN_POINT('Ctrl Pts',(73.270035,103.453435,0.));
#7952=CARTESIAN_POINT('Ctrl Pts',(73.682615,103.040855,0.));
#7953=CARTESIAN_POINT('Ctrl Pts',(73.9144,102.481276,0.));
#7954=CARTESIAN_POINT('Ctrl Pts',(73.9144,101.8978,0.));
#7955=CARTESIAN_POINT('',(44.2394,86.0728,0.));
#7956=CARTESIAN_POINT('',(45.795035,85.428435,0.));
#7957=CARTESIAN_POINT('Ctrl Pts',(44.2394,86.0728,0.));
#7958=CARTESIAN_POINT('Ctrl Pts',(44.822876,86.0728,0.));
#7959=CARTESIAN_POINT('Ctrl Pts',(45.382455,85.841015,0.));
#7960=CARTESIAN_POINT('Ctrl Pts',(45.795035,85.428435,0.));
#7961=CARTESIAN_POINT('',(42.206865,84.714704,0.));
#7962=CARTESIAN_POINT('Ctrl Pts',(42.206865,84.714704,0.));
#7963=CARTESIAN_POINT('Ctrl Pts',(42.547383,85.536787,0.));
#7964=CARTESIAN_POINT('Ctrl Pts',(43.349583,86.0728,0.));
#7965=CARTESIAN_POINT('Ctrl Pts',(44.2394,86.0728,0.));
#7966=CARTESIAN_POINT('',(42.683765,82.317165,0.));
#7967=CARTESIAN_POINT('Ctrl Pts',(42.683765,82.317165,0.));
#7968=CARTESIAN_POINT('Ctrl Pts',(42.054569,82.946361,0.));
#7969=CARTESIAN_POINT('Ctrl Pts',(41.866347,83.89262,0.));
#7970=CARTESIAN_POINT('Ctrl Pts',(42.206865,84.714704,0.));
#7971=CARTESIAN_POINT('',(45.081304,81.840265,0.));
#7972=CARTESIAN_POINT('Ctrl Pts',(45.081304,81.840265,0.));
#7973=CARTESIAN_POINT('Ctrl Pts',(44.25922,81.499747,0.));
#7974=CARTESIAN_POINT('Ctrl Pts',(43.312961,81.687969,0.));
#7975=CARTESIAN_POINT('Ctrl Pts',(42.683765,82.317165,0.));
#7976=CARTESIAN_POINT('',(46.4394,83.8728,0.));
#7977=CARTESIAN_POINT('Ctrl Pts',(46.4394,83.8728,0.));
#7978=CARTESIAN_POINT('Ctrl Pts',(46.4394,82.982983,0.));
#7979=CARTESIAN_POINT('Ctrl Pts',(45.903387,82.180783,0.));
#7980=CARTESIAN_POINT('Ctrl Pts',(45.081304,81.840265,0.));
#7981=CARTESIAN_POINT('Ctrl Pts',(45.795035,85.428435,0.));
#7982=CARTESIAN_POINT('Ctrl Pts',(46.207615,85.015855,0.));
#7983=CARTESIAN_POINT('Ctrl Pts',(46.4394,84.456276,0.));
#7984=CARTESIAN_POINT('Ctrl Pts',(46.4394,83.8728,0.));
#7985=CARTESIAN_POINT('',(80.0317,91.1865,0.));
#7986=CARTESIAN_POINT('',(80.6109,91.592,0.));
#7987=CARTESIAN_POINT('Ctrl Pts',(80.0317,91.1865,0.));
#7988=CARTESIAN_POINT('Ctrl Pts',(80.07969,91.458402,0.));
#7989=CARTESIAN_POINT('Ctrl Pts',(80.338989,91.639938,0.));
#7990=CARTESIAN_POINT('Ctrl Pts',(80.6109,91.592,0.));
#7991=CARTESIAN_POINT('',(77.7917,78.4824,0.));
#7992=CARTESIAN_POINT('',(77.7917,78.4824,0.));
#7993=CARTESIAN_POINT('',(78.1972,77.9032,0.));
#7994=CARTESIAN_POINT('Ctrl Pts',(78.1972,77.9032,0.));
#7995=CARTESIAN_POINT('Ctrl Pts',(77.925298,77.95119,0.));
#7996=CARTESIAN_POINT('Ctrl Pts',(77.743762,78.210489,0.));
#7997=CARTESIAN_POINT('Ctrl Pts',(77.7917,78.4824,0.));
#7998=CARTESIAN_POINT('',(90.9013,75.6632,0.));
#7999=CARTESIAN_POINT('',(90.9013,75.6632,0.));
#8000=CARTESIAN_POINT('',(91.4805,76.0687,0.));
#8001=CARTESIAN_POINT('Ctrl Pts',(91.4805,76.0687,0.));
#8002=CARTESIAN_POINT('Ctrl Pts',(91.43251,75.796798,0.));
#8003=CARTESIAN_POINT('Ctrl Pts',(91.173211,75.615262,0.));
#8004=CARTESIAN_POINT('Ctrl Pts',(90.9013,75.6632,0.));
#8005=CARTESIAN_POINT('',(93.7205,88.7728,0.));
#8006=CARTESIAN_POINT('',(93.7205,88.7728,0.));
#8007=CARTESIAN_POINT('',(93.315,89.352,0.));
#8008=CARTESIAN_POINT('Ctrl Pts',(93.315,89.352,0.));
#8009=CARTESIAN_POINT('Ctrl Pts',(93.586902,89.30401,0.));
#8010=CARTESIAN_POINT('Ctrl Pts',(93.768438,89.044711,0.));
#8011=CARTESIAN_POINT('Ctrl Pts',(93.7205,88.7728,0.));
#8012=CARTESIAN_POINT('',(80.6109,91.592,0.));
#8013=CARTESIAN_POINT('',(75.3868447423186,75.6048748695136,0.));
#8014=CARTESIAN_POINT('',(48.020829924441,80.8914773680962,0.));
#8015=CARTESIAN_POINT('',(48.020829924441,80.8914773680962,0.));
#8016=CARTESIAN_POINT('',(75.3868447423186,98.2834683814118,0.));
#8017=CARTESIAN_POINT('',(75.3868447423186,98.2834683814118,0.));
#8018=CARTESIAN_POINT('',(48.020829924441,98.2834683814118,0.));
#8019=CARTESIAN_POINT('',(48.020829924441,98.2834683814118,0.));
#8020=CARTESIAN_POINT('',(48.020829924441,80.8914773680962,0.));
#8021=CARTESIAN_POINT('',(119.2045,80.1631,0.));
#8022=CARTESIAN_POINT('',(120.760135,79.518735,0.));
#8023=CARTESIAN_POINT('Ctrl Pts',(119.2045,80.1631,0.));
#8024=CARTESIAN_POINT('Ctrl Pts',(119.787976,80.1631,0.));
#8025=CARTESIAN_POINT('Ctrl Pts',(120.347555,79.931315,0.));
#8026=CARTESIAN_POINT('Ctrl Pts',(120.760135,79.518735,0.));
#8027=CARTESIAN_POINT('',(117.171965,78.805004,0.));
#8028=CARTESIAN_POINT('Ctrl Pts',(117.171965,78.805004,0.));
#8029=CARTESIAN_POINT('Ctrl Pts',(117.512483,79.627087,0.));
#8030=CARTESIAN_POINT('Ctrl Pts',(118.314683,80.1631,0.));
#8031=CARTESIAN_POINT('Ctrl Pts',(119.2045,80.1631,0.));
#8032=CARTESIAN_POINT('',(117.648865,76.407465,0.));
#8033=CARTESIAN_POINT('Ctrl Pts',(117.648865,76.407465,0.));
#8034=CARTESIAN_POINT('Ctrl Pts',(117.019669,77.036661,0.));
#8035=CARTESIAN_POINT('Ctrl Pts',(116.831447,77.98292,0.));
#8036=CARTESIAN_POINT('Ctrl Pts',(117.171965,78.805004,0.));
#8037=CARTESIAN_POINT('',(120.046404,75.930565,0.));
#8038=CARTESIAN_POINT('Ctrl Pts',(120.046404,75.930565,0.));
#8039=CARTESIAN_POINT('Ctrl Pts',(119.22432,75.590047,0.));
#8040=CARTESIAN_POINT('Ctrl Pts',(118.278061,75.778269,0.));
#8041=CARTESIAN_POINT('Ctrl Pts',(117.648865,76.407465,0.));
#8042=CARTESIAN_POINT('',(121.4045,77.9631,0.));
#8043=CARTESIAN_POINT('Ctrl Pts',(121.4045,77.9631,0.));
#8044=CARTESIAN_POINT('Ctrl Pts',(121.4045,77.073283,0.));
#8045=CARTESIAN_POINT('Ctrl Pts',(120.868487,76.271083,0.));
#8046=CARTESIAN_POINT('Ctrl Pts',(120.046404,75.930565,0.));
#8047=CARTESIAN_POINT('Ctrl Pts',(120.760135,79.518735,0.));
#8048=CARTESIAN_POINT('Ctrl Pts',(121.172715,79.106155,0.));
#8049=CARTESIAN_POINT('Ctrl Pts',(121.4045,78.546576,0.));
#8050=CARTESIAN_POINT('Ctrl Pts',(121.4045,77.9631,0.));
#8051=CARTESIAN_POINT('',(129.5,106.3072,0.));
#8052=CARTESIAN_POINT('',(131.055635,105.662835,0.));
#8053=CARTESIAN_POINT('Ctrl Pts',(129.5,106.3072,0.));
#8054=CARTESIAN_POINT('Ctrl Pts',(130.083476,106.3072,0.));
#8055=CARTESIAN_POINT('Ctrl Pts',(130.643055,106.075415,0.));
#8056=CARTESIAN_POINT('Ctrl Pts',(131.055635,105.662835,0.));
#8057=CARTESIAN_POINT('',(127.467465,104.949104,0.));
#8058=CARTESIAN_POINT('Ctrl Pts',(127.467465,104.949104,0.));
#8059=CARTESIAN_POINT('Ctrl Pts',(127.807983,105.771187,0.));
#8060=CARTESIAN_POINT('Ctrl Pts',(128.610183,106.3072,0.));
#8061=CARTESIAN_POINT('Ctrl Pts',(129.5,106.3072,0.));
#8062=CARTESIAN_POINT('',(127.944365,102.551565,0.));
#8063=CARTESIAN_POINT('Ctrl Pts',(127.944365,102.551565,0.));
#8064=CARTESIAN_POINT('Ctrl Pts',(127.315169,103.180761,0.));
#8065=CARTESIAN_POINT('Ctrl Pts',(127.126947,104.12702,0.));
#8066=CARTESIAN_POINT('Ctrl Pts',(127.467465,104.949104,0.));
#8067=CARTESIAN_POINT('',(130.341904,102.074665,0.));
#8068=CARTESIAN_POINT('Ctrl Pts',(130.341904,102.074665,0.));
#8069=CARTESIAN_POINT('Ctrl Pts',(129.51982,101.734147,0.));
#8070=CARTESIAN_POINT('Ctrl Pts',(128.573561,101.922369,0.));
#8071=CARTESIAN_POINT('Ctrl Pts',(127.944365,102.551565,0.));
#8072=CARTESIAN_POINT('',(131.7,104.1072,0.));
#8073=CARTESIAN_POINT('Ctrl Pts',(131.7,104.1072,0.));
#8074=CARTESIAN_POINT('Ctrl Pts',(131.7,103.217383,0.));
#8075=CARTESIAN_POINT('Ctrl Pts',(131.163987,102.415183,0.));
#8076=CARTESIAN_POINT('Ctrl Pts',(130.341904,102.074665,0.));
#8077=CARTESIAN_POINT('Ctrl Pts',(131.055635,105.662835,0.));
#8078=CARTESIAN_POINT('Ctrl Pts',(131.468215,105.250255,0.));
#8079=CARTESIAN_POINT('Ctrl Pts',(131.7,104.690676,0.));
#8080=CARTESIAN_POINT('Ctrl Pts',(131.7,104.1072,0.));
#8081=CARTESIAN_POINT('',(57.1644,147.8478,0.));
#8082=CARTESIAN_POINT('',(57.517953,147.701353,0.));
#8083=CARTESIAN_POINT('Ctrl Pts',(57.1644,147.8478,0.));
#8084=CARTESIAN_POINT('Ctrl Pts',(57.297008,147.8478,0.));
#8085=CARTESIAN_POINT('Ctrl Pts',(57.424185,147.795122,0.));
#8086=CARTESIAN_POINT('Ctrl Pts',(57.517953,147.701353,0.));
#8087=CARTESIAN_POINT('',(44.2644,147.8478,0.));
#8088=CARTESIAN_POINT('',(44.2644,147.8478,0.));
#8089=CARTESIAN_POINT('',(43.910847,147.701353,0.));
#8090=CARTESIAN_POINT('Ctrl Pts',(43.910847,147.701353,0.));
#8091=CARTESIAN_POINT('Ctrl Pts',(44.004615,147.795122,0.));
#8092=CARTESIAN_POINT('Ctrl Pts',(44.131792,147.8478,0.));
#8093=CARTESIAN_POINT('Ctrl Pts',(44.2644,147.8478,0.));
#8094=CARTESIAN_POINT('',(43.7644,147.3478,0.));
#8095=CARTESIAN_POINT('Ctrl Pts',(43.7644,147.3478,0.));
#8096=CARTESIAN_POINT('Ctrl Pts',(43.7644,147.480408,0.));
#8097=CARTESIAN_POINT('Ctrl Pts',(43.817078,147.607585,0.));
#8098=CARTESIAN_POINT('Ctrl Pts',(43.910847,147.701353,0.));
#8099=CARTESIAN_POINT('',(43.7644,134.4478,0.));
#8100=CARTESIAN_POINT('',(43.7644,134.4478,0.));
#8101=CARTESIAN_POINT('',(43.910847,134.094247,0.));
#8102=CARTESIAN_POINT('Ctrl Pts',(43.910847,134.094247,0.));
#8103=CARTESIAN_POINT('Ctrl Pts',(43.817078,134.188015,0.));
#8104=CARTESIAN_POINT('Ctrl Pts',(43.7644,134.315192,0.));
#8105=CARTESIAN_POINT('Ctrl Pts',(43.7644,134.4478,0.));
#8106=CARTESIAN_POINT('',(44.2644,133.9478,0.));
#8107=CARTESIAN_POINT('Ctrl Pts',(44.2644,133.9478,0.));
#8108=CARTESIAN_POINT('Ctrl Pts',(44.131792,133.9478,0.));
#8109=CARTESIAN_POINT('Ctrl Pts',(44.004615,134.000478,0.));
#8110=CARTESIAN_POINT('Ctrl Pts',(43.910847,134.094247,0.));
#8111=CARTESIAN_POINT('',(57.1644,133.9478,0.));
#8112=CARTESIAN_POINT('',(57.1644,133.9478,0.));
#8113=CARTESIAN_POINT('',(57.517953,134.094247,0.));
#8114=CARTESIAN_POINT('Ctrl Pts',(57.517953,134.094247,0.));
#8115=CARTESIAN_POINT('Ctrl Pts',(57.424185,134.000478,0.));
#8116=CARTESIAN_POINT('Ctrl Pts',(57.297008,133.9478,0.));
#8117=CARTESIAN_POINT('Ctrl Pts',(57.1644,133.9478,0.));
#8118=CARTESIAN_POINT('',(57.6644,134.4478,0.));
#8119=CARTESIAN_POINT('Ctrl Pts',(57.6644,134.4478,0.));
#8120=CARTESIAN_POINT('Ctrl Pts',(57.6644,134.315192,0.));
#8121=CARTESIAN_POINT('Ctrl Pts',(57.611722,134.188015,0.));
#8122=CARTESIAN_POINT('Ctrl Pts',(57.517953,134.094247,0.));
#8123=CARTESIAN_POINT('',(57.6644,147.3478,0.));
#8124=CARTESIAN_POINT('',(57.6644,147.3478,0.));
#8125=CARTESIAN_POINT('Ctrl Pts',(57.517953,147.701353,0.));
#8126=CARTESIAN_POINT('Ctrl Pts',(57.611722,147.607585,0.));
#8127=CARTESIAN_POINT('Ctrl Pts',(57.6644,147.480408,0.));
#8128=CARTESIAN_POINT('Ctrl Pts',(57.6644,147.3478,0.));
#8129=CARTESIAN_POINT('',(57.1644,113.8478,0.));
#8130=CARTESIAN_POINT('',(57.517953,113.701353,0.));
#8131=CARTESIAN_POINT('Ctrl Pts',(57.1644,113.8478,0.));
#8132=CARTESIAN_POINT('Ctrl Pts',(57.297008,113.8478,0.));
#8133=CARTESIAN_POINT('Ctrl Pts',(57.424185,113.795122,0.));
#8134=CARTESIAN_POINT('Ctrl Pts',(57.517953,113.701353,0.));
#8135=CARTESIAN_POINT('',(44.2644,113.8478,0.));
#8136=CARTESIAN_POINT('',(44.2644,113.8478,0.));
#8137=CARTESIAN_POINT('',(43.910847,113.701353,0.));
#8138=CARTESIAN_POINT('Ctrl Pts',(43.910847,113.701353,0.));
#8139=CARTESIAN_POINT('Ctrl Pts',(44.004615,113.795122,0.));
#8140=CARTESIAN_POINT('Ctrl Pts',(44.131792,113.8478,0.));
#8141=CARTESIAN_POINT('Ctrl Pts',(44.2644,113.8478,0.));
#8142=CARTESIAN_POINT('',(43.7644,113.3478,0.));
#8143=CARTESIAN_POINT('Ctrl Pts',(43.7644,113.3478,0.));
#8144=CARTESIAN_POINT('Ctrl Pts',(43.7644,113.480408,0.));
#8145=CARTESIAN_POINT('Ctrl Pts',(43.817078,113.607585,0.));
#8146=CARTESIAN_POINT('Ctrl Pts',(43.910847,113.701353,0.));
#8147=CARTESIAN_POINT('',(43.7644,100.4478,0.));
#8148=CARTESIAN_POINT('',(43.7644,100.4478,0.));
#8149=CARTESIAN_POINT('',(43.910847,100.094247,0.));
#8150=CARTESIAN_POINT('Ctrl Pts',(43.910847,100.094247,0.));
#8151=CARTESIAN_POINT('Ctrl Pts',(43.817078,100.188015,0.));
#8152=CARTESIAN_POINT('Ctrl Pts',(43.7644,100.315192,0.));
#8153=CARTESIAN_POINT('Ctrl Pts',(43.7644,100.4478,0.));
#8154=CARTESIAN_POINT('',(44.2644,99.9478,0.));
#8155=CARTESIAN_POINT('Ctrl Pts',(44.2644,99.9478,0.));
#8156=CARTESIAN_POINT('Ctrl Pts',(44.131792,99.9478,0.));
#8157=CARTESIAN_POINT('Ctrl Pts',(44.004615,100.000478,0.));
#8158=CARTESIAN_POINT('Ctrl Pts',(43.910847,100.094247,0.));
#8159=CARTESIAN_POINT('',(57.1644,99.9478,0.));
#8160=CARTESIAN_POINT('',(57.1644,99.9478,0.));
#8161=CARTESIAN_POINT('',(57.517953,100.094247,0.));
#8162=CARTESIAN_POINT('Ctrl Pts',(57.517953,100.094247,0.));
#8163=CARTESIAN_POINT('Ctrl Pts',(57.424185,100.000478,0.));
#8164=CARTESIAN_POINT('Ctrl Pts',(57.297008,99.9478,0.));
#8165=CARTESIAN_POINT('Ctrl Pts',(57.1644,99.9478,0.));
#8166=CARTESIAN_POINT('',(57.6644,100.4478,0.));
#8167=CARTESIAN_POINT('Ctrl Pts',(57.6644,100.4478,0.));
#8168=CARTESIAN_POINT('Ctrl Pts',(57.6644,100.315192,0.));
#8169=CARTESIAN_POINT('Ctrl Pts',(57.611722,100.188015,0.));
#8170=CARTESIAN_POINT('Ctrl Pts',(57.517953,100.094247,0.));
#8171=CARTESIAN_POINT('',(57.6644,113.3478,0.));
#8172=CARTESIAN_POINT('',(57.6644,113.3478,0.));
#8173=CARTESIAN_POINT('Ctrl Pts',(57.517953,113.701353,0.));
#8174=CARTESIAN_POINT('Ctrl Pts',(57.611722,113.607585,0.));
#8175=CARTESIAN_POINT('Ctrl Pts',(57.6644,113.480408,0.));
#8176=CARTESIAN_POINT('Ctrl Pts',(57.6644,113.3478,0.));
#8177=CARTESIAN_POINT('',(111.1644,124.6928,0.));
#8178=CARTESIAN_POINT('',(111.517953,124.546353,0.));
#8179=CARTESIAN_POINT('Ctrl Pts',(111.1644,124.6928,0.));
#8180=CARTESIAN_POINT('Ctrl Pts',(111.297008,124.6928,0.));
#8181=CARTESIAN_POINT('Ctrl Pts',(111.424185,124.640122,0.));
#8182=CARTESIAN_POINT('Ctrl Pts',(111.517953,124.546353,0.));
#8183=CARTESIAN_POINT('',(98.2644,124.6928,0.));
#8184=CARTESIAN_POINT('',(98.2644,124.6928,0.));
#8185=CARTESIAN_POINT('',(97.910847,124.546353,0.));
#8186=CARTESIAN_POINT('Ctrl Pts',(97.910847,124.546353,0.));
#8187=CARTESIAN_POINT('Ctrl Pts',(98.004615,124.640122,0.));
#8188=CARTESIAN_POINT('Ctrl Pts',(98.131792,124.6928,0.));
#8189=CARTESIAN_POINT('Ctrl Pts',(98.2644,124.6928,0.));
#8190=CARTESIAN_POINT('',(97.7644,124.1928,0.));
#8191=CARTESIAN_POINT('Ctrl Pts',(97.7644,124.1928,0.));
#8192=CARTESIAN_POINT('Ctrl Pts',(97.7644,124.325408,0.));
#8193=CARTESIAN_POINT('Ctrl Pts',(97.817078,124.452585,0.));
#8194=CARTESIAN_POINT('Ctrl Pts',(97.910847,124.546353,0.));
#8195=CARTESIAN_POINT('',(97.7644,111.2928,0.));
#8196=CARTESIAN_POINT('',(97.7644,111.2928,0.));
#8197=CARTESIAN_POINT('',(97.910847,110.939247,0.));
#8198=CARTESIAN_POINT('Ctrl Pts',(97.910847,110.939247,0.));
#8199=CARTESIAN_POINT('Ctrl Pts',(97.817078,111.033015,0.));
#8200=CARTESIAN_POINT('Ctrl Pts',(97.7644,111.160192,0.));
#8201=CARTESIAN_POINT('Ctrl Pts',(97.7644,111.2928,0.));
#8202=CARTESIAN_POINT('',(98.2644,110.7928,0.));
#8203=CARTESIAN_POINT('Ctrl Pts',(98.2644,110.7928,0.));
#8204=CARTESIAN_POINT('Ctrl Pts',(98.131792,110.7928,0.));
#8205=CARTESIAN_POINT('Ctrl Pts',(98.004615,110.845478,0.));
#8206=CARTESIAN_POINT('Ctrl Pts',(97.910847,110.939247,0.));
#8207=CARTESIAN_POINT('',(111.1644,110.7928,0.));
#8208=CARTESIAN_POINT('',(111.1644,110.7928,0.));
#8209=CARTESIAN_POINT('',(111.517953,110.939247,0.));
#8210=CARTESIAN_POINT('Ctrl Pts',(111.517953,110.939247,0.));
#8211=CARTESIAN_POINT('Ctrl Pts',(111.424185,110.845478,0.));
#8212=CARTESIAN_POINT('Ctrl Pts',(111.297008,110.7928,0.));
#8213=CARTESIAN_POINT('Ctrl Pts',(111.1644,110.7928,0.));
#8214=CARTESIAN_POINT('',(111.6644,111.2928,0.));
#8215=CARTESIAN_POINT('Ctrl Pts',(111.6644,111.2928,0.));
#8216=CARTESIAN_POINT('Ctrl Pts',(111.6644,111.160192,0.));
#8217=CARTESIAN_POINT('Ctrl Pts',(111.611722,111.033015,0.));
#8218=CARTESIAN_POINT('Ctrl Pts',(111.517953,110.939247,0.));
#8219=CARTESIAN_POINT('',(111.6644,124.1928,0.));
#8220=CARTESIAN_POINT('',(111.6644,124.1928,0.));
#8221=CARTESIAN_POINT('Ctrl Pts',(111.517953,124.546353,0.));
#8222=CARTESIAN_POINT('Ctrl Pts',(111.611722,124.452585,0.));
#8223=CARTESIAN_POINT('Ctrl Pts',(111.6644,124.325408,0.));
#8224=CARTESIAN_POINT('Ctrl Pts',(111.6644,124.1928,0.));
#8225=CARTESIAN_POINT('',(75.1644,139.3478,0.));
#8226=CARTESIAN_POINT('',(75.517953,139.201353,0.));
#8227=CARTESIAN_POINT('Ctrl Pts',(75.1644,139.3478,0.));
#8228=CARTESIAN_POINT('Ctrl Pts',(75.297008,139.3478,0.));
#8229=CARTESIAN_POINT('Ctrl Pts',(75.424185,139.295122,0.));
#8230=CARTESIAN_POINT('Ctrl Pts',(75.517953,139.201353,0.));
#8231=CARTESIAN_POINT('',(62.2644,139.3478,0.));
#8232=CARTESIAN_POINT('',(62.2644,139.3478,0.));
#8233=CARTESIAN_POINT('',(61.910847,139.201353,0.));
#8234=CARTESIAN_POINT('Ctrl Pts',(61.910847,139.201353,0.));
#8235=CARTESIAN_POINT('Ctrl Pts',(62.004615,139.295122,0.));
#8236=CARTESIAN_POINT('Ctrl Pts',(62.131792,139.3478,0.));
#8237=CARTESIAN_POINT('Ctrl Pts',(62.2644,139.3478,0.));
#8238=CARTESIAN_POINT('',(61.7644,138.8478,0.));
#8239=CARTESIAN_POINT('Ctrl Pts',(61.7644,138.8478,0.));
#8240=CARTESIAN_POINT('Ctrl Pts',(61.7644,138.980408,0.));
#8241=CARTESIAN_POINT('Ctrl Pts',(61.817078,139.107585,0.));
#8242=CARTESIAN_POINT('Ctrl Pts',(61.910847,139.201353,0.));
#8243=CARTESIAN_POINT('',(61.7644,125.9478,0.));
#8244=CARTESIAN_POINT('',(61.7644,125.9478,0.));
#8245=CARTESIAN_POINT('',(61.910847,125.594247,0.));
#8246=CARTESIAN_POINT('Ctrl Pts',(61.910847,125.594247,0.));
#8247=CARTESIAN_POINT('Ctrl Pts',(61.817078,125.688015,0.));
#8248=CARTESIAN_POINT('Ctrl Pts',(61.7644,125.815192,0.));
#8249=CARTESIAN_POINT('Ctrl Pts',(61.7644,125.9478,0.));
#8250=CARTESIAN_POINT('',(62.2644,125.4478,0.));
#8251=CARTESIAN_POINT('Ctrl Pts',(62.2644,125.4478,0.));
#8252=CARTESIAN_POINT('Ctrl Pts',(62.131792,125.4478,0.));
#8253=CARTESIAN_POINT('Ctrl Pts',(62.004615,125.500478,0.));
#8254=CARTESIAN_POINT('Ctrl Pts',(61.910847,125.594247,0.));
#8255=CARTESIAN_POINT('',(75.1644,125.4478,0.));
#8256=CARTESIAN_POINT('',(75.1644,125.4478,0.));
#8257=CARTESIAN_POINT('',(75.517953,125.594247,0.));
#8258=CARTESIAN_POINT('Ctrl Pts',(75.517953,125.594247,0.));
#8259=CARTESIAN_POINT('Ctrl Pts',(75.424185,125.500478,0.));
#8260=CARTESIAN_POINT('Ctrl Pts',(75.297008,125.4478,0.));
#8261=CARTESIAN_POINT('Ctrl Pts',(75.1644,125.4478,0.));
#8262=CARTESIAN_POINT('',(75.6644,125.9478,0.));
#8263=CARTESIAN_POINT('Ctrl Pts',(75.6644,125.9478,0.));
#8264=CARTESIAN_POINT('Ctrl Pts',(75.6644,125.815192,0.));
#8265=CARTESIAN_POINT('Ctrl Pts',(75.611722,125.688015,0.));
#8266=CARTESIAN_POINT('Ctrl Pts',(75.517953,125.594247,0.));
#8267=CARTESIAN_POINT('',(75.6644,138.8478,0.));
#8268=CARTESIAN_POINT('',(75.6644,138.8478,0.));
#8269=CARTESIAN_POINT('Ctrl Pts',(75.517953,139.201353,0.));
#8270=CARTESIAN_POINT('Ctrl Pts',(75.611722,139.107585,0.));
#8271=CARTESIAN_POINT('Ctrl Pts',(75.6644,138.980408,0.));
#8272=CARTESIAN_POINT('Ctrl Pts',(75.6644,138.8478,0.));
#8273=CARTESIAN_POINT('',(131.6302,93.7949,0.));
#8274=CARTESIAN_POINT('',(131.888728,93.51273,0.));
#8275=CARTESIAN_POINT('Ctrl Pts',(131.6302,93.7949,0.));
#8276=CARTESIAN_POINT('Ctrl Pts',(131.750385,93.738849,0.));
#8277=CARTESIAN_POINT('Ctrl Pts',(131.843381,93.637349,0.));
#8278=CARTESIAN_POINT('Ctrl Pts',(131.888728,93.51273,0.));
#8279=CARTESIAN_POINT('',(119.9388,99.2466,0.));
#8280=CARTESIAN_POINT('',(119.9388,99.2466,0.));
#8281=CARTESIAN_POINT('',(119.55647,99.263328,0.));
#8282=CARTESIAN_POINT('Ctrl Pts',(119.55647,99.263328,0.));
#8283=CARTESIAN_POINT('Ctrl Pts',(119.681089,99.308674,0.));
#8284=CARTESIAN_POINT('Ctrl Pts',(119.818618,99.302657,0.));
#8285=CARTESIAN_POINT('Ctrl Pts',(119.9388,99.2466,0.));
#8286=CARTESIAN_POINT('',(119.2743,99.0048,0.));
#8287=CARTESIAN_POINT('Ctrl Pts',(119.2743,99.0048,0.));
#8288=CARTESIAN_POINT('Ctrl Pts',(119.330351,99.124985,0.));
#8289=CARTESIAN_POINT('Ctrl Pts',(119.431851,99.217981,0.));
#8290=CARTESIAN_POINT('Ctrl Pts',(119.55647,99.263328,0.));
#8291=CARTESIAN_POINT('',(113.8226,87.3134,0.));
#8292=CARTESIAN_POINT('',(113.8226,87.3134,0.));
#8293=CARTESIAN_POINT('',(113.805872,86.93107,0.));
#8294=CARTESIAN_POINT('Ctrl Pts',(113.805872,86.93107,0.));
#8295=CARTESIAN_POINT('Ctrl Pts',(113.760526,87.055689,0.));
#8296=CARTESIAN_POINT('Ctrl Pts',(113.766543,87.193218,0.));
#8297=CARTESIAN_POINT('Ctrl Pts',(113.8226,87.3134,0.));
#8298=CARTESIAN_POINT('',(114.0644,86.6489,0.));
#8299=CARTESIAN_POINT('Ctrl Pts',(114.0644,86.6489,0.));
#8300=CARTESIAN_POINT('Ctrl Pts',(113.944215,86.704951,0.));
#8301=CARTESIAN_POINT('Ctrl Pts',(113.851219,86.806451,0.));
#8302=CARTESIAN_POINT('Ctrl Pts',(113.805872,86.93107,0.));
#8303=CARTESIAN_POINT('',(125.7558,81.1972,0.));
#8304=CARTESIAN_POINT('',(125.7558,81.1972,0.));
#8305=CARTESIAN_POINT('',(126.13813,81.180472,0.));
#8306=CARTESIAN_POINT('Ctrl Pts',(126.13813,81.180472,0.));
#8307=CARTESIAN_POINT('Ctrl Pts',(126.013511,81.135126,0.));
#8308=CARTESIAN_POINT('Ctrl Pts',(125.875982,81.141143,0.));
#8309=CARTESIAN_POINT('Ctrl Pts',(125.7558,81.1972,0.));
#8310=CARTESIAN_POINT('',(126.4203,81.439,0.));
#8311=CARTESIAN_POINT('Ctrl Pts',(126.4203,81.439,0.));
#8312=CARTESIAN_POINT('Ctrl Pts',(126.364249,81.318815,0.));
#8313=CARTESIAN_POINT('Ctrl Pts',(126.262749,81.225819,0.));
#8314=CARTESIAN_POINT('Ctrl Pts',(126.13813,81.180472,0.));
#8315=CARTESIAN_POINT('',(131.872,93.1304,0.));
#8316=CARTESIAN_POINT('',(131.872,93.1304,0.));
#8317=CARTESIAN_POINT('Ctrl Pts',(131.888728,93.51273,0.));
#8318=CARTESIAN_POINT('Ctrl Pts',(131.934074,93.388111,0.));
#8319=CARTESIAN_POINT('Ctrl Pts',(131.928057,93.250582,0.));
#8320=CARTESIAN_POINT('Ctrl Pts',(131.872,93.1304,0.));
#8321=CARTESIAN_POINT('',(57.1644,130.8478,0.));
#8322=CARTESIAN_POINT('',(57.517953,130.701353,0.));
#8323=CARTESIAN_POINT('Ctrl Pts',(57.1644,130.8478,0.));
#8324=CARTESIAN_POINT('Ctrl Pts',(57.297008,130.8478,0.));
#8325=CARTESIAN_POINT('Ctrl Pts',(57.424185,130.795122,0.));
#8326=CARTESIAN_POINT('Ctrl Pts',(57.517953,130.701353,0.));
#8327=CARTESIAN_POINT('',(44.2644,130.8478,0.));
#8328=CARTESIAN_POINT('',(44.2644,130.8478,0.));
#8329=CARTESIAN_POINT('',(43.910847,130.701353,0.));
#8330=CARTESIAN_POINT('Ctrl Pts',(43.910847,130.701353,0.));
#8331=CARTESIAN_POINT('Ctrl Pts',(44.004615,130.795122,0.));
#8332=CARTESIAN_POINT('Ctrl Pts',(44.131792,130.8478,0.));
#8333=CARTESIAN_POINT('Ctrl Pts',(44.2644,130.8478,0.));
#8334=CARTESIAN_POINT('',(43.7644,130.3478,0.));
#8335=CARTESIAN_POINT('Ctrl Pts',(43.7644,130.3478,0.));
#8336=CARTESIAN_POINT('Ctrl Pts',(43.7644,130.480408,0.));
#8337=CARTESIAN_POINT('Ctrl Pts',(43.817078,130.607585,0.));
#8338=CARTESIAN_POINT('Ctrl Pts',(43.910847,130.701353,0.));
#8339=CARTESIAN_POINT('',(43.7644,117.4478,0.));
#8340=CARTESIAN_POINT('',(43.7644,117.4478,0.));
#8341=CARTESIAN_POINT('',(43.910847,117.094247,0.));
#8342=CARTESIAN_POINT('Ctrl Pts',(43.910847,117.094247,0.));
#8343=CARTESIAN_POINT('Ctrl Pts',(43.817078,117.188015,0.));
#8344=CARTESIAN_POINT('Ctrl Pts',(43.7644,117.315192,0.));
#8345=CARTESIAN_POINT('Ctrl Pts',(43.7644,117.4478,0.));
#8346=CARTESIAN_POINT('',(44.2644,116.9478,0.));
#8347=CARTESIAN_POINT('Ctrl Pts',(44.2644,116.9478,0.));
#8348=CARTESIAN_POINT('Ctrl Pts',(44.131792,116.9478,0.));
#8349=CARTESIAN_POINT('Ctrl Pts',(44.004615,117.000478,0.));
#8350=CARTESIAN_POINT('Ctrl Pts',(43.910847,117.094247,0.));
#8351=CARTESIAN_POINT('',(57.1644,116.9478,0.));
#8352=CARTESIAN_POINT('',(57.1644,116.9478,0.));
#8353=CARTESIAN_POINT('',(57.517953,117.094247,0.));
#8354=CARTESIAN_POINT('Ctrl Pts',(57.517953,117.094247,0.));
#8355=CARTESIAN_POINT('Ctrl Pts',(57.424185,117.000478,0.));
#8356=CARTESIAN_POINT('Ctrl Pts',(57.297008,116.9478,0.));
#8357=CARTESIAN_POINT('Ctrl Pts',(57.1644,116.9478,0.));
#8358=CARTESIAN_POINT('',(57.6644,117.4478,0.));
#8359=CARTESIAN_POINT('Ctrl Pts',(57.6644,117.4478,0.));
#8360=CARTESIAN_POINT('Ctrl Pts',(57.6644,117.315192,0.));
#8361=CARTESIAN_POINT('Ctrl Pts',(57.611722,117.188015,0.));
#8362=CARTESIAN_POINT('Ctrl Pts',(57.517953,117.094247,0.));
#8363=CARTESIAN_POINT('',(57.6644,130.3478,0.));
#8364=CARTESIAN_POINT('',(57.6644,130.3478,0.));
#8365=CARTESIAN_POINT('Ctrl Pts',(57.517953,130.701353,0.));
#8366=CARTESIAN_POINT('Ctrl Pts',(57.611722,130.607585,0.));
#8367=CARTESIAN_POINT('Ctrl Pts',(57.6644,130.480408,0.));
#8368=CARTESIAN_POINT('Ctrl Pts',(57.6644,130.3478,0.));
#8369=CARTESIAN_POINT('',(111.1644,107.6928,0.));
#8370=CARTESIAN_POINT('',(111.517953,107.546353,0.));
#8371=CARTESIAN_POINT('Ctrl Pts',(111.1644,107.6928,0.));
#8372=CARTESIAN_POINT('Ctrl Pts',(111.297008,107.6928,0.));
#8373=CARTESIAN_POINT('Ctrl Pts',(111.424185,107.640122,0.));
#8374=CARTESIAN_POINT('Ctrl Pts',(111.517953,107.546353,0.));
#8375=CARTESIAN_POINT('',(98.2644,107.6928,0.));
#8376=CARTESIAN_POINT('',(98.2644,107.6928,0.));
#8377=CARTESIAN_POINT('',(97.910847,107.546353,0.));
#8378=CARTESIAN_POINT('Ctrl Pts',(97.910847,107.546353,0.));
#8379=CARTESIAN_POINT('Ctrl Pts',(98.004615,107.640122,0.));
#8380=CARTESIAN_POINT('Ctrl Pts',(98.131792,107.6928,0.));
#8381=CARTESIAN_POINT('Ctrl Pts',(98.2644,107.6928,0.));
#8382=CARTESIAN_POINT('',(97.7644,107.1928,0.));
#8383=CARTESIAN_POINT('Ctrl Pts',(97.7644,107.1928,0.));
#8384=CARTESIAN_POINT('Ctrl Pts',(97.7644,107.325408,0.));
#8385=CARTESIAN_POINT('Ctrl Pts',(97.817078,107.452585,0.));
#8386=CARTESIAN_POINT('Ctrl Pts',(97.910847,107.546353,0.));
#8387=CARTESIAN_POINT('',(97.7644,94.2928,0.));
#8388=CARTESIAN_POINT('',(97.7644,94.2928,0.));
#8389=CARTESIAN_POINT('',(97.910847,93.939247,0.));
#8390=CARTESIAN_POINT('Ctrl Pts',(97.910847,93.939247,0.));
#8391=CARTESIAN_POINT('Ctrl Pts',(97.817078,94.033015,0.));
#8392=CARTESIAN_POINT('Ctrl Pts',(97.7644,94.160192,0.));
#8393=CARTESIAN_POINT('Ctrl Pts',(97.7644,94.2928,0.));
#8394=CARTESIAN_POINT('',(98.2644,93.7928,0.));
#8395=CARTESIAN_POINT('Ctrl Pts',(98.2644,93.7928,0.));
#8396=CARTESIAN_POINT('Ctrl Pts',(98.131792,93.7928,0.));
#8397=CARTESIAN_POINT('Ctrl Pts',(98.004615,93.845478,0.));
#8398=CARTESIAN_POINT('Ctrl Pts',(97.910847,93.939247,0.));
#8399=CARTESIAN_POINT('',(111.1644,93.7928,0.));
#8400=CARTESIAN_POINT('',(111.1644,93.7928,0.));
#8401=CARTESIAN_POINT('',(111.517953,93.939247,0.));
#8402=CARTESIAN_POINT('Ctrl Pts',(111.517953,93.939247,0.));
#8403=CARTESIAN_POINT('Ctrl Pts',(111.424185,93.845478,0.));
#8404=CARTESIAN_POINT('Ctrl Pts',(111.297008,93.7928,0.));
#8405=CARTESIAN_POINT('Ctrl Pts',(111.1644,93.7928,0.));
#8406=CARTESIAN_POINT('',(111.6644,94.2928,0.));
#8407=CARTESIAN_POINT('Ctrl Pts',(111.6644,94.2928,0.));
#8408=CARTESIAN_POINT('Ctrl Pts',(111.6644,94.160192,0.));
#8409=CARTESIAN_POINT('Ctrl Pts',(111.611722,94.033015,0.));
#8410=CARTESIAN_POINT('Ctrl Pts',(111.517953,93.939247,0.));
#8411=CARTESIAN_POINT('',(111.6644,107.1928,0.));
#8412=CARTESIAN_POINT('',(111.6644,107.1928,0.));
#8413=CARTESIAN_POINT('Ctrl Pts',(111.517953,107.546353,0.));
#8414=CARTESIAN_POINT('Ctrl Pts',(111.611722,107.452585,0.));
#8415=CARTESIAN_POINT('Ctrl Pts',(111.6644,107.325408,0.));
#8416=CARTESIAN_POINT('Ctrl Pts',(111.6644,107.1928,0.));
#8417=CARTESIAN_POINT('',(100.4578,87.2175,0.));
#8418=CARTESIAN_POINT('',(101.0986,87.5163,0.));
#8419=CARTESIAN_POINT('Ctrl Pts',(100.4578,87.2175,0.));
#8420=CARTESIAN_POINT('Ctrl Pts',(100.552261,87.476944,0.));
#8421=CARTESIAN_POINT('Ctrl Pts',(100.839138,87.610713,0.));
#8422=CARTESIAN_POINT('Ctrl Pts',(101.0986,87.5163,0.));
#8423=CARTESIAN_POINT('',(96.0457,75.0954,0.));
#8424=CARTESIAN_POINT('',(96.0457,75.0954,0.));
#8425=CARTESIAN_POINT('',(96.3445,74.4546,0.));
#8426=CARTESIAN_POINT('Ctrl Pts',(96.3445,74.4546,0.));
#8427=CARTESIAN_POINT('Ctrl Pts',(96.085056,74.549061,0.));
#8428=CARTESIAN_POINT('Ctrl Pts',(95.951287,74.835938,0.));
#8429=CARTESIAN_POINT('Ctrl Pts',(96.0457,75.0954,0.));
#8430=CARTESIAN_POINT('',(108.4666,70.0425,0.));
#8431=CARTESIAN_POINT('',(108.4666,70.0425,0.));
#8432=CARTESIAN_POINT('',(109.1074,70.3413,0.));
#8433=CARTESIAN_POINT('Ctrl Pts',(109.1074,70.3413,0.));
#8434=CARTESIAN_POINT('Ctrl Pts',(109.012939,70.081856,0.));
#8435=CARTESIAN_POINT('Ctrl Pts',(108.726062,69.948087,0.));
#8436=CARTESIAN_POINT('Ctrl Pts',(108.4666,70.0425,0.));
#8437=CARTESIAN_POINT('',(113.5195,82.4634,0.));
#8438=CARTESIAN_POINT('',(113.5195,82.4634,0.));
#8439=CARTESIAN_POINT('',(113.2207,83.1042,0.));
#8440=CARTESIAN_POINT('Ctrl Pts',(113.2207,83.1042,0.));
#8441=CARTESIAN_POINT('Ctrl Pts',(113.480144,83.009739,0.));
#8442=CARTESIAN_POINT('Ctrl Pts',(113.613913,82.722862,0.));
#8443=CARTESIAN_POINT('Ctrl Pts',(113.5195,82.4634,0.));
#8444=CARTESIAN_POINT('',(101.0986,87.5163,0.));
#8445=CARTESIAN_POINT('',(39.1644,100.8478,0.));
#8446=CARTESIAN_POINT('',(39.517953,100.701353,0.));
#8447=CARTESIAN_POINT('Ctrl Pts',(39.1644,100.8478,0.));
#8448=CARTESIAN_POINT('Ctrl Pts',(39.297008,100.8478,0.));
#8449=CARTESIAN_POINT('Ctrl Pts',(39.424185,100.795122,0.));
#8450=CARTESIAN_POINT('Ctrl Pts',(39.517953,100.701353,0.));
#8451=CARTESIAN_POINT('',(26.2644,100.8478,0.));
#8452=CARTESIAN_POINT('',(26.2644,100.8478,0.));
#8453=CARTESIAN_POINT('',(25.910847,100.701353,0.));
#8454=CARTESIAN_POINT('Ctrl Pts',(25.910847,100.701353,0.));
#8455=CARTESIAN_POINT('Ctrl Pts',(26.004615,100.795122,0.));
#8456=CARTESIAN_POINT('Ctrl Pts',(26.131792,100.8478,0.));
#8457=CARTESIAN_POINT('Ctrl Pts',(26.2644,100.8478,0.));
#8458=CARTESIAN_POINT('',(25.7644,100.3478,0.));
#8459=CARTESIAN_POINT('Ctrl Pts',(25.7644,100.3478,0.));
#8460=CARTESIAN_POINT('Ctrl Pts',(25.7644,100.480408,0.));
#8461=CARTESIAN_POINT('Ctrl Pts',(25.817078,100.607585,0.));
#8462=CARTESIAN_POINT('Ctrl Pts',(25.910847,100.701353,0.));
#8463=CARTESIAN_POINT('',(25.7644,87.4478,0.));
#8464=CARTESIAN_POINT('',(25.7644,87.4478,0.));
#8465=CARTESIAN_POINT('',(25.910847,87.094247,0.));
#8466=CARTESIAN_POINT('Ctrl Pts',(25.910847,87.094247,0.));
#8467=CARTESIAN_POINT('Ctrl Pts',(25.817078,87.188015,0.));
#8468=CARTESIAN_POINT('Ctrl Pts',(25.7644,87.315192,0.));
#8469=CARTESIAN_POINT('Ctrl Pts',(25.7644,87.4478,0.));
#8470=CARTESIAN_POINT('',(26.2644,86.9478,0.));
#8471=CARTESIAN_POINT('Ctrl Pts',(26.2644,86.9478,0.));
#8472=CARTESIAN_POINT('Ctrl Pts',(26.131792,86.9478,0.));
#8473=CARTESIAN_POINT('Ctrl Pts',(26.004615,87.000478,0.));
#8474=CARTESIAN_POINT('Ctrl Pts',(25.910847,87.094247,0.));
#8475=CARTESIAN_POINT('',(39.1644,86.9478,0.));
#8476=CARTESIAN_POINT('',(39.1644,86.9478,0.));
#8477=CARTESIAN_POINT('',(39.517953,87.094247,0.));
#8478=CARTESIAN_POINT('Ctrl Pts',(39.517953,87.094247,0.));
#8479=CARTESIAN_POINT('Ctrl Pts',(39.424185,87.000478,0.));
#8480=CARTESIAN_POINT('Ctrl Pts',(39.297008,86.9478,0.));
#8481=CARTESIAN_POINT('Ctrl Pts',(39.1644,86.9478,0.));
#8482=CARTESIAN_POINT('',(39.6644,87.4478,0.));
#8483=CARTESIAN_POINT('Ctrl Pts',(39.6644,87.4478,0.));
#8484=CARTESIAN_POINT('Ctrl Pts',(39.6644,87.315192,0.));
#8485=CARTESIAN_POINT('Ctrl Pts',(39.611722,87.188015,0.));
#8486=CARTESIAN_POINT('Ctrl Pts',(39.517953,87.094247,0.));
#8487=CARTESIAN_POINT('',(39.6644,100.3478,0.));
#8488=CARTESIAN_POINT('',(39.6644,100.3478,0.));
#8489=CARTESIAN_POINT('Ctrl Pts',(39.517953,100.701353,0.));
#8490=CARTESIAN_POINT('Ctrl Pts',(39.611722,100.607585,0.));
#8491=CARTESIAN_POINT('Ctrl Pts',(39.6644,100.480408,0.));
#8492=CARTESIAN_POINT('Ctrl Pts',(39.6644,100.3478,0.));
#8493=CARTESIAN_POINT('',(75.1644,156.3478,0.));
#8494=CARTESIAN_POINT('',(75.517953,156.201353,0.));
#8495=CARTESIAN_POINT('Ctrl Pts',(75.1644,156.3478,0.));
#8496=CARTESIAN_POINT('Ctrl Pts',(75.297008,156.3478,0.));
#8497=CARTESIAN_POINT('Ctrl Pts',(75.424185,156.295122,0.));
#8498=CARTESIAN_POINT('Ctrl Pts',(75.517953,156.201353,0.));
#8499=CARTESIAN_POINT('',(62.2644,156.3478,0.));
#8500=CARTESIAN_POINT('',(62.2644,156.3478,0.));
#8501=CARTESIAN_POINT('',(61.910847,156.201353,0.));
#8502=CARTESIAN_POINT('Ctrl Pts',(61.910847,156.201353,0.));
#8503=CARTESIAN_POINT('Ctrl Pts',(62.004615,156.295122,0.));
#8504=CARTESIAN_POINT('Ctrl Pts',(62.131792,156.3478,0.));
#8505=CARTESIAN_POINT('Ctrl Pts',(62.2644,156.3478,0.));
#8506=CARTESIAN_POINT('',(61.7644,155.8478,0.));
#8507=CARTESIAN_POINT('Ctrl Pts',(61.7644,155.8478,0.));
#8508=CARTESIAN_POINT('Ctrl Pts',(61.7644,155.980408,0.));
#8509=CARTESIAN_POINT('Ctrl Pts',(61.817078,156.107585,0.));
#8510=CARTESIAN_POINT('Ctrl Pts',(61.910847,156.201353,0.));
#8511=CARTESIAN_POINT('',(61.7644,142.9478,0.));
#8512=CARTESIAN_POINT('',(61.7644,142.9478,0.));
#8513=CARTESIAN_POINT('',(61.910847,142.594247,0.));
#8514=CARTESIAN_POINT('Ctrl Pts',(61.910847,142.594247,0.));
#8515=CARTESIAN_POINT('Ctrl Pts',(61.817078,142.688015,0.));
#8516=CARTESIAN_POINT('Ctrl Pts',(61.7644,142.815192,0.));
#8517=CARTESIAN_POINT('Ctrl Pts',(61.7644,142.9478,0.));
#8518=CARTESIAN_POINT('',(62.2644,142.4478,0.));
#8519=CARTESIAN_POINT('Ctrl Pts',(62.2644,142.4478,0.));
#8520=CARTESIAN_POINT('Ctrl Pts',(62.131792,142.4478,0.));
#8521=CARTESIAN_POINT('Ctrl Pts',(62.004615,142.500478,0.));
#8522=CARTESIAN_POINT('Ctrl Pts',(61.910847,142.594247,0.));
#8523=CARTESIAN_POINT('',(75.1644,142.4478,0.));
#8524=CARTESIAN_POINT('',(75.1644,142.4478,0.));
#8525=CARTESIAN_POINT('',(75.517953,142.594247,0.));
#8526=CARTESIAN_POINT('Ctrl Pts',(75.517953,142.594247,0.));
#8527=CARTESIAN_POINT('Ctrl Pts',(75.424185,142.500478,0.));
#8528=CARTESIAN_POINT('Ctrl Pts',(75.297008,142.4478,0.));
#8529=CARTESIAN_POINT('Ctrl Pts',(75.1644,142.4478,0.));
#8530=CARTESIAN_POINT('',(75.6644,142.9478,0.));
#8531=CARTESIAN_POINT('Ctrl Pts',(75.6644,142.9478,0.));
#8532=CARTESIAN_POINT('Ctrl Pts',(75.6644,142.815192,0.));
#8533=CARTESIAN_POINT('Ctrl Pts',(75.611722,142.688015,0.));
#8534=CARTESIAN_POINT('Ctrl Pts',(75.517953,142.594247,0.));
#8535=CARTESIAN_POINT('',(75.6644,155.8478,0.));
#8536=CARTESIAN_POINT('',(75.6644,155.8478,0.));
#8537=CARTESIAN_POINT('Ctrl Pts',(75.517953,156.201353,0.));
#8538=CARTESIAN_POINT('Ctrl Pts',(75.611722,156.107585,0.));
#8539=CARTESIAN_POINT('Ctrl Pts',(75.6644,155.980408,0.));
#8540=CARTESIAN_POINT('Ctrl Pts',(75.6644,155.8478,0.));
#8541=CARTESIAN_POINT('',(93.1644,149.8478,0.));
#8542=CARTESIAN_POINT('',(93.517953,149.701353,0.));
#8543=CARTESIAN_POINT('Ctrl Pts',(93.1644,149.8478,0.));
#8544=CARTESIAN_POINT('Ctrl Pts',(93.297008,149.8478,0.));
#8545=CARTESIAN_POINT('Ctrl Pts',(93.424185,149.795122,0.));
#8546=CARTESIAN_POINT('Ctrl Pts',(93.517953,149.701353,0.));
#8547=CARTESIAN_POINT('',(80.2644,149.8478,0.));
#8548=CARTESIAN_POINT('',(80.2644,149.8478,0.));
#8549=CARTESIAN_POINT('',(79.910847,149.701353,0.));
#8550=CARTESIAN_POINT('Ctrl Pts',(79.910847,149.701353,0.));
#8551=CARTESIAN_POINT('Ctrl Pts',(80.004615,149.795122,0.));
#8552=CARTESIAN_POINT('Ctrl Pts',(80.131792,149.8478,0.));
#8553=CARTESIAN_POINT('Ctrl Pts',(80.2644,149.8478,0.));
#8554=CARTESIAN_POINT('',(79.7644,149.3478,0.));
#8555=CARTESIAN_POINT('Ctrl Pts',(79.7644,149.3478,0.));
#8556=CARTESIAN_POINT('Ctrl Pts',(79.7644,149.480408,0.));
#8557=CARTESIAN_POINT('Ctrl Pts',(79.817078,149.607585,0.));
#8558=CARTESIAN_POINT('Ctrl Pts',(79.910847,149.701353,0.));
#8559=CARTESIAN_POINT('',(79.7644,136.4478,0.));
#8560=CARTESIAN_POINT('',(79.7644,136.4478,0.));
#8561=CARTESIAN_POINT('',(79.910847,136.094247,0.));
#8562=CARTESIAN_POINT('Ctrl Pts',(79.910847,136.094247,0.));
#8563=CARTESIAN_POINT('Ctrl Pts',(79.817078,136.188015,0.));
#8564=CARTESIAN_POINT('Ctrl Pts',(79.7644,136.315192,0.));
#8565=CARTESIAN_POINT('Ctrl Pts',(79.7644,136.4478,0.));
#8566=CARTESIAN_POINT('',(80.2644,135.9478,0.));
#8567=CARTESIAN_POINT('Ctrl Pts',(80.2644,135.9478,0.));
#8568=CARTESIAN_POINT('Ctrl Pts',(80.131792,135.9478,0.));
#8569=CARTESIAN_POINT('Ctrl Pts',(80.004615,136.000478,0.));
#8570=CARTESIAN_POINT('Ctrl Pts',(79.910847,136.094247,0.));
#8571=CARTESIAN_POINT('',(93.1644,135.9478,0.));
#8572=CARTESIAN_POINT('',(93.1644,135.9478,0.));
#8573=CARTESIAN_POINT('',(93.517953,136.094247,0.));
#8574=CARTESIAN_POINT('Ctrl Pts',(93.517953,136.094247,0.));
#8575=CARTESIAN_POINT('Ctrl Pts',(93.424185,136.000478,0.));
#8576=CARTESIAN_POINT('Ctrl Pts',(93.297008,135.9478,0.));
#8577=CARTESIAN_POINT('Ctrl Pts',(93.1644,135.9478,0.));
#8578=CARTESIAN_POINT('',(93.6644,136.4478,0.));
#8579=CARTESIAN_POINT('Ctrl Pts',(93.6644,136.4478,0.));
#8580=CARTESIAN_POINT('Ctrl Pts',(93.6644,136.315192,0.));
#8581=CARTESIAN_POINT('Ctrl Pts',(93.611722,136.188015,0.));
#8582=CARTESIAN_POINT('Ctrl Pts',(93.517953,136.094247,0.));
#8583=CARTESIAN_POINT('',(93.6644,149.3478,0.));
#8584=CARTESIAN_POINT('',(93.6644,149.3478,0.));
#8585=CARTESIAN_POINT('Ctrl Pts',(93.517953,149.701353,0.));
#8586=CARTESIAN_POINT('Ctrl Pts',(93.611722,149.607585,0.));
#8587=CARTESIAN_POINT('Ctrl Pts',(93.6644,149.480408,0.));
#8588=CARTESIAN_POINT('Ctrl Pts',(93.6644,149.3478,0.));
#8589=CARTESIAN_POINT('',(39.1644,134.8478,0.));
#8590=CARTESIAN_POINT('',(39.517953,134.701353,0.));
#8591=CARTESIAN_POINT('Ctrl Pts',(39.1644,134.8478,0.));
#8592=CARTESIAN_POINT('Ctrl Pts',(39.297008,134.8478,0.));
#8593=CARTESIAN_POINT('Ctrl Pts',(39.424185,134.795122,0.));
#8594=CARTESIAN_POINT('Ctrl Pts',(39.517953,134.701353,0.));
#8595=CARTESIAN_POINT('',(26.2644,134.8478,0.));
#8596=CARTESIAN_POINT('',(26.2644,134.8478,0.));
#8597=CARTESIAN_POINT('',(25.910847,134.701353,0.));
#8598=CARTESIAN_POINT('Ctrl Pts',(25.910847,134.701353,0.));
#8599=CARTESIAN_POINT('Ctrl Pts',(26.004615,134.795122,0.));
#8600=CARTESIAN_POINT('Ctrl Pts',(26.131792,134.8478,0.));
#8601=CARTESIAN_POINT('Ctrl Pts',(26.2644,134.8478,0.));
#8602=CARTESIAN_POINT('',(25.7644,134.3478,0.));
#8603=CARTESIAN_POINT('Ctrl Pts',(25.7644,134.3478,0.));
#8604=CARTESIAN_POINT('Ctrl Pts',(25.7644,134.480408,0.));
#8605=CARTESIAN_POINT('Ctrl Pts',(25.817078,134.607585,0.));
#8606=CARTESIAN_POINT('Ctrl Pts',(25.910847,134.701353,0.));
#8607=CARTESIAN_POINT('',(25.7644,121.4478,0.));
#8608=CARTESIAN_POINT('',(25.7644,121.4478,0.));
#8609=CARTESIAN_POINT('',(25.910847,121.094247,0.));
#8610=CARTESIAN_POINT('Ctrl Pts',(25.910847,121.094247,0.));
#8611=CARTESIAN_POINT('Ctrl Pts',(25.817078,121.188015,0.));
#8612=CARTESIAN_POINT('Ctrl Pts',(25.7644,121.315192,0.));
#8613=CARTESIAN_POINT('Ctrl Pts',(25.7644,121.4478,0.));
#8614=CARTESIAN_POINT('',(26.2644,120.9478,0.));
#8615=CARTESIAN_POINT('Ctrl Pts',(26.2644,120.9478,0.));
#8616=CARTESIAN_POINT('Ctrl Pts',(26.131792,120.9478,0.));
#8617=CARTESIAN_POINT('Ctrl Pts',(26.004615,121.000478,0.));
#8618=CARTESIAN_POINT('Ctrl Pts',(25.910847,121.094247,0.));
#8619=CARTESIAN_POINT('',(39.1644,120.9478,0.));
#8620=CARTESIAN_POINT('',(39.1644,120.9478,0.));
#8621=CARTESIAN_POINT('',(39.517953,121.094247,0.));
#8622=CARTESIAN_POINT('Ctrl Pts',(39.517953,121.094247,0.));
#8623=CARTESIAN_POINT('Ctrl Pts',(39.424185,121.000478,0.));
#8624=CARTESIAN_POINT('Ctrl Pts',(39.297008,120.9478,0.));
#8625=CARTESIAN_POINT('Ctrl Pts',(39.1644,120.9478,0.));
#8626=CARTESIAN_POINT('',(39.6644,121.4478,0.));
#8627=CARTESIAN_POINT('Ctrl Pts',(39.6644,121.4478,0.));
#8628=CARTESIAN_POINT('Ctrl Pts',(39.6644,121.315192,0.));
#8629=CARTESIAN_POINT('Ctrl Pts',(39.611722,121.188015,0.));
#8630=CARTESIAN_POINT('Ctrl Pts',(39.517953,121.094247,0.));
#8631=CARTESIAN_POINT('',(39.6644,134.3478,0.));
#8632=CARTESIAN_POINT('',(39.6644,134.3478,0.));
#8633=CARTESIAN_POINT('Ctrl Pts',(39.517953,134.701353,0.));
#8634=CARTESIAN_POINT('Ctrl Pts',(39.611722,134.607585,0.));
#8635=CARTESIAN_POINT('Ctrl Pts',(39.6644,134.480408,0.));
#8636=CARTESIAN_POINT('Ctrl Pts',(39.6644,134.3478,0.));
#8637=CARTESIAN_POINT('',(111.1644,141.6928,0.));
#8638=CARTESIAN_POINT('',(111.517953,141.546353,0.));
#8639=CARTESIAN_POINT('Ctrl Pts',(111.1644,141.6928,0.));
#8640=CARTESIAN_POINT('Ctrl Pts',(111.297008,141.6928,0.));
#8641=CARTESIAN_POINT('Ctrl Pts',(111.424185,141.640122,0.));
#8642=CARTESIAN_POINT('Ctrl Pts',(111.517953,141.546353,0.));
#8643=CARTESIAN_POINT('',(98.2644,141.6928,0.));
#8644=CARTESIAN_POINT('',(98.2644,141.6928,0.));
#8645=CARTESIAN_POINT('',(97.910847,141.546353,0.));
#8646=CARTESIAN_POINT('Ctrl Pts',(97.910847,141.546353,0.));
#8647=CARTESIAN_POINT('Ctrl Pts',(98.004615,141.640122,0.));
#8648=CARTESIAN_POINT('Ctrl Pts',(98.131792,141.6928,0.));
#8649=CARTESIAN_POINT('Ctrl Pts',(98.2644,141.6928,0.));
#8650=CARTESIAN_POINT('',(97.7644,141.1928,0.));
#8651=CARTESIAN_POINT('Ctrl Pts',(97.7644,141.1928,0.));
#8652=CARTESIAN_POINT('Ctrl Pts',(97.7644,141.325408,0.));
#8653=CARTESIAN_POINT('Ctrl Pts',(97.817078,141.452585,0.));
#8654=CARTESIAN_POINT('Ctrl Pts',(97.910847,141.546353,0.));
#8655=CARTESIAN_POINT('',(97.7644,128.2928,0.));
#8656=CARTESIAN_POINT('',(97.7644,128.2928,0.));
#8657=CARTESIAN_POINT('',(97.910847,127.939247,0.));
#8658=CARTESIAN_POINT('Ctrl Pts',(97.910847,127.939247,0.));
#8659=CARTESIAN_POINT('Ctrl Pts',(97.817078,128.033015,0.));
#8660=CARTESIAN_POINT('Ctrl Pts',(97.7644,128.160192,0.));
#8661=CARTESIAN_POINT('Ctrl Pts',(97.7644,128.2928,0.));
#8662=CARTESIAN_POINT('',(98.2644,127.7928,0.));
#8663=CARTESIAN_POINT('Ctrl Pts',(98.2644,127.7928,0.));
#8664=CARTESIAN_POINT('Ctrl Pts',(98.131792,127.7928,0.));
#8665=CARTESIAN_POINT('Ctrl Pts',(98.004615,127.845478,0.));
#8666=CARTESIAN_POINT('Ctrl Pts',(97.910847,127.939247,0.));
#8667=CARTESIAN_POINT('',(111.1644,127.7928,0.));
#8668=CARTESIAN_POINT('',(111.1644,127.7928,0.));
#8669=CARTESIAN_POINT('',(111.517953,127.939247,0.));
#8670=CARTESIAN_POINT('Ctrl Pts',(111.517953,127.939247,0.));
#8671=CARTESIAN_POINT('Ctrl Pts',(111.424185,127.845478,0.));
#8672=CARTESIAN_POINT('Ctrl Pts',(111.297008,127.7928,0.));
#8673=CARTESIAN_POINT('Ctrl Pts',(111.1644,127.7928,0.));
#8674=CARTESIAN_POINT('',(111.6644,128.2928,0.));
#8675=CARTESIAN_POINT('Ctrl Pts',(111.6644,128.2928,0.));
#8676=CARTESIAN_POINT('Ctrl Pts',(111.6644,128.160192,0.));
#8677=CARTESIAN_POINT('Ctrl Pts',(111.611722,128.033015,0.));
#8678=CARTESIAN_POINT('Ctrl Pts',(111.517953,127.939247,0.));
#8679=CARTESIAN_POINT('',(111.6644,141.1928,0.));
#8680=CARTESIAN_POINT('',(111.6644,141.1928,0.));
#8681=CARTESIAN_POINT('Ctrl Pts',(111.517953,141.546353,0.));
#8682=CARTESIAN_POINT('Ctrl Pts',(111.611722,141.452585,0.));
#8683=CARTESIAN_POINT('Ctrl Pts',(111.6644,141.325408,0.));
#8684=CARTESIAN_POINT('Ctrl Pts',(111.6644,141.1928,0.));
#8685=CARTESIAN_POINT('',(75.1644,122.3478,0.));
#8686=CARTESIAN_POINT('',(75.517953,122.201353,0.));
#8687=CARTESIAN_POINT('Ctrl Pts',(75.1644,122.3478,0.));
#8688=CARTESIAN_POINT('Ctrl Pts',(75.297008,122.3478,0.));
#8689=CARTESIAN_POINT('Ctrl Pts',(75.424185,122.295122,0.));
#8690=CARTESIAN_POINT('Ctrl Pts',(75.517953,122.201353,0.));
#8691=CARTESIAN_POINT('',(62.2644,122.3478,0.));
#8692=CARTESIAN_POINT('',(62.2644,122.3478,0.));
#8693=CARTESIAN_POINT('',(61.910847,122.201353,0.));
#8694=CARTESIAN_POINT('Ctrl Pts',(61.910847,122.201353,0.));
#8695=CARTESIAN_POINT('Ctrl Pts',(62.004615,122.295122,0.));
#8696=CARTESIAN_POINT('Ctrl Pts',(62.131792,122.3478,0.));
#8697=CARTESIAN_POINT('Ctrl Pts',(62.2644,122.3478,0.));
#8698=CARTESIAN_POINT('',(61.7644,121.8478,0.));
#8699=CARTESIAN_POINT('Ctrl Pts',(61.7644,121.8478,0.));
#8700=CARTESIAN_POINT('Ctrl Pts',(61.7644,121.980408,0.));
#8701=CARTESIAN_POINT('Ctrl Pts',(61.817078,122.107585,0.));
#8702=CARTESIAN_POINT('Ctrl Pts',(61.910847,122.201353,0.));
#8703=CARTESIAN_POINT('',(61.7644,108.9478,0.));
#8704=CARTESIAN_POINT('',(61.7644,108.9478,0.));
#8705=CARTESIAN_POINT('',(61.910847,108.594247,0.));
#8706=CARTESIAN_POINT('Ctrl Pts',(61.910847,108.594247,0.));
#8707=CARTESIAN_POINT('Ctrl Pts',(61.817078,108.688015,0.));
#8708=CARTESIAN_POINT('Ctrl Pts',(61.7644,108.815192,0.));
#8709=CARTESIAN_POINT('Ctrl Pts',(61.7644,108.9478,0.));
#8710=CARTESIAN_POINT('',(62.2644,108.4478,0.));
#8711=CARTESIAN_POINT('Ctrl Pts',(62.2644,108.4478,0.));
#8712=CARTESIAN_POINT('Ctrl Pts',(62.131792,108.4478,0.));
#8713=CARTESIAN_POINT('Ctrl Pts',(62.004615,108.500478,0.));
#8714=CARTESIAN_POINT('Ctrl Pts',(61.910847,108.594247,0.));
#8715=CARTESIAN_POINT('',(75.1644,108.4478,0.));
#8716=CARTESIAN_POINT('',(75.1644,108.4478,0.));
#8717=CARTESIAN_POINT('',(75.517953,108.594247,0.));
#8718=CARTESIAN_POINT('Ctrl Pts',(75.517953,108.594247,0.));
#8719=CARTESIAN_POINT('Ctrl Pts',(75.424185,108.500478,0.));
#8720=CARTESIAN_POINT('Ctrl Pts',(75.297008,108.4478,0.));
#8721=CARTESIAN_POINT('Ctrl Pts',(75.1644,108.4478,0.));
#8722=CARTESIAN_POINT('',(75.6644,108.9478,0.));
#8723=CARTESIAN_POINT('Ctrl Pts',(75.6644,108.9478,0.));
#8724=CARTESIAN_POINT('Ctrl Pts',(75.6644,108.815192,0.));
#8725=CARTESIAN_POINT('Ctrl Pts',(75.611722,108.688015,0.));
#8726=CARTESIAN_POINT('Ctrl Pts',(75.517953,108.594247,0.));
#8727=CARTESIAN_POINT('',(75.6644,121.8478,0.));
#8728=CARTESIAN_POINT('',(75.6644,121.8478,0.));
#8729=CARTESIAN_POINT('Ctrl Pts',(75.517953,122.201353,0.));
#8730=CARTESIAN_POINT('Ctrl Pts',(75.611722,122.107585,0.));
#8731=CARTESIAN_POINT('Ctrl Pts',(75.6644,121.980408,0.));
#8732=CARTESIAN_POINT('Ctrl Pts',(75.6644,121.8478,0.));
#8733=CARTESIAN_POINT('',(93.1644,132.8478,0.));
#8734=CARTESIAN_POINT('',(93.517953,132.701353,0.));
#8735=CARTESIAN_POINT('Ctrl Pts',(93.1644,132.8478,0.));
#8736=CARTESIAN_POINT('Ctrl Pts',(93.297008,132.8478,0.));
#8737=CARTESIAN_POINT('Ctrl Pts',(93.424185,132.795122,0.));
#8738=CARTESIAN_POINT('Ctrl Pts',(93.517953,132.701353,0.));
#8739=CARTESIAN_POINT('',(80.2644,132.8478,0.));
#8740=CARTESIAN_POINT('',(80.2644,132.8478,0.));
#8741=CARTESIAN_POINT('',(79.910847,132.701353,0.));
#8742=CARTESIAN_POINT('Ctrl Pts',(79.910847,132.701353,0.));
#8743=CARTESIAN_POINT('Ctrl Pts',(80.004615,132.795122,0.));
#8744=CARTESIAN_POINT('Ctrl Pts',(80.131792,132.8478,0.));
#8745=CARTESIAN_POINT('Ctrl Pts',(80.2644,132.8478,0.));
#8746=CARTESIAN_POINT('',(79.7644,132.3478,0.));
#8747=CARTESIAN_POINT('Ctrl Pts',(79.7644,132.3478,0.));
#8748=CARTESIAN_POINT('Ctrl Pts',(79.7644,132.480408,0.));
#8749=CARTESIAN_POINT('Ctrl Pts',(79.817078,132.607585,0.));
#8750=CARTESIAN_POINT('Ctrl Pts',(79.910847,132.701353,0.));
#8751=CARTESIAN_POINT('',(79.7644,119.4478,0.));
#8752=CARTESIAN_POINT('',(79.7644,119.4478,0.));
#8753=CARTESIAN_POINT('',(79.910847,119.094247,0.));
#8754=CARTESIAN_POINT('Ctrl Pts',(79.910847,119.094247,0.));
#8755=CARTESIAN_POINT('Ctrl Pts',(79.817078,119.188015,0.));
#8756=CARTESIAN_POINT('Ctrl Pts',(79.7644,119.315192,0.));
#8757=CARTESIAN_POINT('Ctrl Pts',(79.7644,119.4478,0.));
#8758=CARTESIAN_POINT('',(80.2644,118.9478,0.));
#8759=CARTESIAN_POINT('Ctrl Pts',(80.2644,118.9478,0.));
#8760=CARTESIAN_POINT('Ctrl Pts',(80.131792,118.9478,0.));
#8761=CARTESIAN_POINT('Ctrl Pts',(80.004615,119.000478,0.));
#8762=CARTESIAN_POINT('Ctrl Pts',(79.910847,119.094247,0.));
#8763=CARTESIAN_POINT('',(93.1644,118.9478,0.));
#8764=CARTESIAN_POINT('',(93.1644,118.9478,0.));
#8765=CARTESIAN_POINT('',(93.517953,119.094247,0.));
#8766=CARTESIAN_POINT('Ctrl Pts',(93.517953,119.094247,0.));
#8767=CARTESIAN_POINT('Ctrl Pts',(93.424185,119.000478,0.));
#8768=CARTESIAN_POINT('Ctrl Pts',(93.297008,118.9478,0.));
#8769=CARTESIAN_POINT('Ctrl Pts',(93.1644,118.9478,0.));
#8770=CARTESIAN_POINT('',(93.6644,119.4478,0.));
#8771=CARTESIAN_POINT('Ctrl Pts',(93.6644,119.4478,0.));
#8772=CARTESIAN_POINT('Ctrl Pts',(93.6644,119.315192,0.));
#8773=CARTESIAN_POINT('Ctrl Pts',(93.611722,119.188015,0.));
#8774=CARTESIAN_POINT('Ctrl Pts',(93.517953,119.094247,0.));
#8775=CARTESIAN_POINT('',(93.6644,132.3478,0.));
#8776=CARTESIAN_POINT('',(93.6644,132.3478,0.));
#8777=CARTESIAN_POINT('Ctrl Pts',(93.517953,132.701353,0.));
#8778=CARTESIAN_POINT('Ctrl Pts',(93.611722,132.607585,0.));
#8779=CARTESIAN_POINT('Ctrl Pts',(93.6644,132.480408,0.));
#8780=CARTESIAN_POINT('Ctrl Pts',(93.6644,132.3478,0.));
#8781=CARTESIAN_POINT('',(93.1644,115.8478,0.));
#8782=CARTESIAN_POINT('',(93.517953,115.701353,0.));
#8783=CARTESIAN_POINT('Ctrl Pts',(93.1644,115.8478,0.));
#8784=CARTESIAN_POINT('Ctrl Pts',(93.297008,115.8478,0.));
#8785=CARTESIAN_POINT('Ctrl Pts',(93.424185,115.795122,0.));
#8786=CARTESIAN_POINT('Ctrl Pts',(93.517953,115.701353,0.));
#8787=CARTESIAN_POINT('',(80.2644,115.8478,0.));
#8788=CARTESIAN_POINT('',(80.2644,115.8478,0.));
#8789=CARTESIAN_POINT('',(79.910847,115.701353,0.));
#8790=CARTESIAN_POINT('Ctrl Pts',(79.910847,115.701353,0.));
#8791=CARTESIAN_POINT('Ctrl Pts',(80.004615,115.795122,0.));
#8792=CARTESIAN_POINT('Ctrl Pts',(80.131792,115.8478,0.));
#8793=CARTESIAN_POINT('Ctrl Pts',(80.2644,115.8478,0.));
#8794=CARTESIAN_POINT('',(79.7644,115.3478,0.));
#8795=CARTESIAN_POINT('Ctrl Pts',(79.7644,115.3478,0.));
#8796=CARTESIAN_POINT('Ctrl Pts',(79.7644,115.480408,0.));
#8797=CARTESIAN_POINT('Ctrl Pts',(79.817078,115.607585,0.));
#8798=CARTESIAN_POINT('Ctrl Pts',(79.910847,115.701353,0.));
#8799=CARTESIAN_POINT('',(79.7644,102.4478,0.));
#8800=CARTESIAN_POINT('',(79.7644,102.4478,0.));
#8801=CARTESIAN_POINT('',(79.910847,102.094247,0.));
#8802=CARTESIAN_POINT('Ctrl Pts',(79.910847,102.094247,0.));
#8803=CARTESIAN_POINT('Ctrl Pts',(79.817078,102.188015,0.));
#8804=CARTESIAN_POINT('Ctrl Pts',(79.7644,102.315192,0.));
#8805=CARTESIAN_POINT('Ctrl Pts',(79.7644,102.4478,0.));
#8806=CARTESIAN_POINT('',(80.2644,101.9478,0.));
#8807=CARTESIAN_POINT('Ctrl Pts',(80.2644,101.9478,0.));
#8808=CARTESIAN_POINT('Ctrl Pts',(80.131792,101.9478,0.));
#8809=CARTESIAN_POINT('Ctrl Pts',(80.004615,102.000478,0.));
#8810=CARTESIAN_POINT('Ctrl Pts',(79.910847,102.094247,0.));
#8811=CARTESIAN_POINT('',(93.1644,101.9478,0.));
#8812=CARTESIAN_POINT('',(93.1644,101.9478,0.));
#8813=CARTESIAN_POINT('',(93.517953,102.094247,0.));
#8814=CARTESIAN_POINT('Ctrl Pts',(93.517953,102.094247,0.));
#8815=CARTESIAN_POINT('Ctrl Pts',(93.424185,102.000478,0.));
#8816=CARTESIAN_POINT('Ctrl Pts',(93.297008,101.9478,0.));
#8817=CARTESIAN_POINT('Ctrl Pts',(93.1644,101.9478,0.));
#8818=CARTESIAN_POINT('',(93.6644,102.4478,0.));
#8819=CARTESIAN_POINT('Ctrl Pts',(93.6644,102.4478,0.));
#8820=CARTESIAN_POINT('Ctrl Pts',(93.6644,102.315192,0.));
#8821=CARTESIAN_POINT('Ctrl Pts',(93.611722,102.188015,0.));
#8822=CARTESIAN_POINT('Ctrl Pts',(93.517953,102.094247,0.));
#8823=CARTESIAN_POINT('',(93.6644,115.3478,0.));
#8824=CARTESIAN_POINT('',(93.6644,115.3478,0.));
#8825=CARTESIAN_POINT('Ctrl Pts',(93.517953,115.701353,0.));
#8826=CARTESIAN_POINT('Ctrl Pts',(93.611722,115.607585,0.));
#8827=CARTESIAN_POINT('Ctrl Pts',(93.6644,115.480408,0.));
#8828=CARTESIAN_POINT('Ctrl Pts',(93.6644,115.3478,0.));
#8829=CARTESIAN_POINT('Origin',(26.2644,117.8478,0.));
#8830=CARTESIAN_POINT('',(39.1644,117.8478,1.6));
#8831=CARTESIAN_POINT('',(39.1644,117.8478,0.));
#8832=CARTESIAN_POINT('',(26.2644,117.8478,1.6));
#8833=CARTESIAN_POINT('',(26.2644,117.8478,1.6));
#8834=CARTESIAN_POINT('',(26.2644,117.8478,0.));
#8835=CARTESIAN_POINT('Ctrl Pts',(25.910847,117.701353,0.));
#8836=CARTESIAN_POINT('Ctrl Pts',(25.910847,117.701353,1.6));
#8837=CARTESIAN_POINT('Ctrl Pts',(26.004615,117.795122,0.));
#8838=CARTESIAN_POINT('Ctrl Pts',(26.004615,117.795122,1.6));
#8839=CARTESIAN_POINT('Ctrl Pts',(26.131792,117.8478,0.));
#8840=CARTESIAN_POINT('Ctrl Pts',(26.131792,117.8478,1.6));
#8841=CARTESIAN_POINT('Ctrl Pts',(26.2644,117.8478,0.));
#8842=CARTESIAN_POINT('Ctrl Pts',(26.2644,117.8478,1.6));
#8843=CARTESIAN_POINT('',(25.910847,117.701353,1.6));
#8844=CARTESIAN_POINT('Ctrl Pts',(25.910847,117.701353,1.6));
#8845=CARTESIAN_POINT('Ctrl Pts',(26.004615,117.795122,1.6));
#8846=CARTESIAN_POINT('Ctrl Pts',(26.131792,117.8478,1.6));
#8847=CARTESIAN_POINT('Ctrl Pts',(26.2644,117.8478,1.6));
#8848=CARTESIAN_POINT('',(25.910847,117.701353,0.));
#8849=CARTESIAN_POINT('Ctrl Pts',(25.7644,117.3478,0.));
#8850=CARTESIAN_POINT('Ctrl Pts',(25.7644,117.3478,1.6));
#8851=CARTESIAN_POINT('Ctrl Pts',(25.7644,117.480408,0.));
#8852=CARTESIAN_POINT('Ctrl Pts',(25.7644,117.480408,1.6));
#8853=CARTESIAN_POINT('Ctrl Pts',(25.817078,117.607585,0.));
#8854=CARTESIAN_POINT('Ctrl Pts',(25.817078,117.607585,1.6));
#8855=CARTESIAN_POINT('Ctrl Pts',(25.910847,117.701353,0.));
#8856=CARTESIAN_POINT('Ctrl Pts',(25.910847,117.701353,1.6));
#8857=CARTESIAN_POINT('',(25.7644,117.3478,1.6));
#8858=CARTESIAN_POINT('Ctrl Pts',(25.7644,117.3478,1.6));
#8859=CARTESIAN_POINT('Ctrl Pts',(25.7644,117.480408,1.6));
#8860=CARTESIAN_POINT('Ctrl Pts',(25.817078,117.607585,1.6));
#8861=CARTESIAN_POINT('Ctrl Pts',(25.910847,117.701353,1.6));
#8862=CARTESIAN_POINT('',(25.7644,117.3478,0.));
#8863=CARTESIAN_POINT('Origin',(25.7644,104.4478,0.));
#8864=CARTESIAN_POINT('',(25.7644,104.4478,1.6));
#8865=CARTESIAN_POINT('',(25.7644,104.4478,1.6));
#8866=CARTESIAN_POINT('',(25.7644,104.4478,0.));
#8867=CARTESIAN_POINT('Ctrl Pts',(25.910847,104.094247,0.));
#8868=CARTESIAN_POINT('Ctrl Pts',(25.910847,104.094247,1.6));
#8869=CARTESIAN_POINT('Ctrl Pts',(25.817078,104.188015,0.));
#8870=CARTESIAN_POINT('Ctrl Pts',(25.817078,104.188015,1.6));
#8871=CARTESIAN_POINT('Ctrl Pts',(25.7644,104.315192,0.));
#8872=CARTESIAN_POINT('Ctrl Pts',(25.7644,104.315192,1.6));
#8873=CARTESIAN_POINT('Ctrl Pts',(25.7644,104.4478,0.));
#8874=CARTESIAN_POINT('Ctrl Pts',(25.7644,104.4478,1.6));
#8875=CARTESIAN_POINT('',(25.910847,104.094247,1.6));
#8876=CARTESIAN_POINT('Ctrl Pts',(25.910847,104.094247,1.6));
#8877=CARTESIAN_POINT('Ctrl Pts',(25.817078,104.188015,1.6));
#8878=CARTESIAN_POINT('Ctrl Pts',(25.7644,104.315192,1.6));
#8879=CARTESIAN_POINT('Ctrl Pts',(25.7644,104.4478,1.6));
#8880=CARTESIAN_POINT('',(25.910847,104.094247,0.));
#8881=CARTESIAN_POINT('Ctrl Pts',(26.2644,103.9478,0.));
#8882=CARTESIAN_POINT('Ctrl Pts',(26.2644,103.9478,1.6));
#8883=CARTESIAN_POINT('Ctrl Pts',(26.131792,103.9478,0.));
#8884=CARTESIAN_POINT('Ctrl Pts',(26.131792,103.9478,1.6));
#8885=CARTESIAN_POINT('Ctrl Pts',(26.004615,104.000478,0.));
#8886=CARTESIAN_POINT('Ctrl Pts',(26.004615,104.000478,1.6));
#8887=CARTESIAN_POINT('Ctrl Pts',(25.910847,104.094247,0.));
#8888=CARTESIAN_POINT('Ctrl Pts',(25.910847,104.094247,1.6));
#8889=CARTESIAN_POINT('',(26.2644,103.9478,1.6));
#8890=CARTESIAN_POINT('Ctrl Pts',(26.2644,103.9478,1.6));
#8891=CARTESIAN_POINT('Ctrl Pts',(26.131792,103.9478,1.6));
#8892=CARTESIAN_POINT('Ctrl Pts',(26.004615,104.000478,1.6));
#8893=CARTESIAN_POINT('Ctrl Pts',(25.910847,104.094247,1.6));
#8894=CARTESIAN_POINT('',(26.2644,103.9478,0.));
#8895=CARTESIAN_POINT('Origin',(39.1644,103.9478,0.));
#8896=CARTESIAN_POINT('',(39.1644,103.9478,1.6));
#8897=CARTESIAN_POINT('',(39.1644,103.9478,1.6));
#8898=CARTESIAN_POINT('',(39.1644,103.9478,0.));
#8899=CARTESIAN_POINT('Ctrl Pts',(39.517953,104.094247,0.));
#8900=CARTESIAN_POINT('Ctrl Pts',(39.517953,104.094247,1.6));
#8901=CARTESIAN_POINT('Ctrl Pts',(39.424185,104.000478,0.));
#8902=CARTESIAN_POINT('Ctrl Pts',(39.424185,104.000478,1.6));
#8903=CARTESIAN_POINT('Ctrl Pts',(39.297008,103.9478,0.));
#8904=CARTESIAN_POINT('Ctrl Pts',(39.297008,103.9478,1.6));
#8905=CARTESIAN_POINT('Ctrl Pts',(39.1644,103.9478,0.));
#8906=CARTESIAN_POINT('Ctrl Pts',(39.1644,103.9478,1.6));
#8907=CARTESIAN_POINT('',(39.517953,104.094247,1.6));
#8908=CARTESIAN_POINT('Ctrl Pts',(39.517953,104.094247,1.6));
#8909=CARTESIAN_POINT('Ctrl Pts',(39.424185,104.000478,1.6));
#8910=CARTESIAN_POINT('Ctrl Pts',(39.297008,103.9478,1.6));
#8911=CARTESIAN_POINT('Ctrl Pts',(39.1644,103.9478,1.6));
#8912=CARTESIAN_POINT('',(39.517953,104.094247,0.));
#8913=CARTESIAN_POINT('Ctrl Pts',(39.6644,104.4478,0.));
#8914=CARTESIAN_POINT('Ctrl Pts',(39.6644,104.4478,1.6));
#8915=CARTESIAN_POINT('Ctrl Pts',(39.6644,104.315192,0.));
#8916=CARTESIAN_POINT('Ctrl Pts',(39.6644,104.315192,1.6));
#8917=CARTESIAN_POINT('Ctrl Pts',(39.611722,104.188015,0.));
#8918=CARTESIAN_POINT('Ctrl Pts',(39.611722,104.188015,1.6));
#8919=CARTESIAN_POINT('Ctrl Pts',(39.517953,104.094247,0.));
#8920=CARTESIAN_POINT('Ctrl Pts',(39.517953,104.094247,1.6));
#8921=CARTESIAN_POINT('',(39.6644,104.4478,1.6));
#8922=CARTESIAN_POINT('Ctrl Pts',(39.6644,104.4478,1.6));
#8923=CARTESIAN_POINT('Ctrl Pts',(39.6644,104.315192,1.6));
#8924=CARTESIAN_POINT('Ctrl Pts',(39.611722,104.188015,1.6));
#8925=CARTESIAN_POINT('Ctrl Pts',(39.517953,104.094247,1.6));
#8926=CARTESIAN_POINT('',(39.6644,104.4478,0.));
#8927=CARTESIAN_POINT('Origin',(39.6644,117.3478,0.));
#8928=CARTESIAN_POINT('',(39.6644,117.3478,1.6));
#8929=CARTESIAN_POINT('',(39.6644,117.3478,1.6));
#8930=CARTESIAN_POINT('',(39.6644,117.3478,0.));
#8931=CARTESIAN_POINT('Ctrl Pts',(39.517953,117.701353,0.));
#8932=CARTESIAN_POINT('Ctrl Pts',(39.517953,117.701353,1.6));
#8933=CARTESIAN_POINT('Ctrl Pts',(39.611722,117.607585,0.));
#8934=CARTESIAN_POINT('Ctrl Pts',(39.611722,117.607585,1.6));
#8935=CARTESIAN_POINT('Ctrl Pts',(39.6644,117.480408,0.));
#8936=CARTESIAN_POINT('Ctrl Pts',(39.6644,117.480408,1.6));
#8937=CARTESIAN_POINT('Ctrl Pts',(39.6644,117.3478,0.));
#8938=CARTESIAN_POINT('Ctrl Pts',(39.6644,117.3478,1.6));
#8939=CARTESIAN_POINT('',(39.517953,117.701353,1.6));
#8940=CARTESIAN_POINT('Ctrl Pts',(39.517953,117.701353,1.6));
#8941=CARTESIAN_POINT('Ctrl Pts',(39.611722,117.607585,1.6));
#8942=CARTESIAN_POINT('Ctrl Pts',(39.6644,117.480408,1.6));
#8943=CARTESIAN_POINT('Ctrl Pts',(39.6644,117.3478,1.6));
#8944=CARTESIAN_POINT('',(39.517953,117.701353,0.));
#8945=CARTESIAN_POINT('Ctrl Pts',(39.1644,117.8478,0.));
#8946=CARTESIAN_POINT('Ctrl Pts',(39.1644,117.8478,1.6));
#8947=CARTESIAN_POINT('Ctrl Pts',(39.297008,117.8478,0.));
#8948=CARTESIAN_POINT('Ctrl Pts',(39.297008,117.8478,1.6));
#8949=CARTESIAN_POINT('Ctrl Pts',(39.424185,117.795122,0.));
#8950=CARTESIAN_POINT('Ctrl Pts',(39.424185,117.795122,1.6));
#8951=CARTESIAN_POINT('Ctrl Pts',(39.517953,117.701353,0.));
#8952=CARTESIAN_POINT('Ctrl Pts',(39.517953,117.701353,1.6));
#8953=CARTESIAN_POINT('Ctrl Pts',(39.1644,117.8478,1.6));
#8954=CARTESIAN_POINT('Ctrl Pts',(39.297008,117.8478,1.6));
#8955=CARTESIAN_POINT('Ctrl Pts',(39.424185,117.795122,1.6));
#8956=CARTESIAN_POINT('Ctrl Pts',(39.517953,117.701353,1.6));
#8957=CARTESIAN_POINT('Origin',(116.8927,120.6163,0.));
#8958=CARTESIAN_POINT('',(116.8927,153.7363,1.6));
#8959=CARTESIAN_POINT('',(116.8927,153.7363,0.));
#8960=CARTESIAN_POINT('',(116.8927,120.6163,1.6));
#8961=CARTESIAN_POINT('',(116.8927,153.7363,1.6));
#8962=CARTESIAN_POINT('',(116.8927,120.6163,0.));
#8963=CARTESIAN_POINT('Origin',(134.7727,120.6163,0.));
#8964=CARTESIAN_POINT('',(134.7727,120.6163,1.6));
#8965=CARTESIAN_POINT('',(116.8927,120.6163,1.6));
#8966=CARTESIAN_POINT('',(134.7727,120.6163,0.));
#8967=CARTESIAN_POINT('Origin',(134.7727,153.7363,0.));
#8968=CARTESIAN_POINT('',(134.7727,153.7363,1.6));
#8969=CARTESIAN_POINT('',(134.7727,120.6163,1.6));
#8970=CARTESIAN_POINT('',(134.7727,153.7363,0.));
#8971=CARTESIAN_POINT('Origin',(129.3827,153.7363,0.));
#8972=CARTESIAN_POINT('',(129.3827,153.7363,1.6));
#8973=CARTESIAN_POINT('',(134.7727,153.7363,1.6));
#8974=CARTESIAN_POINT('',(129.3827,153.7363,0.));
#8975=CARTESIAN_POINT('Origin',(129.3827,155.2063,0.));
#8976=CARTESIAN_POINT('',(129.3827,134.097582592773,1.6));
#8977=CARTESIAN_POINT('Origin',(122.2827,153.7363,0.));
#8978=CARTESIAN_POINT('',(122.2827,153.7363,1.6));
#8979=CARTESIAN_POINT('',(122.2827,150.1063,1.6));
#8980=CARTESIAN_POINT('',(122.2827,153.7363,0.));
#8981=CARTESIAN_POINT('Origin',(116.8927,153.7363,0.));
#8982=CARTESIAN_POINT('',(134.7727,153.7363,1.6));
#8983=CARTESIAN_POINT('Ctrl Pts',(120.367465,104.949104,0.));
#8984=CARTESIAN_POINT('Ctrl Pts',(120.367465,104.949104,1.6));
#8985=CARTESIAN_POINT('Ctrl Pts',(120.707983,105.771187,0.));
#8986=CARTESIAN_POINT('Ctrl Pts',(120.707983,105.771187,1.6));
#8987=CARTESIAN_POINT('Ctrl Pts',(121.510183,106.3072,0.));
#8988=CARTESIAN_POINT('Ctrl Pts',(121.510183,106.3072,1.6));
#8989=CARTESIAN_POINT('Ctrl Pts',(122.4,106.3072,0.));
#8990=CARTESIAN_POINT('Ctrl Pts',(122.4,106.3072,1.6));
#8991=CARTESIAN_POINT('',(122.4,106.3072,1.6));
#8992=CARTESIAN_POINT('',(122.4,106.3072,0.));
#8993=CARTESIAN_POINT('',(120.367465,104.949104,1.6));
#8994=CARTESIAN_POINT('Ctrl Pts',(120.367465,104.949104,1.6));
#8995=CARTESIAN_POINT('Ctrl Pts',(120.707983,105.771187,1.6));
#8996=CARTESIAN_POINT('Ctrl Pts',(121.510183,106.3072,1.6));
#8997=CARTESIAN_POINT('Ctrl Pts',(122.4,106.3072,1.6));
#8998=CARTESIAN_POINT('',(120.367465,104.949104,0.));
#8999=CARTESIAN_POINT('Ctrl Pts',(120.844365,102.551565,0.));
#9000=CARTESIAN_POINT('Ctrl Pts',(120.844365,102.551565,1.6));
#9001=CARTESIAN_POINT('Ctrl Pts',(120.215169,103.180761,0.));
#9002=CARTESIAN_POINT('Ctrl Pts',(120.215169,103.180761,1.6));
#9003=CARTESIAN_POINT('Ctrl Pts',(120.026947,104.12702,0.));
#9004=CARTESIAN_POINT('Ctrl Pts',(120.026947,104.12702,1.6));
#9005=CARTESIAN_POINT('Ctrl Pts',(120.367465,104.949104,0.));
#9006=CARTESIAN_POINT('Ctrl Pts',(120.367465,104.949104,1.6));
#9007=CARTESIAN_POINT('',(120.844365,102.551565,1.6));
#9008=CARTESIAN_POINT('Ctrl Pts',(120.844365,102.551565,1.6));
#9009=CARTESIAN_POINT('Ctrl Pts',(120.215169,103.180761,1.6));
#9010=CARTESIAN_POINT('Ctrl Pts',(120.026947,104.12702,1.6));
#9011=CARTESIAN_POINT('Ctrl Pts',(120.367465,104.949104,1.6));
#9012=CARTESIAN_POINT('',(120.844365,102.551565,0.));
#9013=CARTESIAN_POINT('Ctrl Pts',(123.241904,102.074665,0.));
#9014=CARTESIAN_POINT('Ctrl Pts',(123.241904,102.074665,1.6));
#9015=CARTESIAN_POINT('Ctrl Pts',(122.41982,101.734147,0.));
#9016=CARTESIAN_POINT('Ctrl Pts',(122.41982,101.734147,1.6));
#9017=CARTESIAN_POINT('Ctrl Pts',(121.473561,101.922369,0.));
#9018=CARTESIAN_POINT('Ctrl Pts',(121.473561,101.922369,1.6));
#9019=CARTESIAN_POINT('Ctrl Pts',(120.844365,102.551565,0.));
#9020=CARTESIAN_POINT('Ctrl Pts',(120.844365,102.551565,1.6));
#9021=CARTESIAN_POINT('',(123.241904,102.074665,1.6));
#9022=CARTESIAN_POINT('Ctrl Pts',(123.241904,102.074665,1.6));
#9023=CARTESIAN_POINT('Ctrl Pts',(122.41982,101.734147,1.6));
#9024=CARTESIAN_POINT('Ctrl Pts',(121.473561,101.922369,1.6));
#9025=CARTESIAN_POINT('Ctrl Pts',(120.844365,102.551565,1.6));
#9026=CARTESIAN_POINT('',(123.241904,102.074665,0.));
#9027=CARTESIAN_POINT('Ctrl Pts',(124.6,104.1072,0.));
#9028=CARTESIAN_POINT('Ctrl Pts',(124.6,104.1072,1.6));
#9029=CARTESIAN_POINT('Ctrl Pts',(124.6,103.217383,0.));
#9030=CARTESIAN_POINT('Ctrl Pts',(124.6,103.217383,1.6));
#9031=CARTESIAN_POINT('Ctrl Pts',(124.063987,102.415183,0.));
#9032=CARTESIAN_POINT('Ctrl Pts',(124.063987,102.415183,1.6));
#9033=CARTESIAN_POINT('Ctrl Pts',(123.241904,102.074665,0.));
#9034=CARTESIAN_POINT('Ctrl Pts',(123.241904,102.074665,1.6));
#9035=CARTESIAN_POINT('',(124.6,104.1072,1.6));
#9036=CARTESIAN_POINT('Ctrl Pts',(124.6,104.1072,1.6));
#9037=CARTESIAN_POINT('Ctrl Pts',(124.6,103.217383,1.6));
#9038=CARTESIAN_POINT('Ctrl Pts',(124.063987,102.415183,1.6));
#9039=CARTESIAN_POINT('Ctrl Pts',(123.241904,102.074665,1.6));
#9040=CARTESIAN_POINT('',(124.6,104.1072,0.));
#9041=CARTESIAN_POINT('Ctrl Pts',(123.955635,105.662835,0.));
#9042=CARTESIAN_POINT('Ctrl Pts',(123.955635,105.662835,1.6));
#9043=CARTESIAN_POINT('Ctrl Pts',(124.368215,105.250255,0.));
#9044=CARTESIAN_POINT('Ctrl Pts',(124.368215,105.250255,1.6));
#9045=CARTESIAN_POINT('Ctrl Pts',(124.6,104.690676,0.));
#9046=CARTESIAN_POINT('Ctrl Pts',(124.6,104.690676,1.6));
#9047=CARTESIAN_POINT('Ctrl Pts',(124.6,104.1072,0.));
#9048=CARTESIAN_POINT('Ctrl Pts',(124.6,104.1072,1.6));
#9049=CARTESIAN_POINT('',(123.955635,105.662835,1.6));
#9050=CARTESIAN_POINT('Ctrl Pts',(123.955635,105.662835,1.6));
#9051=CARTESIAN_POINT('Ctrl Pts',(124.368215,105.250255,1.6));
#9052=CARTESIAN_POINT('Ctrl Pts',(124.6,104.690676,1.6));
#9053=CARTESIAN_POINT('Ctrl Pts',(124.6,104.1072,1.6));
#9054=CARTESIAN_POINT('',(123.955635,105.662835,0.));
#9055=CARTESIAN_POINT('Ctrl Pts',(122.4,106.3072,0.));
#9056=CARTESIAN_POINT('Ctrl Pts',(122.4,106.3072,1.6));
#9057=CARTESIAN_POINT('Ctrl Pts',(122.983476,106.3072,0.));
#9058=CARTESIAN_POINT('Ctrl Pts',(122.983476,106.3072,1.6));
#9059=CARTESIAN_POINT('Ctrl Pts',(123.543055,106.075415,0.));
#9060=CARTESIAN_POINT('Ctrl Pts',(123.543055,106.075415,1.6));
#9061=CARTESIAN_POINT('Ctrl Pts',(123.955635,105.662835,0.));
#9062=CARTESIAN_POINT('Ctrl Pts',(123.955635,105.662835,1.6));
#9063=CARTESIAN_POINT('Ctrl Pts',(122.4,106.3072,1.6));
#9064=CARTESIAN_POINT('Ctrl Pts',(122.983476,106.3072,1.6));
#9065=CARTESIAN_POINT('Ctrl Pts',(123.543055,106.075415,1.6));
#9066=CARTESIAN_POINT('Ctrl Pts',(123.955635,105.662835,1.6));
#9067=CARTESIAN_POINT('Ctrl Pts',(35.3327,140.8038,0.));
#9068=CARTESIAN_POINT('Ctrl Pts',(35.3327,140.8038,1.6));
#9069=CARTESIAN_POINT('Ctrl Pts',(35.3327,142.018826,0.));
#9070=CARTESIAN_POINT('Ctrl Pts',(35.3327,142.018826,1.6));
#9071=CARTESIAN_POINT('Ctrl Pts',(36.317674,143.0038,0.));
#9072=CARTESIAN_POINT('Ctrl Pts',(36.317674,143.0038,1.6));
#9073=CARTESIAN_POINT('Ctrl Pts',(37.5327,143.0038,0.));
#9074=CARTESIAN_POINT('Ctrl Pts',(37.5327,143.0038,1.6));
#9075=CARTESIAN_POINT('',(37.5327,143.0038,1.6));
#9076=CARTESIAN_POINT('',(37.5327,143.0038,0.));
#9077=CARTESIAN_POINT('',(35.3327,140.8038,1.6));
#9078=CARTESIAN_POINT('Ctrl Pts',(35.3327,140.8038,1.6));
#9079=CARTESIAN_POINT('Ctrl Pts',(35.3327,142.018826,1.6));
#9080=CARTESIAN_POINT('Ctrl Pts',(36.317674,143.0038,1.6));
#9081=CARTESIAN_POINT('Ctrl Pts',(37.5327,143.0038,1.6));
#9082=CARTESIAN_POINT('',(35.3327,140.8038,0.));
#9083=CARTESIAN_POINT('Ctrl Pts',(37.5327,138.6038,0.));
#9084=CARTESIAN_POINT('Ctrl Pts',(37.5327,138.6038,1.6));
#9085=CARTESIAN_POINT('Ctrl Pts',(36.317674,138.6038,0.));
#9086=CARTESIAN_POINT('Ctrl Pts',(36.317674,138.6038,1.6));
#9087=CARTESIAN_POINT('Ctrl Pts',(35.3327,139.588774,0.));
#9088=CARTESIAN_POINT('Ctrl Pts',(35.3327,139.588774,1.6));
#9089=CARTESIAN_POINT('Ctrl Pts',(35.3327,140.8038,0.));
#9090=CARTESIAN_POINT('Ctrl Pts',(35.3327,140.8038,1.6));
#9091=CARTESIAN_POINT('',(37.5327,138.6038,1.6));
#9092=CARTESIAN_POINT('Ctrl Pts',(37.5327,138.6038,1.6));
#9093=CARTESIAN_POINT('Ctrl Pts',(36.317674,138.6038,1.6));
#9094=CARTESIAN_POINT('Ctrl Pts',(35.3327,139.588774,1.6));
#9095=CARTESIAN_POINT('Ctrl Pts',(35.3327,140.8038,1.6));
#9096=CARTESIAN_POINT('',(37.5327,138.6038,0.));
#9097=CARTESIAN_POINT('Ctrl Pts',(39.7327,140.8038,0.));
#9098=CARTESIAN_POINT('Ctrl Pts',(39.7327,140.8038,1.6));
#9099=CARTESIAN_POINT('Ctrl Pts',(39.7327,139.588774,0.));
#9100=CARTESIAN_POINT('Ctrl Pts',(39.7327,139.588774,1.6));
#9101=CARTESIAN_POINT('Ctrl Pts',(38.747726,138.6038,0.));
#9102=CARTESIAN_POINT('Ctrl Pts',(38.747726,138.6038,1.6));
#9103=CARTESIAN_POINT('Ctrl Pts',(37.5327,138.6038,0.));
#9104=CARTESIAN_POINT('Ctrl Pts',(37.5327,138.6038,1.6));
#9105=CARTESIAN_POINT('',(39.7327,140.8038,1.6));
#9106=CARTESIAN_POINT('Ctrl Pts',(39.7327,140.8038,1.6));
#9107=CARTESIAN_POINT('Ctrl Pts',(39.7327,139.588774,1.6));
#9108=CARTESIAN_POINT('Ctrl Pts',(38.747726,138.6038,1.6));
#9109=CARTESIAN_POINT('Ctrl Pts',(37.5327,138.6038,1.6));
#9110=CARTESIAN_POINT('',(39.7327,140.8038,0.));
#9111=CARTESIAN_POINT('Ctrl Pts',(39.088335,142.359435,0.));
#9112=CARTESIAN_POINT('Ctrl Pts',(39.088335,142.359435,1.6));
#9113=CARTESIAN_POINT('Ctrl Pts',(39.500915,141.946855,0.));
#9114=CARTESIAN_POINT('Ctrl Pts',(39.500915,141.946855,1.6));
#9115=CARTESIAN_POINT('Ctrl Pts',(39.7327,141.387276,0.));
#9116=CARTESIAN_POINT('Ctrl Pts',(39.7327,141.387276,1.6));
#9117=CARTESIAN_POINT('Ctrl Pts',(39.7327,140.8038,0.));
#9118=CARTESIAN_POINT('Ctrl Pts',(39.7327,140.8038,1.6));
#9119=CARTESIAN_POINT('',(39.088335,142.359435,1.6));
#9120=CARTESIAN_POINT('Ctrl Pts',(39.088335,142.359435,1.6));
#9121=CARTESIAN_POINT('Ctrl Pts',(39.500915,141.946855,1.6));
#9122=CARTESIAN_POINT('Ctrl Pts',(39.7327,141.387276,1.6));
#9123=CARTESIAN_POINT('Ctrl Pts',(39.7327,140.8038,1.6));
#9124=CARTESIAN_POINT('',(39.088335,142.359435,0.));
#9125=CARTESIAN_POINT('Ctrl Pts',(37.5327,143.0038,0.));
#9126=CARTESIAN_POINT('Ctrl Pts',(37.5327,143.0038,1.6));
#9127=CARTESIAN_POINT('Ctrl Pts',(38.116176,143.0038,0.));
#9128=CARTESIAN_POINT('Ctrl Pts',(38.116176,143.0038,1.6));
#9129=CARTESIAN_POINT('Ctrl Pts',(38.675755,142.772015,0.));
#9130=CARTESIAN_POINT('Ctrl Pts',(38.675755,142.772015,1.6));
#9131=CARTESIAN_POINT('Ctrl Pts',(39.088335,142.359435,0.));
#9132=CARTESIAN_POINT('Ctrl Pts',(39.088335,142.359435,1.6));
#9133=CARTESIAN_POINT('Ctrl Pts',(37.5327,143.0038,1.6));
#9134=CARTESIAN_POINT('Ctrl Pts',(38.116176,143.0038,1.6));
#9135=CARTESIAN_POINT('Ctrl Pts',(38.675755,142.772015,1.6));
#9136=CARTESIAN_POINT('Ctrl Pts',(39.088335,142.359435,1.6));
#9137=CARTESIAN_POINT('Ctrl Pts',(111.667465,147.549104,0.));
#9138=CARTESIAN_POINT('Ctrl Pts',(111.667465,147.549104,1.6));
#9139=CARTESIAN_POINT('Ctrl Pts',(112.007983,148.371187,0.));
#9140=CARTESIAN_POINT('Ctrl Pts',(112.007983,148.371187,1.6));
#9141=CARTESIAN_POINT('Ctrl Pts',(112.810183,148.9072,0.));
#9142=CARTESIAN_POINT('Ctrl Pts',(112.810183,148.9072,1.6));
#9143=CARTESIAN_POINT('Ctrl Pts',(113.7,148.9072,0.));
#9144=CARTESIAN_POINT('Ctrl Pts',(113.7,148.9072,1.6));
#9145=CARTESIAN_POINT('',(113.7,148.9072,1.6));
#9146=CARTESIAN_POINT('',(113.7,148.9072,0.));
#9147=CARTESIAN_POINT('',(111.667465,147.549104,1.6));
#9148=CARTESIAN_POINT('Ctrl Pts',(111.667465,147.549104,1.6));
#9149=CARTESIAN_POINT('Ctrl Pts',(112.007983,148.371187,1.6));
#9150=CARTESIAN_POINT('Ctrl Pts',(112.810183,148.9072,1.6));
#9151=CARTESIAN_POINT('Ctrl Pts',(113.7,148.9072,1.6));
#9152=CARTESIAN_POINT('',(111.667465,147.549104,0.));
#9153=CARTESIAN_POINT('Ctrl Pts',(112.144365,145.151565,0.));
#9154=CARTESIAN_POINT('Ctrl Pts',(112.144365,145.151565,1.6));
#9155=CARTESIAN_POINT('Ctrl Pts',(111.515169,145.780761,0.));
#9156=CARTESIAN_POINT('Ctrl Pts',(111.515169,145.780761,1.6));
#9157=CARTESIAN_POINT('Ctrl Pts',(111.326947,146.72702,0.));
#9158=CARTESIAN_POINT('Ctrl Pts',(111.326947,146.72702,1.6));
#9159=CARTESIAN_POINT('Ctrl Pts',(111.667465,147.549104,0.));
#9160=CARTESIAN_POINT('Ctrl Pts',(111.667465,147.549104,1.6));
#9161=CARTESIAN_POINT('',(112.144365,145.151565,1.6));
#9162=CARTESIAN_POINT('Ctrl Pts',(112.144365,145.151565,1.6));
#9163=CARTESIAN_POINT('Ctrl Pts',(111.515169,145.780761,1.6));
#9164=CARTESIAN_POINT('Ctrl Pts',(111.326947,146.72702,1.6));
#9165=CARTESIAN_POINT('Ctrl Pts',(111.667465,147.549104,1.6));
#9166=CARTESIAN_POINT('',(112.144365,145.151565,0.));
#9167=CARTESIAN_POINT('Ctrl Pts',(114.541904,144.674665,0.));
#9168=CARTESIAN_POINT('Ctrl Pts',(114.541904,144.674665,1.6));
#9169=CARTESIAN_POINT('Ctrl Pts',(113.71982,144.334147,0.));
#9170=CARTESIAN_POINT('Ctrl Pts',(113.71982,144.334147,1.6));
#9171=CARTESIAN_POINT('Ctrl Pts',(112.773561,144.522369,0.));
#9172=CARTESIAN_POINT('Ctrl Pts',(112.773561,144.522369,1.6));
#9173=CARTESIAN_POINT('Ctrl Pts',(112.144365,145.151565,0.));
#9174=CARTESIAN_POINT('Ctrl Pts',(112.144365,145.151565,1.6));
#9175=CARTESIAN_POINT('',(114.541904,144.674665,1.6));
#9176=CARTESIAN_POINT('Ctrl Pts',(114.541904,144.674665,1.6));
#9177=CARTESIAN_POINT('Ctrl Pts',(113.71982,144.334147,1.6));
#9178=CARTESIAN_POINT('Ctrl Pts',(112.773561,144.522369,1.6));
#9179=CARTESIAN_POINT('Ctrl Pts',(112.144365,145.151565,1.6));
#9180=CARTESIAN_POINT('',(114.541904,144.674665,0.));
#9181=CARTESIAN_POINT('Ctrl Pts',(115.9,146.7072,0.));
#9182=CARTESIAN_POINT('Ctrl Pts',(115.9,146.7072,1.6));
#9183=CARTESIAN_POINT('Ctrl Pts',(115.9,145.817383,0.));
#9184=CARTESIAN_POINT('Ctrl Pts',(115.9,145.817383,1.6));
#9185=CARTESIAN_POINT('Ctrl Pts',(115.363987,145.015183,0.));
#9186=CARTESIAN_POINT('Ctrl Pts',(115.363987,145.015183,1.6));
#9187=CARTESIAN_POINT('Ctrl Pts',(114.541904,144.674665,0.));
#9188=CARTESIAN_POINT('Ctrl Pts',(114.541904,144.674665,1.6));
#9189=CARTESIAN_POINT('',(115.9,146.7072,1.6));
#9190=CARTESIAN_POINT('Ctrl Pts',(115.9,146.7072,1.6));
#9191=CARTESIAN_POINT('Ctrl Pts',(115.9,145.817383,1.6));
#9192=CARTESIAN_POINT('Ctrl Pts',(115.363987,145.015183,1.6));
#9193=CARTESIAN_POINT('Ctrl Pts',(114.541904,144.674665,1.6));
#9194=CARTESIAN_POINT('',(115.9,146.7072,0.));
#9195=CARTESIAN_POINT('Ctrl Pts',(115.255635,148.262835,0.));
#9196=CARTESIAN_POINT('Ctrl Pts',(115.255635,148.262835,1.6));
#9197=CARTESIAN_POINT('Ctrl Pts',(115.668215,147.850255,0.));
#9198=CARTESIAN_POINT('Ctrl Pts',(115.668215,147.850255,1.6));
#9199=CARTESIAN_POINT('Ctrl Pts',(115.9,147.290676,0.));
#9200=CARTESIAN_POINT('Ctrl Pts',(115.9,147.290676,1.6));
#9201=CARTESIAN_POINT('Ctrl Pts',(115.9,146.7072,0.));
#9202=CARTESIAN_POINT('Ctrl Pts',(115.9,146.7072,1.6));
#9203=CARTESIAN_POINT('',(115.255635,148.262835,1.6));
#9204=CARTESIAN_POINT('Ctrl Pts',(115.255635,148.262835,1.6));
#9205=CARTESIAN_POINT('Ctrl Pts',(115.668215,147.850255,1.6));
#9206=CARTESIAN_POINT('Ctrl Pts',(115.9,147.290676,1.6));
#9207=CARTESIAN_POINT('Ctrl Pts',(115.9,146.7072,1.6));
#9208=CARTESIAN_POINT('',(115.255635,148.262835,0.));
#9209=CARTESIAN_POINT('Ctrl Pts',(113.7,148.9072,0.));
#9210=CARTESIAN_POINT('Ctrl Pts',(113.7,148.9072,1.6));
#9211=CARTESIAN_POINT('Ctrl Pts',(114.283476,148.9072,0.));
#9212=CARTESIAN_POINT('Ctrl Pts',(114.283476,148.9072,1.6));
#9213=CARTESIAN_POINT('Ctrl Pts',(114.843055,148.675415,0.));
#9214=CARTESIAN_POINT('Ctrl Pts',(114.843055,148.675415,1.6));
#9215=CARTESIAN_POINT('Ctrl Pts',(115.255635,148.262835,0.));
#9216=CARTESIAN_POINT('Ctrl Pts',(115.255635,148.262835,1.6));
#9217=CARTESIAN_POINT('Ctrl Pts',(113.7,148.9072,1.6));
#9218=CARTESIAN_POINT('Ctrl Pts',(114.283476,148.9072,1.6));
#9219=CARTESIAN_POINT('Ctrl Pts',(114.843055,148.675415,1.6));
#9220=CARTESIAN_POINT('Ctrl Pts',(115.255635,148.262835,1.6));
#9221=CARTESIAN_POINT('Ctrl Pts',(69.681865,102.739704,0.));
#9222=CARTESIAN_POINT('Ctrl Pts',(69.681865,102.739704,1.6));
#9223=CARTESIAN_POINT('Ctrl Pts',(70.022383,103.561787,0.));
#9224=CARTESIAN_POINT('Ctrl Pts',(70.022383,103.561787,1.6));
#9225=CARTESIAN_POINT('Ctrl Pts',(70.824583,104.0978,0.));
#9226=CARTESIAN_POINT('Ctrl Pts',(70.824583,104.0978,1.6));
#9227=CARTESIAN_POINT('Ctrl Pts',(71.7144,104.0978,0.));
#9228=CARTESIAN_POINT('Ctrl Pts',(71.7144,104.0978,1.6));
#9229=CARTESIAN_POINT('',(71.7144,104.0978,1.6));
#9230=CARTESIAN_POINT('',(71.7144,104.0978,0.));
#9231=CARTESIAN_POINT('',(69.681865,102.739704,1.6));
#9232=CARTESIAN_POINT('Ctrl Pts',(69.681865,102.739704,1.6));
#9233=CARTESIAN_POINT('Ctrl Pts',(70.022383,103.561787,1.6));
#9234=CARTESIAN_POINT('Ctrl Pts',(70.824583,104.0978,1.6));
#9235=CARTESIAN_POINT('Ctrl Pts',(71.7144,104.0978,1.6));
#9236=CARTESIAN_POINT('',(69.681865,102.739704,0.));
#9237=CARTESIAN_POINT('Ctrl Pts',(70.158765,100.342165,0.));
#9238=CARTESIAN_POINT('Ctrl Pts',(70.158765,100.342165,1.6));
#9239=CARTESIAN_POINT('Ctrl Pts',(69.529569,100.971361,0.));
#9240=CARTESIAN_POINT('Ctrl Pts',(69.529569,100.971361,1.6));
#9241=CARTESIAN_POINT('Ctrl Pts',(69.341347,101.91762,0.));
#9242=CARTESIAN_POINT('Ctrl Pts',(69.341347,101.91762,1.6));
#9243=CARTESIAN_POINT('Ctrl Pts',(69.681865,102.739704,0.));
#9244=CARTESIAN_POINT('Ctrl Pts',(69.681865,102.739704,1.6));
#9245=CARTESIAN_POINT('',(70.158765,100.342165,1.6));
#9246=CARTESIAN_POINT('Ctrl Pts',(70.158765,100.342165,1.6));
#9247=CARTESIAN_POINT('Ctrl Pts',(69.529569,100.971361,1.6));
#9248=CARTESIAN_POINT('Ctrl Pts',(69.341347,101.91762,1.6));
#9249=CARTESIAN_POINT('Ctrl Pts',(69.681865,102.739704,1.6));
#9250=CARTESIAN_POINT('',(70.158765,100.342165,0.));
#9251=CARTESIAN_POINT('Ctrl Pts',(72.556304,99.865265,0.));
#9252=CARTESIAN_POINT('Ctrl Pts',(72.556304,99.865265,1.6));
#9253=CARTESIAN_POINT('Ctrl Pts',(71.73422,99.524747,0.));
#9254=CARTESIAN_POINT('Ctrl Pts',(71.73422,99.524747,1.6));
#9255=CARTESIAN_POINT('Ctrl Pts',(70.787961,99.712969,0.));
#9256=CARTESIAN_POINT('Ctrl Pts',(70.787961,99.712969,1.6));
#9257=CARTESIAN_POINT('Ctrl Pts',(70.158765,100.342165,0.));
#9258=CARTESIAN_POINT('Ctrl Pts',(70.158765,100.342165,1.6));
#9259=CARTESIAN_POINT('',(72.556304,99.865265,1.6));
#9260=CARTESIAN_POINT('Ctrl Pts',(72.556304,99.865265,1.6));
#9261=CARTESIAN_POINT('Ctrl Pts',(71.73422,99.524747,1.6));
#9262=CARTESIAN_POINT('Ctrl Pts',(70.787961,99.712969,1.6));
#9263=CARTESIAN_POINT('Ctrl Pts',(70.158765,100.342165,1.6));
#9264=CARTESIAN_POINT('',(72.556304,99.865265,0.));
#9265=CARTESIAN_POINT('Ctrl Pts',(73.9144,101.8978,0.));
#9266=CARTESIAN_POINT('Ctrl Pts',(73.9144,101.8978,1.6));
#9267=CARTESIAN_POINT('Ctrl Pts',(73.9144,101.007983,0.));
#9268=CARTESIAN_POINT('Ctrl Pts',(73.9144,101.007983,1.6));
#9269=CARTESIAN_POINT('Ctrl Pts',(73.378387,100.205783,0.));
#9270=CARTESIAN_POINT('Ctrl Pts',(73.378387,100.205783,1.6));
#9271=CARTESIAN_POINT('Ctrl Pts',(72.556304,99.865265,0.));
#9272=CARTESIAN_POINT('Ctrl Pts',(72.556304,99.865265,1.6));
#9273=CARTESIAN_POINT('',(73.9144,101.8978,1.6));
#9274=CARTESIAN_POINT('Ctrl Pts',(73.9144,101.8978,1.6));
#9275=CARTESIAN_POINT('Ctrl Pts',(73.9144,101.007983,1.6));
#9276=CARTESIAN_POINT('Ctrl Pts',(73.378387,100.205783,1.6));
#9277=CARTESIAN_POINT('Ctrl Pts',(72.556304,99.865265,1.6));
#9278=CARTESIAN_POINT('',(73.9144,101.8978,0.));
#9279=CARTESIAN_POINT('Ctrl Pts',(73.270035,103.453435,0.));
#9280=CARTESIAN_POINT('Ctrl Pts',(73.270035,103.453435,1.6));
#9281=CARTESIAN_POINT('Ctrl Pts',(73.682615,103.040855,0.));
#9282=CARTESIAN_POINT('Ctrl Pts',(73.682615,103.040855,1.6));
#9283=CARTESIAN_POINT('Ctrl Pts',(73.9144,102.481276,0.));
#9284=CARTESIAN_POINT('Ctrl Pts',(73.9144,102.481276,1.6));
#9285=CARTESIAN_POINT('Ctrl Pts',(73.9144,101.8978,0.));
#9286=CARTESIAN_POINT('Ctrl Pts',(73.9144,101.8978,1.6));
#9287=CARTESIAN_POINT('',(73.270035,103.453435,1.6));
#9288=CARTESIAN_POINT('Ctrl Pts',(73.270035,103.453435,1.6));
#9289=CARTESIAN_POINT('Ctrl Pts',(73.682615,103.040855,1.6));
#9290=CARTESIAN_POINT('Ctrl Pts',(73.9144,102.481276,1.6));
#9291=CARTESIAN_POINT('Ctrl Pts',(73.9144,101.8978,1.6));
#9292=CARTESIAN_POINT('',(73.270035,103.453435,0.));
#9293=CARTESIAN_POINT('Ctrl Pts',(71.7144,104.0978,0.));
#9294=CARTESIAN_POINT('Ctrl Pts',(71.7144,104.0978,1.6));
#9295=CARTESIAN_POINT('Ctrl Pts',(72.297876,104.0978,0.));
#9296=CARTESIAN_POINT('Ctrl Pts',(72.297876,104.0978,1.6));
#9297=CARTESIAN_POINT('Ctrl Pts',(72.857455,103.866015,0.));
#9298=CARTESIAN_POINT('Ctrl Pts',(72.857455,103.866015,1.6));
#9299=CARTESIAN_POINT('Ctrl Pts',(73.270035,103.453435,0.));
#9300=CARTESIAN_POINT('Ctrl Pts',(73.270035,103.453435,1.6));
#9301=CARTESIAN_POINT('Ctrl Pts',(71.7144,104.0978,1.6));
#9302=CARTESIAN_POINT('Ctrl Pts',(72.297876,104.0978,1.6));
#9303=CARTESIAN_POINT('Ctrl Pts',(72.857455,103.866015,1.6));
#9304=CARTESIAN_POINT('Ctrl Pts',(73.270035,103.453435,1.6));
#9305=CARTESIAN_POINT('Ctrl Pts',(42.206865,84.714704,0.));
#9306=CARTESIAN_POINT('Ctrl Pts',(42.206865,84.714704,1.6));
#9307=CARTESIAN_POINT('Ctrl Pts',(42.547383,85.536787,0.));
#9308=CARTESIAN_POINT('Ctrl Pts',(42.547383,85.536787,1.6));
#9309=CARTESIAN_POINT('Ctrl Pts',(43.349583,86.0728,0.));
#9310=CARTESIAN_POINT('Ctrl Pts',(43.349583,86.0728,1.6));
#9311=CARTESIAN_POINT('Ctrl Pts',(44.2394,86.0728,0.));
#9312=CARTESIAN_POINT('Ctrl Pts',(44.2394,86.0728,1.6));
#9313=CARTESIAN_POINT('',(44.2394,86.0728,1.6));
#9314=CARTESIAN_POINT('',(44.2394,86.0728,0.));
#9315=CARTESIAN_POINT('',(42.206865,84.714704,1.6));
#9316=CARTESIAN_POINT('Ctrl Pts',(42.206865,84.714704,1.6));
#9317=CARTESIAN_POINT('Ctrl Pts',(42.547383,85.536787,1.6));
#9318=CARTESIAN_POINT('Ctrl Pts',(43.349583,86.0728,1.6));
#9319=CARTESIAN_POINT('Ctrl Pts',(44.2394,86.0728,1.6));
#9320=CARTESIAN_POINT('',(42.206865,84.714704,0.));
#9321=CARTESIAN_POINT('Ctrl Pts',(42.683765,82.317165,0.));
#9322=CARTESIAN_POINT('Ctrl Pts',(42.683765,82.317165,1.6));
#9323=CARTESIAN_POINT('Ctrl Pts',(42.054569,82.946361,0.));
#9324=CARTESIAN_POINT('Ctrl Pts',(42.054569,82.946361,1.6));
#9325=CARTESIAN_POINT('Ctrl Pts',(41.866347,83.89262,0.));
#9326=CARTESIAN_POINT('Ctrl Pts',(41.866347,83.89262,1.6));
#9327=CARTESIAN_POINT('Ctrl Pts',(42.206865,84.714704,0.));
#9328=CARTESIAN_POINT('Ctrl Pts',(42.206865,84.714704,1.6));
#9329=CARTESIAN_POINT('',(42.683765,82.317165,1.6));
#9330=CARTESIAN_POINT('Ctrl Pts',(42.683765,82.317165,1.6));
#9331=CARTESIAN_POINT('Ctrl Pts',(42.054569,82.946361,1.6));
#9332=CARTESIAN_POINT('Ctrl Pts',(41.866347,83.89262,1.6));
#9333=CARTESIAN_POINT('Ctrl Pts',(42.206865,84.714704,1.6));
#9334=CARTESIAN_POINT('',(42.683765,82.317165,0.));
#9335=CARTESIAN_POINT('Ctrl Pts',(45.081304,81.840265,0.));
#9336=CARTESIAN_POINT('Ctrl Pts',(45.081304,81.840265,1.6));
#9337=CARTESIAN_POINT('Ctrl Pts',(44.25922,81.499747,0.));
#9338=CARTESIAN_POINT('Ctrl Pts',(44.25922,81.499747,1.6));
#9339=CARTESIAN_POINT('Ctrl Pts',(43.312961,81.687969,0.));
#9340=CARTESIAN_POINT('Ctrl Pts',(43.312961,81.687969,1.6));
#9341=CARTESIAN_POINT('Ctrl Pts',(42.683765,82.317165,0.));
#9342=CARTESIAN_POINT('Ctrl Pts',(42.683765,82.317165,1.6));
#9343=CARTESIAN_POINT('',(45.081304,81.840265,1.6));
#9344=CARTESIAN_POINT('Ctrl Pts',(45.081304,81.840265,1.6));
#9345=CARTESIAN_POINT('Ctrl Pts',(44.25922,81.499747,1.6));
#9346=CARTESIAN_POINT('Ctrl Pts',(43.312961,81.687969,1.6));
#9347=CARTESIAN_POINT('Ctrl Pts',(42.683765,82.317165,1.6));
#9348=CARTESIAN_POINT('',(45.081304,81.840265,0.));
#9349=CARTESIAN_POINT('Ctrl Pts',(46.4394,83.8728,0.));
#9350=CARTESIAN_POINT('Ctrl Pts',(46.4394,83.8728,1.6));
#9351=CARTESIAN_POINT('Ctrl Pts',(46.4394,82.982983,0.));
#9352=CARTESIAN_POINT('Ctrl Pts',(46.4394,82.982983,1.6));
#9353=CARTESIAN_POINT('Ctrl Pts',(45.903387,82.180783,0.));
#9354=CARTESIAN_POINT('Ctrl Pts',(45.903387,82.180783,1.6));
#9355=CARTESIAN_POINT('Ctrl Pts',(45.081304,81.840265,0.));
#9356=CARTESIAN_POINT('Ctrl Pts',(45.081304,81.840265,1.6));
#9357=CARTESIAN_POINT('',(46.4394,83.8728,1.6));
#9358=CARTESIAN_POINT('Ctrl Pts',(46.4394,83.8728,1.6));
#9359=CARTESIAN_POINT('Ctrl Pts',(46.4394,82.982983,1.6));
#9360=CARTESIAN_POINT('Ctrl Pts',(45.903387,82.180783,1.6));
#9361=CARTESIAN_POINT('Ctrl Pts',(45.081304,81.840265,1.6));
#9362=CARTESIAN_POINT('',(46.4394,83.8728,0.));
#9363=CARTESIAN_POINT('Ctrl Pts',(45.795035,85.428435,0.));
#9364=CARTESIAN_POINT('Ctrl Pts',(45.795035,85.428435,1.6));
#9365=CARTESIAN_POINT('Ctrl Pts',(46.207615,85.015855,0.));
#9366=CARTESIAN_POINT('Ctrl Pts',(46.207615,85.015855,1.6));
#9367=CARTESIAN_POINT('Ctrl Pts',(46.4394,84.456276,0.));
#9368=CARTESIAN_POINT('Ctrl Pts',(46.4394,84.456276,1.6));
#9369=CARTESIAN_POINT('Ctrl Pts',(46.4394,83.8728,0.));
#9370=CARTESIAN_POINT('Ctrl Pts',(46.4394,83.8728,1.6));
#9371=CARTESIAN_POINT('',(45.795035,85.428435,1.6));
#9372=CARTESIAN_POINT('Ctrl Pts',(45.795035,85.428435,1.6));
#9373=CARTESIAN_POINT('Ctrl Pts',(46.207615,85.015855,1.6));
#9374=CARTESIAN_POINT('Ctrl Pts',(46.4394,84.456276,1.6));
#9375=CARTESIAN_POINT('Ctrl Pts',(46.4394,83.8728,1.6));
#9376=CARTESIAN_POINT('',(45.795035,85.428435,0.));
#9377=CARTESIAN_POINT('Ctrl Pts',(44.2394,86.0728,0.));
#9378=CARTESIAN_POINT('Ctrl Pts',(44.2394,86.0728,1.6));
#9379=CARTESIAN_POINT('Ctrl Pts',(44.822876,86.0728,0.));
#9380=CARTESIAN_POINT('Ctrl Pts',(44.822876,86.0728,1.6));
#9381=CARTESIAN_POINT('Ctrl Pts',(45.382455,85.841015,0.));
#9382=CARTESIAN_POINT('Ctrl Pts',(45.382455,85.841015,1.6));
#9383=CARTESIAN_POINT('Ctrl Pts',(45.795035,85.428435,0.));
#9384=CARTESIAN_POINT('Ctrl Pts',(45.795035,85.428435,1.6));
#9385=CARTESIAN_POINT('Ctrl Pts',(44.2394,86.0728,1.6));
#9386=CARTESIAN_POINT('Ctrl Pts',(44.822876,86.0728,1.6));
#9387=CARTESIAN_POINT('Ctrl Pts',(45.382455,85.841015,1.6));
#9388=CARTESIAN_POINT('Ctrl Pts',(45.795035,85.428435,1.6));
#9389=CARTESIAN_POINT('Origin',(77.7917,78.4824,0.));
#9390=CARTESIAN_POINT('',(80.0317,91.1865,1.6));
#9391=CARTESIAN_POINT('',(80.0317,91.1865,0.));
#9392=CARTESIAN_POINT('',(77.7917,78.4824,1.6));
#9393=CARTESIAN_POINT('',(77.7917,78.4824,1.6));
#9394=CARTESIAN_POINT('',(77.7917,78.4824,0.));
#9395=CARTESIAN_POINT('Ctrl Pts',(78.1972,77.9032,0.));
#9396=CARTESIAN_POINT('Ctrl Pts',(78.1972,77.9032,1.6));
#9397=CARTESIAN_POINT('Ctrl Pts',(77.925298,77.95119,0.));
#9398=CARTESIAN_POINT('Ctrl Pts',(77.925298,77.95119,1.6));
#9399=CARTESIAN_POINT('Ctrl Pts',(77.743762,78.210489,0.));
#9400=CARTESIAN_POINT('Ctrl Pts',(77.743762,78.210489,1.6));
#9401=CARTESIAN_POINT('Ctrl Pts',(77.7917,78.4824,0.));
#9402=CARTESIAN_POINT('Ctrl Pts',(77.7917,78.4824,1.6));
#9403=CARTESIAN_POINT('',(78.1972,77.9032,1.6));
#9404=CARTESIAN_POINT('Ctrl Pts',(78.1972,77.9032,1.6));
#9405=CARTESIAN_POINT('Ctrl Pts',(77.925298,77.95119,1.6));
#9406=CARTESIAN_POINT('Ctrl Pts',(77.743762,78.210489,1.6));
#9407=CARTESIAN_POINT('Ctrl Pts',(77.7917,78.4824,1.6));
#9408=CARTESIAN_POINT('',(78.1972,77.9032,0.));
#9409=CARTESIAN_POINT('Origin',(90.9013,75.6632,0.));
#9410=CARTESIAN_POINT('',(90.9013,75.6632,1.6));
#9411=CARTESIAN_POINT('',(90.9013,75.6632,1.6));
#9412=CARTESIAN_POINT('',(90.9013,75.6632,0.));
#9413=CARTESIAN_POINT('Ctrl Pts',(91.4805,76.0687,0.));
#9414=CARTESIAN_POINT('Ctrl Pts',(91.4805,76.0687,1.6));
#9415=CARTESIAN_POINT('Ctrl Pts',(91.43251,75.796798,0.));
#9416=CARTESIAN_POINT('Ctrl Pts',(91.43251,75.796798,1.6));
#9417=CARTESIAN_POINT('Ctrl Pts',(91.173211,75.615262,0.));
#9418=CARTESIAN_POINT('Ctrl Pts',(91.173211,75.615262,1.6));
#9419=CARTESIAN_POINT('Ctrl Pts',(90.9013,75.6632,0.));
#9420=CARTESIAN_POINT('Ctrl Pts',(90.9013,75.6632,1.6));
#9421=CARTESIAN_POINT('',(91.4805,76.0687,1.6));
#9422=CARTESIAN_POINT('Ctrl Pts',(91.4805,76.0687,1.6));
#9423=CARTESIAN_POINT('Ctrl Pts',(91.43251,75.796798,1.6));
#9424=CARTESIAN_POINT('Ctrl Pts',(91.173211,75.615262,1.6));
#9425=CARTESIAN_POINT('Ctrl Pts',(90.9013,75.6632,1.6));
#9426=CARTESIAN_POINT('',(91.4805,76.0687,0.));
#9427=CARTESIAN_POINT('Origin',(93.7205,88.7728,0.));
#9428=CARTESIAN_POINT('',(93.7205,88.7728,1.6));
#9429=CARTESIAN_POINT('',(93.7205,88.7728,1.6));
#9430=CARTESIAN_POINT('',(93.7205,88.7728,0.));
#9431=CARTESIAN_POINT('Ctrl Pts',(93.315,89.352,0.));
#9432=CARTESIAN_POINT('Ctrl Pts',(93.315,89.352,1.6));
#9433=CARTESIAN_POINT('Ctrl Pts',(93.586902,89.30401,0.));
#9434=CARTESIAN_POINT('Ctrl Pts',(93.586902,89.30401,1.6));
#9435=CARTESIAN_POINT('Ctrl Pts',(93.768438,89.044711,0.));
#9436=CARTESIAN_POINT('Ctrl Pts',(93.768438,89.044711,1.6));
#9437=CARTESIAN_POINT('Ctrl Pts',(93.7205,88.7728,0.));
#9438=CARTESIAN_POINT('Ctrl Pts',(93.7205,88.7728,1.6));
#9439=CARTESIAN_POINT('',(93.315,89.352,1.6));
#9440=CARTESIAN_POINT('Ctrl Pts',(93.315,89.352,1.6));
#9441=CARTESIAN_POINT('Ctrl Pts',(93.586902,89.30401,1.6));
#9442=CARTESIAN_POINT('Ctrl Pts',(93.768438,89.044711,1.6));
#9443=CARTESIAN_POINT('Ctrl Pts',(93.7205,88.7728,1.6));
#9444=CARTESIAN_POINT('',(93.315,89.352,0.));
#9445=CARTESIAN_POINT('Origin',(80.6109,91.592,0.));
#9446=CARTESIAN_POINT('',(80.6109,91.592,1.6));
#9447=CARTESIAN_POINT('',(80.6109,91.592,1.6));
#9448=CARTESIAN_POINT('',(80.6109,91.592,0.));
#9449=CARTESIAN_POINT('Ctrl Pts',(80.0317,91.1865,0.));
#9450=CARTESIAN_POINT('Ctrl Pts',(80.0317,91.1865,1.6));
#9451=CARTESIAN_POINT('Ctrl Pts',(80.07969,91.458402,0.));
#9452=CARTESIAN_POINT('Ctrl Pts',(80.07969,91.458402,1.6));
#9453=CARTESIAN_POINT('Ctrl Pts',(80.338989,91.639938,0.));
#9454=CARTESIAN_POINT('Ctrl Pts',(80.338989,91.639938,1.6));
#9455=CARTESIAN_POINT('Ctrl Pts',(80.6109,91.592,0.));
#9456=CARTESIAN_POINT('Ctrl Pts',(80.6109,91.592,1.6));
#9457=CARTESIAN_POINT('Ctrl Pts',(80.0317,91.1865,1.6));
#9458=CARTESIAN_POINT('Ctrl Pts',(80.07969,91.458402,1.6));
#9459=CARTESIAN_POINT('Ctrl Pts',(80.338989,91.639938,1.6));
#9460=CARTESIAN_POINT('Ctrl Pts',(80.6109,91.592,1.6));
#9461=CARTESIAN_POINT('Origin',(75.3868447423186,98.2834683814118,0.));
#9462=CARTESIAN_POINT('',(75.3868447423186,75.6048748695136,1.6));
#9463=CARTESIAN_POINT('',(75.3868447423186,75.6048748695136,0.));
#9464=CARTESIAN_POINT('',(75.3868447423186,98.2834683814118,1.6));
#9465=CARTESIAN_POINT('',(75.3868447423186,98.2834683814118,1.6));
#9466=CARTESIAN_POINT('',(75.3868447423186,98.2834683814118,0.));
#9467=CARTESIAN_POINT('Origin',(48.020829924441,98.2834683814118,0.));
#9468=CARTESIAN_POINT('',(48.020829924441,98.2834683814118,1.6));
#9469=CARTESIAN_POINT('',(48.020829924441,98.2834683814118,1.6));
#9470=CARTESIAN_POINT('',(48.020829924441,98.2834683814118,0.));
#9471=CARTESIAN_POINT('Origin',(48.020829924441,80.8914773680962,0.));
#9472=CARTESIAN_POINT('',(48.020829924441,80.8914773680962,1.6));
#9473=CARTESIAN_POINT('',(48.020829924441,80.8914773680962,1.6));
#9474=CARTESIAN_POINT('',(48.020829924441,80.8914773680962,0.));
#9475=CARTESIAN_POINT('Origin',(75.3868447423186,75.6048748695136,0.));
#9476=CARTESIAN_POINT('',(48.020829924441,80.8914773680962,1.6));
#9477=CARTESIAN_POINT('Ctrl Pts',(117.171965,78.805004,0.));
#9478=CARTESIAN_POINT('Ctrl Pts',(117.171965,78.805004,1.6));
#9479=CARTESIAN_POINT('Ctrl Pts',(117.512483,79.627087,0.));
#9480=CARTESIAN_POINT('Ctrl Pts',(117.512483,79.627087,1.6));
#9481=CARTESIAN_POINT('Ctrl Pts',(118.314683,80.1631,0.));
#9482=CARTESIAN_POINT('Ctrl Pts',(118.314683,80.1631,1.6));
#9483=CARTESIAN_POINT('Ctrl Pts',(119.2045,80.1631,0.));
#9484=CARTESIAN_POINT('Ctrl Pts',(119.2045,80.1631,1.6));
#9485=CARTESIAN_POINT('',(119.2045,80.1631,1.6));
#9486=CARTESIAN_POINT('',(119.2045,80.1631,0.));
#9487=CARTESIAN_POINT('',(117.171965,78.805004,1.6));
#9488=CARTESIAN_POINT('Ctrl Pts',(117.171965,78.805004,1.6));
#9489=CARTESIAN_POINT('Ctrl Pts',(117.512483,79.627087,1.6));
#9490=CARTESIAN_POINT('Ctrl Pts',(118.314683,80.1631,1.6));
#9491=CARTESIAN_POINT('Ctrl Pts',(119.2045,80.1631,1.6));
#9492=CARTESIAN_POINT('',(117.171965,78.805004,0.));
#9493=CARTESIAN_POINT('Ctrl Pts',(117.648865,76.407465,0.));
#9494=CARTESIAN_POINT('Ctrl Pts',(117.648865,76.407465,1.6));
#9495=CARTESIAN_POINT('Ctrl Pts',(117.019669,77.036661,0.));
#9496=CARTESIAN_POINT('Ctrl Pts',(117.019669,77.036661,1.6));
#9497=CARTESIAN_POINT('Ctrl Pts',(116.831447,77.98292,0.));
#9498=CARTESIAN_POINT('Ctrl Pts',(116.831447,77.98292,1.6));
#9499=CARTESIAN_POINT('Ctrl Pts',(117.171965,78.805004,0.));
#9500=CARTESIAN_POINT('Ctrl Pts',(117.171965,78.805004,1.6));
#9501=CARTESIAN_POINT('',(117.648865,76.407465,1.6));
#9502=CARTESIAN_POINT('Ctrl Pts',(117.648865,76.407465,1.6));
#9503=CARTESIAN_POINT('Ctrl Pts',(117.019669,77.036661,1.6));
#9504=CARTESIAN_POINT('Ctrl Pts',(116.831447,77.98292,1.6));
#9505=CARTESIAN_POINT('Ctrl Pts',(117.171965,78.805004,1.6));
#9506=CARTESIAN_POINT('',(117.648865,76.407465,0.));
#9507=CARTESIAN_POINT('Ctrl Pts',(120.046404,75.930565,0.));
#9508=CARTESIAN_POINT('Ctrl Pts',(120.046404,75.930565,1.6));
#9509=CARTESIAN_POINT('Ctrl Pts',(119.22432,75.590047,0.));
#9510=CARTESIAN_POINT('Ctrl Pts',(119.22432,75.590047,1.6));
#9511=CARTESIAN_POINT('Ctrl Pts',(118.278061,75.778269,0.));
#9512=CARTESIAN_POINT('Ctrl Pts',(118.278061,75.778269,1.6));
#9513=CARTESIAN_POINT('Ctrl Pts',(117.648865,76.407465,0.));
#9514=CARTESIAN_POINT('Ctrl Pts',(117.648865,76.407465,1.6));
#9515=CARTESIAN_POINT('',(120.046404,75.930565,1.6));
#9516=CARTESIAN_POINT('Ctrl Pts',(120.046404,75.930565,1.6));
#9517=CARTESIAN_POINT('Ctrl Pts',(119.22432,75.590047,1.6));
#9518=CARTESIAN_POINT('Ctrl Pts',(118.278061,75.778269,1.6));
#9519=CARTESIAN_POINT('Ctrl Pts',(117.648865,76.407465,1.6));
#9520=CARTESIAN_POINT('',(120.046404,75.930565,0.));
#9521=CARTESIAN_POINT('Ctrl Pts',(121.4045,77.9631,0.));
#9522=CARTESIAN_POINT('Ctrl Pts',(121.4045,77.9631,1.6));
#9523=CARTESIAN_POINT('Ctrl Pts',(121.4045,77.073283,0.));
#9524=CARTESIAN_POINT('Ctrl Pts',(121.4045,77.073283,1.6));
#9525=CARTESIAN_POINT('Ctrl Pts',(120.868487,76.271083,0.));
#9526=CARTESIAN_POINT('Ctrl Pts',(120.868487,76.271083,1.6));
#9527=CARTESIAN_POINT('Ctrl Pts',(120.046404,75.930565,0.));
#9528=CARTESIAN_POINT('Ctrl Pts',(120.046404,75.930565,1.6));
#9529=CARTESIAN_POINT('',(121.4045,77.9631,1.6));
#9530=CARTESIAN_POINT('Ctrl Pts',(121.4045,77.9631,1.6));
#9531=CARTESIAN_POINT('Ctrl Pts',(121.4045,77.073283,1.6));
#9532=CARTESIAN_POINT('Ctrl Pts',(120.868487,76.271083,1.6));
#9533=CARTESIAN_POINT('Ctrl Pts',(120.046404,75.930565,1.6));
#9534=CARTESIAN_POINT('',(121.4045,77.9631,0.));
#9535=CARTESIAN_POINT('Ctrl Pts',(120.760135,79.518735,0.));
#9536=CARTESIAN_POINT('Ctrl Pts',(120.760135,79.518735,1.6));
#9537=CARTESIAN_POINT('Ctrl Pts',(121.172715,79.106155,0.));
#9538=CARTESIAN_POINT('Ctrl Pts',(121.172715,79.106155,1.6));
#9539=CARTESIAN_POINT('Ctrl Pts',(121.4045,78.546576,0.));
#9540=CARTESIAN_POINT('Ctrl Pts',(121.4045,78.546576,1.6));
#9541=CARTESIAN_POINT('Ctrl Pts',(121.4045,77.9631,0.));
#9542=CARTESIAN_POINT('Ctrl Pts',(121.4045,77.9631,1.6));
#9543=CARTESIAN_POINT('',(120.760135,79.518735,1.6));
#9544=CARTESIAN_POINT('Ctrl Pts',(120.760135,79.518735,1.6));
#9545=CARTESIAN_POINT('Ctrl Pts',(121.172715,79.106155,1.6));
#9546=CARTESIAN_POINT('Ctrl Pts',(121.4045,78.546576,1.6));
#9547=CARTESIAN_POINT('Ctrl Pts',(121.4045,77.9631,1.6));
#9548=CARTESIAN_POINT('',(120.760135,79.518735,0.));
#9549=CARTESIAN_POINT('Ctrl Pts',(119.2045,80.1631,0.));
#9550=CARTESIAN_POINT('Ctrl Pts',(119.2045,80.1631,1.6));
#9551=CARTESIAN_POINT('Ctrl Pts',(119.787976,80.1631,0.));
#9552=CARTESIAN_POINT('Ctrl Pts',(119.787976,80.1631,1.6));
#9553=CARTESIAN_POINT('Ctrl Pts',(120.347555,79.931315,0.));
#9554=CARTESIAN_POINT('Ctrl Pts',(120.347555,79.931315,1.6));
#9555=CARTESIAN_POINT('Ctrl Pts',(120.760135,79.518735,0.));
#9556=CARTESIAN_POINT('Ctrl Pts',(120.760135,79.518735,1.6));
#9557=CARTESIAN_POINT('Ctrl Pts',(119.2045,80.1631,1.6));
#9558=CARTESIAN_POINT('Ctrl Pts',(119.787976,80.1631,1.6));
#9559=CARTESIAN_POINT('Ctrl Pts',(120.347555,79.931315,1.6));
#9560=CARTESIAN_POINT('Ctrl Pts',(120.760135,79.518735,1.6));
#9561=CARTESIAN_POINT('Ctrl Pts',(127.467465,104.949104,0.));
#9562=CARTESIAN_POINT('Ctrl Pts',(127.467465,104.949104,1.6));
#9563=CARTESIAN_POINT('Ctrl Pts',(127.807983,105.771187,0.));
#9564=CARTESIAN_POINT('Ctrl Pts',(127.807983,105.771187,1.6));
#9565=CARTESIAN_POINT('Ctrl Pts',(128.610183,106.3072,0.));
#9566=CARTESIAN_POINT('Ctrl Pts',(128.610183,106.3072,1.6));
#9567=CARTESIAN_POINT('Ctrl Pts',(129.5,106.3072,0.));
#9568=CARTESIAN_POINT('Ctrl Pts',(129.5,106.3072,1.6));
#9569=CARTESIAN_POINT('',(129.5,106.3072,1.6));
#9570=CARTESIAN_POINT('',(129.5,106.3072,0.));
#9571=CARTESIAN_POINT('',(127.467465,104.949104,1.6));
#9572=CARTESIAN_POINT('Ctrl Pts',(127.467465,104.949104,1.6));
#9573=CARTESIAN_POINT('Ctrl Pts',(127.807983,105.771187,1.6));
#9574=CARTESIAN_POINT('Ctrl Pts',(128.610183,106.3072,1.6));
#9575=CARTESIAN_POINT('Ctrl Pts',(129.5,106.3072,1.6));
#9576=CARTESIAN_POINT('',(127.467465,104.949104,0.));
#9577=CARTESIAN_POINT('Ctrl Pts',(127.944365,102.551565,0.));
#9578=CARTESIAN_POINT('Ctrl Pts',(127.944365,102.551565,1.6));
#9579=CARTESIAN_POINT('Ctrl Pts',(127.315169,103.180761,0.));
#9580=CARTESIAN_POINT('Ctrl Pts',(127.315169,103.180761,1.6));
#9581=CARTESIAN_POINT('Ctrl Pts',(127.126947,104.12702,0.));
#9582=CARTESIAN_POINT('Ctrl Pts',(127.126947,104.12702,1.6));
#9583=CARTESIAN_POINT('Ctrl Pts',(127.467465,104.949104,0.));
#9584=CARTESIAN_POINT('Ctrl Pts',(127.467465,104.949104,1.6));
#9585=CARTESIAN_POINT('',(127.944365,102.551565,1.6));
#9586=CARTESIAN_POINT('Ctrl Pts',(127.944365,102.551565,1.6));
#9587=CARTESIAN_POINT('Ctrl Pts',(127.315169,103.180761,1.6));
#9588=CARTESIAN_POINT('Ctrl Pts',(127.126947,104.12702,1.6));
#9589=CARTESIAN_POINT('Ctrl Pts',(127.467465,104.949104,1.6));
#9590=CARTESIAN_POINT('',(127.944365,102.551565,0.));
#9591=CARTESIAN_POINT('Ctrl Pts',(130.341904,102.074665,0.));
#9592=CARTESIAN_POINT('Ctrl Pts',(130.341904,102.074665,1.6));
#9593=CARTESIAN_POINT('Ctrl Pts',(129.51982,101.734147,0.));
#9594=CARTESIAN_POINT('Ctrl Pts',(129.51982,101.734147,1.6));
#9595=CARTESIAN_POINT('Ctrl Pts',(128.573561,101.922369,0.));
#9596=CARTESIAN_POINT('Ctrl Pts',(128.573561,101.922369,1.6));
#9597=CARTESIAN_POINT('Ctrl Pts',(127.944365,102.551565,0.));
#9598=CARTESIAN_POINT('Ctrl Pts',(127.944365,102.551565,1.6));
#9599=CARTESIAN_POINT('',(130.341904,102.074665,1.6));
#9600=CARTESIAN_POINT('Ctrl Pts',(130.341904,102.074665,1.6));
#9601=CARTESIAN_POINT('Ctrl Pts',(129.51982,101.734147,1.6));
#9602=CARTESIAN_POINT('Ctrl Pts',(128.573561,101.922369,1.6));
#9603=CARTESIAN_POINT('Ctrl Pts',(127.944365,102.551565,1.6));
#9604=CARTESIAN_POINT('',(130.341904,102.074665,0.));
#9605=CARTESIAN_POINT('Ctrl Pts',(131.7,104.1072,0.));
#9606=CARTESIAN_POINT('Ctrl Pts',(131.7,104.1072,1.6));
#9607=CARTESIAN_POINT('Ctrl Pts',(131.7,103.217383,0.));
#9608=CARTESIAN_POINT('Ctrl Pts',(131.7,103.217383,1.6));
#9609=CARTESIAN_POINT('Ctrl Pts',(131.163987,102.415183,0.));
#9610=CARTESIAN_POINT('Ctrl Pts',(131.163987,102.415183,1.6));
#9611=CARTESIAN_POINT('Ctrl Pts',(130.341904,102.074665,0.));
#9612=CARTESIAN_POINT('Ctrl Pts',(130.341904,102.074665,1.6));
#9613=CARTESIAN_POINT('',(131.7,104.1072,1.6));
#9614=CARTESIAN_POINT('Ctrl Pts',(131.7,104.1072,1.6));
#9615=CARTESIAN_POINT('Ctrl Pts',(131.7,103.217383,1.6));
#9616=CARTESIAN_POINT('Ctrl Pts',(131.163987,102.415183,1.6));
#9617=CARTESIAN_POINT('Ctrl Pts',(130.341904,102.074665,1.6));
#9618=CARTESIAN_POINT('',(131.7,104.1072,0.));
#9619=CARTESIAN_POINT('Ctrl Pts',(131.055635,105.662835,0.));
#9620=CARTESIAN_POINT('Ctrl Pts',(131.055635,105.662835,1.6));
#9621=CARTESIAN_POINT('Ctrl Pts',(131.468215,105.250255,0.));
#9622=CARTESIAN_POINT('Ctrl Pts',(131.468215,105.250255,1.6));
#9623=CARTESIAN_POINT('Ctrl Pts',(131.7,104.690676,0.));
#9624=CARTESIAN_POINT('Ctrl Pts',(131.7,104.690676,1.6));
#9625=CARTESIAN_POINT('Ctrl Pts',(131.7,104.1072,0.));
#9626=CARTESIAN_POINT('Ctrl Pts',(131.7,104.1072,1.6));
#9627=CARTESIAN_POINT('',(131.055635,105.662835,1.6));
#9628=CARTESIAN_POINT('Ctrl Pts',(131.055635,105.662835,1.6));
#9629=CARTESIAN_POINT('Ctrl Pts',(131.468215,105.250255,1.6));
#9630=CARTESIAN_POINT('Ctrl Pts',(131.7,104.690676,1.6));
#9631=CARTESIAN_POINT('Ctrl Pts',(131.7,104.1072,1.6));
#9632=CARTESIAN_POINT('',(131.055635,105.662835,0.));
#9633=CARTESIAN_POINT('Ctrl Pts',(129.5,106.3072,0.));
#9634=CARTESIAN_POINT('Ctrl Pts',(129.5,106.3072,1.6));
#9635=CARTESIAN_POINT('Ctrl Pts',(130.083476,106.3072,0.));
#9636=CARTESIAN_POINT('Ctrl Pts',(130.083476,106.3072,1.6));
#9637=CARTESIAN_POINT('Ctrl Pts',(130.643055,106.075415,0.));
#9638=CARTESIAN_POINT('Ctrl Pts',(130.643055,106.075415,1.6));
#9639=CARTESIAN_POINT('Ctrl Pts',(131.055635,105.662835,0.));
#9640=CARTESIAN_POINT('Ctrl Pts',(131.055635,105.662835,1.6));
#9641=CARTESIAN_POINT('Ctrl Pts',(129.5,106.3072,1.6));
#9642=CARTESIAN_POINT('Ctrl Pts',(130.083476,106.3072,1.6));
#9643=CARTESIAN_POINT('Ctrl Pts',(130.643055,106.075415,1.6));
#9644=CARTESIAN_POINT('Ctrl Pts',(131.055635,105.662835,1.6));
#9645=CARTESIAN_POINT('Origin',(44.2644,147.8478,0.));
#9646=CARTESIAN_POINT('',(57.1644,147.8478,1.6));
#9647=CARTESIAN_POINT('',(57.1644,147.8478,0.));
#9648=CARTESIAN_POINT('',(44.2644,147.8478,1.6));
#9649=CARTESIAN_POINT('',(44.2644,147.8478,1.6));
#9650=CARTESIAN_POINT('',(44.2644,147.8478,0.));
#9651=CARTESIAN_POINT('Ctrl Pts',(43.910847,147.701353,0.));
#9652=CARTESIAN_POINT('Ctrl Pts',(43.910847,147.701353,1.6));
#9653=CARTESIAN_POINT('Ctrl Pts',(44.004615,147.795122,0.));
#9654=CARTESIAN_POINT('Ctrl Pts',(44.004615,147.795122,1.6));
#9655=CARTESIAN_POINT('Ctrl Pts',(44.131792,147.8478,0.));
#9656=CARTESIAN_POINT('Ctrl Pts',(44.131792,147.8478,1.6));
#9657=CARTESIAN_POINT('Ctrl Pts',(44.2644,147.8478,0.));
#9658=CARTESIAN_POINT('Ctrl Pts',(44.2644,147.8478,1.6));
#9659=CARTESIAN_POINT('',(43.910847,147.701353,1.6));
#9660=CARTESIAN_POINT('Ctrl Pts',(43.910847,147.701353,1.6));
#9661=CARTESIAN_POINT('Ctrl Pts',(44.004615,147.795122,1.6));
#9662=CARTESIAN_POINT('Ctrl Pts',(44.131792,147.8478,1.6));
#9663=CARTESIAN_POINT('Ctrl Pts',(44.2644,147.8478,1.6));
#9664=CARTESIAN_POINT('',(43.910847,147.701353,0.));
#9665=CARTESIAN_POINT('Ctrl Pts',(43.7644,147.3478,0.));
#9666=CARTESIAN_POINT('Ctrl Pts',(43.7644,147.3478,1.6));
#9667=CARTESIAN_POINT('Ctrl Pts',(43.7644,147.480408,0.));
#9668=CARTESIAN_POINT('Ctrl Pts',(43.7644,147.480408,1.6));
#9669=CARTESIAN_POINT('Ctrl Pts',(43.817078,147.607585,0.));
#9670=CARTESIAN_POINT('Ctrl Pts',(43.817078,147.607585,1.6));
#9671=CARTESIAN_POINT('Ctrl Pts',(43.910847,147.701353,0.));
#9672=CARTESIAN_POINT('Ctrl Pts',(43.910847,147.701353,1.6));
#9673=CARTESIAN_POINT('',(43.7644,147.3478,1.6));
#9674=CARTESIAN_POINT('Ctrl Pts',(43.7644,147.3478,1.6));
#9675=CARTESIAN_POINT('Ctrl Pts',(43.7644,147.480408,1.6));
#9676=CARTESIAN_POINT('Ctrl Pts',(43.817078,147.607585,1.6));
#9677=CARTESIAN_POINT('Ctrl Pts',(43.910847,147.701353,1.6));
#9678=CARTESIAN_POINT('',(43.7644,147.3478,0.));
#9679=CARTESIAN_POINT('Origin',(43.7644,134.4478,0.));
#9680=CARTESIAN_POINT('',(43.7644,134.4478,1.6));
#9681=CARTESIAN_POINT('',(43.7644,134.4478,1.6));
#9682=CARTESIAN_POINT('',(43.7644,134.4478,0.));
#9683=CARTESIAN_POINT('Ctrl Pts',(43.910847,134.094247,0.));
#9684=CARTESIAN_POINT('Ctrl Pts',(43.910847,134.094247,1.6));
#9685=CARTESIAN_POINT('Ctrl Pts',(43.817078,134.188015,0.));
#9686=CARTESIAN_POINT('Ctrl Pts',(43.817078,134.188015,1.6));
#9687=CARTESIAN_POINT('Ctrl Pts',(43.7644,134.315192,0.));
#9688=CARTESIAN_POINT('Ctrl Pts',(43.7644,134.315192,1.6));
#9689=CARTESIAN_POINT('Ctrl Pts',(43.7644,134.4478,0.));
#9690=CARTESIAN_POINT('Ctrl Pts',(43.7644,134.4478,1.6));
#9691=CARTESIAN_POINT('',(43.910847,134.094247,1.6));
#9692=CARTESIAN_POINT('Ctrl Pts',(43.910847,134.094247,1.6));
#9693=CARTESIAN_POINT('Ctrl Pts',(43.817078,134.188015,1.6));
#9694=CARTESIAN_POINT('Ctrl Pts',(43.7644,134.315192,1.6));
#9695=CARTESIAN_POINT('Ctrl Pts',(43.7644,134.4478,1.6));
#9696=CARTESIAN_POINT('',(43.910847,134.094247,0.));
#9697=CARTESIAN_POINT('Ctrl Pts',(44.2644,133.9478,0.));
#9698=CARTESIAN_POINT('Ctrl Pts',(44.2644,133.9478,1.6));
#9699=CARTESIAN_POINT('Ctrl Pts',(44.131792,133.9478,0.));
#9700=CARTESIAN_POINT('Ctrl Pts',(44.131792,133.9478,1.6));
#9701=CARTESIAN_POINT('Ctrl Pts',(44.004615,134.000478,0.));
#9702=CARTESIAN_POINT('Ctrl Pts',(44.004615,134.000478,1.6));
#9703=CARTESIAN_POINT('Ctrl Pts',(43.910847,134.094247,0.));
#9704=CARTESIAN_POINT('Ctrl Pts',(43.910847,134.094247,1.6));
#9705=CARTESIAN_POINT('',(44.2644,133.9478,1.6));
#9706=CARTESIAN_POINT('Ctrl Pts',(44.2644,133.9478,1.6));
#9707=CARTESIAN_POINT('Ctrl Pts',(44.131792,133.9478,1.6));
#9708=CARTESIAN_POINT('Ctrl Pts',(44.004615,134.000478,1.6));
#9709=CARTESIAN_POINT('Ctrl Pts',(43.910847,134.094247,1.6));
#9710=CARTESIAN_POINT('',(44.2644,133.9478,0.));
#9711=CARTESIAN_POINT('Origin',(57.1644,133.9478,0.));
#9712=CARTESIAN_POINT('',(57.1644,133.9478,1.6));
#9713=CARTESIAN_POINT('',(57.1644,133.9478,1.6));
#9714=CARTESIAN_POINT('',(57.1644,133.9478,0.));
#9715=CARTESIAN_POINT('Ctrl Pts',(57.517953,134.094247,0.));
#9716=CARTESIAN_POINT('Ctrl Pts',(57.517953,134.094247,1.6));
#9717=CARTESIAN_POINT('Ctrl Pts',(57.424185,134.000478,0.));
#9718=CARTESIAN_POINT('Ctrl Pts',(57.424185,134.000478,1.6));
#9719=CARTESIAN_POINT('Ctrl Pts',(57.297008,133.9478,0.));
#9720=CARTESIAN_POINT('Ctrl Pts',(57.297008,133.9478,1.6));
#9721=CARTESIAN_POINT('Ctrl Pts',(57.1644,133.9478,0.));
#9722=CARTESIAN_POINT('Ctrl Pts',(57.1644,133.9478,1.6));
#9723=CARTESIAN_POINT('',(57.517953,134.094247,1.6));
#9724=CARTESIAN_POINT('Ctrl Pts',(57.517953,134.094247,1.6));
#9725=CARTESIAN_POINT('Ctrl Pts',(57.424185,134.000478,1.6));
#9726=CARTESIAN_POINT('Ctrl Pts',(57.297008,133.9478,1.6));
#9727=CARTESIAN_POINT('Ctrl Pts',(57.1644,133.9478,1.6));
#9728=CARTESIAN_POINT('',(57.517953,134.094247,0.));
#9729=CARTESIAN_POINT('Ctrl Pts',(57.6644,134.4478,0.));
#9730=CARTESIAN_POINT('Ctrl Pts',(57.6644,134.4478,1.6));
#9731=CARTESIAN_POINT('Ctrl Pts',(57.6644,134.315192,0.));
#9732=CARTESIAN_POINT('Ctrl Pts',(57.6644,134.315192,1.6));
#9733=CARTESIAN_POINT('Ctrl Pts',(57.611722,134.188015,0.));
#9734=CARTESIAN_POINT('Ctrl Pts',(57.611722,134.188015,1.6));
#9735=CARTESIAN_POINT('Ctrl Pts',(57.517953,134.094247,0.));
#9736=CARTESIAN_POINT('Ctrl Pts',(57.517953,134.094247,1.6));
#9737=CARTESIAN_POINT('',(57.6644,134.4478,1.6));
#9738=CARTESIAN_POINT('Ctrl Pts',(57.6644,134.4478,1.6));
#9739=CARTESIAN_POINT('Ctrl Pts',(57.6644,134.315192,1.6));
#9740=CARTESIAN_POINT('Ctrl Pts',(57.611722,134.188015,1.6));
#9741=CARTESIAN_POINT('Ctrl Pts',(57.517953,134.094247,1.6));
#9742=CARTESIAN_POINT('',(57.6644,134.4478,0.));
#9743=CARTESIAN_POINT('Origin',(57.6644,147.3478,0.));
#9744=CARTESIAN_POINT('',(57.6644,147.3478,1.6));
#9745=CARTESIAN_POINT('',(57.6644,147.3478,1.6));
#9746=CARTESIAN_POINT('',(57.6644,147.3478,0.));
#9747=CARTESIAN_POINT('Ctrl Pts',(57.517953,147.701353,0.));
#9748=CARTESIAN_POINT('Ctrl Pts',(57.517953,147.701353,1.6));
#9749=CARTESIAN_POINT('Ctrl Pts',(57.611722,147.607585,0.));
#9750=CARTESIAN_POINT('Ctrl Pts',(57.611722,147.607585,1.6));
#9751=CARTESIAN_POINT('Ctrl Pts',(57.6644,147.480408,0.));
#9752=CARTESIAN_POINT('Ctrl Pts',(57.6644,147.480408,1.6));
#9753=CARTESIAN_POINT('Ctrl Pts',(57.6644,147.3478,0.));
#9754=CARTESIAN_POINT('Ctrl Pts',(57.6644,147.3478,1.6));
#9755=CARTESIAN_POINT('',(57.517953,147.701353,1.6));
#9756=CARTESIAN_POINT('Ctrl Pts',(57.517953,147.701353,1.6));
#9757=CARTESIAN_POINT('Ctrl Pts',(57.611722,147.607585,1.6));
#9758=CARTESIAN_POINT('Ctrl Pts',(57.6644,147.480408,1.6));
#9759=CARTESIAN_POINT('Ctrl Pts',(57.6644,147.3478,1.6));
#9760=CARTESIAN_POINT('',(57.517953,147.701353,0.));
#9761=CARTESIAN_POINT('Ctrl Pts',(57.1644,147.8478,0.));
#9762=CARTESIAN_POINT('Ctrl Pts',(57.1644,147.8478,1.6));
#9763=CARTESIAN_POINT('Ctrl Pts',(57.297008,147.8478,0.));
#9764=CARTESIAN_POINT('Ctrl Pts',(57.297008,147.8478,1.6));
#9765=CARTESIAN_POINT('Ctrl Pts',(57.424185,147.795122,0.));
#9766=CARTESIAN_POINT('Ctrl Pts',(57.424185,147.795122,1.6));
#9767=CARTESIAN_POINT('Ctrl Pts',(57.517953,147.701353,0.));
#9768=CARTESIAN_POINT('Ctrl Pts',(57.517953,147.701353,1.6));
#9769=CARTESIAN_POINT('Ctrl Pts',(57.1644,147.8478,1.6));
#9770=CARTESIAN_POINT('Ctrl Pts',(57.297008,147.8478,1.6));
#9771=CARTESIAN_POINT('Ctrl Pts',(57.424185,147.795122,1.6));
#9772=CARTESIAN_POINT('Ctrl Pts',(57.517953,147.701353,1.6));
#9773=CARTESIAN_POINT('Origin',(44.2644,113.8478,0.));
#9774=CARTESIAN_POINT('',(57.1644,113.8478,1.6));
#9775=CARTESIAN_POINT('',(57.1644,113.8478,0.));
#9776=CARTESIAN_POINT('',(44.2644,113.8478,1.6));
#9777=CARTESIAN_POINT('',(44.2644,113.8478,1.6));
#9778=CARTESIAN_POINT('',(44.2644,113.8478,0.));
#9779=CARTESIAN_POINT('Ctrl Pts',(43.910847,113.701353,0.));
#9780=CARTESIAN_POINT('Ctrl Pts',(43.910847,113.701353,1.6));
#9781=CARTESIAN_POINT('Ctrl Pts',(44.004615,113.795122,0.));
#9782=CARTESIAN_POINT('Ctrl Pts',(44.004615,113.795122,1.6));
#9783=CARTESIAN_POINT('Ctrl Pts',(44.131792,113.8478,0.));
#9784=CARTESIAN_POINT('Ctrl Pts',(44.131792,113.8478,1.6));
#9785=CARTESIAN_POINT('Ctrl Pts',(44.2644,113.8478,0.));
#9786=CARTESIAN_POINT('Ctrl Pts',(44.2644,113.8478,1.6));
#9787=CARTESIAN_POINT('',(43.910847,113.701353,1.6));
#9788=CARTESIAN_POINT('Ctrl Pts',(43.910847,113.701353,1.6));
#9789=CARTESIAN_POINT('Ctrl Pts',(44.004615,113.795122,1.6));
#9790=CARTESIAN_POINT('Ctrl Pts',(44.131792,113.8478,1.6));
#9791=CARTESIAN_POINT('Ctrl Pts',(44.2644,113.8478,1.6));
#9792=CARTESIAN_POINT('',(43.910847,113.701353,0.));
#9793=CARTESIAN_POINT('Ctrl Pts',(43.7644,113.3478,0.));
#9794=CARTESIAN_POINT('Ctrl Pts',(43.7644,113.3478,1.6));
#9795=CARTESIAN_POINT('Ctrl Pts',(43.7644,113.480408,0.));
#9796=CARTESIAN_POINT('Ctrl Pts',(43.7644,113.480408,1.6));
#9797=CARTESIAN_POINT('Ctrl Pts',(43.817078,113.607585,0.));
#9798=CARTESIAN_POINT('Ctrl Pts',(43.817078,113.607585,1.6));
#9799=CARTESIAN_POINT('Ctrl Pts',(43.910847,113.701353,0.));
#9800=CARTESIAN_POINT('Ctrl Pts',(43.910847,113.701353,1.6));
#9801=CARTESIAN_POINT('',(43.7644,113.3478,1.6));
#9802=CARTESIAN_POINT('Ctrl Pts',(43.7644,113.3478,1.6));
#9803=CARTESIAN_POINT('Ctrl Pts',(43.7644,113.480408,1.6));
#9804=CARTESIAN_POINT('Ctrl Pts',(43.817078,113.607585,1.6));
#9805=CARTESIAN_POINT('Ctrl Pts',(43.910847,113.701353,1.6));
#9806=CARTESIAN_POINT('',(43.7644,113.3478,0.));
#9807=CARTESIAN_POINT('Origin',(43.7644,100.4478,0.));
#9808=CARTESIAN_POINT('',(43.7644,100.4478,1.6));
#9809=CARTESIAN_POINT('',(43.7644,100.4478,1.6));
#9810=CARTESIAN_POINT('',(43.7644,100.4478,0.));
#9811=CARTESIAN_POINT('Ctrl Pts',(43.910847,100.094247,0.));
#9812=CARTESIAN_POINT('Ctrl Pts',(43.910847,100.094247,1.6));
#9813=CARTESIAN_POINT('Ctrl Pts',(43.817078,100.188015,0.));
#9814=CARTESIAN_POINT('Ctrl Pts',(43.817078,100.188015,1.6));
#9815=CARTESIAN_POINT('Ctrl Pts',(43.7644,100.315192,0.));
#9816=CARTESIAN_POINT('Ctrl Pts',(43.7644,100.315192,1.6));
#9817=CARTESIAN_POINT('Ctrl Pts',(43.7644,100.4478,0.));
#9818=CARTESIAN_POINT('Ctrl Pts',(43.7644,100.4478,1.6));
#9819=CARTESIAN_POINT('',(43.910847,100.094247,1.6));
#9820=CARTESIAN_POINT('Ctrl Pts',(43.910847,100.094247,1.6));
#9821=CARTESIAN_POINT('Ctrl Pts',(43.817078,100.188015,1.6));
#9822=CARTESIAN_POINT('Ctrl Pts',(43.7644,100.315192,1.6));
#9823=CARTESIAN_POINT('Ctrl Pts',(43.7644,100.4478,1.6));
#9824=CARTESIAN_POINT('',(43.910847,100.094247,0.));
#9825=CARTESIAN_POINT('Ctrl Pts',(44.2644,99.9478,0.));
#9826=CARTESIAN_POINT('Ctrl Pts',(44.2644,99.9478,1.6));
#9827=CARTESIAN_POINT('Ctrl Pts',(44.131792,99.9478,0.));
#9828=CARTESIAN_POINT('Ctrl Pts',(44.131792,99.9478,1.6));
#9829=CARTESIAN_POINT('Ctrl Pts',(44.004615,100.000478,0.));
#9830=CARTESIAN_POINT('Ctrl Pts',(44.004615,100.000478,1.6));
#9831=CARTESIAN_POINT('Ctrl Pts',(43.910847,100.094247,0.));
#9832=CARTESIAN_POINT('Ctrl Pts',(43.910847,100.094247,1.6));
#9833=CARTESIAN_POINT('',(44.2644,99.9478,1.6));
#9834=CARTESIAN_POINT('Ctrl Pts',(44.2644,99.9478,1.6));
#9835=CARTESIAN_POINT('Ctrl Pts',(44.131792,99.9478,1.6));
#9836=CARTESIAN_POINT('Ctrl Pts',(44.004615,100.000478,1.6));
#9837=CARTESIAN_POINT('Ctrl Pts',(43.910847,100.094247,1.6));
#9838=CARTESIAN_POINT('',(44.2644,99.9478,0.));
#9839=CARTESIAN_POINT('Origin',(57.1644,99.9478,0.));
#9840=CARTESIAN_POINT('',(57.1644,99.9478,1.6));
#9841=CARTESIAN_POINT('',(57.1644,99.9478,1.6));
#9842=CARTESIAN_POINT('',(57.1644,99.9478,0.));
#9843=CARTESIAN_POINT('Ctrl Pts',(57.517953,100.094247,0.));
#9844=CARTESIAN_POINT('Ctrl Pts',(57.517953,100.094247,1.6));
#9845=CARTESIAN_POINT('Ctrl Pts',(57.424185,100.000478,0.));
#9846=CARTESIAN_POINT('Ctrl Pts',(57.424185,100.000478,1.6));
#9847=CARTESIAN_POINT('Ctrl Pts',(57.297008,99.9478,0.));
#9848=CARTESIAN_POINT('Ctrl Pts',(57.297008,99.9478,1.6));
#9849=CARTESIAN_POINT('Ctrl Pts',(57.1644,99.9478,0.));
#9850=CARTESIAN_POINT('Ctrl Pts',(57.1644,99.9478,1.6));
#9851=CARTESIAN_POINT('',(57.517953,100.094247,1.6));
#9852=CARTESIAN_POINT('Ctrl Pts',(57.517953,100.094247,1.6));
#9853=CARTESIAN_POINT('Ctrl Pts',(57.424185,100.000478,1.6));
#9854=CARTESIAN_POINT('Ctrl Pts',(57.297008,99.9478,1.6));
#9855=CARTESIAN_POINT('Ctrl Pts',(57.1644,99.9478,1.6));
#9856=CARTESIAN_POINT('',(57.517953,100.094247,0.));
#9857=CARTESIAN_POINT('Ctrl Pts',(57.6644,100.4478,0.));
#9858=CARTESIAN_POINT('Ctrl Pts',(57.6644,100.4478,1.6));
#9859=CARTESIAN_POINT('Ctrl Pts',(57.6644,100.315192,0.));
#9860=CARTESIAN_POINT('Ctrl Pts',(57.6644,100.315192,1.6));
#9861=CARTESIAN_POINT('Ctrl Pts',(57.611722,100.188015,0.));
#9862=CARTESIAN_POINT('Ctrl Pts',(57.611722,100.188015,1.6));
#9863=CARTESIAN_POINT('Ctrl Pts',(57.517953,100.094247,0.));
#9864=CARTESIAN_POINT('Ctrl Pts',(57.517953,100.094247,1.6));
#9865=CARTESIAN_POINT('',(57.6644,100.4478,1.6));
#9866=CARTESIAN_POINT('Ctrl Pts',(57.6644,100.4478,1.6));
#9867=CARTESIAN_POINT('Ctrl Pts',(57.6644,100.315192,1.6));
#9868=CARTESIAN_POINT('Ctrl Pts',(57.611722,100.188015,1.6));
#9869=CARTESIAN_POINT('Ctrl Pts',(57.517953,100.094247,1.6));
#9870=CARTESIAN_POINT('',(57.6644,100.4478,0.));
#9871=CARTESIAN_POINT('Origin',(57.6644,113.3478,0.));
#9872=CARTESIAN_POINT('',(57.6644,113.3478,1.6));
#9873=CARTESIAN_POINT('',(57.6644,113.3478,1.6));
#9874=CARTESIAN_POINT('',(57.6644,113.3478,0.));
#9875=CARTESIAN_POINT('Ctrl Pts',(57.517953,113.701353,0.));
#9876=CARTESIAN_POINT('Ctrl Pts',(57.517953,113.701353,1.6));
#9877=CARTESIAN_POINT('Ctrl Pts',(57.611722,113.607585,0.));
#9878=CARTESIAN_POINT('Ctrl Pts',(57.611722,113.607585,1.6));
#9879=CARTESIAN_POINT('Ctrl Pts',(57.6644,113.480408,0.));
#9880=CARTESIAN_POINT('Ctrl Pts',(57.6644,113.480408,1.6));
#9881=CARTESIAN_POINT('Ctrl Pts',(57.6644,113.3478,0.));
#9882=CARTESIAN_POINT('Ctrl Pts',(57.6644,113.3478,1.6));
#9883=CARTESIAN_POINT('',(57.517953,113.701353,1.6));
#9884=CARTESIAN_POINT('Ctrl Pts',(57.517953,113.701353,1.6));
#9885=CARTESIAN_POINT('Ctrl Pts',(57.611722,113.607585,1.6));
#9886=CARTESIAN_POINT('Ctrl Pts',(57.6644,113.480408,1.6));
#9887=CARTESIAN_POINT('Ctrl Pts',(57.6644,113.3478,1.6));
#9888=CARTESIAN_POINT('',(57.517953,113.701353,0.));
#9889=CARTESIAN_POINT('Ctrl Pts',(57.1644,113.8478,0.));
#9890=CARTESIAN_POINT('Ctrl Pts',(57.1644,113.8478,1.6));
#9891=CARTESIAN_POINT('Ctrl Pts',(57.297008,113.8478,0.));
#9892=CARTESIAN_POINT('Ctrl Pts',(57.297008,113.8478,1.6));
#9893=CARTESIAN_POINT('Ctrl Pts',(57.424185,113.795122,0.));
#9894=CARTESIAN_POINT('Ctrl Pts',(57.424185,113.795122,1.6));
#9895=CARTESIAN_POINT('Ctrl Pts',(57.517953,113.701353,0.));
#9896=CARTESIAN_POINT('Ctrl Pts',(57.517953,113.701353,1.6));
#9897=CARTESIAN_POINT('Ctrl Pts',(57.1644,113.8478,1.6));
#9898=CARTESIAN_POINT('Ctrl Pts',(57.297008,113.8478,1.6));
#9899=CARTESIAN_POINT('Ctrl Pts',(57.424185,113.795122,1.6));
#9900=CARTESIAN_POINT('Ctrl Pts',(57.517953,113.701353,1.6));
#9901=CARTESIAN_POINT('Origin',(98.2644,124.6928,0.));
#9902=CARTESIAN_POINT('',(111.1644,124.6928,1.6));
#9903=CARTESIAN_POINT('',(111.1644,124.6928,0.));
#9904=CARTESIAN_POINT('',(98.2644,124.6928,1.6));
#9905=CARTESIAN_POINT('',(98.2644,124.6928,1.6));
#9906=CARTESIAN_POINT('',(98.2644,124.6928,0.));
#9907=CARTESIAN_POINT('Ctrl Pts',(97.910847,124.546353,0.));
#9908=CARTESIAN_POINT('Ctrl Pts',(97.910847,124.546353,1.6));
#9909=CARTESIAN_POINT('Ctrl Pts',(98.004615,124.640122,0.));
#9910=CARTESIAN_POINT('Ctrl Pts',(98.004615,124.640122,1.6));
#9911=CARTESIAN_POINT('Ctrl Pts',(98.131792,124.6928,0.));
#9912=CARTESIAN_POINT('Ctrl Pts',(98.131792,124.6928,1.6));
#9913=CARTESIAN_POINT('Ctrl Pts',(98.2644,124.6928,0.));
#9914=CARTESIAN_POINT('Ctrl Pts',(98.2644,124.6928,1.6));
#9915=CARTESIAN_POINT('',(97.910847,124.546353,1.6));
#9916=CARTESIAN_POINT('Ctrl Pts',(97.910847,124.546353,1.6));
#9917=CARTESIAN_POINT('Ctrl Pts',(98.004615,124.640122,1.6));
#9918=CARTESIAN_POINT('Ctrl Pts',(98.131792,124.6928,1.6));
#9919=CARTESIAN_POINT('Ctrl Pts',(98.2644,124.6928,1.6));
#9920=CARTESIAN_POINT('',(97.910847,124.546353,0.));
#9921=CARTESIAN_POINT('Ctrl Pts',(97.7644,124.1928,0.));
#9922=CARTESIAN_POINT('Ctrl Pts',(97.7644,124.1928,1.6));
#9923=CARTESIAN_POINT('Ctrl Pts',(97.7644,124.325408,0.));
#9924=CARTESIAN_POINT('Ctrl Pts',(97.7644,124.325408,1.6));
#9925=CARTESIAN_POINT('Ctrl Pts',(97.817078,124.452585,0.));
#9926=CARTESIAN_POINT('Ctrl Pts',(97.817078,124.452585,1.6));
#9927=CARTESIAN_POINT('Ctrl Pts',(97.910847,124.546353,0.));
#9928=CARTESIAN_POINT('Ctrl Pts',(97.910847,124.546353,1.6));
#9929=CARTESIAN_POINT('',(97.7644,124.1928,1.6));
#9930=CARTESIAN_POINT('Ctrl Pts',(97.7644,124.1928,1.6));
#9931=CARTESIAN_POINT('Ctrl Pts',(97.7644,124.325408,1.6));
#9932=CARTESIAN_POINT('Ctrl Pts',(97.817078,124.452585,1.6));
#9933=CARTESIAN_POINT('Ctrl Pts',(97.910847,124.546353,1.6));
#9934=CARTESIAN_POINT('',(97.7644,124.1928,0.));
#9935=CARTESIAN_POINT('Origin',(97.7644,111.2928,0.));
#9936=CARTESIAN_POINT('',(97.7644,111.2928,1.6));
#9937=CARTESIAN_POINT('',(97.7644,111.2928,1.6));
#9938=CARTESIAN_POINT('',(97.7644,111.2928,0.));
#9939=CARTESIAN_POINT('Ctrl Pts',(97.910847,110.939247,0.));
#9940=CARTESIAN_POINT('Ctrl Pts',(97.910847,110.939247,1.6));
#9941=CARTESIAN_POINT('Ctrl Pts',(97.817078,111.033015,0.));
#9942=CARTESIAN_POINT('Ctrl Pts',(97.817078,111.033015,1.6));
#9943=CARTESIAN_POINT('Ctrl Pts',(97.7644,111.160192,0.));
#9944=CARTESIAN_POINT('Ctrl Pts',(97.7644,111.160192,1.6));
#9945=CARTESIAN_POINT('Ctrl Pts',(97.7644,111.2928,0.));
#9946=CARTESIAN_POINT('Ctrl Pts',(97.7644,111.2928,1.6));
#9947=CARTESIAN_POINT('',(97.910847,110.939247,1.6));
#9948=CARTESIAN_POINT('Ctrl Pts',(97.910847,110.939247,1.6));
#9949=CARTESIAN_POINT('Ctrl Pts',(97.817078,111.033015,1.6));
#9950=CARTESIAN_POINT('Ctrl Pts',(97.7644,111.160192,1.6));
#9951=CARTESIAN_POINT('Ctrl Pts',(97.7644,111.2928,1.6));
#9952=CARTESIAN_POINT('',(97.910847,110.939247,0.));
#9953=CARTESIAN_POINT('Ctrl Pts',(98.2644,110.7928,0.));
#9954=CARTESIAN_POINT('Ctrl Pts',(98.2644,110.7928,1.6));
#9955=CARTESIAN_POINT('Ctrl Pts',(98.131792,110.7928,0.));
#9956=CARTESIAN_POINT('Ctrl Pts',(98.131792,110.7928,1.6));
#9957=CARTESIAN_POINT('Ctrl Pts',(98.004615,110.845478,0.));
#9958=CARTESIAN_POINT('Ctrl Pts',(98.004615,110.845478,1.6));
#9959=CARTESIAN_POINT('Ctrl Pts',(97.910847,110.939247,0.));
#9960=CARTESIAN_POINT('Ctrl Pts',(97.910847,110.939247,1.6));
#9961=CARTESIAN_POINT('',(98.2644,110.7928,1.6));
#9962=CARTESIAN_POINT('Ctrl Pts',(98.2644,110.7928,1.6));
#9963=CARTESIAN_POINT('Ctrl Pts',(98.131792,110.7928,1.6));
#9964=CARTESIAN_POINT('Ctrl Pts',(98.004615,110.845478,1.6));
#9965=CARTESIAN_POINT('Ctrl Pts',(97.910847,110.939247,1.6));
#9966=CARTESIAN_POINT('',(98.2644,110.7928,0.));
#9967=CARTESIAN_POINT('Origin',(111.1644,110.7928,0.));
#9968=CARTESIAN_POINT('',(111.1644,110.7928,1.6));
#9969=CARTESIAN_POINT('',(111.1644,110.7928,1.6));
#9970=CARTESIAN_POINT('',(111.1644,110.7928,0.));
#9971=CARTESIAN_POINT('Ctrl Pts',(111.517953,110.939247,0.));
#9972=CARTESIAN_POINT('Ctrl Pts',(111.517953,110.939247,1.6));
#9973=CARTESIAN_POINT('Ctrl Pts',(111.424185,110.845478,0.));
#9974=CARTESIAN_POINT('Ctrl Pts',(111.424185,110.845478,1.6));
#9975=CARTESIAN_POINT('Ctrl Pts',(111.297008,110.7928,0.));
#9976=CARTESIAN_POINT('Ctrl Pts',(111.297008,110.7928,1.6));
#9977=CARTESIAN_POINT('Ctrl Pts',(111.1644,110.7928,0.));
#9978=CARTESIAN_POINT('Ctrl Pts',(111.1644,110.7928,1.6));
#9979=CARTESIAN_POINT('',(111.517953,110.939247,1.6));
#9980=CARTESIAN_POINT('Ctrl Pts',(111.517953,110.939247,1.6));
#9981=CARTESIAN_POINT('Ctrl Pts',(111.424185,110.845478,1.6));
#9982=CARTESIAN_POINT('Ctrl Pts',(111.297008,110.7928,1.6));
#9983=CARTESIAN_POINT('Ctrl Pts',(111.1644,110.7928,1.6));
#9984=CARTESIAN_POINT('',(111.517953,110.939247,0.));
#9985=CARTESIAN_POINT('Ctrl Pts',(111.6644,111.2928,0.));
#9986=CARTESIAN_POINT('Ctrl Pts',(111.6644,111.2928,1.6));
#9987=CARTESIAN_POINT('Ctrl Pts',(111.6644,111.160192,0.));
#9988=CARTESIAN_POINT('Ctrl Pts',(111.6644,111.160192,1.6));
#9989=CARTESIAN_POINT('Ctrl Pts',(111.611722,111.033015,0.));
#9990=CARTESIAN_POINT('Ctrl Pts',(111.611722,111.033015,1.6));
#9991=CARTESIAN_POINT('Ctrl Pts',(111.517953,110.939247,0.));
#9992=CARTESIAN_POINT('Ctrl Pts',(111.517953,110.939247,1.6));
#9993=CARTESIAN_POINT('',(111.6644,111.2928,1.6));
#9994=CARTESIAN_POINT('Ctrl Pts',(111.6644,111.2928,1.6));
#9995=CARTESIAN_POINT('Ctrl Pts',(111.6644,111.160192,1.6));
#9996=CARTESIAN_POINT('Ctrl Pts',(111.611722,111.033015,1.6));
#9997=CARTESIAN_POINT('Ctrl Pts',(111.517953,110.939247,1.6));
#9998=CARTESIAN_POINT('',(111.6644,111.2928,0.));
#9999=CARTESIAN_POINT('Origin',(111.6644,124.1928,0.));
#10000=CARTESIAN_POINT('',(111.6644,124.1928,1.6));
#10001=CARTESIAN_POINT('',(111.6644,124.1928,1.6));
#10002=CARTESIAN_POINT('',(111.6644,124.1928,0.));
#10003=CARTESIAN_POINT('Ctrl Pts',(111.517953,124.546353,0.));
#10004=CARTESIAN_POINT('Ctrl Pts',(111.517953,124.546353,1.6));
#10005=CARTESIAN_POINT('Ctrl Pts',(111.611722,124.452585,0.));
#10006=CARTESIAN_POINT('Ctrl Pts',(111.611722,124.452585,1.6));
#10007=CARTESIAN_POINT('Ctrl Pts',(111.6644,124.325408,0.));
#10008=CARTESIAN_POINT('Ctrl Pts',(111.6644,124.325408,1.6));
#10009=CARTESIAN_POINT('Ctrl Pts',(111.6644,124.1928,0.));
#10010=CARTESIAN_POINT('Ctrl Pts',(111.6644,124.1928,1.6));
#10011=CARTESIAN_POINT('',(111.517953,124.546353,1.6));
#10012=CARTESIAN_POINT('Ctrl Pts',(111.517953,124.546353,1.6));
#10013=CARTESIAN_POINT('Ctrl Pts',(111.611722,124.452585,1.6));
#10014=CARTESIAN_POINT('Ctrl Pts',(111.6644,124.325408,1.6));
#10015=CARTESIAN_POINT('Ctrl Pts',(111.6644,124.1928,1.6));
#10016=CARTESIAN_POINT('',(111.517953,124.546353,0.));
#10017=CARTESIAN_POINT('Ctrl Pts',(111.1644,124.6928,0.));
#10018=CARTESIAN_POINT('Ctrl Pts',(111.1644,124.6928,1.6));
#10019=CARTESIAN_POINT('Ctrl Pts',(111.297008,124.6928,0.));
#10020=CARTESIAN_POINT('Ctrl Pts',(111.297008,124.6928,1.6));
#10021=CARTESIAN_POINT('Ctrl Pts',(111.424185,124.640122,0.));
#10022=CARTESIAN_POINT('Ctrl Pts',(111.424185,124.640122,1.6));
#10023=CARTESIAN_POINT('Ctrl Pts',(111.517953,124.546353,0.));
#10024=CARTESIAN_POINT('Ctrl Pts',(111.517953,124.546353,1.6));
#10025=CARTESIAN_POINT('Ctrl Pts',(111.1644,124.6928,1.6));
#10026=CARTESIAN_POINT('Ctrl Pts',(111.297008,124.6928,1.6));
#10027=CARTESIAN_POINT('Ctrl Pts',(111.424185,124.640122,1.6));
#10028=CARTESIAN_POINT('Ctrl Pts',(111.517953,124.546353,1.6));
#10029=CARTESIAN_POINT('Origin',(62.2644,139.3478,0.));
#10030=CARTESIAN_POINT('',(75.1644,139.3478,1.6));
#10031=CARTESIAN_POINT('',(75.1644,139.3478,0.));
#10032=CARTESIAN_POINT('',(62.2644,139.3478,1.6));
#10033=CARTESIAN_POINT('',(62.2644,139.3478,1.6));
#10034=CARTESIAN_POINT('',(62.2644,139.3478,0.));
#10035=CARTESIAN_POINT('Ctrl Pts',(61.910847,139.201353,0.));
#10036=CARTESIAN_POINT('Ctrl Pts',(61.910847,139.201353,1.6));
#10037=CARTESIAN_POINT('Ctrl Pts',(62.004615,139.295122,0.));
#10038=CARTESIAN_POINT('Ctrl Pts',(62.004615,139.295122,1.6));
#10039=CARTESIAN_POINT('Ctrl Pts',(62.131792,139.3478,0.));
#10040=CARTESIAN_POINT('Ctrl Pts',(62.131792,139.3478,1.6));
#10041=CARTESIAN_POINT('Ctrl Pts',(62.2644,139.3478,0.));
#10042=CARTESIAN_POINT('Ctrl Pts',(62.2644,139.3478,1.6));
#10043=CARTESIAN_POINT('',(61.910847,139.201353,1.6));
#10044=CARTESIAN_POINT('Ctrl Pts',(61.910847,139.201353,1.6));
#10045=CARTESIAN_POINT('Ctrl Pts',(62.004615,139.295122,1.6));
#10046=CARTESIAN_POINT('Ctrl Pts',(62.131792,139.3478,1.6));
#10047=CARTESIAN_POINT('Ctrl Pts',(62.2644,139.3478,1.6));
#10048=CARTESIAN_POINT('',(61.910847,139.201353,0.));
#10049=CARTESIAN_POINT('Ctrl Pts',(61.7644,138.8478,0.));
#10050=CARTESIAN_POINT('Ctrl Pts',(61.7644,138.8478,1.6));
#10051=CARTESIAN_POINT('Ctrl Pts',(61.7644,138.980408,0.));
#10052=CARTESIAN_POINT('Ctrl Pts',(61.7644,138.980408,1.6));
#10053=CARTESIAN_POINT('Ctrl Pts',(61.817078,139.107585,0.));
#10054=CARTESIAN_POINT('Ctrl Pts',(61.817078,139.107585,1.6));
#10055=CARTESIAN_POINT('Ctrl Pts',(61.910847,139.201353,0.));
#10056=CARTESIAN_POINT('Ctrl Pts',(61.910847,139.201353,1.6));
#10057=CARTESIAN_POINT('',(61.7644,138.8478,1.6));
#10058=CARTESIAN_POINT('Ctrl Pts',(61.7644,138.8478,1.6));
#10059=CARTESIAN_POINT('Ctrl Pts',(61.7644,138.980408,1.6));
#10060=CARTESIAN_POINT('Ctrl Pts',(61.817078,139.107585,1.6));
#10061=CARTESIAN_POINT('Ctrl Pts',(61.910847,139.201353,1.6));
#10062=CARTESIAN_POINT('',(61.7644,138.8478,0.));
#10063=CARTESIAN_POINT('Origin',(61.7644,125.9478,0.));
#10064=CARTESIAN_POINT('',(61.7644,125.9478,1.6));
#10065=CARTESIAN_POINT('',(61.7644,125.9478,1.6));
#10066=CARTESIAN_POINT('',(61.7644,125.9478,0.));
#10067=CARTESIAN_POINT('Ctrl Pts',(61.910847,125.594247,0.));
#10068=CARTESIAN_POINT('Ctrl Pts',(61.910847,125.594247,1.6));
#10069=CARTESIAN_POINT('Ctrl Pts',(61.817078,125.688015,0.));
#10070=CARTESIAN_POINT('Ctrl Pts',(61.817078,125.688015,1.6));
#10071=CARTESIAN_POINT('Ctrl Pts',(61.7644,125.815192,0.));
#10072=CARTESIAN_POINT('Ctrl Pts',(61.7644,125.815192,1.6));
#10073=CARTESIAN_POINT('Ctrl Pts',(61.7644,125.9478,0.));
#10074=CARTESIAN_POINT('Ctrl Pts',(61.7644,125.9478,1.6));
#10075=CARTESIAN_POINT('',(61.910847,125.594247,1.6));
#10076=CARTESIAN_POINT('Ctrl Pts',(61.910847,125.594247,1.6));
#10077=CARTESIAN_POINT('Ctrl Pts',(61.817078,125.688015,1.6));
#10078=CARTESIAN_POINT('Ctrl Pts',(61.7644,125.815192,1.6));
#10079=CARTESIAN_POINT('Ctrl Pts',(61.7644,125.9478,1.6));
#10080=CARTESIAN_POINT('',(61.910847,125.594247,0.));
#10081=CARTESIAN_POINT('Ctrl Pts',(62.2644,125.4478,0.));
#10082=CARTESIAN_POINT('Ctrl Pts',(62.2644,125.4478,1.6));
#10083=CARTESIAN_POINT('Ctrl Pts',(62.131792,125.4478,0.));
#10084=CARTESIAN_POINT('Ctrl Pts',(62.131792,125.4478,1.6));
#10085=CARTESIAN_POINT('Ctrl Pts',(62.004615,125.500478,0.));
#10086=CARTESIAN_POINT('Ctrl Pts',(62.004615,125.500478,1.6));
#10087=CARTESIAN_POINT('Ctrl Pts',(61.910847,125.594247,0.));
#10088=CARTESIAN_POINT('Ctrl Pts',(61.910847,125.594247,1.6));
#10089=CARTESIAN_POINT('',(62.2644,125.4478,1.6));
#10090=CARTESIAN_POINT('Ctrl Pts',(62.2644,125.4478,1.6));
#10091=CARTESIAN_POINT('Ctrl Pts',(62.131792,125.4478,1.6));
#10092=CARTESIAN_POINT('Ctrl Pts',(62.004615,125.500478,1.6));
#10093=CARTESIAN_POINT('Ctrl Pts',(61.910847,125.594247,1.6));
#10094=CARTESIAN_POINT('',(62.2644,125.4478,0.));
#10095=CARTESIAN_POINT('Origin',(75.1644,125.4478,0.));
#10096=CARTESIAN_POINT('',(75.1644,125.4478,1.6));
#10097=CARTESIAN_POINT('',(75.1644,125.4478,1.6));
#10098=CARTESIAN_POINT('',(75.1644,125.4478,0.));
#10099=CARTESIAN_POINT('Ctrl Pts',(75.517953,125.594247,0.));
#10100=CARTESIAN_POINT('Ctrl Pts',(75.517953,125.594247,1.6));
#10101=CARTESIAN_POINT('Ctrl Pts',(75.424185,125.500478,0.));
#10102=CARTESIAN_POINT('Ctrl Pts',(75.424185,125.500478,1.6));
#10103=CARTESIAN_POINT('Ctrl Pts',(75.297008,125.4478,0.));
#10104=CARTESIAN_POINT('Ctrl Pts',(75.297008,125.4478,1.6));
#10105=CARTESIAN_POINT('Ctrl Pts',(75.1644,125.4478,0.));
#10106=CARTESIAN_POINT('Ctrl Pts',(75.1644,125.4478,1.6));
#10107=CARTESIAN_POINT('',(75.517953,125.594247,1.6));
#10108=CARTESIAN_POINT('Ctrl Pts',(75.517953,125.594247,1.6));
#10109=CARTESIAN_POINT('Ctrl Pts',(75.424185,125.500478,1.6));
#10110=CARTESIAN_POINT('Ctrl Pts',(75.297008,125.4478,1.6));
#10111=CARTESIAN_POINT('Ctrl Pts',(75.1644,125.4478,1.6));
#10112=CARTESIAN_POINT('',(75.517953,125.594247,0.));
#10113=CARTESIAN_POINT('Ctrl Pts',(75.6644,125.9478,0.));
#10114=CARTESIAN_POINT('Ctrl Pts',(75.6644,125.9478,1.6));
#10115=CARTESIAN_POINT('Ctrl Pts',(75.6644,125.815192,0.));
#10116=CARTESIAN_POINT('Ctrl Pts',(75.6644,125.815192,1.6));
#10117=CARTESIAN_POINT('Ctrl Pts',(75.611722,125.688015,0.));
#10118=CARTESIAN_POINT('Ctrl Pts',(75.611722,125.688015,1.6));
#10119=CARTESIAN_POINT('Ctrl Pts',(75.517953,125.594247,0.));
#10120=CARTESIAN_POINT('Ctrl Pts',(75.517953,125.594247,1.6));
#10121=CARTESIAN_POINT('',(75.6644,125.9478,1.6));
#10122=CARTESIAN_POINT('Ctrl Pts',(75.6644,125.9478,1.6));
#10123=CARTESIAN_POINT('Ctrl Pts',(75.6644,125.815192,1.6));
#10124=CARTESIAN_POINT('Ctrl Pts',(75.611722,125.688015,1.6));
#10125=CARTESIAN_POINT('Ctrl Pts',(75.517953,125.594247,1.6));
#10126=CARTESIAN_POINT('',(75.6644,125.9478,0.));
#10127=CARTESIAN_POINT('Origin',(75.6644,138.8478,0.));
#10128=CARTESIAN_POINT('',(75.6644,138.8478,1.6));
#10129=CARTESIAN_POINT('',(75.6644,138.8478,1.6));
#10130=CARTESIAN_POINT('',(75.6644,138.8478,0.));
#10131=CARTESIAN_POINT('Ctrl Pts',(75.517953,139.201353,0.));
#10132=CARTESIAN_POINT('Ctrl Pts',(75.517953,139.201353,1.6));
#10133=CARTESIAN_POINT('Ctrl Pts',(75.611722,139.107585,0.));
#10134=CARTESIAN_POINT('Ctrl Pts',(75.611722,139.107585,1.6));
#10135=CARTESIAN_POINT('Ctrl Pts',(75.6644,138.980408,0.));
#10136=CARTESIAN_POINT('Ctrl Pts',(75.6644,138.980408,1.6));
#10137=CARTESIAN_POINT('Ctrl Pts',(75.6644,138.8478,0.));
#10138=CARTESIAN_POINT('Ctrl Pts',(75.6644,138.8478,1.6));
#10139=CARTESIAN_POINT('',(75.517953,139.201353,1.6));
#10140=CARTESIAN_POINT('Ctrl Pts',(75.517953,139.201353,1.6));
#10141=CARTESIAN_POINT('Ctrl Pts',(75.611722,139.107585,1.6));
#10142=CARTESIAN_POINT('Ctrl Pts',(75.6644,138.980408,1.6));
#10143=CARTESIAN_POINT('Ctrl Pts',(75.6644,138.8478,1.6));
#10144=CARTESIAN_POINT('',(75.517953,139.201353,0.));
#10145=CARTESIAN_POINT('Ctrl Pts',(75.1644,139.3478,0.));
#10146=CARTESIAN_POINT('Ctrl Pts',(75.1644,139.3478,1.6));
#10147=CARTESIAN_POINT('Ctrl Pts',(75.297008,139.3478,0.));
#10148=CARTESIAN_POINT('Ctrl Pts',(75.297008,139.3478,1.6));
#10149=CARTESIAN_POINT('Ctrl Pts',(75.424185,139.295122,0.));
#10150=CARTESIAN_POINT('Ctrl Pts',(75.424185,139.295122,1.6));
#10151=CARTESIAN_POINT('Ctrl Pts',(75.517953,139.201353,0.));
#10152=CARTESIAN_POINT('Ctrl Pts',(75.517953,139.201353,1.6));
#10153=CARTESIAN_POINT('Ctrl Pts',(75.1644,139.3478,1.6));
#10154=CARTESIAN_POINT('Ctrl Pts',(75.297008,139.3478,1.6));
#10155=CARTESIAN_POINT('Ctrl Pts',(75.424185,139.295122,1.6));
#10156=CARTESIAN_POINT('Ctrl Pts',(75.517953,139.201353,1.6));
#10157=CARTESIAN_POINT('Origin',(119.9388,99.2466,0.));
#10158=CARTESIAN_POINT('',(131.6302,93.7949,1.6));
#10159=CARTESIAN_POINT('',(131.6302,93.7949,0.));
#10160=CARTESIAN_POINT('',(119.9388,99.2466,1.6));
#10161=CARTESIAN_POINT('',(119.9388,99.2466,1.6));
#10162=CARTESIAN_POINT('',(119.9388,99.2466,0.));
#10163=CARTESIAN_POINT('Ctrl Pts',(119.55647,99.263328,0.));
#10164=CARTESIAN_POINT('Ctrl Pts',(119.55647,99.263328,1.6));
#10165=CARTESIAN_POINT('Ctrl Pts',(119.681089,99.308674,0.));
#10166=CARTESIAN_POINT('Ctrl Pts',(119.681089,99.308674,1.6));
#10167=CARTESIAN_POINT('Ctrl Pts',(119.818618,99.302657,0.));
#10168=CARTESIAN_POINT('Ctrl Pts',(119.818618,99.302657,1.6));
#10169=CARTESIAN_POINT('Ctrl Pts',(119.9388,99.2466,0.));
#10170=CARTESIAN_POINT('Ctrl Pts',(119.9388,99.2466,1.6));
#10171=CARTESIAN_POINT('',(119.55647,99.263328,1.6));
#10172=CARTESIAN_POINT('Ctrl Pts',(119.55647,99.263328,1.6));
#10173=CARTESIAN_POINT('Ctrl Pts',(119.681089,99.308674,1.6));
#10174=CARTESIAN_POINT('Ctrl Pts',(119.818618,99.302657,1.6));
#10175=CARTESIAN_POINT('Ctrl Pts',(119.9388,99.2466,1.6));
#10176=CARTESIAN_POINT('',(119.55647,99.263328,0.));
#10177=CARTESIAN_POINT('Ctrl Pts',(119.2743,99.0048,0.));
#10178=CARTESIAN_POINT('Ctrl Pts',(119.2743,99.0048,1.6));
#10179=CARTESIAN_POINT('Ctrl Pts',(119.330351,99.124985,0.));
#10180=CARTESIAN_POINT('Ctrl Pts',(119.330351,99.124985,1.6));
#10181=CARTESIAN_POINT('Ctrl Pts',(119.431851,99.217981,0.));
#10182=CARTESIAN_POINT('Ctrl Pts',(119.431851,99.217981,1.6));
#10183=CARTESIAN_POINT('Ctrl Pts',(119.55647,99.263328,0.));
#10184=CARTESIAN_POINT('Ctrl Pts',(119.55647,99.263328,1.6));
#10185=CARTESIAN_POINT('',(119.2743,99.0048,1.6));
#10186=CARTESIAN_POINT('Ctrl Pts',(119.2743,99.0048,1.6));
#10187=CARTESIAN_POINT('Ctrl Pts',(119.330351,99.124985,1.6));
#10188=CARTESIAN_POINT('Ctrl Pts',(119.431851,99.217981,1.6));
#10189=CARTESIAN_POINT('Ctrl Pts',(119.55647,99.263328,1.6));
#10190=CARTESIAN_POINT('',(119.2743,99.0048,0.));
#10191=CARTESIAN_POINT('Origin',(113.8226,87.3134,0.));
#10192=CARTESIAN_POINT('',(113.8226,87.3134,1.6));
#10193=CARTESIAN_POINT('',(113.8226,87.3134,1.6));
#10194=CARTESIAN_POINT('',(113.8226,87.3134,0.));
#10195=CARTESIAN_POINT('Ctrl Pts',(113.805872,86.93107,0.));
#10196=CARTESIAN_POINT('Ctrl Pts',(113.805872,86.93107,1.6));
#10197=CARTESIAN_POINT('Ctrl Pts',(113.760526,87.055689,0.));
#10198=CARTESIAN_POINT('Ctrl Pts',(113.760526,87.055689,1.6));
#10199=CARTESIAN_POINT('Ctrl Pts',(113.766543,87.193218,0.));
#10200=CARTESIAN_POINT('Ctrl Pts',(113.766543,87.193218,1.6));
#10201=CARTESIAN_POINT('Ctrl Pts',(113.8226,87.3134,0.));
#10202=CARTESIAN_POINT('Ctrl Pts',(113.8226,87.3134,1.6));
#10203=CARTESIAN_POINT('',(113.805872,86.93107,1.6));
#10204=CARTESIAN_POINT('Ctrl Pts',(113.805872,86.93107,1.6));
#10205=CARTESIAN_POINT('Ctrl Pts',(113.760526,87.055689,1.6));
#10206=CARTESIAN_POINT('Ctrl Pts',(113.766543,87.193218,1.6));
#10207=CARTESIAN_POINT('Ctrl Pts',(113.8226,87.3134,1.6));
#10208=CARTESIAN_POINT('',(113.805872,86.93107,0.));
#10209=CARTESIAN_POINT('Ctrl Pts',(114.0644,86.6489,0.));
#10210=CARTESIAN_POINT('Ctrl Pts',(114.0644,86.6489,1.6));
#10211=CARTESIAN_POINT('Ctrl Pts',(113.944215,86.704951,0.));
#10212=CARTESIAN_POINT('Ctrl Pts',(113.944215,86.704951,1.6));
#10213=CARTESIAN_POINT('Ctrl Pts',(113.851219,86.806451,0.));
#10214=CARTESIAN_POINT('Ctrl Pts',(113.851219,86.806451,1.6));
#10215=CARTESIAN_POINT('Ctrl Pts',(113.805872,86.93107,0.));
#10216=CARTESIAN_POINT('Ctrl Pts',(113.805872,86.93107,1.6));
#10217=CARTESIAN_POINT('',(114.0644,86.6489,1.6));
#10218=CARTESIAN_POINT('Ctrl Pts',(114.0644,86.6489,1.6));
#10219=CARTESIAN_POINT('Ctrl Pts',(113.944215,86.704951,1.6));
#10220=CARTESIAN_POINT('Ctrl Pts',(113.851219,86.806451,1.6));
#10221=CARTESIAN_POINT('Ctrl Pts',(113.805872,86.93107,1.6));
#10222=CARTESIAN_POINT('',(114.0644,86.6489,0.));
#10223=CARTESIAN_POINT('Origin',(125.7558,81.1972,0.));
#10224=CARTESIAN_POINT('',(125.7558,81.1972,1.6));
#10225=CARTESIAN_POINT('',(125.7558,81.1972,1.6));
#10226=CARTESIAN_POINT('',(125.7558,81.1972,0.));
#10227=CARTESIAN_POINT('Ctrl Pts',(126.13813,81.180472,0.));
#10228=CARTESIAN_POINT('Ctrl Pts',(126.13813,81.180472,1.6));
#10229=CARTESIAN_POINT('Ctrl Pts',(126.013511,81.135126,0.));
#10230=CARTESIAN_POINT('Ctrl Pts',(126.013511,81.135126,1.6));
#10231=CARTESIAN_POINT('Ctrl Pts',(125.875982,81.141143,0.));
#10232=CARTESIAN_POINT('Ctrl Pts',(125.875982,81.141143,1.6));
#10233=CARTESIAN_POINT('Ctrl Pts',(125.7558,81.1972,0.));
#10234=CARTESIAN_POINT('Ctrl Pts',(125.7558,81.1972,1.6));
#10235=CARTESIAN_POINT('',(126.13813,81.180472,1.6));
#10236=CARTESIAN_POINT('Ctrl Pts',(126.13813,81.180472,1.6));
#10237=CARTESIAN_POINT('Ctrl Pts',(126.013511,81.135126,1.6));
#10238=CARTESIAN_POINT('Ctrl Pts',(125.875982,81.141143,1.6));
#10239=CARTESIAN_POINT('Ctrl Pts',(125.7558,81.1972,1.6));
#10240=CARTESIAN_POINT('',(126.13813,81.180472,0.));
#10241=CARTESIAN_POINT('Ctrl Pts',(126.4203,81.439,0.));
#10242=CARTESIAN_POINT('Ctrl Pts',(126.4203,81.439,1.6));
#10243=CARTESIAN_POINT('Ctrl Pts',(126.364249,81.318815,0.));
#10244=CARTESIAN_POINT('Ctrl Pts',(126.364249,81.318815,1.6));
#10245=CARTESIAN_POINT('Ctrl Pts',(126.262749,81.225819,0.));
#10246=CARTESIAN_POINT('Ctrl Pts',(126.262749,81.225819,1.6));
#10247=CARTESIAN_POINT('Ctrl Pts',(126.13813,81.180472,0.));
#10248=CARTESIAN_POINT('Ctrl Pts',(126.13813,81.180472,1.6));
#10249=CARTESIAN_POINT('',(126.4203,81.439,1.6));
#10250=CARTESIAN_POINT('Ctrl Pts',(126.4203,81.439,1.6));
#10251=CARTESIAN_POINT('Ctrl Pts',(126.364249,81.318815,1.6));
#10252=CARTESIAN_POINT('Ctrl Pts',(126.262749,81.225819,1.6));
#10253=CARTESIAN_POINT('Ctrl Pts',(126.13813,81.180472,1.6));
#10254=CARTESIAN_POINT('',(126.4203,81.439,0.));
#10255=CARTESIAN_POINT('Origin',(131.872,93.1304,0.));
#10256=CARTESIAN_POINT('',(131.872,93.1304,1.6));
#10257=CARTESIAN_POINT('',(131.872,93.1304,1.6));
#10258=CARTESIAN_POINT('',(131.872,93.1304,0.));
#10259=CARTESIAN_POINT('Ctrl Pts',(131.888728,93.51273,0.));
#10260=CARTESIAN_POINT('Ctrl Pts',(131.888728,93.51273,1.6));
#10261=CARTESIAN_POINT('Ctrl Pts',(131.934074,93.388111,0.));
#10262=CARTESIAN_POINT('Ctrl Pts',(131.934074,93.388111,1.6));
#10263=CARTESIAN_POINT('Ctrl Pts',(131.928057,93.250582,0.));
#10264=CARTESIAN_POINT('Ctrl Pts',(131.928057,93.250582,1.6));
#10265=CARTESIAN_POINT('Ctrl Pts',(131.872,93.1304,0.));
#10266=CARTESIAN_POINT('Ctrl Pts',(131.872,93.1304,1.6));
#10267=CARTESIAN_POINT('',(131.888728,93.51273,1.6));
#10268=CARTESIAN_POINT('Ctrl Pts',(131.888728,93.51273,1.6));
#10269=CARTESIAN_POINT('Ctrl Pts',(131.934074,93.388111,1.6));
#10270=CARTESIAN_POINT('Ctrl Pts',(131.928057,93.250582,1.6));
#10271=CARTESIAN_POINT('Ctrl Pts',(131.872,93.1304,1.6));
#10272=CARTESIAN_POINT('',(131.888728,93.51273,0.));
#10273=CARTESIAN_POINT('Ctrl Pts',(131.6302,93.7949,0.));
#10274=CARTESIAN_POINT('Ctrl Pts',(131.6302,93.7949,1.6));
#10275=CARTESIAN_POINT('Ctrl Pts',(131.750385,93.738849,0.));
#10276=CARTESIAN_POINT('Ctrl Pts',(131.750385,93.738849,1.6));
#10277=CARTESIAN_POINT('Ctrl Pts',(131.843381,93.637349,0.));
#10278=CARTESIAN_POINT('Ctrl Pts',(131.843381,93.637349,1.6));
#10279=CARTESIAN_POINT('Ctrl Pts',(131.888728,93.51273,0.));
#10280=CARTESIAN_POINT('Ctrl Pts',(131.888728,93.51273,1.6));
#10281=CARTESIAN_POINT('Ctrl Pts',(131.6302,93.7949,1.6));
#10282=CARTESIAN_POINT('Ctrl Pts',(131.750385,93.738849,1.6));
#10283=CARTESIAN_POINT('Ctrl Pts',(131.843381,93.637349,1.6));
#10284=CARTESIAN_POINT('Ctrl Pts',(131.888728,93.51273,1.6));
#10285=CARTESIAN_POINT('Origin',(44.2644,130.8478,0.));
#10286=CARTESIAN_POINT('',(57.1644,130.8478,1.6));
#10287=CARTESIAN_POINT('',(57.1644,130.8478,0.));
#10288=CARTESIAN_POINT('',(44.2644,130.8478,1.6));
#10289=CARTESIAN_POINT('',(44.2644,130.8478,1.6));
#10290=CARTESIAN_POINT('',(44.2644,130.8478,0.));
#10291=CARTESIAN_POINT('Ctrl Pts',(43.910847,130.701353,0.));
#10292=CARTESIAN_POINT('Ctrl Pts',(43.910847,130.701353,1.6));
#10293=CARTESIAN_POINT('Ctrl Pts',(44.004615,130.795122,0.));
#10294=CARTESIAN_POINT('Ctrl Pts',(44.004615,130.795122,1.6));
#10295=CARTESIAN_POINT('Ctrl Pts',(44.131792,130.8478,0.));
#10296=CARTESIAN_POINT('Ctrl Pts',(44.131792,130.8478,1.6));
#10297=CARTESIAN_POINT('Ctrl Pts',(44.2644,130.8478,0.));
#10298=CARTESIAN_POINT('Ctrl Pts',(44.2644,130.8478,1.6));
#10299=CARTESIAN_POINT('',(43.910847,130.701353,1.6));
#10300=CARTESIAN_POINT('Ctrl Pts',(43.910847,130.701353,1.6));
#10301=CARTESIAN_POINT('Ctrl Pts',(44.004615,130.795122,1.6));
#10302=CARTESIAN_POINT('Ctrl Pts',(44.131792,130.8478,1.6));
#10303=CARTESIAN_POINT('Ctrl Pts',(44.2644,130.8478,1.6));
#10304=CARTESIAN_POINT('',(43.910847,130.701353,0.));
#10305=CARTESIAN_POINT('Ctrl Pts',(43.7644,130.3478,0.));
#10306=CARTESIAN_POINT('Ctrl Pts',(43.7644,130.3478,1.6));
#10307=CARTESIAN_POINT('Ctrl Pts',(43.7644,130.480408,0.));
#10308=CARTESIAN_POINT('Ctrl Pts',(43.7644,130.480408,1.6));
#10309=CARTESIAN_POINT('Ctrl Pts',(43.817078,130.607585,0.));
#10310=CARTESIAN_POINT('Ctrl Pts',(43.817078,130.607585,1.6));
#10311=CARTESIAN_POINT('Ctrl Pts',(43.910847,130.701353,0.));
#10312=CARTESIAN_POINT('Ctrl Pts',(43.910847,130.701353,1.6));
#10313=CARTESIAN_POINT('',(43.7644,130.3478,1.6));
#10314=CARTESIAN_POINT('Ctrl Pts',(43.7644,130.3478,1.6));
#10315=CARTESIAN_POINT('Ctrl Pts',(43.7644,130.480408,1.6));
#10316=CARTESIAN_POINT('Ctrl Pts',(43.817078,130.607585,1.6));
#10317=CARTESIAN_POINT('Ctrl Pts',(43.910847,130.701353,1.6));
#10318=CARTESIAN_POINT('',(43.7644,130.3478,0.));
#10319=CARTESIAN_POINT('Origin',(43.7644,117.4478,0.));
#10320=CARTESIAN_POINT('',(43.7644,117.4478,1.6));
#10321=CARTESIAN_POINT('',(43.7644,117.4478,1.6));
#10322=CARTESIAN_POINT('',(43.7644,117.4478,0.));
#10323=CARTESIAN_POINT('Ctrl Pts',(43.910847,117.094247,0.));
#10324=CARTESIAN_POINT('Ctrl Pts',(43.910847,117.094247,1.6));
#10325=CARTESIAN_POINT('Ctrl Pts',(43.817078,117.188015,0.));
#10326=CARTESIAN_POINT('Ctrl Pts',(43.817078,117.188015,1.6));
#10327=CARTESIAN_POINT('Ctrl Pts',(43.7644,117.315192,0.));
#10328=CARTESIAN_POINT('Ctrl Pts',(43.7644,117.315192,1.6));
#10329=CARTESIAN_POINT('Ctrl Pts',(43.7644,117.4478,0.));
#10330=CARTESIAN_POINT('Ctrl Pts',(43.7644,117.4478,1.6));
#10331=CARTESIAN_POINT('',(43.910847,117.094247,1.6));
#10332=CARTESIAN_POINT('Ctrl Pts',(43.910847,117.094247,1.6));
#10333=CARTESIAN_POINT('Ctrl Pts',(43.817078,117.188015,1.6));
#10334=CARTESIAN_POINT('Ctrl Pts',(43.7644,117.315192,1.6));
#10335=CARTESIAN_POINT('Ctrl Pts',(43.7644,117.4478,1.6));
#10336=CARTESIAN_POINT('',(43.910847,117.094247,0.));
#10337=CARTESIAN_POINT('Ctrl Pts',(44.2644,116.9478,0.));
#10338=CARTESIAN_POINT('Ctrl Pts',(44.2644,116.9478,1.6));
#10339=CARTESIAN_POINT('Ctrl Pts',(44.131792,116.9478,0.));
#10340=CARTESIAN_POINT('Ctrl Pts',(44.131792,116.9478,1.6));
#10341=CARTESIAN_POINT('Ctrl Pts',(44.004615,117.000478,0.));
#10342=CARTESIAN_POINT('Ctrl Pts',(44.004615,117.000478,1.6));
#10343=CARTESIAN_POINT('Ctrl Pts',(43.910847,117.094247,0.));
#10344=CARTESIAN_POINT('Ctrl Pts',(43.910847,117.094247,1.6));
#10345=CARTESIAN_POINT('',(44.2644,116.9478,1.6));
#10346=CARTESIAN_POINT('Ctrl Pts',(44.2644,116.9478,1.6));
#10347=CARTESIAN_POINT('Ctrl Pts',(44.131792,116.9478,1.6));
#10348=CARTESIAN_POINT('Ctrl Pts',(44.004615,117.000478,1.6));
#10349=CARTESIAN_POINT('Ctrl Pts',(43.910847,117.094247,1.6));
#10350=CARTESIAN_POINT('',(44.2644,116.9478,0.));
#10351=CARTESIAN_POINT('Origin',(57.1644,116.9478,0.));
#10352=CARTESIAN_POINT('',(57.1644,116.9478,1.6));
#10353=CARTESIAN_POINT('',(57.1644,116.9478,1.6));
#10354=CARTESIAN_POINT('',(57.1644,116.9478,0.));
#10355=CARTESIAN_POINT('Ctrl Pts',(57.517953,117.094247,0.));
#10356=CARTESIAN_POINT('Ctrl Pts',(57.517953,117.094247,1.6));
#10357=CARTESIAN_POINT('Ctrl Pts',(57.424185,117.000478,0.));
#10358=CARTESIAN_POINT('Ctrl Pts',(57.424185,117.000478,1.6));
#10359=CARTESIAN_POINT('Ctrl Pts',(57.297008,116.9478,0.));
#10360=CARTESIAN_POINT('Ctrl Pts',(57.297008,116.9478,1.6));
#10361=CARTESIAN_POINT('Ctrl Pts',(57.1644,116.9478,0.));
#10362=CARTESIAN_POINT('Ctrl Pts',(57.1644,116.9478,1.6));
#10363=CARTESIAN_POINT('',(57.517953,117.094247,1.6));
#10364=CARTESIAN_POINT('Ctrl Pts',(57.517953,117.094247,1.6));
#10365=CARTESIAN_POINT('Ctrl Pts',(57.424185,117.000478,1.6));
#10366=CARTESIAN_POINT('Ctrl Pts',(57.297008,116.9478,1.6));
#10367=CARTESIAN_POINT('Ctrl Pts',(57.1644,116.9478,1.6));
#10368=CARTESIAN_POINT('',(57.517953,117.094247,0.));
#10369=CARTESIAN_POINT('Ctrl Pts',(57.6644,117.4478,0.));
#10370=CARTESIAN_POINT('Ctrl Pts',(57.6644,117.4478,1.6));
#10371=CARTESIAN_POINT('Ctrl Pts',(57.6644,117.315192,0.));
#10372=CARTESIAN_POINT('Ctrl Pts',(57.6644,117.315192,1.6));
#10373=CARTESIAN_POINT('Ctrl Pts',(57.611722,117.188015,0.));
#10374=CARTESIAN_POINT('Ctrl Pts',(57.611722,117.188015,1.6));
#10375=CARTESIAN_POINT('Ctrl Pts',(57.517953,117.094247,0.));
#10376=CARTESIAN_POINT('Ctrl Pts',(57.517953,117.094247,1.6));
#10377=CARTESIAN_POINT('',(57.6644,117.4478,1.6));
#10378=CARTESIAN_POINT('Ctrl Pts',(57.6644,117.4478,1.6));
#10379=CARTESIAN_POINT('Ctrl Pts',(57.6644,117.315192,1.6));
#10380=CARTESIAN_POINT('Ctrl Pts',(57.611722,117.188015,1.6));
#10381=CARTESIAN_POINT('Ctrl Pts',(57.517953,117.094247,1.6));
#10382=CARTESIAN_POINT('',(57.6644,117.4478,0.));
#10383=CARTESIAN_POINT('Origin',(57.6644,130.3478,0.));
#10384=CARTESIAN_POINT('',(57.6644,130.3478,1.6));
#10385=CARTESIAN_POINT('',(57.6644,130.3478,1.6));
#10386=CARTESIAN_POINT('',(57.6644,130.3478,0.));
#10387=CARTESIAN_POINT('Ctrl Pts',(57.517953,130.701353,0.));
#10388=CARTESIAN_POINT('Ctrl Pts',(57.517953,130.701353,1.6));
#10389=CARTESIAN_POINT('Ctrl Pts',(57.611722,130.607585,0.));
#10390=CARTESIAN_POINT('Ctrl Pts',(57.611722,130.607585,1.6));
#10391=CARTESIAN_POINT('Ctrl Pts',(57.6644,130.480408,0.));
#10392=CARTESIAN_POINT('Ctrl Pts',(57.6644,130.480408,1.6));
#10393=CARTESIAN_POINT('Ctrl Pts',(57.6644,130.3478,0.));
#10394=CARTESIAN_POINT('Ctrl Pts',(57.6644,130.3478,1.6));
#10395=CARTESIAN_POINT('',(57.517953,130.701353,1.6));
#10396=CARTESIAN_POINT('Ctrl Pts',(57.517953,130.701353,1.6));
#10397=CARTESIAN_POINT('Ctrl Pts',(57.611722,130.607585,1.6));
#10398=CARTESIAN_POINT('Ctrl Pts',(57.6644,130.480408,1.6));
#10399=CARTESIAN_POINT('Ctrl Pts',(57.6644,130.3478,1.6));
#10400=CARTESIAN_POINT('',(57.517953,130.701353,0.));
#10401=CARTESIAN_POINT('Ctrl Pts',(57.1644,130.8478,0.));
#10402=CARTESIAN_POINT('Ctrl Pts',(57.1644,130.8478,1.6));
#10403=CARTESIAN_POINT('Ctrl Pts',(57.297008,130.8478,0.));
#10404=CARTESIAN_POINT('Ctrl Pts',(57.297008,130.8478,1.6));
#10405=CARTESIAN_POINT('Ctrl Pts',(57.424185,130.795122,0.));
#10406=CARTESIAN_POINT('Ctrl Pts',(57.424185,130.795122,1.6));
#10407=CARTESIAN_POINT('Ctrl Pts',(57.517953,130.701353,0.));
#10408=CARTESIAN_POINT('Ctrl Pts',(57.517953,130.701353,1.6));
#10409=CARTESIAN_POINT('Ctrl Pts',(57.1644,130.8478,1.6));
#10410=CARTESIAN_POINT('Ctrl Pts',(57.297008,130.8478,1.6));
#10411=CARTESIAN_POINT('Ctrl Pts',(57.424185,130.795122,1.6));
#10412=CARTESIAN_POINT('Ctrl Pts',(57.517953,130.701353,1.6));
#10413=CARTESIAN_POINT('Origin',(98.2644,107.6928,0.));
#10414=CARTESIAN_POINT('',(111.1644,107.6928,1.6));
#10415=CARTESIAN_POINT('',(111.1644,107.6928,0.));
#10416=CARTESIAN_POINT('',(98.2644,107.6928,1.6));
#10417=CARTESIAN_POINT('',(98.2644,107.6928,1.6));
#10418=CARTESIAN_POINT('',(98.2644,107.6928,0.));
#10419=CARTESIAN_POINT('Ctrl Pts',(97.910847,107.546353,0.));
#10420=CARTESIAN_POINT('Ctrl Pts',(97.910847,107.546353,1.6));
#10421=CARTESIAN_POINT('Ctrl Pts',(98.004615,107.640122,0.));
#10422=CARTESIAN_POINT('Ctrl Pts',(98.004615,107.640122,1.6));
#10423=CARTESIAN_POINT('Ctrl Pts',(98.131792,107.6928,0.));
#10424=CARTESIAN_POINT('Ctrl Pts',(98.131792,107.6928,1.6));
#10425=CARTESIAN_POINT('Ctrl Pts',(98.2644,107.6928,0.));
#10426=CARTESIAN_POINT('Ctrl Pts',(98.2644,107.6928,1.6));
#10427=CARTESIAN_POINT('',(97.910847,107.546353,1.6));
#10428=CARTESIAN_POINT('Ctrl Pts',(97.910847,107.546353,1.6));
#10429=CARTESIAN_POINT('Ctrl Pts',(98.004615,107.640122,1.6));
#10430=CARTESIAN_POINT('Ctrl Pts',(98.131792,107.6928,1.6));
#10431=CARTESIAN_POINT('Ctrl Pts',(98.2644,107.6928,1.6));
#10432=CARTESIAN_POINT('',(97.910847,107.546353,0.));
#10433=CARTESIAN_POINT('Ctrl Pts',(97.7644,107.1928,0.));
#10434=CARTESIAN_POINT('Ctrl Pts',(97.7644,107.1928,1.6));
#10435=CARTESIAN_POINT('Ctrl Pts',(97.7644,107.325408,0.));
#10436=CARTESIAN_POINT('Ctrl Pts',(97.7644,107.325408,1.6));
#10437=CARTESIAN_POINT('Ctrl Pts',(97.817078,107.452585,0.));
#10438=CARTESIAN_POINT('Ctrl Pts',(97.817078,107.452585,1.6));
#10439=CARTESIAN_POINT('Ctrl Pts',(97.910847,107.546353,0.));
#10440=CARTESIAN_POINT('Ctrl Pts',(97.910847,107.546353,1.6));
#10441=CARTESIAN_POINT('',(97.7644,107.1928,1.6));
#10442=CARTESIAN_POINT('Ctrl Pts',(97.7644,107.1928,1.6));
#10443=CARTESIAN_POINT('Ctrl Pts',(97.7644,107.325408,1.6));
#10444=CARTESIAN_POINT('Ctrl Pts',(97.817078,107.452585,1.6));
#10445=CARTESIAN_POINT('Ctrl Pts',(97.910847,107.546353,1.6));
#10446=CARTESIAN_POINT('',(97.7644,107.1928,0.));
#10447=CARTESIAN_POINT('Origin',(97.7644,94.2928,0.));
#10448=CARTESIAN_POINT('',(97.7644,94.2928,1.6));
#10449=CARTESIAN_POINT('',(97.7644,94.2928,1.6));
#10450=CARTESIAN_POINT('',(97.7644,94.2928,0.));
#10451=CARTESIAN_POINT('Ctrl Pts',(97.910847,93.939247,0.));
#10452=CARTESIAN_POINT('Ctrl Pts',(97.910847,93.939247,1.6));
#10453=CARTESIAN_POINT('Ctrl Pts',(97.817078,94.033015,0.));
#10454=CARTESIAN_POINT('Ctrl Pts',(97.817078,94.033015,1.6));
#10455=CARTESIAN_POINT('Ctrl Pts',(97.7644,94.160192,0.));
#10456=CARTESIAN_POINT('Ctrl Pts',(97.7644,94.160192,1.6));
#10457=CARTESIAN_POINT('Ctrl Pts',(97.7644,94.2928,0.));
#10458=CARTESIAN_POINT('Ctrl Pts',(97.7644,94.2928,1.6));
#10459=CARTESIAN_POINT('',(97.910847,93.939247,1.6));
#10460=CARTESIAN_POINT('Ctrl Pts',(97.910847,93.939247,1.6));
#10461=CARTESIAN_POINT('Ctrl Pts',(97.817078,94.033015,1.6));
#10462=CARTESIAN_POINT('Ctrl Pts',(97.7644,94.160192,1.6));
#10463=CARTESIAN_POINT('Ctrl Pts',(97.7644,94.2928,1.6));
#10464=CARTESIAN_POINT('',(97.910847,93.939247,0.));
#10465=CARTESIAN_POINT('Ctrl Pts',(98.2644,93.7928,0.));
#10466=CARTESIAN_POINT('Ctrl Pts',(98.2644,93.7928,1.6));
#10467=CARTESIAN_POINT('Ctrl Pts',(98.131792,93.7928,0.));
#10468=CARTESIAN_POINT('Ctrl Pts',(98.131792,93.7928,1.6));
#10469=CARTESIAN_POINT('Ctrl Pts',(98.004615,93.845478,0.));
#10470=CARTESIAN_POINT('Ctrl Pts',(98.004615,93.845478,1.6));
#10471=CARTESIAN_POINT('Ctrl Pts',(97.910847,93.939247,0.));
#10472=CARTESIAN_POINT('Ctrl Pts',(97.910847,93.939247,1.6));
#10473=CARTESIAN_POINT('',(98.2644,93.7928,1.6));
#10474=CARTESIAN_POINT('Ctrl Pts',(98.2644,93.7928,1.6));
#10475=CARTESIAN_POINT('Ctrl Pts',(98.131792,93.7928,1.6));
#10476=CARTESIAN_POINT('Ctrl Pts',(98.004615,93.845478,1.6));
#10477=CARTESIAN_POINT('Ctrl Pts',(97.910847,93.939247,1.6));
#10478=CARTESIAN_POINT('',(98.2644,93.7928,0.));
#10479=CARTESIAN_POINT('Origin',(111.1644,93.7928,0.));
#10480=CARTESIAN_POINT('',(111.1644,93.7928,1.6));
#10481=CARTESIAN_POINT('',(111.1644,93.7928,1.6));
#10482=CARTESIAN_POINT('',(111.1644,93.7928,0.));
#10483=CARTESIAN_POINT('Ctrl Pts',(111.517953,93.939247,0.));
#10484=CARTESIAN_POINT('Ctrl Pts',(111.517953,93.939247,1.6));
#10485=CARTESIAN_POINT('Ctrl Pts',(111.424185,93.845478,0.));
#10486=CARTESIAN_POINT('Ctrl Pts',(111.424185,93.845478,1.6));
#10487=CARTESIAN_POINT('Ctrl Pts',(111.297008,93.7928,0.));
#10488=CARTESIAN_POINT('Ctrl Pts',(111.297008,93.7928,1.6));
#10489=CARTESIAN_POINT('Ctrl Pts',(111.1644,93.7928,0.));
#10490=CARTESIAN_POINT('Ctrl Pts',(111.1644,93.7928,1.6));
#10491=CARTESIAN_POINT('',(111.517953,93.939247,1.6));
#10492=CARTESIAN_POINT('Ctrl Pts',(111.517953,93.939247,1.6));
#10493=CARTESIAN_POINT('Ctrl Pts',(111.424185,93.845478,1.6));
#10494=CARTESIAN_POINT('Ctrl Pts',(111.297008,93.7928,1.6));
#10495=CARTESIAN_POINT('Ctrl Pts',(111.1644,93.7928,1.6));
#10496=CARTESIAN_POINT('',(111.517953,93.939247,0.));
#10497=CARTESIAN_POINT('Ctrl Pts',(111.6644,94.2928,0.));
#10498=CARTESIAN_POINT('Ctrl Pts',(111.6644,94.2928,1.6));
#10499=CARTESIAN_POINT('Ctrl Pts',(111.6644,94.160192,0.));
#10500=CARTESIAN_POINT('Ctrl Pts',(111.6644,94.160192,1.6));
#10501=CARTESIAN_POINT('Ctrl Pts',(111.611722,94.033015,0.));
#10502=CARTESIAN_POINT('Ctrl Pts',(111.611722,94.033015,1.6));
#10503=CARTESIAN_POINT('Ctrl Pts',(111.517953,93.939247,0.));
#10504=CARTESIAN_POINT('Ctrl Pts',(111.517953,93.939247,1.6));
#10505=CARTESIAN_POINT('',(111.6644,94.2928,1.6));
#10506=CARTESIAN_POINT('Ctrl Pts',(111.6644,94.2928,1.6));
#10507=CARTESIAN_POINT('Ctrl Pts',(111.6644,94.160192,1.6));
#10508=CARTESIAN_POINT('Ctrl Pts',(111.611722,94.033015,1.6));
#10509=CARTESIAN_POINT('Ctrl Pts',(111.517953,93.939247,1.6));
#10510=CARTESIAN_POINT('',(111.6644,94.2928,0.));
#10511=CARTESIAN_POINT('Origin',(111.6644,107.1928,0.));
#10512=CARTESIAN_POINT('',(111.6644,107.1928,1.6));
#10513=CARTESIAN_POINT('',(111.6644,107.1928,1.6));
#10514=CARTESIAN_POINT('',(111.6644,107.1928,0.));
#10515=CARTESIAN_POINT('Ctrl Pts',(111.517953,107.546353,0.));
#10516=CARTESIAN_POINT('Ctrl Pts',(111.517953,107.546353,1.6));
#10517=CARTESIAN_POINT('Ctrl Pts',(111.611722,107.452585,0.));
#10518=CARTESIAN_POINT('Ctrl Pts',(111.611722,107.452585,1.6));
#10519=CARTESIAN_POINT('Ctrl Pts',(111.6644,107.325408,0.));
#10520=CARTESIAN_POINT('Ctrl Pts',(111.6644,107.325408,1.6));
#10521=CARTESIAN_POINT('Ctrl Pts',(111.6644,107.1928,0.));
#10522=CARTESIAN_POINT('Ctrl Pts',(111.6644,107.1928,1.6));
#10523=CARTESIAN_POINT('',(111.517953,107.546353,1.6));
#10524=CARTESIAN_POINT('Ctrl Pts',(111.517953,107.546353,1.6));
#10525=CARTESIAN_POINT('Ctrl Pts',(111.611722,107.452585,1.6));
#10526=CARTESIAN_POINT('Ctrl Pts',(111.6644,107.325408,1.6));
#10527=CARTESIAN_POINT('Ctrl Pts',(111.6644,107.1928,1.6));
#10528=CARTESIAN_POINT('',(111.517953,107.546353,0.));
#10529=CARTESIAN_POINT('Ctrl Pts',(111.1644,107.6928,0.));
#10530=CARTESIAN_POINT('Ctrl Pts',(111.1644,107.6928,1.6));
#10531=CARTESIAN_POINT('Ctrl Pts',(111.297008,107.6928,0.));
#10532=CARTESIAN_POINT('Ctrl Pts',(111.297008,107.6928,1.6));
#10533=CARTESIAN_POINT('Ctrl Pts',(111.424185,107.640122,0.));
#10534=CARTESIAN_POINT('Ctrl Pts',(111.424185,107.640122,1.6));
#10535=CARTESIAN_POINT('Ctrl Pts',(111.517953,107.546353,0.));
#10536=CARTESIAN_POINT('Ctrl Pts',(111.517953,107.546353,1.6));
#10537=CARTESIAN_POINT('Ctrl Pts',(111.1644,107.6928,1.6));
#10538=CARTESIAN_POINT('Ctrl Pts',(111.297008,107.6928,1.6));
#10539=CARTESIAN_POINT('Ctrl Pts',(111.424185,107.640122,1.6));
#10540=CARTESIAN_POINT('Ctrl Pts',(111.517953,107.546353,1.6));
#10541=CARTESIAN_POINT('Origin',(96.0457,75.0954,0.));
#10542=CARTESIAN_POINT('',(100.4578,87.2175,1.6));
#10543=CARTESIAN_POINT('',(100.4578,87.2175,0.));
#10544=CARTESIAN_POINT('',(96.0457,75.0954,1.6));
#10545=CARTESIAN_POINT('',(96.0457,75.0954,1.6));
#10546=CARTESIAN_POINT('',(96.0457,75.0954,0.));
#10547=CARTESIAN_POINT('Ctrl Pts',(96.3445,74.4546,0.));
#10548=CARTESIAN_POINT('Ctrl Pts',(96.3445,74.4546,1.6));
#10549=CARTESIAN_POINT('Ctrl Pts',(96.085056,74.549061,0.));
#10550=CARTESIAN_POINT('Ctrl Pts',(96.085056,74.549061,1.6));
#10551=CARTESIAN_POINT('Ctrl Pts',(95.951287,74.835938,0.));
#10552=CARTESIAN_POINT('Ctrl Pts',(95.951287,74.835938,1.6));
#10553=CARTESIAN_POINT('Ctrl Pts',(96.0457,75.0954,0.));
#10554=CARTESIAN_POINT('Ctrl Pts',(96.0457,75.0954,1.6));
#10555=CARTESIAN_POINT('',(96.3445,74.4546,1.6));
#10556=CARTESIAN_POINT('Ctrl Pts',(96.3445,74.4546,1.6));
#10557=CARTESIAN_POINT('Ctrl Pts',(96.085056,74.549061,1.6));
#10558=CARTESIAN_POINT('Ctrl Pts',(95.951287,74.835938,1.6));
#10559=CARTESIAN_POINT('Ctrl Pts',(96.0457,75.0954,1.6));
#10560=CARTESIAN_POINT('',(96.3445,74.4546,0.));
#10561=CARTESIAN_POINT('Origin',(108.4666,70.0425,0.));
#10562=CARTESIAN_POINT('',(108.4666,70.0425,1.6));
#10563=CARTESIAN_POINT('',(108.4666,70.0425,1.6));
#10564=CARTESIAN_POINT('',(108.4666,70.0425,0.));
#10565=CARTESIAN_POINT('Ctrl Pts',(109.1074,70.3413,0.));
#10566=CARTESIAN_POINT('Ctrl Pts',(109.1074,70.3413,1.6));
#10567=CARTESIAN_POINT('Ctrl Pts',(109.012939,70.081856,0.));
#10568=CARTESIAN_POINT('Ctrl Pts',(109.012939,70.081856,1.6));
#10569=CARTESIAN_POINT('Ctrl Pts',(108.726062,69.948087,0.));
#10570=CARTESIAN_POINT('Ctrl Pts',(108.726062,69.948087,1.6));
#10571=CARTESIAN_POINT('Ctrl Pts',(108.4666,70.0425,0.));
#10572=CARTESIAN_POINT('Ctrl Pts',(108.4666,70.0425,1.6));
#10573=CARTESIAN_POINT('',(109.1074,70.3413,1.6));
#10574=CARTESIAN_POINT('Ctrl Pts',(109.1074,70.3413,1.6));
#10575=CARTESIAN_POINT('Ctrl Pts',(109.012939,70.081856,1.6));
#10576=CARTESIAN_POINT('Ctrl Pts',(108.726062,69.948087,1.6));
#10577=CARTESIAN_POINT('Ctrl Pts',(108.4666,70.0425,1.6));
#10578=CARTESIAN_POINT('',(109.1074,70.3413,0.));
#10579=CARTESIAN_POINT('Origin',(113.5195,82.4634,0.));
#10580=CARTESIAN_POINT('',(113.5195,82.4634,1.6));
#10581=CARTESIAN_POINT('',(113.5195,82.4634,1.6));
#10582=CARTESIAN_POINT('',(113.5195,82.4634,0.));
#10583=CARTESIAN_POINT('Ctrl Pts',(113.2207,83.1042,0.));
#10584=CARTESIAN_POINT('Ctrl Pts',(113.2207,83.1042,1.6));
#10585=CARTESIAN_POINT('Ctrl Pts',(113.480144,83.009739,0.));
#10586=CARTESIAN_POINT('Ctrl Pts',(113.480144,83.009739,1.6));
#10587=CARTESIAN_POINT('Ctrl Pts',(113.613913,82.722862,0.));
#10588=CARTESIAN_POINT('Ctrl Pts',(113.613913,82.722862,1.6));
#10589=CARTESIAN_POINT('Ctrl Pts',(113.5195,82.4634,0.));
#10590=CARTESIAN_POINT('Ctrl Pts',(113.5195,82.4634,1.6));
#10591=CARTESIAN_POINT('',(113.2207,83.1042,1.6));
#10592=CARTESIAN_POINT('Ctrl Pts',(113.2207,83.1042,1.6));
#10593=CARTESIAN_POINT('Ctrl Pts',(113.480144,83.009739,1.6));
#10594=CARTESIAN_POINT('Ctrl Pts',(113.613913,82.722862,1.6));
#10595=CARTESIAN_POINT('Ctrl Pts',(113.5195,82.4634,1.6));
#10596=CARTESIAN_POINT('',(113.2207,83.1042,0.));
#10597=CARTESIAN_POINT('Origin',(101.0986,87.5163,0.));
#10598=CARTESIAN_POINT('',(101.0986,87.5163,1.6));
#10599=CARTESIAN_POINT('',(101.0986,87.5163,1.6));
#10600=CARTESIAN_POINT('',(101.0986,87.5163,0.));
#10601=CARTESIAN_POINT('Ctrl Pts',(100.4578,87.2175,0.));
#10602=CARTESIAN_POINT('Ctrl Pts',(100.4578,87.2175,1.6));
#10603=CARTESIAN_POINT('Ctrl Pts',(100.552261,87.476944,0.));
#10604=CARTESIAN_POINT('Ctrl Pts',(100.552261,87.476944,1.6));
#10605=CARTESIAN_POINT('Ctrl Pts',(100.839138,87.610713,0.));
#10606=CARTESIAN_POINT('Ctrl Pts',(100.839138,87.610713,1.6));
#10607=CARTESIAN_POINT('Ctrl Pts',(101.0986,87.5163,0.));
#10608=CARTESIAN_POINT('Ctrl Pts',(101.0986,87.5163,1.6));
#10609=CARTESIAN_POINT('Ctrl Pts',(100.4578,87.2175,1.6));
#10610=CARTESIAN_POINT('Ctrl Pts',(100.552261,87.476944,1.6));
#10611=CARTESIAN_POINT('Ctrl Pts',(100.839138,87.610713,1.6));
#10612=CARTESIAN_POINT('Ctrl Pts',(101.0986,87.5163,1.6));
#10613=CARTESIAN_POINT('Origin',(26.2644,100.8478,0.));
#10614=CARTESIAN_POINT('',(39.1644,100.8478,1.6));
#10615=CARTESIAN_POINT('',(39.1644,100.8478,0.));
#10616=CARTESIAN_POINT('',(26.2644,100.8478,1.6));
#10617=CARTESIAN_POINT('',(26.2644,100.8478,1.6));
#10618=CARTESIAN_POINT('',(26.2644,100.8478,0.));
#10619=CARTESIAN_POINT('Ctrl Pts',(25.910847,100.701353,0.));
#10620=CARTESIAN_POINT('Ctrl Pts',(25.910847,100.701353,1.6));
#10621=CARTESIAN_POINT('Ctrl Pts',(26.004615,100.795122,0.));
#10622=CARTESIAN_POINT('Ctrl Pts',(26.004615,100.795122,1.6));
#10623=CARTESIAN_POINT('Ctrl Pts',(26.131792,100.8478,0.));
#10624=CARTESIAN_POINT('Ctrl Pts',(26.131792,100.8478,1.6));
#10625=CARTESIAN_POINT('Ctrl Pts',(26.2644,100.8478,0.));
#10626=CARTESIAN_POINT('Ctrl Pts',(26.2644,100.8478,1.6));
#10627=CARTESIAN_POINT('',(25.910847,100.701353,1.6));
#10628=CARTESIAN_POINT('Ctrl Pts',(25.910847,100.701353,1.6));
#10629=CARTESIAN_POINT('Ctrl Pts',(26.004615,100.795122,1.6));
#10630=CARTESIAN_POINT('Ctrl Pts',(26.131792,100.8478,1.6));
#10631=CARTESIAN_POINT('Ctrl Pts',(26.2644,100.8478,1.6));
#10632=CARTESIAN_POINT('',(25.910847,100.701353,0.));
#10633=CARTESIAN_POINT('Ctrl Pts',(25.7644,100.3478,0.));
#10634=CARTESIAN_POINT('Ctrl Pts',(25.7644,100.3478,1.6));
#10635=CARTESIAN_POINT('Ctrl Pts',(25.7644,100.480408,0.));
#10636=CARTESIAN_POINT('Ctrl Pts',(25.7644,100.480408,1.6));
#10637=CARTESIAN_POINT('Ctrl Pts',(25.817078,100.607585,0.));
#10638=CARTESIAN_POINT('Ctrl Pts',(25.817078,100.607585,1.6));
#10639=CARTESIAN_POINT('Ctrl Pts',(25.910847,100.701353,0.));
#10640=CARTESIAN_POINT('Ctrl Pts',(25.910847,100.701353,1.6));
#10641=CARTESIAN_POINT('',(25.7644,100.3478,1.6));
#10642=CARTESIAN_POINT('Ctrl Pts',(25.7644,100.3478,1.6));
#10643=CARTESIAN_POINT('Ctrl Pts',(25.7644,100.480408,1.6));
#10644=CARTESIAN_POINT('Ctrl Pts',(25.817078,100.607585,1.6));
#10645=CARTESIAN_POINT('Ctrl Pts',(25.910847,100.701353,1.6));
#10646=CARTESIAN_POINT('',(25.7644,100.3478,0.));
#10647=CARTESIAN_POINT('Origin',(25.7644,87.4478,0.));
#10648=CARTESIAN_POINT('',(25.7644,87.4478,1.6));
#10649=CARTESIAN_POINT('',(25.7644,87.4478,1.6));
#10650=CARTESIAN_POINT('',(25.7644,87.4478,0.));
#10651=CARTESIAN_POINT('Ctrl Pts',(25.910847,87.094247,0.));
#10652=CARTESIAN_POINT('Ctrl Pts',(25.910847,87.094247,1.6));
#10653=CARTESIAN_POINT('Ctrl Pts',(25.817078,87.188015,0.));
#10654=CARTESIAN_POINT('Ctrl Pts',(25.817078,87.188015,1.6));
#10655=CARTESIAN_POINT('Ctrl Pts',(25.7644,87.315192,0.));
#10656=CARTESIAN_POINT('Ctrl Pts',(25.7644,87.315192,1.6));
#10657=CARTESIAN_POINT('Ctrl Pts',(25.7644,87.4478,0.));
#10658=CARTESIAN_POINT('Ctrl Pts',(25.7644,87.4478,1.6));
#10659=CARTESIAN_POINT('',(25.910847,87.094247,1.6));
#10660=CARTESIAN_POINT('Ctrl Pts',(25.910847,87.094247,1.6));
#10661=CARTESIAN_POINT('Ctrl Pts',(25.817078,87.188015,1.6));
#10662=CARTESIAN_POINT('Ctrl Pts',(25.7644,87.315192,1.6));
#10663=CARTESIAN_POINT('Ctrl Pts',(25.7644,87.4478,1.6));
#10664=CARTESIAN_POINT('',(25.910847,87.094247,0.));
#10665=CARTESIAN_POINT('Ctrl Pts',(26.2644,86.9478,0.));
#10666=CARTESIAN_POINT('Ctrl Pts',(26.2644,86.9478,1.6));
#10667=CARTESIAN_POINT('Ctrl Pts',(26.131792,86.9478,0.));
#10668=CARTESIAN_POINT('Ctrl Pts',(26.131792,86.9478,1.6));
#10669=CARTESIAN_POINT('Ctrl Pts',(26.004615,87.000478,0.));
#10670=CARTESIAN_POINT('Ctrl Pts',(26.004615,87.000478,1.6));
#10671=CARTESIAN_POINT('Ctrl Pts',(25.910847,87.094247,0.));
#10672=CARTESIAN_POINT('Ctrl Pts',(25.910847,87.094247,1.6));
#10673=CARTESIAN_POINT('',(26.2644,86.9478,1.6));
#10674=CARTESIAN_POINT('Ctrl Pts',(26.2644,86.9478,1.6));
#10675=CARTESIAN_POINT('Ctrl Pts',(26.131792,86.9478,1.6));
#10676=CARTESIAN_POINT('Ctrl Pts',(26.004615,87.000478,1.6));
#10677=CARTESIAN_POINT('Ctrl Pts',(25.910847,87.094247,1.6));
#10678=CARTESIAN_POINT('',(26.2644,86.9478,0.));
#10679=CARTESIAN_POINT('Origin',(39.1644,86.9478,0.));
#10680=CARTESIAN_POINT('',(39.1644,86.9478,1.6));
#10681=CARTESIAN_POINT('',(39.1644,86.9478,1.6));
#10682=CARTESIAN_POINT('',(39.1644,86.9478,0.));
#10683=CARTESIAN_POINT('Ctrl Pts',(39.517953,87.094247,0.));
#10684=CARTESIAN_POINT('Ctrl Pts',(39.517953,87.094247,1.6));
#10685=CARTESIAN_POINT('Ctrl Pts',(39.424185,87.000478,0.));
#10686=CARTESIAN_POINT('Ctrl Pts',(39.424185,87.000478,1.6));
#10687=CARTESIAN_POINT('Ctrl Pts',(39.297008,86.9478,0.));
#10688=CARTESIAN_POINT('Ctrl Pts',(39.297008,86.9478,1.6));
#10689=CARTESIAN_POINT('Ctrl Pts',(39.1644,86.9478,0.));
#10690=CARTESIAN_POINT('Ctrl Pts',(39.1644,86.9478,1.6));
#10691=CARTESIAN_POINT('',(39.517953,87.094247,1.6));
#10692=CARTESIAN_POINT('Ctrl Pts',(39.517953,87.094247,1.6));
#10693=CARTESIAN_POINT('Ctrl Pts',(39.424185,87.000478,1.6));
#10694=CARTESIAN_POINT('Ctrl Pts',(39.297008,86.9478,1.6));
#10695=CARTESIAN_POINT('Ctrl Pts',(39.1644,86.9478,1.6));
#10696=CARTESIAN_POINT('',(39.517953,87.094247,0.));
#10697=CARTESIAN_POINT('Ctrl Pts',(39.6644,87.4478,0.));
#10698=CARTESIAN_POINT('Ctrl Pts',(39.6644,87.4478,1.6));
#10699=CARTESIAN_POINT('Ctrl Pts',(39.6644,87.315192,0.));
#10700=CARTESIAN_POINT('Ctrl Pts',(39.6644,87.315192,1.6));
#10701=CARTESIAN_POINT('Ctrl Pts',(39.611722,87.188015,0.));
#10702=CARTESIAN_POINT('Ctrl Pts',(39.611722,87.188015,1.6));
#10703=CARTESIAN_POINT('Ctrl Pts',(39.517953,87.094247,0.));
#10704=CARTESIAN_POINT('Ctrl Pts',(39.517953,87.094247,1.6));
#10705=CARTESIAN_POINT('',(39.6644,87.4478,1.6));
#10706=CARTESIAN_POINT('Ctrl Pts',(39.6644,87.4478,1.6));
#10707=CARTESIAN_POINT('Ctrl Pts',(39.6644,87.315192,1.6));
#10708=CARTESIAN_POINT('Ctrl Pts',(39.611722,87.188015,1.6));
#10709=CARTESIAN_POINT('Ctrl Pts',(39.517953,87.094247,1.6));
#10710=CARTESIAN_POINT('',(39.6644,87.4478,0.));
#10711=CARTESIAN_POINT('Origin',(39.6644,100.3478,0.));
#10712=CARTESIAN_POINT('',(39.6644,100.3478,1.6));
#10713=CARTESIAN_POINT('',(39.6644,100.3478,1.6));
#10714=CARTESIAN_POINT('',(39.6644,100.3478,0.));
#10715=CARTESIAN_POINT('Ctrl Pts',(39.517953,100.701353,0.));
#10716=CARTESIAN_POINT('Ctrl Pts',(39.517953,100.701353,1.6));
#10717=CARTESIAN_POINT('Ctrl Pts',(39.611722,100.607585,0.));
#10718=CARTESIAN_POINT('Ctrl Pts',(39.611722,100.607585,1.6));
#10719=CARTESIAN_POINT('Ctrl Pts',(39.6644,100.480408,0.));
#10720=CARTESIAN_POINT('Ctrl Pts',(39.6644,100.480408,1.6));
#10721=CARTESIAN_POINT('Ctrl Pts',(39.6644,100.3478,0.));
#10722=CARTESIAN_POINT('Ctrl Pts',(39.6644,100.3478,1.6));
#10723=CARTESIAN_POINT('',(39.517953,100.701353,1.6));
#10724=CARTESIAN_POINT('Ctrl Pts',(39.517953,100.701353,1.6));
#10725=CARTESIAN_POINT('Ctrl Pts',(39.611722,100.607585,1.6));
#10726=CARTESIAN_POINT('Ctrl Pts',(39.6644,100.480408,1.6));
#10727=CARTESIAN_POINT('Ctrl Pts',(39.6644,100.3478,1.6));
#10728=CARTESIAN_POINT('',(39.517953,100.701353,0.));
#10729=CARTESIAN_POINT('Ctrl Pts',(39.1644,100.8478,0.));
#10730=CARTESIAN_POINT('Ctrl Pts',(39.1644,100.8478,1.6));
#10731=CARTESIAN_POINT('Ctrl Pts',(39.297008,100.8478,0.));
#10732=CARTESIAN_POINT('Ctrl Pts',(39.297008,100.8478,1.6));
#10733=CARTESIAN_POINT('Ctrl Pts',(39.424185,100.795122,0.));
#10734=CARTESIAN_POINT('Ctrl Pts',(39.424185,100.795122,1.6));
#10735=CARTESIAN_POINT('Ctrl Pts',(39.517953,100.701353,0.));
#10736=CARTESIAN_POINT('Ctrl Pts',(39.517953,100.701353,1.6));
#10737=CARTESIAN_POINT('Ctrl Pts',(39.1644,100.8478,1.6));
#10738=CARTESIAN_POINT('Ctrl Pts',(39.297008,100.8478,1.6));
#10739=CARTESIAN_POINT('Ctrl Pts',(39.424185,100.795122,1.6));
#10740=CARTESIAN_POINT('Ctrl Pts',(39.517953,100.701353,1.6));
#10741=CARTESIAN_POINT('Origin',(62.2644,156.3478,0.));
#10742=CARTESIAN_POINT('',(75.1644,156.3478,1.6));
#10743=CARTESIAN_POINT('',(75.1644,156.3478,0.));
#10744=CARTESIAN_POINT('',(62.2644,156.3478,1.6));
#10745=CARTESIAN_POINT('',(62.2644,156.3478,1.6));
#10746=CARTESIAN_POINT('',(62.2644,156.3478,0.));
#10747=CARTESIAN_POINT('Ctrl Pts',(61.910847,156.201353,0.));
#10748=CARTESIAN_POINT('Ctrl Pts',(61.910847,156.201353,1.6));
#10749=CARTESIAN_POINT('Ctrl Pts',(62.004615,156.295122,0.));
#10750=CARTESIAN_POINT('Ctrl Pts',(62.004615,156.295122,1.6));
#10751=CARTESIAN_POINT('Ctrl Pts',(62.131792,156.3478,0.));
#10752=CARTESIAN_POINT('Ctrl Pts',(62.131792,156.3478,1.6));
#10753=CARTESIAN_POINT('Ctrl Pts',(62.2644,156.3478,0.));
#10754=CARTESIAN_POINT('Ctrl Pts',(62.2644,156.3478,1.6));
#10755=CARTESIAN_POINT('',(61.910847,156.201353,1.6));
#10756=CARTESIAN_POINT('Ctrl Pts',(61.910847,156.201353,1.6));
#10757=CARTESIAN_POINT('Ctrl Pts',(62.004615,156.295122,1.6));
#10758=CARTESIAN_POINT('Ctrl Pts',(62.131792,156.3478,1.6));
#10759=CARTESIAN_POINT('Ctrl Pts',(62.2644,156.3478,1.6));
#10760=CARTESIAN_POINT('',(61.910847,156.201353,0.));
#10761=CARTESIAN_POINT('Ctrl Pts',(61.7644,155.8478,0.));
#10762=CARTESIAN_POINT('Ctrl Pts',(61.7644,155.8478,1.6));
#10763=CARTESIAN_POINT('Ctrl Pts',(61.7644,155.980408,0.));
#10764=CARTESIAN_POINT('Ctrl Pts',(61.7644,155.980408,1.6));
#10765=CARTESIAN_POINT('Ctrl Pts',(61.817078,156.107585,0.));
#10766=CARTESIAN_POINT('Ctrl Pts',(61.817078,156.107585,1.6));
#10767=CARTESIAN_POINT('Ctrl Pts',(61.910847,156.201353,0.));
#10768=CARTESIAN_POINT('Ctrl Pts',(61.910847,156.201353,1.6));
#10769=CARTESIAN_POINT('',(61.7644,155.8478,1.6));
#10770=CARTESIAN_POINT('Ctrl Pts',(61.7644,155.8478,1.6));
#10771=CARTESIAN_POINT('Ctrl Pts',(61.7644,155.980408,1.6));
#10772=CARTESIAN_POINT('Ctrl Pts',(61.817078,156.107585,1.6));
#10773=CARTESIAN_POINT('Ctrl Pts',(61.910847,156.201353,1.6));
#10774=CARTESIAN_POINT('',(61.7644,155.8478,0.));
#10775=CARTESIAN_POINT('Origin',(61.7644,142.9478,0.));
#10776=CARTESIAN_POINT('',(61.7644,142.9478,1.6));
#10777=CARTESIAN_POINT('',(61.7644,142.9478,1.6));
#10778=CARTESIAN_POINT('',(61.7644,142.9478,0.));
#10779=CARTESIAN_POINT('Ctrl Pts',(61.910847,142.594247,0.));
#10780=CARTESIAN_POINT('Ctrl Pts',(61.910847,142.594247,1.6));
#10781=CARTESIAN_POINT('Ctrl Pts',(61.817078,142.688015,0.));
#10782=CARTESIAN_POINT('Ctrl Pts',(61.817078,142.688015,1.6));
#10783=CARTESIAN_POINT('Ctrl Pts',(61.7644,142.815192,0.));
#10784=CARTESIAN_POINT('Ctrl Pts',(61.7644,142.815192,1.6));
#10785=CARTESIAN_POINT('Ctrl Pts',(61.7644,142.9478,0.));
#10786=CARTESIAN_POINT('Ctrl Pts',(61.7644,142.9478,1.6));
#10787=CARTESIAN_POINT('',(61.910847,142.594247,1.6));
#10788=CARTESIAN_POINT('Ctrl Pts',(61.910847,142.594247,1.6));
#10789=CARTESIAN_POINT('Ctrl Pts',(61.817078,142.688015,1.6));
#10790=CARTESIAN_POINT('Ctrl Pts',(61.7644,142.815192,1.6));
#10791=CARTESIAN_POINT('Ctrl Pts',(61.7644,142.9478,1.6));
#10792=CARTESIAN_POINT('',(61.910847,142.594247,0.));
#10793=CARTESIAN_POINT('Ctrl Pts',(62.2644,142.4478,0.));
#10794=CARTESIAN_POINT('Ctrl Pts',(62.2644,142.4478,1.6));
#10795=CARTESIAN_POINT('Ctrl Pts',(62.131792,142.4478,0.));
#10796=CARTESIAN_POINT('Ctrl Pts',(62.131792,142.4478,1.6));
#10797=CARTESIAN_POINT('Ctrl Pts',(62.004615,142.500478,0.));
#10798=CARTESIAN_POINT('Ctrl Pts',(62.004615,142.500478,1.6));
#10799=CARTESIAN_POINT('Ctrl Pts',(61.910847,142.594247,0.));
#10800=CARTESIAN_POINT('Ctrl Pts',(61.910847,142.594247,1.6));
#10801=CARTESIAN_POINT('',(62.2644,142.4478,1.6));
#10802=CARTESIAN_POINT('Ctrl Pts',(62.2644,142.4478,1.6));
#10803=CARTESIAN_POINT('Ctrl Pts',(62.131792,142.4478,1.6));
#10804=CARTESIAN_POINT('Ctrl Pts',(62.004615,142.500478,1.6));
#10805=CARTESIAN_POINT('Ctrl Pts',(61.910847,142.594247,1.6));
#10806=CARTESIAN_POINT('',(62.2644,142.4478,0.));
#10807=CARTESIAN_POINT('Origin',(75.1644,142.4478,0.));
#10808=CARTESIAN_POINT('',(75.1644,142.4478,1.6));
#10809=CARTESIAN_POINT('',(75.1644,142.4478,1.6));
#10810=CARTESIAN_POINT('',(75.1644,142.4478,0.));
#10811=CARTESIAN_POINT('Ctrl Pts',(75.517953,142.594247,0.));
#10812=CARTESIAN_POINT('Ctrl Pts',(75.517953,142.594247,1.6));
#10813=CARTESIAN_POINT('Ctrl Pts',(75.424185,142.500478,0.));
#10814=CARTESIAN_POINT('Ctrl Pts',(75.424185,142.500478,1.6));
#10815=CARTESIAN_POINT('Ctrl Pts',(75.297008,142.4478,0.));
#10816=CARTESIAN_POINT('Ctrl Pts',(75.297008,142.4478,1.6));
#10817=CARTESIAN_POINT('Ctrl Pts',(75.1644,142.4478,0.));
#10818=CARTESIAN_POINT('Ctrl Pts',(75.1644,142.4478,1.6));
#10819=CARTESIAN_POINT('',(75.517953,142.594247,1.6));
#10820=CARTESIAN_POINT('Ctrl Pts',(75.517953,142.594247,1.6));
#10821=CARTESIAN_POINT('Ctrl Pts',(75.424185,142.500478,1.6));
#10822=CARTESIAN_POINT('Ctrl Pts',(75.297008,142.4478,1.6));
#10823=CARTESIAN_POINT('Ctrl Pts',(75.1644,142.4478,1.6));
#10824=CARTESIAN_POINT('',(75.517953,142.594247,0.));
#10825=CARTESIAN_POINT('Ctrl Pts',(75.6644,142.9478,0.));
#10826=CARTESIAN_POINT('Ctrl Pts',(75.6644,142.9478,1.6));
#10827=CARTESIAN_POINT('Ctrl Pts',(75.6644,142.815192,0.));
#10828=CARTESIAN_POINT('Ctrl Pts',(75.6644,142.815192,1.6));
#10829=CARTESIAN_POINT('Ctrl Pts',(75.611722,142.688015,0.));
#10830=CARTESIAN_POINT('Ctrl Pts',(75.611722,142.688015,1.6));
#10831=CARTESIAN_POINT('Ctrl Pts',(75.517953,142.594247,0.));
#10832=CARTESIAN_POINT('Ctrl Pts',(75.517953,142.594247,1.6));
#10833=CARTESIAN_POINT('',(75.6644,142.9478,1.6));
#10834=CARTESIAN_POINT('Ctrl Pts',(75.6644,142.9478,1.6));
#10835=CARTESIAN_POINT('Ctrl Pts',(75.6644,142.815192,1.6));
#10836=CARTESIAN_POINT('Ctrl Pts',(75.611722,142.688015,1.6));
#10837=CARTESIAN_POINT('Ctrl Pts',(75.517953,142.594247,1.6));
#10838=CARTESIAN_POINT('',(75.6644,142.9478,0.));
#10839=CARTESIAN_POINT('Origin',(75.6644,155.8478,0.));
#10840=CARTESIAN_POINT('',(75.6644,155.8478,1.6));
#10841=CARTESIAN_POINT('',(75.6644,155.8478,1.6));
#10842=CARTESIAN_POINT('',(75.6644,155.8478,0.));
#10843=CARTESIAN_POINT('Ctrl Pts',(75.517953,156.201353,0.));
#10844=CARTESIAN_POINT('Ctrl Pts',(75.517953,156.201353,1.6));
#10845=CARTESIAN_POINT('Ctrl Pts',(75.611722,156.107585,0.));
#10846=CARTESIAN_POINT('Ctrl Pts',(75.611722,156.107585,1.6));
#10847=CARTESIAN_POINT('Ctrl Pts',(75.6644,155.980408,0.));
#10848=CARTESIAN_POINT('Ctrl Pts',(75.6644,155.980408,1.6));
#10849=CARTESIAN_POINT('Ctrl Pts',(75.6644,155.8478,0.));
#10850=CARTESIAN_POINT('Ctrl Pts',(75.6644,155.8478,1.6));
#10851=CARTESIAN_POINT('',(75.517953,156.201353,1.6));
#10852=CARTESIAN_POINT('Ctrl Pts',(75.517953,156.201353,1.6));
#10853=CARTESIAN_POINT('Ctrl Pts',(75.611722,156.107585,1.6));
#10854=CARTESIAN_POINT('Ctrl Pts',(75.6644,155.980408,1.6));
#10855=CARTESIAN_POINT('Ctrl Pts',(75.6644,155.8478,1.6));
#10856=CARTESIAN_POINT('',(75.517953,156.201353,0.));
#10857=CARTESIAN_POINT('Ctrl Pts',(75.1644,156.3478,0.));
#10858=CARTESIAN_POINT('Ctrl Pts',(75.1644,156.3478,1.6));
#10859=CARTESIAN_POINT('Ctrl Pts',(75.297008,156.3478,0.));
#10860=CARTESIAN_POINT('Ctrl Pts',(75.297008,156.3478,1.6));
#10861=CARTESIAN_POINT('Ctrl Pts',(75.424185,156.295122,0.));
#10862=CARTESIAN_POINT('Ctrl Pts',(75.424185,156.295122,1.6));
#10863=CARTESIAN_POINT('Ctrl Pts',(75.517953,156.201353,0.));
#10864=CARTESIAN_POINT('Ctrl Pts',(75.517953,156.201353,1.6));
#10865=CARTESIAN_POINT('Ctrl Pts',(75.1644,156.3478,1.6));
#10866=CARTESIAN_POINT('Ctrl Pts',(75.297008,156.3478,1.6));
#10867=CARTESIAN_POINT('Ctrl Pts',(75.424185,156.295122,1.6));
#10868=CARTESIAN_POINT('Ctrl Pts',(75.517953,156.201353,1.6));
#10869=CARTESIAN_POINT('Origin',(80.2644,149.8478,0.));
#10870=CARTESIAN_POINT('',(93.1644,149.8478,1.6));
#10871=CARTESIAN_POINT('',(93.1644,149.8478,0.));
#10872=CARTESIAN_POINT('',(80.2644,149.8478,1.6));
#10873=CARTESIAN_POINT('',(80.2644,149.8478,1.6));
#10874=CARTESIAN_POINT('',(80.2644,149.8478,0.));
#10875=CARTESIAN_POINT('Ctrl Pts',(79.910847,149.701353,0.));
#10876=CARTESIAN_POINT('Ctrl Pts',(79.910847,149.701353,1.6));
#10877=CARTESIAN_POINT('Ctrl Pts',(80.004615,149.795122,0.));
#10878=CARTESIAN_POINT('Ctrl Pts',(80.004615,149.795122,1.6));
#10879=CARTESIAN_POINT('Ctrl Pts',(80.131792,149.8478,0.));
#10880=CARTESIAN_POINT('Ctrl Pts',(80.131792,149.8478,1.6));
#10881=CARTESIAN_POINT('Ctrl Pts',(80.2644,149.8478,0.));
#10882=CARTESIAN_POINT('Ctrl Pts',(80.2644,149.8478,1.6));
#10883=CARTESIAN_POINT('',(79.910847,149.701353,1.6));
#10884=CARTESIAN_POINT('Ctrl Pts',(79.910847,149.701353,1.6));
#10885=CARTESIAN_POINT('Ctrl Pts',(80.004615,149.795122,1.6));
#10886=CARTESIAN_POINT('Ctrl Pts',(80.131792,149.8478,1.6));
#10887=CARTESIAN_POINT('Ctrl Pts',(80.2644,149.8478,1.6));
#10888=CARTESIAN_POINT('',(79.910847,149.701353,0.));
#10889=CARTESIAN_POINT('Ctrl Pts',(79.7644,149.3478,0.));
#10890=CARTESIAN_POINT('Ctrl Pts',(79.7644,149.3478,1.6));
#10891=CARTESIAN_POINT('Ctrl Pts',(79.7644,149.480408,0.));
#10892=CARTESIAN_POINT('Ctrl Pts',(79.7644,149.480408,1.6));
#10893=CARTESIAN_POINT('Ctrl Pts',(79.817078,149.607585,0.));
#10894=CARTESIAN_POINT('Ctrl Pts',(79.817078,149.607585,1.6));
#10895=CARTESIAN_POINT('Ctrl Pts',(79.910847,149.701353,0.));
#10896=CARTESIAN_POINT('Ctrl Pts',(79.910847,149.701353,1.6));
#10897=CARTESIAN_POINT('',(79.7644,149.3478,1.6));
#10898=CARTESIAN_POINT('Ctrl Pts',(79.7644,149.3478,1.6));
#10899=CARTESIAN_POINT('Ctrl Pts',(79.7644,149.480408,1.6));
#10900=CARTESIAN_POINT('Ctrl Pts',(79.817078,149.607585,1.6));
#10901=CARTESIAN_POINT('Ctrl Pts',(79.910847,149.701353,1.6));
#10902=CARTESIAN_POINT('',(79.7644,149.3478,0.));
#10903=CARTESIAN_POINT('Origin',(79.7644,136.4478,0.));
#10904=CARTESIAN_POINT('',(79.7644,136.4478,1.6));
#10905=CARTESIAN_POINT('',(79.7644,136.4478,1.6));
#10906=CARTESIAN_POINT('',(79.7644,136.4478,0.));
#10907=CARTESIAN_POINT('Ctrl Pts',(79.910847,136.094247,0.));
#10908=CARTESIAN_POINT('Ctrl Pts',(79.910847,136.094247,1.6));
#10909=CARTESIAN_POINT('Ctrl Pts',(79.817078,136.188015,0.));
#10910=CARTESIAN_POINT('Ctrl Pts',(79.817078,136.188015,1.6));
#10911=CARTESIAN_POINT('Ctrl Pts',(79.7644,136.315192,0.));
#10912=CARTESIAN_POINT('Ctrl Pts',(79.7644,136.315192,1.6));
#10913=CARTESIAN_POINT('Ctrl Pts',(79.7644,136.4478,0.));
#10914=CARTESIAN_POINT('Ctrl Pts',(79.7644,136.4478,1.6));
#10915=CARTESIAN_POINT('',(79.910847,136.094247,1.6));
#10916=CARTESIAN_POINT('Ctrl Pts',(79.910847,136.094247,1.6));
#10917=CARTESIAN_POINT('Ctrl Pts',(79.817078,136.188015,1.6));
#10918=CARTESIAN_POINT('Ctrl Pts',(79.7644,136.315192,1.6));
#10919=CARTESIAN_POINT('Ctrl Pts',(79.7644,136.4478,1.6));
#10920=CARTESIAN_POINT('',(79.910847,136.094247,0.));
#10921=CARTESIAN_POINT('Ctrl Pts',(80.2644,135.9478,0.));
#10922=CARTESIAN_POINT('Ctrl Pts',(80.2644,135.9478,1.6));
#10923=CARTESIAN_POINT('Ctrl Pts',(80.131792,135.9478,0.));
#10924=CARTESIAN_POINT('Ctrl Pts',(80.131792,135.9478,1.6));
#10925=CARTESIAN_POINT('Ctrl Pts',(80.004615,136.000478,0.));
#10926=CARTESIAN_POINT('Ctrl Pts',(80.004615,136.000478,1.6));
#10927=CARTESIAN_POINT('Ctrl Pts',(79.910847,136.094247,0.));
#10928=CARTESIAN_POINT('Ctrl Pts',(79.910847,136.094247,1.6));
#10929=CARTESIAN_POINT('',(80.2644,135.9478,1.6));
#10930=CARTESIAN_POINT('Ctrl Pts',(80.2644,135.9478,1.6));
#10931=CARTESIAN_POINT('Ctrl Pts',(80.131792,135.9478,1.6));
#10932=CARTESIAN_POINT('Ctrl Pts',(80.004615,136.000478,1.6));
#10933=CARTESIAN_POINT('Ctrl Pts',(79.910847,136.094247,1.6));
#10934=CARTESIAN_POINT('',(80.2644,135.9478,0.));
#10935=CARTESIAN_POINT('Origin',(93.1644,135.9478,0.));
#10936=CARTESIAN_POINT('',(93.1644,135.9478,1.6));
#10937=CARTESIAN_POINT('',(93.1644,135.9478,1.6));
#10938=CARTESIAN_POINT('',(93.1644,135.9478,0.));
#10939=CARTESIAN_POINT('Ctrl Pts',(93.517953,136.094247,0.));
#10940=CARTESIAN_POINT('Ctrl Pts',(93.517953,136.094247,1.6));
#10941=CARTESIAN_POINT('Ctrl Pts',(93.424185,136.000478,0.));
#10942=CARTESIAN_POINT('Ctrl Pts',(93.424185,136.000478,1.6));
#10943=CARTESIAN_POINT('Ctrl Pts',(93.297008,135.9478,0.));
#10944=CARTESIAN_POINT('Ctrl Pts',(93.297008,135.9478,1.6));
#10945=CARTESIAN_POINT('Ctrl Pts',(93.1644,135.9478,0.));
#10946=CARTESIAN_POINT('Ctrl Pts',(93.1644,135.9478,1.6));
#10947=CARTESIAN_POINT('',(93.517953,136.094247,1.6));
#10948=CARTESIAN_POINT('Ctrl Pts',(93.517953,136.094247,1.6));
#10949=CARTESIAN_POINT('Ctrl Pts',(93.424185,136.000478,1.6));
#10950=CARTESIAN_POINT('Ctrl Pts',(93.297008,135.9478,1.6));
#10951=CARTESIAN_POINT('Ctrl Pts',(93.1644,135.9478,1.6));
#10952=CARTESIAN_POINT('',(93.517953,136.094247,0.));
#10953=CARTESIAN_POINT('Ctrl Pts',(93.6644,136.4478,0.));
#10954=CARTESIAN_POINT('Ctrl Pts',(93.6644,136.4478,1.6));
#10955=CARTESIAN_POINT('Ctrl Pts',(93.6644,136.315192,0.));
#10956=CARTESIAN_POINT('Ctrl Pts',(93.6644,136.315192,1.6));
#10957=CARTESIAN_POINT('Ctrl Pts',(93.611722,136.188015,0.));
#10958=CARTESIAN_POINT('Ctrl Pts',(93.611722,136.188015,1.6));
#10959=CARTESIAN_POINT('Ctrl Pts',(93.517953,136.094247,0.));
#10960=CARTESIAN_POINT('Ctrl Pts',(93.517953,136.094247,1.6));
#10961=CARTESIAN_POINT('',(93.6644,136.4478,1.6));
#10962=CARTESIAN_POINT('Ctrl Pts',(93.6644,136.4478,1.6));
#10963=CARTESIAN_POINT('Ctrl Pts',(93.6644,136.315192,1.6));
#10964=CARTESIAN_POINT('Ctrl Pts',(93.611722,136.188015,1.6));
#10965=CARTESIAN_POINT('Ctrl Pts',(93.517953,136.094247,1.6));
#10966=CARTESIAN_POINT('',(93.6644,136.4478,0.));
#10967=CARTESIAN_POINT('Origin',(93.6644,149.3478,0.));
#10968=CARTESIAN_POINT('',(93.6644,149.3478,1.6));
#10969=CARTESIAN_POINT('',(93.6644,149.3478,1.6));
#10970=CARTESIAN_POINT('',(93.6644,149.3478,0.));
#10971=CARTESIAN_POINT('Ctrl Pts',(93.517953,149.701353,0.));
#10972=CARTESIAN_POINT('Ctrl Pts',(93.517953,149.701353,1.6));
#10973=CARTESIAN_POINT('Ctrl Pts',(93.611722,149.607585,0.));
#10974=CARTESIAN_POINT('Ctrl Pts',(93.611722,149.607585,1.6));
#10975=CARTESIAN_POINT('Ctrl Pts',(93.6644,149.480408,0.));
#10976=CARTESIAN_POINT('Ctrl Pts',(93.6644,149.480408,1.6));
#10977=CARTESIAN_POINT('Ctrl Pts',(93.6644,149.3478,0.));
#10978=CARTESIAN_POINT('Ctrl Pts',(93.6644,149.3478,1.6));
#10979=CARTESIAN_POINT('',(93.517953,149.701353,1.6));
#10980=CARTESIAN_POINT('Ctrl Pts',(93.517953,149.701353,1.6));
#10981=CARTESIAN_POINT('Ctrl Pts',(93.611722,149.607585,1.6));
#10982=CARTESIAN_POINT('Ctrl Pts',(93.6644,149.480408,1.6));
#10983=CARTESIAN_POINT('Ctrl Pts',(93.6644,149.3478,1.6));
#10984=CARTESIAN_POINT('',(93.517953,149.701353,0.));
#10985=CARTESIAN_POINT('Ctrl Pts',(93.1644,149.8478,0.));
#10986=CARTESIAN_POINT('Ctrl Pts',(93.1644,149.8478,1.6));
#10987=CARTESIAN_POINT('Ctrl Pts',(93.297008,149.8478,0.));
#10988=CARTESIAN_POINT('Ctrl Pts',(93.297008,149.8478,1.6));
#10989=CARTESIAN_POINT('Ctrl Pts',(93.424185,149.795122,0.));
#10990=CARTESIAN_POINT('Ctrl Pts',(93.424185,149.795122,1.6));
#10991=CARTESIAN_POINT('Ctrl Pts',(93.517953,149.701353,0.));
#10992=CARTESIAN_POINT('Ctrl Pts',(93.517953,149.701353,1.6));
#10993=CARTESIAN_POINT('Ctrl Pts',(93.1644,149.8478,1.6));
#10994=CARTESIAN_POINT('Ctrl Pts',(93.297008,149.8478,1.6));
#10995=CARTESIAN_POINT('Ctrl Pts',(93.424185,149.795122,1.6));
#10996=CARTESIAN_POINT('Ctrl Pts',(93.517953,149.701353,1.6));
#10997=CARTESIAN_POINT('Origin',(26.2644,134.8478,0.));
#10998=CARTESIAN_POINT('',(39.1644,134.8478,1.6));
#10999=CARTESIAN_POINT('',(39.1644,134.8478,0.));
#11000=CARTESIAN_POINT('',(26.2644,134.8478,1.6));
#11001=CARTESIAN_POINT('',(26.2644,134.8478,1.6));
#11002=CARTESIAN_POINT('',(26.2644,134.8478,0.));
#11003=CARTESIAN_POINT('Ctrl Pts',(25.910847,134.701353,0.));
#11004=CARTESIAN_POINT('Ctrl Pts',(25.910847,134.701353,1.6));
#11005=CARTESIAN_POINT('Ctrl Pts',(26.004615,134.795122,0.));
#11006=CARTESIAN_POINT('Ctrl Pts',(26.004615,134.795122,1.6));
#11007=CARTESIAN_POINT('Ctrl Pts',(26.131792,134.8478,0.));
#11008=CARTESIAN_POINT('Ctrl Pts',(26.131792,134.8478,1.6));
#11009=CARTESIAN_POINT('Ctrl Pts',(26.2644,134.8478,0.));
#11010=CARTESIAN_POINT('Ctrl Pts',(26.2644,134.8478,1.6));
#11011=CARTESIAN_POINT('',(25.910847,134.701353,1.6));
#11012=CARTESIAN_POINT('Ctrl Pts',(25.910847,134.701353,1.6));
#11013=CARTESIAN_POINT('Ctrl Pts',(26.004615,134.795122,1.6));
#11014=CARTESIAN_POINT('Ctrl Pts',(26.131792,134.8478,1.6));
#11015=CARTESIAN_POINT('Ctrl Pts',(26.2644,134.8478,1.6));
#11016=CARTESIAN_POINT('',(25.910847,134.701353,0.));
#11017=CARTESIAN_POINT('Ctrl Pts',(25.7644,134.3478,0.));
#11018=CARTESIAN_POINT('Ctrl Pts',(25.7644,134.3478,1.6));
#11019=CARTESIAN_POINT('Ctrl Pts',(25.7644,134.480408,0.));
#11020=CARTESIAN_POINT('Ctrl Pts',(25.7644,134.480408,1.6));
#11021=CARTESIAN_POINT('Ctrl Pts',(25.817078,134.607585,0.));
#11022=CARTESIAN_POINT('Ctrl Pts',(25.817078,134.607585,1.6));
#11023=CARTESIAN_POINT('Ctrl Pts',(25.910847,134.701353,0.));
#11024=CARTESIAN_POINT('Ctrl Pts',(25.910847,134.701353,1.6));
#11025=CARTESIAN_POINT('',(25.7644,134.3478,1.6));
#11026=CARTESIAN_POINT('Ctrl Pts',(25.7644,134.3478,1.6));
#11027=CARTESIAN_POINT('Ctrl Pts',(25.7644,134.480408,1.6));
#11028=CARTESIAN_POINT('Ctrl Pts',(25.817078,134.607585,1.6));
#11029=CARTESIAN_POINT('Ctrl Pts',(25.910847,134.701353,1.6));
#11030=CARTESIAN_POINT('',(25.7644,134.3478,0.));
#11031=CARTESIAN_POINT('Origin',(25.7644,121.4478,0.));
#11032=CARTESIAN_POINT('',(25.7644,121.4478,1.6));
#11033=CARTESIAN_POINT('',(25.7644,121.4478,1.6));
#11034=CARTESIAN_POINT('',(25.7644,121.4478,0.));
#11035=CARTESIAN_POINT('Ctrl Pts',(25.910847,121.094247,0.));
#11036=CARTESIAN_POINT('Ctrl Pts',(25.910847,121.094247,1.6));
#11037=CARTESIAN_POINT('Ctrl Pts',(25.817078,121.188015,0.));
#11038=CARTESIAN_POINT('Ctrl Pts',(25.817078,121.188015,1.6));
#11039=CARTESIAN_POINT('Ctrl Pts',(25.7644,121.315192,0.));
#11040=CARTESIAN_POINT('Ctrl Pts',(25.7644,121.315192,1.6));
#11041=CARTESIAN_POINT('Ctrl Pts',(25.7644,121.4478,0.));
#11042=CARTESIAN_POINT('Ctrl Pts',(25.7644,121.4478,1.6));
#11043=CARTESIAN_POINT('',(25.910847,121.094247,1.6));
#11044=CARTESIAN_POINT('Ctrl Pts',(25.910847,121.094247,1.6));
#11045=CARTESIAN_POINT('Ctrl Pts',(25.817078,121.188015,1.6));
#11046=CARTESIAN_POINT('Ctrl Pts',(25.7644,121.315192,1.6));
#11047=CARTESIAN_POINT('Ctrl Pts',(25.7644,121.4478,1.6));
#11048=CARTESIAN_POINT('',(25.910847,121.094247,0.));
#11049=CARTESIAN_POINT('Ctrl Pts',(26.2644,120.9478,0.));
#11050=CARTESIAN_POINT('Ctrl Pts',(26.2644,120.9478,1.6));
#11051=CARTESIAN_POINT('Ctrl Pts',(26.131792,120.9478,0.));
#11052=CARTESIAN_POINT('Ctrl Pts',(26.131792,120.9478,1.6));
#11053=CARTESIAN_POINT('Ctrl Pts',(26.004615,121.000478,0.));
#11054=CARTESIAN_POINT('Ctrl Pts',(26.004615,121.000478,1.6));
#11055=CARTESIAN_POINT('Ctrl Pts',(25.910847,121.094247,0.));
#11056=CARTESIAN_POINT('Ctrl Pts',(25.910847,121.094247,1.6));
#11057=CARTESIAN_POINT('',(26.2644,120.9478,1.6));
#11058=CARTESIAN_POINT('Ctrl Pts',(26.2644,120.9478,1.6));
#11059=CARTESIAN_POINT('Ctrl Pts',(26.131792,120.9478,1.6));
#11060=CARTESIAN_POINT('Ctrl Pts',(26.004615,121.000478,1.6));
#11061=CARTESIAN_POINT('Ctrl Pts',(25.910847,121.094247,1.6));
#11062=CARTESIAN_POINT('',(26.2644,120.9478,0.));
#11063=CARTESIAN_POINT('Origin',(39.1644,120.9478,0.));
#11064=CARTESIAN_POINT('',(39.1644,120.9478,1.6));
#11065=CARTESIAN_POINT('',(39.1644,120.9478,1.6));
#11066=CARTESIAN_POINT('',(39.1644,120.9478,0.));
#11067=CARTESIAN_POINT('Ctrl Pts',(39.517953,121.094247,0.));
#11068=CARTESIAN_POINT('Ctrl Pts',(39.517953,121.094247,1.6));
#11069=CARTESIAN_POINT('Ctrl Pts',(39.424185,121.000478,0.));
#11070=CARTESIAN_POINT('Ctrl Pts',(39.424185,121.000478,1.6));
#11071=CARTESIAN_POINT('Ctrl Pts',(39.297008,120.9478,0.));
#11072=CARTESIAN_POINT('Ctrl Pts',(39.297008,120.9478,1.6));
#11073=CARTESIAN_POINT('Ctrl Pts',(39.1644,120.9478,0.));
#11074=CARTESIAN_POINT('Ctrl Pts',(39.1644,120.9478,1.6));
#11075=CARTESIAN_POINT('',(39.517953,121.094247,1.6));
#11076=CARTESIAN_POINT('Ctrl Pts',(39.517953,121.094247,1.6));
#11077=CARTESIAN_POINT('Ctrl Pts',(39.424185,121.000478,1.6));
#11078=CARTESIAN_POINT('Ctrl Pts',(39.297008,120.9478,1.6));
#11079=CARTESIAN_POINT('Ctrl Pts',(39.1644,120.9478,1.6));
#11080=CARTESIAN_POINT('',(39.517953,121.094247,0.));
#11081=CARTESIAN_POINT('Ctrl Pts',(39.6644,121.4478,0.));
#11082=CARTESIAN_POINT('Ctrl Pts',(39.6644,121.4478,1.6));
#11083=CARTESIAN_POINT('Ctrl Pts',(39.6644,121.315192,0.));
#11084=CARTESIAN_POINT('Ctrl Pts',(39.6644,121.315192,1.6));
#11085=CARTESIAN_POINT('Ctrl Pts',(39.611722,121.188015,0.));
#11086=CARTESIAN_POINT('Ctrl Pts',(39.611722,121.188015,1.6));
#11087=CARTESIAN_POINT('Ctrl Pts',(39.517953,121.094247,0.));
#11088=CARTESIAN_POINT('Ctrl Pts',(39.517953,121.094247,1.6));
#11089=CARTESIAN_POINT('',(39.6644,121.4478,1.6));
#11090=CARTESIAN_POINT('Ctrl Pts',(39.6644,121.4478,1.6));
#11091=CARTESIAN_POINT('Ctrl Pts',(39.6644,121.315192,1.6));
#11092=CARTESIAN_POINT('Ctrl Pts',(39.611722,121.188015,1.6));
#11093=CARTESIAN_POINT('Ctrl Pts',(39.517953,121.094247,1.6));
#11094=CARTESIAN_POINT('',(39.6644,121.4478,0.));
#11095=CARTESIAN_POINT('Origin',(39.6644,134.3478,0.));
#11096=CARTESIAN_POINT('',(39.6644,134.3478,1.6));
#11097=CARTESIAN_POINT('',(39.6644,134.3478,1.6));
#11098=CARTESIAN_POINT('',(39.6644,134.3478,0.));
#11099=CARTESIAN_POINT('Ctrl Pts',(39.517953,134.701353,0.));
#11100=CARTESIAN_POINT('Ctrl Pts',(39.517953,134.701353,1.6));
#11101=CARTESIAN_POINT('Ctrl Pts',(39.611722,134.607585,0.));
#11102=CARTESIAN_POINT('Ctrl Pts',(39.611722,134.607585,1.6));
#11103=CARTESIAN_POINT('Ctrl Pts',(39.6644,134.480408,0.));
#11104=CARTESIAN_POINT('Ctrl Pts',(39.6644,134.480408,1.6));
#11105=CARTESIAN_POINT('Ctrl Pts',(39.6644,134.3478,0.));
#11106=CARTESIAN_POINT('Ctrl Pts',(39.6644,134.3478,1.6));
#11107=CARTESIAN_POINT('',(39.517953,134.701353,1.6));
#11108=CARTESIAN_POINT('Ctrl Pts',(39.517953,134.701353,1.6));
#11109=CARTESIAN_POINT('Ctrl Pts',(39.611722,134.607585,1.6));
#11110=CARTESIAN_POINT('Ctrl Pts',(39.6644,134.480408,1.6));
#11111=CARTESIAN_POINT('Ctrl Pts',(39.6644,134.3478,1.6));
#11112=CARTESIAN_POINT('',(39.517953,134.701353,0.));
#11113=CARTESIAN_POINT('Ctrl Pts',(39.1644,134.8478,0.));
#11114=CARTESIAN_POINT('Ctrl Pts',(39.1644,134.8478,1.6));
#11115=CARTESIAN_POINT('Ctrl Pts',(39.297008,134.8478,0.));
#11116=CARTESIAN_POINT('Ctrl Pts',(39.297008,134.8478,1.6));
#11117=CARTESIAN_POINT('Ctrl Pts',(39.424185,134.795122,0.));
#11118=CARTESIAN_POINT('Ctrl Pts',(39.424185,134.795122,1.6));
#11119=CARTESIAN_POINT('Ctrl Pts',(39.517953,134.701353,0.));
#11120=CARTESIAN_POINT('Ctrl Pts',(39.517953,134.701353,1.6));
#11121=CARTESIAN_POINT('Ctrl Pts',(39.1644,134.8478,1.6));
#11122=CARTESIAN_POINT('Ctrl Pts',(39.297008,134.8478,1.6));
#11123=CARTESIAN_POINT('Ctrl Pts',(39.424185,134.795122,1.6));
#11124=CARTESIAN_POINT('Ctrl Pts',(39.517953,134.701353,1.6));
#11125=CARTESIAN_POINT('Origin',(98.2644,141.6928,0.));
#11126=CARTESIAN_POINT('',(111.1644,141.6928,1.6));
#11127=CARTESIAN_POINT('',(111.1644,141.6928,0.));
#11128=CARTESIAN_POINT('',(98.2644,141.6928,1.6));
#11129=CARTESIAN_POINT('',(98.2644,141.6928,1.6));
#11130=CARTESIAN_POINT('',(98.2644,141.6928,0.));
#11131=CARTESIAN_POINT('Ctrl Pts',(97.910847,141.546353,0.));
#11132=CARTESIAN_POINT('Ctrl Pts',(97.910847,141.546353,1.6));
#11133=CARTESIAN_POINT('Ctrl Pts',(98.004615,141.640122,0.));
#11134=CARTESIAN_POINT('Ctrl Pts',(98.004615,141.640122,1.6));
#11135=CARTESIAN_POINT('Ctrl Pts',(98.131792,141.6928,0.));
#11136=CARTESIAN_POINT('Ctrl Pts',(98.131792,141.6928,1.6));
#11137=CARTESIAN_POINT('Ctrl Pts',(98.2644,141.6928,0.));
#11138=CARTESIAN_POINT('Ctrl Pts',(98.2644,141.6928,1.6));
#11139=CARTESIAN_POINT('',(97.910847,141.546353,1.6));
#11140=CARTESIAN_POINT('Ctrl Pts',(97.910847,141.546353,1.6));
#11141=CARTESIAN_POINT('Ctrl Pts',(98.004615,141.640122,1.6));
#11142=CARTESIAN_POINT('Ctrl Pts',(98.131792,141.6928,1.6));
#11143=CARTESIAN_POINT('Ctrl Pts',(98.2644,141.6928,1.6));
#11144=CARTESIAN_POINT('',(97.910847,141.546353,0.));
#11145=CARTESIAN_POINT('Ctrl Pts',(97.7644,141.1928,0.));
#11146=CARTESIAN_POINT('Ctrl Pts',(97.7644,141.1928,1.6));
#11147=CARTESIAN_POINT('Ctrl Pts',(97.7644,141.325408,0.));
#11148=CARTESIAN_POINT('Ctrl Pts',(97.7644,141.325408,1.6));
#11149=CARTESIAN_POINT('Ctrl Pts',(97.817078,141.452585,0.));
#11150=CARTESIAN_POINT('Ctrl Pts',(97.817078,141.452585,1.6));
#11151=CARTESIAN_POINT('Ctrl Pts',(97.910847,141.546353,0.));
#11152=CARTESIAN_POINT('Ctrl Pts',(97.910847,141.546353,1.6));
#11153=CARTESIAN_POINT('',(97.7644,141.1928,1.6));
#11154=CARTESIAN_POINT('Ctrl Pts',(97.7644,141.1928,1.6));
#11155=CARTESIAN_POINT('Ctrl Pts',(97.7644,141.325408,1.6));
#11156=CARTESIAN_POINT('Ctrl Pts',(97.817078,141.452585,1.6));
#11157=CARTESIAN_POINT('Ctrl Pts',(97.910847,141.546353,1.6));
#11158=CARTESIAN_POINT('',(97.7644,141.1928,0.));
#11159=CARTESIAN_POINT('Origin',(97.7644,128.2928,0.));
#11160=CARTESIAN_POINT('',(97.7644,128.2928,1.6));
#11161=CARTESIAN_POINT('',(97.7644,128.2928,1.6));
#11162=CARTESIAN_POINT('',(97.7644,128.2928,0.));
#11163=CARTESIAN_POINT('Ctrl Pts',(97.910847,127.939247,0.));
#11164=CARTESIAN_POINT('Ctrl Pts',(97.910847,127.939247,1.6));
#11165=CARTESIAN_POINT('Ctrl Pts',(97.817078,128.033015,0.));
#11166=CARTESIAN_POINT('Ctrl Pts',(97.817078,128.033015,1.6));
#11167=CARTESIAN_POINT('Ctrl Pts',(97.7644,128.160192,0.));
#11168=CARTESIAN_POINT('Ctrl Pts',(97.7644,128.160192,1.6));
#11169=CARTESIAN_POINT('Ctrl Pts',(97.7644,128.2928,0.));
#11170=CARTESIAN_POINT('Ctrl Pts',(97.7644,128.2928,1.6));
#11171=CARTESIAN_POINT('',(97.910847,127.939247,1.6));
#11172=CARTESIAN_POINT('Ctrl Pts',(97.910847,127.939247,1.6));
#11173=CARTESIAN_POINT('Ctrl Pts',(97.817078,128.033015,1.6));
#11174=CARTESIAN_POINT('Ctrl Pts',(97.7644,128.160192,1.6));
#11175=CARTESIAN_POINT('Ctrl Pts',(97.7644,128.2928,1.6));
#11176=CARTESIAN_POINT('',(97.910847,127.939247,0.));
#11177=CARTESIAN_POINT('Ctrl Pts',(98.2644,127.7928,0.));
#11178=CARTESIAN_POINT('Ctrl Pts',(98.2644,127.7928,1.6));
#11179=CARTESIAN_POINT('Ctrl Pts',(98.131792,127.7928,0.));
#11180=CARTESIAN_POINT('Ctrl Pts',(98.131792,127.7928,1.6));
#11181=CARTESIAN_POINT('Ctrl Pts',(98.004615,127.845478,0.));
#11182=CARTESIAN_POINT('Ctrl Pts',(98.004615,127.845478,1.6));
#11183=CARTESIAN_POINT('Ctrl Pts',(97.910847,127.939247,0.));
#11184=CARTESIAN_POINT('Ctrl Pts',(97.910847,127.939247,1.6));
#11185=CARTESIAN_POINT('',(98.2644,127.7928,1.6));
#11186=CARTESIAN_POINT('Ctrl Pts',(98.2644,127.7928,1.6));
#11187=CARTESIAN_POINT('Ctrl Pts',(98.131792,127.7928,1.6));
#11188=CARTESIAN_POINT('Ctrl Pts',(98.004615,127.845478,1.6));
#11189=CARTESIAN_POINT('Ctrl Pts',(97.910847,127.939247,1.6));
#11190=CARTESIAN_POINT('',(98.2644,127.7928,0.));
#11191=CARTESIAN_POINT('Origin',(111.1644,127.7928,0.));
#11192=CARTESIAN_POINT('',(111.1644,127.7928,1.6));
#11193=CARTESIAN_POINT('',(111.1644,127.7928,1.6));
#11194=CARTESIAN_POINT('',(111.1644,127.7928,0.));
#11195=CARTESIAN_POINT('Ctrl Pts',(111.517953,127.939247,0.));
#11196=CARTESIAN_POINT('Ctrl Pts',(111.517953,127.939247,1.6));
#11197=CARTESIAN_POINT('Ctrl Pts',(111.424185,127.845478,0.));
#11198=CARTESIAN_POINT('Ctrl Pts',(111.424185,127.845478,1.6));
#11199=CARTESIAN_POINT('Ctrl Pts',(111.297008,127.7928,0.));
#11200=CARTESIAN_POINT('Ctrl Pts',(111.297008,127.7928,1.6));
#11201=CARTESIAN_POINT('Ctrl Pts',(111.1644,127.7928,0.));
#11202=CARTESIAN_POINT('Ctrl Pts',(111.1644,127.7928,1.6));
#11203=CARTESIAN_POINT('',(111.517953,127.939247,1.6));
#11204=CARTESIAN_POINT('Ctrl Pts',(111.517953,127.939247,1.6));
#11205=CARTESIAN_POINT('Ctrl Pts',(111.424185,127.845478,1.6));
#11206=CARTESIAN_POINT('Ctrl Pts',(111.297008,127.7928,1.6));
#11207=CARTESIAN_POINT('Ctrl Pts',(111.1644,127.7928,1.6));
#11208=CARTESIAN_POINT('',(111.517953,127.939247,0.));
#11209=CARTESIAN_POINT('Ctrl Pts',(111.6644,128.2928,0.));
#11210=CARTESIAN_POINT('Ctrl Pts',(111.6644,128.2928,1.6));
#11211=CARTESIAN_POINT('Ctrl Pts',(111.6644,128.160192,0.));
#11212=CARTESIAN_POINT('Ctrl Pts',(111.6644,128.160192,1.6));
#11213=CARTESIAN_POINT('Ctrl Pts',(111.611722,128.033015,0.));
#11214=CARTESIAN_POINT('Ctrl Pts',(111.611722,128.033015,1.6));
#11215=CARTESIAN_POINT('Ctrl Pts',(111.517953,127.939247,0.));
#11216=CARTESIAN_POINT('Ctrl Pts',(111.517953,127.939247,1.6));
#11217=CARTESIAN_POINT('',(111.6644,128.2928,1.6));
#11218=CARTESIAN_POINT('Ctrl Pts',(111.6644,128.2928,1.6));
#11219=CARTESIAN_POINT('Ctrl Pts',(111.6644,128.160192,1.6));
#11220=CARTESIAN_POINT('Ctrl Pts',(111.611722,128.033015,1.6));
#11221=CARTESIAN_POINT('Ctrl Pts',(111.517953,127.939247,1.6));
#11222=CARTESIAN_POINT('',(111.6644,128.2928,0.));
#11223=CARTESIAN_POINT('Origin',(111.6644,141.1928,0.));
#11224=CARTESIAN_POINT('',(111.6644,141.1928,1.6));
#11225=CARTESIAN_POINT('',(111.6644,141.1928,1.6));
#11226=CARTESIAN_POINT('',(111.6644,141.1928,0.));
#11227=CARTESIAN_POINT('Ctrl Pts',(111.517953,141.546353,0.));
#11228=CARTESIAN_POINT('Ctrl Pts',(111.517953,141.546353,1.6));
#11229=CARTESIAN_POINT('Ctrl Pts',(111.611722,141.452585,0.));
#11230=CARTESIAN_POINT('Ctrl Pts',(111.611722,141.452585,1.6));
#11231=CARTESIAN_POINT('Ctrl Pts',(111.6644,141.325408,0.));
#11232=CARTESIAN_POINT('Ctrl Pts',(111.6644,141.325408,1.6));
#11233=CARTESIAN_POINT('Ctrl Pts',(111.6644,141.1928,0.));
#11234=CARTESIAN_POINT('Ctrl Pts',(111.6644,141.1928,1.6));
#11235=CARTESIAN_POINT('',(111.517953,141.546353,1.6));
#11236=CARTESIAN_POINT('Ctrl Pts',(111.517953,141.546353,1.6));
#11237=CARTESIAN_POINT('Ctrl Pts',(111.611722,141.452585,1.6));
#11238=CARTESIAN_POINT('Ctrl Pts',(111.6644,141.325408,1.6));
#11239=CARTESIAN_POINT('Ctrl Pts',(111.6644,141.1928,1.6));
#11240=CARTESIAN_POINT('',(111.517953,141.546353,0.));
#11241=CARTESIAN_POINT('Ctrl Pts',(111.1644,141.6928,0.));
#11242=CARTESIAN_POINT('Ctrl Pts',(111.1644,141.6928,1.6));
#11243=CARTESIAN_POINT('Ctrl Pts',(111.297008,141.6928,0.));
#11244=CARTESIAN_POINT('Ctrl Pts',(111.297008,141.6928,1.6));
#11245=CARTESIAN_POINT('Ctrl Pts',(111.424185,141.640122,0.));
#11246=CARTESIAN_POINT('Ctrl Pts',(111.424185,141.640122,1.6));
#11247=CARTESIAN_POINT('Ctrl Pts',(111.517953,141.546353,0.));
#11248=CARTESIAN_POINT('Ctrl Pts',(111.517953,141.546353,1.6));
#11249=CARTESIAN_POINT('Ctrl Pts',(111.1644,141.6928,1.6));
#11250=CARTESIAN_POINT('Ctrl Pts',(111.297008,141.6928,1.6));
#11251=CARTESIAN_POINT('Ctrl Pts',(111.424185,141.640122,1.6));
#11252=CARTESIAN_POINT('Ctrl Pts',(111.517953,141.546353,1.6));
#11253=CARTESIAN_POINT('Origin',(62.2644,122.3478,0.));
#11254=CARTESIAN_POINT('',(75.1644,122.3478,1.6));
#11255=CARTESIAN_POINT('',(75.1644,122.3478,0.));
#11256=CARTESIAN_POINT('',(62.2644,122.3478,1.6));
#11257=CARTESIAN_POINT('',(62.2644,122.3478,1.6));
#11258=CARTESIAN_POINT('',(62.2644,122.3478,0.));
#11259=CARTESIAN_POINT('Ctrl Pts',(61.910847,122.201353,0.));
#11260=CARTESIAN_POINT('Ctrl Pts',(61.910847,122.201353,1.6));
#11261=CARTESIAN_POINT('Ctrl Pts',(62.004615,122.295122,0.));
#11262=CARTESIAN_POINT('Ctrl Pts',(62.004615,122.295122,1.6));
#11263=CARTESIAN_POINT('Ctrl Pts',(62.131792,122.3478,0.));
#11264=CARTESIAN_POINT('Ctrl Pts',(62.131792,122.3478,1.6));
#11265=CARTESIAN_POINT('Ctrl Pts',(62.2644,122.3478,0.));
#11266=CARTESIAN_POINT('Ctrl Pts',(62.2644,122.3478,1.6));
#11267=CARTESIAN_POINT('',(61.910847,122.201353,1.6));
#11268=CARTESIAN_POINT('Ctrl Pts',(61.910847,122.201353,1.6));
#11269=CARTESIAN_POINT('Ctrl Pts',(62.004615,122.295122,1.6));
#11270=CARTESIAN_POINT('Ctrl Pts',(62.131792,122.3478,1.6));
#11271=CARTESIAN_POINT('Ctrl Pts',(62.2644,122.3478,1.6));
#11272=CARTESIAN_POINT('',(61.910847,122.201353,0.));
#11273=CARTESIAN_POINT('Ctrl Pts',(61.7644,121.8478,0.));
#11274=CARTESIAN_POINT('Ctrl Pts',(61.7644,121.8478,1.6));
#11275=CARTESIAN_POINT('Ctrl Pts',(61.7644,121.980408,0.));
#11276=CARTESIAN_POINT('Ctrl Pts',(61.7644,121.980408,1.6));
#11277=CARTESIAN_POINT('Ctrl Pts',(61.817078,122.107585,0.));
#11278=CARTESIAN_POINT('Ctrl Pts',(61.817078,122.107585,1.6));
#11279=CARTESIAN_POINT('Ctrl Pts',(61.910847,122.201353,0.));
#11280=CARTESIAN_POINT('Ctrl Pts',(61.910847,122.201353,1.6));
#11281=CARTESIAN_POINT('',(61.7644,121.8478,1.6));
#11282=CARTESIAN_POINT('Ctrl Pts',(61.7644,121.8478,1.6));
#11283=CARTESIAN_POINT('Ctrl Pts',(61.7644,121.980408,1.6));
#11284=CARTESIAN_POINT('Ctrl Pts',(61.817078,122.107585,1.6));
#11285=CARTESIAN_POINT('Ctrl Pts',(61.910847,122.201353,1.6));
#11286=CARTESIAN_POINT('',(61.7644,121.8478,0.));
#11287=CARTESIAN_POINT('Origin',(61.7644,108.9478,0.));
#11288=CARTESIAN_POINT('',(61.7644,108.9478,1.6));
#11289=CARTESIAN_POINT('',(61.7644,108.9478,1.6));
#11290=CARTESIAN_POINT('',(61.7644,108.9478,0.));
#11291=CARTESIAN_POINT('Ctrl Pts',(61.910847,108.594247,0.));
#11292=CARTESIAN_POINT('Ctrl Pts',(61.910847,108.594247,1.6));
#11293=CARTESIAN_POINT('Ctrl Pts',(61.817078,108.688015,0.));
#11294=CARTESIAN_POINT('Ctrl Pts',(61.817078,108.688015,1.6));
#11295=CARTESIAN_POINT('Ctrl Pts',(61.7644,108.815192,0.));
#11296=CARTESIAN_POINT('Ctrl Pts',(61.7644,108.815192,1.6));
#11297=CARTESIAN_POINT('Ctrl Pts',(61.7644,108.9478,0.));
#11298=CARTESIAN_POINT('Ctrl Pts',(61.7644,108.9478,1.6));
#11299=CARTESIAN_POINT('',(61.910847,108.594247,1.6));
#11300=CARTESIAN_POINT('Ctrl Pts',(61.910847,108.594247,1.6));
#11301=CARTESIAN_POINT('Ctrl Pts',(61.817078,108.688015,1.6));
#11302=CARTESIAN_POINT('Ctrl Pts',(61.7644,108.815192,1.6));
#11303=CARTESIAN_POINT('Ctrl Pts',(61.7644,108.9478,1.6));
#11304=CARTESIAN_POINT('',(61.910847,108.594247,0.));
#11305=CARTESIAN_POINT('Ctrl Pts',(62.2644,108.4478,0.));
#11306=CARTESIAN_POINT('Ctrl Pts',(62.2644,108.4478,1.6));
#11307=CARTESIAN_POINT('Ctrl Pts',(62.131792,108.4478,0.));
#11308=CARTESIAN_POINT('Ctrl Pts',(62.131792,108.4478,1.6));
#11309=CARTESIAN_POINT('Ctrl Pts',(62.004615,108.500478,0.));
#11310=CARTESIAN_POINT('Ctrl Pts',(62.004615,108.500478,1.6));
#11311=CARTESIAN_POINT('Ctrl Pts',(61.910847,108.594247,0.));
#11312=CARTESIAN_POINT('Ctrl Pts',(61.910847,108.594247,1.6));
#11313=CARTESIAN_POINT('',(62.2644,108.4478,1.6));
#11314=CARTESIAN_POINT('Ctrl Pts',(62.2644,108.4478,1.6));
#11315=CARTESIAN_POINT('Ctrl Pts',(62.131792,108.4478,1.6));
#11316=CARTESIAN_POINT('Ctrl Pts',(62.004615,108.500478,1.6));
#11317=CARTESIAN_POINT('Ctrl Pts',(61.910847,108.594247,1.6));
#11318=CARTESIAN_POINT('',(62.2644,108.4478,0.));
#11319=CARTESIAN_POINT('Origin',(75.1644,108.4478,0.));
#11320=CARTESIAN_POINT('',(75.1644,108.4478,1.6));
#11321=CARTESIAN_POINT('',(75.1644,108.4478,1.6));
#11322=CARTESIAN_POINT('',(75.1644,108.4478,0.));
#11323=CARTESIAN_POINT('Ctrl Pts',(75.517953,108.594247,0.));
#11324=CARTESIAN_POINT('Ctrl Pts',(75.517953,108.594247,1.6));
#11325=CARTESIAN_POINT('Ctrl Pts',(75.424185,108.500478,0.));
#11326=CARTESIAN_POINT('Ctrl Pts',(75.424185,108.500478,1.6));
#11327=CARTESIAN_POINT('Ctrl Pts',(75.297008,108.4478,0.));
#11328=CARTESIAN_POINT('Ctrl Pts',(75.297008,108.4478,1.6));
#11329=CARTESIAN_POINT('Ctrl Pts',(75.1644,108.4478,0.));
#11330=CARTESIAN_POINT('Ctrl Pts',(75.1644,108.4478,1.6));
#11331=CARTESIAN_POINT('',(75.517953,108.594247,1.6));
#11332=CARTESIAN_POINT('Ctrl Pts',(75.517953,108.594247,1.6));
#11333=CARTESIAN_POINT('Ctrl Pts',(75.424185,108.500478,1.6));
#11334=CARTESIAN_POINT('Ctrl Pts',(75.297008,108.4478,1.6));
#11335=CARTESIAN_POINT('Ctrl Pts',(75.1644,108.4478,1.6));
#11336=CARTESIAN_POINT('',(75.517953,108.594247,0.));
#11337=CARTESIAN_POINT('Ctrl Pts',(75.6644,108.9478,0.));
#11338=CARTESIAN_POINT('Ctrl Pts',(75.6644,108.9478,1.6));
#11339=CARTESIAN_POINT('Ctrl Pts',(75.6644,108.815192,0.));
#11340=CARTESIAN_POINT('Ctrl Pts',(75.6644,108.815192,1.6));
#11341=CARTESIAN_POINT('Ctrl Pts',(75.611722,108.688015,0.));
#11342=CARTESIAN_POINT('Ctrl Pts',(75.611722,108.688015,1.6));
#11343=CARTESIAN_POINT('Ctrl Pts',(75.517953,108.594247,0.));
#11344=CARTESIAN_POINT('Ctrl Pts',(75.517953,108.594247,1.6));
#11345=CARTESIAN_POINT('',(75.6644,108.9478,1.6));
#11346=CARTESIAN_POINT('Ctrl Pts',(75.6644,108.9478,1.6));
#11347=CARTESIAN_POINT('Ctrl Pts',(75.6644,108.815192,1.6));
#11348=CARTESIAN_POINT('Ctrl Pts',(75.611722,108.688015,1.6));
#11349=CARTESIAN_POINT('Ctrl Pts',(75.517953,108.594247,1.6));
#11350=CARTESIAN_POINT('',(75.6644,108.9478,0.));
#11351=CARTESIAN_POINT('Origin',(75.6644,121.8478,0.));
#11352=CARTESIAN_POINT('',(75.6644,121.8478,1.6));
#11353=CARTESIAN_POINT('',(75.6644,121.8478,1.6));
#11354=CARTESIAN_POINT('',(75.6644,121.8478,0.));
#11355=CARTESIAN_POINT('Ctrl Pts',(75.517953,122.201353,0.));
#11356=CARTESIAN_POINT('Ctrl Pts',(75.517953,122.201353,1.6));
#11357=CARTESIAN_POINT('Ctrl Pts',(75.611722,122.107585,0.));
#11358=CARTESIAN_POINT('Ctrl Pts',(75.611722,122.107585,1.6));
#11359=CARTESIAN_POINT('Ctrl Pts',(75.6644,121.980408,0.));
#11360=CARTESIAN_POINT('Ctrl Pts',(75.6644,121.980408,1.6));
#11361=CARTESIAN_POINT('Ctrl Pts',(75.6644,121.8478,0.));
#11362=CARTESIAN_POINT('Ctrl Pts',(75.6644,121.8478,1.6));
#11363=CARTESIAN_POINT('',(75.517953,122.201353,1.6));
#11364=CARTESIAN_POINT('Ctrl Pts',(75.517953,122.201353,1.6));
#11365=CARTESIAN_POINT('Ctrl Pts',(75.611722,122.107585,1.6));
#11366=CARTESIAN_POINT('Ctrl Pts',(75.6644,121.980408,1.6));
#11367=CARTESIAN_POINT('Ctrl Pts',(75.6644,121.8478,1.6));
#11368=CARTESIAN_POINT('',(75.517953,122.201353,0.));
#11369=CARTESIAN_POINT('Ctrl Pts',(75.1644,122.3478,0.));
#11370=CARTESIAN_POINT('Ctrl Pts',(75.1644,122.3478,1.6));
#11371=CARTESIAN_POINT('Ctrl Pts',(75.297008,122.3478,0.));
#11372=CARTESIAN_POINT('Ctrl Pts',(75.297008,122.3478,1.6));
#11373=CARTESIAN_POINT('Ctrl Pts',(75.424185,122.295122,0.));
#11374=CARTESIAN_POINT('Ctrl Pts',(75.424185,122.295122,1.6));
#11375=CARTESIAN_POINT('Ctrl Pts',(75.517953,122.201353,0.));
#11376=CARTESIAN_POINT('Ctrl Pts',(75.517953,122.201353,1.6));
#11377=CARTESIAN_POINT('Ctrl Pts',(75.1644,122.3478,1.6));
#11378=CARTESIAN_POINT('Ctrl Pts',(75.297008,122.3478,1.6));
#11379=CARTESIAN_POINT('Ctrl Pts',(75.424185,122.295122,1.6));
#11380=CARTESIAN_POINT('Ctrl Pts',(75.517953,122.201353,1.6));
#11381=CARTESIAN_POINT('Origin',(80.2644,132.8478,0.));
#11382=CARTESIAN_POINT('',(93.1644,132.8478,1.6));
#11383=CARTESIAN_POINT('',(93.1644,132.8478,0.));
#11384=CARTESIAN_POINT('',(80.2644,132.8478,1.6));
#11385=CARTESIAN_POINT('',(80.2644,132.8478,1.6));
#11386=CARTESIAN_POINT('',(80.2644,132.8478,0.));
#11387=CARTESIAN_POINT('Ctrl Pts',(79.910847,132.701353,0.));
#11388=CARTESIAN_POINT('Ctrl Pts',(79.910847,132.701353,1.6));
#11389=CARTESIAN_POINT('Ctrl Pts',(80.004615,132.795122,0.));
#11390=CARTESIAN_POINT('Ctrl Pts',(80.004615,132.795122,1.6));
#11391=CARTESIAN_POINT('Ctrl Pts',(80.131792,132.8478,0.));
#11392=CARTESIAN_POINT('Ctrl Pts',(80.131792,132.8478,1.6));
#11393=CARTESIAN_POINT('Ctrl Pts',(80.2644,132.8478,0.));
#11394=CARTESIAN_POINT('Ctrl Pts',(80.2644,132.8478,1.6));
#11395=CARTESIAN_POINT('',(79.910847,132.701353,1.6));
#11396=CARTESIAN_POINT('Ctrl Pts',(79.910847,132.701353,1.6));
#11397=CARTESIAN_POINT('Ctrl Pts',(80.004615,132.795122,1.6));
#11398=CARTESIAN_POINT('Ctrl Pts',(80.131792,132.8478,1.6));
#11399=CARTESIAN_POINT('Ctrl Pts',(80.2644,132.8478,1.6));
#11400=CARTESIAN_POINT('',(79.910847,132.701353,0.));
#11401=CARTESIAN_POINT('Ctrl Pts',(79.7644,132.3478,0.));
#11402=CARTESIAN_POINT('Ctrl Pts',(79.7644,132.3478,1.6));
#11403=CARTESIAN_POINT('Ctrl Pts',(79.7644,132.480408,0.));
#11404=CARTESIAN_POINT('Ctrl Pts',(79.7644,132.480408,1.6));
#11405=CARTESIAN_POINT('Ctrl Pts',(79.817078,132.607585,0.));
#11406=CARTESIAN_POINT('Ctrl Pts',(79.817078,132.607585,1.6));
#11407=CARTESIAN_POINT('Ctrl Pts',(79.910847,132.701353,0.));
#11408=CARTESIAN_POINT('Ctrl Pts',(79.910847,132.701353,1.6));
#11409=CARTESIAN_POINT('',(79.7644,132.3478,1.6));
#11410=CARTESIAN_POINT('Ctrl Pts',(79.7644,132.3478,1.6));
#11411=CARTESIAN_POINT('Ctrl Pts',(79.7644,132.480408,1.6));
#11412=CARTESIAN_POINT('Ctrl Pts',(79.817078,132.607585,1.6));
#11413=CARTESIAN_POINT('Ctrl Pts',(79.910847,132.701353,1.6));
#11414=CARTESIAN_POINT('',(79.7644,132.3478,0.));
#11415=CARTESIAN_POINT('Origin',(79.7644,119.4478,0.));
#11416=CARTESIAN_POINT('',(79.7644,119.4478,1.6));
#11417=CARTESIAN_POINT('',(79.7644,119.4478,1.6));
#11418=CARTESIAN_POINT('',(79.7644,119.4478,0.));
#11419=CARTESIAN_POINT('Ctrl Pts',(79.910847,119.094247,0.));
#11420=CARTESIAN_POINT('Ctrl Pts',(79.910847,119.094247,1.6));
#11421=CARTESIAN_POINT('Ctrl Pts',(79.817078,119.188015,0.));
#11422=CARTESIAN_POINT('Ctrl Pts',(79.817078,119.188015,1.6));
#11423=CARTESIAN_POINT('Ctrl Pts',(79.7644,119.315192,0.));
#11424=CARTESIAN_POINT('Ctrl Pts',(79.7644,119.315192,1.6));
#11425=CARTESIAN_POINT('Ctrl Pts',(79.7644,119.4478,0.));
#11426=CARTESIAN_POINT('Ctrl Pts',(79.7644,119.4478,1.6));
#11427=CARTESIAN_POINT('',(79.910847,119.094247,1.6));
#11428=CARTESIAN_POINT('Ctrl Pts',(79.910847,119.094247,1.6));
#11429=CARTESIAN_POINT('Ctrl Pts',(79.817078,119.188015,1.6));
#11430=CARTESIAN_POINT('Ctrl Pts',(79.7644,119.315192,1.6));
#11431=CARTESIAN_POINT('Ctrl Pts',(79.7644,119.4478,1.6));
#11432=CARTESIAN_POINT('',(79.910847,119.094247,0.));
#11433=CARTESIAN_POINT('Ctrl Pts',(80.2644,118.9478,0.));
#11434=CARTESIAN_POINT('Ctrl Pts',(80.2644,118.9478,1.6));
#11435=CARTESIAN_POINT('Ctrl Pts',(80.131792,118.9478,0.));
#11436=CARTESIAN_POINT('Ctrl Pts',(80.131792,118.9478,1.6));
#11437=CARTESIAN_POINT('Ctrl Pts',(80.004615,119.000478,0.));
#11438=CARTESIAN_POINT('Ctrl Pts',(80.004615,119.000478,1.6));
#11439=CARTESIAN_POINT('Ctrl Pts',(79.910847,119.094247,0.));
#11440=CARTESIAN_POINT('Ctrl Pts',(79.910847,119.094247,1.6));
#11441=CARTESIAN_POINT('',(80.2644,118.9478,1.6));
#11442=CARTESIAN_POINT('Ctrl Pts',(80.2644,118.9478,1.6));
#11443=CARTESIAN_POINT('Ctrl Pts',(80.131792,118.9478,1.6));
#11444=CARTESIAN_POINT('Ctrl Pts',(80.004615,119.000478,1.6));
#11445=CARTESIAN_POINT('Ctrl Pts',(79.910847,119.094247,1.6));
#11446=CARTESIAN_POINT('',(80.2644,118.9478,0.));
#11447=CARTESIAN_POINT('Origin',(93.1644,118.9478,0.));
#11448=CARTESIAN_POINT('',(93.1644,118.9478,1.6));
#11449=CARTESIAN_POINT('',(93.1644,118.9478,1.6));
#11450=CARTESIAN_POINT('',(93.1644,118.9478,0.));
#11451=CARTESIAN_POINT('Ctrl Pts',(93.517953,119.094247,0.));
#11452=CARTESIAN_POINT('Ctrl Pts',(93.517953,119.094247,1.6));
#11453=CARTESIAN_POINT('Ctrl Pts',(93.424185,119.000478,0.));
#11454=CARTESIAN_POINT('Ctrl Pts',(93.424185,119.000478,1.6));
#11455=CARTESIAN_POINT('Ctrl Pts',(93.297008,118.9478,0.));
#11456=CARTESIAN_POINT('Ctrl Pts',(93.297008,118.9478,1.6));
#11457=CARTESIAN_POINT('Ctrl Pts',(93.1644,118.9478,0.));
#11458=CARTESIAN_POINT('Ctrl Pts',(93.1644,118.9478,1.6));
#11459=CARTESIAN_POINT('',(93.517953,119.094247,1.6));
#11460=CARTESIAN_POINT('Ctrl Pts',(93.517953,119.094247,1.6));
#11461=CARTESIAN_POINT('Ctrl Pts',(93.424185,119.000478,1.6));
#11462=CARTESIAN_POINT('Ctrl Pts',(93.297008,118.9478,1.6));
#11463=CARTESIAN_POINT('Ctrl Pts',(93.1644,118.9478,1.6));
#11464=CARTESIAN_POINT('',(93.517953,119.094247,0.));
#11465=CARTESIAN_POINT('Ctrl Pts',(93.6644,119.4478,0.));
#11466=CARTESIAN_POINT('Ctrl Pts',(93.6644,119.4478,1.6));
#11467=CARTESIAN_POINT('Ctrl Pts',(93.6644,119.315192,0.));
#11468=CARTESIAN_POINT('Ctrl Pts',(93.6644,119.315192,1.6));
#11469=CARTESIAN_POINT('Ctrl Pts',(93.611722,119.188015,0.));
#11470=CARTESIAN_POINT('Ctrl Pts',(93.611722,119.188015,1.6));
#11471=CARTESIAN_POINT('Ctrl Pts',(93.517953,119.094247,0.));
#11472=CARTESIAN_POINT('Ctrl Pts',(93.517953,119.094247,1.6));
#11473=CARTESIAN_POINT('',(93.6644,119.4478,1.6));
#11474=CARTESIAN_POINT('Ctrl Pts',(93.6644,119.4478,1.6));
#11475=CARTESIAN_POINT('Ctrl Pts',(93.6644,119.315192,1.6));
#11476=CARTESIAN_POINT('Ctrl Pts',(93.611722,119.188015,1.6));
#11477=CARTESIAN_POINT('Ctrl Pts',(93.517953,119.094247,1.6));
#11478=CARTESIAN_POINT('',(93.6644,119.4478,0.));
#11479=CARTESIAN_POINT('Origin',(93.6644,132.3478,0.));
#11480=CARTESIAN_POINT('',(93.6644,132.3478,1.6));
#11481=CARTESIAN_POINT('',(93.6644,132.3478,1.6));
#11482=CARTESIAN_POINT('',(93.6644,132.3478,0.));
#11483=CARTESIAN_POINT('Ctrl Pts',(93.517953,132.701353,0.));
#11484=CARTESIAN_POINT('Ctrl Pts',(93.517953,132.701353,1.6));
#11485=CARTESIAN_POINT('Ctrl Pts',(93.611722,132.607585,0.));
#11486=CARTESIAN_POINT('Ctrl Pts',(93.611722,132.607585,1.6));
#11487=CARTESIAN_POINT('Ctrl Pts',(93.6644,132.480408,0.));
#11488=CARTESIAN_POINT('Ctrl Pts',(93.6644,132.480408,1.6));
#11489=CARTESIAN_POINT('Ctrl Pts',(93.6644,132.3478,0.));
#11490=CARTESIAN_POINT('Ctrl Pts',(93.6644,132.3478,1.6));
#11491=CARTESIAN_POINT('',(93.517953,132.701353,1.6));
#11492=CARTESIAN_POINT('Ctrl Pts',(93.517953,132.701353,1.6));
#11493=CARTESIAN_POINT('Ctrl Pts',(93.611722,132.607585,1.6));
#11494=CARTESIAN_POINT('Ctrl Pts',(93.6644,132.480408,1.6));
#11495=CARTESIAN_POINT('Ctrl Pts',(93.6644,132.3478,1.6));
#11496=CARTESIAN_POINT('',(93.517953,132.701353,0.));
#11497=CARTESIAN_POINT('Ctrl Pts',(93.1644,132.8478,0.));
#11498=CARTESIAN_POINT('Ctrl Pts',(93.1644,132.8478,1.6));
#11499=CARTESIAN_POINT('Ctrl Pts',(93.297008,132.8478,0.));
#11500=CARTESIAN_POINT('Ctrl Pts',(93.297008,132.8478,1.6));
#11501=CARTESIAN_POINT('Ctrl Pts',(93.424185,132.795122,0.));
#11502=CARTESIAN_POINT('Ctrl Pts',(93.424185,132.795122,1.6));
#11503=CARTESIAN_POINT('Ctrl Pts',(93.517953,132.701353,0.));
#11504=CARTESIAN_POINT('Ctrl Pts',(93.517953,132.701353,1.6));
#11505=CARTESIAN_POINT('Ctrl Pts',(93.1644,132.8478,1.6));
#11506=CARTESIAN_POINT('Ctrl Pts',(93.297008,132.8478,1.6));
#11507=CARTESIAN_POINT('Ctrl Pts',(93.424185,132.795122,1.6));
#11508=CARTESIAN_POINT('Ctrl Pts',(93.517953,132.701353,1.6));
#11509=CARTESIAN_POINT('Origin',(80.2644,115.8478,0.));
#11510=CARTESIAN_POINT('',(93.1644,115.8478,1.6));
#11511=CARTESIAN_POINT('',(93.1644,115.8478,0.));
#11512=CARTESIAN_POINT('',(80.2644,115.8478,1.6));
#11513=CARTESIAN_POINT('',(80.2644,115.8478,1.6));
#11514=CARTESIAN_POINT('',(80.2644,115.8478,0.));
#11515=CARTESIAN_POINT('Ctrl Pts',(79.910847,115.701353,0.));
#11516=CARTESIAN_POINT('Ctrl Pts',(79.910847,115.701353,1.6));
#11517=CARTESIAN_POINT('Ctrl Pts',(80.004615,115.795122,0.));
#11518=CARTESIAN_POINT('Ctrl Pts',(80.004615,115.795122,1.6));
#11519=CARTESIAN_POINT('Ctrl Pts',(80.131792,115.8478,0.));
#11520=CARTESIAN_POINT('Ctrl Pts',(80.131792,115.8478,1.6));
#11521=CARTESIAN_POINT('Ctrl Pts',(80.2644,115.8478,0.));
#11522=CARTESIAN_POINT('Ctrl Pts',(80.2644,115.8478,1.6));
#11523=CARTESIAN_POINT('',(79.910847,115.701353,1.6));
#11524=CARTESIAN_POINT('Ctrl Pts',(79.910847,115.701353,1.6));
#11525=CARTESIAN_POINT('Ctrl Pts',(80.004615,115.795122,1.6));
#11526=CARTESIAN_POINT('Ctrl Pts',(80.131792,115.8478,1.6));
#11527=CARTESIAN_POINT('Ctrl Pts',(80.2644,115.8478,1.6));
#11528=CARTESIAN_POINT('',(79.910847,115.701353,0.));
#11529=CARTESIAN_POINT('Ctrl Pts',(79.7644,115.3478,0.));
#11530=CARTESIAN_POINT('Ctrl Pts',(79.7644,115.3478,1.6));
#11531=CARTESIAN_POINT('Ctrl Pts',(79.7644,115.480408,0.));
#11532=CARTESIAN_POINT('Ctrl Pts',(79.7644,115.480408,1.6));
#11533=CARTESIAN_POINT('Ctrl Pts',(79.817078,115.607585,0.));
#11534=CARTESIAN_POINT('Ctrl Pts',(79.817078,115.607585,1.6));
#11535=CARTESIAN_POINT('Ctrl Pts',(79.910847,115.701353,0.));
#11536=CARTESIAN_POINT('Ctrl Pts',(79.910847,115.701353,1.6));
#11537=CARTESIAN_POINT('',(79.7644,115.3478,1.6));
#11538=CARTESIAN_POINT('Ctrl Pts',(79.7644,115.3478,1.6));
#11539=CARTESIAN_POINT('Ctrl Pts',(79.7644,115.480408,1.6));
#11540=CARTESIAN_POINT('Ctrl Pts',(79.817078,115.607585,1.6));
#11541=CARTESIAN_POINT('Ctrl Pts',(79.910847,115.701353,1.6));
#11542=CARTESIAN_POINT('',(79.7644,115.3478,0.));
#11543=CARTESIAN_POINT('Origin',(79.7644,102.4478,0.));
#11544=CARTESIAN_POINT('',(79.7644,102.4478,1.6));
#11545=CARTESIAN_POINT('',(79.7644,102.4478,1.6));
#11546=CARTESIAN_POINT('',(79.7644,102.4478,0.));
#11547=CARTESIAN_POINT('Ctrl Pts',(79.910847,102.094247,0.));
#11548=CARTESIAN_POINT('Ctrl Pts',(79.910847,102.094247,1.6));
#11549=CARTESIAN_POINT('Ctrl Pts',(79.817078,102.188015,0.));
#11550=CARTESIAN_POINT('Ctrl Pts',(79.817078,102.188015,1.6));
#11551=CARTESIAN_POINT('Ctrl Pts',(79.7644,102.315192,0.));
#11552=CARTESIAN_POINT('Ctrl Pts',(79.7644,102.315192,1.6));
#11553=CARTESIAN_POINT('Ctrl Pts',(79.7644,102.4478,0.));
#11554=CARTESIAN_POINT('Ctrl Pts',(79.7644,102.4478,1.6));
#11555=CARTESIAN_POINT('',(79.910847,102.094247,1.6));
#11556=CARTESIAN_POINT('Ctrl Pts',(79.910847,102.094247,1.6));
#11557=CARTESIAN_POINT('Ctrl Pts',(79.817078,102.188015,1.6));
#11558=CARTESIAN_POINT('Ctrl Pts',(79.7644,102.315192,1.6));
#11559=CARTESIAN_POINT('Ctrl Pts',(79.7644,102.4478,1.6));
#11560=CARTESIAN_POINT('',(79.910847,102.094247,0.));
#11561=CARTESIAN_POINT('Ctrl Pts',(80.2644,101.9478,0.));
#11562=CARTESIAN_POINT('Ctrl Pts',(80.2644,101.9478,1.6));
#11563=CARTESIAN_POINT('Ctrl Pts',(80.131792,101.9478,0.));
#11564=CARTESIAN_POINT('Ctrl Pts',(80.131792,101.9478,1.6));
#11565=CARTESIAN_POINT('Ctrl Pts',(80.004615,102.000478,0.));
#11566=CARTESIAN_POINT('Ctrl Pts',(80.004615,102.000478,1.6));
#11567=CARTESIAN_POINT('Ctrl Pts',(79.910847,102.094247,0.));
#11568=CARTESIAN_POINT('Ctrl Pts',(79.910847,102.094247,1.6));
#11569=CARTESIAN_POINT('',(80.2644,101.9478,1.6));
#11570=CARTESIAN_POINT('Ctrl Pts',(80.2644,101.9478,1.6));
#11571=CARTESIAN_POINT('Ctrl Pts',(80.131792,101.9478,1.6));
#11572=CARTESIAN_POINT('Ctrl Pts',(80.004615,102.000478,1.6));
#11573=CARTESIAN_POINT('Ctrl Pts',(79.910847,102.094247,1.6));
#11574=CARTESIAN_POINT('',(80.2644,101.9478,0.));
#11575=CARTESIAN_POINT('Origin',(93.1644,101.9478,0.));
#11576=CARTESIAN_POINT('',(93.1644,101.9478,1.6));
#11577=CARTESIAN_POINT('',(93.1644,101.9478,1.6));
#11578=CARTESIAN_POINT('',(93.1644,101.9478,0.));
#11579=CARTESIAN_POINT('Ctrl Pts',(93.517953,102.094247,0.));
#11580=CARTESIAN_POINT('Ctrl Pts',(93.517953,102.094247,1.6));
#11581=CARTESIAN_POINT('Ctrl Pts',(93.424185,102.000478,0.));
#11582=CARTESIAN_POINT('Ctrl Pts',(93.424185,102.000478,1.6));
#11583=CARTESIAN_POINT('Ctrl Pts',(93.297008,101.9478,0.));
#11584=CARTESIAN_POINT('Ctrl Pts',(93.297008,101.9478,1.6));
#11585=CARTESIAN_POINT('Ctrl Pts',(93.1644,101.9478,0.));
#11586=CARTESIAN_POINT('Ctrl Pts',(93.1644,101.9478,1.6));
#11587=CARTESIAN_POINT('',(93.517953,102.094247,1.6));
#11588=CARTESIAN_POINT('Ctrl Pts',(93.517953,102.094247,1.6));
#11589=CARTESIAN_POINT('Ctrl Pts',(93.424185,102.000478,1.6));
#11590=CARTESIAN_POINT('Ctrl Pts',(93.297008,101.9478,1.6));
#11591=CARTESIAN_POINT('Ctrl Pts',(93.1644,101.9478,1.6));
#11592=CARTESIAN_POINT('',(93.517953,102.094247,0.));
#11593=CARTESIAN_POINT('Ctrl Pts',(93.6644,102.4478,0.));
#11594=CARTESIAN_POINT('Ctrl Pts',(93.6644,102.4478,1.6));
#11595=CARTESIAN_POINT('Ctrl Pts',(93.6644,102.315192,0.));
#11596=CARTESIAN_POINT('Ctrl Pts',(93.6644,102.315192,1.6));
#11597=CARTESIAN_POINT('Ctrl Pts',(93.611722,102.188015,0.));
#11598=CARTESIAN_POINT('Ctrl Pts',(93.611722,102.188015,1.6));
#11599=CARTESIAN_POINT('Ctrl Pts',(93.517953,102.094247,0.));
#11600=CARTESIAN_POINT('Ctrl Pts',(93.517953,102.094247,1.6));
#11601=CARTESIAN_POINT('',(93.6644,102.4478,1.6));
#11602=CARTESIAN_POINT('Ctrl Pts',(93.6644,102.4478,1.6));
#11603=CARTESIAN_POINT('Ctrl Pts',(93.6644,102.315192,1.6));
#11604=CARTESIAN_POINT('Ctrl Pts',(93.611722,102.188015,1.6));
#11605=CARTESIAN_POINT('Ctrl Pts',(93.517953,102.094247,1.6));
#11606=CARTESIAN_POINT('',(93.6644,102.4478,0.));
#11607=CARTESIAN_POINT('Origin',(93.6644,115.3478,0.));
#11608=CARTESIAN_POINT('',(93.6644,115.3478,1.6));
#11609=CARTESIAN_POINT('',(93.6644,115.3478,1.6));
#11610=CARTESIAN_POINT('',(93.6644,115.3478,0.));
#11611=CARTESIAN_POINT('Ctrl Pts',(93.517953,115.701353,0.));
#11612=CARTESIAN_POINT('Ctrl Pts',(93.517953,115.701353,1.6));
#11613=CARTESIAN_POINT('Ctrl Pts',(93.611722,115.607585,0.));
#11614=CARTESIAN_POINT('Ctrl Pts',(93.611722,115.607585,1.6));
#11615=CARTESIAN_POINT('Ctrl Pts',(93.6644,115.480408,0.));
#11616=CARTESIAN_POINT('Ctrl Pts',(93.6644,115.480408,1.6));
#11617=CARTESIAN_POINT('Ctrl Pts',(93.6644,115.3478,0.));
#11618=CARTESIAN_POINT('Ctrl Pts',(93.6644,115.3478,1.6));
#11619=CARTESIAN_POINT('',(93.517953,115.701353,1.6));
#11620=CARTESIAN_POINT('Ctrl Pts',(93.517953,115.701353,1.6));
#11621=CARTESIAN_POINT('Ctrl Pts',(93.611722,115.607585,1.6));
#11622=CARTESIAN_POINT('Ctrl Pts',(93.6644,115.480408,1.6));
#11623=CARTESIAN_POINT('Ctrl Pts',(93.6644,115.3478,1.6));
#11624=CARTESIAN_POINT('',(93.517953,115.701353,0.));
#11625=CARTESIAN_POINT('Ctrl Pts',(93.1644,115.8478,0.));
#11626=CARTESIAN_POINT('Ctrl Pts',(93.1644,115.8478,1.6));
#11627=CARTESIAN_POINT('Ctrl Pts',(93.297008,115.8478,0.));
#11628=CARTESIAN_POINT('Ctrl Pts',(93.297008,115.8478,1.6));
#11629=CARTESIAN_POINT('Ctrl Pts',(93.424185,115.795122,0.));
#11630=CARTESIAN_POINT('Ctrl Pts',(93.424185,115.795122,1.6));
#11631=CARTESIAN_POINT('Ctrl Pts',(93.517953,115.701353,0.));
#11632=CARTESIAN_POINT('Ctrl Pts',(93.517953,115.701353,1.6));
#11633=CARTESIAN_POINT('Ctrl Pts',(93.1644,115.8478,1.6));
#11634=CARTESIAN_POINT('Ctrl Pts',(93.297008,115.8478,1.6));
#11635=CARTESIAN_POINT('Ctrl Pts',(93.424185,115.795122,1.6));
#11636=CARTESIAN_POINT('Ctrl Pts',(93.517953,115.701353,1.6));
#11637=CARTESIAN_POINT('Origin',(77.7053420672608,162.496299999521,0.));
#11638=CARTESIAN_POINT('',(60.6925810965392,162.496299999681,1.6));
#11639=CARTESIAN_POINT('',(60.6925810965392,162.496299999681,0.));
#11640=CARTESIAN_POINT('',(77.7053420672608,162.496299999521,1.6));
#11641=CARTESIAN_POINT('',(60.6925810965392,162.496299999681,1.6));
#11642=CARTESIAN_POINT('',(77.7053420672608,162.496299999521,0.));
#11643=CARTESIAN_POINT('Ctrl Pts',(81.0496406911981,161.570021912112,0.));
#11644=CARTESIAN_POINT('Ctrl Pts',(81.0496406911981,161.570021912112,1.6));
#11645=CARTESIAN_POINT('Ctrl Pts',(81.0496301296099,161.570028248879,0.));
#11646=CARTESIAN_POINT('Ctrl Pts',(81.0496301296099,161.570028248879,1.6));
#11647=CARTESIAN_POINT('Ctrl Pts',(81.0496195682114,161.570034585532,0.));
#11648=CARTESIAN_POINT('Ctrl Pts',(81.0496195682114,161.570034585532,1.6));
#11649=CARTESIAN_POINT('Ctrl Pts',(81.049609006661,161.570040922277,0.));
#11650=CARTESIAN_POINT('Ctrl Pts',(81.049609006661,161.570040922277,1.6));
#11651=CARTESIAN_POINT('Ctrl Pts',(81.0333538044103,161.579793757746,0.));
#11652=CARTESIAN_POINT('Ctrl Pts',(81.0333538044103,161.579793757746,1.6));
#11653=CARTESIAN_POINT('Ctrl Pts',(80.9790102738877,161.61194552667,0.));
#11654=CARTESIAN_POINT('Ctrl Pts',(80.9790102738877,161.61194552667,1.6));
#11655=CARTESIAN_POINT('Ctrl Pts',(80.9434406326191,161.632380804073,0.));
#11656=CARTESIAN_POINT('Ctrl Pts',(80.9434406326191,161.632380804073,1.6));
#11657=CARTESIAN_POINT('Ctrl Pts',(79.9588602145019,162.198036606384,0.));
#11658=CARTESIAN_POINT('Ctrl Pts',(79.9588602145019,162.198036606384,1.6));
#11659=CARTESIAN_POINT('Ctrl Pts',(78.8421652713783,162.496318816458,0.));
#11660=CARTESIAN_POINT('Ctrl Pts',(78.8421652713783,162.496318816458,1.6));
#11661=CARTESIAN_POINT('Ctrl Pts',(77.7053420672608,162.496299999521,0.));
#11662=CARTESIAN_POINT('Ctrl Pts',(77.7053420672608,162.496299999521,1.6));
#11663=CARTESIAN_POINT('',(81.0496406913663,161.570021912011,1.6));
#11664=CARTESIAN_POINT('Ctrl Pts',(81.0496406911981,161.570021912112,1.6));
#11665=CARTESIAN_POINT('Ctrl Pts',(81.0496301296099,161.570028248879,1.6));
#11666=CARTESIAN_POINT('Ctrl Pts',(81.0496195682114,161.570034585532,1.6));
#11667=CARTESIAN_POINT('Ctrl Pts',(81.049609006661,161.570040922277,1.6));
#11668=CARTESIAN_POINT('Ctrl Pts',(81.0333538044103,161.579793757746,1.6));
#11669=CARTESIAN_POINT('Ctrl Pts',(80.9790102738877,161.61194552667,1.6));
#11670=CARTESIAN_POINT('Ctrl Pts',(80.9434406326191,161.632380804073,1.6));
#11671=CARTESIAN_POINT('Ctrl Pts',(79.9588602145019,162.198036606384,1.6));
#11672=CARTESIAN_POINT('Ctrl Pts',(78.8421652713783,162.496318816458,1.6));
#11673=CARTESIAN_POINT('Ctrl Pts',(77.7053420672608,162.496299999521,1.6));
#11674=CARTESIAN_POINT('',(81.0496406913663,161.570021912011,0.));
#11675=CARTESIAN_POINT('Origin',(88.005748354729,157.3962,0.));
#11676=CARTESIAN_POINT('',(81.0496406913663,161.570021912011,1.6));
#11677=CARTESIAN_POINT('Origin',(135.4434,153.8962,0.));
#11678=CARTESIAN_POINT('',(135.568100886332,157.393977821553,1.6));
#11679=CARTESIAN_POINT('Origin',(135.4434,153.8962,1.6));
#11680=CARTESIAN_POINT('',(135.568100886332,157.393977821553,0.));
#11681=CARTESIAN_POINT('Ctrl Pts',(138.072349882032,156.250342463616,0.));
#11682=CARTESIAN_POINT('Ctrl Pts',(138.072349882032,156.250342463616,1.6));
#11683=CARTESIAN_POINT('Ctrl Pts',(137.423227291709,156.947622640908,0.));
#11684=CARTESIAN_POINT('Ctrl Pts',(137.423227291709,156.947622640908,1.6));
#11685=CARTESIAN_POINT('Ctrl Pts',(136.520128404314,157.360036650512,0.));
#11686=CARTESIAN_POINT('Ctrl Pts',(136.520128404314,157.360036650512,1.6));
#11687=CARTESIAN_POINT('Ctrl Pts',(135.568100886332,157.393977821553,0.));
#11688=CARTESIAN_POINT('Ctrl Pts',(135.568100886332,157.393977821553,1.6));
#11689=CARTESIAN_POINT('',(138.072354591807,156.250337404419,1.6));
#11690=CARTESIAN_POINT('Ctrl Pts',(138.072349882032,156.250342463616,1.6));
#11691=CARTESIAN_POINT('Ctrl Pts',(137.423227291709,156.947622640908,1.6));
#11692=CARTESIAN_POINT('Ctrl Pts',(136.520128404314,157.360036650512,1.6));
#11693=CARTESIAN_POINT('Ctrl Pts',(135.568100886332,157.393977821553,1.6));
#11694=CARTESIAN_POINT('',(138.072354591807,156.250337404419,0.));
#11695=CARTESIAN_POINT('Ctrl Pts',(139.0364,153.77862122718,0.));
#11696=CARTESIAN_POINT('Ctrl Pts',(139.0364,153.77862122718,1.6));
#11697=CARTESIAN_POINT('Ctrl Pts',(139.0417766146,154.693206425101,0.));
#11698=CARTESIAN_POINT('Ctrl Pts',(139.0417766146,154.693206425101,1.6));
#11699=CARTESIAN_POINT('Ctrl Pts',(138.696982399418,155.579366589926,0.));
#11700=CARTESIAN_POINT('Ctrl Pts',(138.696982399418,155.579366589926,1.6));
#11701=CARTESIAN_POINT('Ctrl Pts',(138.072354591807,156.250337404419,0.));
#11702=CARTESIAN_POINT('Ctrl Pts',(138.072354591807,156.250337404419,1.6));
#11703=CARTESIAN_POINT('',(139.0364,153.77862122718,1.6));
#11704=CARTESIAN_POINT('Ctrl Pts',(139.0364,153.77862122718,1.6));
#11705=CARTESIAN_POINT('Ctrl Pts',(139.0417766146,154.693206425101,1.6));
#11706=CARTESIAN_POINT('Ctrl Pts',(138.696982399418,155.579366589926,1.6));
#11707=CARTESIAN_POINT('Ctrl Pts',(138.072354591807,156.250337404419,1.6));
#11708=CARTESIAN_POINT('',(139.0364,153.77862122718,0.));
#11709=CARTESIAN_POINT('Origin',(139.0364,94.6645045674324,0.));
#11710=CARTESIAN_POINT('',(139.0364,94.6645045668654,1.6));
#11711=CARTESIAN_POINT('',(139.0364,107.9963,1.6));
#11712=CARTESIAN_POINT('',(139.0364,94.6645045668654,0.));
#11713=CARTESIAN_POINT('Ctrl Pts',(138.421763510515,91.9056902021417,0.));
#11714=CARTESIAN_POINT('Ctrl Pts',(138.421763510515,91.9056902021417,1.6));
#11715=CARTESIAN_POINT('Ctrl Pts',(138.631909174864,92.3539510962113,0.));
#11716=CARTESIAN_POINT('Ctrl Pts',(138.631909174864,92.3539510962113,1.6));
#11717=CARTESIAN_POINT('Ctrl Pts',(138.789540355213,92.8234493531174,0.));
#11718=CARTESIAN_POINT('Ctrl Pts',(138.789540355213,92.8234493531174,1.6));
#11719=CARTESIAN_POINT('Ctrl Pts',(138.892518152393,93.3047062180707,0.));
#11720=CARTESIAN_POINT('Ctrl Pts',(138.892518152393,93.3047062180707,1.6));
#11721=CARTESIAN_POINT('Ctrl Pts',(138.95746659395,93.6082365345358,0.));
#11722=CARTESIAN_POINT('Ctrl Pts',(138.95746659395,93.6082365345358,1.6));
#11723=CARTESIAN_POINT('Ctrl Pts',(139.0006846405,93.9164741643583,0.));
#11724=CARTESIAN_POINT('Ctrl Pts',(139.0006846405,93.9164741643583,1.6));
#11725=CARTESIAN_POINT('Ctrl Pts',(139.021646826688,94.2270682321679,0.));
#11726=CARTESIAN_POINT('Ctrl Pts',(139.021646826688,94.2270682321679,1.6));
#11727=CARTESIAN_POINT('Ctrl Pts',(139.02875028228,94.3323192373912,0.));
#11728=CARTESIAN_POINT('Ctrl Pts',(139.02875028228,94.3323192373912,1.6));
#11729=CARTESIAN_POINT('Ctrl Pts',(139.033297914466,94.4378398361184,0.));
#11730=CARTESIAN_POINT('Ctrl Pts',(139.033297914466,94.4378398361184,1.6));
#11731=CARTESIAN_POINT('Ctrl Pts',(139.035269450761,94.5435340716485,0.));
#11732=CARTESIAN_POINT('Ctrl Pts',(139.035269450761,94.5435340716485,1.6));
#11733=CARTESIAN_POINT('Ctrl Pts',(139.036020951077,94.5838220702709,0.));
#11734=CARTESIAN_POINT('Ctrl Pts',(139.036020951077,94.5838220702709,1.6));
#11735=CARTESIAN_POINT('Ctrl Pts',(139.036398981077,94.6458198695765,0.));
#11736=CARTESIAN_POINT('Ctrl Pts',(139.036398981077,94.6458198695765,1.6));
#11737=CARTESIAN_POINT('Ctrl Pts',(139.036399996283,94.6644364018446,0.));
#11738=CARTESIAN_POINT('Ctrl Pts',(139.036399996283,94.6644364018446,1.6));
#11739=CARTESIAN_POINT('Ctrl Pts',(139.036399997522,94.6644591235388,0.));
#11740=CARTESIAN_POINT('Ctrl Pts',(139.036399997522,94.6644591235388,1.6));
#11741=CARTESIAN_POINT('Ctrl Pts',(139.036399998761,94.664481845172,0.));
#11742=CARTESIAN_POINT('Ctrl Pts',(139.036399998761,94.664481845172,1.6));
#11743=CARTESIAN_POINT('Ctrl Pts',(139.0364,94.6645045668277,0.));
#11744=CARTESIAN_POINT('Ctrl Pts',(139.0364,94.6645045668277,1.6));
#11745=CARTESIAN_POINT('',(138.421763510515,91.9056902021413,1.6));
#11746=CARTESIAN_POINT('Ctrl Pts',(138.421763510515,91.9056902021417,1.6));
#11747=CARTESIAN_POINT('Ctrl Pts',(138.631909174864,92.3539510962113,1.6));
#11748=CARTESIAN_POINT('Ctrl Pts',(138.789540355213,92.8234493531174,1.6));
#11749=CARTESIAN_POINT('Ctrl Pts',(138.892518152393,93.3047062180707,1.6));
#11750=CARTESIAN_POINT('Ctrl Pts',(138.95746659395,93.6082365345358,1.6));
#11751=CARTESIAN_POINT('Ctrl Pts',(139.0006846405,93.9164741643583,1.6));
#11752=CARTESIAN_POINT('Ctrl Pts',(139.021646826688,94.2270682321679,1.6));
#11753=CARTESIAN_POINT('Ctrl Pts',(139.02875028228,94.3323192373912,1.6));
#11754=CARTESIAN_POINT('Ctrl Pts',(139.033297914466,94.4378398361184,1.6));
#11755=CARTESIAN_POINT('Ctrl Pts',(139.035269450761,94.5435340716485,1.6));
#11756=CARTESIAN_POINT('Ctrl Pts',(139.036020951077,94.5838220702709,1.6));
#11757=CARTESIAN_POINT('Ctrl Pts',(139.036398981077,94.6458198695765,1.6));
#11758=CARTESIAN_POINT('Ctrl Pts',(139.036399996283,94.6644364018446,1.6));
#11759=CARTESIAN_POINT('Ctrl Pts',(139.036399997522,94.6644591235388,1.6));
#11760=CARTESIAN_POINT('Ctrl Pts',(139.036399998761,94.664481845172,1.6));
#11761=CARTESIAN_POINT('Ctrl Pts',(139.0364,94.6645045668277,1.6));
#11762=CARTESIAN_POINT('',(138.421763510515,91.9056902021413,0.));
#11763=CARTESIAN_POINT('Origin',(131.579344274783,77.3086625002685,0.));
#11764=CARTESIAN_POINT('',(131.579344274783,77.3086625002685,1.6));
#11765=CARTESIAN_POINT('',(138.421763510515,91.9056902021413,1.6));
#11766=CARTESIAN_POINT('',(131.579344274783,77.3086625002685,0.));
#11767=CARTESIAN_POINT('Ctrl Pts',(129.153036217439,74.5642945864297,0.));
#11768=CARTESIAN_POINT('Ctrl Pts',(129.153036217439,74.5642945864297,1.6));
#11769=CARTESIAN_POINT('Ctrl Pts',(129.153044099108,74.5642995408771,0.));
#11770=CARTESIAN_POINT('Ctrl Pts',(129.153044099108,74.5642995408771,1.6));
#11771=CARTESIAN_POINT('Ctrl Pts',(129.153051979224,74.5643044943487,0.));
#11772=CARTESIAN_POINT('Ctrl Pts',(129.153051979224,74.5643044943487,1.6));
#11773=CARTESIAN_POINT('Ctrl Pts',(129.153059860905,74.5643094488036,0.));
#11774=CARTESIAN_POINT('Ctrl Pts',(129.153059860905,74.5643094488036,1.6));
#11775=CARTESIAN_POINT('Ctrl Pts',(129.169309263966,74.5745238865151,0.));
#11776=CARTESIAN_POINT('Ctrl Pts',(129.169309263966,74.5745238865151,1.6));
#11777=CARTESIAN_POINT('Ctrl Pts',(129.223197471422,74.6088687362625,0.));
#11778=CARTESIAN_POINT('Ctrl Pts',(129.223197471422,74.6088687362625,1.6));
#11779=CARTESIAN_POINT('Ctrl Pts',(129.257915511663,74.6316324343756,0.));
#11780=CARTESIAN_POINT('Ctrl Pts',(129.257915511663,74.6316324343756,1.6));
#11781=CARTESIAN_POINT('Ctrl Pts',(130.263908484205,75.2912353431738,0.));
#11782=CARTESIAN_POINT('Ctrl Pts',(130.263908484205,75.2912353431738,1.6));
#11783=CARTESIAN_POINT('Ctrl Pts',(131.068164456026,76.218072962645,0.));
#11784=CARTESIAN_POINT('Ctrl Pts',(131.068164456026,76.218072962645,1.6));
#11785=CARTESIAN_POINT('Ctrl Pts',(131.579344274783,77.3086625002685,0.));
#11786=CARTESIAN_POINT('Ctrl Pts',(131.579344274783,77.3086625002685,1.6));
#11787=CARTESIAN_POINT('',(129.153036215885,74.5642945854529,1.6));
#11788=CARTESIAN_POINT('Ctrl Pts',(129.153036218993,74.5642945874066,1.6));
#11789=CARTESIAN_POINT('Ctrl Pts',(129.153044100144,74.5642995415282,1.6));
#11790=CARTESIAN_POINT('Ctrl Pts',(129.153051979742,74.5643044946743,1.6));
#11791=CARTESIAN_POINT('Ctrl Pts',(129.153059860905,74.5643094488036,1.6));
#11792=CARTESIAN_POINT('Ctrl Pts',(129.169309263966,74.5745238865151,1.6));
#11793=CARTESIAN_POINT('Ctrl Pts',(129.223197471422,74.6088687362625,1.6));
#11794=CARTESIAN_POINT('Ctrl Pts',(129.257915511663,74.6316324343756,1.6));
#11795=CARTESIAN_POINT('Ctrl Pts',(130.263908484205,75.2912353431738,1.6));
#11796=CARTESIAN_POINT('Ctrl Pts',(131.068164456026,76.218072962645,1.6));
#11797=CARTESIAN_POINT('Ctrl Pts',(131.579344274783,77.3086625002685,1.6));
#11798=CARTESIAN_POINT('',(129.153036215885,74.5642945854529,0.));
#11799=CARTESIAN_POINT('Origin',(113.401495479716,64.6633061252658,0.));
#11800=CARTESIAN_POINT('',(113.401495479716,64.6633061252657,1.6));
#11801=CARTESIAN_POINT('',(129.153036215885,74.5642945854529,1.6));
#11802=CARTESIAN_POINT('',(113.401495479716,64.6633061252657,0.));
#11803=CARTESIAN_POINT('Ctrl Pts',(108.709533564433,63.784536504524,0.));
#11804=CARTESIAN_POINT('Ctrl Pts',(108.709533564433,63.784536504524,1.6));
#11805=CARTESIAN_POINT('Ctrl Pts',(110.327307505328,63.4720089142162,0.));
#11806=CARTESIAN_POINT('Ctrl Pts',(110.327307505328,63.4720089142162,1.6));
#11807=CARTESIAN_POINT('Ctrl Pts',(112.006474686234,63.7865048263609,0.));
#11808=CARTESIAN_POINT('Ctrl Pts',(112.006474686234,63.7865048263609,1.6));
#11809=CARTESIAN_POINT('Ctrl Pts',(113.401495477883,64.6633061241138,0.));
#11810=CARTESIAN_POINT('Ctrl Pts',(113.401495477883,64.6633061241138,1.6));
#11811=CARTESIAN_POINT('',(108.709533564433,63.784536504524,1.6));
#11812=CARTESIAN_POINT('Ctrl Pts',(108.709533564433,63.784536504524,1.6));
#11813=CARTESIAN_POINT('Ctrl Pts',(110.327307505328,63.4720089142162,1.6));
#11814=CARTESIAN_POINT('Ctrl Pts',(112.006474686234,63.7865048263609,1.6));
#11815=CARTESIAN_POINT('Ctrl Pts',(113.401495477883,64.6633061241138,1.6));
#11816=CARTESIAN_POINT('',(108.709533564433,63.784536504524,0.));
#11817=CARTESIAN_POINT('Origin',(24.3032506548036,80.0902525222967,0.));
#11818=CARTESIAN_POINT('',(24.3032506547851,80.0902525223003,1.6));
#11819=CARTESIAN_POINT('',(108.709533564433,63.784536504524,1.6));
#11820=CARTESIAN_POINT('',(24.3032506547851,80.0902525223003,0.));
#11821=CARTESIAN_POINT('Ctrl Pts',(19.0363000000727,86.4723388431381,0.));
#11822=CARTESIAN_POINT('Ctrl Pts',(19.0363000000727,86.4723388431381,1.6));
#11823=CARTESIAN_POINT('Ctrl Pts',(19.036258637182,84.0754765266345,0.));
#11824=CARTESIAN_POINT('Ctrl Pts',(19.036258637182,84.0754765266345,1.6));
#11825=CARTESIAN_POINT('Ctrl Pts',(20.3584540710167,81.9106660396301,0.));
#11826=CARTESIAN_POINT('Ctrl Pts',(20.3584540710167,81.9106660396301,1.6));
#11827=CARTESIAN_POINT('Ctrl Pts',(22.3839234186123,80.7873893353644,0.));
#11828=CARTESIAN_POINT('Ctrl Pts',(22.3839234186123,80.7873893353644,1.6));
#11829=CARTESIAN_POINT('Ctrl Pts',(22.9717873668635,80.4613740939429,0.));
#11830=CARTESIAN_POINT('Ctrl Pts',(22.9717873668635,80.4613740939429,1.6));
#11831=CARTESIAN_POINT('Ctrl Pts',(23.620225587665,80.2222184693499,0.));
#11832=CARTESIAN_POINT('Ctrl Pts',(23.620225587665,80.2222184693499,1.6));
#11833=CARTESIAN_POINT('Ctrl Pts',(24.3032506550656,80.0902525222461,0.));
#11834=CARTESIAN_POINT('Ctrl Pts',(24.3032506550656,80.0902525222461,1.6));
#11835=CARTESIAN_POINT('',(19.0363000000727,86.4723388431416,1.6));
#11836=CARTESIAN_POINT('Ctrl Pts',(19.0363000000727,86.4723388431347,1.6));
#11837=CARTESIAN_POINT('Ctrl Pts',(19.0362586371833,84.0754765266324,1.6));
#11838=CARTESIAN_POINT('Ctrl Pts',(20.3584540710177,81.9106660396295,1.6));
#11839=CARTESIAN_POINT('Ctrl Pts',(22.3839234186123,80.7873893353644,1.6));
#11840=CARTESIAN_POINT('Ctrl Pts',(22.9717873668691,80.4613740939398,1.6));
#11841=CARTESIAN_POINT('Ctrl Pts',(23.6202255876774,80.2222184693454,1.6));
#11842=CARTESIAN_POINT('Ctrl Pts',(24.3032506550852,80.0902525222423,1.6));
#11843=CARTESIAN_POINT('',(19.0363000000727,86.4723388431416,0.));
#11844=CARTESIAN_POINT('Origin',(19.0363000003634,135.447649563467,0.));
#11845=CARTESIAN_POINT('',(19.0363000003634,135.447649563467,1.6));
#11846=CARTESIAN_POINT('',(19.0363000000727,86.4723388431416,1.6));
#11847=CARTESIAN_POINT('',(19.0363000003634,135.447649563467,0.));
#11848=CARTESIAN_POINT('Ctrl Pts',(21.7714911415924,140.746442871374,0.));
#11849=CARTESIAN_POINT('Ctrl Pts',(21.7714911415924,140.746442871374,1.6));
#11850=CARTESIAN_POINT('Ctrl Pts',(20.058430803171,139.529287349342,0.));
#11851=CARTESIAN_POINT('Ctrl Pts',(20.058430803171,139.529287349342,1.6));
#11852=CARTESIAN_POINT('Ctrl Pts',(19.0362697177776,137.54908364688,0.));
#11853=CARTESIAN_POINT('Ctrl Pts',(19.0362697177776,137.54908364688,1.6));
#11854=CARTESIAN_POINT('Ctrl Pts',(19.0363000003634,135.447649563467,0.));
#11855=CARTESIAN_POINT('Ctrl Pts',(19.0363000003634,135.447649563467,1.6));
#11856=CARTESIAN_POINT('',(21.7714911415923,140.746442871374,1.6));
#11857=CARTESIAN_POINT('Ctrl Pts',(21.7714911415924,140.746442871374,1.6));
#11858=CARTESIAN_POINT('Ctrl Pts',(20.058430803171,139.529287349342,1.6));
#11859=CARTESIAN_POINT('Ctrl Pts',(19.0362697177776,137.54908364688,1.6));
#11860=CARTESIAN_POINT('Ctrl Pts',(19.0363000003634,135.447649563467,1.6));
#11861=CARTESIAN_POINT('',(21.7714911415924,140.746442871374,0.));
#11862=CARTESIAN_POINT('Origin',(39.2795975481482,153.18637636924,0.));
#11863=CARTESIAN_POINT('',(39.2795975481482,153.18637636924,1.6));
#11864=CARTESIAN_POINT('',(21.7714911415924,140.746442871374,1.6));
#11865=CARTESIAN_POINT('',(39.2795975481482,153.18637636924,0.));
#11866=CARTESIAN_POINT('Ctrl Pts',(40.3306807207921,153.79413739854,0.));
#11867=CARTESIAN_POINT('Ctrl Pts',(40.3306807207921,153.79413739854,1.6));
#11868=CARTESIAN_POINT('Ctrl Pts',(40.3306664753817,153.794130852654,0.));
#11869=CARTESIAN_POINT('Ctrl Pts',(40.3306664753817,153.794130852654,1.6));
#11870=CARTESIAN_POINT('Ctrl Pts',(40.3306522302092,153.794124306878,0.));
#11871=CARTESIAN_POINT('Ctrl Pts',(40.3306522302092,153.794124306878,1.6));
#11872=CARTESIAN_POINT('Ctrl Pts',(40.3306379848576,153.794117761019,0.));
#11873=CARTESIAN_POINT('Ctrl Pts',(40.3306379848576,153.794117761019,1.6));
#11874=CARTESIAN_POINT('Ctrl Pts',(40.3132754132066,153.786139513547,0.));
#11875=CARTESIAN_POINT('Ctrl Pts',(40.3132754132066,153.786139513547,1.6));
#11876=CARTESIAN_POINT('Ctrl Pts',(40.2555579078024,153.759182696802,0.));
#11877=CARTESIAN_POINT('Ctrl Pts',(40.2555579078024,153.759182696802,1.6));
#11878=CARTESIAN_POINT('Ctrl Pts',(40.2182734838783,153.741179645631,0.));
#11879=CARTESIAN_POINT('Ctrl Pts',(40.2182734838783,153.741179645631,1.6));
#11880=CARTESIAN_POINT('Ctrl Pts',(39.8904539475223,153.582889634232,0.));
#11881=CARTESIAN_POINT('Ctrl Pts',(39.8904539475223,153.582889634232,1.6));
#11882=CARTESIAN_POINT('Ctrl Pts',(39.5764514136096,153.397310985565,0.));
#11883=CARTESIAN_POINT('Ctrl Pts',(39.5764514136096,153.397310985565,1.6));
#11884=CARTESIAN_POINT('Ctrl Pts',(39.2795975481482,153.18637636924,0.));
#11885=CARTESIAN_POINT('Ctrl Pts',(39.2795975481482,153.18637636924,1.6));
#11886=CARTESIAN_POINT('',(40.3306807209977,153.794137398634,1.6));
#11887=CARTESIAN_POINT('Ctrl Pts',(40.3306807205866,153.794137398445,1.6));
#11888=CARTESIAN_POINT('Ctrl Pts',(40.3306664752447,153.794130852591,1.6));
#11889=CARTESIAN_POINT('Ctrl Pts',(40.3306522301407,153.794124306846,1.6));
#11890=CARTESIAN_POINT('Ctrl Pts',(40.3306379848576,153.794117761019,1.6));
#11891=CARTESIAN_POINT('Ctrl Pts',(40.3132754132066,153.786139513547,1.6));
#11892=CARTESIAN_POINT('Ctrl Pts',(40.2555579078024,153.759182696802,1.6));
#11893=CARTESIAN_POINT('Ctrl Pts',(40.2182734838783,153.741179645631,1.6));
#11894=CARTESIAN_POINT('Ctrl Pts',(39.8904539475223,153.582889634232,1.6));
#11895=CARTESIAN_POINT('Ctrl Pts',(39.5764514136096,153.397310985565,1.6));
#11896=CARTESIAN_POINT('Ctrl Pts',(39.2795975481482,153.18637636924,1.6));
#11897=CARTESIAN_POINT('',(40.3306807209977,153.794137398634,0.));
#11898=CARTESIAN_POINT('Origin',(57.9788343067464,161.902807965577,0.));
#11899=CARTESIAN_POINT('',(57.9788343069538,161.902807965672,1.6));
#11900=CARTESIAN_POINT('',(40.3306807209977,153.794137398634,1.6));
#11901=CARTESIAN_POINT('',(57.9788343069538,161.902807965672,0.));
#11902=CARTESIAN_POINT('Ctrl Pts',(60.692581096539,162.496299999681,0.));
#11903=CARTESIAN_POINT('Ctrl Pts',(60.692581096539,162.496299999681,1.6));
#11904=CARTESIAN_POINT('Ctrl Pts',(60.0304975211785,162.496323809523,0.));
#11905=CARTESIAN_POINT('Ctrl Pts',(60.0304975211785,162.496323809523,1.6));
#11906=CARTESIAN_POINT('Ctrl Pts',(59.3738586028097,162.395190400174,0.));
#11907=CARTESIAN_POINT('Ctrl Pts',(59.3738586028097,162.395190400174,1.6));
#11908=CARTESIAN_POINT('Ctrl Pts',(58.7451680544512,162.197790731953,0.));
#11909=CARTESIAN_POINT('Ctrl Pts',(58.7451680544512,162.197790731953,1.6));
#11910=CARTESIAN_POINT('Ctrl Pts',(58.5095958458343,162.123824492211,0.));
#11911=CARTESIAN_POINT('Ctrl Pts',(58.5095958458343,162.123824492211,1.6));
#11912=CARTESIAN_POINT('Ctrl Pts',(58.2779316292023,162.036337861712,0.));
#11913=CARTESIAN_POINT('Ctrl Pts',(58.2779316292023,162.036337861712,1.6));
#11914=CARTESIAN_POINT('Ctrl Pts',(58.0513885793594,161.935603531338,0.));
#11915=CARTESIAN_POINT('Ctrl Pts',(58.0513885793594,161.935603531338,1.6));
#11916=CARTESIAN_POINT('Ctrl Pts',(58.0271565539742,161.924828551252,0.));
#11917=CARTESIAN_POINT('Ctrl Pts',(58.0271565539742,161.924828551252,1.6));
#11918=CARTESIAN_POINT('Ctrl Pts',(57.9900315635597,161.907951889347,0.));
#11919=CARTESIAN_POINT('Ctrl Pts',(57.9900315635597,161.907951889347,1.6));
#11920=CARTESIAN_POINT('Ctrl Pts',(57.9789012762396,161.902838730788,0.));
#11921=CARTESIAN_POINT('Ctrl Pts',(57.9789012762396,161.902838730788,1.6));
#11922=CARTESIAN_POINT('Ctrl Pts',(57.9788789532453,161.902828475796,0.));
#11923=CARTESIAN_POINT('Ctrl Pts',(57.9788789532453,161.902828475796,1.6));
#11924=CARTESIAN_POINT('Ctrl Pts',(57.9788566308528,161.90281822108,0.));
#11925=CARTESIAN_POINT('Ctrl Pts',(57.9788566308528,161.90281822108,1.6));
#11926=CARTESIAN_POINT('Ctrl Pts',(57.9788343076639,161.902807965998,0.));
#11927=CARTESIAN_POINT('Ctrl Pts',(57.9788343076639,161.902807965998,1.6));
#11928=CARTESIAN_POINT('Ctrl Pts',(60.692581096539,162.496299999681,1.6));
#11929=CARTESIAN_POINT('Ctrl Pts',(60.0304975211785,162.496323809523,1.6));
#11930=CARTESIAN_POINT('Ctrl Pts',(59.3738586028097,162.395190400174,1.6));
#11931=CARTESIAN_POINT('Ctrl Pts',(58.7451680544512,162.197790731953,1.6));
#11932=CARTESIAN_POINT('Ctrl Pts',(58.5095958458343,162.123824492211,1.6));
#11933=CARTESIAN_POINT('Ctrl Pts',(58.2779316292023,162.036337861712,1.6));
#11934=CARTESIAN_POINT('Ctrl Pts',(58.0513885793594,161.935603531338,1.6));
#11935=CARTESIAN_POINT('Ctrl Pts',(58.0271565539742,161.924828551252,1.6));
#11936=CARTESIAN_POINT('Ctrl Pts',(57.9900315635597,161.907951889347,1.6));
#11937=CARTESIAN_POINT('Ctrl Pts',(57.9789012762396,161.902838730788,1.6));
#11938=CARTESIAN_POINT('Ctrl Pts',(57.9788789532453,161.902828475796,1.6));
#11939=CARTESIAN_POINT('Ctrl Pts',(57.9788566308528,161.90281822108,1.6));
#11940=CARTESIAN_POINT('Ctrl Pts',(57.9788343076639,161.902807965998,1.6));
#11941=CARTESIAN_POINT('Origin',(79.0361811760343,112.988865185545,1.6));
#11942=CARTESIAN_POINT('Origin',(125.8327,156.30125,2.));
#11943=CARTESIAN_POINT('',(122.2827,155.2063,2.));
#11944=CARTESIAN_POINT('',(129.3827,155.2063,2.));
#11945=CARTESIAN_POINT('',(124.0577,155.2063,2.));
#11946=CARTESIAN_POINT('',(122.2827,157.3962,2.));
#11947=CARTESIAN_POINT('',(122.2827,155.2063,2.));
#11948=CARTESIAN_POINT('',(129.3827,157.3962,2.));
#11949=CARTESIAN_POINT('',(130.63805,157.3962,2.));
#11950=CARTESIAN_POINT('',(129.3827,155.2063,2.));
#11951=CARTESIAN_POINT('Origin',(122.2827,155.2063,0.));
#11952=CARTESIAN_POINT('',(129.3827,155.2063,8.));
#11953=CARTESIAN_POINT('',(129.3827,155.2063,0.));
#11954=CARTESIAN_POINT('',(122.2827,155.2063,8.));
#11955=CARTESIAN_POINT('',(122.2827,155.2063,8.));
#11956=CARTESIAN_POINT('',(122.2827,155.2063,0.));
#11957=CARTESIAN_POINT('Origin',(79.0361811760343,112.988865185545,0.));
#11958=CARTESIAN_POINT('',(122.2827,154.8962,0.));
#11959=CARTESIAN_POINT('',(122.2827,157.3962,0.));
#11960=CARTESIAN_POINT('',(122.2827,150.1063,0.));
#11961=CARTESIAN_POINT('',(87.8672917237937,154.8962,0.));
#11962=CARTESIAN_POINT('',(87.8672917238944,154.8962,0.));
#11963=CARTESIAN_POINT('',(86.8382846664926,155.181199578976,0.));
#11964=CARTESIAN_POINT('Ctrl Pts',(86.8382846664926,155.181199578976,0.));
#11965=CARTESIAN_POINT('Ctrl Pts',(87.1491698485815,154.994673937278,0.));
#11966=CARTESIAN_POINT('Ctrl Pts',(87.5047346483657,154.896193998879,0.));
#11967=CARTESIAN_POINT('Ctrl Pts',(87.8672834477888,154.896199999863,0.));
#11968=CARTESIAN_POINT('',(79.7633973406397,159.426291974711,0.));
#11969=CARTESIAN_POINT('',(79.7633973405026,159.426291974793,0.));
#11970=CARTESIAN_POINT('',(77.7053834477888,159.996299999863,0.));
#11971=CARTESIAN_POINT('Ctrl Pts',(77.7053834477888,159.996299999863,0.));
#11972=CARTESIAN_POINT('Ctrl Pts',(78.4303026483657,159.996311998879,0.));
#11973=CARTESIAN_POINT('Ctrl Pts',(79.1417658485814,159.799259937278,0.));
#11974=CARTESIAN_POINT('Ctrl Pts',(79.7633846667898,159.426299578798,0.));
#11975=CARTESIAN_POINT('Ctrl Pts',(79.7633888913086,159.426297044161,0.));
#11976=CARTESIAN_POINT('Ctrl Pts',(79.7633931160096,159.426294509414,0.));
#11977=CARTESIAN_POINT('Ctrl Pts',(79.7633973406397,159.426291974711,0.));
#11978=CARTESIAN_POINT('',(60.6925254418202,159.996299999919,0.));
#11979=CARTESIAN_POINT('',(60.6925254418203,159.9963,0.));
#11980=CARTESIAN_POINT('',(59.022524087594,159.631087990143,0.));
#11981=CARTESIAN_POINT('Ctrl Pts',(59.022524087594,159.631087990143,0.));
#11982=CARTESIAN_POINT('Ctrl Pts',(59.022533016877,159.631092092179,0.));
#11983=CARTESIAN_POINT('Ctrl Pts',(59.0225419466472,159.631096194439,0.));
#11984=CARTESIAN_POINT('Ctrl Pts',(59.0225508759302,159.631100296475,0.));
#11985=CARTESIAN_POINT('Ctrl Pts',(59.5463714374708,159.87173897067,0.));
#11986=CARTESIAN_POINT('Ctrl Pts',(60.1160730515858,159.996325665752,0.));
#11987=CARTESIAN_POINT('Ctrl Pts',(60.6925254418201,159.996299999919,0.));
#11988=CARTESIAN_POINT('',(41.3744802064011,151.522467828366,0.));
#11989=CARTESIAN_POINT('',(41.3744802064011,151.522467828366,0.));
#11990=CARTESIAN_POINT('',(40.7276707280423,151.148464676926,0.));
#11991=CARTESIAN_POINT('Ctrl Pts',(40.7276707280423,151.148464676926,0.));
#11992=CARTESIAN_POINT('Ctrl Pts',(40.9311258269363,151.293033194361,0.));
#11993=CARTESIAN_POINT('Ctrl Pts',(41.147667559885,151.418245512485,0.));
#11994=CARTESIAN_POINT('Ctrl Pts',(41.3744631114697,151.522459973101,0.));
#11995=CARTESIAN_POINT('Ctrl Pts',(41.3744688096042,151.522462591442,0.));
#11996=CARTESIAN_POINT('Ctrl Pts',(41.3744745083111,151.522465210046,0.));
#11997=CARTESIAN_POINT('Ctrl Pts',(41.3744802064011,151.522467828366,0.));
#11998=CARTESIAN_POINT('',(23.2194940076927,138.70848121821,0.));
#11999=CARTESIAN_POINT('',(23.2194940077056,138.70848121819,0.));
#12000=CARTESIAN_POINT('',(21.5363000001038,135.447685589562,0.));
#12001=CARTESIAN_POINT('Ctrl Pts',(21.5363000001038,135.447685589562,0.));
#12002=CARTESIAN_POINT('Ctrl Pts',(21.5362813479188,136.742037980844,0.));
#12003=CARTESIAN_POINT('Ctrl Pts',(22.1643564696741,137.958789889716,0.));
#12004=CARTESIAN_POINT('Ctrl Pts',(23.2194940076934,138.708481218211,0.));
#12005=CARTESIAN_POINT('',(21.5363000000183,86.4723121743359,0.));
#12006=CARTESIAN_POINT('',(21.5363,86.4723121743365,0.));
#12007=CARTESIAN_POINT('',(24.7775001871616,82.5448578634989,0.));
#12008=CARTESIAN_POINT('Ctrl Pts',(24.7775001871616,82.5448578634989,0.));
#12009=CARTESIAN_POINT('Ctrl Pts',(22.9018592693528,82.9072468034646,0.));
#12010=CARTESIAN_POINT('Ctrl Pts',(21.5362592431068,84.5619854413791,0.));
#12011=CARTESIAN_POINT('Ctrl Pts',(21.5363000000183,86.4723121743348,0.));
#12012=CARTESIAN_POINT('',(109.183725508187,66.2391529716078,0.));
#12013=CARTESIAN_POINT('',(109.183725508188,66.2391529716113,0.));
#12014=CARTESIAN_POINT('',(112.071141565109,66.7799446068897,0.));
#12015=CARTESIAN_POINT('Ctrl Pts',(112.071141565109,66.7799446068897,0.));
#12016=CARTESIAN_POINT('Ctrl Pts',(111.212348075354,66.2401739806548,0.));
#12017=CARTESIAN_POINT('Ctrl Pts',(110.179648643673,66.0467568340527,0.));
#12018=CARTESIAN_POINT('Ctrl Pts',(109.183725508187,66.2391529716078,0.));
#12019=CARTESIAN_POINT('',(127.82258177534,76.6808698811634,0.));
#12020=CARTESIAN_POINT('',(127.822581775228,76.6808698810932,0.));
#12021=CARTESIAN_POINT('',(129.315669792795,78.369689285791,0.));
#12022=CARTESIAN_POINT('Ctrl Pts',(129.315669792795,78.369689285791,0.));
#12023=CARTESIAN_POINT('Ctrl Pts',(128.99020755519,77.675323627761,0.));
#12024=CARTESIAN_POINT('Ctrl Pts',(128.471830513107,77.0889901527202,0.));
#12025=CARTESIAN_POINT('Ctrl Pts',(127.822591234835,76.6808758274389,0.));
#12026=CARTESIAN_POINT('Ctrl Pts',(127.822588081006,76.68087384493,0.));
#12027=CARTESIAN_POINT('Ctrl Pts',(127.822584924872,76.6808718609715,0.));
#12028=CARTESIAN_POINT('Ctrl Pts',(127.82258177115,76.6808698785299,0.));
#12029=CARTESIAN_POINT('',(136.158145665613,92.9668378141687,0.));
#12030=CARTESIAN_POINT('',(136.1581456657,92.9668378141278,0.));
#12031=CARTESIAN_POINT('',(136.5364,94.6645727330203,0.));
#12032=CARTESIAN_POINT('Ctrl Pts',(136.5364,94.6645727330203,0.));
#12033=CARTESIAN_POINT('Ctrl Pts',(136.536399999504,94.6645636444967,0.));
#12034=CARTESIAN_POINT('Ctrl Pts',(136.536399999009,94.6645545560077,0.));
#12035=CARTESIAN_POINT('Ctrl Pts',(136.536399998513,94.664545467559,0.));
#12036=CARTESIAN_POINT('Ctrl Pts',(136.536368000084,94.0777676111946,0.));
#12037=CARTESIAN_POINT('Ctrl Pts',(136.407220074973,93.49812455036,0.));
#12038=CARTESIAN_POINT('Ctrl Pts',(136.158145665613,92.9668378141689,0.));
#12039=CARTESIAN_POINT('',(136.5364,153.788089767274,0.));
#12040=CARTESIAN_POINT('',(136.5364,107.9963,0.));
#12041=CARTESIAN_POINT('',(136.242524252009,154.546893561033,0.));
#12042=CARTESIAN_POINT('Ctrl Pts',(136.242525597659,154.546892115548,0.));
#12043=CARTESIAN_POINT('Ctrl Pts',(136.434167793142,154.341031411898,0.));
#12044=CARTESIAN_POINT('Ctrl Pts',(136.539387309266,154.068669521893,0.));
#12045=CARTESIAN_POINT('Ctrl Pts',(136.5364,153.788089767274,0.));
#12046=CARTESIAN_POINT('',(135.479028824666,154.895565091872,0.));
#12047=CARTESIAN_POINT('Ctrl Pts',(135.479028824666,154.895565091872,0.));
#12048=CARTESIAN_POINT('Ctrl Pts',(135.769308829804,154.885216185861,0.));
#12049=CARTESIAN_POINT('Ctrl Pts',(136.044602083345,154.759499325974,0.));
#12050=CARTESIAN_POINT('Ctrl Pts',(136.242524252009,154.546893561033,0.));
#12051=CARTESIAN_POINT('',(135.4434,154.8962,0.));
#12052=CARTESIAN_POINT('Origin',(135.4434,153.8962,0.));
#12053=CARTESIAN_POINT('',(129.3827,154.8962,0.));
#12054=CARTESIAN_POINT('',(87.8672917238944,154.8962,0.));
#12055=CARTESIAN_POINT('',(129.3827,157.3962,0.));
#12056=CARTESIAN_POINT('',(129.3827,134.097582592773,0.));
#12057=CARTESIAN_POINT('',(135.4434,157.3962,0.));
#12058=CARTESIAN_POINT('',(88.005748354729,157.3962,0.));
#12059=CARTESIAN_POINT('',(135.568100886332,157.393977821553,0.));
#12060=CARTESIAN_POINT('Origin',(135.4434,153.8962,0.));
#12061=CARTESIAN_POINT('',(138.072354591807,156.250337404419,0.));
#12062=CARTESIAN_POINT('Ctrl Pts',(138.072349882032,156.250342463616,0.));
#12063=CARTESIAN_POINT('Ctrl Pts',(137.423227291709,156.947622640908,0.));
#12064=CARTESIAN_POINT('Ctrl Pts',(136.520128404314,157.360036650512,0.));
#12065=CARTESIAN_POINT('Ctrl Pts',(135.568100886332,157.393977821553,0.));
#12066=CARTESIAN_POINT('',(139.0364,153.77862122718,0.));
#12067=CARTESIAN_POINT('Ctrl Pts',(139.0364,153.77862122718,0.));
#12068=CARTESIAN_POINT('Ctrl Pts',(139.0417766146,154.693206425101,0.));
#12069=CARTESIAN_POINT('Ctrl Pts',(138.696982399418,155.579366589926,0.));
#12070=CARTESIAN_POINT('Ctrl Pts',(138.072354591807,156.250337404419,0.));
#12071=CARTESIAN_POINT('',(139.0364,94.6645045668654,0.));
#12072=CARTESIAN_POINT('',(139.0364,107.9963,0.));
#12073=CARTESIAN_POINT('',(138.421763510515,91.9056902021413,0.));
#12074=CARTESIAN_POINT('Ctrl Pts',(138.421763510515,91.9056902021417,0.));
#12075=CARTESIAN_POINT('Ctrl Pts',(138.631909174864,92.3539510962113,0.));
#12076=CARTESIAN_POINT('Ctrl Pts',(138.789540355213,92.8234493531174,0.));
#12077=CARTESIAN_POINT('Ctrl Pts',(138.892518152393,93.3047062180707,0.));
#12078=CARTESIAN_POINT('Ctrl Pts',(138.95746659395,93.6082365345358,0.));
#12079=CARTESIAN_POINT('Ctrl Pts',(139.0006846405,93.9164741643583,0.));
#12080=CARTESIAN_POINT('Ctrl Pts',(139.021646826688,94.2270682321679,0.));
#12081=CARTESIAN_POINT('Ctrl Pts',(139.02875028228,94.3323192373912,0.));
#12082=CARTESIAN_POINT('Ctrl Pts',(139.033297914466,94.4378398361184,0.));
#12083=CARTESIAN_POINT('Ctrl Pts',(139.035269450761,94.5435340716485,0.));
#12084=CARTESIAN_POINT('Ctrl Pts',(139.036020951077,94.5838220702709,0.));
#12085=CARTESIAN_POINT('Ctrl Pts',(139.036398981077,94.6458198695765,0.));
#12086=CARTESIAN_POINT('Ctrl Pts',(139.036399996283,94.6644364018446,0.));
#12087=CARTESIAN_POINT('Ctrl Pts',(139.036399997522,94.6644591235388,0.));
#12088=CARTESIAN_POINT('Ctrl Pts',(139.036399998761,94.664481845172,0.));
#12089=CARTESIAN_POINT('Ctrl Pts',(139.0364,94.6645045668277,0.));
#12090=CARTESIAN_POINT('',(131.579344274783,77.3086625002685,0.));
#12091=CARTESIAN_POINT('',(138.421763510515,91.9056902021413,0.));
#12092=CARTESIAN_POINT('',(129.153036215885,74.5642945854529,0.));
#12093=CARTESIAN_POINT('Ctrl Pts',(129.153036218993,74.5642945874066,0.));
#12094=CARTESIAN_POINT('Ctrl Pts',(129.153044100144,74.5642995415282,0.));
#12095=CARTESIAN_POINT('Ctrl Pts',(129.153051979742,74.5643044946743,0.));
#12096=CARTESIAN_POINT('Ctrl Pts',(129.153059860905,74.5643094488036,0.));
#12097=CARTESIAN_POINT('Ctrl Pts',(129.169309263966,74.5745238865151,0.));
#12098=CARTESIAN_POINT('Ctrl Pts',(129.223197471422,74.6088687362625,0.));
#12099=CARTESIAN_POINT('Ctrl Pts',(129.257915511663,74.6316324343756,0.));
#12100=CARTESIAN_POINT('Ctrl Pts',(130.263908484205,75.2912353431738,0.));
#12101=CARTESIAN_POINT('Ctrl Pts',(131.068164456026,76.218072962645,0.));
#12102=CARTESIAN_POINT('Ctrl Pts',(131.579344274783,77.3086625002685,0.));
#12103=CARTESIAN_POINT('',(113.401495479716,64.6633061252657,0.));
#12104=CARTESIAN_POINT('',(129.153036215885,74.5642945854529,0.));
#12105=CARTESIAN_POINT('',(108.709533564433,63.784536504524,0.));
#12106=CARTESIAN_POINT('Ctrl Pts',(108.709533564433,63.784536504524,0.));
#12107=CARTESIAN_POINT('Ctrl Pts',(110.327307505328,63.4720089142162,0.));
#12108=CARTESIAN_POINT('Ctrl Pts',(112.006474686234,63.7865048263609,0.));
#12109=CARTESIAN_POINT('Ctrl Pts',(113.401495477883,64.6633061241138,0.));
#12110=CARTESIAN_POINT('',(24.3032506547851,80.0902525223003,0.));
#12111=CARTESIAN_POINT('',(108.709533564433,63.784536504524,0.));
#12112=CARTESIAN_POINT('',(19.0363000000727,86.4723388431416,0.));
#12113=CARTESIAN_POINT('Ctrl Pts',(19.0363000000727,86.4723388431347,0.));
#12114=CARTESIAN_POINT('Ctrl Pts',(19.0362586371833,84.0754765266324,0.));
#12115=CARTESIAN_POINT('Ctrl Pts',(20.3584540710177,81.9106660396295,0.));
#12116=CARTESIAN_POINT('Ctrl Pts',(22.3839234186123,80.7873893353644,0.));
#12117=CARTESIAN_POINT('Ctrl Pts',(22.9717873668691,80.4613740939398,0.));
#12118=CARTESIAN_POINT('Ctrl Pts',(23.6202255876774,80.2222184693454,0.));
#12119=CARTESIAN_POINT('Ctrl Pts',(24.3032506550852,80.0902525222423,0.));
#12120=CARTESIAN_POINT('',(19.0363000003634,135.447649563467,0.));
#12121=CARTESIAN_POINT('',(19.0363000000727,86.4723388431416,0.));
#12122=CARTESIAN_POINT('',(21.7714911415924,140.746442871374,0.));
#12123=CARTESIAN_POINT('Ctrl Pts',(21.7714911415924,140.746442871374,0.));
#12124=CARTESIAN_POINT('Ctrl Pts',(20.058430803171,139.529287349342,0.));
#12125=CARTESIAN_POINT('Ctrl Pts',(19.0362697177776,137.54908364688,0.));
#12126=CARTESIAN_POINT('Ctrl Pts',(19.0363000003634,135.447649563467,0.));
#12127=CARTESIAN_POINT('',(39.2795975481482,153.18637636924,0.));
#12128=CARTESIAN_POINT('',(21.7714911415924,140.746442871374,0.));
#12129=CARTESIAN_POINT('',(40.3306807209977,153.794137398634,0.));
#12130=CARTESIAN_POINT('Ctrl Pts',(40.3306807205866,153.794137398445,0.));
#12131=CARTESIAN_POINT('Ctrl Pts',(40.3306664752447,153.794130852591,0.));
#12132=CARTESIAN_POINT('Ctrl Pts',(40.3306522301407,153.794124306846,0.));
#12133=CARTESIAN_POINT('Ctrl Pts',(40.3306379848576,153.794117761019,0.));
#12134=CARTESIAN_POINT('Ctrl Pts',(40.3132754132066,153.786139513547,0.));
#12135=CARTESIAN_POINT('Ctrl Pts',(40.2555579078024,153.759182696802,0.));
#12136=CARTESIAN_POINT('Ctrl Pts',(40.2182734838783,153.741179645631,0.));
#12137=CARTESIAN_POINT('Ctrl Pts',(39.8904539475223,153.582889634232,0.));
#12138=CARTESIAN_POINT('Ctrl Pts',(39.5764514136096,153.397310985565,0.));
#12139=CARTESIAN_POINT('Ctrl Pts',(39.2795975481482,153.18637636924,0.));
#12140=CARTESIAN_POINT('',(57.9788343069538,161.902807965672,0.));
#12141=CARTESIAN_POINT('',(40.3306807209977,153.794137398634,0.));
#12142=CARTESIAN_POINT('',(60.6925810965392,162.496299999681,0.));
#12143=CARTESIAN_POINT('Ctrl Pts',(60.692581096539,162.496299999681,0.));
#12144=CARTESIAN_POINT('Ctrl Pts',(60.0304975211785,162.496323809523,0.));
#12145=CARTESIAN_POINT('Ctrl Pts',(59.3738586028097,162.395190400174,0.));
#12146=CARTESIAN_POINT('Ctrl Pts',(58.7451680544512,162.197790731953,0.));
#12147=CARTESIAN_POINT('Ctrl Pts',(58.5095958458343,162.123824492211,0.));
#12148=CARTESIAN_POINT('Ctrl Pts',(58.2779316292023,162.036337861712,0.));
#12149=CARTESIAN_POINT('Ctrl Pts',(58.0513885793594,161.935603531338,0.));
#12150=CARTESIAN_POINT('Ctrl Pts',(58.0271565539742,161.924828551252,0.));
#12151=CARTESIAN_POINT('Ctrl Pts',(57.9900315635597,161.907951889347,0.));
#12152=CARTESIAN_POINT('Ctrl Pts',(57.9789012762396,161.902838730788,0.));
#12153=CARTESIAN_POINT('Ctrl Pts',(57.9788789532453,161.902828475796,0.));
#12154=CARTESIAN_POINT('Ctrl Pts',(57.9788566308528,161.90281822108,0.));
#12155=CARTESIAN_POINT('Ctrl Pts',(57.9788343076639,161.902807965998,0.));
#12156=CARTESIAN_POINT('',(77.7053420672608,162.496299999521,0.));
#12157=CARTESIAN_POINT('',(60.6925810965392,162.496299999681,0.));
#12158=CARTESIAN_POINT('',(81.0496406913663,161.570021912011,0.));
#12159=CARTESIAN_POINT('Ctrl Pts',(81.0496406911981,161.570021912112,0.));
#12160=CARTESIAN_POINT('Ctrl Pts',(81.0496301296099,161.570028248879,0.));
#12161=CARTESIAN_POINT('Ctrl Pts',(81.0496195682114,161.570034585532,0.));
#12162=CARTESIAN_POINT('Ctrl Pts',(81.049609006661,161.570040922277,0.));
#12163=CARTESIAN_POINT('Ctrl Pts',(81.0333538044103,161.579793757746,0.));
#12164=CARTESIAN_POINT('Ctrl Pts',(80.9790102738877,161.61194552667,0.));
#12165=CARTESIAN_POINT('Ctrl Pts',(80.9434406326191,161.632380804073,0.));
#12166=CARTESIAN_POINT('Ctrl Pts',(79.9588602145019,162.198036606384,0.));
#12167=CARTESIAN_POINT('Ctrl Pts',(78.8421652713783,162.496318816458,0.));
#12168=CARTESIAN_POINT('Ctrl Pts',(77.7053420672608,162.496299999521,0.));
#12169=CARTESIAN_POINT('',(88.005748354729,157.3962,0.));
#12170=CARTESIAN_POINT('',(81.0496406913663,161.570021912011,0.));
#12171=CARTESIAN_POINT('',(88.005748354729,157.3962,0.));
#12172=CARTESIAN_POINT('Origin',(21.5363,86.4723121743365,0.));
#12173=CARTESIAN_POINT('',(21.5363000001038,135.447685589562,8.));
#12174=CARTESIAN_POINT('',(21.5363000001038,135.447685589562,0.));
#12175=CARTESIAN_POINT('',(21.5363000000183,86.4723121743359,8.));
#12176=CARTESIAN_POINT('',(21.5363,86.4723121743365,8.));
#12177=CARTESIAN_POINT('',(21.5363000000183,86.4723121743359,0.));
#12178=CARTESIAN_POINT('Ctrl Pts',(24.7775001871616,82.5448578634989,0.));
#12179=CARTESIAN_POINT('Ctrl Pts',(24.7775001871616,82.5448578634989,8.));
#12180=CARTESIAN_POINT('Ctrl Pts',(22.9018592693526,82.9072468034647,0.));
#12181=CARTESIAN_POINT('Ctrl Pts',(22.9018592693526,82.9072468034647,8.));
#12182=CARTESIAN_POINT('Ctrl Pts',(21.5362592431066,84.5619854413794,0.));
#12183=CARTESIAN_POINT('Ctrl Pts',(21.5362592431066,84.5619854413794,8.));
#12184=CARTESIAN_POINT('Ctrl Pts',(21.5363000000183,86.4723121743354,0.));
#12185=CARTESIAN_POINT('Ctrl Pts',(21.5363000000183,86.4723121743354,8.));
#12186=CARTESIAN_POINT('',(24.7775001871616,82.5448578634989,8.));
#12187=CARTESIAN_POINT('Ctrl Pts',(24.7775001871616,82.5448578634989,8.));
#12188=CARTESIAN_POINT('Ctrl Pts',(22.9018592693528,82.9072468034646,8.));
#12189=CARTESIAN_POINT('Ctrl Pts',(21.5362592431068,84.5619854413791,8.));
#12190=CARTESIAN_POINT('Ctrl Pts',(21.5363000000183,86.4723121743348,8.));
#12191=CARTESIAN_POINT('',(24.7775001871616,82.5448578634989,0.));
#12192=CARTESIAN_POINT('Origin',(109.183725508188,66.2391529716113,0.));
#12193=CARTESIAN_POINT('',(109.183725508187,66.2391529716078,8.));
#12194=CARTESIAN_POINT('',(109.183725508188,66.2391529716113,8.));
#12195=CARTESIAN_POINT('',(109.183725508187,66.2391529716078,0.));
#12196=CARTESIAN_POINT('Ctrl Pts',(112.071141565109,66.7799446068897,0.));
#12197=CARTESIAN_POINT('Ctrl Pts',(112.071141565109,66.7799446068897,8.));
#12198=CARTESIAN_POINT('Ctrl Pts',(111.212348075354,66.2401739806548,0.));
#12199=CARTESIAN_POINT('Ctrl Pts',(111.212348075354,66.2401739806548,8.));
#12200=CARTESIAN_POINT('Ctrl Pts',(110.179648643673,66.0467568340527,0.));
#12201=CARTESIAN_POINT('Ctrl Pts',(110.179648643673,66.0467568340527,8.));
#12202=CARTESIAN_POINT('Ctrl Pts',(109.183725508187,66.2391529716078,0.));
#12203=CARTESIAN_POINT('Ctrl Pts',(109.183725508187,66.2391529716078,8.));
#12204=CARTESIAN_POINT('',(112.071141565109,66.7799446068897,8.));
#12205=CARTESIAN_POINT('Ctrl Pts',(112.071141565109,66.7799446068897,8.));
#12206=CARTESIAN_POINT('Ctrl Pts',(111.212348075354,66.2401739806548,8.));
#12207=CARTESIAN_POINT('Ctrl Pts',(110.179648643673,66.0467568340527,8.));
#12208=CARTESIAN_POINT('Ctrl Pts',(109.183725508187,66.2391529716078,8.));
#12209=CARTESIAN_POINT('',(112.071141565109,66.7799446068897,0.));
#12210=CARTESIAN_POINT('Origin',(127.822581775228,76.6808698810932,0.));
#12211=CARTESIAN_POINT('',(127.82258177534,76.6808698811634,8.));
#12212=CARTESIAN_POINT('',(127.822581775228,76.6808698810932,8.));
#12213=CARTESIAN_POINT('',(127.82258177534,76.6808698811634,0.));
#12214=CARTESIAN_POINT('Ctrl Pts',(129.315669792795,78.369689285791,0.));
#12215=CARTESIAN_POINT('Ctrl Pts',(129.315669792795,78.369689285791,8.));
#12216=CARTESIAN_POINT('Ctrl Pts',(128.99020755519,77.675323627761,0.));
#12217=CARTESIAN_POINT('Ctrl Pts',(128.99020755519,77.675323627761,8.));
#12218=CARTESIAN_POINT('Ctrl Pts',(128.471830513107,77.0889901527202,0.));
#12219=CARTESIAN_POINT('Ctrl Pts',(128.471830513107,77.0889901527202,8.));
#12220=CARTESIAN_POINT('Ctrl Pts',(127.822591234835,76.6808758274389,0.));
#12221=CARTESIAN_POINT('Ctrl Pts',(127.822591234835,76.6808758274389,8.));
#12222=CARTESIAN_POINT('Ctrl Pts',(127.82258808162,76.6808738453158,0.));
#12223=CARTESIAN_POINT('Ctrl Pts',(127.82258808162,76.6808738453158,8.));
#12224=CARTESIAN_POINT('Ctrl Pts',(127.8225849261,76.6808718617436,0.));
#12225=CARTESIAN_POINT('Ctrl Pts',(127.8225849261,76.6808718617436,8.));
#12226=CARTESIAN_POINT('Ctrl Pts',(127.822581772991,76.6808698796872,0.));
#12227=CARTESIAN_POINT('Ctrl Pts',(127.822581772991,76.6808698796872,8.));
#12228=CARTESIAN_POINT('',(129.315669792795,78.369689285791,8.));
#12229=CARTESIAN_POINT('Ctrl Pts',(129.315669792795,78.369689285791,8.));
#12230=CARTESIAN_POINT('Ctrl Pts',(128.99020755519,77.675323627761,8.));
#12231=CARTESIAN_POINT('Ctrl Pts',(128.471830513107,77.0889901527202,8.));
#12232=CARTESIAN_POINT('Ctrl Pts',(127.822591234835,76.6808758274389,8.));
#12233=CARTESIAN_POINT('Ctrl Pts',(127.82258808162,76.6808738453158,8.));
#12234=CARTESIAN_POINT('Ctrl Pts',(127.8225849261,76.6808718617436,8.));
#12235=CARTESIAN_POINT('Ctrl Pts',(127.822581772991,76.6808698796872,8.));
#12236=CARTESIAN_POINT('',(129.315669792795,78.369689285791,0.));
#12237=CARTESIAN_POINT('Origin',(136.1581456657,92.9668378141278,0.));
#12238=CARTESIAN_POINT('',(136.158145665613,92.9668378141687,8.));
#12239=CARTESIAN_POINT('',(136.1581456657,92.9668378141278,8.));
#12240=CARTESIAN_POINT('',(136.158145665613,92.9668378141687,0.));
#12241=CARTESIAN_POINT('Ctrl Pts',(136.5364,94.6645727330203,0.));
#12242=CARTESIAN_POINT('Ctrl Pts',(136.5364,94.6645727330203,8.));
#12243=CARTESIAN_POINT('Ctrl Pts',(136.536399999504,94.6645636444966,0.));
#12244=CARTESIAN_POINT('Ctrl Pts',(136.536399999504,94.6645636444966,8.));
#12245=CARTESIAN_POINT('Ctrl Pts',(136.536399999009,94.6645545560077,0.));
#12246=CARTESIAN_POINT('Ctrl Pts',(136.536399999009,94.6645545560077,8.));
#12247=CARTESIAN_POINT('Ctrl Pts',(136.536399998513,94.664545467559,0.));
#12248=CARTESIAN_POINT('Ctrl Pts',(136.536399998513,94.664545467559,8.));
#12249=CARTESIAN_POINT('Ctrl Pts',(136.536368000084,94.0777676111946,0.));
#12250=CARTESIAN_POINT('Ctrl Pts',(136.536368000084,94.0777676111946,8.));
#12251=CARTESIAN_POINT('Ctrl Pts',(136.407220074973,93.4981245503599,0.));
#12252=CARTESIAN_POINT('Ctrl Pts',(136.407220074973,93.4981245503599,8.));
#12253=CARTESIAN_POINT('Ctrl Pts',(136.158145665613,92.9668378141688,0.));
#12254=CARTESIAN_POINT('Ctrl Pts',(136.158145665613,92.9668378141688,8.));
#12255=CARTESIAN_POINT('',(136.5364,94.6645727330203,8.));
#12256=CARTESIAN_POINT('Ctrl Pts',(136.5364,94.6645727330203,8.));
#12257=CARTESIAN_POINT('Ctrl Pts',(136.536399999504,94.6645636444967,8.));
#12258=CARTESIAN_POINT('Ctrl Pts',(136.536399999009,94.6645545560077,8.));
#12259=CARTESIAN_POINT('Ctrl Pts',(136.536399998513,94.664545467559,8.));
#12260=CARTESIAN_POINT('Ctrl Pts',(136.536368000084,94.0777676111946,8.));
#12261=CARTESIAN_POINT('Ctrl Pts',(136.407220074973,93.49812455036,8.));
#12262=CARTESIAN_POINT('Ctrl Pts',(136.158145665613,92.9668378141689,8.));
#12263=CARTESIAN_POINT('',(136.5364,94.6645727330203,0.));
#12264=CARTESIAN_POINT('Origin',(136.5364,153.788089767274,0.));
#12265=CARTESIAN_POINT('',(136.5364,153.788089767274,8.));
#12266=CARTESIAN_POINT('',(136.5364,107.9963,8.));
#12267=CARTESIAN_POINT('',(136.5364,153.788089767274,0.));
#12268=CARTESIAN_POINT('Ctrl Pts',(136.242525597659,154.546892115548,0.));
#12269=CARTESIAN_POINT('Ctrl Pts',(136.242525597659,154.546892115548,8.));
#12270=CARTESIAN_POINT('Ctrl Pts',(136.434167793142,154.341031411898,0.));
#12271=CARTESIAN_POINT('Ctrl Pts',(136.434167793142,154.341031411898,8.));
#12272=CARTESIAN_POINT('Ctrl Pts',(136.539387309266,154.068669521893,0.));
#12273=CARTESIAN_POINT('Ctrl Pts',(136.539387309266,154.068669521893,8.));
#12274=CARTESIAN_POINT('Ctrl Pts',(136.5364,153.788089767274,0.));
#12275=CARTESIAN_POINT('Ctrl Pts',(136.5364,153.788089767274,8.));
#12276=CARTESIAN_POINT('',(136.242524252009,154.546893561033,8.));
#12277=CARTESIAN_POINT('Ctrl Pts',(136.242525597659,154.546892115548,8.));
#12278=CARTESIAN_POINT('Ctrl Pts',(136.434167793142,154.341031411898,8.));
#12279=CARTESIAN_POINT('Ctrl Pts',(136.539387309266,154.068669521893,8.));
#12280=CARTESIAN_POINT('Ctrl Pts',(136.5364,153.788089767274,8.));
#12281=CARTESIAN_POINT('',(136.242524252009,154.546893561033,0.));
#12282=CARTESIAN_POINT('Ctrl Pts',(135.479028824666,154.895565091872,0.));
#12283=CARTESIAN_POINT('Ctrl Pts',(135.479028824666,154.895565091872,8.));
#12284=CARTESIAN_POINT('Ctrl Pts',(135.769308829804,154.885216185861,0.));
#12285=CARTESIAN_POINT('Ctrl Pts',(135.769308829804,154.885216185861,8.));
#12286=CARTESIAN_POINT('Ctrl Pts',(136.044602083345,154.759499325974,0.));
#12287=CARTESIAN_POINT('Ctrl Pts',(136.044602083345,154.759499325974,8.));
#12288=CARTESIAN_POINT('Ctrl Pts',(136.242524252009,154.546893561033,0.));
#12289=CARTESIAN_POINT('Ctrl Pts',(136.242524252009,154.546893561033,8.));
#12290=CARTESIAN_POINT('',(135.479028824666,154.895565091872,8.));
#12291=CARTESIAN_POINT('Ctrl Pts',(135.479028824666,154.895565091872,8.));
#12292=CARTESIAN_POINT('Ctrl Pts',(135.769308829804,154.885216185861,8.));
#12293=CARTESIAN_POINT('Ctrl Pts',(136.044602083345,154.759499325974,8.));
#12294=CARTESIAN_POINT('Ctrl Pts',(136.242524252009,154.546893561033,8.));
#12295=CARTESIAN_POINT('',(135.479028824666,154.895565091872,0.));
#12296=CARTESIAN_POINT('Origin',(135.4434,153.8962,0.));
#12297=CARTESIAN_POINT('',(135.4434,154.8962,8.));
#12298=CARTESIAN_POINT('Origin',(135.4434,153.8962,8.));
#12299=CARTESIAN_POINT('',(135.4434,154.8962,0.));
#12300=CARTESIAN_POINT('Origin',(129.3827,154.8962,0.));
#12301=CARTESIAN_POINT('',(129.3827,154.8962,8.));
#12302=CARTESIAN_POINT('',(87.8672917238944,154.8962,8.));
#12303=CARTESIAN_POINT('',(129.3827,154.8962,0.));
#12304=CARTESIAN_POINT('Origin',(129.3827,155.2063,0.));
#12305=CARTESIAN_POINT('',(129.3827,155.2063,8.));
#12306=CARTESIAN_POINT('',(129.3827,157.3962,0.));
#12307=CARTESIAN_POINT('Origin',(122.2827,154.8962,0.));
#12308=CARTESIAN_POINT('',(122.2827,157.3962,0.));
#12309=CARTESIAN_POINT('',(122.2827,154.8962,8.));
#12310=CARTESIAN_POINT('',(122.2827,150.1063,8.));
#12311=CARTESIAN_POINT('',(122.2827,154.8962,0.));
#12312=CARTESIAN_POINT('Origin',(87.8672917238944,154.8962,0.));
#12313=CARTESIAN_POINT('',(87.8672917237937,154.8962,8.));
#12314=CARTESIAN_POINT('',(87.8672917238944,154.8962,8.));
#12315=CARTESIAN_POINT('',(87.8672917237937,154.8962,0.));
#12316=CARTESIAN_POINT('Ctrl Pts',(86.8382846664926,155.181199578976,0.));
#12317=CARTESIAN_POINT('Ctrl Pts',(86.8382846664926,155.181199578976,8.));
#12318=CARTESIAN_POINT('Ctrl Pts',(87.1491698485815,154.994673937278,0.));
#12319=CARTESIAN_POINT('Ctrl Pts',(87.1491698485815,154.994673937278,8.));
#12320=CARTESIAN_POINT('Ctrl Pts',(87.5047346483657,154.896193998879,0.));
#12321=CARTESIAN_POINT('Ctrl Pts',(87.5047346483657,154.896193998879,8.));
#12322=CARTESIAN_POINT('Ctrl Pts',(87.8672834477888,154.896199999863,0.));
#12323=CARTESIAN_POINT('Ctrl Pts',(87.8672834477888,154.896199999863,8.));
#12324=CARTESIAN_POINT('',(86.8382846664926,155.181199578976,8.));
#12325=CARTESIAN_POINT('Ctrl Pts',(86.8382846664926,155.181199578976,8.));
#12326=CARTESIAN_POINT('Ctrl Pts',(87.1491698485815,154.994673937278,8.));
#12327=CARTESIAN_POINT('Ctrl Pts',(87.5047346483657,154.896193998879,8.));
#12328=CARTESIAN_POINT('Ctrl Pts',(87.8672834477888,154.896199999863,8.));
#12329=CARTESIAN_POINT('',(86.8382846664926,155.181199578976,0.));
#12330=CARTESIAN_POINT('Origin',(79.7633973406397,159.426291974711,0.));
#12331=CARTESIAN_POINT('',(79.7633973406397,159.426291974711,8.));
#12332=CARTESIAN_POINT('',(79.7633973405026,159.426291974793,8.));
#12333=CARTESIAN_POINT('',(79.7633973406397,159.426291974711,0.));
#12334=CARTESIAN_POINT('Ctrl Pts',(77.7053834477888,159.996299999863,0.));
#12335=CARTESIAN_POINT('Ctrl Pts',(77.7053834477888,159.996299999863,8.));
#12336=CARTESIAN_POINT('Ctrl Pts',(78.4303026483657,159.996311998879,0.));
#12337=CARTESIAN_POINT('Ctrl Pts',(78.4303026483657,159.996311998879,8.));
#12338=CARTESIAN_POINT('Ctrl Pts',(79.1417658485814,159.799259937278,0.));
#12339=CARTESIAN_POINT('Ctrl Pts',(79.1417658485814,159.799259937278,8.));
#12340=CARTESIAN_POINT('Ctrl Pts',(79.7633846667898,159.426299578798,0.));
#12341=CARTESIAN_POINT('Ctrl Pts',(79.7633846667898,159.426299578798,8.));
#12342=CARTESIAN_POINT('Ctrl Pts',(79.7633888913086,159.426297044161,0.));
#12343=CARTESIAN_POINT('Ctrl Pts',(79.7633888913086,159.426297044161,8.));
#12344=CARTESIAN_POINT('Ctrl Pts',(79.7633931160096,159.426294509414,0.));
#12345=CARTESIAN_POINT('Ctrl Pts',(79.7633931160096,159.426294509414,8.));
#12346=CARTESIAN_POINT('Ctrl Pts',(79.7633973406397,159.426291974711,0.));
#12347=CARTESIAN_POINT('Ctrl Pts',(79.7633973406397,159.426291974711,8.));
#12348=CARTESIAN_POINT('',(77.7053834477888,159.996299999863,8.));
#12349=CARTESIAN_POINT('Ctrl Pts',(77.7053834477888,159.996299999863,8.));
#12350=CARTESIAN_POINT('Ctrl Pts',(78.4303026483657,159.996311998879,8.));
#12351=CARTESIAN_POINT('Ctrl Pts',(79.1417658485814,159.799259937278,8.));
#12352=CARTESIAN_POINT('Ctrl Pts',(79.7633846667898,159.426299578798,8.));
#12353=CARTESIAN_POINT('Ctrl Pts',(79.7633888913086,159.426297044161,8.));
#12354=CARTESIAN_POINT('Ctrl Pts',(79.7633931160096,159.426294509414,8.));
#12355=CARTESIAN_POINT('Ctrl Pts',(79.7633973406397,159.426291974711,8.));
#12356=CARTESIAN_POINT('',(77.7053834477888,159.996299999863,0.));
#12357=CARTESIAN_POINT('Origin',(60.6925254418203,159.9963,0.));
#12358=CARTESIAN_POINT('',(60.6925254418202,159.996299999919,8.));
#12359=CARTESIAN_POINT('',(60.6925254418203,159.9963,8.));
#12360=CARTESIAN_POINT('',(60.6925254418202,159.996299999919,0.));
#12361=CARTESIAN_POINT('Ctrl Pts',(59.022524087594,159.631087990143,0.));
#12362=CARTESIAN_POINT('Ctrl Pts',(59.022524087594,159.631087990143,8.));
#12363=CARTESIAN_POINT('Ctrl Pts',(59.022533016877,159.631092092179,0.));
#12364=CARTESIAN_POINT('Ctrl Pts',(59.022533016877,159.631092092179,8.));
#12365=CARTESIAN_POINT('Ctrl Pts',(59.0225419466472,159.631096194439,0.));
#12366=CARTESIAN_POINT('Ctrl Pts',(59.0225419466472,159.631096194439,8.));
#12367=CARTESIAN_POINT('Ctrl Pts',(59.0225508759302,159.631100296475,0.));
#12368=CARTESIAN_POINT('Ctrl Pts',(59.0225508759302,159.631100296475,8.));
#12369=CARTESIAN_POINT('Ctrl Pts',(59.5463714374708,159.87173897067,0.));
#12370=CARTESIAN_POINT('Ctrl Pts',(59.5463714374708,159.87173897067,8.));
#12371=CARTESIAN_POINT('Ctrl Pts',(60.1160730515858,159.996325665752,0.));
#12372=CARTESIAN_POINT('Ctrl Pts',(60.1160730515858,159.996325665752,8.));
#12373=CARTESIAN_POINT('Ctrl Pts',(60.6925254418201,159.996299999919,0.));
#12374=CARTESIAN_POINT('Ctrl Pts',(60.6925254418201,159.996299999919,8.));
#12375=CARTESIAN_POINT('',(59.022524087594,159.631087990143,8.));
#12376=CARTESIAN_POINT('Ctrl Pts',(59.022524087594,159.631087990143,8.));
#12377=CARTESIAN_POINT('Ctrl Pts',(59.022533016877,159.631092092179,8.));
#12378=CARTESIAN_POINT('Ctrl Pts',(59.0225419466472,159.631096194439,8.));
#12379=CARTESIAN_POINT('Ctrl Pts',(59.0225508759302,159.631100296475,8.));
#12380=CARTESIAN_POINT('Ctrl Pts',(59.5463714374708,159.87173897067,8.));
#12381=CARTESIAN_POINT('Ctrl Pts',(60.1160730515858,159.996325665752,8.));
#12382=CARTESIAN_POINT('Ctrl Pts',(60.6925254418201,159.996299999919,8.));
#12383=CARTESIAN_POINT('',(59.022524087594,159.631087990143,0.));
#12384=CARTESIAN_POINT('Origin',(41.3744802064011,151.522467828366,0.));
#12385=CARTESIAN_POINT('',(41.3744802064011,151.522467828366,8.));
#12386=CARTESIAN_POINT('',(41.3744802064011,151.522467828366,8.));
#12387=CARTESIAN_POINT('',(41.3744802064011,151.522467828366,0.));
#12388=CARTESIAN_POINT('Ctrl Pts',(40.7276707280423,151.148464676926,0.));
#12389=CARTESIAN_POINT('Ctrl Pts',(40.7276707280423,151.148464676926,8.));
#12390=CARTESIAN_POINT('Ctrl Pts',(40.9311258269363,151.293033194361,0.));
#12391=CARTESIAN_POINT('Ctrl Pts',(40.9311258269363,151.293033194361,8.));
#12392=CARTESIAN_POINT('Ctrl Pts',(41.147667559885,151.418245512485,0.));
#12393=CARTESIAN_POINT('Ctrl Pts',(41.147667559885,151.418245512485,8.));
#12394=CARTESIAN_POINT('Ctrl Pts',(41.3744631114697,151.522459973101,0.));
#12395=CARTESIAN_POINT('Ctrl Pts',(41.3744631114697,151.522459973101,8.));
#12396=CARTESIAN_POINT('Ctrl Pts',(41.3744688096042,151.522462591442,0.));
#12397=CARTESIAN_POINT('Ctrl Pts',(41.3744688096042,151.522462591442,8.));
#12398=CARTESIAN_POINT('Ctrl Pts',(41.3744745083111,151.522465210046,0.));
#12399=CARTESIAN_POINT('Ctrl Pts',(41.3744745083111,151.522465210046,8.));
#12400=CARTESIAN_POINT('Ctrl Pts',(41.3744802064011,151.522467828366,0.));
#12401=CARTESIAN_POINT('Ctrl Pts',(41.3744802064011,151.522467828366,8.));
#12402=CARTESIAN_POINT('',(40.7276707280423,151.148464676926,8.));
#12403=CARTESIAN_POINT('Ctrl Pts',(40.7276707280423,151.148464676926,8.));
#12404=CARTESIAN_POINT('Ctrl Pts',(40.9311258269363,151.293033194361,8.));
#12405=CARTESIAN_POINT('Ctrl Pts',(41.147667559885,151.418245512485,8.));
#12406=CARTESIAN_POINT('Ctrl Pts',(41.3744631114697,151.522459973101,8.));
#12407=CARTESIAN_POINT('Ctrl Pts',(41.3744688096042,151.522462591442,8.));
#12408=CARTESIAN_POINT('Ctrl Pts',(41.3744745083111,151.522465210046,8.));
#12409=CARTESIAN_POINT('Ctrl Pts',(41.3744802064011,151.522467828366,8.));
#12410=CARTESIAN_POINT('',(40.7276707280423,151.148464676926,0.));
#12411=CARTESIAN_POINT('Origin',(23.2194940077064,138.708481218191,0.));
#12412=CARTESIAN_POINT('',(23.2194940076927,138.70848121821,8.));
#12413=CARTESIAN_POINT('',(23.2194940077056,138.70848121819,8.));
#12414=CARTESIAN_POINT('',(23.2194940076927,138.70848121821,0.));
#12415=CARTESIAN_POINT('Ctrl Pts',(21.5363000001038,135.447685589562,0.));
#12416=CARTESIAN_POINT('Ctrl Pts',(21.5363000001038,135.447685589562,8.));
#12417=CARTESIAN_POINT('Ctrl Pts',(21.5362813479188,136.742037980844,0.));
#12418=CARTESIAN_POINT('Ctrl Pts',(21.5362813479188,136.742037980844,8.));
#12419=CARTESIAN_POINT('Ctrl Pts',(22.1643564696738,137.958789889715,0.));
#12420=CARTESIAN_POINT('Ctrl Pts',(22.1643564696738,137.958789889715,8.));
#12421=CARTESIAN_POINT('Ctrl Pts',(23.2194940076927,138.70848121821,0.));
#12422=CARTESIAN_POINT('Ctrl Pts',(23.2194940076927,138.70848121821,8.));
#12423=CARTESIAN_POINT('Ctrl Pts',(21.5363000001038,135.447685589562,8.));
#12424=CARTESIAN_POINT('Ctrl Pts',(21.5362813479188,136.742037980844,8.));
#12425=CARTESIAN_POINT('Ctrl Pts',(22.1643564696741,137.958789889716,8.));
#12426=CARTESIAN_POINT('Ctrl Pts',(23.2194940076934,138.708481218211,8.));
#12427=CARTESIAN_POINT('Origin',(77.7053420672608,162.496299999521,0.));
#12428=CARTESIAN_POINT('',(60.6925810965392,162.496299999681,8.));
#12429=CARTESIAN_POINT('',(60.6925810965392,162.496299999681,0.));
#12430=CARTESIAN_POINT('',(77.7053420672608,162.496299999521,8.));
#12431=CARTESIAN_POINT('',(60.6925810965392,162.496299999681,8.));
#12432=CARTESIAN_POINT('',(77.7053420672608,162.496299999521,0.));
#12433=CARTESIAN_POINT('Ctrl Pts',(81.0496406911981,161.570021912112,0.));
#12434=CARTESIAN_POINT('Ctrl Pts',(81.0496406911981,161.570021912112,8.));
#12435=CARTESIAN_POINT('Ctrl Pts',(81.0496301296099,161.570028248879,0.));
#12436=CARTESIAN_POINT('Ctrl Pts',(81.0496301296099,161.570028248879,8.));
#12437=CARTESIAN_POINT('Ctrl Pts',(81.0496195682114,161.570034585532,0.));
#12438=CARTESIAN_POINT('Ctrl Pts',(81.0496195682114,161.570034585532,8.));
#12439=CARTESIAN_POINT('Ctrl Pts',(81.049609006661,161.570040922277,0.));
#12440=CARTESIAN_POINT('Ctrl Pts',(81.049609006661,161.570040922277,8.));
#12441=CARTESIAN_POINT('Ctrl Pts',(81.0333538044103,161.579793757746,0.));
#12442=CARTESIAN_POINT('Ctrl Pts',(81.0333538044103,161.579793757746,8.));
#12443=CARTESIAN_POINT('Ctrl Pts',(80.9790102738877,161.61194552667,0.));
#12444=CARTESIAN_POINT('Ctrl Pts',(80.9790102738877,161.61194552667,8.));
#12445=CARTESIAN_POINT('Ctrl Pts',(80.9434406326191,161.632380804073,0.));
#12446=CARTESIAN_POINT('Ctrl Pts',(80.9434406326191,161.632380804073,8.));
#12447=CARTESIAN_POINT('Ctrl Pts',(79.9588602145019,162.198036606384,0.));
#12448=CARTESIAN_POINT('Ctrl Pts',(79.9588602145019,162.198036606384,8.));
#12449=CARTESIAN_POINT('Ctrl Pts',(78.8421652713783,162.496318816458,0.));
#12450=CARTESIAN_POINT('Ctrl Pts',(78.8421652713783,162.496318816458,8.));
#12451=CARTESIAN_POINT('Ctrl Pts',(77.7053420672608,162.496299999521,0.));
#12452=CARTESIAN_POINT('Ctrl Pts',(77.7053420672608,162.496299999521,8.));
#12453=CARTESIAN_POINT('',(81.0496406913663,161.570021912011,8.));
#12454=CARTESIAN_POINT('Ctrl Pts',(81.0496406911981,161.570021912112,8.));
#12455=CARTESIAN_POINT('Ctrl Pts',(81.0496301296099,161.570028248879,8.));
#12456=CARTESIAN_POINT('Ctrl Pts',(81.0496195682114,161.570034585532,8.));
#12457=CARTESIAN_POINT('Ctrl Pts',(81.049609006661,161.570040922277,8.));
#12458=CARTESIAN_POINT('Ctrl Pts',(81.0333538044103,161.579793757746,8.));
#12459=CARTESIAN_POINT('Ctrl Pts',(80.9790102738877,161.61194552667,8.));
#12460=CARTESIAN_POINT('Ctrl Pts',(80.9434406326191,161.632380804073,8.));
#12461=CARTESIAN_POINT('Ctrl Pts',(79.9588602145019,162.198036606384,8.));
#12462=CARTESIAN_POINT('Ctrl Pts',(78.8421652713783,162.496318816458,8.));
#12463=CARTESIAN_POINT('Ctrl Pts',(77.7053420672608,162.496299999521,8.));
#12464=CARTESIAN_POINT('',(81.0496406913663,161.570021912011,0.));
#12465=CARTESIAN_POINT('Origin',(88.005748354729,157.3962,0.));
#12466=CARTESIAN_POINT('',(88.005748354729,157.3962,8.));
#12467=CARTESIAN_POINT('',(81.0496406913663,161.570021912011,8.));
#12468=CARTESIAN_POINT('',(88.005748354729,157.3962,0.));
#12469=CARTESIAN_POINT('Origin',(135.4434,157.3962,0.));
#12470=CARTESIAN_POINT('',(135.4434,157.3962,8.));
#12471=CARTESIAN_POINT('',(88.005748354729,157.3962,8.));
#12472=CARTESIAN_POINT('',(135.4434,157.3962,0.));
#12473=CARTESIAN_POINT('Origin',(135.4434,153.8962,0.));
#12474=CARTESIAN_POINT('',(135.568100886332,157.393977821553,8.));
#12475=CARTESIAN_POINT('Origin',(135.4434,153.8962,8.));
#12476=CARTESIAN_POINT('',(135.568100886332,157.393977821553,0.));
#12477=CARTESIAN_POINT('Ctrl Pts',(138.072349882032,156.250342463616,0.));
#12478=CARTESIAN_POINT('Ctrl Pts',(138.072349882032,156.250342463616,8.));
#12479=CARTESIAN_POINT('Ctrl Pts',(137.423227291709,156.947622640908,0.));
#12480=CARTESIAN_POINT('Ctrl Pts',(137.423227291709,156.947622640908,8.));
#12481=CARTESIAN_POINT('Ctrl Pts',(136.520128404314,157.360036650512,0.));
#12482=CARTESIAN_POINT('Ctrl Pts',(136.520128404314,157.360036650512,8.));
#12483=CARTESIAN_POINT('Ctrl Pts',(135.568100886332,157.393977821553,0.));
#12484=CARTESIAN_POINT('Ctrl Pts',(135.568100886332,157.393977821553,8.));
#12485=CARTESIAN_POINT('',(138.072354591807,156.250337404419,8.));
#12486=CARTESIAN_POINT('Ctrl Pts',(138.072349882032,156.250342463616,8.));
#12487=CARTESIAN_POINT('Ctrl Pts',(137.423227291709,156.947622640908,8.));
#12488=CARTESIAN_POINT('Ctrl Pts',(136.520128404314,157.360036650512,8.));
#12489=CARTESIAN_POINT('Ctrl Pts',(135.568100886332,157.393977821553,8.));
#12490=CARTESIAN_POINT('',(138.072354591807,156.250337404419,0.));
#12491=CARTESIAN_POINT('Ctrl Pts',(139.0364,153.77862122718,0.));
#12492=CARTESIAN_POINT('Ctrl Pts',(139.0364,153.77862122718,8.));
#12493=CARTESIAN_POINT('Ctrl Pts',(139.0417766146,154.693206425101,0.));
#12494=CARTESIAN_POINT('Ctrl Pts',(139.0417766146,154.693206425101,8.));
#12495=CARTESIAN_POINT('Ctrl Pts',(138.696982399418,155.579366589926,0.));
#12496=CARTESIAN_POINT('Ctrl Pts',(138.696982399418,155.579366589926,8.));
#12497=CARTESIAN_POINT('Ctrl Pts',(138.072354591807,156.250337404419,0.));
#12498=CARTESIAN_POINT('Ctrl Pts',(138.072354591807,156.250337404419,8.));
#12499=CARTESIAN_POINT('',(139.0364,153.77862122718,8.));
#12500=CARTESIAN_POINT('Ctrl Pts',(139.0364,153.77862122718,8.));
#12501=CARTESIAN_POINT('Ctrl Pts',(139.0417766146,154.693206425101,8.));
#12502=CARTESIAN_POINT('Ctrl Pts',(138.696982399418,155.579366589926,8.));
#12503=CARTESIAN_POINT('Ctrl Pts',(138.072354591807,156.250337404419,8.));
#12504=CARTESIAN_POINT('',(139.0364,153.77862122718,0.));
#12505=CARTESIAN_POINT('Origin',(139.0364,94.6645045674324,0.));
#12506=CARTESIAN_POINT('',(139.0364,94.6645045668654,8.));
#12507=CARTESIAN_POINT('',(139.0364,107.9963,8.));
#12508=CARTESIAN_POINT('',(139.0364,94.6645045668654,0.));
#12509=CARTESIAN_POINT('Ctrl Pts',(138.421763510515,91.9056902021417,0.));
#12510=CARTESIAN_POINT('Ctrl Pts',(138.421763510515,91.9056902021417,8.));
#12511=CARTESIAN_POINT('Ctrl Pts',(138.631909174864,92.3539510962113,0.));
#12512=CARTESIAN_POINT('Ctrl Pts',(138.631909174864,92.3539510962113,8.));
#12513=CARTESIAN_POINT('Ctrl Pts',(138.789540355213,92.8234493531174,0.));
#12514=CARTESIAN_POINT('Ctrl Pts',(138.789540355213,92.8234493531174,8.));
#12515=CARTESIAN_POINT('Ctrl Pts',(138.892518152393,93.3047062180707,0.));
#12516=CARTESIAN_POINT('Ctrl Pts',(138.892518152393,93.3047062180707,8.));
#12517=CARTESIAN_POINT('Ctrl Pts',(138.95746659395,93.6082365345358,0.));
#12518=CARTESIAN_POINT('Ctrl Pts',(138.95746659395,93.6082365345358,8.));
#12519=CARTESIAN_POINT('Ctrl Pts',(139.0006846405,93.9164741643583,0.));
#12520=CARTESIAN_POINT('Ctrl Pts',(139.0006846405,93.9164741643583,8.));
#12521=CARTESIAN_POINT('Ctrl Pts',(139.021646826688,94.2270682321679,0.));
#12522=CARTESIAN_POINT('Ctrl Pts',(139.021646826688,94.2270682321679,8.));
#12523=CARTESIAN_POINT('Ctrl Pts',(139.02875028228,94.3323192373912,0.));
#12524=CARTESIAN_POINT('Ctrl Pts',(139.02875028228,94.3323192373912,8.));
#12525=CARTESIAN_POINT('Ctrl Pts',(139.033297914466,94.4378398361184,0.));
#12526=CARTESIAN_POINT('Ctrl Pts',(139.033297914466,94.4378398361184,8.));
#12527=CARTESIAN_POINT('Ctrl Pts',(139.035269450761,94.5435340716485,0.));
#12528=CARTESIAN_POINT('Ctrl Pts',(139.035269450761,94.5435340716485,8.));
#12529=CARTESIAN_POINT('Ctrl Pts',(139.036020951077,94.5838220702709,0.));
#12530=CARTESIAN_POINT('Ctrl Pts',(139.036020951077,94.5838220702709,8.));
#12531=CARTESIAN_POINT('Ctrl Pts',(139.036398981077,94.6458198695765,0.));
#12532=CARTESIAN_POINT('Ctrl Pts',(139.036398981077,94.6458198695765,8.));
#12533=CARTESIAN_POINT('Ctrl Pts',(139.036399996283,94.6644364018446,0.));
#12534=CARTESIAN_POINT('Ctrl Pts',(139.036399996283,94.6644364018446,8.));
#12535=CARTESIAN_POINT('Ctrl Pts',(139.036399997522,94.6644591235388,0.));
#12536=CARTESIAN_POINT('Ctrl Pts',(139.036399997522,94.6644591235388,8.));
#12537=CARTESIAN_POINT('Ctrl Pts',(139.036399998761,94.664481845172,0.));
#12538=CARTESIAN_POINT('Ctrl Pts',(139.036399998761,94.664481845172,8.));
#12539=CARTESIAN_POINT('Ctrl Pts',(139.0364,94.6645045668277,0.));
#12540=CARTESIAN_POINT('Ctrl Pts',(139.0364,94.6645045668277,8.));
#12541=CARTESIAN_POINT('',(138.421763510515,91.9056902021413,8.));
#12542=CARTESIAN_POINT('Ctrl Pts',(138.421763510515,91.9056902021417,8.));
#12543=CARTESIAN_POINT('Ctrl Pts',(138.631909174864,92.3539510962113,8.));
#12544=CARTESIAN_POINT('Ctrl Pts',(138.789540355213,92.8234493531174,8.));
#12545=CARTESIAN_POINT('Ctrl Pts',(138.892518152393,93.3047062180707,8.));
#12546=CARTESIAN_POINT('Ctrl Pts',(138.95746659395,93.6082365345358,8.));
#12547=CARTESIAN_POINT('Ctrl Pts',(139.0006846405,93.9164741643583,8.));
#12548=CARTESIAN_POINT('Ctrl Pts',(139.021646826688,94.2270682321679,8.));
#12549=CARTESIAN_POINT('Ctrl Pts',(139.02875028228,94.3323192373912,8.));
#12550=CARTESIAN_POINT('Ctrl Pts',(139.033297914466,94.4378398361184,8.));
#12551=CARTESIAN_POINT('Ctrl Pts',(139.035269450761,94.5435340716485,8.));
#12552=CARTESIAN_POINT('Ctrl Pts',(139.036020951077,94.5838220702709,8.));
#12553=CARTESIAN_POINT('Ctrl Pts',(139.036398981077,94.6458198695765,8.));
#12554=CARTESIAN_POINT('Ctrl Pts',(139.036399996283,94.6644364018446,8.));
#12555=CARTESIAN_POINT('Ctrl Pts',(139.036399997522,94.6644591235388,8.));
#12556=CARTESIAN_POINT('Ctrl Pts',(139.036399998761,94.664481845172,8.));
#12557=CARTESIAN_POINT('Ctrl Pts',(139.0364,94.6645045668277,8.));
#12558=CARTESIAN_POINT('',(138.421763510515,91.9056902021413,0.));
#12559=CARTESIAN_POINT('Origin',(131.579344274783,77.3086625002685,0.));
#12560=CARTESIAN_POINT('',(131.579344274783,77.3086625002685,8.));
#12561=CARTESIAN_POINT('',(138.421763510515,91.9056902021413,8.));
#12562=CARTESIAN_POINT('',(131.579344274783,77.3086625002685,0.));
#12563=CARTESIAN_POINT('Ctrl Pts',(129.153036217439,74.5642945864297,0.));
#12564=CARTESIAN_POINT('Ctrl Pts',(129.153036217439,74.5642945864297,8.));
#12565=CARTESIAN_POINT('Ctrl Pts',(129.153044099108,74.5642995408771,0.));
#12566=CARTESIAN_POINT('Ctrl Pts',(129.153044099108,74.5642995408771,8.));
#12567=CARTESIAN_POINT('Ctrl Pts',(129.153051979224,74.5643044943487,0.));
#12568=CARTESIAN_POINT('Ctrl Pts',(129.153051979224,74.5643044943487,8.));
#12569=CARTESIAN_POINT('Ctrl Pts',(129.153059860905,74.5643094488036,0.));
#12570=CARTESIAN_POINT('Ctrl Pts',(129.153059860905,74.5643094488036,8.));
#12571=CARTESIAN_POINT('Ctrl Pts',(129.169309263966,74.5745238865151,0.));
#12572=CARTESIAN_POINT('Ctrl Pts',(129.169309263966,74.5745238865151,8.));
#12573=CARTESIAN_POINT('Ctrl Pts',(129.223197471422,74.6088687362625,0.));
#12574=CARTESIAN_POINT('Ctrl Pts',(129.223197471422,74.6088687362625,8.));
#12575=CARTESIAN_POINT('Ctrl Pts',(129.257915511663,74.6316324343756,0.));
#12576=CARTESIAN_POINT('Ctrl Pts',(129.257915511663,74.6316324343756,8.));
#12577=CARTESIAN_POINT('Ctrl Pts',(130.263908484205,75.2912353431738,0.));
#12578=CARTESIAN_POINT('Ctrl Pts',(130.263908484205,75.2912353431738,8.));
#12579=CARTESIAN_POINT('Ctrl Pts',(131.068164456026,76.218072962645,0.));
#12580=CARTESIAN_POINT('Ctrl Pts',(131.068164456026,76.218072962645,8.));
#12581=CARTESIAN_POINT('Ctrl Pts',(131.579344274783,77.3086625002685,0.));
#12582=CARTESIAN_POINT('Ctrl Pts',(131.579344274783,77.3086625002685,8.));
#12583=CARTESIAN_POINT('',(129.153036215885,74.5642945854529,8.));
#12584=CARTESIAN_POINT('Ctrl Pts',(129.153036218993,74.5642945874066,8.));
#12585=CARTESIAN_POINT('Ctrl Pts',(129.153044100144,74.5642995415282,8.));
#12586=CARTESIAN_POINT('Ctrl Pts',(129.153051979742,74.5643044946743,8.));
#12587=CARTESIAN_POINT('Ctrl Pts',(129.153059860905,74.5643094488036,8.));
#12588=CARTESIAN_POINT('Ctrl Pts',(129.169309263966,74.5745238865151,8.));
#12589=CARTESIAN_POINT('Ctrl Pts',(129.223197471422,74.6088687362625,8.));
#12590=CARTESIAN_POINT('Ctrl Pts',(129.257915511663,74.6316324343756,8.));
#12591=CARTESIAN_POINT('Ctrl Pts',(130.263908484205,75.2912353431738,8.));
#12592=CARTESIAN_POINT('Ctrl Pts',(131.068164456026,76.218072962645,8.));
#12593=CARTESIAN_POINT('Ctrl Pts',(131.579344274783,77.3086625002685,8.));
#12594=CARTESIAN_POINT('',(129.153036215885,74.5642945854529,0.));
#12595=CARTESIAN_POINT('Origin',(113.401495479716,64.6633061252658,0.));
#12596=CARTESIAN_POINT('',(113.401495479716,64.6633061252657,8.));
#12597=CARTESIAN_POINT('',(129.153036215885,74.5642945854529,8.));
#12598=CARTESIAN_POINT('',(113.401495479716,64.6633061252657,0.));
#12599=CARTESIAN_POINT('Ctrl Pts',(108.709533564433,63.784536504524,0.));
#12600=CARTESIAN_POINT('Ctrl Pts',(108.709533564433,63.784536504524,8.));
#12601=CARTESIAN_POINT('Ctrl Pts',(110.327307505328,63.4720089142162,0.));
#12602=CARTESIAN_POINT('Ctrl Pts',(110.327307505328,63.4720089142162,8.));
#12603=CARTESIAN_POINT('Ctrl Pts',(112.006474686234,63.7865048263609,0.));
#12604=CARTESIAN_POINT('Ctrl Pts',(112.006474686234,63.7865048263609,8.));
#12605=CARTESIAN_POINT('Ctrl Pts',(113.401495477883,64.6633061241138,0.));
#12606=CARTESIAN_POINT('Ctrl Pts',(113.401495477883,64.6633061241138,8.));
#12607=CARTESIAN_POINT('',(108.709533564433,63.784536504524,8.));
#12608=CARTESIAN_POINT('Ctrl Pts',(108.709533564433,63.784536504524,8.));
#12609=CARTESIAN_POINT('Ctrl Pts',(110.327307505328,63.4720089142162,8.));
#12610=CARTESIAN_POINT('Ctrl Pts',(112.006474686234,63.7865048263609,8.));
#12611=CARTESIAN_POINT('Ctrl Pts',(113.401495477883,64.6633061241138,8.));
#12612=CARTESIAN_POINT('',(108.709533564433,63.784536504524,0.));
#12613=CARTESIAN_POINT('Origin',(24.3032506548036,80.0902525222967,0.));
#12614=CARTESIAN_POINT('',(24.3032506547851,80.0902525223003,8.));
#12615=CARTESIAN_POINT('',(108.709533564433,63.784536504524,8.));
#12616=CARTESIAN_POINT('',(24.3032506547851,80.0902525223003,0.));
#12617=CARTESIAN_POINT('Ctrl Pts',(19.0363000000727,86.4723388431381,0.));
#12618=CARTESIAN_POINT('Ctrl Pts',(19.0363000000727,86.4723388431381,8.));
#12619=CARTESIAN_POINT('Ctrl Pts',(19.036258637182,84.0754765266345,0.));
#12620=CARTESIAN_POINT('Ctrl Pts',(19.036258637182,84.0754765266345,8.));
#12621=CARTESIAN_POINT('Ctrl Pts',(20.3584540710167,81.9106660396301,0.));
#12622=CARTESIAN_POINT('Ctrl Pts',(20.3584540710167,81.9106660396301,8.));
#12623=CARTESIAN_POINT('Ctrl Pts',(22.3839234186123,80.7873893353644,0.));
#12624=CARTESIAN_POINT('Ctrl Pts',(22.3839234186123,80.7873893353644,8.));
#12625=CARTESIAN_POINT('Ctrl Pts',(22.9717873668635,80.4613740939429,0.));
#12626=CARTESIAN_POINT('Ctrl Pts',(22.9717873668635,80.4613740939429,8.));
#12627=CARTESIAN_POINT('Ctrl Pts',(23.620225587665,80.2222184693499,0.));
#12628=CARTESIAN_POINT('Ctrl Pts',(23.620225587665,80.2222184693499,8.));
#12629=CARTESIAN_POINT('Ctrl Pts',(24.3032506550656,80.0902525222461,0.));
#12630=CARTESIAN_POINT('Ctrl Pts',(24.3032506550656,80.0902525222461,8.));
#12631=CARTESIAN_POINT('',(19.0363000000727,86.4723388431416,8.));
#12632=CARTESIAN_POINT('Ctrl Pts',(19.0363000000727,86.4723388431347,8.));
#12633=CARTESIAN_POINT('Ctrl Pts',(19.0362586371833,84.0754765266324,8.));
#12634=CARTESIAN_POINT('Ctrl Pts',(20.3584540710177,81.9106660396295,8.));
#12635=CARTESIAN_POINT('Ctrl Pts',(22.3839234186123,80.7873893353644,8.));
#12636=CARTESIAN_POINT('Ctrl Pts',(22.9717873668691,80.4613740939398,8.));
#12637=CARTESIAN_POINT('Ctrl Pts',(23.6202255876774,80.2222184693454,8.));
#12638=CARTESIAN_POINT('Ctrl Pts',(24.3032506550852,80.0902525222423,8.));
#12639=CARTESIAN_POINT('',(19.0363000000727,86.4723388431416,0.));
#12640=CARTESIAN_POINT('Origin',(19.0363000003634,135.447649563467,0.));
#12641=CARTESIAN_POINT('',(19.0363000003634,135.447649563467,8.));
#12642=CARTESIAN_POINT('',(19.0363000000727,86.4723388431416,8.));
#12643=CARTESIAN_POINT('',(19.0363000003634,135.447649563467,0.));
#12644=CARTESIAN_POINT('Ctrl Pts',(21.7714911415924,140.746442871374,0.));
#12645=CARTESIAN_POINT('Ctrl Pts',(21.7714911415924,140.746442871374,8.));
#12646=CARTESIAN_POINT('Ctrl Pts',(20.058430803171,139.529287349342,0.));
#12647=CARTESIAN_POINT('Ctrl Pts',(20.058430803171,139.529287349342,8.));
#12648=CARTESIAN_POINT('Ctrl Pts',(19.0362697177776,137.54908364688,0.));
#12649=CARTESIAN_POINT('Ctrl Pts',(19.0362697177776,137.54908364688,8.));
#12650=CARTESIAN_POINT('Ctrl Pts',(19.0363000003634,135.447649563467,0.));
#12651=CARTESIAN_POINT('Ctrl Pts',(19.0363000003634,135.447649563467,8.));
#12652=CARTESIAN_POINT('',(21.7714911415924,140.746442871374,8.));
#12653=CARTESIAN_POINT('Ctrl Pts',(21.7714911415924,140.746442871374,8.));
#12654=CARTESIAN_POINT('Ctrl Pts',(20.058430803171,139.529287349342,8.));
#12655=CARTESIAN_POINT('Ctrl Pts',(19.0362697177776,137.54908364688,8.));
#12656=CARTESIAN_POINT('Ctrl Pts',(19.0363000003634,135.447649563467,8.));
#12657=CARTESIAN_POINT('',(21.7714911415924,140.746442871374,0.));
#12658=CARTESIAN_POINT('Origin',(39.2795975481482,153.18637636924,0.));
#12659=CARTESIAN_POINT('',(39.2795975481482,153.18637636924,8.));
#12660=CARTESIAN_POINT('',(21.7714911415924,140.746442871374,8.));
#12661=CARTESIAN_POINT('',(39.2795975481482,153.18637636924,0.));
#12662=CARTESIAN_POINT('Ctrl Pts',(40.3306807207921,153.79413739854,0.));
#12663=CARTESIAN_POINT('Ctrl Pts',(40.3306807207921,153.79413739854,8.));
#12664=CARTESIAN_POINT('Ctrl Pts',(40.3306664753817,153.794130852654,0.));
#12665=CARTESIAN_POINT('Ctrl Pts',(40.3306664753817,153.794130852654,8.));
#12666=CARTESIAN_POINT('Ctrl Pts',(40.3306522302092,153.794124306878,0.));
#12667=CARTESIAN_POINT('Ctrl Pts',(40.3306522302092,153.794124306878,8.));
#12668=CARTESIAN_POINT('Ctrl Pts',(40.3306379848576,153.794117761019,0.));
#12669=CARTESIAN_POINT('Ctrl Pts',(40.3306379848576,153.794117761019,8.));
#12670=CARTESIAN_POINT('Ctrl Pts',(40.3132754132066,153.786139513547,0.));
#12671=CARTESIAN_POINT('Ctrl Pts',(40.3132754132066,153.786139513547,8.));
#12672=CARTESIAN_POINT('Ctrl Pts',(40.2555579078024,153.759182696802,0.));
#12673=CARTESIAN_POINT('Ctrl Pts',(40.2555579078024,153.759182696802,8.));
#12674=CARTESIAN_POINT('Ctrl Pts',(40.2182734838783,153.741179645631,0.));
#12675=CARTESIAN_POINT('Ctrl Pts',(40.2182734838783,153.741179645631,8.));
#12676=CARTESIAN_POINT('Ctrl Pts',(39.8904539475223,153.582889634232,0.));
#12677=CARTESIAN_POINT('Ctrl Pts',(39.8904539475223,153.582889634232,8.));
#12678=CARTESIAN_POINT('Ctrl Pts',(39.5764514136096,153.397310985565,0.));
#12679=CARTESIAN_POINT('Ctrl Pts',(39.5764514136096,153.397310985565,8.));
#12680=CARTESIAN_POINT('Ctrl Pts',(39.2795975481482,153.18637636924,0.));
#12681=CARTESIAN_POINT('Ctrl Pts',(39.2795975481482,153.18637636924,8.));
#12682=CARTESIAN_POINT('',(40.3306807209977,153.794137398634,8.));
#12683=CARTESIAN_POINT('Ctrl Pts',(40.3306807205866,153.794137398445,8.));
#12684=CARTESIAN_POINT('Ctrl Pts',(40.3306664752447,153.794130852591,8.));
#12685=CARTESIAN_POINT('Ctrl Pts',(40.3306522301407,153.794124306846,8.));
#12686=CARTESIAN_POINT('Ctrl Pts',(40.3306379848576,153.794117761019,8.));
#12687=CARTESIAN_POINT('Ctrl Pts',(40.3132754132066,153.786139513547,8.));
#12688=CARTESIAN_POINT('Ctrl Pts',(40.2555579078024,153.759182696802,8.));
#12689=CARTESIAN_POINT('Ctrl Pts',(40.2182734838783,153.741179645631,8.));
#12690=CARTESIAN_POINT('Ctrl Pts',(39.8904539475223,153.582889634232,8.));
#12691=CARTESIAN_POINT('Ctrl Pts',(39.5764514136096,153.397310985565,8.));
#12692=CARTESIAN_POINT('Ctrl Pts',(39.2795975481482,153.18637636924,8.));
#12693=CARTESIAN_POINT('',(40.3306807209977,153.794137398634,0.));
#12694=CARTESIAN_POINT('Origin',(57.9788343067464,161.902807965577,0.));
#12695=CARTESIAN_POINT('',(57.9788343069538,161.902807965672,8.));
#12696=CARTESIAN_POINT('',(40.3306807209977,153.794137398634,8.));
#12697=CARTESIAN_POINT('',(57.9788343069538,161.902807965672,0.));
#12698=CARTESIAN_POINT('Ctrl Pts',(60.692581096539,162.496299999681,0.));
#12699=CARTESIAN_POINT('Ctrl Pts',(60.692581096539,162.496299999681,8.));
#12700=CARTESIAN_POINT('Ctrl Pts',(60.0304975211785,162.496323809523,0.));
#12701=CARTESIAN_POINT('Ctrl Pts',(60.0304975211785,162.496323809523,8.));
#12702=CARTESIAN_POINT('Ctrl Pts',(59.3738586028097,162.395190400174,0.));
#12703=CARTESIAN_POINT('Ctrl Pts',(59.3738586028097,162.395190400174,8.));
#12704=CARTESIAN_POINT('Ctrl Pts',(58.7451680544512,162.197790731953,0.));
#12705=CARTESIAN_POINT('Ctrl Pts',(58.7451680544512,162.197790731953,8.));
#12706=CARTESIAN_POINT('Ctrl Pts',(58.5095958458343,162.123824492211,0.));
#12707=CARTESIAN_POINT('Ctrl Pts',(58.5095958458343,162.123824492211,8.));
#12708=CARTESIAN_POINT('Ctrl Pts',(58.2779316292023,162.036337861712,0.));
#12709=CARTESIAN_POINT('Ctrl Pts',(58.2779316292023,162.036337861712,8.));
#12710=CARTESIAN_POINT('Ctrl Pts',(58.0513885793594,161.935603531338,0.));
#12711=CARTESIAN_POINT('Ctrl Pts',(58.0513885793594,161.935603531338,8.));
#12712=CARTESIAN_POINT('Ctrl Pts',(58.0271565539742,161.924828551252,0.));
#12713=CARTESIAN_POINT('Ctrl Pts',(58.0271565539742,161.924828551252,8.));
#12714=CARTESIAN_POINT('Ctrl Pts',(57.9900315635597,161.907951889347,0.));
#12715=CARTESIAN_POINT('Ctrl Pts',(57.9900315635597,161.907951889347,8.));
#12716=CARTESIAN_POINT('Ctrl Pts',(57.9789012762396,161.902838730788,0.));
#12717=CARTESIAN_POINT('Ctrl Pts',(57.9789012762396,161.902838730788,8.));
#12718=CARTESIAN_POINT('Ctrl Pts',(57.9788789532453,161.902828475796,0.));
#12719=CARTESIAN_POINT('Ctrl Pts',(57.9788789532453,161.902828475796,8.));
#12720=CARTESIAN_POINT('Ctrl Pts',(57.9788566308528,161.90281822108,0.));
#12721=CARTESIAN_POINT('Ctrl Pts',(57.9788566308528,161.90281822108,8.));
#12722=CARTESIAN_POINT('Ctrl Pts',(57.9788343076639,161.902807965998,0.));
#12723=CARTESIAN_POINT('Ctrl Pts',(57.9788343076639,161.902807965998,8.));
#12724=CARTESIAN_POINT('Ctrl Pts',(60.692581096539,162.496299999681,8.));
#12725=CARTESIAN_POINT('Ctrl Pts',(60.0304975211785,162.496323809523,8.));
#12726=CARTESIAN_POINT('Ctrl Pts',(59.3738586028097,162.395190400174,8.));
#12727=CARTESIAN_POINT('Ctrl Pts',(58.7451680544512,162.197790731953,8.));
#12728=CARTESIAN_POINT('Ctrl Pts',(58.5095958458343,162.123824492211,8.));
#12729=CARTESIAN_POINT('Ctrl Pts',(58.2779316292023,162.036337861712,8.));
#12730=CARTESIAN_POINT('Ctrl Pts',(58.0513885793594,161.935603531338,8.));
#12731=CARTESIAN_POINT('Ctrl Pts',(58.0271565539742,161.924828551252,8.));
#12732=CARTESIAN_POINT('Ctrl Pts',(57.9900315635597,161.907951889347,8.));
#12733=CARTESIAN_POINT('Ctrl Pts',(57.9789012762396,161.902838730788,8.));
#12734=CARTESIAN_POINT('Ctrl Pts',(57.9788789532453,161.902828475796,8.));
#12735=CARTESIAN_POINT('Ctrl Pts',(57.9788566308528,161.90281822108,8.));
#12736=CARTESIAN_POINT('Ctrl Pts',(57.9788343076639,161.902807965998,8.));
#12737=CARTESIAN_POINT('Origin',(79.0361811760343,112.988865185545,8.));
#12738=UNCERTAINTY_MEASURE_WITH_UNIT(LENGTH_MEASURE(0.01),#12742,
'DISTANCE_ACCURACY_VALUE',
'Maximum model space distance between geometric entities at asserted c
onnectivities');
#12739=UNCERTAINTY_MEASURE_WITH_UNIT(LENGTH_MEASURE(0.01),#12742,
'DISTANCE_ACCURACY_VALUE',
'Maximum model space distance between geometric entities at asserted c
onnectivities');
#12740=(
GEOMETRIC_REPRESENTATION_CONTEXT(3)
GLOBAL_UNCERTAINTY_ASSIGNED_CONTEXT((#12738))
GLOBAL_UNIT_ASSIGNED_CONTEXT((#12742,#12744,#12745))
REPRESENTATION_CONTEXT('','3D')
);
#12741=(
GEOMETRIC_REPRESENTATION_CONTEXT(3)
GLOBAL_UNCERTAINTY_ASSIGNED_CONTEXT((#12739))
GLOBAL_UNIT_ASSIGNED_CONTEXT((#12742,#12744,#12745))
REPRESENTATION_CONTEXT('','3D')
);
#12742=(
LENGTH_UNIT()
NAMED_UNIT(*)
SI_UNIT(.MILLI.,.METRE.)
);
#12743=(
LENGTH_UNIT()
NAMED_UNIT(*)
SI_UNIT($,.METRE.)
);
#12744=(
NAMED_UNIT(*)
PLANE_ANGLE_UNIT()
SI_UNIT($,.RADIAN.)
);
#12745=(
NAMED_UNIT(*)
SI_UNIT($,.STERADIAN.)
SOLID_ANGLE_UNIT()
);
#12746=SHAPE_DEFINITION_REPRESENTATION(#12747,#12748);
#12747=PRODUCT_DEFINITION_SHAPE('',$,#12750);
#12748=SHAPE_REPRESENTATION('',(#6678),#12740);
#12749=PRODUCT_DEFINITION_CONTEXT('part definition',#12754,'design');
#12750=PRODUCT_DEFINITION('2026-03-20-20-22-17-701','Untitled',#12751,#12749);
#12751=PRODUCT_DEFINITION_FORMATION('',$,#12756);
#12752=PRODUCT_RELATED_PRODUCT_CATEGORY('Untitled','Untitled',(#12756));
#12753=APPLICATION_PROTOCOL_DEFINITION('international standard',
'automotive_design',2009,#12754);
#12754=APPLICATION_CONTEXT(
'Core Data for Automotive Mechanical Design Process');
#12755=PRODUCT_CONTEXT('part definition',#12754,'mechanical');
#12756=PRODUCT('2026-03-20-20-22-17-701','Untitled',$,(#12755));
#12757=PRESENTATION_STYLE_ASSIGNMENT((#12758));
#12758=SURFACE_STYLE_USAGE(.BOTH.,#12759);
#12759=SURFACE_SIDE_STYLE('',(#12760));
#12760=SURFACE_STYLE_FILL_AREA(#12761);
#12761=FILL_AREA_STYLE('Steel - Satin',(#12762));
#12762=FILL_AREA_STYLE_COLOUR('Steel - Satin',#12763);
#12763=COLOUR_RGB('Steel - Satin',0.627450980392157,0.627450980392157,0.627450980392157);
ENDSEC;
END-ISO-10303-21;
