ISO-10303-21;
HEADER;
/* Generated by software containing ST-Developer
 * from STEP Tools, Inc. (www.steptools.com) 
 */

FILE_DESCRIPTION(
/* description */ (''),
/* implementation_level */ '2;1');

FILE_NAME(
/* name */ 'Top2.step',
/* time_stamp */ '2026-03-20T22:48:39-04:00',
/* author */ (''),
/* organization */ (''),
/* preprocessor_version */ 'ST-DEVELOPER v20.1',
/* originating_system */ 'Autodesk Translation Framework v14.24.0.0',
/* authorisation */ '');

FILE_SCHEMA (('AUTOMOTIVE_DESIGN { 1 0 10303 214 3 1 1 }'));
ENDSEC;

DATA;
#10=MECHANICAL_DESIGN_GEOMETRIC_PRESENTATION_REPRESENTATION('',(#13),#9399);
#11=SHAPE_REPRESENTATION_RELATIONSHIP('SRR','None',#9406,#12);
#12=ADVANCED_BREP_SHAPE_REPRESENTATION('',(#14),#9398);
#13=STYLED_ITEM('',(#9415),#14);
#14=MANIFOLD_SOLID_BREP('Body5',#5027);
#15=FACE_BOUND('',#1100,.T.);
#16=FACE_BOUND('',#1101,.T.);
#17=FACE_BOUND('',#1102,.T.);
#18=FACE_BOUND('',#1103,.T.);
#19=FACE_BOUND('',#1104,.T.);
#20=FACE_BOUND('',#1105,.T.);
#21=FACE_BOUND('',#1106,.T.);
#22=FACE_BOUND('',#1107,.T.);
#23=FACE_BOUND('',#1108,.T.);
#24=FACE_BOUND('',#1109,.T.);
#25=FACE_BOUND('',#1110,.T.);
#26=FACE_BOUND('',#1111,.T.);
#27=FACE_BOUND('',#1112,.T.);
#28=FACE_BOUND('',#1113,.T.);
#29=FACE_BOUND('',#1114,.T.);
#30=FACE_BOUND('',#1115,.T.);
#31=FACE_BOUND('',#1116,.T.);
#32=FACE_BOUND('',#1117,.T.);
#33=FACE_BOUND('',#1118,.T.);
#34=FACE_BOUND('',#1119,.T.);
#35=FACE_BOUND('',#1120,.T.);
#36=FACE_BOUND('',#1121,.T.);
#37=FACE_BOUND('',#1122,.T.);
#38=FACE_BOUND('',#1123,.T.);
#39=FACE_BOUND('',#1124,.T.);
#40=FACE_BOUND('',#1125,.T.);
#41=FACE_BOUND('',#1127,.T.);
#42=FACE_BOUND('',#1128,.T.);
#43=FACE_BOUND('',#1129,.T.);
#44=FACE_BOUND('',#1130,.T.);
#45=FACE_BOUND('',#1131,.T.);
#46=FACE_BOUND('',#1132,.T.);
#47=FACE_BOUND('',#1133,.T.);
#48=FACE_BOUND('',#1134,.T.);
#49=FACE_BOUND('',#1135,.T.);
#50=FACE_BOUND('',#1136,.T.);
#51=FACE_BOUND('',#1137,.T.);
#52=FACE_BOUND('',#1138,.T.);
#53=FACE_BOUND('',#1139,.T.);
#54=FACE_BOUND('',#1140,.T.);
#55=FACE_BOUND('',#1141,.T.);
#56=FACE_BOUND('',#1142,.T.);
#57=FACE_BOUND('',#1143,.T.);
#58=FACE_BOUND('',#1144,.T.);
#59=FACE_BOUND('',#1145,.T.);
#60=FACE_BOUND('',#1146,.T.);
#61=FACE_BOUND('',#1147,.T.);
#62=FACE_BOUND('',#1148,.T.);
#63=FACE_BOUND('',#1149,.T.);
#64=FACE_BOUND('',#1150,.T.);
#65=FACE_BOUND('',#1151,.T.);
#66=FACE_BOUND('',#1152,.T.);
#67=B_SPLINE_CURVE_WITH_KNOTS('',3,(#5876,#5877,#5878,#5879),
 .UNSPECIFIED.,.F.,.F.,(4,4),(-1.,0.),.UNSPECIFIED.);
#68=B_SPLINE_CURVE_WITH_KNOTS('',3,(#5881,#5882,#5883,#5884),
 .UNSPECIFIED.,.F.,.F.,(4,4),(-1.,0.),.UNSPECIFIED.);
#69=B_SPLINE_CURVE_WITH_KNOTS('',3,(#5901,#5902,#5903,#5904),
 .UNSPECIFIED.,.F.,.F.,(4,4),(-1.,0.),.UNSPECIFIED.);
#70=B_SPLINE_CURVE_WITH_KNOTS('',3,(#5906,#5907,#5908,#5909),
 .UNSPECIFIED.,.F.,.F.,(4,4),(-1.,0.),.UNSPECIFIED.);
#71=B_SPLINE_CURVE_WITH_KNOTS('',3,(#5926,#5927,#5928,#5929),
 .UNSPECIFIED.,.F.,.F.,(4,4),(-1.,0.),.UNSPECIFIED.);
#72=B_SPLINE_CURVE_WITH_KNOTS('',3,(#5931,#5932,#5933,#5934),
 .UNSPECIFIED.,.F.,.F.,(4,4),(-1.,0.),.UNSPECIFIED.);
#73=B_SPLINE_CURVE_WITH_KNOTS('',3,(#5950,#5951,#5952,#5953),
 .UNSPECIFIED.,.F.,.F.,(4,4),(-1.,0.),.UNSPECIFIED.);
#74=B_SPLINE_CURVE_WITH_KNOTS('',3,(#5954,#5955,#5956,#5957),
 .UNSPECIFIED.,.F.,.F.,(4,4),(-1.,0.),.UNSPECIFIED.);
#75=B_SPLINE_CURVE_WITH_KNOTS('',3,(#5976,#5977,#5978,#5979),
 .UNSPECIFIED.,.F.,.F.,(4,4),(-1.,0.),.UNSPECIFIED.);
#76=B_SPLINE_CURVE_WITH_KNOTS('',3,(#5981,#5982,#5983,#5984),
 .UNSPECIFIED.,.F.,.F.,(4,4),(-1.,0.),.UNSPECIFIED.);
#77=B_SPLINE_CURVE_WITH_KNOTS('',3,(#5995,#5996,#5997,#5998),
 .UNSPECIFIED.,.F.,.F.,(4,4),(-1.,0.),.UNSPECIFIED.);
#78=B_SPLINE_CURVE_WITH_KNOTS('',3,(#6000,#6001,#6002,#6003),
 .UNSPECIFIED.,.F.,.F.,(4,4),(-1.,0.),.UNSPECIFIED.);
#79=B_SPLINE_CURVE_WITH_KNOTS('',3,(#6020,#6021,#6022,#6023),
 .UNSPECIFIED.,.F.,.F.,(4,4),(-1.,0.),.UNSPECIFIED.);
#80=B_SPLINE_CURVE_WITH_KNOTS('',3,(#6025,#6026,#6027,#6028),
 .UNSPECIFIED.,.F.,.F.,(4,4),(-1.,0.),.UNSPECIFIED.);
#81=B_SPLINE_CURVE_WITH_KNOTS('',3,(#6039,#6040,#6041,#6042),
 .UNSPECIFIED.,.F.,.F.,(4,4),(-1.,0.),.UNSPECIFIED.);
#82=B_SPLINE_CURVE_WITH_KNOTS('',3,(#6044,#6045,#6046,#6047),
 .UNSPECIFIED.,.F.,.F.,(4,4),(-1.,0.),.UNSPECIFIED.);
#83=B_SPLINE_CURVE_WITH_KNOTS('',3,(#6064,#6065,#6066,#6067),
 .UNSPECIFIED.,.F.,.F.,(4,4),(-1.,0.),.UNSPECIFIED.);
#84=B_SPLINE_CURVE_WITH_KNOTS('',3,(#6069,#6070,#6071,#6072),
 .UNSPECIFIED.,.F.,.F.,(4,4),(-1.,0.),.UNSPECIFIED.);
#85=B_SPLINE_CURVE_WITH_KNOTS('',3,(#6083,#6084,#6085,#6086),
 .UNSPECIFIED.,.F.,.F.,(4,4),(-1.,0.),.UNSPECIFIED.);
#86=B_SPLINE_CURVE_WITH_KNOTS('',3,(#6088,#6089,#6090,#6091),
 .UNSPECIFIED.,.F.,.F.,(4,4),(-1.,0.),.UNSPECIFIED.);
#87=B_SPLINE_CURVE_WITH_KNOTS('',3,(#6108,#6109,#6110,#6111),
 .UNSPECIFIED.,.F.,.F.,(4,4),(-1.,0.),.UNSPECIFIED.);
#88=B_SPLINE_CURVE_WITH_KNOTS('',3,(#6113,#6114,#6115,#6116),
 .UNSPECIFIED.,.F.,.F.,(4,4),(-1.,0.),.UNSPECIFIED.);
#89=B_SPLINE_CURVE_WITH_KNOTS('',3,(#6126,#6127,#6128,#6129),
 .UNSPECIFIED.,.F.,.F.,(4,4),(-1.,0.),.UNSPECIFIED.);
#90=B_SPLINE_CURVE_WITH_KNOTS('',3,(#6130,#6131,#6132,#6133),
 .UNSPECIFIED.,.F.,.F.,(4,4),(-1.,0.),.UNSPECIFIED.);
#91=B_SPLINE_CURVE_WITH_KNOTS('',3,(#6152,#6153,#6154,#6155),
 .UNSPECIFIED.,.F.,.F.,(4,4),(-1.,0.),.UNSPECIFIED.);
#92=B_SPLINE_CURVE_WITH_KNOTS('',3,(#6157,#6158,#6159,#6160),
 .UNSPECIFIED.,.F.,.F.,(4,4),(-1.,0.),.UNSPECIFIED.);
#93=B_SPLINE_CURVE_WITH_KNOTS('',3,(#6171,#6172,#6173,#6174),
 .UNSPECIFIED.,.F.,.F.,(4,4),(-1.,0.),.UNSPECIFIED.);
#94=B_SPLINE_CURVE_WITH_KNOTS('',3,(#6176,#6177,#6178,#6179),
 .UNSPECIFIED.,.F.,.F.,(4,4),(-1.,0.),.UNSPECIFIED.);
#95=B_SPLINE_CURVE_WITH_KNOTS('',3,(#6196,#6197,#6198,#6199),
 .UNSPECIFIED.,.F.,.F.,(4,4),(-1.,0.),.UNSPECIFIED.);
#96=B_SPLINE_CURVE_WITH_KNOTS('',3,(#6201,#6202,#6203,#6204),
 .UNSPECIFIED.,.F.,.F.,(4,4),(-1.,0.),.UNSPECIFIED.);
#97=B_SPLINE_CURVE_WITH_KNOTS('',3,(#6215,#6216,#6217,#6218),
 .UNSPECIFIED.,.F.,.F.,(4,4),(-1.,0.),.UNSPECIFIED.);
#98=B_SPLINE_CURVE_WITH_KNOTS('',3,(#6220,#6221,#6222,#6223),
 .UNSPECIFIED.,.F.,.F.,(4,4),(-1.,0.),.UNSPECIFIED.);
#99=B_SPLINE_CURVE_WITH_KNOTS('',3,(#6240,#6241,#6242,#6243),
 .UNSPECIFIED.,.F.,.F.,(4,4),(-1.,0.),.UNSPECIFIED.);
#100=B_SPLINE_CURVE_WITH_KNOTS('',3,(#6245,#6246,#6247,#6248),
 .UNSPECIFIED.,.F.,.F.,(4,4),(-1.,0.),.UNSPECIFIED.);
#101=B_SPLINE_CURVE_WITH_KNOTS('',3,(#6259,#6260,#6261,#6262),
 .UNSPECIFIED.,.F.,.F.,(4,4),(-1.,0.),.UNSPECIFIED.);
#102=B_SPLINE_CURVE_WITH_KNOTS('',3,(#6264,#6265,#6266,#6267),
 .UNSPECIFIED.,.F.,.F.,(4,4),(-1.,0.),.UNSPECIFIED.);
#103=B_SPLINE_CURVE_WITH_KNOTS('',3,(#6284,#6285,#6286,#6287),
 .UNSPECIFIED.,.F.,.F.,(4,4),(-1.,0.),.UNSPECIFIED.);
#104=B_SPLINE_CURVE_WITH_KNOTS('',3,(#6289,#6290,#6291,#6292),
 .UNSPECIFIED.,.F.,.F.,(4,4),(-1.,0.),.UNSPECIFIED.);
#105=B_SPLINE_CURVE_WITH_KNOTS('',3,(#6302,#6303,#6304,#6305),
 .UNSPECIFIED.,.F.,.F.,(4,4),(-1.,0.),.UNSPECIFIED.);
#106=B_SPLINE_CURVE_WITH_KNOTS('',3,(#6306,#6307,#6308,#6309),
 .UNSPECIFIED.,.F.,.F.,(4,4),(-1.,0.),.UNSPECIFIED.);
#107=B_SPLINE_CURVE_WITH_KNOTS('',3,(#6328,#6329,#6330,#6331),
 .UNSPECIFIED.,.F.,.F.,(4,4),(-1.,0.),.UNSPECIFIED.);
#108=B_SPLINE_CURVE_WITH_KNOTS('',3,(#6333,#6334,#6335,#6336),
 .UNSPECIFIED.,.F.,.F.,(4,4),(-1.,0.),.UNSPECIFIED.);
#109=B_SPLINE_CURVE_WITH_KNOTS('',3,(#6347,#6348,#6349,#6350),
 .UNSPECIFIED.,.F.,.F.,(4,4),(-1.,0.),.UNSPECIFIED.);
#110=B_SPLINE_CURVE_WITH_KNOTS('',3,(#6352,#6353,#6354,#6355),
 .UNSPECIFIED.,.F.,.F.,(4,4),(-1.,0.),.UNSPECIFIED.);
#111=B_SPLINE_CURVE_WITH_KNOTS('',3,(#6372,#6373,#6374,#6375),
 .UNSPECIFIED.,.F.,.F.,(4,4),(-1.,0.),.UNSPECIFIED.);
#112=B_SPLINE_CURVE_WITH_KNOTS('',3,(#6377,#6378,#6379,#6380),
 .UNSPECIFIED.,.F.,.F.,(4,4),(-1.,0.),.UNSPECIFIED.);
#113=B_SPLINE_CURVE_WITH_KNOTS('',3,(#6391,#6392,#6393,#6394),
 .UNSPECIFIED.,.F.,.F.,(4,4),(-1.,0.),.UNSPECIFIED.);
#114=B_SPLINE_CURVE_WITH_KNOTS('',3,(#6396,#6397,#6398,#6399),
 .UNSPECIFIED.,.F.,.F.,(4,4),(-1.,0.),.UNSPECIFIED.);
#115=B_SPLINE_CURVE_WITH_KNOTS('',3,(#6416,#6417,#6418,#6419),
 .UNSPECIFIED.,.F.,.F.,(4,4),(-1.,0.),.UNSPECIFIED.);
#116=B_SPLINE_CURVE_WITH_KNOTS('',3,(#6421,#6422,#6423,#6424),
 .UNSPECIFIED.,.F.,.F.,(4,4),(-1.,0.),.UNSPECIFIED.);
#117=B_SPLINE_CURVE_WITH_KNOTS('',3,(#6435,#6436,#6437,#6438),
 .UNSPECIFIED.,.F.,.F.,(4,4),(-1.,0.),.UNSPECIFIED.);
#118=B_SPLINE_CURVE_WITH_KNOTS('',3,(#6440,#6441,#6442,#6443),
 .UNSPECIFIED.,.F.,.F.,(4,4),(-1.,0.),.UNSPECIFIED.);
#119=B_SPLINE_CURVE_WITH_KNOTS('',3,(#6460,#6461,#6462,#6463),
 .UNSPECIFIED.,.F.,.F.,(4,4),(-1.,0.),.UNSPECIFIED.);
#120=B_SPLINE_CURVE_WITH_KNOTS('',3,(#6465,#6466,#6467,#6468),
 .UNSPECIFIED.,.F.,.F.,(4,4),(-1.,0.),.UNSPECIFIED.);
#121=B_SPLINE_CURVE_WITH_KNOTS('',3,(#6478,#6479,#6480,#6481),
 .UNSPECIFIED.,.F.,.F.,(4,4),(-1.,0.),.UNSPECIFIED.);
#122=B_SPLINE_CURVE_WITH_KNOTS('',3,(#6482,#6483,#6484,#6485),
 .UNSPECIFIED.,.F.,.F.,(4,4),(-1.,0.),.UNSPECIFIED.);
#123=B_SPLINE_CURVE_WITH_KNOTS('',3,(#6504,#6505,#6506,#6507),
 .UNSPECIFIED.,.F.,.F.,(4,4),(-1.,0.),.UNSPECIFIED.);
#124=B_SPLINE_CURVE_WITH_KNOTS('',3,(#6509,#6510,#6511,#6512),
 .UNSPECIFIED.,.F.,.F.,(4,4),(-1.,0.),.UNSPECIFIED.);
#125=B_SPLINE_CURVE_WITH_KNOTS('',3,(#6523,#6524,#6525,#6526),
 .UNSPECIFIED.,.F.,.F.,(4,4),(-1.,0.),.UNSPECIFIED.);
#126=B_SPLINE_CURVE_WITH_KNOTS('',3,(#6528,#6529,#6530,#6531),
 .UNSPECIFIED.,.F.,.F.,(4,4),(-1.,0.),.UNSPECIFIED.);
#127=B_SPLINE_CURVE_WITH_KNOTS('',3,(#6548,#6549,#6550,#6551),
 .UNSPECIFIED.,.F.,.F.,(4,4),(-1.,0.),.UNSPECIFIED.);
#128=B_SPLINE_CURVE_WITH_KNOTS('',3,(#6553,#6554,#6555,#6556),
 .UNSPECIFIED.,.F.,.F.,(4,4),(-1.,0.),.UNSPECIFIED.);
#129=B_SPLINE_CURVE_WITH_KNOTS('',3,(#6567,#6568,#6569,#6570),
 .UNSPECIFIED.,.F.,.F.,(4,4),(-1.,0.),.UNSPECIFIED.);
#130=B_SPLINE_CURVE_WITH_KNOTS('',3,(#6572,#6573,#6574,#6575),
 .UNSPECIFIED.,.F.,.F.,(4,4),(-1.,0.),.UNSPECIFIED.);
#131=B_SPLINE_CURVE_WITH_KNOTS('',3,(#6592,#6593,#6594,#6595),
 .UNSPECIFIED.,.F.,.F.,(4,4),(-1.,0.),.UNSPECIFIED.);
#132=B_SPLINE_CURVE_WITH_KNOTS('',3,(#6597,#6598,#6599,#6600),
 .UNSPECIFIED.,.F.,.F.,(4,4),(-1.,0.),.UNSPECIFIED.);
#133=B_SPLINE_CURVE_WITH_KNOTS('',3,(#6611,#6612,#6613,#6614),
 .UNSPECIFIED.,.F.,.F.,(4,4),(-1.,0.),.UNSPECIFIED.);
#134=B_SPLINE_CURVE_WITH_KNOTS('',3,(#6616,#6617,#6618,#6619),
 .UNSPECIFIED.,.F.,.F.,(4,4),(-1.,0.),.UNSPECIFIED.);
#135=B_SPLINE_CURVE_WITH_KNOTS('',3,(#6636,#6637,#6638,#6639),
 .UNSPECIFIED.,.F.,.F.,(4,4),(-1.,0.),.UNSPECIFIED.);
#136=B_SPLINE_CURVE_WITH_KNOTS('',3,(#6641,#6642,#6643,#6644),
 .UNSPECIFIED.,.F.,.F.,(4,4),(-1.,0.),.UNSPECIFIED.);
#137=B_SPLINE_CURVE_WITH_KNOTS('',3,(#6654,#6655,#6656,#6657),
 .UNSPECIFIED.,.F.,.F.,(4,4),(-1.,0.),.UNSPECIFIED.);
#138=B_SPLINE_CURVE_WITH_KNOTS('',3,(#6658,#6659,#6660,#6661),
 .UNSPECIFIED.,.F.,.F.,(4,4),(-1.,0.),.UNSPECIFIED.);
#139=B_SPLINE_CURVE_WITH_KNOTS('',3,(#6680,#6681,#6682,#6683),
 .UNSPECIFIED.,.F.,.F.,(4,4),(-1.,0.),.UNSPECIFIED.);
#140=B_SPLINE_CURVE_WITH_KNOTS('',3,(#6685,#6686,#6687,#6688),
 .UNSPECIFIED.,.F.,.F.,(4,4),(-1.,0.),.UNSPECIFIED.);
#141=B_SPLINE_CURVE_WITH_KNOTS('',3,(#6699,#6700,#6701,#6702),
 .UNSPECIFIED.,.F.,.F.,(4,4),(-1.,0.),.UNSPECIFIED.);
#142=B_SPLINE_CURVE_WITH_KNOTS('',3,(#6704,#6705,#6706,#6707),
 .UNSPECIFIED.,.F.,.F.,(4,4),(-1.,0.),.UNSPECIFIED.);
#143=B_SPLINE_CURVE_WITH_KNOTS('',3,(#6724,#6725,#6726,#6727),
 .UNSPECIFIED.,.F.,.F.,(4,4),(-1.,0.),.UNSPECIFIED.);
#144=B_SPLINE_CURVE_WITH_KNOTS('',3,(#6729,#6730,#6731,#6732),
 .UNSPECIFIED.,.F.,.F.,(4,4),(-1.,0.),.UNSPECIFIED.);
#145=B_SPLINE_CURVE_WITH_KNOTS('',3,(#6743,#6744,#6745,#6746),
 .UNSPECIFIED.,.F.,.F.,(4,4),(-1.,0.),.UNSPECIFIED.);
#146=B_SPLINE_CURVE_WITH_KNOTS('',3,(#6748,#6749,#6750,#6751),
 .UNSPECIFIED.,.F.,.F.,(4,4),(-1.,0.),.UNSPECIFIED.);
#147=B_SPLINE_CURVE_WITH_KNOTS('',3,(#6768,#6769,#6770,#6771),
 .UNSPECIFIED.,.F.,.F.,(4,4),(-1.,0.),.UNSPECIFIED.);
#148=B_SPLINE_CURVE_WITH_KNOTS('',3,(#6773,#6774,#6775,#6776),
 .UNSPECIFIED.,.F.,.F.,(4,4),(-1.,0.),.UNSPECIFIED.);
#149=B_SPLINE_CURVE_WITH_KNOTS('',3,(#6787,#6788,#6789,#6790),
 .UNSPECIFIED.,.F.,.F.,(4,4),(-1.,0.),.UNSPECIFIED.);
#150=B_SPLINE_CURVE_WITH_KNOTS('',3,(#6792,#6793,#6794,#6795),
 .UNSPECIFIED.,.F.,.F.,(4,4),(-1.,0.),.UNSPECIFIED.);
#151=B_SPLINE_CURVE_WITH_KNOTS('',3,(#6812,#6813,#6814,#6815),
 .UNSPECIFIED.,.F.,.F.,(4,4),(-1.,0.),.UNSPECIFIED.);
#152=B_SPLINE_CURVE_WITH_KNOTS('',3,(#6817,#6818,#6819,#6820),
 .UNSPECIFIED.,.F.,.F.,(4,4),(-1.,0.),.UNSPECIFIED.);
#153=B_SPLINE_CURVE_WITH_KNOTS('',3,(#6830,#6831,#6832,#6833),
 .UNSPECIFIED.,.F.,.F.,(4,4),(-1.,0.),.UNSPECIFIED.);
#154=B_SPLINE_CURVE_WITH_KNOTS('',3,(#6834,#6835,#6836,#6837),
 .UNSPECIFIED.,.F.,.F.,(4,4),(-1.,0.),.UNSPECIFIED.);
#155=B_SPLINE_CURVE_WITH_KNOTS('',3,(#6856,#6857,#6858,#6859),
 .UNSPECIFIED.,.F.,.F.,(4,4),(-1.,0.),.UNSPECIFIED.);
#156=B_SPLINE_CURVE_WITH_KNOTS('',3,(#6861,#6862,#6863,#6864),
 .UNSPECIFIED.,.F.,.F.,(4,4),(-1.,0.),.UNSPECIFIED.);
#157=B_SPLINE_CURVE_WITH_KNOTS('',3,(#6875,#6876,#6877,#6878),
 .UNSPECIFIED.,.F.,.F.,(4,4),(-1.,0.),.UNSPECIFIED.);
#158=B_SPLINE_CURVE_WITH_KNOTS('',3,(#6880,#6881,#6882,#6883),
 .UNSPECIFIED.,.F.,.F.,(4,4),(-1.,0.),.UNSPECIFIED.);
#159=B_SPLINE_CURVE_WITH_KNOTS('',3,(#6900,#6901,#6902,#6903),
 .UNSPECIFIED.,.F.,.F.,(4,4),(-1.,0.),.UNSPECIFIED.);
#160=B_SPLINE_CURVE_WITH_KNOTS('',3,(#6905,#6906,#6907,#6908),
 .UNSPECIFIED.,.F.,.F.,(4,4),(-1.,0.),.UNSPECIFIED.);
#161=B_SPLINE_CURVE_WITH_KNOTS('',3,(#6919,#6920,#6921,#6922),
 .UNSPECIFIED.,.F.,.F.,(4,4),(-1.,0.),.UNSPECIFIED.);
#162=B_SPLINE_CURVE_WITH_KNOTS('',3,(#6924,#6925,#6926,#6927),
 .UNSPECIFIED.,.F.,.F.,(4,4),(-1.,0.),.UNSPECIFIED.);
#163=B_SPLINE_CURVE_WITH_KNOTS('',3,(#6944,#6945,#6946,#6947),
 .UNSPECIFIED.,.F.,.F.,(4,4),(-1.,0.),.UNSPECIFIED.);
#164=B_SPLINE_CURVE_WITH_KNOTS('',3,(#6949,#6950,#6951,#6952),
 .UNSPECIFIED.,.F.,.F.,(4,4),(-1.,0.),.UNSPECIFIED.);
#165=B_SPLINE_CURVE_WITH_KNOTS('',3,(#6963,#6964,#6965,#6966),
 .UNSPECIFIED.,.F.,.F.,(4,4),(-1.,0.),.UNSPECIFIED.);
#166=B_SPLINE_CURVE_WITH_KNOTS('',3,(#6968,#6969,#6970,#6971),
 .UNSPECIFIED.,.F.,.F.,(4,4),(-1.,0.),.UNSPECIFIED.);
#167=B_SPLINE_CURVE_WITH_KNOTS('',3,(#6988,#6989,#6990,#6991),
 .UNSPECIFIED.,.F.,.F.,(4,4),(-1.,0.),.UNSPECIFIED.);
#168=B_SPLINE_CURVE_WITH_KNOTS('',3,(#6993,#6994,#6995,#6996),
 .UNSPECIFIED.,.F.,.F.,(4,4),(-1.,0.),.UNSPECIFIED.);
#169=B_SPLINE_CURVE_WITH_KNOTS('',3,(#7006,#7007,#7008,#7009),
 .UNSPECIFIED.,.F.,.F.,(4,4),(-1.,0.),.UNSPECIFIED.);
#170=B_SPLINE_CURVE_WITH_KNOTS('',3,(#7010,#7011,#7012,#7013),
 .UNSPECIFIED.,.F.,.F.,(4,4),(-1.,0.),.UNSPECIFIED.);
#171=B_SPLINE_CURVE_WITH_KNOTS('',3,(#7032,#7033,#7034,#7035),
 .UNSPECIFIED.,.F.,.F.,(4,4),(-1.,0.),.UNSPECIFIED.);
#172=B_SPLINE_CURVE_WITH_KNOTS('',3,(#7037,#7038,#7039,#7040),
 .UNSPECIFIED.,.F.,.F.,(4,4),(-1.,0.),.UNSPECIFIED.);
#173=B_SPLINE_CURVE_WITH_KNOTS('',3,(#7051,#7052,#7053,#7054),
 .UNSPECIFIED.,.F.,.F.,(4,4),(-1.,0.),.UNSPECIFIED.);
#174=B_SPLINE_CURVE_WITH_KNOTS('',3,(#7056,#7057,#7058,#7059),
 .UNSPECIFIED.,.F.,.F.,(4,4),(-1.,0.),.UNSPECIFIED.);
#175=B_SPLINE_CURVE_WITH_KNOTS('',3,(#7076,#7077,#7078,#7079),
 .UNSPECIFIED.,.F.,.F.,(4,4),(-1.,0.),.UNSPECIFIED.);
#176=B_SPLINE_CURVE_WITH_KNOTS('',3,(#7081,#7082,#7083,#7084),
 .UNSPECIFIED.,.F.,.F.,(4,4),(-1.,0.),.UNSPECIFIED.);
#177=B_SPLINE_CURVE_WITH_KNOTS('',3,(#7095,#7096,#7097,#7098),
 .UNSPECIFIED.,.F.,.F.,(4,4),(-1.,0.),.UNSPECIFIED.);
#178=B_SPLINE_CURVE_WITH_KNOTS('',3,(#7100,#7101,#7102,#7103),
 .UNSPECIFIED.,.F.,.F.,(4,4),(-1.,0.),.UNSPECIFIED.);
#179=B_SPLINE_CURVE_WITH_KNOTS('',3,(#7120,#7121,#7122,#7123),
 .UNSPECIFIED.,.F.,.F.,(4,4),(-1.,0.),.UNSPECIFIED.);
#180=B_SPLINE_CURVE_WITH_KNOTS('',3,(#7125,#7126,#7127,#7128),
 .UNSPECIFIED.,.F.,.F.,(4,4),(-1.,0.),.UNSPECIFIED.);
#181=B_SPLINE_CURVE_WITH_KNOTS('',3,(#7139,#7140,#7141,#7142),
 .UNSPECIFIED.,.F.,.F.,(4,4),(-1.,0.),.UNSPECIFIED.);
#182=B_SPLINE_CURVE_WITH_KNOTS('',3,(#7144,#7145,#7146,#7147),
 .UNSPECIFIED.,.F.,.F.,(4,4),(-1.,0.),.UNSPECIFIED.);
#183=B_SPLINE_CURVE_WITH_KNOTS('',3,(#7164,#7165,#7166,#7167),
 .UNSPECIFIED.,.F.,.F.,(4,4),(-1.,0.),.UNSPECIFIED.);
#184=B_SPLINE_CURVE_WITH_KNOTS('',3,(#7169,#7170,#7171,#7172),
 .UNSPECIFIED.,.F.,.F.,(4,4),(-1.,0.),.UNSPECIFIED.);
#185=B_SPLINE_CURVE_WITH_KNOTS('',3,(#7182,#7183,#7184,#7185),
 .UNSPECIFIED.,.F.,.F.,(4,4),(-1.,0.),.UNSPECIFIED.);
#186=B_SPLINE_CURVE_WITH_KNOTS('',3,(#7186,#7187,#7188,#7189),
 .UNSPECIFIED.,.F.,.F.,(4,4),(-1.,0.),.UNSPECIFIED.);
#187=B_SPLINE_CURVE_WITH_KNOTS('',3,(#7208,#7209,#7210,#7211),
 .UNSPECIFIED.,.F.,.F.,(4,4),(-1.,0.),.UNSPECIFIED.);
#188=B_SPLINE_CURVE_WITH_KNOTS('',3,(#7213,#7214,#7215,#7216),
 .UNSPECIFIED.,.F.,.F.,(4,4),(-1.,0.),.UNSPECIFIED.);
#189=B_SPLINE_CURVE_WITH_KNOTS('',3,(#7227,#7228,#7229,#7230),
 .UNSPECIFIED.,.F.,.F.,(4,4),(-1.,0.),.UNSPECIFIED.);
#190=B_SPLINE_CURVE_WITH_KNOTS('',3,(#7232,#7233,#7234,#7235),
 .UNSPECIFIED.,.F.,.F.,(4,4),(-1.,0.),.UNSPECIFIED.);
#191=B_SPLINE_CURVE_WITH_KNOTS('',3,(#7252,#7253,#7254,#7255),
 .UNSPECIFIED.,.F.,.F.,(4,4),(-1.,0.),.UNSPECIFIED.);
#192=B_SPLINE_CURVE_WITH_KNOTS('',3,(#7257,#7258,#7259,#7260),
 .UNSPECIFIED.,.F.,.F.,(4,4),(-1.,0.),.UNSPECIFIED.);
#193=B_SPLINE_CURVE_WITH_KNOTS('',3,(#7271,#7272,#7273,#7274),
 .UNSPECIFIED.,.F.,.F.,(4,4),(-1.,0.),.UNSPECIFIED.);
#194=B_SPLINE_CURVE_WITH_KNOTS('',3,(#7276,#7277,#7278,#7279),
 .UNSPECIFIED.,.F.,.F.,(4,4),(-1.,0.),.UNSPECIFIED.);
#195=B_SPLINE_CURVE_WITH_KNOTS('',3,(#7296,#7297,#7298,#7299),
 .UNSPECIFIED.,.F.,.F.,(4,4),(-1.,0.),.UNSPECIFIED.);
#196=B_SPLINE_CURVE_WITH_KNOTS('',3,(#7301,#7302,#7303,#7304),
 .UNSPECIFIED.,.F.,.F.,(4,4),(-1.,0.),.UNSPECIFIED.);
#197=B_SPLINE_CURVE_WITH_KNOTS('',3,(#7315,#7316,#7317,#7318),
 .UNSPECIFIED.,.F.,.F.,(4,4),(-1.,0.),.UNSPECIFIED.);
#198=B_SPLINE_CURVE_WITH_KNOTS('',3,(#7320,#7321,#7322,#7323),
 .UNSPECIFIED.,.F.,.F.,(4,4),(-1.,0.),.UNSPECIFIED.);
#199=B_SPLINE_CURVE_WITH_KNOTS('',3,(#7340,#7341,#7342,#7343),
 .UNSPECIFIED.,.F.,.F.,(4,4),(-1.,0.),.UNSPECIFIED.);
#200=B_SPLINE_CURVE_WITH_KNOTS('',3,(#7345,#7346,#7347,#7348),
 .UNSPECIFIED.,.F.,.F.,(4,4),(-1.,0.),.UNSPECIFIED.);
#201=B_SPLINE_CURVE_WITH_KNOTS('',3,(#7358,#7359,#7360,#7361),
 .UNSPECIFIED.,.F.,.F.,(4,4),(-1.,0.),.UNSPECIFIED.);
#202=B_SPLINE_CURVE_WITH_KNOTS('',3,(#7362,#7363,#7364,#7365),
 .UNSPECIFIED.,.F.,.F.,(4,4),(-1.,0.),.UNSPECIFIED.);
#203=B_SPLINE_CURVE_WITH_KNOTS('',3,(#7390,#7391,#7392,#7393),
 .UNSPECIFIED.,.F.,.F.,(4,4),(-1.,0.),.UNSPECIFIED.);
#204=B_SPLINE_CURVE_WITH_KNOTS('',3,(#7395,#7396,#7397,#7398),
 .UNSPECIFIED.,.F.,.F.,(4,4),(-1.,0.),.UNSPECIFIED.);
#205=B_SPLINE_CURVE_WITH_KNOTS('',3,(#7409,#7410,#7411,#7412),
 .UNSPECIFIED.,.F.,.F.,(4,4),(-1.,0.),.UNSPECIFIED.);
#206=B_SPLINE_CURVE_WITH_KNOTS('',3,(#7414,#7415,#7416,#7417),
 .UNSPECIFIED.,.F.,.F.,(4,4),(-1.,0.),.UNSPECIFIED.);
#207=B_SPLINE_CURVE_WITH_KNOTS('',3,(#7434,#7435,#7436,#7437),
 .UNSPECIFIED.,.F.,.F.,(4,4),(-1.,0.),.UNSPECIFIED.);
#208=B_SPLINE_CURVE_WITH_KNOTS('',3,(#7439,#7440,#7441,#7442),
 .UNSPECIFIED.,.F.,.F.,(4,4),(-1.,0.),.UNSPECIFIED.);
#209=B_SPLINE_CURVE_WITH_KNOTS('',3,(#7453,#7454,#7455,#7456),
 .UNSPECIFIED.,.F.,.F.,(4,4),(-1.,0.),.UNSPECIFIED.);
#210=B_SPLINE_CURVE_WITH_KNOTS('',3,(#7458,#7459,#7460,#7461),
 .UNSPECIFIED.,.F.,.F.,(4,4),(-1.,0.),.UNSPECIFIED.);
#211=B_SPLINE_CURVE_WITH_KNOTS('',3,(#7478,#7479,#7480,#7481),
 .UNSPECIFIED.,.F.,.F.,(4,4),(-1.,0.),.UNSPECIFIED.);
#212=B_SPLINE_CURVE_WITH_KNOTS('',3,(#7483,#7484,#7485,#7486),
 .UNSPECIFIED.,.F.,.F.,(4,4),(-1.,0.),.UNSPECIFIED.);
#213=B_SPLINE_CURVE_WITH_KNOTS('',3,(#7497,#7498,#7499,#7500),
 .UNSPECIFIED.,.F.,.F.,(4,4),(-1.,0.),.UNSPECIFIED.);
#214=B_SPLINE_CURVE_WITH_KNOTS('',3,(#7502,#7503,#7504,#7505),
 .UNSPECIFIED.,.F.,.F.,(4,4),(-1.,0.),.UNSPECIFIED.);
#215=B_SPLINE_CURVE_WITH_KNOTS('',3,(#7522,#7523,#7524,#7525),
 .UNSPECIFIED.,.F.,.F.,(4,4),(-1.,0.),.UNSPECIFIED.);
#216=B_SPLINE_CURVE_WITH_KNOTS('',3,(#7527,#7528,#7529,#7530),
 .UNSPECIFIED.,.F.,.F.,(4,4),(-1.,0.),.UNSPECIFIED.);
#217=B_SPLINE_CURVE_WITH_KNOTS('',3,(#7540,#7541,#7542,#7543),
 .UNSPECIFIED.,.F.,.F.,(4,4),(-1.,0.),.UNSPECIFIED.);
#218=B_SPLINE_CURVE_WITH_KNOTS('',3,(#7544,#7545,#7546,#7547),
 .UNSPECIFIED.,.F.,.F.,(4,4),(-1.,0.),.UNSPECIFIED.);
#219=B_SPLINE_CURVE_WITH_KNOTS('',3,(#7566,#7567,#7568,#7569),
 .UNSPECIFIED.,.F.,.F.,(4,4),(-1.,0.),.UNSPECIFIED.);
#220=B_SPLINE_CURVE_WITH_KNOTS('',3,(#7571,#7572,#7573,#7574),
 .UNSPECIFIED.,.F.,.F.,(4,4),(-1.,0.),.UNSPECIFIED.);
#221=B_SPLINE_CURVE_WITH_KNOTS('',3,(#7585,#7586,#7587,#7588),
 .UNSPECIFIED.,.F.,.F.,(4,4),(-1.,0.),.UNSPECIFIED.);
#222=B_SPLINE_CURVE_WITH_KNOTS('',3,(#7590,#7591,#7592,#7593),
 .UNSPECIFIED.,.F.,.F.,(4,4),(-1.,0.),.UNSPECIFIED.);
#223=B_SPLINE_CURVE_WITH_KNOTS('',3,(#7610,#7611,#7612,#7613),
 .UNSPECIFIED.,.F.,.F.,(4,4),(-1.,0.),.UNSPECIFIED.);
#224=B_SPLINE_CURVE_WITH_KNOTS('',3,(#7615,#7616,#7617,#7618),
 .UNSPECIFIED.,.F.,.F.,(4,4),(-1.,0.),.UNSPECIFIED.);
#225=B_SPLINE_CURVE_WITH_KNOTS('',3,(#7629,#7630,#7631,#7632),
 .UNSPECIFIED.,.F.,.F.,(4,4),(-1.,0.),.UNSPECIFIED.);
#226=B_SPLINE_CURVE_WITH_KNOTS('',3,(#7634,#7635,#7636,#7637),
 .UNSPECIFIED.,.F.,.F.,(4,4),(-1.,0.),.UNSPECIFIED.);
#227=B_SPLINE_CURVE_WITH_KNOTS('',3,(#7654,#7655,#7656,#7657),
 .UNSPECIFIED.,.F.,.F.,(4,4),(-1.,0.),.UNSPECIFIED.);
#228=B_SPLINE_CURVE_WITH_KNOTS('',3,(#7659,#7660,#7661,#7662),
 .UNSPECIFIED.,.F.,.F.,(4,4),(-1.,0.),.UNSPECIFIED.);
#229=B_SPLINE_CURVE_WITH_KNOTS('',3,(#7673,#7674,#7675,#7676),
 .UNSPECIFIED.,.F.,.F.,(4,4),(-1.,0.),.UNSPECIFIED.);
#230=B_SPLINE_CURVE_WITH_KNOTS('',3,(#7678,#7679,#7680,#7681),
 .UNSPECIFIED.,.F.,.F.,(4,4),(-1.,0.),.UNSPECIFIED.);
#231=B_SPLINE_CURVE_WITH_KNOTS('',3,(#7698,#7699,#7700,#7701),
 .UNSPECIFIED.,.F.,.F.,(4,4),(-1.,0.),.UNSPECIFIED.);
#232=B_SPLINE_CURVE_WITH_KNOTS('',3,(#7703,#7704,#7705,#7706),
 .UNSPECIFIED.,.F.,.F.,(4,4),(-1.,0.),.UNSPECIFIED.);
#233=B_SPLINE_CURVE_WITH_KNOTS('',3,(#7716,#7717,#7718,#7719),
 .UNSPECIFIED.,.F.,.F.,(4,4),(-1.,0.),.UNSPECIFIED.);
#234=B_SPLINE_CURVE_WITH_KNOTS('',3,(#7720,#7721,#7722,#7723),
 .UNSPECIFIED.,.F.,.F.,(4,4),(-1.,0.),.UNSPECIFIED.);
#235=B_SPLINE_CURVE_WITH_KNOTS('',3,(#7742,#7743,#7744,#7745),
 .UNSPECIFIED.,.F.,.F.,(4,4),(-1.,0.),.UNSPECIFIED.);
#236=B_SPLINE_CURVE_WITH_KNOTS('',3,(#7747,#7748,#7749,#7750),
 .UNSPECIFIED.,.F.,.F.,(4,4),(-1.,0.),.UNSPECIFIED.);
#237=B_SPLINE_CURVE_WITH_KNOTS('',3,(#7761,#7762,#7763,#7764),
 .UNSPECIFIED.,.F.,.F.,(4,4),(-1.,0.),.UNSPECIFIED.);
#238=B_SPLINE_CURVE_WITH_KNOTS('',3,(#7766,#7767,#7768,#7769),
 .UNSPECIFIED.,.F.,.F.,(4,4),(-1.,0.),.UNSPECIFIED.);
#239=B_SPLINE_CURVE_WITH_KNOTS('',3,(#7786,#7787,#7788,#7789),
 .UNSPECIFIED.,.F.,.F.,(4,4),(-1.,0.),.UNSPECIFIED.);
#240=B_SPLINE_CURVE_WITH_KNOTS('',3,(#7791,#7792,#7793,#7794),
 .UNSPECIFIED.,.F.,.F.,(4,4),(-1.,0.),.UNSPECIFIED.);
#241=B_SPLINE_CURVE_WITH_KNOTS('',3,(#7805,#7806,#7807,#7808),
 .UNSPECIFIED.,.F.,.F.,(4,4),(-1.,0.),.UNSPECIFIED.);
#242=B_SPLINE_CURVE_WITH_KNOTS('',3,(#7810,#7811,#7812,#7813),
 .UNSPECIFIED.,.F.,.F.,(4,4),(-1.,0.),.UNSPECIFIED.);
#243=B_SPLINE_CURVE_WITH_KNOTS('',3,(#7830,#7831,#7832,#7833),
 .UNSPECIFIED.,.F.,.F.,(4,4),(-1.,0.),.UNSPECIFIED.);
#244=B_SPLINE_CURVE_WITH_KNOTS('',3,(#7835,#7836,#7837,#7838),
 .UNSPECIFIED.,.F.,.F.,(4,4),(-1.,0.),.UNSPECIFIED.);
#245=B_SPLINE_CURVE_WITH_KNOTS('',3,(#7849,#7850,#7851,#7852),
 .UNSPECIFIED.,.F.,.F.,(4,4),(-1.,0.),.UNSPECIFIED.);
#246=B_SPLINE_CURVE_WITH_KNOTS('',3,(#7854,#7855,#7856,#7857),
 .UNSPECIFIED.,.F.,.F.,(4,4),(-1.,0.),.UNSPECIFIED.);
#247=B_SPLINE_CURVE_WITH_KNOTS('',3,(#7874,#7875,#7876,#7877),
 .UNSPECIFIED.,.F.,.F.,(4,4),(-1.,0.),.UNSPECIFIED.);
#248=B_SPLINE_CURVE_WITH_KNOTS('',3,(#7879,#7880,#7881,#7882),
 .UNSPECIFIED.,.F.,.F.,(4,4),(-1.,0.),.UNSPECIFIED.);
#249=B_SPLINE_CURVE_WITH_KNOTS('',3,(#7892,#7893,#7894,#7895),
 .UNSPECIFIED.,.F.,.F.,(4,4),(-1.,0.),.UNSPECIFIED.);
#250=B_SPLINE_CURVE_WITH_KNOTS('',3,(#7896,#7897,#7898,#7899),
 .UNSPECIFIED.,.F.,.F.,(4,4),(-1.,0.),.UNSPECIFIED.);
#251=B_SPLINE_CURVE_WITH_KNOTS('',3,(#7924,#7925,#7926,#7927),
 .UNSPECIFIED.,.F.,.F.,(4,4),(-1.,0.),.UNSPECIFIED.);
#252=B_SPLINE_CURVE_WITH_KNOTS('',3,(#7929,#7930,#7931,#7932),
 .UNSPECIFIED.,.F.,.F.,(4,4),(-1.,0.),.UNSPECIFIED.);
#253=B_SPLINE_CURVE_WITH_KNOTS('',3,(#7949,#7950,#7951,#7952),
 .UNSPECIFIED.,.F.,.F.,(4,4),(-1.,0.),.UNSPECIFIED.);
#254=B_SPLINE_CURVE_WITH_KNOTS('',3,(#7954,#7955,#7956,#7957),
 .UNSPECIFIED.,.F.,.F.,(4,4),(-1.,0.),.UNSPECIFIED.);
#255=B_SPLINE_CURVE_WITH_KNOTS('',3,(#7974,#7975,#7976,#7977),
 .UNSPECIFIED.,.F.,.F.,(4,4),(-1.,0.),.UNSPECIFIED.);
#256=B_SPLINE_CURVE_WITH_KNOTS('',3,(#7979,#7980,#7981,#7982),
 .UNSPECIFIED.,.F.,.F.,(4,4),(-1.,0.),.UNSPECIFIED.);
#257=B_SPLINE_CURVE_WITH_KNOTS('',3,(#7998,#7999,#8000,#8001),
 .UNSPECIFIED.,.F.,.F.,(4,4),(-1.,0.),.UNSPECIFIED.);
#258=B_SPLINE_CURVE_WITH_KNOTS('',3,(#8002,#8003,#8004,#8005),
 .UNSPECIFIED.,.F.,.F.,(4,4),(-1.,0.),.UNSPECIFIED.);
#259=B_SPLINE_CURVE_WITH_KNOTS('',3,(#8024,#8025,#8026,#8027),
 .UNSPECIFIED.,.F.,.F.,(4,4),(-1.,0.),.UNSPECIFIED.);
#260=B_SPLINE_CURVE_WITH_KNOTS('',3,(#8029,#8030,#8031,#8032),
 .UNSPECIFIED.,.F.,.F.,(4,4),(-1.,0.),.UNSPECIFIED.);
#261=B_SPLINE_CURVE_WITH_KNOTS('',3,(#8043,#8044,#8045,#8046),
 .UNSPECIFIED.,.F.,.F.,(4,4),(-1.,0.),.UNSPECIFIED.);
#262=B_SPLINE_CURVE_WITH_KNOTS('',3,(#8048,#8049,#8050,#8051),
 .UNSPECIFIED.,.F.,.F.,(4,4),(-1.,0.),.UNSPECIFIED.);
#263=B_SPLINE_CURVE_WITH_KNOTS('',3,(#8068,#8069,#8070,#8071),
 .UNSPECIFIED.,.F.,.F.,(4,4),(-1.,0.),.UNSPECIFIED.);
#264=B_SPLINE_CURVE_WITH_KNOTS('',3,(#8073,#8074,#8075,#8076),
 .UNSPECIFIED.,.F.,.F.,(4,4),(-1.,0.),.UNSPECIFIED.);
#265=B_SPLINE_CURVE_WITH_KNOTS('',3,(#8087,#8088,#8089,#8090),
 .UNSPECIFIED.,.F.,.F.,(4,4),(-1.,0.),.UNSPECIFIED.);
#266=B_SPLINE_CURVE_WITH_KNOTS('',3,(#8092,#8093,#8094,#8095),
 .UNSPECIFIED.,.F.,.F.,(4,4),(-1.,0.),.UNSPECIFIED.);
#267=B_SPLINE_CURVE_WITH_KNOTS('',3,(#8112,#8113,#8114,#8115),
 .UNSPECIFIED.,.F.,.F.,(4,4),(-1.,0.),.UNSPECIFIED.);
#268=B_SPLINE_CURVE_WITH_KNOTS('',3,(#8117,#8118,#8119,#8120),
 .UNSPECIFIED.,.F.,.F.,(4,4),(-1.,0.),.UNSPECIFIED.);
#269=B_SPLINE_CURVE_WITH_KNOTS('',3,(#8131,#8132,#8133,#8134),
 .UNSPECIFIED.,.F.,.F.,(4,4),(-1.,0.),.UNSPECIFIED.);
#270=B_SPLINE_CURVE_WITH_KNOTS('',3,(#8136,#8137,#8138,#8139),
 .UNSPECIFIED.,.F.,.F.,(4,4),(-1.,0.),.UNSPECIFIED.);
#271=B_SPLINE_CURVE_WITH_KNOTS('',3,(#8156,#8157,#8158,#8159),
 .UNSPECIFIED.,.F.,.F.,(4,4),(-1.,0.),.UNSPECIFIED.);
#272=B_SPLINE_CURVE_WITH_KNOTS('',3,(#8161,#8162,#8163,#8164),
 .UNSPECIFIED.,.F.,.F.,(4,4),(-1.,0.),.UNSPECIFIED.);
#273=B_SPLINE_CURVE_WITH_KNOTS('',3,(#8174,#8175,#8176,#8177),
 .UNSPECIFIED.,.F.,.F.,(4,4),(-1.,0.),.UNSPECIFIED.);
#274=B_SPLINE_CURVE_WITH_KNOTS('',3,(#8178,#8179,#8180,#8181),
 .UNSPECIFIED.,.F.,.F.,(4,4),(-1.,0.),.UNSPECIFIED.);
#275=B_SPLINE_CURVE_WITH_KNOTS('',3,(#8200,#8201,#8202,#8203),
 .UNSPECIFIED.,.F.,.F.,(4,4),(-1.,0.),.UNSPECIFIED.);
#276=B_SPLINE_CURVE_WITH_KNOTS('',3,(#8205,#8206,#8207,#8208),
 .UNSPECIFIED.,.F.,.F.,(4,4),(-1.,0.),.UNSPECIFIED.);
#277=B_SPLINE_CURVE_WITH_KNOTS('',3,(#8219,#8220,#8221,#8222),
 .UNSPECIFIED.,.F.,.F.,(4,4),(-1.,0.),.UNSPECIFIED.);
#278=B_SPLINE_CURVE_WITH_KNOTS('',3,(#8224,#8225,#8226,#8227),
 .UNSPECIFIED.,.F.,.F.,(4,4),(-1.,0.),.UNSPECIFIED.);
#279=B_SPLINE_CURVE_WITH_KNOTS('',3,(#8244,#8245,#8246,#8247),
 .UNSPECIFIED.,.F.,.F.,(4,4),(-1.,0.),.UNSPECIFIED.);
#280=B_SPLINE_CURVE_WITH_KNOTS('',3,(#8249,#8250,#8251,#8252),
 .UNSPECIFIED.,.F.,.F.,(4,4),(-1.,0.),.UNSPECIFIED.);
#281=B_SPLINE_CURVE_WITH_KNOTS('',3,(#8263,#8264,#8265,#8266),
 .UNSPECIFIED.,.F.,.F.,(4,4),(-1.,0.),.UNSPECIFIED.);
#282=B_SPLINE_CURVE_WITH_KNOTS('',3,(#8268,#8269,#8270,#8271),
 .UNSPECIFIED.,.F.,.F.,(4,4),(-1.,0.),.UNSPECIFIED.);
#283=B_SPLINE_CURVE_WITH_KNOTS('',3,(#8288,#8289,#8290,#8291),
 .UNSPECIFIED.,.F.,.F.,(4,4),(-1.,0.),.UNSPECIFIED.);
#284=B_SPLINE_CURVE_WITH_KNOTS('',3,(#8293,#8294,#8295,#8296),
 .UNSPECIFIED.,.F.,.F.,(4,4),(-1.,0.),.UNSPECIFIED.);
#285=B_SPLINE_CURVE_WITH_KNOTS('',3,(#8307,#8308,#8309,#8310),
 .UNSPECIFIED.,.F.,.F.,(4,4),(-1.,0.),.UNSPECIFIED.);
#286=B_SPLINE_CURVE_WITH_KNOTS('',3,(#8312,#8313,#8314,#8315),
 .UNSPECIFIED.,.F.,.F.,(4,4),(-1.,0.),.UNSPECIFIED.);
#287=B_SPLINE_CURVE_WITH_KNOTS('',3,(#8332,#8333,#8334,#8335),
 .UNSPECIFIED.,.F.,.F.,(4,4),(-1.,0.),.UNSPECIFIED.);
#288=B_SPLINE_CURVE_WITH_KNOTS('',3,(#8337,#8338,#8339,#8340),
 .UNSPECIFIED.,.F.,.F.,(4,4),(-1.,0.),.UNSPECIFIED.);
#289=B_SPLINE_CURVE_WITH_KNOTS('',3,(#8350,#8351,#8352,#8353),
 .UNSPECIFIED.,.F.,.F.,(4,4),(-1.,0.),.UNSPECIFIED.);
#290=B_SPLINE_CURVE_WITH_KNOTS('',3,(#8354,#8355,#8356,#8357),
 .UNSPECIFIED.,.F.,.F.,(4,4),(-1.,0.),.UNSPECIFIED.);
#291=B_SPLINE_CURVE_WITH_KNOTS('',3,(#8382,#8383,#8384,#8385),
 .UNSPECIFIED.,.F.,.F.,(4,4),(-1.,0.),.UNSPECIFIED.);
#292=B_SPLINE_CURVE_WITH_KNOTS('',3,(#8387,#8388,#8389,#8390),
 .UNSPECIFIED.,.F.,.F.,(4,4),(-1.,0.),.UNSPECIFIED.);
#293=B_SPLINE_CURVE_WITH_KNOTS('',3,(#8401,#8402,#8403,#8404),
 .UNSPECIFIED.,.F.,.F.,(4,4),(-1.,0.),.UNSPECIFIED.);
#294=B_SPLINE_CURVE_WITH_KNOTS('',3,(#8406,#8407,#8408,#8409),
 .UNSPECIFIED.,.F.,.F.,(4,4),(-1.,0.),.UNSPECIFIED.);
#295=B_SPLINE_CURVE_WITH_KNOTS('',3,(#8426,#8427,#8428,#8429),
 .UNSPECIFIED.,.F.,.F.,(4,4),(-1.,0.),.UNSPECIFIED.);
#296=B_SPLINE_CURVE_WITH_KNOTS('',3,(#8431,#8432,#8433,#8434),
 .UNSPECIFIED.,.F.,.F.,(4,4),(-1.,0.),.UNSPECIFIED.);
#297=B_SPLINE_CURVE_WITH_KNOTS('',3,(#8445,#8446,#8447,#8448),
 .UNSPECIFIED.,.F.,.F.,(4,4),(-1.,0.),.UNSPECIFIED.);
#298=B_SPLINE_CURVE_WITH_KNOTS('',3,(#8450,#8451,#8452,#8453),
 .UNSPECIFIED.,.F.,.F.,(4,4),(-1.,0.),.UNSPECIFIED.);
#299=B_SPLINE_CURVE_WITH_KNOTS('',3,(#8470,#8471,#8472,#8473),
 .UNSPECIFIED.,.F.,.F.,(4,4),(-1.,0.),.UNSPECIFIED.);
#300=B_SPLINE_CURVE_WITH_KNOTS('',3,(#8475,#8476,#8477,#8478),
 .UNSPECIFIED.,.F.,.F.,(4,4),(-1.,0.),.UNSPECIFIED.);
#301=B_SPLINE_CURVE_WITH_KNOTS('',3,(#8489,#8490,#8491,#8492),
 .UNSPECIFIED.,.F.,.F.,(4,4),(-1.,0.),.UNSPECIFIED.);
#302=B_SPLINE_CURVE_WITH_KNOTS('',3,(#8494,#8495,#8496,#8497),
 .UNSPECIFIED.,.F.,.F.,(4,4),(-1.,0.),.UNSPECIFIED.);
#303=B_SPLINE_CURVE_WITH_KNOTS('',3,(#8514,#8515,#8516,#8517),
 .UNSPECIFIED.,.F.,.F.,(4,4),(-1.,0.),.UNSPECIFIED.);
#304=B_SPLINE_CURVE_WITH_KNOTS('',3,(#8519,#8520,#8521,#8522),
 .UNSPECIFIED.,.F.,.F.,(4,4),(-1.,0.),.UNSPECIFIED.);
#305=B_SPLINE_CURVE_WITH_KNOTS('',3,(#8532,#8533,#8534,#8535),
 .UNSPECIFIED.,.F.,.F.,(4,4),(-1.,0.),.UNSPECIFIED.);
#306=B_SPLINE_CURVE_WITH_KNOTS('',3,(#8536,#8537,#8538,#8539),
 .UNSPECIFIED.,.F.,.F.,(4,4),(-1.,0.),.UNSPECIFIED.);
#307=B_SPLINE_CURVE_WITH_KNOTS('',3,(#8588,#8589,#8590,#8591),
 .UNSPECIFIED.,.F.,.F.,(4,4),(-1.,0.),.UNSPECIFIED.);
#308=B_SPLINE_CURVE_WITH_KNOTS('',3,(#8593,#8594,#8595,#8596),
 .UNSPECIFIED.,.F.,.F.,(4,4),(-1.,0.),.UNSPECIFIED.);
#309=B_SPLINE_CURVE_WITH_KNOTS('',3,(#8607,#8608,#8609,#8610),
 .UNSPECIFIED.,.F.,.F.,(4,4),(-1.,0.),.UNSPECIFIED.);
#310=B_SPLINE_CURVE_WITH_KNOTS('',3,(#8612,#8613,#8614,#8615),
 .UNSPECIFIED.,.F.,.F.,(4,4),(-1.,0.),.UNSPECIFIED.);
#311=B_SPLINE_CURVE_WITH_KNOTS('',3,(#8632,#8633,#8634,#8635),
 .UNSPECIFIED.,.F.,.F.,(4,4),(-1.,0.),.UNSPECIFIED.);
#312=B_SPLINE_CURVE_WITH_KNOTS('',3,(#8637,#8638,#8639,#8640),
 .UNSPECIFIED.,.F.,.F.,(4,4),(-1.,0.),.UNSPECIFIED.);
#313=B_SPLINE_CURVE_WITH_KNOTS('',3,(#8651,#8652,#8653,#8654),
 .UNSPECIFIED.,.F.,.F.,(4,4),(-1.,0.),.UNSPECIFIED.);
#314=B_SPLINE_CURVE_WITH_KNOTS('',3,(#8656,#8657,#8658,#8659),
 .UNSPECIFIED.,.F.,.F.,(4,4),(-1.,0.),.UNSPECIFIED.);
#315=B_SPLINE_CURVE_WITH_KNOTS('',3,(#8676,#8677,#8678,#8679),
 .UNSPECIFIED.,.F.,.F.,(4,4),(-1.,0.),.UNSPECIFIED.);
#316=B_SPLINE_CURVE_WITH_KNOTS('',3,(#8681,#8682,#8683,#8684),
 .UNSPECIFIED.,.F.,.F.,(4,4),(-1.,0.),.UNSPECIFIED.);
#317=B_SPLINE_CURVE_WITH_KNOTS('',3,(#8695,#8696,#8697,#8698),
 .UNSPECIFIED.,.F.,.F.,(4,4),(-1.,0.),.UNSPECIFIED.);
#318=B_SPLINE_CURVE_WITH_KNOTS('',3,(#8700,#8701,#8702,#8703),
 .UNSPECIFIED.,.F.,.F.,(4,4),(-1.,0.),.UNSPECIFIED.);
#319=B_SPLINE_CURVE_WITH_KNOTS('',3,(#8720,#8721,#8722,#8723),
 .UNSPECIFIED.,.F.,.F.,(4,4),(-1.,0.),.UNSPECIFIED.);
#320=B_SPLINE_CURVE_WITH_KNOTS('',3,(#8725,#8726,#8727,#8728),
 .UNSPECIFIED.,.F.,.F.,(4,4),(-1.,0.),.UNSPECIFIED.);
#321=B_SPLINE_CURVE_WITH_KNOTS('',3,(#8738,#8739,#8740,#8741),
 .UNSPECIFIED.,.F.,.F.,(4,4),(-1.,0.),.UNSPECIFIED.);
#322=B_SPLINE_CURVE_WITH_KNOTS('',3,(#8742,#8743,#8744,#8745),
 .UNSPECIFIED.,.F.,.F.,(4,4),(-1.,0.),.UNSPECIFIED.);
#323=B_SPLINE_CURVE_WITH_KNOTS('',3,(#8764,#8765,#8766,#8767),
 .UNSPECIFIED.,.F.,.F.,(4,4),(-1.,0.),.UNSPECIFIED.);
#324=B_SPLINE_CURVE_WITH_KNOTS('',3,(#8769,#8770,#8771,#8772),
 .UNSPECIFIED.,.F.,.F.,(4,4),(-1.,0.),.UNSPECIFIED.);
#325=B_SPLINE_CURVE_WITH_KNOTS('',3,(#8783,#8784,#8785,#8786),
 .UNSPECIFIED.,.F.,.F.,(4,4),(-1.,0.),.UNSPECIFIED.);
#326=B_SPLINE_CURVE_WITH_KNOTS('',3,(#8788,#8789,#8790,#8791),
 .UNSPECIFIED.,.F.,.F.,(4,4),(-1.,0.),.UNSPECIFIED.);
#327=B_SPLINE_CURVE_WITH_KNOTS('',3,(#8808,#8809,#8810,#8811),
 .UNSPECIFIED.,.F.,.F.,(4,4),(-1.,0.),.UNSPECIFIED.);
#328=B_SPLINE_CURVE_WITH_KNOTS('',3,(#8813,#8814,#8815,#8816),
 .UNSPECIFIED.,.F.,.F.,(4,4),(-1.,0.),.UNSPECIFIED.);
#329=B_SPLINE_CURVE_WITH_KNOTS('',3,(#8827,#8828,#8829,#8830),
 .UNSPECIFIED.,.F.,.F.,(4,4),(-1.,0.),.UNSPECIFIED.);
#330=B_SPLINE_CURVE_WITH_KNOTS('',3,(#8832,#8833,#8834,#8835),
 .UNSPECIFIED.,.F.,.F.,(4,4),(-1.,0.),.UNSPECIFIED.);
#331=B_SPLINE_CURVE_WITH_KNOTS('',3,(#8852,#8853,#8854,#8855),
 .UNSPECIFIED.,.F.,.F.,(4,4),(-1.,0.),.UNSPECIFIED.);
#332=B_SPLINE_CURVE_WITH_KNOTS('',3,(#8857,#8858,#8859,#8860),
 .UNSPECIFIED.,.F.,.F.,(4,4),(-1.,0.),.UNSPECIFIED.);
#333=B_SPLINE_CURVE_WITH_KNOTS('',3,(#8871,#8872,#8873,#8874),
 .UNSPECIFIED.,.F.,.F.,(4,4),(-1.,0.),.UNSPECIFIED.);
#334=B_SPLINE_CURVE_WITH_KNOTS('',3,(#8876,#8877,#8878,#8879),
 .UNSPECIFIED.,.F.,.F.,(4,4),(-1.,0.),.UNSPECIFIED.);
#335=B_SPLINE_CURVE_WITH_KNOTS('',3,(#8896,#8897,#8898,#8899),
 .UNSPECIFIED.,.F.,.F.,(4,4),(-1.,0.),.UNSPECIFIED.);
#336=B_SPLINE_CURVE_WITH_KNOTS('',3,(#8901,#8902,#8903,#8904),
 .UNSPECIFIED.,.F.,.F.,(4,4),(-1.,0.),.UNSPECIFIED.);
#337=B_SPLINE_CURVE_WITH_KNOTS('',3,(#8914,#8915,#8916,#8917),
 .UNSPECIFIED.,.F.,.F.,(4,4),(-1.,0.),.UNSPECIFIED.);
#338=B_SPLINE_CURVE_WITH_KNOTS('',3,(#8918,#8919,#8920,#8921),
 .UNSPECIFIED.,.F.,.F.,(4,4),(-1.,0.),.UNSPECIFIED.);
#339=B_SPLINE_CURVE_WITH_KNOTS('',3,(#8982,#8983,#8984,#8985),
 .UNSPECIFIED.,.F.,.F.,(4,4),(0.,1.),.UNSPECIFIED.);
#340=B_SPLINE_CURVE_WITH_KNOTS('',3,(#8987,#8988,#8989,#8990),
 .UNSPECIFIED.,.F.,.F.,(4,4),(0.,1.),.UNSPECIFIED.);
#341=B_SPLINE_CURVE_WITH_KNOTS('',3,(#9001,#9002,#9003,#9004),
 .UNSPECIFIED.,.F.,.F.,(4,4),(0.0377846264041371,1.),.UNSPECIFIED.);
#342=B_SPLINE_CURVE_WITH_KNOTS('',3,(#9006,#9007,#9008,#9009),
 .UNSPECIFIED.,.F.,.F.,(4,4),(0.0377846264041371,1.),.UNSPECIFIED.);
#343=B_SPLINE_CURVE_WITH_KNOTS('',3,(#9050,#9051,#9052,#9053,#9054,#9055,
#9056,#9057,#9058,#9059,#9060,#9061,#9062,#9063,#9064,#9065),
 .UNSPECIFIED.,.F.,.F.,(4,3,3,3,3,4),(3.69928763943321E-5,0.519267089071748,
0.846747249654383,0.957720444780423,1.00002065074662,1.0000722785043),
 .UNSPECIFIED.);
#344=B_SPLINE_CURVE_WITH_KNOTS('',3,(#9067,#9068,#9069,#9070,#9071,#9072,
#9073,#9074,#9075,#9076,#9077,#9078,#9079,#9080,#9081,#9082),
 .UNSPECIFIED.,.F.,.F.,(4,3,3,3,3,4),(3.69928763943321E-5,0.519267089071748,
0.846747249654383,0.957720444780423,1.00002065074662,1.0000722785043),
 .UNSPECIFIED.);
#345=B_SPLINE_CURVE_WITH_KNOTS('',3,(#9111,#9112,#9113,#9114,#9115,#9116,
#9117,#9118,#9119,#9120),.UNSPECIFIED.,.F.,.F.,(4,3,3,4),(-2.26599411162376E-5,
-6.47590631841074E-6,0.033353664080153,1.),.UNSPECIFIED.);
#346=B_SPLINE_CURVE_WITH_KNOTS('',3,(#9122,#9123,#9124,#9125,#9126,#9127,
#9128,#9129,#9130,#9131),.UNSPECIFIED.,.F.,.F.,(4,3,3,4),(-2.26599411162376E-5,
-6.47590631841074E-6,0.033353664080153,1.),.UNSPECIFIED.);
#347=B_SPLINE_CURVE_WITH_KNOTS('',3,(#9148,#9149,#9150,#9151),
 .UNSPECIFIED.,.F.,.F.,(4,4),(1.01969293125125E-6,1.00000000032669),
 .UNSPECIFIED.);
#348=B_SPLINE_CURVE_WITH_KNOTS('',3,(#9153,#9154,#9155,#9156),
 .UNSPECIFIED.,.F.,.F.,(4,4),(1.01969293125125E-6,1.00000000032669),
 .UNSPECIFIED.);
#349=B_SPLINE_CURVE_WITH_KNOTS('',3,(#9179,#9180,#9181,#9182,#9183,#9184,
#9185),.UNSPECIFIED.,.F.,.F.,(4,3,4),(4.99883453641285E-6,0.775053181841674,
0.999999999967015),.UNSPECIFIED.);
#350=B_SPLINE_CURVE_WITH_KNOTS('',3,(#9187,#9188,#9189,#9190,#9191,#9192,
#9193),.UNSPECIFIED.,.F.,.F.,(4,3,4),(4.99883453641285E-6,0.775053181841674,
0.999999999967015),.UNSPECIFIED.);
#351=B_SPLINE_CURVE_WITH_KNOTS('',3,(#9210,#9211,#9212,#9213),
 .UNSPECIFIED.,.F.,.F.,(4,4),(2.03959045014591E-6,1.),.UNSPECIFIED.);
#352=B_SPLINE_CURVE_WITH_KNOTS('',3,(#9215,#9216,#9217,#9218),
 .UNSPECIFIED.,.F.,.F.,(4,4),(2.03959045014591E-6,1.),.UNSPECIFIED.);
#353=B_SPLINE_CURVE_WITH_KNOTS('',3,(#9247,#9248,#9249,#9250,#9251,#9252,
#9253,#9254,#9255,#9256),.UNSPECIFIED.,.F.,.F.,(4,3,3,4),(-0.000117248709921702,
-3.34997270369514E-5,0.102089941808709,1.),.UNSPECIFIED.);
#354=B_SPLINE_CURVE_WITH_KNOTS('',3,(#9258,#9259,#9260,#9261,#9262,#9263,
#9264,#9265,#9266,#9267),.UNSPECIFIED.,.F.,.F.,(4,3,3,4),(-0.000117248709921702,
-3.34997270369514E-5,0.102089941808709,1.),.UNSPECIFIED.);
#355=B_SPLINE_CURVE_WITH_KNOTS('',3,(#9302,#9303,#9304,#9305,#9306,#9307,
#9308,#9309,#9310,#9311,#9312,#9313,#9314),.UNSPECIFIED.,.F.,.F.,(4,3,3,
3,4),(3.45164082216089E-5,0.706848455909667,0.971693730336583,1.00002272748532,
1.00007954674694),.UNSPECIFIED.);
#356=B_SPLINE_CURVE_WITH_KNOTS('',3,(#9316,#9317,#9318,#9319,#9320,#9321,
#9322,#9323,#9324,#9325,#9326,#9327,#9328),.UNSPECIFIED.,.F.,.F.,(4,3,3,
3,4),(3.45164082216089E-5,0.706848455909667,0.971693730336583,1.00002272748532,
1.00007954674694),.UNSPECIFIED.);
#357=B_SPLINE_CURVE_WITH_KNOTS('',3,(#9357,#9358,#9359,#9360,#9361,#9362,
#9363,#9364,#9365,#9366),.UNSPECIFIED.,.F.,.F.,(4,3,3,4),(-3.17131335091954E-5,
-9.0610123522209E-6,0.0348583227007153,1.),.UNSPECIFIED.);
#358=B_SPLINE_CURVE_WITH_KNOTS('',3,(#9368,#9369,#9370,#9371,#9372,#9373,
#9374,#9375,#9376,#9377),.UNSPECIFIED.,.F.,.F.,(4,3,3,4),(-3.17131335091954E-5,
-9.0610123522209E-6,0.0348583227007153,1.),.UNSPECIFIED.);
#359=B_SPLINE_SURFACE_WITH_KNOTS('',3,1,((#5867,#5868),(#5869,#5870),(#5871,
#5872),(#5873,#5874)),.UNSPECIFIED.,.F.,.F.,.F.,(4,4),(2,2),(-1.,0.),(0.,
0.16),.UNSPECIFIED.);
#360=B_SPLINE_SURFACE_WITH_KNOTS('',3,1,((#5892,#5893),(#5894,#5895),(#5896,
#5897),(#5898,#5899)),.UNSPECIFIED.,.F.,.F.,.F.,(4,4),(2,2),(-1.,0.),(0.,
0.16),.UNSPECIFIED.);
#361=B_SPLINE_SURFACE_WITH_KNOTS('',3,1,((#5917,#5918),(#5919,#5920),(#5921,
#5922),(#5923,#5924)),.UNSPECIFIED.,.F.,.F.,.F.,(4,4),(2,2),(-1.,0.),(0.,
0.16),.UNSPECIFIED.);
#362=B_SPLINE_SURFACE_WITH_KNOTS('',3,1,((#5942,#5943),(#5944,#5945),(#5946,
#5947),(#5948,#5949)),.UNSPECIFIED.,.F.,.F.,.F.,(4,4),(2,2),(-1.,0.),(0.,
0.16),.UNSPECIFIED.);
#363=B_SPLINE_SURFACE_WITH_KNOTS('',3,1,((#5967,#5968),(#5969,#5970),(#5971,
#5972),(#5973,#5974)),.UNSPECIFIED.,.F.,.F.,.F.,(4,4),(2,2),(-1.,0.),(0.,
0.16),.UNSPECIFIED.);
#364=B_SPLINE_SURFACE_WITH_KNOTS('',3,1,((#5986,#5987),(#5988,#5989),(#5990,
#5991),(#5992,#5993)),.UNSPECIFIED.,.F.,.F.,.F.,(4,4),(2,2),(-1.,0.),(0.,
0.16),.UNSPECIFIED.);
#365=B_SPLINE_SURFACE_WITH_KNOTS('',3,1,((#6011,#6012),(#6013,#6014),(#6015,
#6016),(#6017,#6018)),.UNSPECIFIED.,.F.,.F.,.F.,(4,4),(2,2),(-1.,0.),(0.,
0.16),.UNSPECIFIED.);
#366=B_SPLINE_SURFACE_WITH_KNOTS('',3,1,((#6030,#6031),(#6032,#6033),(#6034,
#6035),(#6036,#6037)),.UNSPECIFIED.,.F.,.F.,.F.,(4,4),(2,2),(-1.,0.),(0.,
0.16),.UNSPECIFIED.);
#367=B_SPLINE_SURFACE_WITH_KNOTS('',3,1,((#6055,#6056),(#6057,#6058),(#6059,
#6060),(#6061,#6062)),.UNSPECIFIED.,.F.,.F.,.F.,(4,4),(2,2),(-1.,0.),(0.,
0.16),.UNSPECIFIED.);
#368=B_SPLINE_SURFACE_WITH_KNOTS('',3,1,((#6074,#6075),(#6076,#6077),(#6078,
#6079),(#6080,#6081)),.UNSPECIFIED.,.F.,.F.,.F.,(4,4),(2,2),(-1.,0.),(0.,
0.16),.UNSPECIFIED.);
#369=B_SPLINE_SURFACE_WITH_KNOTS('',3,1,((#6099,#6100),(#6101,#6102),(#6103,
#6104),(#6105,#6106)),.UNSPECIFIED.,.F.,.F.,.F.,(4,4),(2,2),(-1.,0.),(0.,
0.16),.UNSPECIFIED.);
#370=B_SPLINE_SURFACE_WITH_KNOTS('',3,1,((#6118,#6119),(#6120,#6121),(#6122,
#6123),(#6124,#6125)),.UNSPECIFIED.,.F.,.F.,.F.,(4,4),(2,2),(-1.,0.),(0.,
0.16),.UNSPECIFIED.);
#371=B_SPLINE_SURFACE_WITH_KNOTS('',3,1,((#6143,#6144),(#6145,#6146),(#6147,
#6148),(#6149,#6150)),.UNSPECIFIED.,.F.,.F.,.F.,(4,4),(2,2),(-1.,0.),(0.,
0.16),.UNSPECIFIED.);
#372=B_SPLINE_SURFACE_WITH_KNOTS('',3,1,((#6162,#6163),(#6164,#6165),(#6166,
#6167),(#6168,#6169)),.UNSPECIFIED.,.F.,.F.,.F.,(4,4),(2,2),(-1.,0.),(0.,
0.16),.UNSPECIFIED.);
#373=B_SPLINE_SURFACE_WITH_KNOTS('',3,1,((#6187,#6188),(#6189,#6190),(#6191,
#6192),(#6193,#6194)),.UNSPECIFIED.,.F.,.F.,.F.,(4,4),(2,2),(-1.,0.),(0.,
0.16),.UNSPECIFIED.);
#374=B_SPLINE_SURFACE_WITH_KNOTS('',3,1,((#6206,#6207),(#6208,#6209),(#6210,
#6211),(#6212,#6213)),.UNSPECIFIED.,.F.,.F.,.F.,(4,4),(2,2),(-1.,0.),(0.,
0.16),.UNSPECIFIED.);
#375=B_SPLINE_SURFACE_WITH_KNOTS('',3,1,((#6231,#6232),(#6233,#6234),(#6235,
#6236),(#6237,#6238)),.UNSPECIFIED.,.F.,.F.,.F.,(4,4),(2,2),(-1.,0.),(0.,
0.16),.UNSPECIFIED.);
#376=B_SPLINE_SURFACE_WITH_KNOTS('',3,1,((#6250,#6251),(#6252,#6253),(#6254,
#6255),(#6256,#6257)),.UNSPECIFIED.,.F.,.F.,.F.,(4,4),(2,2),(-1.,0.),(0.,
0.16),.UNSPECIFIED.);
#377=B_SPLINE_SURFACE_WITH_KNOTS('',3,1,((#6275,#6276),(#6277,#6278),(#6279,
#6280),(#6281,#6282)),.UNSPECIFIED.,.F.,.F.,.F.,(4,4),(2,2),(-1.,0.),(0.,
0.16),.UNSPECIFIED.);
#378=B_SPLINE_SURFACE_WITH_KNOTS('',3,1,((#6294,#6295),(#6296,#6297),(#6298,
#6299),(#6300,#6301)),.UNSPECIFIED.,.F.,.F.,.F.,(4,4),(2,2),(-1.,0.),(0.,
0.16),.UNSPECIFIED.);
#379=B_SPLINE_SURFACE_WITH_KNOTS('',3,1,((#6319,#6320),(#6321,#6322),(#6323,
#6324),(#6325,#6326)),.UNSPECIFIED.,.F.,.F.,.F.,(4,4),(2,2),(-1.,0.),(0.,
0.16),.UNSPECIFIED.);
#380=B_SPLINE_SURFACE_WITH_KNOTS('',3,1,((#6338,#6339),(#6340,#6341),(#6342,
#6343),(#6344,#6345)),.UNSPECIFIED.,.F.,.F.,.F.,(4,4),(2,2),(-1.,0.),(0.,
0.16),.UNSPECIFIED.);
#381=B_SPLINE_SURFACE_WITH_KNOTS('',3,1,((#6363,#6364),(#6365,#6366),(#6367,
#6368),(#6369,#6370)),.UNSPECIFIED.,.F.,.F.,.F.,(4,4),(2,2),(-1.,0.),(0.,
0.16),.UNSPECIFIED.);
#382=B_SPLINE_SURFACE_WITH_KNOTS('',3,1,((#6382,#6383),(#6384,#6385),(#6386,
#6387),(#6388,#6389)),.UNSPECIFIED.,.F.,.F.,.F.,(4,4),(2,2),(-1.,0.),(0.,
0.16),.UNSPECIFIED.);
#383=B_SPLINE_SURFACE_WITH_KNOTS('',3,1,((#6407,#6408),(#6409,#6410),(#6411,
#6412),(#6413,#6414)),.UNSPECIFIED.,.F.,.F.,.F.,(4,4),(2,2),(-1.,0.),(0.,
0.16),.UNSPECIFIED.);
#384=B_SPLINE_SURFACE_WITH_KNOTS('',3,1,((#6426,#6427),(#6428,#6429),(#6430,
#6431),(#6432,#6433)),.UNSPECIFIED.,.F.,.F.,.F.,(4,4),(2,2),(-1.,0.),(0.,
0.16),.UNSPECIFIED.);
#385=B_SPLINE_SURFACE_WITH_KNOTS('',3,1,((#6451,#6452),(#6453,#6454),(#6455,
#6456),(#6457,#6458)),.UNSPECIFIED.,.F.,.F.,.F.,(4,4),(2,2),(-1.,0.),(0.,
0.16),.UNSPECIFIED.);
#386=B_SPLINE_SURFACE_WITH_KNOTS('',3,1,((#6470,#6471),(#6472,#6473),(#6474,
#6475),(#6476,#6477)),.UNSPECIFIED.,.F.,.F.,.F.,(4,4),(2,2),(-1.,0.),(0.,
0.16),.UNSPECIFIED.);
#387=B_SPLINE_SURFACE_WITH_KNOTS('',3,1,((#6495,#6496),(#6497,#6498),(#6499,
#6500),(#6501,#6502)),.UNSPECIFIED.,.F.,.F.,.F.,(4,4),(2,2),(-1.,0.),(0.,
0.16),.UNSPECIFIED.);
#388=B_SPLINE_SURFACE_WITH_KNOTS('',3,1,((#6514,#6515),(#6516,#6517),(#6518,
#6519),(#6520,#6521)),.UNSPECIFIED.,.F.,.F.,.F.,(4,4),(2,2),(-1.,0.),(0.,
0.16),.UNSPECIFIED.);
#389=B_SPLINE_SURFACE_WITH_KNOTS('',3,1,((#6539,#6540),(#6541,#6542),(#6543,
#6544),(#6545,#6546)),.UNSPECIFIED.,.F.,.F.,.F.,(4,4),(2,2),(-1.,0.),(0.,
0.16),.UNSPECIFIED.);
#390=B_SPLINE_SURFACE_WITH_KNOTS('',3,1,((#6558,#6559),(#6560,#6561),(#6562,
#6563),(#6564,#6565)),.UNSPECIFIED.,.F.,.F.,.F.,(4,4),(2,2),(-1.,0.),(0.,
0.16),.UNSPECIFIED.);
#391=B_SPLINE_SURFACE_WITH_KNOTS('',3,1,((#6583,#6584),(#6585,#6586),(#6587,
#6588),(#6589,#6590)),.UNSPECIFIED.,.F.,.F.,.F.,(4,4),(2,2),(-1.,0.),(0.,
0.16),.UNSPECIFIED.);
#392=B_SPLINE_SURFACE_WITH_KNOTS('',3,1,((#6602,#6603),(#6604,#6605),(#6606,
#6607),(#6608,#6609)),.UNSPECIFIED.,.F.,.F.,.F.,(4,4),(2,2),(-1.,0.),(0.,
0.16),.UNSPECIFIED.);
#393=B_SPLINE_SURFACE_WITH_KNOTS('',3,1,((#6627,#6628),(#6629,#6630),(#6631,
#6632),(#6633,#6634)),.UNSPECIFIED.,.F.,.F.,.F.,(4,4),(2,2),(-1.,0.),(0.,
0.16),.UNSPECIFIED.);
#394=B_SPLINE_SURFACE_WITH_KNOTS('',3,1,((#6646,#6647),(#6648,#6649),(#6650,
#6651),(#6652,#6653)),.UNSPECIFIED.,.F.,.F.,.F.,(4,4),(2,2),(-1.,0.),(0.,
0.16),.UNSPECIFIED.);
#395=B_SPLINE_SURFACE_WITH_KNOTS('',3,1,((#6671,#6672),(#6673,#6674),(#6675,
#6676),(#6677,#6678)),.UNSPECIFIED.,.F.,.F.,.F.,(4,4),(2,2),(-1.,0.),(0.,
0.16),.UNSPECIFIED.);
#396=B_SPLINE_SURFACE_WITH_KNOTS('',3,1,((#6690,#6691),(#6692,#6693),(#6694,
#6695),(#6696,#6697)),.UNSPECIFIED.,.F.,.F.,.F.,(4,4),(2,2),(-1.,0.),(0.,
0.16),.UNSPECIFIED.);
#397=B_SPLINE_SURFACE_WITH_KNOTS('',3,1,((#6715,#6716),(#6717,#6718),(#6719,
#6720),(#6721,#6722)),.UNSPECIFIED.,.F.,.F.,.F.,(4,4),(2,2),(-1.,0.),(0.,
0.16),.UNSPECIFIED.);
#398=B_SPLINE_SURFACE_WITH_KNOTS('',3,1,((#6734,#6735),(#6736,#6737),(#6738,
#6739),(#6740,#6741)),.UNSPECIFIED.,.F.,.F.,.F.,(4,4),(2,2),(-1.,0.),(0.,
0.16),.UNSPECIFIED.);
#399=B_SPLINE_SURFACE_WITH_KNOTS('',3,1,((#6759,#6760),(#6761,#6762),(#6763,
#6764),(#6765,#6766)),.UNSPECIFIED.,.F.,.F.,.F.,(4,4),(2,2),(-1.,0.),(0.,
0.16),.UNSPECIFIED.);
#400=B_SPLINE_SURFACE_WITH_KNOTS('',3,1,((#6778,#6779),(#6780,#6781),(#6782,
#6783),(#6784,#6785)),.UNSPECIFIED.,.F.,.F.,.F.,(4,4),(2,2),(-1.,0.),(0.,
0.16),.UNSPECIFIED.);
#401=B_SPLINE_SURFACE_WITH_KNOTS('',3,1,((#6803,#6804),(#6805,#6806),(#6807,
#6808),(#6809,#6810)),.UNSPECIFIED.,.F.,.F.,.F.,(4,4),(2,2),(-1.,0.),(0.,
0.16),.UNSPECIFIED.);
#402=B_SPLINE_SURFACE_WITH_KNOTS('',3,1,((#6822,#6823),(#6824,#6825),(#6826,
#6827),(#6828,#6829)),.UNSPECIFIED.,.F.,.F.,.F.,(4,4),(2,2),(-1.,0.),(0.,
0.16),.UNSPECIFIED.);
#403=B_SPLINE_SURFACE_WITH_KNOTS('',3,1,((#6847,#6848),(#6849,#6850),(#6851,
#6852),(#6853,#6854)),.UNSPECIFIED.,.F.,.F.,.F.,(4,4),(2,2),(-1.,0.),(0.,
0.16),.UNSPECIFIED.);
#404=B_SPLINE_SURFACE_WITH_KNOTS('',3,1,((#6866,#6867),(#6868,#6869),(#6870,
#6871),(#6872,#6873)),.UNSPECIFIED.,.F.,.F.,.F.,(4,4),(2,2),(-1.,0.),(0.,
0.16),.UNSPECIFIED.);
#405=B_SPLINE_SURFACE_WITH_KNOTS('',3,1,((#6891,#6892),(#6893,#6894),(#6895,
#6896),(#6897,#6898)),.UNSPECIFIED.,.F.,.F.,.F.,(4,4),(2,2),(-1.,0.),(0.,
0.16),.UNSPECIFIED.);
#406=B_SPLINE_SURFACE_WITH_KNOTS('',3,1,((#6910,#6911),(#6912,#6913),(#6914,
#6915),(#6916,#6917)),.UNSPECIFIED.,.F.,.F.,.F.,(4,4),(2,2),(-1.,0.),(0.,
0.16),.UNSPECIFIED.);
#407=B_SPLINE_SURFACE_WITH_KNOTS('',3,1,((#6935,#6936),(#6937,#6938),(#6939,
#6940),(#6941,#6942)),.UNSPECIFIED.,.F.,.F.,.F.,(4,4),(2,2),(-1.,0.),(0.,
0.16),.UNSPECIFIED.);
#408=B_SPLINE_SURFACE_WITH_KNOTS('',3,1,((#6954,#6955),(#6956,#6957),(#6958,
#6959),(#6960,#6961)),.UNSPECIFIED.,.F.,.F.,.F.,(4,4),(2,2),(-1.,0.),(0.,
0.16),.UNSPECIFIED.);
#409=B_SPLINE_SURFACE_WITH_KNOTS('',3,1,((#6979,#6980),(#6981,#6982),(#6983,
#6984),(#6985,#6986)),.UNSPECIFIED.,.F.,.F.,.F.,(4,4),(2,2),(-1.,0.),(0.,
0.16),.UNSPECIFIED.);
#410=B_SPLINE_SURFACE_WITH_KNOTS('',3,1,((#6998,#6999),(#7000,#7001),(#7002,
#7003),(#7004,#7005)),.UNSPECIFIED.,.F.,.F.,.F.,(4,4),(2,2),(-1.,0.),(0.,
0.16),.UNSPECIFIED.);
#411=B_SPLINE_SURFACE_WITH_KNOTS('',3,1,((#7023,#7024),(#7025,#7026),(#7027,
#7028),(#7029,#7030)),.UNSPECIFIED.,.F.,.F.,.F.,(4,4),(2,2),(-1.,0.),(0.,
0.16),.UNSPECIFIED.);
#412=B_SPLINE_SURFACE_WITH_KNOTS('',3,1,((#7042,#7043),(#7044,#7045),(#7046,
#7047),(#7048,#7049)),.UNSPECIFIED.,.F.,.F.,.F.,(4,4),(2,2),(-1.,0.),(0.,
0.16),.UNSPECIFIED.);
#413=B_SPLINE_SURFACE_WITH_KNOTS('',3,1,((#7067,#7068),(#7069,#7070),(#7071,
#7072),(#7073,#7074)),.UNSPECIFIED.,.F.,.F.,.F.,(4,4),(2,2),(-1.,0.),(0.,
0.16),.UNSPECIFIED.);
#414=B_SPLINE_SURFACE_WITH_KNOTS('',3,1,((#7086,#7087),(#7088,#7089),(#7090,
#7091),(#7092,#7093)),.UNSPECIFIED.,.F.,.F.,.F.,(4,4),(2,2),(-1.,0.),(0.,
0.16),.UNSPECIFIED.);
#415=B_SPLINE_SURFACE_WITH_KNOTS('',3,1,((#7111,#7112),(#7113,#7114),(#7115,
#7116),(#7117,#7118)),.UNSPECIFIED.,.F.,.F.,.F.,(4,4),(2,2),(-1.,0.),(0.,
0.16),.UNSPECIFIED.);
#416=B_SPLINE_SURFACE_WITH_KNOTS('',3,1,((#7130,#7131),(#7132,#7133),(#7134,
#7135),(#7136,#7137)),.UNSPECIFIED.,.F.,.F.,.F.,(4,4),(2,2),(-1.,0.),(0.,
0.16),.UNSPECIFIED.);
#417=B_SPLINE_SURFACE_WITH_KNOTS('',3,1,((#7155,#7156),(#7157,#7158),(#7159,
#7160),(#7161,#7162)),.UNSPECIFIED.,.F.,.F.,.F.,(4,4),(2,2),(-1.,0.),(0.,
0.16),.UNSPECIFIED.);
#418=B_SPLINE_SURFACE_WITH_KNOTS('',3,1,((#7174,#7175),(#7176,#7177),(#7178,
#7179),(#7180,#7181)),.UNSPECIFIED.,.F.,.F.,.F.,(4,4),(2,2),(-1.,0.),(0.,
0.16),.UNSPECIFIED.);
#419=B_SPLINE_SURFACE_WITH_KNOTS('',3,1,((#7199,#7200),(#7201,#7202),(#7203,
#7204),(#7205,#7206)),.UNSPECIFIED.,.F.,.F.,.F.,(4,4),(2,2),(-1.,0.),(0.,
0.16),.UNSPECIFIED.);
#420=B_SPLINE_SURFACE_WITH_KNOTS('',3,1,((#7218,#7219),(#7220,#7221),(#7222,
#7223),(#7224,#7225)),.UNSPECIFIED.,.F.,.F.,.F.,(4,4),(2,2),(-1.,0.),(0.,
0.16),.UNSPECIFIED.);
#421=B_SPLINE_SURFACE_WITH_KNOTS('',3,1,((#7243,#7244),(#7245,#7246),(#7247,
#7248),(#7249,#7250)),.UNSPECIFIED.,.F.,.F.,.F.,(4,4),(2,2),(-1.,0.),(0.,
0.16),.UNSPECIFIED.);
#422=B_SPLINE_SURFACE_WITH_KNOTS('',3,1,((#7262,#7263),(#7264,#7265),(#7266,
#7267),(#7268,#7269)),.UNSPECIFIED.,.F.,.F.,.F.,(4,4),(2,2),(-1.,0.),(0.,
0.16),.UNSPECIFIED.);
#423=B_SPLINE_SURFACE_WITH_KNOTS('',3,1,((#7287,#7288),(#7289,#7290),(#7291,
#7292),(#7293,#7294)),.UNSPECIFIED.,.F.,.F.,.F.,(4,4),(2,2),(-1.,0.),(0.,
0.16),.UNSPECIFIED.);
#424=B_SPLINE_SURFACE_WITH_KNOTS('',3,1,((#7306,#7307),(#7308,#7309),(#7310,
#7311),(#7312,#7313)),.UNSPECIFIED.,.F.,.F.,.F.,(4,4),(2,2),(-1.,0.),(0.,
0.16),.UNSPECIFIED.);
#425=B_SPLINE_SURFACE_WITH_KNOTS('',3,1,((#7331,#7332),(#7333,#7334),(#7335,
#7336),(#7337,#7338)),.UNSPECIFIED.,.F.,.F.,.F.,(4,4),(2,2),(-1.,0.),(0.,
0.16),.UNSPECIFIED.);
#426=B_SPLINE_SURFACE_WITH_KNOTS('',3,1,((#7350,#7351),(#7352,#7353),(#7354,
#7355),(#7356,#7357)),.UNSPECIFIED.,.F.,.F.,.F.,(4,4),(2,2),(-1.,0.),(0.,
0.16),.UNSPECIFIED.);
#427=B_SPLINE_SURFACE_WITH_KNOTS('',3,1,((#7381,#7382),(#7383,#7384),(#7385,
#7386),(#7387,#7388)),.UNSPECIFIED.,.F.,.F.,.F.,(4,4),(2,2),(-1.,0.),(0.,
0.16),.UNSPECIFIED.);
#428=B_SPLINE_SURFACE_WITH_KNOTS('',3,1,((#7400,#7401),(#7402,#7403),(#7404,
#7405),(#7406,#7407)),.UNSPECIFIED.,.F.,.F.,.F.,(4,4),(2,2),(-1.,0.),(0.,
0.16),.UNSPECIFIED.);
#429=B_SPLINE_SURFACE_WITH_KNOTS('',3,1,((#7425,#7426),(#7427,#7428),(#7429,
#7430),(#7431,#7432)),.UNSPECIFIED.,.F.,.F.,.F.,(4,4),(2,2),(-1.,0.),(0.,
0.16),.UNSPECIFIED.);
#430=B_SPLINE_SURFACE_WITH_KNOTS('',3,1,((#7444,#7445),(#7446,#7447),(#7448,
#7449),(#7450,#7451)),.UNSPECIFIED.,.F.,.F.,.F.,(4,4),(2,2),(-1.,0.),(0.,
0.16),.UNSPECIFIED.);
#431=B_SPLINE_SURFACE_WITH_KNOTS('',3,1,((#7469,#7470),(#7471,#7472),(#7473,
#7474),(#7475,#7476)),.UNSPECIFIED.,.F.,.F.,.F.,(4,4),(2,2),(-1.,0.),(0.,
0.16),.UNSPECIFIED.);
#432=B_SPLINE_SURFACE_WITH_KNOTS('',3,1,((#7488,#7489),(#7490,#7491),(#7492,
#7493),(#7494,#7495)),.UNSPECIFIED.,.F.,.F.,.F.,(4,4),(2,2),(-1.,0.),(0.,
0.16),.UNSPECIFIED.);
#433=B_SPLINE_SURFACE_WITH_KNOTS('',3,1,((#7513,#7514),(#7515,#7516),(#7517,
#7518),(#7519,#7520)),.UNSPECIFIED.,.F.,.F.,.F.,(4,4),(2,2),(-1.,0.),(0.,
0.16),.UNSPECIFIED.);
#434=B_SPLINE_SURFACE_WITH_KNOTS('',3,1,((#7532,#7533),(#7534,#7535),(#7536,
#7537),(#7538,#7539)),.UNSPECIFIED.,.F.,.F.,.F.,(4,4),(2,2),(-1.,0.),(0.,
0.16),.UNSPECIFIED.);
#435=B_SPLINE_SURFACE_WITH_KNOTS('',3,1,((#7557,#7558),(#7559,#7560),(#7561,
#7562),(#7563,#7564)),.UNSPECIFIED.,.F.,.F.,.F.,(4,4),(2,2),(-1.,0.),(0.,
0.16),.UNSPECIFIED.);
#436=B_SPLINE_SURFACE_WITH_KNOTS('',3,1,((#7576,#7577),(#7578,#7579),(#7580,
#7581),(#7582,#7583)),.UNSPECIFIED.,.F.,.F.,.F.,(4,4),(2,2),(-1.,0.),(0.,
0.16),.UNSPECIFIED.);
#437=B_SPLINE_SURFACE_WITH_KNOTS('',3,1,((#7601,#7602),(#7603,#7604),(#7605,
#7606),(#7607,#7608)),.UNSPECIFIED.,.F.,.F.,.F.,(4,4),(2,2),(-1.,0.),(0.,
0.16),.UNSPECIFIED.);
#438=B_SPLINE_SURFACE_WITH_KNOTS('',3,1,((#7620,#7621),(#7622,#7623),(#7624,
#7625),(#7626,#7627)),.UNSPECIFIED.,.F.,.F.,.F.,(4,4),(2,2),(-1.,0.),(0.,
0.16),.UNSPECIFIED.);
#439=B_SPLINE_SURFACE_WITH_KNOTS('',3,1,((#7645,#7646),(#7647,#7648),(#7649,
#7650),(#7651,#7652)),.UNSPECIFIED.,.F.,.F.,.F.,(4,4),(2,2),(-1.,0.),(0.,
0.16),.UNSPECIFIED.);
#440=B_SPLINE_SURFACE_WITH_KNOTS('',3,1,((#7664,#7665),(#7666,#7667),(#7668,
#7669),(#7670,#7671)),.UNSPECIFIED.,.F.,.F.,.F.,(4,4),(2,2),(-1.,0.),(0.,
0.16),.UNSPECIFIED.);
#441=B_SPLINE_SURFACE_WITH_KNOTS('',3,1,((#7689,#7690),(#7691,#7692),(#7693,
#7694),(#7695,#7696)),.UNSPECIFIED.,.F.,.F.,.F.,(4,4),(2,2),(-1.,0.),(0.,
0.16),.UNSPECIFIED.);
#442=B_SPLINE_SURFACE_WITH_KNOTS('',3,1,((#7708,#7709),(#7710,#7711),(#7712,
#7713),(#7714,#7715)),.UNSPECIFIED.,.F.,.F.,.F.,(4,4),(2,2),(-1.,0.),(0.,
0.16),.UNSPECIFIED.);
#443=B_SPLINE_SURFACE_WITH_KNOTS('',3,1,((#7733,#7734),(#7735,#7736),(#7737,
#7738),(#7739,#7740)),.UNSPECIFIED.,.F.,.F.,.F.,(4,4),(2,2),(-1.,0.),(0.,
0.16),.UNSPECIFIED.);
#444=B_SPLINE_SURFACE_WITH_KNOTS('',3,1,((#7752,#7753),(#7754,#7755),(#7756,
#7757),(#7758,#7759)),.UNSPECIFIED.,.F.,.F.,.F.,(4,4),(2,2),(-1.,0.),(0.,
0.16),.UNSPECIFIED.);
#445=B_SPLINE_SURFACE_WITH_KNOTS('',3,1,((#7777,#7778),(#7779,#7780),(#7781,
#7782),(#7783,#7784)),.UNSPECIFIED.,.F.,.F.,.F.,(4,4),(2,2),(-1.,0.),(0.,
0.16),.UNSPECIFIED.);
#446=B_SPLINE_SURFACE_WITH_KNOTS('',3,1,((#7796,#7797),(#7798,#7799),(#7800,
#7801),(#7802,#7803)),.UNSPECIFIED.,.F.,.F.,.F.,(4,4),(2,2),(-1.,0.),(0.,
0.16),.UNSPECIFIED.);
#447=B_SPLINE_SURFACE_WITH_KNOTS('',3,1,((#7821,#7822),(#7823,#7824),(#7825,
#7826),(#7827,#7828)),.UNSPECIFIED.,.F.,.F.,.F.,(4,4),(2,2),(-1.,0.),(0.,
0.16),.UNSPECIFIED.);
#448=B_SPLINE_SURFACE_WITH_KNOTS('',3,1,((#7840,#7841),(#7842,#7843),(#7844,
#7845),(#7846,#7847)),.UNSPECIFIED.,.F.,.F.,.F.,(4,4),(2,2),(-1.,0.),(0.,
0.16),.UNSPECIFIED.);
#449=B_SPLINE_SURFACE_WITH_KNOTS('',3,1,((#7865,#7866),(#7867,#7868),(#7869,
#7870),(#7871,#7872)),.UNSPECIFIED.,.F.,.F.,.F.,(4,4),(2,2),(-1.,0.),(0.,
0.16),.UNSPECIFIED.);
#450=B_SPLINE_SURFACE_WITH_KNOTS('',3,1,((#7884,#7885),(#7886,#7887),(#7888,
#7889),(#7890,#7891)),.UNSPECIFIED.,.F.,.F.,.F.,(4,4),(2,2),(-1.,0.),(0.,
0.16),.UNSPECIFIED.);
#451=B_SPLINE_SURFACE_WITH_KNOTS('',3,1,((#7915,#7916),(#7917,#7918),(#7919,
#7920),(#7921,#7922)),.UNSPECIFIED.,.F.,.F.,.F.,(4,4),(2,2),(-1.,0.),(0.,
0.16),.UNSPECIFIED.);
#452=B_SPLINE_SURFACE_WITH_KNOTS('',3,1,((#7940,#7941),(#7942,#7943),(#7944,
#7945),(#7946,#7947)),.UNSPECIFIED.,.F.,.F.,.F.,(4,4),(2,2),(-1.,0.),(0.,
0.16),.UNSPECIFIED.);
#453=B_SPLINE_SURFACE_WITH_KNOTS('',3,1,((#7965,#7966),(#7967,#7968),(#7969,
#7970),(#7971,#7972)),.UNSPECIFIED.,.F.,.F.,.F.,(4,4),(2,2),(-1.,0.),(0.,
0.16),.UNSPECIFIED.);
#454=B_SPLINE_SURFACE_WITH_KNOTS('',3,1,((#7990,#7991),(#7992,#7993),(#7994,
#7995),(#7996,#7997)),.UNSPECIFIED.,.F.,.F.,.F.,(4,4),(2,2),(-1.,0.),(0.,
0.16),.UNSPECIFIED.);
#455=B_SPLINE_SURFACE_WITH_KNOTS('',3,1,((#8015,#8016),(#8017,#8018),(#8019,
#8020),(#8021,#8022)),.UNSPECIFIED.,.F.,.F.,.F.,(4,4),(2,2),(-1.,0.),(0.,
0.16),.UNSPECIFIED.);
#456=B_SPLINE_SURFACE_WITH_KNOTS('',3,1,((#8034,#8035),(#8036,#8037),(#8038,
#8039),(#8040,#8041)),.UNSPECIFIED.,.F.,.F.,.F.,(4,4),(2,2),(-1.,0.),(0.,
0.16),.UNSPECIFIED.);
#457=B_SPLINE_SURFACE_WITH_KNOTS('',3,1,((#8059,#8060),(#8061,#8062),(#8063,
#8064),(#8065,#8066)),.UNSPECIFIED.,.F.,.F.,.F.,(4,4),(2,2),(-1.,0.),(0.,
0.16),.UNSPECIFIED.);
#458=B_SPLINE_SURFACE_WITH_KNOTS('',3,1,((#8078,#8079),(#8080,#8081),(#8082,
#8083),(#8084,#8085)),.UNSPECIFIED.,.F.,.F.,.F.,(4,4),(2,2),(-1.,0.),(0.,
0.16),.UNSPECIFIED.);
#459=B_SPLINE_SURFACE_WITH_KNOTS('',3,1,((#8103,#8104),(#8105,#8106),(#8107,
#8108),(#8109,#8110)),.UNSPECIFIED.,.F.,.F.,.F.,(4,4),(2,2),(-1.,0.),(0.,
0.16),.UNSPECIFIED.);
#460=B_SPLINE_SURFACE_WITH_KNOTS('',3,1,((#8122,#8123),(#8124,#8125),(#8126,
#8127),(#8128,#8129)),.UNSPECIFIED.,.F.,.F.,.F.,(4,4),(2,2),(-1.,0.),(0.,
0.16),.UNSPECIFIED.);
#461=B_SPLINE_SURFACE_WITH_KNOTS('',3,1,((#8147,#8148),(#8149,#8150),(#8151,
#8152),(#8153,#8154)),.UNSPECIFIED.,.F.,.F.,.F.,(4,4),(2,2),(-1.,0.),(0.,
0.16),.UNSPECIFIED.);
#462=B_SPLINE_SURFACE_WITH_KNOTS('',3,1,((#8166,#8167),(#8168,#8169),(#8170,
#8171),(#8172,#8173)),.UNSPECIFIED.,.F.,.F.,.F.,(4,4),(2,2),(-1.,0.),(0.,
0.16),.UNSPECIFIED.);
#463=B_SPLINE_SURFACE_WITH_KNOTS('',3,1,((#8191,#8192),(#8193,#8194),(#8195,
#8196),(#8197,#8198)),.UNSPECIFIED.,.F.,.F.,.F.,(4,4),(2,2),(-1.,0.),(0.,
0.16),.UNSPECIFIED.);
#464=B_SPLINE_SURFACE_WITH_KNOTS('',3,1,((#8210,#8211),(#8212,#8213),(#8214,
#8215),(#8216,#8217)),.UNSPECIFIED.,.F.,.F.,.F.,(4,4),(2,2),(-1.,0.),(0.,
0.16),.UNSPECIFIED.);
#465=B_SPLINE_SURFACE_WITH_KNOTS('',3,1,((#8235,#8236),(#8237,#8238),(#8239,
#8240),(#8241,#8242)),.UNSPECIFIED.,.F.,.F.,.F.,(4,4),(2,2),(-1.,0.),(0.,
0.16),.UNSPECIFIED.);
#466=B_SPLINE_SURFACE_WITH_KNOTS('',3,1,((#8254,#8255),(#8256,#8257),(#8258,
#8259),(#8260,#8261)),.UNSPECIFIED.,.F.,.F.,.F.,(4,4),(2,2),(-1.,0.),(0.,
0.16),.UNSPECIFIED.);
#467=B_SPLINE_SURFACE_WITH_KNOTS('',3,1,((#8279,#8280),(#8281,#8282),(#8283,
#8284),(#8285,#8286)),.UNSPECIFIED.,.F.,.F.,.F.,(4,4),(2,2),(-1.,0.),(0.,
0.16),.UNSPECIFIED.);
#468=B_SPLINE_SURFACE_WITH_KNOTS('',3,1,((#8298,#8299),(#8300,#8301),(#8302,
#8303),(#8304,#8305)),.UNSPECIFIED.,.F.,.F.,.F.,(4,4),(2,2),(-1.,0.),(0.,
0.16),.UNSPECIFIED.);
#469=B_SPLINE_SURFACE_WITH_KNOTS('',3,1,((#8323,#8324),(#8325,#8326),(#8327,
#8328),(#8329,#8330)),.UNSPECIFIED.,.F.,.F.,.F.,(4,4),(2,2),(-1.,0.),(0.,
0.16),.UNSPECIFIED.);
#470=B_SPLINE_SURFACE_WITH_KNOTS('',3,1,((#8342,#8343),(#8344,#8345),(#8346,
#8347),(#8348,#8349)),.UNSPECIFIED.,.F.,.F.,.F.,(4,4),(2,2),(-1.,0.),(0.,
0.16),.UNSPECIFIED.);
#471=B_SPLINE_SURFACE_WITH_KNOTS('',3,1,((#8373,#8374),(#8375,#8376),(#8377,
#8378),(#8379,#8380)),.UNSPECIFIED.,.F.,.F.,.F.,(4,4),(2,2),(-1.,0.),(0.,
0.16),.UNSPECIFIED.);
#472=B_SPLINE_SURFACE_WITH_KNOTS('',3,1,((#8392,#8393),(#8394,#8395),(#8396,
#8397),(#8398,#8399)),.UNSPECIFIED.,.F.,.F.,.F.,(4,4),(2,2),(-1.,0.),(0.,
0.16),.UNSPECIFIED.);
#473=B_SPLINE_SURFACE_WITH_KNOTS('',3,1,((#8417,#8418),(#8419,#8420),(#8421,
#8422),(#8423,#8424)),.UNSPECIFIED.,.F.,.F.,.F.,(4,4),(2,2),(-1.,0.),(0.,
0.16),.UNSPECIFIED.);
#474=B_SPLINE_SURFACE_WITH_KNOTS('',3,1,((#8436,#8437),(#8438,#8439),(#8440,
#8441),(#8442,#8443)),.UNSPECIFIED.,.F.,.F.,.F.,(4,4),(2,2),(-1.,0.),(0.,
0.16),.UNSPECIFIED.);
#475=B_SPLINE_SURFACE_WITH_KNOTS('',3,1,((#8461,#8462),(#8463,#8464),(#8465,
#8466),(#8467,#8468)),.UNSPECIFIED.,.F.,.F.,.F.,(4,4),(2,2),(-1.,0.),(0.,
0.16),.UNSPECIFIED.);
#476=B_SPLINE_SURFACE_WITH_KNOTS('',3,1,((#8480,#8481),(#8482,#8483),(#8484,
#8485),(#8486,#8487)),.UNSPECIFIED.,.F.,.F.,.F.,(4,4),(2,2),(-1.,0.),(0.,
0.16),.UNSPECIFIED.);
#477=B_SPLINE_SURFACE_WITH_KNOTS('',3,1,((#8505,#8506),(#8507,#8508),(#8509,
#8510),(#8511,#8512)),.UNSPECIFIED.,.F.,.F.,.F.,(4,4),(2,2),(-1.,0.),(0.,
0.16),.UNSPECIFIED.);
#478=B_SPLINE_SURFACE_WITH_KNOTS('',3,1,((#8524,#8525),(#8526,#8527),(#8528,
#8529),(#8530,#8531)),.UNSPECIFIED.,.F.,.F.,.F.,(4,4),(2,2),(-1.,0.),(0.,
0.16),.UNSPECIFIED.);
#479=B_SPLINE_SURFACE_WITH_KNOTS('',3,1,((#8579,#8580),(#8581,#8582),(#8583,
#8584),(#8585,#8586)),.UNSPECIFIED.,.F.,.F.,.F.,(4,4),(2,2),(-1.,0.),(0.,
0.16),.UNSPECIFIED.);
#480=B_SPLINE_SURFACE_WITH_KNOTS('',3,1,((#8598,#8599),(#8600,#8601),(#8602,
#8603),(#8604,#8605)),.UNSPECIFIED.,.F.,.F.,.F.,(4,4),(2,2),(-1.,0.),(0.,
0.16),.UNSPECIFIED.);
#481=B_SPLINE_SURFACE_WITH_KNOTS('',3,1,((#8623,#8624),(#8625,#8626),(#8627,
#8628),(#8629,#8630)),.UNSPECIFIED.,.F.,.F.,.F.,(4,4),(2,2),(-1.,0.),(0.,
0.16),.UNSPECIFIED.);
#482=B_SPLINE_SURFACE_WITH_KNOTS('',3,1,((#8642,#8643),(#8644,#8645),(#8646,
#8647),(#8648,#8649)),.UNSPECIFIED.,.F.,.F.,.F.,(4,4),(2,2),(-1.,0.),(0.,
0.16),.UNSPECIFIED.);
#483=B_SPLINE_SURFACE_WITH_KNOTS('',3,1,((#8667,#8668),(#8669,#8670),(#8671,
#8672),(#8673,#8674)),.UNSPECIFIED.,.F.,.F.,.F.,(4,4),(2,2),(-1.,0.),(0.,
0.16),.UNSPECIFIED.);
#484=B_SPLINE_SURFACE_WITH_KNOTS('',3,1,((#8686,#8687),(#8688,#8689),(#8690,
#8691),(#8692,#8693)),.UNSPECIFIED.,.F.,.F.,.F.,(4,4),(2,2),(-1.,0.),(0.,
0.16),.UNSPECIFIED.);
#485=B_SPLINE_SURFACE_WITH_KNOTS('',3,1,((#8711,#8712),(#8713,#8714),(#8715,
#8716),(#8717,#8718)),.UNSPECIFIED.,.F.,.F.,.F.,(4,4),(2,2),(-1.,0.),(0.,
0.16),.UNSPECIFIED.);
#486=B_SPLINE_SURFACE_WITH_KNOTS('',3,1,((#8730,#8731),(#8732,#8733),(#8734,
#8735),(#8736,#8737)),.UNSPECIFIED.,.F.,.F.,.F.,(4,4),(2,2),(-1.,0.),(0.,
0.16),.UNSPECIFIED.);
#487=B_SPLINE_SURFACE_WITH_KNOTS('',3,1,((#8755,#8756),(#8757,#8758),(#8759,
#8760),(#8761,#8762)),.UNSPECIFIED.,.F.,.F.,.F.,(4,4),(2,2),(-1.,0.),(0.,
0.16),.UNSPECIFIED.);
#488=B_SPLINE_SURFACE_WITH_KNOTS('',3,1,((#8774,#8775),(#8776,#8777),(#8778,
#8779),(#8780,#8781)),.UNSPECIFIED.,.F.,.F.,.F.,(4,4),(2,2),(-1.,0.),(0.,
0.16),.UNSPECIFIED.);
#489=B_SPLINE_SURFACE_WITH_KNOTS('',3,1,((#8799,#8800),(#8801,#8802),(#8803,
#8804),(#8805,#8806)),.UNSPECIFIED.,.F.,.F.,.F.,(4,4),(2,2),(-1.,0.),(0.,
0.16),.UNSPECIFIED.);
#490=B_SPLINE_SURFACE_WITH_KNOTS('',3,1,((#8818,#8819),(#8820,#8821),(#8822,
#8823),(#8824,#8825)),.UNSPECIFIED.,.F.,.F.,.F.,(4,4),(2,2),(-1.,0.),(0.,
0.16),.UNSPECIFIED.);
#491=B_SPLINE_SURFACE_WITH_KNOTS('',3,1,((#8843,#8844),(#8845,#8846),(#8847,
#8848),(#8849,#8850)),.UNSPECIFIED.,.F.,.F.,.F.,(4,4),(2,2),(-1.,0.),(0.,
0.16),.UNSPECIFIED.);
#492=B_SPLINE_SURFACE_WITH_KNOTS('',3,1,((#8862,#8863),(#8864,#8865),(#8866,
#8867),(#8868,#8869)),.UNSPECIFIED.,.F.,.F.,.F.,(4,4),(2,2),(-1.,0.),(0.,
0.16),.UNSPECIFIED.);
#493=B_SPLINE_SURFACE_WITH_KNOTS('',3,1,((#8887,#8888),(#8889,#8890),(#8891,
#8892),(#8893,#8894)),.UNSPECIFIED.,.F.,.F.,.F.,(4,4),(2,2),(-1.,0.),(0.,
0.16),.UNSPECIFIED.);
#494=B_SPLINE_SURFACE_WITH_KNOTS('',3,1,((#8906,#8907),(#8908,#8909),(#8910,
#8911),(#8912,#8913)),.UNSPECIFIED.,.F.,.F.,.F.,(4,4),(2,2),(-1.,0.),(0.,
0.16),.UNSPECIFIED.);
#495=B_SPLINE_SURFACE_WITH_KNOTS('',3,1,((#8973,#8974),(#8975,#8976),(#8977,
#8978),(#8979,#8980)),.UNSPECIFIED.,.F.,.F.,.F.,(4,4),(2,2),(0.,1.),(0.,
0.16),.UNSPECIFIED.);
#496=B_SPLINE_SURFACE_WITH_KNOTS('',3,1,((#8992,#8993),(#8994,#8995),(#8996,
#8997),(#8998,#8999)),.UNSPECIFIED.,.F.,.F.,.F.,(4,4),(2,2),(0.0377846264041371,
1.),(0.,0.16),.UNSPECIFIED.);
#497=B_SPLINE_SURFACE_WITH_KNOTS('',3,1,((#9017,#9018),(#9019,#9020),(#9021,
#9022),(#9023,#9024),(#9025,#9026),(#9027,#9028),(#9029,#9030),(#9031,#9032),
(#9033,#9034),(#9035,#9036),(#9037,#9038),(#9039,#9040),(#9041,#9042),(#9043,
#9044),(#9045,#9046),(#9047,#9048)),.UNSPECIFIED.,.F.,.F.,.F.,(4,3,3,3,
3,4),(2,2),(3.69928763943321E-5,0.519267089071748,0.846747249654383,0.957720444780423,
1.00002065074662,1.0000722785043),(0.,0.16),.UNSPECIFIED.);
#498=B_SPLINE_SURFACE_WITH_KNOTS('',3,1,((#9090,#9091),(#9092,#9093),(#9094,
#9095),(#9096,#9097),(#9098,#9099),(#9100,#9101),(#9102,#9103),(#9104,#9105),
(#9106,#9107),(#9108,#9109)),.UNSPECIFIED.,.F.,.F.,.F.,(4,3,3,4),(2,2),
(-2.26599411162376E-5,-6.47484263055319E-6,0.0333536651083563,1.),(0.,0.16),
 .UNSPECIFIED.);
#499=B_SPLINE_SURFACE_WITH_KNOTS('',3,1,((#9139,#9140),(#9141,#9142),(#9143,
#9144),(#9145,#9146)),.UNSPECIFIED.,.F.,.F.,.F.,(4,4),(2,2),(1.01969293125125E-6,
1.00000000032669),(0.,0.16),.UNSPECIFIED.);
#500=B_SPLINE_SURFACE_WITH_KNOTS('',3,1,((#9164,#9165),(#9166,#9167),(#9168,
#9169),(#9170,#9171),(#9172,#9173),(#9174,#9175),(#9176,#9177)),
 .UNSPECIFIED.,.F.,.F.,.F.,(4,3,4),(2,2),(4.99883453641285E-6,0.775053181843427,
0.999999999967015),(0.,0.16),.UNSPECIFIED.);
#501=B_SPLINE_SURFACE_WITH_KNOTS('',3,1,((#9201,#9202),(#9203,#9204),(#9205,
#9206),(#9207,#9208)),.UNSPECIFIED.,.F.,.F.,.F.,(4,4),(2,2),(2.03959045014591E-6,
1.),(0.,0.16),.UNSPECIFIED.);
#502=B_SPLINE_SURFACE_WITH_KNOTS('',3,1,((#9226,#9227),(#9228,#9229),(#9230,
#9231),(#9232,#9233),(#9234,#9235),(#9236,#9237),(#9238,#9239),(#9240,#9241),
(#9242,#9243),(#9244,#9245)),.UNSPECIFIED.,.F.,.F.,.F.,(4,3,3,4),(2,2),
(-0.000117248709921702,-3.34993242742032E-5,0.102089942170341,1.),(0.,0.16),
 .UNSPECIFIED.);
#503=B_SPLINE_SURFACE_WITH_KNOTS('',3,1,((#9275,#9276),(#9277,#9278),(#9279,
#9280),(#9281,#9282),(#9283,#9284),(#9285,#9286),(#9287,#9288),(#9289,#9290),
(#9291,#9292),(#9293,#9294),(#9295,#9296),(#9297,#9298),(#9299,#9300)),
 .UNSPECIFIED.,.F.,.F.,.F.,(4,3,3,3,4),(2,2),(3.45164082216089E-5,0.706848455909667,
0.971693730336583,1.00002272748532,1.00007954674694),(0.,0.16),
 .UNSPECIFIED.);
#504=B_SPLINE_SURFACE_WITH_KNOTS('',3,1,((#9336,#9337),(#9338,#9339),(#9340,
#9341),(#9342,#9343),(#9344,#9345),(#9346,#9347),(#9348,#9349),(#9350,#9351),
(#9352,#9353),(#9354,#9355)),.UNSPECIFIED.,.F.,.F.,.F.,(4,3,3,4),(2,2),
(-3.17131335091954E-5,-9.0610123522209E-6,0.0348583227007153,1.),(0.,0.16),
 .UNSPECIFIED.);
#505=PLANE('',#5050);
#506=PLANE('',#5051);
#507=PLANE('',#5052);
#508=PLANE('',#5053);
#509=PLANE('',#5054);
#510=PLANE('',#5055);
#511=PLANE('',#5056);
#512=PLANE('',#5057);
#513=PLANE('',#5058);
#514=PLANE('',#5059);
#515=PLANE('',#5060);
#516=PLANE('',#5061);
#517=PLANE('',#5062);
#518=PLANE('',#5063);
#519=PLANE('',#5064);
#520=PLANE('',#5065);
#521=PLANE('',#5066);
#522=PLANE('',#5067);
#523=PLANE('',#5068);
#524=PLANE('',#5069);
#525=PLANE('',#5070);
#526=PLANE('',#5071);
#527=PLANE('',#5072);
#528=PLANE('',#5073);
#529=PLANE('',#5074);
#530=PLANE('',#5075);
#531=PLANE('',#5076);
#532=PLANE('',#5077);
#533=PLANE('',#5078);
#534=PLANE('',#5079);
#535=PLANE('',#5080);
#536=PLANE('',#5081);
#537=PLANE('',#5082);
#538=PLANE('',#5083);
#539=PLANE('',#5084);
#540=PLANE('',#5085);
#541=PLANE('',#5089);
#542=PLANE('',#5090);
#543=PLANE('',#5091);
#544=PLANE('',#5092);
#545=PLANE('',#5093);
#546=PLANE('',#5094);
#547=PLANE('',#5095);
#548=PLANE('',#5096);
#549=PLANE('',#5097);
#550=PLANE('',#5098);
#551=PLANE('',#5099);
#552=PLANE('',#5100);
#553=PLANE('',#5104);
#554=PLANE('',#5105);
#555=PLANE('',#5106);
#556=PLANE('',#5107);
#557=PLANE('',#5108);
#558=PLANE('',#5109);
#559=PLANE('',#5110);
#560=PLANE('',#5111);
#561=PLANE('',#5112);
#562=PLANE('',#5113);
#563=PLANE('',#5114);
#564=PLANE('',#5115);
#565=PLANE('',#5119);
#566=PLANE('',#5120);
#567=PLANE('',#5121);
#568=PLANE('',#5122);
#569=PLANE('',#5123);
#570=PLANE('',#5124);
#571=PLANE('',#5125);
#572=PLANE('',#5126);
#573=PLANE('',#5130);
#574=PLANE('',#5131);
#575=PLANE('',#5132);
#576=PLANE('',#5133);
#577=PLANE('',#5134);
#578=PLANE('',#5135);
#579=PLANE('',#5136);
#580=PLANE('',#5137);
#581=PLANE('',#5138);
#582=PLANE('',#5139);
#583=PLANE('',#5140);
#584=PLANE('',#5141);
#585=PLANE('',#5142);
#586=PLANE('',#5143);
#587=PLANE('',#5144);
#588=PLANE('',#5148);
#589=PLANE('',#5149);
#590=PLANE('',#5150);
#591=PLANE('',#5151);
#592=PLANE('',#5152);
#593=PLANE('',#5153);
#594=PLANE('',#5154);
#595=PLANE('',#5155);
#596=PLANE('',#5156);
#597=PLANE('',#5157);
#598=PLANE('',#5158);
#599=PLANE('',#5159);
#600=PLANE('',#5160);
#601=FACE_OUTER_BOUND('',#851,.T.);
#602=FACE_OUTER_BOUND('',#852,.T.);
#603=FACE_OUTER_BOUND('',#853,.T.);
#604=FACE_OUTER_BOUND('',#854,.T.);
#605=FACE_OUTER_BOUND('',#855,.T.);
#606=FACE_OUTER_BOUND('',#856,.T.);
#607=FACE_OUTER_BOUND('',#857,.T.);
#608=FACE_OUTER_BOUND('',#858,.T.);
#609=FACE_OUTER_BOUND('',#859,.T.);
#610=FACE_OUTER_BOUND('',#860,.T.);
#611=FACE_OUTER_BOUND('',#861,.T.);
#612=FACE_OUTER_BOUND('',#862,.T.);
#613=FACE_OUTER_BOUND('',#863,.T.);
#614=FACE_OUTER_BOUND('',#864,.T.);
#615=FACE_OUTER_BOUND('',#865,.T.);
#616=FACE_OUTER_BOUND('',#866,.T.);
#617=FACE_OUTER_BOUND('',#867,.T.);
#618=FACE_OUTER_BOUND('',#868,.T.);
#619=FACE_OUTER_BOUND('',#869,.T.);
#620=FACE_OUTER_BOUND('',#870,.T.);
#621=FACE_OUTER_BOUND('',#871,.T.);
#622=FACE_OUTER_BOUND('',#872,.T.);
#623=FACE_OUTER_BOUND('',#873,.T.);
#624=FACE_OUTER_BOUND('',#874,.T.);
#625=FACE_OUTER_BOUND('',#875,.T.);
#626=FACE_OUTER_BOUND('',#876,.T.);
#627=FACE_OUTER_BOUND('',#877,.T.);
#628=FACE_OUTER_BOUND('',#878,.T.);
#629=FACE_OUTER_BOUND('',#879,.T.);
#630=FACE_OUTER_BOUND('',#880,.T.);
#631=FACE_OUTER_BOUND('',#881,.T.);
#632=FACE_OUTER_BOUND('',#882,.T.);
#633=FACE_OUTER_BOUND('',#883,.T.);
#634=FACE_OUTER_BOUND('',#884,.T.);
#635=FACE_OUTER_BOUND('',#885,.T.);
#636=FACE_OUTER_BOUND('',#886,.T.);
#637=FACE_OUTER_BOUND('',#887,.T.);
#638=FACE_OUTER_BOUND('',#888,.T.);
#639=FACE_OUTER_BOUND('',#889,.T.);
#640=FACE_OUTER_BOUND('',#890,.T.);
#641=FACE_OUTER_BOUND('',#891,.T.);
#642=FACE_OUTER_BOUND('',#892,.T.);
#643=FACE_OUTER_BOUND('',#893,.T.);
#644=FACE_OUTER_BOUND('',#894,.T.);
#645=FACE_OUTER_BOUND('',#895,.T.);
#646=FACE_OUTER_BOUND('',#896,.T.);
#647=FACE_OUTER_BOUND('',#897,.T.);
#648=FACE_OUTER_BOUND('',#898,.T.);
#649=FACE_OUTER_BOUND('',#899,.T.);
#650=FACE_OUTER_BOUND('',#900,.T.);
#651=FACE_OUTER_BOUND('',#901,.T.);
#652=FACE_OUTER_BOUND('',#902,.T.);
#653=FACE_OUTER_BOUND('',#903,.T.);
#654=FACE_OUTER_BOUND('',#904,.T.);
#655=FACE_OUTER_BOUND('',#905,.T.);
#656=FACE_OUTER_BOUND('',#906,.T.);
#657=FACE_OUTER_BOUND('',#907,.T.);
#658=FACE_OUTER_BOUND('',#908,.T.);
#659=FACE_OUTER_BOUND('',#909,.T.);
#660=FACE_OUTER_BOUND('',#910,.T.);
#661=FACE_OUTER_BOUND('',#911,.T.);
#662=FACE_OUTER_BOUND('',#912,.T.);
#663=FACE_OUTER_BOUND('',#913,.T.);
#664=FACE_OUTER_BOUND('',#914,.T.);
#665=FACE_OUTER_BOUND('',#915,.T.);
#666=FACE_OUTER_BOUND('',#916,.T.);
#667=FACE_OUTER_BOUND('',#917,.T.);
#668=FACE_OUTER_BOUND('',#918,.T.);
#669=FACE_OUTER_BOUND('',#919,.T.);
#670=FACE_OUTER_BOUND('',#920,.T.);
#671=FACE_OUTER_BOUND('',#921,.T.);
#672=FACE_OUTER_BOUND('',#922,.T.);
#673=FACE_OUTER_BOUND('',#923,.T.);
#674=FACE_OUTER_BOUND('',#924,.T.);
#675=FACE_OUTER_BOUND('',#925,.T.);
#676=FACE_OUTER_BOUND('',#926,.T.);
#677=FACE_OUTER_BOUND('',#927,.T.);
#678=FACE_OUTER_BOUND('',#928,.T.);
#679=FACE_OUTER_BOUND('',#929,.T.);
#680=FACE_OUTER_BOUND('',#930,.T.);
#681=FACE_OUTER_BOUND('',#931,.T.);
#682=FACE_OUTER_BOUND('',#932,.T.);
#683=FACE_OUTER_BOUND('',#933,.T.);
#684=FACE_OUTER_BOUND('',#934,.T.);
#685=FACE_OUTER_BOUND('',#935,.T.);
#686=FACE_OUTER_BOUND('',#936,.T.);
#687=FACE_OUTER_BOUND('',#937,.T.);
#688=FACE_OUTER_BOUND('',#938,.T.);
#689=FACE_OUTER_BOUND('',#939,.T.);
#690=FACE_OUTER_BOUND('',#940,.T.);
#691=FACE_OUTER_BOUND('',#941,.T.);
#692=FACE_OUTER_BOUND('',#942,.T.);
#693=FACE_OUTER_BOUND('',#943,.T.);
#694=FACE_OUTER_BOUND('',#944,.T.);
#695=FACE_OUTER_BOUND('',#945,.T.);
#696=FACE_OUTER_BOUND('',#946,.T.);
#697=FACE_OUTER_BOUND('',#947,.T.);
#698=FACE_OUTER_BOUND('',#948,.T.);
#699=FACE_OUTER_BOUND('',#949,.T.);
#700=FACE_OUTER_BOUND('',#950,.T.);
#701=FACE_OUTER_BOUND('',#951,.T.);
#702=FACE_OUTER_BOUND('',#952,.T.);
#703=FACE_OUTER_BOUND('',#953,.T.);
#704=FACE_OUTER_BOUND('',#954,.T.);
#705=FACE_OUTER_BOUND('',#955,.T.);
#706=FACE_OUTER_BOUND('',#956,.T.);
#707=FACE_OUTER_BOUND('',#957,.T.);
#708=FACE_OUTER_BOUND('',#958,.T.);
#709=FACE_OUTER_BOUND('',#959,.T.);
#710=FACE_OUTER_BOUND('',#960,.T.);
#711=FACE_OUTER_BOUND('',#961,.T.);
#712=FACE_OUTER_BOUND('',#962,.T.);
#713=FACE_OUTER_BOUND('',#963,.T.);
#714=FACE_OUTER_BOUND('',#964,.T.);
#715=FACE_OUTER_BOUND('',#965,.T.);
#716=FACE_OUTER_BOUND('',#966,.T.);
#717=FACE_OUTER_BOUND('',#967,.T.);
#718=FACE_OUTER_BOUND('',#968,.T.);
#719=FACE_OUTER_BOUND('',#969,.T.);
#720=FACE_OUTER_BOUND('',#970,.T.);
#721=FACE_OUTER_BOUND('',#971,.T.);
#722=FACE_OUTER_BOUND('',#972,.T.);
#723=FACE_OUTER_BOUND('',#973,.T.);
#724=FACE_OUTER_BOUND('',#974,.T.);
#725=FACE_OUTER_BOUND('',#975,.T.);
#726=FACE_OUTER_BOUND('',#976,.T.);
#727=FACE_OUTER_BOUND('',#977,.T.);
#728=FACE_OUTER_BOUND('',#978,.T.);
#729=FACE_OUTER_BOUND('',#979,.T.);
#730=FACE_OUTER_BOUND('',#980,.T.);
#731=FACE_OUTER_BOUND('',#981,.T.);
#732=FACE_OUTER_BOUND('',#982,.T.);
#733=FACE_OUTER_BOUND('',#983,.T.);
#734=FACE_OUTER_BOUND('',#984,.T.);
#735=FACE_OUTER_BOUND('',#985,.T.);
#736=FACE_OUTER_BOUND('',#986,.T.);
#737=FACE_OUTER_BOUND('',#987,.T.);
#738=FACE_OUTER_BOUND('',#988,.T.);
#739=FACE_OUTER_BOUND('',#989,.T.);
#740=FACE_OUTER_BOUND('',#990,.T.);
#741=FACE_OUTER_BOUND('',#991,.T.);
#742=FACE_OUTER_BOUND('',#992,.T.);
#743=FACE_OUTER_BOUND('',#993,.T.);
#744=FACE_OUTER_BOUND('',#994,.T.);
#745=FACE_OUTER_BOUND('',#995,.T.);
#746=FACE_OUTER_BOUND('',#996,.T.);
#747=FACE_OUTER_BOUND('',#997,.T.);
#748=FACE_OUTER_BOUND('',#998,.T.);
#749=FACE_OUTER_BOUND('',#999,.T.);
#750=FACE_OUTER_BOUND('',#1000,.T.);
#751=FACE_OUTER_BOUND('',#1001,.T.);
#752=FACE_OUTER_BOUND('',#1002,.T.);
#753=FACE_OUTER_BOUND('',#1003,.T.);
#754=FACE_OUTER_BOUND('',#1004,.T.);
#755=FACE_OUTER_BOUND('',#1005,.T.);
#756=FACE_OUTER_BOUND('',#1006,.T.);
#757=FACE_OUTER_BOUND('',#1007,.T.);
#758=FACE_OUTER_BOUND('',#1008,.T.);
#759=FACE_OUTER_BOUND('',#1009,.T.);
#760=FACE_OUTER_BOUND('',#1010,.T.);
#761=FACE_OUTER_BOUND('',#1011,.T.);
#762=FACE_OUTER_BOUND('',#1012,.T.);
#763=FACE_OUTER_BOUND('',#1013,.T.);
#764=FACE_OUTER_BOUND('',#1014,.T.);
#765=FACE_OUTER_BOUND('',#1015,.T.);
#766=FACE_OUTER_BOUND('',#1016,.T.);
#767=FACE_OUTER_BOUND('',#1017,.T.);
#768=FACE_OUTER_BOUND('',#1018,.T.);
#769=FACE_OUTER_BOUND('',#1019,.T.);
#770=FACE_OUTER_BOUND('',#1020,.T.);
#771=FACE_OUTER_BOUND('',#1021,.T.);
#772=FACE_OUTER_BOUND('',#1022,.T.);
#773=FACE_OUTER_BOUND('',#1023,.T.);
#774=FACE_OUTER_BOUND('',#1024,.T.);
#775=FACE_OUTER_BOUND('',#1025,.T.);
#776=FACE_OUTER_BOUND('',#1026,.T.);
#777=FACE_OUTER_BOUND('',#1027,.T.);
#778=FACE_OUTER_BOUND('',#1028,.T.);
#779=FACE_OUTER_BOUND('',#1029,.T.);
#780=FACE_OUTER_BOUND('',#1030,.T.);
#781=FACE_OUTER_BOUND('',#1031,.T.);
#782=FACE_OUTER_BOUND('',#1032,.T.);
#783=FACE_OUTER_BOUND('',#1033,.T.);
#784=FACE_OUTER_BOUND('',#1034,.T.);
#785=FACE_OUTER_BOUND('',#1035,.T.);
#786=FACE_OUTER_BOUND('',#1036,.T.);
#787=FACE_OUTER_BOUND('',#1037,.T.);
#788=FACE_OUTER_BOUND('',#1038,.T.);
#789=FACE_OUTER_BOUND('',#1039,.T.);
#790=FACE_OUTER_BOUND('',#1040,.T.);
#791=FACE_OUTER_BOUND('',#1041,.T.);
#792=FACE_OUTER_BOUND('',#1042,.T.);
#793=FACE_OUTER_BOUND('',#1043,.T.);
#794=FACE_OUTER_BOUND('',#1044,.T.);
#795=FACE_OUTER_BOUND('',#1045,.T.);
#796=FACE_OUTER_BOUND('',#1046,.T.);
#797=FACE_OUTER_BOUND('',#1047,.T.);
#798=FACE_OUTER_BOUND('',#1048,.T.);
#799=FACE_OUTER_BOUND('',#1049,.T.);
#800=FACE_OUTER_BOUND('',#1050,.T.);
#801=FACE_OUTER_BOUND('',#1051,.T.);
#802=FACE_OUTER_BOUND('',#1052,.T.);
#803=FACE_OUTER_BOUND('',#1053,.T.);
#804=FACE_OUTER_BOUND('',#1054,.T.);
#805=FACE_OUTER_BOUND('',#1055,.T.);
#806=FACE_OUTER_BOUND('',#1056,.T.);
#807=FACE_OUTER_BOUND('',#1057,.T.);
#808=FACE_OUTER_BOUND('',#1058,.T.);
#809=FACE_OUTER_BOUND('',#1059,.T.);
#810=FACE_OUTER_BOUND('',#1060,.T.);
#811=FACE_OUTER_BOUND('',#1061,.T.);
#812=FACE_OUTER_BOUND('',#1062,.T.);
#813=FACE_OUTER_BOUND('',#1063,.T.);
#814=FACE_OUTER_BOUND('',#1064,.T.);
#815=FACE_OUTER_BOUND('',#1065,.T.);
#816=FACE_OUTER_BOUND('',#1066,.T.);
#817=FACE_OUTER_BOUND('',#1067,.T.);
#818=FACE_OUTER_BOUND('',#1068,.T.);
#819=FACE_OUTER_BOUND('',#1069,.T.);
#820=FACE_OUTER_BOUND('',#1070,.T.);
#821=FACE_OUTER_BOUND('',#1071,.T.);
#822=FACE_OUTER_BOUND('',#1072,.T.);
#823=FACE_OUTER_BOUND('',#1073,.T.);
#824=FACE_OUTER_BOUND('',#1074,.T.);
#825=FACE_OUTER_BOUND('',#1075,.T.);
#826=FACE_OUTER_BOUND('',#1076,.T.);
#827=FACE_OUTER_BOUND('',#1077,.T.);
#828=FACE_OUTER_BOUND('',#1078,.T.);
#829=FACE_OUTER_BOUND('',#1079,.T.);
#830=FACE_OUTER_BOUND('',#1080,.T.);
#831=FACE_OUTER_BOUND('',#1081,.T.);
#832=FACE_OUTER_BOUND('',#1082,.T.);
#833=FACE_OUTER_BOUND('',#1083,.T.);
#834=FACE_OUTER_BOUND('',#1084,.T.);
#835=FACE_OUTER_BOUND('',#1085,.T.);
#836=FACE_OUTER_BOUND('',#1086,.T.);
#837=FACE_OUTER_BOUND('',#1087,.T.);
#838=FACE_OUTER_BOUND('',#1088,.T.);
#839=FACE_OUTER_BOUND('',#1089,.T.);
#840=FACE_OUTER_BOUND('',#1090,.T.);
#841=FACE_OUTER_BOUND('',#1091,.T.);
#842=FACE_OUTER_BOUND('',#1092,.T.);
#843=FACE_OUTER_BOUND('',#1093,.T.);
#844=FACE_OUTER_BOUND('',#1094,.T.);
#845=FACE_OUTER_BOUND('',#1095,.T.);
#846=FACE_OUTER_BOUND('',#1096,.T.);
#847=FACE_OUTER_BOUND('',#1097,.T.);
#848=FACE_OUTER_BOUND('',#1098,.T.);
#849=FACE_OUTER_BOUND('',#1099,.T.);
#850=FACE_OUTER_BOUND('',#1126,.T.);
#851=EDGE_LOOP('',(#3281,#3282,#3283,#3284));
#852=EDGE_LOOP('',(#3285,#3286,#3287,#3288));
#853=EDGE_LOOP('',(#3289,#3290,#3291,#3292));
#854=EDGE_LOOP('',(#3293,#3294,#3295,#3296));
#855=EDGE_LOOP('',(#3297,#3298,#3299,#3300));
#856=EDGE_LOOP('',(#3301,#3302,#3303,#3304));
#857=EDGE_LOOP('',(#3305,#3306,#3307,#3308));
#858=EDGE_LOOP('',(#3309,#3310,#3311,#3312));
#859=EDGE_LOOP('',(#3313,#3314,#3315,#3316));
#860=EDGE_LOOP('',(#3317,#3318,#3319,#3320));
#861=EDGE_LOOP('',(#3321,#3322,#3323,#3324));
#862=EDGE_LOOP('',(#3325,#3326,#3327,#3328));
#863=EDGE_LOOP('',(#3329,#3330,#3331,#3332));
#864=EDGE_LOOP('',(#3333,#3334,#3335,#3336));
#865=EDGE_LOOP('',(#3337,#3338,#3339,#3340));
#866=EDGE_LOOP('',(#3341,#3342,#3343,#3344));
#867=EDGE_LOOP('',(#3345,#3346,#3347,#3348));
#868=EDGE_LOOP('',(#3349,#3350,#3351,#3352));
#869=EDGE_LOOP('',(#3353,#3354,#3355,#3356));
#870=EDGE_LOOP('',(#3357,#3358,#3359,#3360));
#871=EDGE_LOOP('',(#3361,#3362,#3363,#3364));
#872=EDGE_LOOP('',(#3365,#3366,#3367,#3368));
#873=EDGE_LOOP('',(#3369,#3370,#3371,#3372));
#874=EDGE_LOOP('',(#3373,#3374,#3375,#3376));
#875=EDGE_LOOP('',(#3377,#3378,#3379,#3380));
#876=EDGE_LOOP('',(#3381,#3382,#3383,#3384));
#877=EDGE_LOOP('',(#3385,#3386,#3387,#3388));
#878=EDGE_LOOP('',(#3389,#3390,#3391,#3392));
#879=EDGE_LOOP('',(#3393,#3394,#3395,#3396));
#880=EDGE_LOOP('',(#3397,#3398,#3399,#3400));
#881=EDGE_LOOP('',(#3401,#3402,#3403,#3404));
#882=EDGE_LOOP('',(#3405,#3406,#3407,#3408));
#883=EDGE_LOOP('',(#3409,#3410,#3411,#3412));
#884=EDGE_LOOP('',(#3413,#3414,#3415,#3416));
#885=EDGE_LOOP('',(#3417,#3418,#3419,#3420));
#886=EDGE_LOOP('',(#3421,#3422,#3423,#3424));
#887=EDGE_LOOP('',(#3425,#3426,#3427,#3428));
#888=EDGE_LOOP('',(#3429,#3430,#3431,#3432));
#889=EDGE_LOOP('',(#3433,#3434,#3435,#3436));
#890=EDGE_LOOP('',(#3437,#3438,#3439,#3440));
#891=EDGE_LOOP('',(#3441,#3442,#3443,#3444));
#892=EDGE_LOOP('',(#3445,#3446,#3447,#3448));
#893=EDGE_LOOP('',(#3449,#3450,#3451,#3452));
#894=EDGE_LOOP('',(#3453,#3454,#3455,#3456));
#895=EDGE_LOOP('',(#3457,#3458,#3459,#3460));
#896=EDGE_LOOP('',(#3461,#3462,#3463,#3464));
#897=EDGE_LOOP('',(#3465,#3466,#3467,#3468));
#898=EDGE_LOOP('',(#3469,#3470,#3471,#3472));
#899=EDGE_LOOP('',(#3473,#3474,#3475,#3476));
#900=EDGE_LOOP('',(#3477,#3478,#3479,#3480));
#901=EDGE_LOOP('',(#3481,#3482,#3483,#3484));
#902=EDGE_LOOP('',(#3485,#3486,#3487,#3488));
#903=EDGE_LOOP('',(#3489,#3490,#3491,#3492));
#904=EDGE_LOOP('',(#3493,#3494,#3495,#3496));
#905=EDGE_LOOP('',(#3497,#3498,#3499,#3500));
#906=EDGE_LOOP('',(#3501,#3502,#3503,#3504));
#907=EDGE_LOOP('',(#3505,#3506,#3507,#3508));
#908=EDGE_LOOP('',(#3509,#3510,#3511,#3512));
#909=EDGE_LOOP('',(#3513,#3514,#3515,#3516));
#910=EDGE_LOOP('',(#3517,#3518,#3519,#3520));
#911=EDGE_LOOP('',(#3521,#3522,#3523,#3524));
#912=EDGE_LOOP('',(#3525,#3526,#3527,#3528));
#913=EDGE_LOOP('',(#3529,#3530,#3531,#3532));
#914=EDGE_LOOP('',(#3533,#3534,#3535,#3536));
#915=EDGE_LOOP('',(#3537,#3538,#3539,#3540));
#916=EDGE_LOOP('',(#3541,#3542,#3543,#3544));
#917=EDGE_LOOP('',(#3545,#3546,#3547,#3548));
#918=EDGE_LOOP('',(#3549,#3550,#3551,#3552));
#919=EDGE_LOOP('',(#3553,#3554,#3555,#3556));
#920=EDGE_LOOP('',(#3557,#3558,#3559,#3560));
#921=EDGE_LOOP('',(#3561,#3562,#3563,#3564));
#922=EDGE_LOOP('',(#3565,#3566,#3567,#3568));
#923=EDGE_LOOP('',(#3569,#3570,#3571,#3572));
#924=EDGE_LOOP('',(#3573,#3574,#3575,#3576));
#925=EDGE_LOOP('',(#3577,#3578,#3579,#3580));
#926=EDGE_LOOP('',(#3581,#3582,#3583,#3584));
#927=EDGE_LOOP('',(#3585,#3586,#3587,#3588));
#928=EDGE_LOOP('',(#3589,#3590,#3591,#3592));
#929=EDGE_LOOP('',(#3593,#3594,#3595,#3596));
#930=EDGE_LOOP('',(#3597,#3598,#3599,#3600));
#931=EDGE_LOOP('',(#3601,#3602,#3603,#3604));
#932=EDGE_LOOP('',(#3605,#3606,#3607,#3608));
#933=EDGE_LOOP('',(#3609,#3610,#3611,#3612));
#934=EDGE_LOOP('',(#3613,#3614,#3615,#3616));
#935=EDGE_LOOP('',(#3617,#3618,#3619,#3620));
#936=EDGE_LOOP('',(#3621,#3622,#3623,#3624));
#937=EDGE_LOOP('',(#3625,#3626,#3627,#3628));
#938=EDGE_LOOP('',(#3629,#3630,#3631,#3632));
#939=EDGE_LOOP('',(#3633,#3634,#3635,#3636));
#940=EDGE_LOOP('',(#3637,#3638,#3639,#3640));
#941=EDGE_LOOP('',(#3641,#3642,#3643,#3644));
#942=EDGE_LOOP('',(#3645,#3646,#3647,#3648));
#943=EDGE_LOOP('',(#3649,#3650,#3651,#3652));
#944=EDGE_LOOP('',(#3653,#3654,#3655,#3656));
#945=EDGE_LOOP('',(#3657,#3658,#3659,#3660));
#946=EDGE_LOOP('',(#3661,#3662,#3663,#3664));
#947=EDGE_LOOP('',(#3665,#3666,#3667,#3668));
#948=EDGE_LOOP('',(#3669,#3670,#3671,#3672));
#949=EDGE_LOOP('',(#3673,#3674,#3675,#3676));
#950=EDGE_LOOP('',(#3677,#3678,#3679,#3680));
#951=EDGE_LOOP('',(#3681,#3682,#3683,#3684));
#952=EDGE_LOOP('',(#3685,#3686,#3687,#3688));
#953=EDGE_LOOP('',(#3689,#3690,#3691,#3692));
#954=EDGE_LOOP('',(#3693,#3694,#3695,#3696));
#955=EDGE_LOOP('',(#3697,#3698,#3699,#3700));
#956=EDGE_LOOP('',(#3701,#3702,#3703,#3704));
#957=EDGE_LOOP('',(#3705,#3706,#3707,#3708));
#958=EDGE_LOOP('',(#3709,#3710,#3711,#3712));
#959=EDGE_LOOP('',(#3713,#3714,#3715,#3716));
#960=EDGE_LOOP('',(#3717,#3718,#3719,#3720));
#961=EDGE_LOOP('',(#3721,#3722,#3723,#3724));
#962=EDGE_LOOP('',(#3725,#3726,#3727,#3728));
#963=EDGE_LOOP('',(#3729,#3730,#3731,#3732));
#964=EDGE_LOOP('',(#3733,#3734,#3735,#3736));
#965=EDGE_LOOP('',(#3737,#3738,#3739,#3740));
#966=EDGE_LOOP('',(#3741,#3742,#3743,#3744));
#967=EDGE_LOOP('',(#3745,#3746,#3747,#3748));
#968=EDGE_LOOP('',(#3749,#3750,#3751,#3752));
#969=EDGE_LOOP('',(#3753,#3754,#3755,#3756));
#970=EDGE_LOOP('',(#3757,#3758,#3759,#3760));
#971=EDGE_LOOP('',(#3761,#3762,#3763,#3764));
#972=EDGE_LOOP('',(#3765,#3766,#3767,#3768));
#973=EDGE_LOOP('',(#3769,#3770,#3771,#3772));
#974=EDGE_LOOP('',(#3773,#3774,#3775,#3776));
#975=EDGE_LOOP('',(#3777,#3778,#3779,#3780));
#976=EDGE_LOOP('',(#3781,#3782,#3783,#3784));
#977=EDGE_LOOP('',(#3785,#3786,#3787,#3788));
#978=EDGE_LOOP('',(#3789,#3790,#3791,#3792));
#979=EDGE_LOOP('',(#3793,#3794,#3795,#3796));
#980=EDGE_LOOP('',(#3797,#3798,#3799,#3800));
#981=EDGE_LOOP('',(#3801,#3802,#3803,#3804));
#982=EDGE_LOOP('',(#3805,#3806,#3807,#3808));
#983=EDGE_LOOP('',(#3809,#3810,#3811,#3812));
#984=EDGE_LOOP('',(#3813,#3814,#3815,#3816));
#985=EDGE_LOOP('',(#3817,#3818,#3819,#3820));
#986=EDGE_LOOP('',(#3821,#3822,#3823,#3824));
#987=EDGE_LOOP('',(#3825,#3826,#3827,#3828));
#988=EDGE_LOOP('',(#3829,#3830,#3831,#3832));
#989=EDGE_LOOP('',(#3833,#3834,#3835,#3836));
#990=EDGE_LOOP('',(#3837,#3838,#3839,#3840));
#991=EDGE_LOOP('',(#3841,#3842,#3843,#3844));
#992=EDGE_LOOP('',(#3845,#3846,#3847,#3848));
#993=EDGE_LOOP('',(#3849,#3850,#3851,#3852));
#994=EDGE_LOOP('',(#3853,#3854,#3855,#3856));
#995=EDGE_LOOP('',(#3857,#3858,#3859,#3860));
#996=EDGE_LOOP('',(#3861,#3862,#3863,#3864));
#997=EDGE_LOOP('',(#3865,#3866,#3867,#3868));
#998=EDGE_LOOP('',(#3869,#3870,#3871,#3872));
#999=EDGE_LOOP('',(#3873,#3874,#3875,#3876));
#1000=EDGE_LOOP('',(#3877,#3878,#3879,#3880));
#1001=EDGE_LOOP('',(#3881,#3882,#3883,#3884));
#1002=EDGE_LOOP('',(#3885,#3886,#3887,#3888));
#1003=EDGE_LOOP('',(#3889,#3890,#3891,#3892));
#1004=EDGE_LOOP('',(#3893,#3894,#3895,#3896));
#1005=EDGE_LOOP('',(#3897,#3898,#3899,#3900));
#1006=EDGE_LOOP('',(#3901,#3902,#3903,#3904));
#1007=EDGE_LOOP('',(#3905,#3906,#3907,#3908));
#1008=EDGE_LOOP('',(#3909,#3910,#3911,#3912));
#1009=EDGE_LOOP('',(#3913,#3914,#3915,#3916));
#1010=EDGE_LOOP('',(#3917,#3918,#3919,#3920));
#1011=EDGE_LOOP('',(#3921,#3922,#3923,#3924));
#1012=EDGE_LOOP('',(#3925,#3926,#3927,#3928));
#1013=EDGE_LOOP('',(#3929,#3930,#3931,#3932));
#1014=EDGE_LOOP('',(#3933,#3934,#3935,#3936));
#1015=EDGE_LOOP('',(#3937,#3938,#3939,#3940));
#1016=EDGE_LOOP('',(#3941,#3942,#3943,#3944));
#1017=EDGE_LOOP('',(#3945,#3946,#3947,#3948));
#1018=EDGE_LOOP('',(#3949,#3950,#3951,#3952));
#1019=EDGE_LOOP('',(#3953,#3954,#3955,#3956));
#1020=EDGE_LOOP('',(#3957,#3958,#3959,#3960));
#1021=EDGE_LOOP('',(#3961,#3962,#3963,#3964));
#1022=EDGE_LOOP('',(#3965,#3966,#3967,#3968));
#1023=EDGE_LOOP('',(#3969,#3970,#3971,#3972));
#1024=EDGE_LOOP('',(#3973,#3974,#3975,#3976));
#1025=EDGE_LOOP('',(#3977,#3978,#3979,#3980));
#1026=EDGE_LOOP('',(#3981,#3982,#3983,#3984));
#1027=EDGE_LOOP('',(#3985,#3986,#3987,#3988));
#1028=EDGE_LOOP('',(#3989,#3990,#3991,#3992));
#1029=EDGE_LOOP('',(#3993,#3994,#3995,#3996));
#1030=EDGE_LOOP('',(#3997,#3998,#3999,#4000));
#1031=EDGE_LOOP('',(#4001,#4002,#4003,#4004));
#1032=EDGE_LOOP('',(#4005,#4006,#4007,#4008));
#1033=EDGE_LOOP('',(#4009,#4010,#4011,#4012));
#1034=EDGE_LOOP('',(#4013,#4014,#4015,#4016));
#1035=EDGE_LOOP('',(#4017,#4018,#4019,#4020));
#1036=EDGE_LOOP('',(#4021,#4022,#4023,#4024));
#1037=EDGE_LOOP('',(#4025,#4026,#4027,#4028));
#1038=EDGE_LOOP('',(#4029,#4030,#4031,#4032));
#1039=EDGE_LOOP('',(#4033,#4034,#4035,#4036));
#1040=EDGE_LOOP('',(#4037,#4038,#4039,#4040));
#1041=EDGE_LOOP('',(#4041,#4042,#4043,#4044));
#1042=EDGE_LOOP('',(#4045,#4046,#4047,#4048));
#1043=EDGE_LOOP('',(#4049,#4050,#4051,#4052));
#1044=EDGE_LOOP('',(#4053,#4054,#4055,#4056));
#1045=EDGE_LOOP('',(#4057,#4058,#4059,#4060));
#1046=EDGE_LOOP('',(#4061,#4062,#4063,#4064));
#1047=EDGE_LOOP('',(#4065,#4066,#4067,#4068));
#1048=EDGE_LOOP('',(#4069,#4070,#4071,#4072));
#1049=EDGE_LOOP('',(#4073,#4074,#4075,#4076));
#1050=EDGE_LOOP('',(#4077,#4078,#4079,#4080));
#1051=EDGE_LOOP('',(#4081,#4082,#4083,#4084));
#1052=EDGE_LOOP('',(#4085,#4086,#4087,#4088));
#1053=EDGE_LOOP('',(#4089,#4090,#4091,#4092));
#1054=EDGE_LOOP('',(#4093,#4094,#4095,#4096));
#1055=EDGE_LOOP('',(#4097,#4098,#4099,#4100));
#1056=EDGE_LOOP('',(#4101,#4102,#4103,#4104));
#1057=EDGE_LOOP('',(#4105,#4106,#4107,#4108));
#1058=EDGE_LOOP('',(#4109,#4110,#4111,#4112));
#1059=EDGE_LOOP('',(#4113,#4114,#4115,#4116));
#1060=EDGE_LOOP('',(#4117,#4118,#4119,#4120));
#1061=EDGE_LOOP('',(#4121,#4122,#4123,#4124));
#1062=EDGE_LOOP('',(#4125,#4126,#4127,#4128));
#1063=EDGE_LOOP('',(#4129,#4130,#4131,#4132));
#1064=EDGE_LOOP('',(#4133,#4134,#4135,#4136));
#1065=EDGE_LOOP('',(#4137,#4138,#4139,#4140));
#1066=EDGE_LOOP('',(#4141,#4142,#4143,#4144));
#1067=EDGE_LOOP('',(#4145,#4146,#4147,#4148));
#1068=EDGE_LOOP('',(#4149,#4150,#4151,#4152));
#1069=EDGE_LOOP('',(#4153,#4154,#4155,#4156));
#1070=EDGE_LOOP('',(#4157,#4158,#4159,#4160));
#1071=EDGE_LOOP('',(#4161,#4162,#4163,#4164));
#1072=EDGE_LOOP('',(#4165,#4166,#4167,#4168));
#1073=EDGE_LOOP('',(#4169,#4170,#4171,#4172));
#1074=EDGE_LOOP('',(#4173,#4174,#4175,#4176));
#1075=EDGE_LOOP('',(#4177,#4178,#4179,#4180));
#1076=EDGE_LOOP('',(#4181,#4182,#4183,#4184));
#1077=EDGE_LOOP('',(#4185,#4186,#4187,#4188));
#1078=EDGE_LOOP('',(#4189,#4190,#4191,#4192));
#1079=EDGE_LOOP('',(#4193,#4194,#4195,#4196));
#1080=EDGE_LOOP('',(#4197,#4198,#4199,#4200));
#1081=EDGE_LOOP('',(#4201,#4202,#4203,#4204));
#1082=EDGE_LOOP('',(#4205,#4206,#4207,#4208));
#1083=EDGE_LOOP('',(#4209,#4210,#4211,#4212));
#1084=EDGE_LOOP('',(#4213,#4214,#4215,#4216));
#1085=EDGE_LOOP('',(#4217,#4218,#4219,#4220));
#1086=EDGE_LOOP('',(#4221,#4222,#4223,#4224));
#1087=EDGE_LOOP('',(#4225,#4226,#4227,#4228));
#1088=EDGE_LOOP('',(#4229,#4230,#4231,#4232));
#1089=EDGE_LOOP('',(#4233,#4234,#4235,#4236));
#1090=EDGE_LOOP('',(#4237,#4238,#4239,#4240));
#1091=EDGE_LOOP('',(#4241,#4242,#4243,#4244));
#1092=EDGE_LOOP('',(#4245,#4246,#4247,#4248));
#1093=EDGE_LOOP('',(#4249,#4250,#4251,#4252));
#1094=EDGE_LOOP('',(#4253,#4254,#4255,#4256));
#1095=EDGE_LOOP('',(#4257,#4258,#4259,#4260));
#1096=EDGE_LOOP('',(#4261,#4262,#4263,#4264));
#1097=EDGE_LOOP('',(#4265,#4266,#4267,#4268));
#1098=EDGE_LOOP('',(#4269,#4270,#4271,#4272));
#1099=EDGE_LOOP('',(#4273,#4274,#4275,#4276,#4277,#4278,#4279,#4280,#4281,
#4282,#4283,#4284,#4285,#4286,#4287,#4288,#4289,#4290,#4291,#4292,#4293,
#4294,#4295,#4296,#4297,#4298,#4299,#4300,#4301));
#1100=EDGE_LOOP('',(#4302,#4303,#4304,#4305,#4306,#4307,#4308,#4309,#4310,
#4311,#4312,#4313));
#1101=EDGE_LOOP('',(#4314,#4315,#4316,#4317,#4318,#4319,#4320,#4321,#4322,
#4323,#4324,#4325));
#1102=EDGE_LOOP('',(#4326));
#1103=EDGE_LOOP('',(#4327,#4328,#4329,#4330));
#1104=EDGE_LOOP('',(#4331,#4332,#4333,#4334,#4335,#4336,#4337,#4338,#4339,
#4340,#4341,#4342));
#1105=EDGE_LOOP('',(#4343));
#1106=EDGE_LOOP('',(#4344,#4345,#4346,#4347,#4348,#4349,#4350,#4351,#4352,
#4353,#4354,#4355));
#1107=EDGE_LOOP('',(#4356,#4357,#4358,#4359,#4360,#4361,#4362,#4363,#4364,
#4365,#4366,#4367));
#1108=EDGE_LOOP('',(#4368,#4369,#4370,#4371,#4372,#4373,#4374,#4375));
#1109=EDGE_LOOP('',(#4376));
#1110=EDGE_LOOP('',(#4377,#4378,#4379,#4380,#4381,#4382,#4383,#4384,#4385,
#4386,#4387,#4388));
#1111=EDGE_LOOP('',(#4389,#4390,#4391,#4392,#4393,#4394,#4395,#4396,#4397,
#4398,#4399,#4400));
#1112=EDGE_LOOP('',(#4401,#4402,#4403,#4404,#4405,#4406,#4407,#4408,#4409,
#4410,#4411,#4412));
#1113=EDGE_LOOP('',(#4413));
#1114=EDGE_LOOP('',(#4414,#4415,#4416,#4417,#4418,#4419,#4420,#4421,#4422,
#4423,#4424,#4425));
#1115=EDGE_LOOP('',(#4426,#4427,#4428,#4429,#4430,#4431,#4432,#4433,#4434,
#4435,#4436,#4437));
#1116=EDGE_LOOP('',(#4438,#4439,#4440,#4441,#4442,#4443,#4444,#4445,#4446,
#4447,#4448,#4449));
#1117=EDGE_LOOP('',(#4450,#4451,#4452,#4453,#4454,#4455,#4456,#4457,#4458,
#4459,#4460,#4461));
#1118=EDGE_LOOP('',(#4462,#4463,#4464,#4465,#4466,#4467,#4468,#4469,#4470,
#4471,#4472,#4473));
#1119=EDGE_LOOP('',(#4474,#4475,#4476,#4477,#4478,#4479,#4480,#4481,#4482,
#4483,#4484,#4485));
#1120=EDGE_LOOP('',(#4486,#4487,#4488,#4489,#4490,#4491,#4492,#4493,#4494,
#4495,#4496,#4497));
#1121=EDGE_LOOP('',(#4498,#4499,#4500,#4501,#4502,#4503,#4504,#4505,#4506,
#4507,#4508,#4509));
#1122=EDGE_LOOP('',(#4510,#4511,#4512,#4513,#4514,#4515,#4516,#4517));
#1123=EDGE_LOOP('',(#4518));
#1124=EDGE_LOOP('',(#4519));
#1125=EDGE_LOOP('',(#4520));
#1126=EDGE_LOOP('',(#4521,#4522,#4523,#4524,#4525,#4526,#4527,#4528,#4529,
#4530,#4531,#4532,#4533,#4534,#4535,#4536,#4537,#4538,#4539,#4540,#4541,
#4542,#4543,#4544,#4545,#4546,#4547,#4548,#4549));
#1127=EDGE_LOOP('',(#4550,#4551,#4552,#4553,#4554,#4555,#4556,#4557,#4558,
#4559,#4560,#4561));
#1128=EDGE_LOOP('',(#4562,#4563,#4564,#4565,#4566,#4567,#4568,#4569,#4570,
#4571,#4572,#4573));
#1129=EDGE_LOOP('',(#4574));
#1130=EDGE_LOOP('',(#4575,#4576,#4577,#4578));
#1131=EDGE_LOOP('',(#4579,#4580,#4581,#4582,#4583,#4584,#4585,#4586,#4587,
#4588,#4589,#4590));
#1132=EDGE_LOOP('',(#4591));
#1133=EDGE_LOOP('',(#4592,#4593,#4594,#4595,#4596,#4597,#4598,#4599,#4600,
#4601,#4602,#4603));
#1134=EDGE_LOOP('',(#4604,#4605,#4606,#4607,#4608,#4609,#4610,#4611,#4612,
#4613,#4614,#4615));
#1135=EDGE_LOOP('',(#4616,#4617,#4618,#4619,#4620,#4621,#4622,#4623));
#1136=EDGE_LOOP('',(#4624));
#1137=EDGE_LOOP('',(#4625,#4626,#4627,#4628,#4629,#4630,#4631,#4632,#4633,
#4634,#4635,#4636));
#1138=EDGE_LOOP('',(#4637,#4638,#4639,#4640,#4641,#4642,#4643,#4644,#4645,
#4646,#4647,#4648));
#1139=EDGE_LOOP('',(#4649,#4650,#4651,#4652,#4653,#4654,#4655,#4656,#4657,
#4658,#4659,#4660));
#1140=EDGE_LOOP('',(#4661));
#1141=EDGE_LOOP('',(#4662,#4663,#4664,#4665,#4666,#4667,#4668,#4669,#4670,
#4671,#4672,#4673));
#1142=EDGE_LOOP('',(#4674,#4675,#4676,#4677,#4678,#4679,#4680,#4681,#4682,
#4683,#4684,#4685));
#1143=EDGE_LOOP('',(#4686,#4687,#4688,#4689,#4690,#4691,#4692,#4693,#4694,
#4695,#4696,#4697));
#1144=EDGE_LOOP('',(#4698,#4699,#4700,#4701,#4702,#4703,#4704,#4705,#4706,
#4707,#4708,#4709));
#1145=EDGE_LOOP('',(#4710,#4711,#4712,#4713,#4714,#4715,#4716,#4717,#4718,
#4719,#4720,#4721));
#1146=EDGE_LOOP('',(#4722,#4723,#4724,#4725,#4726,#4727,#4728,#4729,#4730,
#4731,#4732,#4733));
#1147=EDGE_LOOP('',(#4734,#4735,#4736,#4737,#4738,#4739,#4740,#4741,#4742,
#4743,#4744,#4745));
#1148=EDGE_LOOP('',(#4746,#4747,#4748,#4749,#4750,#4751,#4752,#4753,#4754,
#4755,#4756,#4757));
#1149=EDGE_LOOP('',(#4758,#4759,#4760,#4761,#4762,#4763,#4764,#4765));
#1150=EDGE_LOOP('',(#4766));
#1151=EDGE_LOOP('',(#4767));
#1152=EDGE_LOOP('',(#4768));
#1153=LINE('',#5844,#1589);
#1154=LINE('',#5850,#1590);
#1155=LINE('',#5856,#1591);
#1156=LINE('',#5861,#1592);
#1157=LINE('',#5863,#1593);
#1158=LINE('',#5865,#1594);
#1159=LINE('',#5866,#1595);
#1160=LINE('',#5885,#1596);
#1161=LINE('',#5888,#1597);
#1162=LINE('',#5890,#1598);
#1163=LINE('',#5891,#1599);
#1164=LINE('',#5910,#1600);
#1165=LINE('',#5913,#1601);
#1166=LINE('',#5915,#1602);
#1167=LINE('',#5916,#1603);
#1168=LINE('',#5935,#1604);
#1169=LINE('',#5938,#1605);
#1170=LINE('',#5940,#1606);
#1171=LINE('',#5941,#1607);
#1172=LINE('',#5961,#1608);
#1173=LINE('',#5963,#1609);
#1174=LINE('',#5965,#1610);
#1175=LINE('',#5966,#1611);
#1176=LINE('',#5985,#1612);
#1177=LINE('',#6004,#1613);
#1178=LINE('',#6007,#1614);
#1179=LINE('',#6009,#1615);
#1180=LINE('',#6010,#1616);
#1181=LINE('',#6029,#1617);
#1182=LINE('',#6048,#1618);
#1183=LINE('',#6051,#1619);
#1184=LINE('',#6053,#1620);
#1185=LINE('',#6054,#1621);
#1186=LINE('',#6073,#1622);
#1187=LINE('',#6092,#1623);
#1188=LINE('',#6095,#1624);
#1189=LINE('',#6097,#1625);
#1190=LINE('',#6098,#1626);
#1191=LINE('',#6117,#1627);
#1192=LINE('',#6137,#1628);
#1193=LINE('',#6139,#1629);
#1194=LINE('',#6141,#1630);
#1195=LINE('',#6142,#1631);
#1196=LINE('',#6161,#1632);
#1197=LINE('',#6180,#1633);
#1198=LINE('',#6183,#1634);
#1199=LINE('',#6185,#1635);
#1200=LINE('',#6186,#1636);
#1201=LINE('',#6205,#1637);
#1202=LINE('',#6224,#1638);
#1203=LINE('',#6227,#1639);
#1204=LINE('',#6229,#1640);
#1205=LINE('',#6230,#1641);
#1206=LINE('',#6249,#1642);
#1207=LINE('',#6268,#1643);
#1208=LINE('',#6271,#1644);
#1209=LINE('',#6273,#1645);
#1210=LINE('',#6274,#1646);
#1211=LINE('',#6293,#1647);
#1212=LINE('',#6313,#1648);
#1213=LINE('',#6315,#1649);
#1214=LINE('',#6317,#1650);
#1215=LINE('',#6318,#1651);
#1216=LINE('',#6337,#1652);
#1217=LINE('',#6356,#1653);
#1218=LINE('',#6359,#1654);
#1219=LINE('',#6361,#1655);
#1220=LINE('',#6362,#1656);
#1221=LINE('',#6381,#1657);
#1222=LINE('',#6400,#1658);
#1223=LINE('',#6403,#1659);
#1224=LINE('',#6405,#1660);
#1225=LINE('',#6406,#1661);
#1226=LINE('',#6425,#1662);
#1227=LINE('',#6444,#1663);
#1228=LINE('',#6447,#1664);
#1229=LINE('',#6449,#1665);
#1230=LINE('',#6450,#1666);
#1231=LINE('',#6469,#1667);
#1232=LINE('',#6489,#1668);
#1233=LINE('',#6491,#1669);
#1234=LINE('',#6493,#1670);
#1235=LINE('',#6494,#1671);
#1236=LINE('',#6513,#1672);
#1237=LINE('',#6532,#1673);
#1238=LINE('',#6535,#1674);
#1239=LINE('',#6537,#1675);
#1240=LINE('',#6538,#1676);
#1241=LINE('',#6557,#1677);
#1242=LINE('',#6576,#1678);
#1243=LINE('',#6579,#1679);
#1244=LINE('',#6581,#1680);
#1245=LINE('',#6582,#1681);
#1246=LINE('',#6601,#1682);
#1247=LINE('',#6620,#1683);
#1248=LINE('',#6623,#1684);
#1249=LINE('',#6625,#1685);
#1250=LINE('',#6626,#1686);
#1251=LINE('',#6645,#1687);
#1252=LINE('',#6665,#1688);
#1253=LINE('',#6667,#1689);
#1254=LINE('',#6669,#1690);
#1255=LINE('',#6670,#1691);
#1256=LINE('',#6689,#1692);
#1257=LINE('',#6708,#1693);
#1258=LINE('',#6711,#1694);
#1259=LINE('',#6713,#1695);
#1260=LINE('',#6714,#1696);
#1261=LINE('',#6733,#1697);
#1262=LINE('',#6752,#1698);
#1263=LINE('',#6755,#1699);
#1264=LINE('',#6757,#1700);
#1265=LINE('',#6758,#1701);
#1266=LINE('',#6777,#1702);
#1267=LINE('',#6796,#1703);
#1268=LINE('',#6799,#1704);
#1269=LINE('',#6801,#1705);
#1270=LINE('',#6802,#1706);
#1271=LINE('',#6821,#1707);
#1272=LINE('',#6841,#1708);
#1273=LINE('',#6843,#1709);
#1274=LINE('',#6845,#1710);
#1275=LINE('',#6846,#1711);
#1276=LINE('',#6865,#1712);
#1277=LINE('',#6884,#1713);
#1278=LINE('',#6887,#1714);
#1279=LINE('',#6889,#1715);
#1280=LINE('',#6890,#1716);
#1281=LINE('',#6909,#1717);
#1282=LINE('',#6928,#1718);
#1283=LINE('',#6931,#1719);
#1284=LINE('',#6933,#1720);
#1285=LINE('',#6934,#1721);
#1286=LINE('',#6953,#1722);
#1287=LINE('',#6972,#1723);
#1288=LINE('',#6975,#1724);
#1289=LINE('',#6977,#1725);
#1290=LINE('',#6978,#1726);
#1291=LINE('',#6997,#1727);
#1292=LINE('',#7017,#1728);
#1293=LINE('',#7019,#1729);
#1294=LINE('',#7021,#1730);
#1295=LINE('',#7022,#1731);
#1296=LINE('',#7041,#1732);
#1297=LINE('',#7060,#1733);
#1298=LINE('',#7063,#1734);
#1299=LINE('',#7065,#1735);
#1300=LINE('',#7066,#1736);
#1301=LINE('',#7085,#1737);
#1302=LINE('',#7104,#1738);
#1303=LINE('',#7107,#1739);
#1304=LINE('',#7109,#1740);
#1305=LINE('',#7110,#1741);
#1306=LINE('',#7129,#1742);
#1307=LINE('',#7148,#1743);
#1308=LINE('',#7151,#1744);
#1309=LINE('',#7153,#1745);
#1310=LINE('',#7154,#1746);
#1311=LINE('',#7173,#1747);
#1312=LINE('',#7193,#1748);
#1313=LINE('',#7195,#1749);
#1314=LINE('',#7197,#1750);
#1315=LINE('',#7198,#1751);
#1316=LINE('',#7217,#1752);
#1317=LINE('',#7236,#1753);
#1318=LINE('',#7239,#1754);
#1319=LINE('',#7241,#1755);
#1320=LINE('',#7242,#1756);
#1321=LINE('',#7261,#1757);
#1322=LINE('',#7280,#1758);
#1323=LINE('',#7283,#1759);
#1324=LINE('',#7285,#1760);
#1325=LINE('',#7286,#1761);
#1326=LINE('',#7305,#1762);
#1327=LINE('',#7324,#1763);
#1328=LINE('',#7327,#1764);
#1329=LINE('',#7329,#1765);
#1330=LINE('',#7330,#1766);
#1331=LINE('',#7349,#1767);
#1332=LINE('',#7370,#1768);
#1333=LINE('',#7375,#1769);
#1334=LINE('',#7377,#1770);
#1335=LINE('',#7379,#1771);
#1336=LINE('',#7380,#1772);
#1337=LINE('',#7399,#1773);
#1338=LINE('',#7418,#1774);
#1339=LINE('',#7421,#1775);
#1340=LINE('',#7423,#1776);
#1341=LINE('',#7424,#1777);
#1342=LINE('',#7443,#1778);
#1343=LINE('',#7462,#1779);
#1344=LINE('',#7465,#1780);
#1345=LINE('',#7467,#1781);
#1346=LINE('',#7468,#1782);
#1347=LINE('',#7487,#1783);
#1348=LINE('',#7506,#1784);
#1349=LINE('',#7509,#1785);
#1350=LINE('',#7511,#1786);
#1351=LINE('',#7512,#1787);
#1352=LINE('',#7531,#1788);
#1353=LINE('',#7551,#1789);
#1354=LINE('',#7553,#1790);
#1355=LINE('',#7555,#1791);
#1356=LINE('',#7556,#1792);
#1357=LINE('',#7575,#1793);
#1358=LINE('',#7594,#1794);
#1359=LINE('',#7597,#1795);
#1360=LINE('',#7599,#1796);
#1361=LINE('',#7600,#1797);
#1362=LINE('',#7619,#1798);
#1363=LINE('',#7638,#1799);
#1364=LINE('',#7641,#1800);
#1365=LINE('',#7643,#1801);
#1366=LINE('',#7644,#1802);
#1367=LINE('',#7663,#1803);
#1368=LINE('',#7682,#1804);
#1369=LINE('',#7685,#1805);
#1370=LINE('',#7687,#1806);
#1371=LINE('',#7688,#1807);
#1372=LINE('',#7707,#1808);
#1373=LINE('',#7727,#1809);
#1374=LINE('',#7729,#1810);
#1375=LINE('',#7731,#1811);
#1376=LINE('',#7732,#1812);
#1377=LINE('',#7751,#1813);
#1378=LINE('',#7770,#1814);
#1379=LINE('',#7773,#1815);
#1380=LINE('',#7775,#1816);
#1381=LINE('',#7776,#1817);
#1382=LINE('',#7795,#1818);
#1383=LINE('',#7814,#1819);
#1384=LINE('',#7817,#1820);
#1385=LINE('',#7819,#1821);
#1386=LINE('',#7820,#1822);
#1387=LINE('',#7839,#1823);
#1388=LINE('',#7858,#1824);
#1389=LINE('',#7861,#1825);
#1390=LINE('',#7863,#1826);
#1391=LINE('',#7864,#1827);
#1392=LINE('',#7883,#1828);
#1393=LINE('',#7904,#1829);
#1394=LINE('',#7909,#1830);
#1395=LINE('',#7911,#1831);
#1396=LINE('',#7913,#1832);
#1397=LINE('',#7914,#1833);
#1398=LINE('',#7933,#1834);
#1399=LINE('',#7936,#1835);
#1400=LINE('',#7938,#1836);
#1401=LINE('',#7939,#1837);
#1402=LINE('',#7958,#1838);
#1403=LINE('',#7961,#1839);
#1404=LINE('',#7963,#1840);
#1405=LINE('',#7964,#1841);
#1406=LINE('',#7983,#1842);
#1407=LINE('',#7986,#1843);
#1408=LINE('',#7988,#1844);
#1409=LINE('',#7989,#1845);
#1410=LINE('',#8009,#1846);
#1411=LINE('',#8011,#1847);
#1412=LINE('',#8013,#1848);
#1413=LINE('',#8014,#1849);
#1414=LINE('',#8033,#1850);
#1415=LINE('',#8052,#1851);
#1416=LINE('',#8055,#1852);
#1417=LINE('',#8057,#1853);
#1418=LINE('',#8058,#1854);
#1419=LINE('',#8077,#1855);
#1420=LINE('',#8096,#1856);
#1421=LINE('',#8099,#1857);
#1422=LINE('',#8101,#1858);
#1423=LINE('',#8102,#1859);
#1424=LINE('',#8121,#1860);
#1425=LINE('',#8140,#1861);
#1426=LINE('',#8143,#1862);
#1427=LINE('',#8145,#1863);
#1428=LINE('',#8146,#1864);
#1429=LINE('',#8165,#1865);
#1430=LINE('',#8185,#1866);
#1431=LINE('',#8187,#1867);
#1432=LINE('',#8189,#1868);
#1433=LINE('',#8190,#1869);
#1434=LINE('',#8209,#1870);
#1435=LINE('',#8228,#1871);
#1436=LINE('',#8231,#1872);
#1437=LINE('',#8233,#1873);
#1438=LINE('',#8234,#1874);
#1439=LINE('',#8253,#1875);
#1440=LINE('',#8272,#1876);
#1441=LINE('',#8275,#1877);
#1442=LINE('',#8277,#1878);
#1443=LINE('',#8278,#1879);
#1444=LINE('',#8297,#1880);
#1445=LINE('',#8316,#1881);
#1446=LINE('',#8319,#1882);
#1447=LINE('',#8321,#1883);
#1448=LINE('',#8322,#1884);
#1449=LINE('',#8341,#1885);
#1450=LINE('',#8362,#1886);
#1451=LINE('',#8367,#1887);
#1452=LINE('',#8369,#1888);
#1453=LINE('',#8371,#1889);
#1454=LINE('',#8372,#1890);
#1455=LINE('',#8391,#1891);
#1456=LINE('',#8410,#1892);
#1457=LINE('',#8413,#1893);
#1458=LINE('',#8415,#1894);
#1459=LINE('',#8416,#1895);
#1460=LINE('',#8435,#1896);
#1461=LINE('',#8454,#1897);
#1462=LINE('',#8457,#1898);
#1463=LINE('',#8459,#1899);
#1464=LINE('',#8460,#1900);
#1465=LINE('',#8479,#1901);
#1466=LINE('',#8498,#1902);
#1467=LINE('',#8501,#1903);
#1468=LINE('',#8503,#1904);
#1469=LINE('',#8504,#1905);
#1470=LINE('',#8523,#1906);
#1471=LINE('',#8543,#1907);
#1472=LINE('',#8545,#1908);
#1473=LINE('',#8547,#1909);
#1474=LINE('',#8548,#1910);
#1475=LINE('',#8551,#1911);
#1476=LINE('',#8553,#1912);
#1477=LINE('',#8554,#1913);
#1478=LINE('',#8557,#1914);
#1479=LINE('',#8559,#1915);
#1480=LINE('',#8560,#1916);
#1481=LINE('',#8562,#1917);
#1482=LINE('',#8563,#1918);
#1483=LINE('',#8568,#1919);
#1484=LINE('',#8573,#1920);
#1485=LINE('',#8575,#1921);
#1486=LINE('',#8577,#1922);
#1487=LINE('',#8578,#1923);
#1488=LINE('',#8597,#1924);
#1489=LINE('',#8616,#1925);
#1490=LINE('',#8619,#1926);
#1491=LINE('',#8621,#1927);
#1492=LINE('',#8622,#1928);
#1493=LINE('',#8641,#1929);
#1494=LINE('',#8660,#1930);
#1495=LINE('',#8663,#1931);
#1496=LINE('',#8665,#1932);
#1497=LINE('',#8666,#1933);
#1498=LINE('',#8685,#1934);
#1499=LINE('',#8704,#1935);
#1500=LINE('',#8707,#1936);
#1501=LINE('',#8709,#1937);
#1502=LINE('',#8710,#1938);
#1503=LINE('',#8729,#1939);
#1504=LINE('',#8749,#1940);
#1505=LINE('',#8751,#1941);
#1506=LINE('',#8753,#1942);
#1507=LINE('',#8754,#1943);
#1508=LINE('',#8773,#1944);
#1509=LINE('',#8792,#1945);
#1510=LINE('',#8795,#1946);
#1511=LINE('',#8797,#1947);
#1512=LINE('',#8798,#1948);
#1513=LINE('',#8817,#1949);
#1514=LINE('',#8836,#1950);
#1515=LINE('',#8839,#1951);
#1516=LINE('',#8841,#1952);
#1517=LINE('',#8842,#1953);
#1518=LINE('',#8861,#1954);
#1519=LINE('',#8880,#1955);
#1520=LINE('',#8883,#1956);
#1521=LINE('',#8885,#1957);
#1522=LINE('',#8886,#1958);
#1523=LINE('',#8905,#1959);
#1524=LINE('',#8925,#1960);
#1525=LINE('',#8927,#1961);
#1526=LINE('',#8929,#1962);
#1527=LINE('',#8930,#1963);
#1528=LINE('',#8933,#1964);
#1529=LINE('',#8935,#1965);
#1530=LINE('',#8936,#1966);
#1531=LINE('',#8939,#1967);
#1532=LINE('',#8941,#1968);
#1533=LINE('',#8942,#1969);
#1534=LINE('',#8945,#1970);
#1535=LINE('',#8947,#1971);
#1536=LINE('',#8948,#1972);
#1537=LINE('',#8951,#1973);
#1538=LINE('',#8953,#1974);
#1539=LINE('',#8954,#1975);
#1540=LINE('',#8957,#1976);
#1541=LINE('',#8959,#1977);
#1542=LINE('',#8960,#1978);
#1543=LINE('',#8963,#1979);
#1544=LINE('',#8965,#1980);
#1545=LINE('',#8966,#1981);
#1546=LINE('',#8972,#1982);
#1547=LINE('',#8991,#1983);
#1548=LINE('',#9010,#1984);
#1549=LINE('',#9013,#1985);
#1550=LINE('',#9015,#1986);
#1551=LINE('',#9016,#1987);
#1552=LINE('',#9083,#1988);
#1553=LINE('',#9086,#1989);
#1554=LINE('',#9088,#1990);
#1555=LINE('',#9089,#1991);
#1556=LINE('',#9132,#1992);
#1557=LINE('',#9135,#1993);
#1558=LINE('',#9137,#1994);
#1559=LINE('',#9138,#1995);
#1560=LINE('',#9157,#1996);
#1561=LINE('',#9160,#1997);
#1562=LINE('',#9162,#1998);
#1563=LINE('',#9163,#1999);
#1564=LINE('',#9194,#2000);
#1565=LINE('',#9197,#2001);
#1566=LINE('',#9199,#2002);
#1567=LINE('',#9200,#2003);
#1568=LINE('',#9219,#2004);
#1569=LINE('',#9222,#2005);
#1570=LINE('',#9224,#2006);
#1571=LINE('',#9225,#2007);
#1572=LINE('',#9268,#2008);
#1573=LINE('',#9271,#2009);
#1574=LINE('',#9273,#2010);
#1575=LINE('',#9274,#2011);
#1576=LINE('',#9329,#2012);
#1577=LINE('',#9332,#2013);
#1578=LINE('',#9334,#2014);
#1579=LINE('',#9335,#2015);
#1580=LINE('',#9378,#2016);
#1581=LINE('',#9381,#2017);
#1582=LINE('',#9383,#2018);
#1583=LINE('',#9384,#2019);
#1584=LINE('',#9387,#2020);
#1585=LINE('',#9389,#2021);
#1586=LINE('',#9390,#2022);
#1587=LINE('',#9392,#2023);
#1588=LINE('',#9393,#2024);
#1589=VECTOR('',#5167,1.25);
#1590=VECTOR('',#5174,1.25);
#1591=VECTOR('',#5181,1.25);
#1592=VECTOR('',#5186,10.);
#1593=VECTOR('',#5187,10.);
#1594=VECTOR('',#5188,10.);
#1595=VECTOR('',#5189,10.);
#1596=VECTOR('',#5190,10.);
#1597=VECTOR('',#5193,10.);
#1598=VECTOR('',#5194,10.);
#1599=VECTOR('',#5195,10.);
#1600=VECTOR('',#5196,10.);
#1601=VECTOR('',#5199,10.);
#1602=VECTOR('',#5200,10.);
#1603=VECTOR('',#5201,10.);
#1604=VECTOR('',#5202,10.);
#1605=VECTOR('',#5205,10.);
#1606=VECTOR('',#5206,10.);
#1607=VECTOR('',#5207,10.);
#1608=VECTOR('',#5210,10.);
#1609=VECTOR('',#5211,10.);
#1610=VECTOR('',#5212,10.);
#1611=VECTOR('',#5213,10.);
#1612=VECTOR('',#5214,10.);
#1613=VECTOR('',#5215,10.);
#1614=VECTOR('',#5218,10.);
#1615=VECTOR('',#5219,10.);
#1616=VECTOR('',#5220,10.);
#1617=VECTOR('',#5221,10.);
#1618=VECTOR('',#5222,10.);
#1619=VECTOR('',#5225,10.);
#1620=VECTOR('',#5226,10.);
#1621=VECTOR('',#5227,10.);
#1622=VECTOR('',#5228,10.);
#1623=VECTOR('',#5229,10.);
#1624=VECTOR('',#5232,10.);
#1625=VECTOR('',#5233,10.);
#1626=VECTOR('',#5234,10.);
#1627=VECTOR('',#5235,10.);
#1628=VECTOR('',#5238,10.);
#1629=VECTOR('',#5239,10.);
#1630=VECTOR('',#5240,10.);
#1631=VECTOR('',#5241,10.);
#1632=VECTOR('',#5242,10.);
#1633=VECTOR('',#5243,10.);
#1634=VECTOR('',#5246,10.);
#1635=VECTOR('',#5247,10.);
#1636=VECTOR('',#5248,10.);
#1637=VECTOR('',#5249,10.);
#1638=VECTOR('',#5250,10.);
#1639=VECTOR('',#5253,10.);
#1640=VECTOR('',#5254,10.);
#1641=VECTOR('',#5255,10.);
#1642=VECTOR('',#5256,10.);
#1643=VECTOR('',#5257,10.);
#1644=VECTOR('',#5260,10.);
#1645=VECTOR('',#5261,10.);
#1646=VECTOR('',#5262,10.);
#1647=VECTOR('',#5263,10.);
#1648=VECTOR('',#5266,10.);
#1649=VECTOR('',#5267,10.);
#1650=VECTOR('',#5268,10.);
#1651=VECTOR('',#5269,10.);
#1652=VECTOR('',#5270,10.);
#1653=VECTOR('',#5271,10.);
#1654=VECTOR('',#5274,10.);
#1655=VECTOR('',#5275,10.);
#1656=VECTOR('',#5276,10.);
#1657=VECTOR('',#5277,10.);
#1658=VECTOR('',#5278,10.);
#1659=VECTOR('',#5281,10.);
#1660=VECTOR('',#5282,10.);
#1661=VECTOR('',#5283,10.);
#1662=VECTOR('',#5284,10.);
#1663=VECTOR('',#5285,10.);
#1664=VECTOR('',#5288,10.);
#1665=VECTOR('',#5289,10.);
#1666=VECTOR('',#5290,10.);
#1667=VECTOR('',#5291,10.);
#1668=VECTOR('',#5294,10.);
#1669=VECTOR('',#5295,10.);
#1670=VECTOR('',#5296,10.);
#1671=VECTOR('',#5297,10.);
#1672=VECTOR('',#5298,10.);
#1673=VECTOR('',#5299,10.);
#1674=VECTOR('',#5302,10.);
#1675=VECTOR('',#5303,10.);
#1676=VECTOR('',#5304,10.);
#1677=VECTOR('',#5305,10.);
#1678=VECTOR('',#5306,10.);
#1679=VECTOR('',#5309,10.);
#1680=VECTOR('',#5310,10.);
#1681=VECTOR('',#5311,10.);
#1682=VECTOR('',#5312,10.);
#1683=VECTOR('',#5313,10.);
#1684=VECTOR('',#5316,10.);
#1685=VECTOR('',#5317,10.);
#1686=VECTOR('',#5318,10.);
#1687=VECTOR('',#5319,10.);
#1688=VECTOR('',#5322,10.);
#1689=VECTOR('',#5323,10.);
#1690=VECTOR('',#5324,10.);
#1691=VECTOR('',#5325,10.);
#1692=VECTOR('',#5326,10.);
#1693=VECTOR('',#5327,10.);
#1694=VECTOR('',#5330,10.);
#1695=VECTOR('',#5331,10.);
#1696=VECTOR('',#5332,10.);
#1697=VECTOR('',#5333,10.);
#1698=VECTOR('',#5334,10.);
#1699=VECTOR('',#5337,10.);
#1700=VECTOR('',#5338,10.);
#1701=VECTOR('',#5339,10.);
#1702=VECTOR('',#5340,10.);
#1703=VECTOR('',#5341,10.);
#1704=VECTOR('',#5344,10.);
#1705=VECTOR('',#5345,10.);
#1706=VECTOR('',#5346,10.);
#1707=VECTOR('',#5347,10.);
#1708=VECTOR('',#5350,10.);
#1709=VECTOR('',#5351,10.);
#1710=VECTOR('',#5352,10.);
#1711=VECTOR('',#5353,10.);
#1712=VECTOR('',#5354,10.);
#1713=VECTOR('',#5355,10.);
#1714=VECTOR('',#5358,10.);
#1715=VECTOR('',#5359,10.);
#1716=VECTOR('',#5360,10.);
#1717=VECTOR('',#5361,10.);
#1718=VECTOR('',#5362,10.);
#1719=VECTOR('',#5365,10.);
#1720=VECTOR('',#5366,10.);
#1721=VECTOR('',#5367,10.);
#1722=VECTOR('',#5368,10.);
#1723=VECTOR('',#5369,10.);
#1724=VECTOR('',#5372,10.);
#1725=VECTOR('',#5373,10.);
#1726=VECTOR('',#5374,10.);
#1727=VECTOR('',#5375,10.);
#1728=VECTOR('',#5378,10.);
#1729=VECTOR('',#5379,10.);
#1730=VECTOR('',#5380,10.);
#1731=VECTOR('',#5381,10.);
#1732=VECTOR('',#5382,10.);
#1733=VECTOR('',#5383,10.);
#1734=VECTOR('',#5386,10.);
#1735=VECTOR('',#5387,10.);
#1736=VECTOR('',#5388,10.);
#1737=VECTOR('',#5389,10.);
#1738=VECTOR('',#5390,10.);
#1739=VECTOR('',#5393,10.);
#1740=VECTOR('',#5394,10.);
#1741=VECTOR('',#5395,10.);
#1742=VECTOR('',#5396,10.);
#1743=VECTOR('',#5397,10.);
#1744=VECTOR('',#5400,10.);
#1745=VECTOR('',#5401,10.);
#1746=VECTOR('',#5402,10.);
#1747=VECTOR('',#5403,10.);
#1748=VECTOR('',#5406,10.);
#1749=VECTOR('',#5407,10.);
#1750=VECTOR('',#5408,10.);
#1751=VECTOR('',#5409,10.);
#1752=VECTOR('',#5410,10.);
#1753=VECTOR('',#5411,10.);
#1754=VECTOR('',#5414,10.);
#1755=VECTOR('',#5415,10.);
#1756=VECTOR('',#5416,10.);
#1757=VECTOR('',#5417,10.);
#1758=VECTOR('',#5418,10.);
#1759=VECTOR('',#5421,10.);
#1760=VECTOR('',#5422,10.);
#1761=VECTOR('',#5423,10.);
#1762=VECTOR('',#5424,10.);
#1763=VECTOR('',#5425,10.);
#1764=VECTOR('',#5428,10.);
#1765=VECTOR('',#5429,10.);
#1766=VECTOR('',#5430,10.);
#1767=VECTOR('',#5431,10.);
#1768=VECTOR('',#5436,1.25);
#1769=VECTOR('',#5441,10.);
#1770=VECTOR('',#5442,10.);
#1771=VECTOR('',#5443,10.);
#1772=VECTOR('',#5444,10.);
#1773=VECTOR('',#5445,10.);
#1774=VECTOR('',#5446,10.);
#1775=VECTOR('',#5449,10.);
#1776=VECTOR('',#5450,10.);
#1777=VECTOR('',#5451,10.);
#1778=VECTOR('',#5452,10.);
#1779=VECTOR('',#5453,10.);
#1780=VECTOR('',#5456,10.);
#1781=VECTOR('',#5457,10.);
#1782=VECTOR('',#5458,10.);
#1783=VECTOR('',#5459,10.);
#1784=VECTOR('',#5460,10.);
#1785=VECTOR('',#5463,10.);
#1786=VECTOR('',#5464,10.);
#1787=VECTOR('',#5465,10.);
#1788=VECTOR('',#5466,10.);
#1789=VECTOR('',#5469,10.);
#1790=VECTOR('',#5470,10.);
#1791=VECTOR('',#5471,10.);
#1792=VECTOR('',#5472,10.);
#1793=VECTOR('',#5473,10.);
#1794=VECTOR('',#5474,10.);
#1795=VECTOR('',#5477,10.);
#1796=VECTOR('',#5478,10.);
#1797=VECTOR('',#5479,10.);
#1798=VECTOR('',#5480,10.);
#1799=VECTOR('',#5481,10.);
#1800=VECTOR('',#5484,10.);
#1801=VECTOR('',#5485,10.);
#1802=VECTOR('',#5486,10.);
#1803=VECTOR('',#5487,10.);
#1804=VECTOR('',#5488,10.);
#1805=VECTOR('',#5491,10.);
#1806=VECTOR('',#5492,10.);
#1807=VECTOR('',#5493,10.);
#1808=VECTOR('',#5494,10.);
#1809=VECTOR('',#5497,10.);
#1810=VECTOR('',#5498,10.);
#1811=VECTOR('',#5499,10.);
#1812=VECTOR('',#5500,10.);
#1813=VECTOR('',#5501,10.);
#1814=VECTOR('',#5502,10.);
#1815=VECTOR('',#5505,10.);
#1816=VECTOR('',#5506,10.);
#1817=VECTOR('',#5507,10.);
#1818=VECTOR('',#5508,10.);
#1819=VECTOR('',#5509,10.);
#1820=VECTOR('',#5512,10.);
#1821=VECTOR('',#5513,10.);
#1822=VECTOR('',#5514,10.);
#1823=VECTOR('',#5515,10.);
#1824=VECTOR('',#5516,10.);
#1825=VECTOR('',#5519,10.);
#1826=VECTOR('',#5520,10.);
#1827=VECTOR('',#5521,10.);
#1828=VECTOR('',#5522,10.);
#1829=VECTOR('',#5527,1.25);
#1830=VECTOR('',#5532,10.);
#1831=VECTOR('',#5533,10.);
#1832=VECTOR('',#5534,10.);
#1833=VECTOR('',#5535,10.);
#1834=VECTOR('',#5536,10.);
#1835=VECTOR('',#5539,10.);
#1836=VECTOR('',#5540,10.);
#1837=VECTOR('',#5541,10.);
#1838=VECTOR('',#5542,10.);
#1839=VECTOR('',#5545,10.);
#1840=VECTOR('',#5546,10.);
#1841=VECTOR('',#5547,10.);
#1842=VECTOR('',#5548,10.);
#1843=VECTOR('',#5551,10.);
#1844=VECTOR('',#5552,10.);
#1845=VECTOR('',#5553,10.);
#1846=VECTOR('',#5556,10.);
#1847=VECTOR('',#5557,10.);
#1848=VECTOR('',#5558,10.);
#1849=VECTOR('',#5559,10.);
#1850=VECTOR('',#5560,10.);
#1851=VECTOR('',#5561,10.);
#1852=VECTOR('',#5564,10.);
#1853=VECTOR('',#5565,10.);
#1854=VECTOR('',#5566,10.);
#1855=VECTOR('',#5567,10.);
#1856=VECTOR('',#5568,10.);
#1857=VECTOR('',#5571,10.);
#1858=VECTOR('',#5572,10.);
#1859=VECTOR('',#5573,10.);
#1860=VECTOR('',#5574,10.);
#1861=VECTOR('',#5575,10.);
#1862=VECTOR('',#5578,10.);
#1863=VECTOR('',#5579,10.);
#1864=VECTOR('',#5580,10.);
#1865=VECTOR('',#5581,10.);
#1866=VECTOR('',#5584,10.);
#1867=VECTOR('',#5585,10.);
#1868=VECTOR('',#5586,10.);
#1869=VECTOR('',#5587,10.);
#1870=VECTOR('',#5588,10.);
#1871=VECTOR('',#5589,10.);
#1872=VECTOR('',#5592,10.);
#1873=VECTOR('',#5593,10.);
#1874=VECTOR('',#5594,10.);
#1875=VECTOR('',#5595,10.);
#1876=VECTOR('',#5596,10.);
#1877=VECTOR('',#5599,10.);
#1878=VECTOR('',#5600,10.);
#1879=VECTOR('',#5601,10.);
#1880=VECTOR('',#5602,10.);
#1881=VECTOR('',#5603,10.);
#1882=VECTOR('',#5606,10.);
#1883=VECTOR('',#5607,10.);
#1884=VECTOR('',#5608,10.);
#1885=VECTOR('',#5609,10.);
#1886=VECTOR('',#5614,1.24999999999999);
#1887=VECTOR('',#5619,10.);
#1888=VECTOR('',#5620,10.);
#1889=VECTOR('',#5621,10.);
#1890=VECTOR('',#5622,10.);
#1891=VECTOR('',#5623,10.);
#1892=VECTOR('',#5624,10.);
#1893=VECTOR('',#5627,10.);
#1894=VECTOR('',#5628,10.);
#1895=VECTOR('',#5629,10.);
#1896=VECTOR('',#5630,10.);
#1897=VECTOR('',#5631,10.);
#1898=VECTOR('',#5634,10.);
#1899=VECTOR('',#5635,10.);
#1900=VECTOR('',#5636,10.);
#1901=VECTOR('',#5637,10.);
#1902=VECTOR('',#5638,10.);
#1903=VECTOR('',#5641,10.);
#1904=VECTOR('',#5642,10.);
#1905=VECTOR('',#5643,10.);
#1906=VECTOR('',#5644,10.);
#1907=VECTOR('',#5647,10.);
#1908=VECTOR('',#5648,10.);
#1909=VECTOR('',#5649,10.);
#1910=VECTOR('',#5650,10.);
#1911=VECTOR('',#5653,10.);
#1912=VECTOR('',#5654,10.);
#1913=VECTOR('',#5655,10.);
#1914=VECTOR('',#5658,10.);
#1915=VECTOR('',#5659,10.);
#1916=VECTOR('',#5660,10.);
#1917=VECTOR('',#5663,10.);
#1918=VECTOR('',#5664,10.);
#1919=VECTOR('',#5669,1.25);
#1920=VECTOR('',#5674,10.);
#1921=VECTOR('',#5675,10.);
#1922=VECTOR('',#5676,10.);
#1923=VECTOR('',#5677,10.);
#1924=VECTOR('',#5678,10.);
#1925=VECTOR('',#5679,10.);
#1926=VECTOR('',#5682,10.);
#1927=VECTOR('',#5683,10.);
#1928=VECTOR('',#5684,10.);
#1929=VECTOR('',#5685,10.);
#1930=VECTOR('',#5686,10.);
#1931=VECTOR('',#5689,10.);
#1932=VECTOR('',#5690,10.);
#1933=VECTOR('',#5691,10.);
#1934=VECTOR('',#5692,10.);
#1935=VECTOR('',#5693,10.);
#1936=VECTOR('',#5696,10.);
#1937=VECTOR('',#5697,10.);
#1938=VECTOR('',#5698,10.);
#1939=VECTOR('',#5699,10.);
#1940=VECTOR('',#5702,10.);
#1941=VECTOR('',#5703,10.);
#1942=VECTOR('',#5704,10.);
#1943=VECTOR('',#5705,10.);
#1944=VECTOR('',#5706,10.);
#1945=VECTOR('',#5707,10.);
#1946=VECTOR('',#5710,10.);
#1947=VECTOR('',#5711,10.);
#1948=VECTOR('',#5712,10.);
#1949=VECTOR('',#5713,10.);
#1950=VECTOR('',#5714,10.);
#1951=VECTOR('',#5717,10.);
#1952=VECTOR('',#5718,10.);
#1953=VECTOR('',#5719,10.);
#1954=VECTOR('',#5720,10.);
#1955=VECTOR('',#5721,10.);
#1956=VECTOR('',#5724,10.);
#1957=VECTOR('',#5725,10.);
#1958=VECTOR('',#5726,10.);
#1959=VECTOR('',#5727,10.);
#1960=VECTOR('',#5730,10.);
#1961=VECTOR('',#5731,10.);
#1962=VECTOR('',#5732,10.);
#1963=VECTOR('',#5733,10.);
#1964=VECTOR('',#5736,10.);
#1965=VECTOR('',#5737,10.);
#1966=VECTOR('',#5738,10.);
#1967=VECTOR('',#5741,10.);
#1968=VECTOR('',#5742,10.);
#1969=VECTOR('',#5743,10.);
#1970=VECTOR('',#5746,10.);
#1971=VECTOR('',#5747,10.);
#1972=VECTOR('',#5748,10.);
#1973=VECTOR('',#5751,10.);
#1974=VECTOR('',#5752,10.);
#1975=VECTOR('',#5753,10.);
#1976=VECTOR('',#5756,10.);
#1977=VECTOR('',#5757,10.);
#1978=VECTOR('',#5758,10.);
#1979=VECTOR('',#5761,10.);
#1980=VECTOR('',#5762,10.);
#1981=VECTOR('',#5763,10.);
#1982=VECTOR('',#5770,10.);
#1983=VECTOR('',#5771,10.);
#1984=VECTOR('',#5772,10.);
#1985=VECTOR('',#5775,10.);
#1986=VECTOR('',#5776,10.);
#1987=VECTOR('',#5777,10.);
#1988=VECTOR('',#5778,10.);
#1989=VECTOR('',#5781,10.);
#1990=VECTOR('',#5782,10.);
#1991=VECTOR('',#5783,10.);
#1992=VECTOR('',#5784,10.);
#1993=VECTOR('',#5787,10.);
#1994=VECTOR('',#5788,10.);
#1995=VECTOR('',#5789,10.);
#1996=VECTOR('',#5790,10.);
#1997=VECTOR('',#5793,10.);
#1998=VECTOR('',#5794,10.);
#1999=VECTOR('',#5795,10.);
#2000=VECTOR('',#5796,10.);
#2001=VECTOR('',#5799,10.);
#2002=VECTOR('',#5800,10.);
#2003=VECTOR('',#5801,10.);
#2004=VECTOR('',#5802,10.);
#2005=VECTOR('',#5805,10.);
#2006=VECTOR('',#5806,10.);
#2007=VECTOR('',#5807,10.);
#2008=VECTOR('',#5808,10.);
#2009=VECTOR('',#5811,10.);
#2010=VECTOR('',#5812,10.);
#2011=VECTOR('',#5813,10.);
#2012=VECTOR('',#5814,10.);
#2013=VECTOR('',#5817,10.);
#2014=VECTOR('',#5818,10.);
#2015=VECTOR('',#5819,10.);
#2016=VECTOR('',#5820,10.);
#2017=VECTOR('',#5823,10.);
#2018=VECTOR('',#5824,10.);
#2019=VECTOR('',#5825,10.);
#2020=VECTOR('',#5828,10.);
#2021=VECTOR('',#5829,10.);
#2022=VECTOR('',#5830,10.);
#2023=VECTOR('',#5833,10.);
#2024=VECTOR('',#5834,10.);
#2025=CIRCLE('',#5042,1.25);
#2026=CIRCLE('',#5043,1.25);
#2027=CIRCLE('',#5045,1.25);
#2028=CIRCLE('',#5046,1.25);
#2029=CIRCLE('',#5048,1.25);
#2030=CIRCLE('',#5049,1.25);
#2031=CIRCLE('',#5087,1.25);
#2032=CIRCLE('',#5088,1.25);
#2033=CIRCLE('',#5102,1.25);
#2034=CIRCLE('',#5103,1.25);
#2035=CIRCLE('',#5117,1.24999999999999);
#2036=CIRCLE('',#5118,1.24999999999999);
#2037=CIRCLE('',#5128,1.25);
#2038=CIRCLE('',#5129,1.25);
#2039=CIRCLE('',#5146,3.50000000000001);
#2040=CIRCLE('',#5147,3.50000000000001);
#2041=VERTEX_POINT('',#5841);
#2042=VERTEX_POINT('',#5843);
#2043=VERTEX_POINT('',#5847);
#2044=VERTEX_POINT('',#5849);
#2045=VERTEX_POINT('',#5853);
#2046=VERTEX_POINT('',#5855);
#2047=VERTEX_POINT('',#5859);
#2048=VERTEX_POINT('',#5860);
#2049=VERTEX_POINT('',#5862);
#2050=VERTEX_POINT('',#5864);
#2051=VERTEX_POINT('',#5875);
#2052=VERTEX_POINT('',#5880);
#2053=VERTEX_POINT('',#5887);
#2054=VERTEX_POINT('',#5889);
#2055=VERTEX_POINT('',#5900);
#2056=VERTEX_POINT('',#5905);
#2057=VERTEX_POINT('',#5912);
#2058=VERTEX_POINT('',#5914);
#2059=VERTEX_POINT('',#5925);
#2060=VERTEX_POINT('',#5930);
#2061=VERTEX_POINT('',#5937);
#2062=VERTEX_POINT('',#5939);
#2063=VERTEX_POINT('',#5959);
#2064=VERTEX_POINT('',#5960);
#2065=VERTEX_POINT('',#5962);
#2066=VERTEX_POINT('',#5964);
#2067=VERTEX_POINT('',#5975);
#2068=VERTEX_POINT('',#5980);
#2069=VERTEX_POINT('',#5994);
#2070=VERTEX_POINT('',#5999);
#2071=VERTEX_POINT('',#6006);
#2072=VERTEX_POINT('',#6008);
#2073=VERTEX_POINT('',#6019);
#2074=VERTEX_POINT('',#6024);
#2075=VERTEX_POINT('',#6038);
#2076=VERTEX_POINT('',#6043);
#2077=VERTEX_POINT('',#6050);
#2078=VERTEX_POINT('',#6052);
#2079=VERTEX_POINT('',#6063);
#2080=VERTEX_POINT('',#6068);
#2081=VERTEX_POINT('',#6082);
#2082=VERTEX_POINT('',#6087);
#2083=VERTEX_POINT('',#6094);
#2084=VERTEX_POINT('',#6096);
#2085=VERTEX_POINT('',#6107);
#2086=VERTEX_POINT('',#6112);
#2087=VERTEX_POINT('',#6135);
#2088=VERTEX_POINT('',#6136);
#2089=VERTEX_POINT('',#6138);
#2090=VERTEX_POINT('',#6140);
#2091=VERTEX_POINT('',#6151);
#2092=VERTEX_POINT('',#6156);
#2093=VERTEX_POINT('',#6170);
#2094=VERTEX_POINT('',#6175);
#2095=VERTEX_POINT('',#6182);
#2096=VERTEX_POINT('',#6184);
#2097=VERTEX_POINT('',#6195);
#2098=VERTEX_POINT('',#6200);
#2099=VERTEX_POINT('',#6214);
#2100=VERTEX_POINT('',#6219);
#2101=VERTEX_POINT('',#6226);
#2102=VERTEX_POINT('',#6228);
#2103=VERTEX_POINT('',#6239);
#2104=VERTEX_POINT('',#6244);
#2105=VERTEX_POINT('',#6258);
#2106=VERTEX_POINT('',#6263);
#2107=VERTEX_POINT('',#6270);
#2108=VERTEX_POINT('',#6272);
#2109=VERTEX_POINT('',#6283);
#2110=VERTEX_POINT('',#6288);
#2111=VERTEX_POINT('',#6311);
#2112=VERTEX_POINT('',#6312);
#2113=VERTEX_POINT('',#6314);
#2114=VERTEX_POINT('',#6316);
#2115=VERTEX_POINT('',#6327);
#2116=VERTEX_POINT('',#6332);
#2117=VERTEX_POINT('',#6346);
#2118=VERTEX_POINT('',#6351);
#2119=VERTEX_POINT('',#6358);
#2120=VERTEX_POINT('',#6360);
#2121=VERTEX_POINT('',#6371);
#2122=VERTEX_POINT('',#6376);
#2123=VERTEX_POINT('',#6390);
#2124=VERTEX_POINT('',#6395);
#2125=VERTEX_POINT('',#6402);
#2126=VERTEX_POINT('',#6404);
#2127=VERTEX_POINT('',#6415);
#2128=VERTEX_POINT('',#6420);
#2129=VERTEX_POINT('',#6434);
#2130=VERTEX_POINT('',#6439);
#2131=VERTEX_POINT('',#6446);
#2132=VERTEX_POINT('',#6448);
#2133=VERTEX_POINT('',#6459);
#2134=VERTEX_POINT('',#6464);
#2135=VERTEX_POINT('',#6487);
#2136=VERTEX_POINT('',#6488);
#2137=VERTEX_POINT('',#6490);
#2138=VERTEX_POINT('',#6492);
#2139=VERTEX_POINT('',#6503);
#2140=VERTEX_POINT('',#6508);
#2141=VERTEX_POINT('',#6522);
#2142=VERTEX_POINT('',#6527);
#2143=VERTEX_POINT('',#6534);
#2144=VERTEX_POINT('',#6536);
#2145=VERTEX_POINT('',#6547);
#2146=VERTEX_POINT('',#6552);
#2147=VERTEX_POINT('',#6566);
#2148=VERTEX_POINT('',#6571);
#2149=VERTEX_POINT('',#6578);
#2150=VERTEX_POINT('',#6580);
#2151=VERTEX_POINT('',#6591);
#2152=VERTEX_POINT('',#6596);
#2153=VERTEX_POINT('',#6610);
#2154=VERTEX_POINT('',#6615);
#2155=VERTEX_POINT('',#6622);
#2156=VERTEX_POINT('',#6624);
#2157=VERTEX_POINT('',#6635);
#2158=VERTEX_POINT('',#6640);
#2159=VERTEX_POINT('',#6663);
#2160=VERTEX_POINT('',#6664);
#2161=VERTEX_POINT('',#6666);
#2162=VERTEX_POINT('',#6668);
#2163=VERTEX_POINT('',#6679);
#2164=VERTEX_POINT('',#6684);
#2165=VERTEX_POINT('',#6698);
#2166=VERTEX_POINT('',#6703);
#2167=VERTEX_POINT('',#6710);
#2168=VERTEX_POINT('',#6712);
#2169=VERTEX_POINT('',#6723);
#2170=VERTEX_POINT('',#6728);
#2171=VERTEX_POINT('',#6742);
#2172=VERTEX_POINT('',#6747);
#2173=VERTEX_POINT('',#6754);
#2174=VERTEX_POINT('',#6756);
#2175=VERTEX_POINT('',#6767);
#2176=VERTEX_POINT('',#6772);
#2177=VERTEX_POINT('',#6786);
#2178=VERTEX_POINT('',#6791);
#2179=VERTEX_POINT('',#6798);
#2180=VERTEX_POINT('',#6800);
#2181=VERTEX_POINT('',#6811);
#2182=VERTEX_POINT('',#6816);
#2183=VERTEX_POINT('',#6839);
#2184=VERTEX_POINT('',#6840);
#2185=VERTEX_POINT('',#6842);
#2186=VERTEX_POINT('',#6844);
#2187=VERTEX_POINT('',#6855);
#2188=VERTEX_POINT('',#6860);
#2189=VERTEX_POINT('',#6874);
#2190=VERTEX_POINT('',#6879);
#2191=VERTEX_POINT('',#6886);
#2192=VERTEX_POINT('',#6888);
#2193=VERTEX_POINT('',#6899);
#2194=VERTEX_POINT('',#6904);
#2195=VERTEX_POINT('',#6918);
#2196=VERTEX_POINT('',#6923);
#2197=VERTEX_POINT('',#6930);
#2198=VERTEX_POINT('',#6932);
#2199=VERTEX_POINT('',#6943);
#2200=VERTEX_POINT('',#6948);
#2201=VERTEX_POINT('',#6962);
#2202=VERTEX_POINT('',#6967);
#2203=VERTEX_POINT('',#6974);
#2204=VERTEX_POINT('',#6976);
#2205=VERTEX_POINT('',#6987);
#2206=VERTEX_POINT('',#6992);
#2207=VERTEX_POINT('',#7015);
#2208=VERTEX_POINT('',#7016);
#2209=VERTEX_POINT('',#7018);
#2210=VERTEX_POINT('',#7020);
#2211=VERTEX_POINT('',#7031);
#2212=VERTEX_POINT('',#7036);
#2213=VERTEX_POINT('',#7050);
#2214=VERTEX_POINT('',#7055);
#2215=VERTEX_POINT('',#7062);
#2216=VERTEX_POINT('',#7064);
#2217=VERTEX_POINT('',#7075);
#2218=VERTEX_POINT('',#7080);
#2219=VERTEX_POINT('',#7094);
#2220=VERTEX_POINT('',#7099);
#2221=VERTEX_POINT('',#7106);
#2222=VERTEX_POINT('',#7108);
#2223=VERTEX_POINT('',#7119);
#2224=VERTEX_POINT('',#7124);
#2225=VERTEX_POINT('',#7138);
#2226=VERTEX_POINT('',#7143);
#2227=VERTEX_POINT('',#7150);
#2228=VERTEX_POINT('',#7152);
#2229=VERTEX_POINT('',#7163);
#2230=VERTEX_POINT('',#7168);
#2231=VERTEX_POINT('',#7191);
#2232=VERTEX_POINT('',#7192);
#2233=VERTEX_POINT('',#7194);
#2234=VERTEX_POINT('',#7196);
#2235=VERTEX_POINT('',#7207);
#2236=VERTEX_POINT('',#7212);
#2237=VERTEX_POINT('',#7226);
#2238=VERTEX_POINT('',#7231);
#2239=VERTEX_POINT('',#7238);
#2240=VERTEX_POINT('',#7240);
#2241=VERTEX_POINT('',#7251);
#2242=VERTEX_POINT('',#7256);
#2243=VERTEX_POINT('',#7270);
#2244=VERTEX_POINT('',#7275);
#2245=VERTEX_POINT('',#7282);
#2246=VERTEX_POINT('',#7284);
#2247=VERTEX_POINT('',#7295);
#2248=VERTEX_POINT('',#7300);
#2249=VERTEX_POINT('',#7314);
#2250=VERTEX_POINT('',#7319);
#2251=VERTEX_POINT('',#7326);
#2252=VERTEX_POINT('',#7328);
#2253=VERTEX_POINT('',#7339);
#2254=VERTEX_POINT('',#7344);
#2255=VERTEX_POINT('',#7367);
#2256=VERTEX_POINT('',#7369);
#2257=VERTEX_POINT('',#7373);
#2258=VERTEX_POINT('',#7374);
#2259=VERTEX_POINT('',#7376);
#2260=VERTEX_POINT('',#7378);
#2261=VERTEX_POINT('',#7389);
#2262=VERTEX_POINT('',#7394);
#2263=VERTEX_POINT('',#7408);
#2264=VERTEX_POINT('',#7413);
#2265=VERTEX_POINT('',#7420);
#2266=VERTEX_POINT('',#7422);
#2267=VERTEX_POINT('',#7433);
#2268=VERTEX_POINT('',#7438);
#2269=VERTEX_POINT('',#7452);
#2270=VERTEX_POINT('',#7457);
#2271=VERTEX_POINT('',#7464);
#2272=VERTEX_POINT('',#7466);
#2273=VERTEX_POINT('',#7477);
#2274=VERTEX_POINT('',#7482);
#2275=VERTEX_POINT('',#7496);
#2276=VERTEX_POINT('',#7501);
#2277=VERTEX_POINT('',#7508);
#2278=VERTEX_POINT('',#7510);
#2279=VERTEX_POINT('',#7521);
#2280=VERTEX_POINT('',#7526);
#2281=VERTEX_POINT('',#7549);
#2282=VERTEX_POINT('',#7550);
#2283=VERTEX_POINT('',#7552);
#2284=VERTEX_POINT('',#7554);
#2285=VERTEX_POINT('',#7565);
#2286=VERTEX_POINT('',#7570);
#2287=VERTEX_POINT('',#7584);
#2288=VERTEX_POINT('',#7589);
#2289=VERTEX_POINT('',#7596);
#2290=VERTEX_POINT('',#7598);
#2291=VERTEX_POINT('',#7609);
#2292=VERTEX_POINT('',#7614);
#2293=VERTEX_POINT('',#7628);
#2294=VERTEX_POINT('',#7633);
#2295=VERTEX_POINT('',#7640);
#2296=VERTEX_POINT('',#7642);
#2297=VERTEX_POINT('',#7653);
#2298=VERTEX_POINT('',#7658);
#2299=VERTEX_POINT('',#7672);
#2300=VERTEX_POINT('',#7677);
#2301=VERTEX_POINT('',#7684);
#2302=VERTEX_POINT('',#7686);
#2303=VERTEX_POINT('',#7697);
#2304=VERTEX_POINT('',#7702);
#2305=VERTEX_POINT('',#7725);
#2306=VERTEX_POINT('',#7726);
#2307=VERTEX_POINT('',#7728);
#2308=VERTEX_POINT('',#7730);
#2309=VERTEX_POINT('',#7741);
#2310=VERTEX_POINT('',#7746);
#2311=VERTEX_POINT('',#7760);
#2312=VERTEX_POINT('',#7765);
#2313=VERTEX_POINT('',#7772);
#2314=VERTEX_POINT('',#7774);
#2315=VERTEX_POINT('',#7785);
#2316=VERTEX_POINT('',#7790);
#2317=VERTEX_POINT('',#7804);
#2318=VERTEX_POINT('',#7809);
#2319=VERTEX_POINT('',#7816);
#2320=VERTEX_POINT('',#7818);
#2321=VERTEX_POINT('',#7829);
#2322=VERTEX_POINT('',#7834);
#2323=VERTEX_POINT('',#7848);
#2324=VERTEX_POINT('',#7853);
#2325=VERTEX_POINT('',#7860);
#2326=VERTEX_POINT('',#7862);
#2327=VERTEX_POINT('',#7873);
#2328=VERTEX_POINT('',#7878);
#2329=VERTEX_POINT('',#7901);
#2330=VERTEX_POINT('',#7903);
#2331=VERTEX_POINT('',#7907);
#2332=VERTEX_POINT('',#7908);
#2333=VERTEX_POINT('',#7910);
#2334=VERTEX_POINT('',#7912);
#2335=VERTEX_POINT('',#7923);
#2336=VERTEX_POINT('',#7928);
#2337=VERTEX_POINT('',#7935);
#2338=VERTEX_POINT('',#7937);
#2339=VERTEX_POINT('',#7948);
#2340=VERTEX_POINT('',#7953);
#2341=VERTEX_POINT('',#7960);
#2342=VERTEX_POINT('',#7962);
#2343=VERTEX_POINT('',#7973);
#2344=VERTEX_POINT('',#7978);
#2345=VERTEX_POINT('',#7985);
#2346=VERTEX_POINT('',#7987);
#2347=VERTEX_POINT('',#8007);
#2348=VERTEX_POINT('',#8008);
#2349=VERTEX_POINT('',#8010);
#2350=VERTEX_POINT('',#8012);
#2351=VERTEX_POINT('',#8023);
#2352=VERTEX_POINT('',#8028);
#2353=VERTEX_POINT('',#8042);
#2354=VERTEX_POINT('',#8047);
#2355=VERTEX_POINT('',#8054);
#2356=VERTEX_POINT('',#8056);
#2357=VERTEX_POINT('',#8067);
#2358=VERTEX_POINT('',#8072);
#2359=VERTEX_POINT('',#8086);
#2360=VERTEX_POINT('',#8091);
#2361=VERTEX_POINT('',#8098);
#2362=VERTEX_POINT('',#8100);
#2363=VERTEX_POINT('',#8111);
#2364=VERTEX_POINT('',#8116);
#2365=VERTEX_POINT('',#8130);
#2366=VERTEX_POINT('',#8135);
#2367=VERTEX_POINT('',#8142);
#2368=VERTEX_POINT('',#8144);
#2369=VERTEX_POINT('',#8155);
#2370=VERTEX_POINT('',#8160);
#2371=VERTEX_POINT('',#8183);
#2372=VERTEX_POINT('',#8184);
#2373=VERTEX_POINT('',#8186);
#2374=VERTEX_POINT('',#8188);
#2375=VERTEX_POINT('',#8199);
#2376=VERTEX_POINT('',#8204);
#2377=VERTEX_POINT('',#8218);
#2378=VERTEX_POINT('',#8223);
#2379=VERTEX_POINT('',#8230);
#2380=VERTEX_POINT('',#8232);
#2381=VERTEX_POINT('',#8243);
#2382=VERTEX_POINT('',#8248);
#2383=VERTEX_POINT('',#8262);
#2384=VERTEX_POINT('',#8267);
#2385=VERTEX_POINT('',#8274);
#2386=VERTEX_POINT('',#8276);
#2387=VERTEX_POINT('',#8287);
#2388=VERTEX_POINT('',#8292);
#2389=VERTEX_POINT('',#8306);
#2390=VERTEX_POINT('',#8311);
#2391=VERTEX_POINT('',#8318);
#2392=VERTEX_POINT('',#8320);
#2393=VERTEX_POINT('',#8331);
#2394=VERTEX_POINT('',#8336);
#2395=VERTEX_POINT('',#8359);
#2396=VERTEX_POINT('',#8361);
#2397=VERTEX_POINT('',#8365);
#2398=VERTEX_POINT('',#8366);
#2399=VERTEX_POINT('',#8368);
#2400=VERTEX_POINT('',#8370);
#2401=VERTEX_POINT('',#8381);
#2402=VERTEX_POINT('',#8386);
#2403=VERTEX_POINT('',#8400);
#2404=VERTEX_POINT('',#8405);
#2405=VERTEX_POINT('',#8412);
#2406=VERTEX_POINT('',#8414);
#2407=VERTEX_POINT('',#8425);
#2408=VERTEX_POINT('',#8430);
#2409=VERTEX_POINT('',#8444);
#2410=VERTEX_POINT('',#8449);
#2411=VERTEX_POINT('',#8456);
#2412=VERTEX_POINT('',#8458);
#2413=VERTEX_POINT('',#8469);
#2414=VERTEX_POINT('',#8474);
#2415=VERTEX_POINT('',#8488);
#2416=VERTEX_POINT('',#8493);
#2417=VERTEX_POINT('',#8500);
#2418=VERTEX_POINT('',#8502);
#2419=VERTEX_POINT('',#8513);
#2420=VERTEX_POINT('',#8518);
#2421=VERTEX_POINT('',#8541);
#2422=VERTEX_POINT('',#8542);
#2423=VERTEX_POINT('',#8544);
#2424=VERTEX_POINT('',#8546);
#2425=VERTEX_POINT('',#8550);
#2426=VERTEX_POINT('',#8552);
#2427=VERTEX_POINT('',#8556);
#2428=VERTEX_POINT('',#8558);
#2429=VERTEX_POINT('',#8565);
#2430=VERTEX_POINT('',#8567);
#2431=VERTEX_POINT('',#8571);
#2432=VERTEX_POINT('',#8572);
#2433=VERTEX_POINT('',#8574);
#2434=VERTEX_POINT('',#8576);
#2435=VERTEX_POINT('',#8587);
#2436=VERTEX_POINT('',#8592);
#2437=VERTEX_POINT('',#8606);
#2438=VERTEX_POINT('',#8611);
#2439=VERTEX_POINT('',#8618);
#2440=VERTEX_POINT('',#8620);
#2441=VERTEX_POINT('',#8631);
#2442=VERTEX_POINT('',#8636);
#2443=VERTEX_POINT('',#8650);
#2444=VERTEX_POINT('',#8655);
#2445=VERTEX_POINT('',#8662);
#2446=VERTEX_POINT('',#8664);
#2447=VERTEX_POINT('',#8675);
#2448=VERTEX_POINT('',#8680);
#2449=VERTEX_POINT('',#8694);
#2450=VERTEX_POINT('',#8699);
#2451=VERTEX_POINT('',#8706);
#2452=VERTEX_POINT('',#8708);
#2453=VERTEX_POINT('',#8719);
#2454=VERTEX_POINT('',#8724);
#2455=VERTEX_POINT('',#8747);
#2456=VERTEX_POINT('',#8748);
#2457=VERTEX_POINT('',#8750);
#2458=VERTEX_POINT('',#8752);
#2459=VERTEX_POINT('',#8763);
#2460=VERTEX_POINT('',#8768);
#2461=VERTEX_POINT('',#8782);
#2462=VERTEX_POINT('',#8787);
#2463=VERTEX_POINT('',#8794);
#2464=VERTEX_POINT('',#8796);
#2465=VERTEX_POINT('',#8807);
#2466=VERTEX_POINT('',#8812);
#2467=VERTEX_POINT('',#8826);
#2468=VERTEX_POINT('',#8831);
#2469=VERTEX_POINT('',#8838);
#2470=VERTEX_POINT('',#8840);
#2471=VERTEX_POINT('',#8851);
#2472=VERTEX_POINT('',#8856);
#2473=VERTEX_POINT('',#8870);
#2474=VERTEX_POINT('',#8875);
#2475=VERTEX_POINT('',#8882);
#2476=VERTEX_POINT('',#8884);
#2477=VERTEX_POINT('',#8895);
#2478=VERTEX_POINT('',#8900);
#2479=VERTEX_POINT('',#8923);
#2480=VERTEX_POINT('',#8924);
#2481=VERTEX_POINT('',#8926);
#2482=VERTEX_POINT('',#8928);
#2483=VERTEX_POINT('',#8932);
#2484=VERTEX_POINT('',#8934);
#2485=VERTEX_POINT('',#8938);
#2486=VERTEX_POINT('',#8940);
#2487=VERTEX_POINT('',#8944);
#2488=VERTEX_POINT('',#8946);
#2489=VERTEX_POINT('',#8950);
#2490=VERTEX_POINT('',#8952);
#2491=VERTEX_POINT('',#8956);
#2492=VERTEX_POINT('',#8958);
#2493=VERTEX_POINT('',#8962);
#2494=VERTEX_POINT('',#8964);
#2495=VERTEX_POINT('',#8968);
#2496=VERTEX_POINT('',#8970);
#2497=VERTEX_POINT('',#8981);
#2498=VERTEX_POINT('',#8986);
#2499=VERTEX_POINT('',#9000);
#2500=VERTEX_POINT('',#9005);
#2501=VERTEX_POINT('',#9012);
#2502=VERTEX_POINT('',#9014);
#2503=VERTEX_POINT('',#9049);
#2504=VERTEX_POINT('',#9066);
#2505=VERTEX_POINT('',#9085);
#2506=VERTEX_POINT('',#9087);
#2507=VERTEX_POINT('',#9110);
#2508=VERTEX_POINT('',#9121);
#2509=VERTEX_POINT('',#9134);
#2510=VERTEX_POINT('',#9136);
#2511=VERTEX_POINT('',#9147);
#2512=VERTEX_POINT('',#9152);
#2513=VERTEX_POINT('',#9159);
#2514=VERTEX_POINT('',#9161);
#2515=VERTEX_POINT('',#9178);
#2516=VERTEX_POINT('',#9186);
#2517=VERTEX_POINT('',#9196);
#2518=VERTEX_POINT('',#9198);
#2519=VERTEX_POINT('',#9209);
#2520=VERTEX_POINT('',#9214);
#2521=VERTEX_POINT('',#9221);
#2522=VERTEX_POINT('',#9223);
#2523=VERTEX_POINT('',#9246);
#2524=VERTEX_POINT('',#9257);
#2525=VERTEX_POINT('',#9270);
#2526=VERTEX_POINT('',#9272);
#2527=VERTEX_POINT('',#9301);
#2528=VERTEX_POINT('',#9315);
#2529=VERTEX_POINT('',#9331);
#2530=VERTEX_POINT('',#9333);
#2531=VERTEX_POINT('',#9356);
#2532=VERTEX_POINT('',#9367);
#2533=VERTEX_POINT('',#9380);
#2534=VERTEX_POINT('',#9382);
#2535=VERTEX_POINT('',#9386);
#2536=VERTEX_POINT('',#9388);
#2537=EDGE_CURVE('',#2041,#2041,#2025,.T.);
#2538=EDGE_CURVE('',#2041,#2042,#1153,.T.);
#2539=EDGE_CURVE('',#2042,#2042,#2026,.T.);
#2540=EDGE_CURVE('',#2043,#2043,#2027,.T.);
#2541=EDGE_CURVE('',#2043,#2044,#1154,.T.);
#2542=EDGE_CURVE('',#2044,#2044,#2028,.T.);
#2543=EDGE_CURVE('',#2045,#2045,#2029,.T.);
#2544=EDGE_CURVE('',#2045,#2046,#1155,.T.);
#2545=EDGE_CURVE('',#2046,#2046,#2030,.T.);
#2546=EDGE_CURVE('',#2047,#2048,#1156,.T.);
#2547=EDGE_CURVE('',#2048,#2049,#1157,.T.);
#2548=EDGE_CURVE('',#2050,#2049,#1158,.T.);
#2549=EDGE_CURVE('',#2047,#2050,#1159,.T.);
#2550=EDGE_CURVE('',#2051,#2047,#67,.T.);
#2551=EDGE_CURVE('',#2052,#2050,#68,.T.);
#2552=EDGE_CURVE('',#2051,#2052,#1160,.T.);
#2553=EDGE_CURVE('',#2053,#2051,#1161,.T.);
#2554=EDGE_CURVE('',#2054,#2052,#1162,.T.);
#2555=EDGE_CURVE('',#2053,#2054,#1163,.T.);
#2556=EDGE_CURVE('',#2055,#2053,#69,.T.);
#2557=EDGE_CURVE('',#2056,#2054,#70,.T.);
#2558=EDGE_CURVE('',#2055,#2056,#1164,.T.);
#2559=EDGE_CURVE('',#2057,#2055,#1165,.T.);
#2560=EDGE_CURVE('',#2058,#2056,#1166,.T.);
#2561=EDGE_CURVE('',#2057,#2058,#1167,.T.);
#2562=EDGE_CURVE('',#2059,#2057,#71,.T.);
#2563=EDGE_CURVE('',#2060,#2058,#72,.T.);
#2564=EDGE_CURVE('',#2059,#2060,#1168,.T.);
#2565=EDGE_CURVE('',#2061,#2059,#1169,.T.);
#2566=EDGE_CURVE('',#2062,#2060,#1170,.T.);
#2567=EDGE_CURVE('',#2061,#2062,#1171,.T.);
#2568=EDGE_CURVE('',#2048,#2061,#73,.T.);
#2569=EDGE_CURVE('',#2049,#2062,#74,.T.);
#2570=EDGE_CURVE('',#2063,#2064,#1172,.T.);
#2571=EDGE_CURVE('',#2064,#2065,#1173,.T.);
#2572=EDGE_CURVE('',#2066,#2065,#1174,.T.);
#2573=EDGE_CURVE('',#2063,#2066,#1175,.T.);
#2574=EDGE_CURVE('',#2067,#2063,#75,.T.);
#2575=EDGE_CURVE('',#2068,#2066,#76,.T.);
#2576=EDGE_CURVE('',#2067,#2068,#1176,.T.);
#2577=EDGE_CURVE('',#2069,#2067,#77,.T.);
#2578=EDGE_CURVE('',#2070,#2068,#78,.T.);
#2579=EDGE_CURVE('',#2069,#2070,#1177,.T.);
#2580=EDGE_CURVE('',#2071,#2069,#1178,.T.);
#2581=EDGE_CURVE('',#2072,#2070,#1179,.T.);
#2582=EDGE_CURVE('',#2071,#2072,#1180,.T.);
#2583=EDGE_CURVE('',#2073,#2071,#79,.T.);
#2584=EDGE_CURVE('',#2074,#2072,#80,.T.);
#2585=EDGE_CURVE('',#2073,#2074,#1181,.T.);
#2586=EDGE_CURVE('',#2075,#2073,#81,.T.);
#2587=EDGE_CURVE('',#2076,#2074,#82,.T.);
#2588=EDGE_CURVE('',#2075,#2076,#1182,.T.);
#2589=EDGE_CURVE('',#2077,#2075,#1183,.T.);
#2590=EDGE_CURVE('',#2078,#2076,#1184,.T.);
#2591=EDGE_CURVE('',#2077,#2078,#1185,.T.);
#2592=EDGE_CURVE('',#2079,#2077,#83,.T.);
#2593=EDGE_CURVE('',#2080,#2078,#84,.T.);
#2594=EDGE_CURVE('',#2079,#2080,#1186,.T.);
#2595=EDGE_CURVE('',#2081,#2079,#85,.T.);
#2596=EDGE_CURVE('',#2082,#2080,#86,.T.);
#2597=EDGE_CURVE('',#2081,#2082,#1187,.T.);
#2598=EDGE_CURVE('',#2083,#2081,#1188,.T.);
#2599=EDGE_CURVE('',#2084,#2082,#1189,.T.);
#2600=EDGE_CURVE('',#2083,#2084,#1190,.T.);
#2601=EDGE_CURVE('',#2085,#2083,#87,.T.);
#2602=EDGE_CURVE('',#2086,#2084,#88,.T.);
#2603=EDGE_CURVE('',#2085,#2086,#1191,.T.);
#2604=EDGE_CURVE('',#2064,#2085,#89,.T.);
#2605=EDGE_CURVE('',#2065,#2086,#90,.T.);
#2606=EDGE_CURVE('',#2087,#2088,#1192,.T.);
#2607=EDGE_CURVE('',#2088,#2089,#1193,.T.);
#2608=EDGE_CURVE('',#2090,#2089,#1194,.T.);
#2609=EDGE_CURVE('',#2087,#2090,#1195,.T.);
#2610=EDGE_CURVE('',#2091,#2087,#91,.T.);
#2611=EDGE_CURVE('',#2092,#2090,#92,.T.);
#2612=EDGE_CURVE('',#2091,#2092,#1196,.T.);
#2613=EDGE_CURVE('',#2093,#2091,#93,.T.);
#2614=EDGE_CURVE('',#2094,#2092,#94,.T.);
#2615=EDGE_CURVE('',#2093,#2094,#1197,.T.);
#2616=EDGE_CURVE('',#2095,#2093,#1198,.T.);
#2617=EDGE_CURVE('',#2096,#2094,#1199,.T.);
#2618=EDGE_CURVE('',#2095,#2096,#1200,.T.);
#2619=EDGE_CURVE('',#2097,#2095,#95,.T.);
#2620=EDGE_CURVE('',#2098,#2096,#96,.T.);
#2621=EDGE_CURVE('',#2097,#2098,#1201,.T.);
#2622=EDGE_CURVE('',#2099,#2097,#97,.T.);
#2623=EDGE_CURVE('',#2100,#2098,#98,.T.);
#2624=EDGE_CURVE('',#2099,#2100,#1202,.T.);
#2625=EDGE_CURVE('',#2101,#2099,#1203,.T.);
#2626=EDGE_CURVE('',#2102,#2100,#1204,.T.);
#2627=EDGE_CURVE('',#2101,#2102,#1205,.T.);
#2628=EDGE_CURVE('',#2103,#2101,#99,.T.);
#2629=EDGE_CURVE('',#2104,#2102,#100,.T.);
#2630=EDGE_CURVE('',#2103,#2104,#1206,.T.);
#2631=EDGE_CURVE('',#2105,#2103,#101,.T.);
#2632=EDGE_CURVE('',#2106,#2104,#102,.T.);
#2633=EDGE_CURVE('',#2105,#2106,#1207,.T.);
#2634=EDGE_CURVE('',#2107,#2105,#1208,.T.);
#2635=EDGE_CURVE('',#2108,#2106,#1209,.T.);
#2636=EDGE_CURVE('',#2107,#2108,#1210,.T.);
#2637=EDGE_CURVE('',#2109,#2107,#103,.T.);
#2638=EDGE_CURVE('',#2110,#2108,#104,.T.);
#2639=EDGE_CURVE('',#2109,#2110,#1211,.T.);
#2640=EDGE_CURVE('',#2088,#2109,#105,.T.);
#2641=EDGE_CURVE('',#2089,#2110,#106,.T.);
#2642=EDGE_CURVE('',#2111,#2112,#1212,.T.);
#2643=EDGE_CURVE('',#2112,#2113,#1213,.T.);
#2644=EDGE_CURVE('',#2114,#2113,#1214,.T.);
#2645=EDGE_CURVE('',#2111,#2114,#1215,.T.);
#2646=EDGE_CURVE('',#2115,#2111,#107,.T.);
#2647=EDGE_CURVE('',#2116,#2114,#108,.T.);
#2648=EDGE_CURVE('',#2115,#2116,#1216,.T.);
#2649=EDGE_CURVE('',#2117,#2115,#109,.T.);
#2650=EDGE_CURVE('',#2118,#2116,#110,.T.);
#2651=EDGE_CURVE('',#2117,#2118,#1217,.T.);
#2652=EDGE_CURVE('',#2119,#2117,#1218,.T.);
#2653=EDGE_CURVE('',#2120,#2118,#1219,.T.);
#2654=EDGE_CURVE('',#2119,#2120,#1220,.T.);
#2655=EDGE_CURVE('',#2121,#2119,#111,.T.);
#2656=EDGE_CURVE('',#2122,#2120,#112,.T.);
#2657=EDGE_CURVE('',#2121,#2122,#1221,.T.);
#2658=EDGE_CURVE('',#2123,#2121,#113,.T.);
#2659=EDGE_CURVE('',#2124,#2122,#114,.T.);
#2660=EDGE_CURVE('',#2123,#2124,#1222,.T.);
#2661=EDGE_CURVE('',#2125,#2123,#1223,.T.);
#2662=EDGE_CURVE('',#2126,#2124,#1224,.T.);
#2663=EDGE_CURVE('',#2125,#2126,#1225,.T.);
#2664=EDGE_CURVE('',#2127,#2125,#115,.T.);
#2665=EDGE_CURVE('',#2128,#2126,#116,.T.);
#2666=EDGE_CURVE('',#2127,#2128,#1226,.T.);
#2667=EDGE_CURVE('',#2129,#2127,#117,.T.);
#2668=EDGE_CURVE('',#2130,#2128,#118,.T.);
#2669=EDGE_CURVE('',#2129,#2130,#1227,.T.);
#2670=EDGE_CURVE('',#2131,#2129,#1228,.T.);
#2671=EDGE_CURVE('',#2132,#2130,#1229,.T.);
#2672=EDGE_CURVE('',#2131,#2132,#1230,.T.);
#2673=EDGE_CURVE('',#2133,#2131,#119,.T.);
#2674=EDGE_CURVE('',#2134,#2132,#120,.T.);
#2675=EDGE_CURVE('',#2133,#2134,#1231,.T.);
#2676=EDGE_CURVE('',#2112,#2133,#121,.T.);
#2677=EDGE_CURVE('',#2113,#2134,#122,.T.);
#2678=EDGE_CURVE('',#2135,#2136,#1232,.T.);
#2679=EDGE_CURVE('',#2136,#2137,#1233,.T.);
#2680=EDGE_CURVE('',#2138,#2137,#1234,.T.);
#2681=EDGE_CURVE('',#2135,#2138,#1235,.T.);
#2682=EDGE_CURVE('',#2139,#2135,#123,.T.);
#2683=EDGE_CURVE('',#2140,#2138,#124,.T.);
#2684=EDGE_CURVE('',#2139,#2140,#1236,.T.);
#2685=EDGE_CURVE('',#2141,#2139,#125,.T.);
#2686=EDGE_CURVE('',#2142,#2140,#126,.T.);
#2687=EDGE_CURVE('',#2141,#2142,#1237,.T.);
#2688=EDGE_CURVE('',#2143,#2141,#1238,.T.);
#2689=EDGE_CURVE('',#2144,#2142,#1239,.T.);
#2690=EDGE_CURVE('',#2143,#2144,#1240,.T.);
#2691=EDGE_CURVE('',#2145,#2143,#127,.T.);
#2692=EDGE_CURVE('',#2146,#2144,#128,.T.);
#2693=EDGE_CURVE('',#2145,#2146,#1241,.T.);
#2694=EDGE_CURVE('',#2147,#2145,#129,.T.);
#2695=EDGE_CURVE('',#2148,#2146,#130,.T.);
#2696=EDGE_CURVE('',#2147,#2148,#1242,.T.);
#2697=EDGE_CURVE('',#2149,#2147,#1243,.T.);
#2698=EDGE_CURVE('',#2150,#2148,#1244,.T.);
#2699=EDGE_CURVE('',#2149,#2150,#1245,.T.);
#2700=EDGE_CURVE('',#2151,#2149,#131,.T.);
#2701=EDGE_CURVE('',#2152,#2150,#132,.T.);
#2702=EDGE_CURVE('',#2151,#2152,#1246,.T.);
#2703=EDGE_CURVE('',#2153,#2151,#133,.T.);
#2704=EDGE_CURVE('',#2154,#2152,#134,.T.);
#2705=EDGE_CURVE('',#2153,#2154,#1247,.T.);
#2706=EDGE_CURVE('',#2155,#2153,#1248,.T.);
#2707=EDGE_CURVE('',#2156,#2154,#1249,.T.);
#2708=EDGE_CURVE('',#2155,#2156,#1250,.T.);
#2709=EDGE_CURVE('',#2157,#2155,#135,.T.);
#2710=EDGE_CURVE('',#2158,#2156,#136,.T.);
#2711=EDGE_CURVE('',#2157,#2158,#1251,.T.);
#2712=EDGE_CURVE('',#2136,#2157,#137,.T.);
#2713=EDGE_CURVE('',#2137,#2158,#138,.T.);
#2714=EDGE_CURVE('',#2159,#2160,#1252,.T.);
#2715=EDGE_CURVE('',#2160,#2161,#1253,.T.);
#2716=EDGE_CURVE('',#2162,#2161,#1254,.T.);
#2717=EDGE_CURVE('',#2159,#2162,#1255,.T.);
#2718=EDGE_CURVE('',#2163,#2159,#139,.T.);
#2719=EDGE_CURVE('',#2164,#2162,#140,.T.);
#2720=EDGE_CURVE('',#2163,#2164,#1256,.T.);
#2721=EDGE_CURVE('',#2165,#2163,#141,.T.);
#2722=EDGE_CURVE('',#2166,#2164,#142,.T.);
#2723=EDGE_CURVE('',#2165,#2166,#1257,.T.);
#2724=EDGE_CURVE('',#2167,#2165,#1258,.T.);
#2725=EDGE_CURVE('',#2168,#2166,#1259,.T.);
#2726=EDGE_CURVE('',#2167,#2168,#1260,.T.);
#2727=EDGE_CURVE('',#2169,#2167,#143,.T.);
#2728=EDGE_CURVE('',#2170,#2168,#144,.T.);
#2729=EDGE_CURVE('',#2169,#2170,#1261,.T.);
#2730=EDGE_CURVE('',#2171,#2169,#145,.T.);
#2731=EDGE_CURVE('',#2172,#2170,#146,.T.);
#2732=EDGE_CURVE('',#2171,#2172,#1262,.T.);
#2733=EDGE_CURVE('',#2173,#2171,#1263,.T.);
#2734=EDGE_CURVE('',#2174,#2172,#1264,.T.);
#2735=EDGE_CURVE('',#2173,#2174,#1265,.T.);
#2736=EDGE_CURVE('',#2175,#2173,#147,.T.);
#2737=EDGE_CURVE('',#2176,#2174,#148,.T.);
#2738=EDGE_CURVE('',#2175,#2176,#1266,.T.);
#2739=EDGE_CURVE('',#2177,#2175,#149,.T.);
#2740=EDGE_CURVE('',#2178,#2176,#150,.T.);
#2741=EDGE_CURVE('',#2177,#2178,#1267,.T.);
#2742=EDGE_CURVE('',#2179,#2177,#1268,.T.);
#2743=EDGE_CURVE('',#2180,#2178,#1269,.T.);
#2744=EDGE_CURVE('',#2179,#2180,#1270,.T.);
#2745=EDGE_CURVE('',#2181,#2179,#151,.T.);
#2746=EDGE_CURVE('',#2182,#2180,#152,.T.);
#2747=EDGE_CURVE('',#2181,#2182,#1271,.T.);
#2748=EDGE_CURVE('',#2160,#2181,#153,.T.);
#2749=EDGE_CURVE('',#2161,#2182,#154,.T.);
#2750=EDGE_CURVE('',#2183,#2184,#1272,.T.);
#2751=EDGE_CURVE('',#2184,#2185,#1273,.T.);
#2752=EDGE_CURVE('',#2186,#2185,#1274,.T.);
#2753=EDGE_CURVE('',#2183,#2186,#1275,.T.);
#2754=EDGE_CURVE('',#2187,#2183,#155,.T.);
#2755=EDGE_CURVE('',#2188,#2186,#156,.T.);
#2756=EDGE_CURVE('',#2187,#2188,#1276,.T.);
#2757=EDGE_CURVE('',#2189,#2187,#157,.T.);
#2758=EDGE_CURVE('',#2190,#2188,#158,.T.);
#2759=EDGE_CURVE('',#2189,#2190,#1277,.T.);
#2760=EDGE_CURVE('',#2191,#2189,#1278,.T.);
#2761=EDGE_CURVE('',#2192,#2190,#1279,.T.);
#2762=EDGE_CURVE('',#2191,#2192,#1280,.T.);
#2763=EDGE_CURVE('',#2193,#2191,#159,.T.);
#2764=EDGE_CURVE('',#2194,#2192,#160,.T.);
#2765=EDGE_CURVE('',#2193,#2194,#1281,.T.);
#2766=EDGE_CURVE('',#2195,#2193,#161,.T.);
#2767=EDGE_CURVE('',#2196,#2194,#162,.T.);
#2768=EDGE_CURVE('',#2195,#2196,#1282,.T.);
#2769=EDGE_CURVE('',#2197,#2195,#1283,.T.);
#2770=EDGE_CURVE('',#2198,#2196,#1284,.T.);
#2771=EDGE_CURVE('',#2197,#2198,#1285,.T.);
#2772=EDGE_CURVE('',#2199,#2197,#163,.T.);
#2773=EDGE_CURVE('',#2200,#2198,#164,.T.);
#2774=EDGE_CURVE('',#2199,#2200,#1286,.T.);
#2775=EDGE_CURVE('',#2201,#2199,#165,.T.);
#2776=EDGE_CURVE('',#2202,#2200,#166,.T.);
#2777=EDGE_CURVE('',#2201,#2202,#1287,.T.);
#2778=EDGE_CURVE('',#2203,#2201,#1288,.T.);
#2779=EDGE_CURVE('',#2204,#2202,#1289,.T.);
#2780=EDGE_CURVE('',#2203,#2204,#1290,.T.);
#2781=EDGE_CURVE('',#2205,#2203,#167,.T.);
#2782=EDGE_CURVE('',#2206,#2204,#168,.T.);
#2783=EDGE_CURVE('',#2205,#2206,#1291,.T.);
#2784=EDGE_CURVE('',#2184,#2205,#169,.T.);
#2785=EDGE_CURVE('',#2185,#2206,#170,.T.);
#2786=EDGE_CURVE('',#2207,#2208,#1292,.T.);
#2787=EDGE_CURVE('',#2208,#2209,#1293,.T.);
#2788=EDGE_CURVE('',#2210,#2209,#1294,.T.);
#2789=EDGE_CURVE('',#2207,#2210,#1295,.T.);
#2790=EDGE_CURVE('',#2211,#2207,#171,.T.);
#2791=EDGE_CURVE('',#2212,#2210,#172,.T.);
#2792=EDGE_CURVE('',#2211,#2212,#1296,.T.);
#2793=EDGE_CURVE('',#2213,#2211,#173,.T.);
#2794=EDGE_CURVE('',#2214,#2212,#174,.T.);
#2795=EDGE_CURVE('',#2213,#2214,#1297,.T.);
#2796=EDGE_CURVE('',#2215,#2213,#1298,.T.);
#2797=EDGE_CURVE('',#2216,#2214,#1299,.T.);
#2798=EDGE_CURVE('',#2215,#2216,#1300,.T.);
#2799=EDGE_CURVE('',#2217,#2215,#175,.T.);
#2800=EDGE_CURVE('',#2218,#2216,#176,.T.);
#2801=EDGE_CURVE('',#2217,#2218,#1301,.T.);
#2802=EDGE_CURVE('',#2219,#2217,#177,.T.);
#2803=EDGE_CURVE('',#2220,#2218,#178,.T.);
#2804=EDGE_CURVE('',#2219,#2220,#1302,.T.);
#2805=EDGE_CURVE('',#2221,#2219,#1303,.T.);
#2806=EDGE_CURVE('',#2222,#2220,#1304,.T.);
#2807=EDGE_CURVE('',#2221,#2222,#1305,.T.);
#2808=EDGE_CURVE('',#2223,#2221,#179,.T.);
#2809=EDGE_CURVE('',#2224,#2222,#180,.T.);
#2810=EDGE_CURVE('',#2223,#2224,#1306,.T.);
#2811=EDGE_CURVE('',#2225,#2223,#181,.T.);
#2812=EDGE_CURVE('',#2226,#2224,#182,.T.);
#2813=EDGE_CURVE('',#2225,#2226,#1307,.T.);
#2814=EDGE_CURVE('',#2227,#2225,#1308,.T.);
#2815=EDGE_CURVE('',#2228,#2226,#1309,.T.);
#2816=EDGE_CURVE('',#2227,#2228,#1310,.T.);
#2817=EDGE_CURVE('',#2229,#2227,#183,.T.);
#2818=EDGE_CURVE('',#2230,#2228,#184,.T.);
#2819=EDGE_CURVE('',#2229,#2230,#1311,.T.);
#2820=EDGE_CURVE('',#2208,#2229,#185,.T.);
#2821=EDGE_CURVE('',#2209,#2230,#186,.T.);
#2822=EDGE_CURVE('',#2231,#2232,#1312,.T.);
#2823=EDGE_CURVE('',#2232,#2233,#1313,.T.);
#2824=EDGE_CURVE('',#2234,#2233,#1314,.T.);
#2825=EDGE_CURVE('',#2231,#2234,#1315,.T.);
#2826=EDGE_CURVE('',#2235,#2231,#187,.T.);
#2827=EDGE_CURVE('',#2236,#2234,#188,.T.);
#2828=EDGE_CURVE('',#2235,#2236,#1316,.T.);
#2829=EDGE_CURVE('',#2237,#2235,#189,.T.);
#2830=EDGE_CURVE('',#2238,#2236,#190,.T.);
#2831=EDGE_CURVE('',#2237,#2238,#1317,.T.);
#2832=EDGE_CURVE('',#2239,#2237,#1318,.T.);
#2833=EDGE_CURVE('',#2240,#2238,#1319,.T.);
#2834=EDGE_CURVE('',#2239,#2240,#1320,.T.);
#2835=EDGE_CURVE('',#2241,#2239,#191,.T.);
#2836=EDGE_CURVE('',#2242,#2240,#192,.T.);
#2837=EDGE_CURVE('',#2241,#2242,#1321,.T.);
#2838=EDGE_CURVE('',#2243,#2241,#193,.T.);
#2839=EDGE_CURVE('',#2244,#2242,#194,.T.);
#2840=EDGE_CURVE('',#2243,#2244,#1322,.T.);
#2841=EDGE_CURVE('',#2245,#2243,#1323,.T.);
#2842=EDGE_CURVE('',#2246,#2244,#1324,.T.);
#2843=EDGE_CURVE('',#2245,#2246,#1325,.T.);
#2844=EDGE_CURVE('',#2247,#2245,#195,.T.);
#2845=EDGE_CURVE('',#2248,#2246,#196,.T.);
#2846=EDGE_CURVE('',#2247,#2248,#1326,.T.);
#2847=EDGE_CURVE('',#2249,#2247,#197,.T.);
#2848=EDGE_CURVE('',#2250,#2248,#198,.T.);
#2849=EDGE_CURVE('',#2249,#2250,#1327,.T.);
#2850=EDGE_CURVE('',#2251,#2249,#1328,.T.);
#2851=EDGE_CURVE('',#2252,#2250,#1329,.T.);
#2852=EDGE_CURVE('',#2251,#2252,#1330,.T.);
#2853=EDGE_CURVE('',#2253,#2251,#199,.T.);
#2854=EDGE_CURVE('',#2254,#2252,#200,.T.);
#2855=EDGE_CURVE('',#2253,#2254,#1331,.T.);
#2856=EDGE_CURVE('',#2232,#2253,#201,.T.);
#2857=EDGE_CURVE('',#2233,#2254,#202,.T.);
#2858=EDGE_CURVE('',#2255,#2255,#2031,.T.);
#2859=EDGE_CURVE('',#2255,#2256,#1332,.T.);
#2860=EDGE_CURVE('',#2256,#2256,#2032,.T.);
#2861=EDGE_CURVE('',#2257,#2258,#1333,.T.);
#2862=EDGE_CURVE('',#2258,#2259,#1334,.T.);
#2863=EDGE_CURVE('',#2260,#2259,#1335,.T.);
#2864=EDGE_CURVE('',#2257,#2260,#1336,.T.);
#2865=EDGE_CURVE('',#2261,#2257,#203,.T.);
#2866=EDGE_CURVE('',#2262,#2260,#204,.T.);
#2867=EDGE_CURVE('',#2261,#2262,#1337,.T.);
#2868=EDGE_CURVE('',#2263,#2261,#205,.T.);
#2869=EDGE_CURVE('',#2264,#2262,#206,.T.);
#2870=EDGE_CURVE('',#2263,#2264,#1338,.T.);
#2871=EDGE_CURVE('',#2265,#2263,#1339,.T.);
#2872=EDGE_CURVE('',#2266,#2264,#1340,.T.);
#2873=EDGE_CURVE('',#2265,#2266,#1341,.T.);
#2874=EDGE_CURVE('',#2267,#2265,#207,.T.);
#2875=EDGE_CURVE('',#2268,#2266,#208,.T.);
#2876=EDGE_CURVE('',#2267,#2268,#1342,.T.);
#2877=EDGE_CURVE('',#2269,#2267,#209,.T.);
#2878=EDGE_CURVE('',#2270,#2268,#210,.T.);
#2879=EDGE_CURVE('',#2269,#2270,#1343,.T.);
#2880=EDGE_CURVE('',#2271,#2269,#1344,.T.);
#2881=EDGE_CURVE('',#2272,#2270,#1345,.T.);
#2882=EDGE_CURVE('',#2271,#2272,#1346,.T.);
#2883=EDGE_CURVE('',#2273,#2271,#211,.T.);
#2884=EDGE_CURVE('',#2274,#2272,#212,.T.);
#2885=EDGE_CURVE('',#2273,#2274,#1347,.T.);
#2886=EDGE_CURVE('',#2275,#2273,#213,.T.);
#2887=EDGE_CURVE('',#2276,#2274,#214,.T.);
#2888=EDGE_CURVE('',#2275,#2276,#1348,.T.);
#2889=EDGE_CURVE('',#2277,#2275,#1349,.T.);
#2890=EDGE_CURVE('',#2278,#2276,#1350,.T.);
#2891=EDGE_CURVE('',#2277,#2278,#1351,.T.);
#2892=EDGE_CURVE('',#2279,#2277,#215,.T.);
#2893=EDGE_CURVE('',#2280,#2278,#216,.T.);
#2894=EDGE_CURVE('',#2279,#2280,#1352,.T.);
#2895=EDGE_CURVE('',#2258,#2279,#217,.T.);
#2896=EDGE_CURVE('',#2259,#2280,#218,.T.);
#2897=EDGE_CURVE('',#2281,#2282,#1353,.T.);
#2898=EDGE_CURVE('',#2282,#2283,#1354,.T.);
#2899=EDGE_CURVE('',#2284,#2283,#1355,.T.);
#2900=EDGE_CURVE('',#2281,#2284,#1356,.T.);
#2901=EDGE_CURVE('',#2285,#2281,#219,.T.);
#2902=EDGE_CURVE('',#2286,#2284,#220,.T.);
#2903=EDGE_CURVE('',#2285,#2286,#1357,.T.);
#2904=EDGE_CURVE('',#2287,#2285,#221,.T.);
#2905=EDGE_CURVE('',#2288,#2286,#222,.T.);
#2906=EDGE_CURVE('',#2287,#2288,#1358,.T.);
#2907=EDGE_CURVE('',#2289,#2287,#1359,.T.);
#2908=EDGE_CURVE('',#2290,#2288,#1360,.T.);
#2909=EDGE_CURVE('',#2289,#2290,#1361,.T.);
#2910=EDGE_CURVE('',#2291,#2289,#223,.T.);
#2911=EDGE_CURVE('',#2292,#2290,#224,.T.);
#2912=EDGE_CURVE('',#2291,#2292,#1362,.T.);
#2913=EDGE_CURVE('',#2293,#2291,#225,.T.);
#2914=EDGE_CURVE('',#2294,#2292,#226,.T.);
#2915=EDGE_CURVE('',#2293,#2294,#1363,.T.);
#2916=EDGE_CURVE('',#2295,#2293,#1364,.T.);
#2917=EDGE_CURVE('',#2296,#2294,#1365,.T.);
#2918=EDGE_CURVE('',#2295,#2296,#1366,.T.);
#2919=EDGE_CURVE('',#2297,#2295,#227,.T.);
#2920=EDGE_CURVE('',#2298,#2296,#228,.T.);
#2921=EDGE_CURVE('',#2297,#2298,#1367,.T.);
#2922=EDGE_CURVE('',#2299,#2297,#229,.T.);
#2923=EDGE_CURVE('',#2300,#2298,#230,.T.);
#2924=EDGE_CURVE('',#2299,#2300,#1368,.T.);
#2925=EDGE_CURVE('',#2301,#2299,#1369,.T.);
#2926=EDGE_CURVE('',#2302,#2300,#1370,.T.);
#2927=EDGE_CURVE('',#2301,#2302,#1371,.T.);
#2928=EDGE_CURVE('',#2303,#2301,#231,.T.);
#2929=EDGE_CURVE('',#2304,#2302,#232,.T.);
#2930=EDGE_CURVE('',#2303,#2304,#1372,.T.);
#2931=EDGE_CURVE('',#2282,#2303,#233,.T.);
#2932=EDGE_CURVE('',#2283,#2304,#234,.T.);
#2933=EDGE_CURVE('',#2305,#2306,#1373,.T.);
#2934=EDGE_CURVE('',#2306,#2307,#1374,.T.);
#2935=EDGE_CURVE('',#2308,#2307,#1375,.T.);
#2936=EDGE_CURVE('',#2305,#2308,#1376,.T.);
#2937=EDGE_CURVE('',#2309,#2305,#235,.T.);
#2938=EDGE_CURVE('',#2310,#2308,#236,.T.);
#2939=EDGE_CURVE('',#2309,#2310,#1377,.T.);
#2940=EDGE_CURVE('',#2311,#2309,#237,.T.);
#2941=EDGE_CURVE('',#2312,#2310,#238,.T.);
#2942=EDGE_CURVE('',#2311,#2312,#1378,.T.);
#2943=EDGE_CURVE('',#2313,#2311,#1379,.T.);
#2944=EDGE_CURVE('',#2314,#2312,#1380,.T.);
#2945=EDGE_CURVE('',#2313,#2314,#1381,.T.);
#2946=EDGE_CURVE('',#2315,#2313,#239,.T.);
#2947=EDGE_CURVE('',#2316,#2314,#240,.T.);
#2948=EDGE_CURVE('',#2315,#2316,#1382,.T.);
#2949=EDGE_CURVE('',#2317,#2315,#241,.T.);
#2950=EDGE_CURVE('',#2318,#2316,#242,.T.);
#2951=EDGE_CURVE('',#2317,#2318,#1383,.T.);
#2952=EDGE_CURVE('',#2319,#2317,#1384,.T.);
#2953=EDGE_CURVE('',#2320,#2318,#1385,.T.);
#2954=EDGE_CURVE('',#2319,#2320,#1386,.T.);
#2955=EDGE_CURVE('',#2321,#2319,#243,.T.);
#2956=EDGE_CURVE('',#2322,#2320,#244,.T.);
#2957=EDGE_CURVE('',#2321,#2322,#1387,.T.);
#2958=EDGE_CURVE('',#2323,#2321,#245,.T.);
#2959=EDGE_CURVE('',#2324,#2322,#246,.T.);
#2960=EDGE_CURVE('',#2323,#2324,#1388,.T.);
#2961=EDGE_CURVE('',#2325,#2323,#1389,.T.);
#2962=EDGE_CURVE('',#2326,#2324,#1390,.T.);
#2963=EDGE_CURVE('',#2325,#2326,#1391,.T.);
#2964=EDGE_CURVE('',#2327,#2325,#247,.T.);
#2965=EDGE_CURVE('',#2328,#2326,#248,.T.);
#2966=EDGE_CURVE('',#2327,#2328,#1392,.T.);
#2967=EDGE_CURVE('',#2306,#2327,#249,.T.);
#2968=EDGE_CURVE('',#2307,#2328,#250,.T.);
#2969=EDGE_CURVE('',#2329,#2329,#2033,.T.);
#2970=EDGE_CURVE('',#2329,#2330,#1393,.T.);
#2971=EDGE_CURVE('',#2330,#2330,#2034,.T.);
#2972=EDGE_CURVE('',#2331,#2332,#1394,.T.);
#2973=EDGE_CURVE('',#2332,#2333,#1395,.T.);
#2974=EDGE_CURVE('',#2334,#2333,#1396,.T.);
#2975=EDGE_CURVE('',#2331,#2334,#1397,.T.);
#2976=EDGE_CURVE('',#2335,#2331,#251,.T.);
#2977=EDGE_CURVE('',#2336,#2334,#252,.T.);
#2978=EDGE_CURVE('',#2335,#2336,#1398,.T.);
#2979=EDGE_CURVE('',#2337,#2335,#1399,.T.);
#2980=EDGE_CURVE('',#2338,#2336,#1400,.T.);
#2981=EDGE_CURVE('',#2337,#2338,#1401,.T.);
#2982=EDGE_CURVE('',#2339,#2337,#253,.T.);
#2983=EDGE_CURVE('',#2340,#2338,#254,.T.);
#2984=EDGE_CURVE('',#2339,#2340,#1402,.T.);
#2985=EDGE_CURVE('',#2341,#2339,#1403,.T.);
#2986=EDGE_CURVE('',#2342,#2340,#1404,.T.);
#2987=EDGE_CURVE('',#2341,#2342,#1405,.T.);
#2988=EDGE_CURVE('',#2343,#2341,#255,.T.);
#2989=EDGE_CURVE('',#2344,#2342,#256,.T.);
#2990=EDGE_CURVE('',#2343,#2344,#1406,.T.);
#2991=EDGE_CURVE('',#2345,#2343,#1407,.T.);
#2992=EDGE_CURVE('',#2346,#2344,#1408,.T.);
#2993=EDGE_CURVE('',#2345,#2346,#1409,.T.);
#2994=EDGE_CURVE('',#2332,#2345,#257,.T.);
#2995=EDGE_CURVE('',#2333,#2346,#258,.T.);
#2996=EDGE_CURVE('',#2347,#2348,#1410,.T.);
#2997=EDGE_CURVE('',#2348,#2349,#1411,.T.);
#2998=EDGE_CURVE('',#2350,#2349,#1412,.T.);
#2999=EDGE_CURVE('',#2347,#2350,#1413,.T.);
#3000=EDGE_CURVE('',#2351,#2347,#259,.T.);
#3001=EDGE_CURVE('',#2352,#2350,#260,.T.);
#3002=EDGE_CURVE('',#2351,#2352,#1414,.T.);
#3003=EDGE_CURVE('',#2353,#2351,#261,.T.);
#3004=EDGE_CURVE('',#2354,#2352,#262,.T.);
#3005=EDGE_CURVE('',#2353,#2354,#1415,.T.);
#3006=EDGE_CURVE('',#2355,#2353,#1416,.T.);
#3007=EDGE_CURVE('',#2356,#2354,#1417,.T.);
#3008=EDGE_CURVE('',#2355,#2356,#1418,.T.);
#3009=EDGE_CURVE('',#2357,#2355,#263,.T.);
#3010=EDGE_CURVE('',#2358,#2356,#264,.T.);
#3011=EDGE_CURVE('',#2357,#2358,#1419,.T.);
#3012=EDGE_CURVE('',#2359,#2357,#265,.T.);
#3013=EDGE_CURVE('',#2360,#2358,#266,.T.);
#3014=EDGE_CURVE('',#2359,#2360,#1420,.T.);
#3015=EDGE_CURVE('',#2361,#2359,#1421,.T.);
#3016=EDGE_CURVE('',#2362,#2360,#1422,.T.);
#3017=EDGE_CURVE('',#2361,#2362,#1423,.T.);
#3018=EDGE_CURVE('',#2363,#2361,#267,.T.);
#3019=EDGE_CURVE('',#2364,#2362,#268,.T.);
#3020=EDGE_CURVE('',#2363,#2364,#1424,.T.);
#3021=EDGE_CURVE('',#2365,#2363,#269,.T.);
#3022=EDGE_CURVE('',#2366,#2364,#270,.T.);
#3023=EDGE_CURVE('',#2365,#2366,#1425,.T.);
#3024=EDGE_CURVE('',#2367,#2365,#1426,.T.);
#3025=EDGE_CURVE('',#2368,#2366,#1427,.T.);
#3026=EDGE_CURVE('',#2367,#2368,#1428,.T.);
#3027=EDGE_CURVE('',#2369,#2367,#271,.T.);
#3028=EDGE_CURVE('',#2370,#2368,#272,.T.);
#3029=EDGE_CURVE('',#2369,#2370,#1429,.T.);
#3030=EDGE_CURVE('',#2348,#2369,#273,.T.);
#3031=EDGE_CURVE('',#2349,#2370,#274,.T.);
#3032=EDGE_CURVE('',#2371,#2372,#1430,.T.);
#3033=EDGE_CURVE('',#2372,#2373,#1431,.T.);
#3034=EDGE_CURVE('',#2374,#2373,#1432,.T.);
#3035=EDGE_CURVE('',#2371,#2374,#1433,.T.);
#3036=EDGE_CURVE('',#2375,#2371,#275,.T.);
#3037=EDGE_CURVE('',#2376,#2374,#276,.T.);
#3038=EDGE_CURVE('',#2375,#2376,#1434,.T.);
#3039=EDGE_CURVE('',#2377,#2375,#277,.T.);
#3040=EDGE_CURVE('',#2378,#2376,#278,.T.);
#3041=EDGE_CURVE('',#2377,#2378,#1435,.T.);
#3042=EDGE_CURVE('',#2379,#2377,#1436,.T.);
#3043=EDGE_CURVE('',#2380,#2378,#1437,.T.);
#3044=EDGE_CURVE('',#2379,#2380,#1438,.T.);
#3045=EDGE_CURVE('',#2381,#2379,#279,.T.);
#3046=EDGE_CURVE('',#2382,#2380,#280,.T.);
#3047=EDGE_CURVE('',#2381,#2382,#1439,.T.);
#3048=EDGE_CURVE('',#2383,#2381,#281,.T.);
#3049=EDGE_CURVE('',#2384,#2382,#282,.T.);
#3050=EDGE_CURVE('',#2383,#2384,#1440,.T.);
#3051=EDGE_CURVE('',#2385,#2383,#1441,.T.);
#3052=EDGE_CURVE('',#2386,#2384,#1442,.T.);
#3053=EDGE_CURVE('',#2385,#2386,#1443,.T.);
#3054=EDGE_CURVE('',#2387,#2385,#283,.T.);
#3055=EDGE_CURVE('',#2388,#2386,#284,.T.);
#3056=EDGE_CURVE('',#2387,#2388,#1444,.T.);
#3057=EDGE_CURVE('',#2389,#2387,#285,.T.);
#3058=EDGE_CURVE('',#2390,#2388,#286,.T.);
#3059=EDGE_CURVE('',#2389,#2390,#1445,.T.);
#3060=EDGE_CURVE('',#2391,#2389,#1446,.T.);
#3061=EDGE_CURVE('',#2392,#2390,#1447,.T.);
#3062=EDGE_CURVE('',#2391,#2392,#1448,.T.);
#3063=EDGE_CURVE('',#2393,#2391,#287,.T.);
#3064=EDGE_CURVE('',#2394,#2392,#288,.T.);
#3065=EDGE_CURVE('',#2393,#2394,#1449,.T.);
#3066=EDGE_CURVE('',#2372,#2393,#289,.T.);
#3067=EDGE_CURVE('',#2373,#2394,#290,.T.);
#3068=EDGE_CURVE('',#2395,#2395,#2035,.T.);
#3069=EDGE_CURVE('',#2395,#2396,#1450,.T.);
#3070=EDGE_CURVE('',#2396,#2396,#2036,.T.);
#3071=EDGE_CURVE('',#2397,#2398,#1451,.T.);
#3072=EDGE_CURVE('',#2398,#2399,#1452,.T.);
#3073=EDGE_CURVE('',#2400,#2399,#1453,.T.);
#3074=EDGE_CURVE('',#2397,#2400,#1454,.T.);
#3075=EDGE_CURVE('',#2401,#2397,#291,.T.);
#3076=EDGE_CURVE('',#2402,#2400,#292,.T.);
#3077=EDGE_CURVE('',#2401,#2402,#1455,.T.);
#3078=EDGE_CURVE('',#2403,#2401,#293,.T.);
#3079=EDGE_CURVE('',#2404,#2402,#294,.T.);
#3080=EDGE_CURVE('',#2403,#2404,#1456,.T.);
#3081=EDGE_CURVE('',#2405,#2403,#1457,.T.);
#3082=EDGE_CURVE('',#2406,#2404,#1458,.T.);
#3083=EDGE_CURVE('',#2405,#2406,#1459,.T.);
#3084=EDGE_CURVE('',#2407,#2405,#295,.T.);
#3085=EDGE_CURVE('',#2408,#2406,#296,.T.);
#3086=EDGE_CURVE('',#2407,#2408,#1460,.T.);
#3087=EDGE_CURVE('',#2409,#2407,#297,.T.);
#3088=EDGE_CURVE('',#2410,#2408,#298,.T.);
#3089=EDGE_CURVE('',#2409,#2410,#1461,.T.);
#3090=EDGE_CURVE('',#2411,#2409,#1462,.T.);
#3091=EDGE_CURVE('',#2412,#2410,#1463,.T.);
#3092=EDGE_CURVE('',#2411,#2412,#1464,.T.);
#3093=EDGE_CURVE('',#2413,#2411,#299,.T.);
#3094=EDGE_CURVE('',#2414,#2412,#300,.T.);
#3095=EDGE_CURVE('',#2413,#2414,#1465,.T.);
#3096=EDGE_CURVE('',#2415,#2413,#301,.T.);
#3097=EDGE_CURVE('',#2416,#2414,#302,.T.);
#3098=EDGE_CURVE('',#2415,#2416,#1466,.T.);
#3099=EDGE_CURVE('',#2417,#2415,#1467,.T.);
#3100=EDGE_CURVE('',#2418,#2416,#1468,.T.);
#3101=EDGE_CURVE('',#2417,#2418,#1469,.T.);
#3102=EDGE_CURVE('',#2419,#2417,#303,.T.);
#3103=EDGE_CURVE('',#2420,#2418,#304,.T.);
#3104=EDGE_CURVE('',#2419,#2420,#1470,.T.);
#3105=EDGE_CURVE('',#2398,#2419,#305,.T.);
#3106=EDGE_CURVE('',#2399,#2420,#306,.T.);
#3107=EDGE_CURVE('',#2421,#2422,#1471,.T.);
#3108=EDGE_CURVE('',#2422,#2423,#1472,.T.);
#3109=EDGE_CURVE('',#2424,#2423,#1473,.T.);
#3110=EDGE_CURVE('',#2421,#2424,#1474,.T.);
#3111=EDGE_CURVE('',#2425,#2421,#1475,.T.);
#3112=EDGE_CURVE('',#2426,#2424,#1476,.T.);
#3113=EDGE_CURVE('',#2425,#2426,#1477,.T.);
#3114=EDGE_CURVE('',#2427,#2425,#1478,.T.);
#3115=EDGE_CURVE('',#2428,#2426,#1479,.T.);
#3116=EDGE_CURVE('',#2427,#2428,#1480,.T.);
#3117=EDGE_CURVE('',#2422,#2427,#1481,.T.);
#3118=EDGE_CURVE('',#2423,#2428,#1482,.T.);
#3119=EDGE_CURVE('',#2429,#2429,#2037,.T.);
#3120=EDGE_CURVE('',#2429,#2430,#1483,.T.);
#3121=EDGE_CURVE('',#2430,#2430,#2038,.T.);
#3122=EDGE_CURVE('',#2431,#2432,#1484,.T.);
#3123=EDGE_CURVE('',#2432,#2433,#1485,.T.);
#3124=EDGE_CURVE('',#2434,#2433,#1486,.T.);
#3125=EDGE_CURVE('',#2431,#2434,#1487,.T.);
#3126=EDGE_CURVE('',#2435,#2431,#307,.T.);
#3127=EDGE_CURVE('',#2436,#2434,#308,.T.);
#3128=EDGE_CURVE('',#2435,#2436,#1488,.T.);
#3129=EDGE_CURVE('',#2437,#2435,#309,.T.);
#3130=EDGE_CURVE('',#2438,#2436,#310,.T.);
#3131=EDGE_CURVE('',#2437,#2438,#1489,.T.);
#3132=EDGE_CURVE('',#2439,#2437,#1490,.T.);
#3133=EDGE_CURVE('',#2440,#2438,#1491,.T.);
#3134=EDGE_CURVE('',#2439,#2440,#1492,.T.);
#3135=EDGE_CURVE('',#2441,#2439,#311,.T.);
#3136=EDGE_CURVE('',#2442,#2440,#312,.T.);
#3137=EDGE_CURVE('',#2441,#2442,#1493,.T.);
#3138=EDGE_CURVE('',#2443,#2441,#313,.T.);
#3139=EDGE_CURVE('',#2444,#2442,#314,.T.);
#3140=EDGE_CURVE('',#2443,#2444,#1494,.T.);
#3141=EDGE_CURVE('',#2445,#2443,#1495,.T.);
#3142=EDGE_CURVE('',#2446,#2444,#1496,.T.);
#3143=EDGE_CURVE('',#2445,#2446,#1497,.T.);
#3144=EDGE_CURVE('',#2447,#2445,#315,.T.);
#3145=EDGE_CURVE('',#2448,#2446,#316,.T.);
#3146=EDGE_CURVE('',#2447,#2448,#1498,.T.);
#3147=EDGE_CURVE('',#2449,#2447,#317,.T.);
#3148=EDGE_CURVE('',#2450,#2448,#318,.T.);
#3149=EDGE_CURVE('',#2449,#2450,#1499,.T.);
#3150=EDGE_CURVE('',#2451,#2449,#1500,.T.);
#3151=EDGE_CURVE('',#2452,#2450,#1501,.T.);
#3152=EDGE_CURVE('',#2451,#2452,#1502,.T.);
#3153=EDGE_CURVE('',#2453,#2451,#319,.T.);
#3154=EDGE_CURVE('',#2454,#2452,#320,.T.);
#3155=EDGE_CURVE('',#2453,#2454,#1503,.T.);
#3156=EDGE_CURVE('',#2432,#2453,#321,.T.);
#3157=EDGE_CURVE('',#2433,#2454,#322,.T.);
#3158=EDGE_CURVE('',#2455,#2456,#1504,.T.);
#3159=EDGE_CURVE('',#2456,#2457,#1505,.T.);
#3160=EDGE_CURVE('',#2458,#2457,#1506,.T.);
#3161=EDGE_CURVE('',#2455,#2458,#1507,.T.);
#3162=EDGE_CURVE('',#2459,#2455,#323,.T.);
#3163=EDGE_CURVE('',#2460,#2458,#324,.T.);
#3164=EDGE_CURVE('',#2459,#2460,#1508,.T.);
#3165=EDGE_CURVE('',#2461,#2459,#325,.T.);
#3166=EDGE_CURVE('',#2462,#2460,#326,.T.);
#3167=EDGE_CURVE('',#2461,#2462,#1509,.T.);
#3168=EDGE_CURVE('',#2463,#2461,#1510,.T.);
#3169=EDGE_CURVE('',#2464,#2462,#1511,.T.);
#3170=EDGE_CURVE('',#2463,#2464,#1512,.T.);
#3171=EDGE_CURVE('',#2465,#2463,#327,.T.);
#3172=EDGE_CURVE('',#2466,#2464,#328,.T.);
#3173=EDGE_CURVE('',#2465,#2466,#1513,.T.);
#3174=EDGE_CURVE('',#2467,#2465,#329,.T.);
#3175=EDGE_CURVE('',#2468,#2466,#330,.T.);
#3176=EDGE_CURVE('',#2467,#2468,#1514,.T.);
#3177=EDGE_CURVE('',#2469,#2467,#1515,.T.);
#3178=EDGE_CURVE('',#2470,#2468,#1516,.T.);
#3179=EDGE_CURVE('',#2469,#2470,#1517,.T.);
#3180=EDGE_CURVE('',#2471,#2469,#331,.T.);
#3181=EDGE_CURVE('',#2472,#2470,#332,.T.);
#3182=EDGE_CURVE('',#2471,#2472,#1518,.T.);
#3183=EDGE_CURVE('',#2473,#2471,#333,.T.);
#3184=EDGE_CURVE('',#2474,#2472,#334,.T.);
#3185=EDGE_CURVE('',#2473,#2474,#1519,.T.);
#3186=EDGE_CURVE('',#2475,#2473,#1520,.T.);
#3187=EDGE_CURVE('',#2476,#2474,#1521,.T.);
#3188=EDGE_CURVE('',#2475,#2476,#1522,.T.);
#3189=EDGE_CURVE('',#2477,#2475,#335,.T.);
#3190=EDGE_CURVE('',#2478,#2476,#336,.T.);
#3191=EDGE_CURVE('',#2477,#2478,#1523,.T.);
#3192=EDGE_CURVE('',#2456,#2477,#337,.T.);
#3193=EDGE_CURVE('',#2457,#2478,#338,.T.);
#3194=EDGE_CURVE('',#2479,#2480,#1524,.T.);
#3195=EDGE_CURVE('',#2479,#2481,#1525,.T.);
#3196=EDGE_CURVE('',#2482,#2481,#1526,.T.);
#3197=EDGE_CURVE('',#2480,#2482,#1527,.T.);
#3198=EDGE_CURVE('',#2480,#2483,#1528,.T.);
#3199=EDGE_CURVE('',#2484,#2482,#1529,.T.);
#3200=EDGE_CURVE('',#2483,#2484,#1530,.T.);
#3201=EDGE_CURVE('',#2483,#2485,#1531,.T.);
#3202=EDGE_CURVE('',#2486,#2484,#1532,.T.);
#3203=EDGE_CURVE('',#2485,#2486,#1533,.T.);
#3204=EDGE_CURVE('',#2485,#2487,#1534,.T.);
#3205=EDGE_CURVE('',#2488,#2486,#1535,.T.);
#3206=EDGE_CURVE('',#2487,#2488,#1536,.T.);
#3207=EDGE_CURVE('',#2487,#2489,#1537,.T.);
#3208=EDGE_CURVE('',#2490,#2488,#1538,.T.);
#3209=EDGE_CURVE('',#2489,#2490,#1539,.T.);
#3210=EDGE_CURVE('',#2489,#2491,#1540,.T.);
#3211=EDGE_CURVE('',#2492,#2490,#1541,.T.);
#3212=EDGE_CURVE('',#2491,#2492,#1542,.T.);
#3213=EDGE_CURVE('',#2491,#2493,#1543,.T.);
#3214=EDGE_CURVE('',#2494,#2492,#1544,.T.);
#3215=EDGE_CURVE('',#2493,#2494,#1545,.T.);
#3216=EDGE_CURVE('',#2495,#2493,#2039,.T.);
#3217=EDGE_CURVE('',#2496,#2494,#2040,.T.);
#3218=EDGE_CURVE('',#2495,#2496,#1546,.T.);
#3219=EDGE_CURVE('',#2497,#2495,#339,.T.);
#3220=EDGE_CURVE('',#2498,#2496,#340,.T.);
#3221=EDGE_CURVE('',#2497,#2498,#1547,.T.);
#3222=EDGE_CURVE('',#2499,#2497,#341,.T.);
#3223=EDGE_CURVE('',#2500,#2498,#342,.T.);
#3224=EDGE_CURVE('',#2499,#2500,#1548,.T.);
#3225=EDGE_CURVE('',#2499,#2501,#1549,.T.);
#3226=EDGE_CURVE('',#2502,#2500,#1550,.T.);
#3227=EDGE_CURVE('',#2501,#2502,#1551,.T.);
#3228=EDGE_CURVE('',#2503,#2501,#343,.T.);
#3229=EDGE_CURVE('',#2504,#2502,#344,.T.);
#3230=EDGE_CURVE('',#2503,#2504,#1552,.T.);
#3231=EDGE_CURVE('',#2503,#2505,#1553,.T.);
#3232=EDGE_CURVE('',#2506,#2504,#1554,.T.);
#3233=EDGE_CURVE('',#2505,#2506,#1555,.T.);
#3234=EDGE_CURVE('',#2507,#2505,#345,.T.);
#3235=EDGE_CURVE('',#2508,#2506,#346,.T.);
#3236=EDGE_CURVE('',#2507,#2508,#1556,.T.);
#3237=EDGE_CURVE('',#2507,#2509,#1557,.T.);
#3238=EDGE_CURVE('',#2510,#2508,#1558,.T.);
#3239=EDGE_CURVE('',#2509,#2510,#1559,.T.);
#3240=EDGE_CURVE('',#2511,#2509,#347,.T.);
#3241=EDGE_CURVE('',#2512,#2510,#348,.T.);
#3242=EDGE_CURVE('',#2511,#2512,#1560,.T.);
#3243=EDGE_CURVE('',#2511,#2513,#1561,.T.);
#3244=EDGE_CURVE('',#2514,#2512,#1562,.T.);
#3245=EDGE_CURVE('',#2513,#2514,#1563,.T.);
#3246=EDGE_CURVE('',#2515,#2513,#349,.T.);
#3247=EDGE_CURVE('',#2516,#2514,#350,.T.);
#3248=EDGE_CURVE('',#2515,#2516,#1564,.T.);
#3249=EDGE_CURVE('',#2515,#2517,#1565,.T.);
#3250=EDGE_CURVE('',#2518,#2516,#1566,.T.);
#3251=EDGE_CURVE('',#2517,#2518,#1567,.T.);
#3252=EDGE_CURVE('',#2519,#2517,#351,.T.);
#3253=EDGE_CURVE('',#2520,#2518,#352,.T.);
#3254=EDGE_CURVE('',#2519,#2520,#1568,.T.);
#3255=EDGE_CURVE('',#2519,#2521,#1569,.T.);
#3256=EDGE_CURVE('',#2522,#2520,#1570,.T.);
#3257=EDGE_CURVE('',#2521,#2522,#1571,.T.);
#3258=EDGE_CURVE('',#2523,#2521,#353,.T.);
#3259=EDGE_CURVE('',#2524,#2522,#354,.T.);
#3260=EDGE_CURVE('',#2523,#2524,#1572,.T.);
#3261=EDGE_CURVE('',#2523,#2525,#1573,.T.);
#3262=EDGE_CURVE('',#2526,#2524,#1574,.T.);
#3263=EDGE_CURVE('',#2525,#2526,#1575,.T.);
#3264=EDGE_CURVE('',#2527,#2525,#355,.T.);
#3265=EDGE_CURVE('',#2528,#2526,#356,.T.);
#3266=EDGE_CURVE('',#2527,#2528,#1576,.T.);
#3267=EDGE_CURVE('',#2527,#2529,#1577,.T.);
#3268=EDGE_CURVE('',#2530,#2528,#1578,.T.);
#3269=EDGE_CURVE('',#2529,#2530,#1579,.T.);
#3270=EDGE_CURVE('',#2531,#2529,#357,.T.);
#3271=EDGE_CURVE('',#2532,#2530,#358,.T.);
#3272=EDGE_CURVE('',#2531,#2532,#1580,.T.);
#3273=EDGE_CURVE('',#2531,#2533,#1581,.T.);
#3274=EDGE_CURVE('',#2534,#2532,#1582,.T.);
#3275=EDGE_CURVE('',#2533,#2534,#1583,.T.);
#3276=EDGE_CURVE('',#2533,#2535,#1584,.T.);
#3277=EDGE_CURVE('',#2536,#2534,#1585,.T.);
#3278=EDGE_CURVE('',#2535,#2536,#1586,.T.);
#3279=EDGE_CURVE('',#2479,#2535,#1587,.T.);
#3280=EDGE_CURVE('',#2481,#2536,#1588,.T.);
#3281=ORIENTED_EDGE('',*,*,#2537,.F.);
#3282=ORIENTED_EDGE('',*,*,#2538,.T.);
#3283=ORIENTED_EDGE('',*,*,#2539,.T.);
#3284=ORIENTED_EDGE('',*,*,#2538,.F.);
#3285=ORIENTED_EDGE('',*,*,#2540,.F.);
#3286=ORIENTED_EDGE('',*,*,#2541,.T.);
#3287=ORIENTED_EDGE('',*,*,#2542,.T.);
#3288=ORIENTED_EDGE('',*,*,#2541,.F.);
#3289=ORIENTED_EDGE('',*,*,#2543,.F.);
#3290=ORIENTED_EDGE('',*,*,#2544,.T.);
#3291=ORIENTED_EDGE('',*,*,#2545,.T.);
#3292=ORIENTED_EDGE('',*,*,#2544,.F.);
#3293=ORIENTED_EDGE('',*,*,#2546,.T.);
#3294=ORIENTED_EDGE('',*,*,#2547,.T.);
#3295=ORIENTED_EDGE('',*,*,#2548,.F.);
#3296=ORIENTED_EDGE('',*,*,#2549,.F.);
#3297=ORIENTED_EDGE('',*,*,#2550,.T.);
#3298=ORIENTED_EDGE('',*,*,#2549,.T.);
#3299=ORIENTED_EDGE('',*,*,#2551,.F.);
#3300=ORIENTED_EDGE('',*,*,#2552,.F.);
#3301=ORIENTED_EDGE('',*,*,#2553,.T.);
#3302=ORIENTED_EDGE('',*,*,#2552,.T.);
#3303=ORIENTED_EDGE('',*,*,#2554,.F.);
#3304=ORIENTED_EDGE('',*,*,#2555,.F.);
#3305=ORIENTED_EDGE('',*,*,#2556,.T.);
#3306=ORIENTED_EDGE('',*,*,#2555,.T.);
#3307=ORIENTED_EDGE('',*,*,#2557,.F.);
#3308=ORIENTED_EDGE('',*,*,#2558,.F.);
#3309=ORIENTED_EDGE('',*,*,#2559,.T.);
#3310=ORIENTED_EDGE('',*,*,#2558,.T.);
#3311=ORIENTED_EDGE('',*,*,#2560,.F.);
#3312=ORIENTED_EDGE('',*,*,#2561,.F.);
#3313=ORIENTED_EDGE('',*,*,#2562,.T.);
#3314=ORIENTED_EDGE('',*,*,#2561,.T.);
#3315=ORIENTED_EDGE('',*,*,#2563,.F.);
#3316=ORIENTED_EDGE('',*,*,#2564,.F.);
#3317=ORIENTED_EDGE('',*,*,#2565,.T.);
#3318=ORIENTED_EDGE('',*,*,#2564,.T.);
#3319=ORIENTED_EDGE('',*,*,#2566,.F.);
#3320=ORIENTED_EDGE('',*,*,#2567,.F.);
#3321=ORIENTED_EDGE('',*,*,#2568,.T.);
#3322=ORIENTED_EDGE('',*,*,#2567,.T.);
#3323=ORIENTED_EDGE('',*,*,#2569,.F.);
#3324=ORIENTED_EDGE('',*,*,#2547,.F.);
#3325=ORIENTED_EDGE('',*,*,#2570,.T.);
#3326=ORIENTED_EDGE('',*,*,#2571,.T.);
#3327=ORIENTED_EDGE('',*,*,#2572,.F.);
#3328=ORIENTED_EDGE('',*,*,#2573,.F.);
#3329=ORIENTED_EDGE('',*,*,#2574,.T.);
#3330=ORIENTED_EDGE('',*,*,#2573,.T.);
#3331=ORIENTED_EDGE('',*,*,#2575,.F.);
#3332=ORIENTED_EDGE('',*,*,#2576,.F.);
#3333=ORIENTED_EDGE('',*,*,#2577,.T.);
#3334=ORIENTED_EDGE('',*,*,#2576,.T.);
#3335=ORIENTED_EDGE('',*,*,#2578,.F.);
#3336=ORIENTED_EDGE('',*,*,#2579,.F.);
#3337=ORIENTED_EDGE('',*,*,#2580,.T.);
#3338=ORIENTED_EDGE('',*,*,#2579,.T.);
#3339=ORIENTED_EDGE('',*,*,#2581,.F.);
#3340=ORIENTED_EDGE('',*,*,#2582,.F.);
#3341=ORIENTED_EDGE('',*,*,#2583,.T.);
#3342=ORIENTED_EDGE('',*,*,#2582,.T.);
#3343=ORIENTED_EDGE('',*,*,#2584,.F.);
#3344=ORIENTED_EDGE('',*,*,#2585,.F.);
#3345=ORIENTED_EDGE('',*,*,#2586,.T.);
#3346=ORIENTED_EDGE('',*,*,#2585,.T.);
#3347=ORIENTED_EDGE('',*,*,#2587,.F.);
#3348=ORIENTED_EDGE('',*,*,#2588,.F.);
#3349=ORIENTED_EDGE('',*,*,#2589,.T.);
#3350=ORIENTED_EDGE('',*,*,#2588,.T.);
#3351=ORIENTED_EDGE('',*,*,#2590,.F.);
#3352=ORIENTED_EDGE('',*,*,#2591,.F.);
#3353=ORIENTED_EDGE('',*,*,#2592,.T.);
#3354=ORIENTED_EDGE('',*,*,#2591,.T.);
#3355=ORIENTED_EDGE('',*,*,#2593,.F.);
#3356=ORIENTED_EDGE('',*,*,#2594,.F.);
#3357=ORIENTED_EDGE('',*,*,#2595,.T.);
#3358=ORIENTED_EDGE('',*,*,#2594,.T.);
#3359=ORIENTED_EDGE('',*,*,#2596,.F.);
#3360=ORIENTED_EDGE('',*,*,#2597,.F.);
#3361=ORIENTED_EDGE('',*,*,#2598,.T.);
#3362=ORIENTED_EDGE('',*,*,#2597,.T.);
#3363=ORIENTED_EDGE('',*,*,#2599,.F.);
#3364=ORIENTED_EDGE('',*,*,#2600,.F.);
#3365=ORIENTED_EDGE('',*,*,#2601,.T.);
#3366=ORIENTED_EDGE('',*,*,#2600,.T.);
#3367=ORIENTED_EDGE('',*,*,#2602,.F.);
#3368=ORIENTED_EDGE('',*,*,#2603,.F.);
#3369=ORIENTED_EDGE('',*,*,#2604,.T.);
#3370=ORIENTED_EDGE('',*,*,#2603,.T.);
#3371=ORIENTED_EDGE('',*,*,#2605,.F.);
#3372=ORIENTED_EDGE('',*,*,#2571,.F.);
#3373=ORIENTED_EDGE('',*,*,#2606,.T.);
#3374=ORIENTED_EDGE('',*,*,#2607,.T.);
#3375=ORIENTED_EDGE('',*,*,#2608,.F.);
#3376=ORIENTED_EDGE('',*,*,#2609,.F.);
#3377=ORIENTED_EDGE('',*,*,#2610,.T.);
#3378=ORIENTED_EDGE('',*,*,#2609,.T.);
#3379=ORIENTED_EDGE('',*,*,#2611,.F.);
#3380=ORIENTED_EDGE('',*,*,#2612,.F.);
#3381=ORIENTED_EDGE('',*,*,#2613,.T.);
#3382=ORIENTED_EDGE('',*,*,#2612,.T.);
#3383=ORIENTED_EDGE('',*,*,#2614,.F.);
#3384=ORIENTED_EDGE('',*,*,#2615,.F.);
#3385=ORIENTED_EDGE('',*,*,#2616,.T.);
#3386=ORIENTED_EDGE('',*,*,#2615,.T.);
#3387=ORIENTED_EDGE('',*,*,#2617,.F.);
#3388=ORIENTED_EDGE('',*,*,#2618,.F.);
#3389=ORIENTED_EDGE('',*,*,#2619,.T.);
#3390=ORIENTED_EDGE('',*,*,#2618,.T.);
#3391=ORIENTED_EDGE('',*,*,#2620,.F.);
#3392=ORIENTED_EDGE('',*,*,#2621,.F.);
#3393=ORIENTED_EDGE('',*,*,#2622,.T.);
#3394=ORIENTED_EDGE('',*,*,#2621,.T.);
#3395=ORIENTED_EDGE('',*,*,#2623,.F.);
#3396=ORIENTED_EDGE('',*,*,#2624,.F.);
#3397=ORIENTED_EDGE('',*,*,#2625,.T.);
#3398=ORIENTED_EDGE('',*,*,#2624,.T.);
#3399=ORIENTED_EDGE('',*,*,#2626,.F.);
#3400=ORIENTED_EDGE('',*,*,#2627,.F.);
#3401=ORIENTED_EDGE('',*,*,#2628,.T.);
#3402=ORIENTED_EDGE('',*,*,#2627,.T.);
#3403=ORIENTED_EDGE('',*,*,#2629,.F.);
#3404=ORIENTED_EDGE('',*,*,#2630,.F.);
#3405=ORIENTED_EDGE('',*,*,#2631,.T.);
#3406=ORIENTED_EDGE('',*,*,#2630,.T.);
#3407=ORIENTED_EDGE('',*,*,#2632,.F.);
#3408=ORIENTED_EDGE('',*,*,#2633,.F.);
#3409=ORIENTED_EDGE('',*,*,#2634,.T.);
#3410=ORIENTED_EDGE('',*,*,#2633,.T.);
#3411=ORIENTED_EDGE('',*,*,#2635,.F.);
#3412=ORIENTED_EDGE('',*,*,#2636,.F.);
#3413=ORIENTED_EDGE('',*,*,#2637,.T.);
#3414=ORIENTED_EDGE('',*,*,#2636,.T.);
#3415=ORIENTED_EDGE('',*,*,#2638,.F.);
#3416=ORIENTED_EDGE('',*,*,#2639,.F.);
#3417=ORIENTED_EDGE('',*,*,#2640,.T.);
#3418=ORIENTED_EDGE('',*,*,#2639,.T.);
#3419=ORIENTED_EDGE('',*,*,#2641,.F.);
#3420=ORIENTED_EDGE('',*,*,#2607,.F.);
#3421=ORIENTED_EDGE('',*,*,#2642,.T.);
#3422=ORIENTED_EDGE('',*,*,#2643,.T.);
#3423=ORIENTED_EDGE('',*,*,#2644,.F.);
#3424=ORIENTED_EDGE('',*,*,#2645,.F.);
#3425=ORIENTED_EDGE('',*,*,#2646,.T.);
#3426=ORIENTED_EDGE('',*,*,#2645,.T.);
#3427=ORIENTED_EDGE('',*,*,#2647,.F.);
#3428=ORIENTED_EDGE('',*,*,#2648,.F.);
#3429=ORIENTED_EDGE('',*,*,#2649,.T.);
#3430=ORIENTED_EDGE('',*,*,#2648,.T.);
#3431=ORIENTED_EDGE('',*,*,#2650,.F.);
#3432=ORIENTED_EDGE('',*,*,#2651,.F.);
#3433=ORIENTED_EDGE('',*,*,#2652,.T.);
#3434=ORIENTED_EDGE('',*,*,#2651,.T.);
#3435=ORIENTED_EDGE('',*,*,#2653,.F.);
#3436=ORIENTED_EDGE('',*,*,#2654,.F.);
#3437=ORIENTED_EDGE('',*,*,#2655,.T.);
#3438=ORIENTED_EDGE('',*,*,#2654,.T.);
#3439=ORIENTED_EDGE('',*,*,#2656,.F.);
#3440=ORIENTED_EDGE('',*,*,#2657,.F.);
#3441=ORIENTED_EDGE('',*,*,#2658,.T.);
#3442=ORIENTED_EDGE('',*,*,#2657,.T.);
#3443=ORIENTED_EDGE('',*,*,#2659,.F.);
#3444=ORIENTED_EDGE('',*,*,#2660,.F.);
#3445=ORIENTED_EDGE('',*,*,#2661,.T.);
#3446=ORIENTED_EDGE('',*,*,#2660,.T.);
#3447=ORIENTED_EDGE('',*,*,#2662,.F.);
#3448=ORIENTED_EDGE('',*,*,#2663,.F.);
#3449=ORIENTED_EDGE('',*,*,#2664,.T.);
#3450=ORIENTED_EDGE('',*,*,#2663,.T.);
#3451=ORIENTED_EDGE('',*,*,#2665,.F.);
#3452=ORIENTED_EDGE('',*,*,#2666,.F.);
#3453=ORIENTED_EDGE('',*,*,#2667,.T.);
#3454=ORIENTED_EDGE('',*,*,#2666,.T.);
#3455=ORIENTED_EDGE('',*,*,#2668,.F.);
#3456=ORIENTED_EDGE('',*,*,#2669,.F.);
#3457=ORIENTED_EDGE('',*,*,#2670,.T.);
#3458=ORIENTED_EDGE('',*,*,#2669,.T.);
#3459=ORIENTED_EDGE('',*,*,#2671,.F.);
#3460=ORIENTED_EDGE('',*,*,#2672,.F.);
#3461=ORIENTED_EDGE('',*,*,#2673,.T.);
#3462=ORIENTED_EDGE('',*,*,#2672,.T.);
#3463=ORIENTED_EDGE('',*,*,#2674,.F.);
#3464=ORIENTED_EDGE('',*,*,#2675,.F.);
#3465=ORIENTED_EDGE('',*,*,#2676,.T.);
#3466=ORIENTED_EDGE('',*,*,#2675,.T.);
#3467=ORIENTED_EDGE('',*,*,#2677,.F.);
#3468=ORIENTED_EDGE('',*,*,#2643,.F.);
#3469=ORIENTED_EDGE('',*,*,#2678,.T.);
#3470=ORIENTED_EDGE('',*,*,#2679,.T.);
#3471=ORIENTED_EDGE('',*,*,#2680,.F.);
#3472=ORIENTED_EDGE('',*,*,#2681,.F.);
#3473=ORIENTED_EDGE('',*,*,#2682,.T.);
#3474=ORIENTED_EDGE('',*,*,#2681,.T.);
#3475=ORIENTED_EDGE('',*,*,#2683,.F.);
#3476=ORIENTED_EDGE('',*,*,#2684,.F.);
#3477=ORIENTED_EDGE('',*,*,#2685,.T.);
#3478=ORIENTED_EDGE('',*,*,#2684,.T.);
#3479=ORIENTED_EDGE('',*,*,#2686,.F.);
#3480=ORIENTED_EDGE('',*,*,#2687,.F.);
#3481=ORIENTED_EDGE('',*,*,#2688,.T.);
#3482=ORIENTED_EDGE('',*,*,#2687,.T.);
#3483=ORIENTED_EDGE('',*,*,#2689,.F.);
#3484=ORIENTED_EDGE('',*,*,#2690,.F.);
#3485=ORIENTED_EDGE('',*,*,#2691,.T.);
#3486=ORIENTED_EDGE('',*,*,#2690,.T.);
#3487=ORIENTED_EDGE('',*,*,#2692,.F.);
#3488=ORIENTED_EDGE('',*,*,#2693,.F.);
#3489=ORIENTED_EDGE('',*,*,#2694,.T.);
#3490=ORIENTED_EDGE('',*,*,#2693,.T.);
#3491=ORIENTED_EDGE('',*,*,#2695,.F.);
#3492=ORIENTED_EDGE('',*,*,#2696,.F.);
#3493=ORIENTED_EDGE('',*,*,#2697,.T.);
#3494=ORIENTED_EDGE('',*,*,#2696,.T.);
#3495=ORIENTED_EDGE('',*,*,#2698,.F.);
#3496=ORIENTED_EDGE('',*,*,#2699,.F.);
#3497=ORIENTED_EDGE('',*,*,#2700,.T.);
#3498=ORIENTED_EDGE('',*,*,#2699,.T.);
#3499=ORIENTED_EDGE('',*,*,#2701,.F.);
#3500=ORIENTED_EDGE('',*,*,#2702,.F.);
#3501=ORIENTED_EDGE('',*,*,#2703,.T.);
#3502=ORIENTED_EDGE('',*,*,#2702,.T.);
#3503=ORIENTED_EDGE('',*,*,#2704,.F.);
#3504=ORIENTED_EDGE('',*,*,#2705,.F.);
#3505=ORIENTED_EDGE('',*,*,#2706,.T.);
#3506=ORIENTED_EDGE('',*,*,#2705,.T.);
#3507=ORIENTED_EDGE('',*,*,#2707,.F.);
#3508=ORIENTED_EDGE('',*,*,#2708,.F.);
#3509=ORIENTED_EDGE('',*,*,#2709,.T.);
#3510=ORIENTED_EDGE('',*,*,#2708,.T.);
#3511=ORIENTED_EDGE('',*,*,#2710,.F.);
#3512=ORIENTED_EDGE('',*,*,#2711,.F.);
#3513=ORIENTED_EDGE('',*,*,#2712,.T.);
#3514=ORIENTED_EDGE('',*,*,#2711,.T.);
#3515=ORIENTED_EDGE('',*,*,#2713,.F.);
#3516=ORIENTED_EDGE('',*,*,#2679,.F.);
#3517=ORIENTED_EDGE('',*,*,#2714,.T.);
#3518=ORIENTED_EDGE('',*,*,#2715,.T.);
#3519=ORIENTED_EDGE('',*,*,#2716,.F.);
#3520=ORIENTED_EDGE('',*,*,#2717,.F.);
#3521=ORIENTED_EDGE('',*,*,#2718,.T.);
#3522=ORIENTED_EDGE('',*,*,#2717,.T.);
#3523=ORIENTED_EDGE('',*,*,#2719,.F.);
#3524=ORIENTED_EDGE('',*,*,#2720,.F.);
#3525=ORIENTED_EDGE('',*,*,#2721,.T.);
#3526=ORIENTED_EDGE('',*,*,#2720,.T.);
#3527=ORIENTED_EDGE('',*,*,#2722,.F.);
#3528=ORIENTED_EDGE('',*,*,#2723,.F.);
#3529=ORIENTED_EDGE('',*,*,#2724,.T.);
#3530=ORIENTED_EDGE('',*,*,#2723,.T.);
#3531=ORIENTED_EDGE('',*,*,#2725,.F.);
#3532=ORIENTED_EDGE('',*,*,#2726,.F.);
#3533=ORIENTED_EDGE('',*,*,#2727,.T.);
#3534=ORIENTED_EDGE('',*,*,#2726,.T.);
#3535=ORIENTED_EDGE('',*,*,#2728,.F.);
#3536=ORIENTED_EDGE('',*,*,#2729,.F.);
#3537=ORIENTED_EDGE('',*,*,#2730,.T.);
#3538=ORIENTED_EDGE('',*,*,#2729,.T.);
#3539=ORIENTED_EDGE('',*,*,#2731,.F.);
#3540=ORIENTED_EDGE('',*,*,#2732,.F.);
#3541=ORIENTED_EDGE('',*,*,#2733,.T.);
#3542=ORIENTED_EDGE('',*,*,#2732,.T.);
#3543=ORIENTED_EDGE('',*,*,#2734,.F.);
#3544=ORIENTED_EDGE('',*,*,#2735,.F.);
#3545=ORIENTED_EDGE('',*,*,#2736,.T.);
#3546=ORIENTED_EDGE('',*,*,#2735,.T.);
#3547=ORIENTED_EDGE('',*,*,#2737,.F.);
#3548=ORIENTED_EDGE('',*,*,#2738,.F.);
#3549=ORIENTED_EDGE('',*,*,#2739,.T.);
#3550=ORIENTED_EDGE('',*,*,#2738,.T.);
#3551=ORIENTED_EDGE('',*,*,#2740,.F.);
#3552=ORIENTED_EDGE('',*,*,#2741,.F.);
#3553=ORIENTED_EDGE('',*,*,#2742,.T.);
#3554=ORIENTED_EDGE('',*,*,#2741,.T.);
#3555=ORIENTED_EDGE('',*,*,#2743,.F.);
#3556=ORIENTED_EDGE('',*,*,#2744,.F.);
#3557=ORIENTED_EDGE('',*,*,#2745,.T.);
#3558=ORIENTED_EDGE('',*,*,#2744,.T.);
#3559=ORIENTED_EDGE('',*,*,#2746,.F.);
#3560=ORIENTED_EDGE('',*,*,#2747,.F.);
#3561=ORIENTED_EDGE('',*,*,#2748,.T.);
#3562=ORIENTED_EDGE('',*,*,#2747,.T.);
#3563=ORIENTED_EDGE('',*,*,#2749,.F.);
#3564=ORIENTED_EDGE('',*,*,#2715,.F.);
#3565=ORIENTED_EDGE('',*,*,#2750,.T.);
#3566=ORIENTED_EDGE('',*,*,#2751,.T.);
#3567=ORIENTED_EDGE('',*,*,#2752,.F.);
#3568=ORIENTED_EDGE('',*,*,#2753,.F.);
#3569=ORIENTED_EDGE('',*,*,#2754,.T.);
#3570=ORIENTED_EDGE('',*,*,#2753,.T.);
#3571=ORIENTED_EDGE('',*,*,#2755,.F.);
#3572=ORIENTED_EDGE('',*,*,#2756,.F.);
#3573=ORIENTED_EDGE('',*,*,#2757,.T.);
#3574=ORIENTED_EDGE('',*,*,#2756,.T.);
#3575=ORIENTED_EDGE('',*,*,#2758,.F.);
#3576=ORIENTED_EDGE('',*,*,#2759,.F.);
#3577=ORIENTED_EDGE('',*,*,#2760,.T.);
#3578=ORIENTED_EDGE('',*,*,#2759,.T.);
#3579=ORIENTED_EDGE('',*,*,#2761,.F.);
#3580=ORIENTED_EDGE('',*,*,#2762,.F.);
#3581=ORIENTED_EDGE('',*,*,#2763,.T.);
#3582=ORIENTED_EDGE('',*,*,#2762,.T.);
#3583=ORIENTED_EDGE('',*,*,#2764,.F.);
#3584=ORIENTED_EDGE('',*,*,#2765,.F.);
#3585=ORIENTED_EDGE('',*,*,#2766,.T.);
#3586=ORIENTED_EDGE('',*,*,#2765,.T.);
#3587=ORIENTED_EDGE('',*,*,#2767,.F.);
#3588=ORIENTED_EDGE('',*,*,#2768,.F.);
#3589=ORIENTED_EDGE('',*,*,#2769,.T.);
#3590=ORIENTED_EDGE('',*,*,#2768,.T.);
#3591=ORIENTED_EDGE('',*,*,#2770,.F.);
#3592=ORIENTED_EDGE('',*,*,#2771,.F.);
#3593=ORIENTED_EDGE('',*,*,#2772,.T.);
#3594=ORIENTED_EDGE('',*,*,#2771,.T.);
#3595=ORIENTED_EDGE('',*,*,#2773,.F.);
#3596=ORIENTED_EDGE('',*,*,#2774,.F.);
#3597=ORIENTED_EDGE('',*,*,#2775,.T.);
#3598=ORIENTED_EDGE('',*,*,#2774,.T.);
#3599=ORIENTED_EDGE('',*,*,#2776,.F.);
#3600=ORIENTED_EDGE('',*,*,#2777,.F.);
#3601=ORIENTED_EDGE('',*,*,#2778,.T.);
#3602=ORIENTED_EDGE('',*,*,#2777,.T.);
#3603=ORIENTED_EDGE('',*,*,#2779,.F.);
#3604=ORIENTED_EDGE('',*,*,#2780,.F.);
#3605=ORIENTED_EDGE('',*,*,#2781,.T.);
#3606=ORIENTED_EDGE('',*,*,#2780,.T.);
#3607=ORIENTED_EDGE('',*,*,#2782,.F.);
#3608=ORIENTED_EDGE('',*,*,#2783,.F.);
#3609=ORIENTED_EDGE('',*,*,#2784,.T.);
#3610=ORIENTED_EDGE('',*,*,#2783,.T.);
#3611=ORIENTED_EDGE('',*,*,#2785,.F.);
#3612=ORIENTED_EDGE('',*,*,#2751,.F.);
#3613=ORIENTED_EDGE('',*,*,#2786,.T.);
#3614=ORIENTED_EDGE('',*,*,#2787,.T.);
#3615=ORIENTED_EDGE('',*,*,#2788,.F.);
#3616=ORIENTED_EDGE('',*,*,#2789,.F.);
#3617=ORIENTED_EDGE('',*,*,#2790,.T.);
#3618=ORIENTED_EDGE('',*,*,#2789,.T.);
#3619=ORIENTED_EDGE('',*,*,#2791,.F.);
#3620=ORIENTED_EDGE('',*,*,#2792,.F.);
#3621=ORIENTED_EDGE('',*,*,#2793,.T.);
#3622=ORIENTED_EDGE('',*,*,#2792,.T.);
#3623=ORIENTED_EDGE('',*,*,#2794,.F.);
#3624=ORIENTED_EDGE('',*,*,#2795,.F.);
#3625=ORIENTED_EDGE('',*,*,#2796,.T.);
#3626=ORIENTED_EDGE('',*,*,#2795,.T.);
#3627=ORIENTED_EDGE('',*,*,#2797,.F.);
#3628=ORIENTED_EDGE('',*,*,#2798,.F.);
#3629=ORIENTED_EDGE('',*,*,#2799,.T.);
#3630=ORIENTED_EDGE('',*,*,#2798,.T.);
#3631=ORIENTED_EDGE('',*,*,#2800,.F.);
#3632=ORIENTED_EDGE('',*,*,#2801,.F.);
#3633=ORIENTED_EDGE('',*,*,#2802,.T.);
#3634=ORIENTED_EDGE('',*,*,#2801,.T.);
#3635=ORIENTED_EDGE('',*,*,#2803,.F.);
#3636=ORIENTED_EDGE('',*,*,#2804,.F.);
#3637=ORIENTED_EDGE('',*,*,#2805,.T.);
#3638=ORIENTED_EDGE('',*,*,#2804,.T.);
#3639=ORIENTED_EDGE('',*,*,#2806,.F.);
#3640=ORIENTED_EDGE('',*,*,#2807,.F.);
#3641=ORIENTED_EDGE('',*,*,#2808,.T.);
#3642=ORIENTED_EDGE('',*,*,#2807,.T.);
#3643=ORIENTED_EDGE('',*,*,#2809,.F.);
#3644=ORIENTED_EDGE('',*,*,#2810,.F.);
#3645=ORIENTED_EDGE('',*,*,#2811,.T.);
#3646=ORIENTED_EDGE('',*,*,#2810,.T.);
#3647=ORIENTED_EDGE('',*,*,#2812,.F.);
#3648=ORIENTED_EDGE('',*,*,#2813,.F.);
#3649=ORIENTED_EDGE('',*,*,#2814,.T.);
#3650=ORIENTED_EDGE('',*,*,#2813,.T.);
#3651=ORIENTED_EDGE('',*,*,#2815,.F.);
#3652=ORIENTED_EDGE('',*,*,#2816,.F.);
#3653=ORIENTED_EDGE('',*,*,#2817,.T.);
#3654=ORIENTED_EDGE('',*,*,#2816,.T.);
#3655=ORIENTED_EDGE('',*,*,#2818,.F.);
#3656=ORIENTED_EDGE('',*,*,#2819,.F.);
#3657=ORIENTED_EDGE('',*,*,#2820,.T.);
#3658=ORIENTED_EDGE('',*,*,#2819,.T.);
#3659=ORIENTED_EDGE('',*,*,#2821,.F.);
#3660=ORIENTED_EDGE('',*,*,#2787,.F.);
#3661=ORIENTED_EDGE('',*,*,#2822,.T.);
#3662=ORIENTED_EDGE('',*,*,#2823,.T.);
#3663=ORIENTED_EDGE('',*,*,#2824,.F.);
#3664=ORIENTED_EDGE('',*,*,#2825,.F.);
#3665=ORIENTED_EDGE('',*,*,#2826,.T.);
#3666=ORIENTED_EDGE('',*,*,#2825,.T.);
#3667=ORIENTED_EDGE('',*,*,#2827,.F.);
#3668=ORIENTED_EDGE('',*,*,#2828,.F.);
#3669=ORIENTED_EDGE('',*,*,#2829,.T.);
#3670=ORIENTED_EDGE('',*,*,#2828,.T.);
#3671=ORIENTED_EDGE('',*,*,#2830,.F.);
#3672=ORIENTED_EDGE('',*,*,#2831,.F.);
#3673=ORIENTED_EDGE('',*,*,#2832,.T.);
#3674=ORIENTED_EDGE('',*,*,#2831,.T.);
#3675=ORIENTED_EDGE('',*,*,#2833,.F.);
#3676=ORIENTED_EDGE('',*,*,#2834,.F.);
#3677=ORIENTED_EDGE('',*,*,#2835,.T.);
#3678=ORIENTED_EDGE('',*,*,#2834,.T.);
#3679=ORIENTED_EDGE('',*,*,#2836,.F.);
#3680=ORIENTED_EDGE('',*,*,#2837,.F.);
#3681=ORIENTED_EDGE('',*,*,#2838,.T.);
#3682=ORIENTED_EDGE('',*,*,#2837,.T.);
#3683=ORIENTED_EDGE('',*,*,#2839,.F.);
#3684=ORIENTED_EDGE('',*,*,#2840,.F.);
#3685=ORIENTED_EDGE('',*,*,#2841,.T.);
#3686=ORIENTED_EDGE('',*,*,#2840,.T.);
#3687=ORIENTED_EDGE('',*,*,#2842,.F.);
#3688=ORIENTED_EDGE('',*,*,#2843,.F.);
#3689=ORIENTED_EDGE('',*,*,#2844,.T.);
#3690=ORIENTED_EDGE('',*,*,#2843,.T.);
#3691=ORIENTED_EDGE('',*,*,#2845,.F.);
#3692=ORIENTED_EDGE('',*,*,#2846,.F.);
#3693=ORIENTED_EDGE('',*,*,#2847,.T.);
#3694=ORIENTED_EDGE('',*,*,#2846,.T.);
#3695=ORIENTED_EDGE('',*,*,#2848,.F.);
#3696=ORIENTED_EDGE('',*,*,#2849,.F.);
#3697=ORIENTED_EDGE('',*,*,#2850,.T.);
#3698=ORIENTED_EDGE('',*,*,#2849,.T.);
#3699=ORIENTED_EDGE('',*,*,#2851,.F.);
#3700=ORIENTED_EDGE('',*,*,#2852,.F.);
#3701=ORIENTED_EDGE('',*,*,#2853,.T.);
#3702=ORIENTED_EDGE('',*,*,#2852,.T.);
#3703=ORIENTED_EDGE('',*,*,#2854,.F.);
#3704=ORIENTED_EDGE('',*,*,#2855,.F.);
#3705=ORIENTED_EDGE('',*,*,#2856,.T.);
#3706=ORIENTED_EDGE('',*,*,#2855,.T.);
#3707=ORIENTED_EDGE('',*,*,#2857,.F.);
#3708=ORIENTED_EDGE('',*,*,#2823,.F.);
#3709=ORIENTED_EDGE('',*,*,#2858,.F.);
#3710=ORIENTED_EDGE('',*,*,#2859,.T.);
#3711=ORIENTED_EDGE('',*,*,#2860,.T.);
#3712=ORIENTED_EDGE('',*,*,#2859,.F.);
#3713=ORIENTED_EDGE('',*,*,#2861,.T.);
#3714=ORIENTED_EDGE('',*,*,#2862,.T.);
#3715=ORIENTED_EDGE('',*,*,#2863,.F.);
#3716=ORIENTED_EDGE('',*,*,#2864,.F.);
#3717=ORIENTED_EDGE('',*,*,#2865,.T.);
#3718=ORIENTED_EDGE('',*,*,#2864,.T.);
#3719=ORIENTED_EDGE('',*,*,#2866,.F.);
#3720=ORIENTED_EDGE('',*,*,#2867,.F.);
#3721=ORIENTED_EDGE('',*,*,#2868,.T.);
#3722=ORIENTED_EDGE('',*,*,#2867,.T.);
#3723=ORIENTED_EDGE('',*,*,#2869,.F.);
#3724=ORIENTED_EDGE('',*,*,#2870,.F.);
#3725=ORIENTED_EDGE('',*,*,#2871,.T.);
#3726=ORIENTED_EDGE('',*,*,#2870,.T.);
#3727=ORIENTED_EDGE('',*,*,#2872,.F.);
#3728=ORIENTED_EDGE('',*,*,#2873,.F.);
#3729=ORIENTED_EDGE('',*,*,#2874,.T.);
#3730=ORIENTED_EDGE('',*,*,#2873,.T.);
#3731=ORIENTED_EDGE('',*,*,#2875,.F.);
#3732=ORIENTED_EDGE('',*,*,#2876,.F.);
#3733=ORIENTED_EDGE('',*,*,#2877,.T.);
#3734=ORIENTED_EDGE('',*,*,#2876,.T.);
#3735=ORIENTED_EDGE('',*,*,#2878,.F.);
#3736=ORIENTED_EDGE('',*,*,#2879,.F.);
#3737=ORIENTED_EDGE('',*,*,#2880,.T.);
#3738=ORIENTED_EDGE('',*,*,#2879,.T.);
#3739=ORIENTED_EDGE('',*,*,#2881,.F.);
#3740=ORIENTED_EDGE('',*,*,#2882,.F.);
#3741=ORIENTED_EDGE('',*,*,#2883,.T.);
#3742=ORIENTED_EDGE('',*,*,#2882,.T.);
#3743=ORIENTED_EDGE('',*,*,#2884,.F.);
#3744=ORIENTED_EDGE('',*,*,#2885,.F.);
#3745=ORIENTED_EDGE('',*,*,#2886,.T.);
#3746=ORIENTED_EDGE('',*,*,#2885,.T.);
#3747=ORIENTED_EDGE('',*,*,#2887,.F.);
#3748=ORIENTED_EDGE('',*,*,#2888,.F.);
#3749=ORIENTED_EDGE('',*,*,#2889,.T.);
#3750=ORIENTED_EDGE('',*,*,#2888,.T.);
#3751=ORIENTED_EDGE('',*,*,#2890,.F.);
#3752=ORIENTED_EDGE('',*,*,#2891,.F.);
#3753=ORIENTED_EDGE('',*,*,#2892,.T.);
#3754=ORIENTED_EDGE('',*,*,#2891,.T.);
#3755=ORIENTED_EDGE('',*,*,#2893,.F.);
#3756=ORIENTED_EDGE('',*,*,#2894,.F.);
#3757=ORIENTED_EDGE('',*,*,#2895,.T.);
#3758=ORIENTED_EDGE('',*,*,#2894,.T.);
#3759=ORIENTED_EDGE('',*,*,#2896,.F.);
#3760=ORIENTED_EDGE('',*,*,#2862,.F.);
#3761=ORIENTED_EDGE('',*,*,#2897,.T.);
#3762=ORIENTED_EDGE('',*,*,#2898,.T.);
#3763=ORIENTED_EDGE('',*,*,#2899,.F.);
#3764=ORIENTED_EDGE('',*,*,#2900,.F.);
#3765=ORIENTED_EDGE('',*,*,#2901,.T.);
#3766=ORIENTED_EDGE('',*,*,#2900,.T.);
#3767=ORIENTED_EDGE('',*,*,#2902,.F.);
#3768=ORIENTED_EDGE('',*,*,#2903,.F.);
#3769=ORIENTED_EDGE('',*,*,#2904,.T.);
#3770=ORIENTED_EDGE('',*,*,#2903,.T.);
#3771=ORIENTED_EDGE('',*,*,#2905,.F.);
#3772=ORIENTED_EDGE('',*,*,#2906,.F.);
#3773=ORIENTED_EDGE('',*,*,#2907,.T.);
#3774=ORIENTED_EDGE('',*,*,#2906,.T.);
#3775=ORIENTED_EDGE('',*,*,#2908,.F.);
#3776=ORIENTED_EDGE('',*,*,#2909,.F.);
#3777=ORIENTED_EDGE('',*,*,#2910,.T.);
#3778=ORIENTED_EDGE('',*,*,#2909,.T.);
#3779=ORIENTED_EDGE('',*,*,#2911,.F.);
#3780=ORIENTED_EDGE('',*,*,#2912,.F.);
#3781=ORIENTED_EDGE('',*,*,#2913,.T.);
#3782=ORIENTED_EDGE('',*,*,#2912,.T.);
#3783=ORIENTED_EDGE('',*,*,#2914,.F.);
#3784=ORIENTED_EDGE('',*,*,#2915,.F.);
#3785=ORIENTED_EDGE('',*,*,#2916,.T.);
#3786=ORIENTED_EDGE('',*,*,#2915,.T.);
#3787=ORIENTED_EDGE('',*,*,#2917,.F.);
#3788=ORIENTED_EDGE('',*,*,#2918,.F.);
#3789=ORIENTED_EDGE('',*,*,#2919,.T.);
#3790=ORIENTED_EDGE('',*,*,#2918,.T.);
#3791=ORIENTED_EDGE('',*,*,#2920,.F.);
#3792=ORIENTED_EDGE('',*,*,#2921,.F.);
#3793=ORIENTED_EDGE('',*,*,#2922,.T.);
#3794=ORIENTED_EDGE('',*,*,#2921,.T.);
#3795=ORIENTED_EDGE('',*,*,#2923,.F.);
#3796=ORIENTED_EDGE('',*,*,#2924,.F.);
#3797=ORIENTED_EDGE('',*,*,#2925,.T.);
#3798=ORIENTED_EDGE('',*,*,#2924,.T.);
#3799=ORIENTED_EDGE('',*,*,#2926,.F.);
#3800=ORIENTED_EDGE('',*,*,#2927,.F.);
#3801=ORIENTED_EDGE('',*,*,#2928,.T.);
#3802=ORIENTED_EDGE('',*,*,#2927,.T.);
#3803=ORIENTED_EDGE('',*,*,#2929,.F.);
#3804=ORIENTED_EDGE('',*,*,#2930,.F.);
#3805=ORIENTED_EDGE('',*,*,#2931,.T.);
#3806=ORIENTED_EDGE('',*,*,#2930,.T.);
#3807=ORIENTED_EDGE('',*,*,#2932,.F.);
#3808=ORIENTED_EDGE('',*,*,#2898,.F.);
#3809=ORIENTED_EDGE('',*,*,#2933,.T.);
#3810=ORIENTED_EDGE('',*,*,#2934,.T.);
#3811=ORIENTED_EDGE('',*,*,#2935,.F.);
#3812=ORIENTED_EDGE('',*,*,#2936,.F.);
#3813=ORIENTED_EDGE('',*,*,#2937,.T.);
#3814=ORIENTED_EDGE('',*,*,#2936,.T.);
#3815=ORIENTED_EDGE('',*,*,#2938,.F.);
#3816=ORIENTED_EDGE('',*,*,#2939,.F.);
#3817=ORIENTED_EDGE('',*,*,#2940,.T.);
#3818=ORIENTED_EDGE('',*,*,#2939,.T.);
#3819=ORIENTED_EDGE('',*,*,#2941,.F.);
#3820=ORIENTED_EDGE('',*,*,#2942,.F.);
#3821=ORIENTED_EDGE('',*,*,#2943,.T.);
#3822=ORIENTED_EDGE('',*,*,#2942,.T.);
#3823=ORIENTED_EDGE('',*,*,#2944,.F.);
#3824=ORIENTED_EDGE('',*,*,#2945,.F.);
#3825=ORIENTED_EDGE('',*,*,#2946,.T.);
#3826=ORIENTED_EDGE('',*,*,#2945,.T.);
#3827=ORIENTED_EDGE('',*,*,#2947,.F.);
#3828=ORIENTED_EDGE('',*,*,#2948,.F.);
#3829=ORIENTED_EDGE('',*,*,#2949,.T.);
#3830=ORIENTED_EDGE('',*,*,#2948,.T.);
#3831=ORIENTED_EDGE('',*,*,#2950,.F.);
#3832=ORIENTED_EDGE('',*,*,#2951,.F.);
#3833=ORIENTED_EDGE('',*,*,#2952,.T.);
#3834=ORIENTED_EDGE('',*,*,#2951,.T.);
#3835=ORIENTED_EDGE('',*,*,#2953,.F.);
#3836=ORIENTED_EDGE('',*,*,#2954,.F.);
#3837=ORIENTED_EDGE('',*,*,#2955,.T.);
#3838=ORIENTED_EDGE('',*,*,#2954,.T.);
#3839=ORIENTED_EDGE('',*,*,#2956,.F.);
#3840=ORIENTED_EDGE('',*,*,#2957,.F.);
#3841=ORIENTED_EDGE('',*,*,#2958,.T.);
#3842=ORIENTED_EDGE('',*,*,#2957,.T.);
#3843=ORIENTED_EDGE('',*,*,#2959,.F.);
#3844=ORIENTED_EDGE('',*,*,#2960,.F.);
#3845=ORIENTED_EDGE('',*,*,#2961,.T.);
#3846=ORIENTED_EDGE('',*,*,#2960,.T.);
#3847=ORIENTED_EDGE('',*,*,#2962,.F.);
#3848=ORIENTED_EDGE('',*,*,#2963,.F.);
#3849=ORIENTED_EDGE('',*,*,#2964,.T.);
#3850=ORIENTED_EDGE('',*,*,#2963,.T.);
#3851=ORIENTED_EDGE('',*,*,#2965,.F.);
#3852=ORIENTED_EDGE('',*,*,#2966,.F.);
#3853=ORIENTED_EDGE('',*,*,#2967,.T.);
#3854=ORIENTED_EDGE('',*,*,#2966,.T.);
#3855=ORIENTED_EDGE('',*,*,#2968,.F.);
#3856=ORIENTED_EDGE('',*,*,#2934,.F.);
#3857=ORIENTED_EDGE('',*,*,#2969,.F.);
#3858=ORIENTED_EDGE('',*,*,#2970,.T.);
#3859=ORIENTED_EDGE('',*,*,#2971,.T.);
#3860=ORIENTED_EDGE('',*,*,#2970,.F.);
#3861=ORIENTED_EDGE('',*,*,#2972,.T.);
#3862=ORIENTED_EDGE('',*,*,#2973,.T.);
#3863=ORIENTED_EDGE('',*,*,#2974,.F.);
#3864=ORIENTED_EDGE('',*,*,#2975,.F.);
#3865=ORIENTED_EDGE('',*,*,#2976,.T.);
#3866=ORIENTED_EDGE('',*,*,#2975,.T.);
#3867=ORIENTED_EDGE('',*,*,#2977,.F.);
#3868=ORIENTED_EDGE('',*,*,#2978,.F.);
#3869=ORIENTED_EDGE('',*,*,#2979,.T.);
#3870=ORIENTED_EDGE('',*,*,#2978,.T.);
#3871=ORIENTED_EDGE('',*,*,#2980,.F.);
#3872=ORIENTED_EDGE('',*,*,#2981,.F.);
#3873=ORIENTED_EDGE('',*,*,#2982,.T.);
#3874=ORIENTED_EDGE('',*,*,#2981,.T.);
#3875=ORIENTED_EDGE('',*,*,#2983,.F.);
#3876=ORIENTED_EDGE('',*,*,#2984,.F.);
#3877=ORIENTED_EDGE('',*,*,#2985,.T.);
#3878=ORIENTED_EDGE('',*,*,#2984,.T.);
#3879=ORIENTED_EDGE('',*,*,#2986,.F.);
#3880=ORIENTED_EDGE('',*,*,#2987,.F.);
#3881=ORIENTED_EDGE('',*,*,#2988,.T.);
#3882=ORIENTED_EDGE('',*,*,#2987,.T.);
#3883=ORIENTED_EDGE('',*,*,#2989,.F.);
#3884=ORIENTED_EDGE('',*,*,#2990,.F.);
#3885=ORIENTED_EDGE('',*,*,#2991,.T.);
#3886=ORIENTED_EDGE('',*,*,#2990,.T.);
#3887=ORIENTED_EDGE('',*,*,#2992,.F.);
#3888=ORIENTED_EDGE('',*,*,#2993,.F.);
#3889=ORIENTED_EDGE('',*,*,#2994,.T.);
#3890=ORIENTED_EDGE('',*,*,#2993,.T.);
#3891=ORIENTED_EDGE('',*,*,#2995,.F.);
#3892=ORIENTED_EDGE('',*,*,#2973,.F.);
#3893=ORIENTED_EDGE('',*,*,#2996,.T.);
#3894=ORIENTED_EDGE('',*,*,#2997,.T.);
#3895=ORIENTED_EDGE('',*,*,#2998,.F.);
#3896=ORIENTED_EDGE('',*,*,#2999,.F.);
#3897=ORIENTED_EDGE('',*,*,#3000,.T.);
#3898=ORIENTED_EDGE('',*,*,#2999,.T.);
#3899=ORIENTED_EDGE('',*,*,#3001,.F.);
#3900=ORIENTED_EDGE('',*,*,#3002,.F.);
#3901=ORIENTED_EDGE('',*,*,#3003,.T.);
#3902=ORIENTED_EDGE('',*,*,#3002,.T.);
#3903=ORIENTED_EDGE('',*,*,#3004,.F.);
#3904=ORIENTED_EDGE('',*,*,#3005,.F.);
#3905=ORIENTED_EDGE('',*,*,#3006,.T.);
#3906=ORIENTED_EDGE('',*,*,#3005,.T.);
#3907=ORIENTED_EDGE('',*,*,#3007,.F.);
#3908=ORIENTED_EDGE('',*,*,#3008,.F.);
#3909=ORIENTED_EDGE('',*,*,#3009,.T.);
#3910=ORIENTED_EDGE('',*,*,#3008,.T.);
#3911=ORIENTED_EDGE('',*,*,#3010,.F.);
#3912=ORIENTED_EDGE('',*,*,#3011,.F.);
#3913=ORIENTED_EDGE('',*,*,#3012,.T.);
#3914=ORIENTED_EDGE('',*,*,#3011,.T.);
#3915=ORIENTED_EDGE('',*,*,#3013,.F.);
#3916=ORIENTED_EDGE('',*,*,#3014,.F.);
#3917=ORIENTED_EDGE('',*,*,#3015,.T.);
#3918=ORIENTED_EDGE('',*,*,#3014,.T.);
#3919=ORIENTED_EDGE('',*,*,#3016,.F.);
#3920=ORIENTED_EDGE('',*,*,#3017,.F.);
#3921=ORIENTED_EDGE('',*,*,#3018,.T.);
#3922=ORIENTED_EDGE('',*,*,#3017,.T.);
#3923=ORIENTED_EDGE('',*,*,#3019,.F.);
#3924=ORIENTED_EDGE('',*,*,#3020,.F.);
#3925=ORIENTED_EDGE('',*,*,#3021,.T.);
#3926=ORIENTED_EDGE('',*,*,#3020,.T.);
#3927=ORIENTED_EDGE('',*,*,#3022,.F.);
#3928=ORIENTED_EDGE('',*,*,#3023,.F.);
#3929=ORIENTED_EDGE('',*,*,#3024,.T.);
#3930=ORIENTED_EDGE('',*,*,#3023,.T.);
#3931=ORIENTED_EDGE('',*,*,#3025,.F.);
#3932=ORIENTED_EDGE('',*,*,#3026,.F.);
#3933=ORIENTED_EDGE('',*,*,#3027,.T.);
#3934=ORIENTED_EDGE('',*,*,#3026,.T.);
#3935=ORIENTED_EDGE('',*,*,#3028,.F.);
#3936=ORIENTED_EDGE('',*,*,#3029,.F.);
#3937=ORIENTED_EDGE('',*,*,#3030,.T.);
#3938=ORIENTED_EDGE('',*,*,#3029,.T.);
#3939=ORIENTED_EDGE('',*,*,#3031,.F.);
#3940=ORIENTED_EDGE('',*,*,#2997,.F.);
#3941=ORIENTED_EDGE('',*,*,#3032,.T.);
#3942=ORIENTED_EDGE('',*,*,#3033,.T.);
#3943=ORIENTED_EDGE('',*,*,#3034,.F.);
#3944=ORIENTED_EDGE('',*,*,#3035,.F.);
#3945=ORIENTED_EDGE('',*,*,#3036,.T.);
#3946=ORIENTED_EDGE('',*,*,#3035,.T.);
#3947=ORIENTED_EDGE('',*,*,#3037,.F.);
#3948=ORIENTED_EDGE('',*,*,#3038,.F.);
#3949=ORIENTED_EDGE('',*,*,#3039,.T.);
#3950=ORIENTED_EDGE('',*,*,#3038,.T.);
#3951=ORIENTED_EDGE('',*,*,#3040,.F.);
#3952=ORIENTED_EDGE('',*,*,#3041,.F.);
#3953=ORIENTED_EDGE('',*,*,#3042,.T.);
#3954=ORIENTED_EDGE('',*,*,#3041,.T.);
#3955=ORIENTED_EDGE('',*,*,#3043,.F.);
#3956=ORIENTED_EDGE('',*,*,#3044,.F.);
#3957=ORIENTED_EDGE('',*,*,#3045,.T.);
#3958=ORIENTED_EDGE('',*,*,#3044,.T.);
#3959=ORIENTED_EDGE('',*,*,#3046,.F.);
#3960=ORIENTED_EDGE('',*,*,#3047,.F.);
#3961=ORIENTED_EDGE('',*,*,#3048,.T.);
#3962=ORIENTED_EDGE('',*,*,#3047,.T.);
#3963=ORIENTED_EDGE('',*,*,#3049,.F.);
#3964=ORIENTED_EDGE('',*,*,#3050,.F.);
#3965=ORIENTED_EDGE('',*,*,#3051,.T.);
#3966=ORIENTED_EDGE('',*,*,#3050,.T.);
#3967=ORIENTED_EDGE('',*,*,#3052,.F.);
#3968=ORIENTED_EDGE('',*,*,#3053,.F.);
#3969=ORIENTED_EDGE('',*,*,#3054,.T.);
#3970=ORIENTED_EDGE('',*,*,#3053,.T.);
#3971=ORIENTED_EDGE('',*,*,#3055,.F.);
#3972=ORIENTED_EDGE('',*,*,#3056,.F.);
#3973=ORIENTED_EDGE('',*,*,#3057,.T.);
#3974=ORIENTED_EDGE('',*,*,#3056,.T.);
#3975=ORIENTED_EDGE('',*,*,#3058,.F.);
#3976=ORIENTED_EDGE('',*,*,#3059,.F.);
#3977=ORIENTED_EDGE('',*,*,#3060,.T.);
#3978=ORIENTED_EDGE('',*,*,#3059,.T.);
#3979=ORIENTED_EDGE('',*,*,#3061,.F.);
#3980=ORIENTED_EDGE('',*,*,#3062,.F.);
#3981=ORIENTED_EDGE('',*,*,#3063,.T.);
#3982=ORIENTED_EDGE('',*,*,#3062,.T.);
#3983=ORIENTED_EDGE('',*,*,#3064,.F.);
#3984=ORIENTED_EDGE('',*,*,#3065,.F.);
#3985=ORIENTED_EDGE('',*,*,#3066,.T.);
#3986=ORIENTED_EDGE('',*,*,#3065,.T.);
#3987=ORIENTED_EDGE('',*,*,#3067,.F.);
#3988=ORIENTED_EDGE('',*,*,#3033,.F.);
#3989=ORIENTED_EDGE('',*,*,#3068,.F.);
#3990=ORIENTED_EDGE('',*,*,#3069,.T.);
#3991=ORIENTED_EDGE('',*,*,#3070,.T.);
#3992=ORIENTED_EDGE('',*,*,#3069,.F.);
#3993=ORIENTED_EDGE('',*,*,#3071,.T.);
#3994=ORIENTED_EDGE('',*,*,#3072,.T.);
#3995=ORIENTED_EDGE('',*,*,#3073,.F.);
#3996=ORIENTED_EDGE('',*,*,#3074,.F.);
#3997=ORIENTED_EDGE('',*,*,#3075,.T.);
#3998=ORIENTED_EDGE('',*,*,#3074,.T.);
#3999=ORIENTED_EDGE('',*,*,#3076,.F.);
#4000=ORIENTED_EDGE('',*,*,#3077,.F.);
#4001=ORIENTED_EDGE('',*,*,#3078,.T.);
#4002=ORIENTED_EDGE('',*,*,#3077,.T.);
#4003=ORIENTED_EDGE('',*,*,#3079,.F.);
#4004=ORIENTED_EDGE('',*,*,#3080,.F.);
#4005=ORIENTED_EDGE('',*,*,#3081,.T.);
#4006=ORIENTED_EDGE('',*,*,#3080,.T.);
#4007=ORIENTED_EDGE('',*,*,#3082,.F.);
#4008=ORIENTED_EDGE('',*,*,#3083,.F.);
#4009=ORIENTED_EDGE('',*,*,#3084,.T.);
#4010=ORIENTED_EDGE('',*,*,#3083,.T.);
#4011=ORIENTED_EDGE('',*,*,#3085,.F.);
#4012=ORIENTED_EDGE('',*,*,#3086,.F.);
#4013=ORIENTED_EDGE('',*,*,#3087,.T.);
#4014=ORIENTED_EDGE('',*,*,#3086,.T.);
#4015=ORIENTED_EDGE('',*,*,#3088,.F.);
#4016=ORIENTED_EDGE('',*,*,#3089,.F.);
#4017=ORIENTED_EDGE('',*,*,#3090,.T.);
#4018=ORIENTED_EDGE('',*,*,#3089,.T.);
#4019=ORIENTED_EDGE('',*,*,#3091,.F.);
#4020=ORIENTED_EDGE('',*,*,#3092,.F.);
#4021=ORIENTED_EDGE('',*,*,#3093,.T.);
#4022=ORIENTED_EDGE('',*,*,#3092,.T.);
#4023=ORIENTED_EDGE('',*,*,#3094,.F.);
#4024=ORIENTED_EDGE('',*,*,#3095,.F.);
#4025=ORIENTED_EDGE('',*,*,#3096,.T.);
#4026=ORIENTED_EDGE('',*,*,#3095,.T.);
#4027=ORIENTED_EDGE('',*,*,#3097,.F.);
#4028=ORIENTED_EDGE('',*,*,#3098,.F.);
#4029=ORIENTED_EDGE('',*,*,#3099,.T.);
#4030=ORIENTED_EDGE('',*,*,#3098,.T.);
#4031=ORIENTED_EDGE('',*,*,#3100,.F.);
#4032=ORIENTED_EDGE('',*,*,#3101,.F.);
#4033=ORIENTED_EDGE('',*,*,#3102,.T.);
#4034=ORIENTED_EDGE('',*,*,#3101,.T.);
#4035=ORIENTED_EDGE('',*,*,#3103,.F.);
#4036=ORIENTED_EDGE('',*,*,#3104,.F.);
#4037=ORIENTED_EDGE('',*,*,#3105,.T.);
#4038=ORIENTED_EDGE('',*,*,#3104,.T.);
#4039=ORIENTED_EDGE('',*,*,#3106,.F.);
#4040=ORIENTED_EDGE('',*,*,#3072,.F.);
#4041=ORIENTED_EDGE('',*,*,#3107,.T.);
#4042=ORIENTED_EDGE('',*,*,#3108,.T.);
#4043=ORIENTED_EDGE('',*,*,#3109,.F.);
#4044=ORIENTED_EDGE('',*,*,#3110,.F.);
#4045=ORIENTED_EDGE('',*,*,#3111,.T.);
#4046=ORIENTED_EDGE('',*,*,#3110,.T.);
#4047=ORIENTED_EDGE('',*,*,#3112,.F.);
#4048=ORIENTED_EDGE('',*,*,#3113,.F.);
#4049=ORIENTED_EDGE('',*,*,#3114,.T.);
#4050=ORIENTED_EDGE('',*,*,#3113,.T.);
#4051=ORIENTED_EDGE('',*,*,#3115,.F.);
#4052=ORIENTED_EDGE('',*,*,#3116,.F.);
#4053=ORIENTED_EDGE('',*,*,#3117,.T.);
#4054=ORIENTED_EDGE('',*,*,#3116,.T.);
#4055=ORIENTED_EDGE('',*,*,#3118,.F.);
#4056=ORIENTED_EDGE('',*,*,#3108,.F.);
#4057=ORIENTED_EDGE('',*,*,#3119,.F.);
#4058=ORIENTED_EDGE('',*,*,#3120,.T.);
#4059=ORIENTED_EDGE('',*,*,#3121,.T.);
#4060=ORIENTED_EDGE('',*,*,#3120,.F.);
#4061=ORIENTED_EDGE('',*,*,#3122,.T.);
#4062=ORIENTED_EDGE('',*,*,#3123,.T.);
#4063=ORIENTED_EDGE('',*,*,#3124,.F.);
#4064=ORIENTED_EDGE('',*,*,#3125,.F.);
#4065=ORIENTED_EDGE('',*,*,#3126,.T.);
#4066=ORIENTED_EDGE('',*,*,#3125,.T.);
#4067=ORIENTED_EDGE('',*,*,#3127,.F.);
#4068=ORIENTED_EDGE('',*,*,#3128,.F.);
#4069=ORIENTED_EDGE('',*,*,#3129,.T.);
#4070=ORIENTED_EDGE('',*,*,#3128,.T.);
#4071=ORIENTED_EDGE('',*,*,#3130,.F.);
#4072=ORIENTED_EDGE('',*,*,#3131,.F.);
#4073=ORIENTED_EDGE('',*,*,#3132,.T.);
#4074=ORIENTED_EDGE('',*,*,#3131,.T.);
#4075=ORIENTED_EDGE('',*,*,#3133,.F.);
#4076=ORIENTED_EDGE('',*,*,#3134,.F.);
#4077=ORIENTED_EDGE('',*,*,#3135,.T.);
#4078=ORIENTED_EDGE('',*,*,#3134,.T.);
#4079=ORIENTED_EDGE('',*,*,#3136,.F.);
#4080=ORIENTED_EDGE('',*,*,#3137,.F.);
#4081=ORIENTED_EDGE('',*,*,#3138,.T.);
#4082=ORIENTED_EDGE('',*,*,#3137,.T.);
#4083=ORIENTED_EDGE('',*,*,#3139,.F.);
#4084=ORIENTED_EDGE('',*,*,#3140,.F.);
#4085=ORIENTED_EDGE('',*,*,#3141,.T.);
#4086=ORIENTED_EDGE('',*,*,#3140,.T.);
#4087=ORIENTED_EDGE('',*,*,#3142,.F.);
#4088=ORIENTED_EDGE('',*,*,#3143,.F.);
#4089=ORIENTED_EDGE('',*,*,#3144,.T.);
#4090=ORIENTED_EDGE('',*,*,#3143,.T.);
#4091=ORIENTED_EDGE('',*,*,#3145,.F.);
#4092=ORIENTED_EDGE('',*,*,#3146,.F.);
#4093=ORIENTED_EDGE('',*,*,#3147,.T.);
#4094=ORIENTED_EDGE('',*,*,#3146,.T.);
#4095=ORIENTED_EDGE('',*,*,#3148,.F.);
#4096=ORIENTED_EDGE('',*,*,#3149,.F.);
#4097=ORIENTED_EDGE('',*,*,#3150,.T.);
#4098=ORIENTED_EDGE('',*,*,#3149,.T.);
#4099=ORIENTED_EDGE('',*,*,#3151,.F.);
#4100=ORIENTED_EDGE('',*,*,#3152,.F.);
#4101=ORIENTED_EDGE('',*,*,#3153,.T.);
#4102=ORIENTED_EDGE('',*,*,#3152,.T.);
#4103=ORIENTED_EDGE('',*,*,#3154,.F.);
#4104=ORIENTED_EDGE('',*,*,#3155,.F.);
#4105=ORIENTED_EDGE('',*,*,#3156,.T.);
#4106=ORIENTED_EDGE('',*,*,#3155,.T.);
#4107=ORIENTED_EDGE('',*,*,#3157,.F.);
#4108=ORIENTED_EDGE('',*,*,#3123,.F.);
#4109=ORIENTED_EDGE('',*,*,#3158,.T.);
#4110=ORIENTED_EDGE('',*,*,#3159,.T.);
#4111=ORIENTED_EDGE('',*,*,#3160,.F.);
#4112=ORIENTED_EDGE('',*,*,#3161,.F.);
#4113=ORIENTED_EDGE('',*,*,#3162,.T.);
#4114=ORIENTED_EDGE('',*,*,#3161,.T.);
#4115=ORIENTED_EDGE('',*,*,#3163,.F.);
#4116=ORIENTED_EDGE('',*,*,#3164,.F.);
#4117=ORIENTED_EDGE('',*,*,#3165,.T.);
#4118=ORIENTED_EDGE('',*,*,#3164,.T.);
#4119=ORIENTED_EDGE('',*,*,#3166,.F.);
#4120=ORIENTED_EDGE('',*,*,#3167,.F.);
#4121=ORIENTED_EDGE('',*,*,#3168,.T.);
#4122=ORIENTED_EDGE('',*,*,#3167,.T.);
#4123=ORIENTED_EDGE('',*,*,#3169,.F.);
#4124=ORIENTED_EDGE('',*,*,#3170,.F.);
#4125=ORIENTED_EDGE('',*,*,#3171,.T.);
#4126=ORIENTED_EDGE('',*,*,#3170,.T.);
#4127=ORIENTED_EDGE('',*,*,#3172,.F.);
#4128=ORIENTED_EDGE('',*,*,#3173,.F.);
#4129=ORIENTED_EDGE('',*,*,#3174,.T.);
#4130=ORIENTED_EDGE('',*,*,#3173,.T.);
#4131=ORIENTED_EDGE('',*,*,#3175,.F.);
#4132=ORIENTED_EDGE('',*,*,#3176,.F.);
#4133=ORIENTED_EDGE('',*,*,#3177,.T.);
#4134=ORIENTED_EDGE('',*,*,#3176,.T.);
#4135=ORIENTED_EDGE('',*,*,#3178,.F.);
#4136=ORIENTED_EDGE('',*,*,#3179,.F.);
#4137=ORIENTED_EDGE('',*,*,#3180,.T.);
#4138=ORIENTED_EDGE('',*,*,#3179,.T.);
#4139=ORIENTED_EDGE('',*,*,#3181,.F.);
#4140=ORIENTED_EDGE('',*,*,#3182,.F.);
#4141=ORIENTED_EDGE('',*,*,#3183,.T.);
#4142=ORIENTED_EDGE('',*,*,#3182,.T.);
#4143=ORIENTED_EDGE('',*,*,#3184,.F.);
#4144=ORIENTED_EDGE('',*,*,#3185,.F.);
#4145=ORIENTED_EDGE('',*,*,#3186,.T.);
#4146=ORIENTED_EDGE('',*,*,#3185,.T.);
#4147=ORIENTED_EDGE('',*,*,#3187,.F.);
#4148=ORIENTED_EDGE('',*,*,#3188,.F.);
#4149=ORIENTED_EDGE('',*,*,#3189,.T.);
#4150=ORIENTED_EDGE('',*,*,#3188,.T.);
#4151=ORIENTED_EDGE('',*,*,#3190,.F.);
#4152=ORIENTED_EDGE('',*,*,#3191,.F.);
#4153=ORIENTED_EDGE('',*,*,#3192,.T.);
#4154=ORIENTED_EDGE('',*,*,#3191,.T.);
#4155=ORIENTED_EDGE('',*,*,#3193,.F.);
#4156=ORIENTED_EDGE('',*,*,#3159,.F.);
#4157=ORIENTED_EDGE('',*,*,#3194,.F.);
#4158=ORIENTED_EDGE('',*,*,#3195,.T.);
#4159=ORIENTED_EDGE('',*,*,#3196,.F.);
#4160=ORIENTED_EDGE('',*,*,#3197,.F.);
#4161=ORIENTED_EDGE('',*,*,#3198,.F.);
#4162=ORIENTED_EDGE('',*,*,#3197,.T.);
#4163=ORIENTED_EDGE('',*,*,#3199,.F.);
#4164=ORIENTED_EDGE('',*,*,#3200,.F.);
#4165=ORIENTED_EDGE('',*,*,#3201,.F.);
#4166=ORIENTED_EDGE('',*,*,#3200,.T.);
#4167=ORIENTED_EDGE('',*,*,#3202,.F.);
#4168=ORIENTED_EDGE('',*,*,#3203,.F.);
#4169=ORIENTED_EDGE('',*,*,#3204,.F.);
#4170=ORIENTED_EDGE('',*,*,#3203,.T.);
#4171=ORIENTED_EDGE('',*,*,#3205,.F.);
#4172=ORIENTED_EDGE('',*,*,#3206,.F.);
#4173=ORIENTED_EDGE('',*,*,#3207,.F.);
#4174=ORIENTED_EDGE('',*,*,#3206,.T.);
#4175=ORIENTED_EDGE('',*,*,#3208,.F.);
#4176=ORIENTED_EDGE('',*,*,#3209,.F.);
#4177=ORIENTED_EDGE('',*,*,#3210,.F.);
#4178=ORIENTED_EDGE('',*,*,#3209,.T.);
#4179=ORIENTED_EDGE('',*,*,#3211,.F.);
#4180=ORIENTED_EDGE('',*,*,#3212,.F.);
#4181=ORIENTED_EDGE('',*,*,#3213,.F.);
#4182=ORIENTED_EDGE('',*,*,#3212,.T.);
#4183=ORIENTED_EDGE('',*,*,#3214,.F.);
#4184=ORIENTED_EDGE('',*,*,#3215,.F.);
#4185=ORIENTED_EDGE('',*,*,#3216,.T.);
#4186=ORIENTED_EDGE('',*,*,#3215,.T.);
#4187=ORIENTED_EDGE('',*,*,#3217,.F.);
#4188=ORIENTED_EDGE('',*,*,#3218,.F.);
#4189=ORIENTED_EDGE('',*,*,#3219,.T.);
#4190=ORIENTED_EDGE('',*,*,#3218,.T.);
#4191=ORIENTED_EDGE('',*,*,#3220,.F.);
#4192=ORIENTED_EDGE('',*,*,#3221,.F.);
#4193=ORIENTED_EDGE('',*,*,#3222,.T.);
#4194=ORIENTED_EDGE('',*,*,#3221,.T.);
#4195=ORIENTED_EDGE('',*,*,#3223,.F.);
#4196=ORIENTED_EDGE('',*,*,#3224,.F.);
#4197=ORIENTED_EDGE('',*,*,#3225,.F.);
#4198=ORIENTED_EDGE('',*,*,#3224,.T.);
#4199=ORIENTED_EDGE('',*,*,#3226,.F.);
#4200=ORIENTED_EDGE('',*,*,#3227,.F.);
#4201=ORIENTED_EDGE('',*,*,#3228,.T.);
#4202=ORIENTED_EDGE('',*,*,#3227,.T.);
#4203=ORIENTED_EDGE('',*,*,#3229,.F.);
#4204=ORIENTED_EDGE('',*,*,#3230,.F.);
#4205=ORIENTED_EDGE('',*,*,#3231,.F.);
#4206=ORIENTED_EDGE('',*,*,#3230,.T.);
#4207=ORIENTED_EDGE('',*,*,#3232,.F.);
#4208=ORIENTED_EDGE('',*,*,#3233,.F.);
#4209=ORIENTED_EDGE('',*,*,#3234,.T.);
#4210=ORIENTED_EDGE('',*,*,#3233,.T.);
#4211=ORIENTED_EDGE('',*,*,#3235,.F.);
#4212=ORIENTED_EDGE('',*,*,#3236,.F.);
#4213=ORIENTED_EDGE('',*,*,#3237,.F.);
#4214=ORIENTED_EDGE('',*,*,#3236,.T.);
#4215=ORIENTED_EDGE('',*,*,#3238,.F.);
#4216=ORIENTED_EDGE('',*,*,#3239,.F.);
#4217=ORIENTED_EDGE('',*,*,#3240,.T.);
#4218=ORIENTED_EDGE('',*,*,#3239,.T.);
#4219=ORIENTED_EDGE('',*,*,#3241,.F.);
#4220=ORIENTED_EDGE('',*,*,#3242,.F.);
#4221=ORIENTED_EDGE('',*,*,#3243,.F.);
#4222=ORIENTED_EDGE('',*,*,#3242,.T.);
#4223=ORIENTED_EDGE('',*,*,#3244,.F.);
#4224=ORIENTED_EDGE('',*,*,#3245,.F.);
#4225=ORIENTED_EDGE('',*,*,#3246,.T.);
#4226=ORIENTED_EDGE('',*,*,#3245,.T.);
#4227=ORIENTED_EDGE('',*,*,#3247,.F.);
#4228=ORIENTED_EDGE('',*,*,#3248,.F.);
#4229=ORIENTED_EDGE('',*,*,#3249,.F.);
#4230=ORIENTED_EDGE('',*,*,#3248,.T.);
#4231=ORIENTED_EDGE('',*,*,#3250,.F.);
#4232=ORIENTED_EDGE('',*,*,#3251,.F.);
#4233=ORIENTED_EDGE('',*,*,#3252,.T.);
#4234=ORIENTED_EDGE('',*,*,#3251,.T.);
#4235=ORIENTED_EDGE('',*,*,#3253,.F.);
#4236=ORIENTED_EDGE('',*,*,#3254,.F.);
#4237=ORIENTED_EDGE('',*,*,#3255,.F.);
#4238=ORIENTED_EDGE('',*,*,#3254,.T.);
#4239=ORIENTED_EDGE('',*,*,#3256,.F.);
#4240=ORIENTED_EDGE('',*,*,#3257,.F.);
#4241=ORIENTED_EDGE('',*,*,#3258,.T.);
#4242=ORIENTED_EDGE('',*,*,#3257,.T.);
#4243=ORIENTED_EDGE('',*,*,#3259,.F.);
#4244=ORIENTED_EDGE('',*,*,#3260,.F.);
#4245=ORIENTED_EDGE('',*,*,#3261,.F.);
#4246=ORIENTED_EDGE('',*,*,#3260,.T.);
#4247=ORIENTED_EDGE('',*,*,#3262,.F.);
#4248=ORIENTED_EDGE('',*,*,#3263,.F.);
#4249=ORIENTED_EDGE('',*,*,#3264,.T.);
#4250=ORIENTED_EDGE('',*,*,#3263,.T.);
#4251=ORIENTED_EDGE('',*,*,#3265,.F.);
#4252=ORIENTED_EDGE('',*,*,#3266,.F.);
#4253=ORIENTED_EDGE('',*,*,#3267,.F.);
#4254=ORIENTED_EDGE('',*,*,#3266,.T.);
#4255=ORIENTED_EDGE('',*,*,#3268,.F.);
#4256=ORIENTED_EDGE('',*,*,#3269,.F.);
#4257=ORIENTED_EDGE('',*,*,#3270,.T.);
#4258=ORIENTED_EDGE('',*,*,#3269,.T.);
#4259=ORIENTED_EDGE('',*,*,#3271,.F.);
#4260=ORIENTED_EDGE('',*,*,#3272,.F.);
#4261=ORIENTED_EDGE('',*,*,#3273,.F.);
#4262=ORIENTED_EDGE('',*,*,#3272,.T.);
#4263=ORIENTED_EDGE('',*,*,#3274,.F.);
#4264=ORIENTED_EDGE('',*,*,#3275,.F.);
#4265=ORIENTED_EDGE('',*,*,#3276,.F.);
#4266=ORIENTED_EDGE('',*,*,#3275,.T.);
#4267=ORIENTED_EDGE('',*,*,#3277,.F.);
#4268=ORIENTED_EDGE('',*,*,#3278,.F.);
#4269=ORIENTED_EDGE('',*,*,#3279,.T.);
#4270=ORIENTED_EDGE('',*,*,#3278,.T.);
#4271=ORIENTED_EDGE('',*,*,#3280,.F.);
#4272=ORIENTED_EDGE('',*,*,#3195,.F.);
#4273=ORIENTED_EDGE('',*,*,#3280,.T.);
#4274=ORIENTED_EDGE('',*,*,#3277,.T.);
#4275=ORIENTED_EDGE('',*,*,#3274,.T.);
#4276=ORIENTED_EDGE('',*,*,#3271,.T.);
#4277=ORIENTED_EDGE('',*,*,#3268,.T.);
#4278=ORIENTED_EDGE('',*,*,#3265,.T.);
#4279=ORIENTED_EDGE('',*,*,#3262,.T.);
#4280=ORIENTED_EDGE('',*,*,#3259,.T.);
#4281=ORIENTED_EDGE('',*,*,#3256,.T.);
#4282=ORIENTED_EDGE('',*,*,#3253,.T.);
#4283=ORIENTED_EDGE('',*,*,#3250,.T.);
#4284=ORIENTED_EDGE('',*,*,#3247,.T.);
#4285=ORIENTED_EDGE('',*,*,#3244,.T.);
#4286=ORIENTED_EDGE('',*,*,#3241,.T.);
#4287=ORIENTED_EDGE('',*,*,#3238,.T.);
#4288=ORIENTED_EDGE('',*,*,#3235,.T.);
#4289=ORIENTED_EDGE('',*,*,#3232,.T.);
#4290=ORIENTED_EDGE('',*,*,#3229,.T.);
#4291=ORIENTED_EDGE('',*,*,#3226,.T.);
#4292=ORIENTED_EDGE('',*,*,#3223,.T.);
#4293=ORIENTED_EDGE('',*,*,#3220,.T.);
#4294=ORIENTED_EDGE('',*,*,#3217,.T.);
#4295=ORIENTED_EDGE('',*,*,#3214,.T.);
#4296=ORIENTED_EDGE('',*,*,#3211,.T.);
#4297=ORIENTED_EDGE('',*,*,#3208,.T.);
#4298=ORIENTED_EDGE('',*,*,#3205,.T.);
#4299=ORIENTED_EDGE('',*,*,#3202,.T.);
#4300=ORIENTED_EDGE('',*,*,#3199,.T.);
#4301=ORIENTED_EDGE('',*,*,#3196,.T.);
#4302=ORIENTED_EDGE('',*,*,#3193,.T.);
#4303=ORIENTED_EDGE('',*,*,#3190,.T.);
#4304=ORIENTED_EDGE('',*,*,#3187,.T.);
#4305=ORIENTED_EDGE('',*,*,#3184,.T.);
#4306=ORIENTED_EDGE('',*,*,#3181,.T.);
#4307=ORIENTED_EDGE('',*,*,#3178,.T.);
#4308=ORIENTED_EDGE('',*,*,#3175,.T.);
#4309=ORIENTED_EDGE('',*,*,#3172,.T.);
#4310=ORIENTED_EDGE('',*,*,#3169,.T.);
#4311=ORIENTED_EDGE('',*,*,#3166,.T.);
#4312=ORIENTED_EDGE('',*,*,#3163,.T.);
#4313=ORIENTED_EDGE('',*,*,#3160,.T.);
#4314=ORIENTED_EDGE('',*,*,#3157,.T.);
#4315=ORIENTED_EDGE('',*,*,#3154,.T.);
#4316=ORIENTED_EDGE('',*,*,#3151,.T.);
#4317=ORIENTED_EDGE('',*,*,#3148,.T.);
#4318=ORIENTED_EDGE('',*,*,#3145,.T.);
#4319=ORIENTED_EDGE('',*,*,#3142,.T.);
#4320=ORIENTED_EDGE('',*,*,#3139,.T.);
#4321=ORIENTED_EDGE('',*,*,#3136,.T.);
#4322=ORIENTED_EDGE('',*,*,#3133,.T.);
#4323=ORIENTED_EDGE('',*,*,#3130,.T.);
#4324=ORIENTED_EDGE('',*,*,#3127,.T.);
#4325=ORIENTED_EDGE('',*,*,#3124,.T.);
#4326=ORIENTED_EDGE('',*,*,#3119,.T.);
#4327=ORIENTED_EDGE('',*,*,#3118,.T.);
#4328=ORIENTED_EDGE('',*,*,#3115,.T.);
#4329=ORIENTED_EDGE('',*,*,#3112,.T.);
#4330=ORIENTED_EDGE('',*,*,#3109,.T.);
#4331=ORIENTED_EDGE('',*,*,#3106,.T.);
#4332=ORIENTED_EDGE('',*,*,#3103,.T.);
#4333=ORIENTED_EDGE('',*,*,#3100,.T.);
#4334=ORIENTED_EDGE('',*,*,#3097,.T.);
#4335=ORIENTED_EDGE('',*,*,#3094,.T.);
#4336=ORIENTED_EDGE('',*,*,#3091,.T.);
#4337=ORIENTED_EDGE('',*,*,#3088,.T.);
#4338=ORIENTED_EDGE('',*,*,#3085,.T.);
#4339=ORIENTED_EDGE('',*,*,#3082,.T.);
#4340=ORIENTED_EDGE('',*,*,#3079,.T.);
#4341=ORIENTED_EDGE('',*,*,#3076,.T.);
#4342=ORIENTED_EDGE('',*,*,#3073,.T.);
#4343=ORIENTED_EDGE('',*,*,#3068,.T.);
#4344=ORIENTED_EDGE('',*,*,#3067,.T.);
#4345=ORIENTED_EDGE('',*,*,#3064,.T.);
#4346=ORIENTED_EDGE('',*,*,#3061,.T.);
#4347=ORIENTED_EDGE('',*,*,#3058,.T.);
#4348=ORIENTED_EDGE('',*,*,#3055,.T.);
#4349=ORIENTED_EDGE('',*,*,#3052,.T.);
#4350=ORIENTED_EDGE('',*,*,#3049,.T.);
#4351=ORIENTED_EDGE('',*,*,#3046,.T.);
#4352=ORIENTED_EDGE('',*,*,#3043,.T.);
#4353=ORIENTED_EDGE('',*,*,#3040,.T.);
#4354=ORIENTED_EDGE('',*,*,#3037,.T.);
#4355=ORIENTED_EDGE('',*,*,#3034,.T.);
#4356=ORIENTED_EDGE('',*,*,#3031,.T.);
#4357=ORIENTED_EDGE('',*,*,#3028,.T.);
#4358=ORIENTED_EDGE('',*,*,#3025,.T.);
#4359=ORIENTED_EDGE('',*,*,#3022,.T.);
#4360=ORIENTED_EDGE('',*,*,#3019,.T.);
#4361=ORIENTED_EDGE('',*,*,#3016,.T.);
#4362=ORIENTED_EDGE('',*,*,#3013,.T.);
#4363=ORIENTED_EDGE('',*,*,#3010,.T.);
#4364=ORIENTED_EDGE('',*,*,#3007,.T.);
#4365=ORIENTED_EDGE('',*,*,#3004,.T.);
#4366=ORIENTED_EDGE('',*,*,#3001,.T.);
#4367=ORIENTED_EDGE('',*,*,#2998,.T.);
#4368=ORIENTED_EDGE('',*,*,#2995,.T.);
#4369=ORIENTED_EDGE('',*,*,#2992,.T.);
#4370=ORIENTED_EDGE('',*,*,#2989,.T.);
#4371=ORIENTED_EDGE('',*,*,#2986,.T.);
#4372=ORIENTED_EDGE('',*,*,#2983,.T.);
#4373=ORIENTED_EDGE('',*,*,#2980,.T.);
#4374=ORIENTED_EDGE('',*,*,#2977,.T.);
#4375=ORIENTED_EDGE('',*,*,#2974,.T.);
#4376=ORIENTED_EDGE('',*,*,#2969,.T.);
#4377=ORIENTED_EDGE('',*,*,#2968,.T.);
#4378=ORIENTED_EDGE('',*,*,#2965,.T.);
#4379=ORIENTED_EDGE('',*,*,#2962,.T.);
#4380=ORIENTED_EDGE('',*,*,#2959,.T.);
#4381=ORIENTED_EDGE('',*,*,#2956,.T.);
#4382=ORIENTED_EDGE('',*,*,#2953,.T.);
#4383=ORIENTED_EDGE('',*,*,#2950,.T.);
#4384=ORIENTED_EDGE('',*,*,#2947,.T.);
#4385=ORIENTED_EDGE('',*,*,#2944,.T.);
#4386=ORIENTED_EDGE('',*,*,#2941,.T.);
#4387=ORIENTED_EDGE('',*,*,#2938,.T.);
#4388=ORIENTED_EDGE('',*,*,#2935,.T.);
#4389=ORIENTED_EDGE('',*,*,#2932,.T.);
#4390=ORIENTED_EDGE('',*,*,#2929,.T.);
#4391=ORIENTED_EDGE('',*,*,#2926,.T.);
#4392=ORIENTED_EDGE('',*,*,#2923,.T.);
#4393=ORIENTED_EDGE('',*,*,#2920,.T.);
#4394=ORIENTED_EDGE('',*,*,#2917,.T.);
#4395=ORIENTED_EDGE('',*,*,#2914,.T.);
#4396=ORIENTED_EDGE('',*,*,#2911,.T.);
#4397=ORIENTED_EDGE('',*,*,#2908,.T.);
#4398=ORIENTED_EDGE('',*,*,#2905,.T.);
#4399=ORIENTED_EDGE('',*,*,#2902,.T.);
#4400=ORIENTED_EDGE('',*,*,#2899,.T.);
#4401=ORIENTED_EDGE('',*,*,#2896,.T.);
#4402=ORIENTED_EDGE('',*,*,#2893,.T.);
#4403=ORIENTED_EDGE('',*,*,#2890,.T.);
#4404=ORIENTED_EDGE('',*,*,#2887,.T.);
#4405=ORIENTED_EDGE('',*,*,#2884,.T.);
#4406=ORIENTED_EDGE('',*,*,#2881,.T.);
#4407=ORIENTED_EDGE('',*,*,#2878,.T.);
#4408=ORIENTED_EDGE('',*,*,#2875,.T.);
#4409=ORIENTED_EDGE('',*,*,#2872,.T.);
#4410=ORIENTED_EDGE('',*,*,#2869,.T.);
#4411=ORIENTED_EDGE('',*,*,#2866,.T.);
#4412=ORIENTED_EDGE('',*,*,#2863,.T.);
#4413=ORIENTED_EDGE('',*,*,#2858,.T.);
#4414=ORIENTED_EDGE('',*,*,#2857,.T.);
#4415=ORIENTED_EDGE('',*,*,#2854,.T.);
#4416=ORIENTED_EDGE('',*,*,#2851,.T.);
#4417=ORIENTED_EDGE('',*,*,#2848,.T.);
#4418=ORIENTED_EDGE('',*,*,#2845,.T.);
#4419=ORIENTED_EDGE('',*,*,#2842,.T.);
#4420=ORIENTED_EDGE('',*,*,#2839,.T.);
#4421=ORIENTED_EDGE('',*,*,#2836,.T.);
#4422=ORIENTED_EDGE('',*,*,#2833,.T.);
#4423=ORIENTED_EDGE('',*,*,#2830,.T.);
#4424=ORIENTED_EDGE('',*,*,#2827,.T.);
#4425=ORIENTED_EDGE('',*,*,#2824,.T.);
#4426=ORIENTED_EDGE('',*,*,#2821,.T.);
#4427=ORIENTED_EDGE('',*,*,#2818,.T.);
#4428=ORIENTED_EDGE('',*,*,#2815,.T.);
#4429=ORIENTED_EDGE('',*,*,#2812,.T.);
#4430=ORIENTED_EDGE('',*,*,#2809,.T.);
#4431=ORIENTED_EDGE('',*,*,#2806,.T.);
#4432=ORIENTED_EDGE('',*,*,#2803,.T.);
#4433=ORIENTED_EDGE('',*,*,#2800,.T.);
#4434=ORIENTED_EDGE('',*,*,#2797,.T.);
#4435=ORIENTED_EDGE('',*,*,#2794,.T.);
#4436=ORIENTED_EDGE('',*,*,#2791,.T.);
#4437=ORIENTED_EDGE('',*,*,#2788,.T.);
#4438=ORIENTED_EDGE('',*,*,#2785,.T.);
#4439=ORIENTED_EDGE('',*,*,#2782,.T.);
#4440=ORIENTED_EDGE('',*,*,#2779,.T.);
#4441=ORIENTED_EDGE('',*,*,#2776,.T.);
#4442=ORIENTED_EDGE('',*,*,#2773,.T.);
#4443=ORIENTED_EDGE('',*,*,#2770,.T.);
#4444=ORIENTED_EDGE('',*,*,#2767,.T.);
#4445=ORIENTED_EDGE('',*,*,#2764,.T.);
#4446=ORIENTED_EDGE('',*,*,#2761,.T.);
#4447=ORIENTED_EDGE('',*,*,#2758,.T.);
#4448=ORIENTED_EDGE('',*,*,#2755,.T.);
#4449=ORIENTED_EDGE('',*,*,#2752,.T.);
#4450=ORIENTED_EDGE('',*,*,#2749,.T.);
#4451=ORIENTED_EDGE('',*,*,#2746,.T.);
#4452=ORIENTED_EDGE('',*,*,#2743,.T.);
#4453=ORIENTED_EDGE('',*,*,#2740,.T.);
#4454=ORIENTED_EDGE('',*,*,#2737,.T.);
#4455=ORIENTED_EDGE('',*,*,#2734,.T.);
#4456=ORIENTED_EDGE('',*,*,#2731,.T.);
#4457=ORIENTED_EDGE('',*,*,#2728,.T.);
#4458=ORIENTED_EDGE('',*,*,#2725,.T.);
#4459=ORIENTED_EDGE('',*,*,#2722,.T.);
#4460=ORIENTED_EDGE('',*,*,#2719,.T.);
#4461=ORIENTED_EDGE('',*,*,#2716,.T.);
#4462=ORIENTED_EDGE('',*,*,#2713,.T.);
#4463=ORIENTED_EDGE('',*,*,#2710,.T.);
#4464=ORIENTED_EDGE('',*,*,#2707,.T.);
#4465=ORIENTED_EDGE('',*,*,#2704,.T.);
#4466=ORIENTED_EDGE('',*,*,#2701,.T.);
#4467=ORIENTED_EDGE('',*,*,#2698,.T.);
#4468=ORIENTED_EDGE('',*,*,#2695,.T.);
#4469=ORIENTED_EDGE('',*,*,#2692,.T.);
#4470=ORIENTED_EDGE('',*,*,#2689,.T.);
#4471=ORIENTED_EDGE('',*,*,#2686,.T.);
#4472=ORIENTED_EDGE('',*,*,#2683,.T.);
#4473=ORIENTED_EDGE('',*,*,#2680,.T.);
#4474=ORIENTED_EDGE('',*,*,#2677,.T.);
#4475=ORIENTED_EDGE('',*,*,#2674,.T.);
#4476=ORIENTED_EDGE('',*,*,#2671,.T.);
#4477=ORIENTED_EDGE('',*,*,#2668,.T.);
#4478=ORIENTED_EDGE('',*,*,#2665,.T.);
#4479=ORIENTED_EDGE('',*,*,#2662,.T.);
#4480=ORIENTED_EDGE('',*,*,#2659,.T.);
#4481=ORIENTED_EDGE('',*,*,#2656,.T.);
#4482=ORIENTED_EDGE('',*,*,#2653,.T.);
#4483=ORIENTED_EDGE('',*,*,#2650,.T.);
#4484=ORIENTED_EDGE('',*,*,#2647,.T.);
#4485=ORIENTED_EDGE('',*,*,#2644,.T.);
#4486=ORIENTED_EDGE('',*,*,#2641,.T.);
#4487=ORIENTED_EDGE('',*,*,#2638,.T.);
#4488=ORIENTED_EDGE('',*,*,#2635,.T.);
#4489=ORIENTED_EDGE('',*,*,#2632,.T.);
#4490=ORIENTED_EDGE('',*,*,#2629,.T.);
#4491=ORIENTED_EDGE('',*,*,#2626,.T.);
#4492=ORIENTED_EDGE('',*,*,#2623,.T.);
#4493=ORIENTED_EDGE('',*,*,#2620,.T.);
#4494=ORIENTED_EDGE('',*,*,#2617,.T.);
#4495=ORIENTED_EDGE('',*,*,#2614,.T.);
#4496=ORIENTED_EDGE('',*,*,#2611,.T.);
#4497=ORIENTED_EDGE('',*,*,#2608,.T.);
#4498=ORIENTED_EDGE('',*,*,#2605,.T.);
#4499=ORIENTED_EDGE('',*,*,#2602,.T.);
#4500=ORIENTED_EDGE('',*,*,#2599,.T.);
#4501=ORIENTED_EDGE('',*,*,#2596,.T.);
#4502=ORIENTED_EDGE('',*,*,#2593,.T.);
#4503=ORIENTED_EDGE('',*,*,#2590,.T.);
#4504=ORIENTED_EDGE('',*,*,#2587,.T.);
#4505=ORIENTED_EDGE('',*,*,#2584,.T.);
#4506=ORIENTED_EDGE('',*,*,#2581,.T.);
#4507=ORIENTED_EDGE('',*,*,#2578,.T.);
#4508=ORIENTED_EDGE('',*,*,#2575,.T.);
#4509=ORIENTED_EDGE('',*,*,#2572,.T.);
#4510=ORIENTED_EDGE('',*,*,#2569,.T.);
#4511=ORIENTED_EDGE('',*,*,#2566,.T.);
#4512=ORIENTED_EDGE('',*,*,#2563,.T.);
#4513=ORIENTED_EDGE('',*,*,#2560,.T.);
#4514=ORIENTED_EDGE('',*,*,#2557,.T.);
#4515=ORIENTED_EDGE('',*,*,#2554,.T.);
#4516=ORIENTED_EDGE('',*,*,#2551,.T.);
#4517=ORIENTED_EDGE('',*,*,#2548,.T.);
#4518=ORIENTED_EDGE('',*,*,#2543,.T.);
#4519=ORIENTED_EDGE('',*,*,#2540,.T.);
#4520=ORIENTED_EDGE('',*,*,#2537,.T.);
#4521=ORIENTED_EDGE('',*,*,#3279,.F.);
#4522=ORIENTED_EDGE('',*,*,#3194,.T.);
#4523=ORIENTED_EDGE('',*,*,#3198,.T.);
#4524=ORIENTED_EDGE('',*,*,#3201,.T.);
#4525=ORIENTED_EDGE('',*,*,#3204,.T.);
#4526=ORIENTED_EDGE('',*,*,#3207,.T.);
#4527=ORIENTED_EDGE('',*,*,#3210,.T.);
#4528=ORIENTED_EDGE('',*,*,#3213,.T.);
#4529=ORIENTED_EDGE('',*,*,#3216,.F.);
#4530=ORIENTED_EDGE('',*,*,#3219,.F.);
#4531=ORIENTED_EDGE('',*,*,#3222,.F.);
#4532=ORIENTED_EDGE('',*,*,#3225,.T.);
#4533=ORIENTED_EDGE('',*,*,#3228,.F.);
#4534=ORIENTED_EDGE('',*,*,#3231,.T.);
#4535=ORIENTED_EDGE('',*,*,#3234,.F.);
#4536=ORIENTED_EDGE('',*,*,#3237,.T.);
#4537=ORIENTED_EDGE('',*,*,#3240,.F.);
#4538=ORIENTED_EDGE('',*,*,#3243,.T.);
#4539=ORIENTED_EDGE('',*,*,#3246,.F.);
#4540=ORIENTED_EDGE('',*,*,#3249,.T.);
#4541=ORIENTED_EDGE('',*,*,#3252,.F.);
#4542=ORIENTED_EDGE('',*,*,#3255,.T.);
#4543=ORIENTED_EDGE('',*,*,#3258,.F.);
#4544=ORIENTED_EDGE('',*,*,#3261,.T.);
#4545=ORIENTED_EDGE('',*,*,#3264,.F.);
#4546=ORIENTED_EDGE('',*,*,#3267,.T.);
#4547=ORIENTED_EDGE('',*,*,#3270,.F.);
#4548=ORIENTED_EDGE('',*,*,#3273,.T.);
#4549=ORIENTED_EDGE('',*,*,#3276,.T.);
#4550=ORIENTED_EDGE('',*,*,#3192,.F.);
#4551=ORIENTED_EDGE('',*,*,#3158,.F.);
#4552=ORIENTED_EDGE('',*,*,#3162,.F.);
#4553=ORIENTED_EDGE('',*,*,#3165,.F.);
#4554=ORIENTED_EDGE('',*,*,#3168,.F.);
#4555=ORIENTED_EDGE('',*,*,#3171,.F.);
#4556=ORIENTED_EDGE('',*,*,#3174,.F.);
#4557=ORIENTED_EDGE('',*,*,#3177,.F.);
#4558=ORIENTED_EDGE('',*,*,#3180,.F.);
#4559=ORIENTED_EDGE('',*,*,#3183,.F.);
#4560=ORIENTED_EDGE('',*,*,#3186,.F.);
#4561=ORIENTED_EDGE('',*,*,#3189,.F.);
#4562=ORIENTED_EDGE('',*,*,#3156,.F.);
#4563=ORIENTED_EDGE('',*,*,#3122,.F.);
#4564=ORIENTED_EDGE('',*,*,#3126,.F.);
#4565=ORIENTED_EDGE('',*,*,#3129,.F.);
#4566=ORIENTED_EDGE('',*,*,#3132,.F.);
#4567=ORIENTED_EDGE('',*,*,#3135,.F.);
#4568=ORIENTED_EDGE('',*,*,#3138,.F.);
#4569=ORIENTED_EDGE('',*,*,#3141,.F.);
#4570=ORIENTED_EDGE('',*,*,#3144,.F.);
#4571=ORIENTED_EDGE('',*,*,#3147,.F.);
#4572=ORIENTED_EDGE('',*,*,#3150,.F.);
#4573=ORIENTED_EDGE('',*,*,#3153,.F.);
#4574=ORIENTED_EDGE('',*,*,#3121,.F.);
#4575=ORIENTED_EDGE('',*,*,#3117,.F.);
#4576=ORIENTED_EDGE('',*,*,#3107,.F.);
#4577=ORIENTED_EDGE('',*,*,#3111,.F.);
#4578=ORIENTED_EDGE('',*,*,#3114,.F.);
#4579=ORIENTED_EDGE('',*,*,#3105,.F.);
#4580=ORIENTED_EDGE('',*,*,#3071,.F.);
#4581=ORIENTED_EDGE('',*,*,#3075,.F.);
#4582=ORIENTED_EDGE('',*,*,#3078,.F.);
#4583=ORIENTED_EDGE('',*,*,#3081,.F.);
#4584=ORIENTED_EDGE('',*,*,#3084,.F.);
#4585=ORIENTED_EDGE('',*,*,#3087,.F.);
#4586=ORIENTED_EDGE('',*,*,#3090,.F.);
#4587=ORIENTED_EDGE('',*,*,#3093,.F.);
#4588=ORIENTED_EDGE('',*,*,#3096,.F.);
#4589=ORIENTED_EDGE('',*,*,#3099,.F.);
#4590=ORIENTED_EDGE('',*,*,#3102,.F.);
#4591=ORIENTED_EDGE('',*,*,#3070,.F.);
#4592=ORIENTED_EDGE('',*,*,#3066,.F.);
#4593=ORIENTED_EDGE('',*,*,#3032,.F.);
#4594=ORIENTED_EDGE('',*,*,#3036,.F.);
#4595=ORIENTED_EDGE('',*,*,#3039,.F.);
#4596=ORIENTED_EDGE('',*,*,#3042,.F.);
#4597=ORIENTED_EDGE('',*,*,#3045,.F.);
#4598=ORIENTED_EDGE('',*,*,#3048,.F.);
#4599=ORIENTED_EDGE('',*,*,#3051,.F.);
#4600=ORIENTED_EDGE('',*,*,#3054,.F.);
#4601=ORIENTED_EDGE('',*,*,#3057,.F.);
#4602=ORIENTED_EDGE('',*,*,#3060,.F.);
#4603=ORIENTED_EDGE('',*,*,#3063,.F.);
#4604=ORIENTED_EDGE('',*,*,#3030,.F.);
#4605=ORIENTED_EDGE('',*,*,#2996,.F.);
#4606=ORIENTED_EDGE('',*,*,#3000,.F.);
#4607=ORIENTED_EDGE('',*,*,#3003,.F.);
#4608=ORIENTED_EDGE('',*,*,#3006,.F.);
#4609=ORIENTED_EDGE('',*,*,#3009,.F.);
#4610=ORIENTED_EDGE('',*,*,#3012,.F.);
#4611=ORIENTED_EDGE('',*,*,#3015,.F.);
#4612=ORIENTED_EDGE('',*,*,#3018,.F.);
#4613=ORIENTED_EDGE('',*,*,#3021,.F.);
#4614=ORIENTED_EDGE('',*,*,#3024,.F.);
#4615=ORIENTED_EDGE('',*,*,#3027,.F.);
#4616=ORIENTED_EDGE('',*,*,#2994,.F.);
#4617=ORIENTED_EDGE('',*,*,#2972,.F.);
#4618=ORIENTED_EDGE('',*,*,#2976,.F.);
#4619=ORIENTED_EDGE('',*,*,#2979,.F.);
#4620=ORIENTED_EDGE('',*,*,#2982,.F.);
#4621=ORIENTED_EDGE('',*,*,#2985,.F.);
#4622=ORIENTED_EDGE('',*,*,#2988,.F.);
#4623=ORIENTED_EDGE('',*,*,#2991,.F.);
#4624=ORIENTED_EDGE('',*,*,#2971,.F.);
#4625=ORIENTED_EDGE('',*,*,#2967,.F.);
#4626=ORIENTED_EDGE('',*,*,#2933,.F.);
#4627=ORIENTED_EDGE('',*,*,#2937,.F.);
#4628=ORIENTED_EDGE('',*,*,#2940,.F.);
#4629=ORIENTED_EDGE('',*,*,#2943,.F.);
#4630=ORIENTED_EDGE('',*,*,#2946,.F.);
#4631=ORIENTED_EDGE('',*,*,#2949,.F.);
#4632=ORIENTED_EDGE('',*,*,#2952,.F.);
#4633=ORIENTED_EDGE('',*,*,#2955,.F.);
#4634=ORIENTED_EDGE('',*,*,#2958,.F.);
#4635=ORIENTED_EDGE('',*,*,#2961,.F.);
#4636=ORIENTED_EDGE('',*,*,#2964,.F.);
#4637=ORIENTED_EDGE('',*,*,#2931,.F.);
#4638=ORIENTED_EDGE('',*,*,#2897,.F.);
#4639=ORIENTED_EDGE('',*,*,#2901,.F.);
#4640=ORIENTED_EDGE('',*,*,#2904,.F.);
#4641=ORIENTED_EDGE('',*,*,#2907,.F.);
#4642=ORIENTED_EDGE('',*,*,#2910,.F.);
#4643=ORIENTED_EDGE('',*,*,#2913,.F.);
#4644=ORIENTED_EDGE('',*,*,#2916,.F.);
#4645=ORIENTED_EDGE('',*,*,#2919,.F.);
#4646=ORIENTED_EDGE('',*,*,#2922,.F.);
#4647=ORIENTED_EDGE('',*,*,#2925,.F.);
#4648=ORIENTED_EDGE('',*,*,#2928,.F.);
#4649=ORIENTED_EDGE('',*,*,#2895,.F.);
#4650=ORIENTED_EDGE('',*,*,#2861,.F.);
#4651=ORIENTED_EDGE('',*,*,#2865,.F.);
#4652=ORIENTED_EDGE('',*,*,#2868,.F.);
#4653=ORIENTED_EDGE('',*,*,#2871,.F.);
#4654=ORIENTED_EDGE('',*,*,#2874,.F.);
#4655=ORIENTED_EDGE('',*,*,#2877,.F.);
#4656=ORIENTED_EDGE('',*,*,#2880,.F.);
#4657=ORIENTED_EDGE('',*,*,#2883,.F.);
#4658=ORIENTED_EDGE('',*,*,#2886,.F.);
#4659=ORIENTED_EDGE('',*,*,#2889,.F.);
#4660=ORIENTED_EDGE('',*,*,#2892,.F.);
#4661=ORIENTED_EDGE('',*,*,#2860,.F.);
#4662=ORIENTED_EDGE('',*,*,#2856,.F.);
#4663=ORIENTED_EDGE('',*,*,#2822,.F.);
#4664=ORIENTED_EDGE('',*,*,#2826,.F.);
#4665=ORIENTED_EDGE('',*,*,#2829,.F.);
#4666=ORIENTED_EDGE('',*,*,#2832,.F.);
#4667=ORIENTED_EDGE('',*,*,#2835,.F.);
#4668=ORIENTED_EDGE('',*,*,#2838,.F.);
#4669=ORIENTED_EDGE('',*,*,#2841,.F.);
#4670=ORIENTED_EDGE('',*,*,#2844,.F.);
#4671=ORIENTED_EDGE('',*,*,#2847,.F.);
#4672=ORIENTED_EDGE('',*,*,#2850,.F.);
#4673=ORIENTED_EDGE('',*,*,#2853,.F.);
#4674=ORIENTED_EDGE('',*,*,#2820,.F.);
#4675=ORIENTED_EDGE('',*,*,#2786,.F.);
#4676=ORIENTED_EDGE('',*,*,#2790,.F.);
#4677=ORIENTED_EDGE('',*,*,#2793,.F.);
#4678=ORIENTED_EDGE('',*,*,#2796,.F.);
#4679=ORIENTED_EDGE('',*,*,#2799,.F.);
#4680=ORIENTED_EDGE('',*,*,#2802,.F.);
#4681=ORIENTED_EDGE('',*,*,#2805,.F.);
#4682=ORIENTED_EDGE('',*,*,#2808,.F.);
#4683=ORIENTED_EDGE('',*,*,#2811,.F.);
#4684=ORIENTED_EDGE('',*,*,#2814,.F.);
#4685=ORIENTED_EDGE('',*,*,#2817,.F.);
#4686=ORIENTED_EDGE('',*,*,#2784,.F.);
#4687=ORIENTED_EDGE('',*,*,#2750,.F.);
#4688=ORIENTED_EDGE('',*,*,#2754,.F.);
#4689=ORIENTED_EDGE('',*,*,#2757,.F.);
#4690=ORIENTED_EDGE('',*,*,#2760,.F.);
#4691=ORIENTED_EDGE('',*,*,#2763,.F.);
#4692=ORIENTED_EDGE('',*,*,#2766,.F.);
#4693=ORIENTED_EDGE('',*,*,#2769,.F.);
#4694=ORIENTED_EDGE('',*,*,#2772,.F.);
#4695=ORIENTED_EDGE('',*,*,#2775,.F.);
#4696=ORIENTED_EDGE('',*,*,#2778,.F.);
#4697=ORIENTED_EDGE('',*,*,#2781,.F.);
#4698=ORIENTED_EDGE('',*,*,#2748,.F.);
#4699=ORIENTED_EDGE('',*,*,#2714,.F.);
#4700=ORIENTED_EDGE('',*,*,#2718,.F.);
#4701=ORIENTED_EDGE('',*,*,#2721,.F.);
#4702=ORIENTED_EDGE('',*,*,#2724,.F.);
#4703=ORIENTED_EDGE('',*,*,#2727,.F.);
#4704=ORIENTED_EDGE('',*,*,#2730,.F.);
#4705=ORIENTED_EDGE('',*,*,#2733,.F.);
#4706=ORIENTED_EDGE('',*,*,#2736,.F.);
#4707=ORIENTED_EDGE('',*,*,#2739,.F.);
#4708=ORIENTED_EDGE('',*,*,#2742,.F.);
#4709=ORIENTED_EDGE('',*,*,#2745,.F.);
#4710=ORIENTED_EDGE('',*,*,#2712,.F.);
#4711=ORIENTED_EDGE('',*,*,#2678,.F.);
#4712=ORIENTED_EDGE('',*,*,#2682,.F.);
#4713=ORIENTED_EDGE('',*,*,#2685,.F.);
#4714=ORIENTED_EDGE('',*,*,#2688,.F.);
#4715=ORIENTED_EDGE('',*,*,#2691,.F.);
#4716=ORIENTED_EDGE('',*,*,#2694,.F.);
#4717=ORIENTED_EDGE('',*,*,#2697,.F.);
#4718=ORIENTED_EDGE('',*,*,#2700,.F.);
#4719=ORIENTED_EDGE('',*,*,#2703,.F.);
#4720=ORIENTED_EDGE('',*,*,#2706,.F.);
#4721=ORIENTED_EDGE('',*,*,#2709,.F.);
#4722=ORIENTED_EDGE('',*,*,#2676,.F.);
#4723=ORIENTED_EDGE('',*,*,#2642,.F.);
#4724=ORIENTED_EDGE('',*,*,#2646,.F.);
#4725=ORIENTED_EDGE('',*,*,#2649,.F.);
#4726=ORIENTED_EDGE('',*,*,#2652,.F.);
#4727=ORIENTED_EDGE('',*,*,#2655,.F.);
#4728=ORIENTED_EDGE('',*,*,#2658,.F.);
#4729=ORIENTED_EDGE('',*,*,#2661,.F.);
#4730=ORIENTED_EDGE('',*,*,#2664,.F.);
#4731=ORIENTED_EDGE('',*,*,#2667,.F.);
#4732=ORIENTED_EDGE('',*,*,#2670,.F.);
#4733=ORIENTED_EDGE('',*,*,#2673,.F.);
#4734=ORIENTED_EDGE('',*,*,#2640,.F.);
#4735=ORIENTED_EDGE('',*,*,#2606,.F.);
#4736=ORIENTED_EDGE('',*,*,#2610,.F.);
#4737=ORIENTED_EDGE('',*,*,#2613,.F.);
#4738=ORIENTED_EDGE('',*,*,#2616,.F.);
#4739=ORIENTED_EDGE('',*,*,#2619,.F.);
#4740=ORIENTED_EDGE('',*,*,#2622,.F.);
#4741=ORIENTED_EDGE('',*,*,#2625,.F.);
#4742=ORIENTED_EDGE('',*,*,#2628,.F.);
#4743=ORIENTED_EDGE('',*,*,#2631,.F.);
#4744=ORIENTED_EDGE('',*,*,#2634,.F.);
#4745=ORIENTED_EDGE('',*,*,#2637,.F.);
#4746=ORIENTED_EDGE('',*,*,#2604,.F.);
#4747=ORIENTED_EDGE('',*,*,#2570,.F.);
#4748=ORIENTED_EDGE('',*,*,#2574,.F.);
#4749=ORIENTED_EDGE('',*,*,#2577,.F.);
#4750=ORIENTED_EDGE('',*,*,#2580,.F.);
#4751=ORIENTED_EDGE('',*,*,#2583,.F.);
#4752=ORIENTED_EDGE('',*,*,#2586,.F.);
#4753=ORIENTED_EDGE('',*,*,#2589,.F.);
#4754=ORIENTED_EDGE('',*,*,#2592,.F.);
#4755=ORIENTED_EDGE('',*,*,#2595,.F.);
#4756=ORIENTED_EDGE('',*,*,#2598,.F.);
#4757=ORIENTED_EDGE('',*,*,#2601,.F.);
#4758=ORIENTED_EDGE('',*,*,#2568,.F.);
#4759=ORIENTED_EDGE('',*,*,#2546,.F.);
#4760=ORIENTED_EDGE('',*,*,#2550,.F.);
#4761=ORIENTED_EDGE('',*,*,#2553,.F.);
#4762=ORIENTED_EDGE('',*,*,#2556,.F.);
#4763=ORIENTED_EDGE('',*,*,#2559,.F.);
#4764=ORIENTED_EDGE('',*,*,#2562,.F.);
#4765=ORIENTED_EDGE('',*,*,#2565,.F.);
#4766=ORIENTED_EDGE('',*,*,#2545,.F.);
#4767=ORIENTED_EDGE('',*,*,#2542,.F.);
#4768=ORIENTED_EDGE('',*,*,#2539,.F.);
#4769=CYLINDRICAL_SURFACE('',#5041,1.25);
#4770=CYLINDRICAL_SURFACE('',#5044,1.25);
#4771=CYLINDRICAL_SURFACE('',#5047,1.25);
#4772=CYLINDRICAL_SURFACE('',#5086,1.25);
#4773=CYLINDRICAL_SURFACE('',#5101,1.25);
#4774=CYLINDRICAL_SURFACE('',#5116,1.24999999999999);
#4775=CYLINDRICAL_SURFACE('',#5127,1.25);
#4776=CYLINDRICAL_SURFACE('',#5145,3.50000000000001);
#4777=ADVANCED_FACE('',(#601),#4769,.F.);
#4778=ADVANCED_FACE('',(#602),#4770,.F.);
#4779=ADVANCED_FACE('',(#603),#4771,.F.);
#4780=ADVANCED_FACE('',(#604),#505,.T.);
#4781=ADVANCED_FACE('',(#605),#359,.T.);
#4782=ADVANCED_FACE('',(#606),#506,.T.);
#4783=ADVANCED_FACE('',(#607),#360,.T.);
#4784=ADVANCED_FACE('',(#608),#507,.T.);
#4785=ADVANCED_FACE('',(#609),#361,.T.);
#4786=ADVANCED_FACE('',(#610),#508,.T.);
#4787=ADVANCED_FACE('',(#611),#362,.T.);
#4788=ADVANCED_FACE('',(#612),#509,.T.);
#4789=ADVANCED_FACE('',(#613),#363,.T.);
#4790=ADVANCED_FACE('',(#614),#364,.T.);
#4791=ADVANCED_FACE('',(#615),#510,.T.);
#4792=ADVANCED_FACE('',(#616),#365,.T.);
#4793=ADVANCED_FACE('',(#617),#366,.T.);
#4794=ADVANCED_FACE('',(#618),#511,.T.);
#4795=ADVANCED_FACE('',(#619),#367,.T.);
#4796=ADVANCED_FACE('',(#620),#368,.T.);
#4797=ADVANCED_FACE('',(#621),#512,.T.);
#4798=ADVANCED_FACE('',(#622),#369,.T.);
#4799=ADVANCED_FACE('',(#623),#370,.T.);
#4800=ADVANCED_FACE('',(#624),#513,.T.);
#4801=ADVANCED_FACE('',(#625),#371,.T.);
#4802=ADVANCED_FACE('',(#626),#372,.T.);
#4803=ADVANCED_FACE('',(#627),#514,.T.);
#4804=ADVANCED_FACE('',(#628),#373,.T.);
#4805=ADVANCED_FACE('',(#629),#374,.T.);
#4806=ADVANCED_FACE('',(#630),#515,.T.);
#4807=ADVANCED_FACE('',(#631),#375,.T.);
#4808=ADVANCED_FACE('',(#632),#376,.T.);
#4809=ADVANCED_FACE('',(#633),#516,.T.);
#4810=ADVANCED_FACE('',(#634),#377,.T.);
#4811=ADVANCED_FACE('',(#635),#378,.T.);
#4812=ADVANCED_FACE('',(#636),#517,.T.);
#4813=ADVANCED_FACE('',(#637),#379,.T.);
#4814=ADVANCED_FACE('',(#638),#380,.T.);
#4815=ADVANCED_FACE('',(#639),#518,.T.);
#4816=ADVANCED_FACE('',(#640),#381,.T.);
#4817=ADVANCED_FACE('',(#641),#382,.T.);
#4818=ADVANCED_FACE('',(#642),#519,.T.);
#4819=ADVANCED_FACE('',(#643),#383,.T.);
#4820=ADVANCED_FACE('',(#644),#384,.T.);
#4821=ADVANCED_FACE('',(#645),#520,.T.);
#4822=ADVANCED_FACE('',(#646),#385,.T.);
#4823=ADVANCED_FACE('',(#647),#386,.T.);
#4824=ADVANCED_FACE('',(#648),#521,.T.);
#4825=ADVANCED_FACE('',(#649),#387,.T.);
#4826=ADVANCED_FACE('',(#650),#388,.T.);
#4827=ADVANCED_FACE('',(#651),#522,.T.);
#4828=ADVANCED_FACE('',(#652),#389,.T.);
#4829=ADVANCED_FACE('',(#653),#390,.T.);
#4830=ADVANCED_FACE('',(#654),#523,.T.);
#4831=ADVANCED_FACE('',(#655),#391,.T.);
#4832=ADVANCED_FACE('',(#656),#392,.T.);
#4833=ADVANCED_FACE('',(#657),#524,.T.);
#4834=ADVANCED_FACE('',(#658),#393,.T.);
#4835=ADVANCED_FACE('',(#659),#394,.T.);
#4836=ADVANCED_FACE('',(#660),#525,.T.);
#4837=ADVANCED_FACE('',(#661),#395,.T.);
#4838=ADVANCED_FACE('',(#662),#396,.T.);
#4839=ADVANCED_FACE('',(#663),#526,.T.);
#4840=ADVANCED_FACE('',(#664),#397,.T.);
#4841=ADVANCED_FACE('',(#665),#398,.T.);
#4842=ADVANCED_FACE('',(#666),#527,.T.);
#4843=ADVANCED_FACE('',(#667),#399,.T.);
#4844=ADVANCED_FACE('',(#668),#400,.T.);
#4845=ADVANCED_FACE('',(#669),#528,.T.);
#4846=ADVANCED_FACE('',(#670),#401,.T.);
#4847=ADVANCED_FACE('',(#671),#402,.T.);
#4848=ADVANCED_FACE('',(#672),#529,.T.);
#4849=ADVANCED_FACE('',(#673),#403,.T.);
#4850=ADVANCED_FACE('',(#674),#404,.T.);
#4851=ADVANCED_FACE('',(#675),#530,.T.);
#4852=ADVANCED_FACE('',(#676),#405,.T.);
#4853=ADVANCED_FACE('',(#677),#406,.T.);
#4854=ADVANCED_FACE('',(#678),#531,.T.);
#4855=ADVANCED_FACE('',(#679),#407,.T.);
#4856=ADVANCED_FACE('',(#680),#408,.T.);
#4857=ADVANCED_FACE('',(#681),#532,.T.);
#4858=ADVANCED_FACE('',(#682),#409,.T.);
#4859=ADVANCED_FACE('',(#683),#410,.T.);
#4860=ADVANCED_FACE('',(#684),#533,.T.);
#4861=ADVANCED_FACE('',(#685),#411,.T.);
#4862=ADVANCED_FACE('',(#686),#412,.T.);
#4863=ADVANCED_FACE('',(#687),#534,.T.);
#4864=ADVANCED_FACE('',(#688),#413,.T.);
#4865=ADVANCED_FACE('',(#689),#414,.T.);
#4866=ADVANCED_FACE('',(#690),#535,.T.);
#4867=ADVANCED_FACE('',(#691),#415,.T.);
#4868=ADVANCED_FACE('',(#692),#416,.T.);
#4869=ADVANCED_FACE('',(#693),#536,.T.);
#4870=ADVANCED_FACE('',(#694),#417,.T.);
#4871=ADVANCED_FACE('',(#695),#418,.T.);
#4872=ADVANCED_FACE('',(#696),#537,.T.);
#4873=ADVANCED_FACE('',(#697),#419,.T.);
#4874=ADVANCED_FACE('',(#698),#420,.T.);
#4875=ADVANCED_FACE('',(#699),#538,.T.);
#4876=ADVANCED_FACE('',(#700),#421,.T.);
#4877=ADVANCED_FACE('',(#701),#422,.T.);
#4878=ADVANCED_FACE('',(#702),#539,.T.);
#4879=ADVANCED_FACE('',(#703),#423,.T.);
#4880=ADVANCED_FACE('',(#704),#424,.T.);
#4881=ADVANCED_FACE('',(#705),#540,.T.);
#4882=ADVANCED_FACE('',(#706),#425,.T.);
#4883=ADVANCED_FACE('',(#707),#426,.T.);
#4884=ADVANCED_FACE('',(#708),#4772,.F.);
#4885=ADVANCED_FACE('',(#709),#541,.T.);
#4886=ADVANCED_FACE('',(#710),#427,.T.);
#4887=ADVANCED_FACE('',(#711),#428,.T.);
#4888=ADVANCED_FACE('',(#712),#542,.T.);
#4889=ADVANCED_FACE('',(#713),#429,.T.);
#4890=ADVANCED_FACE('',(#714),#430,.T.);
#4891=ADVANCED_FACE('',(#715),#543,.T.);
#4892=ADVANCED_FACE('',(#716),#431,.T.);
#4893=ADVANCED_FACE('',(#717),#432,.T.);
#4894=ADVANCED_FACE('',(#718),#544,.T.);
#4895=ADVANCED_FACE('',(#719),#433,.T.);
#4896=ADVANCED_FACE('',(#720),#434,.T.);
#4897=ADVANCED_FACE('',(#721),#545,.T.);
#4898=ADVANCED_FACE('',(#722),#435,.T.);
#4899=ADVANCED_FACE('',(#723),#436,.T.);
#4900=ADVANCED_FACE('',(#724),#546,.T.);
#4901=ADVANCED_FACE('',(#725),#437,.T.);
#4902=ADVANCED_FACE('',(#726),#438,.T.);
#4903=ADVANCED_FACE('',(#727),#547,.T.);
#4904=ADVANCED_FACE('',(#728),#439,.T.);
#4905=ADVANCED_FACE('',(#729),#440,.T.);
#4906=ADVANCED_FACE('',(#730),#548,.T.);
#4907=ADVANCED_FACE('',(#731),#441,.T.);
#4908=ADVANCED_FACE('',(#732),#442,.T.);
#4909=ADVANCED_FACE('',(#733),#549,.T.);
#4910=ADVANCED_FACE('',(#734),#443,.T.);
#4911=ADVANCED_FACE('',(#735),#444,.T.);
#4912=ADVANCED_FACE('',(#736),#550,.T.);
#4913=ADVANCED_FACE('',(#737),#445,.T.);
#4914=ADVANCED_FACE('',(#738),#446,.T.);
#4915=ADVANCED_FACE('',(#739),#551,.T.);
#4916=ADVANCED_FACE('',(#740),#447,.T.);
#4917=ADVANCED_FACE('',(#741),#448,.T.);
#4918=ADVANCED_FACE('',(#742),#552,.T.);
#4919=ADVANCED_FACE('',(#743),#449,.T.);
#4920=ADVANCED_FACE('',(#744),#450,.T.);
#4921=ADVANCED_FACE('',(#745),#4773,.F.);
#4922=ADVANCED_FACE('',(#746),#553,.T.);
#4923=ADVANCED_FACE('',(#747),#451,.T.);
#4924=ADVANCED_FACE('',(#748),#554,.T.);
#4925=ADVANCED_FACE('',(#749),#452,.T.);
#4926=ADVANCED_FACE('',(#750),#555,.T.);
#4927=ADVANCED_FACE('',(#751),#453,.T.);
#4928=ADVANCED_FACE('',(#752),#556,.T.);
#4929=ADVANCED_FACE('',(#753),#454,.T.);
#4930=ADVANCED_FACE('',(#754),#557,.T.);
#4931=ADVANCED_FACE('',(#755),#455,.T.);
#4932=ADVANCED_FACE('',(#756),#456,.T.);
#4933=ADVANCED_FACE('',(#757),#558,.T.);
#4934=ADVANCED_FACE('',(#758),#457,.T.);
#4935=ADVANCED_FACE('',(#759),#458,.T.);
#4936=ADVANCED_FACE('',(#760),#559,.T.);
#4937=ADVANCED_FACE('',(#761),#459,.T.);
#4938=ADVANCED_FACE('',(#762),#460,.T.);
#4939=ADVANCED_FACE('',(#763),#560,.T.);
#4940=ADVANCED_FACE('',(#764),#461,.T.);
#4941=ADVANCED_FACE('',(#765),#462,.T.);
#4942=ADVANCED_FACE('',(#766),#561,.T.);
#4943=ADVANCED_FACE('',(#767),#463,.T.);
#4944=ADVANCED_FACE('',(#768),#464,.T.);
#4945=ADVANCED_FACE('',(#769),#562,.T.);
#4946=ADVANCED_FACE('',(#770),#465,.T.);
#4947=ADVANCED_FACE('',(#771),#466,.T.);
#4948=ADVANCED_FACE('',(#772),#563,.T.);
#4949=ADVANCED_FACE('',(#773),#467,.T.);
#4950=ADVANCED_FACE('',(#774),#468,.T.);
#4951=ADVANCED_FACE('',(#775),#564,.T.);
#4952=ADVANCED_FACE('',(#776),#469,.T.);
#4953=ADVANCED_FACE('',(#777),#470,.T.);
#4954=ADVANCED_FACE('',(#778),#4774,.F.);
#4955=ADVANCED_FACE('',(#779),#565,.T.);
#4956=ADVANCED_FACE('',(#780),#471,.T.);
#4957=ADVANCED_FACE('',(#781),#472,.T.);
#4958=ADVANCED_FACE('',(#782),#566,.T.);
#4959=ADVANCED_FACE('',(#783),#473,.T.);
#4960=ADVANCED_FACE('',(#784),#474,.T.);
#4961=ADVANCED_FACE('',(#785),#567,.T.);
#4962=ADVANCED_FACE('',(#786),#475,.T.);
#4963=ADVANCED_FACE('',(#787),#476,.T.);
#4964=ADVANCED_FACE('',(#788),#568,.T.);
#4965=ADVANCED_FACE('',(#789),#477,.T.);
#4966=ADVANCED_FACE('',(#790),#478,.T.);
#4967=ADVANCED_FACE('',(#791),#569,.T.);
#4968=ADVANCED_FACE('',(#792),#570,.T.);
#4969=ADVANCED_FACE('',(#793),#571,.T.);
#4970=ADVANCED_FACE('',(#794),#572,.T.);
#4971=ADVANCED_FACE('',(#795),#4775,.F.);
#4972=ADVANCED_FACE('',(#796),#573,.T.);
#4973=ADVANCED_FACE('',(#797),#479,.T.);
#4974=ADVANCED_FACE('',(#798),#480,.T.);
#4975=ADVANCED_FACE('',(#799),#574,.T.);
#4976=ADVANCED_FACE('',(#800),#481,.T.);
#4977=ADVANCED_FACE('',(#801),#482,.T.);
#4978=ADVANCED_FACE('',(#802),#575,.T.);
#4979=ADVANCED_FACE('',(#803),#483,.T.);
#4980=ADVANCED_FACE('',(#804),#484,.T.);
#4981=ADVANCED_FACE('',(#805),#576,.T.);
#4982=ADVANCED_FACE('',(#806),#485,.T.);
#4983=ADVANCED_FACE('',(#807),#486,.T.);
#4984=ADVANCED_FACE('',(#808),#577,.T.);
#4985=ADVANCED_FACE('',(#809),#487,.T.);
#4986=ADVANCED_FACE('',(#810),#488,.T.);
#4987=ADVANCED_FACE('',(#811),#578,.T.);
#4988=ADVANCED_FACE('',(#812),#489,.T.);
#4989=ADVANCED_FACE('',(#813),#490,.T.);
#4990=ADVANCED_FACE('',(#814),#579,.T.);
#4991=ADVANCED_FACE('',(#815),#491,.T.);
#4992=ADVANCED_FACE('',(#816),#492,.T.);
#4993=ADVANCED_FACE('',(#817),#580,.T.);
#4994=ADVANCED_FACE('',(#818),#493,.T.);
#4995=ADVANCED_FACE('',(#819),#494,.T.);
#4996=ADVANCED_FACE('',(#820),#581,.T.);
#4997=ADVANCED_FACE('',(#821),#582,.T.);
#4998=ADVANCED_FACE('',(#822),#583,.T.);
#4999=ADVANCED_FACE('',(#823),#584,.T.);
#5000=ADVANCED_FACE('',(#824),#585,.T.);
#5001=ADVANCED_FACE('',(#825),#586,.T.);
#5002=ADVANCED_FACE('',(#826),#587,.T.);
#5003=ADVANCED_FACE('',(#827),#4776,.T.);
#5004=ADVANCED_FACE('',(#828),#495,.T.);
#5005=ADVANCED_FACE('',(#829),#496,.T.);
#5006=ADVANCED_FACE('',(#830),#588,.T.);
#5007=ADVANCED_FACE('',(#831),#497,.T.);
#5008=ADVANCED_FACE('',(#832),#589,.T.);
#5009=ADVANCED_FACE('',(#833),#498,.T.);
#5010=ADVANCED_FACE('',(#834),#590,.T.);
#5011=ADVANCED_FACE('',(#835),#499,.T.);
#5012=ADVANCED_FACE('',(#836),#591,.T.);
#5013=ADVANCED_FACE('',(#837),#500,.T.);
#5014=ADVANCED_FACE('',(#838),#592,.T.);
#5015=ADVANCED_FACE('',(#839),#501,.T.);
#5016=ADVANCED_FACE('',(#840),#593,.T.);
#5017=ADVANCED_FACE('',(#841),#502,.T.);
#5018=ADVANCED_FACE('',(#842),#594,.T.);
#5019=ADVANCED_FACE('',(#843),#503,.T.);
#5020=ADVANCED_FACE('',(#844),#595,.T.);
#5021=ADVANCED_FACE('',(#845),#504,.T.);
#5022=ADVANCED_FACE('',(#846),#596,.T.);
#5023=ADVANCED_FACE('',(#847),#597,.T.);
#5024=ADVANCED_FACE('',(#848),#598,.T.);
#5025=ADVANCED_FACE('',(#849,#15,#16,#17,#18,#19,#20,#21,#22,#23,#24,#25,
#26,#27,#28,#29,#30,#31,#32,#33,#34,#35,#36,#37,#38,#39,#40),#599,.T.);
#5026=ADVANCED_FACE('',(#850,#41,#42,#43,#44,#45,#46,#47,#48,#49,#50,#51,
#52,#53,#54,#55,#56,#57,#58,#59,#60,#61,#62,#63,#64,#65,#66),#600,.F.);
#5027=CLOSED_SHELL('',(#4777,#4778,#4779,#4780,#4781,#4782,#4783,#4784,
#4785,#4786,#4787,#4788,#4789,#4790,#4791,#4792,#4793,#4794,#4795,#4796,
#4797,#4798,#4799,#4800,#4801,#4802,#4803,#4804,#4805,#4806,#4807,#4808,
#4809,#4810,#4811,#4812,#4813,#4814,#4815,#4816,#4817,#4818,#4819,#4820,
#4821,#4822,#4823,#4824,#4825,#4826,#4827,#4828,#4829,#4830,#4831,#4832,
#4833,#4834,#4835,#4836,#4837,#4838,#4839,#4840,#4841,#4842,#4843,#4844,
#4845,#4846,#4847,#4848,#4849,#4850,#4851,#4852,#4853,#4854,#4855,#4856,
#4857,#4858,#4859,#4860,#4861,#4862,#4863,#4864,#4865,#4866,#4867,#4868,
#4869,#4870,#4871,#4872,#4873,#4874,#4875,#4876,#4877,#4878,#4879,#4880,
#4881,#4882,#4883,#4884,#4885,#4886,#4887,#4888,#4889,#4890,#4891,#4892,
#4893,#4894,#4895,#4896,#4897,#4898,#4899,#4900,#4901,#4902,#4903,#4904,
#4905,#4906,#4907,#4908,#4909,#4910,#4911,#4912,#4913,#4914,#4915,#4916,
#4917,#4918,#4919,#4920,#4921,#4922,#4923,#4924,#4925,#4926,#4927,#4928,
#4929,#4930,#4931,#4932,#4933,#4934,#4935,#4936,#4937,#4938,#4939,#4940,
#4941,#4942,#4943,#4944,#4945,#4946,#4947,#4948,#4949,#4950,#4951,#4952,
#4953,#4954,#4955,#4956,#4957,#4958,#4959,#4960,#4961,#4962,#4963,#4964,
#4965,#4966,#4967,#4968,#4969,#4970,#4971,#4972,#4973,#4974,#4975,#4976,
#4977,#4978,#4979,#4980,#4981,#4982,#4983,#4984,#4985,#4986,#4987,#4988,
#4989,#4990,#4991,#4992,#4993,#4994,#4995,#4996,#4997,#4998,#4999,#5000,
#5001,#5002,#5003,#5004,#5005,#5006,#5007,#5008,#5009,#5010,#5011,#5012,
#5013,#5014,#5015,#5016,#5017,#5018,#5019,#5020,#5021,#5022,#5023,#5024,
#5025,#5026));
#5028=DERIVED_UNIT_ELEMENT(#5030,1.);
#5029=DERIVED_UNIT_ELEMENT(#9401,-3.);
#5030=(
MASS_UNIT()
NAMED_UNIT(*)
SI_UNIT(.KILO.,.GRAM.)
);
#5031=DERIVED_UNIT((#5028,#5029));
#5032=MEASURE_REPRESENTATION_ITEM('density measure',
POSITIVE_RATIO_MEASURE(7850.),#5031);
#5033=PROPERTY_DEFINITION_REPRESENTATION(#5038,#5035);
#5034=PROPERTY_DEFINITION_REPRESENTATION(#5039,#5036);
#5035=REPRESENTATION('material name',(#5037),#9398);
#5036=REPRESENTATION('density',(#5032),#9398);
#5037=DESCRIPTIVE_REPRESENTATION_ITEM('Steel','Steel');
#5038=PROPERTY_DEFINITION('material property','material name',#9408);
#5039=PROPERTY_DEFINITION('material property','density of part',#9408);
#5040=AXIS2_PLACEMENT_3D('',#5839,#5161,#5162);
#5041=AXIS2_PLACEMENT_3D('',#5840,#5163,#5164);
#5042=AXIS2_PLACEMENT_3D('',#5842,#5165,#5166);
#5043=AXIS2_PLACEMENT_3D('',#5845,#5168,#5169);
#5044=AXIS2_PLACEMENT_3D('',#5846,#5170,#5171);
#5045=AXIS2_PLACEMENT_3D('',#5848,#5172,#5173);
#5046=AXIS2_PLACEMENT_3D('',#5851,#5175,#5176);
#5047=AXIS2_PLACEMENT_3D('',#5852,#5177,#5178);
#5048=AXIS2_PLACEMENT_3D('',#5854,#5179,#5180);
#5049=AXIS2_PLACEMENT_3D('',#5857,#5182,#5183);
#5050=AXIS2_PLACEMENT_3D('',#5858,#5184,#5185);
#5051=AXIS2_PLACEMENT_3D('',#5886,#5191,#5192);
#5052=AXIS2_PLACEMENT_3D('',#5911,#5197,#5198);
#5053=AXIS2_PLACEMENT_3D('',#5936,#5203,#5204);
#5054=AXIS2_PLACEMENT_3D('',#5958,#5208,#5209);
#5055=AXIS2_PLACEMENT_3D('',#6005,#5216,#5217);
#5056=AXIS2_PLACEMENT_3D('',#6049,#5223,#5224);
#5057=AXIS2_PLACEMENT_3D('',#6093,#5230,#5231);
#5058=AXIS2_PLACEMENT_3D('',#6134,#5236,#5237);
#5059=AXIS2_PLACEMENT_3D('',#6181,#5244,#5245);
#5060=AXIS2_PLACEMENT_3D('',#6225,#5251,#5252);
#5061=AXIS2_PLACEMENT_3D('',#6269,#5258,#5259);
#5062=AXIS2_PLACEMENT_3D('',#6310,#5264,#5265);
#5063=AXIS2_PLACEMENT_3D('',#6357,#5272,#5273);
#5064=AXIS2_PLACEMENT_3D('',#6401,#5279,#5280);
#5065=AXIS2_PLACEMENT_3D('',#6445,#5286,#5287);
#5066=AXIS2_PLACEMENT_3D('',#6486,#5292,#5293);
#5067=AXIS2_PLACEMENT_3D('',#6533,#5300,#5301);
#5068=AXIS2_PLACEMENT_3D('',#6577,#5307,#5308);
#5069=AXIS2_PLACEMENT_3D('',#6621,#5314,#5315);
#5070=AXIS2_PLACEMENT_3D('',#6662,#5320,#5321);
#5071=AXIS2_PLACEMENT_3D('',#6709,#5328,#5329);
#5072=AXIS2_PLACEMENT_3D('',#6753,#5335,#5336);
#5073=AXIS2_PLACEMENT_3D('',#6797,#5342,#5343);
#5074=AXIS2_PLACEMENT_3D('',#6838,#5348,#5349);
#5075=AXIS2_PLACEMENT_3D('',#6885,#5356,#5357);
#5076=AXIS2_PLACEMENT_3D('',#6929,#5363,#5364);
#5077=AXIS2_PLACEMENT_3D('',#6973,#5370,#5371);
#5078=AXIS2_PLACEMENT_3D('',#7014,#5376,#5377);
#5079=AXIS2_PLACEMENT_3D('',#7061,#5384,#5385);
#5080=AXIS2_PLACEMENT_3D('',#7105,#5391,#5392);
#5081=AXIS2_PLACEMENT_3D('',#7149,#5398,#5399);
#5082=AXIS2_PLACEMENT_3D('',#7190,#5404,#5405);
#5083=AXIS2_PLACEMENT_3D('',#7237,#5412,#5413);
#5084=AXIS2_PLACEMENT_3D('',#7281,#5419,#5420);
#5085=AXIS2_PLACEMENT_3D('',#7325,#5426,#5427);
#5086=AXIS2_PLACEMENT_3D('',#7366,#5432,#5433);
#5087=AXIS2_PLACEMENT_3D('',#7368,#5434,#5435);
#5088=AXIS2_PLACEMENT_3D('',#7371,#5437,#5438);
#5089=AXIS2_PLACEMENT_3D('',#7372,#5439,#5440);
#5090=AXIS2_PLACEMENT_3D('',#7419,#5447,#5448);
#5091=AXIS2_PLACEMENT_3D('',#7463,#5454,#5455);
#5092=AXIS2_PLACEMENT_3D('',#7507,#5461,#5462);
#5093=AXIS2_PLACEMENT_3D('',#7548,#5467,#5468);
#5094=AXIS2_PLACEMENT_3D('',#7595,#5475,#5476);
#5095=AXIS2_PLACEMENT_3D('',#7639,#5482,#5483);
#5096=AXIS2_PLACEMENT_3D('',#7683,#5489,#5490);
#5097=AXIS2_PLACEMENT_3D('',#7724,#5495,#5496);
#5098=AXIS2_PLACEMENT_3D('',#7771,#5503,#5504);
#5099=AXIS2_PLACEMENT_3D('',#7815,#5510,#5511);
#5100=AXIS2_PLACEMENT_3D('',#7859,#5517,#5518);
#5101=AXIS2_PLACEMENT_3D('',#7900,#5523,#5524);
#5102=AXIS2_PLACEMENT_3D('',#7902,#5525,#5526);
#5103=AXIS2_PLACEMENT_3D('',#7905,#5528,#5529);
#5104=AXIS2_PLACEMENT_3D('',#7906,#5530,#5531);
#5105=AXIS2_PLACEMENT_3D('',#7934,#5537,#5538);
#5106=AXIS2_PLACEMENT_3D('',#7959,#5543,#5544);
#5107=AXIS2_PLACEMENT_3D('',#7984,#5549,#5550);
#5108=AXIS2_PLACEMENT_3D('',#8006,#5554,#5555);
#5109=AXIS2_PLACEMENT_3D('',#8053,#5562,#5563);
#5110=AXIS2_PLACEMENT_3D('',#8097,#5569,#5570);
#5111=AXIS2_PLACEMENT_3D('',#8141,#5576,#5577);
#5112=AXIS2_PLACEMENT_3D('',#8182,#5582,#5583);
#5113=AXIS2_PLACEMENT_3D('',#8229,#5590,#5591);
#5114=AXIS2_PLACEMENT_3D('',#8273,#5597,#5598);
#5115=AXIS2_PLACEMENT_3D('',#8317,#5604,#5605);
#5116=AXIS2_PLACEMENT_3D('',#8358,#5610,#5611);
#5117=AXIS2_PLACEMENT_3D('',#8360,#5612,#5613);
#5118=AXIS2_PLACEMENT_3D('',#8363,#5615,#5616);
#5119=AXIS2_PLACEMENT_3D('',#8364,#5617,#5618);
#5120=AXIS2_PLACEMENT_3D('',#8411,#5625,#5626);
#5121=AXIS2_PLACEMENT_3D('',#8455,#5632,#5633);
#5122=AXIS2_PLACEMENT_3D('',#8499,#5639,#5640);
#5123=AXIS2_PLACEMENT_3D('',#8540,#5645,#5646);
#5124=AXIS2_PLACEMENT_3D('',#8549,#5651,#5652);
#5125=AXIS2_PLACEMENT_3D('',#8555,#5656,#5657);
#5126=AXIS2_PLACEMENT_3D('',#8561,#5661,#5662);
#5127=AXIS2_PLACEMENT_3D('',#8564,#5665,#5666);
#5128=AXIS2_PLACEMENT_3D('',#8566,#5667,#5668);
#5129=AXIS2_PLACEMENT_3D('',#8569,#5670,#5671);
#5130=AXIS2_PLACEMENT_3D('',#8570,#5672,#5673);
#5131=AXIS2_PLACEMENT_3D('',#8617,#5680,#5681);
#5132=AXIS2_PLACEMENT_3D('',#8661,#5687,#5688);
#5133=AXIS2_PLACEMENT_3D('',#8705,#5694,#5695);
#5134=AXIS2_PLACEMENT_3D('',#8746,#5700,#5701);
#5135=AXIS2_PLACEMENT_3D('',#8793,#5708,#5709);
#5136=AXIS2_PLACEMENT_3D('',#8837,#5715,#5716);
#5137=AXIS2_PLACEMENT_3D('',#8881,#5722,#5723);
#5138=AXIS2_PLACEMENT_3D('',#8922,#5728,#5729);
#5139=AXIS2_PLACEMENT_3D('',#8931,#5734,#5735);
#5140=AXIS2_PLACEMENT_3D('',#8937,#5739,#5740);
#5141=AXIS2_PLACEMENT_3D('',#8943,#5744,#5745);
#5142=AXIS2_PLACEMENT_3D('',#8949,#5749,#5750);
#5143=AXIS2_PLACEMENT_3D('',#8955,#5754,#5755);
#5144=AXIS2_PLACEMENT_3D('',#8961,#5759,#5760);
#5145=AXIS2_PLACEMENT_3D('',#8967,#5764,#5765);
#5146=AXIS2_PLACEMENT_3D('',#8969,#5766,#5767);
#5147=AXIS2_PLACEMENT_3D('',#8971,#5768,#5769);
#5148=AXIS2_PLACEMENT_3D('',#9011,#5773,#5774);
#5149=AXIS2_PLACEMENT_3D('',#9084,#5779,#5780);
#5150=AXIS2_PLACEMENT_3D('',#9133,#5785,#5786);
#5151=AXIS2_PLACEMENT_3D('',#9158,#5791,#5792);
#5152=AXIS2_PLACEMENT_3D('',#9195,#5797,#5798);
#5153=AXIS2_PLACEMENT_3D('',#9220,#5803,#5804);
#5154=AXIS2_PLACEMENT_3D('',#9269,#5809,#5810);
#5155=AXIS2_PLACEMENT_3D('',#9330,#5815,#5816);
#5156=AXIS2_PLACEMENT_3D('',#9379,#5821,#5822);
#5157=AXIS2_PLACEMENT_3D('',#9385,#5826,#5827);
#5158=AXIS2_PLACEMENT_3D('',#9391,#5831,#5832);
#5159=AXIS2_PLACEMENT_3D('',#9394,#5835,#5836);
#5160=AXIS2_PLACEMENT_3D('',#9395,#5837,#5838);
#5161=DIRECTION('axis',(0.,0.,1.));
#5162=DIRECTION('refdir',(1.,0.,0.));
#5163=DIRECTION('center_axis',(0.,0.,1.));
#5164=DIRECTION('ref_axis',(1.,0.,0.));
#5165=DIRECTION('center_axis',(0.,0.,-1.));
#5166=DIRECTION('ref_axis',(1.,0.,0.));
#5167=DIRECTION('',(0.,0.,-1.));
#5168=DIRECTION('center_axis',(0.,0.,-1.));
#5169=DIRECTION('ref_axis',(1.,0.,0.));
#5170=DIRECTION('center_axis',(0.,0.,1.));
#5171=DIRECTION('ref_axis',(1.,0.,0.));
#5172=DIRECTION('center_axis',(0.,0.,-1.));
#5173=DIRECTION('ref_axis',(1.,0.,0.));
#5174=DIRECTION('',(0.,0.,-1.));
#5175=DIRECTION('center_axis',(0.,0.,-1.));
#5176=DIRECTION('ref_axis',(1.,0.,0.));
#5177=DIRECTION('center_axis',(0.,0.,1.));
#5178=DIRECTION('ref_axis',(1.,0.,0.));
#5179=DIRECTION('center_axis',(0.,0.,-1.));
#5180=DIRECTION('ref_axis',(1.,0.,0.));
#5181=DIRECTION('',(0.,0.,-1.));
#5182=DIRECTION('center_axis',(0.,0.,-1.));
#5183=DIRECTION('ref_axis',(1.,0.,0.));
#5184=DIRECTION('center_axis',(0.939692211615888,-0.342021267508968,0.));
#5185=DIRECTION('ref_axis',(0.342021267508968,0.939692211615888,0.));
#5186=DIRECTION('',(0.342021267508968,0.939692211615888,0.));
#5187=DIRECTION('',(0.,0.,1.));
#5188=DIRECTION('',(0.342021267508968,0.939692211615888,0.));
#5189=DIRECTION('',(0.,0.,1.));
#5190=DIRECTION('',(0.,0.,1.));
#5191=DIRECTION('center_axis',(0.342021267508968,0.939692211615888,0.));
#5192=DIRECTION('ref_axis',(-0.939692211615888,0.342021267508968,0.));
#5193=DIRECTION('',(-0.939692211615888,0.342021267508968,0.));
#5194=DIRECTION('',(-0.939692211615888,0.342021267508968,0.));
#5195=DIRECTION('',(0.,0.,1.));
#5196=DIRECTION('',(0.,0.,1.));
#5197=DIRECTION('center_axis',(-0.939692211615888,0.342021267508968,0.));
#5198=DIRECTION('ref_axis',(-0.342021267508968,-0.939692211615888,0.));
#5199=DIRECTION('',(-0.342021267508968,-0.939692211615888,0.));
#5200=DIRECTION('',(-0.342021267508968,-0.939692211615888,0.));
#5201=DIRECTION('',(0.,0.,1.));
#5202=DIRECTION('',(0.,0.,1.));
#5203=DIRECTION('center_axis',(-0.342021267508968,-0.939692211615888,0.));
#5204=DIRECTION('ref_axis',(0.939692211615888,-0.342021267508968,0.));
#5205=DIRECTION('',(0.939692211615888,-0.342021267508968,0.));
#5206=DIRECTION('',(0.939692211615888,-0.342021267508968,0.));
#5207=DIRECTION('',(0.,0.,1.));
#5208=DIRECTION('center_axis',(0.,-1.,0.));
#5209=DIRECTION('ref_axis',(1.,0.,0.));
#5210=DIRECTION('',(1.,0.,0.));
#5211=DIRECTION('',(0.,0.,1.));
#5212=DIRECTION('',(1.,0.,0.));
#5213=DIRECTION('',(0.,0.,1.));
#5214=DIRECTION('',(0.,0.,1.));
#5215=DIRECTION('',(0.,0.,1.));
#5216=DIRECTION('center_axis',(1.,0.,0.));
#5217=DIRECTION('ref_axis',(0.,1.,0.));
#5218=DIRECTION('',(0.,1.,0.));
#5219=DIRECTION('',(0.,1.,0.));
#5220=DIRECTION('',(0.,0.,1.));
#5221=DIRECTION('',(0.,0.,1.));
#5222=DIRECTION('',(0.,0.,1.));
#5223=DIRECTION('center_axis',(0.,1.,0.));
#5224=DIRECTION('ref_axis',(-1.,0.,0.));
#5225=DIRECTION('',(-1.,0.,0.));
#5226=DIRECTION('',(-1.,0.,0.));
#5227=DIRECTION('',(0.,0.,1.));
#5228=DIRECTION('',(0.,0.,1.));
#5229=DIRECTION('',(0.,0.,1.));
#5230=DIRECTION('center_axis',(-1.,0.,0.));
#5231=DIRECTION('ref_axis',(0.,-1.,0.));
#5232=DIRECTION('',(0.,-1.,0.));
#5233=DIRECTION('',(0.,-1.,0.));
#5234=DIRECTION('',(0.,0.,1.));
#5235=DIRECTION('',(0.,0.,1.));
#5236=DIRECTION('center_axis',(0.,-1.,0.));
#5237=DIRECTION('ref_axis',(1.,0.,0.));
#5238=DIRECTION('',(1.,0.,0.));
#5239=DIRECTION('',(0.,0.,1.));
#5240=DIRECTION('',(1.,0.,0.));
#5241=DIRECTION('',(0.,0.,1.));
#5242=DIRECTION('',(0.,0.,1.));
#5243=DIRECTION('',(0.,0.,1.));
#5244=DIRECTION('center_axis',(1.,0.,0.));
#5245=DIRECTION('ref_axis',(0.,1.,0.));
#5246=DIRECTION('',(0.,1.,0.));
#5247=DIRECTION('',(0.,1.,0.));
#5248=DIRECTION('',(0.,0.,1.));
#5249=DIRECTION('',(0.,0.,1.));
#5250=DIRECTION('',(0.,0.,1.));
#5251=DIRECTION('center_axis',(0.,1.,0.));
#5252=DIRECTION('ref_axis',(-1.,0.,0.));
#5253=DIRECTION('',(-1.,0.,0.));
#5254=DIRECTION('',(-1.,0.,0.));
#5255=DIRECTION('',(0.,0.,1.));
#5256=DIRECTION('',(0.,0.,1.));
#5257=DIRECTION('',(0.,0.,1.));
#5258=DIRECTION('center_axis',(-1.,0.,0.));
#5259=DIRECTION('ref_axis',(0.,-1.,0.));
#5260=DIRECTION('',(0.,-1.,0.));
#5261=DIRECTION('',(0.,-1.,0.));
#5262=DIRECTION('',(0.,0.,1.));
#5263=DIRECTION('',(0.,0.,1.));
#5264=DIRECTION('center_axis',(0.,-1.,0.));
#5265=DIRECTION('ref_axis',(1.,0.,0.));
#5266=DIRECTION('',(1.,0.,0.));
#5267=DIRECTION('',(0.,0.,1.));
#5268=DIRECTION('',(1.,0.,0.));
#5269=DIRECTION('',(0.,0.,1.));
#5270=DIRECTION('',(0.,0.,1.));
#5271=DIRECTION('',(0.,0.,1.));
#5272=DIRECTION('center_axis',(1.,0.,0.));
#5273=DIRECTION('ref_axis',(0.,1.,0.));
#5274=DIRECTION('',(0.,1.,0.));
#5275=DIRECTION('',(0.,1.,0.));
#5276=DIRECTION('',(0.,0.,1.));
#5277=DIRECTION('',(0.,0.,1.));
#5278=DIRECTION('',(0.,0.,1.));
#5279=DIRECTION('center_axis',(0.,1.,0.));
#5280=DIRECTION('ref_axis',(-1.,0.,0.));
#5281=DIRECTION('',(-1.,0.,0.));
#5282=DIRECTION('',(-1.,0.,0.));
#5283=DIRECTION('',(0.,0.,1.));
#5284=DIRECTION('',(0.,0.,1.));
#5285=DIRECTION('',(0.,0.,1.));
#5286=DIRECTION('center_axis',(-1.,0.,0.));
#5287=DIRECTION('ref_axis',(0.,-1.,0.));
#5288=DIRECTION('',(0.,-1.,0.));
#5289=DIRECTION('',(0.,-1.,0.));
#5290=DIRECTION('',(0.,0.,1.));
#5291=DIRECTION('',(0.,0.,1.));
#5292=DIRECTION('center_axis',(-0.422612572173774,-0.906310440103537,0.));
#5293=DIRECTION('ref_axis',(0.906310440103537,-0.422612572173774,0.));
#5294=DIRECTION('',(0.906310440103537,-0.422612572173774,0.));
#5295=DIRECTION('',(0.,0.,1.));
#5296=DIRECTION('',(0.906310440103537,-0.422612572173774,0.));
#5297=DIRECTION('',(0.,0.,1.));
#5298=DIRECTION('',(0.,0.,1.));
#5299=DIRECTION('',(0.,0.,1.));
#5300=DIRECTION('center_axis',(0.906310440103537,-0.422612572173774,0.));
#5301=DIRECTION('ref_axis',(0.422612572173774,0.906310440103537,0.));
#5302=DIRECTION('',(0.422612572173774,0.906310440103537,0.));
#5303=DIRECTION('',(0.422612572173774,0.906310440103537,0.));
#5304=DIRECTION('',(0.,0.,1.));
#5305=DIRECTION('',(0.,0.,1.));
#5306=DIRECTION('',(0.,0.,1.));
#5307=DIRECTION('center_axis',(0.422612572173774,0.906310440103537,0.));
#5308=DIRECTION('ref_axis',(-0.906310440103537,0.422612572173774,0.));
#5309=DIRECTION('',(-0.906310440103537,0.422612572173774,0.));
#5310=DIRECTION('',(-0.906310440103537,0.422612572173774,0.));
#5311=DIRECTION('',(0.,0.,1.));
#5312=DIRECTION('',(0.,0.,1.));
#5313=DIRECTION('',(0.,0.,1.));
#5314=DIRECTION('center_axis',(-0.906310440103536,0.422612572173775,0.));
#5315=DIRECTION('ref_axis',(-0.422612572173775,-0.906310440103536,0.));
#5316=DIRECTION('',(-0.422612572173775,-0.906310440103536,0.));
#5317=DIRECTION('',(-0.422612572173775,-0.906310440103536,0.));
#5318=DIRECTION('',(0.,0.,1.));
#5319=DIRECTION('',(0.,0.,1.));
#5320=DIRECTION('center_axis',(0.,-1.,0.));
#5321=DIRECTION('ref_axis',(1.,0.,0.));
#5322=DIRECTION('',(1.,0.,0.));
#5323=DIRECTION('',(0.,0.,1.));
#5324=DIRECTION('',(1.,0.,0.));
#5325=DIRECTION('',(0.,0.,1.));
#5326=DIRECTION('',(0.,0.,1.));
#5327=DIRECTION('',(0.,0.,1.));
#5328=DIRECTION('center_axis',(1.,0.,0.));
#5329=DIRECTION('ref_axis',(0.,1.,0.));
#5330=DIRECTION('',(0.,1.,0.));
#5331=DIRECTION('',(0.,1.,0.));
#5332=DIRECTION('',(0.,0.,1.));
#5333=DIRECTION('',(0.,0.,1.));
#5334=DIRECTION('',(0.,0.,1.));
#5335=DIRECTION('center_axis',(0.,1.,0.));
#5336=DIRECTION('ref_axis',(-1.,0.,0.));
#5337=DIRECTION('',(-1.,0.,0.));
#5338=DIRECTION('',(-1.,0.,0.));
#5339=DIRECTION('',(0.,0.,1.));
#5340=DIRECTION('',(0.,0.,1.));
#5341=DIRECTION('',(0.,0.,1.));
#5342=DIRECTION('center_axis',(-1.,0.,0.));
#5343=DIRECTION('ref_axis',(0.,-1.,0.));
#5344=DIRECTION('',(0.,-1.,0.));
#5345=DIRECTION('',(0.,-1.,0.));
#5346=DIRECTION('',(0.,0.,1.));
#5347=DIRECTION('',(0.,0.,1.));
#5348=DIRECTION('center_axis',(0.,-1.,0.));
#5349=DIRECTION('ref_axis',(1.,0.,0.));
#5350=DIRECTION('',(1.,0.,0.));
#5351=DIRECTION('',(0.,0.,1.));
#5352=DIRECTION('',(1.,0.,0.));
#5353=DIRECTION('',(0.,0.,1.));
#5354=DIRECTION('',(0.,0.,1.));
#5355=DIRECTION('',(0.,0.,1.));
#5356=DIRECTION('center_axis',(1.,0.,0.));
#5357=DIRECTION('ref_axis',(0.,1.,0.));
#5358=DIRECTION('',(0.,1.,0.));
#5359=DIRECTION('',(0.,1.,0.));
#5360=DIRECTION('',(0.,0.,1.));
#5361=DIRECTION('',(0.,0.,1.));
#5362=DIRECTION('',(0.,0.,1.));
#5363=DIRECTION('center_axis',(0.,1.,0.));
#5364=DIRECTION('ref_axis',(-1.,0.,0.));
#5365=DIRECTION('',(-1.,0.,0.));
#5366=DIRECTION('',(-1.,0.,0.));
#5367=DIRECTION('',(0.,0.,1.));
#5368=DIRECTION('',(0.,0.,1.));
#5369=DIRECTION('',(0.,0.,1.));
#5370=DIRECTION('center_axis',(-1.,0.,0.));
#5371=DIRECTION('ref_axis',(0.,-1.,0.));
#5372=DIRECTION('',(0.,-1.,0.));
#5373=DIRECTION('',(0.,-1.,0.));
#5374=DIRECTION('',(0.,0.,1.));
#5375=DIRECTION('',(0.,0.,1.));
#5376=DIRECTION('center_axis',(0.,-1.,0.));
#5377=DIRECTION('ref_axis',(1.,0.,0.));
#5378=DIRECTION('',(1.,0.,0.));
#5379=DIRECTION('',(0.,0.,1.));
#5380=DIRECTION('',(1.,0.,0.));
#5381=DIRECTION('',(0.,0.,1.));
#5382=DIRECTION('',(0.,0.,1.));
#5383=DIRECTION('',(0.,0.,1.));
#5384=DIRECTION('center_axis',(1.,0.,0.));
#5385=DIRECTION('ref_axis',(0.,1.,0.));
#5386=DIRECTION('',(0.,1.,0.));
#5387=DIRECTION('',(0.,1.,0.));
#5388=DIRECTION('',(0.,0.,1.));
#5389=DIRECTION('',(0.,0.,1.));
#5390=DIRECTION('',(0.,0.,1.));
#5391=DIRECTION('center_axis',(0.,1.,0.));
#5392=DIRECTION('ref_axis',(-1.,0.,0.));
#5393=DIRECTION('',(-1.,0.,0.));
#5394=DIRECTION('',(-1.,0.,0.));
#5395=DIRECTION('',(0.,0.,1.));
#5396=DIRECTION('',(0.,0.,1.));
#5397=DIRECTION('',(0.,0.,1.));
#5398=DIRECTION('center_axis',(-1.,0.,0.));
#5399=DIRECTION('ref_axis',(0.,-1.,0.));
#5400=DIRECTION('',(0.,-1.,0.));
#5401=DIRECTION('',(0.,-1.,0.));
#5402=DIRECTION('',(0.,0.,1.));
#5403=DIRECTION('',(0.,0.,1.));
#5404=DIRECTION('center_axis',(0.,-1.,0.));
#5405=DIRECTION('ref_axis',(1.,0.,0.));
#5406=DIRECTION('',(1.,0.,0.));
#5407=DIRECTION('',(0.,0.,1.));
#5408=DIRECTION('',(1.,0.,0.));
#5409=DIRECTION('',(0.,0.,1.));
#5410=DIRECTION('',(0.,0.,1.));
#5411=DIRECTION('',(0.,0.,1.));
#5412=DIRECTION('center_axis',(1.,0.,0.));
#5413=DIRECTION('ref_axis',(0.,1.,0.));
#5414=DIRECTION('',(0.,1.,0.));
#5415=DIRECTION('',(0.,1.,0.));
#5416=DIRECTION('',(0.,0.,1.));
#5417=DIRECTION('',(0.,0.,1.));
#5418=DIRECTION('',(0.,0.,1.));
#5419=DIRECTION('center_axis',(0.,1.,0.));
#5420=DIRECTION('ref_axis',(-1.,0.,0.));
#5421=DIRECTION('',(-1.,0.,0.));
#5422=DIRECTION('',(-1.,0.,0.));
#5423=DIRECTION('',(0.,0.,1.));
#5424=DIRECTION('',(0.,0.,1.));
#5425=DIRECTION('',(0.,0.,1.));
#5426=DIRECTION('center_axis',(-1.,0.,0.));
#5427=DIRECTION('ref_axis',(0.,-1.,0.));
#5428=DIRECTION('',(0.,-1.,0.));
#5429=DIRECTION('',(0.,-1.,0.));
#5430=DIRECTION('',(0.,0.,1.));
#5431=DIRECTION('',(0.,0.,1.));
#5432=DIRECTION('center_axis',(0.,0.,1.));
#5433=DIRECTION('ref_axis',(1.,0.,0.));
#5434=DIRECTION('center_axis',(0.,0.,-1.));
#5435=DIRECTION('ref_axis',(1.,0.,0.));
#5436=DIRECTION('',(0.,0.,-1.));
#5437=DIRECTION('center_axis',(0.,0.,-1.));
#5438=DIRECTION('ref_axis',(1.,0.,0.));
#5439=DIRECTION('center_axis',(0.,-1.,0.));
#5440=DIRECTION('ref_axis',(1.,0.,0.));
#5441=DIRECTION('',(1.,0.,0.));
#5442=DIRECTION('',(0.,0.,1.));
#5443=DIRECTION('',(1.,0.,0.));
#5444=DIRECTION('',(0.,0.,1.));
#5445=DIRECTION('',(0.,0.,1.));
#5446=DIRECTION('',(0.,0.,1.));
#5447=DIRECTION('center_axis',(1.,0.,0.));
#5448=DIRECTION('ref_axis',(0.,1.,0.));
#5449=DIRECTION('',(0.,1.,0.));
#5450=DIRECTION('',(0.,1.,0.));
#5451=DIRECTION('',(0.,0.,1.));
#5452=DIRECTION('',(0.,0.,1.));
#5453=DIRECTION('',(0.,0.,1.));
#5454=DIRECTION('center_axis',(0.,1.,0.));
#5455=DIRECTION('ref_axis',(-1.,0.,0.));
#5456=DIRECTION('',(-1.,0.,0.));
#5457=DIRECTION('',(-1.,0.,0.));
#5458=DIRECTION('',(0.,0.,1.));
#5459=DIRECTION('',(0.,0.,1.));
#5460=DIRECTION('',(0.,0.,1.));
#5461=DIRECTION('center_axis',(-1.,0.,0.));
#5462=DIRECTION('ref_axis',(0.,-1.,0.));
#5463=DIRECTION('',(0.,-1.,0.));
#5464=DIRECTION('',(0.,-1.,0.));
#5465=DIRECTION('',(0.,0.,1.));
#5466=DIRECTION('',(0.,0.,1.));
#5467=DIRECTION('center_axis',(0.,-1.,0.));
#5468=DIRECTION('ref_axis',(1.,0.,0.));
#5469=DIRECTION('',(1.,0.,0.));
#5470=DIRECTION('',(0.,0.,1.));
#5471=DIRECTION('',(1.,0.,0.));
#5472=DIRECTION('',(0.,0.,1.));
#5473=DIRECTION('',(0.,0.,1.));
#5474=DIRECTION('',(0.,0.,1.));
#5475=DIRECTION('center_axis',(1.,0.,0.));
#5476=DIRECTION('ref_axis',(0.,1.,0.));
#5477=DIRECTION('',(0.,1.,0.));
#5478=DIRECTION('',(0.,1.,0.));
#5479=DIRECTION('',(0.,0.,1.));
#5480=DIRECTION('',(0.,0.,1.));
#5481=DIRECTION('',(0.,0.,1.));
#5482=DIRECTION('center_axis',(0.,1.,0.));
#5483=DIRECTION('ref_axis',(-1.,0.,0.));
#5484=DIRECTION('',(-1.,0.,0.));
#5485=DIRECTION('',(-1.,0.,0.));
#5486=DIRECTION('',(0.,0.,1.));
#5487=DIRECTION('',(0.,0.,1.));
#5488=DIRECTION('',(0.,0.,1.));
#5489=DIRECTION('center_axis',(-1.,0.,0.));
#5490=DIRECTION('ref_axis',(0.,-1.,0.));
#5491=DIRECTION('',(0.,-1.,0.));
#5492=DIRECTION('',(0.,-1.,0.));
#5493=DIRECTION('',(0.,0.,1.));
#5494=DIRECTION('',(0.,0.,1.));
#5495=DIRECTION('center_axis',(0.,-1.,0.));
#5496=DIRECTION('ref_axis',(1.,0.,0.));
#5497=DIRECTION('',(1.,0.,0.));
#5498=DIRECTION('',(0.,0.,1.));
#5499=DIRECTION('',(1.,0.,0.));
#5500=DIRECTION('',(0.,0.,1.));
#5501=DIRECTION('',(0.,0.,1.));
#5502=DIRECTION('',(0.,0.,1.));
#5503=DIRECTION('center_axis',(1.,0.,0.));
#5504=DIRECTION('ref_axis',(0.,1.,0.));
#5505=DIRECTION('',(0.,1.,0.));
#5506=DIRECTION('',(0.,1.,0.));
#5507=DIRECTION('',(0.,0.,1.));
#5508=DIRECTION('',(0.,0.,1.));
#5509=DIRECTION('',(0.,0.,1.));
#5510=DIRECTION('center_axis',(0.,1.,0.));
#5511=DIRECTION('ref_axis',(-1.,0.,0.));
#5512=DIRECTION('',(-1.,0.,0.));
#5513=DIRECTION('',(-1.,0.,0.));
#5514=DIRECTION('',(0.,0.,1.));
#5515=DIRECTION('',(0.,0.,1.));
#5516=DIRECTION('',(0.,0.,1.));
#5517=DIRECTION('center_axis',(-1.,0.,0.));
#5518=DIRECTION('ref_axis',(0.,-1.,0.));
#5519=DIRECTION('',(0.,-1.,0.));
#5520=DIRECTION('',(0.,-1.,0.));
#5521=DIRECTION('',(0.,0.,1.));
#5522=DIRECTION('',(0.,0.,1.));
#5523=DIRECTION('center_axis',(0.,0.,1.));
#5524=DIRECTION('ref_axis',(1.,0.,0.));
#5525=DIRECTION('center_axis',(0.,0.,-1.));
#5526=DIRECTION('ref_axis',(1.,0.,0.));
#5527=DIRECTION('',(0.,0.,-1.));
#5528=DIRECTION('center_axis',(0.,0.,-1.));
#5529=DIRECTION('ref_axis',(1.,0.,0.));
#5530=DIRECTION('center_axis',(0.984808755130993,-0.173642494272985,0.));
#5531=DIRECTION('ref_axis',(0.173642494272985,0.984808755130993,0.));
#5532=DIRECTION('',(0.173642494272985,0.984808755130993,0.));
#5533=DIRECTION('',(0.,0.,1.));
#5534=DIRECTION('',(0.173642494272985,0.984808755130993,0.));
#5535=DIRECTION('',(0.,0.,1.));
#5536=DIRECTION('',(0.,0.,1.));
#5537=DIRECTION('center_axis',(0.173642494272984,0.984808755130993,0.));
#5538=DIRECTION('ref_axis',(-0.984808755130993,0.173642494272984,0.));
#5539=DIRECTION('',(-0.984808755130993,0.173642494272984,0.));
#5540=DIRECTION('',(-0.984808755130993,0.173642494272984,0.));
#5541=DIRECTION('',(0.,0.,1.));
#5542=DIRECTION('',(0.,0.,1.));
#5543=DIRECTION('center_axis',(-0.984808755130993,0.173642494272983,0.));
#5544=DIRECTION('ref_axis',(-0.173642494272983,-0.984808755130993,0.));
#5545=DIRECTION('',(-0.173642494272983,-0.984808755130993,0.));
#5546=DIRECTION('',(-0.173642494272983,-0.984808755130993,0.));
#5547=DIRECTION('',(0.,0.,1.));
#5548=DIRECTION('',(0.,0.,1.));
#5549=DIRECTION('center_axis',(-0.173642494272985,-0.984808755130993,0.));
#5550=DIRECTION('ref_axis',(0.984808755130993,-0.173642494272985,0.));
#5551=DIRECTION('',(0.984808755130993,-0.173642494272985,0.));
#5552=DIRECTION('',(0.984808755130993,-0.173642494272985,0.));
#5553=DIRECTION('',(0.,0.,1.));
#5554=DIRECTION('center_axis',(0.,-1.,0.));
#5555=DIRECTION('ref_axis',(1.,0.,0.));
#5556=DIRECTION('',(1.,0.,0.));
#5557=DIRECTION('',(0.,0.,1.));
#5558=DIRECTION('',(1.,0.,0.));
#5559=DIRECTION('',(0.,0.,1.));
#5560=DIRECTION('',(0.,0.,1.));
#5561=DIRECTION('',(0.,0.,1.));
#5562=DIRECTION('center_axis',(1.,0.,0.));
#5563=DIRECTION('ref_axis',(0.,1.,0.));
#5564=DIRECTION('',(0.,1.,0.));
#5565=DIRECTION('',(0.,1.,0.));
#5566=DIRECTION('',(0.,0.,1.));
#5567=DIRECTION('',(0.,0.,1.));
#5568=DIRECTION('',(0.,0.,1.));
#5569=DIRECTION('center_axis',(0.,1.,0.));
#5570=DIRECTION('ref_axis',(-1.,0.,0.));
#5571=DIRECTION('',(-1.,0.,0.));
#5572=DIRECTION('',(-1.,0.,0.));
#5573=DIRECTION('',(0.,0.,1.));
#5574=DIRECTION('',(0.,0.,1.));
#5575=DIRECTION('',(0.,0.,1.));
#5576=DIRECTION('center_axis',(-1.,0.,0.));
#5577=DIRECTION('ref_axis',(0.,-1.,0.));
#5578=DIRECTION('',(0.,-1.,0.));
#5579=DIRECTION('',(0.,-1.,0.));
#5580=DIRECTION('',(0.,0.,1.));
#5581=DIRECTION('',(0.,0.,1.));
#5582=DIRECTION('center_axis',(0.,-1.,0.));
#5583=DIRECTION('ref_axis',(1.,0.,0.));
#5584=DIRECTION('',(1.,0.,0.));
#5585=DIRECTION('',(0.,0.,1.));
#5586=DIRECTION('',(1.,0.,0.));
#5587=DIRECTION('',(0.,0.,1.));
#5588=DIRECTION('',(0.,0.,1.));
#5589=DIRECTION('',(0.,0.,1.));
#5590=DIRECTION('center_axis',(1.,0.,0.));
#5591=DIRECTION('ref_axis',(0.,1.,0.));
#5592=DIRECTION('',(0.,1.,0.));
#5593=DIRECTION('',(0.,1.,0.));
#5594=DIRECTION('',(0.,0.,1.));
#5595=DIRECTION('',(0.,0.,1.));
#5596=DIRECTION('',(0.,0.,1.));
#5597=DIRECTION('center_axis',(0.,1.,0.));
#5598=DIRECTION('ref_axis',(-1.,0.,0.));
#5599=DIRECTION('',(-1.,0.,0.));
#5600=DIRECTION('',(-1.,0.,0.));
#5601=DIRECTION('',(0.,0.,1.));
#5602=DIRECTION('',(0.,0.,1.));
#5603=DIRECTION('',(0.,0.,1.));
#5604=DIRECTION('center_axis',(-1.,0.,0.));
#5605=DIRECTION('ref_axis',(0.,-1.,0.));
#5606=DIRECTION('',(0.,-1.,0.));
#5607=DIRECTION('',(0.,-1.,0.));
#5608=DIRECTION('',(0.,0.,1.));
#5609=DIRECTION('',(0.,0.,1.));
#5610=DIRECTION('center_axis',(0.,0.,1.));
#5611=DIRECTION('ref_axis',(1.,0.,0.));
#5612=DIRECTION('center_axis',(0.,0.,-1.));
#5613=DIRECTION('ref_axis',(1.,0.,0.));
#5614=DIRECTION('',(0.,0.,-1.));
#5615=DIRECTION('center_axis',(0.,0.,-1.));
#5616=DIRECTION('ref_axis',(1.,0.,0.));
#5617=DIRECTION('center_axis',(0.,-1.,0.));
#5618=DIRECTION('ref_axis',(1.,0.,0.));
#5619=DIRECTION('',(1.,0.,0.));
#5620=DIRECTION('',(0.,0.,1.));
#5621=DIRECTION('',(1.,0.,0.));
#5622=DIRECTION('',(0.,0.,1.));
#5623=DIRECTION('',(0.,0.,1.));
#5624=DIRECTION('',(0.,0.,1.));
#5625=DIRECTION('center_axis',(1.,0.,0.));
#5626=DIRECTION('ref_axis',(0.,1.,0.));
#5627=DIRECTION('',(0.,1.,0.));
#5628=DIRECTION('',(0.,1.,0.));
#5629=DIRECTION('',(0.,0.,1.));
#5630=DIRECTION('',(0.,0.,1.));
#5631=DIRECTION('',(0.,0.,1.));
#5632=DIRECTION('center_axis',(0.,1.,0.));
#5633=DIRECTION('ref_axis',(-1.,0.,0.));
#5634=DIRECTION('',(-1.,0.,0.));
#5635=DIRECTION('',(-1.,0.,0.));
#5636=DIRECTION('',(0.,0.,1.));
#5637=DIRECTION('',(0.,0.,1.));
#5638=DIRECTION('',(0.,0.,1.));
#5639=DIRECTION('center_axis',(-1.,0.,0.));
#5640=DIRECTION('ref_axis',(0.,-1.,0.));
#5641=DIRECTION('',(0.,-1.,0.));
#5642=DIRECTION('',(0.,-1.,0.));
#5643=DIRECTION('',(0.,0.,1.));
#5644=DIRECTION('',(0.,0.,1.));
#5645=DIRECTION('center_axis',(-1.,0.,0.));
#5646=DIRECTION('ref_axis',(0.,-1.,0.));
#5647=DIRECTION('',(0.,-1.,0.));
#5648=DIRECTION('',(0.,0.,1.));
#5649=DIRECTION('',(0.,-1.,0.));
#5650=DIRECTION('',(0.,0.,1.));
#5651=DIRECTION('center_axis',(0.,-1.,0.));
#5652=DIRECTION('ref_axis',(1.,0.,0.));
#5653=DIRECTION('',(1.,0.,0.));
#5654=DIRECTION('',(1.,0.,0.));
#5655=DIRECTION('',(0.,0.,1.));
#5656=DIRECTION('center_axis',(1.,0.,0.));
#5657=DIRECTION('ref_axis',(0.,1.,0.));
#5658=DIRECTION('',(0.,1.,0.));
#5659=DIRECTION('',(0.,1.,0.));
#5660=DIRECTION('',(0.,0.,1.));
#5661=DIRECTION('center_axis',(0.189674491812191,0.981847028388734,0.));
#5662=DIRECTION('ref_axis',(-0.981847028388734,0.189674491812191,0.));
#5663=DIRECTION('',(-0.981847028388734,0.189674491812191,0.));
#5664=DIRECTION('',(-0.981847028388734,0.189674491812191,0.));
#5665=DIRECTION('center_axis',(0.,0.,1.));
#5666=DIRECTION('ref_axis',(1.,0.,0.));
#5667=DIRECTION('center_axis',(0.,0.,-1.));
#5668=DIRECTION('ref_axis',(1.,0.,0.));
#5669=DIRECTION('',(0.,0.,-1.));
#5670=DIRECTION('center_axis',(0.,0.,-1.));
#5671=DIRECTION('ref_axis',(1.,0.,0.));
#5672=DIRECTION('center_axis',(0.,-1.,0.));
#5673=DIRECTION('ref_axis',(1.,0.,0.));
#5674=DIRECTION('',(1.,0.,0.));
#5675=DIRECTION('',(0.,0.,1.));
#5676=DIRECTION('',(1.,0.,0.));
#5677=DIRECTION('',(0.,0.,1.));
#5678=DIRECTION('',(0.,0.,1.));
#5679=DIRECTION('',(0.,0.,1.));
#5680=DIRECTION('center_axis',(1.,0.,0.));
#5681=DIRECTION('ref_axis',(0.,1.,0.));
#5682=DIRECTION('',(0.,1.,0.));
#5683=DIRECTION('',(0.,1.,0.));
#5684=DIRECTION('',(0.,0.,1.));
#5685=DIRECTION('',(0.,0.,1.));
#5686=DIRECTION('',(0.,0.,1.));
#5687=DIRECTION('center_axis',(0.,1.,0.));
#5688=DIRECTION('ref_axis',(-1.,0.,0.));
#5689=DIRECTION('',(-1.,0.,0.));
#5690=DIRECTION('',(-1.,0.,0.));
#5691=DIRECTION('',(0.,0.,1.));
#5692=DIRECTION('',(0.,0.,1.));
#5693=DIRECTION('',(0.,0.,1.));
#5694=DIRECTION('center_axis',(-1.,0.,0.));
#5695=DIRECTION('ref_axis',(0.,-1.,0.));
#5696=DIRECTION('',(0.,-1.,0.));
#5697=DIRECTION('',(0.,-1.,0.));
#5698=DIRECTION('',(0.,0.,1.));
#5699=DIRECTION('',(0.,0.,1.));
#5700=DIRECTION('center_axis',(0.,-1.,0.));
#5701=DIRECTION('ref_axis',(1.,0.,0.));
#5702=DIRECTION('',(1.,0.,0.));
#5703=DIRECTION('',(0.,0.,1.));
#5704=DIRECTION('',(1.,0.,0.));
#5705=DIRECTION('',(0.,0.,1.));
#5706=DIRECTION('',(0.,0.,1.));
#5707=DIRECTION('',(0.,0.,1.));
#5708=DIRECTION('center_axis',(1.,0.,0.));
#5709=DIRECTION('ref_axis',(0.,1.,0.));
#5710=DIRECTION('',(0.,1.,0.));
#5711=DIRECTION('',(0.,1.,0.));
#5712=DIRECTION('',(0.,0.,1.));
#5713=DIRECTION('',(0.,0.,1.));
#5714=DIRECTION('',(0.,0.,1.));
#5715=DIRECTION('center_axis',(0.,1.,0.));
#5716=DIRECTION('ref_axis',(-1.,0.,0.));
#5717=DIRECTION('',(-1.,0.,0.));
#5718=DIRECTION('',(-1.,0.,0.));
#5719=DIRECTION('',(0.,0.,1.));
#5720=DIRECTION('',(0.,0.,1.));
#5721=DIRECTION('',(0.,0.,1.));
#5722=DIRECTION('center_axis',(-1.,0.,0.));
#5723=DIRECTION('ref_axis',(0.,-1.,0.));
#5724=DIRECTION('',(0.,-1.,0.));
#5725=DIRECTION('',(0.,-1.,0.));
#5726=DIRECTION('',(0.,0.,1.));
#5727=DIRECTION('',(0.,0.,1.));
#5728=DIRECTION('center_axis',(0.,-1.,0.));
#5729=DIRECTION('ref_axis',(1.,0.,0.));
#5730=DIRECTION('',(-1.,0.,0.));
#5731=DIRECTION('',(0.,0.,1.));
#5732=DIRECTION('',(1.,0.,0.));
#5733=DIRECTION('',(0.,0.,1.));
#5734=DIRECTION('center_axis',(1.,0.,0.));
#5735=DIRECTION('ref_axis',(0.,1.,0.));
#5736=DIRECTION('',(0.,-1.,0.));
#5737=DIRECTION('',(0.,1.,0.));
#5738=DIRECTION('',(0.,0.,1.));
#5739=DIRECTION('center_axis',(0.,1.,0.));
#5740=DIRECTION('ref_axis',(-1.,0.,0.));
#5741=DIRECTION('',(1.,0.,0.));
#5742=DIRECTION('',(-1.,0.,0.));
#5743=DIRECTION('',(0.,0.,1.));
#5744=DIRECTION('center_axis',(-1.,0.,0.));
#5745=DIRECTION('ref_axis',(0.,-1.,0.));
#5746=DIRECTION('',(0.,1.,0.));
#5747=DIRECTION('',(0.,-1.,0.));
#5748=DIRECTION('',(0.,0.,1.));
#5749=DIRECTION('center_axis',(0.,-1.,0.));
#5750=DIRECTION('ref_axis',(1.,0.,0.));
#5751=DIRECTION('',(-1.,0.,0.));
#5752=DIRECTION('',(1.,0.,0.));
#5753=DIRECTION('',(0.,0.,1.));
#5754=DIRECTION('center_axis',(-1.,0.,0.));
#5755=DIRECTION('ref_axis',(0.,-1.,0.));
#5756=DIRECTION('',(0.,1.,0.));
#5757=DIRECTION('',(0.,-1.,0.));
#5758=DIRECTION('',(0.,0.,1.));
#5759=DIRECTION('center_axis',(0.,1.,0.));
#5760=DIRECTION('ref_axis',(-1.,0.,0.));
#5761=DIRECTION('',(1.,0.,0.));
#5762=DIRECTION('',(-1.,0.,0.));
#5763=DIRECTION('',(0.,0.,1.));
#5764=DIRECTION('center_axis',(0.,0.,1.));
#5765=DIRECTION('ref_axis',(0.0356288246662116,0.999365091872287,0.));
#5766=DIRECTION('center_axis',(0.,0.,1.));
#5767=DIRECTION('ref_axis',(0.0356288246662116,0.999365091872287,0.));
#5768=DIRECTION('center_axis',(0.,0.,1.));
#5769=DIRECTION('ref_axis',(0.0356288246662116,0.999365091872287,0.));
#5770=DIRECTION('',(0.,0.,1.));
#5771=DIRECTION('',(0.,0.,1.));
#5772=DIRECTION('',(0.,0.,1.));
#5773=DIRECTION('center_axis',(1.,-3.99726394329651E-15,0.));
#5774=DIRECTION('ref_axis',(3.99726394329651E-15,1.,0.));
#5775=DIRECTION('',(-3.99726394329651E-15,-1.,0.));
#5776=DIRECTION('',(3.99726394329651E-15,1.,0.));
#5777=DIRECTION('',(0.,0.,1.));
#5778=DIRECTION('',(0.,0.,1.));
#5779=DIRECTION('center_axis',(0.905457446023674,-0.424437054744617,0.));
#5780=DIRECTION('ref_axis',(0.424437054744617,0.905457446023674,0.));
#5781=DIRECTION('',(-0.424437054744617,-0.905457446023674,0.));
#5782=DIRECTION('',(0.424437054744617,0.905457446023674,0.));
#5783=DIRECTION('',(0.,0.,1.));
#5784=DIRECTION('',(0.,0.,1.));
#5785=DIRECTION('center_axis',(0.532172315664497,-0.846636064930078,0.));
#5786=DIRECTION('ref_axis',(0.846636064930078,0.532172315664497,0.));
#5787=DIRECTION('',(-0.846636064930078,-0.532172315664497,0.));
#5788=DIRECTION('',(0.846636064930078,0.532172315664497,0.));
#5789=DIRECTION('',(0.,0.,1.));
#5790=DIRECTION('',(0.,0.,1.));
#5791=DIRECTION('center_axis',(-0.189674491825448,-0.981847028386173,0.));
#5792=DIRECTION('ref_axis',(0.981847028386173,-0.189674491825448,0.));
#5793=DIRECTION('',(-0.981847028386173,0.189674491825448,0.));
#5794=DIRECTION('',(0.981847028386173,-0.189674491825448,0.));
#5795=DIRECTION('',(0.,0.,1.));
#5796=DIRECTION('',(0.,0.,1.));
#5797=DIRECTION('center_axis',(-1.,5.935206699704E-12,0.));
#5798=DIRECTION('ref_axis',(-5.935206699704E-12,-1.,0.));
#5799=DIRECTION('',(5.935206699704E-12,1.,0.));
#5800=DIRECTION('',(-5.935206699704E-12,-1.,0.));
#5801=DIRECTION('',(0.,0.,1.));
#5802=DIRECTION('',(0.,0.,1.));
#5803=DIRECTION('center_axis',(-0.579205992240969,0.815181218228287,0.));
#5804=DIRECTION('ref_axis',(-0.815181218228287,-0.579205992240969,0.));
#5805=DIRECTION('',(0.815181218228287,0.579205992240969,0.));
#5806=DIRECTION('',(-0.815181218228287,-0.579205992240969,0.));
#5807=DIRECTION('',(0.,0.,1.));
#5808=DIRECTION('',(0.,0.,1.));
#5809=DIRECTION('center_axis',(-0.417502699410678,0.90867568250988,0.));
#5810=DIRECTION('ref_axis',(-0.90867568250988,-0.417502699410678,0.));
#5811=DIRECTION('',(0.90867568250988,0.417502699410678,0.));
#5812=DIRECTION('',(-0.90867568250988,-0.417502699410678,0.));
#5813=DIRECTION('',(0.,0.,1.));
#5814=DIRECTION('',(0.,0.,1.));
#5815=DIRECTION('center_axis',(9.42224730385305E-12,1.,0.));
#5816=DIRECTION('ref_axis',(-1.,9.42224730385305E-12,0.));
#5817=DIRECTION('',(1.,-9.42224730385305E-12,0.));
#5818=DIRECTION('',(-1.,9.42224730385305E-12,0.));
#5819=DIRECTION('',(0.,0.,1.));
#5820=DIRECTION('',(0.,0.,1.));
#5821=DIRECTION('center_axis',(0.514510014333251,0.857484370207876,0.));
#5822=DIRECTION('ref_axis',(-0.857484370207876,0.51451001433325,0.));
#5823=DIRECTION('',(0.857484370207876,-0.51451001433325,0.));
#5824=DIRECTION('',(-0.857484370207876,0.51451001433325,0.));
#5825=DIRECTION('',(0.,0.,1.));
#5826=DIRECTION('center_axis',(0.,1.,0.));
#5827=DIRECTION('ref_axis',(-1.,0.,0.));
#5828=DIRECTION('',(1.,0.,0.));
#5829=DIRECTION('',(-1.,0.,0.));
#5830=DIRECTION('',(0.,0.,1.));
#5831=DIRECTION('center_axis',(1.,0.,0.));
#5832=DIRECTION('ref_axis',(0.,1.,0.));
#5833=DIRECTION('',(0.,1.,0.));
#5834=DIRECTION('',(0.,1.,0.));
#5835=DIRECTION('center_axis',(0.,0.,1.));
#5836=DIRECTION('ref_axis',(1.,0.,0.));
#5837=DIRECTION('center_axis',(0.,0.,1.));
#5838=DIRECTION('ref_axis',(1.,0.,0.));
#5839=CARTESIAN_POINT('',(0.,0.,0.));
#5840=CARTESIAN_POINT('Origin',(44.2394,83.872767852242,0.));
#5841=CARTESIAN_POINT('',(42.9894,83.872767852242,1.6));
#5842=CARTESIAN_POINT('Origin',(44.2394,83.872767852242,1.6));
#5843=CARTESIAN_POINT('',(42.9894,83.872767852242,0.));
#5844=CARTESIAN_POINT('',(42.9894,83.872767852242,0.));
#5845=CARTESIAN_POINT('Origin',(44.2394,83.872767852242,0.));
#5846=CARTESIAN_POINT('Origin',(113.7,146.707167852242,0.));
#5847=CARTESIAN_POINT('',(112.45,146.707167852242,1.6));
#5848=CARTESIAN_POINT('Origin',(113.7,146.707167852242,1.6));
#5849=CARTESIAN_POINT('',(112.45,146.707167852242,0.));
#5850=CARTESIAN_POINT('',(112.45,146.707167852242,0.));
#5851=CARTESIAN_POINT('Origin',(113.7,146.707167852242,0.));
#5852=CARTESIAN_POINT('Origin',(37.5327,140.8038,0.));
#5853=CARTESIAN_POINT('',(36.2827,140.8038,1.6));
#5854=CARTESIAN_POINT('Origin',(37.5327,140.8038,1.6));
#5855=CARTESIAN_POINT('',(36.2827,140.8038,0.));
#5856=CARTESIAN_POINT('',(36.2827,140.8038,0.));
#5857=CARTESIAN_POINT('Origin',(37.5327,140.8038,0.));
#5858=CARTESIAN_POINT('Origin',(96.0457,75.0954,0.));
#5859=CARTESIAN_POINT('',(96.0457,75.0954,0.));
#5860=CARTESIAN_POINT('',(100.4578,87.2175,0.));
#5861=CARTESIAN_POINT('',(96.0457,75.0954,0.));
#5862=CARTESIAN_POINT('',(100.4578,87.2175,1.6));
#5863=CARTESIAN_POINT('',(100.4578,87.2175,0.));
#5864=CARTESIAN_POINT('',(96.0457,75.0954,1.6));
#5865=CARTESIAN_POINT('',(96.0457,75.0954,1.6));
#5866=CARTESIAN_POINT('',(96.0457,75.0954,0.));
#5867=CARTESIAN_POINT('Ctrl Pts',(96.3445,74.4546,0.));
#5868=CARTESIAN_POINT('Ctrl Pts',(96.3445,74.4546,1.6));
#5869=CARTESIAN_POINT('Ctrl Pts',(96.085056,74.549061,0.));
#5870=CARTESIAN_POINT('Ctrl Pts',(96.085056,74.549061,1.6));
#5871=CARTESIAN_POINT('Ctrl Pts',(95.951287,74.835938,0.));
#5872=CARTESIAN_POINT('Ctrl Pts',(95.951287,74.835938,1.6));
#5873=CARTESIAN_POINT('Ctrl Pts',(96.0457,75.0954,0.));
#5874=CARTESIAN_POINT('Ctrl Pts',(96.0457,75.0954,1.6));
#5875=CARTESIAN_POINT('',(96.3445,74.4546,0.));
#5876=CARTESIAN_POINT('Ctrl Pts',(96.3445,74.4546,0.));
#5877=CARTESIAN_POINT('Ctrl Pts',(96.085056,74.549061,0.));
#5878=CARTESIAN_POINT('Ctrl Pts',(95.951287,74.835938,0.));
#5879=CARTESIAN_POINT('Ctrl Pts',(96.0457,75.0954,0.));
#5880=CARTESIAN_POINT('',(96.3445,74.4546,1.6));
#5881=CARTESIAN_POINT('Ctrl Pts',(96.3445,74.4546,1.6));
#5882=CARTESIAN_POINT('Ctrl Pts',(96.085056,74.549061,1.6));
#5883=CARTESIAN_POINT('Ctrl Pts',(95.951287,74.835938,1.6));
#5884=CARTESIAN_POINT('Ctrl Pts',(96.0457,75.0954,1.6));
#5885=CARTESIAN_POINT('',(96.3445,74.4546,0.));
#5886=CARTESIAN_POINT('Origin',(108.4666,70.0425,0.));
#5887=CARTESIAN_POINT('',(108.4666,70.0425,0.));
#5888=CARTESIAN_POINT('',(108.4666,70.0425,0.));
#5889=CARTESIAN_POINT('',(108.4666,70.0425,1.6));
#5890=CARTESIAN_POINT('',(108.4666,70.0425,1.6));
#5891=CARTESIAN_POINT('',(108.4666,70.0425,0.));
#5892=CARTESIAN_POINT('Ctrl Pts',(109.1074,70.3413,0.));
#5893=CARTESIAN_POINT('Ctrl Pts',(109.1074,70.3413,1.6));
#5894=CARTESIAN_POINT('Ctrl Pts',(109.012939,70.081856,0.));
#5895=CARTESIAN_POINT('Ctrl Pts',(109.012939,70.081856,1.6));
#5896=CARTESIAN_POINT('Ctrl Pts',(108.726062,69.948087,0.));
#5897=CARTESIAN_POINT('Ctrl Pts',(108.726062,69.948087,1.6));
#5898=CARTESIAN_POINT('Ctrl Pts',(108.4666,70.0425,0.));
#5899=CARTESIAN_POINT('Ctrl Pts',(108.4666,70.0425,1.6));
#5900=CARTESIAN_POINT('',(109.1074,70.3413,0.));
#5901=CARTESIAN_POINT('Ctrl Pts',(109.1074,70.3413,0.));
#5902=CARTESIAN_POINT('Ctrl Pts',(109.012939,70.081856,0.));
#5903=CARTESIAN_POINT('Ctrl Pts',(108.726062,69.948087,0.));
#5904=CARTESIAN_POINT('Ctrl Pts',(108.4666,70.0425,0.));
#5905=CARTESIAN_POINT('',(109.1074,70.3413,1.6));
#5906=CARTESIAN_POINT('Ctrl Pts',(109.1074,70.3413,1.6));
#5907=CARTESIAN_POINT('Ctrl Pts',(109.012939,70.081856,1.6));
#5908=CARTESIAN_POINT('Ctrl Pts',(108.726062,69.948087,1.6));
#5909=CARTESIAN_POINT('Ctrl Pts',(108.4666,70.0425,1.6));
#5910=CARTESIAN_POINT('',(109.1074,70.3413,0.));
#5911=CARTESIAN_POINT('Origin',(113.5195,82.4634,0.));
#5912=CARTESIAN_POINT('',(113.5195,82.4634,0.));
#5913=CARTESIAN_POINT('',(113.5195,82.4634,0.));
#5914=CARTESIAN_POINT('',(113.5195,82.4634,1.6));
#5915=CARTESIAN_POINT('',(113.5195,82.4634,1.6));
#5916=CARTESIAN_POINT('',(113.5195,82.4634,0.));
#5917=CARTESIAN_POINT('Ctrl Pts',(113.2207,83.1042,0.));
#5918=CARTESIAN_POINT('Ctrl Pts',(113.2207,83.1042,1.6));
#5919=CARTESIAN_POINT('Ctrl Pts',(113.480144,83.009739,0.));
#5920=CARTESIAN_POINT('Ctrl Pts',(113.480144,83.009739,1.6));
#5921=CARTESIAN_POINT('Ctrl Pts',(113.613913,82.722862,0.));
#5922=CARTESIAN_POINT('Ctrl Pts',(113.613913,82.722862,1.6));
#5923=CARTESIAN_POINT('Ctrl Pts',(113.5195,82.4634,0.));
#5924=CARTESIAN_POINT('Ctrl Pts',(113.5195,82.4634,1.6));
#5925=CARTESIAN_POINT('',(113.2207,83.1042,0.));
#5926=CARTESIAN_POINT('Ctrl Pts',(113.2207,83.1042,0.));
#5927=CARTESIAN_POINT('Ctrl Pts',(113.480144,83.009739,0.));
#5928=CARTESIAN_POINT('Ctrl Pts',(113.613913,82.722862,0.));
#5929=CARTESIAN_POINT('Ctrl Pts',(113.5195,82.4634,0.));
#5930=CARTESIAN_POINT('',(113.2207,83.1042,1.6));
#5931=CARTESIAN_POINT('Ctrl Pts',(113.2207,83.1042,1.6));
#5932=CARTESIAN_POINT('Ctrl Pts',(113.480144,83.009739,1.6));
#5933=CARTESIAN_POINT('Ctrl Pts',(113.613913,82.722862,1.6));
#5934=CARTESIAN_POINT('Ctrl Pts',(113.5195,82.4634,1.6));
#5935=CARTESIAN_POINT('',(113.2207,83.1042,0.));
#5936=CARTESIAN_POINT('Origin',(101.0986,87.5163,0.));
#5937=CARTESIAN_POINT('',(101.0986,87.5163,0.));
#5938=CARTESIAN_POINT('',(101.0986,87.5163,0.));
#5939=CARTESIAN_POINT('',(101.0986,87.5163,1.6));
#5940=CARTESIAN_POINT('',(101.0986,87.5163,1.6));
#5941=CARTESIAN_POINT('',(101.0986,87.5163,0.));
#5942=CARTESIAN_POINT('Ctrl Pts',(100.4578,87.2175,0.));
#5943=CARTESIAN_POINT('Ctrl Pts',(100.4578,87.2175,1.6));
#5944=CARTESIAN_POINT('Ctrl Pts',(100.552261,87.476944,0.));
#5945=CARTESIAN_POINT('Ctrl Pts',(100.552261,87.476944,1.6));
#5946=CARTESIAN_POINT('Ctrl Pts',(100.839138,87.610713,0.));
#5947=CARTESIAN_POINT('Ctrl Pts',(100.839138,87.610713,1.6));
#5948=CARTESIAN_POINT('Ctrl Pts',(101.0986,87.5163,0.));
#5949=CARTESIAN_POINT('Ctrl Pts',(101.0986,87.5163,1.6));
#5950=CARTESIAN_POINT('Ctrl Pts',(100.4578,87.2175,0.));
#5951=CARTESIAN_POINT('Ctrl Pts',(100.552261,87.476944,0.));
#5952=CARTESIAN_POINT('Ctrl Pts',(100.839138,87.610713,0.));
#5953=CARTESIAN_POINT('Ctrl Pts',(101.0986,87.5163,0.));
#5954=CARTESIAN_POINT('Ctrl Pts',(100.4578,87.2175,1.6));
#5955=CARTESIAN_POINT('Ctrl Pts',(100.552261,87.476944,1.6));
#5956=CARTESIAN_POINT('Ctrl Pts',(100.839138,87.610713,1.6));
#5957=CARTESIAN_POINT('Ctrl Pts',(101.0986,87.5163,1.6));
#5958=CARTESIAN_POINT('Origin',(62.2644,122.3478,0.));
#5959=CARTESIAN_POINT('',(62.2644,122.3478,0.));
#5960=CARTESIAN_POINT('',(75.1644,122.3478,0.));
#5961=CARTESIAN_POINT('',(62.2644,122.3478,0.));
#5962=CARTESIAN_POINT('',(75.1644,122.3478,1.6));
#5963=CARTESIAN_POINT('',(75.1644,122.3478,0.));
#5964=CARTESIAN_POINT('',(62.2644,122.3478,1.6));
#5965=CARTESIAN_POINT('',(62.2644,122.3478,1.6));
#5966=CARTESIAN_POINT('',(62.2644,122.3478,0.));
#5967=CARTESIAN_POINT('Ctrl Pts',(61.910847,122.201353,0.));
#5968=CARTESIAN_POINT('Ctrl Pts',(61.910847,122.201353,1.6));
#5969=CARTESIAN_POINT('Ctrl Pts',(62.004615,122.295122,0.));
#5970=CARTESIAN_POINT('Ctrl Pts',(62.004615,122.295122,1.6));
#5971=CARTESIAN_POINT('Ctrl Pts',(62.131792,122.3478,0.));
#5972=CARTESIAN_POINT('Ctrl Pts',(62.131792,122.3478,1.6));
#5973=CARTESIAN_POINT('Ctrl Pts',(62.2644,122.3478,0.));
#5974=CARTESIAN_POINT('Ctrl Pts',(62.2644,122.3478,1.6));
#5975=CARTESIAN_POINT('',(61.910847,122.201353,0.));
#5976=CARTESIAN_POINT('Ctrl Pts',(61.910847,122.201353,0.));
#5977=CARTESIAN_POINT('Ctrl Pts',(62.004615,122.295122,0.));
#5978=CARTESIAN_POINT('Ctrl Pts',(62.131792,122.3478,0.));
#5979=CARTESIAN_POINT('Ctrl Pts',(62.2644,122.3478,0.));
#5980=CARTESIAN_POINT('',(61.910847,122.201353,1.6));
#5981=CARTESIAN_POINT('Ctrl Pts',(61.910847,122.201353,1.6));
#5982=CARTESIAN_POINT('Ctrl Pts',(62.004615,122.295122,1.6));
#5983=CARTESIAN_POINT('Ctrl Pts',(62.131792,122.3478,1.6));
#5984=CARTESIAN_POINT('Ctrl Pts',(62.2644,122.3478,1.6));
#5985=CARTESIAN_POINT('',(61.910847,122.201353,0.));
#5986=CARTESIAN_POINT('Ctrl Pts',(61.7644,121.8478,0.));
#5987=CARTESIAN_POINT('Ctrl Pts',(61.7644,121.8478,1.6));
#5988=CARTESIAN_POINT('Ctrl Pts',(61.7644,121.980408,0.));
#5989=CARTESIAN_POINT('Ctrl Pts',(61.7644,121.980408,1.6));
#5990=CARTESIAN_POINT('Ctrl Pts',(61.817078,122.107585,0.));
#5991=CARTESIAN_POINT('Ctrl Pts',(61.817078,122.107585,1.6));
#5992=CARTESIAN_POINT('Ctrl Pts',(61.910847,122.201353,0.));
#5993=CARTESIAN_POINT('Ctrl Pts',(61.910847,122.201353,1.6));
#5994=CARTESIAN_POINT('',(61.7644,121.8478,0.));
#5995=CARTESIAN_POINT('Ctrl Pts',(61.7644,121.8478,0.));
#5996=CARTESIAN_POINT('Ctrl Pts',(61.7644,121.980408,0.));
#5997=CARTESIAN_POINT('Ctrl Pts',(61.817078,122.107585,0.));
#5998=CARTESIAN_POINT('Ctrl Pts',(61.910847,122.201353,0.));
#5999=CARTESIAN_POINT('',(61.7644,121.8478,1.6));
#6000=CARTESIAN_POINT('Ctrl Pts',(61.7644,121.8478,1.6));
#6001=CARTESIAN_POINT('Ctrl Pts',(61.7644,121.980408,1.6));
#6002=CARTESIAN_POINT('Ctrl Pts',(61.817078,122.107585,1.6));
#6003=CARTESIAN_POINT('Ctrl Pts',(61.910847,122.201353,1.6));
#6004=CARTESIAN_POINT('',(61.7644,121.8478,0.));
#6005=CARTESIAN_POINT('Origin',(61.7644,108.9478,0.));
#6006=CARTESIAN_POINT('',(61.7644,108.9478,0.));
#6007=CARTESIAN_POINT('',(61.7644,108.9478,0.));
#6008=CARTESIAN_POINT('',(61.7644,108.9478,1.6));
#6009=CARTESIAN_POINT('',(61.7644,108.9478,1.6));
#6010=CARTESIAN_POINT('',(61.7644,108.9478,0.));
#6011=CARTESIAN_POINT('Ctrl Pts',(61.910847,108.594247,0.));
#6012=CARTESIAN_POINT('Ctrl Pts',(61.910847,108.594247,1.6));
#6013=CARTESIAN_POINT('Ctrl Pts',(61.817078,108.688015,0.));
#6014=CARTESIAN_POINT('Ctrl Pts',(61.817078,108.688015,1.6));
#6015=CARTESIAN_POINT('Ctrl Pts',(61.7644,108.815192,0.));
#6016=CARTESIAN_POINT('Ctrl Pts',(61.7644,108.815192,1.6));
#6017=CARTESIAN_POINT('Ctrl Pts',(61.7644,108.9478,0.));
#6018=CARTESIAN_POINT('Ctrl Pts',(61.7644,108.9478,1.6));
#6019=CARTESIAN_POINT('',(61.910847,108.594247,0.));
#6020=CARTESIAN_POINT('Ctrl Pts',(61.910847,108.594247,0.));
#6021=CARTESIAN_POINT('Ctrl Pts',(61.817078,108.688015,0.));
#6022=CARTESIAN_POINT('Ctrl Pts',(61.7644,108.815192,0.));
#6023=CARTESIAN_POINT('Ctrl Pts',(61.7644,108.9478,0.));
#6024=CARTESIAN_POINT('',(61.910847,108.594247,1.6));
#6025=CARTESIAN_POINT('Ctrl Pts',(61.910847,108.594247,1.6));
#6026=CARTESIAN_POINT('Ctrl Pts',(61.817078,108.688015,1.6));
#6027=CARTESIAN_POINT('Ctrl Pts',(61.7644,108.815192,1.6));
#6028=CARTESIAN_POINT('Ctrl Pts',(61.7644,108.9478,1.6));
#6029=CARTESIAN_POINT('',(61.910847,108.594247,0.));
#6030=CARTESIAN_POINT('Ctrl Pts',(62.2644,108.4478,0.));
#6031=CARTESIAN_POINT('Ctrl Pts',(62.2644,108.4478,1.6));
#6032=CARTESIAN_POINT('Ctrl Pts',(62.131792,108.4478,0.));
#6033=CARTESIAN_POINT('Ctrl Pts',(62.131792,108.4478,1.6));
#6034=CARTESIAN_POINT('Ctrl Pts',(62.004615,108.500478,0.));
#6035=CARTESIAN_POINT('Ctrl Pts',(62.004615,108.500478,1.6));
#6036=CARTESIAN_POINT('Ctrl Pts',(61.910847,108.594247,0.));
#6037=CARTESIAN_POINT('Ctrl Pts',(61.910847,108.594247,1.6));
#6038=CARTESIAN_POINT('',(62.2644,108.4478,0.));
#6039=CARTESIAN_POINT('Ctrl Pts',(62.2644,108.4478,0.));
#6040=CARTESIAN_POINT('Ctrl Pts',(62.131792,108.4478,0.));
#6041=CARTESIAN_POINT('Ctrl Pts',(62.004615,108.500478,0.));
#6042=CARTESIAN_POINT('Ctrl Pts',(61.910847,108.594247,0.));
#6043=CARTESIAN_POINT('',(62.2644,108.4478,1.6));
#6044=CARTESIAN_POINT('Ctrl Pts',(62.2644,108.4478,1.6));
#6045=CARTESIAN_POINT('Ctrl Pts',(62.131792,108.4478,1.6));
#6046=CARTESIAN_POINT('Ctrl Pts',(62.004615,108.500478,1.6));
#6047=CARTESIAN_POINT('Ctrl Pts',(61.910847,108.594247,1.6));
#6048=CARTESIAN_POINT('',(62.2644,108.4478,0.));
#6049=CARTESIAN_POINT('Origin',(75.1644,108.4478,0.));
#6050=CARTESIAN_POINT('',(75.1644,108.4478,0.));
#6051=CARTESIAN_POINT('',(75.1644,108.4478,0.));
#6052=CARTESIAN_POINT('',(75.1644,108.4478,1.6));
#6053=CARTESIAN_POINT('',(75.1644,108.4478,1.6));
#6054=CARTESIAN_POINT('',(75.1644,108.4478,0.));
#6055=CARTESIAN_POINT('Ctrl Pts',(75.517953,108.594247,0.));
#6056=CARTESIAN_POINT('Ctrl Pts',(75.517953,108.594247,1.6));
#6057=CARTESIAN_POINT('Ctrl Pts',(75.424185,108.500478,0.));
#6058=CARTESIAN_POINT('Ctrl Pts',(75.424185,108.500478,1.6));
#6059=CARTESIAN_POINT('Ctrl Pts',(75.297008,108.4478,0.));
#6060=CARTESIAN_POINT('Ctrl Pts',(75.297008,108.4478,1.6));
#6061=CARTESIAN_POINT('Ctrl Pts',(75.1644,108.4478,0.));
#6062=CARTESIAN_POINT('Ctrl Pts',(75.1644,108.4478,1.6));
#6063=CARTESIAN_POINT('',(75.517953,108.594247,0.));
#6064=CARTESIAN_POINT('Ctrl Pts',(75.517953,108.594247,0.));
#6065=CARTESIAN_POINT('Ctrl Pts',(75.424185,108.500478,0.));
#6066=CARTESIAN_POINT('Ctrl Pts',(75.297008,108.4478,0.));
#6067=CARTESIAN_POINT('Ctrl Pts',(75.1644,108.4478,0.));
#6068=CARTESIAN_POINT('',(75.517953,108.594247,1.6));
#6069=CARTESIAN_POINT('Ctrl Pts',(75.517953,108.594247,1.6));
#6070=CARTESIAN_POINT('Ctrl Pts',(75.424185,108.500478,1.6));
#6071=CARTESIAN_POINT('Ctrl Pts',(75.297008,108.4478,1.6));
#6072=CARTESIAN_POINT('Ctrl Pts',(75.1644,108.4478,1.6));
#6073=CARTESIAN_POINT('',(75.517953,108.594247,0.));
#6074=CARTESIAN_POINT('Ctrl Pts',(75.6644,108.9478,0.));
#6075=CARTESIAN_POINT('Ctrl Pts',(75.6644,108.9478,1.6));
#6076=CARTESIAN_POINT('Ctrl Pts',(75.6644,108.815192,0.));
#6077=CARTESIAN_POINT('Ctrl Pts',(75.6644,108.815192,1.6));
#6078=CARTESIAN_POINT('Ctrl Pts',(75.611722,108.688015,0.));
#6079=CARTESIAN_POINT('Ctrl Pts',(75.611722,108.688015,1.6));
#6080=CARTESIAN_POINT('Ctrl Pts',(75.517953,108.594247,0.));
#6081=CARTESIAN_POINT('Ctrl Pts',(75.517953,108.594247,1.6));
#6082=CARTESIAN_POINT('',(75.6644,108.9478,0.));
#6083=CARTESIAN_POINT('Ctrl Pts',(75.6644,108.9478,0.));
#6084=CARTESIAN_POINT('Ctrl Pts',(75.6644,108.815192,0.));
#6085=CARTESIAN_POINT('Ctrl Pts',(75.611722,108.688015,0.));
#6086=CARTESIAN_POINT('Ctrl Pts',(75.517953,108.594247,0.));
#6087=CARTESIAN_POINT('',(75.6644,108.9478,1.6));
#6088=CARTESIAN_POINT('Ctrl Pts',(75.6644,108.9478,1.6));
#6089=CARTESIAN_POINT('Ctrl Pts',(75.6644,108.815192,1.6));
#6090=CARTESIAN_POINT('Ctrl Pts',(75.611722,108.688015,1.6));
#6091=CARTESIAN_POINT('Ctrl Pts',(75.517953,108.594247,1.6));
#6092=CARTESIAN_POINT('',(75.6644,108.9478,0.));
#6093=CARTESIAN_POINT('Origin',(75.6644,121.8478,0.));
#6094=CARTESIAN_POINT('',(75.6644,121.8478,0.));
#6095=CARTESIAN_POINT('',(75.6644,121.8478,0.));
#6096=CARTESIAN_POINT('',(75.6644,121.8478,1.6));
#6097=CARTESIAN_POINT('',(75.6644,121.8478,1.6));
#6098=CARTESIAN_POINT('',(75.6644,121.8478,0.));
#6099=CARTESIAN_POINT('Ctrl Pts',(75.517953,122.201353,0.));
#6100=CARTESIAN_POINT('Ctrl Pts',(75.517953,122.201353,1.6));
#6101=CARTESIAN_POINT('Ctrl Pts',(75.611722,122.107585,0.));
#6102=CARTESIAN_POINT('Ctrl Pts',(75.611722,122.107585,1.6));
#6103=CARTESIAN_POINT('Ctrl Pts',(75.6644,121.980408,0.));
#6104=CARTESIAN_POINT('Ctrl Pts',(75.6644,121.980408,1.6));
#6105=CARTESIAN_POINT('Ctrl Pts',(75.6644,121.8478,0.));
#6106=CARTESIAN_POINT('Ctrl Pts',(75.6644,121.8478,1.6));
#6107=CARTESIAN_POINT('',(75.517953,122.201353,0.));
#6108=CARTESIAN_POINT('Ctrl Pts',(75.517953,122.201353,0.));
#6109=CARTESIAN_POINT('Ctrl Pts',(75.611722,122.107585,0.));
#6110=CARTESIAN_POINT('Ctrl Pts',(75.6644,121.980408,0.));
#6111=CARTESIAN_POINT('Ctrl Pts',(75.6644,121.8478,0.));
#6112=CARTESIAN_POINT('',(75.517953,122.201353,1.6));
#6113=CARTESIAN_POINT('Ctrl Pts',(75.517953,122.201353,1.6));
#6114=CARTESIAN_POINT('Ctrl Pts',(75.611722,122.107585,1.6));
#6115=CARTESIAN_POINT('Ctrl Pts',(75.6644,121.980408,1.6));
#6116=CARTESIAN_POINT('Ctrl Pts',(75.6644,121.8478,1.6));
#6117=CARTESIAN_POINT('',(75.517953,122.201353,0.));
#6118=CARTESIAN_POINT('Ctrl Pts',(75.1644,122.3478,0.));
#6119=CARTESIAN_POINT('Ctrl Pts',(75.1644,122.3478,1.6));
#6120=CARTESIAN_POINT('Ctrl Pts',(75.297008,122.3478,0.));
#6121=CARTESIAN_POINT('Ctrl Pts',(75.297008,122.3478,1.6));
#6122=CARTESIAN_POINT('Ctrl Pts',(75.424185,122.295122,0.));
#6123=CARTESIAN_POINT('Ctrl Pts',(75.424185,122.295122,1.6));
#6124=CARTESIAN_POINT('Ctrl Pts',(75.517953,122.201353,0.));
#6125=CARTESIAN_POINT('Ctrl Pts',(75.517953,122.201353,1.6));
#6126=CARTESIAN_POINT('Ctrl Pts',(75.1644,122.3478,0.));
#6127=CARTESIAN_POINT('Ctrl Pts',(75.297008,122.3478,0.));
#6128=CARTESIAN_POINT('Ctrl Pts',(75.424185,122.295122,0.));
#6129=CARTESIAN_POINT('Ctrl Pts',(75.517953,122.201353,0.));
#6130=CARTESIAN_POINT('Ctrl Pts',(75.1644,122.3478,1.6));
#6131=CARTESIAN_POINT('Ctrl Pts',(75.297008,122.3478,1.6));
#6132=CARTESIAN_POINT('Ctrl Pts',(75.424185,122.295122,1.6));
#6133=CARTESIAN_POINT('Ctrl Pts',(75.517953,122.201353,1.6));
#6134=CARTESIAN_POINT('Origin',(80.2644,132.8478,0.));
#6135=CARTESIAN_POINT('',(80.2644,132.8478,0.));
#6136=CARTESIAN_POINT('',(93.1644,132.8478,0.));
#6137=CARTESIAN_POINT('',(80.2644,132.8478,0.));
#6138=CARTESIAN_POINT('',(93.1644,132.8478,1.6));
#6139=CARTESIAN_POINT('',(93.1644,132.8478,0.));
#6140=CARTESIAN_POINT('',(80.2644,132.8478,1.6));
#6141=CARTESIAN_POINT('',(80.2644,132.8478,1.6));
#6142=CARTESIAN_POINT('',(80.2644,132.8478,0.));
#6143=CARTESIAN_POINT('Ctrl Pts',(79.910847,132.701353,0.));
#6144=CARTESIAN_POINT('Ctrl Pts',(79.910847,132.701353,1.6));
#6145=CARTESIAN_POINT('Ctrl Pts',(80.004615,132.795122,0.));
#6146=CARTESIAN_POINT('Ctrl Pts',(80.004615,132.795122,1.6));
#6147=CARTESIAN_POINT('Ctrl Pts',(80.131792,132.8478,0.));
#6148=CARTESIAN_POINT('Ctrl Pts',(80.131792,132.8478,1.6));
#6149=CARTESIAN_POINT('Ctrl Pts',(80.2644,132.8478,0.));
#6150=CARTESIAN_POINT('Ctrl Pts',(80.2644,132.8478,1.6));
#6151=CARTESIAN_POINT('',(79.910847,132.701353,0.));
#6152=CARTESIAN_POINT('Ctrl Pts',(79.910847,132.701353,0.));
#6153=CARTESIAN_POINT('Ctrl Pts',(80.004615,132.795122,0.));
#6154=CARTESIAN_POINT('Ctrl Pts',(80.131792,132.8478,0.));
#6155=CARTESIAN_POINT('Ctrl Pts',(80.2644,132.8478,0.));
#6156=CARTESIAN_POINT('',(79.910847,132.701353,1.6));
#6157=CARTESIAN_POINT('Ctrl Pts',(79.910847,132.701353,1.6));
#6158=CARTESIAN_POINT('Ctrl Pts',(80.004615,132.795122,1.6));
#6159=CARTESIAN_POINT('Ctrl Pts',(80.131792,132.8478,1.6));
#6160=CARTESIAN_POINT('Ctrl Pts',(80.2644,132.8478,1.6));
#6161=CARTESIAN_POINT('',(79.910847,132.701353,0.));
#6162=CARTESIAN_POINT('Ctrl Pts',(79.7644,132.3478,0.));
#6163=CARTESIAN_POINT('Ctrl Pts',(79.7644,132.3478,1.6));
#6164=CARTESIAN_POINT('Ctrl Pts',(79.7644,132.480408,0.));
#6165=CARTESIAN_POINT('Ctrl Pts',(79.7644,132.480408,1.6));
#6166=CARTESIAN_POINT('Ctrl Pts',(79.817078,132.607585,0.));
#6167=CARTESIAN_POINT('Ctrl Pts',(79.817078,132.607585,1.6));
#6168=CARTESIAN_POINT('Ctrl Pts',(79.910847,132.701353,0.));
#6169=CARTESIAN_POINT('Ctrl Pts',(79.910847,132.701353,1.6));
#6170=CARTESIAN_POINT('',(79.7644,132.3478,0.));
#6171=CARTESIAN_POINT('Ctrl Pts',(79.7644,132.3478,0.));
#6172=CARTESIAN_POINT('Ctrl Pts',(79.7644,132.480408,0.));
#6173=CARTESIAN_POINT('Ctrl Pts',(79.817078,132.607585,0.));
#6174=CARTESIAN_POINT('Ctrl Pts',(79.910847,132.701353,0.));
#6175=CARTESIAN_POINT('',(79.7644,132.3478,1.6));
#6176=CARTESIAN_POINT('Ctrl Pts',(79.7644,132.3478,1.6));
#6177=CARTESIAN_POINT('Ctrl Pts',(79.7644,132.480408,1.6));
#6178=CARTESIAN_POINT('Ctrl Pts',(79.817078,132.607585,1.6));
#6179=CARTESIAN_POINT('Ctrl Pts',(79.910847,132.701353,1.6));
#6180=CARTESIAN_POINT('',(79.7644,132.3478,0.));
#6181=CARTESIAN_POINT('Origin',(79.7644,119.4478,0.));
#6182=CARTESIAN_POINT('',(79.7644,119.4478,0.));
#6183=CARTESIAN_POINT('',(79.7644,119.4478,0.));
#6184=CARTESIAN_POINT('',(79.7644,119.4478,1.6));
#6185=CARTESIAN_POINT('',(79.7644,119.4478,1.6));
#6186=CARTESIAN_POINT('',(79.7644,119.4478,0.));
#6187=CARTESIAN_POINT('Ctrl Pts',(79.910847,119.094247,0.));
#6188=CARTESIAN_POINT('Ctrl Pts',(79.910847,119.094247,1.6));
#6189=CARTESIAN_POINT('Ctrl Pts',(79.817078,119.188015,0.));
#6190=CARTESIAN_POINT('Ctrl Pts',(79.817078,119.188015,1.6));
#6191=CARTESIAN_POINT('Ctrl Pts',(79.7644,119.315192,0.));
#6192=CARTESIAN_POINT('Ctrl Pts',(79.7644,119.315192,1.6));
#6193=CARTESIAN_POINT('Ctrl Pts',(79.7644,119.4478,0.));
#6194=CARTESIAN_POINT('Ctrl Pts',(79.7644,119.4478,1.6));
#6195=CARTESIAN_POINT('',(79.910847,119.094247,0.));
#6196=CARTESIAN_POINT('Ctrl Pts',(79.910847,119.094247,0.));
#6197=CARTESIAN_POINT('Ctrl Pts',(79.817078,119.188015,0.));
#6198=CARTESIAN_POINT('Ctrl Pts',(79.7644,119.315192,0.));
#6199=CARTESIAN_POINT('Ctrl Pts',(79.7644,119.4478,0.));
#6200=CARTESIAN_POINT('',(79.910847,119.094247,1.6));
#6201=CARTESIAN_POINT('Ctrl Pts',(79.910847,119.094247,1.6));
#6202=CARTESIAN_POINT('Ctrl Pts',(79.817078,119.188015,1.6));
#6203=CARTESIAN_POINT('Ctrl Pts',(79.7644,119.315192,1.6));
#6204=CARTESIAN_POINT('Ctrl Pts',(79.7644,119.4478,1.6));
#6205=CARTESIAN_POINT('',(79.910847,119.094247,0.));
#6206=CARTESIAN_POINT('Ctrl Pts',(80.2644,118.9478,0.));
#6207=CARTESIAN_POINT('Ctrl Pts',(80.2644,118.9478,1.6));
#6208=CARTESIAN_POINT('Ctrl Pts',(80.131792,118.9478,0.));
#6209=CARTESIAN_POINT('Ctrl Pts',(80.131792,118.9478,1.6));
#6210=CARTESIAN_POINT('Ctrl Pts',(80.004615,119.000478,0.));
#6211=CARTESIAN_POINT('Ctrl Pts',(80.004615,119.000478,1.6));
#6212=CARTESIAN_POINT('Ctrl Pts',(79.910847,119.094247,0.));
#6213=CARTESIAN_POINT('Ctrl Pts',(79.910847,119.094247,1.6));
#6214=CARTESIAN_POINT('',(80.2644,118.9478,0.));
#6215=CARTESIAN_POINT('Ctrl Pts',(80.2644,118.9478,0.));
#6216=CARTESIAN_POINT('Ctrl Pts',(80.131792,118.9478,0.));
#6217=CARTESIAN_POINT('Ctrl Pts',(80.004615,119.000478,0.));
#6218=CARTESIAN_POINT('Ctrl Pts',(79.910847,119.094247,0.));
#6219=CARTESIAN_POINT('',(80.2644,118.9478,1.6));
#6220=CARTESIAN_POINT('Ctrl Pts',(80.2644,118.9478,1.6));
#6221=CARTESIAN_POINT('Ctrl Pts',(80.131792,118.9478,1.6));
#6222=CARTESIAN_POINT('Ctrl Pts',(80.004615,119.000478,1.6));
#6223=CARTESIAN_POINT('Ctrl Pts',(79.910847,119.094247,1.6));
#6224=CARTESIAN_POINT('',(80.2644,118.9478,0.));
#6225=CARTESIAN_POINT('Origin',(93.1644,118.9478,0.));
#6226=CARTESIAN_POINT('',(93.1644,118.9478,0.));
#6227=CARTESIAN_POINT('',(93.1644,118.9478,0.));
#6228=CARTESIAN_POINT('',(93.1644,118.9478,1.6));
#6229=CARTESIAN_POINT('',(93.1644,118.9478,1.6));
#6230=CARTESIAN_POINT('',(93.1644,118.9478,0.));
#6231=CARTESIAN_POINT('Ctrl Pts',(93.517953,119.094247,0.));
#6232=CARTESIAN_POINT('Ctrl Pts',(93.517953,119.094247,1.6));
#6233=CARTESIAN_POINT('Ctrl Pts',(93.424185,119.000478,0.));
#6234=CARTESIAN_POINT('Ctrl Pts',(93.424185,119.000478,1.6));
#6235=CARTESIAN_POINT('Ctrl Pts',(93.297008,118.9478,0.));
#6236=CARTESIAN_POINT('Ctrl Pts',(93.297008,118.9478,1.6));
#6237=CARTESIAN_POINT('Ctrl Pts',(93.1644,118.9478,0.));
#6238=CARTESIAN_POINT('Ctrl Pts',(93.1644,118.9478,1.6));
#6239=CARTESIAN_POINT('',(93.517953,119.094247,0.));
#6240=CARTESIAN_POINT('Ctrl Pts',(93.517953,119.094247,0.));
#6241=CARTESIAN_POINT('Ctrl Pts',(93.424185,119.000478,0.));
#6242=CARTESIAN_POINT('Ctrl Pts',(93.297008,118.9478,0.));
#6243=CARTESIAN_POINT('Ctrl Pts',(93.1644,118.9478,0.));
#6244=CARTESIAN_POINT('',(93.517953,119.094247,1.6));
#6245=CARTESIAN_POINT('Ctrl Pts',(93.517953,119.094247,1.6));
#6246=CARTESIAN_POINT('Ctrl Pts',(93.424185,119.000478,1.6));
#6247=CARTESIAN_POINT('Ctrl Pts',(93.297008,118.9478,1.6));
#6248=CARTESIAN_POINT('Ctrl Pts',(93.1644,118.9478,1.6));
#6249=CARTESIAN_POINT('',(93.517953,119.094247,0.));
#6250=CARTESIAN_POINT('Ctrl Pts',(93.6644,119.4478,0.));
#6251=CARTESIAN_POINT('Ctrl Pts',(93.6644,119.4478,1.6));
#6252=CARTESIAN_POINT('Ctrl Pts',(93.6644,119.315192,0.));
#6253=CARTESIAN_POINT('Ctrl Pts',(93.6644,119.315192,1.6));
#6254=CARTESIAN_POINT('Ctrl Pts',(93.611722,119.188015,0.));
#6255=CARTESIAN_POINT('Ctrl Pts',(93.611722,119.188015,1.6));
#6256=CARTESIAN_POINT('Ctrl Pts',(93.517953,119.094247,0.));
#6257=CARTESIAN_POINT('Ctrl Pts',(93.517953,119.094247,1.6));
#6258=CARTESIAN_POINT('',(93.6644,119.4478,0.));
#6259=CARTESIAN_POINT('Ctrl Pts',(93.6644,119.4478,0.));
#6260=CARTESIAN_POINT('Ctrl Pts',(93.6644,119.315192,0.));
#6261=CARTESIAN_POINT('Ctrl Pts',(93.611722,119.188015,0.));
#6262=CARTESIAN_POINT('Ctrl Pts',(93.517953,119.094247,0.));
#6263=CARTESIAN_POINT('',(93.6644,119.4478,1.6));
#6264=CARTESIAN_POINT('Ctrl Pts',(93.6644,119.4478,1.6));
#6265=CARTESIAN_POINT('Ctrl Pts',(93.6644,119.315192,1.6));
#6266=CARTESIAN_POINT('Ctrl Pts',(93.611722,119.188015,1.6));
#6267=CARTESIAN_POINT('Ctrl Pts',(93.517953,119.094247,1.6));
#6268=CARTESIAN_POINT('',(93.6644,119.4478,0.));
#6269=CARTESIAN_POINT('Origin',(93.6644,132.3478,0.));
#6270=CARTESIAN_POINT('',(93.6644,132.3478,0.));
#6271=CARTESIAN_POINT('',(93.6644,132.3478,0.));
#6272=CARTESIAN_POINT('',(93.6644,132.3478,1.6));
#6273=CARTESIAN_POINT('',(93.6644,132.3478,1.6));
#6274=CARTESIAN_POINT('',(93.6644,132.3478,0.));
#6275=CARTESIAN_POINT('Ctrl Pts',(93.517953,132.701353,0.));
#6276=CARTESIAN_POINT('Ctrl Pts',(93.517953,132.701353,1.6));
#6277=CARTESIAN_POINT('Ctrl Pts',(93.611722,132.607585,0.));
#6278=CARTESIAN_POINT('Ctrl Pts',(93.611722,132.607585,1.6));
#6279=CARTESIAN_POINT('Ctrl Pts',(93.6644,132.480408,0.));
#6280=CARTESIAN_POINT('Ctrl Pts',(93.6644,132.480408,1.6));
#6281=CARTESIAN_POINT('Ctrl Pts',(93.6644,132.3478,0.));
#6282=CARTESIAN_POINT('Ctrl Pts',(93.6644,132.3478,1.6));
#6283=CARTESIAN_POINT('',(93.517953,132.701353,0.));
#6284=CARTESIAN_POINT('Ctrl Pts',(93.517953,132.701353,0.));
#6285=CARTESIAN_POINT('Ctrl Pts',(93.611722,132.607585,0.));
#6286=CARTESIAN_POINT('Ctrl Pts',(93.6644,132.480408,0.));
#6287=CARTESIAN_POINT('Ctrl Pts',(93.6644,132.3478,0.));
#6288=CARTESIAN_POINT('',(93.517953,132.701353,1.6));
#6289=CARTESIAN_POINT('Ctrl Pts',(93.517953,132.701353,1.6));
#6290=CARTESIAN_POINT('Ctrl Pts',(93.611722,132.607585,1.6));
#6291=CARTESIAN_POINT('Ctrl Pts',(93.6644,132.480408,1.6));
#6292=CARTESIAN_POINT('Ctrl Pts',(93.6644,132.3478,1.6));
#6293=CARTESIAN_POINT('',(93.517953,132.701353,0.));
#6294=CARTESIAN_POINT('Ctrl Pts',(93.1644,132.8478,0.));
#6295=CARTESIAN_POINT('Ctrl Pts',(93.1644,132.8478,1.6));
#6296=CARTESIAN_POINT('Ctrl Pts',(93.297008,132.8478,0.));
#6297=CARTESIAN_POINT('Ctrl Pts',(93.297008,132.8478,1.6));
#6298=CARTESIAN_POINT('Ctrl Pts',(93.424185,132.795122,0.));
#6299=CARTESIAN_POINT('Ctrl Pts',(93.424185,132.795122,1.6));
#6300=CARTESIAN_POINT('Ctrl Pts',(93.517953,132.701353,0.));
#6301=CARTESIAN_POINT('Ctrl Pts',(93.517953,132.701353,1.6));
#6302=CARTESIAN_POINT('Ctrl Pts',(93.1644,132.8478,0.));
#6303=CARTESIAN_POINT('Ctrl Pts',(93.297008,132.8478,0.));
#6304=CARTESIAN_POINT('Ctrl Pts',(93.424185,132.795122,0.));
#6305=CARTESIAN_POINT('Ctrl Pts',(93.517953,132.701353,0.));
#6306=CARTESIAN_POINT('Ctrl Pts',(93.1644,132.8478,1.6));
#6307=CARTESIAN_POINT('Ctrl Pts',(93.297008,132.8478,1.6));
#6308=CARTESIAN_POINT('Ctrl Pts',(93.424185,132.795122,1.6));
#6309=CARTESIAN_POINT('Ctrl Pts',(93.517953,132.701353,1.6));
#6310=CARTESIAN_POINT('Origin',(98.2644,141.6928,0.));
#6311=CARTESIAN_POINT('',(98.2644,141.6928,0.));
#6312=CARTESIAN_POINT('',(111.1644,141.6928,0.));
#6313=CARTESIAN_POINT('',(98.2644,141.6928,0.));
#6314=CARTESIAN_POINT('',(111.1644,141.6928,1.6));
#6315=CARTESIAN_POINT('',(111.1644,141.6928,0.));
#6316=CARTESIAN_POINT('',(98.2644,141.6928,1.6));
#6317=CARTESIAN_POINT('',(98.2644,141.6928,1.6));
#6318=CARTESIAN_POINT('',(98.2644,141.6928,0.));
#6319=CARTESIAN_POINT('Ctrl Pts',(97.910847,141.546353,0.));
#6320=CARTESIAN_POINT('Ctrl Pts',(97.910847,141.546353,1.6));
#6321=CARTESIAN_POINT('Ctrl Pts',(98.004615,141.640122,0.));
#6322=CARTESIAN_POINT('Ctrl Pts',(98.004615,141.640122,1.6));
#6323=CARTESIAN_POINT('Ctrl Pts',(98.131792,141.6928,0.));
#6324=CARTESIAN_POINT('Ctrl Pts',(98.131792,141.6928,1.6));
#6325=CARTESIAN_POINT('Ctrl Pts',(98.2644,141.6928,0.));
#6326=CARTESIAN_POINT('Ctrl Pts',(98.2644,141.6928,1.6));
#6327=CARTESIAN_POINT('',(97.910847,141.546353,0.));
#6328=CARTESIAN_POINT('Ctrl Pts',(97.910847,141.546353,0.));
#6329=CARTESIAN_POINT('Ctrl Pts',(98.004615,141.640122,0.));
#6330=CARTESIAN_POINT('Ctrl Pts',(98.131792,141.6928,0.));
#6331=CARTESIAN_POINT('Ctrl Pts',(98.2644,141.6928,0.));
#6332=CARTESIAN_POINT('',(97.910847,141.546353,1.6));
#6333=CARTESIAN_POINT('Ctrl Pts',(97.910847,141.546353,1.6));
#6334=CARTESIAN_POINT('Ctrl Pts',(98.004615,141.640122,1.6));
#6335=CARTESIAN_POINT('Ctrl Pts',(98.131792,141.6928,1.6));
#6336=CARTESIAN_POINT('Ctrl Pts',(98.2644,141.6928,1.6));
#6337=CARTESIAN_POINT('',(97.910847,141.546353,0.));
#6338=CARTESIAN_POINT('Ctrl Pts',(97.7644,141.1928,0.));
#6339=CARTESIAN_POINT('Ctrl Pts',(97.7644,141.1928,1.6));
#6340=CARTESIAN_POINT('Ctrl Pts',(97.7644,141.325408,0.));
#6341=CARTESIAN_POINT('Ctrl Pts',(97.7644,141.325408,1.6));
#6342=CARTESIAN_POINT('Ctrl Pts',(97.817078,141.452585,0.));
#6343=CARTESIAN_POINT('Ctrl Pts',(97.817078,141.452585,1.6));
#6344=CARTESIAN_POINT('Ctrl Pts',(97.910847,141.546353,0.));
#6345=CARTESIAN_POINT('Ctrl Pts',(97.910847,141.546353,1.6));
#6346=CARTESIAN_POINT('',(97.7644,141.1928,0.));
#6347=CARTESIAN_POINT('Ctrl Pts',(97.7644,141.1928,0.));
#6348=CARTESIAN_POINT('Ctrl Pts',(97.7644,141.325408,0.));
#6349=CARTESIAN_POINT('Ctrl Pts',(97.817078,141.452585,0.));
#6350=CARTESIAN_POINT('Ctrl Pts',(97.910847,141.546353,0.));
#6351=CARTESIAN_POINT('',(97.7644,141.1928,1.6));
#6352=CARTESIAN_POINT('Ctrl Pts',(97.7644,141.1928,1.6));
#6353=CARTESIAN_POINT('Ctrl Pts',(97.7644,141.325408,1.6));
#6354=CARTESIAN_POINT('Ctrl Pts',(97.817078,141.452585,1.6));
#6355=CARTESIAN_POINT('Ctrl Pts',(97.910847,141.546353,1.6));
#6356=CARTESIAN_POINT('',(97.7644,141.1928,0.));
#6357=CARTESIAN_POINT('Origin',(97.7644,128.2928,0.));
#6358=CARTESIAN_POINT('',(97.7644,128.2928,0.));
#6359=CARTESIAN_POINT('',(97.7644,128.2928,0.));
#6360=CARTESIAN_POINT('',(97.7644,128.2928,1.6));
#6361=CARTESIAN_POINT('',(97.7644,128.2928,1.6));
#6362=CARTESIAN_POINT('',(97.7644,128.2928,0.));
#6363=CARTESIAN_POINT('Ctrl Pts',(97.910847,127.939247,0.));
#6364=CARTESIAN_POINT('Ctrl Pts',(97.910847,127.939247,1.6));
#6365=CARTESIAN_POINT('Ctrl Pts',(97.817078,128.033015,0.));
#6366=CARTESIAN_POINT('Ctrl Pts',(97.817078,128.033015,1.6));
#6367=CARTESIAN_POINT('Ctrl Pts',(97.7644,128.160192,0.));
#6368=CARTESIAN_POINT('Ctrl Pts',(97.7644,128.160192,1.6));
#6369=CARTESIAN_POINT('Ctrl Pts',(97.7644,128.2928,0.));
#6370=CARTESIAN_POINT('Ctrl Pts',(97.7644,128.2928,1.6));
#6371=CARTESIAN_POINT('',(97.910847,127.939247,0.));
#6372=CARTESIAN_POINT('Ctrl Pts',(97.910847,127.939247,0.));
#6373=CARTESIAN_POINT('Ctrl Pts',(97.817078,128.033015,0.));
#6374=CARTESIAN_POINT('Ctrl Pts',(97.7644,128.160192,0.));
#6375=CARTESIAN_POINT('Ctrl Pts',(97.7644,128.2928,0.));
#6376=CARTESIAN_POINT('',(97.910847,127.939247,1.6));
#6377=CARTESIAN_POINT('Ctrl Pts',(97.910847,127.939247,1.6));
#6378=CARTESIAN_POINT('Ctrl Pts',(97.817078,128.033015,1.6));
#6379=CARTESIAN_POINT('Ctrl Pts',(97.7644,128.160192,1.6));
#6380=CARTESIAN_POINT('Ctrl Pts',(97.7644,128.2928,1.6));
#6381=CARTESIAN_POINT('',(97.910847,127.939247,0.));
#6382=CARTESIAN_POINT('Ctrl Pts',(98.2644,127.7928,0.));
#6383=CARTESIAN_POINT('Ctrl Pts',(98.2644,127.7928,1.6));
#6384=CARTESIAN_POINT('Ctrl Pts',(98.131792,127.7928,0.));
#6385=CARTESIAN_POINT('Ctrl Pts',(98.131792,127.7928,1.6));
#6386=CARTESIAN_POINT('Ctrl Pts',(98.004615,127.845478,0.));
#6387=CARTESIAN_POINT('Ctrl Pts',(98.004615,127.845478,1.6));
#6388=CARTESIAN_POINT('Ctrl Pts',(97.910847,127.939247,0.));
#6389=CARTESIAN_POINT('Ctrl Pts',(97.910847,127.939247,1.6));
#6390=CARTESIAN_POINT('',(98.2644,127.7928,0.));
#6391=CARTESIAN_POINT('Ctrl Pts',(98.2644,127.7928,0.));
#6392=CARTESIAN_POINT('Ctrl Pts',(98.131792,127.7928,0.));
#6393=CARTESIAN_POINT('Ctrl Pts',(98.004615,127.845478,0.));
#6394=CARTESIAN_POINT('Ctrl Pts',(97.910847,127.939247,0.));
#6395=CARTESIAN_POINT('',(98.2644,127.7928,1.6));
#6396=CARTESIAN_POINT('Ctrl Pts',(98.2644,127.7928,1.6));
#6397=CARTESIAN_POINT('Ctrl Pts',(98.131792,127.7928,1.6));
#6398=CARTESIAN_POINT('Ctrl Pts',(98.004615,127.845478,1.6));
#6399=CARTESIAN_POINT('Ctrl Pts',(97.910847,127.939247,1.6));
#6400=CARTESIAN_POINT('',(98.2644,127.7928,0.));
#6401=CARTESIAN_POINT('Origin',(111.1644,127.7928,0.));
#6402=CARTESIAN_POINT('',(111.1644,127.7928,0.));
#6403=CARTESIAN_POINT('',(111.1644,127.7928,0.));
#6404=CARTESIAN_POINT('',(111.1644,127.7928,1.6));
#6405=CARTESIAN_POINT('',(111.1644,127.7928,1.6));
#6406=CARTESIAN_POINT('',(111.1644,127.7928,0.));
#6407=CARTESIAN_POINT('Ctrl Pts',(111.517953,127.939247,0.));
#6408=CARTESIAN_POINT('Ctrl Pts',(111.517953,127.939247,1.6));
#6409=CARTESIAN_POINT('Ctrl Pts',(111.424185,127.845478,0.));
#6410=CARTESIAN_POINT('Ctrl Pts',(111.424185,127.845478,1.6));
#6411=CARTESIAN_POINT('Ctrl Pts',(111.297008,127.7928,0.));
#6412=CARTESIAN_POINT('Ctrl Pts',(111.297008,127.7928,1.6));
#6413=CARTESIAN_POINT('Ctrl Pts',(111.1644,127.7928,0.));
#6414=CARTESIAN_POINT('Ctrl Pts',(111.1644,127.7928,1.6));
#6415=CARTESIAN_POINT('',(111.517953,127.939247,0.));
#6416=CARTESIAN_POINT('Ctrl Pts',(111.517953,127.939247,0.));
#6417=CARTESIAN_POINT('Ctrl Pts',(111.424185,127.845478,0.));
#6418=CARTESIAN_POINT('Ctrl Pts',(111.297008,127.7928,0.));
#6419=CARTESIAN_POINT('Ctrl Pts',(111.1644,127.7928,0.));
#6420=CARTESIAN_POINT('',(111.517953,127.939247,1.6));
#6421=CARTESIAN_POINT('Ctrl Pts',(111.517953,127.939247,1.6));
#6422=CARTESIAN_POINT('Ctrl Pts',(111.424185,127.845478,1.6));
#6423=CARTESIAN_POINT('Ctrl Pts',(111.297008,127.7928,1.6));
#6424=CARTESIAN_POINT('Ctrl Pts',(111.1644,127.7928,1.6));
#6425=CARTESIAN_POINT('',(111.517953,127.939247,0.));
#6426=CARTESIAN_POINT('Ctrl Pts',(111.6644,128.2928,0.));
#6427=CARTESIAN_POINT('Ctrl Pts',(111.6644,128.2928,1.6));
#6428=CARTESIAN_POINT('Ctrl Pts',(111.6644,128.160192,0.));
#6429=CARTESIAN_POINT('Ctrl Pts',(111.6644,128.160192,1.6));
#6430=CARTESIAN_POINT('Ctrl Pts',(111.611722,128.033015,0.));
#6431=CARTESIAN_POINT('Ctrl Pts',(111.611722,128.033015,1.6));
#6432=CARTESIAN_POINT('Ctrl Pts',(111.517953,127.939247,0.));
#6433=CARTESIAN_POINT('Ctrl Pts',(111.517953,127.939247,1.6));
#6434=CARTESIAN_POINT('',(111.6644,128.2928,0.));
#6435=CARTESIAN_POINT('Ctrl Pts',(111.6644,128.2928,0.));
#6436=CARTESIAN_POINT('Ctrl Pts',(111.6644,128.160192,0.));
#6437=CARTESIAN_POINT('Ctrl Pts',(111.611722,128.033015,0.));
#6438=CARTESIAN_POINT('Ctrl Pts',(111.517953,127.939247,0.));
#6439=CARTESIAN_POINT('',(111.6644,128.2928,1.6));
#6440=CARTESIAN_POINT('Ctrl Pts',(111.6644,128.2928,1.6));
#6441=CARTESIAN_POINT('Ctrl Pts',(111.6644,128.160192,1.6));
#6442=CARTESIAN_POINT('Ctrl Pts',(111.611722,128.033015,1.6));
#6443=CARTESIAN_POINT('Ctrl Pts',(111.517953,127.939247,1.6));
#6444=CARTESIAN_POINT('',(111.6644,128.2928,0.));
#6445=CARTESIAN_POINT('Origin',(111.6644,141.1928,0.));
#6446=CARTESIAN_POINT('',(111.6644,141.1928,0.));
#6447=CARTESIAN_POINT('',(111.6644,141.1928,0.));
#6448=CARTESIAN_POINT('',(111.6644,141.1928,1.6));
#6449=CARTESIAN_POINT('',(111.6644,141.1928,1.6));
#6450=CARTESIAN_POINT('',(111.6644,141.1928,0.));
#6451=CARTESIAN_POINT('Ctrl Pts',(111.517953,141.546353,0.));
#6452=CARTESIAN_POINT('Ctrl Pts',(111.517953,141.546353,1.6));
#6453=CARTESIAN_POINT('Ctrl Pts',(111.611722,141.452585,0.));
#6454=CARTESIAN_POINT('Ctrl Pts',(111.611722,141.452585,1.6));
#6455=CARTESIAN_POINT('Ctrl Pts',(111.6644,141.325408,0.));
#6456=CARTESIAN_POINT('Ctrl Pts',(111.6644,141.325408,1.6));
#6457=CARTESIAN_POINT('Ctrl Pts',(111.6644,141.1928,0.));
#6458=CARTESIAN_POINT('Ctrl Pts',(111.6644,141.1928,1.6));
#6459=CARTESIAN_POINT('',(111.517953,141.546353,0.));
#6460=CARTESIAN_POINT('Ctrl Pts',(111.517953,141.546353,0.));
#6461=CARTESIAN_POINT('Ctrl Pts',(111.611722,141.452585,0.));
#6462=CARTESIAN_POINT('Ctrl Pts',(111.6644,141.325408,0.));
#6463=CARTESIAN_POINT('Ctrl Pts',(111.6644,141.1928,0.));
#6464=CARTESIAN_POINT('',(111.517953,141.546353,1.6));
#6465=CARTESIAN_POINT('Ctrl Pts',(111.517953,141.546353,1.6));
#6466=CARTESIAN_POINT('Ctrl Pts',(111.611722,141.452585,1.6));
#6467=CARTESIAN_POINT('Ctrl Pts',(111.6644,141.325408,1.6));
#6468=CARTESIAN_POINT('Ctrl Pts',(111.6644,141.1928,1.6));
#6469=CARTESIAN_POINT('',(111.517953,141.546353,0.));
#6470=CARTESIAN_POINT('Ctrl Pts',(111.1644,141.6928,0.));
#6471=CARTESIAN_POINT('Ctrl Pts',(111.1644,141.6928,1.6));
#6472=CARTESIAN_POINT('Ctrl Pts',(111.297008,141.6928,0.));
#6473=CARTESIAN_POINT('Ctrl Pts',(111.297008,141.6928,1.6));
#6474=CARTESIAN_POINT('Ctrl Pts',(111.424185,141.640122,0.));
#6475=CARTESIAN_POINT('Ctrl Pts',(111.424185,141.640122,1.6));
#6476=CARTESIAN_POINT('Ctrl Pts',(111.517953,141.546353,0.));
#6477=CARTESIAN_POINT('Ctrl Pts',(111.517953,141.546353,1.6));
#6478=CARTESIAN_POINT('Ctrl Pts',(111.1644,141.6928,0.));
#6479=CARTESIAN_POINT('Ctrl Pts',(111.297008,141.6928,0.));
#6480=CARTESIAN_POINT('Ctrl Pts',(111.424185,141.640122,0.));
#6481=CARTESIAN_POINT('Ctrl Pts',(111.517953,141.546353,0.));
#6482=CARTESIAN_POINT('Ctrl Pts',(111.1644,141.6928,1.6));
#6483=CARTESIAN_POINT('Ctrl Pts',(111.297008,141.6928,1.6));
#6484=CARTESIAN_POINT('Ctrl Pts',(111.424185,141.640122,1.6));
#6485=CARTESIAN_POINT('Ctrl Pts',(111.517953,141.546353,1.6));
#6486=CARTESIAN_POINT('Origin',(119.9388,99.2466,0.));
#6487=CARTESIAN_POINT('',(119.9388,99.2466,0.));
#6488=CARTESIAN_POINT('',(131.6302,93.7949,0.));
#6489=CARTESIAN_POINT('',(119.9388,99.2466,0.));
#6490=CARTESIAN_POINT('',(131.6302,93.7949,1.6));
#6491=CARTESIAN_POINT('',(131.6302,93.7949,0.));
#6492=CARTESIAN_POINT('',(119.9388,99.2466,1.6));
#6493=CARTESIAN_POINT('',(119.9388,99.2466,1.6));
#6494=CARTESIAN_POINT('',(119.9388,99.2466,0.));
#6495=CARTESIAN_POINT('Ctrl Pts',(119.55647,99.263328,0.));
#6496=CARTESIAN_POINT('Ctrl Pts',(119.55647,99.263328,1.6));
#6497=CARTESIAN_POINT('Ctrl Pts',(119.681089,99.308674,0.));
#6498=CARTESIAN_POINT('Ctrl Pts',(119.681089,99.308674,1.6));
#6499=CARTESIAN_POINT('Ctrl Pts',(119.818618,99.302657,0.));
#6500=CARTESIAN_POINT('Ctrl Pts',(119.818618,99.302657,1.6));
#6501=CARTESIAN_POINT('Ctrl Pts',(119.9388,99.2466,0.));
#6502=CARTESIAN_POINT('Ctrl Pts',(119.9388,99.2466,1.6));
#6503=CARTESIAN_POINT('',(119.55647,99.263328,0.));
#6504=CARTESIAN_POINT('Ctrl Pts',(119.55647,99.263328,0.));
#6505=CARTESIAN_POINT('Ctrl Pts',(119.681089,99.308674,0.));
#6506=CARTESIAN_POINT('Ctrl Pts',(119.818618,99.302657,0.));
#6507=CARTESIAN_POINT('Ctrl Pts',(119.9388,99.2466,0.));
#6508=CARTESIAN_POINT('',(119.55647,99.263328,1.6));
#6509=CARTESIAN_POINT('Ctrl Pts',(119.55647,99.263328,1.6));
#6510=CARTESIAN_POINT('Ctrl Pts',(119.681089,99.308674,1.6));
#6511=CARTESIAN_POINT('Ctrl Pts',(119.818618,99.302657,1.6));
#6512=CARTESIAN_POINT('Ctrl Pts',(119.9388,99.2466,1.6));
#6513=CARTESIAN_POINT('',(119.55647,99.263328,0.));
#6514=CARTESIAN_POINT('Ctrl Pts',(119.2743,99.0048,0.));
#6515=CARTESIAN_POINT('Ctrl Pts',(119.2743,99.0048,1.6));
#6516=CARTESIAN_POINT('Ctrl Pts',(119.330351,99.124985,0.));
#6517=CARTESIAN_POINT('Ctrl Pts',(119.330351,99.124985,1.6));
#6518=CARTESIAN_POINT('Ctrl Pts',(119.431851,99.217981,0.));
#6519=CARTESIAN_POINT('Ctrl Pts',(119.431851,99.217981,1.6));
#6520=CARTESIAN_POINT('Ctrl Pts',(119.55647,99.263328,0.));
#6521=CARTESIAN_POINT('Ctrl Pts',(119.55647,99.263328,1.6));
#6522=CARTESIAN_POINT('',(119.2743,99.0048,0.));
#6523=CARTESIAN_POINT('Ctrl Pts',(119.2743,99.0048,0.));
#6524=CARTESIAN_POINT('Ctrl Pts',(119.330351,99.124985,0.));
#6525=CARTESIAN_POINT('Ctrl Pts',(119.431851,99.217981,0.));
#6526=CARTESIAN_POINT('Ctrl Pts',(119.55647,99.263328,0.));
#6527=CARTESIAN_POINT('',(119.2743,99.0048,1.6));
#6528=CARTESIAN_POINT('Ctrl Pts',(119.2743,99.0048,1.6));
#6529=CARTESIAN_POINT('Ctrl Pts',(119.330351,99.124985,1.6));
#6530=CARTESIAN_POINT('Ctrl Pts',(119.431851,99.217981,1.6));
#6531=CARTESIAN_POINT('Ctrl Pts',(119.55647,99.263328,1.6));
#6532=CARTESIAN_POINT('',(119.2743,99.0048,0.));
#6533=CARTESIAN_POINT('Origin',(113.8226,87.3134,0.));
#6534=CARTESIAN_POINT('',(113.8226,87.3134,0.));
#6535=CARTESIAN_POINT('',(113.8226,87.3134,0.));
#6536=CARTESIAN_POINT('',(113.8226,87.3134,1.6));
#6537=CARTESIAN_POINT('',(113.8226,87.3134,1.6));
#6538=CARTESIAN_POINT('',(113.8226,87.3134,0.));
#6539=CARTESIAN_POINT('Ctrl Pts',(113.805872,86.93107,0.));
#6540=CARTESIAN_POINT('Ctrl Pts',(113.805872,86.93107,1.6));
#6541=CARTESIAN_POINT('Ctrl Pts',(113.760526,87.055689,0.));
#6542=CARTESIAN_POINT('Ctrl Pts',(113.760526,87.055689,1.6));
#6543=CARTESIAN_POINT('Ctrl Pts',(113.766543,87.193218,0.));
#6544=CARTESIAN_POINT('Ctrl Pts',(113.766543,87.193218,1.6));
#6545=CARTESIAN_POINT('Ctrl Pts',(113.8226,87.3134,0.));
#6546=CARTESIAN_POINT('Ctrl Pts',(113.8226,87.3134,1.6));
#6547=CARTESIAN_POINT('',(113.805872,86.93107,0.));
#6548=CARTESIAN_POINT('Ctrl Pts',(113.805872,86.93107,0.));
#6549=CARTESIAN_POINT('Ctrl Pts',(113.760526,87.055689,0.));
#6550=CARTESIAN_POINT('Ctrl Pts',(113.766543,87.193218,0.));
#6551=CARTESIAN_POINT('Ctrl Pts',(113.8226,87.3134,0.));
#6552=CARTESIAN_POINT('',(113.805872,86.93107,1.6));
#6553=CARTESIAN_POINT('Ctrl Pts',(113.805872,86.93107,1.6));
#6554=CARTESIAN_POINT('Ctrl Pts',(113.760526,87.055689,1.6));
#6555=CARTESIAN_POINT('Ctrl Pts',(113.766543,87.193218,1.6));
#6556=CARTESIAN_POINT('Ctrl Pts',(113.8226,87.3134,1.6));
#6557=CARTESIAN_POINT('',(113.805872,86.93107,0.));
#6558=CARTESIAN_POINT('Ctrl Pts',(114.0644,86.6489,0.));
#6559=CARTESIAN_POINT('Ctrl Pts',(114.0644,86.6489,1.6));
#6560=CARTESIAN_POINT('Ctrl Pts',(113.944215,86.704951,0.));
#6561=CARTESIAN_POINT('Ctrl Pts',(113.944215,86.704951,1.6));
#6562=CARTESIAN_POINT('Ctrl Pts',(113.851219,86.806451,0.));
#6563=CARTESIAN_POINT('Ctrl Pts',(113.851219,86.806451,1.6));
#6564=CARTESIAN_POINT('Ctrl Pts',(113.805872,86.93107,0.));
#6565=CARTESIAN_POINT('Ctrl Pts',(113.805872,86.93107,1.6));
#6566=CARTESIAN_POINT('',(114.0644,86.6489,0.));
#6567=CARTESIAN_POINT('Ctrl Pts',(114.0644,86.6489,0.));
#6568=CARTESIAN_POINT('Ctrl Pts',(113.944215,86.704951,0.));
#6569=CARTESIAN_POINT('Ctrl Pts',(113.851219,86.806451,0.));
#6570=CARTESIAN_POINT('Ctrl Pts',(113.805872,86.93107,0.));
#6571=CARTESIAN_POINT('',(114.0644,86.6489,1.6));
#6572=CARTESIAN_POINT('Ctrl Pts',(114.0644,86.6489,1.6));
#6573=CARTESIAN_POINT('Ctrl Pts',(113.944215,86.704951,1.6));
#6574=CARTESIAN_POINT('Ctrl Pts',(113.851219,86.806451,1.6));
#6575=CARTESIAN_POINT('Ctrl Pts',(113.805872,86.93107,1.6));
#6576=CARTESIAN_POINT('',(114.0644,86.6489,0.));
#6577=CARTESIAN_POINT('Origin',(125.7558,81.1972,0.));
#6578=CARTESIAN_POINT('',(125.7558,81.1972,0.));
#6579=CARTESIAN_POINT('',(125.7558,81.1972,0.));
#6580=CARTESIAN_POINT('',(125.7558,81.1972,1.6));
#6581=CARTESIAN_POINT('',(125.7558,81.1972,1.6));
#6582=CARTESIAN_POINT('',(125.7558,81.1972,0.));
#6583=CARTESIAN_POINT('Ctrl Pts',(126.13813,81.180472,0.));
#6584=CARTESIAN_POINT('Ctrl Pts',(126.13813,81.180472,1.6));
#6585=CARTESIAN_POINT('Ctrl Pts',(126.013511,81.135126,0.));
#6586=CARTESIAN_POINT('Ctrl Pts',(126.013511,81.135126,1.6));
#6587=CARTESIAN_POINT('Ctrl Pts',(125.875982,81.141143,0.));
#6588=CARTESIAN_POINT('Ctrl Pts',(125.875982,81.141143,1.6));
#6589=CARTESIAN_POINT('Ctrl Pts',(125.7558,81.1972,0.));
#6590=CARTESIAN_POINT('Ctrl Pts',(125.7558,81.1972,1.6));
#6591=CARTESIAN_POINT('',(126.13813,81.180472,0.));
#6592=CARTESIAN_POINT('Ctrl Pts',(126.13813,81.180472,0.));
#6593=CARTESIAN_POINT('Ctrl Pts',(126.013511,81.135126,0.));
#6594=CARTESIAN_POINT('Ctrl Pts',(125.875982,81.141143,0.));
#6595=CARTESIAN_POINT('Ctrl Pts',(125.7558,81.1972,0.));
#6596=CARTESIAN_POINT('',(126.13813,81.180472,1.6));
#6597=CARTESIAN_POINT('Ctrl Pts',(126.13813,81.180472,1.6));
#6598=CARTESIAN_POINT('Ctrl Pts',(126.013511,81.135126,1.6));
#6599=CARTESIAN_POINT('Ctrl Pts',(125.875982,81.141143,1.6));
#6600=CARTESIAN_POINT('Ctrl Pts',(125.7558,81.1972,1.6));
#6601=CARTESIAN_POINT('',(126.13813,81.180472,0.));
#6602=CARTESIAN_POINT('Ctrl Pts',(126.4203,81.439,0.));
#6603=CARTESIAN_POINT('Ctrl Pts',(126.4203,81.439,1.6));
#6604=CARTESIAN_POINT('Ctrl Pts',(126.364249,81.318815,0.));
#6605=CARTESIAN_POINT('Ctrl Pts',(126.364249,81.318815,1.6));
#6606=CARTESIAN_POINT('Ctrl Pts',(126.262749,81.225819,0.));
#6607=CARTESIAN_POINT('Ctrl Pts',(126.262749,81.225819,1.6));
#6608=CARTESIAN_POINT('Ctrl Pts',(126.13813,81.180472,0.));
#6609=CARTESIAN_POINT('Ctrl Pts',(126.13813,81.180472,1.6));
#6610=CARTESIAN_POINT('',(126.4203,81.439,0.));
#6611=CARTESIAN_POINT('Ctrl Pts',(126.4203,81.439,0.));
#6612=CARTESIAN_POINT('Ctrl Pts',(126.364249,81.318815,0.));
#6613=CARTESIAN_POINT('Ctrl Pts',(126.262749,81.225819,0.));
#6614=CARTESIAN_POINT('Ctrl Pts',(126.13813,81.180472,0.));
#6615=CARTESIAN_POINT('',(126.4203,81.439,1.6));
#6616=CARTESIAN_POINT('Ctrl Pts',(126.4203,81.439,1.6));
#6617=CARTESIAN_POINT('Ctrl Pts',(126.364249,81.318815,1.6));
#6618=CARTESIAN_POINT('Ctrl Pts',(126.262749,81.225819,1.6));
#6619=CARTESIAN_POINT('Ctrl Pts',(126.13813,81.180472,1.6));
#6620=CARTESIAN_POINT('',(126.4203,81.439,0.));
#6621=CARTESIAN_POINT('Origin',(131.872,93.1304,0.));
#6622=CARTESIAN_POINT('',(131.872,93.1304,0.));
#6623=CARTESIAN_POINT('',(131.872,93.1304,0.));
#6624=CARTESIAN_POINT('',(131.872,93.1304,1.6));
#6625=CARTESIAN_POINT('',(131.872,93.1304,1.6));
#6626=CARTESIAN_POINT('',(131.872,93.1304,0.));
#6627=CARTESIAN_POINT('Ctrl Pts',(131.888728,93.51273,0.));
#6628=CARTESIAN_POINT('Ctrl Pts',(131.888728,93.51273,1.6));
#6629=CARTESIAN_POINT('Ctrl Pts',(131.934074,93.388111,0.));
#6630=CARTESIAN_POINT('Ctrl Pts',(131.934074,93.388111,1.6));
#6631=CARTESIAN_POINT('Ctrl Pts',(131.928057,93.250582,0.));
#6632=CARTESIAN_POINT('Ctrl Pts',(131.928057,93.250582,1.6));
#6633=CARTESIAN_POINT('Ctrl Pts',(131.872,93.1304,0.));
#6634=CARTESIAN_POINT('Ctrl Pts',(131.872,93.1304,1.6));
#6635=CARTESIAN_POINT('',(131.888728,93.51273,0.));
#6636=CARTESIAN_POINT('Ctrl Pts',(131.888728,93.51273,0.));
#6637=CARTESIAN_POINT('Ctrl Pts',(131.934074,93.388111,0.));
#6638=CARTESIAN_POINT('Ctrl Pts',(131.928057,93.250582,0.));
#6639=CARTESIAN_POINT('Ctrl Pts',(131.872,93.1304,0.));
#6640=CARTESIAN_POINT('',(131.888728,93.51273,1.6));
#6641=CARTESIAN_POINT('Ctrl Pts',(131.888728,93.51273,1.6));
#6642=CARTESIAN_POINT('Ctrl Pts',(131.934074,93.388111,1.6));
#6643=CARTESIAN_POINT('Ctrl Pts',(131.928057,93.250582,1.6));
#6644=CARTESIAN_POINT('Ctrl Pts',(131.872,93.1304,1.6));
#6645=CARTESIAN_POINT('',(131.888728,93.51273,0.));
#6646=CARTESIAN_POINT('Ctrl Pts',(131.6302,93.7949,0.));
#6647=CARTESIAN_POINT('Ctrl Pts',(131.6302,93.7949,1.6));
#6648=CARTESIAN_POINT('Ctrl Pts',(131.750385,93.738849,0.));
#6649=CARTESIAN_POINT('Ctrl Pts',(131.750385,93.738849,1.6));
#6650=CARTESIAN_POINT('Ctrl Pts',(131.843381,93.637349,0.));
#6651=CARTESIAN_POINT('Ctrl Pts',(131.843381,93.637349,1.6));
#6652=CARTESIAN_POINT('Ctrl Pts',(131.888728,93.51273,0.));
#6653=CARTESIAN_POINT('Ctrl Pts',(131.888728,93.51273,1.6));
#6654=CARTESIAN_POINT('Ctrl Pts',(131.6302,93.7949,0.));
#6655=CARTESIAN_POINT('Ctrl Pts',(131.750385,93.738849,0.));
#6656=CARTESIAN_POINT('Ctrl Pts',(131.843381,93.637349,0.));
#6657=CARTESIAN_POINT('Ctrl Pts',(131.888728,93.51273,0.));
#6658=CARTESIAN_POINT('Ctrl Pts',(131.6302,93.7949,1.6));
#6659=CARTESIAN_POINT('Ctrl Pts',(131.750385,93.738849,1.6));
#6660=CARTESIAN_POINT('Ctrl Pts',(131.843381,93.637349,1.6));
#6661=CARTESIAN_POINT('Ctrl Pts',(131.888728,93.51273,1.6));
#6662=CARTESIAN_POINT('Origin',(98.2644,107.6928,0.));
#6663=CARTESIAN_POINT('',(98.2644,107.6928,0.));
#6664=CARTESIAN_POINT('',(111.1644,107.6928,0.));
#6665=CARTESIAN_POINT('',(98.2644,107.6928,0.));
#6666=CARTESIAN_POINT('',(111.1644,107.6928,1.6));
#6667=CARTESIAN_POINT('',(111.1644,107.6928,0.));
#6668=CARTESIAN_POINT('',(98.2644,107.6928,1.6));
#6669=CARTESIAN_POINT('',(98.2644,107.6928,1.6));
#6670=CARTESIAN_POINT('',(98.2644,107.6928,0.));
#6671=CARTESIAN_POINT('Ctrl Pts',(97.910847,107.546353,0.));
#6672=CARTESIAN_POINT('Ctrl Pts',(97.910847,107.546353,1.6));
#6673=CARTESIAN_POINT('Ctrl Pts',(98.004615,107.640122,0.));
#6674=CARTESIAN_POINT('Ctrl Pts',(98.004615,107.640122,1.6));
#6675=CARTESIAN_POINT('Ctrl Pts',(98.131792,107.6928,0.));
#6676=CARTESIAN_POINT('Ctrl Pts',(98.131792,107.6928,1.6));
#6677=CARTESIAN_POINT('Ctrl Pts',(98.2644,107.6928,0.));
#6678=CARTESIAN_POINT('Ctrl Pts',(98.2644,107.6928,1.6));
#6679=CARTESIAN_POINT('',(97.910847,107.546353,0.));
#6680=CARTESIAN_POINT('Ctrl Pts',(97.910847,107.546353,0.));
#6681=CARTESIAN_POINT('Ctrl Pts',(98.004615,107.640122,0.));
#6682=CARTESIAN_POINT('Ctrl Pts',(98.131792,107.6928,0.));
#6683=CARTESIAN_POINT('Ctrl Pts',(98.2644,107.6928,0.));
#6684=CARTESIAN_POINT('',(97.910847,107.546353,1.6));
#6685=CARTESIAN_POINT('Ctrl Pts',(97.910847,107.546353,1.6));
#6686=CARTESIAN_POINT('Ctrl Pts',(98.004615,107.640122,1.6));
#6687=CARTESIAN_POINT('Ctrl Pts',(98.131792,107.6928,1.6));
#6688=CARTESIAN_POINT('Ctrl Pts',(98.2644,107.6928,1.6));
#6689=CARTESIAN_POINT('',(97.910847,107.546353,0.));
#6690=CARTESIAN_POINT('Ctrl Pts',(97.7644,107.1928,0.));
#6691=CARTESIAN_POINT('Ctrl Pts',(97.7644,107.1928,1.6));
#6692=CARTESIAN_POINT('Ctrl Pts',(97.7644,107.325408,0.));
#6693=CARTESIAN_POINT('Ctrl Pts',(97.7644,107.325408,1.6));
#6694=CARTESIAN_POINT('Ctrl Pts',(97.817078,107.452585,0.));
#6695=CARTESIAN_POINT('Ctrl Pts',(97.817078,107.452585,1.6));
#6696=CARTESIAN_POINT('Ctrl Pts',(97.910847,107.546353,0.));
#6697=CARTESIAN_POINT('Ctrl Pts',(97.910847,107.546353,1.6));
#6698=CARTESIAN_POINT('',(97.7644,107.1928,0.));
#6699=CARTESIAN_POINT('Ctrl Pts',(97.7644,107.1928,0.));
#6700=CARTESIAN_POINT('Ctrl Pts',(97.7644,107.325408,0.));
#6701=CARTESIAN_POINT('Ctrl Pts',(97.817078,107.452585,0.));
#6702=CARTESIAN_POINT('Ctrl Pts',(97.910847,107.546353,0.));
#6703=CARTESIAN_POINT('',(97.7644,107.1928,1.6));
#6704=CARTESIAN_POINT('Ctrl Pts',(97.7644,107.1928,1.6));
#6705=CARTESIAN_POINT('Ctrl Pts',(97.7644,107.325408,1.6));
#6706=CARTESIAN_POINT('Ctrl Pts',(97.817078,107.452585,1.6));
#6707=CARTESIAN_POINT('Ctrl Pts',(97.910847,107.546353,1.6));
#6708=CARTESIAN_POINT('',(97.7644,107.1928,0.));
#6709=CARTESIAN_POINT('Origin',(97.7644,94.2928,0.));
#6710=CARTESIAN_POINT('',(97.7644,94.2928,0.));
#6711=CARTESIAN_POINT('',(97.7644,94.2928,0.));
#6712=CARTESIAN_POINT('',(97.7644,94.2928,1.6));
#6713=CARTESIAN_POINT('',(97.7644,94.2928,1.6));
#6714=CARTESIAN_POINT('',(97.7644,94.2928,0.));
#6715=CARTESIAN_POINT('Ctrl Pts',(97.910847,93.939247,0.));
#6716=CARTESIAN_POINT('Ctrl Pts',(97.910847,93.939247,1.6));
#6717=CARTESIAN_POINT('Ctrl Pts',(97.817078,94.033015,0.));
#6718=CARTESIAN_POINT('Ctrl Pts',(97.817078,94.033015,1.6));
#6719=CARTESIAN_POINT('Ctrl Pts',(97.7644,94.160192,0.));
#6720=CARTESIAN_POINT('Ctrl Pts',(97.7644,94.160192,1.6));
#6721=CARTESIAN_POINT('Ctrl Pts',(97.7644,94.2928,0.));
#6722=CARTESIAN_POINT('Ctrl Pts',(97.7644,94.2928,1.6));
#6723=CARTESIAN_POINT('',(97.910847,93.939247,0.));
#6724=CARTESIAN_POINT('Ctrl Pts',(97.910847,93.939247,0.));
#6725=CARTESIAN_POINT('Ctrl Pts',(97.817078,94.033015,0.));
#6726=CARTESIAN_POINT('Ctrl Pts',(97.7644,94.160192,0.));
#6727=CARTESIAN_POINT('Ctrl Pts',(97.7644,94.2928,0.));
#6728=CARTESIAN_POINT('',(97.910847,93.939247,1.6));
#6729=CARTESIAN_POINT('Ctrl Pts',(97.910847,93.939247,1.6));
#6730=CARTESIAN_POINT('Ctrl Pts',(97.817078,94.033015,1.6));
#6731=CARTESIAN_POINT('Ctrl Pts',(97.7644,94.160192,1.6));
#6732=CARTESIAN_POINT('Ctrl Pts',(97.7644,94.2928,1.6));
#6733=CARTESIAN_POINT('',(97.910847,93.939247,0.));
#6734=CARTESIAN_POINT('Ctrl Pts',(98.2644,93.7928,0.));
#6735=CARTESIAN_POINT('Ctrl Pts',(98.2644,93.7928,1.6));
#6736=CARTESIAN_POINT('Ctrl Pts',(98.131792,93.7928,0.));
#6737=CARTESIAN_POINT('Ctrl Pts',(98.131792,93.7928,1.6));
#6738=CARTESIAN_POINT('Ctrl Pts',(98.004615,93.845478,0.));
#6739=CARTESIAN_POINT('Ctrl Pts',(98.004615,93.845478,1.6));
#6740=CARTESIAN_POINT('Ctrl Pts',(97.910847,93.939247,0.));
#6741=CARTESIAN_POINT('Ctrl Pts',(97.910847,93.939247,1.6));
#6742=CARTESIAN_POINT('',(98.2644,93.7928,0.));
#6743=CARTESIAN_POINT('Ctrl Pts',(98.2644,93.7928,0.));
#6744=CARTESIAN_POINT('Ctrl Pts',(98.131792,93.7928,0.));
#6745=CARTESIAN_POINT('Ctrl Pts',(98.004615,93.845478,0.));
#6746=CARTESIAN_POINT('Ctrl Pts',(97.910847,93.939247,0.));
#6747=CARTESIAN_POINT('',(98.2644,93.7928,1.6));
#6748=CARTESIAN_POINT('Ctrl Pts',(98.2644,93.7928,1.6));
#6749=CARTESIAN_POINT('Ctrl Pts',(98.131792,93.7928,1.6));
#6750=CARTESIAN_POINT('Ctrl Pts',(98.004615,93.845478,1.6));
#6751=CARTESIAN_POINT('Ctrl Pts',(97.910847,93.939247,1.6));
#6752=CARTESIAN_POINT('',(98.2644,93.7928,0.));
#6753=CARTESIAN_POINT('Origin',(111.1644,93.7928,0.));
#6754=CARTESIAN_POINT('',(111.1644,93.7928,0.));
#6755=CARTESIAN_POINT('',(111.1644,93.7928,0.));
#6756=CARTESIAN_POINT('',(111.1644,93.7928,1.6));
#6757=CARTESIAN_POINT('',(111.1644,93.7928,1.6));
#6758=CARTESIAN_POINT('',(111.1644,93.7928,0.));
#6759=CARTESIAN_POINT('Ctrl Pts',(111.517953,93.939247,0.));
#6760=CARTESIAN_POINT('Ctrl Pts',(111.517953,93.939247,1.6));
#6761=CARTESIAN_POINT('Ctrl Pts',(111.424185,93.845478,0.));
#6762=CARTESIAN_POINT('Ctrl Pts',(111.424185,93.845478,1.6));
#6763=CARTESIAN_POINT('Ctrl Pts',(111.297008,93.7928,0.));
#6764=CARTESIAN_POINT('Ctrl Pts',(111.297008,93.7928,1.6));
#6765=CARTESIAN_POINT('Ctrl Pts',(111.1644,93.7928,0.));
#6766=CARTESIAN_POINT('Ctrl Pts',(111.1644,93.7928,1.6));
#6767=CARTESIAN_POINT('',(111.517953,93.939247,0.));
#6768=CARTESIAN_POINT('Ctrl Pts',(111.517953,93.939247,0.));
#6769=CARTESIAN_POINT('Ctrl Pts',(111.424185,93.845478,0.));
#6770=CARTESIAN_POINT('Ctrl Pts',(111.297008,93.7928,0.));
#6771=CARTESIAN_POINT('Ctrl Pts',(111.1644,93.7928,0.));
#6772=CARTESIAN_POINT('',(111.517953,93.939247,1.6));
#6773=CARTESIAN_POINT('Ctrl Pts',(111.517953,93.939247,1.6));
#6774=CARTESIAN_POINT('Ctrl Pts',(111.424185,93.845478,1.6));
#6775=CARTESIAN_POINT('Ctrl Pts',(111.297008,93.7928,1.6));
#6776=CARTESIAN_POINT('Ctrl Pts',(111.1644,93.7928,1.6));
#6777=CARTESIAN_POINT('',(111.517953,93.939247,0.));
#6778=CARTESIAN_POINT('Ctrl Pts',(111.6644,94.2928,0.));
#6779=CARTESIAN_POINT('Ctrl Pts',(111.6644,94.2928,1.6));
#6780=CARTESIAN_POINT('Ctrl Pts',(111.6644,94.160192,0.));
#6781=CARTESIAN_POINT('Ctrl Pts',(111.6644,94.160192,1.6));
#6782=CARTESIAN_POINT('Ctrl Pts',(111.611722,94.033015,0.));
#6783=CARTESIAN_POINT('Ctrl Pts',(111.611722,94.033015,1.6));
#6784=CARTESIAN_POINT('Ctrl Pts',(111.517953,93.939247,0.));
#6785=CARTESIAN_POINT('Ctrl Pts',(111.517953,93.939247,1.6));
#6786=CARTESIAN_POINT('',(111.6644,94.2928,0.));
#6787=CARTESIAN_POINT('Ctrl Pts',(111.6644,94.2928,0.));
#6788=CARTESIAN_POINT('Ctrl Pts',(111.6644,94.160192,0.));
#6789=CARTESIAN_POINT('Ctrl Pts',(111.611722,94.033015,0.));
#6790=CARTESIAN_POINT('Ctrl Pts',(111.517953,93.939247,0.));
#6791=CARTESIAN_POINT('',(111.6644,94.2928,1.6));
#6792=CARTESIAN_POINT('Ctrl Pts',(111.6644,94.2928,1.6));
#6793=CARTESIAN_POINT('Ctrl Pts',(111.6644,94.160192,1.6));
#6794=CARTESIAN_POINT('Ctrl Pts',(111.611722,94.033015,1.6));
#6795=CARTESIAN_POINT('Ctrl Pts',(111.517953,93.939247,1.6));
#6796=CARTESIAN_POINT('',(111.6644,94.2928,0.));
#6797=CARTESIAN_POINT('Origin',(111.6644,107.1928,0.));
#6798=CARTESIAN_POINT('',(111.6644,107.1928,0.));
#6799=CARTESIAN_POINT('',(111.6644,107.1928,0.));
#6800=CARTESIAN_POINT('',(111.6644,107.1928,1.6));
#6801=CARTESIAN_POINT('',(111.6644,107.1928,1.6));
#6802=CARTESIAN_POINT('',(111.6644,107.1928,0.));
#6803=CARTESIAN_POINT('Ctrl Pts',(111.517953,107.546353,0.));
#6804=CARTESIAN_POINT('Ctrl Pts',(111.517953,107.546353,1.6));
#6805=CARTESIAN_POINT('Ctrl Pts',(111.611722,107.452585,0.));
#6806=CARTESIAN_POINT('Ctrl Pts',(111.611722,107.452585,1.6));
#6807=CARTESIAN_POINT('Ctrl Pts',(111.6644,107.325408,0.));
#6808=CARTESIAN_POINT('Ctrl Pts',(111.6644,107.325408,1.6));
#6809=CARTESIAN_POINT('Ctrl Pts',(111.6644,107.1928,0.));
#6810=CARTESIAN_POINT('Ctrl Pts',(111.6644,107.1928,1.6));
#6811=CARTESIAN_POINT('',(111.517953,107.546353,0.));
#6812=CARTESIAN_POINT('Ctrl Pts',(111.517953,107.546353,0.));
#6813=CARTESIAN_POINT('Ctrl Pts',(111.611722,107.452585,0.));
#6814=CARTESIAN_POINT('Ctrl Pts',(111.6644,107.325408,0.));
#6815=CARTESIAN_POINT('Ctrl Pts',(111.6644,107.1928,0.));
#6816=CARTESIAN_POINT('',(111.517953,107.546353,1.6));
#6817=CARTESIAN_POINT('Ctrl Pts',(111.517953,107.546353,1.6));
#6818=CARTESIAN_POINT('Ctrl Pts',(111.611722,107.452585,1.6));
#6819=CARTESIAN_POINT('Ctrl Pts',(111.6644,107.325408,1.6));
#6820=CARTESIAN_POINT('Ctrl Pts',(111.6644,107.1928,1.6));
#6821=CARTESIAN_POINT('',(111.517953,107.546353,0.));
#6822=CARTESIAN_POINT('Ctrl Pts',(111.1644,107.6928,0.));
#6823=CARTESIAN_POINT('Ctrl Pts',(111.1644,107.6928,1.6));
#6824=CARTESIAN_POINT('Ctrl Pts',(111.297008,107.6928,0.));
#6825=CARTESIAN_POINT('Ctrl Pts',(111.297008,107.6928,1.6));
#6826=CARTESIAN_POINT('Ctrl Pts',(111.424185,107.640122,0.));
#6827=CARTESIAN_POINT('Ctrl Pts',(111.424185,107.640122,1.6));
#6828=CARTESIAN_POINT('Ctrl Pts',(111.517953,107.546353,0.));
#6829=CARTESIAN_POINT('Ctrl Pts',(111.517953,107.546353,1.6));
#6830=CARTESIAN_POINT('Ctrl Pts',(111.1644,107.6928,0.));
#6831=CARTESIAN_POINT('Ctrl Pts',(111.297008,107.6928,0.));
#6832=CARTESIAN_POINT('Ctrl Pts',(111.424185,107.640122,0.));
#6833=CARTESIAN_POINT('Ctrl Pts',(111.517953,107.546353,0.));
#6834=CARTESIAN_POINT('Ctrl Pts',(111.1644,107.6928,1.6));
#6835=CARTESIAN_POINT('Ctrl Pts',(111.297008,107.6928,1.6));
#6836=CARTESIAN_POINT('Ctrl Pts',(111.424185,107.640122,1.6));
#6837=CARTESIAN_POINT('Ctrl Pts',(111.517953,107.546353,1.6));
#6838=CARTESIAN_POINT('Origin',(80.2644,149.8478,0.));
#6839=CARTESIAN_POINT('',(80.2644,149.8478,0.));
#6840=CARTESIAN_POINT('',(93.1644,149.8478,0.));
#6841=CARTESIAN_POINT('',(80.2644,149.8478,0.));
#6842=CARTESIAN_POINT('',(93.1644,149.8478,1.6));
#6843=CARTESIAN_POINT('',(93.1644,149.8478,0.));
#6844=CARTESIAN_POINT('',(80.2644,149.8478,1.6));
#6845=CARTESIAN_POINT('',(80.2644,149.8478,1.6));
#6846=CARTESIAN_POINT('',(80.2644,149.8478,0.));
#6847=CARTESIAN_POINT('Ctrl Pts',(79.910847,149.701353,0.));
#6848=CARTESIAN_POINT('Ctrl Pts',(79.910847,149.701353,1.6));
#6849=CARTESIAN_POINT('Ctrl Pts',(80.004615,149.795122,0.));
#6850=CARTESIAN_POINT('Ctrl Pts',(80.004615,149.795122,1.6));
#6851=CARTESIAN_POINT('Ctrl Pts',(80.131792,149.8478,0.));
#6852=CARTESIAN_POINT('Ctrl Pts',(80.131792,149.8478,1.6));
#6853=CARTESIAN_POINT('Ctrl Pts',(80.2644,149.8478,0.));
#6854=CARTESIAN_POINT('Ctrl Pts',(80.2644,149.8478,1.6));
#6855=CARTESIAN_POINT('',(79.910847,149.701353,0.));
#6856=CARTESIAN_POINT('Ctrl Pts',(79.910847,149.701353,0.));
#6857=CARTESIAN_POINT('Ctrl Pts',(80.004615,149.795122,0.));
#6858=CARTESIAN_POINT('Ctrl Pts',(80.131792,149.8478,0.));
#6859=CARTESIAN_POINT('Ctrl Pts',(80.2644,149.8478,0.));
#6860=CARTESIAN_POINT('',(79.910847,149.701353,1.6));
#6861=CARTESIAN_POINT('Ctrl Pts',(79.910847,149.701353,1.6));
#6862=CARTESIAN_POINT('Ctrl Pts',(80.004615,149.795122,1.6));
#6863=CARTESIAN_POINT('Ctrl Pts',(80.131792,149.8478,1.6));
#6864=CARTESIAN_POINT('Ctrl Pts',(80.2644,149.8478,1.6));
#6865=CARTESIAN_POINT('',(79.910847,149.701353,0.));
#6866=CARTESIAN_POINT('Ctrl Pts',(79.7644,149.3478,0.));
#6867=CARTESIAN_POINT('Ctrl Pts',(79.7644,149.3478,1.6));
#6868=CARTESIAN_POINT('Ctrl Pts',(79.7644,149.480408,0.));
#6869=CARTESIAN_POINT('Ctrl Pts',(79.7644,149.480408,1.6));
#6870=CARTESIAN_POINT('Ctrl Pts',(79.817078,149.607585,0.));
#6871=CARTESIAN_POINT('Ctrl Pts',(79.817078,149.607585,1.6));
#6872=CARTESIAN_POINT('Ctrl Pts',(79.910847,149.701353,0.));
#6873=CARTESIAN_POINT('Ctrl Pts',(79.910847,149.701353,1.6));
#6874=CARTESIAN_POINT('',(79.7644,149.3478,0.));
#6875=CARTESIAN_POINT('Ctrl Pts',(79.7644,149.3478,0.));
#6876=CARTESIAN_POINT('Ctrl Pts',(79.7644,149.480408,0.));
#6877=CARTESIAN_POINT('Ctrl Pts',(79.817078,149.607585,0.));
#6878=CARTESIAN_POINT('Ctrl Pts',(79.910847,149.701353,0.));
#6879=CARTESIAN_POINT('',(79.7644,149.3478,1.6));
#6880=CARTESIAN_POINT('Ctrl Pts',(79.7644,149.3478,1.6));
#6881=CARTESIAN_POINT('Ctrl Pts',(79.7644,149.480408,1.6));
#6882=CARTESIAN_POINT('Ctrl Pts',(79.817078,149.607585,1.6));
#6883=CARTESIAN_POINT('Ctrl Pts',(79.910847,149.701353,1.6));
#6884=CARTESIAN_POINT('',(79.7644,149.3478,0.));
#6885=CARTESIAN_POINT('Origin',(79.7644,136.4478,0.));
#6886=CARTESIAN_POINT('',(79.7644,136.4478,0.));
#6887=CARTESIAN_POINT('',(79.7644,136.4478,0.));
#6888=CARTESIAN_POINT('',(79.7644,136.4478,1.6));
#6889=CARTESIAN_POINT('',(79.7644,136.4478,1.6));
#6890=CARTESIAN_POINT('',(79.7644,136.4478,0.));
#6891=CARTESIAN_POINT('Ctrl Pts',(79.910847,136.094247,0.));
#6892=CARTESIAN_POINT('Ctrl Pts',(79.910847,136.094247,1.6));
#6893=CARTESIAN_POINT('Ctrl Pts',(79.817078,136.188015,0.));
#6894=CARTESIAN_POINT('Ctrl Pts',(79.817078,136.188015,1.6));
#6895=CARTESIAN_POINT('Ctrl Pts',(79.7644,136.315192,0.));
#6896=CARTESIAN_POINT('Ctrl Pts',(79.7644,136.315192,1.6));
#6897=CARTESIAN_POINT('Ctrl Pts',(79.7644,136.4478,0.));
#6898=CARTESIAN_POINT('Ctrl Pts',(79.7644,136.4478,1.6));
#6899=CARTESIAN_POINT('',(79.910847,136.094247,0.));
#6900=CARTESIAN_POINT('Ctrl Pts',(79.910847,136.094247,0.));
#6901=CARTESIAN_POINT('Ctrl Pts',(79.817078,136.188015,0.));
#6902=CARTESIAN_POINT('Ctrl Pts',(79.7644,136.315192,0.));
#6903=CARTESIAN_POINT('Ctrl Pts',(79.7644,136.4478,0.));
#6904=CARTESIAN_POINT('',(79.910847,136.094247,1.6));
#6905=CARTESIAN_POINT('Ctrl Pts',(79.910847,136.094247,1.6));
#6906=CARTESIAN_POINT('Ctrl Pts',(79.817078,136.188015,1.6));
#6907=CARTESIAN_POINT('Ctrl Pts',(79.7644,136.315192,1.6));
#6908=CARTESIAN_POINT('Ctrl Pts',(79.7644,136.4478,1.6));
#6909=CARTESIAN_POINT('',(79.910847,136.094247,0.));
#6910=CARTESIAN_POINT('Ctrl Pts',(80.2644,135.9478,0.));
#6911=CARTESIAN_POINT('Ctrl Pts',(80.2644,135.9478,1.6));
#6912=CARTESIAN_POINT('Ctrl Pts',(80.131792,135.9478,0.));
#6913=CARTESIAN_POINT('Ctrl Pts',(80.131792,135.9478,1.6));
#6914=CARTESIAN_POINT('Ctrl Pts',(80.004615,136.000478,0.));
#6915=CARTESIAN_POINT('Ctrl Pts',(80.004615,136.000478,1.6));
#6916=CARTESIAN_POINT('Ctrl Pts',(79.910847,136.094247,0.));
#6917=CARTESIAN_POINT('Ctrl Pts',(79.910847,136.094247,1.6));
#6918=CARTESIAN_POINT('',(80.2644,135.9478,0.));
#6919=CARTESIAN_POINT('Ctrl Pts',(80.2644,135.9478,0.));
#6920=CARTESIAN_POINT('Ctrl Pts',(80.131792,135.9478,0.));
#6921=CARTESIAN_POINT('Ctrl Pts',(80.004615,136.000478,0.));
#6922=CARTESIAN_POINT('Ctrl Pts',(79.910847,136.094247,0.));
#6923=CARTESIAN_POINT('',(80.2644,135.9478,1.6));
#6924=CARTESIAN_POINT('Ctrl Pts',(80.2644,135.9478,1.6));
#6925=CARTESIAN_POINT('Ctrl Pts',(80.131792,135.9478,1.6));
#6926=CARTESIAN_POINT('Ctrl Pts',(80.004615,136.000478,1.6));
#6927=CARTESIAN_POINT('Ctrl Pts',(79.910847,136.094247,1.6));
#6928=CARTESIAN_POINT('',(80.2644,135.9478,0.));
#6929=CARTESIAN_POINT('Origin',(93.1644,135.9478,0.));
#6930=CARTESIAN_POINT('',(93.1644,135.9478,0.));
#6931=CARTESIAN_POINT('',(93.1644,135.9478,0.));
#6932=CARTESIAN_POINT('',(93.1644,135.9478,1.6));
#6933=CARTESIAN_POINT('',(93.1644,135.9478,1.6));
#6934=CARTESIAN_POINT('',(93.1644,135.9478,0.));
#6935=CARTESIAN_POINT('Ctrl Pts',(93.517953,136.094247,0.));
#6936=CARTESIAN_POINT('Ctrl Pts',(93.517953,136.094247,1.6));
#6937=CARTESIAN_POINT('Ctrl Pts',(93.424185,136.000478,0.));
#6938=CARTESIAN_POINT('Ctrl Pts',(93.424185,136.000478,1.6));
#6939=CARTESIAN_POINT('Ctrl Pts',(93.297008,135.9478,0.));
#6940=CARTESIAN_POINT('Ctrl Pts',(93.297008,135.9478,1.6));
#6941=CARTESIAN_POINT('Ctrl Pts',(93.1644,135.9478,0.));
#6942=CARTESIAN_POINT('Ctrl Pts',(93.1644,135.9478,1.6));
#6943=CARTESIAN_POINT('',(93.517953,136.094247,0.));
#6944=CARTESIAN_POINT('Ctrl Pts',(93.517953,136.094247,0.));
#6945=CARTESIAN_POINT('Ctrl Pts',(93.424185,136.000478,0.));
#6946=CARTESIAN_POINT('Ctrl Pts',(93.297008,135.9478,0.));
#6947=CARTESIAN_POINT('Ctrl Pts',(93.1644,135.9478,0.));
#6948=CARTESIAN_POINT('',(93.517953,136.094247,1.6));
#6949=CARTESIAN_POINT('Ctrl Pts',(93.517953,136.094247,1.6));
#6950=CARTESIAN_POINT('Ctrl Pts',(93.424185,136.000478,1.6));
#6951=CARTESIAN_POINT('Ctrl Pts',(93.297008,135.9478,1.6));
#6952=CARTESIAN_POINT('Ctrl Pts',(93.1644,135.9478,1.6));
#6953=CARTESIAN_POINT('',(93.517953,136.094247,0.));
#6954=CARTESIAN_POINT('Ctrl Pts',(93.6644,136.4478,0.));
#6955=CARTESIAN_POINT('Ctrl Pts',(93.6644,136.4478,1.6));
#6956=CARTESIAN_POINT('Ctrl Pts',(93.6644,136.315192,0.));
#6957=CARTESIAN_POINT('Ctrl Pts',(93.6644,136.315192,1.6));
#6958=CARTESIAN_POINT('Ctrl Pts',(93.611722,136.188015,0.));
#6959=CARTESIAN_POINT('Ctrl Pts',(93.611722,136.188015,1.6));
#6960=CARTESIAN_POINT('Ctrl Pts',(93.517953,136.094247,0.));
#6961=CARTESIAN_POINT('Ctrl Pts',(93.517953,136.094247,1.6));
#6962=CARTESIAN_POINT('',(93.6644,136.4478,0.));
#6963=CARTESIAN_POINT('Ctrl Pts',(93.6644,136.4478,0.));
#6964=CARTESIAN_POINT('Ctrl Pts',(93.6644,136.315192,0.));
#6965=CARTESIAN_POINT('Ctrl Pts',(93.611722,136.188015,0.));
#6966=CARTESIAN_POINT('Ctrl Pts',(93.517953,136.094247,0.));
#6967=CARTESIAN_POINT('',(93.6644,136.4478,1.6));
#6968=CARTESIAN_POINT('Ctrl Pts',(93.6644,136.4478,1.6));
#6969=CARTESIAN_POINT('Ctrl Pts',(93.6644,136.315192,1.6));
#6970=CARTESIAN_POINT('Ctrl Pts',(93.611722,136.188015,1.6));
#6971=CARTESIAN_POINT('Ctrl Pts',(93.517953,136.094247,1.6));
#6972=CARTESIAN_POINT('',(93.6644,136.4478,0.));
#6973=CARTESIAN_POINT('Origin',(93.6644,149.3478,0.));
#6974=CARTESIAN_POINT('',(93.6644,149.3478,0.));
#6975=CARTESIAN_POINT('',(93.6644,149.3478,0.));
#6976=CARTESIAN_POINT('',(93.6644,149.3478,1.6));
#6977=CARTESIAN_POINT('',(93.6644,149.3478,1.6));
#6978=CARTESIAN_POINT('',(93.6644,149.3478,0.));
#6979=CARTESIAN_POINT('Ctrl Pts',(93.517953,149.701353,0.));
#6980=CARTESIAN_POINT('Ctrl Pts',(93.517953,149.701353,1.6));
#6981=CARTESIAN_POINT('Ctrl Pts',(93.611722,149.607585,0.));
#6982=CARTESIAN_POINT('Ctrl Pts',(93.611722,149.607585,1.6));
#6983=CARTESIAN_POINT('Ctrl Pts',(93.6644,149.480408,0.));
#6984=CARTESIAN_POINT('Ctrl Pts',(93.6644,149.480408,1.6));
#6985=CARTESIAN_POINT('Ctrl Pts',(93.6644,149.3478,0.));
#6986=CARTESIAN_POINT('Ctrl Pts',(93.6644,149.3478,1.6));
#6987=CARTESIAN_POINT('',(93.517953,149.701353,0.));
#6988=CARTESIAN_POINT('Ctrl Pts',(93.517953,149.701353,0.));
#6989=CARTESIAN_POINT('Ctrl Pts',(93.611722,149.607585,0.));
#6990=CARTESIAN_POINT('Ctrl Pts',(93.6644,149.480408,0.));
#6991=CARTESIAN_POINT('Ctrl Pts',(93.6644,149.3478,0.));
#6992=CARTESIAN_POINT('',(93.517953,149.701353,1.6));
#6993=CARTESIAN_POINT('Ctrl Pts',(93.517953,149.701353,1.6));
#6994=CARTESIAN_POINT('Ctrl Pts',(93.611722,149.607585,1.6));
#6995=CARTESIAN_POINT('Ctrl Pts',(93.6644,149.480408,1.6));
#6996=CARTESIAN_POINT('Ctrl Pts',(93.6644,149.3478,1.6));
#6997=CARTESIAN_POINT('',(93.517953,149.701353,0.));
#6998=CARTESIAN_POINT('Ctrl Pts',(93.1644,149.8478,0.));
#6999=CARTESIAN_POINT('Ctrl Pts',(93.1644,149.8478,1.6));
#7000=CARTESIAN_POINT('Ctrl Pts',(93.297008,149.8478,0.));
#7001=CARTESIAN_POINT('Ctrl Pts',(93.297008,149.8478,1.6));
#7002=CARTESIAN_POINT('Ctrl Pts',(93.424185,149.795122,0.));
#7003=CARTESIAN_POINT('Ctrl Pts',(93.424185,149.795122,1.6));
#7004=CARTESIAN_POINT('Ctrl Pts',(93.517953,149.701353,0.));
#7005=CARTESIAN_POINT('Ctrl Pts',(93.517953,149.701353,1.6));
#7006=CARTESIAN_POINT('Ctrl Pts',(93.1644,149.8478,0.));
#7007=CARTESIAN_POINT('Ctrl Pts',(93.297008,149.8478,0.));
#7008=CARTESIAN_POINT('Ctrl Pts',(93.424185,149.795122,0.));
#7009=CARTESIAN_POINT('Ctrl Pts',(93.517953,149.701353,0.));
#7010=CARTESIAN_POINT('Ctrl Pts',(93.1644,149.8478,1.6));
#7011=CARTESIAN_POINT('Ctrl Pts',(93.297008,149.8478,1.6));
#7012=CARTESIAN_POINT('Ctrl Pts',(93.424185,149.795122,1.6));
#7013=CARTESIAN_POINT('Ctrl Pts',(93.517953,149.701353,1.6));
#7014=CARTESIAN_POINT('Origin',(80.2644,115.8478,0.));
#7015=CARTESIAN_POINT('',(80.2644,115.8478,0.));
#7016=CARTESIAN_POINT('',(93.1644,115.8478,0.));
#7017=CARTESIAN_POINT('',(80.2644,115.8478,0.));
#7018=CARTESIAN_POINT('',(93.1644,115.8478,1.6));
#7019=CARTESIAN_POINT('',(93.1644,115.8478,0.));
#7020=CARTESIAN_POINT('',(80.2644,115.8478,1.6));
#7021=CARTESIAN_POINT('',(80.2644,115.8478,1.6));
#7022=CARTESIAN_POINT('',(80.2644,115.8478,0.));
#7023=CARTESIAN_POINT('Ctrl Pts',(79.910847,115.701353,0.));
#7024=CARTESIAN_POINT('Ctrl Pts',(79.910847,115.701353,1.6));
#7025=CARTESIAN_POINT('Ctrl Pts',(80.004615,115.795122,0.));
#7026=CARTESIAN_POINT('Ctrl Pts',(80.004615,115.795122,1.6));
#7027=CARTESIAN_POINT('Ctrl Pts',(80.131792,115.8478,0.));
#7028=CARTESIAN_POINT('Ctrl Pts',(80.131792,115.8478,1.6));
#7029=CARTESIAN_POINT('Ctrl Pts',(80.2644,115.8478,0.));
#7030=CARTESIAN_POINT('Ctrl Pts',(80.2644,115.8478,1.6));
#7031=CARTESIAN_POINT('',(79.910847,115.701353,0.));
#7032=CARTESIAN_POINT('Ctrl Pts',(79.910847,115.701353,0.));
#7033=CARTESIAN_POINT('Ctrl Pts',(80.004615,115.795122,0.));
#7034=CARTESIAN_POINT('Ctrl Pts',(80.131792,115.8478,0.));
#7035=CARTESIAN_POINT('Ctrl Pts',(80.2644,115.8478,0.));
#7036=CARTESIAN_POINT('',(79.910847,115.701353,1.6));
#7037=CARTESIAN_POINT('Ctrl Pts',(79.910847,115.701353,1.6));
#7038=CARTESIAN_POINT('Ctrl Pts',(80.004615,115.795122,1.6));
#7039=CARTESIAN_POINT('Ctrl Pts',(80.131792,115.8478,1.6));
#7040=CARTESIAN_POINT('Ctrl Pts',(80.2644,115.8478,1.6));
#7041=CARTESIAN_POINT('',(79.910847,115.701353,0.));
#7042=CARTESIAN_POINT('Ctrl Pts',(79.7644,115.3478,0.));
#7043=CARTESIAN_POINT('Ctrl Pts',(79.7644,115.3478,1.6));
#7044=CARTESIAN_POINT('Ctrl Pts',(79.7644,115.480408,0.));
#7045=CARTESIAN_POINT('Ctrl Pts',(79.7644,115.480408,1.6));
#7046=CARTESIAN_POINT('Ctrl Pts',(79.817078,115.607585,0.));
#7047=CARTESIAN_POINT('Ctrl Pts',(79.817078,115.607585,1.6));
#7048=CARTESIAN_POINT('Ctrl Pts',(79.910847,115.701353,0.));
#7049=CARTESIAN_POINT('Ctrl Pts',(79.910847,115.701353,1.6));
#7050=CARTESIAN_POINT('',(79.7644,115.3478,0.));
#7051=CARTESIAN_POINT('Ctrl Pts',(79.7644,115.3478,0.));
#7052=CARTESIAN_POINT('Ctrl Pts',(79.7644,115.480408,0.));
#7053=CARTESIAN_POINT('Ctrl Pts',(79.817078,115.607585,0.));
#7054=CARTESIAN_POINT('Ctrl Pts',(79.910847,115.701353,0.));
#7055=CARTESIAN_POINT('',(79.7644,115.3478,1.6));
#7056=CARTESIAN_POINT('Ctrl Pts',(79.7644,115.3478,1.6));
#7057=CARTESIAN_POINT('Ctrl Pts',(79.7644,115.480408,1.6));
#7058=CARTESIAN_POINT('Ctrl Pts',(79.817078,115.607585,1.6));
#7059=CARTESIAN_POINT('Ctrl Pts',(79.910847,115.701353,1.6));
#7060=CARTESIAN_POINT('',(79.7644,115.3478,0.));
#7061=CARTESIAN_POINT('Origin',(79.7644,102.4478,0.));
#7062=CARTESIAN_POINT('',(79.7644,102.4478,0.));
#7063=CARTESIAN_POINT('',(79.7644,102.4478,0.));
#7064=CARTESIAN_POINT('',(79.7644,102.4478,1.6));
#7065=CARTESIAN_POINT('',(79.7644,102.4478,1.6));
#7066=CARTESIAN_POINT('',(79.7644,102.4478,0.));
#7067=CARTESIAN_POINT('Ctrl Pts',(79.910847,102.094247,0.));
#7068=CARTESIAN_POINT('Ctrl Pts',(79.910847,102.094247,1.6));
#7069=CARTESIAN_POINT('Ctrl Pts',(79.817078,102.188015,0.));
#7070=CARTESIAN_POINT('Ctrl Pts',(79.817078,102.188015,1.6));
#7071=CARTESIAN_POINT('Ctrl Pts',(79.7644,102.315192,0.));
#7072=CARTESIAN_POINT('Ctrl Pts',(79.7644,102.315192,1.6));
#7073=CARTESIAN_POINT('Ctrl Pts',(79.7644,102.4478,0.));
#7074=CARTESIAN_POINT('Ctrl Pts',(79.7644,102.4478,1.6));
#7075=CARTESIAN_POINT('',(79.910847,102.094247,0.));
#7076=CARTESIAN_POINT('Ctrl Pts',(79.910847,102.094247,0.));
#7077=CARTESIAN_POINT('Ctrl Pts',(79.817078,102.188015,0.));
#7078=CARTESIAN_POINT('Ctrl Pts',(79.7644,102.315192,0.));
#7079=CARTESIAN_POINT('Ctrl Pts',(79.7644,102.4478,0.));
#7080=CARTESIAN_POINT('',(79.910847,102.094247,1.6));
#7081=CARTESIAN_POINT('Ctrl Pts',(79.910847,102.094247,1.6));
#7082=CARTESIAN_POINT('Ctrl Pts',(79.817078,102.188015,1.6));
#7083=CARTESIAN_POINT('Ctrl Pts',(79.7644,102.315192,1.6));
#7084=CARTESIAN_POINT('Ctrl Pts',(79.7644,102.4478,1.6));
#7085=CARTESIAN_POINT('',(79.910847,102.094247,0.));
#7086=CARTESIAN_POINT('Ctrl Pts',(80.2644,101.9478,0.));
#7087=CARTESIAN_POINT('Ctrl Pts',(80.2644,101.9478,1.6));
#7088=CARTESIAN_POINT('Ctrl Pts',(80.131792,101.9478,0.));
#7089=CARTESIAN_POINT('Ctrl Pts',(80.131792,101.9478,1.6));
#7090=CARTESIAN_POINT('Ctrl Pts',(80.004615,102.000478,0.));
#7091=CARTESIAN_POINT('Ctrl Pts',(80.004615,102.000478,1.6));
#7092=CARTESIAN_POINT('Ctrl Pts',(79.910847,102.094247,0.));
#7093=CARTESIAN_POINT('Ctrl Pts',(79.910847,102.094247,1.6));
#7094=CARTESIAN_POINT('',(80.2644,101.9478,0.));
#7095=CARTESIAN_POINT('Ctrl Pts',(80.2644,101.9478,0.));
#7096=CARTESIAN_POINT('Ctrl Pts',(80.131792,101.9478,0.));
#7097=CARTESIAN_POINT('Ctrl Pts',(80.004615,102.000478,0.));
#7098=CARTESIAN_POINT('Ctrl Pts',(79.910847,102.094247,0.));
#7099=CARTESIAN_POINT('',(80.2644,101.9478,1.6));
#7100=CARTESIAN_POINT('Ctrl Pts',(80.2644,101.9478,1.6));
#7101=CARTESIAN_POINT('Ctrl Pts',(80.131792,101.9478,1.6));
#7102=CARTESIAN_POINT('Ctrl Pts',(80.004615,102.000478,1.6));
#7103=CARTESIAN_POINT('Ctrl Pts',(79.910847,102.094247,1.6));
#7104=CARTESIAN_POINT('',(80.2644,101.9478,0.));
#7105=CARTESIAN_POINT('Origin',(93.1644,101.9478,0.));
#7106=CARTESIAN_POINT('',(93.1644,101.9478,0.));
#7107=CARTESIAN_POINT('',(93.1644,101.9478,0.));
#7108=CARTESIAN_POINT('',(93.1644,101.9478,1.6));
#7109=CARTESIAN_POINT('',(93.1644,101.9478,1.6));
#7110=CARTESIAN_POINT('',(93.1644,101.9478,0.));
#7111=CARTESIAN_POINT('Ctrl Pts',(93.517953,102.094247,0.));
#7112=CARTESIAN_POINT('Ctrl Pts',(93.517953,102.094247,1.6));
#7113=CARTESIAN_POINT('Ctrl Pts',(93.424185,102.000478,0.));
#7114=CARTESIAN_POINT('Ctrl Pts',(93.424185,102.000478,1.6));
#7115=CARTESIAN_POINT('Ctrl Pts',(93.297008,101.9478,0.));
#7116=CARTESIAN_POINT('Ctrl Pts',(93.297008,101.9478,1.6));
#7117=CARTESIAN_POINT('Ctrl Pts',(93.1644,101.9478,0.));
#7118=CARTESIAN_POINT('Ctrl Pts',(93.1644,101.9478,1.6));
#7119=CARTESIAN_POINT('',(93.517953,102.094247,0.));
#7120=CARTESIAN_POINT('Ctrl Pts',(93.517953,102.094247,0.));
#7121=CARTESIAN_POINT('Ctrl Pts',(93.424185,102.000478,0.));
#7122=CARTESIAN_POINT('Ctrl Pts',(93.297008,101.9478,0.));
#7123=CARTESIAN_POINT('Ctrl Pts',(93.1644,101.9478,0.));
#7124=CARTESIAN_POINT('',(93.517953,102.094247,1.6));
#7125=CARTESIAN_POINT('Ctrl Pts',(93.517953,102.094247,1.6));
#7126=CARTESIAN_POINT('Ctrl Pts',(93.424185,102.000478,1.6));
#7127=CARTESIAN_POINT('Ctrl Pts',(93.297008,101.9478,1.6));
#7128=CARTESIAN_POINT('Ctrl Pts',(93.1644,101.9478,1.6));
#7129=CARTESIAN_POINT('',(93.517953,102.094247,0.));
#7130=CARTESIAN_POINT('Ctrl Pts',(93.6644,102.4478,0.));
#7131=CARTESIAN_POINT('Ctrl Pts',(93.6644,102.4478,1.6));
#7132=CARTESIAN_POINT('Ctrl Pts',(93.6644,102.315192,0.));
#7133=CARTESIAN_POINT('Ctrl Pts',(93.6644,102.315192,1.6));
#7134=CARTESIAN_POINT('Ctrl Pts',(93.611722,102.188015,0.));
#7135=CARTESIAN_POINT('Ctrl Pts',(93.611722,102.188015,1.6));
#7136=CARTESIAN_POINT('Ctrl Pts',(93.517953,102.094247,0.));
#7137=CARTESIAN_POINT('Ctrl Pts',(93.517953,102.094247,1.6));
#7138=CARTESIAN_POINT('',(93.6644,102.4478,0.));
#7139=CARTESIAN_POINT('Ctrl Pts',(93.6644,102.4478,0.));
#7140=CARTESIAN_POINT('Ctrl Pts',(93.6644,102.315192,0.));
#7141=CARTESIAN_POINT('Ctrl Pts',(93.611722,102.188015,0.));
#7142=CARTESIAN_POINT('Ctrl Pts',(93.517953,102.094247,0.));
#7143=CARTESIAN_POINT('',(93.6644,102.4478,1.6));
#7144=CARTESIAN_POINT('Ctrl Pts',(93.6644,102.4478,1.6));
#7145=CARTESIAN_POINT('Ctrl Pts',(93.6644,102.315192,1.6));
#7146=CARTESIAN_POINT('Ctrl Pts',(93.611722,102.188015,1.6));
#7147=CARTESIAN_POINT('Ctrl Pts',(93.517953,102.094247,1.6));
#7148=CARTESIAN_POINT('',(93.6644,102.4478,0.));
#7149=CARTESIAN_POINT('Origin',(93.6644,115.3478,0.));
#7150=CARTESIAN_POINT('',(93.6644,115.3478,0.));
#7151=CARTESIAN_POINT('',(93.6644,115.3478,0.));
#7152=CARTESIAN_POINT('',(93.6644,115.3478,1.6));
#7153=CARTESIAN_POINT('',(93.6644,115.3478,1.6));
#7154=CARTESIAN_POINT('',(93.6644,115.3478,0.));
#7155=CARTESIAN_POINT('Ctrl Pts',(93.517953,115.701353,0.));
#7156=CARTESIAN_POINT('Ctrl Pts',(93.517953,115.701353,1.6));
#7157=CARTESIAN_POINT('Ctrl Pts',(93.611722,115.607585,0.));
#7158=CARTESIAN_POINT('Ctrl Pts',(93.611722,115.607585,1.6));
#7159=CARTESIAN_POINT('Ctrl Pts',(93.6644,115.480408,0.));
#7160=CARTESIAN_POINT('Ctrl Pts',(93.6644,115.480408,1.6));
#7161=CARTESIAN_POINT('Ctrl Pts',(93.6644,115.3478,0.));
#7162=CARTESIAN_POINT('Ctrl Pts',(93.6644,115.3478,1.6));
#7163=CARTESIAN_POINT('',(93.517953,115.701353,0.));
#7164=CARTESIAN_POINT('Ctrl Pts',(93.517953,115.701353,0.));
#7165=CARTESIAN_POINT('Ctrl Pts',(93.611722,115.607585,0.));
#7166=CARTESIAN_POINT('Ctrl Pts',(93.6644,115.480408,0.));
#7167=CARTESIAN_POINT('Ctrl Pts',(93.6644,115.3478,0.));
#7168=CARTESIAN_POINT('',(93.517953,115.701353,1.6));
#7169=CARTESIAN_POINT('Ctrl Pts',(93.517953,115.701353,1.6));
#7170=CARTESIAN_POINT('Ctrl Pts',(93.611722,115.607585,1.6));
#7171=CARTESIAN_POINT('Ctrl Pts',(93.6644,115.480408,1.6));
#7172=CARTESIAN_POINT('Ctrl Pts',(93.6644,115.3478,1.6));
#7173=CARTESIAN_POINT('',(93.517953,115.701353,0.));
#7174=CARTESIAN_POINT('Ctrl Pts',(93.1644,115.8478,0.));
#7175=CARTESIAN_POINT('Ctrl Pts',(93.1644,115.8478,1.6));
#7176=CARTESIAN_POINT('Ctrl Pts',(93.297008,115.8478,0.));
#7177=CARTESIAN_POINT('Ctrl Pts',(93.297008,115.8478,1.6));
#7178=CARTESIAN_POINT('Ctrl Pts',(93.424185,115.795122,0.));
#7179=CARTESIAN_POINT('Ctrl Pts',(93.424185,115.795122,1.6));
#7180=CARTESIAN_POINT('Ctrl Pts',(93.517953,115.701353,0.));
#7181=CARTESIAN_POINT('Ctrl Pts',(93.517953,115.701353,1.6));
#7182=CARTESIAN_POINT('Ctrl Pts',(93.1644,115.8478,0.));
#7183=CARTESIAN_POINT('Ctrl Pts',(93.297008,115.8478,0.));
#7184=CARTESIAN_POINT('Ctrl Pts',(93.424185,115.795122,0.));
#7185=CARTESIAN_POINT('Ctrl Pts',(93.517953,115.701353,0.));
#7186=CARTESIAN_POINT('Ctrl Pts',(93.1644,115.8478,1.6));
#7187=CARTESIAN_POINT('Ctrl Pts',(93.297008,115.8478,1.6));
#7188=CARTESIAN_POINT('Ctrl Pts',(93.424185,115.795122,1.6));
#7189=CARTESIAN_POINT('Ctrl Pts',(93.517953,115.701353,1.6));
#7190=CARTESIAN_POINT('Origin',(62.2644,139.3478,0.));
#7191=CARTESIAN_POINT('',(62.2644,139.3478,0.));
#7192=CARTESIAN_POINT('',(75.1644,139.3478,0.));
#7193=CARTESIAN_POINT('',(62.2644,139.3478,0.));
#7194=CARTESIAN_POINT('',(75.1644,139.3478,1.6));
#7195=CARTESIAN_POINT('',(75.1644,139.3478,0.));
#7196=CARTESIAN_POINT('',(62.2644,139.3478,1.6));
#7197=CARTESIAN_POINT('',(62.2644,139.3478,1.6));
#7198=CARTESIAN_POINT('',(62.2644,139.3478,0.));
#7199=CARTESIAN_POINT('Ctrl Pts',(61.910847,139.201353,0.));
#7200=CARTESIAN_POINT('Ctrl Pts',(61.910847,139.201353,1.6));
#7201=CARTESIAN_POINT('Ctrl Pts',(62.004615,139.295122,0.));
#7202=CARTESIAN_POINT('Ctrl Pts',(62.004615,139.295122,1.6));
#7203=CARTESIAN_POINT('Ctrl Pts',(62.131792,139.3478,0.));
#7204=CARTESIAN_POINT('Ctrl Pts',(62.131792,139.3478,1.6));
#7205=CARTESIAN_POINT('Ctrl Pts',(62.2644,139.3478,0.));
#7206=CARTESIAN_POINT('Ctrl Pts',(62.2644,139.3478,1.6));
#7207=CARTESIAN_POINT('',(61.910847,139.201353,0.));
#7208=CARTESIAN_POINT('Ctrl Pts',(61.910847,139.201353,0.));
#7209=CARTESIAN_POINT('Ctrl Pts',(62.004615,139.295122,0.));
#7210=CARTESIAN_POINT('Ctrl Pts',(62.131792,139.3478,0.));
#7211=CARTESIAN_POINT('Ctrl Pts',(62.2644,139.3478,0.));
#7212=CARTESIAN_POINT('',(61.910847,139.201353,1.6));
#7213=CARTESIAN_POINT('Ctrl Pts',(61.910847,139.201353,1.6));
#7214=CARTESIAN_POINT('Ctrl Pts',(62.004615,139.295122,1.6));
#7215=CARTESIAN_POINT('Ctrl Pts',(62.131792,139.3478,1.6));
#7216=CARTESIAN_POINT('Ctrl Pts',(62.2644,139.3478,1.6));
#7217=CARTESIAN_POINT('',(61.910847,139.201353,0.));
#7218=CARTESIAN_POINT('Ctrl Pts',(61.7644,138.8478,0.));
#7219=CARTESIAN_POINT('Ctrl Pts',(61.7644,138.8478,1.6));
#7220=CARTESIAN_POINT('Ctrl Pts',(61.7644,138.980408,0.));
#7221=CARTESIAN_POINT('Ctrl Pts',(61.7644,138.980408,1.6));
#7222=CARTESIAN_POINT('Ctrl Pts',(61.817078,139.107585,0.));
#7223=CARTESIAN_POINT('Ctrl Pts',(61.817078,139.107585,1.6));
#7224=CARTESIAN_POINT('Ctrl Pts',(61.910847,139.201353,0.));
#7225=CARTESIAN_POINT('Ctrl Pts',(61.910847,139.201353,1.6));
#7226=CARTESIAN_POINT('',(61.7644,138.8478,0.));
#7227=CARTESIAN_POINT('Ctrl Pts',(61.7644,138.8478,0.));
#7228=CARTESIAN_POINT('Ctrl Pts',(61.7644,138.980408,0.));
#7229=CARTESIAN_POINT('Ctrl Pts',(61.817078,139.107585,0.));
#7230=CARTESIAN_POINT('Ctrl Pts',(61.910847,139.201353,0.));
#7231=CARTESIAN_POINT('',(61.7644,138.8478,1.6));
#7232=CARTESIAN_POINT('Ctrl Pts',(61.7644,138.8478,1.6));
#7233=CARTESIAN_POINT('Ctrl Pts',(61.7644,138.980408,1.6));
#7234=CARTESIAN_POINT('Ctrl Pts',(61.817078,139.107585,1.6));
#7235=CARTESIAN_POINT('Ctrl Pts',(61.910847,139.201353,1.6));
#7236=CARTESIAN_POINT('',(61.7644,138.8478,0.));
#7237=CARTESIAN_POINT('Origin',(61.7644,125.9478,0.));
#7238=CARTESIAN_POINT('',(61.7644,125.9478,0.));
#7239=CARTESIAN_POINT('',(61.7644,125.9478,0.));
#7240=CARTESIAN_POINT('',(61.7644,125.9478,1.6));
#7241=CARTESIAN_POINT('',(61.7644,125.9478,1.6));
#7242=CARTESIAN_POINT('',(61.7644,125.9478,0.));
#7243=CARTESIAN_POINT('Ctrl Pts',(61.910847,125.594247,0.));
#7244=CARTESIAN_POINT('Ctrl Pts',(61.910847,125.594247,1.6));
#7245=CARTESIAN_POINT('Ctrl Pts',(61.817078,125.688015,0.));
#7246=CARTESIAN_POINT('Ctrl Pts',(61.817078,125.688015,1.6));
#7247=CARTESIAN_POINT('Ctrl Pts',(61.7644,125.815192,0.));
#7248=CARTESIAN_POINT('Ctrl Pts',(61.7644,125.815192,1.6));
#7249=CARTESIAN_POINT('Ctrl Pts',(61.7644,125.9478,0.));
#7250=CARTESIAN_POINT('Ctrl Pts',(61.7644,125.9478,1.6));
#7251=CARTESIAN_POINT('',(61.910847,125.594247,0.));
#7252=CARTESIAN_POINT('Ctrl Pts',(61.910847,125.594247,0.));
#7253=CARTESIAN_POINT('Ctrl Pts',(61.817078,125.688015,0.));
#7254=CARTESIAN_POINT('Ctrl Pts',(61.7644,125.815192,0.));
#7255=CARTESIAN_POINT('Ctrl Pts',(61.7644,125.9478,0.));
#7256=CARTESIAN_POINT('',(61.910847,125.594247,1.6));
#7257=CARTESIAN_POINT('Ctrl Pts',(61.910847,125.594247,1.6));
#7258=CARTESIAN_POINT('Ctrl Pts',(61.817078,125.688015,1.6));
#7259=CARTESIAN_POINT('Ctrl Pts',(61.7644,125.815192,1.6));
#7260=CARTESIAN_POINT('Ctrl Pts',(61.7644,125.9478,1.6));
#7261=CARTESIAN_POINT('',(61.910847,125.594247,0.));
#7262=CARTESIAN_POINT('Ctrl Pts',(62.2644,125.4478,0.));
#7263=CARTESIAN_POINT('Ctrl Pts',(62.2644,125.4478,1.6));
#7264=CARTESIAN_POINT('Ctrl Pts',(62.131792,125.4478,0.));
#7265=CARTESIAN_POINT('Ctrl Pts',(62.131792,125.4478,1.6));
#7266=CARTESIAN_POINT('Ctrl Pts',(62.004615,125.500478,0.));
#7267=CARTESIAN_POINT('Ctrl Pts',(62.004615,125.500478,1.6));
#7268=CARTESIAN_POINT('Ctrl Pts',(61.910847,125.594247,0.));
#7269=CARTESIAN_POINT('Ctrl Pts',(61.910847,125.594247,1.6));
#7270=CARTESIAN_POINT('',(62.2644,125.4478,0.));
#7271=CARTESIAN_POINT('Ctrl Pts',(62.2644,125.4478,0.));
#7272=CARTESIAN_POINT('Ctrl Pts',(62.131792,125.4478,0.));
#7273=CARTESIAN_POINT('Ctrl Pts',(62.004615,125.500478,0.));
#7274=CARTESIAN_POINT('Ctrl Pts',(61.910847,125.594247,0.));
#7275=CARTESIAN_POINT('',(62.2644,125.4478,1.6));
#7276=CARTESIAN_POINT('Ctrl Pts',(62.2644,125.4478,1.6));
#7277=CARTESIAN_POINT('Ctrl Pts',(62.131792,125.4478,1.6));
#7278=CARTESIAN_POINT('Ctrl Pts',(62.004615,125.500478,1.6));
#7279=CARTESIAN_POINT('Ctrl Pts',(61.910847,125.594247,1.6));
#7280=CARTESIAN_POINT('',(62.2644,125.4478,0.));
#7281=CARTESIAN_POINT('Origin',(75.1644,125.4478,0.));
#7282=CARTESIAN_POINT('',(75.1644,125.4478,0.));
#7283=CARTESIAN_POINT('',(75.1644,125.4478,0.));
#7284=CARTESIAN_POINT('',(75.1644,125.4478,1.6));
#7285=CARTESIAN_POINT('',(75.1644,125.4478,1.6));
#7286=CARTESIAN_POINT('',(75.1644,125.4478,0.));
#7287=CARTESIAN_POINT('Ctrl Pts',(75.517953,125.594247,0.));
#7288=CARTESIAN_POINT('Ctrl Pts',(75.517953,125.594247,1.6));
#7289=CARTESIAN_POINT('Ctrl Pts',(75.424185,125.500478,0.));
#7290=CARTESIAN_POINT('Ctrl Pts',(75.424185,125.500478,1.6));
#7291=CARTESIAN_POINT('Ctrl Pts',(75.297008,125.4478,0.));
#7292=CARTESIAN_POINT('Ctrl Pts',(75.297008,125.4478,1.6));
#7293=CARTESIAN_POINT('Ctrl Pts',(75.1644,125.4478,0.));
#7294=CARTESIAN_POINT('Ctrl Pts',(75.1644,125.4478,1.6));
#7295=CARTESIAN_POINT('',(75.517953,125.594247,0.));
#7296=CARTESIAN_POINT('Ctrl Pts',(75.517953,125.594247,0.));
#7297=CARTESIAN_POINT('Ctrl Pts',(75.424185,125.500478,0.));
#7298=CARTESIAN_POINT('Ctrl Pts',(75.297008,125.4478,0.));
#7299=CARTESIAN_POINT('Ctrl Pts',(75.1644,125.4478,0.));
#7300=CARTESIAN_POINT('',(75.517953,125.594247,1.6));
#7301=CARTESIAN_POINT('Ctrl Pts',(75.517953,125.594247,1.6));
#7302=CARTESIAN_POINT('Ctrl Pts',(75.424185,125.500478,1.6));
#7303=CARTESIAN_POINT('Ctrl Pts',(75.297008,125.4478,1.6));
#7304=CARTESIAN_POINT('Ctrl Pts',(75.1644,125.4478,1.6));
#7305=CARTESIAN_POINT('',(75.517953,125.594247,0.));
#7306=CARTESIAN_POINT('Ctrl Pts',(75.6644,125.9478,0.));
#7307=CARTESIAN_POINT('Ctrl Pts',(75.6644,125.9478,1.6));
#7308=CARTESIAN_POINT('Ctrl Pts',(75.6644,125.815192,0.));
#7309=CARTESIAN_POINT('Ctrl Pts',(75.6644,125.815192,1.6));
#7310=CARTESIAN_POINT('Ctrl Pts',(75.611722,125.688015,0.));
#7311=CARTESIAN_POINT('Ctrl Pts',(75.611722,125.688015,1.6));
#7312=CARTESIAN_POINT('Ctrl Pts',(75.517953,125.594247,0.));
#7313=CARTESIAN_POINT('Ctrl Pts',(75.517953,125.594247,1.6));
#7314=CARTESIAN_POINT('',(75.6644,125.9478,0.));
#7315=CARTESIAN_POINT('Ctrl Pts',(75.6644,125.9478,0.));
#7316=CARTESIAN_POINT('Ctrl Pts',(75.6644,125.815192,0.));
#7317=CARTESIAN_POINT('Ctrl Pts',(75.611722,125.688015,0.));
#7318=CARTESIAN_POINT('Ctrl Pts',(75.517953,125.594247,0.));
#7319=CARTESIAN_POINT('',(75.6644,125.9478,1.6));
#7320=CARTESIAN_POINT('Ctrl Pts',(75.6644,125.9478,1.6));
#7321=CARTESIAN_POINT('Ctrl Pts',(75.6644,125.815192,1.6));
#7322=CARTESIAN_POINT('Ctrl Pts',(75.611722,125.688015,1.6));
#7323=CARTESIAN_POINT('Ctrl Pts',(75.517953,125.594247,1.6));
#7324=CARTESIAN_POINT('',(75.6644,125.9478,0.));
#7325=CARTESIAN_POINT('Origin',(75.6644,138.8478,0.));
#7326=CARTESIAN_POINT('',(75.6644,138.8478,0.));
#7327=CARTESIAN_POINT('',(75.6644,138.8478,0.));
#7328=CARTESIAN_POINT('',(75.6644,138.8478,1.6));
#7329=CARTESIAN_POINT('',(75.6644,138.8478,1.6));
#7330=CARTESIAN_POINT('',(75.6644,138.8478,0.));
#7331=CARTESIAN_POINT('Ctrl Pts',(75.517953,139.201353,0.));
#7332=CARTESIAN_POINT('Ctrl Pts',(75.517953,139.201353,1.6));
#7333=CARTESIAN_POINT('Ctrl Pts',(75.611722,139.107585,0.));
#7334=CARTESIAN_POINT('Ctrl Pts',(75.611722,139.107585,1.6));
#7335=CARTESIAN_POINT('Ctrl Pts',(75.6644,138.980408,0.));
#7336=CARTESIAN_POINT('Ctrl Pts',(75.6644,138.980408,1.6));
#7337=CARTESIAN_POINT('Ctrl Pts',(75.6644,138.8478,0.));
#7338=CARTESIAN_POINT('Ctrl Pts',(75.6644,138.8478,1.6));
#7339=CARTESIAN_POINT('',(75.517953,139.201353,0.));
#7340=CARTESIAN_POINT('Ctrl Pts',(75.517953,139.201353,0.));
#7341=CARTESIAN_POINT('Ctrl Pts',(75.611722,139.107585,0.));
#7342=CARTESIAN_POINT('Ctrl Pts',(75.6644,138.980408,0.));
#7343=CARTESIAN_POINT('Ctrl Pts',(75.6644,138.8478,0.));
#7344=CARTESIAN_POINT('',(75.517953,139.201353,1.6));
#7345=CARTESIAN_POINT('Ctrl Pts',(75.517953,139.201353,1.6));
#7346=CARTESIAN_POINT('Ctrl Pts',(75.611722,139.107585,1.6));
#7347=CARTESIAN_POINT('Ctrl Pts',(75.6644,138.980408,1.6));
#7348=CARTESIAN_POINT('Ctrl Pts',(75.6644,138.8478,1.6));
#7349=CARTESIAN_POINT('',(75.517953,139.201353,0.));
#7350=CARTESIAN_POINT('Ctrl Pts',(75.1644,139.3478,0.));
#7351=CARTESIAN_POINT('Ctrl Pts',(75.1644,139.3478,1.6));
#7352=CARTESIAN_POINT('Ctrl Pts',(75.297008,139.3478,0.));
#7353=CARTESIAN_POINT('Ctrl Pts',(75.297008,139.3478,1.6));
#7354=CARTESIAN_POINT('Ctrl Pts',(75.424185,139.295122,0.));
#7355=CARTESIAN_POINT('Ctrl Pts',(75.424185,139.295122,1.6));
#7356=CARTESIAN_POINT('Ctrl Pts',(75.517953,139.201353,0.));
#7357=CARTESIAN_POINT('Ctrl Pts',(75.517953,139.201353,1.6));
#7358=CARTESIAN_POINT('Ctrl Pts',(75.1644,139.3478,0.));
#7359=CARTESIAN_POINT('Ctrl Pts',(75.297008,139.3478,0.));
#7360=CARTESIAN_POINT('Ctrl Pts',(75.424185,139.295122,0.));
#7361=CARTESIAN_POINT('Ctrl Pts',(75.517953,139.201353,0.));
#7362=CARTESIAN_POINT('Ctrl Pts',(75.1644,139.3478,1.6));
#7363=CARTESIAN_POINT('Ctrl Pts',(75.297008,139.3478,1.6));
#7364=CARTESIAN_POINT('Ctrl Pts',(75.424185,139.295122,1.6));
#7365=CARTESIAN_POINT('Ctrl Pts',(75.517953,139.201353,1.6));
#7366=CARTESIAN_POINT('Origin',(119.2045,77.963067852242,0.));
#7367=CARTESIAN_POINT('',(117.9545,77.963067852242,1.6));
#7368=CARTESIAN_POINT('Origin',(119.2045,77.963067852242,1.6));
#7369=CARTESIAN_POINT('',(117.9545,77.963067852242,0.));
#7370=CARTESIAN_POINT('',(117.9545,77.963067852242,0.));
#7371=CARTESIAN_POINT('Origin',(119.2045,77.963067852242,0.));
#7372=CARTESIAN_POINT('Origin',(44.2644,130.8478,0.));
#7373=CARTESIAN_POINT('',(44.2644,130.8478,0.));
#7374=CARTESIAN_POINT('',(57.1644,130.8478,0.));
#7375=CARTESIAN_POINT('',(44.2644,130.8478,0.));
#7376=CARTESIAN_POINT('',(57.1644,130.8478,1.6));
#7377=CARTESIAN_POINT('',(57.1644,130.8478,0.));
#7378=CARTESIAN_POINT('',(44.2644,130.8478,1.6));
#7379=CARTESIAN_POINT('',(44.2644,130.8478,1.6));
#7380=CARTESIAN_POINT('',(44.2644,130.8478,0.));
#7381=CARTESIAN_POINT('Ctrl Pts',(43.910847,130.701353,0.));
#7382=CARTESIAN_POINT('Ctrl Pts',(43.910847,130.701353,1.6));
#7383=CARTESIAN_POINT('Ctrl Pts',(44.004615,130.795122,0.));
#7384=CARTESIAN_POINT('Ctrl Pts',(44.004615,130.795122,1.6));
#7385=CARTESIAN_POINT('Ctrl Pts',(44.131792,130.8478,0.));
#7386=CARTESIAN_POINT('Ctrl Pts',(44.131792,130.8478,1.6));
#7387=CARTESIAN_POINT('Ctrl Pts',(44.2644,130.8478,0.));
#7388=CARTESIAN_POINT('Ctrl Pts',(44.2644,130.8478,1.6));
#7389=CARTESIAN_POINT('',(43.910847,130.701353,0.));
#7390=CARTESIAN_POINT('Ctrl Pts',(43.910847,130.701353,0.));
#7391=CARTESIAN_POINT('Ctrl Pts',(44.004615,130.795122,0.));
#7392=CARTESIAN_POINT('Ctrl Pts',(44.131792,130.8478,0.));
#7393=CARTESIAN_POINT('Ctrl Pts',(44.2644,130.8478,0.));
#7394=CARTESIAN_POINT('',(43.910847,130.701353,1.6));
#7395=CARTESIAN_POINT('Ctrl Pts',(43.910847,130.701353,1.6));
#7396=CARTESIAN_POINT('Ctrl Pts',(44.004615,130.795122,1.6));
#7397=CARTESIAN_POINT('Ctrl Pts',(44.131792,130.8478,1.6));
#7398=CARTESIAN_POINT('Ctrl Pts',(44.2644,130.8478,1.6));
#7399=CARTESIAN_POINT('',(43.910847,130.701353,0.));
#7400=CARTESIAN_POINT('Ctrl Pts',(43.7644,130.3478,0.));
#7401=CARTESIAN_POINT('Ctrl Pts',(43.7644,130.3478,1.6));
#7402=CARTESIAN_POINT('Ctrl Pts',(43.7644,130.480408,0.));
#7403=CARTESIAN_POINT('Ctrl Pts',(43.7644,130.480408,1.6));
#7404=CARTESIAN_POINT('Ctrl Pts',(43.817078,130.607585,0.));
#7405=CARTESIAN_POINT('Ctrl Pts',(43.817078,130.607585,1.6));
#7406=CARTESIAN_POINT('Ctrl Pts',(43.910847,130.701353,0.));
#7407=CARTESIAN_POINT('Ctrl Pts',(43.910847,130.701353,1.6));
#7408=CARTESIAN_POINT('',(43.7644,130.3478,0.));
#7409=CARTESIAN_POINT('Ctrl Pts',(43.7644,130.3478,0.));
#7410=CARTESIAN_POINT('Ctrl Pts',(43.7644,130.480408,0.));
#7411=CARTESIAN_POINT('Ctrl Pts',(43.817078,130.607585,0.));
#7412=CARTESIAN_POINT('Ctrl Pts',(43.910847,130.701353,0.));
#7413=CARTESIAN_POINT('',(43.7644,130.3478,1.6));
#7414=CARTESIAN_POINT('Ctrl Pts',(43.7644,130.3478,1.6));
#7415=CARTESIAN_POINT('Ctrl Pts',(43.7644,130.480408,1.6));
#7416=CARTESIAN_POINT('Ctrl Pts',(43.817078,130.607585,1.6));
#7417=CARTESIAN_POINT('Ctrl Pts',(43.910847,130.701353,1.6));
#7418=CARTESIAN_POINT('',(43.7644,130.3478,0.));
#7419=CARTESIAN_POINT('Origin',(43.7644,117.4478,0.));
#7420=CARTESIAN_POINT('',(43.7644,117.4478,0.));
#7421=CARTESIAN_POINT('',(43.7644,117.4478,0.));
#7422=CARTESIAN_POINT('',(43.7644,117.4478,1.6));
#7423=CARTESIAN_POINT('',(43.7644,117.4478,1.6));
#7424=CARTESIAN_POINT('',(43.7644,117.4478,0.));
#7425=CARTESIAN_POINT('Ctrl Pts',(43.910847,117.094247,0.));
#7426=CARTESIAN_POINT('Ctrl Pts',(43.910847,117.094247,1.6));
#7427=CARTESIAN_POINT('Ctrl Pts',(43.817078,117.188015,0.));
#7428=CARTESIAN_POINT('Ctrl Pts',(43.817078,117.188015,1.6));
#7429=CARTESIAN_POINT('Ctrl Pts',(43.7644,117.315192,0.));
#7430=CARTESIAN_POINT('Ctrl Pts',(43.7644,117.315192,1.6));
#7431=CARTESIAN_POINT('Ctrl Pts',(43.7644,117.4478,0.));
#7432=CARTESIAN_POINT('Ctrl Pts',(43.7644,117.4478,1.6));
#7433=CARTESIAN_POINT('',(43.910847,117.094247,0.));
#7434=CARTESIAN_POINT('Ctrl Pts',(43.910847,117.094247,0.));
#7435=CARTESIAN_POINT('Ctrl Pts',(43.817078,117.188015,0.));
#7436=CARTESIAN_POINT('Ctrl Pts',(43.7644,117.315192,0.));
#7437=CARTESIAN_POINT('Ctrl Pts',(43.7644,117.4478,0.));
#7438=CARTESIAN_POINT('',(43.910847,117.094247,1.6));
#7439=CARTESIAN_POINT('Ctrl Pts',(43.910847,117.094247,1.6));
#7440=CARTESIAN_POINT('Ctrl Pts',(43.817078,117.188015,1.6));
#7441=CARTESIAN_POINT('Ctrl Pts',(43.7644,117.315192,1.6));
#7442=CARTESIAN_POINT('Ctrl Pts',(43.7644,117.4478,1.6));
#7443=CARTESIAN_POINT('',(43.910847,117.094247,0.));
#7444=CARTESIAN_POINT('Ctrl Pts',(44.2644,116.9478,0.));
#7445=CARTESIAN_POINT('Ctrl Pts',(44.2644,116.9478,1.6));
#7446=CARTESIAN_POINT('Ctrl Pts',(44.131792,116.9478,0.));
#7447=CARTESIAN_POINT('Ctrl Pts',(44.131792,116.9478,1.6));
#7448=CARTESIAN_POINT('Ctrl Pts',(44.004615,117.000478,0.));
#7449=CARTESIAN_POINT('Ctrl Pts',(44.004615,117.000478,1.6));
#7450=CARTESIAN_POINT('Ctrl Pts',(43.910847,117.094247,0.));
#7451=CARTESIAN_POINT('Ctrl Pts',(43.910847,117.094247,1.6));
#7452=CARTESIAN_POINT('',(44.2644,116.9478,0.));
#7453=CARTESIAN_POINT('Ctrl Pts',(44.2644,116.9478,0.));
#7454=CARTESIAN_POINT('Ctrl Pts',(44.131792,116.9478,0.));
#7455=CARTESIAN_POINT('Ctrl Pts',(44.004615,117.000478,0.));
#7456=CARTESIAN_POINT('Ctrl Pts',(43.910847,117.094247,0.));
#7457=CARTESIAN_POINT('',(44.2644,116.9478,1.6));
#7458=CARTESIAN_POINT('Ctrl Pts',(44.2644,116.9478,1.6));
#7459=CARTESIAN_POINT('Ctrl Pts',(44.131792,116.9478,1.6));
#7460=CARTESIAN_POINT('Ctrl Pts',(44.004615,117.000478,1.6));
#7461=CARTESIAN_POINT('Ctrl Pts',(43.910847,117.094247,1.6));
#7462=CARTESIAN_POINT('',(44.2644,116.9478,0.));
#7463=CARTESIAN_POINT('Origin',(57.1644,116.9478,0.));
#7464=CARTESIAN_POINT('',(57.1644,116.9478,0.));
#7465=CARTESIAN_POINT('',(57.1644,116.9478,0.));
#7466=CARTESIAN_POINT('',(57.1644,116.9478,1.6));
#7467=CARTESIAN_POINT('',(57.1644,116.9478,1.6));
#7468=CARTESIAN_POINT('',(57.1644,116.9478,0.));
#7469=CARTESIAN_POINT('Ctrl Pts',(57.517953,117.094247,0.));
#7470=CARTESIAN_POINT('Ctrl Pts',(57.517953,117.094247,1.6));
#7471=CARTESIAN_POINT('Ctrl Pts',(57.424185,117.000478,0.));
#7472=CARTESIAN_POINT('Ctrl Pts',(57.424185,117.000478,1.6));
#7473=CARTESIAN_POINT('Ctrl Pts',(57.297008,116.9478,0.));
#7474=CARTESIAN_POINT('Ctrl Pts',(57.297008,116.9478,1.6));
#7475=CARTESIAN_POINT('Ctrl Pts',(57.1644,116.9478,0.));
#7476=CARTESIAN_POINT('Ctrl Pts',(57.1644,116.9478,1.6));
#7477=CARTESIAN_POINT('',(57.517953,117.094247,0.));
#7478=CARTESIAN_POINT('Ctrl Pts',(57.517953,117.094247,0.));
#7479=CARTESIAN_POINT('Ctrl Pts',(57.424185,117.000478,0.));
#7480=CARTESIAN_POINT('Ctrl Pts',(57.297008,116.9478,0.));
#7481=CARTESIAN_POINT('Ctrl Pts',(57.1644,116.9478,0.));
#7482=CARTESIAN_POINT('',(57.517953,117.094247,1.6));
#7483=CARTESIAN_POINT('Ctrl Pts',(57.517953,117.094247,1.6));
#7484=CARTESIAN_POINT('Ctrl Pts',(57.424185,117.000478,1.6));
#7485=CARTESIAN_POINT('Ctrl Pts',(57.297008,116.9478,1.6));
#7486=CARTESIAN_POINT('Ctrl Pts',(57.1644,116.9478,1.6));
#7487=CARTESIAN_POINT('',(57.517953,117.094247,0.));
#7488=CARTESIAN_POINT('Ctrl Pts',(57.6644,117.4478,0.));
#7489=CARTESIAN_POINT('Ctrl Pts',(57.6644,117.4478,1.6));
#7490=CARTESIAN_POINT('Ctrl Pts',(57.6644,117.315192,0.));
#7491=CARTESIAN_POINT('Ctrl Pts',(57.6644,117.315192,1.6));
#7492=CARTESIAN_POINT('Ctrl Pts',(57.611722,117.188015,0.));
#7493=CARTESIAN_POINT('Ctrl Pts',(57.611722,117.188015,1.6));
#7494=CARTESIAN_POINT('Ctrl Pts',(57.517953,117.094247,0.));
#7495=CARTESIAN_POINT('Ctrl Pts',(57.517953,117.094247,1.6));
#7496=CARTESIAN_POINT('',(57.6644,117.4478,0.));
#7497=CARTESIAN_POINT('Ctrl Pts',(57.6644,117.4478,0.));
#7498=CARTESIAN_POINT('Ctrl Pts',(57.6644,117.315192,0.));
#7499=CARTESIAN_POINT('Ctrl Pts',(57.611722,117.188015,0.));
#7500=CARTESIAN_POINT('Ctrl Pts',(57.517953,117.094247,0.));
#7501=CARTESIAN_POINT('',(57.6644,117.4478,1.6));
#7502=CARTESIAN_POINT('Ctrl Pts',(57.6644,117.4478,1.6));
#7503=CARTESIAN_POINT('Ctrl Pts',(57.6644,117.315192,1.6));
#7504=CARTESIAN_POINT('Ctrl Pts',(57.611722,117.188015,1.6));
#7505=CARTESIAN_POINT('Ctrl Pts',(57.517953,117.094247,1.6));
#7506=CARTESIAN_POINT('',(57.6644,117.4478,0.));
#7507=CARTESIAN_POINT('Origin',(57.6644,130.3478,0.));
#7508=CARTESIAN_POINT('',(57.6644,130.3478,0.));
#7509=CARTESIAN_POINT('',(57.6644,130.3478,0.));
#7510=CARTESIAN_POINT('',(57.6644,130.3478,1.6));
#7511=CARTESIAN_POINT('',(57.6644,130.3478,1.6));
#7512=CARTESIAN_POINT('',(57.6644,130.3478,0.));
#7513=CARTESIAN_POINT('Ctrl Pts',(57.517953,130.701353,0.));
#7514=CARTESIAN_POINT('Ctrl Pts',(57.517953,130.701353,1.6));
#7515=CARTESIAN_POINT('Ctrl Pts',(57.611722,130.607585,0.));
#7516=CARTESIAN_POINT('Ctrl Pts',(57.611722,130.607585,1.6));
#7517=CARTESIAN_POINT('Ctrl Pts',(57.6644,130.480408,0.));
#7518=CARTESIAN_POINT('Ctrl Pts',(57.6644,130.480408,1.6));
#7519=CARTESIAN_POINT('Ctrl Pts',(57.6644,130.3478,0.));
#7520=CARTESIAN_POINT('Ctrl Pts',(57.6644,130.3478,1.6));
#7521=CARTESIAN_POINT('',(57.517953,130.701353,0.));
#7522=CARTESIAN_POINT('Ctrl Pts',(57.517953,130.701353,0.));
#7523=CARTESIAN_POINT('Ctrl Pts',(57.611722,130.607585,0.));
#7524=CARTESIAN_POINT('Ctrl Pts',(57.6644,130.480408,0.));
#7525=CARTESIAN_POINT('Ctrl Pts',(57.6644,130.3478,0.));
#7526=CARTESIAN_POINT('',(57.517953,130.701353,1.6));
#7527=CARTESIAN_POINT('Ctrl Pts',(57.517953,130.701353,1.6));
#7528=CARTESIAN_POINT('Ctrl Pts',(57.611722,130.607585,1.6));
#7529=CARTESIAN_POINT('Ctrl Pts',(57.6644,130.480408,1.6));
#7530=CARTESIAN_POINT('Ctrl Pts',(57.6644,130.3478,1.6));
#7531=CARTESIAN_POINT('',(57.517953,130.701353,0.));
#7532=CARTESIAN_POINT('Ctrl Pts',(57.1644,130.8478,0.));
#7533=CARTESIAN_POINT('Ctrl Pts',(57.1644,130.8478,1.6));
#7534=CARTESIAN_POINT('Ctrl Pts',(57.297008,130.8478,0.));
#7535=CARTESIAN_POINT('Ctrl Pts',(57.297008,130.8478,1.6));
#7536=CARTESIAN_POINT('Ctrl Pts',(57.424185,130.795122,0.));
#7537=CARTESIAN_POINT('Ctrl Pts',(57.424185,130.795122,1.6));
#7538=CARTESIAN_POINT('Ctrl Pts',(57.517953,130.701353,0.));
#7539=CARTESIAN_POINT('Ctrl Pts',(57.517953,130.701353,1.6));
#7540=CARTESIAN_POINT('Ctrl Pts',(57.1644,130.8478,0.));
#7541=CARTESIAN_POINT('Ctrl Pts',(57.297008,130.8478,0.));
#7542=CARTESIAN_POINT('Ctrl Pts',(57.424185,130.795122,0.));
#7543=CARTESIAN_POINT('Ctrl Pts',(57.517953,130.701353,0.));
#7544=CARTESIAN_POINT('Ctrl Pts',(57.1644,130.8478,1.6));
#7545=CARTESIAN_POINT('Ctrl Pts',(57.297008,130.8478,1.6));
#7546=CARTESIAN_POINT('Ctrl Pts',(57.424185,130.795122,1.6));
#7547=CARTESIAN_POINT('Ctrl Pts',(57.517953,130.701353,1.6));
#7548=CARTESIAN_POINT('Origin',(98.2644,124.6928,0.));
#7549=CARTESIAN_POINT('',(98.2644,124.6928,0.));
#7550=CARTESIAN_POINT('',(111.1644,124.6928,0.));
#7551=CARTESIAN_POINT('',(98.2644,124.6928,0.));
#7552=CARTESIAN_POINT('',(111.1644,124.6928,1.6));
#7553=CARTESIAN_POINT('',(111.1644,124.6928,0.));
#7554=CARTESIAN_POINT('',(98.2644,124.6928,1.6));
#7555=CARTESIAN_POINT('',(98.2644,124.6928,1.6));
#7556=CARTESIAN_POINT('',(98.2644,124.6928,0.));
#7557=CARTESIAN_POINT('Ctrl Pts',(97.910847,124.546353,0.));
#7558=CARTESIAN_POINT('Ctrl Pts',(97.910847,124.546353,1.6));
#7559=CARTESIAN_POINT('Ctrl Pts',(98.004615,124.640122,0.));
#7560=CARTESIAN_POINT('Ctrl Pts',(98.004615,124.640122,1.6));
#7561=CARTESIAN_POINT('Ctrl Pts',(98.131792,124.6928,0.));
#7562=CARTESIAN_POINT('Ctrl Pts',(98.131792,124.6928,1.6));
#7563=CARTESIAN_POINT('Ctrl Pts',(98.2644,124.6928,0.));
#7564=CARTESIAN_POINT('Ctrl Pts',(98.2644,124.6928,1.6));
#7565=CARTESIAN_POINT('',(97.910847,124.546353,0.));
#7566=CARTESIAN_POINT('Ctrl Pts',(97.910847,124.546353,0.));
#7567=CARTESIAN_POINT('Ctrl Pts',(98.004615,124.640122,0.));
#7568=CARTESIAN_POINT('Ctrl Pts',(98.131792,124.6928,0.));
#7569=CARTESIAN_POINT('Ctrl Pts',(98.2644,124.6928,0.));
#7570=CARTESIAN_POINT('',(97.910847,124.546353,1.6));
#7571=CARTESIAN_POINT('Ctrl Pts',(97.910847,124.546353,1.6));
#7572=CARTESIAN_POINT('Ctrl Pts',(98.004615,124.640122,1.6));
#7573=CARTESIAN_POINT('Ctrl Pts',(98.131792,124.6928,1.6));
#7574=CARTESIAN_POINT('Ctrl Pts',(98.2644,124.6928,1.6));
#7575=CARTESIAN_POINT('',(97.910847,124.546353,0.));
#7576=CARTESIAN_POINT('Ctrl Pts',(97.7644,124.1928,0.));
#7577=CARTESIAN_POINT('Ctrl Pts',(97.7644,124.1928,1.6));
#7578=CARTESIAN_POINT('Ctrl Pts',(97.7644,124.325408,0.));
#7579=CARTESIAN_POINT('Ctrl Pts',(97.7644,124.325408,1.6));
#7580=CARTESIAN_POINT('Ctrl Pts',(97.817078,124.452585,0.));
#7581=CARTESIAN_POINT('Ctrl Pts',(97.817078,124.452585,1.6));
#7582=CARTESIAN_POINT('Ctrl Pts',(97.910847,124.546353,0.));
#7583=CARTESIAN_POINT('Ctrl Pts',(97.910847,124.546353,1.6));
#7584=CARTESIAN_POINT('',(97.7644,124.1928,0.));
#7585=CARTESIAN_POINT('Ctrl Pts',(97.7644,124.1928,0.));
#7586=CARTESIAN_POINT('Ctrl Pts',(97.7644,124.325408,0.));
#7587=CARTESIAN_POINT('Ctrl Pts',(97.817078,124.452585,0.));
#7588=CARTESIAN_POINT('Ctrl Pts',(97.910847,124.546353,0.));
#7589=CARTESIAN_POINT('',(97.7644,124.1928,1.6));
#7590=CARTESIAN_POINT('Ctrl Pts',(97.7644,124.1928,1.6));
#7591=CARTESIAN_POINT('Ctrl Pts',(97.7644,124.325408,1.6));
#7592=CARTESIAN_POINT('Ctrl Pts',(97.817078,124.452585,1.6));
#7593=CARTESIAN_POINT('Ctrl Pts',(97.910847,124.546353,1.6));
#7594=CARTESIAN_POINT('',(97.7644,124.1928,0.));
#7595=CARTESIAN_POINT('Origin',(97.7644,111.2928,0.));
#7596=CARTESIAN_POINT('',(97.7644,111.2928,0.));
#7597=CARTESIAN_POINT('',(97.7644,111.2928,0.));
#7598=CARTESIAN_POINT('',(97.7644,111.2928,1.6));
#7599=CARTESIAN_POINT('',(97.7644,111.2928,1.6));
#7600=CARTESIAN_POINT('',(97.7644,111.2928,0.));
#7601=CARTESIAN_POINT('Ctrl Pts',(97.910847,110.939247,0.));
#7602=CARTESIAN_POINT('Ctrl Pts',(97.910847,110.939247,1.6));
#7603=CARTESIAN_POINT('Ctrl Pts',(97.817078,111.033015,0.));
#7604=CARTESIAN_POINT('Ctrl Pts',(97.817078,111.033015,1.6));
#7605=CARTESIAN_POINT('Ctrl Pts',(97.7644,111.160192,0.));
#7606=CARTESIAN_POINT('Ctrl Pts',(97.7644,111.160192,1.6));
#7607=CARTESIAN_POINT('Ctrl Pts',(97.7644,111.2928,0.));
#7608=CARTESIAN_POINT('Ctrl Pts',(97.7644,111.2928,1.6));
#7609=CARTESIAN_POINT('',(97.910847,110.939247,0.));
#7610=CARTESIAN_POINT('Ctrl Pts',(97.910847,110.939247,0.));
#7611=CARTESIAN_POINT('Ctrl Pts',(97.817078,111.033015,0.));
#7612=CARTESIAN_POINT('Ctrl Pts',(97.7644,111.160192,0.));
#7613=CARTESIAN_POINT('Ctrl Pts',(97.7644,111.2928,0.));
#7614=CARTESIAN_POINT('',(97.910847,110.939247,1.6));
#7615=CARTESIAN_POINT('Ctrl Pts',(97.910847,110.939247,1.6));
#7616=CARTESIAN_POINT('Ctrl Pts',(97.817078,111.033015,1.6));
#7617=CARTESIAN_POINT('Ctrl Pts',(97.7644,111.160192,1.6));
#7618=CARTESIAN_POINT('Ctrl Pts',(97.7644,111.2928,1.6));
#7619=CARTESIAN_POINT('',(97.910847,110.939247,0.));
#7620=CARTESIAN_POINT('Ctrl Pts',(98.2644,110.7928,0.));
#7621=CARTESIAN_POINT('Ctrl Pts',(98.2644,110.7928,1.6));
#7622=CARTESIAN_POINT('Ctrl Pts',(98.131792,110.7928,0.));
#7623=CARTESIAN_POINT('Ctrl Pts',(98.131792,110.7928,1.6));
#7624=CARTESIAN_POINT('Ctrl Pts',(98.004615,110.845478,0.));
#7625=CARTESIAN_POINT('Ctrl Pts',(98.004615,110.845478,1.6));
#7626=CARTESIAN_POINT('Ctrl Pts',(97.910847,110.939247,0.));
#7627=CARTESIAN_POINT('Ctrl Pts',(97.910847,110.939247,1.6));
#7628=CARTESIAN_POINT('',(98.2644,110.7928,0.));
#7629=CARTESIAN_POINT('Ctrl Pts',(98.2644,110.7928,0.));
#7630=CARTESIAN_POINT('Ctrl Pts',(98.131792,110.7928,0.));
#7631=CARTESIAN_POINT('Ctrl Pts',(98.004615,110.845478,0.));
#7632=CARTESIAN_POINT('Ctrl Pts',(97.910847,110.939247,0.));
#7633=CARTESIAN_POINT('',(98.2644,110.7928,1.6));
#7634=CARTESIAN_POINT('Ctrl Pts',(98.2644,110.7928,1.6));
#7635=CARTESIAN_POINT('Ctrl Pts',(98.131792,110.7928,1.6));
#7636=CARTESIAN_POINT('Ctrl Pts',(98.004615,110.845478,1.6));
#7637=CARTESIAN_POINT('Ctrl Pts',(97.910847,110.939247,1.6));
#7638=CARTESIAN_POINT('',(98.2644,110.7928,0.));
#7639=CARTESIAN_POINT('Origin',(111.1644,110.7928,0.));
#7640=CARTESIAN_POINT('',(111.1644,110.7928,0.));
#7641=CARTESIAN_POINT('',(111.1644,110.7928,0.));
#7642=CARTESIAN_POINT('',(111.1644,110.7928,1.6));
#7643=CARTESIAN_POINT('',(111.1644,110.7928,1.6));
#7644=CARTESIAN_POINT('',(111.1644,110.7928,0.));
#7645=CARTESIAN_POINT('Ctrl Pts',(111.517953,110.939247,0.));
#7646=CARTESIAN_POINT('Ctrl Pts',(111.517953,110.939247,1.6));
#7647=CARTESIAN_POINT('Ctrl Pts',(111.424185,110.845478,0.));
#7648=CARTESIAN_POINT('Ctrl Pts',(111.424185,110.845478,1.6));
#7649=CARTESIAN_POINT('Ctrl Pts',(111.297008,110.7928,0.));
#7650=CARTESIAN_POINT('Ctrl Pts',(111.297008,110.7928,1.6));
#7651=CARTESIAN_POINT('Ctrl Pts',(111.1644,110.7928,0.));
#7652=CARTESIAN_POINT('Ctrl Pts',(111.1644,110.7928,1.6));
#7653=CARTESIAN_POINT('',(111.517953,110.939247,0.));
#7654=CARTESIAN_POINT('Ctrl Pts',(111.517953,110.939247,0.));
#7655=CARTESIAN_POINT('Ctrl Pts',(111.424185,110.845478,0.));
#7656=CARTESIAN_POINT('Ctrl Pts',(111.297008,110.7928,0.));
#7657=CARTESIAN_POINT('Ctrl Pts',(111.1644,110.7928,0.));
#7658=CARTESIAN_POINT('',(111.517953,110.939247,1.6));
#7659=CARTESIAN_POINT('Ctrl Pts',(111.517953,110.939247,1.6));
#7660=CARTESIAN_POINT('Ctrl Pts',(111.424185,110.845478,1.6));
#7661=CARTESIAN_POINT('Ctrl Pts',(111.297008,110.7928,1.6));
#7662=CARTESIAN_POINT('Ctrl Pts',(111.1644,110.7928,1.6));
#7663=CARTESIAN_POINT('',(111.517953,110.939247,0.));
#7664=CARTESIAN_POINT('Ctrl Pts',(111.6644,111.2928,0.));
#7665=CARTESIAN_POINT('Ctrl Pts',(111.6644,111.2928,1.6));
#7666=CARTESIAN_POINT('Ctrl Pts',(111.6644,111.160192,0.));
#7667=CARTESIAN_POINT('Ctrl Pts',(111.6644,111.160192,1.6));
#7668=CARTESIAN_POINT('Ctrl Pts',(111.611722,111.033015,0.));
#7669=CARTESIAN_POINT('Ctrl Pts',(111.611722,111.033015,1.6));
#7670=CARTESIAN_POINT('Ctrl Pts',(111.517953,110.939247,0.));
#7671=CARTESIAN_POINT('Ctrl Pts',(111.517953,110.939247,1.6));
#7672=CARTESIAN_POINT('',(111.6644,111.2928,0.));
#7673=CARTESIAN_POINT('Ctrl Pts',(111.6644,111.2928,0.));
#7674=CARTESIAN_POINT('Ctrl Pts',(111.6644,111.160192,0.));
#7675=CARTESIAN_POINT('Ctrl Pts',(111.611722,111.033015,0.));
#7676=CARTESIAN_POINT('Ctrl Pts',(111.517953,110.939247,0.));
#7677=CARTESIAN_POINT('',(111.6644,111.2928,1.6));
#7678=CARTESIAN_POINT('Ctrl Pts',(111.6644,111.2928,1.6));
#7679=CARTESIAN_POINT('Ctrl Pts',(111.6644,111.160192,1.6));
#7680=CARTESIAN_POINT('Ctrl Pts',(111.611722,111.033015,1.6));
#7681=CARTESIAN_POINT('Ctrl Pts',(111.517953,110.939247,1.6));
#7682=CARTESIAN_POINT('',(111.6644,111.2928,0.));
#7683=CARTESIAN_POINT('Origin',(111.6644,124.1928,0.));
#7684=CARTESIAN_POINT('',(111.6644,124.1928,0.));
#7685=CARTESIAN_POINT('',(111.6644,124.1928,0.));
#7686=CARTESIAN_POINT('',(111.6644,124.1928,1.6));
#7687=CARTESIAN_POINT('',(111.6644,124.1928,1.6));
#7688=CARTESIAN_POINT('',(111.6644,124.1928,0.));
#7689=CARTESIAN_POINT('Ctrl Pts',(111.517953,124.546353,0.));
#7690=CARTESIAN_POINT('Ctrl Pts',(111.517953,124.546353,1.6));
#7691=CARTESIAN_POINT('Ctrl Pts',(111.611722,124.452585,0.));
#7692=CARTESIAN_POINT('Ctrl Pts',(111.611722,124.452585,1.6));
#7693=CARTESIAN_POINT('Ctrl Pts',(111.6644,124.325408,0.));
#7694=CARTESIAN_POINT('Ctrl Pts',(111.6644,124.325408,1.6));
#7695=CARTESIAN_POINT('Ctrl Pts',(111.6644,124.1928,0.));
#7696=CARTESIAN_POINT('Ctrl Pts',(111.6644,124.1928,1.6));
#7697=CARTESIAN_POINT('',(111.517953,124.546353,0.));
#7698=CARTESIAN_POINT('Ctrl Pts',(111.517953,124.546353,0.));
#7699=CARTESIAN_POINT('Ctrl Pts',(111.611722,124.452585,0.));
#7700=CARTESIAN_POINT('Ctrl Pts',(111.6644,124.325408,0.));
#7701=CARTESIAN_POINT('Ctrl Pts',(111.6644,124.1928,0.));
#7702=CARTESIAN_POINT('',(111.517953,124.546353,1.6));
#7703=CARTESIAN_POINT('Ctrl Pts',(111.517953,124.546353,1.6));
#7704=CARTESIAN_POINT('Ctrl Pts',(111.611722,124.452585,1.6));
#7705=CARTESIAN_POINT('Ctrl Pts',(111.6644,124.325408,1.6));
#7706=CARTESIAN_POINT('Ctrl Pts',(111.6644,124.1928,1.6));
#7707=CARTESIAN_POINT('',(111.517953,124.546353,0.));
#7708=CARTESIAN_POINT('Ctrl Pts',(111.1644,124.6928,0.));
#7709=CARTESIAN_POINT('Ctrl Pts',(111.1644,124.6928,1.6));
#7710=CARTESIAN_POINT('Ctrl Pts',(111.297008,124.6928,0.));
#7711=CARTESIAN_POINT('Ctrl Pts',(111.297008,124.6928,1.6));
#7712=CARTESIAN_POINT('Ctrl Pts',(111.424185,124.640122,0.));
#7713=CARTESIAN_POINT('Ctrl Pts',(111.424185,124.640122,1.6));
#7714=CARTESIAN_POINT('Ctrl Pts',(111.517953,124.546353,0.));
#7715=CARTESIAN_POINT('Ctrl Pts',(111.517953,124.546353,1.6));
#7716=CARTESIAN_POINT('Ctrl Pts',(111.1644,124.6928,0.));
#7717=CARTESIAN_POINT('Ctrl Pts',(111.297008,124.6928,0.));
#7718=CARTESIAN_POINT('Ctrl Pts',(111.424185,124.640122,0.));
#7719=CARTESIAN_POINT('Ctrl Pts',(111.517953,124.546353,0.));
#7720=CARTESIAN_POINT('Ctrl Pts',(111.1644,124.6928,1.6));
#7721=CARTESIAN_POINT('Ctrl Pts',(111.297008,124.6928,1.6));
#7722=CARTESIAN_POINT('Ctrl Pts',(111.424185,124.640122,1.6));
#7723=CARTESIAN_POINT('Ctrl Pts',(111.517953,124.546353,1.6));
#7724=CARTESIAN_POINT('Origin',(44.2644,147.8478,0.));
#7725=CARTESIAN_POINT('',(44.2644,147.8478,0.));
#7726=CARTESIAN_POINT('',(57.1644,147.8478,0.));
#7727=CARTESIAN_POINT('',(44.2644,147.8478,0.));
#7728=CARTESIAN_POINT('',(57.1644,147.8478,1.6));
#7729=CARTESIAN_POINT('',(57.1644,147.8478,0.));
#7730=CARTESIAN_POINT('',(44.2644,147.8478,1.6));
#7731=CARTESIAN_POINT('',(44.2644,147.8478,1.6));
#7732=CARTESIAN_POINT('',(44.2644,147.8478,0.));
#7733=CARTESIAN_POINT('Ctrl Pts',(43.910847,147.701353,0.));
#7734=CARTESIAN_POINT('Ctrl Pts',(43.910847,147.701353,1.6));
#7735=CARTESIAN_POINT('Ctrl Pts',(44.004615,147.795122,0.));
#7736=CARTESIAN_POINT('Ctrl Pts',(44.004615,147.795122,1.6));
#7737=CARTESIAN_POINT('Ctrl Pts',(44.131792,147.8478,0.));
#7738=CARTESIAN_POINT('Ctrl Pts',(44.131792,147.8478,1.6));
#7739=CARTESIAN_POINT('Ctrl Pts',(44.2644,147.8478,0.));
#7740=CARTESIAN_POINT('Ctrl Pts',(44.2644,147.8478,1.6));
#7741=CARTESIAN_POINT('',(43.910847,147.701353,0.));
#7742=CARTESIAN_POINT('Ctrl Pts',(43.910847,147.701353,0.));
#7743=CARTESIAN_POINT('Ctrl Pts',(44.004615,147.795122,0.));
#7744=CARTESIAN_POINT('Ctrl Pts',(44.131792,147.8478,0.));
#7745=CARTESIAN_POINT('Ctrl Pts',(44.2644,147.8478,0.));
#7746=CARTESIAN_POINT('',(43.910847,147.701353,1.6));
#7747=CARTESIAN_POINT('Ctrl Pts',(43.910847,147.701353,1.6));
#7748=CARTESIAN_POINT('Ctrl Pts',(44.004615,147.795122,1.6));
#7749=CARTESIAN_POINT('Ctrl Pts',(44.131792,147.8478,1.6));
#7750=CARTESIAN_POINT('Ctrl Pts',(44.2644,147.8478,1.6));
#7751=CARTESIAN_POINT('',(43.910847,147.701353,0.));
#7752=CARTESIAN_POINT('Ctrl Pts',(43.7644,147.3478,0.));
#7753=CARTESIAN_POINT('Ctrl Pts',(43.7644,147.3478,1.6));
#7754=CARTESIAN_POINT('Ctrl Pts',(43.7644,147.480408,0.));
#7755=CARTESIAN_POINT('Ctrl Pts',(43.7644,147.480408,1.6));
#7756=CARTESIAN_POINT('Ctrl Pts',(43.817078,147.607585,0.));
#7757=CARTESIAN_POINT('Ctrl Pts',(43.817078,147.607585,1.6));
#7758=CARTESIAN_POINT('Ctrl Pts',(43.910847,147.701353,0.));
#7759=CARTESIAN_POINT('Ctrl Pts',(43.910847,147.701353,1.6));
#7760=CARTESIAN_POINT('',(43.7644,147.3478,0.));
#7761=CARTESIAN_POINT('Ctrl Pts',(43.7644,147.3478,0.));
#7762=CARTESIAN_POINT('Ctrl Pts',(43.7644,147.480408,0.));
#7763=CARTESIAN_POINT('Ctrl Pts',(43.817078,147.607585,0.));
#7764=CARTESIAN_POINT('Ctrl Pts',(43.910847,147.701353,0.));
#7765=CARTESIAN_POINT('',(43.7644,147.3478,1.6));
#7766=CARTESIAN_POINT('Ctrl Pts',(43.7644,147.3478,1.6));
#7767=CARTESIAN_POINT('Ctrl Pts',(43.7644,147.480408,1.6));
#7768=CARTESIAN_POINT('Ctrl Pts',(43.817078,147.607585,1.6));
#7769=CARTESIAN_POINT('Ctrl Pts',(43.910847,147.701353,1.6));
#7770=CARTESIAN_POINT('',(43.7644,147.3478,0.));
#7771=CARTESIAN_POINT('Origin',(43.7644,134.4478,0.));
#7772=CARTESIAN_POINT('',(43.7644,134.4478,0.));
#7773=CARTESIAN_POINT('',(43.7644,134.4478,0.));
#7774=CARTESIAN_POINT('',(43.7644,134.4478,1.6));
#7775=CARTESIAN_POINT('',(43.7644,134.4478,1.6));
#7776=CARTESIAN_POINT('',(43.7644,134.4478,0.));
#7777=CARTESIAN_POINT('Ctrl Pts',(43.910847,134.094247,0.));
#7778=CARTESIAN_POINT('Ctrl Pts',(43.910847,134.094247,1.6));
#7779=CARTESIAN_POINT('Ctrl Pts',(43.817078,134.188015,0.));
#7780=CARTESIAN_POINT('Ctrl Pts',(43.817078,134.188015,1.6));
#7781=CARTESIAN_POINT('Ctrl Pts',(43.7644,134.315192,0.));
#7782=CARTESIAN_POINT('Ctrl Pts',(43.7644,134.315192,1.6));
#7783=CARTESIAN_POINT('Ctrl Pts',(43.7644,134.4478,0.));
#7784=CARTESIAN_POINT('Ctrl Pts',(43.7644,134.4478,1.6));
#7785=CARTESIAN_POINT('',(43.910847,134.094247,0.));
#7786=CARTESIAN_POINT('Ctrl Pts',(43.910847,134.094247,0.));
#7787=CARTESIAN_POINT('Ctrl Pts',(43.817078,134.188015,0.));
#7788=CARTESIAN_POINT('Ctrl Pts',(43.7644,134.315192,0.));
#7789=CARTESIAN_POINT('Ctrl Pts',(43.7644,134.4478,0.));
#7790=CARTESIAN_POINT('',(43.910847,134.094247,1.6));
#7791=CARTESIAN_POINT('Ctrl Pts',(43.910847,134.094247,1.6));
#7792=CARTESIAN_POINT('Ctrl Pts',(43.817078,134.188015,1.6));
#7793=CARTESIAN_POINT('Ctrl Pts',(43.7644,134.315192,1.6));
#7794=CARTESIAN_POINT('Ctrl Pts',(43.7644,134.4478,1.6));
#7795=CARTESIAN_POINT('',(43.910847,134.094247,0.));
#7796=CARTESIAN_POINT('Ctrl Pts',(44.2644,133.9478,0.));
#7797=CARTESIAN_POINT('Ctrl Pts',(44.2644,133.9478,1.6));
#7798=CARTESIAN_POINT('Ctrl Pts',(44.131792,133.9478,0.));
#7799=CARTESIAN_POINT('Ctrl Pts',(44.131792,133.9478,1.6));
#7800=CARTESIAN_POINT('Ctrl Pts',(44.004615,134.000478,0.));
#7801=CARTESIAN_POINT('Ctrl Pts',(44.004615,134.000478,1.6));
#7802=CARTESIAN_POINT('Ctrl Pts',(43.910847,134.094247,0.));
#7803=CARTESIAN_POINT('Ctrl Pts',(43.910847,134.094247,1.6));
#7804=CARTESIAN_POINT('',(44.2644,133.9478,0.));
#7805=CARTESIAN_POINT('Ctrl Pts',(44.2644,133.9478,0.));
#7806=CARTESIAN_POINT('Ctrl Pts',(44.131792,133.9478,0.));
#7807=CARTESIAN_POINT('Ctrl Pts',(44.004615,134.000478,0.));
#7808=CARTESIAN_POINT('Ctrl Pts',(43.910847,134.094247,0.));
#7809=CARTESIAN_POINT('',(44.2644,133.9478,1.6));
#7810=CARTESIAN_POINT('Ctrl Pts',(44.2644,133.9478,1.6));
#7811=CARTESIAN_POINT('Ctrl Pts',(44.131792,133.9478,1.6));
#7812=CARTESIAN_POINT('Ctrl Pts',(44.004615,134.000478,1.6));
#7813=CARTESIAN_POINT('Ctrl Pts',(43.910847,134.094247,1.6));
#7814=CARTESIAN_POINT('',(44.2644,133.9478,0.));
#7815=CARTESIAN_POINT('Origin',(57.1644,133.9478,0.));
#7816=CARTESIAN_POINT('',(57.1644,133.9478,0.));
#7817=CARTESIAN_POINT('',(57.1644,133.9478,0.));
#7818=CARTESIAN_POINT('',(57.1644,133.9478,1.6));
#7819=CARTESIAN_POINT('',(57.1644,133.9478,1.6));
#7820=CARTESIAN_POINT('',(57.1644,133.9478,0.));
#7821=CARTESIAN_POINT('Ctrl Pts',(57.517953,134.094247,0.));
#7822=CARTESIAN_POINT('Ctrl Pts',(57.517953,134.094247,1.6));
#7823=CARTESIAN_POINT('Ctrl Pts',(57.424185,134.000478,0.));
#7824=CARTESIAN_POINT('Ctrl Pts',(57.424185,134.000478,1.6));
#7825=CARTESIAN_POINT('Ctrl Pts',(57.297008,133.9478,0.));
#7826=CARTESIAN_POINT('Ctrl Pts',(57.297008,133.9478,1.6));
#7827=CARTESIAN_POINT('Ctrl Pts',(57.1644,133.9478,0.));
#7828=CARTESIAN_POINT('Ctrl Pts',(57.1644,133.9478,1.6));
#7829=CARTESIAN_POINT('',(57.517953,134.094247,0.));
#7830=CARTESIAN_POINT('Ctrl Pts',(57.517953,134.094247,0.));
#7831=CARTESIAN_POINT('Ctrl Pts',(57.424185,134.000478,0.));
#7832=CARTESIAN_POINT('Ctrl Pts',(57.297008,133.9478,0.));
#7833=CARTESIAN_POINT('Ctrl Pts',(57.1644,133.9478,0.));
#7834=CARTESIAN_POINT('',(57.517953,134.094247,1.6));
#7835=CARTESIAN_POINT('Ctrl Pts',(57.517953,134.094247,1.6));
#7836=CARTESIAN_POINT('Ctrl Pts',(57.424185,134.000478,1.6));
#7837=CARTESIAN_POINT('Ctrl Pts',(57.297008,133.9478,1.6));
#7838=CARTESIAN_POINT('Ctrl Pts',(57.1644,133.9478,1.6));
#7839=CARTESIAN_POINT('',(57.517953,134.094247,0.));
#7840=CARTESIAN_POINT('Ctrl Pts',(57.6644,134.4478,0.));
#7841=CARTESIAN_POINT('Ctrl Pts',(57.6644,134.4478,1.6));
#7842=CARTESIAN_POINT('Ctrl Pts',(57.6644,134.315192,0.));
#7843=CARTESIAN_POINT('Ctrl Pts',(57.6644,134.315192,1.6));
#7844=CARTESIAN_POINT('Ctrl Pts',(57.611722,134.188015,0.));
#7845=CARTESIAN_POINT('Ctrl Pts',(57.611722,134.188015,1.6));
#7846=CARTESIAN_POINT('Ctrl Pts',(57.517953,134.094247,0.));
#7847=CARTESIAN_POINT('Ctrl Pts',(57.517953,134.094247,1.6));
#7848=CARTESIAN_POINT('',(57.6644,134.4478,0.));
#7849=CARTESIAN_POINT('Ctrl Pts',(57.6644,134.4478,0.));
#7850=CARTESIAN_POINT('Ctrl Pts',(57.6644,134.315192,0.));
#7851=CARTESIAN_POINT('Ctrl Pts',(57.611722,134.188015,0.));
#7852=CARTESIAN_POINT('Ctrl Pts',(57.517953,134.094247,0.));
#7853=CARTESIAN_POINT('',(57.6644,134.4478,1.6));
#7854=CARTESIAN_POINT('Ctrl Pts',(57.6644,134.4478,1.6));
#7855=CARTESIAN_POINT('Ctrl Pts',(57.6644,134.315192,1.6));
#7856=CARTESIAN_POINT('Ctrl Pts',(57.611722,134.188015,1.6));
#7857=CARTESIAN_POINT('Ctrl Pts',(57.517953,134.094247,1.6));
#7858=CARTESIAN_POINT('',(57.6644,134.4478,0.));
#7859=CARTESIAN_POINT('Origin',(57.6644,147.3478,0.));
#7860=CARTESIAN_POINT('',(57.6644,147.3478,0.));
#7861=CARTESIAN_POINT('',(57.6644,147.3478,0.));
#7862=CARTESIAN_POINT('',(57.6644,147.3478,1.6));
#7863=CARTESIAN_POINT('',(57.6644,147.3478,1.6));
#7864=CARTESIAN_POINT('',(57.6644,147.3478,0.));
#7865=CARTESIAN_POINT('Ctrl Pts',(57.517953,147.701353,0.));
#7866=CARTESIAN_POINT('Ctrl Pts',(57.517953,147.701353,1.6));
#7867=CARTESIAN_POINT('Ctrl Pts',(57.611722,147.607585,0.));
#7868=CARTESIAN_POINT('Ctrl Pts',(57.611722,147.607585,1.6));
#7869=CARTESIAN_POINT('Ctrl Pts',(57.6644,147.480408,0.));
#7870=CARTESIAN_POINT('Ctrl Pts',(57.6644,147.480408,1.6));
#7871=CARTESIAN_POINT('Ctrl Pts',(57.6644,147.3478,0.));
#7872=CARTESIAN_POINT('Ctrl Pts',(57.6644,147.3478,1.6));
#7873=CARTESIAN_POINT('',(57.517953,147.701353,0.));
#7874=CARTESIAN_POINT('Ctrl Pts',(57.517953,147.701353,0.));
#7875=CARTESIAN_POINT('Ctrl Pts',(57.611722,147.607585,0.));
#7876=CARTESIAN_POINT('Ctrl Pts',(57.6644,147.480408,0.));
#7877=CARTESIAN_POINT('Ctrl Pts',(57.6644,147.3478,0.));
#7878=CARTESIAN_POINT('',(57.517953,147.701353,1.6));
#7879=CARTESIAN_POINT('Ctrl Pts',(57.517953,147.701353,1.6));
#7880=CARTESIAN_POINT('Ctrl Pts',(57.611722,147.607585,1.6));
#7881=CARTESIAN_POINT('Ctrl Pts',(57.6644,147.480408,1.6));
#7882=CARTESIAN_POINT('Ctrl Pts',(57.6644,147.3478,1.6));
#7883=CARTESIAN_POINT('',(57.517953,147.701353,0.));
#7884=CARTESIAN_POINT('Ctrl Pts',(57.1644,147.8478,0.));
#7885=CARTESIAN_POINT('Ctrl Pts',(57.1644,147.8478,1.6));
#7886=CARTESIAN_POINT('Ctrl Pts',(57.297008,147.8478,0.));
#7887=CARTESIAN_POINT('Ctrl Pts',(57.297008,147.8478,1.6));
#7888=CARTESIAN_POINT('Ctrl Pts',(57.424185,147.795122,0.));
#7889=CARTESIAN_POINT('Ctrl Pts',(57.424185,147.795122,1.6));
#7890=CARTESIAN_POINT('Ctrl Pts',(57.517953,147.701353,0.));
#7891=CARTESIAN_POINT('Ctrl Pts',(57.517953,147.701353,1.6));
#7892=CARTESIAN_POINT('Ctrl Pts',(57.1644,147.8478,0.));
#7893=CARTESIAN_POINT('Ctrl Pts',(57.297008,147.8478,0.));
#7894=CARTESIAN_POINT('Ctrl Pts',(57.424185,147.795122,0.));
#7895=CARTESIAN_POINT('Ctrl Pts',(57.517953,147.701353,0.));
#7896=CARTESIAN_POINT('Ctrl Pts',(57.1644,147.8478,1.6));
#7897=CARTESIAN_POINT('Ctrl Pts',(57.297008,147.8478,1.6));
#7898=CARTESIAN_POINT('Ctrl Pts',(57.424185,147.795122,1.6));
#7899=CARTESIAN_POINT('Ctrl Pts',(57.517953,147.701353,1.6));
#7900=CARTESIAN_POINT('Origin',(129.499967855901,104.107183926121,0.));
#7901=CARTESIAN_POINT('',(128.249967855901,104.107183926121,1.6));
#7902=CARTESIAN_POINT('Origin',(129.499967855901,104.107183926121,1.6));
#7903=CARTESIAN_POINT('',(128.249967855901,104.107183926121,0.));
#7904=CARTESIAN_POINT('',(128.249967855901,104.107183926121,0.));
#7905=CARTESIAN_POINT('Origin',(129.499967855901,104.107183926121,0.));
#7906=CARTESIAN_POINT('Origin',(77.7917,78.4824,0.));
#7907=CARTESIAN_POINT('',(77.7917,78.4824,0.));
#7908=CARTESIAN_POINT('',(80.0317,91.1865,0.));
#7909=CARTESIAN_POINT('',(77.7917,78.4824,0.));
#7910=CARTESIAN_POINT('',(80.0317,91.1865,1.6));
#7911=CARTESIAN_POINT('',(80.0317,91.1865,0.));
#7912=CARTESIAN_POINT('',(77.7917,78.4824,1.6));
#7913=CARTESIAN_POINT('',(77.7917,78.4824,1.6));
#7914=CARTESIAN_POINT('',(77.7917,78.4824,0.));
#7915=CARTESIAN_POINT('Ctrl Pts',(78.1972,77.9032,0.));
#7916=CARTESIAN_POINT('Ctrl Pts',(78.1972,77.9032,1.6));
#7917=CARTESIAN_POINT('Ctrl Pts',(77.925298,77.95119,0.));
#7918=CARTESIAN_POINT('Ctrl Pts',(77.925298,77.95119,1.6));
#7919=CARTESIAN_POINT('Ctrl Pts',(77.743762,78.210489,0.));
#7920=CARTESIAN_POINT('Ctrl Pts',(77.743762,78.210489,1.6));
#7921=CARTESIAN_POINT('Ctrl Pts',(77.7917,78.4824,0.));
#7922=CARTESIAN_POINT('Ctrl Pts',(77.7917,78.4824,1.6));
#7923=CARTESIAN_POINT('',(78.1972,77.9032,0.));
#7924=CARTESIAN_POINT('Ctrl Pts',(78.1972,77.9032,0.));
#7925=CARTESIAN_POINT('Ctrl Pts',(77.925298,77.95119,0.));
#7926=CARTESIAN_POINT('Ctrl Pts',(77.743762,78.210489,0.));
#7927=CARTESIAN_POINT('Ctrl Pts',(77.7917,78.4824,0.));
#7928=CARTESIAN_POINT('',(78.1972,77.9032,1.6));
#7929=CARTESIAN_POINT('Ctrl Pts',(78.1972,77.9032,1.6));
#7930=CARTESIAN_POINT('Ctrl Pts',(77.925298,77.95119,1.6));
#7931=CARTESIAN_POINT('Ctrl Pts',(77.743762,78.210489,1.6));
#7932=CARTESIAN_POINT('Ctrl Pts',(77.7917,78.4824,1.6));
#7933=CARTESIAN_POINT('',(78.1972,77.9032,0.));
#7934=CARTESIAN_POINT('Origin',(90.9013,75.6632,0.));
#7935=CARTESIAN_POINT('',(90.9013,75.6632,0.));
#7936=CARTESIAN_POINT('',(90.9013,75.6632,0.));
#7937=CARTESIAN_POINT('',(90.9013,75.6632,1.6));
#7938=CARTESIAN_POINT('',(90.9013,75.6632,1.6));
#7939=CARTESIAN_POINT('',(90.9013,75.6632,0.));
#7940=CARTESIAN_POINT('Ctrl Pts',(91.4805,76.0687,0.));
#7941=CARTESIAN_POINT('Ctrl Pts',(91.4805,76.0687,1.6));
#7942=CARTESIAN_POINT('Ctrl Pts',(91.43251,75.796798,0.));
#7943=CARTESIAN_POINT('Ctrl Pts',(91.43251,75.796798,1.6));
#7944=CARTESIAN_POINT('Ctrl Pts',(91.173211,75.615262,0.));
#7945=CARTESIAN_POINT('Ctrl Pts',(91.173211,75.615262,1.6));
#7946=CARTESIAN_POINT('Ctrl Pts',(90.9013,75.6632,0.));
#7947=CARTESIAN_POINT('Ctrl Pts',(90.9013,75.6632,1.6));
#7948=CARTESIAN_POINT('',(91.4805,76.0687,0.));
#7949=CARTESIAN_POINT('Ctrl Pts',(91.4805,76.0687,0.));
#7950=CARTESIAN_POINT('Ctrl Pts',(91.43251,75.796798,0.));
#7951=CARTESIAN_POINT('Ctrl Pts',(91.173211,75.615262,0.));
#7952=CARTESIAN_POINT('Ctrl Pts',(90.9013,75.6632,0.));
#7953=CARTESIAN_POINT('',(91.4805,76.0687,1.6));
#7954=CARTESIAN_POINT('Ctrl Pts',(91.4805,76.0687,1.6));
#7955=CARTESIAN_POINT('Ctrl Pts',(91.43251,75.796798,1.6));
#7956=CARTESIAN_POINT('Ctrl Pts',(91.173211,75.615262,1.6));
#7957=CARTESIAN_POINT('Ctrl Pts',(90.9013,75.6632,1.6));
#7958=CARTESIAN_POINT('',(91.4805,76.0687,0.));
#7959=CARTESIAN_POINT('Origin',(93.7205,88.7728,0.));
#7960=CARTESIAN_POINT('',(93.7205,88.7728,0.));
#7961=CARTESIAN_POINT('',(93.7205,88.7728,0.));
#7962=CARTESIAN_POINT('',(93.7205,88.7728,1.6));
#7963=CARTESIAN_POINT('',(93.7205,88.7728,1.6));
#7964=CARTESIAN_POINT('',(93.7205,88.7728,0.));
#7965=CARTESIAN_POINT('Ctrl Pts',(93.315,89.352,0.));
#7966=CARTESIAN_POINT('Ctrl Pts',(93.315,89.352,1.6));
#7967=CARTESIAN_POINT('Ctrl Pts',(93.586902,89.30401,0.));
#7968=CARTESIAN_POINT('Ctrl Pts',(93.586902,89.30401,1.6));
#7969=CARTESIAN_POINT('Ctrl Pts',(93.768438,89.044711,0.));
#7970=CARTESIAN_POINT('Ctrl Pts',(93.768438,89.044711,1.6));
#7971=CARTESIAN_POINT('Ctrl Pts',(93.7205,88.7728,0.));
#7972=CARTESIAN_POINT('Ctrl Pts',(93.7205,88.7728,1.6));
#7973=CARTESIAN_POINT('',(93.315,89.352,0.));
#7974=CARTESIAN_POINT('Ctrl Pts',(93.315,89.352,0.));
#7975=CARTESIAN_POINT('Ctrl Pts',(93.586902,89.30401,0.));
#7976=CARTESIAN_POINT('Ctrl Pts',(93.768438,89.044711,0.));
#7977=CARTESIAN_POINT('Ctrl Pts',(93.7205,88.7728,0.));
#7978=CARTESIAN_POINT('',(93.315,89.352,1.6));
#7979=CARTESIAN_POINT('Ctrl Pts',(93.315,89.352,1.6));
#7980=CARTESIAN_POINT('Ctrl Pts',(93.586902,89.30401,1.6));
#7981=CARTESIAN_POINT('Ctrl Pts',(93.768438,89.044711,1.6));
#7982=CARTESIAN_POINT('Ctrl Pts',(93.7205,88.7728,1.6));
#7983=CARTESIAN_POINT('',(93.315,89.352,0.));
#7984=CARTESIAN_POINT('Origin',(80.6109,91.592,0.));
#7985=CARTESIAN_POINT('',(80.6109,91.592,0.));
#7986=CARTESIAN_POINT('',(80.6109,91.592,0.));
#7987=CARTESIAN_POINT('',(80.6109,91.592,1.6));
#7988=CARTESIAN_POINT('',(80.6109,91.592,1.6));
#7989=CARTESIAN_POINT('',(80.6109,91.592,0.));
#7990=CARTESIAN_POINT('Ctrl Pts',(80.0317,91.1865,0.));
#7991=CARTESIAN_POINT('Ctrl Pts',(80.0317,91.1865,1.6));
#7992=CARTESIAN_POINT('Ctrl Pts',(80.07969,91.458402,0.));
#7993=CARTESIAN_POINT('Ctrl Pts',(80.07969,91.458402,1.6));
#7994=CARTESIAN_POINT('Ctrl Pts',(80.338989,91.639938,0.));
#7995=CARTESIAN_POINT('Ctrl Pts',(80.338989,91.639938,1.6));
#7996=CARTESIAN_POINT('Ctrl Pts',(80.6109,91.592,0.));
#7997=CARTESIAN_POINT('Ctrl Pts',(80.6109,91.592,1.6));
#7998=CARTESIAN_POINT('Ctrl Pts',(80.0317,91.1865,0.));
#7999=CARTESIAN_POINT('Ctrl Pts',(80.07969,91.458402,0.));
#8000=CARTESIAN_POINT('Ctrl Pts',(80.338989,91.639938,0.));
#8001=CARTESIAN_POINT('Ctrl Pts',(80.6109,91.592,0.));
#8002=CARTESIAN_POINT('Ctrl Pts',(80.0317,91.1865,1.6));
#8003=CARTESIAN_POINT('Ctrl Pts',(80.07969,91.458402,1.6));
#8004=CARTESIAN_POINT('Ctrl Pts',(80.338989,91.639938,1.6));
#8005=CARTESIAN_POINT('Ctrl Pts',(80.6109,91.592,1.6));
#8006=CARTESIAN_POINT('Origin',(26.2644,117.8478,0.));
#8007=CARTESIAN_POINT('',(26.2644,117.8478,0.));
#8008=CARTESIAN_POINT('',(39.1644,117.8478,0.));
#8009=CARTESIAN_POINT('',(26.2644,117.8478,0.));
#8010=CARTESIAN_POINT('',(39.1644,117.8478,1.6));
#8011=CARTESIAN_POINT('',(39.1644,117.8478,0.));
#8012=CARTESIAN_POINT('',(26.2644,117.8478,1.6));
#8013=CARTESIAN_POINT('',(26.2644,117.8478,1.6));
#8014=CARTESIAN_POINT('',(26.2644,117.8478,0.));
#8015=CARTESIAN_POINT('Ctrl Pts',(25.910847,117.701353,0.));
#8016=CARTESIAN_POINT('Ctrl Pts',(25.910847,117.701353,1.6));
#8017=CARTESIAN_POINT('Ctrl Pts',(26.004615,117.795122,0.));
#8018=CARTESIAN_POINT('Ctrl Pts',(26.004615,117.795122,1.6));
#8019=CARTESIAN_POINT('Ctrl Pts',(26.131792,117.8478,0.));
#8020=CARTESIAN_POINT('Ctrl Pts',(26.131792,117.8478,1.6));
#8021=CARTESIAN_POINT('Ctrl Pts',(26.2644,117.8478,0.));
#8022=CARTESIAN_POINT('Ctrl Pts',(26.2644,117.8478,1.6));
#8023=CARTESIAN_POINT('',(25.910847,117.701353,0.));
#8024=CARTESIAN_POINT('Ctrl Pts',(25.910847,117.701353,0.));
#8025=CARTESIAN_POINT('Ctrl Pts',(26.004615,117.795122,0.));
#8026=CARTESIAN_POINT('Ctrl Pts',(26.131792,117.8478,0.));
#8027=CARTESIAN_POINT('Ctrl Pts',(26.2644,117.8478,0.));
#8028=CARTESIAN_POINT('',(25.910847,117.701353,1.6));
#8029=CARTESIAN_POINT('Ctrl Pts',(25.910847,117.701353,1.6));
#8030=CARTESIAN_POINT('Ctrl Pts',(26.004615,117.795122,1.6));
#8031=CARTESIAN_POINT('Ctrl Pts',(26.131792,117.8478,1.6));
#8032=CARTESIAN_POINT('Ctrl Pts',(26.2644,117.8478,1.6));
#8033=CARTESIAN_POINT('',(25.910847,117.701353,0.));
#8034=CARTESIAN_POINT('Ctrl Pts',(25.7644,117.3478,0.));
#8035=CARTESIAN_POINT('Ctrl Pts',(25.7644,117.3478,1.6));
#8036=CARTESIAN_POINT('Ctrl Pts',(25.7644,117.480408,0.));
#8037=CARTESIAN_POINT('Ctrl Pts',(25.7644,117.480408,1.6));
#8038=CARTESIAN_POINT('Ctrl Pts',(25.817078,117.607585,0.));
#8039=CARTESIAN_POINT('Ctrl Pts',(25.817078,117.607585,1.6));
#8040=CARTESIAN_POINT('Ctrl Pts',(25.910847,117.701353,0.));
#8041=CARTESIAN_POINT('Ctrl Pts',(25.910847,117.701353,1.6));
#8042=CARTESIAN_POINT('',(25.7644,117.3478,0.));
#8043=CARTESIAN_POINT('Ctrl Pts',(25.7644,117.3478,0.));
#8044=CARTESIAN_POINT('Ctrl Pts',(25.7644,117.480408,0.));
#8045=CARTESIAN_POINT('Ctrl Pts',(25.817078,117.607585,0.));
#8046=CARTESIAN_POINT('Ctrl Pts',(25.910847,117.701353,0.));
#8047=CARTESIAN_POINT('',(25.7644,117.3478,1.6));
#8048=CARTESIAN_POINT('Ctrl Pts',(25.7644,117.3478,1.6));
#8049=CARTESIAN_POINT('Ctrl Pts',(25.7644,117.480408,1.6));
#8050=CARTESIAN_POINT('Ctrl Pts',(25.817078,117.607585,1.6));
#8051=CARTESIAN_POINT('Ctrl Pts',(25.910847,117.701353,1.6));
#8052=CARTESIAN_POINT('',(25.7644,117.3478,0.));
#8053=CARTESIAN_POINT('Origin',(25.7644,104.4478,0.));
#8054=CARTESIAN_POINT('',(25.7644,104.4478,0.));
#8055=CARTESIAN_POINT('',(25.7644,104.4478,0.));
#8056=CARTESIAN_POINT('',(25.7644,104.4478,1.6));
#8057=CARTESIAN_POINT('',(25.7644,104.4478,1.6));
#8058=CARTESIAN_POINT('',(25.7644,104.4478,0.));
#8059=CARTESIAN_POINT('Ctrl Pts',(25.910847,104.094247,0.));
#8060=CARTESIAN_POINT('Ctrl Pts',(25.910847,104.094247,1.6));
#8061=CARTESIAN_POINT('Ctrl Pts',(25.817078,104.188015,0.));
#8062=CARTESIAN_POINT('Ctrl Pts',(25.817078,104.188015,1.6));
#8063=CARTESIAN_POINT('Ctrl Pts',(25.7644,104.315192,0.));
#8064=CARTESIAN_POINT('Ctrl Pts',(25.7644,104.315192,1.6));
#8065=CARTESIAN_POINT('Ctrl Pts',(25.7644,104.4478,0.));
#8066=CARTESIAN_POINT('Ctrl Pts',(25.7644,104.4478,1.6));
#8067=CARTESIAN_POINT('',(25.910847,104.094247,0.));
#8068=CARTESIAN_POINT('Ctrl Pts',(25.910847,104.094247,0.));
#8069=CARTESIAN_POINT('Ctrl Pts',(25.817078,104.188015,0.));
#8070=CARTESIAN_POINT('Ctrl Pts',(25.7644,104.315192,0.));
#8071=CARTESIAN_POINT('Ctrl Pts',(25.7644,104.4478,0.));
#8072=CARTESIAN_POINT('',(25.910847,104.094247,1.6));
#8073=CARTESIAN_POINT('Ctrl Pts',(25.910847,104.094247,1.6));
#8074=CARTESIAN_POINT('Ctrl Pts',(25.817078,104.188015,1.6));
#8075=CARTESIAN_POINT('Ctrl Pts',(25.7644,104.315192,1.6));
#8076=CARTESIAN_POINT('Ctrl Pts',(25.7644,104.4478,1.6));
#8077=CARTESIAN_POINT('',(25.910847,104.094247,0.));
#8078=CARTESIAN_POINT('Ctrl Pts',(26.2644,103.9478,0.));
#8079=CARTESIAN_POINT('Ctrl Pts',(26.2644,103.9478,1.6));
#8080=CARTESIAN_POINT('Ctrl Pts',(26.131792,103.9478,0.));
#8081=CARTESIAN_POINT('Ctrl Pts',(26.131792,103.9478,1.6));
#8082=CARTESIAN_POINT('Ctrl Pts',(26.004615,104.000478,0.));
#8083=CARTESIAN_POINT('Ctrl Pts',(26.004615,104.000478,1.6));
#8084=CARTESIAN_POINT('Ctrl Pts',(25.910847,104.094247,0.));
#8085=CARTESIAN_POINT('Ctrl Pts',(25.910847,104.094247,1.6));
#8086=CARTESIAN_POINT('',(26.2644,103.9478,0.));
#8087=CARTESIAN_POINT('Ctrl Pts',(26.2644,103.9478,0.));
#8088=CARTESIAN_POINT('Ctrl Pts',(26.131792,103.9478,0.));
#8089=CARTESIAN_POINT('Ctrl Pts',(26.004615,104.000478,0.));
#8090=CARTESIAN_POINT('Ctrl Pts',(25.910847,104.094247,0.));
#8091=CARTESIAN_POINT('',(26.2644,103.9478,1.6));
#8092=CARTESIAN_POINT('Ctrl Pts',(26.2644,103.9478,1.6));
#8093=CARTESIAN_POINT('Ctrl Pts',(26.131792,103.9478,1.6));
#8094=CARTESIAN_POINT('Ctrl Pts',(26.004615,104.000478,1.6));
#8095=CARTESIAN_POINT('Ctrl Pts',(25.910847,104.094247,1.6));
#8096=CARTESIAN_POINT('',(26.2644,103.9478,0.));
#8097=CARTESIAN_POINT('Origin',(39.1644,103.9478,0.));
#8098=CARTESIAN_POINT('',(39.1644,103.9478,0.));
#8099=CARTESIAN_POINT('',(39.1644,103.9478,0.));
#8100=CARTESIAN_POINT('',(39.1644,103.9478,1.6));
#8101=CARTESIAN_POINT('',(39.1644,103.9478,1.6));
#8102=CARTESIAN_POINT('',(39.1644,103.9478,0.));
#8103=CARTESIAN_POINT('Ctrl Pts',(39.517953,104.094247,0.));
#8104=CARTESIAN_POINT('Ctrl Pts',(39.517953,104.094247,1.6));
#8105=CARTESIAN_POINT('Ctrl Pts',(39.424185,104.000478,0.));
#8106=CARTESIAN_POINT('Ctrl Pts',(39.424185,104.000478,1.6));
#8107=CARTESIAN_POINT('Ctrl Pts',(39.297008,103.9478,0.));
#8108=CARTESIAN_POINT('Ctrl Pts',(39.297008,103.9478,1.6));
#8109=CARTESIAN_POINT('Ctrl Pts',(39.1644,103.9478,0.));
#8110=CARTESIAN_POINT('Ctrl Pts',(39.1644,103.9478,1.6));
#8111=CARTESIAN_POINT('',(39.517953,104.094247,0.));
#8112=CARTESIAN_POINT('Ctrl Pts',(39.517953,104.094247,0.));
#8113=CARTESIAN_POINT('Ctrl Pts',(39.424185,104.000478,0.));
#8114=CARTESIAN_POINT('Ctrl Pts',(39.297008,103.9478,0.));
#8115=CARTESIAN_POINT('Ctrl Pts',(39.1644,103.9478,0.));
#8116=CARTESIAN_POINT('',(39.517953,104.094247,1.6));
#8117=CARTESIAN_POINT('Ctrl Pts',(39.517953,104.094247,1.6));
#8118=CARTESIAN_POINT('Ctrl Pts',(39.424185,104.000478,1.6));
#8119=CARTESIAN_POINT('Ctrl Pts',(39.297008,103.9478,1.6));
#8120=CARTESIAN_POINT('Ctrl Pts',(39.1644,103.9478,1.6));
#8121=CARTESIAN_POINT('',(39.517953,104.094247,0.));
#8122=CARTESIAN_POINT('Ctrl Pts',(39.6644,104.4478,0.));
#8123=CARTESIAN_POINT('Ctrl Pts',(39.6644,104.4478,1.6));
#8124=CARTESIAN_POINT('Ctrl Pts',(39.6644,104.315192,0.));
#8125=CARTESIAN_POINT('Ctrl Pts',(39.6644,104.315192,1.6));
#8126=CARTESIAN_POINT('Ctrl Pts',(39.611722,104.188015,0.));
#8127=CARTESIAN_POINT('Ctrl Pts',(39.611722,104.188015,1.6));
#8128=CARTESIAN_POINT('Ctrl Pts',(39.517953,104.094247,0.));
#8129=CARTESIAN_POINT('Ctrl Pts',(39.517953,104.094247,1.6));
#8130=CARTESIAN_POINT('',(39.6644,104.4478,0.));
#8131=CARTESIAN_POINT('Ctrl Pts',(39.6644,104.4478,0.));
#8132=CARTESIAN_POINT('Ctrl Pts',(39.6644,104.315192,0.));
#8133=CARTESIAN_POINT('Ctrl Pts',(39.611722,104.188015,0.));
#8134=CARTESIAN_POINT('Ctrl Pts',(39.517953,104.094247,0.));
#8135=CARTESIAN_POINT('',(39.6644,104.4478,1.6));
#8136=CARTESIAN_POINT('Ctrl Pts',(39.6644,104.4478,1.6));
#8137=CARTESIAN_POINT('Ctrl Pts',(39.6644,104.315192,1.6));
#8138=CARTESIAN_POINT('Ctrl Pts',(39.611722,104.188015,1.6));
#8139=CARTESIAN_POINT('Ctrl Pts',(39.517953,104.094247,1.6));
#8140=CARTESIAN_POINT('',(39.6644,104.4478,0.));
#8141=CARTESIAN_POINT('Origin',(39.6644,117.3478,0.));
#8142=CARTESIAN_POINT('',(39.6644,117.3478,0.));
#8143=CARTESIAN_POINT('',(39.6644,117.3478,0.));
#8144=CARTESIAN_POINT('',(39.6644,117.3478,1.6));
#8145=CARTESIAN_POINT('',(39.6644,117.3478,1.6));
#8146=CARTESIAN_POINT('',(39.6644,117.3478,0.));
#8147=CARTESIAN_POINT('Ctrl Pts',(39.517953,117.701353,0.));
#8148=CARTESIAN_POINT('Ctrl Pts',(39.517953,117.701353,1.6));
#8149=CARTESIAN_POINT('Ctrl Pts',(39.611722,117.607585,0.));
#8150=CARTESIAN_POINT('Ctrl Pts',(39.611722,117.607585,1.6));
#8151=CARTESIAN_POINT('Ctrl Pts',(39.6644,117.480408,0.));
#8152=CARTESIAN_POINT('Ctrl Pts',(39.6644,117.480408,1.6));
#8153=CARTESIAN_POINT('Ctrl Pts',(39.6644,117.3478,0.));
#8154=CARTESIAN_POINT('Ctrl Pts',(39.6644,117.3478,1.6));
#8155=CARTESIAN_POINT('',(39.517953,117.701353,0.));
#8156=CARTESIAN_POINT('Ctrl Pts',(39.517953,117.701353,0.));
#8157=CARTESIAN_POINT('Ctrl Pts',(39.611722,117.607585,0.));
#8158=CARTESIAN_POINT('Ctrl Pts',(39.6644,117.480408,0.));
#8159=CARTESIAN_POINT('Ctrl Pts',(39.6644,117.3478,0.));
#8160=CARTESIAN_POINT('',(39.517953,117.701353,1.6));
#8161=CARTESIAN_POINT('Ctrl Pts',(39.517953,117.701353,1.6));
#8162=CARTESIAN_POINT('Ctrl Pts',(39.611722,117.607585,1.6));
#8163=CARTESIAN_POINT('Ctrl Pts',(39.6644,117.480408,1.6));
#8164=CARTESIAN_POINT('Ctrl Pts',(39.6644,117.3478,1.6));
#8165=CARTESIAN_POINT('',(39.517953,117.701353,0.));
#8166=CARTESIAN_POINT('Ctrl Pts',(39.1644,117.8478,0.));
#8167=CARTESIAN_POINT('Ctrl Pts',(39.1644,117.8478,1.6));
#8168=CARTESIAN_POINT('Ctrl Pts',(39.297008,117.8478,0.));
#8169=CARTESIAN_POINT('Ctrl Pts',(39.297008,117.8478,1.6));
#8170=CARTESIAN_POINT('Ctrl Pts',(39.424185,117.795122,0.));
#8171=CARTESIAN_POINT('Ctrl Pts',(39.424185,117.795122,1.6));
#8172=CARTESIAN_POINT('Ctrl Pts',(39.517953,117.701353,0.));
#8173=CARTESIAN_POINT('Ctrl Pts',(39.517953,117.701353,1.6));
#8174=CARTESIAN_POINT('Ctrl Pts',(39.1644,117.8478,0.));
#8175=CARTESIAN_POINT('Ctrl Pts',(39.297008,117.8478,0.));
#8176=CARTESIAN_POINT('Ctrl Pts',(39.424185,117.795122,0.));
#8177=CARTESIAN_POINT('Ctrl Pts',(39.517953,117.701353,0.));
#8178=CARTESIAN_POINT('Ctrl Pts',(39.1644,117.8478,1.6));
#8179=CARTESIAN_POINT('Ctrl Pts',(39.297008,117.8478,1.6));
#8180=CARTESIAN_POINT('Ctrl Pts',(39.424185,117.795122,1.6));
#8181=CARTESIAN_POINT('Ctrl Pts',(39.517953,117.701353,1.6));
#8182=CARTESIAN_POINT('Origin',(26.2644,134.8478,0.));
#8183=CARTESIAN_POINT('',(26.2644,134.8478,0.));
#8184=CARTESIAN_POINT('',(39.1644,134.8478,0.));
#8185=CARTESIAN_POINT('',(26.2644,134.8478,0.));
#8186=CARTESIAN_POINT('',(39.1644,134.8478,1.6));
#8187=CARTESIAN_POINT('',(39.1644,134.8478,0.));
#8188=CARTESIAN_POINT('',(26.2644,134.8478,1.6));
#8189=CARTESIAN_POINT('',(26.2644,134.8478,1.6));
#8190=CARTESIAN_POINT('',(26.2644,134.8478,0.));
#8191=CARTESIAN_POINT('Ctrl Pts',(25.910847,134.701353,0.));
#8192=CARTESIAN_POINT('Ctrl Pts',(25.910847,134.701353,1.6));
#8193=CARTESIAN_POINT('Ctrl Pts',(26.004615,134.795122,0.));
#8194=CARTESIAN_POINT('Ctrl Pts',(26.004615,134.795122,1.6));
#8195=CARTESIAN_POINT('Ctrl Pts',(26.131792,134.8478,0.));
#8196=CARTESIAN_POINT('Ctrl Pts',(26.131792,134.8478,1.6));
#8197=CARTESIAN_POINT('Ctrl Pts',(26.2644,134.8478,0.));
#8198=CARTESIAN_POINT('Ctrl Pts',(26.2644,134.8478,1.6));
#8199=CARTESIAN_POINT('',(25.910847,134.701353,0.));
#8200=CARTESIAN_POINT('Ctrl Pts',(25.910847,134.701353,0.));
#8201=CARTESIAN_POINT('Ctrl Pts',(26.004615,134.795122,0.));
#8202=CARTESIAN_POINT('Ctrl Pts',(26.131792,134.8478,0.));
#8203=CARTESIAN_POINT('Ctrl Pts',(26.2644,134.8478,0.));
#8204=CARTESIAN_POINT('',(25.910847,134.701353,1.6));
#8205=CARTESIAN_POINT('Ctrl Pts',(25.910847,134.701353,1.6));
#8206=CARTESIAN_POINT('Ctrl Pts',(26.004615,134.795122,1.6));
#8207=CARTESIAN_POINT('Ctrl Pts',(26.131792,134.8478,1.6));
#8208=CARTESIAN_POINT('Ctrl Pts',(26.2644,134.8478,1.6));
#8209=CARTESIAN_POINT('',(25.910847,134.701353,0.));
#8210=CARTESIAN_POINT('Ctrl Pts',(25.7644,134.3478,0.));
#8211=CARTESIAN_POINT('Ctrl Pts',(25.7644,134.3478,1.6));
#8212=CARTESIAN_POINT('Ctrl Pts',(25.7644,134.480408,0.));
#8213=CARTESIAN_POINT('Ctrl Pts',(25.7644,134.480408,1.6));
#8214=CARTESIAN_POINT('Ctrl Pts',(25.817078,134.607585,0.));
#8215=CARTESIAN_POINT('Ctrl Pts',(25.817078,134.607585,1.6));
#8216=CARTESIAN_POINT('Ctrl Pts',(25.910847,134.701353,0.));
#8217=CARTESIAN_POINT('Ctrl Pts',(25.910847,134.701353,1.6));
#8218=CARTESIAN_POINT('',(25.7644,134.3478,0.));
#8219=CARTESIAN_POINT('Ctrl Pts',(25.7644,134.3478,0.));
#8220=CARTESIAN_POINT('Ctrl Pts',(25.7644,134.480408,0.));
#8221=CARTESIAN_POINT('Ctrl Pts',(25.817078,134.607585,0.));
#8222=CARTESIAN_POINT('Ctrl Pts',(25.910847,134.701353,0.));
#8223=CARTESIAN_POINT('',(25.7644,134.3478,1.6));
#8224=CARTESIAN_POINT('Ctrl Pts',(25.7644,134.3478,1.6));
#8225=CARTESIAN_POINT('Ctrl Pts',(25.7644,134.480408,1.6));
#8226=CARTESIAN_POINT('Ctrl Pts',(25.817078,134.607585,1.6));
#8227=CARTESIAN_POINT('Ctrl Pts',(25.910847,134.701353,1.6));
#8228=CARTESIAN_POINT('',(25.7644,134.3478,0.));
#8229=CARTESIAN_POINT('Origin',(25.7644,121.4478,0.));
#8230=CARTESIAN_POINT('',(25.7644,121.4478,0.));
#8231=CARTESIAN_POINT('',(25.7644,121.4478,0.));
#8232=CARTESIAN_POINT('',(25.7644,121.4478,1.6));
#8233=CARTESIAN_POINT('',(25.7644,121.4478,1.6));
#8234=CARTESIAN_POINT('',(25.7644,121.4478,0.));
#8235=CARTESIAN_POINT('Ctrl Pts',(25.910847,121.094247,0.));
#8236=CARTESIAN_POINT('Ctrl Pts',(25.910847,121.094247,1.6));
#8237=CARTESIAN_POINT('Ctrl Pts',(25.817078,121.188015,0.));
#8238=CARTESIAN_POINT('Ctrl Pts',(25.817078,121.188015,1.6));
#8239=CARTESIAN_POINT('Ctrl Pts',(25.7644,121.315192,0.));
#8240=CARTESIAN_POINT('Ctrl Pts',(25.7644,121.315192,1.6));
#8241=CARTESIAN_POINT('Ctrl Pts',(25.7644,121.4478,0.));
#8242=CARTESIAN_POINT('Ctrl Pts',(25.7644,121.4478,1.6));
#8243=CARTESIAN_POINT('',(25.910847,121.094247,0.));
#8244=CARTESIAN_POINT('Ctrl Pts',(25.910847,121.094247,0.));
#8245=CARTESIAN_POINT('Ctrl Pts',(25.817078,121.188015,0.));
#8246=CARTESIAN_POINT('Ctrl Pts',(25.7644,121.315192,0.));
#8247=CARTESIAN_POINT('Ctrl Pts',(25.7644,121.4478,0.));
#8248=CARTESIAN_POINT('',(25.910847,121.094247,1.6));
#8249=CARTESIAN_POINT('Ctrl Pts',(25.910847,121.094247,1.6));
#8250=CARTESIAN_POINT('Ctrl Pts',(25.817078,121.188015,1.6));
#8251=CARTESIAN_POINT('Ctrl Pts',(25.7644,121.315192,1.6));
#8252=CARTESIAN_POINT('Ctrl Pts',(25.7644,121.4478,1.6));
#8253=CARTESIAN_POINT('',(25.910847,121.094247,0.));
#8254=CARTESIAN_POINT('Ctrl Pts',(26.2644,120.9478,0.));
#8255=CARTESIAN_POINT('Ctrl Pts',(26.2644,120.9478,1.6));
#8256=CARTESIAN_POINT('Ctrl Pts',(26.131792,120.9478,0.));
#8257=CARTESIAN_POINT('Ctrl Pts',(26.131792,120.9478,1.6));
#8258=CARTESIAN_POINT('Ctrl Pts',(26.004615,121.000478,0.));
#8259=CARTESIAN_POINT('Ctrl Pts',(26.004615,121.000478,1.6));
#8260=CARTESIAN_POINT('Ctrl Pts',(25.910847,121.094247,0.));
#8261=CARTESIAN_POINT('Ctrl Pts',(25.910847,121.094247,1.6));
#8262=CARTESIAN_POINT('',(26.2644,120.9478,0.));
#8263=CARTESIAN_POINT('Ctrl Pts',(26.2644,120.9478,0.));
#8264=CARTESIAN_POINT('Ctrl Pts',(26.131792,120.9478,0.));
#8265=CARTESIAN_POINT('Ctrl Pts',(26.004615,121.000478,0.));
#8266=CARTESIAN_POINT('Ctrl Pts',(25.910847,121.094247,0.));
#8267=CARTESIAN_POINT('',(26.2644,120.9478,1.6));
#8268=CARTESIAN_POINT('Ctrl Pts',(26.2644,120.9478,1.6));
#8269=CARTESIAN_POINT('Ctrl Pts',(26.131792,120.9478,1.6));
#8270=CARTESIAN_POINT('Ctrl Pts',(26.004615,121.000478,1.6));
#8271=CARTESIAN_POINT('Ctrl Pts',(25.910847,121.094247,1.6));
#8272=CARTESIAN_POINT('',(26.2644,120.9478,0.));
#8273=CARTESIAN_POINT('Origin',(39.1644,120.9478,0.));
#8274=CARTESIAN_POINT('',(39.1644,120.9478,0.));
#8275=CARTESIAN_POINT('',(39.1644,120.9478,0.));
#8276=CARTESIAN_POINT('',(39.1644,120.9478,1.6));
#8277=CARTESIAN_POINT('',(39.1644,120.9478,1.6));
#8278=CARTESIAN_POINT('',(39.1644,120.9478,0.));
#8279=CARTESIAN_POINT('Ctrl Pts',(39.517953,121.094247,0.));
#8280=CARTESIAN_POINT('Ctrl Pts',(39.517953,121.094247,1.6));
#8281=CARTESIAN_POINT('Ctrl Pts',(39.424185,121.000478,0.));
#8282=CARTESIAN_POINT('Ctrl Pts',(39.424185,121.000478,1.6));
#8283=CARTESIAN_POINT('Ctrl Pts',(39.297008,120.9478,0.));
#8284=CARTESIAN_POINT('Ctrl Pts',(39.297008,120.9478,1.6));
#8285=CARTESIAN_POINT('Ctrl Pts',(39.1644,120.9478,0.));
#8286=CARTESIAN_POINT('Ctrl Pts',(39.1644,120.9478,1.6));
#8287=CARTESIAN_POINT('',(39.517953,121.094247,0.));
#8288=CARTESIAN_POINT('Ctrl Pts',(39.517953,121.094247,0.));
#8289=CARTESIAN_POINT('Ctrl Pts',(39.424185,121.000478,0.));
#8290=CARTESIAN_POINT('Ctrl Pts',(39.297008,120.9478,0.));
#8291=CARTESIAN_POINT('Ctrl Pts',(39.1644,120.9478,0.));
#8292=CARTESIAN_POINT('',(39.517953,121.094247,1.6));
#8293=CARTESIAN_POINT('Ctrl Pts',(39.517953,121.094247,1.6));
#8294=CARTESIAN_POINT('Ctrl Pts',(39.424185,121.000478,1.6));
#8295=CARTESIAN_POINT('Ctrl Pts',(39.297008,120.9478,1.6));
#8296=CARTESIAN_POINT('Ctrl Pts',(39.1644,120.9478,1.6));
#8297=CARTESIAN_POINT('',(39.517953,121.094247,0.));
#8298=CARTESIAN_POINT('Ctrl Pts',(39.6644,121.4478,0.));
#8299=CARTESIAN_POINT('Ctrl Pts',(39.6644,121.4478,1.6));
#8300=CARTESIAN_POINT('Ctrl Pts',(39.6644,121.315192,0.));
#8301=CARTESIAN_POINT('Ctrl Pts',(39.6644,121.315192,1.6));
#8302=CARTESIAN_POINT('Ctrl Pts',(39.611722,121.188015,0.));
#8303=CARTESIAN_POINT('Ctrl Pts',(39.611722,121.188015,1.6));
#8304=CARTESIAN_POINT('Ctrl Pts',(39.517953,121.094247,0.));
#8305=CARTESIAN_POINT('Ctrl Pts',(39.517953,121.094247,1.6));
#8306=CARTESIAN_POINT('',(39.6644,121.4478,0.));
#8307=CARTESIAN_POINT('Ctrl Pts',(39.6644,121.4478,0.));
#8308=CARTESIAN_POINT('Ctrl Pts',(39.6644,121.315192,0.));
#8309=CARTESIAN_POINT('Ctrl Pts',(39.611722,121.188015,0.));
#8310=CARTESIAN_POINT('Ctrl Pts',(39.517953,121.094247,0.));
#8311=CARTESIAN_POINT('',(39.6644,121.4478,1.6));
#8312=CARTESIAN_POINT('Ctrl Pts',(39.6644,121.4478,1.6));
#8313=CARTESIAN_POINT('Ctrl Pts',(39.6644,121.315192,1.6));
#8314=CARTESIAN_POINT('Ctrl Pts',(39.611722,121.188015,1.6));
#8315=CARTESIAN_POINT('Ctrl Pts',(39.517953,121.094247,1.6));
#8316=CARTESIAN_POINT('',(39.6644,121.4478,0.));
#8317=CARTESIAN_POINT('Origin',(39.6644,134.3478,0.));
#8318=CARTESIAN_POINT('',(39.6644,134.3478,0.));
#8319=CARTESIAN_POINT('',(39.6644,134.3478,0.));
#8320=CARTESIAN_POINT('',(39.6644,134.3478,1.6));
#8321=CARTESIAN_POINT('',(39.6644,134.3478,1.6));
#8322=CARTESIAN_POINT('',(39.6644,134.3478,0.));
#8323=CARTESIAN_POINT('Ctrl Pts',(39.517953,134.701353,0.));
#8324=CARTESIAN_POINT('Ctrl Pts',(39.517953,134.701353,1.6));
#8325=CARTESIAN_POINT('Ctrl Pts',(39.611722,134.607585,0.));
#8326=CARTESIAN_POINT('Ctrl Pts',(39.611722,134.607585,1.6));
#8327=CARTESIAN_POINT('Ctrl Pts',(39.6644,134.480408,0.));
#8328=CARTESIAN_POINT('Ctrl Pts',(39.6644,134.480408,1.6));
#8329=CARTESIAN_POINT('Ctrl Pts',(39.6644,134.3478,0.));
#8330=CARTESIAN_POINT('Ctrl Pts',(39.6644,134.3478,1.6));
#8331=CARTESIAN_POINT('',(39.517953,134.701353,0.));
#8332=CARTESIAN_POINT('Ctrl Pts',(39.517953,134.701353,0.));
#8333=CARTESIAN_POINT('Ctrl Pts',(39.611722,134.607585,0.));
#8334=CARTESIAN_POINT('Ctrl Pts',(39.6644,134.480408,0.));
#8335=CARTESIAN_POINT('Ctrl Pts',(39.6644,134.3478,0.));
#8336=CARTESIAN_POINT('',(39.517953,134.701353,1.6));
#8337=CARTESIAN_POINT('Ctrl Pts',(39.517953,134.701353,1.6));
#8338=CARTESIAN_POINT('Ctrl Pts',(39.611722,134.607585,1.6));
#8339=CARTESIAN_POINT('Ctrl Pts',(39.6644,134.480408,1.6));
#8340=CARTESIAN_POINT('Ctrl Pts',(39.6644,134.3478,1.6));
#8341=CARTESIAN_POINT('',(39.517953,134.701353,0.));
#8342=CARTESIAN_POINT('Ctrl Pts',(39.1644,134.8478,0.));
#8343=CARTESIAN_POINT('Ctrl Pts',(39.1644,134.8478,1.6));
#8344=CARTESIAN_POINT('Ctrl Pts',(39.297008,134.8478,0.));
#8345=CARTESIAN_POINT('Ctrl Pts',(39.297008,134.8478,1.6));
#8346=CARTESIAN_POINT('Ctrl Pts',(39.424185,134.795122,0.));
#8347=CARTESIAN_POINT('Ctrl Pts',(39.424185,134.795122,1.6));
#8348=CARTESIAN_POINT('Ctrl Pts',(39.517953,134.701353,0.));
#8349=CARTESIAN_POINT('Ctrl Pts',(39.517953,134.701353,1.6));
#8350=CARTESIAN_POINT('Ctrl Pts',(39.1644,134.8478,0.));
#8351=CARTESIAN_POINT('Ctrl Pts',(39.297008,134.8478,0.));
#8352=CARTESIAN_POINT('Ctrl Pts',(39.424185,134.795122,0.));
#8353=CARTESIAN_POINT('Ctrl Pts',(39.517953,134.701353,0.));
#8354=CARTESIAN_POINT('Ctrl Pts',(39.1644,134.8478,1.6));
#8355=CARTESIAN_POINT('Ctrl Pts',(39.297008,134.8478,1.6));
#8356=CARTESIAN_POINT('Ctrl Pts',(39.424185,134.795122,1.6));
#8357=CARTESIAN_POINT('Ctrl Pts',(39.517953,134.701353,1.6));
#8358=CARTESIAN_POINT('Origin',(71.7144,101.897767852242,0.));
#8359=CARTESIAN_POINT('',(70.4644,101.897767852242,1.6));
#8360=CARTESIAN_POINT('Origin',(71.7144,101.897767852242,1.6));
#8361=CARTESIAN_POINT('',(70.4644,101.897767852242,0.));
#8362=CARTESIAN_POINT('',(70.4644,101.897767852242,0.));
#8363=CARTESIAN_POINT('Origin',(71.7144,101.897767852242,0.));
#8364=CARTESIAN_POINT('Origin',(62.2644,156.3478,0.));
#8365=CARTESIAN_POINT('',(62.2644,156.3478,0.));
#8366=CARTESIAN_POINT('',(75.1644,156.3478,0.));
#8367=CARTESIAN_POINT('',(62.2644,156.3478,0.));
#8368=CARTESIAN_POINT('',(75.1644,156.3478,1.6));
#8369=CARTESIAN_POINT('',(75.1644,156.3478,0.));
#8370=CARTESIAN_POINT('',(62.2644,156.3478,1.6));
#8371=CARTESIAN_POINT('',(62.2644,156.3478,1.6));
#8372=CARTESIAN_POINT('',(62.2644,156.3478,0.));
#8373=CARTESIAN_POINT('Ctrl Pts',(61.910847,156.201353,0.));
#8374=CARTESIAN_POINT('Ctrl Pts',(61.910847,156.201353,1.6));
#8375=CARTESIAN_POINT('Ctrl Pts',(62.004615,156.295122,0.));
#8376=CARTESIAN_POINT('Ctrl Pts',(62.004615,156.295122,1.6));
#8377=CARTESIAN_POINT('Ctrl Pts',(62.131792,156.3478,0.));
#8378=CARTESIAN_POINT('Ctrl Pts',(62.131792,156.3478,1.6));
#8379=CARTESIAN_POINT('Ctrl Pts',(62.2644,156.3478,0.));
#8380=CARTESIAN_POINT('Ctrl Pts',(62.2644,156.3478,1.6));
#8381=CARTESIAN_POINT('',(61.910847,156.201353,0.));
#8382=CARTESIAN_POINT('Ctrl Pts',(61.910847,156.201353,0.));
#8383=CARTESIAN_POINT('Ctrl Pts',(62.004615,156.295122,0.));
#8384=CARTESIAN_POINT('Ctrl Pts',(62.131792,156.3478,0.));
#8385=CARTESIAN_POINT('Ctrl Pts',(62.2644,156.3478,0.));
#8386=CARTESIAN_POINT('',(61.910847,156.201353,1.6));
#8387=CARTESIAN_POINT('Ctrl Pts',(61.910847,156.201353,1.6));
#8388=CARTESIAN_POINT('Ctrl Pts',(62.004615,156.295122,1.6));
#8389=CARTESIAN_POINT('Ctrl Pts',(62.131792,156.3478,1.6));
#8390=CARTESIAN_POINT('Ctrl Pts',(62.2644,156.3478,1.6));
#8391=CARTESIAN_POINT('',(61.910847,156.201353,0.));
#8392=CARTESIAN_POINT('Ctrl Pts',(61.7644,155.8478,0.));
#8393=CARTESIAN_POINT('Ctrl Pts',(61.7644,155.8478,1.6));
#8394=CARTESIAN_POINT('Ctrl Pts',(61.7644,155.980408,0.));
#8395=CARTESIAN_POINT('Ctrl Pts',(61.7644,155.980408,1.6));
#8396=CARTESIAN_POINT('Ctrl Pts',(61.817078,156.107585,0.));
#8397=CARTESIAN_POINT('Ctrl Pts',(61.817078,156.107585,1.6));
#8398=CARTESIAN_POINT('Ctrl Pts',(61.910847,156.201353,0.));
#8399=CARTESIAN_POINT('Ctrl Pts',(61.910847,156.201353,1.6));
#8400=CARTESIAN_POINT('',(61.7644,155.8478,0.));
#8401=CARTESIAN_POINT('Ctrl Pts',(61.7644,155.8478,0.));
#8402=CARTESIAN_POINT('Ctrl Pts',(61.7644,155.980408,0.));
#8403=CARTESIAN_POINT('Ctrl Pts',(61.817078,156.107585,0.));
#8404=CARTESIAN_POINT('Ctrl Pts',(61.910847,156.201353,0.));
#8405=CARTESIAN_POINT('',(61.7644,155.8478,1.6));
#8406=CARTESIAN_POINT('Ctrl Pts',(61.7644,155.8478,1.6));
#8407=CARTESIAN_POINT('Ctrl Pts',(61.7644,155.980408,1.6));
#8408=CARTESIAN_POINT('Ctrl Pts',(61.817078,156.107585,1.6));
#8409=CARTESIAN_POINT('Ctrl Pts',(61.910847,156.201353,1.6));
#8410=CARTESIAN_POINT('',(61.7644,155.8478,0.));
#8411=CARTESIAN_POINT('Origin',(61.7644,142.9478,0.));
#8412=CARTESIAN_POINT('',(61.7644,142.9478,0.));
#8413=CARTESIAN_POINT('',(61.7644,142.9478,0.));
#8414=CARTESIAN_POINT('',(61.7644,142.9478,1.6));
#8415=CARTESIAN_POINT('',(61.7644,142.9478,1.6));
#8416=CARTESIAN_POINT('',(61.7644,142.9478,0.));
#8417=CARTESIAN_POINT('Ctrl Pts',(61.910847,142.594247,0.));
#8418=CARTESIAN_POINT('Ctrl Pts',(61.910847,142.594247,1.6));
#8419=CARTESIAN_POINT('Ctrl Pts',(61.817078,142.688015,0.));
#8420=CARTESIAN_POINT('Ctrl Pts',(61.817078,142.688015,1.6));
#8421=CARTESIAN_POINT('Ctrl Pts',(61.7644,142.815192,0.));
#8422=CARTESIAN_POINT('Ctrl Pts',(61.7644,142.815192,1.6));
#8423=CARTESIAN_POINT('Ctrl Pts',(61.7644,142.9478,0.));
#8424=CARTESIAN_POINT('Ctrl Pts',(61.7644,142.9478,1.6));
#8425=CARTESIAN_POINT('',(61.910847,142.594247,0.));
#8426=CARTESIAN_POINT('Ctrl Pts',(61.910847,142.594247,0.));
#8427=CARTESIAN_POINT('Ctrl Pts',(61.817078,142.688015,0.));
#8428=CARTESIAN_POINT('Ctrl Pts',(61.7644,142.815192,0.));
#8429=CARTESIAN_POINT('Ctrl Pts',(61.7644,142.9478,0.));
#8430=CARTESIAN_POINT('',(61.910847,142.594247,1.6));
#8431=CARTESIAN_POINT('Ctrl Pts',(61.910847,142.594247,1.6));
#8432=CARTESIAN_POINT('Ctrl Pts',(61.817078,142.688015,1.6));
#8433=CARTESIAN_POINT('Ctrl Pts',(61.7644,142.815192,1.6));
#8434=CARTESIAN_POINT('Ctrl Pts',(61.7644,142.9478,1.6));
#8435=CARTESIAN_POINT('',(61.910847,142.594247,0.));
#8436=CARTESIAN_POINT('Ctrl Pts',(62.2644,142.4478,0.));
#8437=CARTESIAN_POINT('Ctrl Pts',(62.2644,142.4478,1.6));
#8438=CARTESIAN_POINT('Ctrl Pts',(62.131792,142.4478,0.));
#8439=CARTESIAN_POINT('Ctrl Pts',(62.131792,142.4478,1.6));
#8440=CARTESIAN_POINT('Ctrl Pts',(62.004615,142.500478,0.));
#8441=CARTESIAN_POINT('Ctrl Pts',(62.004615,142.500478,1.6));
#8442=CARTESIAN_POINT('Ctrl Pts',(61.910847,142.594247,0.));
#8443=CARTESIAN_POINT('Ctrl Pts',(61.910847,142.594247,1.6));
#8444=CARTESIAN_POINT('',(62.2644,142.4478,0.));
#8445=CARTESIAN_POINT('Ctrl Pts',(62.2644,142.4478,0.));
#8446=CARTESIAN_POINT('Ctrl Pts',(62.131792,142.4478,0.));
#8447=CARTESIAN_POINT('Ctrl Pts',(62.004615,142.500478,0.));
#8448=CARTESIAN_POINT('Ctrl Pts',(61.910847,142.594247,0.));
#8449=CARTESIAN_POINT('',(62.2644,142.4478,1.6));
#8450=CARTESIAN_POINT('Ctrl Pts',(62.2644,142.4478,1.6));
#8451=CARTESIAN_POINT('Ctrl Pts',(62.131792,142.4478,1.6));
#8452=CARTESIAN_POINT('Ctrl Pts',(62.004615,142.500478,1.6));
#8453=CARTESIAN_POINT('Ctrl Pts',(61.910847,142.594247,1.6));
#8454=CARTESIAN_POINT('',(62.2644,142.4478,0.));
#8455=CARTESIAN_POINT('Origin',(75.1644,142.4478,0.));
#8456=CARTESIAN_POINT('',(75.1644,142.4478,0.));
#8457=CARTESIAN_POINT('',(75.1644,142.4478,0.));
#8458=CARTESIAN_POINT('',(75.1644,142.4478,1.6));
#8459=CARTESIAN_POINT('',(75.1644,142.4478,1.6));
#8460=CARTESIAN_POINT('',(75.1644,142.4478,0.));
#8461=CARTESIAN_POINT('Ctrl Pts',(75.517953,142.594247,0.));
#8462=CARTESIAN_POINT('Ctrl Pts',(75.517953,142.594247,1.6));
#8463=CARTESIAN_POINT('Ctrl Pts',(75.424185,142.500478,0.));
#8464=CARTESIAN_POINT('Ctrl Pts',(75.424185,142.500478,1.6));
#8465=CARTESIAN_POINT('Ctrl Pts',(75.297008,142.4478,0.));
#8466=CARTESIAN_POINT('Ctrl Pts',(75.297008,142.4478,1.6));
#8467=CARTESIAN_POINT('Ctrl Pts',(75.1644,142.4478,0.));
#8468=CARTESIAN_POINT('Ctrl Pts',(75.1644,142.4478,1.6));
#8469=CARTESIAN_POINT('',(75.517953,142.594247,0.));
#8470=CARTESIAN_POINT('Ctrl Pts',(75.517953,142.594247,0.));
#8471=CARTESIAN_POINT('Ctrl Pts',(75.424185,142.500478,0.));
#8472=CARTESIAN_POINT('Ctrl Pts',(75.297008,142.4478,0.));
#8473=CARTESIAN_POINT('Ctrl Pts',(75.1644,142.4478,0.));
#8474=CARTESIAN_POINT('',(75.517953,142.594247,1.6));
#8475=CARTESIAN_POINT('Ctrl Pts',(75.517953,142.594247,1.6));
#8476=CARTESIAN_POINT('Ctrl Pts',(75.424185,142.500478,1.6));
#8477=CARTESIAN_POINT('Ctrl Pts',(75.297008,142.4478,1.6));
#8478=CARTESIAN_POINT('Ctrl Pts',(75.1644,142.4478,1.6));
#8479=CARTESIAN_POINT('',(75.517953,142.594247,0.));
#8480=CARTESIAN_POINT('Ctrl Pts',(75.6644,142.9478,0.));
#8481=CARTESIAN_POINT('Ctrl Pts',(75.6644,142.9478,1.6));
#8482=CARTESIAN_POINT('Ctrl Pts',(75.6644,142.815192,0.));
#8483=CARTESIAN_POINT('Ctrl Pts',(75.6644,142.815192,1.6));
#8484=CARTESIAN_POINT('Ctrl Pts',(75.611722,142.688015,0.));
#8485=CARTESIAN_POINT('Ctrl Pts',(75.611722,142.688015,1.6));
#8486=CARTESIAN_POINT('Ctrl Pts',(75.517953,142.594247,0.));
#8487=CARTESIAN_POINT('Ctrl Pts',(75.517953,142.594247,1.6));
#8488=CARTESIAN_POINT('',(75.6644,142.9478,0.));
#8489=CARTESIAN_POINT('Ctrl Pts',(75.6644,142.9478,0.));
#8490=CARTESIAN_POINT('Ctrl Pts',(75.6644,142.815192,0.));
#8491=CARTESIAN_POINT('Ctrl Pts',(75.611722,142.688015,0.));
#8492=CARTESIAN_POINT('Ctrl Pts',(75.517953,142.594247,0.));
#8493=CARTESIAN_POINT('',(75.6644,142.9478,1.6));
#8494=CARTESIAN_POINT('Ctrl Pts',(75.6644,142.9478,1.6));
#8495=CARTESIAN_POINT('Ctrl Pts',(75.6644,142.815192,1.6));
#8496=CARTESIAN_POINT('Ctrl Pts',(75.611722,142.688015,1.6));
#8497=CARTESIAN_POINT('Ctrl Pts',(75.517953,142.594247,1.6));
#8498=CARTESIAN_POINT('',(75.6644,142.9478,0.));
#8499=CARTESIAN_POINT('Origin',(75.6644,155.8478,0.));
#8500=CARTESIAN_POINT('',(75.6644,155.8478,0.));
#8501=CARTESIAN_POINT('',(75.6644,155.8478,0.));
#8502=CARTESIAN_POINT('',(75.6644,155.8478,1.6));
#8503=CARTESIAN_POINT('',(75.6644,155.8478,1.6));
#8504=CARTESIAN_POINT('',(75.6644,155.8478,0.));
#8505=CARTESIAN_POINT('Ctrl Pts',(75.517953,156.201353,0.));
#8506=CARTESIAN_POINT('Ctrl Pts',(75.517953,156.201353,1.6));
#8507=CARTESIAN_POINT('Ctrl Pts',(75.611722,156.107585,0.));
#8508=CARTESIAN_POINT('Ctrl Pts',(75.611722,156.107585,1.6));
#8509=CARTESIAN_POINT('Ctrl Pts',(75.6644,155.980408,0.));
#8510=CARTESIAN_POINT('Ctrl Pts',(75.6644,155.980408,1.6));
#8511=CARTESIAN_POINT('Ctrl Pts',(75.6644,155.8478,0.));
#8512=CARTESIAN_POINT('Ctrl Pts',(75.6644,155.8478,1.6));
#8513=CARTESIAN_POINT('',(75.517953,156.201353,0.));
#8514=CARTESIAN_POINT('Ctrl Pts',(75.517953,156.201353,0.));
#8515=CARTESIAN_POINT('Ctrl Pts',(75.611722,156.107585,0.));
#8516=CARTESIAN_POINT('Ctrl Pts',(75.6644,155.980408,0.));
#8517=CARTESIAN_POINT('Ctrl Pts',(75.6644,155.8478,0.));
#8518=CARTESIAN_POINT('',(75.517953,156.201353,1.6));
#8519=CARTESIAN_POINT('Ctrl Pts',(75.517953,156.201353,1.6));
#8520=CARTESIAN_POINT('Ctrl Pts',(75.611722,156.107585,1.6));
#8521=CARTESIAN_POINT('Ctrl Pts',(75.6644,155.980408,1.6));
#8522=CARTESIAN_POINT('Ctrl Pts',(75.6644,155.8478,1.6));
#8523=CARTESIAN_POINT('',(75.517953,156.201353,0.));
#8524=CARTESIAN_POINT('Ctrl Pts',(75.1644,156.3478,0.));
#8525=CARTESIAN_POINT('Ctrl Pts',(75.1644,156.3478,1.6));
#8526=CARTESIAN_POINT('Ctrl Pts',(75.297008,156.3478,0.));
#8527=CARTESIAN_POINT('Ctrl Pts',(75.297008,156.3478,1.6));
#8528=CARTESIAN_POINT('Ctrl Pts',(75.424185,156.295122,0.));
#8529=CARTESIAN_POINT('Ctrl Pts',(75.424185,156.295122,1.6));
#8530=CARTESIAN_POINT('Ctrl Pts',(75.517953,156.201353,0.));
#8531=CARTESIAN_POINT('Ctrl Pts',(75.517953,156.201353,1.6));
#8532=CARTESIAN_POINT('Ctrl Pts',(75.1644,156.3478,0.));
#8533=CARTESIAN_POINT('Ctrl Pts',(75.297008,156.3478,0.));
#8534=CARTESIAN_POINT('Ctrl Pts',(75.424185,156.295122,0.));
#8535=CARTESIAN_POINT('Ctrl Pts',(75.517953,156.201353,0.));
#8536=CARTESIAN_POINT('Ctrl Pts',(75.1644,156.3478,1.6));
#8537=CARTESIAN_POINT('Ctrl Pts',(75.297008,156.3478,1.6));
#8538=CARTESIAN_POINT('Ctrl Pts',(75.424185,156.295122,1.6));
#8539=CARTESIAN_POINT('Ctrl Pts',(75.517953,156.201353,1.6));
#8540=CARTESIAN_POINT('Origin',(75.3868447423186,98.2834683814118,0.));
#8541=CARTESIAN_POINT('',(75.3868447423186,98.2834683814118,0.));
#8542=CARTESIAN_POINT('',(75.3868447423186,75.6048748695136,0.));
#8543=CARTESIAN_POINT('',(75.3868447423186,98.2834683814118,0.));
#8544=CARTESIAN_POINT('',(75.3868447423186,75.6048748695136,1.6));
#8545=CARTESIAN_POINT('',(75.3868447423186,75.6048748695136,0.));
#8546=CARTESIAN_POINT('',(75.3868447423186,98.2834683814118,1.6));
#8547=CARTESIAN_POINT('',(75.3868447423186,98.2834683814118,1.6));
#8548=CARTESIAN_POINT('',(75.3868447423186,98.2834683814118,0.));
#8549=CARTESIAN_POINT('Origin',(48.020829924441,98.2834683814118,0.));
#8550=CARTESIAN_POINT('',(48.020829924441,98.2834683814118,0.));
#8551=CARTESIAN_POINT('',(48.020829924441,98.2834683814118,0.));
#8552=CARTESIAN_POINT('',(48.020829924441,98.2834683814118,1.6));
#8553=CARTESIAN_POINT('',(48.020829924441,98.2834683814118,1.6));
#8554=CARTESIAN_POINT('',(48.020829924441,98.2834683814118,0.));
#8555=CARTESIAN_POINT('Origin',(48.020829924441,80.8914773680962,0.));
#8556=CARTESIAN_POINT('',(48.020829924441,80.8914773680962,0.));
#8557=CARTESIAN_POINT('',(48.020829924441,80.8914773680962,0.));
#8558=CARTESIAN_POINT('',(48.020829924441,80.8914773680962,1.6));
#8559=CARTESIAN_POINT('',(48.020829924441,80.8914773680962,1.6));
#8560=CARTESIAN_POINT('',(48.020829924441,80.8914773680962,0.));
#8561=CARTESIAN_POINT('Origin',(75.3868447423186,75.6048748695136,0.));
#8562=CARTESIAN_POINT('',(48.020829924441,80.8914773680962,0.));
#8563=CARTESIAN_POINT('',(48.020829924441,80.8914773680962,1.6));
#8564=CARTESIAN_POINT('Origin',(122.4,104.107167852242,0.));
#8565=CARTESIAN_POINT('',(121.15,104.107167852242,1.6));
#8566=CARTESIAN_POINT('Origin',(122.4,104.107167852242,1.6));
#8567=CARTESIAN_POINT('',(121.15,104.107167852242,0.));
#8568=CARTESIAN_POINT('',(121.15,104.107167852242,0.));
#8569=CARTESIAN_POINT('Origin',(122.4,104.107167852242,0.));
#8570=CARTESIAN_POINT('Origin',(26.2644,100.8478,0.));
#8571=CARTESIAN_POINT('',(26.2644,100.8478,0.));
#8572=CARTESIAN_POINT('',(39.1644,100.8478,0.));
#8573=CARTESIAN_POINT('',(26.2644,100.8478,0.));
#8574=CARTESIAN_POINT('',(39.1644,100.8478,1.6));
#8575=CARTESIAN_POINT('',(39.1644,100.8478,0.));
#8576=CARTESIAN_POINT('',(26.2644,100.8478,1.6));
#8577=CARTESIAN_POINT('',(26.2644,100.8478,1.6));
#8578=CARTESIAN_POINT('',(26.2644,100.8478,0.));
#8579=CARTESIAN_POINT('Ctrl Pts',(25.910847,100.701353,0.));
#8580=CARTESIAN_POINT('Ctrl Pts',(25.910847,100.701353,1.6));
#8581=CARTESIAN_POINT('Ctrl Pts',(26.004615,100.795122,0.));
#8582=CARTESIAN_POINT('Ctrl Pts',(26.004615,100.795122,1.6));
#8583=CARTESIAN_POINT('Ctrl Pts',(26.131792,100.8478,0.));
#8584=CARTESIAN_POINT('Ctrl Pts',(26.131792,100.8478,1.6));
#8585=CARTESIAN_POINT('Ctrl Pts',(26.2644,100.8478,0.));
#8586=CARTESIAN_POINT('Ctrl Pts',(26.2644,100.8478,1.6));
#8587=CARTESIAN_POINT('',(25.910847,100.701353,0.));
#8588=CARTESIAN_POINT('Ctrl Pts',(25.910847,100.701353,0.));
#8589=CARTESIAN_POINT('Ctrl Pts',(26.004615,100.795122,0.));
#8590=CARTESIAN_POINT('Ctrl Pts',(26.131792,100.8478,0.));
#8591=CARTESIAN_POINT('Ctrl Pts',(26.2644,100.8478,0.));
#8592=CARTESIAN_POINT('',(25.910847,100.701353,1.6));
#8593=CARTESIAN_POINT('Ctrl Pts',(25.910847,100.701353,1.6));
#8594=CARTESIAN_POINT('Ctrl Pts',(26.004615,100.795122,1.6));
#8595=CARTESIAN_POINT('Ctrl Pts',(26.131792,100.8478,1.6));
#8596=CARTESIAN_POINT('Ctrl Pts',(26.2644,100.8478,1.6));
#8597=CARTESIAN_POINT('',(25.910847,100.701353,0.));
#8598=CARTESIAN_POINT('Ctrl Pts',(25.7644,100.3478,0.));
#8599=CARTESIAN_POINT('Ctrl Pts',(25.7644,100.3478,1.6));
#8600=CARTESIAN_POINT('Ctrl Pts',(25.7644,100.480408,0.));
#8601=CARTESIAN_POINT('Ctrl Pts',(25.7644,100.480408,1.6));
#8602=CARTESIAN_POINT('Ctrl Pts',(25.817078,100.607585,0.));
#8603=CARTESIAN_POINT('Ctrl Pts',(25.817078,100.607585,1.6));
#8604=CARTESIAN_POINT('Ctrl Pts',(25.910847,100.701353,0.));
#8605=CARTESIAN_POINT('Ctrl Pts',(25.910847,100.701353,1.6));
#8606=CARTESIAN_POINT('',(25.7644,100.3478,0.));
#8607=CARTESIAN_POINT('Ctrl Pts',(25.7644,100.3478,0.));
#8608=CARTESIAN_POINT('Ctrl Pts',(25.7644,100.480408,0.));
#8609=CARTESIAN_POINT('Ctrl Pts',(25.817078,100.607585,0.));
#8610=CARTESIAN_POINT('Ctrl Pts',(25.910847,100.701353,0.));
#8611=CARTESIAN_POINT('',(25.7644,100.3478,1.6));
#8612=CARTESIAN_POINT('Ctrl Pts',(25.7644,100.3478,1.6));
#8613=CARTESIAN_POINT('Ctrl Pts',(25.7644,100.480408,1.6));
#8614=CARTESIAN_POINT('Ctrl Pts',(25.817078,100.607585,1.6));
#8615=CARTESIAN_POINT('Ctrl Pts',(25.910847,100.701353,1.6));
#8616=CARTESIAN_POINT('',(25.7644,100.3478,0.));
#8617=CARTESIAN_POINT('Origin',(25.7644,87.4478,0.));
#8618=CARTESIAN_POINT('',(25.7644,87.4478,0.));
#8619=CARTESIAN_POINT('',(25.7644,87.4478,0.));
#8620=CARTESIAN_POINT('',(25.7644,87.4478,1.6));
#8621=CARTESIAN_POINT('',(25.7644,87.4478,1.6));
#8622=CARTESIAN_POINT('',(25.7644,87.4478,0.));
#8623=CARTESIAN_POINT('Ctrl Pts',(25.910847,87.094247,0.));
#8624=CARTESIAN_POINT('Ctrl Pts',(25.910847,87.094247,1.6));
#8625=CARTESIAN_POINT('Ctrl Pts',(25.817078,87.188015,0.));
#8626=CARTESIAN_POINT('Ctrl Pts',(25.817078,87.188015,1.6));
#8627=CARTESIAN_POINT('Ctrl Pts',(25.7644,87.315192,0.));
#8628=CARTESIAN_POINT('Ctrl Pts',(25.7644,87.315192,1.6));
#8629=CARTESIAN_POINT('Ctrl Pts',(25.7644,87.4478,0.));
#8630=CARTESIAN_POINT('Ctrl Pts',(25.7644,87.4478,1.6));
#8631=CARTESIAN_POINT('',(25.910847,87.094247,0.));
#8632=CARTESIAN_POINT('Ctrl Pts',(25.910847,87.094247,0.));
#8633=CARTESIAN_POINT('Ctrl Pts',(25.817078,87.188015,0.));
#8634=CARTESIAN_POINT('Ctrl Pts',(25.7644,87.315192,0.));
#8635=CARTESIAN_POINT('Ctrl Pts',(25.7644,87.4478,0.));
#8636=CARTESIAN_POINT('',(25.910847,87.094247,1.6));
#8637=CARTESIAN_POINT('Ctrl Pts',(25.910847,87.094247,1.6));
#8638=CARTESIAN_POINT('Ctrl Pts',(25.817078,87.188015,1.6));
#8639=CARTESIAN_POINT('Ctrl Pts',(25.7644,87.315192,1.6));
#8640=CARTESIAN_POINT('Ctrl Pts',(25.7644,87.4478,1.6));
#8641=CARTESIAN_POINT('',(25.910847,87.094247,0.));
#8642=CARTESIAN_POINT('Ctrl Pts',(26.2644,86.9478,0.));
#8643=CARTESIAN_POINT('Ctrl Pts',(26.2644,86.9478,1.6));
#8644=CARTESIAN_POINT('Ctrl Pts',(26.131792,86.9478,0.));
#8645=CARTESIAN_POINT('Ctrl Pts',(26.131792,86.9478,1.6));
#8646=CARTESIAN_POINT('Ctrl Pts',(26.004615,87.000478,0.));
#8647=CARTESIAN_POINT('Ctrl Pts',(26.004615,87.000478,1.6));
#8648=CARTESIAN_POINT('Ctrl Pts',(25.910847,87.094247,0.));
#8649=CARTESIAN_POINT('Ctrl Pts',(25.910847,87.094247,1.6));
#8650=CARTESIAN_POINT('',(26.2644,86.9478,0.));
#8651=CARTESIAN_POINT('Ctrl Pts',(26.2644,86.9478,0.));
#8652=CARTESIAN_POINT('Ctrl Pts',(26.131792,86.9478,0.));
#8653=CARTESIAN_POINT('Ctrl Pts',(26.004615,87.000478,0.));
#8654=CARTESIAN_POINT('Ctrl Pts',(25.910847,87.094247,0.));
#8655=CARTESIAN_POINT('',(26.2644,86.9478,1.6));
#8656=CARTESIAN_POINT('Ctrl Pts',(26.2644,86.9478,1.6));
#8657=CARTESIAN_POINT('Ctrl Pts',(26.131792,86.9478,1.6));
#8658=CARTESIAN_POINT('Ctrl Pts',(26.004615,87.000478,1.6));
#8659=CARTESIAN_POINT('Ctrl Pts',(25.910847,87.094247,1.6));
#8660=CARTESIAN_POINT('',(26.2644,86.9478,0.));
#8661=CARTESIAN_POINT('Origin',(39.1644,86.9478,0.));
#8662=CARTESIAN_POINT('',(39.1644,86.9478,0.));
#8663=CARTESIAN_POINT('',(39.1644,86.9478,0.));
#8664=CARTESIAN_POINT('',(39.1644,86.9478,1.6));
#8665=CARTESIAN_POINT('',(39.1644,86.9478,1.6));
#8666=CARTESIAN_POINT('',(39.1644,86.9478,0.));
#8667=CARTESIAN_POINT('Ctrl Pts',(39.517953,87.094247,0.));
#8668=CARTESIAN_POINT('Ctrl Pts',(39.517953,87.094247,1.6));
#8669=CARTESIAN_POINT('Ctrl Pts',(39.424185,87.000478,0.));
#8670=CARTESIAN_POINT('Ctrl Pts',(39.424185,87.000478,1.6));
#8671=CARTESIAN_POINT('Ctrl Pts',(39.297008,86.9478,0.));
#8672=CARTESIAN_POINT('Ctrl Pts',(39.297008,86.9478,1.6));
#8673=CARTESIAN_POINT('Ctrl Pts',(39.1644,86.9478,0.));
#8674=CARTESIAN_POINT('Ctrl Pts',(39.1644,86.9478,1.6));
#8675=CARTESIAN_POINT('',(39.517953,87.094247,0.));
#8676=CARTESIAN_POINT('Ctrl Pts',(39.517953,87.094247,0.));
#8677=CARTESIAN_POINT('Ctrl Pts',(39.424185,87.000478,0.));
#8678=CARTESIAN_POINT('Ctrl Pts',(39.297008,86.9478,0.));
#8679=CARTESIAN_POINT('Ctrl Pts',(39.1644,86.9478,0.));
#8680=CARTESIAN_POINT('',(39.517953,87.094247,1.6));
#8681=CARTESIAN_POINT('Ctrl Pts',(39.517953,87.094247,1.6));
#8682=CARTESIAN_POINT('Ctrl Pts',(39.424185,87.000478,1.6));
#8683=CARTESIAN_POINT('Ctrl Pts',(39.297008,86.9478,1.6));
#8684=CARTESIAN_POINT('Ctrl Pts',(39.1644,86.9478,1.6));
#8685=CARTESIAN_POINT('',(39.517953,87.094247,0.));
#8686=CARTESIAN_POINT('Ctrl Pts',(39.6644,87.4478,0.));
#8687=CARTESIAN_POINT('Ctrl Pts',(39.6644,87.4478,1.6));
#8688=CARTESIAN_POINT('Ctrl Pts',(39.6644,87.315192,0.));
#8689=CARTESIAN_POINT('Ctrl Pts',(39.6644,87.315192,1.6));
#8690=CARTESIAN_POINT('Ctrl Pts',(39.611722,87.188015,0.));
#8691=CARTESIAN_POINT('Ctrl Pts',(39.611722,87.188015,1.6));
#8692=CARTESIAN_POINT('Ctrl Pts',(39.517953,87.094247,0.));
#8693=CARTESIAN_POINT('Ctrl Pts',(39.517953,87.094247,1.6));
#8694=CARTESIAN_POINT('',(39.6644,87.4478,0.));
#8695=CARTESIAN_POINT('Ctrl Pts',(39.6644,87.4478,0.));
#8696=CARTESIAN_POINT('Ctrl Pts',(39.6644,87.315192,0.));
#8697=CARTESIAN_POINT('Ctrl Pts',(39.611722,87.188015,0.));
#8698=CARTESIAN_POINT('Ctrl Pts',(39.517953,87.094247,0.));
#8699=CARTESIAN_POINT('',(39.6644,87.4478,1.6));
#8700=CARTESIAN_POINT('Ctrl Pts',(39.6644,87.4478,1.6));
#8701=CARTESIAN_POINT('Ctrl Pts',(39.6644,87.315192,1.6));
#8702=CARTESIAN_POINT('Ctrl Pts',(39.611722,87.188015,1.6));
#8703=CARTESIAN_POINT('Ctrl Pts',(39.517953,87.094247,1.6));
#8704=CARTESIAN_POINT('',(39.6644,87.4478,0.));
#8705=CARTESIAN_POINT('Origin',(39.6644,100.3478,0.));
#8706=CARTESIAN_POINT('',(39.6644,100.3478,0.));
#8707=CARTESIAN_POINT('',(39.6644,100.3478,0.));
#8708=CARTESIAN_POINT('',(39.6644,100.3478,1.6));
#8709=CARTESIAN_POINT('',(39.6644,100.3478,1.6));
#8710=CARTESIAN_POINT('',(39.6644,100.3478,0.));
#8711=CARTESIAN_POINT('Ctrl Pts',(39.517953,100.701353,0.));
#8712=CARTESIAN_POINT('Ctrl Pts',(39.517953,100.701353,1.6));
#8713=CARTESIAN_POINT('Ctrl Pts',(39.611722,100.607585,0.));
#8714=CARTESIAN_POINT('Ctrl Pts',(39.611722,100.607585,1.6));
#8715=CARTESIAN_POINT('Ctrl Pts',(39.6644,100.480408,0.));
#8716=CARTESIAN_POINT('Ctrl Pts',(39.6644,100.480408,1.6));
#8717=CARTESIAN_POINT('Ctrl Pts',(39.6644,100.3478,0.));
#8718=CARTESIAN_POINT('Ctrl Pts',(39.6644,100.3478,1.6));
#8719=CARTESIAN_POINT('',(39.517953,100.701353,0.));
#8720=CARTESIAN_POINT('Ctrl Pts',(39.517953,100.701353,0.));
#8721=CARTESIAN_POINT('Ctrl Pts',(39.611722,100.607585,0.));
#8722=CARTESIAN_POINT('Ctrl Pts',(39.6644,100.480408,0.));
#8723=CARTESIAN_POINT('Ctrl Pts',(39.6644,100.3478,0.));
#8724=CARTESIAN_POINT('',(39.517953,100.701353,1.6));
#8725=CARTESIAN_POINT('Ctrl Pts',(39.517953,100.701353,1.6));
#8726=CARTESIAN_POINT('Ctrl Pts',(39.611722,100.607585,1.6));
#8727=CARTESIAN_POINT('Ctrl Pts',(39.6644,100.480408,1.6));
#8728=CARTESIAN_POINT('Ctrl Pts',(39.6644,100.3478,1.6));
#8729=CARTESIAN_POINT('',(39.517953,100.701353,0.));
#8730=CARTESIAN_POINT('Ctrl Pts',(39.1644,100.8478,0.));
#8731=CARTESIAN_POINT('Ctrl Pts',(39.1644,100.8478,1.6));
#8732=CARTESIAN_POINT('Ctrl Pts',(39.297008,100.8478,0.));
#8733=CARTESIAN_POINT('Ctrl Pts',(39.297008,100.8478,1.6));
#8734=CARTESIAN_POINT('Ctrl Pts',(39.424185,100.795122,0.));
#8735=CARTESIAN_POINT('Ctrl Pts',(39.424185,100.795122,1.6));
#8736=CARTESIAN_POINT('Ctrl Pts',(39.517953,100.701353,0.));
#8737=CARTESIAN_POINT('Ctrl Pts',(39.517953,100.701353,1.6));
#8738=CARTESIAN_POINT('Ctrl Pts',(39.1644,100.8478,0.));
#8739=CARTESIAN_POINT('Ctrl Pts',(39.297008,100.8478,0.));
#8740=CARTESIAN_POINT('Ctrl Pts',(39.424185,100.795122,0.));
#8741=CARTESIAN_POINT('Ctrl Pts',(39.517953,100.701353,0.));
#8742=CARTESIAN_POINT('Ctrl Pts',(39.1644,100.8478,1.6));
#8743=CARTESIAN_POINT('Ctrl Pts',(39.297008,100.8478,1.6));
#8744=CARTESIAN_POINT('Ctrl Pts',(39.424185,100.795122,1.6));
#8745=CARTESIAN_POINT('Ctrl Pts',(39.517953,100.701353,1.6));
#8746=CARTESIAN_POINT('Origin',(44.2644,113.8478,0.));
#8747=CARTESIAN_POINT('',(44.2644,113.8478,0.));
#8748=CARTESIAN_POINT('',(57.1644,113.8478,0.));
#8749=CARTESIAN_POINT('',(44.2644,113.8478,0.));
#8750=CARTESIAN_POINT('',(57.1644,113.8478,1.6));
#8751=CARTESIAN_POINT('',(57.1644,113.8478,0.));
#8752=CARTESIAN_POINT('',(44.2644,113.8478,1.6));
#8753=CARTESIAN_POINT('',(44.2644,113.8478,1.6));
#8754=CARTESIAN_POINT('',(44.2644,113.8478,0.));
#8755=CARTESIAN_POINT('Ctrl Pts',(43.910847,113.701353,0.));
#8756=CARTESIAN_POINT('Ctrl Pts',(43.910847,113.701353,1.6));
#8757=CARTESIAN_POINT('Ctrl Pts',(44.004615,113.795122,0.));
#8758=CARTESIAN_POINT('Ctrl Pts',(44.004615,113.795122,1.6));
#8759=CARTESIAN_POINT('Ctrl Pts',(44.131792,113.8478,0.));
#8760=CARTESIAN_POINT('Ctrl Pts',(44.131792,113.8478,1.6));
#8761=CARTESIAN_POINT('Ctrl Pts',(44.2644,113.8478,0.));
#8762=CARTESIAN_POINT('Ctrl Pts',(44.2644,113.8478,1.6));
#8763=CARTESIAN_POINT('',(43.910847,113.701353,0.));
#8764=CARTESIAN_POINT('Ctrl Pts',(43.910847,113.701353,0.));
#8765=CARTESIAN_POINT('Ctrl Pts',(44.004615,113.795122,0.));
#8766=CARTESIAN_POINT('Ctrl Pts',(44.131792,113.8478,0.));
#8767=CARTESIAN_POINT('Ctrl Pts',(44.2644,113.8478,0.));
#8768=CARTESIAN_POINT('',(43.910847,113.701353,1.6));
#8769=CARTESIAN_POINT('Ctrl Pts',(43.910847,113.701353,1.6));
#8770=CARTESIAN_POINT('Ctrl Pts',(44.004615,113.795122,1.6));
#8771=CARTESIAN_POINT('Ctrl Pts',(44.131792,113.8478,1.6));
#8772=CARTESIAN_POINT('Ctrl Pts',(44.2644,113.8478,1.6));
#8773=CARTESIAN_POINT('',(43.910847,113.701353,0.));
#8774=CARTESIAN_POINT('Ctrl Pts',(43.7644,113.3478,0.));
#8775=CARTESIAN_POINT('Ctrl Pts',(43.7644,113.3478,1.6));
#8776=CARTESIAN_POINT('Ctrl Pts',(43.7644,113.480408,0.));
#8777=CARTESIAN_POINT('Ctrl Pts',(43.7644,113.480408,1.6));
#8778=CARTESIAN_POINT('Ctrl Pts',(43.817078,113.607585,0.));
#8779=CARTESIAN_POINT('Ctrl Pts',(43.817078,113.607585,1.6));
#8780=CARTESIAN_POINT('Ctrl Pts',(43.910847,113.701353,0.));
#8781=CARTESIAN_POINT('Ctrl Pts',(43.910847,113.701353,1.6));
#8782=CARTESIAN_POINT('',(43.7644,113.3478,0.));
#8783=CARTESIAN_POINT('Ctrl Pts',(43.7644,113.3478,0.));
#8784=CARTESIAN_POINT('Ctrl Pts',(43.7644,113.480408,0.));
#8785=CARTESIAN_POINT('Ctrl Pts',(43.817078,113.607585,0.));
#8786=CARTESIAN_POINT('Ctrl Pts',(43.910847,113.701353,0.));
#8787=CARTESIAN_POINT('',(43.7644,113.3478,1.6));
#8788=CARTESIAN_POINT('Ctrl Pts',(43.7644,113.3478,1.6));
#8789=CARTESIAN_POINT('Ctrl Pts',(43.7644,113.480408,1.6));
#8790=CARTESIAN_POINT('Ctrl Pts',(43.817078,113.607585,1.6));
#8791=CARTESIAN_POINT('Ctrl Pts',(43.910847,113.701353,1.6));
#8792=CARTESIAN_POINT('',(43.7644,113.3478,0.));
#8793=CARTESIAN_POINT('Origin',(43.7644,100.4478,0.));
#8794=CARTESIAN_POINT('',(43.7644,100.4478,0.));
#8795=CARTESIAN_POINT('',(43.7644,100.4478,0.));
#8796=CARTESIAN_POINT('',(43.7644,100.4478,1.6));
#8797=CARTESIAN_POINT('',(43.7644,100.4478,1.6));
#8798=CARTESIAN_POINT('',(43.7644,100.4478,0.));
#8799=CARTESIAN_POINT('Ctrl Pts',(43.910847,100.094247,0.));
#8800=CARTESIAN_POINT('Ctrl Pts',(43.910847,100.094247,1.6));
#8801=CARTESIAN_POINT('Ctrl Pts',(43.817078,100.188015,0.));
#8802=CARTESIAN_POINT('Ctrl Pts',(43.817078,100.188015,1.6));
#8803=CARTESIAN_POINT('Ctrl Pts',(43.7644,100.315192,0.));
#8804=CARTESIAN_POINT('Ctrl Pts',(43.7644,100.315192,1.6));
#8805=CARTESIAN_POINT('Ctrl Pts',(43.7644,100.4478,0.));
#8806=CARTESIAN_POINT('Ctrl Pts',(43.7644,100.4478,1.6));
#8807=CARTESIAN_POINT('',(43.910847,100.094247,0.));
#8808=CARTESIAN_POINT('Ctrl Pts',(43.910847,100.094247,0.));
#8809=CARTESIAN_POINT('Ctrl Pts',(43.817078,100.188015,0.));
#8810=CARTESIAN_POINT('Ctrl Pts',(43.7644,100.315192,0.));
#8811=CARTESIAN_POINT('Ctrl Pts',(43.7644,100.4478,0.));
#8812=CARTESIAN_POINT('',(43.910847,100.094247,1.6));
#8813=CARTESIAN_POINT('Ctrl Pts',(43.910847,100.094247,1.6));
#8814=CARTESIAN_POINT('Ctrl Pts',(43.817078,100.188015,1.6));
#8815=CARTESIAN_POINT('Ctrl Pts',(43.7644,100.315192,1.6));
#8816=CARTESIAN_POINT('Ctrl Pts',(43.7644,100.4478,1.6));
#8817=CARTESIAN_POINT('',(43.910847,100.094247,0.));
#8818=CARTESIAN_POINT('Ctrl Pts',(44.2644,99.9478,0.));
#8819=CARTESIAN_POINT('Ctrl Pts',(44.2644,99.9478,1.6));
#8820=CARTESIAN_POINT('Ctrl Pts',(44.131792,99.9478,0.));
#8821=CARTESIAN_POINT('Ctrl Pts',(44.131792,99.9478,1.6));
#8822=CARTESIAN_POINT('Ctrl Pts',(44.004615,100.000478,0.));
#8823=CARTESIAN_POINT('Ctrl Pts',(44.004615,100.000478,1.6));
#8824=CARTESIAN_POINT('Ctrl Pts',(43.910847,100.094247,0.));
#8825=CARTESIAN_POINT('Ctrl Pts',(43.910847,100.094247,1.6));
#8826=CARTESIAN_POINT('',(44.2644,99.9478,0.));
#8827=CARTESIAN_POINT('Ctrl Pts',(44.2644,99.9478,0.));
#8828=CARTESIAN_POINT('Ctrl Pts',(44.131792,99.9478,0.));
#8829=CARTESIAN_POINT('Ctrl Pts',(44.004615,100.000478,0.));
#8830=CARTESIAN_POINT('Ctrl Pts',(43.910847,100.094247,0.));
#8831=CARTESIAN_POINT('',(44.2644,99.9478,1.6));
#8832=CARTESIAN_POINT('Ctrl Pts',(44.2644,99.9478,1.6));
#8833=CARTESIAN_POINT('Ctrl Pts',(44.131792,99.9478,1.6));
#8834=CARTESIAN_POINT('Ctrl Pts',(44.004615,100.000478,1.6));
#8835=CARTESIAN_POINT('Ctrl Pts',(43.910847,100.094247,1.6));
#8836=CARTESIAN_POINT('',(44.2644,99.9478,0.));
#8837=CARTESIAN_POINT('Origin',(57.1644,99.9478,0.));
#8838=CARTESIAN_POINT('',(57.1644,99.9478,0.));
#8839=CARTESIAN_POINT('',(57.1644,99.9478,0.));
#8840=CARTESIAN_POINT('',(57.1644,99.9478,1.6));
#8841=CARTESIAN_POINT('',(57.1644,99.9478,1.6));
#8842=CARTESIAN_POINT('',(57.1644,99.9478,0.));
#8843=CARTESIAN_POINT('Ctrl Pts',(57.517953,100.094247,0.));
#8844=CARTESIAN_POINT('Ctrl Pts',(57.517953,100.094247,1.6));
#8845=CARTESIAN_POINT('Ctrl Pts',(57.424185,100.000478,0.));
#8846=CARTESIAN_POINT('Ctrl Pts',(57.424185,100.000478,1.6));
#8847=CARTESIAN_POINT('Ctrl Pts',(57.297008,99.9478,0.));
#8848=CARTESIAN_POINT('Ctrl Pts',(57.297008,99.9478,1.6));
#8849=CARTESIAN_POINT('Ctrl Pts',(57.1644,99.9478,0.));
#8850=CARTESIAN_POINT('Ctrl Pts',(57.1644,99.9478,1.6));
#8851=CARTESIAN_POINT('',(57.517953,100.094247,0.));
#8852=CARTESIAN_POINT('Ctrl Pts',(57.517953,100.094247,0.));
#8853=CARTESIAN_POINT('Ctrl Pts',(57.424185,100.000478,0.));
#8854=CARTESIAN_POINT('Ctrl Pts',(57.297008,99.9478,0.));
#8855=CARTESIAN_POINT('Ctrl Pts',(57.1644,99.9478,0.));
#8856=CARTESIAN_POINT('',(57.517953,100.094247,1.6));
#8857=CARTESIAN_POINT('Ctrl Pts',(57.517953,100.094247,1.6));
#8858=CARTESIAN_POINT('Ctrl Pts',(57.424185,100.000478,1.6));
#8859=CARTESIAN_POINT('Ctrl Pts',(57.297008,99.9478,1.6));
#8860=CARTESIAN_POINT('Ctrl Pts',(57.1644,99.9478,1.6));
#8861=CARTESIAN_POINT('',(57.517953,100.094247,0.));
#8862=CARTESIAN_POINT('Ctrl Pts',(57.6644,100.4478,0.));
#8863=CARTESIAN_POINT('Ctrl Pts',(57.6644,100.4478,1.6));
#8864=CARTESIAN_POINT('Ctrl Pts',(57.6644,100.315192,0.));
#8865=CARTESIAN_POINT('Ctrl Pts',(57.6644,100.315192,1.6));
#8866=CARTESIAN_POINT('Ctrl Pts',(57.611722,100.188015,0.));
#8867=CARTESIAN_POINT('Ctrl Pts',(57.611722,100.188015,1.6));
#8868=CARTESIAN_POINT('Ctrl Pts',(57.517953,100.094247,0.));
#8869=CARTESIAN_POINT('Ctrl Pts',(57.517953,100.094247,1.6));
#8870=CARTESIAN_POINT('',(57.6644,100.4478,0.));
#8871=CARTESIAN_POINT('Ctrl Pts',(57.6644,100.4478,0.));
#8872=CARTESIAN_POINT('Ctrl Pts',(57.6644,100.315192,0.));
#8873=CARTESIAN_POINT('Ctrl Pts',(57.611722,100.188015,0.));
#8874=CARTESIAN_POINT('Ctrl Pts',(57.517953,100.094247,0.));
#8875=CARTESIAN_POINT('',(57.6644,100.4478,1.6));
#8876=CARTESIAN_POINT('Ctrl Pts',(57.6644,100.4478,1.6));
#8877=CARTESIAN_POINT('Ctrl Pts',(57.6644,100.315192,1.6));
#8878=CARTESIAN_POINT('Ctrl Pts',(57.611722,100.188015,1.6));
#8879=CARTESIAN_POINT('Ctrl Pts',(57.517953,100.094247,1.6));
#8880=CARTESIAN_POINT('',(57.6644,100.4478,0.));
#8881=CARTESIAN_POINT('Origin',(57.6644,113.3478,0.));
#8882=CARTESIAN_POINT('',(57.6644,113.3478,0.));
#8883=CARTESIAN_POINT('',(57.6644,113.3478,0.));
#8884=CARTESIAN_POINT('',(57.6644,113.3478,1.6));
#8885=CARTESIAN_POINT('',(57.6644,113.3478,1.6));
#8886=CARTESIAN_POINT('',(57.6644,113.3478,0.));
#8887=CARTESIAN_POINT('Ctrl Pts',(57.517953,113.701353,0.));
#8888=CARTESIAN_POINT('Ctrl Pts',(57.517953,113.701353,1.6));
#8889=CARTESIAN_POINT('Ctrl Pts',(57.611722,113.607585,0.));
#8890=CARTESIAN_POINT('Ctrl Pts',(57.611722,113.607585,1.6));
#8891=CARTESIAN_POINT('Ctrl Pts',(57.6644,113.480408,0.));
#8892=CARTESIAN_POINT('Ctrl Pts',(57.6644,113.480408,1.6));
#8893=CARTESIAN_POINT('Ctrl Pts',(57.6644,113.3478,0.));
#8894=CARTESIAN_POINT('Ctrl Pts',(57.6644,113.3478,1.6));
#8895=CARTESIAN_POINT('',(57.517953,113.701353,0.));
#8896=CARTESIAN_POINT('Ctrl Pts',(57.517953,113.701353,0.));
#8897=CARTESIAN_POINT('Ctrl Pts',(57.611722,113.607585,0.));
#8898=CARTESIAN_POINT('Ctrl Pts',(57.6644,113.480408,0.));
#8899=CARTESIAN_POINT('Ctrl Pts',(57.6644,113.3478,0.));
#8900=CARTESIAN_POINT('',(57.517953,113.701353,1.6));
#8901=CARTESIAN_POINT('Ctrl Pts',(57.517953,113.701353,1.6));
#8902=CARTESIAN_POINT('Ctrl Pts',(57.611722,113.607585,1.6));
#8903=CARTESIAN_POINT('Ctrl Pts',(57.6644,113.480408,1.6));
#8904=CARTESIAN_POINT('Ctrl Pts',(57.6644,113.3478,1.6));
#8905=CARTESIAN_POINT('',(57.517953,113.701353,0.));
#8906=CARTESIAN_POINT('Ctrl Pts',(57.1644,113.8478,0.));
#8907=CARTESIAN_POINT('Ctrl Pts',(57.1644,113.8478,1.6));
#8908=CARTESIAN_POINT('Ctrl Pts',(57.297008,113.8478,0.));
#8909=CARTESIAN_POINT('Ctrl Pts',(57.297008,113.8478,1.6));
#8910=CARTESIAN_POINT('Ctrl Pts',(57.424185,113.795122,0.));
#8911=CARTESIAN_POINT('Ctrl Pts',(57.424185,113.795122,1.6));
#8912=CARTESIAN_POINT('Ctrl Pts',(57.517953,113.701353,0.));
#8913=CARTESIAN_POINT('Ctrl Pts',(57.517953,113.701353,1.6));
#8914=CARTESIAN_POINT('Ctrl Pts',(57.1644,113.8478,0.));
#8915=CARTESIAN_POINT('Ctrl Pts',(57.297008,113.8478,0.));
#8916=CARTESIAN_POINT('Ctrl Pts',(57.424185,113.795122,0.));
#8917=CARTESIAN_POINT('Ctrl Pts',(57.517953,113.701353,0.));
#8918=CARTESIAN_POINT('Ctrl Pts',(57.1644,113.8478,1.6));
#8919=CARTESIAN_POINT('Ctrl Pts',(57.297008,113.8478,1.6));
#8920=CARTESIAN_POINT('Ctrl Pts',(57.424185,113.795122,1.6));
#8921=CARTESIAN_POINT('Ctrl Pts',(57.517953,113.701353,1.6));
#8922=CARTESIAN_POINT('Origin',(116.3927,154.2363,0.));
#8923=CARTESIAN_POINT('',(122.2827,154.2363,0.));
#8924=CARTESIAN_POINT('',(116.3927,154.2363,0.));
#8925=CARTESIAN_POINT('',(135.2727,154.2363,0.));
#8926=CARTESIAN_POINT('',(122.2827,154.2363,1.6));
#8927=CARTESIAN_POINT('',(122.2827,154.2363,0.));
#8928=CARTESIAN_POINT('',(116.3927,154.2363,1.6));
#8929=CARTESIAN_POINT('',(135.2727,154.2363,1.6));
#8930=CARTESIAN_POINT('',(116.3927,154.2363,0.));
#8931=CARTESIAN_POINT('Origin',(116.3927,116.1163,0.));
#8932=CARTESIAN_POINT('',(116.3927,116.1163,0.));
#8933=CARTESIAN_POINT('',(116.3927,154.2363,0.));
#8934=CARTESIAN_POINT('',(116.3927,116.1163,1.6));
#8935=CARTESIAN_POINT('',(116.3927,154.2363,1.6));
#8936=CARTESIAN_POINT('',(116.3927,116.1163,0.));
#8937=CARTESIAN_POINT('Origin',(135.2727,116.1163,0.));
#8938=CARTESIAN_POINT('',(135.2727,116.1163,0.));
#8939=CARTESIAN_POINT('',(116.3927,116.1163,0.));
#8940=CARTESIAN_POINT('',(135.2727,116.1163,1.6));
#8941=CARTESIAN_POINT('',(116.3927,116.1163,1.6));
#8942=CARTESIAN_POINT('',(135.2727,116.1163,0.));
#8943=CARTESIAN_POINT('Origin',(135.2727,154.2363,0.));
#8944=CARTESIAN_POINT('',(135.2727,154.2363,0.));
#8945=CARTESIAN_POINT('',(135.2727,116.1163,0.));
#8946=CARTESIAN_POINT('',(135.2727,154.2363,1.6));
#8947=CARTESIAN_POINT('',(135.2727,116.1163,1.6));
#8948=CARTESIAN_POINT('',(135.2727,154.2363,0.));
#8949=CARTESIAN_POINT('Origin',(129.3827,154.2363,0.));
#8950=CARTESIAN_POINT('',(129.3827,154.2363,0.));
#8951=CARTESIAN_POINT('',(135.2727,154.2363,0.));
#8952=CARTESIAN_POINT('',(129.3827,154.2363,1.6));
#8953=CARTESIAN_POINT('',(135.2727,154.2363,1.6));
#8954=CARTESIAN_POINT('',(129.3827,154.2363,0.));
#8955=CARTESIAN_POINT('Origin',(129.3827,157.3962,0.));
#8956=CARTESIAN_POINT('',(129.3827,157.3962,0.));
#8957=CARTESIAN_POINT('',(129.3827,155.2063,0.));
#8958=CARTESIAN_POINT('',(129.3827,157.3962,1.6));
#8959=CARTESIAN_POINT('',(129.3827,155.2063,1.6));
#8960=CARTESIAN_POINT('',(129.3827,157.3962,0.));
#8961=CARTESIAN_POINT('Origin',(135.4434,157.3962,0.));
#8962=CARTESIAN_POINT('',(135.4434,157.3962,0.));
#8963=CARTESIAN_POINT('',(88.005748354729,157.3962,0.));
#8964=CARTESIAN_POINT('',(135.4434,157.3962,1.6));
#8965=CARTESIAN_POINT('',(88.005748354729,157.3962,1.6));
#8966=CARTESIAN_POINT('',(135.4434,157.3962,0.));
#8967=CARTESIAN_POINT('Origin',(135.4434,153.8962,0.));
#8968=CARTESIAN_POINT('',(135.568100886332,157.393977821553,0.));
#8969=CARTESIAN_POINT('Origin',(135.4434,153.8962,0.));
#8970=CARTESIAN_POINT('',(135.568100886332,157.393977821553,1.6));
#8971=CARTESIAN_POINT('Origin',(135.4434,153.8962,1.6));
#8972=CARTESIAN_POINT('',(135.568100886332,157.393977821553,0.));
#8973=CARTESIAN_POINT('Ctrl Pts',(138.072349882032,156.250342463616,0.));
#8974=CARTESIAN_POINT('Ctrl Pts',(138.072349882032,156.250342463616,1.6));
#8975=CARTESIAN_POINT('Ctrl Pts',(137.423227291709,156.947622640908,0.));
#8976=CARTESIAN_POINT('Ctrl Pts',(137.423227291709,156.947622640908,1.6));
#8977=CARTESIAN_POINT('Ctrl Pts',(136.520128404314,157.360036650512,0.));
#8978=CARTESIAN_POINT('Ctrl Pts',(136.520128404314,157.360036650512,1.6));
#8979=CARTESIAN_POINT('Ctrl Pts',(135.568100886332,157.393977821553,0.));
#8980=CARTESIAN_POINT('Ctrl Pts',(135.568100886332,157.393977821553,1.6));
#8981=CARTESIAN_POINT('',(138.072354591807,156.250337404419,0.));
#8982=CARTESIAN_POINT('Ctrl Pts',(138.072349882032,156.250342463616,0.));
#8983=CARTESIAN_POINT('Ctrl Pts',(137.423227291709,156.947622640908,0.));
#8984=CARTESIAN_POINT('Ctrl Pts',(136.520128404314,157.360036650512,0.));
#8985=CARTESIAN_POINT('Ctrl Pts',(135.568100886332,157.393977821553,0.));
#8986=CARTESIAN_POINT('',(138.072354591807,156.250337404419,1.6));
#8987=CARTESIAN_POINT('Ctrl Pts',(138.072349882032,156.250342463616,1.6));
#8988=CARTESIAN_POINT('Ctrl Pts',(137.423227291709,156.947622640908,1.6));
#8989=CARTESIAN_POINT('Ctrl Pts',(136.520128404314,157.360036650512,1.6));
#8990=CARTESIAN_POINT('Ctrl Pts',(135.568100886332,157.393977821553,1.6));
#8991=CARTESIAN_POINT('',(138.072354591807,156.250337404419,0.));
#8992=CARTESIAN_POINT('Ctrl Pts',(139.0364,153.77862122718,0.));
#8993=CARTESIAN_POINT('Ctrl Pts',(139.0364,153.77862122718,1.6));
#8994=CARTESIAN_POINT('Ctrl Pts',(139.0417766146,154.693206425101,0.));
#8995=CARTESIAN_POINT('Ctrl Pts',(139.0417766146,154.693206425101,1.6));
#8996=CARTESIAN_POINT('Ctrl Pts',(138.696982399418,155.579366589926,0.));
#8997=CARTESIAN_POINT('Ctrl Pts',(138.696982399418,155.579366589926,1.6));
#8998=CARTESIAN_POINT('Ctrl Pts',(138.072354591807,156.250337404419,0.));
#8999=CARTESIAN_POINT('Ctrl Pts',(138.072354591807,156.250337404419,1.6));
#9000=CARTESIAN_POINT('',(139.0364,153.77862122718,0.));
#9001=CARTESIAN_POINT('Ctrl Pts',(139.0364,153.77862122718,0.));
#9002=CARTESIAN_POINT('Ctrl Pts',(139.0417766146,154.693206425101,0.));
#9003=CARTESIAN_POINT('Ctrl Pts',(138.696982399418,155.579366589926,0.));
#9004=CARTESIAN_POINT('Ctrl Pts',(138.072354591807,156.250337404419,0.));
#9005=CARTESIAN_POINT('',(139.0364,153.77862122718,1.6));
#9006=CARTESIAN_POINT('Ctrl Pts',(139.0364,153.77862122718,1.6));
#9007=CARTESIAN_POINT('Ctrl Pts',(139.0417766146,154.693206425101,1.6));
#9008=CARTESIAN_POINT('Ctrl Pts',(138.696982399418,155.579366589926,1.6));
#9009=CARTESIAN_POINT('Ctrl Pts',(138.072354591807,156.250337404419,1.6));
#9010=CARTESIAN_POINT('',(139.0364,153.77862122718,0.));
#9011=CARTESIAN_POINT('Origin',(139.0364,94.6645045674324,0.));
#9012=CARTESIAN_POINT('',(139.0364,94.6645045668654,0.));
#9013=CARTESIAN_POINT('',(139.0364,107.9963,0.));
#9014=CARTESIAN_POINT('',(139.0364,94.6645045668654,1.6));
#9015=CARTESIAN_POINT('',(139.0364,107.9963,1.6));
#9016=CARTESIAN_POINT('',(139.0364,94.6645045668654,0.));
#9017=CARTESIAN_POINT('Ctrl Pts',(138.421763510515,91.9056902021417,0.));
#9018=CARTESIAN_POINT('Ctrl Pts',(138.421763510515,91.9056902021417,1.6));
#9019=CARTESIAN_POINT('Ctrl Pts',(138.631909174864,92.3539510962113,0.));
#9020=CARTESIAN_POINT('Ctrl Pts',(138.631909174864,92.3539510962113,1.6));
#9021=CARTESIAN_POINT('Ctrl Pts',(138.789540355213,92.8234493531174,0.));
#9022=CARTESIAN_POINT('Ctrl Pts',(138.789540355213,92.8234493531174,1.6));
#9023=CARTESIAN_POINT('Ctrl Pts',(138.892518152393,93.3047062180707,0.));
#9024=CARTESIAN_POINT('Ctrl Pts',(138.892518152393,93.3047062180707,1.6));
#9025=CARTESIAN_POINT('Ctrl Pts',(138.95746659395,93.6082365345358,0.));
#9026=CARTESIAN_POINT('Ctrl Pts',(138.95746659395,93.6082365345358,1.6));
#9027=CARTESIAN_POINT('Ctrl Pts',(139.0006846405,93.9164741643583,0.));
#9028=CARTESIAN_POINT('Ctrl Pts',(139.0006846405,93.9164741643583,1.6));
#9029=CARTESIAN_POINT('Ctrl Pts',(139.021646826688,94.2270682321679,0.));
#9030=CARTESIAN_POINT('Ctrl Pts',(139.021646826688,94.2270682321679,1.6));
#9031=CARTESIAN_POINT('Ctrl Pts',(139.02875028228,94.3323192373912,0.));
#9032=CARTESIAN_POINT('Ctrl Pts',(139.02875028228,94.3323192373912,1.6));
#9033=CARTESIAN_POINT('Ctrl Pts',(139.033297914466,94.4378398361184,0.));
#9034=CARTESIAN_POINT('Ctrl Pts',(139.033297914466,94.4378398361184,1.6));
#9035=CARTESIAN_POINT('Ctrl Pts',(139.035269450761,94.5435340716485,0.));
#9036=CARTESIAN_POINT('Ctrl Pts',(139.035269450761,94.5435340716485,1.6));
#9037=CARTESIAN_POINT('Ctrl Pts',(139.036020951077,94.5838220702709,0.));
#9038=CARTESIAN_POINT('Ctrl Pts',(139.036020951077,94.5838220702709,1.6));
#9039=CARTESIAN_POINT('Ctrl Pts',(139.036398981077,94.6458198695765,0.));
#9040=CARTESIAN_POINT('Ctrl Pts',(139.036398981077,94.6458198695765,1.6));
#9041=CARTESIAN_POINT('Ctrl Pts',(139.036399996283,94.6644364018446,0.));
#9042=CARTESIAN_POINT('Ctrl Pts',(139.036399996283,94.6644364018446,1.6));
#9043=CARTESIAN_POINT('Ctrl Pts',(139.036399997522,94.6644591235388,0.));
#9044=CARTESIAN_POINT('Ctrl Pts',(139.036399997522,94.6644591235388,1.6));
#9045=CARTESIAN_POINT('Ctrl Pts',(139.036399998761,94.664481845172,0.));
#9046=CARTESIAN_POINT('Ctrl Pts',(139.036399998761,94.664481845172,1.6));
#9047=CARTESIAN_POINT('Ctrl Pts',(139.0364,94.6645045668277,0.));
#9048=CARTESIAN_POINT('Ctrl Pts',(139.0364,94.6645045668277,1.6));
#9049=CARTESIAN_POINT('',(138.421763510515,91.9056902021413,0.));
#9050=CARTESIAN_POINT('Ctrl Pts',(138.421763510515,91.9056902021417,0.));
#9051=CARTESIAN_POINT('Ctrl Pts',(138.631909174864,92.3539510962113,0.));
#9052=CARTESIAN_POINT('Ctrl Pts',(138.789540355213,92.8234493531174,0.));
#9053=CARTESIAN_POINT('Ctrl Pts',(138.892518152393,93.3047062180707,0.));
#9054=CARTESIAN_POINT('Ctrl Pts',(138.95746659395,93.6082365345358,0.));
#9055=CARTESIAN_POINT('Ctrl Pts',(139.0006846405,93.9164741643583,0.));
#9056=CARTESIAN_POINT('Ctrl Pts',(139.021646826688,94.2270682321679,0.));
#9057=CARTESIAN_POINT('Ctrl Pts',(139.02875028228,94.3323192373912,0.));
#9058=CARTESIAN_POINT('Ctrl Pts',(139.033297914466,94.4378398361184,0.));
#9059=CARTESIAN_POINT('Ctrl Pts',(139.035269450761,94.5435340716485,0.));
#9060=CARTESIAN_POINT('Ctrl Pts',(139.036020951077,94.5838220702709,0.));
#9061=CARTESIAN_POINT('Ctrl Pts',(139.036398981077,94.6458198695765,0.));
#9062=CARTESIAN_POINT('Ctrl Pts',(139.036399996283,94.6644364018446,0.));
#9063=CARTESIAN_POINT('Ctrl Pts',(139.036399997522,94.6644591235388,0.));
#9064=CARTESIAN_POINT('Ctrl Pts',(139.036399998761,94.664481845172,0.));
#9065=CARTESIAN_POINT('Ctrl Pts',(139.0364,94.6645045668277,0.));
#9066=CARTESIAN_POINT('',(138.421763510515,91.9056902021413,1.6));
#9067=CARTESIAN_POINT('Ctrl Pts',(138.421763510515,91.9056902021417,1.6));
#9068=CARTESIAN_POINT('Ctrl Pts',(138.631909174864,92.3539510962113,1.6));
#9069=CARTESIAN_POINT('Ctrl Pts',(138.789540355213,92.8234493531174,1.6));
#9070=CARTESIAN_POINT('Ctrl Pts',(138.892518152393,93.3047062180707,1.6));
#9071=CARTESIAN_POINT('Ctrl Pts',(138.95746659395,93.6082365345358,1.6));
#9072=CARTESIAN_POINT('Ctrl Pts',(139.0006846405,93.9164741643583,1.6));
#9073=CARTESIAN_POINT('Ctrl Pts',(139.021646826688,94.2270682321679,1.6));
#9074=CARTESIAN_POINT('Ctrl Pts',(139.02875028228,94.3323192373912,1.6));
#9075=CARTESIAN_POINT('Ctrl Pts',(139.033297914466,94.4378398361184,1.6));
#9076=CARTESIAN_POINT('Ctrl Pts',(139.035269450761,94.5435340716485,1.6));
#9077=CARTESIAN_POINT('Ctrl Pts',(139.036020951077,94.5838220702709,1.6));
#9078=CARTESIAN_POINT('Ctrl Pts',(139.036398981077,94.6458198695765,1.6));
#9079=CARTESIAN_POINT('Ctrl Pts',(139.036399996283,94.6644364018446,1.6));
#9080=CARTESIAN_POINT('Ctrl Pts',(139.036399997522,94.6644591235388,1.6));
#9081=CARTESIAN_POINT('Ctrl Pts',(139.036399998761,94.664481845172,1.6));
#9082=CARTESIAN_POINT('Ctrl Pts',(139.0364,94.6645045668277,1.6));
#9083=CARTESIAN_POINT('',(138.421763510515,91.9056902021413,0.));
#9084=CARTESIAN_POINT('Origin',(131.579344274783,77.3086625002685,0.));
#9085=CARTESIAN_POINT('',(131.579344274783,77.3086625002685,0.));
#9086=CARTESIAN_POINT('',(138.421763510515,91.9056902021413,0.));
#9087=CARTESIAN_POINT('',(131.579344274783,77.3086625002685,1.6));
#9088=CARTESIAN_POINT('',(138.421763510515,91.9056902021413,1.6));
#9089=CARTESIAN_POINT('',(131.579344274783,77.3086625002685,0.));
#9090=CARTESIAN_POINT('Ctrl Pts',(129.153036217439,74.5642945864297,0.));
#9091=CARTESIAN_POINT('Ctrl Pts',(129.153036217439,74.5642945864297,1.6));
#9092=CARTESIAN_POINT('Ctrl Pts',(129.153044099108,74.5642995408771,0.));
#9093=CARTESIAN_POINT('Ctrl Pts',(129.153044099108,74.5642995408771,1.6));
#9094=CARTESIAN_POINT('Ctrl Pts',(129.153051979224,74.5643044943487,0.));
#9095=CARTESIAN_POINT('Ctrl Pts',(129.153051979224,74.5643044943487,1.6));
#9096=CARTESIAN_POINT('Ctrl Pts',(129.153059860905,74.5643094488036,0.));
#9097=CARTESIAN_POINT('Ctrl Pts',(129.153059860905,74.5643094488036,1.6));
#9098=CARTESIAN_POINT('Ctrl Pts',(129.169309263966,74.5745238865151,0.));
#9099=CARTESIAN_POINT('Ctrl Pts',(129.169309263966,74.5745238865151,1.6));
#9100=CARTESIAN_POINT('Ctrl Pts',(129.223197471422,74.6088687362625,0.));
#9101=CARTESIAN_POINT('Ctrl Pts',(129.223197471422,74.6088687362625,1.6));
#9102=CARTESIAN_POINT('Ctrl Pts',(129.257915511663,74.6316324343756,0.));
#9103=CARTESIAN_POINT('Ctrl Pts',(129.257915511663,74.6316324343756,1.6));
#9104=CARTESIAN_POINT('Ctrl Pts',(130.263908484205,75.2912353431738,0.));
#9105=CARTESIAN_POINT('Ctrl Pts',(130.263908484205,75.2912353431738,1.6));
#9106=CARTESIAN_POINT('Ctrl Pts',(131.068164456026,76.218072962645,0.));
#9107=CARTESIAN_POINT('Ctrl Pts',(131.068164456026,76.218072962645,1.6));
#9108=CARTESIAN_POINT('Ctrl Pts',(131.579344274783,77.3086625002685,0.));
#9109=CARTESIAN_POINT('Ctrl Pts',(131.579344274783,77.3086625002685,1.6));
#9110=CARTESIAN_POINT('',(129.153036215885,74.5642945854529,0.));
#9111=CARTESIAN_POINT('Ctrl Pts',(129.153036218993,74.5642945874066,0.));
#9112=CARTESIAN_POINT('Ctrl Pts',(129.153044100144,74.5642995415282,0.));
#9113=CARTESIAN_POINT('Ctrl Pts',(129.153051979742,74.5643044946743,0.));
#9114=CARTESIAN_POINT('Ctrl Pts',(129.153059860905,74.5643094488036,0.));
#9115=CARTESIAN_POINT('Ctrl Pts',(129.169309263966,74.5745238865151,0.));
#9116=CARTESIAN_POINT('Ctrl Pts',(129.223197471422,74.6088687362625,0.));
#9117=CARTESIAN_POINT('Ctrl Pts',(129.257915511663,74.6316324343756,0.));
#9118=CARTESIAN_POINT('Ctrl Pts',(130.263908484205,75.2912353431738,0.));
#9119=CARTESIAN_POINT('Ctrl Pts',(131.068164456026,76.218072962645,0.));
#9120=CARTESIAN_POINT('Ctrl Pts',(131.579344274783,77.3086625002685,0.));
#9121=CARTESIAN_POINT('',(129.153036215885,74.5642945854529,1.6));
#9122=CARTESIAN_POINT('Ctrl Pts',(129.153036218993,74.5642945874066,1.6));
#9123=CARTESIAN_POINT('Ctrl Pts',(129.153044100144,74.5642995415282,1.6));
#9124=CARTESIAN_POINT('Ctrl Pts',(129.153051979742,74.5643044946743,1.6));
#9125=CARTESIAN_POINT('Ctrl Pts',(129.153059860905,74.5643094488036,1.6));
#9126=CARTESIAN_POINT('Ctrl Pts',(129.169309263966,74.5745238865151,1.6));
#9127=CARTESIAN_POINT('Ctrl Pts',(129.223197471422,74.6088687362625,1.6));
#9128=CARTESIAN_POINT('Ctrl Pts',(129.257915511663,74.6316324343756,1.6));
#9129=CARTESIAN_POINT('Ctrl Pts',(130.263908484205,75.2912353431738,1.6));
#9130=CARTESIAN_POINT('Ctrl Pts',(131.068164456026,76.218072962645,1.6));
#9131=CARTESIAN_POINT('Ctrl Pts',(131.579344274783,77.3086625002685,1.6));
#9132=CARTESIAN_POINT('',(129.153036215885,74.5642945854529,0.));
#9133=CARTESIAN_POINT('Origin',(113.401495479716,64.6633061252658,0.));
#9134=CARTESIAN_POINT('',(113.401495479716,64.6633061252657,0.));
#9135=CARTESIAN_POINT('',(129.153036215885,74.5642945854529,0.));
#9136=CARTESIAN_POINT('',(113.401495479716,64.6633061252657,1.6));
#9137=CARTESIAN_POINT('',(129.153036215885,74.5642945854529,1.6));
#9138=CARTESIAN_POINT('',(113.401495479716,64.6633061252657,0.));
#9139=CARTESIAN_POINT('Ctrl Pts',(108.709533564433,63.784536504524,0.));
#9140=CARTESIAN_POINT('Ctrl Pts',(108.709533564433,63.784536504524,1.6));
#9141=CARTESIAN_POINT('Ctrl Pts',(110.327307505328,63.4720089142162,0.));
#9142=CARTESIAN_POINT('Ctrl Pts',(110.327307505328,63.4720089142162,1.6));
#9143=CARTESIAN_POINT('Ctrl Pts',(112.006474686234,63.7865048263609,0.));
#9144=CARTESIAN_POINT('Ctrl Pts',(112.006474686234,63.7865048263609,1.6));
#9145=CARTESIAN_POINT('Ctrl Pts',(113.401495477883,64.6633061241138,0.));
#9146=CARTESIAN_POINT('Ctrl Pts',(113.401495477883,64.6633061241138,1.6));
#9147=CARTESIAN_POINT('',(108.709533564433,63.784536504524,0.));
#9148=CARTESIAN_POINT('Ctrl Pts',(108.709533564433,63.784536504524,0.));
#9149=CARTESIAN_POINT('Ctrl Pts',(110.327307505328,63.4720089142162,0.));
#9150=CARTESIAN_POINT('Ctrl Pts',(112.006474686234,63.7865048263609,0.));
#9151=CARTESIAN_POINT('Ctrl Pts',(113.401495477883,64.6633061241138,0.));
#9152=CARTESIAN_POINT('',(108.709533564433,63.784536504524,1.6));
#9153=CARTESIAN_POINT('Ctrl Pts',(108.709533564433,63.784536504524,1.6));
#9154=CARTESIAN_POINT('Ctrl Pts',(110.327307505328,63.4720089142162,1.6));
#9155=CARTESIAN_POINT('Ctrl Pts',(112.006474686234,63.7865048263609,1.6));
#9156=CARTESIAN_POINT('Ctrl Pts',(113.401495477883,64.6633061241138,1.6));
#9157=CARTESIAN_POINT('',(108.709533564433,63.784536504524,0.));
#9158=CARTESIAN_POINT('Origin',(24.3032506548036,80.0902525222967,0.));
#9159=CARTESIAN_POINT('',(24.3032506547851,80.0902525223003,0.));
#9160=CARTESIAN_POINT('',(108.709533564433,63.784536504524,0.));
#9161=CARTESIAN_POINT('',(24.3032506547851,80.0902525223003,1.6));
#9162=CARTESIAN_POINT('',(108.709533564433,63.784536504524,1.6));
#9163=CARTESIAN_POINT('',(24.3032506547851,80.0902525223003,0.));
#9164=CARTESIAN_POINT('Ctrl Pts',(19.0363000000727,86.4723388431381,0.));
#9165=CARTESIAN_POINT('Ctrl Pts',(19.0363000000727,86.4723388431381,1.6));
#9166=CARTESIAN_POINT('Ctrl Pts',(19.036258637182,84.0754765266345,0.));
#9167=CARTESIAN_POINT('Ctrl Pts',(19.036258637182,84.0754765266345,1.6));
#9168=CARTESIAN_POINT('Ctrl Pts',(20.3584540710167,81.9106660396301,0.));
#9169=CARTESIAN_POINT('Ctrl Pts',(20.3584540710167,81.9106660396301,1.6));
#9170=CARTESIAN_POINT('Ctrl Pts',(22.3839234186123,80.7873893353644,0.));
#9171=CARTESIAN_POINT('Ctrl Pts',(22.3839234186123,80.7873893353644,1.6));
#9172=CARTESIAN_POINT('Ctrl Pts',(22.9717873668635,80.4613740939429,0.));
#9173=CARTESIAN_POINT('Ctrl Pts',(22.9717873668635,80.4613740939429,1.6));
#9174=CARTESIAN_POINT('Ctrl Pts',(23.620225587665,80.2222184693499,0.));
#9175=CARTESIAN_POINT('Ctrl Pts',(23.620225587665,80.2222184693499,1.6));
#9176=CARTESIAN_POINT('Ctrl Pts',(24.3032506550656,80.0902525222461,0.));
#9177=CARTESIAN_POINT('Ctrl Pts',(24.3032506550656,80.0902525222461,1.6));
#9178=CARTESIAN_POINT('',(19.0363000000727,86.4723388431416,0.));
#9179=CARTESIAN_POINT('Ctrl Pts',(19.0363000000727,86.4723388431347,0.));
#9180=CARTESIAN_POINT('Ctrl Pts',(19.0362586371833,84.0754765266324,0.));
#9181=CARTESIAN_POINT('Ctrl Pts',(20.3584540710177,81.9106660396295,0.));
#9182=CARTESIAN_POINT('Ctrl Pts',(22.3839234186123,80.7873893353644,0.));
#9183=CARTESIAN_POINT('Ctrl Pts',(22.9717873668691,80.4613740939398,0.));
#9184=CARTESIAN_POINT('Ctrl Pts',(23.6202255876774,80.2222184693454,0.));
#9185=CARTESIAN_POINT('Ctrl Pts',(24.3032506550852,80.0902525222423,0.));
#9186=CARTESIAN_POINT('',(19.0363000000727,86.4723388431416,1.6));
#9187=CARTESIAN_POINT('Ctrl Pts',(19.0363000000727,86.4723388431347,1.6));
#9188=CARTESIAN_POINT('Ctrl Pts',(19.0362586371833,84.0754765266324,1.6));
#9189=CARTESIAN_POINT('Ctrl Pts',(20.3584540710177,81.9106660396295,1.6));
#9190=CARTESIAN_POINT('Ctrl Pts',(22.3839234186123,80.7873893353644,1.6));
#9191=CARTESIAN_POINT('Ctrl Pts',(22.9717873668691,80.4613740939398,1.6));
#9192=CARTESIAN_POINT('Ctrl Pts',(23.6202255876774,80.2222184693454,1.6));
#9193=CARTESIAN_POINT('Ctrl Pts',(24.3032506550852,80.0902525222423,1.6));
#9194=CARTESIAN_POINT('',(19.0363000000727,86.4723388431416,0.));
#9195=CARTESIAN_POINT('Origin',(19.0363000003634,135.447649563467,0.));
#9196=CARTESIAN_POINT('',(19.0363000003634,135.447649563467,0.));
#9197=CARTESIAN_POINT('',(19.0363000000727,86.4723388431416,0.));
#9198=CARTESIAN_POINT('',(19.0363000003634,135.447649563467,1.6));
#9199=CARTESIAN_POINT('',(19.0363000000727,86.4723388431416,1.6));
#9200=CARTESIAN_POINT('',(19.0363000003634,135.447649563467,0.));
#9201=CARTESIAN_POINT('Ctrl Pts',(21.7714911415924,140.746442871374,0.));
#9202=CARTESIAN_POINT('Ctrl Pts',(21.7714911415924,140.746442871374,1.6));
#9203=CARTESIAN_POINT('Ctrl Pts',(20.058430803171,139.529287349342,0.));
#9204=CARTESIAN_POINT('Ctrl Pts',(20.058430803171,139.529287349342,1.6));
#9205=CARTESIAN_POINT('Ctrl Pts',(19.0362697177776,137.54908364688,0.));
#9206=CARTESIAN_POINT('Ctrl Pts',(19.0362697177776,137.54908364688,1.6));
#9207=CARTESIAN_POINT('Ctrl Pts',(19.0363000003634,135.447649563467,0.));
#9208=CARTESIAN_POINT('Ctrl Pts',(19.0363000003634,135.447649563467,1.6));
#9209=CARTESIAN_POINT('',(21.7714911415924,140.746442871374,0.));
#9210=CARTESIAN_POINT('Ctrl Pts',(21.7714911415924,140.746442871374,0.));
#9211=CARTESIAN_POINT('Ctrl Pts',(20.058430803171,139.529287349342,0.));
#9212=CARTESIAN_POINT('Ctrl Pts',(19.0362697177776,137.54908364688,0.));
#9213=CARTESIAN_POINT('Ctrl Pts',(19.0363000003634,135.447649563467,0.));
#9214=CARTESIAN_POINT('',(21.7714911415924,140.746442871374,1.6));
#9215=CARTESIAN_POINT('Ctrl Pts',(21.7714911415924,140.746442871374,1.6));
#9216=CARTESIAN_POINT('Ctrl Pts',(20.058430803171,139.529287349342,1.6));
#9217=CARTESIAN_POINT('Ctrl Pts',(19.0362697177776,137.54908364688,1.6));
#9218=CARTESIAN_POINT('Ctrl Pts',(19.0363000003634,135.447649563467,1.6));
#9219=CARTESIAN_POINT('',(21.7714911415924,140.746442871374,0.));
#9220=CARTESIAN_POINT('Origin',(39.2795975481482,153.18637636924,0.));
#9221=CARTESIAN_POINT('',(39.2795975481482,153.18637636924,0.));
#9222=CARTESIAN_POINT('',(21.7714911415924,140.746442871374,0.));
#9223=CARTESIAN_POINT('',(39.2795975481482,153.18637636924,1.6));
#9224=CARTESIAN_POINT('',(21.7714911415924,140.746442871374,1.6));
#9225=CARTESIAN_POINT('',(39.2795975481482,153.18637636924,0.));
#9226=CARTESIAN_POINT('Ctrl Pts',(40.3306807207921,153.79413739854,0.));
#9227=CARTESIAN_POINT('Ctrl Pts',(40.3306807207921,153.79413739854,1.6));
#9228=CARTESIAN_POINT('Ctrl Pts',(40.3306664753817,153.794130852654,0.));
#9229=CARTESIAN_POINT('Ctrl Pts',(40.3306664753817,153.794130852654,1.6));
#9230=CARTESIAN_POINT('Ctrl Pts',(40.3306522302092,153.794124306878,0.));
#9231=CARTESIAN_POINT('Ctrl Pts',(40.3306522302092,153.794124306878,1.6));
#9232=CARTESIAN_POINT('Ctrl Pts',(40.3306379848576,153.794117761019,0.));
#9233=CARTESIAN_POINT('Ctrl Pts',(40.3306379848576,153.794117761019,1.6));
#9234=CARTESIAN_POINT('Ctrl Pts',(40.3132754132066,153.786139513547,0.));
#9235=CARTESIAN_POINT('Ctrl Pts',(40.3132754132066,153.786139513547,1.6));
#9236=CARTESIAN_POINT('Ctrl Pts',(40.2555579078024,153.759182696802,0.));
#9237=CARTESIAN_POINT('Ctrl Pts',(40.2555579078024,153.759182696802,1.6));
#9238=CARTESIAN_POINT('Ctrl Pts',(40.2182734838783,153.741179645631,0.));
#9239=CARTESIAN_POINT('Ctrl Pts',(40.2182734838783,153.741179645631,1.6));
#9240=CARTESIAN_POINT('Ctrl Pts',(39.8904539475223,153.582889634232,0.));
#9241=CARTESIAN_POINT('Ctrl Pts',(39.8904539475223,153.582889634232,1.6));
#9242=CARTESIAN_POINT('Ctrl Pts',(39.5764514136096,153.397310985565,0.));
#9243=CARTESIAN_POINT('Ctrl Pts',(39.5764514136096,153.397310985565,1.6));
#9244=CARTESIAN_POINT('Ctrl Pts',(39.2795975481482,153.18637636924,0.));
#9245=CARTESIAN_POINT('Ctrl Pts',(39.2795975481482,153.18637636924,1.6));
#9246=CARTESIAN_POINT('',(40.3306807209977,153.794137398634,0.));
#9247=CARTESIAN_POINT('Ctrl Pts',(40.3306807205866,153.794137398445,0.));
#9248=CARTESIAN_POINT('Ctrl Pts',(40.3306664752447,153.794130852591,0.));
#9249=CARTESIAN_POINT('Ctrl Pts',(40.3306522301407,153.794124306846,0.));
#9250=CARTESIAN_POINT('Ctrl Pts',(40.3306379848576,153.794117761019,0.));
#9251=CARTESIAN_POINT('Ctrl Pts',(40.3132754132066,153.786139513547,0.));
#9252=CARTESIAN_POINT('Ctrl Pts',(40.2555579078024,153.759182696802,0.));
#9253=CARTESIAN_POINT('Ctrl Pts',(40.2182734838783,153.741179645631,0.));
#9254=CARTESIAN_POINT('Ctrl Pts',(39.8904539475223,153.582889634232,0.));
#9255=CARTESIAN_POINT('Ctrl Pts',(39.5764514136096,153.397310985565,0.));
#9256=CARTESIAN_POINT('Ctrl Pts',(39.2795975481482,153.18637636924,0.));
#9257=CARTESIAN_POINT('',(40.3306807209977,153.794137398634,1.6));
#9258=CARTESIAN_POINT('Ctrl Pts',(40.3306807205866,153.794137398445,1.6));
#9259=CARTESIAN_POINT('Ctrl Pts',(40.3306664752447,153.794130852591,1.6));
#9260=CARTESIAN_POINT('Ctrl Pts',(40.3306522301407,153.794124306846,1.6));
#9261=CARTESIAN_POINT('Ctrl Pts',(40.3306379848576,153.794117761019,1.6));
#9262=CARTESIAN_POINT('Ctrl Pts',(40.3132754132066,153.786139513547,1.6));
#9263=CARTESIAN_POINT('Ctrl Pts',(40.2555579078024,153.759182696802,1.6));
#9264=CARTESIAN_POINT('Ctrl Pts',(40.2182734838783,153.741179645631,1.6));
#9265=CARTESIAN_POINT('Ctrl Pts',(39.8904539475223,153.582889634232,1.6));
#9266=CARTESIAN_POINT('Ctrl Pts',(39.5764514136096,153.397310985565,1.6));
#9267=CARTESIAN_POINT('Ctrl Pts',(39.2795975481482,153.18637636924,1.6));
#9268=CARTESIAN_POINT('',(40.3306807209977,153.794137398634,0.));
#9269=CARTESIAN_POINT('Origin',(57.9788343067464,161.902807965577,0.));
#9270=CARTESIAN_POINT('',(57.9788343069538,161.902807965672,0.));
#9271=CARTESIAN_POINT('',(40.3306807209977,153.794137398634,0.));
#9272=CARTESIAN_POINT('',(57.9788343069538,161.902807965672,1.6));
#9273=CARTESIAN_POINT('',(40.3306807209977,153.794137398634,1.6));
#9274=CARTESIAN_POINT('',(57.9788343069538,161.902807965672,0.));
#9275=CARTESIAN_POINT('Ctrl Pts',(60.692581096539,162.496299999681,0.));
#9276=CARTESIAN_POINT('Ctrl Pts',(60.692581096539,162.496299999681,1.6));
#9277=CARTESIAN_POINT('Ctrl Pts',(60.0304975211785,162.496323809523,0.));
#9278=CARTESIAN_POINT('Ctrl Pts',(60.0304975211785,162.496323809523,1.6));
#9279=CARTESIAN_POINT('Ctrl Pts',(59.3738586028097,162.395190400174,0.));
#9280=CARTESIAN_POINT('Ctrl Pts',(59.3738586028097,162.395190400174,1.6));
#9281=CARTESIAN_POINT('Ctrl Pts',(58.7451680544512,162.197790731953,0.));
#9282=CARTESIAN_POINT('Ctrl Pts',(58.7451680544512,162.197790731953,1.6));
#9283=CARTESIAN_POINT('Ctrl Pts',(58.5095958458343,162.123824492211,0.));
#9284=CARTESIAN_POINT('Ctrl Pts',(58.5095958458343,162.123824492211,1.6));
#9285=CARTESIAN_POINT('Ctrl Pts',(58.2779316292023,162.036337861712,0.));
#9286=CARTESIAN_POINT('Ctrl Pts',(58.2779316292023,162.036337861712,1.6));
#9287=CARTESIAN_POINT('Ctrl Pts',(58.0513885793594,161.935603531338,0.));
#9288=CARTESIAN_POINT('Ctrl Pts',(58.0513885793594,161.935603531338,1.6));
#9289=CARTESIAN_POINT('Ctrl Pts',(58.0271565539742,161.924828551252,0.));
#9290=CARTESIAN_POINT('Ctrl Pts',(58.0271565539742,161.924828551252,1.6));
#9291=CARTESIAN_POINT('Ctrl Pts',(57.9900315635597,161.907951889347,0.));
#9292=CARTESIAN_POINT('Ctrl Pts',(57.9900315635597,161.907951889347,1.6));
#9293=CARTESIAN_POINT('Ctrl Pts',(57.9789012762396,161.902838730788,0.));
#9294=CARTESIAN_POINT('Ctrl Pts',(57.9789012762396,161.902838730788,1.6));
#9295=CARTESIAN_POINT('Ctrl Pts',(57.9788789532453,161.902828475796,0.));
#9296=CARTESIAN_POINT('Ctrl Pts',(57.9788789532453,161.902828475796,1.6));
#9297=CARTESIAN_POINT('Ctrl Pts',(57.9788566308528,161.90281822108,0.));
#9298=CARTESIAN_POINT('Ctrl Pts',(57.9788566308528,161.90281822108,1.6));
#9299=CARTESIAN_POINT('Ctrl Pts',(57.9788343076639,161.902807965998,0.));
#9300=CARTESIAN_POINT('Ctrl Pts',(57.9788343076639,161.902807965998,1.6));
#9301=CARTESIAN_POINT('',(60.6925810965392,162.496299999681,0.));
#9302=CARTESIAN_POINT('Ctrl Pts',(60.692581096539,162.496299999681,0.));
#9303=CARTESIAN_POINT('Ctrl Pts',(60.0304975211785,162.496323809523,0.));
#9304=CARTESIAN_POINT('Ctrl Pts',(59.3738586028097,162.395190400174,0.));
#9305=CARTESIAN_POINT('Ctrl Pts',(58.7451680544512,162.197790731953,0.));
#9306=CARTESIAN_POINT('Ctrl Pts',(58.5095958458343,162.123824492211,0.));
#9307=CARTESIAN_POINT('Ctrl Pts',(58.2779316292023,162.036337861712,0.));
#9308=CARTESIAN_POINT('Ctrl Pts',(58.0513885793594,161.935603531338,0.));
#9309=CARTESIAN_POINT('Ctrl Pts',(58.0271565539742,161.924828551252,0.));
#9310=CARTESIAN_POINT('Ctrl Pts',(57.9900315635597,161.907951889347,0.));
#9311=CARTESIAN_POINT('Ctrl Pts',(57.9789012762396,161.902838730788,0.));
#9312=CARTESIAN_POINT('Ctrl Pts',(57.9788789532453,161.902828475796,0.));
#9313=CARTESIAN_POINT('Ctrl Pts',(57.9788566308528,161.90281822108,0.));
#9314=CARTESIAN_POINT('Ctrl Pts',(57.9788343076639,161.902807965998,0.));
#9315=CARTESIAN_POINT('',(60.6925810965392,162.496299999681,1.6));
#9316=CARTESIAN_POINT('Ctrl Pts',(60.692581096539,162.496299999681,1.6));
#9317=CARTESIAN_POINT('Ctrl Pts',(60.0304975211785,162.496323809523,1.6));
#9318=CARTESIAN_POINT('Ctrl Pts',(59.3738586028097,162.395190400174,1.6));
#9319=CARTESIAN_POINT('Ctrl Pts',(58.7451680544512,162.197790731953,1.6));
#9320=CARTESIAN_POINT('Ctrl Pts',(58.5095958458343,162.123824492211,1.6));
#9321=CARTESIAN_POINT('Ctrl Pts',(58.2779316292023,162.036337861712,1.6));
#9322=CARTESIAN_POINT('Ctrl Pts',(58.0513885793594,161.935603531338,1.6));
#9323=CARTESIAN_POINT('Ctrl Pts',(58.0271565539742,161.924828551252,1.6));
#9324=CARTESIAN_POINT('Ctrl Pts',(57.9900315635597,161.907951889347,1.6));
#9325=CARTESIAN_POINT('Ctrl Pts',(57.9789012762396,161.902838730788,1.6));
#9326=CARTESIAN_POINT('Ctrl Pts',(57.9788789532453,161.902828475796,1.6));
#9327=CARTESIAN_POINT('Ctrl Pts',(57.9788566308528,161.90281822108,1.6));
#9328=CARTESIAN_POINT('Ctrl Pts',(57.9788343076639,161.902807965998,1.6));
#9329=CARTESIAN_POINT('',(60.6925810965392,162.496299999681,0.));
#9330=CARTESIAN_POINT('Origin',(77.7053420672608,162.496299999521,0.));
#9331=CARTESIAN_POINT('',(77.7053420672608,162.496299999521,0.));
#9332=CARTESIAN_POINT('',(60.6925810965392,162.496299999681,0.));
#9333=CARTESIAN_POINT('',(77.7053420672608,162.496299999521,1.6));
#9334=CARTESIAN_POINT('',(60.6925810965392,162.496299999681,1.6));
#9335=CARTESIAN_POINT('',(77.7053420672608,162.496299999521,0.));
#9336=CARTESIAN_POINT('Ctrl Pts',(81.0496406911981,161.570021912112,0.));
#9337=CARTESIAN_POINT('Ctrl Pts',(81.0496406911981,161.570021912112,1.6));
#9338=CARTESIAN_POINT('Ctrl Pts',(81.0496301296099,161.570028248879,0.));
#9339=CARTESIAN_POINT('Ctrl Pts',(81.0496301296099,161.570028248879,1.6));
#9340=CARTESIAN_POINT('Ctrl Pts',(81.0496195682114,161.570034585532,0.));
#9341=CARTESIAN_POINT('Ctrl Pts',(81.0496195682114,161.570034585532,1.6));
#9342=CARTESIAN_POINT('Ctrl Pts',(81.049609006661,161.570040922277,0.));
#9343=CARTESIAN_POINT('Ctrl Pts',(81.049609006661,161.570040922277,1.6));
#9344=CARTESIAN_POINT('Ctrl Pts',(81.0333538044103,161.579793757746,0.));
#9345=CARTESIAN_POINT('Ctrl Pts',(81.0333538044103,161.579793757746,1.6));
#9346=CARTESIAN_POINT('Ctrl Pts',(80.9790102738877,161.61194552667,0.));
#9347=CARTESIAN_POINT('Ctrl Pts',(80.9790102738877,161.61194552667,1.6));
#9348=CARTESIAN_POINT('Ctrl Pts',(80.9434406326191,161.632380804073,0.));
#9349=CARTESIAN_POINT('Ctrl Pts',(80.9434406326191,161.632380804073,1.6));
#9350=CARTESIAN_POINT('Ctrl Pts',(79.9588602145019,162.198036606384,0.));
#9351=CARTESIAN_POINT('Ctrl Pts',(79.9588602145019,162.198036606384,1.6));
#9352=CARTESIAN_POINT('Ctrl Pts',(78.8421652713783,162.496318816458,0.));
#9353=CARTESIAN_POINT('Ctrl Pts',(78.8421652713783,162.496318816458,1.6));
#9354=CARTESIAN_POINT('Ctrl Pts',(77.7053420672608,162.496299999521,0.));
#9355=CARTESIAN_POINT('Ctrl Pts',(77.7053420672608,162.496299999521,1.6));
#9356=CARTESIAN_POINT('',(81.0496406913663,161.570021912011,0.));
#9357=CARTESIAN_POINT('Ctrl Pts',(81.0496406911981,161.570021912112,0.));
#9358=CARTESIAN_POINT('Ctrl Pts',(81.0496301296099,161.570028248879,0.));
#9359=CARTESIAN_POINT('Ctrl Pts',(81.0496195682114,161.570034585532,0.));
#9360=CARTESIAN_POINT('Ctrl Pts',(81.049609006661,161.570040922277,0.));
#9361=CARTESIAN_POINT('Ctrl Pts',(81.0333538044103,161.579793757746,0.));
#9362=CARTESIAN_POINT('Ctrl Pts',(80.9790102738877,161.61194552667,0.));
#9363=CARTESIAN_POINT('Ctrl Pts',(80.9434406326191,161.632380804073,0.));
#9364=CARTESIAN_POINT('Ctrl Pts',(79.9588602145019,162.198036606384,0.));
#9365=CARTESIAN_POINT('Ctrl Pts',(78.8421652713783,162.496318816458,0.));
#9366=CARTESIAN_POINT('Ctrl Pts',(77.7053420672608,162.496299999521,0.));
#9367=CARTESIAN_POINT('',(81.0496406913663,161.570021912011,1.6));
#9368=CARTESIAN_POINT('Ctrl Pts',(81.0496406911981,161.570021912112,1.6));
#9369=CARTESIAN_POINT('Ctrl Pts',(81.0496301296099,161.570028248879,1.6));
#9370=CARTESIAN_POINT('Ctrl Pts',(81.0496195682114,161.570034585532,1.6));
#9371=CARTESIAN_POINT('Ctrl Pts',(81.049609006661,161.570040922277,1.6));
#9372=CARTESIAN_POINT('Ctrl Pts',(81.0333538044103,161.579793757746,1.6));
#9373=CARTESIAN_POINT('Ctrl Pts',(80.9790102738877,161.61194552667,1.6));
#9374=CARTESIAN_POINT('Ctrl Pts',(80.9434406326191,161.632380804073,1.6));
#9375=CARTESIAN_POINT('Ctrl Pts',(79.9588602145019,162.198036606384,1.6));
#9376=CARTESIAN_POINT('Ctrl Pts',(78.8421652713783,162.496318816458,1.6));
#9377=CARTESIAN_POINT('Ctrl Pts',(77.7053420672608,162.496299999521,1.6));
#9378=CARTESIAN_POINT('',(81.0496406913663,161.570021912011,0.));
#9379=CARTESIAN_POINT('Origin',(88.005748354729,157.3962,0.));
#9380=CARTESIAN_POINT('',(88.005748354729,157.3962,0.));
#9381=CARTESIAN_POINT('',(81.0496406913663,161.570021912011,0.));
#9382=CARTESIAN_POINT('',(88.005748354729,157.3962,1.6));
#9383=CARTESIAN_POINT('',(81.0496406913663,161.570021912011,1.6));
#9384=CARTESIAN_POINT('',(88.005748354729,157.3962,0.));
#9385=CARTESIAN_POINT('Origin',(122.2827,157.3962,0.));
#9386=CARTESIAN_POINT('',(122.2827,157.3962,0.));
#9387=CARTESIAN_POINT('',(88.005748354729,157.3962,0.));
#9388=CARTESIAN_POINT('',(122.2827,157.3962,1.6));
#9389=CARTESIAN_POINT('',(88.005748354729,157.3962,1.6));
#9390=CARTESIAN_POINT('',(122.2827,157.3962,0.));
#9391=CARTESIAN_POINT('Origin',(122.2827,154.2363,0.));
#9392=CARTESIAN_POINT('',(122.2827,150.1063,0.));
#9393=CARTESIAN_POINT('',(122.2827,150.1063,1.6));
#9394=CARTESIAN_POINT('Origin',(79.0361811760343,112.988865185545,1.6));
#9395=CARTESIAN_POINT('Origin',(79.0361811760343,112.988865185545,0.));
#9396=UNCERTAINTY_MEASURE_WITH_UNIT(LENGTH_MEASURE(0.01),#9400,
'DISTANCE_ACCURACY_VALUE',
'Maximum model space distance between geometric entities at asserted c
onnectivities');
#9397=UNCERTAINTY_MEASURE_WITH_UNIT(LENGTH_MEASURE(0.01),#9400,
'DISTANCE_ACCURACY_VALUE',
'Maximum model space distance between geometric entities at asserted c
onnectivities');
#9398=(
GEOMETRIC_REPRESENTATION_CONTEXT(3)
GLOBAL_UNCERTAINTY_ASSIGNED_CONTEXT((#9396))
GLOBAL_UNIT_ASSIGNED_CONTEXT((#9400,#9402,#9403))
REPRESENTATION_CONTEXT('','3D')
);
#9399=(
GEOMETRIC_REPRESENTATION_CONTEXT(3)
GLOBAL_UNCERTAINTY_ASSIGNED_CONTEXT((#9397))
GLOBAL_UNIT_ASSIGNED_CONTEXT((#9400,#9402,#9403))
REPRESENTATION_CONTEXT('','3D')
);
#9400=(
LENGTH_UNIT()
NAMED_UNIT(*)
SI_UNIT(.MILLI.,.METRE.)
);
#9401=(
LENGTH_UNIT()
NAMED_UNIT(*)
SI_UNIT($,.METRE.)
);
#9402=(
NAMED_UNIT(*)
PLANE_ANGLE_UNIT()
SI_UNIT($,.RADIAN.)
);
#9403=(
NAMED_UNIT(*)
SI_UNIT($,.STERADIAN.)
SOLID_ANGLE_UNIT()
);
#9404=SHAPE_DEFINITION_REPRESENTATION(#9405,#9406);
#9405=PRODUCT_DEFINITION_SHAPE('',$,#9408);
#9406=SHAPE_REPRESENTATION('',(#5040),#9398);
#9407=PRODUCT_DEFINITION_CONTEXT('part definition',#9412,'design');
#9408=PRODUCT_DEFINITION('2026-03-20-20-22-17-701','Untitled',#9409,#9407);
#9409=PRODUCT_DEFINITION_FORMATION('',$,#9414);
#9410=PRODUCT_RELATED_PRODUCT_CATEGORY('Untitled','Untitled',(#9414));
#9411=APPLICATION_PROTOCOL_DEFINITION('international standard',
'automotive_design',2009,#9412);
#9412=APPLICATION_CONTEXT(
'Core Data for Automotive Mechanical Design Process');
#9413=PRODUCT_CONTEXT('part definition',#9412,'mechanical');
#9414=PRODUCT('2026-03-20-20-22-17-701','Untitled',$,(#9413));
#9415=PRESENTATION_STYLE_ASSIGNMENT((#9416));
#9416=SURFACE_STYLE_USAGE(.BOTH.,#9417);
#9417=SURFACE_SIDE_STYLE('',(#9418));
#9418=SURFACE_STYLE_FILL_AREA(#9419);
#9419=FILL_AREA_STYLE('Steel - Satin',(#9420));
#9420=FILL_AREA_STYLE_COLOUR('Steel - Satin',#9421);
#9421=COLOUR_RGB('Steel - Satin',0.627450980392157,0.627450980392157,0.627450980392157);
ENDSEC;
END-ISO-10303-21;
