ISO-10303-21;
HEADER;
/* Generated by software containing ST-Developer
 * from STEP Tools, Inc. (www.steptools.com) 
 */

FILE_DESCRIPTION(
/* description */ (''),
/* implementation_level */ '2;1');

FILE_NAME(
/* name */ 'Untitled.step',
/* time_stamp */ '2026-03-21T00:55:53-04:00',
/* author */ (''),
/* organization */ (''),
/* preprocessor_version */ 'ST-DEVELOPER v20.1',
/* originating_system */ 'Autodesk Translation Framework v14.24.0.0',
/* authorisation */ '');

FILE_SCHEMA (('AUTOMOTIVE_DESIGN { 1 0 10303 214 3 1 1 }'));
ENDSEC;

DATA;
#10=MECHANICAL_DESIGN_GEOMETRIC_PRESENTATION_REPRESENTATION('',(#13),#11549);
#11=SHAPE_REPRESENTATION_RELATIONSHIP('SRR','None',#11556,#12);
#12=ADVANCED_BREP_SHAPE_REPRESENTATION('',(#14),#11548);
#13=STYLED_ITEM('',(#11565),#14);
#14=MANIFOLD_SOLID_BREP('Body10',#5897);
#15=B_SPLINE_SURFACE_WITH_KNOTS('',3,3,((#8176,#8177,#8178,#8179,#8180,
#8181,#8182,#8183,#8184,#8185,#8186),(#8187,#8188,#8189,#8190,#8191,#8192,
#8193,#8194,#8195,#8196,#8197),(#8198,#8199,#8200,#8201,#8202,#8203,#8204,
#8205,#8206,#8207,#8208),(#8209,#8210,#8211,#8212,#8213,#8214,#8215,#8216,
#8217,#8218,#8219),(#8220,#8221,#8222,#8223,#8224,#8225,#8226,#8227,#8228,
#8229,#8230)),.UNSPECIFIED.,.F.,.F.,.F.,(4,1,4),(4,1,1,1,1,1,1,1,4),(0.,
0.571428571428571,1.),(-6.91214182282735E-7,0.0029400209866777,0.00588073318753768,
0.0117621575892576,0.0235250063926976,0.0470507039995774,0.0705764016064573,
0.0941020992133371,0.164679192033977),.UNSPECIFIED.);
#16=B_SPLINE_SURFACE_WITH_KNOTS('',3,3,((#8244,#8245,#8246,#8247,#8248,
#8249,#8250,#8251,#8252,#8253,#8254),(#8255,#8256,#8257,#8258,#8259,#8260,
#8261,#8262,#8263,#8264,#8265),(#8266,#8267,#8268,#8269,#8270,#8271,#8272,
#8273,#8274,#8275,#8276),(#8277,#8278,#8279,#8280,#8281,#8282,#8283,#8284,
#8285,#8286,#8287),(#8288,#8289,#8290,#8291,#8292,#8293,#8294,#8295,#8296,
#8297,#8298)),.UNSPECIFIED.,.F.,.F.,.F.,(4,1,4),(4,1,1,1,1,1,1,1,4),(0.,
0.571428571428571,1.),(-0.000440897711055202,0.0676290588162535,0.0903190443253564,
0.113009029834459,0.135699015343562,0.147044008098114,0.152716504475389,
0.155552752664027,0.158389000852665),.UNSPECIFIED.);
#17=B_SPLINE_SURFACE_WITH_KNOTS('',3,3,((#8367,#8368,#8369,#8370,#8371,
#8372,#8373,#8374,#8375,#8376),(#8377,#8378,#8379,#8380,#8381,#8382,#8383,
#8384,#8385,#8386),(#8387,#8388,#8389,#8390,#8391,#8392,#8393,#8394,#8395,
#8396),(#8397,#8398,#8399,#8400,#8401,#8402,#8403,#8404,#8405,#8406),(#8407,
#8408,#8409,#8410,#8411,#8412,#8413,#8414,#8415,#8416)),.UNSPECIFIED.,.F.,
 .F.,.F.,(4,1,4),(4,1,1,1,1,1,1,4),(0.,0.571428571428571,1.),(0.,0.0624954806784821,
0.124990961356964,0.156238701696205,0.187486442035446,0.203110312205067,
0.210922247289877,0.218734182374687),.UNSPECIFIED.);
#18=B_SPLINE_SURFACE_WITH_KNOTS('',3,3,((#8433,#8434,#8435,#8436,#8437,
#8438,#8439,#8440),(#8441,#8442,#8443,#8444,#8445,#8446,#8447,#8448),(#8449,
#8450,#8451,#8452,#8453,#8454,#8455,#8456),(#8457,#8458,#8459,#8460,#8461,
#8462,#8463,#8464),(#8465,#8466,#8467,#8468,#8469,#8470,#8471,#8472)),
 .UNSPECIFIED.,.F.,.F.,.F.,(4,1,4),(4,1,1,1,1,4),(0.,0.571428571428571,
1.),(-5.09308289986508E-11,0.0101670371095805,0.0203340742700919,0.0406681485911146,
0.122004445875206,0.284677040443387),.UNSPECIFIED.);
#19=B_SPLINE_SURFACE_WITH_KNOTS('',3,3,((#8532,#8533,#8534,#8535,#8536,
#8537,#8538,#8539,#8540,#8541),(#8542,#8543,#8544,#8545,#8546,#8547,#8548,
#8549,#8550,#8551),(#8552,#8553,#8554,#8555,#8556,#8557,#8558,#8559,#8560,
#8561),(#8562,#8563,#8564,#8565,#8566,#8567,#8568,#8569,#8570,#8571),(#8572,
#8573,#8574,#8575,#8576,#8577,#8578,#8579,#8580,#8581)),.UNSPECIFIED.,.F.,
 .F.,.F.,(4,1,4),(4,1,1,1,1,1,1,4),(0.,0.571428571428571,1.),(0.,0.161134310726475,
0.2148457476353,0.268557184544126,0.322268621452951,0.349124339907363,0.362552199134569,
0.375980058361776),.UNSPECIFIED.);
#20=B_SPLINE_SURFACE_WITH_KNOTS('',3,3,((#8598,#8599,#8600,#8601,#8602),
(#8603,#8604,#8605,#8606,#8607),(#8608,#8609,#8610,#8611,#8612),(#8613,
#8614,#8615,#8616,#8617),(#8618,#8619,#8620,#8621,#8622)),.UNSPECIFIED.,
 .F.,.F.,.F.,(4,1,4),(4,1,4),(0.,0.571428571428571,1.),(0.,0.295705886615784,
0.689980402103496),.UNSPECIFIED.);
#21=B_SPLINE_SURFACE_WITH_KNOTS('',3,3,((#8634,#8635,#8636,#8637,#8638),
(#8639,#8640,#8641,#8642,#8643),(#8644,#8645,#8646,#8647,#8648),(#8649,
#8650,#8651,#8652,#8653),(#8654,#8655,#8656,#8657,#8658)),.UNSPECIFIED.,
 .F.,.F.,.F.,(4,1,4),(4,1,4),(0.,0.571428571428571,1.),(0.,0.272297043947063,
0.47651982690736),.UNSPECIFIED.);
#22=B_SPLINE_SURFACE_WITH_KNOTS('',3,3,((#8670,#8671,#8672,#8673,#8674,
#8675),(#8676,#8677,#8678,#8679,#8680,#8681),(#8682,#8683,#8684,#8685,#8686,
#8687),(#8688,#8689,#8690,#8691,#8692,#8693),(#8694,#8695,#8696,#8697,#8698,
#8699)),.UNSPECIFIED.,.F.,.F.,.F.,(4,1,4),(4,1,1,4),(0.,0.571428571428571,
1.),(-3.14828829884809E-11,0.013361778758256,0.0400853363377337,0.0935324514966892),
 .UNSPECIFIED.);
#23=B_SPLINE_SURFACE_WITH_KNOTS('',3,3,((#8757,#8758,#8759,#8760,#8761,
#8762,#8763,#8764,#8765),(#8766,#8767,#8768,#8769,#8770,#8771,#8772,#8773,
#8774),(#8775,#8776,#8777,#8778,#8779,#8780,#8781,#8782,#8783),(#8784,#8785,
#8786,#8787,#8788,#8789,#8790,#8791,#8792),(#8793,#8794,#8795,#8796,#8797,
#8798,#8799,#8800,#8801)),.UNSPECIFIED.,.F.,.F.,.F.,(4,1,4),(4,1,1,1,1,
1,4),(0.,0.571428571428571,1.),(0.,0.0921133394700027,0.153522232450004,
0.184226678940005,0.199578902185006,0.207255013807506,0.214931125430006),
 .UNSPECIFIED.);
#24=B_SPLINE_SURFACE_WITH_KNOTS('',3,3,((#8817,#8818,#8819,#8820,#8821,
#8822,#8823,#8824),(#8825,#8826,#8827,#8828,#8829,#8830,#8831,#8832),(#8833,
#8834,#8835,#8836,#8837,#8838,#8839,#8840),(#8841,#8842,#8843,#8844,#8845,
#8846,#8847,#8848),(#8849,#8850,#8851,#8852,#8853,#8854,#8855,#8856)),
 .UNSPECIFIED.,.F.,.F.,.F.,(4,1,4),(4,1,1,1,1,4),(0.,0.571428571428571,
1.),(3.69924954304717E-7,0.00962150687089864,0.019242643816843,0.0384849177087317,
0.115454013276286,0.269392204411396),.UNSPECIFIED.);
#25=B_SPLINE_SURFACE_WITH_KNOTS('',3,1,((#8878,#8879),(#8880,#8881),(#8882,
#8883),(#8884,#8885)),.UNSPECIFIED.,.F.,.F.,.F.,(4,4),(2,2),(1.01969294412114E-6,
1.00000000020105),(-9.25424369872749E-5,0.800092542436987),
 .UNSPECIFIED.);
#26=B_SPLINE_SURFACE_WITH_KNOTS('',3,1,((#8889,#8890),(#8891,#8892),(#8893,
#8894),(#8895,#8896),(#8897,#8898),(#8899,#8900),(#8901,#8902)),
 .UNSPECIFIED.,.F.,.F.,.F.,(4,3,4),(2,2),(-2.98902015304013E-5,0.,0.999993677524722),
(-2.96769192263408E-5,0.800029676919226),.UNSPECIFIED.);
#27=B_SPLINE_SURFACE_WITH_KNOTS('',3,1,((#8906,#8907),(#8908,#8909),(#8910,
#8911),(#8912,#8913),(#8914,#8915),(#8916,#8917),(#8918,#8919),(#8920,#8921),
(#8922,#8923),(#8924,#8925),(#8926,#8927),(#8928,#8929),(#8930,#8931),(#8932,
#8933),(#8934,#8935),(#8936,#8937)),.UNSPECIFIED.,.F.,.F.,.F.,(4,3,3,3,
3,4),(2,2),(3.69928870178328E-5,0.519267089071726,0.846747249654439,0.957720444780622,
1.00002065074662,1.0000722785043),(-0.00193563727997554,0.801935637279976),
 .UNSPECIFIED.);
#28=B_SPLINE_SURFACE_WITH_KNOTS('',3,1,((#8941,#8942),(#8943,#8944),(#8945,
#8946),(#8947,#8948)),.UNSPECIFIED.,.F.,.F.,.F.,(4,4),(2,2),(0.0377846264041371,
1.),(-0.000121441320802438,0.800121441320802),.UNSPECIFIED.);
#29=B_SPLINE_SURFACE_WITH_KNOTS('',3,1,((#8952,#8953),(#8954,#8955),(#8956,
#8957),(#8958,#8959)),.UNSPECIFIED.,.F.,.F.,.F.,(4,4),(2,2),(0.,1.),(-0.000114454937716274,
0.800114454937716),.UNSPECIFIED.);
#30=B_SPLINE_SURFACE_WITH_KNOTS('',3,1,((#8962,#8963),(#8964,#8965),(#8966,
#8967),(#8968,#8969)),.UNSPECIFIED.,.F.,.F.,.F.,(4,4),(2,2),(-1.,-1.019692944082E-6),
(0.,0.8),.UNSPECIFIED.);
#31=B_SPLINE_SURFACE_WITH_KNOTS('',3,1,((#8982,#8983),(#8984,#8985),(#8986,
#8987),(#8988,#8989)),.UNSPECIFIED.,.F.,.F.,.F.,(4,4),(2,2),(-1.,-2.12429764127642E-6),
(0.,0.8),.UNSPECIFIED.);
#32=B_SPLINE_SURFACE_WITH_KNOTS('',3,1,((#9000,#9001),(#9002,#9003),(#9004,
#9005),(#9006,#9007)),.UNSPECIFIED.,.F.,.F.,.F.,(4,4),(2,2),(-1.,-2.03959044919877E-6),
(0.,0.8),.UNSPECIFIED.);
#33=B_SPLINE_SURFACE_WITH_KNOTS('',3,1,((#9018,#9019),(#9020,#9021),(#9022,
#9023),(#9024,#9025),(#9026,#9027),(#9028,#9029),(#9030,#9031)),
 .UNSPECIFIED.,.F.,.F.,.F.,(4,3,4),(2,2),(-0.999980929921669,0.,3.34993242742032E-5),
(0.,0.8),.UNSPECIFIED.);
#34=B_SPLINE_SURFACE_WITH_KNOTS('',3,1,((#9045,#9046),(#9047,#9048),(#9049,
#9050),(#9051,#9052),(#9053,#9054),(#9055,#9056),(#9057,#9058)),
 .UNSPECIFIED.,.F.,.F.,.F.,(4,3,4),(2,2),(-1.00002272748532,-1.,-1.4711502132347E-5),
(0.,0.8),.UNSPECIFIED.);
#35=B_SPLINE_SURFACE_WITH_KNOTS('',3,1,((#9072,#9073),(#9074,#9075),(#9076,
#9077),(#9078,#9079),(#9080,#9081),(#9082,#9083),(#9084,#9085)),
 .UNSPECIFIED.,.F.,.F.,.F.,(4,3,4),(2,2),(-0.999996194469515,5.17271780964279E-11,
1.35928064616404E-5),(0.,0.8),.UNSPECIFIED.);
#36=B_SPLINE_SURFACE_WITH_KNOTS('',3,1,((#9098,#9099),(#9100,#9101),(#9102,
#9103),(#9104,#9105)),.UNSPECIFIED.,.F.,.F.,.F.,(4,4),(2,2),(-0.999993677524722,
0.),(0.,0.8),.UNSPECIFIED.);
#37=B_SPLINE_SURFACE_WITH_KNOTS('',3,1,((#9116,#9117),(#9118,#9119),(#9120,
#9121),(#9122,#9123),(#9124,#9125),(#9126,#9127),(#9128,#9129)),
 .UNSPECIFIED.,.F.,.F.,.F.,(4,3,4),(2,2),(-1.00002065074655,-1.,-1.57668885428628E-5),
(0.,0.8),.UNSPECIFIED.);
#38=B_SPLINE_SURFACE_WITH_KNOTS('',3,1,((#9143,#9144),(#9145,#9146),(#9147,
#9148),(#9149,#9150)),.UNSPECIFIED.,.F.,.F.,.F.,(4,4),(2,2),(-1.,-0.0317726016914244),
(0.,0.8),.UNSPECIFIED.);
#39=B_SPLINE_SURFACE_WITH_KNOTS('',3,1,((#9159,#9160),(#9161,#9162),(#9163,
#9164),(#9165,#9166)),.UNSPECIFIED.,.F.,.F.,.F.,(4,4),(2,2),(-1.,0.),(0.,
0.8),.UNSPECIFIED.);
#40=B_SPLINE_SURFACE_WITH_KNOTS('',3,1,((#9175,#9176),(#9177,#9178),(#9179,
#9180),(#9181,#9182)),.UNSPECIFIED.,.F.,.F.,.F.,(4,4),(2,2),(0.,1.00000507362419),
(0.,0.8),.UNSPECIFIED.);
#41=B_SPLINE_SURFACE_WITH_KNOTS('',3,1,((#9211,#9212),(#9213,#9214),(#9215,
#9216),(#9217,#9218)),.UNSPECIFIED.,.F.,.F.,.F.,(4,4),(2,2),(-1.,0.),(0.,
0.16),.UNSPECIFIED.);
#42=B_SPLINE_SURFACE_WITH_KNOTS('',3,1,((#9225,#9226),(#9227,#9228),(#9229,
#9230),(#9231,#9232)),.UNSPECIFIED.,.F.,.F.,.F.,(4,4),(2,2),(-1.,0.),(0.,
0.16),.UNSPECIFIED.);
#43=B_SPLINE_SURFACE_WITH_KNOTS('',3,1,((#9243,#9244),(#9245,#9246),(#9247,
#9248),(#9249,#9250)),.UNSPECIFIED.,.F.,.F.,.F.,(4,4),(2,2),(-1.,0.),(0.,
0.16),.UNSPECIFIED.);
#44=B_SPLINE_SURFACE_WITH_KNOTS('',3,1,((#9257,#9258),(#9259,#9260),(#9261,
#9262),(#9263,#9264)),.UNSPECIFIED.,.F.,.F.,.F.,(4,4),(2,2),(-1.,0.),(0.,
0.16),.UNSPECIFIED.);
#45=B_SPLINE_SURFACE_WITH_KNOTS('',3,1,((#9275,#9276),(#9277,#9278),(#9279,
#9280),(#9281,#9282)),.UNSPECIFIED.,.F.,.F.,.F.,(4,4),(2,2),(-1.,0.),(0.,
0.16),.UNSPECIFIED.);
#46=B_SPLINE_SURFACE_WITH_KNOTS('',3,1,((#9289,#9290),(#9291,#9292),(#9293,
#9294),(#9295,#9296)),.UNSPECIFIED.,.F.,.F.,.F.,(4,4),(2,2),(-1.,0.),(0.,
0.16),.UNSPECIFIED.);
#47=B_SPLINE_SURFACE_WITH_KNOTS('',3,1,((#9307,#9308),(#9309,#9310),(#9311,
#9312),(#9313,#9314)),.UNSPECIFIED.,.F.,.F.,.F.,(4,4),(2,2),(-1.,0.),(0.,
0.16),.UNSPECIFIED.);
#48=B_SPLINE_SURFACE_WITH_KNOTS('',3,1,((#9321,#9322),(#9323,#9324),(#9325,
#9326),(#9327,#9328)),.UNSPECIFIED.,.F.,.F.,.F.,(4,4),(2,2),(-1.,0.),(0.,
0.16),.UNSPECIFIED.);
#49=B_SPLINE_SURFACE_WITH_KNOTS('',3,1,((#9339,#9340),(#9341,#9342),(#9343,
#9344),(#9345,#9346)),.UNSPECIFIED.,.F.,.F.,.F.,(4,4),(2,2),(-1.,0.),(0.,
0.16),.UNSPECIFIED.);
#50=B_SPLINE_SURFACE_WITH_KNOTS('',3,1,((#9357,#9358),(#9359,#9360),(#9361,
#9362),(#9363,#9364)),.UNSPECIFIED.,.F.,.F.,.F.,(4,4),(2,2),(-1.,0.),(0.,
0.16),.UNSPECIFIED.);
#51=B_SPLINE_SURFACE_WITH_KNOTS('',3,1,((#9375,#9376),(#9377,#9378),(#9379,
#9380),(#9381,#9382)),.UNSPECIFIED.,.F.,.F.,.F.,(4,4),(2,2),(-1.,0.),(0.,
0.16),.UNSPECIFIED.);
#52=B_SPLINE_SURFACE_WITH_KNOTS('',3,1,((#9393,#9394),(#9395,#9396),(#9397,
#9398),(#9399,#9400)),.UNSPECIFIED.,.F.,.F.,.F.,(4,4),(2,2),(-1.,0.),(0.,
0.16),.UNSPECIFIED.);
#53=B_SPLINE_SURFACE_WITH_KNOTS('',3,1,((#9439,#9440),(#9441,#9442),(#9443,
#9444),(#9445,#9446)),.UNSPECIFIED.,.F.,.F.,.F.,(4,4),(2,2),(-1.,0.),(0.,
0.16),.UNSPECIFIED.);
#54=B_SPLINE_SURFACE_WITH_KNOTS('',3,1,((#9453,#9454),(#9455,#9456),(#9457,
#9458),(#9459,#9460)),.UNSPECIFIED.,.F.,.F.,.F.,(4,4),(2,2),(-1.,0.),(0.,
0.16),.UNSPECIFIED.);
#55=B_SPLINE_SURFACE_WITH_KNOTS('',3,1,((#9471,#9472),(#9473,#9474),(#9475,
#9476),(#9477,#9478)),.UNSPECIFIED.,.F.,.F.,.F.,(4,4),(2,2),(-1.,0.),(0.,
0.16),.UNSPECIFIED.);
#56=B_SPLINE_SURFACE_WITH_KNOTS('',3,1,((#9485,#9486),(#9487,#9488),(#9489,
#9490),(#9491,#9492)),.UNSPECIFIED.,.F.,.F.,.F.,(4,4),(2,2),(-1.,0.),(0.,
0.16),.UNSPECIFIED.);
#57=B_SPLINE_SURFACE_WITH_KNOTS('',3,1,((#9503,#9504),(#9505,#9506),(#9507,
#9508),(#9509,#9510)),.UNSPECIFIED.,.F.,.F.,.F.,(4,4),(2,2),(-1.,0.),(0.,
0.16),.UNSPECIFIED.);
#58=B_SPLINE_SURFACE_WITH_KNOTS('',3,1,((#9517,#9518),(#9519,#9520),(#9521,
#9522),(#9523,#9524)),.UNSPECIFIED.,.F.,.F.,.F.,(4,4),(2,2),(-1.,0.),(0.,
0.16),.UNSPECIFIED.);
#59=B_SPLINE_SURFACE_WITH_KNOTS('',3,1,((#9535,#9536),(#9537,#9538),(#9539,
#9540),(#9541,#9542)),.UNSPECIFIED.,.F.,.F.,.F.,(4,4),(2,2),(-1.,0.),(0.,
0.16),.UNSPECIFIED.);
#60=B_SPLINE_SURFACE_WITH_KNOTS('',3,1,((#9549,#9550),(#9551,#9552),(#9553,
#9554),(#9555,#9556)),.UNSPECIFIED.,.F.,.F.,.F.,(4,4),(2,2),(-1.,0.),(0.,
0.16),.UNSPECIFIED.);
#61=B_SPLINE_SURFACE_WITH_KNOTS('',3,1,((#9567,#9568),(#9569,#9570),(#9571,
#9572),(#9573,#9574)),.UNSPECIFIED.,.F.,.F.,.F.,(4,4),(2,2),(-1.,0.),(0.,
0.16),.UNSPECIFIED.);
#62=B_SPLINE_SURFACE_WITH_KNOTS('',3,1,((#9581,#9582),(#9583,#9584),(#9585,
#9586),(#9587,#9588)),.UNSPECIFIED.,.F.,.F.,.F.,(4,4),(2,2),(-1.,0.),(0.,
0.16),.UNSPECIFIED.);
#63=B_SPLINE_SURFACE_WITH_KNOTS('',3,1,((#9599,#9600),(#9601,#9602),(#9603,
#9604),(#9605,#9606)),.UNSPECIFIED.,.F.,.F.,.F.,(4,4),(2,2),(-1.,0.),(0.,
0.16),.UNSPECIFIED.);
#64=B_SPLINE_SURFACE_WITH_KNOTS('',3,1,((#9613,#9614),(#9615,#9616),(#9617,
#9618),(#9619,#9620)),.UNSPECIFIED.,.F.,.F.,.F.,(4,4),(2,2),(-1.,0.),(0.,
0.16),.UNSPECIFIED.);
#65=B_SPLINE_SURFACE_WITH_KNOTS('',3,1,((#9631,#9632),(#9633,#9634),(#9635,
#9636),(#9637,#9638)),.UNSPECIFIED.,.F.,.F.,.F.,(4,4),(2,2),(-1.,0.),(0.,
0.16),.UNSPECIFIED.);
#66=B_SPLINE_SURFACE_WITH_KNOTS('',3,1,((#9645,#9646),(#9647,#9648),(#9649,
#9650),(#9651,#9652)),.UNSPECIFIED.,.F.,.F.,.F.,(4,4),(2,2),(-1.,0.),(0.,
0.16),.UNSPECIFIED.);
#67=B_SPLINE_SURFACE_WITH_KNOTS('',3,1,((#9663,#9664),(#9665,#9666),(#9667,
#9668),(#9669,#9670)),.UNSPECIFIED.,.F.,.F.,.F.,(4,4),(2,2),(-1.,0.),(0.,
0.16),.UNSPECIFIED.);
#68=B_SPLINE_SURFACE_WITH_KNOTS('',3,1,((#9677,#9678),(#9679,#9680),(#9681,
#9682),(#9683,#9684)),.UNSPECIFIED.,.F.,.F.,.F.,(4,4),(2,2),(-1.,0.),(0.,
0.16),.UNSPECIFIED.);
#69=B_SPLINE_SURFACE_WITH_KNOTS('',3,1,((#9695,#9696),(#9697,#9698),(#9699,
#9700),(#9701,#9702)),.UNSPECIFIED.,.F.,.F.,.F.,(4,4),(2,2),(-1.,0.),(0.,
0.16),.UNSPECIFIED.);
#70=B_SPLINE_SURFACE_WITH_KNOTS('',3,1,((#9713,#9714),(#9715,#9716),(#9717,
#9718),(#9719,#9720)),.UNSPECIFIED.,.F.,.F.,.F.,(4,4),(2,2),(-1.,0.),(0.,
0.16),.UNSPECIFIED.);
#71=B_SPLINE_SURFACE_WITH_KNOTS('',3,1,((#9731,#9732),(#9733,#9734),(#9735,
#9736),(#9737,#9738)),.UNSPECIFIED.,.F.,.F.,.F.,(4,4),(2,2),(-1.,0.),(0.,
0.16),.UNSPECIFIED.);
#72=B_SPLINE_SURFACE_WITH_KNOTS('',3,1,((#9749,#9750),(#9751,#9752),(#9753,
#9754),(#9755,#9756)),.UNSPECIFIED.,.F.,.F.,.F.,(4,4),(2,2),(-1.,0.),(0.,
0.16),.UNSPECIFIED.);
#73=B_SPLINE_SURFACE_WITH_KNOTS('',3,1,((#9767,#9768),(#9769,#9770),(#9771,
#9772),(#9773,#9774)),.UNSPECIFIED.,.F.,.F.,.F.,(4,4),(2,2),(-1.,0.),(0.,
0.16),.UNSPECIFIED.);
#74=B_SPLINE_SURFACE_WITH_KNOTS('',3,1,((#9781,#9782),(#9783,#9784),(#9785,
#9786),(#9787,#9788)),.UNSPECIFIED.,.F.,.F.,.F.,(4,4),(2,2),(-1.,0.),(0.,
0.16),.UNSPECIFIED.);
#75=B_SPLINE_SURFACE_WITH_KNOTS('',3,1,((#9799,#9800),(#9801,#9802),(#9803,
#9804),(#9805,#9806)),.UNSPECIFIED.,.F.,.F.,.F.,(4,4),(2,2),(-1.,0.),(0.,
0.16),.UNSPECIFIED.);
#76=B_SPLINE_SURFACE_WITH_KNOTS('',3,1,((#9813,#9814),(#9815,#9816),(#9817,
#9818),(#9819,#9820)),.UNSPECIFIED.,.F.,.F.,.F.,(4,4),(2,2),(-1.,0.),(0.,
0.16),.UNSPECIFIED.);
#77=B_SPLINE_SURFACE_WITH_KNOTS('',3,1,((#9831,#9832),(#9833,#9834),(#9835,
#9836),(#9837,#9838)),.UNSPECIFIED.,.F.,.F.,.F.,(4,4),(2,2),(-1.,0.),(0.,
0.16),.UNSPECIFIED.);
#78=B_SPLINE_SURFACE_WITH_KNOTS('',3,1,((#9845,#9846),(#9847,#9848),(#9849,
#9850),(#9851,#9852)),.UNSPECIFIED.,.F.,.F.,.F.,(4,4),(2,2),(-1.,0.),(0.,
0.16),.UNSPECIFIED.);
#79=B_SPLINE_SURFACE_WITH_KNOTS('',3,1,((#9863,#9864),(#9865,#9866),(#9867,
#9868),(#9869,#9870)),.UNSPECIFIED.,.F.,.F.,.F.,(4,4),(2,2),(-1.,0.),(0.,
0.16),.UNSPECIFIED.);
#80=B_SPLINE_SURFACE_WITH_KNOTS('',3,1,((#9877,#9878),(#9879,#9880),(#9881,
#9882),(#9883,#9884)),.UNSPECIFIED.,.F.,.F.,.F.,(4,4),(2,2),(-1.,0.),(0.,
0.16),.UNSPECIFIED.);
#81=B_SPLINE_SURFACE_WITH_KNOTS('',3,1,((#9895,#9896),(#9897,#9898),(#9899,
#9900),(#9901,#9902)),.UNSPECIFIED.,.F.,.F.,.F.,(4,4),(2,2),(-1.,0.),(0.,
0.16),.UNSPECIFIED.);
#82=B_SPLINE_SURFACE_WITH_KNOTS('',3,1,((#9909,#9910),(#9911,#9912),(#9913,
#9914),(#9915,#9916)),.UNSPECIFIED.,.F.,.F.,.F.,(4,4),(2,2),(-1.,0.),(0.,
0.16),.UNSPECIFIED.);
#83=B_SPLINE_SURFACE_WITH_KNOTS('',3,1,((#9927,#9928),(#9929,#9930),(#9931,
#9932),(#9933,#9934)),.UNSPECIFIED.,.F.,.F.,.F.,(4,4),(2,2),(-1.,0.),(0.,
0.16),.UNSPECIFIED.);
#84=B_SPLINE_SURFACE_WITH_KNOTS('',3,1,((#9941,#9942),(#9943,#9944),(#9945,
#9946),(#9947,#9948)),.UNSPECIFIED.,.F.,.F.,.F.,(4,4),(2,2),(-1.,0.),(0.,
0.16),.UNSPECIFIED.);
#85=B_SPLINE_SURFACE_WITH_KNOTS('',3,1,((#9959,#9960),(#9961,#9962),(#9963,
#9964),(#9965,#9966)),.UNSPECIFIED.,.F.,.F.,.F.,(4,4),(2,2),(-1.,0.),(0.,
0.16),.UNSPECIFIED.);
#86=B_SPLINE_SURFACE_WITH_KNOTS('',3,1,((#9973,#9974),(#9975,#9976),(#9977,
#9978),(#9979,#9980)),.UNSPECIFIED.,.F.,.F.,.F.,(4,4),(2,2),(-1.,0.),(0.,
0.16),.UNSPECIFIED.);
#87=B_SPLINE_SURFACE_WITH_KNOTS('',3,1,((#9991,#9992),(#9993,#9994),(#9995,
#9996),(#9997,#9998)),.UNSPECIFIED.,.F.,.F.,.F.,(4,4),(2,2),(-1.,0.),(0.,
0.16),.UNSPECIFIED.);
#88=B_SPLINE_SURFACE_WITH_KNOTS('',3,1,((#10005,#10006),(#10007,#10008),
(#10009,#10010),(#10011,#10012)),.UNSPECIFIED.,.F.,.F.,.F.,(4,4),(2,2),
(-1.,0.),(0.,0.16),.UNSPECIFIED.);
#89=B_SPLINE_SURFACE_WITH_KNOTS('',3,1,((#10023,#10024),(#10025,#10026),
(#10027,#10028),(#10029,#10030)),.UNSPECIFIED.,.F.,.F.,.F.,(4,4),(2,2),
(-1.,0.),(0.,0.16),.UNSPECIFIED.);
#90=B_SPLINE_SURFACE_WITH_KNOTS('',3,1,((#10037,#10038),(#10039,#10040),
(#10041,#10042),(#10043,#10044)),.UNSPECIFIED.,.F.,.F.,.F.,(4,4),(2,2),
(-1.,0.),(0.,0.16),.UNSPECIFIED.);
#91=B_SPLINE_SURFACE_WITH_KNOTS('',3,1,((#10055,#10056),(#10057,#10058),
(#10059,#10060),(#10061,#10062)),.UNSPECIFIED.,.F.,.F.,.F.,(4,4),(2,2),
(-1.,0.),(0.,0.16),.UNSPECIFIED.);
#92=B_SPLINE_SURFACE_WITH_KNOTS('',3,1,((#10069,#10070),(#10071,#10072),
(#10073,#10074),(#10075,#10076)),.UNSPECIFIED.,.F.,.F.,.F.,(4,4),(2,2),
(-1.,0.),(0.,0.16),.UNSPECIFIED.);
#93=B_SPLINE_SURFACE_WITH_KNOTS('',3,1,((#10087,#10088),(#10089,#10090),
(#10091,#10092),(#10093,#10094)),.UNSPECIFIED.,.F.,.F.,.F.,(4,4),(2,2),
(-1.,0.),(0.,0.16),.UNSPECIFIED.);
#94=B_SPLINE_SURFACE_WITH_KNOTS('',3,1,((#10101,#10102),(#10103,#10104),
(#10105,#10106),(#10107,#10108)),.UNSPECIFIED.,.F.,.F.,.F.,(4,4),(2,2),
(-1.,0.),(0.,0.16),.UNSPECIFIED.);
#95=B_SPLINE_SURFACE_WITH_KNOTS('',3,1,((#10119,#10120),(#10121,#10122),
(#10123,#10124),(#10125,#10126)),.UNSPECIFIED.,.F.,.F.,.F.,(4,4),(2,2),
(-1.,0.),(0.,0.16),.UNSPECIFIED.);
#96=B_SPLINE_SURFACE_WITH_KNOTS('',3,1,((#10133,#10134),(#10135,#10136),
(#10137,#10138),(#10139,#10140)),.UNSPECIFIED.,.F.,.F.,.F.,(4,4),(2,2),
(-1.,0.),(0.,0.16),.UNSPECIFIED.);
#97=B_SPLINE_SURFACE_WITH_KNOTS('',3,1,((#10151,#10152),(#10153,#10154),
(#10155,#10156),(#10157,#10158)),.UNSPECIFIED.,.F.,.F.,.F.,(4,4),(2,2),
(-1.,0.),(0.,0.16),.UNSPECIFIED.);
#98=B_SPLINE_SURFACE_WITH_KNOTS('',3,1,((#10165,#10166),(#10167,#10168),
(#10169,#10170),(#10171,#10172)),.UNSPECIFIED.,.F.,.F.,.F.,(4,4),(2,2),
(-1.,0.),(0.,0.16),.UNSPECIFIED.);
#99=B_SPLINE_SURFACE_WITH_KNOTS('',3,1,((#10183,#10184),(#10185,#10186),
(#10187,#10188),(#10189,#10190)),.UNSPECIFIED.,.F.,.F.,.F.,(4,4),(2,2),
(-1.,0.),(0.,0.16),.UNSPECIFIED.);
#100=B_SPLINE_SURFACE_WITH_KNOTS('',3,1,((#10197,#10198),(#10199,#10200),
(#10201,#10202),(#10203,#10204)),.UNSPECIFIED.,.F.,.F.,.F.,(4,4),(2,2),
(-1.,0.),(0.,0.16),.UNSPECIFIED.);
#101=B_SPLINE_SURFACE_WITH_KNOTS('',3,1,((#10215,#10216),(#10217,#10218),
(#10219,#10220),(#10221,#10222)),.UNSPECIFIED.,.F.,.F.,.F.,(4,4),(2,2),
(-1.,0.),(0.,0.16),.UNSPECIFIED.);
#102=B_SPLINE_SURFACE_WITH_KNOTS('',3,1,((#10229,#10230),(#10231,#10232),
(#10233,#10234),(#10235,#10236)),.UNSPECIFIED.,.F.,.F.,.F.,(4,4),(2,2),
(-1.,0.),(0.,0.16),.UNSPECIFIED.);
#103=B_SPLINE_SURFACE_WITH_KNOTS('',3,1,((#10247,#10248),(#10249,#10250),
(#10251,#10252),(#10253,#10254)),.UNSPECIFIED.,.F.,.F.,.F.,(4,4),(2,2),
(-1.,0.),(0.,0.16),.UNSPECIFIED.);
#104=B_SPLINE_SURFACE_WITH_KNOTS('',3,1,((#10261,#10262),(#10263,#10264),
(#10265,#10266),(#10267,#10268)),.UNSPECIFIED.,.F.,.F.,.F.,(4,4),(2,2),
(-1.,0.),(0.,0.16),.UNSPECIFIED.);
#105=B_SPLINE_SURFACE_WITH_KNOTS('',3,1,((#10279,#10280),(#10281,#10282),
(#10283,#10284),(#10285,#10286)),.UNSPECIFIED.,.F.,.F.,.F.,(4,4),(2,2),
(-1.,0.),(0.,0.16),.UNSPECIFIED.);
#106=B_SPLINE_SURFACE_WITH_KNOTS('',3,1,((#10293,#10294),(#10295,#10296),
(#10297,#10298),(#10299,#10300)),.UNSPECIFIED.,.F.,.F.,.F.,(4,4),(2,2),
(-1.,0.),(0.,0.16),.UNSPECIFIED.);
#107=B_SPLINE_SURFACE_WITH_KNOTS('',3,1,((#10311,#10312),(#10313,#10314),
(#10315,#10316),(#10317,#10318)),.UNSPECIFIED.,.F.,.F.,.F.,(4,4),(2,2),
(-1.,0.),(0.,0.16),.UNSPECIFIED.);
#108=B_SPLINE_SURFACE_WITH_KNOTS('',3,1,((#10325,#10326),(#10327,#10328),
(#10329,#10330),(#10331,#10332)),.UNSPECIFIED.,.F.,.F.,.F.,(4,4),(2,2),
(-1.,0.),(0.,0.16),.UNSPECIFIED.);
#109=B_SPLINE_SURFACE_WITH_KNOTS('',3,1,((#10343,#10344),(#10345,#10346),
(#10347,#10348),(#10349,#10350)),.UNSPECIFIED.,.F.,.F.,.F.,(4,4),(2,2),
(-1.,0.),(0.,0.16),.UNSPECIFIED.);
#110=B_SPLINE_SURFACE_WITH_KNOTS('',3,1,((#10357,#10358),(#10359,#10360),
(#10361,#10362),(#10363,#10364)),.UNSPECIFIED.,.F.,.F.,.F.,(4,4),(2,2),
(-1.,0.),(0.,0.16),.UNSPECIFIED.);
#111=B_SPLINE_SURFACE_WITH_KNOTS('',3,1,((#10375,#10376),(#10377,#10378),
(#10379,#10380),(#10381,#10382)),.UNSPECIFIED.,.F.,.F.,.F.,(4,4),(2,2),
(-1.,0.),(0.,0.16),.UNSPECIFIED.);
#112=B_SPLINE_SURFACE_WITH_KNOTS('',3,1,((#10389,#10390),(#10391,#10392),
(#10393,#10394),(#10395,#10396)),.UNSPECIFIED.,.F.,.F.,.F.,(4,4),(2,2),
(-1.,0.),(0.,0.16),.UNSPECIFIED.);
#113=B_SPLINE_SURFACE_WITH_KNOTS('',3,1,((#10423,#10424),(#10425,#10426),
(#10427,#10428),(#10429,#10430)),.UNSPECIFIED.,.F.,.F.,.F.,(4,4),(2,2),
(-1.,0.),(0.,0.16),.UNSPECIFIED.);
#114=B_SPLINE_SURFACE_WITH_KNOTS('',3,1,((#10437,#10438),(#10439,#10440),
(#10441,#10442),(#10443,#10444)),.UNSPECIFIED.,.F.,.F.,.F.,(4,4),(2,2),
(-1.,0.),(0.,0.16),.UNSPECIFIED.);
#115=B_SPLINE_SURFACE_WITH_KNOTS('',3,1,((#10455,#10456),(#10457,#10458),
(#10459,#10460),(#10461,#10462)),.UNSPECIFIED.,.F.,.F.,.F.,(4,4),(2,2),
(-1.,0.),(0.,0.16),.UNSPECIFIED.);
#116=B_SPLINE_SURFACE_WITH_KNOTS('',3,1,((#10469,#10470),(#10471,#10472),
(#10473,#10474),(#10475,#10476)),.UNSPECIFIED.,.F.,.F.,.F.,(4,4),(2,2),
(-1.,0.),(0.,0.16),.UNSPECIFIED.);
#117=B_SPLINE_SURFACE_WITH_KNOTS('',3,1,((#10487,#10488),(#10489,#10490),
(#10491,#10492),(#10493,#10494)),.UNSPECIFIED.,.F.,.F.,.F.,(4,4),(2,2),
(-1.,0.),(0.,0.16),.UNSPECIFIED.);
#118=B_SPLINE_SURFACE_WITH_KNOTS('',3,1,((#10501,#10502),(#10503,#10504),
(#10505,#10506),(#10507,#10508)),.UNSPECIFIED.,.F.,.F.,.F.,(4,4),(2,2),
(-1.,0.),(0.,0.16),.UNSPECIFIED.);
#119=B_SPLINE_SURFACE_WITH_KNOTS('',3,1,((#10519,#10520),(#10521,#10522),
(#10523,#10524),(#10525,#10526)),.UNSPECIFIED.,.F.,.F.,.F.,(4,4),(2,2),
(-1.,0.),(0.,0.16),.UNSPECIFIED.);
#120=B_SPLINE_SURFACE_WITH_KNOTS('',3,1,((#10533,#10534),(#10535,#10536),
(#10537,#10538),(#10539,#10540)),.UNSPECIFIED.,.F.,.F.,.F.,(4,4),(2,2),
(-1.,0.),(0.,0.16),.UNSPECIFIED.);
#121=B_SPLINE_SURFACE_WITH_KNOTS('',3,1,((#10551,#10552),(#10553,#10554),
(#10555,#10556),(#10557,#10558)),.UNSPECIFIED.,.F.,.F.,.F.,(4,4),(2,2),
(-1.,0.),(0.,0.16),.UNSPECIFIED.);
#122=B_SPLINE_SURFACE_WITH_KNOTS('',3,1,((#10565,#10566),(#10567,#10568),
(#10569,#10570),(#10571,#10572)),.UNSPECIFIED.,.F.,.F.,.F.,(4,4),(2,2),
(-1.,0.),(0.,0.16),.UNSPECIFIED.);
#123=B_SPLINE_SURFACE_WITH_KNOTS('',3,1,((#10583,#10584),(#10585,#10586),
(#10587,#10588),(#10589,#10590)),.UNSPECIFIED.,.F.,.F.,.F.,(4,4),(2,2),
(-1.,0.),(0.,0.16),.UNSPECIFIED.);
#124=B_SPLINE_SURFACE_WITH_KNOTS('',3,1,((#10597,#10598),(#10599,#10600),
(#10601,#10602),(#10603,#10604)),.UNSPECIFIED.,.F.,.F.,.F.,(4,4),(2,2),
(-1.,0.),(0.,0.16),.UNSPECIFIED.);
#125=B_SPLINE_SURFACE_WITH_KNOTS('',3,1,((#10615,#10616),(#10617,#10618),
(#10619,#10620),(#10621,#10622)),.UNSPECIFIED.,.F.,.F.,.F.,(4,4),(2,2),
(-1.,0.),(0.,0.16),.UNSPECIFIED.);
#126=B_SPLINE_SURFACE_WITH_KNOTS('',3,1,((#10629,#10630),(#10631,#10632),
(#10633,#10634),(#10635,#10636)),.UNSPECIFIED.,.F.,.F.,.F.,(4,4),(2,2),
(-1.,0.),(0.,0.16),.UNSPECIFIED.);
#127=B_SPLINE_SURFACE_WITH_KNOTS('',3,1,((#10647,#10648),(#10649,#10650),
(#10651,#10652),(#10653,#10654)),.UNSPECIFIED.,.F.,.F.,.F.,(4,4),(2,2),
(-1.,0.),(0.,0.16),.UNSPECIFIED.);
#128=B_SPLINE_SURFACE_WITH_KNOTS('',3,1,((#10661,#10662),(#10663,#10664),
(#10665,#10666),(#10667,#10668)),.UNSPECIFIED.,.F.,.F.,.F.,(4,4),(2,2),
(-1.,0.),(0.,0.16),.UNSPECIFIED.);
#129=B_SPLINE_SURFACE_WITH_KNOTS('',3,1,((#10679,#10680),(#10681,#10682),
(#10683,#10684),(#10685,#10686)),.UNSPECIFIED.,.F.,.F.,.F.,(4,4),(2,2),
(-1.,0.),(0.,0.16),.UNSPECIFIED.);
#130=B_SPLINE_SURFACE_WITH_KNOTS('',3,1,((#10693,#10694),(#10695,#10696),
(#10697,#10698),(#10699,#10700)),.UNSPECIFIED.,.F.,.F.,.F.,(4,4),(2,2),
(-1.,0.),(0.,0.16),.UNSPECIFIED.);
#131=B_SPLINE_SURFACE_WITH_KNOTS('',3,1,((#10711,#10712),(#10713,#10714),
(#10715,#10716),(#10717,#10718)),.UNSPECIFIED.,.F.,.F.,.F.,(4,4),(2,2),
(-1.,0.),(0.,0.16),.UNSPECIFIED.);
#132=B_SPLINE_SURFACE_WITH_KNOTS('',3,1,((#10725,#10726),(#10727,#10728),
(#10729,#10730),(#10731,#10732)),.UNSPECIFIED.,.F.,.F.,.F.,(4,4),(2,2),
(-1.,0.),(0.,0.16),.UNSPECIFIED.);
#133=B_SPLINE_SURFACE_WITH_KNOTS('',3,1,((#10743,#10744),(#10745,#10746),
(#10747,#10748),(#10749,#10750)),.UNSPECIFIED.,.F.,.F.,.F.,(4,4),(2,2),
(-1.,0.),(0.,0.16),.UNSPECIFIED.);
#134=B_SPLINE_SURFACE_WITH_KNOTS('',3,1,((#10757,#10758),(#10759,#10760),
(#10761,#10762),(#10763,#10764)),.UNSPECIFIED.,.F.,.F.,.F.,(4,4),(2,2),
(-1.,0.),(0.,0.16),.UNSPECIFIED.);
#135=B_SPLINE_SURFACE_WITH_KNOTS('',3,1,((#10775,#10776),(#10777,#10778),
(#10779,#10780),(#10781,#10782)),.UNSPECIFIED.,.F.,.F.,.F.,(4,4),(2,2),
(-1.,0.),(0.,0.16),.UNSPECIFIED.);
#136=B_SPLINE_SURFACE_WITH_KNOTS('',3,1,((#10789,#10790),(#10791,#10792),
(#10793,#10794),(#10795,#10796)),.UNSPECIFIED.,.F.,.F.,.F.,(4,4),(2,2),
(-1.,0.),(0.,0.16),.UNSPECIFIED.);
#137=B_SPLINE_SURFACE_WITH_KNOTS('',3,1,((#10807,#10808),(#10809,#10810),
(#10811,#10812),(#10813,#10814)),.UNSPECIFIED.,.F.,.F.,.F.,(4,4),(2,2),
(-1.,0.),(0.,0.16),.UNSPECIFIED.);
#138=B_SPLINE_SURFACE_WITH_KNOTS('',3,1,((#10821,#10822),(#10823,#10824),
(#10825,#10826),(#10827,#10828)),.UNSPECIFIED.,.F.,.F.,.F.,(4,4),(2,2),
(-1.,0.),(0.,0.16),.UNSPECIFIED.);
#139=B_SPLINE_SURFACE_WITH_KNOTS('',3,1,((#10839,#10840),(#10841,#10842),
(#10843,#10844),(#10845,#10846)),.UNSPECIFIED.,.F.,.F.,.F.,(4,4),(2,2),
(-1.,0.),(0.,0.16),.UNSPECIFIED.);
#140=B_SPLINE_SURFACE_WITH_KNOTS('',3,1,((#10853,#10854),(#10855,#10856),
(#10857,#10858),(#10859,#10860)),.UNSPECIFIED.,.F.,.F.,.F.,(4,4),(2,2),
(-1.,0.),(0.,0.16),.UNSPECIFIED.);
#141=B_SPLINE_SURFACE_WITH_KNOTS('',3,1,((#10871,#10872),(#10873,#10874),
(#10875,#10876),(#10877,#10878)),.UNSPECIFIED.,.F.,.F.,.F.,(4,4),(2,2),
(-1.,0.),(0.,0.16),.UNSPECIFIED.);
#142=B_SPLINE_SURFACE_WITH_KNOTS('',3,1,((#10885,#10886),(#10887,#10888),
(#10889,#10890),(#10891,#10892)),.UNSPECIFIED.,.F.,.F.,.F.,(4,4),(2,2),
(-1.,0.),(0.,0.16),.UNSPECIFIED.);
#143=B_SPLINE_SURFACE_WITH_KNOTS('',3,1,((#10903,#10904),(#10905,#10906),
(#10907,#10908),(#10909,#10910)),.UNSPECIFIED.,.F.,.F.,.F.,(4,4),(2,2),
(-1.,0.),(0.,0.16),.UNSPECIFIED.);
#144=B_SPLINE_SURFACE_WITH_KNOTS('',3,1,((#10917,#10918),(#10919,#10920),
(#10921,#10922),(#10923,#10924)),.UNSPECIFIED.,.F.,.F.,.F.,(4,4),(2,2),
(-1.,0.),(0.,0.16),.UNSPECIFIED.);
#145=B_SPLINE_SURFACE_WITH_KNOTS('',3,1,((#10935,#10936),(#10937,#10938),
(#10939,#10940),(#10941,#10942)),.UNSPECIFIED.,.F.,.F.,.F.,(4,4),(2,2),
(-1.,0.),(0.,0.16),.UNSPECIFIED.);
#146=B_SPLINE_SURFACE_WITH_KNOTS('',3,1,((#10949,#10950),(#10951,#10952),
(#10953,#10954),(#10955,#10956)),.UNSPECIFIED.,.F.,.F.,.F.,(4,4),(2,2),
(-1.,0.),(0.,0.16),.UNSPECIFIED.);
#147=B_SPLINE_SURFACE_WITH_KNOTS('',3,1,((#10967,#10968),(#10969,#10970),
(#10971,#10972),(#10973,#10974)),.UNSPECIFIED.,.F.,.F.,.F.,(4,4),(2,2),
(-1.,0.),(0.,0.16),.UNSPECIFIED.);
#148=B_SPLINE_SURFACE_WITH_KNOTS('',3,1,((#10981,#10982),(#10983,#10984),
(#10985,#10986),(#10987,#10988)),.UNSPECIFIED.,.F.,.F.,.F.,(4,4),(2,2),
(-1.,0.),(0.,0.16),.UNSPECIFIED.);
#149=B_SPLINE_SURFACE_WITH_KNOTS('',3,1,((#10999,#11000),(#11001,#11002),
(#11003,#11004),(#11005,#11006)),.UNSPECIFIED.,.F.,.F.,.F.,(4,4),(2,2),
(-1.,0.),(0.,0.16),.UNSPECIFIED.);
#150=B_SPLINE_SURFACE_WITH_KNOTS('',3,1,((#11013,#11014),(#11015,#11016),
(#11017,#11018),(#11019,#11020)),.UNSPECIFIED.,.F.,.F.,.F.,(4,4),(2,2),
(-1.,0.),(0.,0.16),.UNSPECIFIED.);
#151=B_SPLINE_SURFACE_WITH_KNOTS('',3,1,((#11031,#11032),(#11033,#11034),
(#11035,#11036),(#11037,#11038)),.UNSPECIFIED.,.F.,.F.,.F.,(4,4),(2,2),
(-1.,0.),(0.,0.16),.UNSPECIFIED.);
#152=B_SPLINE_SURFACE_WITH_KNOTS('',3,1,((#11045,#11046),(#11047,#11048),
(#11049,#11050),(#11051,#11052)),.UNSPECIFIED.,.F.,.F.,.F.,(4,4),(2,2),
(-1.,0.),(0.,0.16),.UNSPECIFIED.);
#153=B_SPLINE_SURFACE_WITH_KNOTS('',3,1,((#11063,#11064),(#11065,#11066),
(#11067,#11068),(#11069,#11070)),.UNSPECIFIED.,.F.,.F.,.F.,(4,4),(2,2),
(-1.,0.),(0.,0.16),.UNSPECIFIED.);
#154=B_SPLINE_SURFACE_WITH_KNOTS('',3,1,((#11077,#11078),(#11079,#11080),
(#11081,#11082),(#11083,#11084)),.UNSPECIFIED.,.F.,.F.,.F.,(4,4),(2,2),
(-1.,0.),(0.,0.16),.UNSPECIFIED.);
#155=B_SPLINE_SURFACE_WITH_KNOTS('',3,1,((#11095,#11096),(#11097,#11098),
(#11099,#11100),(#11101,#11102)),.UNSPECIFIED.,.F.,.F.,.F.,(4,4),(2,2),
(-1.,0.),(0.,0.16),.UNSPECIFIED.);
#156=B_SPLINE_SURFACE_WITH_KNOTS('',3,1,((#11109,#11110),(#11111,#11112),
(#11113,#11114),(#11115,#11116)),.UNSPECIFIED.,.F.,.F.,.F.,(4,4),(2,2),
(-1.,0.),(0.,0.16),.UNSPECIFIED.);
#157=B_SPLINE_SURFACE_WITH_KNOTS('',3,1,((#11127,#11128),(#11129,#11130),
(#11131,#11132),(#11133,#11134)),.UNSPECIFIED.,.F.,.F.,.F.,(4,4),(2,2),
(-1.,0.),(0.,0.16),.UNSPECIFIED.);
#158=B_SPLINE_SURFACE_WITH_KNOTS('',3,1,((#11141,#11142),(#11143,#11144),
(#11145,#11146),(#11147,#11148)),.UNSPECIFIED.,.F.,.F.,.F.,(4,4),(2,2),
(-1.,0.),(0.,0.16),.UNSPECIFIED.);
#159=B_SPLINE_SURFACE_WITH_KNOTS('',3,1,((#11159,#11160),(#11161,#11162),
(#11163,#11164),(#11165,#11166)),.UNSPECIFIED.,.F.,.F.,.F.,(4,4),(2,2),
(-1.,0.),(0.,0.16),.UNSPECIFIED.);
#160=B_SPLINE_SURFACE_WITH_KNOTS('',3,1,((#11173,#11174),(#11175,#11176),
(#11177,#11178),(#11179,#11180)),.UNSPECIFIED.,.F.,.F.,.F.,(4,4),(2,2),
(-1.,0.),(0.,0.16),.UNSPECIFIED.);
#161=B_SPLINE_SURFACE_WITH_KNOTS('',3,1,((#11191,#11192),(#11193,#11194),
(#11195,#11196),(#11197,#11198)),.UNSPECIFIED.,.F.,.F.,.F.,(4,4),(2,2),
(-1.,0.),(0.,0.16),.UNSPECIFIED.);
#162=B_SPLINE_SURFACE_WITH_KNOTS('',3,1,((#11205,#11206),(#11207,#11208),
(#11209,#11210),(#11211,#11212)),.UNSPECIFIED.,.F.,.F.,.F.,(4,4),(2,2),
(-1.,0.),(0.,0.16),.UNSPECIFIED.);
#163=B_SPLINE_SURFACE_WITH_KNOTS('',3,1,((#11223,#11224),(#11225,#11226),
(#11227,#11228),(#11229,#11230)),.UNSPECIFIED.,.F.,.F.,.F.,(4,4),(2,2),
(-1.,0.),(0.,0.16),.UNSPECIFIED.);
#164=B_SPLINE_SURFACE_WITH_KNOTS('',3,1,((#11237,#11238),(#11239,#11240),
(#11241,#11242),(#11243,#11244)),.UNSPECIFIED.,.F.,.F.,.F.,(4,4),(2,2),
(-1.,0.),(0.,0.16),.UNSPECIFIED.);
#165=B_SPLINE_SURFACE_WITH_KNOTS('',3,1,((#11255,#11256),(#11257,#11258),
(#11259,#11260),(#11261,#11262)),.UNSPECIFIED.,.F.,.F.,.F.,(4,4),(2,2),
(-1.,0.),(0.,0.16),.UNSPECIFIED.);
#166=B_SPLINE_SURFACE_WITH_KNOTS('',3,1,((#11269,#11270),(#11271,#11272),
(#11273,#11274),(#11275,#11276)),.UNSPECIFIED.,.F.,.F.,.F.,(4,4),(2,2),
(-1.,0.),(0.,0.16),.UNSPECIFIED.);
#167=B_SPLINE_SURFACE_WITH_KNOTS('',3,1,((#11287,#11288),(#11289,#11290),
(#11291,#11292),(#11293,#11294)),.UNSPECIFIED.,.F.,.F.,.F.,(4,4),(2,2),
(-1.,0.),(0.,0.16),.UNSPECIFIED.);
#168=B_SPLINE_SURFACE_WITH_KNOTS('',3,1,((#11301,#11302),(#11303,#11304),
(#11305,#11306),(#11307,#11308)),.UNSPECIFIED.,.F.,.F.,.F.,(4,4),(2,2),
(-1.,0.),(0.,0.16),.UNSPECIFIED.);
#169=B_SPLINE_SURFACE_WITH_KNOTS('',3,1,((#11319,#11320),(#11321,#11322),
(#11323,#11324),(#11325,#11326)),.UNSPECIFIED.,.F.,.F.,.F.,(4,4),(2,2),
(-1.,0.),(0.,0.16),.UNSPECIFIED.);
#170=B_SPLINE_SURFACE_WITH_KNOTS('',3,1,((#11333,#11334),(#11335,#11336),
(#11337,#11338),(#11339,#11340)),.UNSPECIFIED.,.F.,.F.,.F.,(4,4),(2,2),
(-1.,0.),(0.,0.16),.UNSPECIFIED.);
#171=B_SPLINE_SURFACE_WITH_KNOTS('',3,1,((#11351,#11352),(#11353,#11354),
(#11355,#11356),(#11357,#11358)),.UNSPECIFIED.,.F.,.F.,.F.,(4,4),(2,2),
(-1.,0.),(0.,0.16),.UNSPECIFIED.);
#172=B_SPLINE_SURFACE_WITH_KNOTS('',3,1,((#11365,#11366),(#11367,#11368),
(#11369,#11370),(#11371,#11372)),.UNSPECIFIED.,.F.,.F.,.F.,(4,4),(2,2),
(-1.,0.),(0.,0.16),.UNSPECIFIED.);
#173=B_SPLINE_SURFACE_WITH_KNOTS('',3,1,((#11383,#11384),(#11385,#11386),
(#11387,#11388),(#11389,#11390)),.UNSPECIFIED.,.F.,.F.,.F.,(4,4),(2,2),
(-1.,0.),(0.,0.16),.UNSPECIFIED.);
#174=B_SPLINE_SURFACE_WITH_KNOTS('',3,1,((#11397,#11398),(#11399,#11400),
(#11401,#11402),(#11403,#11404)),.UNSPECIFIED.,.F.,.F.,.F.,(4,4),(2,2),
(-1.,0.),(0.,0.16),.UNSPECIFIED.);
#175=B_SPLINE_SURFACE_WITH_KNOTS('',3,1,((#11415,#11416),(#11417,#11418),
(#11419,#11420),(#11421,#11422)),.UNSPECIFIED.,.F.,.F.,.F.,(4,4),(2,2),
(-1.,0.),(0.,0.16),.UNSPECIFIED.);
#176=B_SPLINE_SURFACE_WITH_KNOTS('',3,1,((#11429,#11430),(#11431,#11432),
(#11433,#11434),(#11435,#11436)),.UNSPECIFIED.,.F.,.F.,.F.,(4,4),(2,2),
(-1.,0.),(0.,0.16),.UNSPECIFIED.);
#177=B_SPLINE_SURFACE_WITH_KNOTS('',3,1,((#11444,#11445),(#11446,#11447),
(#11448,#11449),(#11450,#11451),(#11452,#11453),(#11454,#11455),(#11456,
#11457),(#11458,#11459),(#11460,#11461),(#11462,#11463)),.UNSPECIFIED.,
 .F.,.F.,.F.,(4,3,3,4),(2,2),(-3.39804640284874E-5,-1.35928064615985E-5,
0.0349254516563535,0.999988289559876),(-0.00197422134971836,0.801974221349718),
 .UNSPECIFIED.);
#178=B_SPLINE_SURFACE_WITH_KNOTS('',3,1,((#11468,#11469),(#11470,#11471),
(#11472,#11473),(#11474,#11475),(#11476,#11477),(#11478,#11479),(#11480,
#11481)),.UNSPECIFIED.,.F.,.F.,.F.,(4,3,4),(2,2),(4.99883453751661E-6,0.775053181843442,
0.999999999967015),(-0.0019948943024823,0.801994894302482),
 .UNSPECIFIED.);
#179=B_SPLINE_SURFACE_WITH_KNOTS('',3,1,((#11485,#11486),(#11487,#11488),
(#11489,#11490),(#11491,#11492)),.UNSPECIFIED.,.F.,.F.,.F.,(4,4),(2,2),
(2.03959044917026E-6,1.),(-0.000301663976683844,0.800301663976684),
 .UNSPECIFIED.);
#180=B_SPLINE_SURFACE_WITH_KNOTS('',3,1,((#11496,#11497),(#11498,#11499),
(#11500,#11501),(#11502,#11503),(#11504,#11505),(#11506,#11507),(#11508,
#11509),(#11510,#11511),(#11512,#11513),(#11514,#11515)),.UNSPECIFIED.,
 .F.,.F.,.F.,(4,3,3,4),(2,2),(-0.000117248709921702,-3.34993242742032E-5,
0.102089922099967,0.999980929921669),(-0.00199005578263377,0.801990055782634),
 .UNSPECIFIED.);
#181=B_SPLINE_SURFACE_WITH_KNOTS('',3,1,((#11519,#11520),(#11521,#11522),
(#11523,#11524),(#11525,#11526),(#11527,#11528),(#11529,#11530),(#11531,
#11532),(#11533,#11534),(#11535,#11536),(#11537,#11538),(#11539,#11540),
(#11541,#11542),(#11543,#11544)),.UNSPECIFIED.,.F.,.F.,.F.,(4,3,3,3,4),
(2,2),(3.45164079837649E-5,0.70684845590965,0.971693730336574,1.00002272748532,
1.00007954674694),(-0.00127490120102907,0.801274901201029),
 .UNSPECIFIED.);
#182=TOROIDAL_SURFACE('',#5938,2.00000000000001,1.5);
#183=FACE_BOUND('',#928,.T.);
#184=FACE_BOUND('',#929,.T.);
#185=FACE_BOUND('',#930,.T.);
#186=FACE_BOUND('',#931,.T.);
#187=FACE_BOUND('',#932,.T.);
#188=FACE_BOUND('',#933,.T.);
#189=FACE_BOUND('',#934,.T.);
#190=FACE_BOUND('',#935,.T.);
#191=FACE_BOUND('',#936,.T.);
#192=FACE_BOUND('',#937,.T.);
#193=FACE_BOUND('',#938,.T.);
#194=FACE_BOUND('',#939,.T.);
#195=FACE_BOUND('',#940,.T.);
#196=FACE_BOUND('',#941,.T.);
#197=FACE_BOUND('',#942,.T.);
#198=FACE_BOUND('',#943,.T.);
#199=FACE_BOUND('',#944,.T.);
#200=FACE_BOUND('',#945,.T.);
#201=FACE_BOUND('',#946,.T.);
#202=FACE_BOUND('',#947,.T.);
#203=FACE_BOUND('',#948,.T.);
#204=FACE_BOUND('',#949,.T.);
#205=FACE_BOUND('',#950,.T.);
#206=FACE_BOUND('',#951,.T.);
#207=FACE_BOUND('',#952,.T.);
#208=FACE_BOUND('',#953,.T.);
#209=FACE_BOUND('',#1243,.T.);
#210=FACE_BOUND('',#1244,.T.);
#211=FACE_BOUND('',#1245,.T.);
#212=FACE_BOUND('',#1246,.T.);
#213=FACE_BOUND('',#1247,.T.);
#214=FACE_BOUND('',#1248,.T.);
#215=FACE_BOUND('',#1249,.T.);
#216=FACE_BOUND('',#1250,.T.);
#217=FACE_BOUND('',#1251,.T.);
#218=FACE_BOUND('',#1252,.T.);
#219=FACE_BOUND('',#1253,.T.);
#220=FACE_BOUND('',#1254,.T.);
#221=FACE_BOUND('',#1255,.T.);
#222=FACE_BOUND('',#1256,.T.);
#223=FACE_BOUND('',#1257,.T.);
#224=FACE_BOUND('',#1258,.T.);
#225=FACE_BOUND('',#1259,.T.);
#226=FACE_BOUND('',#1260,.T.);
#227=FACE_BOUND('',#1261,.T.);
#228=FACE_BOUND('',#1262,.T.);
#229=FACE_BOUND('',#1263,.T.);
#230=FACE_BOUND('',#1264,.T.);
#231=FACE_BOUND('',#1265,.T.);
#232=FACE_BOUND('',#1266,.T.);
#233=FACE_BOUND('',#1267,.T.);
#234=FACE_BOUND('',#1268,.T.);
#235=ELLIPSE('',#5924,1.5564804596867,1.5);
#236=CYLINDRICAL_SURFACE('',#5919,1.5);
#237=CYLINDRICAL_SURFACE('',#5922,1.5);
#238=CYLINDRICAL_SURFACE('',#5942,1.5);
#239=CYLINDRICAL_SURFACE('',#5944,1.5);
#240=CYLINDRICAL_SURFACE('',#5946,1.5);
#241=CYLINDRICAL_SURFACE('',#5948,1.5);
#242=CYLINDRICAL_SURFACE('',#5951,1.5);
#243=CYLINDRICAL_SURFACE('',#5954,1.5);
#244=CYLINDRICAL_SURFACE('',#5956,1.5);
#245=CYLINDRICAL_SURFACE('',#5958,1.5);
#246=CYLINDRICAL_SURFACE('',#5960,1.5);
#247=CYLINDRICAL_SURFACE('',#5965,3.50000000000001);
#248=CYLINDRICAL_SURFACE('',#5974,1.00000000000002);
#249=CYLINDRICAL_SURFACE('',#5989,1.25);
#250=CYLINDRICAL_SURFACE('',#5995,1.25);
#251=CYLINDRICAL_SURFACE('',#5997,1.25);
#252=CYLINDRICAL_SURFACE('',#6031,1.25);
#253=CYLINDRICAL_SURFACE('',#6033,1.25);
#254=CYLINDRICAL_SURFACE('',#6035,1.24999999999999);
#255=CYLINDRICAL_SURFACE('',#6037,1.25);
#256=CIRCLE('',#5915,3.50000000000001);
#257=CIRCLE('',#5916,1.00000000000002);
#258=CIRCLE('',#5920,1.5);
#259=CIRCLE('',#5921,1.50000000000002);
#260=CIRCLE('',#5923,1.5);
#261=CIRCLE('',#5926,2.00000000000001);
#262=CIRCLE('',#5927,1.25);
#263=CIRCLE('',#5928,1.25);
#264=CIRCLE('',#5929,1.25);
#265=CIRCLE('',#5930,1.25);
#266=CIRCLE('',#5931,1.25);
#267=CIRCLE('',#5932,1.24999999999999);
#268=CIRCLE('',#5933,1.25);
#269=CIRCLE('',#5939,1.49999999999998);
#270=CIRCLE('',#5940,3.50000000000001);
#271=CIRCLE('',#5941,1.5);
#272=CIRCLE('',#5943,1.50000000000008);
#273=CIRCLE('',#5945,1.5);
#274=CIRCLE('',#5947,1.50000000000002);
#275=CIRCLE('',#5949,1.49999999999997);
#276=CIRCLE('',#5950,1.50000000000086);
#277=CIRCLE('',#5952,1.5);
#278=CIRCLE('',#5953,1.50000000000002);
#279=CIRCLE('',#5955,1.5);
#280=CIRCLE('',#5957,1.50000000000008);
#281=CIRCLE('',#5959,1.50000000021073);
#282=CIRCLE('',#5975,1.00000000000002);
#283=CIRCLE('',#5990,1.25);
#284=CIRCLE('',#5996,1.25);
#285=CIRCLE('',#5998,1.25);
#286=CIRCLE('',#6032,1.25);
#287=CIRCLE('',#6034,1.25);
#288=CIRCLE('',#6036,1.24999999999999);
#289=CIRCLE('',#6038,1.25);
#290=B_SPLINE_CURVE_WITH_KNOTS('',3,(#6948,#6949,#6950,#6951,#6952,#6953,
#6954,#6955,#6956,#6957),.UNSPECIFIED.,.F.,.F.,(4,3,3,4),(-3.39804640284874E-5,
-1.35928064615985E-5,0.0349254516563535,0.999988289559876),
 .UNSPECIFIED.);
#291=B_SPLINE_CURVE_WITH_KNOTS('',3,(#6961,#6962,#6963,#6964,#6965,#6966,
#6967,#6968,#6969,#6970,#6971,#6972,#6973),.UNSPECIFIED.,.F.,.F.,(4,3,3,
3,4),(3.45164079837649E-5,0.70684845590965,0.971693730336574,1.00002272748532,
1.00007954674694),.UNSPECIFIED.);
#292=B_SPLINE_CURVE_WITH_KNOTS('',3,(#6977,#6978,#6979,#6980,#6981,#6982,
#6983,#6984,#6985,#6986),.UNSPECIFIED.,.F.,.F.,(4,3,3,4),(-0.000117248709921702,
-3.34993242742032E-5,0.102089922099967,0.999980929921669),.UNSPECIFIED.);
#293=B_SPLINE_CURVE_WITH_KNOTS('',3,(#6990,#6991,#6992,#6993),
 .UNSPECIFIED.,.F.,.F.,(4,4),(2.03959044917026E-6,1.),.UNSPECIFIED.);
#294=B_SPLINE_CURVE_WITH_KNOTS('',3,(#6997,#6998,#6999,#7000,#7001,#7002,
#7003),.UNSPECIFIED.,.F.,.F.,(4,3,4),(4.99883453751661E-6,0.775053181843442,
0.999999999967015),.UNSPECIFIED.);
#295=B_SPLINE_CURVE_WITH_KNOTS('',3,(#7007,#7008,#7009,#7010),
 .UNSPECIFIED.,.F.,.F.,(4,4),(1.01969294412114E-6,1.00000000020105),
 .UNSPECIFIED.);
#296=B_SPLINE_CURVE_WITH_KNOTS('',3,(#7014,#7015,#7016,#7017,#7018,#7019,
#7020),.UNSPECIFIED.,.F.,.F.,(4,3,4),(-2.98902015304013E-5,0.,0.999993677524722),
 .UNSPECIFIED.);
#297=B_SPLINE_CURVE_WITH_KNOTS('',3,(#7024,#7025,#7026,#7027,#7028,#7029,
#7030,#7031,#7032,#7033,#7034,#7035,#7036,#7037,#7038,#7039),
 .UNSPECIFIED.,.F.,.F.,(4,3,3,3,3,4),(3.69928870178328E-5,0.519267089071726,
0.846747249654439,0.957720444780622,1.00002065074662,1.0000722785043),
 .UNSPECIFIED.);
#298=B_SPLINE_CURVE_WITH_KNOTS('',3,(#7043,#7044,#7045,#7046),
 .UNSPECIFIED.,.F.,.F.,(4,4),(0.0377846264041371,1.),.UNSPECIFIED.);
#299=B_SPLINE_CURVE_WITH_KNOTS('',3,(#7048,#7049,#7050,#7051),
 .UNSPECIFIED.,.F.,.F.,(4,4),(0.,1.),.UNSPECIFIED.);
#300=B_SPLINE_CURVE_WITH_KNOTS('',3,(#7060,#7061,#7062,#7063),
 .UNSPECIFIED.,.F.,.F.,(4,4),(-1.,0.),.UNSPECIFIED.);
#301=B_SPLINE_CURVE_WITH_KNOTS('',3,(#7065,#7066,#7067,#7068),
 .UNSPECIFIED.,.F.,.F.,(4,4),(-1.,-0.0317726016914244),.UNSPECIFIED.);
#302=B_SPLINE_CURVE_WITH_KNOTS('',3,(#7072,#7073,#7074,#7075,#7076,#7077,
#7078),.UNSPECIFIED.,.F.,.F.,(4,3,4),(-1.00002065074655,-0.99999999999996,
-1.57668885428628E-5),.UNSPECIFIED.);
#303=B_SPLINE_CURVE_WITH_KNOTS('',3,(#7082,#7083,#7084,#7085),
 .UNSPECIFIED.,.F.,.F.,(4,4),(-0.999993677524722,0.),.UNSPECIFIED.);
#304=B_SPLINE_CURVE_WITH_KNOTS('',3,(#7089,#7090,#7091,#7092),
 .UNSPECIFIED.,.F.,.F.,(4,4),(-1.,-1.01969294412114E-6),.UNSPECIFIED.);
#305=B_SPLINE_CURVE_WITH_KNOTS('',3,(#7096,#7097,#7098,#7099),
 .UNSPECIFIED.,.F.,.F.,(4,4),(-1.,-2.12429764127642E-6),.UNSPECIFIED.);
#306=B_SPLINE_CURVE_WITH_KNOTS('',3,(#7103,#7104,#7105,#7106),
 .UNSPECIFIED.,.F.,.F.,(4,4),(-1.,-2.03959044917026E-6),.UNSPECIFIED.);
#307=B_SPLINE_CURVE_WITH_KNOTS('',3,(#7110,#7111,#7112,#7113,#7114,#7115,
#7116),.UNSPECIFIED.,.F.,.F.,(4,3,4),(-0.999980929921669,7.76559806042743E-18,
3.3499324274211E-5),.UNSPECIFIED.);
#308=B_SPLINE_CURVE_WITH_KNOTS('',3,(#7120,#7121,#7122,#7123,#7124,#7125,
#7126),.UNSPECIFIED.,.F.,.F.,(4,3,4),(-1.00002272748532,-1.,-1.47115021322808E-5),
 .UNSPECIFIED.);
#309=B_SPLINE_CURVE_WITH_KNOTS('',3,(#7130,#7131,#7132,#7133,#7134,#7135,
#7136),.UNSPECIFIED.,.F.,.F.,(4,3,4),(-0.999996194469515,5.17271767665862E-11,
1.35928064615985E-5),.UNSPECIFIED.);
#310=B_SPLINE_CURVE_WITH_KNOTS('',3,(#7140,#7141,#7142,#7143),
 .UNSPECIFIED.,.F.,.F.,(4,4),(0.,1.00000507362419),.UNSPECIFIED.);
#311=B_SPLINE_CURVE_WITH_KNOTS('',3,(#7194,#7195,#7196,#7197,#7198,#7199,
#7200,#7201,#7202,#7203,#7204),.UNSPECIFIED.,.F.,.F.,(4,1,1,1,1,1,1,1,4),
(-5.02151878428335E-15,0.0029400209866777,0.00588073318753768,0.0117621575892576,
0.0235250063926976,0.0470507039995774,0.0705764016064573,0.0941020992133371,
0.164679192033977),.UNSPECIFIED.);
#312=B_SPLINE_CURVE_WITH_KNOTS('',3,(#7206,#7207,#7208,#7209,#7210,#7211,
#7212,#7213,#7214,#7215,#7216),.UNSPECIFIED.,.F.,.F.,(4,1,1,1,1,1,1,1,4),
(-0.000440897711055202,0.0676290588162535,0.0903190443253564,0.113009029834459,
0.135699015343562,0.147044008098114,0.152716504475389,0.155552752664027,
0.158388704618627),.UNSPECIFIED.);
#313=B_SPLINE_CURVE_WITH_KNOTS('',3,(#7220,#7221,#7222,#7223,#7224,#7225,
#7226,#7227,#7228,#7229),.UNSPECIFIED.,.F.,.F.,(4,1,1,1,1,1,1,4),(0.,0.0624954806784821,
0.124990961356964,0.156238701696205,0.187486442035446,0.203110312205067,
0.210922247289877,0.218729623686234),.UNSPECIFIED.);
#314=B_SPLINE_CURVE_WITH_KNOTS('',3,(#7233,#7234,#7235,#7236,#7237,#7238,
#7239,#7240),.UNSPECIFIED.,.F.,.F.,(4,1,1,1,1,4),(1.67590816063656E-6,0.0101670371095805,
0.0203340742700919,0.0406681485911146,0.122004445875206,0.284677040443387),
 .UNSPECIFIED.);
#315=B_SPLINE_CURVE_WITH_KNOTS('',3,(#7244,#7245,#7246,#7247,#7248,#7249,
#7250,#7251,#7252,#7253),.UNSPECIFIED.,.F.,.F.,(4,1,1,1,1,1,1,4),(0.,0.161134310726475,
0.2148457476353,0.268557184544126,0.322268621452951,0.349124339907363,0.362552199134569,
0.375977022122161),.UNSPECIFIED.);
#316=B_SPLINE_CURVE_WITH_KNOTS('',3,(#7257,#7258,#7259,#7260,#7261),
 .UNSPECIFIED.,.F.,.F.,(4,1,4),(0.,0.295705886615784,0.68997653371444),
 .UNSPECIFIED.);
#317=B_SPLINE_CURVE_WITH_KNOTS('',3,(#7265,#7266,#7267,#7268,#7269),
 .UNSPECIFIED.,.F.,.F.,(4,1,4),(0.,0.272297043947063,0.47651982690736),
 .UNSPECIFIED.);
#318=B_SPLINE_CURVE_WITH_KNOTS('',3,(#7273,#7274,#7275,#7276,#7277,#7278),
 .UNSPECIFIED.,.F.,.F.,(4,1,1,4),(2.82189023580182E-6,0.013361778758256,
0.0400853363377337,0.0935324514966892),.UNSPECIFIED.);
#319=B_SPLINE_CURVE_WITH_KNOTS('',3,(#7282,#7283,#7284,#7285,#7286,#7287,
#7288,#7289,#7290),.UNSPECIFIED.,.F.,.F.,(4,1,1,1,1,1,4),(0.,0.0921133394700027,
0.153522232450004,0.184226678940005,0.199578902185006,0.207255013807506,
0.214926196683479),.UNSPECIFIED.);
#320=B_SPLINE_CURVE_WITH_KNOTS('',3,(#7294,#7295,#7296,#7297,#7298,#7299,
#7300,#7301),.UNSPECIFIED.,.F.,.F.,(4,1,1,1,1,4),(2.58695757557326E-6,0.00962150687089864,
0.019242643816843,0.0384849177087317,0.115454013276286,0.269392204411396),
 .UNSPECIFIED.);
#321=B_SPLINE_CURVE_WITH_KNOTS('',3,(#7305,#7306,#7307,#7308),
 .UNSPECIFIED.,.F.,.F.,(4,4),(-1.,0.),.UNSPECIFIED.);
#322=B_SPLINE_CURVE_WITH_KNOTS('',3,(#7312,#7313,#7314,#7315),
 .UNSPECIFIED.,.F.,.F.,(4,4),(-1.,0.),.UNSPECIFIED.);
#323=B_SPLINE_CURVE_WITH_KNOTS('',3,(#7317,#7318,#7319,#7320),
 .UNSPECIFIED.,.F.,.F.,(4,4),(-1.,0.),.UNSPECIFIED.);
#324=B_SPLINE_CURVE_WITH_KNOTS('',3,(#7324,#7325,#7326,#7327),
 .UNSPECIFIED.,.F.,.F.,(4,4),(-1.,0.),.UNSPECIFIED.);
#325=B_SPLINE_CURVE_WITH_KNOTS('',3,(#7329,#7330,#7331,#7332),
 .UNSPECIFIED.,.F.,.F.,(4,4),(-1.,0.),.UNSPECIFIED.);
#326=B_SPLINE_CURVE_WITH_KNOTS('',3,(#7336,#7337,#7338,#7339),
 .UNSPECIFIED.,.F.,.F.,(4,4),(-1.,0.),.UNSPECIFIED.);
#327=B_SPLINE_CURVE_WITH_KNOTS('',3,(#7341,#7342,#7343,#7344),
 .UNSPECIFIED.,.F.,.F.,(4,4),(-1.,0.),.UNSPECIFIED.);
#328=B_SPLINE_CURVE_WITH_KNOTS('',3,(#7347,#7348,#7349,#7350),
 .UNSPECIFIED.,.F.,.F.,(4,4),(-1.,0.),.UNSPECIFIED.);
#329=B_SPLINE_CURVE_WITH_KNOTS('',3,(#7353,#7354,#7355,#7356),
 .UNSPECIFIED.,.F.,.F.,(4,4),(-1.,0.),.UNSPECIFIED.);
#330=B_SPLINE_CURVE_WITH_KNOTS('',3,(#7360,#7361,#7362,#7363),
 .UNSPECIFIED.,.F.,.F.,(4,4),(-1.,0.),.UNSPECIFIED.);
#331=B_SPLINE_CURVE_WITH_KNOTS('',3,(#7367,#7368,#7369,#7370),
 .UNSPECIFIED.,.F.,.F.,(4,4),(-1.,0.),.UNSPECIFIED.);
#332=B_SPLINE_CURVE_WITH_KNOTS('',3,(#7374,#7375,#7376,#7377),
 .UNSPECIFIED.,.F.,.F.,(4,4),(-1.,0.),.UNSPECIFIED.);
#333=B_SPLINE_CURVE_WITH_KNOTS('',3,(#7395,#7396,#7397,#7398),
 .UNSPECIFIED.,.F.,.F.,(4,4),(-1.,0.),.UNSPECIFIED.);
#334=B_SPLINE_CURVE_WITH_KNOTS('',3,(#7402,#7403,#7404,#7405),
 .UNSPECIFIED.,.F.,.F.,(4,4),(-1.,0.),.UNSPECIFIED.);
#335=B_SPLINE_CURVE_WITH_KNOTS('',3,(#7407,#7408,#7409,#7410),
 .UNSPECIFIED.,.F.,.F.,(4,4),(-1.,0.),.UNSPECIFIED.);
#336=B_SPLINE_CURVE_WITH_KNOTS('',3,(#7414,#7415,#7416,#7417),
 .UNSPECIFIED.,.F.,.F.,(4,4),(-1.,0.),.UNSPECIFIED.);
#337=B_SPLINE_CURVE_WITH_KNOTS('',3,(#7419,#7420,#7421,#7422),
 .UNSPECIFIED.,.F.,.F.,(4,4),(-1.,0.),.UNSPECIFIED.);
#338=B_SPLINE_CURVE_WITH_KNOTS('',3,(#7426,#7427,#7428,#7429),
 .UNSPECIFIED.,.F.,.F.,(4,4),(-1.,0.),.UNSPECIFIED.);
#339=B_SPLINE_CURVE_WITH_KNOTS('',3,(#7431,#7432,#7433,#7434),
 .UNSPECIFIED.,.F.,.F.,(4,4),(-1.,0.),.UNSPECIFIED.);
#340=B_SPLINE_CURVE_WITH_KNOTS('',3,(#7437,#7438,#7439,#7440),
 .UNSPECIFIED.,.F.,.F.,(4,4),(-1.,0.),.UNSPECIFIED.);
#341=B_SPLINE_CURVE_WITH_KNOTS('',3,(#7443,#7444,#7445,#7446),
 .UNSPECIFIED.,.F.,.F.,(4,4),(-1.,0.),.UNSPECIFIED.);
#342=B_SPLINE_CURVE_WITH_KNOTS('',3,(#7450,#7451,#7452,#7453),
 .UNSPECIFIED.,.F.,.F.,(4,4),(-1.,0.),.UNSPECIFIED.);
#343=B_SPLINE_CURVE_WITH_KNOTS('',3,(#7455,#7456,#7457,#7458),
 .UNSPECIFIED.,.F.,.F.,(4,4),(-1.,0.),.UNSPECIFIED.);
#344=B_SPLINE_CURVE_WITH_KNOTS('',3,(#7462,#7463,#7464,#7465),
 .UNSPECIFIED.,.F.,.F.,(4,4),(-1.,0.),.UNSPECIFIED.);
#345=B_SPLINE_CURVE_WITH_KNOTS('',3,(#7467,#7468,#7469,#7470),
 .UNSPECIFIED.,.F.,.F.,(4,4),(-1.,0.),.UNSPECIFIED.);
#346=B_SPLINE_CURVE_WITH_KNOTS('',3,(#7474,#7475,#7476,#7477),
 .UNSPECIFIED.,.F.,.F.,(4,4),(-1.,0.),.UNSPECIFIED.);
#347=B_SPLINE_CURVE_WITH_KNOTS('',3,(#7479,#7480,#7481,#7482),
 .UNSPECIFIED.,.F.,.F.,(4,4),(-1.,0.),.UNSPECIFIED.);
#348=B_SPLINE_CURVE_WITH_KNOTS('',3,(#7485,#7486,#7487,#7488),
 .UNSPECIFIED.,.F.,.F.,(4,4),(-1.,0.),.UNSPECIFIED.);
#349=B_SPLINE_CURVE_WITH_KNOTS('',3,(#7491,#7492,#7493,#7494),
 .UNSPECIFIED.,.F.,.F.,(4,4),(-1.,0.),.UNSPECIFIED.);
#350=B_SPLINE_CURVE_WITH_KNOTS('',3,(#7498,#7499,#7500,#7501),
 .UNSPECIFIED.,.F.,.F.,(4,4),(-1.,0.),.UNSPECIFIED.);
#351=B_SPLINE_CURVE_WITH_KNOTS('',3,(#7505,#7506,#7507,#7508),
 .UNSPECIFIED.,.F.,.F.,(4,4),(-1.,0.),.UNSPECIFIED.);
#352=B_SPLINE_CURVE_WITH_KNOTS('',3,(#7512,#7513,#7514,#7515),
 .UNSPECIFIED.,.F.,.F.,(4,4),(-1.,0.),.UNSPECIFIED.);
#353=B_SPLINE_CURVE_WITH_KNOTS('',3,(#7519,#7520,#7521,#7522),
 .UNSPECIFIED.,.F.,.F.,(4,4),(-1.,0.),.UNSPECIFIED.);
#354=B_SPLINE_CURVE_WITH_KNOTS('',3,(#7526,#7527,#7528,#7529),
 .UNSPECIFIED.,.F.,.F.,(4,4),(-1.,0.),.UNSPECIFIED.);
#355=B_SPLINE_CURVE_WITH_KNOTS('',3,(#7531,#7532,#7533,#7534),
 .UNSPECIFIED.,.F.,.F.,(4,4),(-1.,0.),.UNSPECIFIED.);
#356=B_SPLINE_CURVE_WITH_KNOTS('',3,(#7538,#7539,#7540,#7541),
 .UNSPECIFIED.,.F.,.F.,(4,4),(-1.,0.),.UNSPECIFIED.);
#357=B_SPLINE_CURVE_WITH_KNOTS('',3,(#7543,#7544,#7545,#7546),
 .UNSPECIFIED.,.F.,.F.,(4,4),(-1.,0.),.UNSPECIFIED.);
#358=B_SPLINE_CURVE_WITH_KNOTS('',3,(#7550,#7551,#7552,#7553),
 .UNSPECIFIED.,.F.,.F.,(4,4),(-1.,0.),.UNSPECIFIED.);
#359=B_SPLINE_CURVE_WITH_KNOTS('',3,(#7555,#7556,#7557,#7558),
 .UNSPECIFIED.,.F.,.F.,(4,4),(-1.,0.),.UNSPECIFIED.);
#360=B_SPLINE_CURVE_WITH_KNOTS('',3,(#7561,#7562,#7563,#7564),
 .UNSPECIFIED.,.F.,.F.,(4,4),(-1.,0.),.UNSPECIFIED.);
#361=B_SPLINE_CURVE_WITH_KNOTS('',3,(#7567,#7568,#7569,#7570),
 .UNSPECIFIED.,.F.,.F.,(4,4),(-1.,0.),.UNSPECIFIED.);
#362=B_SPLINE_CURVE_WITH_KNOTS('',3,(#7574,#7575,#7576,#7577),
 .UNSPECIFIED.,.F.,.F.,(4,4),(-1.,0.),.UNSPECIFIED.);
#363=B_SPLINE_CURVE_WITH_KNOTS('',3,(#7579,#7580,#7581,#7582),
 .UNSPECIFIED.,.F.,.F.,(4,4),(-1.,0.),.UNSPECIFIED.);
#364=B_SPLINE_CURVE_WITH_KNOTS('',3,(#7586,#7587,#7588,#7589),
 .UNSPECIFIED.,.F.,.F.,(4,4),(-1.,0.),.UNSPECIFIED.);
#365=B_SPLINE_CURVE_WITH_KNOTS('',3,(#7591,#7592,#7593,#7594),
 .UNSPECIFIED.,.F.,.F.,(4,4),(-1.,0.),.UNSPECIFIED.);
#366=B_SPLINE_CURVE_WITH_KNOTS('',3,(#7598,#7599,#7600,#7601),
 .UNSPECIFIED.,.F.,.F.,(4,4),(-1.,0.),.UNSPECIFIED.);
#367=B_SPLINE_CURVE_WITH_KNOTS('',3,(#7603,#7604,#7605,#7606),
 .UNSPECIFIED.,.F.,.F.,(4,4),(-1.,0.),.UNSPECIFIED.);
#368=B_SPLINE_CURVE_WITH_KNOTS('',3,(#7609,#7610,#7611,#7612),
 .UNSPECIFIED.,.F.,.F.,(4,4),(-1.,0.),.UNSPECIFIED.);
#369=B_SPLINE_CURVE_WITH_KNOTS('',3,(#7615,#7616,#7617,#7618),
 .UNSPECIFIED.,.F.,.F.,(4,4),(-1.,0.),.UNSPECIFIED.);
#370=B_SPLINE_CURVE_WITH_KNOTS('',3,(#7622,#7623,#7624,#7625),
 .UNSPECIFIED.,.F.,.F.,(4,4),(-1.,0.),.UNSPECIFIED.);
#371=B_SPLINE_CURVE_WITH_KNOTS('',3,(#7627,#7628,#7629,#7630),
 .UNSPECIFIED.,.F.,.F.,(4,4),(-1.,0.),.UNSPECIFIED.);
#372=B_SPLINE_CURVE_WITH_KNOTS('',3,(#7634,#7635,#7636,#7637),
 .UNSPECIFIED.,.F.,.F.,(4,4),(-1.,0.),.UNSPECIFIED.);
#373=B_SPLINE_CURVE_WITH_KNOTS('',3,(#7639,#7640,#7641,#7642),
 .UNSPECIFIED.,.F.,.F.,(4,4),(-1.,0.),.UNSPECIFIED.);
#374=B_SPLINE_CURVE_WITH_KNOTS('',3,(#7646,#7647,#7648,#7649),
 .UNSPECIFIED.,.F.,.F.,(4,4),(-1.,0.),.UNSPECIFIED.);
#375=B_SPLINE_CURVE_WITH_KNOTS('',3,(#7651,#7652,#7653,#7654),
 .UNSPECIFIED.,.F.,.F.,(4,4),(-1.,0.),.UNSPECIFIED.);
#376=B_SPLINE_CURVE_WITH_KNOTS('',3,(#7657,#7658,#7659,#7660),
 .UNSPECIFIED.,.F.,.F.,(4,4),(-1.,0.),.UNSPECIFIED.);
#377=B_SPLINE_CURVE_WITH_KNOTS('',3,(#7663,#7664,#7665,#7666),
 .UNSPECIFIED.,.F.,.F.,(4,4),(-1.,0.),.UNSPECIFIED.);
#378=B_SPLINE_CURVE_WITH_KNOTS('',3,(#7670,#7671,#7672,#7673),
 .UNSPECIFIED.,.F.,.F.,(4,4),(-1.,0.),.UNSPECIFIED.);
#379=B_SPLINE_CURVE_WITH_KNOTS('',3,(#7675,#7676,#7677,#7678),
 .UNSPECIFIED.,.F.,.F.,(4,4),(-1.,0.),.UNSPECIFIED.);
#380=B_SPLINE_CURVE_WITH_KNOTS('',3,(#7682,#7683,#7684,#7685),
 .UNSPECIFIED.,.F.,.F.,(4,4),(-1.,0.),.UNSPECIFIED.);
#381=B_SPLINE_CURVE_WITH_KNOTS('',3,(#7687,#7688,#7689,#7690),
 .UNSPECIFIED.,.F.,.F.,(4,4),(-1.,0.),.UNSPECIFIED.);
#382=B_SPLINE_CURVE_WITH_KNOTS('',3,(#7694,#7695,#7696,#7697),
 .UNSPECIFIED.,.F.,.F.,(4,4),(-1.,0.),.UNSPECIFIED.);
#383=B_SPLINE_CURVE_WITH_KNOTS('',3,(#7699,#7700,#7701,#7702),
 .UNSPECIFIED.,.F.,.F.,(4,4),(-1.,0.),.UNSPECIFIED.);
#384=B_SPLINE_CURVE_WITH_KNOTS('',3,(#7705,#7706,#7707,#7708),
 .UNSPECIFIED.,.F.,.F.,(4,4),(-1.,0.),.UNSPECIFIED.);
#385=B_SPLINE_CURVE_WITH_KNOTS('',3,(#7711,#7712,#7713,#7714),
 .UNSPECIFIED.,.F.,.F.,(4,4),(-1.,0.),.UNSPECIFIED.);
#386=B_SPLINE_CURVE_WITH_KNOTS('',3,(#7718,#7719,#7720,#7721),
 .UNSPECIFIED.,.F.,.F.,(4,4),(-1.,0.),.UNSPECIFIED.);
#387=B_SPLINE_CURVE_WITH_KNOTS('',3,(#7723,#7724,#7725,#7726),
 .UNSPECIFIED.,.F.,.F.,(4,4),(-1.,0.),.UNSPECIFIED.);
#388=B_SPLINE_CURVE_WITH_KNOTS('',3,(#7730,#7731,#7732,#7733),
 .UNSPECIFIED.,.F.,.F.,(4,4),(-1.,0.),.UNSPECIFIED.);
#389=B_SPLINE_CURVE_WITH_KNOTS('',3,(#7735,#7736,#7737,#7738),
 .UNSPECIFIED.,.F.,.F.,(4,4),(-1.,0.),.UNSPECIFIED.);
#390=B_SPLINE_CURVE_WITH_KNOTS('',3,(#7742,#7743,#7744,#7745),
 .UNSPECIFIED.,.F.,.F.,(4,4),(-1.,0.),.UNSPECIFIED.);
#391=B_SPLINE_CURVE_WITH_KNOTS('',3,(#7747,#7748,#7749,#7750),
 .UNSPECIFIED.,.F.,.F.,(4,4),(-1.,0.),.UNSPECIFIED.);
#392=B_SPLINE_CURVE_WITH_KNOTS('',3,(#7753,#7754,#7755,#7756),
 .UNSPECIFIED.,.F.,.F.,(4,4),(-1.,0.),.UNSPECIFIED.);
#393=B_SPLINE_CURVE_WITH_KNOTS('',3,(#7767,#7768,#7769,#7770),
 .UNSPECIFIED.,.F.,.F.,(4,4),(-1.,0.),.UNSPECIFIED.);
#394=B_SPLINE_CURVE_WITH_KNOTS('',3,(#7774,#7775,#7776,#7777),
 .UNSPECIFIED.,.F.,.F.,(4,4),(-1.,0.),.UNSPECIFIED.);
#395=B_SPLINE_CURVE_WITH_KNOTS('',3,(#7779,#7780,#7781,#7782),
 .UNSPECIFIED.,.F.,.F.,(4,4),(-1.,0.),.UNSPECIFIED.);
#396=B_SPLINE_CURVE_WITH_KNOTS('',3,(#7786,#7787,#7788,#7789),
 .UNSPECIFIED.,.F.,.F.,(4,4),(-1.,0.),.UNSPECIFIED.);
#397=B_SPLINE_CURVE_WITH_KNOTS('',3,(#7791,#7792,#7793,#7794),
 .UNSPECIFIED.,.F.,.F.,(4,4),(-1.,0.),.UNSPECIFIED.);
#398=B_SPLINE_CURVE_WITH_KNOTS('',3,(#7798,#7799,#7800,#7801),
 .UNSPECIFIED.,.F.,.F.,(4,4),(-1.,0.),.UNSPECIFIED.);
#399=B_SPLINE_CURVE_WITH_KNOTS('',3,(#7803,#7804,#7805,#7806),
 .UNSPECIFIED.,.F.,.F.,(4,4),(-1.,0.),.UNSPECIFIED.);
#400=B_SPLINE_CURVE_WITH_KNOTS('',3,(#7809,#7810,#7811,#7812),
 .UNSPECIFIED.,.F.,.F.,(4,4),(-1.,0.),.UNSPECIFIED.);
#401=B_SPLINE_CURVE_WITH_KNOTS('',3,(#7815,#7816,#7817,#7818),
 .UNSPECIFIED.,.F.,.F.,(4,4),(-1.,0.),.UNSPECIFIED.);
#402=B_SPLINE_CURVE_WITH_KNOTS('',3,(#7822,#7823,#7824,#7825),
 .UNSPECIFIED.,.F.,.F.,(4,4),(-1.,0.),.UNSPECIFIED.);
#403=B_SPLINE_CURVE_WITH_KNOTS('',3,(#7827,#7828,#7829,#7830),
 .UNSPECIFIED.,.F.,.F.,(4,4),(-1.,0.),.UNSPECIFIED.);
#404=B_SPLINE_CURVE_WITH_KNOTS('',3,(#7834,#7835,#7836,#7837),
 .UNSPECIFIED.,.F.,.F.,(4,4),(-1.,0.),.UNSPECIFIED.);
#405=B_SPLINE_CURVE_WITH_KNOTS('',3,(#7839,#7840,#7841,#7842),
 .UNSPECIFIED.,.F.,.F.,(4,4),(-1.,0.),.UNSPECIFIED.);
#406=B_SPLINE_CURVE_WITH_KNOTS('',3,(#7846,#7847,#7848,#7849),
 .UNSPECIFIED.,.F.,.F.,(4,4),(-1.,0.),.UNSPECIFIED.);
#407=B_SPLINE_CURVE_WITH_KNOTS('',3,(#7851,#7852,#7853,#7854),
 .UNSPECIFIED.,.F.,.F.,(4,4),(-1.,0.),.UNSPECIFIED.);
#408=B_SPLINE_CURVE_WITH_KNOTS('',3,(#7857,#7858,#7859,#7860),
 .UNSPECIFIED.,.F.,.F.,(4,4),(-1.,0.),.UNSPECIFIED.);
#409=B_SPLINE_CURVE_WITH_KNOTS('',3,(#7863,#7864,#7865,#7866),
 .UNSPECIFIED.,.F.,.F.,(4,4),(-1.,0.),.UNSPECIFIED.);
#410=B_SPLINE_CURVE_WITH_KNOTS('',3,(#7870,#7871,#7872,#7873),
 .UNSPECIFIED.,.F.,.F.,(4,4),(-1.,0.),.UNSPECIFIED.);
#411=B_SPLINE_CURVE_WITH_KNOTS('',3,(#7875,#7876,#7877,#7878),
 .UNSPECIFIED.,.F.,.F.,(4,4),(-1.,0.),.UNSPECIFIED.);
#412=B_SPLINE_CURVE_WITH_KNOTS('',3,(#7882,#7883,#7884,#7885),
 .UNSPECIFIED.,.F.,.F.,(4,4),(-1.,0.),.UNSPECIFIED.);
#413=B_SPLINE_CURVE_WITH_KNOTS('',3,(#7887,#7888,#7889,#7890),
 .UNSPECIFIED.,.F.,.F.,(4,4),(-1.,0.),.UNSPECIFIED.);
#414=B_SPLINE_CURVE_WITH_KNOTS('',3,(#7894,#7895,#7896,#7897),
 .UNSPECIFIED.,.F.,.F.,(4,4),(-1.,0.),.UNSPECIFIED.);
#415=B_SPLINE_CURVE_WITH_KNOTS('',3,(#7899,#7900,#7901,#7902),
 .UNSPECIFIED.,.F.,.F.,(4,4),(-1.,0.),.UNSPECIFIED.);
#416=B_SPLINE_CURVE_WITH_KNOTS('',3,(#7905,#7906,#7907,#7908),
 .UNSPECIFIED.,.F.,.F.,(4,4),(-1.,0.),.UNSPECIFIED.);
#417=B_SPLINE_CURVE_WITH_KNOTS('',3,(#7911,#7912,#7913,#7914),
 .UNSPECIFIED.,.F.,.F.,(4,4),(-1.,0.),.UNSPECIFIED.);
#418=B_SPLINE_CURVE_WITH_KNOTS('',3,(#7918,#7919,#7920,#7921),
 .UNSPECIFIED.,.F.,.F.,(4,4),(-1.,0.),.UNSPECIFIED.);
#419=B_SPLINE_CURVE_WITH_KNOTS('',3,(#7923,#7924,#7925,#7926),
 .UNSPECIFIED.,.F.,.F.,(4,4),(-1.,0.),.UNSPECIFIED.);
#420=B_SPLINE_CURVE_WITH_KNOTS('',3,(#7930,#7931,#7932,#7933),
 .UNSPECIFIED.,.F.,.F.,(4,4),(-1.,0.),.UNSPECIFIED.);
#421=B_SPLINE_CURVE_WITH_KNOTS('',3,(#7935,#7936,#7937,#7938),
 .UNSPECIFIED.,.F.,.F.,(4,4),(-1.,0.),.UNSPECIFIED.);
#422=B_SPLINE_CURVE_WITH_KNOTS('',3,(#7942,#7943,#7944,#7945),
 .UNSPECIFIED.,.F.,.F.,(4,4),(-1.,0.),.UNSPECIFIED.);
#423=B_SPLINE_CURVE_WITH_KNOTS('',3,(#7947,#7948,#7949,#7950),
 .UNSPECIFIED.,.F.,.F.,(4,4),(-1.,0.),.UNSPECIFIED.);
#424=B_SPLINE_CURVE_WITH_KNOTS('',3,(#7953,#7954,#7955,#7956),
 .UNSPECIFIED.,.F.,.F.,(4,4),(-1.,0.),.UNSPECIFIED.);
#425=B_SPLINE_CURVE_WITH_KNOTS('',3,(#7959,#7960,#7961,#7962),
 .UNSPECIFIED.,.F.,.F.,(4,4),(-1.,0.),.UNSPECIFIED.);
#426=B_SPLINE_CURVE_WITH_KNOTS('',3,(#7966,#7967,#7968,#7969),
 .UNSPECIFIED.,.F.,.F.,(4,4),(-1.,0.),.UNSPECIFIED.);
#427=B_SPLINE_CURVE_WITH_KNOTS('',3,(#7971,#7972,#7973,#7974),
 .UNSPECIFIED.,.F.,.F.,(4,4),(-1.,0.),.UNSPECIFIED.);
#428=B_SPLINE_CURVE_WITH_KNOTS('',3,(#7978,#7979,#7980,#7981),
 .UNSPECIFIED.,.F.,.F.,(4,4),(-1.,0.),.UNSPECIFIED.);
#429=B_SPLINE_CURVE_WITH_KNOTS('',3,(#7983,#7984,#7985,#7986),
 .UNSPECIFIED.,.F.,.F.,(4,4),(-1.,0.),.UNSPECIFIED.);
#430=B_SPLINE_CURVE_WITH_KNOTS('',3,(#7990,#7991,#7992,#7993),
 .UNSPECIFIED.,.F.,.F.,(4,4),(-1.,0.),.UNSPECIFIED.);
#431=B_SPLINE_CURVE_WITH_KNOTS('',3,(#7995,#7996,#7997,#7998),
 .UNSPECIFIED.,.F.,.F.,(4,4),(-1.,0.),.UNSPECIFIED.);
#432=B_SPLINE_CURVE_WITH_KNOTS('',3,(#8001,#8002,#8003,#8004),
 .UNSPECIFIED.,.F.,.F.,(4,4),(-1.,0.),.UNSPECIFIED.);
#433=B_SPLINE_CURVE_WITH_KNOTS('',3,(#8007,#8008,#8009,#8010),
 .UNSPECIFIED.,.F.,.F.,(4,4),(-1.,0.),.UNSPECIFIED.);
#434=B_SPLINE_CURVE_WITH_KNOTS('',3,(#8014,#8015,#8016,#8017),
 .UNSPECIFIED.,.F.,.F.,(4,4),(-1.,0.),.UNSPECIFIED.);
#435=B_SPLINE_CURVE_WITH_KNOTS('',3,(#8019,#8020,#8021,#8022),
 .UNSPECIFIED.,.F.,.F.,(4,4),(-1.,0.),.UNSPECIFIED.);
#436=B_SPLINE_CURVE_WITH_KNOTS('',3,(#8026,#8027,#8028,#8029),
 .UNSPECIFIED.,.F.,.F.,(4,4),(-1.,0.),.UNSPECIFIED.);
#437=B_SPLINE_CURVE_WITH_KNOTS('',3,(#8031,#8032,#8033,#8034),
 .UNSPECIFIED.,.F.,.F.,(4,4),(-1.,0.),.UNSPECIFIED.);
#438=B_SPLINE_CURVE_WITH_KNOTS('',3,(#8038,#8039,#8040,#8041),
 .UNSPECIFIED.,.F.,.F.,(4,4),(-1.,0.),.UNSPECIFIED.);
#439=B_SPLINE_CURVE_WITH_KNOTS('',3,(#8043,#8044,#8045,#8046),
 .UNSPECIFIED.,.F.,.F.,(4,4),(-1.,0.),.UNSPECIFIED.);
#440=B_SPLINE_CURVE_WITH_KNOTS('',3,(#8049,#8050,#8051,#8052),
 .UNSPECIFIED.,.F.,.F.,(4,4),(-1.,0.),.UNSPECIFIED.);
#441=B_SPLINE_CURVE_WITH_KNOTS('',3,(#8055,#8056,#8057,#8058),
 .UNSPECIFIED.,.F.,.F.,(4,4),(-1.,0.),.UNSPECIFIED.);
#442=B_SPLINE_CURVE_WITH_KNOTS('',3,(#8062,#8063,#8064,#8065),
 .UNSPECIFIED.,.F.,.F.,(4,4),(-1.,0.),.UNSPECIFIED.);
#443=B_SPLINE_CURVE_WITH_KNOTS('',3,(#8067,#8068,#8069,#8070),
 .UNSPECIFIED.,.F.,.F.,(4,4),(-1.,0.),.UNSPECIFIED.);
#444=B_SPLINE_CURVE_WITH_KNOTS('',3,(#8074,#8075,#8076,#8077),
 .UNSPECIFIED.,.F.,.F.,(4,4),(-1.,0.),.UNSPECIFIED.);
#445=B_SPLINE_CURVE_WITH_KNOTS('',3,(#8079,#8080,#8081,#8082),
 .UNSPECIFIED.,.F.,.F.,(4,4),(-1.,0.),.UNSPECIFIED.);
#446=B_SPLINE_CURVE_WITH_KNOTS('',3,(#8086,#8087,#8088,#8089),
 .UNSPECIFIED.,.F.,.F.,(4,4),(-1.,0.),.UNSPECIFIED.);
#447=B_SPLINE_CURVE_WITH_KNOTS('',3,(#8091,#8092,#8093,#8094),
 .UNSPECIFIED.,.F.,.F.,(4,4),(-1.,0.),.UNSPECIFIED.);
#448=B_SPLINE_CURVE_WITH_KNOTS('',3,(#8097,#8098,#8099,#8100),
 .UNSPECIFIED.,.F.,.F.,(4,4),(-1.,0.),.UNSPECIFIED.);
#449=B_SPLINE_CURVE_WITH_KNOTS('',3,(#8103,#8104,#8105,#8106),
 .UNSPECIFIED.,.F.,.F.,(4,4),(-1.,0.),.UNSPECIFIED.);
#450=B_SPLINE_CURVE_WITH_KNOTS('',3,(#8110,#8111,#8112,#8113),
 .UNSPECIFIED.,.F.,.F.,(4,4),(-1.,0.),.UNSPECIFIED.);
#451=B_SPLINE_CURVE_WITH_KNOTS('',3,(#8115,#8116,#8117,#8118),
 .UNSPECIFIED.,.F.,.F.,(4,4),(-1.,0.),.UNSPECIFIED.);
#452=B_SPLINE_CURVE_WITH_KNOTS('',3,(#8122,#8123,#8124,#8125),
 .UNSPECIFIED.,.F.,.F.,(4,4),(-1.,0.),.UNSPECIFIED.);
#453=B_SPLINE_CURVE_WITH_KNOTS('',3,(#8127,#8128,#8129,#8130),
 .UNSPECIFIED.,.F.,.F.,(4,4),(-1.,0.),.UNSPECIFIED.);
#454=B_SPLINE_CURVE_WITH_KNOTS('',3,(#8134,#8135,#8136,#8137),
 .UNSPECIFIED.,.F.,.F.,(4,4),(-1.,0.),.UNSPECIFIED.);
#455=B_SPLINE_CURVE_WITH_KNOTS('',3,(#8139,#8140,#8141,#8142),
 .UNSPECIFIED.,.F.,.F.,(4,4),(-1.,0.),.UNSPECIFIED.);
#456=B_SPLINE_CURVE_WITH_KNOTS('',3,(#8145,#8146,#8147,#8148),
 .UNSPECIFIED.,.F.,.F.,(4,4),(-1.,0.),.UNSPECIFIED.);
#457=B_SPLINE_CURVE_WITH_KNOTS('',3,(#8233,#8234,#8235,#8236,#8237,#8238,
#8239,#8240,#8241,#8242,#8243),.UNSPECIFIED.,.F.,.F.,(4,1,1,1,1,1,1,1,4),
(-0.164679192033977,-0.0941020992133371,-0.0705764016064573,-0.0470507039995774,
-0.0235250063926976,-0.0117621575892576,-0.00588073318753768,-0.0029400209866777,
8.66885907701163E-14),.UNSPECIFIED.);
#458=B_SPLINE_CURVE_WITH_KNOTS('',3,(#8300,#8301,#8302,#8303,#8304,#8305,
#8306,#8307,#8308,#8309,#8310,#8311,#8312),.UNSPECIFIED.,.F.,.F.,(4,3,3,
3,4),(0.,0.372111077757482,0.428571492372241,0.72064501964889,1.00000009719539),
 .UNSPECIFIED.);
#459=B_SPLINE_CURVE_WITH_KNOTS('',3,(#8313,#8314,#8315,#8316,#8317,#8318,
#8319,#8320,#8321,#8322,#8323),.UNSPECIFIED.,.F.,.F.,(4,1,1,1,1,1,1,1,4),
(-0.158388309640025,-0.155552752664027,-0.152716504475389,-0.147044008098114,
-0.135699015343562,-0.113009029834459,-0.0903190443253564,-0.0676290588162535,
6.81872180160976E-9),.UNSPECIFIED.);
#460=B_SPLINE_CURVE_WITH_KNOTS('',3,(#8326,#8327,#8328,#8329,#8330,#8331,
#8332,#8333,#8334,#8335,#8336,#8337,#8338,#8339,#8340,#8341,#8342,#8343,
#8344,#8345,#8346,#8347,#8348,#8349,#8350,#8351,#8352,#8353,#8354,#8355,
#8356,#8357,#8358,#8359,#8360,#8361,#8362,#8363,#8364,#8365),
 .UNSPECIFIED.,.F.,.F.,(4,3,3,3,3,3,3,3,3,3,3,3,3,4),(0.,0.120195513570472,
0.240386763432556,0.360574089238772,0.480757830524672,0.600938326718768,
0.722170576757868,0.84237094267393,0.962562405872513,1.08274632507083,1.20475882556101,
1.32495053907447,1.44787343305302,1.57079632703157),.UNSPECIFIED.);
#461=B_SPLINE_CURVE_WITH_KNOTS('',3,(#8418,#8419,#8420,#8421,#8422,#8423,
#8424,#8425,#8426,#8427),.UNSPECIFIED.,.F.,.F.,(4,1,1,1,1,1,1,4),(-0.218733713619353,
-0.210922247289877,-0.203110312205067,-0.187486442035446,-0.156238701696205,
-0.124990961356964,-0.0624954806784821,0.),.UNSPECIFIED.);
#462=B_SPLINE_CURVE_WITH_KNOTS('',3,(#8474,#8475,#8476,#8477,#8478,#8479,
#8480),.UNSPECIFIED.,.F.,.F.,(4,3,4),(0.,0.428571428257361,1.0000000000014),
 .UNSPECIFIED.);
#463=B_SPLINE_CURVE_WITH_KNOTS('',3,(#8481,#8482,#8483,#8484,#8485,#8486,
#8487,#8488),.UNSPECIFIED.,.F.,.F.,(4,1,1,1,1,4),(-0.284677040443387,-0.122004445875206,
-0.0406681485911146,-0.0203340742700919,-0.0101670371095805,5.09308289986508E-11),
 .UNSPECIFIED.);
#464=B_SPLINE_CURVE_WITH_KNOTS('',3,(#8491,#8492,#8493,#8494,#8495,#8496,
#8497,#8498,#8499,#8500,#8501,#8502,#8503,#8504,#8505,#8506,#8507,#8508,
#8509,#8510,#8511,#8512,#8513,#8514,#8515,#8516,#8517,#8518,#8519,#8520,
#8521,#8522,#8523,#8524,#8525,#8526,#8527,#8528,#8529,#8530),
 .UNSPECIFIED.,.F.,.F.,(4,3,3,3,3,3,3,3,3,3,3,3,3,4),(0.,0.120195513560396,
0.240386763412404,0.360574089208568,0.480757830484375,0.600938326668394,
0.722170576697331,0.842370942603325,0.962562405791808,1.08274632498005,
1.20475882546001,1.32495053896339,1.44787343293164,1.57079632689989),
 .UNSPECIFIED.);
#465=B_SPLINE_CURVE_WITH_KNOTS('',3,(#8583,#8584,#8585,#8586,#8587,#8588,
#8589,#8590,#8591,#8592),.UNSPECIFIED.,.F.,.F.,(4,1,1,1,1,1,1,4),(-0.375979746154884,
-0.362552199134569,-0.349124339907363,-0.322268621452951,-0.268557184544126,
-0.2148457476353,-0.161134310726475,0.),.UNSPECIFIED.);
#466=B_SPLINE_CURVE_WITH_KNOTS('',3,(#8624,#8625,#8626,#8627,#8628),
 .UNSPECIFIED.,.F.,.F.,(4,1,4),(-0.689980402103496,-0.295705886615784,0.),
 .UNSPECIFIED.);
#467=B_SPLINE_CURVE_WITH_KNOTS('',3,(#8660,#8661,#8662,#8663,#8664),
 .UNSPECIFIED.,.F.,.F.,(4,1,4),(-0.47651982690736,-0.272297043947063,0.),
 .UNSPECIFIED.);
#468=B_SPLINE_CURVE_WITH_KNOTS('',3,(#8701,#8702,#8703,#8704,#8705,#8706,
#8707),.UNSPECIFIED.,.F.,.F.,(4,3,4),(0.,0.428571428587609,1.00000000000397),
 .UNSPECIFIED.);
#469=B_SPLINE_CURVE_WITH_KNOTS('',3,(#8708,#8709,#8710,#8711,#8712,#8713),
 .UNSPECIFIED.,.F.,.F.,(4,1,1,4),(-0.0935324514966892,-0.0400853363377337,
-0.013361778758256,3.14828829884809E-11),.UNSPECIFIED.);
#470=B_SPLINE_CURVE_WITH_KNOTS('',3,(#8716,#8717,#8718,#8719,#8720,#8721,
#8722,#8723,#8724,#8725,#8726,#8727,#8728,#8729,#8730,#8731,#8732,#8733,
#8734,#8735,#8736,#8737,#8738,#8739,#8740,#8741,#8742,#8743,#8744,#8745,
#8746,#8747,#8748,#8749,#8750,#8751,#8752,#8753,#8754,#8755),
 .UNSPECIFIED.,.F.,.F.,(4,3,3,3,3,3,3,3,3,3,3,3,3,4),(0.,0.120195513573524,
0.24038676343866,0.360574089247946,0.480757830536923,0.600938326734087,
0.722170576776267,0.84237094269539,0.962562405897008,1.08274632509837,1.20475882559166,
1.32495053910816,1.44787343308984,1.57079632707152),.UNSPECIFIED.);
#471=B_SPLINE_CURVE_WITH_KNOTS('',3,(#8803,#8804,#8805,#8806,#8807,#8808,
#8809,#8810,#8811),.UNSPECIFIED.,.F.,.F.,(4,1,1,1,1,1,4),(-0.214930618627452,
-0.207255013807506,-0.199578902185006,-0.184226678940005,-0.153522232450004,
-0.0921133394700027,0.),.UNSPECIFIED.);
#472=B_SPLINE_CURVE_WITH_KNOTS('',3,(#8858,#8859,#8860,#8861,#8862,#8863,
#8864),.UNSPECIFIED.,.F.,.F.,(4,3,4),(0.,0.428571428221088,1.00000000000246),
 .UNSPECIFIED.);
#473=B_SPLINE_CURVE_WITH_KNOTS('',3,(#8865,#8866,#8867,#8868,#8869,#8870,
#8871,#8872),.UNSPECIFIED.,.F.,.F.,(4,1,1,1,1,4),(-0.269392204411396,-0.115454013276286,
-0.0384849177087317,-0.019242643816843,-0.00962150687089864,-3.69924954304717E-7),
 .UNSPECIFIED.);
#474=B_SPLINE_CURVE_WITH_KNOTS('',3,(#8972,#8973,#8974,#8975),
 .UNSPECIFIED.,.F.,.F.,(4,4),(0.,0.301827373458974),.UNSPECIFIED.);
#475=B_SPLINE_CURVE_WITH_KNOTS('',3,(#8991,#8992,#8993,#8994),
 .UNSPECIFIED.,.F.,.F.,(4,4),(0.,0.554297631008463),.UNSPECIFIED.);
#476=B_SPLINE_CURVE_WITH_KNOTS('',3,(#9009,#9010,#9011,#9012),
 .UNSPECIFIED.,.F.,.F.,(4,4),(0.,0.382396616898354),.UNSPECIFIED.);
#477=B_SPLINE_CURVE_WITH_KNOTS('',3,(#9033,#9034,#9035,#9036,#9037,#9038,
#9039),.UNSPECIFIED.,.F.,.F.,(4,3,4),(0.,7.99784965212439E-7,0.0238750041332118),
 .UNSPECIFIED.);
#478=B_SPLINE_CURVE_WITH_KNOTS('',3,(#9060,#9061,#9062,#9063,#9064,#9065,
#9066),.UNSPECIFIED.,.F.,.F.,(4,3,4),(0.,0.208433401091291,0.208438138328046),
 .UNSPECIFIED.);
#479=B_SPLINE_CURVE_WITH_KNOTS('',3,(#9087,#9088,#9089,#9090,#9091,#9092),
 .UNSPECIFIED.,.F.,.F.,(4,2,4),(0.,0.09058773721868,0.154436374650991),
 .UNSPECIFIED.);
#480=B_SPLINE_CURVE_WITH_KNOTS('',3,(#9107,#9108,#9109,#9110),
 .UNSPECIFIED.,.F.,.F.,(4,4),(0.,0.22893754142019),.UNSPECIFIED.);
#481=B_SPLINE_CURVE_WITH_KNOTS('',3,(#9131,#9132,#9133,#9134,#9135,#9136,
#9137),.UNSPECIFIED.,.F.,.F.,(4,3,4),(0.,0.212159671012657,0.212164052337331),
 .UNSPECIFIED.);
#482=B_SPLINE_CURVE_WITH_KNOTS('',3,(#9152,#9153,#9154,#9155,#9156,#9157),
 .UNSPECIFIED.,.F.,.F.,(4,2,4),(0.,0.0417852858393714,0.0836202490418692),
 .UNSPECIFIED.);
#483=B_SPLINE_CURVE_WITH_KNOTS('',3,(#9168,#9169,#9170,#9171),
 .UNSPECIFIED.,.F.,.F.,(4,4),(0.,0.086304066318743),.UNSPECIFIED.);
#484=B_SPLINE_CURVE_WITH_KNOTS('',3,(#9184,#9185,#9186,#9187),
 .UNSPECIFIED.,.F.,.F.,(4,4),(0.,0.0320564713274758),.UNSPECIFIED.);
#485=B_SPLINE_CURVE_WITH_KNOTS('',3,(#9220,#9221,#9222,#9223),
 .UNSPECIFIED.,.F.,.F.,(4,4),(-1.,0.),.UNSPECIFIED.);
#486=B_SPLINE_CURVE_WITH_KNOTS('',3,(#9234,#9235,#9236,#9237),
 .UNSPECIFIED.,.F.,.F.,(4,4),(-1.,0.),.UNSPECIFIED.);
#487=B_SPLINE_CURVE_WITH_KNOTS('',3,(#9252,#9253,#9254,#9255),
 .UNSPECIFIED.,.F.,.F.,(4,4),(-1.,0.),.UNSPECIFIED.);
#488=B_SPLINE_CURVE_WITH_KNOTS('',3,(#9266,#9267,#9268,#9269),
 .UNSPECIFIED.,.F.,.F.,(4,4),(-1.,0.),.UNSPECIFIED.);
#489=B_SPLINE_CURVE_WITH_KNOTS('',3,(#9284,#9285,#9286,#9287),
 .UNSPECIFIED.,.F.,.F.,(4,4),(-1.,0.),.UNSPECIFIED.);
#490=B_SPLINE_CURVE_WITH_KNOTS('',3,(#9298,#9299,#9300,#9301),
 .UNSPECIFIED.,.F.,.F.,(4,4),(-1.,0.),.UNSPECIFIED.);
#491=B_SPLINE_CURVE_WITH_KNOTS('',3,(#9316,#9317,#9318,#9319),
 .UNSPECIFIED.,.F.,.F.,(4,4),(-1.,0.),.UNSPECIFIED.);
#492=B_SPLINE_CURVE_WITH_KNOTS('',3,(#9329,#9330,#9331,#9332),
 .UNSPECIFIED.,.F.,.F.,(4,4),(-1.,0.),.UNSPECIFIED.);
#493=B_SPLINE_CURVE_WITH_KNOTS('',3,(#9348,#9349,#9350,#9351),
 .UNSPECIFIED.,.F.,.F.,(4,4),(-1.,0.),.UNSPECIFIED.);
#494=B_SPLINE_CURVE_WITH_KNOTS('',3,(#9366,#9367,#9368,#9369),
 .UNSPECIFIED.,.F.,.F.,(4,4),(-1.,0.),.UNSPECIFIED.);
#495=B_SPLINE_CURVE_WITH_KNOTS('',3,(#9384,#9385,#9386,#9387),
 .UNSPECIFIED.,.F.,.F.,(4,4),(-1.,0.),.UNSPECIFIED.);
#496=B_SPLINE_CURVE_WITH_KNOTS('',3,(#9401,#9402,#9403,#9404),
 .UNSPECIFIED.,.F.,.F.,(4,4),(-1.,0.),.UNSPECIFIED.);
#497=B_SPLINE_CURVE_WITH_KNOTS('',3,(#9448,#9449,#9450,#9451),
 .UNSPECIFIED.,.F.,.F.,(4,4),(-1.,0.),.UNSPECIFIED.);
#498=B_SPLINE_CURVE_WITH_KNOTS('',3,(#9462,#9463,#9464,#9465),
 .UNSPECIFIED.,.F.,.F.,(4,4),(-1.,0.),.UNSPECIFIED.);
#499=B_SPLINE_CURVE_WITH_KNOTS('',3,(#9480,#9481,#9482,#9483),
 .UNSPECIFIED.,.F.,.F.,(4,4),(-1.,0.),.UNSPECIFIED.);
#500=B_SPLINE_CURVE_WITH_KNOTS('',3,(#9494,#9495,#9496,#9497),
 .UNSPECIFIED.,.F.,.F.,(4,4),(-1.,0.),.UNSPECIFIED.);
#501=B_SPLINE_CURVE_WITH_KNOTS('',3,(#9512,#9513,#9514,#9515),
 .UNSPECIFIED.,.F.,.F.,(4,4),(-1.,0.),.UNSPECIFIED.);
#502=B_SPLINE_CURVE_WITH_KNOTS('',3,(#9526,#9527,#9528,#9529),
 .UNSPECIFIED.,.F.,.F.,(4,4),(-1.,0.),.UNSPECIFIED.);
#503=B_SPLINE_CURVE_WITH_KNOTS('',3,(#9544,#9545,#9546,#9547),
 .UNSPECIFIED.,.F.,.F.,(4,4),(-1.,0.),.UNSPECIFIED.);
#504=B_SPLINE_CURVE_WITH_KNOTS('',3,(#9557,#9558,#9559,#9560),
 .UNSPECIFIED.,.F.,.F.,(4,4),(-1.,0.),.UNSPECIFIED.);
#505=B_SPLINE_CURVE_WITH_KNOTS('',3,(#9576,#9577,#9578,#9579),
 .UNSPECIFIED.,.F.,.F.,(4,4),(-1.,0.),.UNSPECIFIED.);
#506=B_SPLINE_CURVE_WITH_KNOTS('',3,(#9590,#9591,#9592,#9593),
 .UNSPECIFIED.,.F.,.F.,(4,4),(-1.,0.),.UNSPECIFIED.);
#507=B_SPLINE_CURVE_WITH_KNOTS('',3,(#9608,#9609,#9610,#9611),
 .UNSPECIFIED.,.F.,.F.,(4,4),(-1.,0.),.UNSPECIFIED.);
#508=B_SPLINE_CURVE_WITH_KNOTS('',3,(#9622,#9623,#9624,#9625),
 .UNSPECIFIED.,.F.,.F.,(4,4),(-1.,0.),.UNSPECIFIED.);
#509=B_SPLINE_CURVE_WITH_KNOTS('',3,(#9640,#9641,#9642,#9643),
 .UNSPECIFIED.,.F.,.F.,(4,4),(-1.,0.),.UNSPECIFIED.);
#510=B_SPLINE_CURVE_WITH_KNOTS('',3,(#9654,#9655,#9656,#9657),
 .UNSPECIFIED.,.F.,.F.,(4,4),(-1.,0.),.UNSPECIFIED.);
#511=B_SPLINE_CURVE_WITH_KNOTS('',3,(#9672,#9673,#9674,#9675),
 .UNSPECIFIED.,.F.,.F.,(4,4),(-1.,0.),.UNSPECIFIED.);
#512=B_SPLINE_CURVE_WITH_KNOTS('',3,(#9685,#9686,#9687,#9688),
 .UNSPECIFIED.,.F.,.F.,(4,4),(-1.,0.),.UNSPECIFIED.);
#513=B_SPLINE_CURVE_WITH_KNOTS('',3,(#9704,#9705,#9706,#9707),
 .UNSPECIFIED.,.F.,.F.,(4,4),(-1.,0.),.UNSPECIFIED.);
#514=B_SPLINE_CURVE_WITH_KNOTS('',3,(#9722,#9723,#9724,#9725),
 .UNSPECIFIED.,.F.,.F.,(4,4),(-1.,0.),.UNSPECIFIED.);
#515=B_SPLINE_CURVE_WITH_KNOTS('',3,(#9740,#9741,#9742,#9743),
 .UNSPECIFIED.,.F.,.F.,(4,4),(-1.,0.),.UNSPECIFIED.);
#516=B_SPLINE_CURVE_WITH_KNOTS('',3,(#9757,#9758,#9759,#9760),
 .UNSPECIFIED.,.F.,.F.,(4,4),(-1.,0.),.UNSPECIFIED.);
#517=B_SPLINE_CURVE_WITH_KNOTS('',3,(#9776,#9777,#9778,#9779),
 .UNSPECIFIED.,.F.,.F.,(4,4),(-1.,0.),.UNSPECIFIED.);
#518=B_SPLINE_CURVE_WITH_KNOTS('',3,(#9790,#9791,#9792,#9793),
 .UNSPECIFIED.,.F.,.F.,(4,4),(-1.,0.),.UNSPECIFIED.);
#519=B_SPLINE_CURVE_WITH_KNOTS('',3,(#9808,#9809,#9810,#9811),
 .UNSPECIFIED.,.F.,.F.,(4,4),(-1.,0.),.UNSPECIFIED.);
#520=B_SPLINE_CURVE_WITH_KNOTS('',3,(#9822,#9823,#9824,#9825),
 .UNSPECIFIED.,.F.,.F.,(4,4),(-1.,0.),.UNSPECIFIED.);
#521=B_SPLINE_CURVE_WITH_KNOTS('',3,(#9840,#9841,#9842,#9843),
 .UNSPECIFIED.,.F.,.F.,(4,4),(-1.,0.),.UNSPECIFIED.);
#522=B_SPLINE_CURVE_WITH_KNOTS('',3,(#9854,#9855,#9856,#9857),
 .UNSPECIFIED.,.F.,.F.,(4,4),(-1.,0.),.UNSPECIFIED.);
#523=B_SPLINE_CURVE_WITH_KNOTS('',3,(#9872,#9873,#9874,#9875),
 .UNSPECIFIED.,.F.,.F.,(4,4),(-1.,0.),.UNSPECIFIED.);
#524=B_SPLINE_CURVE_WITH_KNOTS('',3,(#9885,#9886,#9887,#9888),
 .UNSPECIFIED.,.F.,.F.,(4,4),(-1.,0.),.UNSPECIFIED.);
#525=B_SPLINE_CURVE_WITH_KNOTS('',3,(#9904,#9905,#9906,#9907),
 .UNSPECIFIED.,.F.,.F.,(4,4),(-1.,0.),.UNSPECIFIED.);
#526=B_SPLINE_CURVE_WITH_KNOTS('',3,(#9918,#9919,#9920,#9921),
 .UNSPECIFIED.,.F.,.F.,(4,4),(-1.,0.),.UNSPECIFIED.);
#527=B_SPLINE_CURVE_WITH_KNOTS('',3,(#9936,#9937,#9938,#9939),
 .UNSPECIFIED.,.F.,.F.,(4,4),(-1.,0.),.UNSPECIFIED.);
#528=B_SPLINE_CURVE_WITH_KNOTS('',3,(#9950,#9951,#9952,#9953),
 .UNSPECIFIED.,.F.,.F.,(4,4),(-1.,0.),.UNSPECIFIED.);
#529=B_SPLINE_CURVE_WITH_KNOTS('',3,(#9968,#9969,#9970,#9971),
 .UNSPECIFIED.,.F.,.F.,(4,4),(-1.,0.),.UNSPECIFIED.);
#530=B_SPLINE_CURVE_WITH_KNOTS('',3,(#9982,#9983,#9984,#9985),
 .UNSPECIFIED.,.F.,.F.,(4,4),(-1.,0.),.UNSPECIFIED.);
#531=B_SPLINE_CURVE_WITH_KNOTS('',3,(#10000,#10001,#10002,#10003),
 .UNSPECIFIED.,.F.,.F.,(4,4),(-1.,0.),.UNSPECIFIED.);
#532=B_SPLINE_CURVE_WITH_KNOTS('',3,(#10013,#10014,#10015,#10016),
 .UNSPECIFIED.,.F.,.F.,(4,4),(-1.,0.),.UNSPECIFIED.);
#533=B_SPLINE_CURVE_WITH_KNOTS('',3,(#10032,#10033,#10034,#10035),
 .UNSPECIFIED.,.F.,.F.,(4,4),(-1.,0.),.UNSPECIFIED.);
#534=B_SPLINE_CURVE_WITH_KNOTS('',3,(#10046,#10047,#10048,#10049),
 .UNSPECIFIED.,.F.,.F.,(4,4),(-1.,0.),.UNSPECIFIED.);
#535=B_SPLINE_CURVE_WITH_KNOTS('',3,(#10064,#10065,#10066,#10067),
 .UNSPECIFIED.,.F.,.F.,(4,4),(-1.,0.),.UNSPECIFIED.);
#536=B_SPLINE_CURVE_WITH_KNOTS('',3,(#10078,#10079,#10080,#10081),
 .UNSPECIFIED.,.F.,.F.,(4,4),(-1.,0.),.UNSPECIFIED.);
#537=B_SPLINE_CURVE_WITH_KNOTS('',3,(#10096,#10097,#10098,#10099),
 .UNSPECIFIED.,.F.,.F.,(4,4),(-1.,0.),.UNSPECIFIED.);
#538=B_SPLINE_CURVE_WITH_KNOTS('',3,(#10110,#10111,#10112,#10113),
 .UNSPECIFIED.,.F.,.F.,(4,4),(-1.,0.),.UNSPECIFIED.);
#539=B_SPLINE_CURVE_WITH_KNOTS('',3,(#10128,#10129,#10130,#10131),
 .UNSPECIFIED.,.F.,.F.,(4,4),(-1.,0.),.UNSPECIFIED.);
#540=B_SPLINE_CURVE_WITH_KNOTS('',3,(#10141,#10142,#10143,#10144),
 .UNSPECIFIED.,.F.,.F.,(4,4),(-1.,0.),.UNSPECIFIED.);
#541=B_SPLINE_CURVE_WITH_KNOTS('',3,(#10160,#10161,#10162,#10163),
 .UNSPECIFIED.,.F.,.F.,(4,4),(-1.,0.),.UNSPECIFIED.);
#542=B_SPLINE_CURVE_WITH_KNOTS('',3,(#10174,#10175,#10176,#10177),
 .UNSPECIFIED.,.F.,.F.,(4,4),(-1.,0.),.UNSPECIFIED.);
#543=B_SPLINE_CURVE_WITH_KNOTS('',3,(#10192,#10193,#10194,#10195),
 .UNSPECIFIED.,.F.,.F.,(4,4),(-1.,0.),.UNSPECIFIED.);
#544=B_SPLINE_CURVE_WITH_KNOTS('',3,(#10206,#10207,#10208,#10209),
 .UNSPECIFIED.,.F.,.F.,(4,4),(-1.,0.),.UNSPECIFIED.);
#545=B_SPLINE_CURVE_WITH_KNOTS('',3,(#10224,#10225,#10226,#10227),
 .UNSPECIFIED.,.F.,.F.,(4,4),(-1.,0.),.UNSPECIFIED.);
#546=B_SPLINE_CURVE_WITH_KNOTS('',3,(#10238,#10239,#10240,#10241),
 .UNSPECIFIED.,.F.,.F.,(4,4),(-1.,0.),.UNSPECIFIED.);
#547=B_SPLINE_CURVE_WITH_KNOTS('',3,(#10256,#10257,#10258,#10259),
 .UNSPECIFIED.,.F.,.F.,(4,4),(-1.,0.),.UNSPECIFIED.);
#548=B_SPLINE_CURVE_WITH_KNOTS('',3,(#10269,#10270,#10271,#10272),
 .UNSPECIFIED.,.F.,.F.,(4,4),(-1.,0.),.UNSPECIFIED.);
#549=B_SPLINE_CURVE_WITH_KNOTS('',3,(#10288,#10289,#10290,#10291),
 .UNSPECIFIED.,.F.,.F.,(4,4),(-1.,0.),.UNSPECIFIED.);
#550=B_SPLINE_CURVE_WITH_KNOTS('',3,(#10302,#10303,#10304,#10305),
 .UNSPECIFIED.,.F.,.F.,(4,4),(-1.,0.),.UNSPECIFIED.);
#551=B_SPLINE_CURVE_WITH_KNOTS('',3,(#10320,#10321,#10322,#10323),
 .UNSPECIFIED.,.F.,.F.,(4,4),(-1.,0.),.UNSPECIFIED.);
#552=B_SPLINE_CURVE_WITH_KNOTS('',3,(#10334,#10335,#10336,#10337),
 .UNSPECIFIED.,.F.,.F.,(4,4),(-1.,0.),.UNSPECIFIED.);
#553=B_SPLINE_CURVE_WITH_KNOTS('',3,(#10352,#10353,#10354,#10355),
 .UNSPECIFIED.,.F.,.F.,(4,4),(-1.,0.),.UNSPECIFIED.);
#554=B_SPLINE_CURVE_WITH_KNOTS('',3,(#10366,#10367,#10368,#10369),
 .UNSPECIFIED.,.F.,.F.,(4,4),(-1.,0.),.UNSPECIFIED.);
#555=B_SPLINE_CURVE_WITH_KNOTS('',3,(#10384,#10385,#10386,#10387),
 .UNSPECIFIED.,.F.,.F.,(4,4),(-1.,0.),.UNSPECIFIED.);
#556=B_SPLINE_CURVE_WITH_KNOTS('',3,(#10397,#10398,#10399,#10400),
 .UNSPECIFIED.,.F.,.F.,(4,4),(-1.,0.),.UNSPECIFIED.);
#557=B_SPLINE_CURVE_WITH_KNOTS('',3,(#10432,#10433,#10434,#10435),
 .UNSPECIFIED.,.F.,.F.,(4,4),(-1.,0.),.UNSPECIFIED.);
#558=B_SPLINE_CURVE_WITH_KNOTS('',3,(#10446,#10447,#10448,#10449),
 .UNSPECIFIED.,.F.,.F.,(4,4),(-1.,0.),.UNSPECIFIED.);
#559=B_SPLINE_CURVE_WITH_KNOTS('',3,(#10464,#10465,#10466,#10467),
 .UNSPECIFIED.,.F.,.F.,(4,4),(-1.,0.),.UNSPECIFIED.);
#560=B_SPLINE_CURVE_WITH_KNOTS('',3,(#10478,#10479,#10480,#10481),
 .UNSPECIFIED.,.F.,.F.,(4,4),(-1.,0.),.UNSPECIFIED.);
#561=B_SPLINE_CURVE_WITH_KNOTS('',3,(#10496,#10497,#10498,#10499),
 .UNSPECIFIED.,.F.,.F.,(4,4),(-1.,0.),.UNSPECIFIED.);
#562=B_SPLINE_CURVE_WITH_KNOTS('',3,(#10510,#10511,#10512,#10513),
 .UNSPECIFIED.,.F.,.F.,(4,4),(-1.,0.),.UNSPECIFIED.);
#563=B_SPLINE_CURVE_WITH_KNOTS('',3,(#10528,#10529,#10530,#10531),
 .UNSPECIFIED.,.F.,.F.,(4,4),(-1.,0.),.UNSPECIFIED.);
#564=B_SPLINE_CURVE_WITH_KNOTS('',3,(#10541,#10542,#10543,#10544),
 .UNSPECIFIED.,.F.,.F.,(4,4),(-1.,0.),.UNSPECIFIED.);
#565=B_SPLINE_CURVE_WITH_KNOTS('',3,(#10560,#10561,#10562,#10563),
 .UNSPECIFIED.,.F.,.F.,(4,4),(-1.,0.),.UNSPECIFIED.);
#566=B_SPLINE_CURVE_WITH_KNOTS('',3,(#10574,#10575,#10576,#10577),
 .UNSPECIFIED.,.F.,.F.,(4,4),(-1.,0.),.UNSPECIFIED.);
#567=B_SPLINE_CURVE_WITH_KNOTS('',3,(#10592,#10593,#10594,#10595),
 .UNSPECIFIED.,.F.,.F.,(4,4),(-1.,0.),.UNSPECIFIED.);
#568=B_SPLINE_CURVE_WITH_KNOTS('',3,(#10606,#10607,#10608,#10609),
 .UNSPECIFIED.,.F.,.F.,(4,4),(-1.,0.),.UNSPECIFIED.);
#569=B_SPLINE_CURVE_WITH_KNOTS('',3,(#10624,#10625,#10626,#10627),
 .UNSPECIFIED.,.F.,.F.,(4,4),(-1.,0.),.UNSPECIFIED.);
#570=B_SPLINE_CURVE_WITH_KNOTS('',3,(#10638,#10639,#10640,#10641),
 .UNSPECIFIED.,.F.,.F.,(4,4),(-1.,0.),.UNSPECIFIED.);
#571=B_SPLINE_CURVE_WITH_KNOTS('',3,(#10656,#10657,#10658,#10659),
 .UNSPECIFIED.,.F.,.F.,(4,4),(-1.,0.),.UNSPECIFIED.);
#572=B_SPLINE_CURVE_WITH_KNOTS('',3,(#10669,#10670,#10671,#10672),
 .UNSPECIFIED.,.F.,.F.,(4,4),(-1.,0.),.UNSPECIFIED.);
#573=B_SPLINE_CURVE_WITH_KNOTS('',3,(#10688,#10689,#10690,#10691),
 .UNSPECIFIED.,.F.,.F.,(4,4),(-1.,0.),.UNSPECIFIED.);
#574=B_SPLINE_CURVE_WITH_KNOTS('',3,(#10702,#10703,#10704,#10705),
 .UNSPECIFIED.,.F.,.F.,(4,4),(-1.,0.),.UNSPECIFIED.);
#575=B_SPLINE_CURVE_WITH_KNOTS('',3,(#10720,#10721,#10722,#10723),
 .UNSPECIFIED.,.F.,.F.,(4,4),(-1.,0.),.UNSPECIFIED.);
#576=B_SPLINE_CURVE_WITH_KNOTS('',3,(#10734,#10735,#10736,#10737),
 .UNSPECIFIED.,.F.,.F.,(4,4),(-1.,0.),.UNSPECIFIED.);
#577=B_SPLINE_CURVE_WITH_KNOTS('',3,(#10752,#10753,#10754,#10755),
 .UNSPECIFIED.,.F.,.F.,(4,4),(-1.,0.),.UNSPECIFIED.);
#578=B_SPLINE_CURVE_WITH_KNOTS('',3,(#10766,#10767,#10768,#10769),
 .UNSPECIFIED.,.F.,.F.,(4,4),(-1.,0.),.UNSPECIFIED.);
#579=B_SPLINE_CURVE_WITH_KNOTS('',3,(#10784,#10785,#10786,#10787),
 .UNSPECIFIED.,.F.,.F.,(4,4),(-1.,0.),.UNSPECIFIED.);
#580=B_SPLINE_CURVE_WITH_KNOTS('',3,(#10797,#10798,#10799,#10800),
 .UNSPECIFIED.,.F.,.F.,(4,4),(-1.,0.),.UNSPECIFIED.);
#581=B_SPLINE_CURVE_WITH_KNOTS('',3,(#10816,#10817,#10818,#10819),
 .UNSPECIFIED.,.F.,.F.,(4,4),(-1.,0.),.UNSPECIFIED.);
#582=B_SPLINE_CURVE_WITH_KNOTS('',3,(#10830,#10831,#10832,#10833),
 .UNSPECIFIED.,.F.,.F.,(4,4),(-1.,0.),.UNSPECIFIED.);
#583=B_SPLINE_CURVE_WITH_KNOTS('',3,(#10848,#10849,#10850,#10851),
 .UNSPECIFIED.,.F.,.F.,(4,4),(-1.,0.),.UNSPECIFIED.);
#584=B_SPLINE_CURVE_WITH_KNOTS('',3,(#10862,#10863,#10864,#10865),
 .UNSPECIFIED.,.F.,.F.,(4,4),(-1.,0.),.UNSPECIFIED.);
#585=B_SPLINE_CURVE_WITH_KNOTS('',3,(#10880,#10881,#10882,#10883),
 .UNSPECIFIED.,.F.,.F.,(4,4),(-1.,0.),.UNSPECIFIED.);
#586=B_SPLINE_CURVE_WITH_KNOTS('',3,(#10894,#10895,#10896,#10897),
 .UNSPECIFIED.,.F.,.F.,(4,4),(-1.,0.),.UNSPECIFIED.);
#587=B_SPLINE_CURVE_WITH_KNOTS('',3,(#10912,#10913,#10914,#10915),
 .UNSPECIFIED.,.F.,.F.,(4,4),(-1.,0.),.UNSPECIFIED.);
#588=B_SPLINE_CURVE_WITH_KNOTS('',3,(#10925,#10926,#10927,#10928),
 .UNSPECIFIED.,.F.,.F.,(4,4),(-1.,0.),.UNSPECIFIED.);
#589=B_SPLINE_CURVE_WITH_KNOTS('',3,(#10944,#10945,#10946,#10947),
 .UNSPECIFIED.,.F.,.F.,(4,4),(-1.,0.),.UNSPECIFIED.);
#590=B_SPLINE_CURVE_WITH_KNOTS('',3,(#10958,#10959,#10960,#10961),
 .UNSPECIFIED.,.F.,.F.,(4,4),(-1.,0.),.UNSPECIFIED.);
#591=B_SPLINE_CURVE_WITH_KNOTS('',3,(#10976,#10977,#10978,#10979),
 .UNSPECIFIED.,.F.,.F.,(4,4),(-1.,0.),.UNSPECIFIED.);
#592=B_SPLINE_CURVE_WITH_KNOTS('',3,(#10990,#10991,#10992,#10993),
 .UNSPECIFIED.,.F.,.F.,(4,4),(-1.,0.),.UNSPECIFIED.);
#593=B_SPLINE_CURVE_WITH_KNOTS('',3,(#11008,#11009,#11010,#11011),
 .UNSPECIFIED.,.F.,.F.,(4,4),(-1.,0.),.UNSPECIFIED.);
#594=B_SPLINE_CURVE_WITH_KNOTS('',3,(#11022,#11023,#11024,#11025),
 .UNSPECIFIED.,.F.,.F.,(4,4),(-1.,0.),.UNSPECIFIED.);
#595=B_SPLINE_CURVE_WITH_KNOTS('',3,(#11040,#11041,#11042,#11043),
 .UNSPECIFIED.,.F.,.F.,(4,4),(-1.,0.),.UNSPECIFIED.);
#596=B_SPLINE_CURVE_WITH_KNOTS('',3,(#11053,#11054,#11055,#11056),
 .UNSPECIFIED.,.F.,.F.,(4,4),(-1.,0.),.UNSPECIFIED.);
#597=B_SPLINE_CURVE_WITH_KNOTS('',3,(#11072,#11073,#11074,#11075),
 .UNSPECIFIED.,.F.,.F.,(4,4),(-1.,0.),.UNSPECIFIED.);
#598=B_SPLINE_CURVE_WITH_KNOTS('',3,(#11086,#11087,#11088,#11089),
 .UNSPECIFIED.,.F.,.F.,(4,4),(-1.,0.),.UNSPECIFIED.);
#599=B_SPLINE_CURVE_WITH_KNOTS('',3,(#11104,#11105,#11106,#11107),
 .UNSPECIFIED.,.F.,.F.,(4,4),(-1.,0.),.UNSPECIFIED.);
#600=B_SPLINE_CURVE_WITH_KNOTS('',3,(#11118,#11119,#11120,#11121),
 .UNSPECIFIED.,.F.,.F.,(4,4),(-1.,0.),.UNSPECIFIED.);
#601=B_SPLINE_CURVE_WITH_KNOTS('',3,(#11136,#11137,#11138,#11139),
 .UNSPECIFIED.,.F.,.F.,(4,4),(-1.,0.),.UNSPECIFIED.);
#602=B_SPLINE_CURVE_WITH_KNOTS('',3,(#11150,#11151,#11152,#11153),
 .UNSPECIFIED.,.F.,.F.,(4,4),(-1.,0.),.UNSPECIFIED.);
#603=B_SPLINE_CURVE_WITH_KNOTS('',3,(#11168,#11169,#11170,#11171),
 .UNSPECIFIED.,.F.,.F.,(4,4),(-1.,0.),.UNSPECIFIED.);
#604=B_SPLINE_CURVE_WITH_KNOTS('',3,(#11181,#11182,#11183,#11184),
 .UNSPECIFIED.,.F.,.F.,(4,4),(-1.,0.),.UNSPECIFIED.);
#605=B_SPLINE_CURVE_WITH_KNOTS('',3,(#11200,#11201,#11202,#11203),
 .UNSPECIFIED.,.F.,.F.,(4,4),(-1.,0.),.UNSPECIFIED.);
#606=B_SPLINE_CURVE_WITH_KNOTS('',3,(#11214,#11215,#11216,#11217),
 .UNSPECIFIED.,.F.,.F.,(4,4),(-1.,0.),.UNSPECIFIED.);
#607=B_SPLINE_CURVE_WITH_KNOTS('',3,(#11232,#11233,#11234,#11235),
 .UNSPECIFIED.,.F.,.F.,(4,4),(-1.,0.),.UNSPECIFIED.);
#608=B_SPLINE_CURVE_WITH_KNOTS('',3,(#11246,#11247,#11248,#11249),
 .UNSPECIFIED.,.F.,.F.,(4,4),(-1.,0.),.UNSPECIFIED.);
#609=B_SPLINE_CURVE_WITH_KNOTS('',3,(#11264,#11265,#11266,#11267),
 .UNSPECIFIED.,.F.,.F.,(4,4),(-1.,0.),.UNSPECIFIED.);
#610=B_SPLINE_CURVE_WITH_KNOTS('',3,(#11278,#11279,#11280,#11281),
 .UNSPECIFIED.,.F.,.F.,(4,4),(-1.,0.),.UNSPECIFIED.);
#611=B_SPLINE_CURVE_WITH_KNOTS('',3,(#11296,#11297,#11298,#11299),
 .UNSPECIFIED.,.F.,.F.,(4,4),(-1.,0.),.UNSPECIFIED.);
#612=B_SPLINE_CURVE_WITH_KNOTS('',3,(#11309,#11310,#11311,#11312),
 .UNSPECIFIED.,.F.,.F.,(4,4),(-1.,0.),.UNSPECIFIED.);
#613=B_SPLINE_CURVE_WITH_KNOTS('',3,(#11328,#11329,#11330,#11331),
 .UNSPECIFIED.,.F.,.F.,(4,4),(-1.,0.),.UNSPECIFIED.);
#614=B_SPLINE_CURVE_WITH_KNOTS('',3,(#11342,#11343,#11344,#11345),
 .UNSPECIFIED.,.F.,.F.,(4,4),(-1.,0.),.UNSPECIFIED.);
#615=B_SPLINE_CURVE_WITH_KNOTS('',3,(#11360,#11361,#11362,#11363),
 .UNSPECIFIED.,.F.,.F.,(4,4),(-1.,0.),.UNSPECIFIED.);
#616=B_SPLINE_CURVE_WITH_KNOTS('',3,(#11374,#11375,#11376,#11377),
 .UNSPECIFIED.,.F.,.F.,(4,4),(-1.,0.),.UNSPECIFIED.);
#617=B_SPLINE_CURVE_WITH_KNOTS('',3,(#11392,#11393,#11394,#11395),
 .UNSPECIFIED.,.F.,.F.,(4,4),(-1.,0.),.UNSPECIFIED.);
#618=B_SPLINE_CURVE_WITH_KNOTS('',3,(#11406,#11407,#11408,#11409),
 .UNSPECIFIED.,.F.,.F.,(4,4),(-1.,0.),.UNSPECIFIED.);
#619=B_SPLINE_CURVE_WITH_KNOTS('',3,(#11424,#11425,#11426,#11427),
 .UNSPECIFIED.,.F.,.F.,(4,4),(-1.,0.),.UNSPECIFIED.);
#620=B_SPLINE_CURVE_WITH_KNOTS('',3,(#11437,#11438,#11439,#11440),
 .UNSPECIFIED.,.F.,.F.,(4,4),(-1.,0.),.UNSPECIFIED.);
#621=FACE_OUTER_BOUND('',#919,.T.);
#622=FACE_OUTER_BOUND('',#920,.T.);
#623=FACE_OUTER_BOUND('',#921,.T.);
#624=FACE_OUTER_BOUND('',#922,.T.);
#625=FACE_OUTER_BOUND('',#923,.T.);
#626=FACE_OUTER_BOUND('',#924,.T.);
#627=FACE_OUTER_BOUND('',#925,.T.);
#628=FACE_OUTER_BOUND('',#926,.T.);
#629=FACE_OUTER_BOUND('',#927,.T.);
#630=FACE_OUTER_BOUND('',#954,.T.);
#631=FACE_OUTER_BOUND('',#955,.T.);
#632=FACE_OUTER_BOUND('',#956,.T.);
#633=FACE_OUTER_BOUND('',#957,.T.);
#634=FACE_OUTER_BOUND('',#958,.T.);
#635=FACE_OUTER_BOUND('',#959,.T.);
#636=FACE_OUTER_BOUND('',#960,.T.);
#637=FACE_OUTER_BOUND('',#961,.T.);
#638=FACE_OUTER_BOUND('',#962,.T.);
#639=FACE_OUTER_BOUND('',#963,.T.);
#640=FACE_OUTER_BOUND('',#964,.T.);
#641=FACE_OUTER_BOUND('',#965,.T.);
#642=FACE_OUTER_BOUND('',#966,.T.);
#643=FACE_OUTER_BOUND('',#967,.T.);
#644=FACE_OUTER_BOUND('',#968,.T.);
#645=FACE_OUTER_BOUND('',#969,.T.);
#646=FACE_OUTER_BOUND('',#970,.T.);
#647=FACE_OUTER_BOUND('',#971,.T.);
#648=FACE_OUTER_BOUND('',#972,.T.);
#649=FACE_OUTER_BOUND('',#973,.T.);
#650=FACE_OUTER_BOUND('',#974,.T.);
#651=FACE_OUTER_BOUND('',#975,.T.);
#652=FACE_OUTER_BOUND('',#976,.T.);
#653=FACE_OUTER_BOUND('',#977,.T.);
#654=FACE_OUTER_BOUND('',#978,.T.);
#655=FACE_OUTER_BOUND('',#979,.T.);
#656=FACE_OUTER_BOUND('',#980,.T.);
#657=FACE_OUTER_BOUND('',#981,.T.);
#658=FACE_OUTER_BOUND('',#982,.T.);
#659=FACE_OUTER_BOUND('',#983,.T.);
#660=FACE_OUTER_BOUND('',#984,.T.);
#661=FACE_OUTER_BOUND('',#985,.T.);
#662=FACE_OUTER_BOUND('',#986,.T.);
#663=FACE_OUTER_BOUND('',#987,.T.);
#664=FACE_OUTER_BOUND('',#988,.T.);
#665=FACE_OUTER_BOUND('',#989,.T.);
#666=FACE_OUTER_BOUND('',#990,.T.);
#667=FACE_OUTER_BOUND('',#991,.T.);
#668=FACE_OUTER_BOUND('',#992,.T.);
#669=FACE_OUTER_BOUND('',#993,.T.);
#670=FACE_OUTER_BOUND('',#994,.T.);
#671=FACE_OUTER_BOUND('',#995,.T.);
#672=FACE_OUTER_BOUND('',#996,.T.);
#673=FACE_OUTER_BOUND('',#997,.T.);
#674=FACE_OUTER_BOUND('',#998,.T.);
#675=FACE_OUTER_BOUND('',#999,.T.);
#676=FACE_OUTER_BOUND('',#1000,.T.);
#677=FACE_OUTER_BOUND('',#1001,.T.);
#678=FACE_OUTER_BOUND('',#1002,.T.);
#679=FACE_OUTER_BOUND('',#1003,.T.);
#680=FACE_OUTER_BOUND('',#1004,.T.);
#681=FACE_OUTER_BOUND('',#1005,.T.);
#682=FACE_OUTER_BOUND('',#1006,.T.);
#683=FACE_OUTER_BOUND('',#1007,.T.);
#684=FACE_OUTER_BOUND('',#1008,.T.);
#685=FACE_OUTER_BOUND('',#1009,.T.);
#686=FACE_OUTER_BOUND('',#1010,.T.);
#687=FACE_OUTER_BOUND('',#1011,.T.);
#688=FACE_OUTER_BOUND('',#1012,.T.);
#689=FACE_OUTER_BOUND('',#1013,.T.);
#690=FACE_OUTER_BOUND('',#1014,.T.);
#691=FACE_OUTER_BOUND('',#1015,.T.);
#692=FACE_OUTER_BOUND('',#1016,.T.);
#693=FACE_OUTER_BOUND('',#1017,.T.);
#694=FACE_OUTER_BOUND('',#1018,.T.);
#695=FACE_OUTER_BOUND('',#1019,.T.);
#696=FACE_OUTER_BOUND('',#1020,.T.);
#697=FACE_OUTER_BOUND('',#1021,.T.);
#698=FACE_OUTER_BOUND('',#1022,.T.);
#699=FACE_OUTER_BOUND('',#1023,.T.);
#700=FACE_OUTER_BOUND('',#1024,.T.);
#701=FACE_OUTER_BOUND('',#1025,.T.);
#702=FACE_OUTER_BOUND('',#1026,.T.);
#703=FACE_OUTER_BOUND('',#1027,.T.);
#704=FACE_OUTER_BOUND('',#1028,.T.);
#705=FACE_OUTER_BOUND('',#1029,.T.);
#706=FACE_OUTER_BOUND('',#1030,.T.);
#707=FACE_OUTER_BOUND('',#1031,.T.);
#708=FACE_OUTER_BOUND('',#1032,.T.);
#709=FACE_OUTER_BOUND('',#1033,.T.);
#710=FACE_OUTER_BOUND('',#1034,.T.);
#711=FACE_OUTER_BOUND('',#1035,.T.);
#712=FACE_OUTER_BOUND('',#1036,.T.);
#713=FACE_OUTER_BOUND('',#1037,.T.);
#714=FACE_OUTER_BOUND('',#1038,.T.);
#715=FACE_OUTER_BOUND('',#1039,.T.);
#716=FACE_OUTER_BOUND('',#1040,.T.);
#717=FACE_OUTER_BOUND('',#1041,.T.);
#718=FACE_OUTER_BOUND('',#1042,.T.);
#719=FACE_OUTER_BOUND('',#1043,.T.);
#720=FACE_OUTER_BOUND('',#1044,.T.);
#721=FACE_OUTER_BOUND('',#1045,.T.);
#722=FACE_OUTER_BOUND('',#1046,.T.);
#723=FACE_OUTER_BOUND('',#1047,.T.);
#724=FACE_OUTER_BOUND('',#1048,.T.);
#725=FACE_OUTER_BOUND('',#1049,.T.);
#726=FACE_OUTER_BOUND('',#1050,.T.);
#727=FACE_OUTER_BOUND('',#1051,.T.);
#728=FACE_OUTER_BOUND('',#1052,.T.);
#729=FACE_OUTER_BOUND('',#1053,.T.);
#730=FACE_OUTER_BOUND('',#1054,.T.);
#731=FACE_OUTER_BOUND('',#1055,.T.);
#732=FACE_OUTER_BOUND('',#1056,.T.);
#733=FACE_OUTER_BOUND('',#1057,.T.);
#734=FACE_OUTER_BOUND('',#1058,.T.);
#735=FACE_OUTER_BOUND('',#1059,.T.);
#736=FACE_OUTER_BOUND('',#1060,.T.);
#737=FACE_OUTER_BOUND('',#1061,.T.);
#738=FACE_OUTER_BOUND('',#1062,.T.);
#739=FACE_OUTER_BOUND('',#1063,.T.);
#740=FACE_OUTER_BOUND('',#1064,.T.);
#741=FACE_OUTER_BOUND('',#1065,.T.);
#742=FACE_OUTER_BOUND('',#1066,.T.);
#743=FACE_OUTER_BOUND('',#1067,.T.);
#744=FACE_OUTER_BOUND('',#1068,.T.);
#745=FACE_OUTER_BOUND('',#1069,.T.);
#746=FACE_OUTER_BOUND('',#1070,.T.);
#747=FACE_OUTER_BOUND('',#1071,.T.);
#748=FACE_OUTER_BOUND('',#1072,.T.);
#749=FACE_OUTER_BOUND('',#1073,.T.);
#750=FACE_OUTER_BOUND('',#1074,.T.);
#751=FACE_OUTER_BOUND('',#1075,.T.);
#752=FACE_OUTER_BOUND('',#1076,.T.);
#753=FACE_OUTER_BOUND('',#1077,.T.);
#754=FACE_OUTER_BOUND('',#1078,.T.);
#755=FACE_OUTER_BOUND('',#1079,.T.);
#756=FACE_OUTER_BOUND('',#1080,.T.);
#757=FACE_OUTER_BOUND('',#1081,.T.);
#758=FACE_OUTER_BOUND('',#1082,.T.);
#759=FACE_OUTER_BOUND('',#1083,.T.);
#760=FACE_OUTER_BOUND('',#1084,.T.);
#761=FACE_OUTER_BOUND('',#1085,.T.);
#762=FACE_OUTER_BOUND('',#1086,.T.);
#763=FACE_OUTER_BOUND('',#1087,.T.);
#764=FACE_OUTER_BOUND('',#1088,.T.);
#765=FACE_OUTER_BOUND('',#1089,.T.);
#766=FACE_OUTER_BOUND('',#1090,.T.);
#767=FACE_OUTER_BOUND('',#1091,.T.);
#768=FACE_OUTER_BOUND('',#1092,.T.);
#769=FACE_OUTER_BOUND('',#1093,.T.);
#770=FACE_OUTER_BOUND('',#1094,.T.);
#771=FACE_OUTER_BOUND('',#1095,.T.);
#772=FACE_OUTER_BOUND('',#1096,.T.);
#773=FACE_OUTER_BOUND('',#1097,.T.);
#774=FACE_OUTER_BOUND('',#1098,.T.);
#775=FACE_OUTER_BOUND('',#1099,.T.);
#776=FACE_OUTER_BOUND('',#1100,.T.);
#777=FACE_OUTER_BOUND('',#1101,.T.);
#778=FACE_OUTER_BOUND('',#1102,.T.);
#779=FACE_OUTER_BOUND('',#1103,.T.);
#780=FACE_OUTER_BOUND('',#1104,.T.);
#781=FACE_OUTER_BOUND('',#1105,.T.);
#782=FACE_OUTER_BOUND('',#1106,.T.);
#783=FACE_OUTER_BOUND('',#1107,.T.);
#784=FACE_OUTER_BOUND('',#1108,.T.);
#785=FACE_OUTER_BOUND('',#1109,.T.);
#786=FACE_OUTER_BOUND('',#1110,.T.);
#787=FACE_OUTER_BOUND('',#1111,.T.);
#788=FACE_OUTER_BOUND('',#1112,.T.);
#789=FACE_OUTER_BOUND('',#1113,.T.);
#790=FACE_OUTER_BOUND('',#1114,.T.);
#791=FACE_OUTER_BOUND('',#1115,.T.);
#792=FACE_OUTER_BOUND('',#1116,.T.);
#793=FACE_OUTER_BOUND('',#1117,.T.);
#794=FACE_OUTER_BOUND('',#1118,.T.);
#795=FACE_OUTER_BOUND('',#1119,.T.);
#796=FACE_OUTER_BOUND('',#1120,.T.);
#797=FACE_OUTER_BOUND('',#1121,.T.);
#798=FACE_OUTER_BOUND('',#1122,.T.);
#799=FACE_OUTER_BOUND('',#1123,.T.);
#800=FACE_OUTER_BOUND('',#1124,.T.);
#801=FACE_OUTER_BOUND('',#1125,.T.);
#802=FACE_OUTER_BOUND('',#1126,.T.);
#803=FACE_OUTER_BOUND('',#1127,.T.);
#804=FACE_OUTER_BOUND('',#1128,.T.);
#805=FACE_OUTER_BOUND('',#1129,.T.);
#806=FACE_OUTER_BOUND('',#1130,.T.);
#807=FACE_OUTER_BOUND('',#1131,.T.);
#808=FACE_OUTER_BOUND('',#1132,.T.);
#809=FACE_OUTER_BOUND('',#1133,.T.);
#810=FACE_OUTER_BOUND('',#1134,.T.);
#811=FACE_OUTER_BOUND('',#1135,.T.);
#812=FACE_OUTER_BOUND('',#1136,.T.);
#813=FACE_OUTER_BOUND('',#1137,.T.);
#814=FACE_OUTER_BOUND('',#1138,.T.);
#815=FACE_OUTER_BOUND('',#1139,.T.);
#816=FACE_OUTER_BOUND('',#1140,.T.);
#817=FACE_OUTER_BOUND('',#1141,.T.);
#818=FACE_OUTER_BOUND('',#1142,.T.);
#819=FACE_OUTER_BOUND('',#1143,.T.);
#820=FACE_OUTER_BOUND('',#1144,.T.);
#821=FACE_OUTER_BOUND('',#1145,.T.);
#822=FACE_OUTER_BOUND('',#1146,.T.);
#823=FACE_OUTER_BOUND('',#1147,.T.);
#824=FACE_OUTER_BOUND('',#1148,.T.);
#825=FACE_OUTER_BOUND('',#1149,.T.);
#826=FACE_OUTER_BOUND('',#1150,.T.);
#827=FACE_OUTER_BOUND('',#1151,.T.);
#828=FACE_OUTER_BOUND('',#1152,.T.);
#829=FACE_OUTER_BOUND('',#1153,.T.);
#830=FACE_OUTER_BOUND('',#1154,.T.);
#831=FACE_OUTER_BOUND('',#1155,.T.);
#832=FACE_OUTER_BOUND('',#1156,.T.);
#833=FACE_OUTER_BOUND('',#1157,.T.);
#834=FACE_OUTER_BOUND('',#1158,.T.);
#835=FACE_OUTER_BOUND('',#1159,.T.);
#836=FACE_OUTER_BOUND('',#1160,.T.);
#837=FACE_OUTER_BOUND('',#1161,.T.);
#838=FACE_OUTER_BOUND('',#1162,.T.);
#839=FACE_OUTER_BOUND('',#1163,.T.);
#840=FACE_OUTER_BOUND('',#1164,.T.);
#841=FACE_OUTER_BOUND('',#1165,.T.);
#842=FACE_OUTER_BOUND('',#1166,.T.);
#843=FACE_OUTER_BOUND('',#1167,.T.);
#844=FACE_OUTER_BOUND('',#1168,.T.);
#845=FACE_OUTER_BOUND('',#1169,.T.);
#846=FACE_OUTER_BOUND('',#1170,.T.);
#847=FACE_OUTER_BOUND('',#1171,.T.);
#848=FACE_OUTER_BOUND('',#1172,.T.);
#849=FACE_OUTER_BOUND('',#1173,.T.);
#850=FACE_OUTER_BOUND('',#1174,.T.);
#851=FACE_OUTER_BOUND('',#1175,.T.);
#852=FACE_OUTER_BOUND('',#1176,.T.);
#853=FACE_OUTER_BOUND('',#1177,.T.);
#854=FACE_OUTER_BOUND('',#1178,.T.);
#855=FACE_OUTER_BOUND('',#1179,.T.);
#856=FACE_OUTER_BOUND('',#1180,.T.);
#857=FACE_OUTER_BOUND('',#1181,.T.);
#858=FACE_OUTER_BOUND('',#1182,.T.);
#859=FACE_OUTER_BOUND('',#1183,.T.);
#860=FACE_OUTER_BOUND('',#1184,.T.);
#861=FACE_OUTER_BOUND('',#1185,.T.);
#862=FACE_OUTER_BOUND('',#1186,.T.);
#863=FACE_OUTER_BOUND('',#1187,.T.);
#864=FACE_OUTER_BOUND('',#1188,.T.);
#865=FACE_OUTER_BOUND('',#1189,.T.);
#866=FACE_OUTER_BOUND('',#1190,.T.);
#867=FACE_OUTER_BOUND('',#1191,.T.);
#868=FACE_OUTER_BOUND('',#1192,.T.);
#869=FACE_OUTER_BOUND('',#1193,.T.);
#870=FACE_OUTER_BOUND('',#1194,.T.);
#871=FACE_OUTER_BOUND('',#1195,.T.);
#872=FACE_OUTER_BOUND('',#1196,.T.);
#873=FACE_OUTER_BOUND('',#1197,.T.);
#874=FACE_OUTER_BOUND('',#1198,.T.);
#875=FACE_OUTER_BOUND('',#1199,.T.);
#876=FACE_OUTER_BOUND('',#1200,.T.);
#877=FACE_OUTER_BOUND('',#1201,.T.);
#878=FACE_OUTER_BOUND('',#1202,.T.);
#879=FACE_OUTER_BOUND('',#1203,.T.);
#880=FACE_OUTER_BOUND('',#1204,.T.);
#881=FACE_OUTER_BOUND('',#1205,.T.);
#882=FACE_OUTER_BOUND('',#1206,.T.);
#883=FACE_OUTER_BOUND('',#1207,.T.);
#884=FACE_OUTER_BOUND('',#1208,.T.);
#885=FACE_OUTER_BOUND('',#1209,.T.);
#886=FACE_OUTER_BOUND('',#1210,.T.);
#887=FACE_OUTER_BOUND('',#1211,.T.);
#888=FACE_OUTER_BOUND('',#1212,.T.);
#889=FACE_OUTER_BOUND('',#1213,.T.);
#890=FACE_OUTER_BOUND('',#1214,.T.);
#891=FACE_OUTER_BOUND('',#1215,.T.);
#892=FACE_OUTER_BOUND('',#1216,.T.);
#893=FACE_OUTER_BOUND('',#1217,.T.);
#894=FACE_OUTER_BOUND('',#1218,.T.);
#895=FACE_OUTER_BOUND('',#1219,.T.);
#896=FACE_OUTER_BOUND('',#1220,.T.);
#897=FACE_OUTER_BOUND('',#1221,.T.);
#898=FACE_OUTER_BOUND('',#1222,.T.);
#899=FACE_OUTER_BOUND('',#1223,.T.);
#900=FACE_OUTER_BOUND('',#1224,.T.);
#901=FACE_OUTER_BOUND('',#1225,.T.);
#902=FACE_OUTER_BOUND('',#1226,.T.);
#903=FACE_OUTER_BOUND('',#1227,.T.);
#904=FACE_OUTER_BOUND('',#1228,.T.);
#905=FACE_OUTER_BOUND('',#1229,.T.);
#906=FACE_OUTER_BOUND('',#1230,.T.);
#907=FACE_OUTER_BOUND('',#1231,.T.);
#908=FACE_OUTER_BOUND('',#1232,.T.);
#909=FACE_OUTER_BOUND('',#1233,.T.);
#910=FACE_OUTER_BOUND('',#1234,.T.);
#911=FACE_OUTER_BOUND('',#1235,.T.);
#912=FACE_OUTER_BOUND('',#1236,.T.);
#913=FACE_OUTER_BOUND('',#1237,.T.);
#914=FACE_OUTER_BOUND('',#1238,.T.);
#915=FACE_OUTER_BOUND('',#1239,.T.);
#916=FACE_OUTER_BOUND('',#1240,.T.);
#917=FACE_OUTER_BOUND('',#1241,.T.);
#918=FACE_OUTER_BOUND('',#1242,.T.);
#919=EDGE_LOOP('',(#3739,#3740,#3741,#3742));
#920=EDGE_LOOP('',(#3743,#3744,#3745,#3746));
#921=EDGE_LOOP('',(#3747,#3748,#3749,#3750));
#922=EDGE_LOOP('',(#3751,#3752,#3753,#3754,#3755,#3756,#3757,#3758,#3759,
#3760,#3761,#3762,#3763,#3764,#3765,#3766,#3767,#3768,#3769,#3770,#3771,
#3772,#3773,#3774,#3775,#3776,#3777,#3778,#3779,#3780,#3781,#3782,#3783,
#3784,#3785,#3786,#3787,#3788,#3789,#3790,#3791,#3792,#3793,#3794,#3795,
#3796,#3797));
#923=EDGE_LOOP('',(#3798,#3799,#3800,#3801,#3802,#3803,#3804,#3805,#3806,
#3807,#3808,#3809));
#924=EDGE_LOOP('',(#3810,#3811,#3812,#3813));
#925=EDGE_LOOP('',(#3814,#3815,#3816,#3817));
#926=EDGE_LOOP('',(#3818,#3819,#3820,#3821));
#927=EDGE_LOOP('',(#3822,#3823,#3824,#3825,#3826,#3827,#3828,#3829,#3830,
#3831,#3832,#3833,#3834,#3835,#3836,#3837,#3838,#3839,#3840,#3841,#3842,
#3843,#3844,#3845,#3846,#3847,#3848,#3849,#3850));
#928=EDGE_LOOP('',(#3851,#3852,#3853,#3854,#3855,#3856,#3857,#3858,#3859,
#3860,#3861,#3862));
#929=EDGE_LOOP('',(#3863,#3864,#3865,#3866,#3867,#3868,#3869,#3870));
#930=EDGE_LOOP('',(#3871));
#931=EDGE_LOOP('',(#3872,#3873,#3874,#3875));
#932=EDGE_LOOP('',(#3876));
#933=EDGE_LOOP('',(#3877));
#934=EDGE_LOOP('',(#3878,#3879,#3880,#3881,#3882,#3883,#3884,#3885,#3886,
#3887,#3888,#3889));
#935=EDGE_LOOP('',(#3890,#3891,#3892,#3893,#3894,#3895,#3896,#3897,#3898,
#3899,#3900,#3901));
#936=EDGE_LOOP('',(#3902,#3903,#3904,#3905,#3906,#3907,#3908,#3909));
#937=EDGE_LOOP('',(#3910,#3911,#3912,#3913,#3914,#3915,#3916,#3917,#3918,
#3919,#3920,#3921));
#938=EDGE_LOOP('',(#3922,#3923,#3924,#3925,#3926,#3927,#3928,#3929,#3930,
#3931,#3932,#3933));
#939=EDGE_LOOP('',(#3934,#3935,#3936,#3937,#3938,#3939,#3940,#3941,#3942,
#3943,#3944,#3945));
#940=EDGE_LOOP('',(#3946,#3947,#3948,#3949,#3950,#3951,#3952,#3953,#3954,
#3955,#3956,#3957));
#941=EDGE_LOOP('',(#3958,#3959,#3960,#3961,#3962,#3963,#3964,#3965,#3966,
#3967,#3968,#3969));
#942=EDGE_LOOP('',(#3970));
#943=EDGE_LOOP('',(#3971));
#944=EDGE_LOOP('',(#3972));
#945=EDGE_LOOP('',(#3973));
#946=EDGE_LOOP('',(#3974,#3975,#3976,#3977,#3978,#3979,#3980,#3981,#3982,
#3983,#3984,#3985));
#947=EDGE_LOOP('',(#3986,#3987,#3988,#3989,#3990,#3991,#3992,#3993,#3994,
#3995,#3996,#3997));
#948=EDGE_LOOP('',(#3998,#3999,#4000,#4001,#4002,#4003,#4004,#4005,#4006,
#4007,#4008,#4009));
#949=EDGE_LOOP('',(#4010,#4011,#4012,#4013,#4014,#4015,#4016,#4017,#4018,
#4019,#4020,#4021));
#950=EDGE_LOOP('',(#4022,#4023,#4024,#4025,#4026,#4027,#4028,#4029,#4030,
#4031,#4032,#4033));
#951=EDGE_LOOP('',(#4034,#4035,#4036,#4037,#4038,#4039,#4040,#4041,#4042,
#4043,#4044,#4045));
#952=EDGE_LOOP('',(#4046,#4047,#4048,#4049,#4050,#4051,#4052,#4053,#4054,
#4055,#4056,#4057));
#953=EDGE_LOOP('',(#4058,#4059,#4060,#4061,#4062,#4063,#4064,#4065,#4066,
#4067,#4068,#4069));
#954=EDGE_LOOP('',(#4070,#4071,#4072,#4073,#4074,#4075,#4076,#4077,#4078,
#4079,#4080,#4081));
#955=EDGE_LOOP('',(#4082,#4083,#4084,#4085,#4086,#4087,#4088));
#956=EDGE_LOOP('',(#4089,#4090,#4091,#4092,#4093,#4094,#4095));
#957=EDGE_LOOP('',(#4096,#4097,#4098,#4099));
#958=EDGE_LOOP('',(#4100,#4101,#4102,#4103));
#959=EDGE_LOOP('',(#4104,#4105,#4106,#4107));
#960=EDGE_LOOP('',(#4108,#4109,#4110,#4111));
#961=EDGE_LOOP('',(#4112,#4113,#4114,#4115));
#962=EDGE_LOOP('',(#4116,#4117,#4118,#4119));
#963=EDGE_LOOP('',(#4120,#4121,#4122,#4123));
#964=EDGE_LOOP('',(#4124,#4125,#4126,#4127));
#965=EDGE_LOOP('',(#4128,#4129,#4130,#4131));
#966=EDGE_LOOP('',(#4132,#4133,#4134,#4135));
#967=EDGE_LOOP('',(#4136,#4137,#4138,#4139));
#968=EDGE_LOOP('',(#4140,#4141,#4142,#4143));
#969=EDGE_LOOP('',(#4144,#4145,#4146,#4147));
#970=EDGE_LOOP('',(#4148,#4149,#4150,#4151));
#971=EDGE_LOOP('',(#4152,#4153,#4154,#4155));
#972=EDGE_LOOP('',(#4156,#4157,#4158,#4159));
#973=EDGE_LOOP('',(#4160,#4161,#4162,#4163));
#974=EDGE_LOOP('',(#4164,#4165,#4166,#4167));
#975=EDGE_LOOP('',(#4168,#4169,#4170,#4171));
#976=EDGE_LOOP('',(#4172,#4173,#4174,#4175));
#977=EDGE_LOOP('',(#4176,#4177,#4178,#4179));
#978=EDGE_LOOP('',(#4180,#4181,#4182,#4183));
#979=EDGE_LOOP('',(#4184,#4185,#4186,#4187));
#980=EDGE_LOOP('',(#4188,#4189,#4190,#4191));
#981=EDGE_LOOP('',(#4192,#4193,#4194,#4195));
#982=EDGE_LOOP('',(#4196,#4197,#4198,#4199));
#983=EDGE_LOOP('',(#4200,#4201,#4202,#4203));
#984=EDGE_LOOP('',(#4204,#4205,#4206,#4207));
#985=EDGE_LOOP('',(#4208,#4209,#4210,#4211,#4212));
#986=EDGE_LOOP('',(#4213,#4214,#4215,#4216,#4217));
#987=EDGE_LOOP('',(#4218,#4219,#4220,#4221));
#988=EDGE_LOOP('',(#4222,#4223,#4224,#4225));
#989=EDGE_LOOP('',(#4226,#4227,#4228,#4229));
#990=EDGE_LOOP('',(#4230,#4231,#4232,#4233));
#991=EDGE_LOOP('',(#4234,#4235,#4236,#4237));
#992=EDGE_LOOP('',(#4238,#4239,#4240,#4241));
#993=EDGE_LOOP('',(#4242,#4243,#4244,#4245));
#994=EDGE_LOOP('',(#4246,#4247,#4248,#4249));
#995=EDGE_LOOP('',(#4250,#4251,#4252,#4253));
#996=EDGE_LOOP('',(#4254,#4255,#4256,#4257));
#997=EDGE_LOOP('',(#4258,#4259,#4260,#4261));
#998=EDGE_LOOP('',(#4262,#4263,#4264,#4265));
#999=EDGE_LOOP('',(#4266,#4267,#4268,#4269));
#1000=EDGE_LOOP('',(#4270,#4271,#4272,#4273));
#1001=EDGE_LOOP('',(#4274,#4275,#4276,#4277));
#1002=EDGE_LOOP('',(#4278,#4279,#4280,#4281));
#1003=EDGE_LOOP('',(#4282,#4283,#4284,#4285));
#1004=EDGE_LOOP('',(#4286,#4287,#4288,#4289));
#1005=EDGE_LOOP('',(#4290,#4291,#4292,#4293));
#1006=EDGE_LOOP('',(#4294,#4295,#4296,#4297));
#1007=EDGE_LOOP('',(#4298,#4299,#4300,#4301));
#1008=EDGE_LOOP('',(#4302,#4303,#4304,#4305));
#1009=EDGE_LOOP('',(#4306,#4307,#4308,#4309));
#1010=EDGE_LOOP('',(#4310,#4311,#4312,#4313));
#1011=EDGE_LOOP('',(#4314,#4315,#4316,#4317));
#1012=EDGE_LOOP('',(#4318,#4319,#4320,#4321));
#1013=EDGE_LOOP('',(#4322,#4323,#4324,#4325));
#1014=EDGE_LOOP('',(#4326,#4327,#4328,#4329));
#1015=EDGE_LOOP('',(#4330,#4331,#4332,#4333));
#1016=EDGE_LOOP('',(#4334,#4335,#4336,#4337));
#1017=EDGE_LOOP('',(#4338,#4339,#4340,#4341));
#1018=EDGE_LOOP('',(#4342,#4343,#4344,#4345));
#1019=EDGE_LOOP('',(#4346,#4347,#4348,#4349));
#1020=EDGE_LOOP('',(#4350,#4351,#4352,#4353));
#1021=EDGE_LOOP('',(#4354,#4355,#4356,#4357));
#1022=EDGE_LOOP('',(#4358,#4359,#4360,#4361));
#1023=EDGE_LOOP('',(#4362,#4363,#4364,#4365));
#1024=EDGE_LOOP('',(#4366,#4367,#4368,#4369));
#1025=EDGE_LOOP('',(#4370,#4371,#4372,#4373));
#1026=EDGE_LOOP('',(#4374,#4375,#4376,#4377));
#1027=EDGE_LOOP('',(#4378,#4379,#4380,#4381));
#1028=EDGE_LOOP('',(#4382,#4383,#4384,#4385));
#1029=EDGE_LOOP('',(#4386,#4387,#4388,#4389));
#1030=EDGE_LOOP('',(#4390,#4391,#4392,#4393));
#1031=EDGE_LOOP('',(#4394,#4395,#4396,#4397));
#1032=EDGE_LOOP('',(#4398,#4399,#4400,#4401));
#1033=EDGE_LOOP('',(#4402,#4403,#4404,#4405));
#1034=EDGE_LOOP('',(#4406,#4407,#4408,#4409));
#1035=EDGE_LOOP('',(#4410,#4411,#4412,#4413));
#1036=EDGE_LOOP('',(#4414,#4415,#4416,#4417));
#1037=EDGE_LOOP('',(#4418,#4419,#4420,#4421));
#1038=EDGE_LOOP('',(#4422,#4423,#4424,#4425));
#1039=EDGE_LOOP('',(#4426,#4427,#4428,#4429));
#1040=EDGE_LOOP('',(#4430,#4431,#4432,#4433));
#1041=EDGE_LOOP('',(#4434,#4435,#4436,#4437));
#1042=EDGE_LOOP('',(#4438,#4439,#4440,#4441));
#1043=EDGE_LOOP('',(#4442,#4443,#4444,#4445));
#1044=EDGE_LOOP('',(#4446,#4447,#4448,#4449));
#1045=EDGE_LOOP('',(#4450,#4451,#4452,#4453));
#1046=EDGE_LOOP('',(#4454,#4455,#4456,#4457));
#1047=EDGE_LOOP('',(#4458,#4459,#4460,#4461));
#1048=EDGE_LOOP('',(#4462,#4463,#4464,#4465));
#1049=EDGE_LOOP('',(#4466,#4467,#4468,#4469));
#1050=EDGE_LOOP('',(#4470,#4471,#4472,#4473));
#1051=EDGE_LOOP('',(#4474,#4475,#4476,#4477));
#1052=EDGE_LOOP('',(#4478,#4479,#4480,#4481));
#1053=EDGE_LOOP('',(#4482,#4483,#4484,#4485));
#1054=EDGE_LOOP('',(#4486,#4487,#4488,#4489));
#1055=EDGE_LOOP('',(#4490,#4491,#4492,#4493));
#1056=EDGE_LOOP('',(#4494,#4495,#4496,#4497));
#1057=EDGE_LOOP('',(#4498,#4499,#4500,#4501));
#1058=EDGE_LOOP('',(#4502,#4503,#4504,#4505));
#1059=EDGE_LOOP('',(#4506,#4507,#4508,#4509));
#1060=EDGE_LOOP('',(#4510,#4511,#4512,#4513));
#1061=EDGE_LOOP('',(#4514,#4515,#4516,#4517));
#1062=EDGE_LOOP('',(#4518,#4519,#4520,#4521));
#1063=EDGE_LOOP('',(#4522,#4523,#4524,#4525));
#1064=EDGE_LOOP('',(#4526,#4527,#4528,#4529));
#1065=EDGE_LOOP('',(#4530,#4531,#4532,#4533));
#1066=EDGE_LOOP('',(#4534,#4535,#4536,#4537));
#1067=EDGE_LOOP('',(#4538,#4539,#4540,#4541));
#1068=EDGE_LOOP('',(#4542,#4543,#4544,#4545));
#1069=EDGE_LOOP('',(#4546,#4547,#4548,#4549));
#1070=EDGE_LOOP('',(#4550,#4551,#4552,#4553));
#1071=EDGE_LOOP('',(#4554,#4555,#4556,#4557));
#1072=EDGE_LOOP('',(#4558,#4559,#4560,#4561));
#1073=EDGE_LOOP('',(#4562,#4563,#4564,#4565));
#1074=EDGE_LOOP('',(#4566,#4567,#4568,#4569));
#1075=EDGE_LOOP('',(#4570,#4571,#4572,#4573));
#1076=EDGE_LOOP('',(#4574,#4575,#4576,#4577));
#1077=EDGE_LOOP('',(#4578,#4579,#4580,#4581));
#1078=EDGE_LOOP('',(#4582,#4583,#4584,#4585));
#1079=EDGE_LOOP('',(#4586,#4587,#4588,#4589));
#1080=EDGE_LOOP('',(#4590,#4591,#4592,#4593));
#1081=EDGE_LOOP('',(#4594,#4595,#4596,#4597));
#1082=EDGE_LOOP('',(#4598,#4599,#4600,#4601));
#1083=EDGE_LOOP('',(#4602,#4603,#4604,#4605));
#1084=EDGE_LOOP('',(#4606,#4607,#4608,#4609));
#1085=EDGE_LOOP('',(#4610,#4611,#4612,#4613));
#1086=EDGE_LOOP('',(#4614,#4615,#4616,#4617));
#1087=EDGE_LOOP('',(#4618,#4619,#4620,#4621));
#1088=EDGE_LOOP('',(#4622,#4623,#4624,#4625));
#1089=EDGE_LOOP('',(#4626,#4627,#4628,#4629));
#1090=EDGE_LOOP('',(#4630,#4631,#4632,#4633));
#1091=EDGE_LOOP('',(#4634,#4635,#4636,#4637));
#1092=EDGE_LOOP('',(#4638,#4639,#4640,#4641));
#1093=EDGE_LOOP('',(#4642,#4643,#4644,#4645));
#1094=EDGE_LOOP('',(#4646,#4647,#4648,#4649));
#1095=EDGE_LOOP('',(#4650,#4651,#4652,#4653));
#1096=EDGE_LOOP('',(#4654,#4655,#4656,#4657));
#1097=EDGE_LOOP('',(#4658,#4659,#4660,#4661));
#1098=EDGE_LOOP('',(#4662,#4663,#4664,#4665));
#1099=EDGE_LOOP('',(#4666,#4667,#4668,#4669));
#1100=EDGE_LOOP('',(#4670,#4671,#4672,#4673));
#1101=EDGE_LOOP('',(#4674,#4675,#4676,#4677));
#1102=EDGE_LOOP('',(#4678,#4679,#4680,#4681));
#1103=EDGE_LOOP('',(#4682,#4683,#4684,#4685));
#1104=EDGE_LOOP('',(#4686,#4687,#4688,#4689));
#1105=EDGE_LOOP('',(#4690,#4691,#4692,#4693));
#1106=EDGE_LOOP('',(#4694,#4695,#4696,#4697));
#1107=EDGE_LOOP('',(#4698,#4699,#4700,#4701));
#1108=EDGE_LOOP('',(#4702,#4703,#4704,#4705));
#1109=EDGE_LOOP('',(#4706,#4707,#4708,#4709));
#1110=EDGE_LOOP('',(#4710,#4711,#4712,#4713));
#1111=EDGE_LOOP('',(#4714,#4715,#4716,#4717));
#1112=EDGE_LOOP('',(#4718,#4719,#4720,#4721));
#1113=EDGE_LOOP('',(#4722,#4723,#4724,#4725));
#1114=EDGE_LOOP('',(#4726,#4727,#4728,#4729));
#1115=EDGE_LOOP('',(#4730,#4731,#4732,#4733));
#1116=EDGE_LOOP('',(#4734,#4735,#4736,#4737));
#1117=EDGE_LOOP('',(#4738,#4739,#4740,#4741));
#1118=EDGE_LOOP('',(#4742,#4743,#4744,#4745));
#1119=EDGE_LOOP('',(#4746,#4747,#4748,#4749));
#1120=EDGE_LOOP('',(#4750,#4751,#4752,#4753));
#1121=EDGE_LOOP('',(#4754,#4755,#4756,#4757));
#1122=EDGE_LOOP('',(#4758,#4759,#4760,#4761));
#1123=EDGE_LOOP('',(#4762,#4763,#4764,#4765));
#1124=EDGE_LOOP('',(#4766,#4767,#4768,#4769));
#1125=EDGE_LOOP('',(#4770,#4771,#4772,#4773));
#1126=EDGE_LOOP('',(#4774,#4775,#4776,#4777));
#1127=EDGE_LOOP('',(#4778,#4779,#4780,#4781));
#1128=EDGE_LOOP('',(#4782,#4783,#4784,#4785));
#1129=EDGE_LOOP('',(#4786,#4787,#4788,#4789));
#1130=EDGE_LOOP('',(#4790,#4791,#4792,#4793));
#1131=EDGE_LOOP('',(#4794,#4795,#4796,#4797));
#1132=EDGE_LOOP('',(#4798,#4799,#4800,#4801));
#1133=EDGE_LOOP('',(#4802,#4803,#4804,#4805));
#1134=EDGE_LOOP('',(#4806,#4807,#4808,#4809));
#1135=EDGE_LOOP('',(#4810,#4811,#4812,#4813));
#1136=EDGE_LOOP('',(#4814,#4815,#4816,#4817));
#1137=EDGE_LOOP('',(#4818,#4819,#4820,#4821));
#1138=EDGE_LOOP('',(#4822,#4823,#4824,#4825));
#1139=EDGE_LOOP('',(#4826,#4827,#4828,#4829));
#1140=EDGE_LOOP('',(#4830,#4831,#4832,#4833));
#1141=EDGE_LOOP('',(#4834,#4835,#4836,#4837));
#1142=EDGE_LOOP('',(#4838,#4839,#4840,#4841));
#1143=EDGE_LOOP('',(#4842,#4843,#4844,#4845));
#1144=EDGE_LOOP('',(#4846,#4847,#4848,#4849));
#1145=EDGE_LOOP('',(#4850,#4851,#4852,#4853));
#1146=EDGE_LOOP('',(#4854,#4855,#4856,#4857));
#1147=EDGE_LOOP('',(#4858,#4859,#4860,#4861));
#1148=EDGE_LOOP('',(#4862,#4863,#4864,#4865));
#1149=EDGE_LOOP('',(#4866,#4867,#4868,#4869));
#1150=EDGE_LOOP('',(#4870,#4871,#4872,#4873));
#1151=EDGE_LOOP('',(#4874,#4875,#4876,#4877));
#1152=EDGE_LOOP('',(#4878,#4879,#4880,#4881));
#1153=EDGE_LOOP('',(#4882,#4883,#4884,#4885));
#1154=EDGE_LOOP('',(#4886,#4887,#4888,#4889));
#1155=EDGE_LOOP('',(#4890,#4891,#4892,#4893));
#1156=EDGE_LOOP('',(#4894,#4895,#4896,#4897));
#1157=EDGE_LOOP('',(#4898,#4899,#4900,#4901));
#1158=EDGE_LOOP('',(#4902,#4903,#4904,#4905));
#1159=EDGE_LOOP('',(#4906,#4907,#4908,#4909));
#1160=EDGE_LOOP('',(#4910,#4911,#4912,#4913));
#1161=EDGE_LOOP('',(#4914,#4915,#4916,#4917));
#1162=EDGE_LOOP('',(#4918,#4919,#4920,#4921));
#1163=EDGE_LOOP('',(#4922,#4923,#4924,#4925));
#1164=EDGE_LOOP('',(#4926,#4927,#4928,#4929));
#1165=EDGE_LOOP('',(#4930,#4931,#4932,#4933));
#1166=EDGE_LOOP('',(#4934,#4935,#4936,#4937));
#1167=EDGE_LOOP('',(#4938,#4939,#4940,#4941));
#1168=EDGE_LOOP('',(#4942,#4943,#4944,#4945));
#1169=EDGE_LOOP('',(#4946,#4947,#4948,#4949));
#1170=EDGE_LOOP('',(#4950,#4951,#4952,#4953));
#1171=EDGE_LOOP('',(#4954,#4955,#4956,#4957));
#1172=EDGE_LOOP('',(#4958,#4959,#4960,#4961));
#1173=EDGE_LOOP('',(#4962,#4963,#4964,#4965));
#1174=EDGE_LOOP('',(#4966,#4967,#4968,#4969));
#1175=EDGE_LOOP('',(#4970,#4971,#4972,#4973));
#1176=EDGE_LOOP('',(#4974,#4975,#4976,#4977));
#1177=EDGE_LOOP('',(#4978,#4979,#4980,#4981));
#1178=EDGE_LOOP('',(#4982,#4983,#4984,#4985));
#1179=EDGE_LOOP('',(#4986,#4987,#4988,#4989));
#1180=EDGE_LOOP('',(#4990,#4991,#4992,#4993));
#1181=EDGE_LOOP('',(#4994,#4995,#4996,#4997));
#1182=EDGE_LOOP('',(#4998,#4999,#5000,#5001));
#1183=EDGE_LOOP('',(#5002,#5003,#5004,#5005));
#1184=EDGE_LOOP('',(#5006,#5007,#5008,#5009));
#1185=EDGE_LOOP('',(#5010,#5011,#5012,#5013));
#1186=EDGE_LOOP('',(#5014,#5015,#5016,#5017));
#1187=EDGE_LOOP('',(#5018,#5019,#5020,#5021));
#1188=EDGE_LOOP('',(#5022,#5023,#5024,#5025));
#1189=EDGE_LOOP('',(#5026,#5027,#5028,#5029));
#1190=EDGE_LOOP('',(#5030,#5031,#5032,#5033));
#1191=EDGE_LOOP('',(#5034,#5035,#5036,#5037));
#1192=EDGE_LOOP('',(#5038,#5039,#5040,#5041));
#1193=EDGE_LOOP('',(#5042,#5043,#5044,#5045));
#1194=EDGE_LOOP('',(#5046,#5047,#5048,#5049));
#1195=EDGE_LOOP('',(#5050,#5051,#5052,#5053));
#1196=EDGE_LOOP('',(#5054,#5055,#5056,#5057));
#1197=EDGE_LOOP('',(#5058,#5059,#5060,#5061));
#1198=EDGE_LOOP('',(#5062,#5063,#5064,#5065));
#1199=EDGE_LOOP('',(#5066,#5067,#5068,#5069));
#1200=EDGE_LOOP('',(#5070,#5071,#5072,#5073));
#1201=EDGE_LOOP('',(#5074,#5075,#5076,#5077));
#1202=EDGE_LOOP('',(#5078,#5079,#5080,#5081));
#1203=EDGE_LOOP('',(#5082,#5083,#5084,#5085));
#1204=EDGE_LOOP('',(#5086,#5087,#5088,#5089));
#1205=EDGE_LOOP('',(#5090,#5091,#5092,#5093));
#1206=EDGE_LOOP('',(#5094,#5095,#5096,#5097));
#1207=EDGE_LOOP('',(#5098,#5099,#5100,#5101));
#1208=EDGE_LOOP('',(#5102,#5103,#5104,#5105));
#1209=EDGE_LOOP('',(#5106,#5107,#5108,#5109));
#1210=EDGE_LOOP('',(#5110,#5111,#5112,#5113));
#1211=EDGE_LOOP('',(#5114,#5115,#5116,#5117));
#1212=EDGE_LOOP('',(#5118,#5119,#5120,#5121));
#1213=EDGE_LOOP('',(#5122,#5123,#5124,#5125));
#1214=EDGE_LOOP('',(#5126,#5127,#5128,#5129));
#1215=EDGE_LOOP('',(#5130,#5131,#5132,#5133));
#1216=EDGE_LOOP('',(#5134,#5135,#5136,#5137));
#1217=EDGE_LOOP('',(#5138,#5139,#5140,#5141));
#1218=EDGE_LOOP('',(#5142,#5143,#5144,#5145));
#1219=EDGE_LOOP('',(#5146,#5147,#5148,#5149));
#1220=EDGE_LOOP('',(#5150,#5151,#5152,#5153));
#1221=EDGE_LOOP('',(#5154,#5155,#5156,#5157));
#1222=EDGE_LOOP('',(#5158,#5159,#5160,#5161));
#1223=EDGE_LOOP('',(#5162,#5163,#5164,#5165));
#1224=EDGE_LOOP('',(#5166,#5167,#5168,#5169));
#1225=EDGE_LOOP('',(#5170,#5171,#5172,#5173));
#1226=EDGE_LOOP('',(#5174,#5175,#5176,#5177));
#1227=EDGE_LOOP('',(#5178,#5179,#5180,#5181));
#1228=EDGE_LOOP('',(#5182,#5183,#5184,#5185));
#1229=EDGE_LOOP('',(#5186,#5187,#5188,#5189));
#1230=EDGE_LOOP('',(#5190,#5191,#5192,#5193));
#1231=EDGE_LOOP('',(#5194,#5195,#5196,#5197));
#1232=EDGE_LOOP('',(#5198,#5199,#5200,#5201));
#1233=EDGE_LOOP('',(#5202,#5203,#5204,#5205,#5206));
#1234=EDGE_LOOP('',(#5207,#5208,#5209,#5210,#5211));
#1235=EDGE_LOOP('',(#5212,#5213,#5214,#5215));
#1236=EDGE_LOOP('',(#5216,#5217,#5218,#5219));
#1237=EDGE_LOOP('',(#5220,#5221,#5222,#5223));
#1238=EDGE_LOOP('',(#5224,#5225,#5226,#5227));
#1239=EDGE_LOOP('',(#5228,#5229,#5230,#5231));
#1240=EDGE_LOOP('',(#5232,#5233,#5234,#5235));
#1241=EDGE_LOOP('',(#5236,#5237,#5238,#5239));
#1242=EDGE_LOOP('',(#5240,#5241,#5242,#5243,#5244,#5245,#5246,#5247,#5248,
#5249,#5250,#5251,#5252,#5253,#5254,#5255,#5256,#5257,#5258,#5259,#5260,
#5261,#5262,#5263,#5264,#5265,#5266,#5267,#5268,#5269));
#1243=EDGE_LOOP('',(#5270,#5271,#5272,#5273,#5274,#5275,#5276,#5277,#5278,
#5279,#5280,#5281));
#1244=EDGE_LOOP('',(#5282,#5283,#5284,#5285,#5286,#5287,#5288,#5289,#5290,
#5291,#5292,#5293));
#1245=EDGE_LOOP('',(#5294,#5295,#5296,#5297,#5298,#5299,#5300,#5301,#5302,
#5303,#5304,#5305));
#1246=EDGE_LOOP('',(#5306,#5307,#5308,#5309,#5310,#5311,#5312,#5313,#5314,
#5315,#5316,#5317));
#1247=EDGE_LOOP('',(#5318,#5319,#5320,#5321,#5322,#5323,#5324,#5325,#5326,
#5327,#5328,#5329));
#1248=EDGE_LOOP('',(#5330,#5331,#5332,#5333,#5334,#5335,#5336,#5337,#5338,
#5339,#5340,#5341));
#1249=EDGE_LOOP('',(#5342,#5343,#5344,#5345,#5346,#5347,#5348,#5349,#5350,
#5351,#5352,#5353));
#1250=EDGE_LOOP('',(#5354,#5355,#5356,#5357,#5358,#5359,#5360,#5361,#5362,
#5363,#5364,#5365));
#1251=EDGE_LOOP('',(#5366));
#1252=EDGE_LOOP('',(#5367));
#1253=EDGE_LOOP('',(#5368));
#1254=EDGE_LOOP('',(#5369));
#1255=EDGE_LOOP('',(#5370,#5371,#5372,#5373,#5374,#5375,#5376,#5377,#5378,
#5379,#5380,#5381));
#1256=EDGE_LOOP('',(#5382,#5383,#5384,#5385,#5386,#5387,#5388,#5389,#5390,
#5391,#5392,#5393));
#1257=EDGE_LOOP('',(#5394,#5395,#5396,#5397,#5398,#5399,#5400,#5401,#5402,
#5403,#5404,#5405));
#1258=EDGE_LOOP('',(#5406,#5407,#5408,#5409,#5410,#5411,#5412,#5413,#5414,
#5415,#5416,#5417));
#1259=EDGE_LOOP('',(#5418,#5419,#5420,#5421,#5422,#5423,#5424,#5425,#5426,
#5427,#5428,#5429));
#1260=EDGE_LOOP('',(#5430,#5431,#5432,#5433,#5434,#5435,#5436,#5437));
#1261=EDGE_LOOP('',(#5438,#5439,#5440,#5441,#5442,#5443,#5444,#5445,#5446,
#5447,#5448,#5449));
#1262=EDGE_LOOP('',(#5450,#5451,#5452,#5453,#5454,#5455,#5456,#5457,#5458,
#5459,#5460,#5461));
#1263=EDGE_LOOP('',(#5462));
#1264=EDGE_LOOP('',(#5463));
#1265=EDGE_LOOP('',(#5464,#5465,#5466,#5467));
#1266=EDGE_LOOP('',(#5468));
#1267=EDGE_LOOP('',(#5469,#5470,#5471,#5472,#5473,#5474,#5475,#5476));
#1268=EDGE_LOOP('',(#5477,#5478,#5479,#5480,#5481,#5482,#5483,#5484,#5485,
#5486,#5487,#5488));
#1269=LINE('',#6924,#1778);
#1270=LINE('',#6926,#1779);
#1271=LINE('',#6928,#1780);
#1272=LINE('',#6929,#1781);
#1273=LINE('',#6932,#1782);
#1274=LINE('',#6934,#1783);
#1275=LINE('',#6935,#1784);
#1276=LINE('',#6938,#1785);
#1277=LINE('',#6940,#1786);
#1278=LINE('',#6941,#1787);
#1279=LINE('',#6944,#1788);
#1280=LINE('',#6946,#1789);
#1281=LINE('',#6959,#1790);
#1282=LINE('',#6975,#1791);
#1283=LINE('',#6988,#1792);
#1284=LINE('',#6995,#1793);
#1285=LINE('',#7005,#1794);
#1286=LINE('',#7012,#1795);
#1287=LINE('',#7022,#1796);
#1288=LINE('',#7041,#1797);
#1289=LINE('',#7054,#1798);
#1290=LINE('',#7056,#1799);
#1291=LINE('',#7070,#1800);
#1292=LINE('',#7080,#1801);
#1293=LINE('',#7087,#1802);
#1294=LINE('',#7094,#1803);
#1295=LINE('',#7101,#1804);
#1296=LINE('',#7108,#1805);
#1297=LINE('',#7118,#1806);
#1298=LINE('',#7128,#1807);
#1299=LINE('',#7138,#1808);
#1300=LINE('',#7144,#1809);
#1301=LINE('',#7147,#1810);
#1302=LINE('',#7149,#1811);
#1303=LINE('',#7151,#1812);
#1304=LINE('',#7153,#1813);
#1305=LINE('',#7155,#1814);
#1306=LINE('',#7157,#1815);
#1307=LINE('',#7158,#1816);
#1308=LINE('',#7162,#1817);
#1309=LINE('',#7163,#1818);
#1310=LINE('',#7164,#1819);
#1311=LINE('',#7170,#1820);
#1312=LINE('',#7175,#1821);
#1313=LINE('',#7179,#1822);
#1314=LINE('',#7181,#1823);
#1315=LINE('',#7183,#1824);
#1316=LINE('',#7185,#1825);
#1317=LINE('',#7187,#1826);
#1318=LINE('',#7189,#1827);
#1319=LINE('',#7190,#1828);
#1320=LINE('',#7218,#1829);
#1321=LINE('',#7231,#1830);
#1322=LINE('',#7242,#1831);
#1323=LINE('',#7255,#1832);
#1324=LINE('',#7263,#1833);
#1325=LINE('',#7271,#1834);
#1326=LINE('',#7280,#1835);
#1327=LINE('',#7292,#1836);
#1328=LINE('',#7302,#1837);
#1329=LINE('',#7310,#1838);
#1330=LINE('',#7322,#1839);
#1331=LINE('',#7334,#1840);
#1332=LINE('',#7346,#1841);
#1333=LINE('',#7358,#1842);
#1334=LINE('',#7365,#1843);
#1335=LINE('',#7372,#1844);
#1336=LINE('',#7378,#1845);
#1337=LINE('',#7383,#1846);
#1338=LINE('',#7385,#1847);
#1339=LINE('',#7387,#1848);
#1340=LINE('',#7388,#1849);
#1341=LINE('',#7400,#1850);
#1342=LINE('',#7412,#1851);
#1343=LINE('',#7424,#1852);
#1344=LINE('',#7436,#1853);
#1345=LINE('',#7448,#1854);
#1346=LINE('',#7460,#1855);
#1347=LINE('',#7472,#1856);
#1348=LINE('',#7484,#1857);
#1349=LINE('',#7496,#1858);
#1350=LINE('',#7503,#1859);
#1351=LINE('',#7510,#1860);
#1352=LINE('',#7516,#1861);
#1353=LINE('',#7524,#1862);
#1354=LINE('',#7536,#1863);
#1355=LINE('',#7548,#1864);
#1356=LINE('',#7560,#1865);
#1357=LINE('',#7572,#1866);
#1358=LINE('',#7584,#1867);
#1359=LINE('',#7596,#1868);
#1360=LINE('',#7608,#1869);
#1361=LINE('',#7620,#1870);
#1362=LINE('',#7632,#1871);
#1363=LINE('',#7644,#1872);
#1364=LINE('',#7656,#1873);
#1365=LINE('',#7668,#1874);
#1366=LINE('',#7680,#1875);
#1367=LINE('',#7692,#1876);
#1368=LINE('',#7704,#1877);
#1369=LINE('',#7716,#1878);
#1370=LINE('',#7728,#1879);
#1371=LINE('',#7740,#1880);
#1372=LINE('',#7752,#1881);
#1373=LINE('',#7772,#1882);
#1374=LINE('',#7784,#1883);
#1375=LINE('',#7796,#1884);
#1376=LINE('',#7808,#1885);
#1377=LINE('',#7820,#1886);
#1378=LINE('',#7832,#1887);
#1379=LINE('',#7844,#1888);
#1380=LINE('',#7856,#1889);
#1381=LINE('',#7868,#1890);
#1382=LINE('',#7880,#1891);
#1383=LINE('',#7892,#1892);
#1384=LINE('',#7904,#1893);
#1385=LINE('',#7916,#1894);
#1386=LINE('',#7928,#1895);
#1387=LINE('',#7940,#1896);
#1388=LINE('',#7952,#1897);
#1389=LINE('',#7964,#1898);
#1390=LINE('',#7976,#1899);
#1391=LINE('',#7988,#1900);
#1392=LINE('',#8000,#1901);
#1393=LINE('',#8012,#1902);
#1394=LINE('',#8024,#1903);
#1395=LINE('',#8036,#1904);
#1396=LINE('',#8048,#1905);
#1397=LINE('',#8060,#1906);
#1398=LINE('',#8072,#1907);
#1399=LINE('',#8084,#1908);
#1400=LINE('',#8096,#1909);
#1401=LINE('',#8108,#1910);
#1402=LINE('',#8120,#1911);
#1403=LINE('',#8132,#1912);
#1404=LINE('',#8144,#1913);
#1405=LINE('',#8151,#1914);
#1406=LINE('',#8153,#1915);
#1407=LINE('',#8154,#1916);
#1408=LINE('',#8156,#1917);
#1409=LINE('',#8158,#1918);
#1410=LINE('',#8159,#1919);
#1411=LINE('',#8162,#1920);
#1412=LINE('',#8163,#1921);
#1413=LINE('',#8166,#1922);
#1414=LINE('',#8167,#1923);
#1415=LINE('',#8170,#1924);
#1416=LINE('',#8171,#1925);
#1417=LINE('',#8366,#1926);
#1418=LINE('',#8432,#1927);
#1419=LINE('',#8531,#1928);
#1420=LINE('',#8597,#1929);
#1421=LINE('',#8633,#1930);
#1422=LINE('',#8669,#1931);
#1423=LINE('',#8756,#1932);
#1424=LINE('',#8816,#1933);
#1425=LINE('',#8874,#1934);
#1426=LINE('',#8876,#1935);
#1427=LINE('',#8877,#1936);
#1428=LINE('',#8886,#1937);
#1429=LINE('',#8888,#1938);
#1430=LINE('',#8903,#1939);
#1431=LINE('',#8905,#1940);
#1432=LINE('',#8938,#1941);
#1433=LINE('',#8940,#1942);
#1434=LINE('',#8950,#1943);
#1435=LINE('',#8951,#1944);
#1436=LINE('',#8960,#1945);
#1437=LINE('',#8976,#1946);
#1438=LINE('',#8977,#1947);
#1439=LINE('',#8980,#1948);
#1440=LINE('',#8981,#1949);
#1441=LINE('',#8995,#1950);
#1442=LINE('',#8998,#1951);
#1443=LINE('',#8999,#1952);
#1444=LINE('',#9013,#1953);
#1445=LINE('',#9016,#1954);
#1446=LINE('',#9017,#1955);
#1447=LINE('',#9040,#1956);
#1448=LINE('',#9043,#1957);
#1449=LINE('',#9044,#1958);
#1450=LINE('',#9067,#1959);
#1451=LINE('',#9070,#1960);
#1452=LINE('',#9071,#1961);
#1453=LINE('',#9093,#1962);
#1454=LINE('',#9096,#1963);
#1455=LINE('',#9097,#1964);
#1456=LINE('',#9111,#1965);
#1457=LINE('',#9114,#1966);
#1458=LINE('',#9115,#1967);
#1459=LINE('',#9138,#1968);
#1460=LINE('',#9141,#1969);
#1461=LINE('',#9142,#1970);
#1462=LINE('',#9158,#1971);
#1463=LINE('',#9172,#1972);
#1464=LINE('',#9188,#1973);
#1465=LINE('',#9190,#1974);
#1466=LINE('',#9193,#1975);
#1467=LINE('',#9195,#1976);
#1468=LINE('',#9196,#1977);
#1469=LINE('',#9199,#1978);
#1470=LINE('',#9200,#1979);
#1471=LINE('',#9202,#1980);
#1472=LINE('',#9204,#1981);
#1473=LINE('',#9207,#1982);
#1474=LINE('',#9209,#1983);
#1475=LINE('',#9210,#1984);
#1476=LINE('',#9224,#1985);
#1477=LINE('',#9238,#1986);
#1478=LINE('',#9241,#1987);
#1479=LINE('',#9242,#1988);
#1480=LINE('',#9256,#1989);
#1481=LINE('',#9270,#1990);
#1482=LINE('',#9273,#1991);
#1483=LINE('',#9274,#1992);
#1484=LINE('',#9288,#1993);
#1485=LINE('',#9302,#1994);
#1486=LINE('',#9305,#1995);
#1487=LINE('',#9306,#1996);
#1488=LINE('',#9320,#1997);
#1489=LINE('',#9335,#1998);
#1490=LINE('',#9337,#1999);
#1491=LINE('',#9338,#2000);
#1492=LINE('',#9352,#2001);
#1493=LINE('',#9355,#2002);
#1494=LINE('',#9356,#2003);
#1495=LINE('',#9370,#2004);
#1496=LINE('',#9373,#2005);
#1497=LINE('',#9374,#2006);
#1498=LINE('',#9388,#2007);
#1499=LINE('',#9391,#2008);
#1500=LINE('',#9392,#2009);
#1501=LINE('',#9408,#2010);
#1502=LINE('',#9411,#2011);
#1503=LINE('',#9413,#2012);
#1504=LINE('',#9414,#2013);
#1505=LINE('',#9417,#2014);
#1506=LINE('',#9418,#2015);
#1507=LINE('',#9421,#2016);
#1508=LINE('',#9422,#2017);
#1509=LINE('',#9424,#2018);
#1510=LINE('',#9428,#2019);
#1511=LINE('',#9432,#2020);
#1512=LINE('',#9435,#2021);
#1513=LINE('',#9437,#2022);
#1514=LINE('',#9438,#2023);
#1515=LINE('',#9452,#2024);
#1516=LINE('',#9466,#2025);
#1517=LINE('',#9469,#2026);
#1518=LINE('',#9470,#2027);
#1519=LINE('',#9484,#2028);
#1520=LINE('',#9498,#2029);
#1521=LINE('',#9501,#2030);
#1522=LINE('',#9502,#2031);
#1523=LINE('',#9516,#2032);
#1524=LINE('',#9530,#2033);
#1525=LINE('',#9533,#2034);
#1526=LINE('',#9534,#2035);
#1527=LINE('',#9548,#2036);
#1528=LINE('',#9563,#2037);
#1529=LINE('',#9565,#2038);
#1530=LINE('',#9566,#2039);
#1531=LINE('',#9580,#2040);
#1532=LINE('',#9594,#2041);
#1533=LINE('',#9597,#2042);
#1534=LINE('',#9598,#2043);
#1535=LINE('',#9612,#2044);
#1536=LINE('',#9626,#2045);
#1537=LINE('',#9629,#2046);
#1538=LINE('',#9630,#2047);
#1539=LINE('',#9644,#2048);
#1540=LINE('',#9658,#2049);
#1541=LINE('',#9661,#2050);
#1542=LINE('',#9662,#2051);
#1543=LINE('',#9676,#2052);
#1544=LINE('',#9691,#2053);
#1545=LINE('',#9693,#2054);
#1546=LINE('',#9694,#2055);
#1547=LINE('',#9708,#2056);
#1548=LINE('',#9711,#2057);
#1549=LINE('',#9712,#2058);
#1550=LINE('',#9726,#2059);
#1551=LINE('',#9729,#2060);
#1552=LINE('',#9730,#2061);
#1553=LINE('',#9744,#2062);
#1554=LINE('',#9747,#2063);
#1555=LINE('',#9748,#2064);
#1556=LINE('',#9763,#2065);
#1557=LINE('',#9765,#2066);
#1558=LINE('',#9766,#2067);
#1559=LINE('',#9780,#2068);
#1560=LINE('',#9794,#2069);
#1561=LINE('',#9797,#2070);
#1562=LINE('',#9798,#2071);
#1563=LINE('',#9812,#2072);
#1564=LINE('',#9826,#2073);
#1565=LINE('',#9829,#2074);
#1566=LINE('',#9830,#2075);
#1567=LINE('',#9844,#2076);
#1568=LINE('',#9858,#2077);
#1569=LINE('',#9861,#2078);
#1570=LINE('',#9862,#2079);
#1571=LINE('',#9876,#2080);
#1572=LINE('',#9891,#2081);
#1573=LINE('',#9893,#2082);
#1574=LINE('',#9894,#2083);
#1575=LINE('',#9908,#2084);
#1576=LINE('',#9922,#2085);
#1577=LINE('',#9925,#2086);
#1578=LINE('',#9926,#2087);
#1579=LINE('',#9940,#2088);
#1580=LINE('',#9954,#2089);
#1581=LINE('',#9957,#2090);
#1582=LINE('',#9958,#2091);
#1583=LINE('',#9972,#2092);
#1584=LINE('',#9986,#2093);
#1585=LINE('',#9989,#2094);
#1586=LINE('',#9990,#2095);
#1587=LINE('',#10004,#2096);
#1588=LINE('',#10019,#2097);
#1589=LINE('',#10021,#2098);
#1590=LINE('',#10022,#2099);
#1591=LINE('',#10036,#2100);
#1592=LINE('',#10050,#2101);
#1593=LINE('',#10053,#2102);
#1594=LINE('',#10054,#2103);
#1595=LINE('',#10068,#2104);
#1596=LINE('',#10082,#2105);
#1597=LINE('',#10085,#2106);
#1598=LINE('',#10086,#2107);
#1599=LINE('',#10100,#2108);
#1600=LINE('',#10114,#2109);
#1601=LINE('',#10117,#2110);
#1602=LINE('',#10118,#2111);
#1603=LINE('',#10132,#2112);
#1604=LINE('',#10147,#2113);
#1605=LINE('',#10149,#2114);
#1606=LINE('',#10150,#2115);
#1607=LINE('',#10164,#2116);
#1608=LINE('',#10178,#2117);
#1609=LINE('',#10181,#2118);
#1610=LINE('',#10182,#2119);
#1611=LINE('',#10196,#2120);
#1612=LINE('',#10210,#2121);
#1613=LINE('',#10213,#2122);
#1614=LINE('',#10214,#2123);
#1615=LINE('',#10228,#2124);
#1616=LINE('',#10242,#2125);
#1617=LINE('',#10245,#2126);
#1618=LINE('',#10246,#2127);
#1619=LINE('',#10260,#2128);
#1620=LINE('',#10275,#2129);
#1621=LINE('',#10277,#2130);
#1622=LINE('',#10278,#2131);
#1623=LINE('',#10292,#2132);
#1624=LINE('',#10306,#2133);
#1625=LINE('',#10309,#2134);
#1626=LINE('',#10310,#2135);
#1627=LINE('',#10324,#2136);
#1628=LINE('',#10338,#2137);
#1629=LINE('',#10341,#2138);
#1630=LINE('',#10342,#2139);
#1631=LINE('',#10356,#2140);
#1632=LINE('',#10370,#2141);
#1633=LINE('',#10373,#2142);
#1634=LINE('',#10374,#2143);
#1635=LINE('',#10388,#2144);
#1636=LINE('',#10404,#2145);
#1637=LINE('',#10408,#2146);
#1638=LINE('',#10412,#2147);
#1639=LINE('',#10416,#2148);
#1640=LINE('',#10419,#2149);
#1641=LINE('',#10421,#2150);
#1642=LINE('',#10422,#2151);
#1643=LINE('',#10436,#2152);
#1644=LINE('',#10450,#2153);
#1645=LINE('',#10453,#2154);
#1646=LINE('',#10454,#2155);
#1647=LINE('',#10468,#2156);
#1648=LINE('',#10482,#2157);
#1649=LINE('',#10485,#2158);
#1650=LINE('',#10486,#2159);
#1651=LINE('',#10500,#2160);
#1652=LINE('',#10514,#2161);
#1653=LINE('',#10517,#2162);
#1654=LINE('',#10518,#2163);
#1655=LINE('',#10532,#2164);
#1656=LINE('',#10547,#2165);
#1657=LINE('',#10549,#2166);
#1658=LINE('',#10550,#2167);
#1659=LINE('',#10564,#2168);
#1660=LINE('',#10578,#2169);
#1661=LINE('',#10581,#2170);
#1662=LINE('',#10582,#2171);
#1663=LINE('',#10596,#2172);
#1664=LINE('',#10610,#2173);
#1665=LINE('',#10613,#2174);
#1666=LINE('',#10614,#2175);
#1667=LINE('',#10628,#2176);
#1668=LINE('',#10642,#2177);
#1669=LINE('',#10645,#2178);
#1670=LINE('',#10646,#2179);
#1671=LINE('',#10660,#2180);
#1672=LINE('',#10675,#2181);
#1673=LINE('',#10677,#2182);
#1674=LINE('',#10678,#2183);
#1675=LINE('',#10692,#2184);
#1676=LINE('',#10706,#2185);
#1677=LINE('',#10709,#2186);
#1678=LINE('',#10710,#2187);
#1679=LINE('',#10724,#2188);
#1680=LINE('',#10738,#2189);
#1681=LINE('',#10741,#2190);
#1682=LINE('',#10742,#2191);
#1683=LINE('',#10756,#2192);
#1684=LINE('',#10770,#2193);
#1685=LINE('',#10773,#2194);
#1686=LINE('',#10774,#2195);
#1687=LINE('',#10788,#2196);
#1688=LINE('',#10803,#2197);
#1689=LINE('',#10805,#2198);
#1690=LINE('',#10806,#2199);
#1691=LINE('',#10820,#2200);
#1692=LINE('',#10834,#2201);
#1693=LINE('',#10837,#2202);
#1694=LINE('',#10838,#2203);
#1695=LINE('',#10852,#2204);
#1696=LINE('',#10866,#2205);
#1697=LINE('',#10869,#2206);
#1698=LINE('',#10870,#2207);
#1699=LINE('',#10884,#2208);
#1700=LINE('',#10898,#2209);
#1701=LINE('',#10901,#2210);
#1702=LINE('',#10902,#2211);
#1703=LINE('',#10916,#2212);
#1704=LINE('',#10931,#2213);
#1705=LINE('',#10933,#2214);
#1706=LINE('',#10934,#2215);
#1707=LINE('',#10948,#2216);
#1708=LINE('',#10962,#2217);
#1709=LINE('',#10965,#2218);
#1710=LINE('',#10966,#2219);
#1711=LINE('',#10980,#2220);
#1712=LINE('',#10994,#2221);
#1713=LINE('',#10997,#2222);
#1714=LINE('',#10998,#2223);
#1715=LINE('',#11012,#2224);
#1716=LINE('',#11026,#2225);
#1717=LINE('',#11029,#2226);
#1718=LINE('',#11030,#2227);
#1719=LINE('',#11044,#2228);
#1720=LINE('',#11059,#2229);
#1721=LINE('',#11061,#2230);
#1722=LINE('',#11062,#2231);
#1723=LINE('',#11076,#2232);
#1724=LINE('',#11090,#2233);
#1725=LINE('',#11093,#2234);
#1726=LINE('',#11094,#2235);
#1727=LINE('',#11108,#2236);
#1728=LINE('',#11122,#2237);
#1729=LINE('',#11125,#2238);
#1730=LINE('',#11126,#2239);
#1731=LINE('',#11140,#2240);
#1732=LINE('',#11154,#2241);
#1733=LINE('',#11157,#2242);
#1734=LINE('',#11158,#2243);
#1735=LINE('',#11172,#2244);
#1736=LINE('',#11187,#2245);
#1737=LINE('',#11189,#2246);
#1738=LINE('',#11190,#2247);
#1739=LINE('',#11204,#2248);
#1740=LINE('',#11218,#2249);
#1741=LINE('',#11221,#2250);
#1742=LINE('',#11222,#2251);
#1743=LINE('',#11236,#2252);
#1744=LINE('',#11250,#2253);
#1745=LINE('',#11253,#2254);
#1746=LINE('',#11254,#2255);
#1747=LINE('',#11268,#2256);
#1748=LINE('',#11282,#2257);
#1749=LINE('',#11285,#2258);
#1750=LINE('',#11286,#2259);
#1751=LINE('',#11300,#2260);
#1752=LINE('',#11315,#2261);
#1753=LINE('',#11317,#2262);
#1754=LINE('',#11318,#2263);
#1755=LINE('',#11332,#2264);
#1756=LINE('',#11346,#2265);
#1757=LINE('',#11349,#2266);
#1758=LINE('',#11350,#2267);
#1759=LINE('',#11364,#2268);
#1760=LINE('',#11378,#2269);
#1761=LINE('',#11381,#2270);
#1762=LINE('',#11382,#2271);
#1763=LINE('',#11396,#2272);
#1764=LINE('',#11410,#2273);
#1765=LINE('',#11413,#2274);
#1766=LINE('',#11414,#2275);
#1767=LINE('',#11428,#2276);
#1768=LINE('',#11442,#2277);
#1769=LINE('',#11443,#2278);
#1770=LINE('',#11465,#2279);
#1771=LINE('',#11466,#2280);
#1772=LINE('',#11482,#2281);
#1773=LINE('',#11484,#2282);
#1774=LINE('',#11493,#2283);
#1775=LINE('',#11495,#2284);
#1776=LINE('',#11516,#2285);
#1777=LINE('',#11518,#2286);
#1778=VECTOR('',#6081,10.);
#1779=VECTOR('',#6082,10.);
#1780=VECTOR('',#6083,10.);
#1781=VECTOR('',#6084,10.);
#1782=VECTOR('',#6087,10.);
#1783=VECTOR('',#6088,10.);
#1784=VECTOR('',#6089,10.);
#1785=VECTOR('',#6092,10.);
#1786=VECTOR('',#6093,10.);
#1787=VECTOR('',#6094,10.);
#1788=VECTOR('',#6097,10.);
#1789=VECTOR('',#6098,10.);
#1790=VECTOR('',#6099,10.);
#1791=VECTOR('',#6100,10.);
#1792=VECTOR('',#6101,10.);
#1793=VECTOR('',#6102,10.);
#1794=VECTOR('',#6103,10.);
#1795=VECTOR('',#6104,10.);
#1796=VECTOR('',#6105,10.);
#1797=VECTOR('',#6106,10.);
#1798=VECTOR('',#6109,10.);
#1799=VECTOR('',#6110,10.);
#1800=VECTOR('',#6113,10.);
#1801=VECTOR('',#6114,10.);
#1802=VECTOR('',#6115,10.);
#1803=VECTOR('',#6116,10.);
#1804=VECTOR('',#6117,10.);
#1805=VECTOR('',#6118,10.);
#1806=VECTOR('',#6119,10.);
#1807=VECTOR('',#6120,10.);
#1808=VECTOR('',#6121,10.);
#1809=VECTOR('',#6122,10.);
#1810=VECTOR('',#6125,10.);
#1811=VECTOR('',#6126,10.);
#1812=VECTOR('',#6127,10.);
#1813=VECTOR('',#6128,10.);
#1814=VECTOR('',#6129,10.);
#1815=VECTOR('',#6130,10.);
#1816=VECTOR('',#6131,10.);
#1817=VECTOR('',#6134,10.);
#1818=VECTOR('',#6135,10.);
#1819=VECTOR('',#6136,10.);
#1820=VECTOR('',#6143,10.);
#1821=VECTOR('',#6148,10.);
#1822=VECTOR('',#6153,10.);
#1823=VECTOR('',#6154,10.);
#1824=VECTOR('',#6155,10.);
#1825=VECTOR('',#6156,10.);
#1826=VECTOR('',#6157,10.);
#1827=VECTOR('',#6158,10.);
#1828=VECTOR('',#6159,10.);
#1829=VECTOR('',#6162,10.);
#1830=VECTOR('',#6163,10.);
#1831=VECTOR('',#6164,10.);
#1832=VECTOR('',#6165,10.);
#1833=VECTOR('',#6166,10.);
#1834=VECTOR('',#6167,10.);
#1835=VECTOR('',#6168,10.);
#1836=VECTOR('',#6169,10.);
#1837=VECTOR('',#6170,10.);
#1838=VECTOR('',#6171,10.);
#1839=VECTOR('',#6172,10.);
#1840=VECTOR('',#6173,10.);
#1841=VECTOR('',#6174,10.);
#1842=VECTOR('',#6175,10.);
#1843=VECTOR('',#6176,10.);
#1844=VECTOR('',#6177,10.);
#1845=VECTOR('',#6178,10.);
#1846=VECTOR('',#6181,10.);
#1847=VECTOR('',#6182,10.);
#1848=VECTOR('',#6183,10.);
#1849=VECTOR('',#6184,10.);
#1850=VECTOR('',#6189,10.);
#1851=VECTOR('',#6190,10.);
#1852=VECTOR('',#6191,10.);
#1853=VECTOR('',#6192,10.);
#1854=VECTOR('',#6193,10.);
#1855=VECTOR('',#6194,10.);
#1856=VECTOR('',#6195,10.);
#1857=VECTOR('',#6196,10.);
#1858=VECTOR('',#6197,10.);
#1859=VECTOR('',#6198,10.);
#1860=VECTOR('',#6199,10.);
#1861=VECTOR('',#6200,10.);
#1862=VECTOR('',#6201,10.);
#1863=VECTOR('',#6202,10.);
#1864=VECTOR('',#6203,10.);
#1865=VECTOR('',#6204,10.);
#1866=VECTOR('',#6205,10.);
#1867=VECTOR('',#6206,10.);
#1868=VECTOR('',#6207,10.);
#1869=VECTOR('',#6208,10.);
#1870=VECTOR('',#6209,10.);
#1871=VECTOR('',#6210,10.);
#1872=VECTOR('',#6211,10.);
#1873=VECTOR('',#6212,10.);
#1874=VECTOR('',#6213,10.);
#1875=VECTOR('',#6214,10.);
#1876=VECTOR('',#6215,10.);
#1877=VECTOR('',#6216,10.);
#1878=VECTOR('',#6217,10.);
#1879=VECTOR('',#6218,10.);
#1880=VECTOR('',#6219,10.);
#1881=VECTOR('',#6220,10.);
#1882=VECTOR('',#6229,10.);
#1883=VECTOR('',#6230,10.);
#1884=VECTOR('',#6231,10.);
#1885=VECTOR('',#6232,10.);
#1886=VECTOR('',#6233,10.);
#1887=VECTOR('',#6234,10.);
#1888=VECTOR('',#6235,10.);
#1889=VECTOR('',#6236,10.);
#1890=VECTOR('',#6237,10.);
#1891=VECTOR('',#6238,10.);
#1892=VECTOR('',#6239,10.);
#1893=VECTOR('',#6240,10.);
#1894=VECTOR('',#6241,10.);
#1895=VECTOR('',#6242,10.);
#1896=VECTOR('',#6243,10.);
#1897=VECTOR('',#6244,10.);
#1898=VECTOR('',#6245,10.);
#1899=VECTOR('',#6246,10.);
#1900=VECTOR('',#6247,10.);
#1901=VECTOR('',#6248,10.);
#1902=VECTOR('',#6249,10.);
#1903=VECTOR('',#6250,10.);
#1904=VECTOR('',#6251,10.);
#1905=VECTOR('',#6252,10.);
#1906=VECTOR('',#6253,10.);
#1907=VECTOR('',#6254,10.);
#1908=VECTOR('',#6255,10.);
#1909=VECTOR('',#6256,10.);
#1910=VECTOR('',#6257,10.);
#1911=VECTOR('',#6258,10.);
#1912=VECTOR('',#6259,10.);
#1913=VECTOR('',#6260,10.);
#1914=VECTOR('',#6263,10.);
#1915=VECTOR('',#6264,10.);
#1916=VECTOR('',#6265,10.);
#1917=VECTOR('',#6266,10.);
#1918=VECTOR('',#6267,10.);
#1919=VECTOR('',#6268,10.);
#1920=VECTOR('',#6271,10.);
#1921=VECTOR('',#6272,10.);
#1922=VECTOR('',#6275,10.);
#1923=VECTOR('',#6276,10.);
#1924=VECTOR('',#6279,10.);
#1925=VECTOR('',#6280,10.);
#1926=VECTOR('',#6291,10.);
#1927=VECTOR('',#6298,10.);
#1928=VECTOR('',#6301,10.);
#1929=VECTOR('',#6308,10.);
#1930=VECTOR('',#6315,10.);
#1931=VECTOR('',#6322,10.);
#1932=VECTOR('',#6325,10.);
#1933=VECTOR('',#6332,10.);
#1934=VECTOR('',#6335,10.);
#1935=VECTOR('',#6338,10.);
#1936=VECTOR('',#6339,10.);
#1937=VECTOR('',#6340,10.);
#1938=VECTOR('',#6343,10.);
#1939=VECTOR('',#6344,10.);
#1940=VECTOR('',#6347,10.);
#1941=VECTOR('',#6348,10.);
#1942=VECTOR('',#6351,10.);
#1943=VECTOR('',#6352,10.);
#1944=VECTOR('',#6353,10.);
#1945=VECTOR('',#6354,10.);
#1946=VECTOR('',#6357,10.);
#1947=VECTOR('',#6358,10.);
#1948=VECTOR('',#6361,10.);
#1949=VECTOR('',#6362,10.);
#1950=VECTOR('',#6363,10.);
#1951=VECTOR('',#6366,10.);
#1952=VECTOR('',#6367,10.);
#1953=VECTOR('',#6368,10.);
#1954=VECTOR('',#6371,10.);
#1955=VECTOR('',#6372,10.);
#1956=VECTOR('',#6373,10.);
#1957=VECTOR('',#6376,10.);
#1958=VECTOR('',#6377,10.);
#1959=VECTOR('',#6378,10.);
#1960=VECTOR('',#6381,10.);
#1961=VECTOR('',#6382,10.);
#1962=VECTOR('',#6383,10.);
#1963=VECTOR('',#6386,10.);
#1964=VECTOR('',#6387,10.);
#1965=VECTOR('',#6388,10.);
#1966=VECTOR('',#6391,10.);
#1967=VECTOR('',#6392,10.);
#1968=VECTOR('',#6393,10.);
#1969=VECTOR('',#6396,10.);
#1970=VECTOR('',#6397,10.);
#1971=VECTOR('',#6398,10.);
#1972=VECTOR('',#6399,10.);
#1973=VECTOR('',#6404,10.);
#1974=VECTOR('',#6407,10.);
#1975=VECTOR('',#6410,10.);
#1976=VECTOR('',#6411,10.);
#1977=VECTOR('',#6412,10.);
#1978=VECTOR('',#6415,10.);
#1979=VECTOR('',#6416,10.);
#1980=VECTOR('',#6419,10.);
#1981=VECTOR('',#6422,10.);
#1982=VECTOR('',#6425,10.);
#1983=VECTOR('',#6426,10.);
#1984=VECTOR('',#6427,10.);
#1985=VECTOR('',#6428,10.);
#1986=VECTOR('',#6429,10.);
#1987=VECTOR('',#6432,10.);
#1988=VECTOR('',#6433,10.);
#1989=VECTOR('',#6434,10.);
#1990=VECTOR('',#6435,10.);
#1991=VECTOR('',#6438,10.);
#1992=VECTOR('',#6439,10.);
#1993=VECTOR('',#6440,10.);
#1994=VECTOR('',#6441,10.);
#1995=VECTOR('',#6444,10.);
#1996=VECTOR('',#6445,10.);
#1997=VECTOR('',#6446,10.);
#1998=VECTOR('',#6449,10.);
#1999=VECTOR('',#6450,10.);
#2000=VECTOR('',#6451,10.);
#2001=VECTOR('',#6452,10.);
#2002=VECTOR('',#6455,10.);
#2003=VECTOR('',#6456,10.);
#2004=VECTOR('',#6457,10.);
#2005=VECTOR('',#6460,10.);
#2006=VECTOR('',#6461,10.);
#2007=VECTOR('',#6462,10.);
#2008=VECTOR('',#6465,10.);
#2009=VECTOR('',#6466,10.);
#2010=VECTOR('',#6471,1.25);
#2011=VECTOR('',#6474,10.);
#2012=VECTOR('',#6475,10.);
#2013=VECTOR('',#6476,10.);
#2014=VECTOR('',#6479,10.);
#2015=VECTOR('',#6480,10.);
#2016=VECTOR('',#6483,10.);
#2017=VECTOR('',#6484,10.);
#2018=VECTOR('',#6487,10.);
#2019=VECTOR('',#6492,1.25);
#2020=VECTOR('',#6497,1.25);
#2021=VECTOR('',#6500,10.);
#2022=VECTOR('',#6501,10.);
#2023=VECTOR('',#6502,10.);
#2024=VECTOR('',#6503,10.);
#2025=VECTOR('',#6504,10.);
#2026=VECTOR('',#6507,10.);
#2027=VECTOR('',#6508,10.);
#2028=VECTOR('',#6509,10.);
#2029=VECTOR('',#6510,10.);
#2030=VECTOR('',#6513,10.);
#2031=VECTOR('',#6514,10.);
#2032=VECTOR('',#6515,10.);
#2033=VECTOR('',#6516,10.);
#2034=VECTOR('',#6519,10.);
#2035=VECTOR('',#6520,10.);
#2036=VECTOR('',#6521,10.);
#2037=VECTOR('',#6524,10.);
#2038=VECTOR('',#6525,10.);
#2039=VECTOR('',#6526,10.);
#2040=VECTOR('',#6527,10.);
#2041=VECTOR('',#6528,10.);
#2042=VECTOR('',#6531,10.);
#2043=VECTOR('',#6532,10.);
#2044=VECTOR('',#6533,10.);
#2045=VECTOR('',#6534,10.);
#2046=VECTOR('',#6537,10.);
#2047=VECTOR('',#6538,10.);
#2048=VECTOR('',#6539,10.);
#2049=VECTOR('',#6540,10.);
#2050=VECTOR('',#6543,10.);
#2051=VECTOR('',#6544,10.);
#2052=VECTOR('',#6545,10.);
#2053=VECTOR('',#6548,10.);
#2054=VECTOR('',#6549,10.);
#2055=VECTOR('',#6550,10.);
#2056=VECTOR('',#6551,10.);
#2057=VECTOR('',#6554,10.);
#2058=VECTOR('',#6555,10.);
#2059=VECTOR('',#6556,10.);
#2060=VECTOR('',#6559,10.);
#2061=VECTOR('',#6560,10.);
#2062=VECTOR('',#6561,10.);
#2063=VECTOR('',#6564,10.);
#2064=VECTOR('',#6565,10.);
#2065=VECTOR('',#6568,10.);
#2066=VECTOR('',#6569,10.);
#2067=VECTOR('',#6570,10.);
#2068=VECTOR('',#6571,10.);
#2069=VECTOR('',#6572,10.);
#2070=VECTOR('',#6575,10.);
#2071=VECTOR('',#6576,10.);
#2072=VECTOR('',#6577,10.);
#2073=VECTOR('',#6578,10.);
#2074=VECTOR('',#6581,10.);
#2075=VECTOR('',#6582,10.);
#2076=VECTOR('',#6583,10.);
#2077=VECTOR('',#6584,10.);
#2078=VECTOR('',#6587,10.);
#2079=VECTOR('',#6588,10.);
#2080=VECTOR('',#6589,10.);
#2081=VECTOR('',#6592,10.);
#2082=VECTOR('',#6593,10.);
#2083=VECTOR('',#6594,10.);
#2084=VECTOR('',#6595,10.);
#2085=VECTOR('',#6596,10.);
#2086=VECTOR('',#6599,10.);
#2087=VECTOR('',#6600,10.);
#2088=VECTOR('',#6601,10.);
#2089=VECTOR('',#6602,10.);
#2090=VECTOR('',#6605,10.);
#2091=VECTOR('',#6606,10.);
#2092=VECTOR('',#6607,10.);
#2093=VECTOR('',#6608,10.);
#2094=VECTOR('',#6611,10.);
#2095=VECTOR('',#6612,10.);
#2096=VECTOR('',#6613,10.);
#2097=VECTOR('',#6616,10.);
#2098=VECTOR('',#6617,10.);
#2099=VECTOR('',#6618,10.);
#2100=VECTOR('',#6619,10.);
#2101=VECTOR('',#6620,10.);
#2102=VECTOR('',#6623,10.);
#2103=VECTOR('',#6624,10.);
#2104=VECTOR('',#6625,10.);
#2105=VECTOR('',#6626,10.);
#2106=VECTOR('',#6629,10.);
#2107=VECTOR('',#6630,10.);
#2108=VECTOR('',#6631,10.);
#2109=VECTOR('',#6632,10.);
#2110=VECTOR('',#6635,10.);
#2111=VECTOR('',#6636,10.);
#2112=VECTOR('',#6637,10.);
#2113=VECTOR('',#6640,10.);
#2114=VECTOR('',#6641,10.);
#2115=VECTOR('',#6642,10.);
#2116=VECTOR('',#6643,10.);
#2117=VECTOR('',#6644,10.);
#2118=VECTOR('',#6647,10.);
#2119=VECTOR('',#6648,10.);
#2120=VECTOR('',#6649,10.);
#2121=VECTOR('',#6650,10.);
#2122=VECTOR('',#6653,10.);
#2123=VECTOR('',#6654,10.);
#2124=VECTOR('',#6655,10.);
#2125=VECTOR('',#6656,10.);
#2126=VECTOR('',#6659,10.);
#2127=VECTOR('',#6660,10.);
#2128=VECTOR('',#6661,10.);
#2129=VECTOR('',#6664,10.);
#2130=VECTOR('',#6665,10.);
#2131=VECTOR('',#6666,10.);
#2132=VECTOR('',#6667,10.);
#2133=VECTOR('',#6668,10.);
#2134=VECTOR('',#6671,10.);
#2135=VECTOR('',#6672,10.);
#2136=VECTOR('',#6673,10.);
#2137=VECTOR('',#6674,10.);
#2138=VECTOR('',#6677,10.);
#2139=VECTOR('',#6678,10.);
#2140=VECTOR('',#6679,10.);
#2141=VECTOR('',#6680,10.);
#2142=VECTOR('',#6683,10.);
#2143=VECTOR('',#6684,10.);
#2144=VECTOR('',#6685,10.);
#2145=VECTOR('',#6690,1.25);
#2146=VECTOR('',#6695,1.25);
#2147=VECTOR('',#6700,1.24999999999999);
#2148=VECTOR('',#6705,1.25);
#2149=VECTOR('',#6708,10.);
#2150=VECTOR('',#6709,10.);
#2151=VECTOR('',#6710,10.);
#2152=VECTOR('',#6711,10.);
#2153=VECTOR('',#6712,10.);
#2154=VECTOR('',#6715,10.);
#2155=VECTOR('',#6716,10.);
#2156=VECTOR('',#6717,10.);
#2157=VECTOR('',#6718,10.);
#2158=VECTOR('',#6721,10.);
#2159=VECTOR('',#6722,10.);
#2160=VECTOR('',#6723,10.);
#2161=VECTOR('',#6724,10.);
#2162=VECTOR('',#6727,10.);
#2163=VECTOR('',#6728,10.);
#2164=VECTOR('',#6729,10.);
#2165=VECTOR('',#6732,10.);
#2166=VECTOR('',#6733,10.);
#2167=VECTOR('',#6734,10.);
#2168=VECTOR('',#6735,10.);
#2169=VECTOR('',#6736,10.);
#2170=VECTOR('',#6739,10.);
#2171=VECTOR('',#6740,10.);
#2172=VECTOR('',#6741,10.);
#2173=VECTOR('',#6742,10.);
#2174=VECTOR('',#6745,10.);
#2175=VECTOR('',#6746,10.);
#2176=VECTOR('',#6747,10.);
#2177=VECTOR('',#6748,10.);
#2178=VECTOR('',#6751,10.);
#2179=VECTOR('',#6752,10.);
#2180=VECTOR('',#6753,10.);
#2181=VECTOR('',#6756,10.);
#2182=VECTOR('',#6757,10.);
#2183=VECTOR('',#6758,10.);
#2184=VECTOR('',#6759,10.);
#2185=VECTOR('',#6760,10.);
#2186=VECTOR('',#6763,10.);
#2187=VECTOR('',#6764,10.);
#2188=VECTOR('',#6765,10.);
#2189=VECTOR('',#6766,10.);
#2190=VECTOR('',#6769,10.);
#2191=VECTOR('',#6770,10.);
#2192=VECTOR('',#6771,10.);
#2193=VECTOR('',#6772,10.);
#2194=VECTOR('',#6775,10.);
#2195=VECTOR('',#6776,10.);
#2196=VECTOR('',#6777,10.);
#2197=VECTOR('',#6780,10.);
#2198=VECTOR('',#6781,10.);
#2199=VECTOR('',#6782,10.);
#2200=VECTOR('',#6783,10.);
#2201=VECTOR('',#6784,10.);
#2202=VECTOR('',#6787,10.);
#2203=VECTOR('',#6788,10.);
#2204=VECTOR('',#6789,10.);
#2205=VECTOR('',#6790,10.);
#2206=VECTOR('',#6793,10.);
#2207=VECTOR('',#6794,10.);
#2208=VECTOR('',#6795,10.);
#2209=VECTOR('',#6796,10.);
#2210=VECTOR('',#6799,10.);
#2211=VECTOR('',#6800,10.);
#2212=VECTOR('',#6801,10.);
#2213=VECTOR('',#6804,10.);
#2214=VECTOR('',#6805,10.);
#2215=VECTOR('',#6806,10.);
#2216=VECTOR('',#6807,10.);
#2217=VECTOR('',#6808,10.);
#2218=VECTOR('',#6811,10.);
#2219=VECTOR('',#6812,10.);
#2220=VECTOR('',#6813,10.);
#2221=VECTOR('',#6814,10.);
#2222=VECTOR('',#6817,10.);
#2223=VECTOR('',#6818,10.);
#2224=VECTOR('',#6819,10.);
#2225=VECTOR('',#6820,10.);
#2226=VECTOR('',#6823,10.);
#2227=VECTOR('',#6824,10.);
#2228=VECTOR('',#6825,10.);
#2229=VECTOR('',#6828,10.);
#2230=VECTOR('',#6829,10.);
#2231=VECTOR('',#6830,10.);
#2232=VECTOR('',#6831,10.);
#2233=VECTOR('',#6832,10.);
#2234=VECTOR('',#6835,10.);
#2235=VECTOR('',#6836,10.);
#2236=VECTOR('',#6837,10.);
#2237=VECTOR('',#6838,10.);
#2238=VECTOR('',#6841,10.);
#2239=VECTOR('',#6842,10.);
#2240=VECTOR('',#6843,10.);
#2241=VECTOR('',#6844,10.);
#2242=VECTOR('',#6847,10.);
#2243=VECTOR('',#6848,10.);
#2244=VECTOR('',#6849,10.);
#2245=VECTOR('',#6852,10.);
#2246=VECTOR('',#6853,10.);
#2247=VECTOR('',#6854,10.);
#2248=VECTOR('',#6855,10.);
#2249=VECTOR('',#6856,10.);
#2250=VECTOR('',#6859,10.);
#2251=VECTOR('',#6860,10.);
#2252=VECTOR('',#6861,10.);
#2253=VECTOR('',#6862,10.);
#2254=VECTOR('',#6865,10.);
#2255=VECTOR('',#6866,10.);
#2256=VECTOR('',#6867,10.);
#2257=VECTOR('',#6868,10.);
#2258=VECTOR('',#6871,10.);
#2259=VECTOR('',#6872,10.);
#2260=VECTOR('',#6873,10.);
#2261=VECTOR('',#6876,10.);
#2262=VECTOR('',#6877,10.);
#2263=VECTOR('',#6878,10.);
#2264=VECTOR('',#6879,10.);
#2265=VECTOR('',#6880,10.);
#2266=VECTOR('',#6883,10.);
#2267=VECTOR('',#6884,10.);
#2268=VECTOR('',#6885,10.);
#2269=VECTOR('',#6886,10.);
#2270=VECTOR('',#6889,10.);
#2271=VECTOR('',#6890,10.);
#2272=VECTOR('',#6891,10.);
#2273=VECTOR('',#6892,10.);
#2274=VECTOR('',#6895,10.);
#2275=VECTOR('',#6896,10.);
#2276=VECTOR('',#6897,10.);
#2277=VECTOR('',#6900,10.);
#2278=VECTOR('',#6901,10.);
#2279=VECTOR('',#6902,10.);
#2280=VECTOR('',#6903,10.);
#2281=VECTOR('',#6906,10.);
#2282=VECTOR('',#6909,10.);
#2283=VECTOR('',#6910,10.);
#2284=VECTOR('',#6913,10.);
#2285=VECTOR('',#6914,10.);
#2286=VECTOR('',#6917,10.);
#2287=VERTEX_POINT('',#6922);
#2288=VERTEX_POINT('',#6923);
#2289=VERTEX_POINT('',#6925);
#2290=VERTEX_POINT('',#6927);
#2291=VERTEX_POINT('',#6931);
#2292=VERTEX_POINT('',#6933);
#2293=VERTEX_POINT('',#6937);
#2294=VERTEX_POINT('',#6939);
#2295=VERTEX_POINT('',#6943);
#2296=VERTEX_POINT('',#6945);
#2297=VERTEX_POINT('',#6947);
#2298=VERTEX_POINT('',#6958);
#2299=VERTEX_POINT('',#6960);
#2300=VERTEX_POINT('',#6974);
#2301=VERTEX_POINT('',#6976);
#2302=VERTEX_POINT('',#6987);
#2303=VERTEX_POINT('',#6989);
#2304=VERTEX_POINT('',#6994);
#2305=VERTEX_POINT('',#6996);
#2306=VERTEX_POINT('',#7004);
#2307=VERTEX_POINT('',#7006);
#2308=VERTEX_POINT('',#7011);
#2309=VERTEX_POINT('',#7013);
#2310=VERTEX_POINT('',#7021);
#2311=VERTEX_POINT('',#7023);
#2312=VERTEX_POINT('',#7040);
#2313=VERTEX_POINT('',#7042);
#2314=VERTEX_POINT('',#7047);
#2315=VERTEX_POINT('',#7052);
#2316=VERTEX_POINT('',#7055);
#2317=VERTEX_POINT('',#7057);
#2318=VERTEX_POINT('',#7059);
#2319=VERTEX_POINT('',#7064);
#2320=VERTEX_POINT('',#7069);
#2321=VERTEX_POINT('',#7071);
#2322=VERTEX_POINT('',#7079);
#2323=VERTEX_POINT('',#7081);
#2324=VERTEX_POINT('',#7086);
#2325=VERTEX_POINT('',#7088);
#2326=VERTEX_POINT('',#7093);
#2327=VERTEX_POINT('',#7095);
#2328=VERTEX_POINT('',#7100);
#2329=VERTEX_POINT('',#7102);
#2330=VERTEX_POINT('',#7107);
#2331=VERTEX_POINT('',#7109);
#2332=VERTEX_POINT('',#7117);
#2333=VERTEX_POINT('',#7119);
#2334=VERTEX_POINT('',#7127);
#2335=VERTEX_POINT('',#7129);
#2336=VERTEX_POINT('',#7137);
#2337=VERTEX_POINT('',#7139);
#2338=VERTEX_POINT('',#7146);
#2339=VERTEX_POINT('',#7148);
#2340=VERTEX_POINT('',#7150);
#2341=VERTEX_POINT('',#7152);
#2342=VERTEX_POINT('',#7154);
#2343=VERTEX_POINT('',#7156);
#2344=VERTEX_POINT('',#7160);
#2345=VERTEX_POINT('',#7161);
#2346=VERTEX_POINT('',#7166);
#2347=VERTEX_POINT('',#7168);
#2348=VERTEX_POINT('',#7172);
#2349=VERTEX_POINT('',#7174);
#2350=VERTEX_POINT('',#7178);
#2351=VERTEX_POINT('',#7180);
#2352=VERTEX_POINT('',#7182);
#2353=VERTEX_POINT('',#7184);
#2354=VERTEX_POINT('',#7186);
#2355=VERTEX_POINT('',#7188);
#2356=VERTEX_POINT('',#7191);
#2357=VERTEX_POINT('',#7193);
#2358=VERTEX_POINT('',#7205);
#2359=VERTEX_POINT('',#7217);
#2360=VERTEX_POINT('',#7219);
#2361=VERTEX_POINT('',#7230);
#2362=VERTEX_POINT('',#7232);
#2363=VERTEX_POINT('',#7241);
#2364=VERTEX_POINT('',#7243);
#2365=VERTEX_POINT('',#7254);
#2366=VERTEX_POINT('',#7256);
#2367=VERTEX_POINT('',#7262);
#2368=VERTEX_POINT('',#7264);
#2369=VERTEX_POINT('',#7270);
#2370=VERTEX_POINT('',#7272);
#2371=VERTEX_POINT('',#7279);
#2372=VERTEX_POINT('',#7281);
#2373=VERTEX_POINT('',#7291);
#2374=VERTEX_POINT('',#7293);
#2375=VERTEX_POINT('',#7303);
#2376=VERTEX_POINT('',#7304);
#2377=VERTEX_POINT('',#7309);
#2378=VERTEX_POINT('',#7311);
#2379=VERTEX_POINT('',#7316);
#2380=VERTEX_POINT('',#7321);
#2381=VERTEX_POINT('',#7323);
#2382=VERTEX_POINT('',#7328);
#2383=VERTEX_POINT('',#7333);
#2384=VERTEX_POINT('',#7335);
#2385=VERTEX_POINT('',#7340);
#2386=VERTEX_POINT('',#7345);
#2387=VERTEX_POINT('',#7351);
#2388=VERTEX_POINT('',#7352);
#2389=VERTEX_POINT('',#7357);
#2390=VERTEX_POINT('',#7359);
#2391=VERTEX_POINT('',#7364);
#2392=VERTEX_POINT('',#7366);
#2393=VERTEX_POINT('',#7371);
#2394=VERTEX_POINT('',#7373);
#2395=VERTEX_POINT('',#7379);
#2396=VERTEX_POINT('',#7381);
#2397=VERTEX_POINT('',#7382);
#2398=VERTEX_POINT('',#7384);
#2399=VERTEX_POINT('',#7386);
#2400=VERTEX_POINT('',#7389);
#2401=VERTEX_POINT('',#7391);
#2402=VERTEX_POINT('',#7393);
#2403=VERTEX_POINT('',#7394);
#2404=VERTEX_POINT('',#7399);
#2405=VERTEX_POINT('',#7401);
#2406=VERTEX_POINT('',#7406);
#2407=VERTEX_POINT('',#7411);
#2408=VERTEX_POINT('',#7413);
#2409=VERTEX_POINT('',#7418);
#2410=VERTEX_POINT('',#7423);
#2411=VERTEX_POINT('',#7425);
#2412=VERTEX_POINT('',#7430);
#2413=VERTEX_POINT('',#7435);
#2414=VERTEX_POINT('',#7441);
#2415=VERTEX_POINT('',#7442);
#2416=VERTEX_POINT('',#7447);
#2417=VERTEX_POINT('',#7449);
#2418=VERTEX_POINT('',#7454);
#2419=VERTEX_POINT('',#7459);
#2420=VERTEX_POINT('',#7461);
#2421=VERTEX_POINT('',#7466);
#2422=VERTEX_POINT('',#7471);
#2423=VERTEX_POINT('',#7473);
#2424=VERTEX_POINT('',#7478);
#2425=VERTEX_POINT('',#7483);
#2426=VERTEX_POINT('',#7489);
#2427=VERTEX_POINT('',#7490);
#2428=VERTEX_POINT('',#7495);
#2429=VERTEX_POINT('',#7497);
#2430=VERTEX_POINT('',#7502);
#2431=VERTEX_POINT('',#7504);
#2432=VERTEX_POINT('',#7509);
#2433=VERTEX_POINT('',#7511);
#2434=VERTEX_POINT('',#7517);
#2435=VERTEX_POINT('',#7518);
#2436=VERTEX_POINT('',#7523);
#2437=VERTEX_POINT('',#7525);
#2438=VERTEX_POINT('',#7530);
#2439=VERTEX_POINT('',#7535);
#2440=VERTEX_POINT('',#7537);
#2441=VERTEX_POINT('',#7542);
#2442=VERTEX_POINT('',#7547);
#2443=VERTEX_POINT('',#7549);
#2444=VERTEX_POINT('',#7554);
#2445=VERTEX_POINT('',#7559);
#2446=VERTEX_POINT('',#7565);
#2447=VERTEX_POINT('',#7566);
#2448=VERTEX_POINT('',#7571);
#2449=VERTEX_POINT('',#7573);
#2450=VERTEX_POINT('',#7578);
#2451=VERTEX_POINT('',#7583);
#2452=VERTEX_POINT('',#7585);
#2453=VERTEX_POINT('',#7590);
#2454=VERTEX_POINT('',#7595);
#2455=VERTEX_POINT('',#7597);
#2456=VERTEX_POINT('',#7602);
#2457=VERTEX_POINT('',#7607);
#2458=VERTEX_POINT('',#7613);
#2459=VERTEX_POINT('',#7614);
#2460=VERTEX_POINT('',#7619);
#2461=VERTEX_POINT('',#7621);
#2462=VERTEX_POINT('',#7626);
#2463=VERTEX_POINT('',#7631);
#2464=VERTEX_POINT('',#7633);
#2465=VERTEX_POINT('',#7638);
#2466=VERTEX_POINT('',#7643);
#2467=VERTEX_POINT('',#7645);
#2468=VERTEX_POINT('',#7650);
#2469=VERTEX_POINT('',#7655);
#2470=VERTEX_POINT('',#7661);
#2471=VERTEX_POINT('',#7662);
#2472=VERTEX_POINT('',#7667);
#2473=VERTEX_POINT('',#7669);
#2474=VERTEX_POINT('',#7674);
#2475=VERTEX_POINT('',#7679);
#2476=VERTEX_POINT('',#7681);
#2477=VERTEX_POINT('',#7686);
#2478=VERTEX_POINT('',#7691);
#2479=VERTEX_POINT('',#7693);
#2480=VERTEX_POINT('',#7698);
#2481=VERTEX_POINT('',#7703);
#2482=VERTEX_POINT('',#7709);
#2483=VERTEX_POINT('',#7710);
#2484=VERTEX_POINT('',#7715);
#2485=VERTEX_POINT('',#7717);
#2486=VERTEX_POINT('',#7722);
#2487=VERTEX_POINT('',#7727);
#2488=VERTEX_POINT('',#7729);
#2489=VERTEX_POINT('',#7734);
#2490=VERTEX_POINT('',#7739);
#2491=VERTEX_POINT('',#7741);
#2492=VERTEX_POINT('',#7746);
#2493=VERTEX_POINT('',#7751);
#2494=VERTEX_POINT('',#7757);
#2495=VERTEX_POINT('',#7759);
#2496=VERTEX_POINT('',#7761);
#2497=VERTEX_POINT('',#7763);
#2498=VERTEX_POINT('',#7765);
#2499=VERTEX_POINT('',#7766);
#2500=VERTEX_POINT('',#7771);
#2501=VERTEX_POINT('',#7773);
#2502=VERTEX_POINT('',#7778);
#2503=VERTEX_POINT('',#7783);
#2504=VERTEX_POINT('',#7785);
#2505=VERTEX_POINT('',#7790);
#2506=VERTEX_POINT('',#7795);
#2507=VERTEX_POINT('',#7797);
#2508=VERTEX_POINT('',#7802);
#2509=VERTEX_POINT('',#7807);
#2510=VERTEX_POINT('',#7813);
#2511=VERTEX_POINT('',#7814);
#2512=VERTEX_POINT('',#7819);
#2513=VERTEX_POINT('',#7821);
#2514=VERTEX_POINT('',#7826);
#2515=VERTEX_POINT('',#7831);
#2516=VERTEX_POINT('',#7833);
#2517=VERTEX_POINT('',#7838);
#2518=VERTEX_POINT('',#7843);
#2519=VERTEX_POINT('',#7845);
#2520=VERTEX_POINT('',#7850);
#2521=VERTEX_POINT('',#7855);
#2522=VERTEX_POINT('',#7861);
#2523=VERTEX_POINT('',#7862);
#2524=VERTEX_POINT('',#7867);
#2525=VERTEX_POINT('',#7869);
#2526=VERTEX_POINT('',#7874);
#2527=VERTEX_POINT('',#7879);
#2528=VERTEX_POINT('',#7881);
#2529=VERTEX_POINT('',#7886);
#2530=VERTEX_POINT('',#7891);
#2531=VERTEX_POINT('',#7893);
#2532=VERTEX_POINT('',#7898);
#2533=VERTEX_POINT('',#7903);
#2534=VERTEX_POINT('',#7909);
#2535=VERTEX_POINT('',#7910);
#2536=VERTEX_POINT('',#7915);
#2537=VERTEX_POINT('',#7917);
#2538=VERTEX_POINT('',#7922);
#2539=VERTEX_POINT('',#7927);
#2540=VERTEX_POINT('',#7929);
#2541=VERTEX_POINT('',#7934);
#2542=VERTEX_POINT('',#7939);
#2543=VERTEX_POINT('',#7941);
#2544=VERTEX_POINT('',#7946);
#2545=VERTEX_POINT('',#7951);
#2546=VERTEX_POINT('',#7957);
#2547=VERTEX_POINT('',#7958);
#2548=VERTEX_POINT('',#7963);
#2549=VERTEX_POINT('',#7965);
#2550=VERTEX_POINT('',#7970);
#2551=VERTEX_POINT('',#7975);
#2552=VERTEX_POINT('',#7977);
#2553=VERTEX_POINT('',#7982);
#2554=VERTEX_POINT('',#7987);
#2555=VERTEX_POINT('',#7989);
#2556=VERTEX_POINT('',#7994);
#2557=VERTEX_POINT('',#7999);
#2558=VERTEX_POINT('',#8005);
#2559=VERTEX_POINT('',#8006);
#2560=VERTEX_POINT('',#8011);
#2561=VERTEX_POINT('',#8013);
#2562=VERTEX_POINT('',#8018);
#2563=VERTEX_POINT('',#8023);
#2564=VERTEX_POINT('',#8025);
#2565=VERTEX_POINT('',#8030);
#2566=VERTEX_POINT('',#8035);
#2567=VERTEX_POINT('',#8037);
#2568=VERTEX_POINT('',#8042);
#2569=VERTEX_POINT('',#8047);
#2570=VERTEX_POINT('',#8053);
#2571=VERTEX_POINT('',#8054);
#2572=VERTEX_POINT('',#8059);
#2573=VERTEX_POINT('',#8061);
#2574=VERTEX_POINT('',#8066);
#2575=VERTEX_POINT('',#8071);
#2576=VERTEX_POINT('',#8073);
#2577=VERTEX_POINT('',#8078);
#2578=VERTEX_POINT('',#8083);
#2579=VERTEX_POINT('',#8085);
#2580=VERTEX_POINT('',#8090);
#2581=VERTEX_POINT('',#8095);
#2582=VERTEX_POINT('',#8101);
#2583=VERTEX_POINT('',#8102);
#2584=VERTEX_POINT('',#8107);
#2585=VERTEX_POINT('',#8109);
#2586=VERTEX_POINT('',#8114);
#2587=VERTEX_POINT('',#8119);
#2588=VERTEX_POINT('',#8121);
#2589=VERTEX_POINT('',#8126);
#2590=VERTEX_POINT('',#8131);
#2591=VERTEX_POINT('',#8133);
#2592=VERTEX_POINT('',#8138);
#2593=VERTEX_POINT('',#8143);
#2594=VERTEX_POINT('',#8150);
#2595=VERTEX_POINT('',#8152);
#2596=VERTEX_POINT('',#8155);
#2597=VERTEX_POINT('',#8157);
#2598=VERTEX_POINT('',#8161);
#2599=VERTEX_POINT('',#8165);
#2600=VERTEX_POINT('',#8169);
#2601=VERTEX_POINT('',#8173);
#2602=VERTEX_POINT('',#8231);
#2603=VERTEX_POINT('',#8299);
#2604=VERTEX_POINT('',#8325);
#2605=VERTEX_POINT('',#8417);
#2606=VERTEX_POINT('',#8430);
#2607=VERTEX_POINT('',#8473);
#2608=VERTEX_POINT('',#8490);
#2609=VERTEX_POINT('',#8582);
#2610=VERTEX_POINT('',#8595);
#2611=VERTEX_POINT('',#8623);
#2612=VERTEX_POINT('',#8631);
#2613=VERTEX_POINT('',#8659);
#2614=VERTEX_POINT('',#8667);
#2615=VERTEX_POINT('',#8700);
#2616=VERTEX_POINT('',#8715);
#2617=VERTEX_POINT('',#8802);
#2618=VERTEX_POINT('',#8814);
#2619=VERTEX_POINT('',#8857);
#2620=VERTEX_POINT('',#8949);
#2621=VERTEX_POINT('',#8970);
#2622=VERTEX_POINT('',#8971);
#2623=VERTEX_POINT('',#8979);
#2624=VERTEX_POINT('',#8990);
#2625=VERTEX_POINT('',#8997);
#2626=VERTEX_POINT('',#9008);
#2627=VERTEX_POINT('',#9015);
#2628=VERTEX_POINT('',#9032);
#2629=VERTEX_POINT('',#9042);
#2630=VERTEX_POINT('',#9059);
#2631=VERTEX_POINT('',#9069);
#2632=VERTEX_POINT('',#9086);
#2633=VERTEX_POINT('',#9095);
#2634=VERTEX_POINT('',#9106);
#2635=VERTEX_POINT('',#9113);
#2636=VERTEX_POINT('',#9130);
#2637=VERTEX_POINT('',#9140);
#2638=VERTEX_POINT('',#9151);
#2639=VERTEX_POINT('',#9167);
#2640=VERTEX_POINT('',#9183);
#2641=VERTEX_POINT('',#9192);
#2642=VERTEX_POINT('',#9194);
#2643=VERTEX_POINT('',#9198);
#2644=VERTEX_POINT('',#9206);
#2645=VERTEX_POINT('',#9208);
#2646=VERTEX_POINT('',#9219);
#2647=VERTEX_POINT('',#9233);
#2648=VERTEX_POINT('',#9240);
#2649=VERTEX_POINT('',#9251);
#2650=VERTEX_POINT('',#9265);
#2651=VERTEX_POINT('',#9272);
#2652=VERTEX_POINT('',#9283);
#2653=VERTEX_POINT('',#9297);
#2654=VERTEX_POINT('',#9304);
#2655=VERTEX_POINT('',#9315);
#2656=VERTEX_POINT('',#9334);
#2657=VERTEX_POINT('',#9336);
#2658=VERTEX_POINT('',#9347);
#2659=VERTEX_POINT('',#9354);
#2660=VERTEX_POINT('',#9365);
#2661=VERTEX_POINT('',#9372);
#2662=VERTEX_POINT('',#9383);
#2663=VERTEX_POINT('',#9390);
#2664=VERTEX_POINT('',#9406);
#2665=VERTEX_POINT('',#9410);
#2666=VERTEX_POINT('',#9412);
#2667=VERTEX_POINT('',#9416);
#2668=VERTEX_POINT('',#9420);
#2669=VERTEX_POINT('',#9426);
#2670=VERTEX_POINT('',#9430);
#2671=VERTEX_POINT('',#9434);
#2672=VERTEX_POINT('',#9436);
#2673=VERTEX_POINT('',#9447);
#2674=VERTEX_POINT('',#9461);
#2675=VERTEX_POINT('',#9468);
#2676=VERTEX_POINT('',#9479);
#2677=VERTEX_POINT('',#9493);
#2678=VERTEX_POINT('',#9500);
#2679=VERTEX_POINT('',#9511);
#2680=VERTEX_POINT('',#9525);
#2681=VERTEX_POINT('',#9532);
#2682=VERTEX_POINT('',#9543);
#2683=VERTEX_POINT('',#9562);
#2684=VERTEX_POINT('',#9564);
#2685=VERTEX_POINT('',#9575);
#2686=VERTEX_POINT('',#9589);
#2687=VERTEX_POINT('',#9596);
#2688=VERTEX_POINT('',#9607);
#2689=VERTEX_POINT('',#9621);
#2690=VERTEX_POINT('',#9628);
#2691=VERTEX_POINT('',#9639);
#2692=VERTEX_POINT('',#9653);
#2693=VERTEX_POINT('',#9660);
#2694=VERTEX_POINT('',#9671);
#2695=VERTEX_POINT('',#9690);
#2696=VERTEX_POINT('',#9692);
#2697=VERTEX_POINT('',#9703);
#2698=VERTEX_POINT('',#9710);
#2699=VERTEX_POINT('',#9721);
#2700=VERTEX_POINT('',#9728);
#2701=VERTEX_POINT('',#9739);
#2702=VERTEX_POINT('',#9746);
#2703=VERTEX_POINT('',#9762);
#2704=VERTEX_POINT('',#9764);
#2705=VERTEX_POINT('',#9775);
#2706=VERTEX_POINT('',#9789);
#2707=VERTEX_POINT('',#9796);
#2708=VERTEX_POINT('',#9807);
#2709=VERTEX_POINT('',#9821);
#2710=VERTEX_POINT('',#9828);
#2711=VERTEX_POINT('',#9839);
#2712=VERTEX_POINT('',#9853);
#2713=VERTEX_POINT('',#9860);
#2714=VERTEX_POINT('',#9871);
#2715=VERTEX_POINT('',#9890);
#2716=VERTEX_POINT('',#9892);
#2717=VERTEX_POINT('',#9903);
#2718=VERTEX_POINT('',#9917);
#2719=VERTEX_POINT('',#9924);
#2720=VERTEX_POINT('',#9935);
#2721=VERTEX_POINT('',#9949);
#2722=VERTEX_POINT('',#9956);
#2723=VERTEX_POINT('',#9967);
#2724=VERTEX_POINT('',#9981);
#2725=VERTEX_POINT('',#9988);
#2726=VERTEX_POINT('',#9999);
#2727=VERTEX_POINT('',#10018);
#2728=VERTEX_POINT('',#10020);
#2729=VERTEX_POINT('',#10031);
#2730=VERTEX_POINT('',#10045);
#2731=VERTEX_POINT('',#10052);
#2732=VERTEX_POINT('',#10063);
#2733=VERTEX_POINT('',#10077);
#2734=VERTEX_POINT('',#10084);
#2735=VERTEX_POINT('',#10095);
#2736=VERTEX_POINT('',#10109);
#2737=VERTEX_POINT('',#10116);
#2738=VERTEX_POINT('',#10127);
#2739=VERTEX_POINT('',#10146);
#2740=VERTEX_POINT('',#10148);
#2741=VERTEX_POINT('',#10159);
#2742=VERTEX_POINT('',#10173);
#2743=VERTEX_POINT('',#10180);
#2744=VERTEX_POINT('',#10191);
#2745=VERTEX_POINT('',#10205);
#2746=VERTEX_POINT('',#10212);
#2747=VERTEX_POINT('',#10223);
#2748=VERTEX_POINT('',#10237);
#2749=VERTEX_POINT('',#10244);
#2750=VERTEX_POINT('',#10255);
#2751=VERTEX_POINT('',#10274);
#2752=VERTEX_POINT('',#10276);
#2753=VERTEX_POINT('',#10287);
#2754=VERTEX_POINT('',#10301);
#2755=VERTEX_POINT('',#10308);
#2756=VERTEX_POINT('',#10319);
#2757=VERTEX_POINT('',#10333);
#2758=VERTEX_POINT('',#10340);
#2759=VERTEX_POINT('',#10351);
#2760=VERTEX_POINT('',#10365);
#2761=VERTEX_POINT('',#10372);
#2762=VERTEX_POINT('',#10383);
#2763=VERTEX_POINT('',#10402);
#2764=VERTEX_POINT('',#10406);
#2765=VERTEX_POINT('',#10410);
#2766=VERTEX_POINT('',#10414);
#2767=VERTEX_POINT('',#10418);
#2768=VERTEX_POINT('',#10420);
#2769=VERTEX_POINT('',#10431);
#2770=VERTEX_POINT('',#10445);
#2771=VERTEX_POINT('',#10452);
#2772=VERTEX_POINT('',#10463);
#2773=VERTEX_POINT('',#10477);
#2774=VERTEX_POINT('',#10484);
#2775=VERTEX_POINT('',#10495);
#2776=VERTEX_POINT('',#10509);
#2777=VERTEX_POINT('',#10516);
#2778=VERTEX_POINT('',#10527);
#2779=VERTEX_POINT('',#10546);
#2780=VERTEX_POINT('',#10548);
#2781=VERTEX_POINT('',#10559);
#2782=VERTEX_POINT('',#10573);
#2783=VERTEX_POINT('',#10580);
#2784=VERTEX_POINT('',#10591);
#2785=VERTEX_POINT('',#10605);
#2786=VERTEX_POINT('',#10612);
#2787=VERTEX_POINT('',#10623);
#2788=VERTEX_POINT('',#10637);
#2789=VERTEX_POINT('',#10644);
#2790=VERTEX_POINT('',#10655);
#2791=VERTEX_POINT('',#10674);
#2792=VERTEX_POINT('',#10676);
#2793=VERTEX_POINT('',#10687);
#2794=VERTEX_POINT('',#10701);
#2795=VERTEX_POINT('',#10708);
#2796=VERTEX_POINT('',#10719);
#2797=VERTEX_POINT('',#10733);
#2798=VERTEX_POINT('',#10740);
#2799=VERTEX_POINT('',#10751);
#2800=VERTEX_POINT('',#10765);
#2801=VERTEX_POINT('',#10772);
#2802=VERTEX_POINT('',#10783);
#2803=VERTEX_POINT('',#10802);
#2804=VERTEX_POINT('',#10804);
#2805=VERTEX_POINT('',#10815);
#2806=VERTEX_POINT('',#10829);
#2807=VERTEX_POINT('',#10836);
#2808=VERTEX_POINT('',#10847);
#2809=VERTEX_POINT('',#10861);
#2810=VERTEX_POINT('',#10868);
#2811=VERTEX_POINT('',#10879);
#2812=VERTEX_POINT('',#10893);
#2813=VERTEX_POINT('',#10900);
#2814=VERTEX_POINT('',#10911);
#2815=VERTEX_POINT('',#10930);
#2816=VERTEX_POINT('',#10932);
#2817=VERTEX_POINT('',#10943);
#2818=VERTEX_POINT('',#10957);
#2819=VERTEX_POINT('',#10964);
#2820=VERTEX_POINT('',#10975);
#2821=VERTEX_POINT('',#10989);
#2822=VERTEX_POINT('',#10996);
#2823=VERTEX_POINT('',#11007);
#2824=VERTEX_POINT('',#11021);
#2825=VERTEX_POINT('',#11028);
#2826=VERTEX_POINT('',#11039);
#2827=VERTEX_POINT('',#11058);
#2828=VERTEX_POINT('',#11060);
#2829=VERTEX_POINT('',#11071);
#2830=VERTEX_POINT('',#11085);
#2831=VERTEX_POINT('',#11092);
#2832=VERTEX_POINT('',#11103);
#2833=VERTEX_POINT('',#11117);
#2834=VERTEX_POINT('',#11124);
#2835=VERTEX_POINT('',#11135);
#2836=VERTEX_POINT('',#11149);
#2837=VERTEX_POINT('',#11156);
#2838=VERTEX_POINT('',#11167);
#2839=VERTEX_POINT('',#11186);
#2840=VERTEX_POINT('',#11188);
#2841=VERTEX_POINT('',#11199);
#2842=VERTEX_POINT('',#11213);
#2843=VERTEX_POINT('',#11220);
#2844=VERTEX_POINT('',#11231);
#2845=VERTEX_POINT('',#11245);
#2846=VERTEX_POINT('',#11252);
#2847=VERTEX_POINT('',#11263);
#2848=VERTEX_POINT('',#11277);
#2849=VERTEX_POINT('',#11284);
#2850=VERTEX_POINT('',#11295);
#2851=VERTEX_POINT('',#11314);
#2852=VERTEX_POINT('',#11316);
#2853=VERTEX_POINT('',#11327);
#2854=VERTEX_POINT('',#11341);
#2855=VERTEX_POINT('',#11348);
#2856=VERTEX_POINT('',#11359);
#2857=VERTEX_POINT('',#11373);
#2858=VERTEX_POINT('',#11380);
#2859=VERTEX_POINT('',#11391);
#2860=VERTEX_POINT('',#11405);
#2861=VERTEX_POINT('',#11412);
#2862=VERTEX_POINT('',#11423);
#2863=VERTEX_POINT('',#11464);
#2864=EDGE_CURVE('',#2287,#2288,#1269,.T.);
#2865=EDGE_CURVE('',#2289,#2288,#1270,.T.);
#2866=EDGE_CURVE('',#2289,#2290,#1271,.T.);
#2867=EDGE_CURVE('',#2290,#2287,#1272,.T.);
#2868=EDGE_CURVE('',#2291,#2288,#1273,.T.);
#2869=EDGE_CURVE('',#2292,#2291,#1274,.T.);
#2870=EDGE_CURVE('',#2289,#2292,#1275,.T.);
#2871=EDGE_CURVE('',#2293,#2291,#1276,.T.);
#2872=EDGE_CURVE('',#2294,#2293,#1277,.T.);
#2873=EDGE_CURVE('',#2292,#2294,#1278,.T.);
#2874=EDGE_CURVE('',#2290,#2295,#1279,.T.);
#2875=EDGE_CURVE('',#2295,#2296,#1280,.T.);
#2876=EDGE_CURVE('',#2296,#2297,#290,.T.);
#2877=EDGE_CURVE('',#2297,#2298,#1281,.T.);
#2878=EDGE_CURVE('',#2298,#2299,#291,.T.);
#2879=EDGE_CURVE('',#2299,#2300,#1282,.T.);
#2880=EDGE_CURVE('',#2300,#2301,#292,.T.);
#2881=EDGE_CURVE('',#2301,#2302,#1283,.T.);
#2882=EDGE_CURVE('',#2302,#2303,#293,.T.);
#2883=EDGE_CURVE('',#2303,#2304,#1284,.T.);
#2884=EDGE_CURVE('',#2304,#2305,#294,.T.);
#2885=EDGE_CURVE('',#2305,#2306,#1285,.T.);
#2886=EDGE_CURVE('',#2306,#2307,#295,.T.);
#2887=EDGE_CURVE('',#2307,#2308,#1286,.T.);
#2888=EDGE_CURVE('',#2308,#2309,#296,.T.);
#2889=EDGE_CURVE('',#2309,#2310,#1287,.T.);
#2890=EDGE_CURVE('',#2310,#2311,#297,.T.);
#2891=EDGE_CURVE('',#2311,#2312,#1288,.T.);
#2892=EDGE_CURVE('',#2312,#2313,#298,.T.);
#2893=EDGE_CURVE('',#2313,#2314,#299,.T.);
#2894=EDGE_CURVE('',#2314,#2315,#256,.T.);
#2895=EDGE_CURVE('',#2315,#2294,#1289,.T.);
#2896=EDGE_CURVE('',#2293,#2316,#1290,.T.);
#2897=EDGE_CURVE('',#2316,#2317,#257,.T.);
#2898=EDGE_CURVE('',#2317,#2318,#300,.T.);
#2899=EDGE_CURVE('',#2318,#2319,#301,.T.);
#2900=EDGE_CURVE('',#2319,#2320,#1291,.T.);
#2901=EDGE_CURVE('',#2320,#2321,#302,.T.);
#2902=EDGE_CURVE('',#2321,#2322,#1292,.T.);
#2903=EDGE_CURVE('',#2322,#2323,#303,.T.);
#2904=EDGE_CURVE('',#2323,#2324,#1293,.T.);
#2905=EDGE_CURVE('',#2324,#2325,#304,.T.);
#2906=EDGE_CURVE('',#2325,#2326,#1294,.T.);
#2907=EDGE_CURVE('',#2326,#2327,#305,.T.);
#2908=EDGE_CURVE('',#2327,#2328,#1295,.T.);
#2909=EDGE_CURVE('',#2328,#2329,#306,.T.);
#2910=EDGE_CURVE('',#2329,#2330,#1296,.T.);
#2911=EDGE_CURVE('',#2330,#2331,#307,.T.);
#2912=EDGE_CURVE('',#2331,#2332,#1297,.T.);
#2913=EDGE_CURVE('',#2332,#2333,#308,.T.);
#2914=EDGE_CURVE('',#2333,#2334,#1298,.T.);
#2915=EDGE_CURVE('',#2334,#2335,#309,.T.);
#2916=EDGE_CURVE('',#2335,#2336,#1299,.T.);
#2917=EDGE_CURVE('',#2336,#2337,#310,.T.);
#2918=EDGE_CURVE('',#2337,#2287,#1300,.T.);
#2919=EDGE_CURVE('',#2338,#2315,#1301,.T.);
#2920=EDGE_CURVE('',#2339,#2338,#1302,.T.);
#2921=EDGE_CURVE('',#2339,#2340,#1303,.T.);
#2922=EDGE_CURVE('',#2340,#2341,#1304,.T.);
#2923=EDGE_CURVE('',#2341,#2342,#1305,.T.);
#2924=EDGE_CURVE('',#2343,#2342,#1306,.T.);
#2925=EDGE_CURVE('',#2343,#2295,#1307,.T.);
#2926=EDGE_CURVE('',#2344,#2345,#1308,.T.);
#2927=EDGE_CURVE('',#2341,#2344,#1309,.T.);
#2928=EDGE_CURVE('',#2345,#2340,#1310,.T.);
#2929=EDGE_CURVE('',#2346,#2339,#258,.T.);
#2930=EDGE_CURVE('',#2338,#2347,#259,.T.);
#2931=EDGE_CURVE('',#2347,#2346,#1311,.T.);
#2932=EDGE_CURVE('',#2342,#2348,#260,.T.);
#2933=EDGE_CURVE('',#2348,#2349,#1312,.T.);
#2934=EDGE_CURVE('',#2349,#2343,#235,.T.);
#2935=EDGE_CURVE('',#2348,#2350,#1313,.T.);
#2936=EDGE_CURVE('',#2351,#2350,#1314,.T.);
#2937=EDGE_CURVE('',#2352,#2351,#1315,.T.);
#2938=EDGE_CURVE('',#2353,#2352,#1316,.T.);
#2939=EDGE_CURVE('',#2354,#2353,#1317,.T.);
#2940=EDGE_CURVE('',#2355,#2354,#1318,.T.);
#2941=EDGE_CURVE('',#2355,#2346,#1319,.T.);
#2942=EDGE_CURVE('',#2356,#2347,#261,.T.);
#2943=EDGE_CURVE('',#2357,#2356,#311,.T.);
#2944=EDGE_CURVE('',#2358,#2357,#312,.T.);
#2945=EDGE_CURVE('',#2359,#2358,#1320,.T.);
#2946=EDGE_CURVE('',#2360,#2359,#313,.T.);
#2947=EDGE_CURVE('',#2361,#2360,#1321,.T.);
#2948=EDGE_CURVE('',#2362,#2361,#314,.T.);
#2949=EDGE_CURVE('',#2363,#2362,#1322,.T.);
#2950=EDGE_CURVE('',#2364,#2363,#315,.T.);
#2951=EDGE_CURVE('',#2365,#2364,#1323,.T.);
#2952=EDGE_CURVE('',#2366,#2365,#316,.T.);
#2953=EDGE_CURVE('',#2367,#2366,#1324,.T.);
#2954=EDGE_CURVE('',#2368,#2367,#317,.T.);
#2955=EDGE_CURVE('',#2369,#2368,#1325,.T.);
#2956=EDGE_CURVE('',#2370,#2369,#318,.T.);
#2957=EDGE_CURVE('',#2371,#2370,#1326,.T.);
#2958=EDGE_CURVE('',#2372,#2371,#319,.T.);
#2959=EDGE_CURVE('',#2373,#2372,#1327,.T.);
#2960=EDGE_CURVE('',#2374,#2373,#320,.T.);
#2961=EDGE_CURVE('',#2349,#2374,#1328,.T.);
#2962=EDGE_CURVE('',#2375,#2376,#321,.T.);
#2963=EDGE_CURVE('',#2377,#2375,#1329,.T.);
#2964=EDGE_CURVE('',#2378,#2377,#322,.T.);
#2965=EDGE_CURVE('',#2379,#2378,#323,.T.);
#2966=EDGE_CURVE('',#2380,#2379,#1330,.T.);
#2967=EDGE_CURVE('',#2381,#2380,#324,.T.);
#2968=EDGE_CURVE('',#2382,#2381,#325,.T.);
#2969=EDGE_CURVE('',#2383,#2382,#1331,.T.);
#2970=EDGE_CURVE('',#2384,#2383,#326,.T.);
#2971=EDGE_CURVE('',#2385,#2384,#327,.T.);
#2972=EDGE_CURVE('',#2386,#2385,#1332,.T.);
#2973=EDGE_CURVE('',#2376,#2386,#328,.T.);
#2974=EDGE_CURVE('',#2387,#2388,#329,.T.);
#2975=EDGE_CURVE('',#2389,#2387,#1333,.T.);
#2976=EDGE_CURVE('',#2390,#2389,#330,.T.);
#2977=EDGE_CURVE('',#2391,#2390,#1334,.T.);
#2978=EDGE_CURVE('',#2392,#2391,#331,.T.);
#2979=EDGE_CURVE('',#2393,#2392,#1335,.T.);
#2980=EDGE_CURVE('',#2394,#2393,#332,.T.);
#2981=EDGE_CURVE('',#2388,#2394,#1336,.T.);
#2982=EDGE_CURVE('',#2395,#2395,#262,.T.);
#2983=EDGE_CURVE('',#2396,#2397,#1337,.T.);
#2984=EDGE_CURVE('',#2398,#2396,#1338,.T.);
#2985=EDGE_CURVE('',#2399,#2398,#1339,.T.);
#2986=EDGE_CURVE('',#2397,#2399,#1340,.T.);
#2987=EDGE_CURVE('',#2400,#2400,#263,.T.);
#2988=EDGE_CURVE('',#2401,#2401,#264,.T.);
#2989=EDGE_CURVE('',#2402,#2403,#333,.T.);
#2990=EDGE_CURVE('',#2404,#2402,#1341,.T.);
#2991=EDGE_CURVE('',#2405,#2404,#334,.T.);
#2992=EDGE_CURVE('',#2406,#2405,#335,.T.);
#2993=EDGE_CURVE('',#2407,#2406,#1342,.T.);
#2994=EDGE_CURVE('',#2408,#2407,#336,.T.);
#2995=EDGE_CURVE('',#2409,#2408,#337,.T.);
#2996=EDGE_CURVE('',#2410,#2409,#1343,.T.);
#2997=EDGE_CURVE('',#2411,#2410,#338,.T.);
#2998=EDGE_CURVE('',#2412,#2411,#339,.T.);
#2999=EDGE_CURVE('',#2413,#2412,#1344,.T.);
#3000=EDGE_CURVE('',#2403,#2413,#340,.T.);
#3001=EDGE_CURVE('',#2414,#2415,#341,.T.);
#3002=EDGE_CURVE('',#2416,#2414,#1345,.T.);
#3003=EDGE_CURVE('',#2417,#2416,#342,.T.);
#3004=EDGE_CURVE('',#2418,#2417,#343,.T.);
#3005=EDGE_CURVE('',#2419,#2418,#1346,.T.);
#3006=EDGE_CURVE('',#2420,#2419,#344,.T.);
#3007=EDGE_CURVE('',#2421,#2420,#345,.T.);
#3008=EDGE_CURVE('',#2422,#2421,#1347,.T.);
#3009=EDGE_CURVE('',#2423,#2422,#346,.T.);
#3010=EDGE_CURVE('',#2424,#2423,#347,.T.);
#3011=EDGE_CURVE('',#2425,#2424,#1348,.T.);
#3012=EDGE_CURVE('',#2415,#2425,#348,.T.);
#3013=EDGE_CURVE('',#2426,#2427,#349,.T.);
#3014=EDGE_CURVE('',#2428,#2426,#1349,.T.);
#3015=EDGE_CURVE('',#2429,#2428,#350,.T.);
#3016=EDGE_CURVE('',#2430,#2429,#1350,.T.);
#3017=EDGE_CURVE('',#2431,#2430,#351,.T.);
#3018=EDGE_CURVE('',#2432,#2431,#1351,.T.);
#3019=EDGE_CURVE('',#2433,#2432,#352,.T.);
#3020=EDGE_CURVE('',#2427,#2433,#1352,.T.);
#3021=EDGE_CURVE('',#2434,#2435,#353,.T.);
#3022=EDGE_CURVE('',#2436,#2434,#1353,.T.);
#3023=EDGE_CURVE('',#2437,#2436,#354,.T.);
#3024=EDGE_CURVE('',#2438,#2437,#355,.T.);
#3025=EDGE_CURVE('',#2439,#2438,#1354,.T.);
#3026=EDGE_CURVE('',#2440,#2439,#356,.T.);
#3027=EDGE_CURVE('',#2441,#2440,#357,.T.);
#3028=EDGE_CURVE('',#2442,#2441,#1355,.T.);
#3029=EDGE_CURVE('',#2443,#2442,#358,.T.);
#3030=EDGE_CURVE('',#2444,#2443,#359,.T.);
#3031=EDGE_CURVE('',#2445,#2444,#1356,.T.);
#3032=EDGE_CURVE('',#2435,#2445,#360,.T.);
#3033=EDGE_CURVE('',#2446,#2447,#361,.T.);
#3034=EDGE_CURVE('',#2448,#2446,#1357,.T.);
#3035=EDGE_CURVE('',#2449,#2448,#362,.T.);
#3036=EDGE_CURVE('',#2450,#2449,#363,.T.);
#3037=EDGE_CURVE('',#2451,#2450,#1358,.T.);
#3038=EDGE_CURVE('',#2452,#2451,#364,.T.);
#3039=EDGE_CURVE('',#2453,#2452,#365,.T.);
#3040=EDGE_CURVE('',#2454,#2453,#1359,.T.);
#3041=EDGE_CURVE('',#2455,#2454,#366,.T.);
#3042=EDGE_CURVE('',#2456,#2455,#367,.T.);
#3043=EDGE_CURVE('',#2457,#2456,#1360,.T.);
#3044=EDGE_CURVE('',#2447,#2457,#368,.T.);
#3045=EDGE_CURVE('',#2458,#2459,#369,.T.);
#3046=EDGE_CURVE('',#2460,#2458,#1361,.T.);
#3047=EDGE_CURVE('',#2461,#2460,#370,.T.);
#3048=EDGE_CURVE('',#2462,#2461,#371,.T.);
#3049=EDGE_CURVE('',#2463,#2462,#1362,.T.);
#3050=EDGE_CURVE('',#2464,#2463,#372,.T.);
#3051=EDGE_CURVE('',#2465,#2464,#373,.T.);
#3052=EDGE_CURVE('',#2466,#2465,#1363,.T.);
#3053=EDGE_CURVE('',#2467,#2466,#374,.T.);
#3054=EDGE_CURVE('',#2468,#2467,#375,.T.);
#3055=EDGE_CURVE('',#2469,#2468,#1364,.T.);
#3056=EDGE_CURVE('',#2459,#2469,#376,.T.);
#3057=EDGE_CURVE('',#2470,#2471,#377,.T.);
#3058=EDGE_CURVE('',#2472,#2470,#1365,.T.);
#3059=EDGE_CURVE('',#2473,#2472,#378,.T.);
#3060=EDGE_CURVE('',#2474,#2473,#379,.T.);
#3061=EDGE_CURVE('',#2475,#2474,#1366,.T.);
#3062=EDGE_CURVE('',#2476,#2475,#380,.T.);
#3063=EDGE_CURVE('',#2477,#2476,#381,.T.);
#3064=EDGE_CURVE('',#2478,#2477,#1367,.T.);
#3065=EDGE_CURVE('',#2479,#2478,#382,.T.);
#3066=EDGE_CURVE('',#2480,#2479,#383,.T.);
#3067=EDGE_CURVE('',#2481,#2480,#1368,.T.);
#3068=EDGE_CURVE('',#2471,#2481,#384,.T.);
#3069=EDGE_CURVE('',#2482,#2483,#385,.T.);
#3070=EDGE_CURVE('',#2484,#2482,#1369,.T.);
#3071=EDGE_CURVE('',#2485,#2484,#386,.T.);
#3072=EDGE_CURVE('',#2486,#2485,#387,.T.);
#3073=EDGE_CURVE('',#2487,#2486,#1370,.T.);
#3074=EDGE_CURVE('',#2488,#2487,#388,.T.);
#3075=EDGE_CURVE('',#2489,#2488,#389,.T.);
#3076=EDGE_CURVE('',#2490,#2489,#1371,.T.);
#3077=EDGE_CURVE('',#2491,#2490,#390,.T.);
#3078=EDGE_CURVE('',#2492,#2491,#391,.T.);
#3079=EDGE_CURVE('',#2493,#2492,#1372,.T.);
#3080=EDGE_CURVE('',#2483,#2493,#392,.T.);
#3081=EDGE_CURVE('',#2494,#2494,#265,.T.);
#3082=EDGE_CURVE('',#2495,#2495,#266,.T.);
#3083=EDGE_CURVE('',#2496,#2496,#267,.T.);
#3084=EDGE_CURVE('',#2497,#2497,#268,.T.);
#3085=EDGE_CURVE('',#2498,#2499,#393,.T.);
#3086=EDGE_CURVE('',#2500,#2498,#1373,.T.);
#3087=EDGE_CURVE('',#2501,#2500,#394,.T.);
#3088=EDGE_CURVE('',#2502,#2501,#395,.T.);
#3089=EDGE_CURVE('',#2503,#2502,#1374,.T.);
#3090=EDGE_CURVE('',#2504,#2503,#396,.T.);
#3091=EDGE_CURVE('',#2505,#2504,#397,.T.);
#3092=EDGE_CURVE('',#2506,#2505,#1375,.T.);
#3093=EDGE_CURVE('',#2507,#2506,#398,.T.);
#3094=EDGE_CURVE('',#2508,#2507,#399,.T.);
#3095=EDGE_CURVE('',#2509,#2508,#1376,.T.);
#3096=EDGE_CURVE('',#2499,#2509,#400,.T.);
#3097=EDGE_CURVE('',#2510,#2511,#401,.T.);
#3098=EDGE_CURVE('',#2512,#2510,#1377,.T.);
#3099=EDGE_CURVE('',#2513,#2512,#402,.T.);
#3100=EDGE_CURVE('',#2514,#2513,#403,.T.);
#3101=EDGE_CURVE('',#2515,#2514,#1378,.T.);
#3102=EDGE_CURVE('',#2516,#2515,#404,.T.);
#3103=EDGE_CURVE('',#2517,#2516,#405,.T.);
#3104=EDGE_CURVE('',#2518,#2517,#1379,.T.);
#3105=EDGE_CURVE('',#2519,#2518,#406,.T.);
#3106=EDGE_CURVE('',#2520,#2519,#407,.T.);
#3107=EDGE_CURVE('',#2521,#2520,#1380,.T.);
#3108=EDGE_CURVE('',#2511,#2521,#408,.T.);
#3109=EDGE_CURVE('',#2522,#2523,#409,.T.);
#3110=EDGE_CURVE('',#2524,#2522,#1381,.T.);
#3111=EDGE_CURVE('',#2525,#2524,#410,.T.);
#3112=EDGE_CURVE('',#2526,#2525,#411,.T.);
#3113=EDGE_CURVE('',#2527,#2526,#1382,.T.);
#3114=EDGE_CURVE('',#2528,#2527,#412,.T.);
#3115=EDGE_CURVE('',#2529,#2528,#413,.T.);
#3116=EDGE_CURVE('',#2530,#2529,#1383,.T.);
#3117=EDGE_CURVE('',#2531,#2530,#414,.T.);
#3118=EDGE_CURVE('',#2532,#2531,#415,.T.);
#3119=EDGE_CURVE('',#2533,#2532,#1384,.T.);
#3120=EDGE_CURVE('',#2523,#2533,#416,.T.);
#3121=EDGE_CURVE('',#2534,#2535,#417,.T.);
#3122=EDGE_CURVE('',#2536,#2534,#1385,.T.);
#3123=EDGE_CURVE('',#2537,#2536,#418,.T.);
#3124=EDGE_CURVE('',#2538,#2537,#419,.T.);
#3125=EDGE_CURVE('',#2539,#2538,#1386,.T.);
#3126=EDGE_CURVE('',#2540,#2539,#420,.T.);
#3127=EDGE_CURVE('',#2541,#2540,#421,.T.);
#3128=EDGE_CURVE('',#2542,#2541,#1387,.T.);
#3129=EDGE_CURVE('',#2543,#2542,#422,.T.);
#3130=EDGE_CURVE('',#2544,#2543,#423,.T.);
#3131=EDGE_CURVE('',#2545,#2544,#1388,.T.);
#3132=EDGE_CURVE('',#2535,#2545,#424,.T.);
#3133=EDGE_CURVE('',#2546,#2547,#425,.T.);
#3134=EDGE_CURVE('',#2548,#2546,#1389,.T.);
#3135=EDGE_CURVE('',#2549,#2548,#426,.T.);
#3136=EDGE_CURVE('',#2550,#2549,#427,.T.);
#3137=EDGE_CURVE('',#2551,#2550,#1390,.T.);
#3138=EDGE_CURVE('',#2552,#2551,#428,.T.);
#3139=EDGE_CURVE('',#2553,#2552,#429,.T.);
#3140=EDGE_CURVE('',#2554,#2553,#1391,.T.);
#3141=EDGE_CURVE('',#2555,#2554,#430,.T.);
#3142=EDGE_CURVE('',#2556,#2555,#431,.T.);
#3143=EDGE_CURVE('',#2557,#2556,#1392,.T.);
#3144=EDGE_CURVE('',#2547,#2557,#432,.T.);
#3145=EDGE_CURVE('',#2558,#2559,#433,.T.);
#3146=EDGE_CURVE('',#2560,#2558,#1393,.T.);
#3147=EDGE_CURVE('',#2561,#2560,#434,.T.);
#3148=EDGE_CURVE('',#2562,#2561,#435,.T.);
#3149=EDGE_CURVE('',#2563,#2562,#1394,.T.);
#3150=EDGE_CURVE('',#2564,#2563,#436,.T.);
#3151=EDGE_CURVE('',#2565,#2564,#437,.T.);
#3152=EDGE_CURVE('',#2566,#2565,#1395,.T.);
#3153=EDGE_CURVE('',#2567,#2566,#438,.T.);
#3154=EDGE_CURVE('',#2568,#2567,#439,.T.);
#3155=EDGE_CURVE('',#2569,#2568,#1396,.T.);
#3156=EDGE_CURVE('',#2559,#2569,#440,.T.);
#3157=EDGE_CURVE('',#2570,#2571,#441,.T.);
#3158=EDGE_CURVE('',#2572,#2570,#1397,.T.);
#3159=EDGE_CURVE('',#2573,#2572,#442,.T.);
#3160=EDGE_CURVE('',#2574,#2573,#443,.T.);
#3161=EDGE_CURVE('',#2575,#2574,#1398,.T.);
#3162=EDGE_CURVE('',#2576,#2575,#444,.T.);
#3163=EDGE_CURVE('',#2577,#2576,#445,.T.);
#3164=EDGE_CURVE('',#2578,#2577,#1399,.T.);
#3165=EDGE_CURVE('',#2579,#2578,#446,.T.);
#3166=EDGE_CURVE('',#2580,#2579,#447,.T.);
#3167=EDGE_CURVE('',#2581,#2580,#1400,.T.);
#3168=EDGE_CURVE('',#2571,#2581,#448,.T.);
#3169=EDGE_CURVE('',#2582,#2583,#449,.T.);
#3170=EDGE_CURVE('',#2584,#2582,#1401,.T.);
#3171=EDGE_CURVE('',#2585,#2584,#450,.T.);
#3172=EDGE_CURVE('',#2586,#2585,#451,.T.);
#3173=EDGE_CURVE('',#2587,#2586,#1402,.T.);
#3174=EDGE_CURVE('',#2588,#2587,#452,.T.);
#3175=EDGE_CURVE('',#2589,#2588,#453,.T.);
#3176=EDGE_CURVE('',#2590,#2589,#1403,.T.);
#3177=EDGE_CURVE('',#2591,#2590,#454,.T.);
#3178=EDGE_CURVE('',#2592,#2591,#455,.T.);
#3179=EDGE_CURVE('',#2593,#2592,#1404,.T.);
#3180=EDGE_CURVE('',#2583,#2593,#456,.T.);
#3181=EDGE_CURVE('',#2594,#2337,#1405,.T.);
#3182=EDGE_CURVE('',#2595,#2594,#1406,.T.);
#3183=EDGE_CURVE('',#2595,#2344,#1407,.T.);
#3184=EDGE_CURVE('',#2345,#2596,#1408,.T.);
#3185=EDGE_CURVE('',#2597,#2596,#1409,.T.);
#3186=EDGE_CURVE('',#2597,#2316,#1410,.T.);
#3187=EDGE_CURVE('',#2598,#2595,#1411,.T.);
#3188=EDGE_CURVE('',#2350,#2598,#1412,.T.);
#3189=EDGE_CURVE('',#2596,#2599,#1413,.T.);
#3190=EDGE_CURVE('',#2599,#2355,#1414,.T.);
#3191=EDGE_CURVE('',#2600,#2598,#1415,.T.);
#3192=EDGE_CURVE('',#2351,#2600,#1416,.T.);
#3193=EDGE_CURVE('',#2601,#2356,#269,.T.);
#3194=EDGE_CURVE('',#2338,#2601,#270,.T.);
#3195=EDGE_CURVE('',#2602,#2357,#271,.T.);
#3196=EDGE_CURVE('',#2601,#2602,#457,.T.);
#3197=EDGE_CURVE('',#2603,#2358,#458,.T.);
#3198=EDGE_CURVE('',#2602,#2603,#459,.T.);
#3199=EDGE_CURVE('',#2604,#2359,#460,.T.);
#3200=EDGE_CURVE('',#2603,#2604,#1417,.T.);
#3201=EDGE_CURVE('',#2604,#2605,#461,.T.);
#3202=EDGE_CURVE('',#2605,#2360,#272,.T.);
#3203=EDGE_CURVE('',#2606,#2361,#273,.T.);
#3204=EDGE_CURVE('',#2605,#2606,#1418,.T.);
#3205=EDGE_CURVE('',#2607,#2362,#462,.T.);
#3206=EDGE_CURVE('',#2606,#2607,#463,.T.);
#3207=EDGE_CURVE('',#2608,#2363,#464,.T.);
#3208=EDGE_CURVE('',#2607,#2608,#1419,.T.);
#3209=EDGE_CURVE('',#2608,#2609,#465,.T.);
#3210=EDGE_CURVE('',#2609,#2364,#274,.T.);
#3211=EDGE_CURVE('',#2610,#2365,#275,.T.);
#3212=EDGE_CURVE('',#2609,#2610,#1420,.T.);
#3213=EDGE_CURVE('',#2610,#2611,#466,.T.);
#3214=EDGE_CURVE('',#2611,#2366,#276,.T.);
#3215=EDGE_CURVE('',#2612,#2367,#277,.T.);
#3216=EDGE_CURVE('',#2611,#2612,#1421,.T.);
#3217=EDGE_CURVE('',#2612,#2613,#467,.T.);
#3218=EDGE_CURVE('',#2613,#2368,#278,.T.);
#3219=EDGE_CURVE('',#2614,#2369,#279,.T.);
#3220=EDGE_CURVE('',#2613,#2614,#1422,.T.);
#3221=EDGE_CURVE('',#2615,#2370,#468,.T.);
#3222=EDGE_CURVE('',#2614,#2615,#469,.T.);
#3223=EDGE_CURVE('',#2616,#2371,#470,.T.);
#3224=EDGE_CURVE('',#2615,#2616,#1423,.T.);
#3225=EDGE_CURVE('',#2616,#2617,#471,.T.);
#3226=EDGE_CURVE('',#2617,#2372,#280,.T.);
#3227=EDGE_CURVE('',#2618,#2373,#281,.T.);
#3228=EDGE_CURVE('',#2617,#2618,#1424,.T.);
#3229=EDGE_CURVE('',#2619,#2374,#472,.T.);
#3230=EDGE_CURVE('',#2618,#2619,#473,.T.);
#3231=EDGE_CURVE('',#2619,#2343,#1425,.T.);
#3232=EDGE_CURVE('',#2609,#2306,#1426,.T.);
#3233=EDGE_CURVE('',#2610,#2305,#1427,.T.);
#3234=EDGE_CURVE('',#2608,#2307,#1428,.T.);
#3235=EDGE_CURVE('',#2607,#2308,#1429,.T.);
#3236=EDGE_CURVE('',#2606,#2309,#1430,.T.);
#3237=EDGE_CURVE('',#2605,#2310,#1431,.T.);
#3238=EDGE_CURVE('',#2604,#2311,#1432,.T.);
#3239=EDGE_CURVE('',#2603,#2312,#1433,.T.);
#3240=EDGE_CURVE('',#2602,#2620,#1434,.T.);
#3241=EDGE_CURVE('',#2620,#2313,#1435,.T.);
#3242=EDGE_CURVE('',#2601,#2314,#1436,.T.);
#3243=EDGE_CURVE('',#2621,#2622,#474,.T.);
#3244=EDGE_CURVE('',#2621,#2325,#1437,.T.);
#3245=EDGE_CURVE('',#2622,#2324,#1438,.T.);
#3246=EDGE_CURVE('',#2623,#2621,#1439,.T.);
#3247=EDGE_CURVE('',#2623,#2326,#1440,.T.);
#3248=EDGE_CURVE('',#2624,#2623,#475,.T.);
#3249=EDGE_CURVE('',#2624,#2327,#1441,.T.);
#3250=EDGE_CURVE('',#2625,#2624,#1442,.T.);
#3251=EDGE_CURVE('',#2625,#2328,#1443,.T.);
#3252=EDGE_CURVE('',#2626,#2625,#476,.T.);
#3253=EDGE_CURVE('',#2626,#2329,#1444,.T.);
#3254=EDGE_CURVE('',#2627,#2626,#1445,.T.);
#3255=EDGE_CURVE('',#2627,#2330,#1446,.T.);
#3256=EDGE_CURVE('',#2628,#2627,#477,.T.);
#3257=EDGE_CURVE('',#2628,#2331,#1447,.T.);
#3258=EDGE_CURVE('',#2629,#2628,#1448,.T.);
#3259=EDGE_CURVE('',#2629,#2332,#1449,.T.);
#3260=EDGE_CURVE('',#2630,#2629,#478,.T.);
#3261=EDGE_CURVE('',#2630,#2333,#1450,.T.);
#3262=EDGE_CURVE('',#2631,#2630,#1451,.T.);
#3263=EDGE_CURVE('',#2631,#2334,#1452,.T.);
#3264=EDGE_CURVE('',#2632,#2631,#479,.T.);
#3265=EDGE_CURVE('',#2632,#2335,#1453,.T.);
#3266=EDGE_CURVE('',#2622,#2633,#1454,.T.);
#3267=EDGE_CURVE('',#2633,#2323,#1455,.T.);
#3268=EDGE_CURVE('',#2633,#2634,#480,.T.);
#3269=EDGE_CURVE('',#2634,#2322,#1456,.T.);
#3270=EDGE_CURVE('',#2634,#2635,#1457,.T.);
#3271=EDGE_CURVE('',#2635,#2321,#1458,.T.);
#3272=EDGE_CURVE('',#2635,#2636,#481,.T.);
#3273=EDGE_CURVE('',#2636,#2320,#1459,.T.);
#3274=EDGE_CURVE('',#2636,#2637,#1460,.T.);
#3275=EDGE_CURVE('',#2637,#2319,#1461,.T.);
#3276=EDGE_CURVE('',#2637,#2638,#482,.T.);
#3277=EDGE_CURVE('',#2638,#2318,#1462,.T.);
#3278=EDGE_CURVE('',#2638,#2639,#483,.T.);
#3279=EDGE_CURVE('',#2639,#2317,#1463,.T.);
#3280=EDGE_CURVE('',#2639,#2597,#282,.T.);
#3281=EDGE_CURVE('',#2594,#2640,#484,.T.);
#3282=EDGE_CURVE('',#2640,#2336,#1464,.T.);
#3283=EDGE_CURVE('',#2640,#2632,#1465,.T.);
#3284=EDGE_CURVE('',#2352,#2641,#1466,.T.);
#3285=EDGE_CURVE('',#2642,#2641,#1467,.T.);
#3286=EDGE_CURVE('',#2353,#2642,#1468,.T.);
#3287=EDGE_CURVE('',#2643,#2642,#1469,.T.);
#3288=EDGE_CURVE('',#2354,#2643,#1470,.T.);
#3289=EDGE_CURVE('',#2599,#2643,#1471,.T.);
#3290=EDGE_CURVE('',#2641,#2600,#1472,.T.);
#3291=EDGE_CURVE('',#2375,#2644,#1473,.T.);
#3292=EDGE_CURVE('',#2645,#2644,#1474,.T.);
#3293=EDGE_CURVE('',#2377,#2645,#1475,.T.);
#3294=EDGE_CURVE('',#2646,#2645,#485,.T.);
#3295=EDGE_CURVE('',#2378,#2646,#1476,.T.);
#3296=EDGE_CURVE('',#2647,#2646,#486,.T.);
#3297=EDGE_CURVE('',#2379,#2647,#1477,.T.);
#3298=EDGE_CURVE('',#2648,#2647,#1478,.T.);
#3299=EDGE_CURVE('',#2380,#2648,#1479,.T.);
#3300=EDGE_CURVE('',#2649,#2648,#487,.T.);
#3301=EDGE_CURVE('',#2381,#2649,#1480,.T.);
#3302=EDGE_CURVE('',#2650,#2649,#488,.T.);
#3303=EDGE_CURVE('',#2382,#2650,#1481,.T.);
#3304=EDGE_CURVE('',#2651,#2650,#1482,.T.);
#3305=EDGE_CURVE('',#2383,#2651,#1483,.T.);
#3306=EDGE_CURVE('',#2652,#2651,#489,.T.);
#3307=EDGE_CURVE('',#2384,#2652,#1484,.T.);
#3308=EDGE_CURVE('',#2653,#2652,#490,.T.);
#3309=EDGE_CURVE('',#2385,#2653,#1485,.T.);
#3310=EDGE_CURVE('',#2654,#2653,#1486,.T.);
#3311=EDGE_CURVE('',#2386,#2654,#1487,.T.);
#3312=EDGE_CURVE('',#2655,#2654,#491,.T.);
#3313=EDGE_CURVE('',#2376,#2655,#1488,.T.);
#3314=EDGE_CURVE('',#2644,#2655,#492,.T.);
#3315=EDGE_CURVE('',#2387,#2656,#1489,.T.);
#3316=EDGE_CURVE('',#2657,#2656,#1490,.T.);
#3317=EDGE_CURVE('',#2389,#2657,#1491,.T.);
#3318=EDGE_CURVE('',#2658,#2657,#493,.T.);
#3319=EDGE_CURVE('',#2390,#2658,#1492,.T.);
#3320=EDGE_CURVE('',#2659,#2658,#1493,.T.);
#3321=EDGE_CURVE('',#2391,#2659,#1494,.T.);
#3322=EDGE_CURVE('',#2660,#2659,#494,.T.);
#3323=EDGE_CURVE('',#2392,#2660,#1495,.T.);
#3324=EDGE_CURVE('',#2661,#2660,#1496,.T.);
#3325=EDGE_CURVE('',#2393,#2661,#1497,.T.);
#3326=EDGE_CURVE('',#2662,#2661,#495,.T.);
#3327=EDGE_CURVE('',#2394,#2662,#1498,.T.);
#3328=EDGE_CURVE('',#2663,#2662,#1499,.T.);
#3329=EDGE_CURVE('',#2388,#2663,#1500,.T.);
#3330=EDGE_CURVE('',#2656,#2663,#496,.T.);
#3331=EDGE_CURVE('',#2664,#2664,#283,.T.);
#3332=EDGE_CURVE('',#2664,#2395,#1501,.T.);
#3333=EDGE_CURVE('',#2396,#2665,#1502,.T.);
#3334=EDGE_CURVE('',#2666,#2665,#1503,.T.);
#3335=EDGE_CURVE('',#2398,#2666,#1504,.T.);
#3336=EDGE_CURVE('',#2667,#2666,#1505,.T.);
#3337=EDGE_CURVE('',#2399,#2667,#1506,.T.);
#3338=EDGE_CURVE('',#2668,#2667,#1507,.T.);
#3339=EDGE_CURVE('',#2397,#2668,#1508,.T.);
#3340=EDGE_CURVE('',#2665,#2668,#1509,.T.);
#3341=EDGE_CURVE('',#2669,#2669,#284,.T.);
#3342=EDGE_CURVE('',#2669,#2400,#1510,.T.);
#3343=EDGE_CURVE('',#2670,#2670,#285,.T.);
#3344=EDGE_CURVE('',#2670,#2401,#1511,.T.);
#3345=EDGE_CURVE('',#2402,#2671,#1512,.T.);
#3346=EDGE_CURVE('',#2672,#2671,#1513,.T.);
#3347=EDGE_CURVE('',#2404,#2672,#1514,.T.);
#3348=EDGE_CURVE('',#2673,#2672,#497,.T.);
#3349=EDGE_CURVE('',#2405,#2673,#1515,.T.);
#3350=EDGE_CURVE('',#2674,#2673,#498,.T.);
#3351=EDGE_CURVE('',#2406,#2674,#1516,.T.);
#3352=EDGE_CURVE('',#2675,#2674,#1517,.T.);
#3353=EDGE_CURVE('',#2407,#2675,#1518,.T.);
#3354=EDGE_CURVE('',#2676,#2675,#499,.T.);
#3355=EDGE_CURVE('',#2408,#2676,#1519,.T.);
#3356=EDGE_CURVE('',#2677,#2676,#500,.T.);
#3357=EDGE_CURVE('',#2409,#2677,#1520,.T.);
#3358=EDGE_CURVE('',#2678,#2677,#1521,.T.);
#3359=EDGE_CURVE('',#2410,#2678,#1522,.T.);
#3360=EDGE_CURVE('',#2679,#2678,#501,.T.);
#3361=EDGE_CURVE('',#2411,#2679,#1523,.T.);
#3362=EDGE_CURVE('',#2680,#2679,#502,.T.);
#3363=EDGE_CURVE('',#2412,#2680,#1524,.T.);
#3364=EDGE_CURVE('',#2681,#2680,#1525,.T.);
#3365=EDGE_CURVE('',#2413,#2681,#1526,.T.);
#3366=EDGE_CURVE('',#2682,#2681,#503,.T.);
#3367=EDGE_CURVE('',#2403,#2682,#1527,.T.);
#3368=EDGE_CURVE('',#2671,#2682,#504,.T.);
#3369=EDGE_CURVE('',#2414,#2683,#1528,.T.);
#3370=EDGE_CURVE('',#2684,#2683,#1529,.T.);
#3371=EDGE_CURVE('',#2416,#2684,#1530,.T.);
#3372=EDGE_CURVE('',#2685,#2684,#505,.T.);
#3373=EDGE_CURVE('',#2417,#2685,#1531,.T.);
#3374=EDGE_CURVE('',#2686,#2685,#506,.T.);
#3375=EDGE_CURVE('',#2418,#2686,#1532,.T.);
#3376=EDGE_CURVE('',#2687,#2686,#1533,.T.);
#3377=EDGE_CURVE('',#2419,#2687,#1534,.T.);
#3378=EDGE_CURVE('',#2688,#2687,#507,.T.);
#3379=EDGE_CURVE('',#2420,#2688,#1535,.T.);
#3380=EDGE_CURVE('',#2689,#2688,#508,.T.);
#3381=EDGE_CURVE('',#2421,#2689,#1536,.T.);
#3382=EDGE_CURVE('',#2690,#2689,#1537,.T.);
#3383=EDGE_CURVE('',#2422,#2690,#1538,.T.);
#3384=EDGE_CURVE('',#2691,#2690,#509,.T.);
#3385=EDGE_CURVE('',#2423,#2691,#1539,.T.);
#3386=EDGE_CURVE('',#2692,#2691,#510,.T.);
#3387=EDGE_CURVE('',#2424,#2692,#1540,.T.);
#3388=EDGE_CURVE('',#2693,#2692,#1541,.T.);
#3389=EDGE_CURVE('',#2425,#2693,#1542,.T.);
#3390=EDGE_CURVE('',#2694,#2693,#511,.T.);
#3391=EDGE_CURVE('',#2415,#2694,#1543,.T.);
#3392=EDGE_CURVE('',#2683,#2694,#512,.T.);
#3393=EDGE_CURVE('',#2426,#2695,#1544,.T.);
#3394=EDGE_CURVE('',#2696,#2695,#1545,.T.);
#3395=EDGE_CURVE('',#2428,#2696,#1546,.T.);
#3396=EDGE_CURVE('',#2697,#2696,#513,.T.);
#3397=EDGE_CURVE('',#2429,#2697,#1547,.T.);
#3398=EDGE_CURVE('',#2698,#2697,#1548,.T.);
#3399=EDGE_CURVE('',#2430,#2698,#1549,.T.);
#3400=EDGE_CURVE('',#2699,#2698,#514,.T.);
#3401=EDGE_CURVE('',#2431,#2699,#1550,.T.);
#3402=EDGE_CURVE('',#2700,#2699,#1551,.T.);
#3403=EDGE_CURVE('',#2432,#2700,#1552,.T.);
#3404=EDGE_CURVE('',#2701,#2700,#515,.T.);
#3405=EDGE_CURVE('',#2433,#2701,#1553,.T.);
#3406=EDGE_CURVE('',#2702,#2701,#1554,.T.);
#3407=EDGE_CURVE('',#2427,#2702,#1555,.T.);
#3408=EDGE_CURVE('',#2695,#2702,#516,.T.);
#3409=EDGE_CURVE('',#2434,#2703,#1556,.T.);
#3410=EDGE_CURVE('',#2704,#2703,#1557,.T.);
#3411=EDGE_CURVE('',#2436,#2704,#1558,.T.);
#3412=EDGE_CURVE('',#2705,#2704,#517,.T.);
#3413=EDGE_CURVE('',#2437,#2705,#1559,.T.);
#3414=EDGE_CURVE('',#2706,#2705,#518,.T.);
#3415=EDGE_CURVE('',#2438,#2706,#1560,.T.);
#3416=EDGE_CURVE('',#2707,#2706,#1561,.T.);
#3417=EDGE_CURVE('',#2439,#2707,#1562,.T.);
#3418=EDGE_CURVE('',#2708,#2707,#519,.T.);
#3419=EDGE_CURVE('',#2440,#2708,#1563,.T.);
#3420=EDGE_CURVE('',#2709,#2708,#520,.T.);
#3421=EDGE_CURVE('',#2441,#2709,#1564,.T.);
#3422=EDGE_CURVE('',#2710,#2709,#1565,.T.);
#3423=EDGE_CURVE('',#2442,#2710,#1566,.T.);
#3424=EDGE_CURVE('',#2711,#2710,#521,.T.);
#3425=EDGE_CURVE('',#2443,#2711,#1567,.T.);
#3426=EDGE_CURVE('',#2712,#2711,#522,.T.);
#3427=EDGE_CURVE('',#2444,#2712,#1568,.T.);
#3428=EDGE_CURVE('',#2713,#2712,#1569,.T.);
#3429=EDGE_CURVE('',#2445,#2713,#1570,.T.);
#3430=EDGE_CURVE('',#2714,#2713,#523,.T.);
#3431=EDGE_CURVE('',#2435,#2714,#1571,.T.);
#3432=EDGE_CURVE('',#2703,#2714,#524,.T.);
#3433=EDGE_CURVE('',#2446,#2715,#1572,.T.);
#3434=EDGE_CURVE('',#2716,#2715,#1573,.T.);
#3435=EDGE_CURVE('',#2448,#2716,#1574,.T.);
#3436=EDGE_CURVE('',#2717,#2716,#525,.T.);
#3437=EDGE_CURVE('',#2449,#2717,#1575,.T.);
#3438=EDGE_CURVE('',#2718,#2717,#526,.T.);
#3439=EDGE_CURVE('',#2450,#2718,#1576,.T.);
#3440=EDGE_CURVE('',#2719,#2718,#1577,.T.);
#3441=EDGE_CURVE('',#2451,#2719,#1578,.T.);
#3442=EDGE_CURVE('',#2720,#2719,#527,.T.);
#3443=EDGE_CURVE('',#2452,#2720,#1579,.T.);
#3444=EDGE_CURVE('',#2721,#2720,#528,.T.);
#3445=EDGE_CURVE('',#2453,#2721,#1580,.T.);
#3446=EDGE_CURVE('',#2722,#2721,#1581,.T.);
#3447=EDGE_CURVE('',#2454,#2722,#1582,.T.);
#3448=EDGE_CURVE('',#2723,#2722,#529,.T.);
#3449=EDGE_CURVE('',#2455,#2723,#1583,.T.);
#3450=EDGE_CURVE('',#2724,#2723,#530,.T.);
#3451=EDGE_CURVE('',#2456,#2724,#1584,.T.);
#3452=EDGE_CURVE('',#2725,#2724,#1585,.T.);
#3453=EDGE_CURVE('',#2457,#2725,#1586,.T.);
#3454=EDGE_CURVE('',#2726,#2725,#531,.T.);
#3455=EDGE_CURVE('',#2447,#2726,#1587,.T.);
#3456=EDGE_CURVE('',#2715,#2726,#532,.T.);
#3457=EDGE_CURVE('',#2458,#2727,#1588,.T.);
#3458=EDGE_CURVE('',#2728,#2727,#1589,.T.);
#3459=EDGE_CURVE('',#2460,#2728,#1590,.T.);
#3460=EDGE_CURVE('',#2729,#2728,#533,.T.);
#3461=EDGE_CURVE('',#2461,#2729,#1591,.T.);
#3462=EDGE_CURVE('',#2730,#2729,#534,.T.);
#3463=EDGE_CURVE('',#2462,#2730,#1592,.T.);
#3464=EDGE_CURVE('',#2731,#2730,#1593,.T.);
#3465=EDGE_CURVE('',#2463,#2731,#1594,.T.);
#3466=EDGE_CURVE('',#2732,#2731,#535,.T.);
#3467=EDGE_CURVE('',#2464,#2732,#1595,.T.);
#3468=EDGE_CURVE('',#2733,#2732,#536,.T.);
#3469=EDGE_CURVE('',#2465,#2733,#1596,.T.);
#3470=EDGE_CURVE('',#2734,#2733,#1597,.T.);
#3471=EDGE_CURVE('',#2466,#2734,#1598,.T.);
#3472=EDGE_CURVE('',#2735,#2734,#537,.T.);
#3473=EDGE_CURVE('',#2467,#2735,#1599,.T.);
#3474=EDGE_CURVE('',#2736,#2735,#538,.T.);
#3475=EDGE_CURVE('',#2468,#2736,#1600,.T.);
#3476=EDGE_CURVE('',#2737,#2736,#1601,.T.);
#3477=EDGE_CURVE('',#2469,#2737,#1602,.T.);
#3478=EDGE_CURVE('',#2738,#2737,#539,.T.);
#3479=EDGE_CURVE('',#2459,#2738,#1603,.T.);
#3480=EDGE_CURVE('',#2727,#2738,#540,.T.);
#3481=EDGE_CURVE('',#2470,#2739,#1604,.T.);
#3482=EDGE_CURVE('',#2740,#2739,#1605,.T.);
#3483=EDGE_CURVE('',#2472,#2740,#1606,.T.);
#3484=EDGE_CURVE('',#2741,#2740,#541,.T.);
#3485=EDGE_CURVE('',#2473,#2741,#1607,.T.);
#3486=EDGE_CURVE('',#2742,#2741,#542,.T.);
#3487=EDGE_CURVE('',#2474,#2742,#1608,.T.);
#3488=EDGE_CURVE('',#2743,#2742,#1609,.T.);
#3489=EDGE_CURVE('',#2475,#2743,#1610,.T.);
#3490=EDGE_CURVE('',#2744,#2743,#543,.T.);
#3491=EDGE_CURVE('',#2476,#2744,#1611,.T.);
#3492=EDGE_CURVE('',#2745,#2744,#544,.T.);
#3493=EDGE_CURVE('',#2477,#2745,#1612,.T.);
#3494=EDGE_CURVE('',#2746,#2745,#1613,.T.);
#3495=EDGE_CURVE('',#2478,#2746,#1614,.T.);
#3496=EDGE_CURVE('',#2747,#2746,#545,.T.);
#3497=EDGE_CURVE('',#2479,#2747,#1615,.T.);
#3498=EDGE_CURVE('',#2748,#2747,#546,.T.);
#3499=EDGE_CURVE('',#2480,#2748,#1616,.T.);
#3500=EDGE_CURVE('',#2749,#2748,#1617,.T.);
#3501=EDGE_CURVE('',#2481,#2749,#1618,.T.);
#3502=EDGE_CURVE('',#2750,#2749,#547,.T.);
#3503=EDGE_CURVE('',#2471,#2750,#1619,.T.);
#3504=EDGE_CURVE('',#2739,#2750,#548,.T.);
#3505=EDGE_CURVE('',#2482,#2751,#1620,.T.);
#3506=EDGE_CURVE('',#2752,#2751,#1621,.T.);
#3507=EDGE_CURVE('',#2484,#2752,#1622,.T.);
#3508=EDGE_CURVE('',#2753,#2752,#549,.T.);
#3509=EDGE_CURVE('',#2485,#2753,#1623,.T.);
#3510=EDGE_CURVE('',#2754,#2753,#550,.T.);
#3511=EDGE_CURVE('',#2486,#2754,#1624,.T.);
#3512=EDGE_CURVE('',#2755,#2754,#1625,.T.);
#3513=EDGE_CURVE('',#2487,#2755,#1626,.T.);
#3514=EDGE_CURVE('',#2756,#2755,#551,.T.);
#3515=EDGE_CURVE('',#2488,#2756,#1627,.T.);
#3516=EDGE_CURVE('',#2757,#2756,#552,.T.);
#3517=EDGE_CURVE('',#2489,#2757,#1628,.T.);
#3518=EDGE_CURVE('',#2758,#2757,#1629,.T.);
#3519=EDGE_CURVE('',#2490,#2758,#1630,.T.);
#3520=EDGE_CURVE('',#2759,#2758,#553,.T.);
#3521=EDGE_CURVE('',#2491,#2759,#1631,.T.);
#3522=EDGE_CURVE('',#2760,#2759,#554,.T.);
#3523=EDGE_CURVE('',#2492,#2760,#1632,.T.);
#3524=EDGE_CURVE('',#2761,#2760,#1633,.T.);
#3525=EDGE_CURVE('',#2493,#2761,#1634,.T.);
#3526=EDGE_CURVE('',#2762,#2761,#555,.T.);
#3527=EDGE_CURVE('',#2483,#2762,#1635,.T.);
#3528=EDGE_CURVE('',#2751,#2762,#556,.T.);
#3529=EDGE_CURVE('',#2763,#2763,#286,.T.);
#3530=EDGE_CURVE('',#2763,#2494,#1636,.T.);
#3531=EDGE_CURVE('',#2764,#2764,#287,.T.);
#3532=EDGE_CURVE('',#2764,#2495,#1637,.T.);
#3533=EDGE_CURVE('',#2765,#2765,#288,.T.);
#3534=EDGE_CURVE('',#2765,#2496,#1638,.T.);
#3535=EDGE_CURVE('',#2766,#2766,#289,.T.);
#3536=EDGE_CURVE('',#2766,#2497,#1639,.T.);
#3537=EDGE_CURVE('',#2498,#2767,#1640,.T.);
#3538=EDGE_CURVE('',#2768,#2767,#1641,.T.);
#3539=EDGE_CURVE('',#2500,#2768,#1642,.T.);
#3540=EDGE_CURVE('',#2769,#2768,#557,.T.);
#3541=EDGE_CURVE('',#2501,#2769,#1643,.T.);
#3542=EDGE_CURVE('',#2770,#2769,#558,.T.);
#3543=EDGE_CURVE('',#2502,#2770,#1644,.T.);
#3544=EDGE_CURVE('',#2771,#2770,#1645,.T.);
#3545=EDGE_CURVE('',#2503,#2771,#1646,.T.);
#3546=EDGE_CURVE('',#2772,#2771,#559,.T.);
#3547=EDGE_CURVE('',#2504,#2772,#1647,.T.);
#3548=EDGE_CURVE('',#2773,#2772,#560,.T.);
#3549=EDGE_CURVE('',#2505,#2773,#1648,.T.);
#3550=EDGE_CURVE('',#2774,#2773,#1649,.T.);
#3551=EDGE_CURVE('',#2506,#2774,#1650,.T.);
#3552=EDGE_CURVE('',#2775,#2774,#561,.T.);
#3553=EDGE_CURVE('',#2507,#2775,#1651,.T.);
#3554=EDGE_CURVE('',#2776,#2775,#562,.T.);
#3555=EDGE_CURVE('',#2508,#2776,#1652,.T.);
#3556=EDGE_CURVE('',#2777,#2776,#1653,.T.);
#3557=EDGE_CURVE('',#2509,#2777,#1654,.T.);
#3558=EDGE_CURVE('',#2778,#2777,#563,.T.);
#3559=EDGE_CURVE('',#2499,#2778,#1655,.T.);
#3560=EDGE_CURVE('',#2767,#2778,#564,.T.);
#3561=EDGE_CURVE('',#2510,#2779,#1656,.T.);
#3562=EDGE_CURVE('',#2780,#2779,#1657,.T.);
#3563=EDGE_CURVE('',#2512,#2780,#1658,.T.);
#3564=EDGE_CURVE('',#2781,#2780,#565,.T.);
#3565=EDGE_CURVE('',#2513,#2781,#1659,.T.);
#3566=EDGE_CURVE('',#2782,#2781,#566,.T.);
#3567=EDGE_CURVE('',#2514,#2782,#1660,.T.);
#3568=EDGE_CURVE('',#2783,#2782,#1661,.T.);
#3569=EDGE_CURVE('',#2515,#2783,#1662,.T.);
#3570=EDGE_CURVE('',#2784,#2783,#567,.T.);
#3571=EDGE_CURVE('',#2516,#2784,#1663,.T.);
#3572=EDGE_CURVE('',#2785,#2784,#568,.T.);
#3573=EDGE_CURVE('',#2517,#2785,#1664,.T.);
#3574=EDGE_CURVE('',#2786,#2785,#1665,.T.);
#3575=EDGE_CURVE('',#2518,#2786,#1666,.T.);
#3576=EDGE_CURVE('',#2787,#2786,#569,.T.);
#3577=EDGE_CURVE('',#2519,#2787,#1667,.T.);
#3578=EDGE_CURVE('',#2788,#2787,#570,.T.);
#3579=EDGE_CURVE('',#2520,#2788,#1668,.T.);
#3580=EDGE_CURVE('',#2789,#2788,#1669,.T.);
#3581=EDGE_CURVE('',#2521,#2789,#1670,.T.);
#3582=EDGE_CURVE('',#2790,#2789,#571,.T.);
#3583=EDGE_CURVE('',#2511,#2790,#1671,.T.);
#3584=EDGE_CURVE('',#2779,#2790,#572,.T.);
#3585=EDGE_CURVE('',#2522,#2791,#1672,.T.);
#3586=EDGE_CURVE('',#2792,#2791,#1673,.T.);
#3587=EDGE_CURVE('',#2524,#2792,#1674,.T.);
#3588=EDGE_CURVE('',#2793,#2792,#573,.T.);
#3589=EDGE_CURVE('',#2525,#2793,#1675,.T.);
#3590=EDGE_CURVE('',#2794,#2793,#574,.T.);
#3591=EDGE_CURVE('',#2526,#2794,#1676,.T.);
#3592=EDGE_CURVE('',#2795,#2794,#1677,.T.);
#3593=EDGE_CURVE('',#2527,#2795,#1678,.T.);
#3594=EDGE_CURVE('',#2796,#2795,#575,.T.);
#3595=EDGE_CURVE('',#2528,#2796,#1679,.T.);
#3596=EDGE_CURVE('',#2797,#2796,#576,.T.);
#3597=EDGE_CURVE('',#2529,#2797,#1680,.T.);
#3598=EDGE_CURVE('',#2798,#2797,#1681,.T.);
#3599=EDGE_CURVE('',#2530,#2798,#1682,.T.);
#3600=EDGE_CURVE('',#2799,#2798,#577,.T.);
#3601=EDGE_CURVE('',#2531,#2799,#1683,.T.);
#3602=EDGE_CURVE('',#2800,#2799,#578,.T.);
#3603=EDGE_CURVE('',#2532,#2800,#1684,.T.);
#3604=EDGE_CURVE('',#2801,#2800,#1685,.T.);
#3605=EDGE_CURVE('',#2533,#2801,#1686,.T.);
#3606=EDGE_CURVE('',#2802,#2801,#579,.T.);
#3607=EDGE_CURVE('',#2523,#2802,#1687,.T.);
#3608=EDGE_CURVE('',#2791,#2802,#580,.T.);
#3609=EDGE_CURVE('',#2534,#2803,#1688,.T.);
#3610=EDGE_CURVE('',#2804,#2803,#1689,.T.);
#3611=EDGE_CURVE('',#2536,#2804,#1690,.T.);
#3612=EDGE_CURVE('',#2805,#2804,#581,.T.);
#3613=EDGE_CURVE('',#2537,#2805,#1691,.T.);
#3614=EDGE_CURVE('',#2806,#2805,#582,.T.);
#3615=EDGE_CURVE('',#2538,#2806,#1692,.T.);
#3616=EDGE_CURVE('',#2807,#2806,#1693,.T.);
#3617=EDGE_CURVE('',#2539,#2807,#1694,.T.);
#3618=EDGE_CURVE('',#2808,#2807,#583,.T.);
#3619=EDGE_CURVE('',#2540,#2808,#1695,.T.);
#3620=EDGE_CURVE('',#2809,#2808,#584,.T.);
#3621=EDGE_CURVE('',#2541,#2809,#1696,.T.);
#3622=EDGE_CURVE('',#2810,#2809,#1697,.T.);
#3623=EDGE_CURVE('',#2542,#2810,#1698,.T.);
#3624=EDGE_CURVE('',#2811,#2810,#585,.T.);
#3625=EDGE_CURVE('',#2543,#2811,#1699,.T.);
#3626=EDGE_CURVE('',#2812,#2811,#586,.T.);
#3627=EDGE_CURVE('',#2544,#2812,#1700,.T.);
#3628=EDGE_CURVE('',#2813,#2812,#1701,.T.);
#3629=EDGE_CURVE('',#2545,#2813,#1702,.T.);
#3630=EDGE_CURVE('',#2814,#2813,#587,.T.);
#3631=EDGE_CURVE('',#2535,#2814,#1703,.T.);
#3632=EDGE_CURVE('',#2803,#2814,#588,.T.);
#3633=EDGE_CURVE('',#2546,#2815,#1704,.T.);
#3634=EDGE_CURVE('',#2816,#2815,#1705,.T.);
#3635=EDGE_CURVE('',#2548,#2816,#1706,.T.);
#3636=EDGE_CURVE('',#2817,#2816,#589,.T.);
#3637=EDGE_CURVE('',#2549,#2817,#1707,.T.);
#3638=EDGE_CURVE('',#2818,#2817,#590,.T.);
#3639=EDGE_CURVE('',#2550,#2818,#1708,.T.);
#3640=EDGE_CURVE('',#2819,#2818,#1709,.T.);
#3641=EDGE_CURVE('',#2551,#2819,#1710,.T.);
#3642=EDGE_CURVE('',#2820,#2819,#591,.T.);
#3643=EDGE_CURVE('',#2552,#2820,#1711,.T.);
#3644=EDGE_CURVE('',#2821,#2820,#592,.T.);
#3645=EDGE_CURVE('',#2553,#2821,#1712,.T.);
#3646=EDGE_CURVE('',#2822,#2821,#1713,.T.);
#3647=EDGE_CURVE('',#2554,#2822,#1714,.T.);
#3648=EDGE_CURVE('',#2823,#2822,#593,.T.);
#3649=EDGE_CURVE('',#2555,#2823,#1715,.T.);
#3650=EDGE_CURVE('',#2824,#2823,#594,.T.);
#3651=EDGE_CURVE('',#2556,#2824,#1716,.T.);
#3652=EDGE_CURVE('',#2825,#2824,#1717,.T.);
#3653=EDGE_CURVE('',#2557,#2825,#1718,.T.);
#3654=EDGE_CURVE('',#2826,#2825,#595,.T.);
#3655=EDGE_CURVE('',#2547,#2826,#1719,.T.);
#3656=EDGE_CURVE('',#2815,#2826,#596,.T.);
#3657=EDGE_CURVE('',#2558,#2827,#1720,.T.);
#3658=EDGE_CURVE('',#2828,#2827,#1721,.T.);
#3659=EDGE_CURVE('',#2560,#2828,#1722,.T.);
#3660=EDGE_CURVE('',#2829,#2828,#597,.T.);
#3661=EDGE_CURVE('',#2561,#2829,#1723,.T.);
#3662=EDGE_CURVE('',#2830,#2829,#598,.T.);
#3663=EDGE_CURVE('',#2562,#2830,#1724,.T.);
#3664=EDGE_CURVE('',#2831,#2830,#1725,.T.);
#3665=EDGE_CURVE('',#2563,#2831,#1726,.T.);
#3666=EDGE_CURVE('',#2832,#2831,#599,.T.);
#3667=EDGE_CURVE('',#2564,#2832,#1727,.T.);
#3668=EDGE_CURVE('',#2833,#2832,#600,.T.);
#3669=EDGE_CURVE('',#2565,#2833,#1728,.T.);
#3670=EDGE_CURVE('',#2834,#2833,#1729,.T.);
#3671=EDGE_CURVE('',#2566,#2834,#1730,.T.);
#3672=EDGE_CURVE('',#2835,#2834,#601,.T.);
#3673=EDGE_CURVE('',#2567,#2835,#1731,.T.);
#3674=EDGE_CURVE('',#2836,#2835,#602,.T.);
#3675=EDGE_CURVE('',#2568,#2836,#1732,.T.);
#3676=EDGE_CURVE('',#2837,#2836,#1733,.T.);
#3677=EDGE_CURVE('',#2569,#2837,#1734,.T.);
#3678=EDGE_CURVE('',#2838,#2837,#603,.T.);
#3679=EDGE_CURVE('',#2559,#2838,#1735,.T.);
#3680=EDGE_CURVE('',#2827,#2838,#604,.T.);
#3681=EDGE_CURVE('',#2570,#2839,#1736,.T.);
#3682=EDGE_CURVE('',#2840,#2839,#1737,.T.);
#3683=EDGE_CURVE('',#2572,#2840,#1738,.T.);
#3684=EDGE_CURVE('',#2841,#2840,#605,.T.);
#3685=EDGE_CURVE('',#2573,#2841,#1739,.T.);
#3686=EDGE_CURVE('',#2842,#2841,#606,.T.);
#3687=EDGE_CURVE('',#2574,#2842,#1740,.T.);
#3688=EDGE_CURVE('',#2843,#2842,#1741,.T.);
#3689=EDGE_CURVE('',#2575,#2843,#1742,.T.);
#3690=EDGE_CURVE('',#2844,#2843,#607,.T.);
#3691=EDGE_CURVE('',#2576,#2844,#1743,.T.);
#3692=EDGE_CURVE('',#2845,#2844,#608,.T.);
#3693=EDGE_CURVE('',#2577,#2845,#1744,.T.);
#3694=EDGE_CURVE('',#2846,#2845,#1745,.T.);
#3695=EDGE_CURVE('',#2578,#2846,#1746,.T.);
#3696=EDGE_CURVE('',#2847,#2846,#609,.T.);
#3697=EDGE_CURVE('',#2579,#2847,#1747,.T.);
#3698=EDGE_CURVE('',#2848,#2847,#610,.T.);
#3699=EDGE_CURVE('',#2580,#2848,#1748,.T.);
#3700=EDGE_CURVE('',#2849,#2848,#1749,.T.);
#3701=EDGE_CURVE('',#2581,#2849,#1750,.T.);
#3702=EDGE_CURVE('',#2850,#2849,#611,.T.);
#3703=EDGE_CURVE('',#2571,#2850,#1751,.T.);
#3704=EDGE_CURVE('',#2839,#2850,#612,.T.);
#3705=EDGE_CURVE('',#2582,#2851,#1752,.T.);
#3706=EDGE_CURVE('',#2852,#2851,#1753,.T.);
#3707=EDGE_CURVE('',#2584,#2852,#1754,.T.);
#3708=EDGE_CURVE('',#2853,#2852,#613,.T.);
#3709=EDGE_CURVE('',#2585,#2853,#1755,.T.);
#3710=EDGE_CURVE('',#2854,#2853,#614,.T.);
#3711=EDGE_CURVE('',#2586,#2854,#1756,.T.);
#3712=EDGE_CURVE('',#2855,#2854,#1757,.T.);
#3713=EDGE_CURVE('',#2587,#2855,#1758,.T.);
#3714=EDGE_CURVE('',#2856,#2855,#615,.T.);
#3715=EDGE_CURVE('',#2588,#2856,#1759,.T.);
#3716=EDGE_CURVE('',#2857,#2856,#616,.T.);
#3717=EDGE_CURVE('',#2589,#2857,#1760,.T.);
#3718=EDGE_CURVE('',#2858,#2857,#1761,.T.);
#3719=EDGE_CURVE('',#2590,#2858,#1762,.T.);
#3720=EDGE_CURVE('',#2859,#2858,#617,.T.);
#3721=EDGE_CURVE('',#2591,#2859,#1763,.T.);
#3722=EDGE_CURVE('',#2860,#2859,#618,.T.);
#3723=EDGE_CURVE('',#2592,#2860,#1764,.T.);
#3724=EDGE_CURVE('',#2861,#2860,#1765,.T.);
#3725=EDGE_CURVE('',#2593,#2861,#1766,.T.);
#3726=EDGE_CURVE('',#2862,#2861,#619,.T.);
#3727=EDGE_CURVE('',#2583,#2862,#1767,.T.);
#3728=EDGE_CURVE('',#2851,#2862,#620,.T.);
#3729=EDGE_CURVE('',#2617,#2298,#1768,.T.);
#3730=EDGE_CURVE('',#2618,#2297,#1769,.T.);
#3731=EDGE_CURVE('',#2863,#2296,#1770,.T.);
#3732=EDGE_CURVE('',#2619,#2863,#1771,.T.);
#3733=EDGE_CURVE('',#2611,#2304,#1772,.T.);
#3734=EDGE_CURVE('',#2612,#2303,#1773,.T.);
#3735=EDGE_CURVE('',#2613,#2302,#1774,.T.);
#3736=EDGE_CURVE('',#2614,#2301,#1775,.T.);
#3737=EDGE_CURVE('',#2615,#2300,#1776,.T.);
#3738=EDGE_CURVE('',#2616,#2299,#1777,.T.);
#3739=ORIENTED_EDGE('',*,*,#2864,.T.);
#3740=ORIENTED_EDGE('',*,*,#2865,.F.);
#3741=ORIENTED_EDGE('',*,*,#2866,.T.);
#3742=ORIENTED_EDGE('',*,*,#2867,.T.);
#3743=ORIENTED_EDGE('',*,*,#2865,.T.);
#3744=ORIENTED_EDGE('',*,*,#2868,.F.);
#3745=ORIENTED_EDGE('',*,*,#2869,.F.);
#3746=ORIENTED_EDGE('',*,*,#2870,.F.);
#3747=ORIENTED_EDGE('',*,*,#2871,.F.);
#3748=ORIENTED_EDGE('',*,*,#2872,.F.);
#3749=ORIENTED_EDGE('',*,*,#2873,.F.);
#3750=ORIENTED_EDGE('',*,*,#2869,.T.);
#3751=ORIENTED_EDGE('',*,*,#2874,.T.);
#3752=ORIENTED_EDGE('',*,*,#2875,.T.);
#3753=ORIENTED_EDGE('',*,*,#2876,.T.);
#3754=ORIENTED_EDGE('',*,*,#2877,.T.);
#3755=ORIENTED_EDGE('',*,*,#2878,.T.);
#3756=ORIENTED_EDGE('',*,*,#2879,.T.);
#3757=ORIENTED_EDGE('',*,*,#2880,.T.);
#3758=ORIENTED_EDGE('',*,*,#2881,.T.);
#3759=ORIENTED_EDGE('',*,*,#2882,.T.);
#3760=ORIENTED_EDGE('',*,*,#2883,.T.);
#3761=ORIENTED_EDGE('',*,*,#2884,.T.);
#3762=ORIENTED_EDGE('',*,*,#2885,.T.);
#3763=ORIENTED_EDGE('',*,*,#2886,.T.);
#3764=ORIENTED_EDGE('',*,*,#2887,.T.);
#3765=ORIENTED_EDGE('',*,*,#2888,.T.);
#3766=ORIENTED_EDGE('',*,*,#2889,.T.);
#3767=ORIENTED_EDGE('',*,*,#2890,.T.);
#3768=ORIENTED_EDGE('',*,*,#2891,.T.);
#3769=ORIENTED_EDGE('',*,*,#2892,.T.);
#3770=ORIENTED_EDGE('',*,*,#2893,.T.);
#3771=ORIENTED_EDGE('',*,*,#2894,.T.);
#3772=ORIENTED_EDGE('',*,*,#2895,.T.);
#3773=ORIENTED_EDGE('',*,*,#2872,.T.);
#3774=ORIENTED_EDGE('',*,*,#2896,.T.);
#3775=ORIENTED_EDGE('',*,*,#2897,.T.);
#3776=ORIENTED_EDGE('',*,*,#2898,.T.);
#3777=ORIENTED_EDGE('',*,*,#2899,.T.);
#3778=ORIENTED_EDGE('',*,*,#2900,.T.);
#3779=ORIENTED_EDGE('',*,*,#2901,.T.);
#3780=ORIENTED_EDGE('',*,*,#2902,.T.);
#3781=ORIENTED_EDGE('',*,*,#2903,.T.);
#3782=ORIENTED_EDGE('',*,*,#2904,.T.);
#3783=ORIENTED_EDGE('',*,*,#2905,.T.);
#3784=ORIENTED_EDGE('',*,*,#2906,.T.);
#3785=ORIENTED_EDGE('',*,*,#2907,.T.);
#3786=ORIENTED_EDGE('',*,*,#2908,.T.);
#3787=ORIENTED_EDGE('',*,*,#2909,.T.);
#3788=ORIENTED_EDGE('',*,*,#2910,.T.);
#3789=ORIENTED_EDGE('',*,*,#2911,.T.);
#3790=ORIENTED_EDGE('',*,*,#2912,.T.);
#3791=ORIENTED_EDGE('',*,*,#2913,.T.);
#3792=ORIENTED_EDGE('',*,*,#2914,.T.);
#3793=ORIENTED_EDGE('',*,*,#2915,.T.);
#3794=ORIENTED_EDGE('',*,*,#2916,.T.);
#3795=ORIENTED_EDGE('',*,*,#2917,.T.);
#3796=ORIENTED_EDGE('',*,*,#2918,.T.);
#3797=ORIENTED_EDGE('',*,*,#2867,.F.);
#3798=ORIENTED_EDGE('',*,*,#2870,.T.);
#3799=ORIENTED_EDGE('',*,*,#2873,.T.);
#3800=ORIENTED_EDGE('',*,*,#2895,.F.);
#3801=ORIENTED_EDGE('',*,*,#2919,.F.);
#3802=ORIENTED_EDGE('',*,*,#2920,.F.);
#3803=ORIENTED_EDGE('',*,*,#2921,.T.);
#3804=ORIENTED_EDGE('',*,*,#2922,.T.);
#3805=ORIENTED_EDGE('',*,*,#2923,.T.);
#3806=ORIENTED_EDGE('',*,*,#2924,.F.);
#3807=ORIENTED_EDGE('',*,*,#2925,.T.);
#3808=ORIENTED_EDGE('',*,*,#2874,.F.);
#3809=ORIENTED_EDGE('',*,*,#2866,.F.);
#3810=ORIENTED_EDGE('',*,*,#2926,.F.);
#3811=ORIENTED_EDGE('',*,*,#2927,.F.);
#3812=ORIENTED_EDGE('',*,*,#2922,.F.);
#3813=ORIENTED_EDGE('',*,*,#2928,.F.);
#3814=ORIENTED_EDGE('',*,*,#2929,.T.);
#3815=ORIENTED_EDGE('',*,*,#2920,.T.);
#3816=ORIENTED_EDGE('',*,*,#2930,.T.);
#3817=ORIENTED_EDGE('',*,*,#2931,.T.);
#3818=ORIENTED_EDGE('',*,*,#2932,.T.);
#3819=ORIENTED_EDGE('',*,*,#2933,.T.);
#3820=ORIENTED_EDGE('',*,*,#2934,.T.);
#3821=ORIENTED_EDGE('',*,*,#2924,.T.);
#3822=ORIENTED_EDGE('',*,*,#2935,.T.);
#3823=ORIENTED_EDGE('',*,*,#2936,.F.);
#3824=ORIENTED_EDGE('',*,*,#2937,.F.);
#3825=ORIENTED_EDGE('',*,*,#2938,.F.);
#3826=ORIENTED_EDGE('',*,*,#2939,.F.);
#3827=ORIENTED_EDGE('',*,*,#2940,.F.);
#3828=ORIENTED_EDGE('',*,*,#2941,.T.);
#3829=ORIENTED_EDGE('',*,*,#2931,.F.);
#3830=ORIENTED_EDGE('',*,*,#2942,.F.);
#3831=ORIENTED_EDGE('',*,*,#2943,.F.);
#3832=ORIENTED_EDGE('',*,*,#2944,.F.);
#3833=ORIENTED_EDGE('',*,*,#2945,.F.);
#3834=ORIENTED_EDGE('',*,*,#2946,.F.);
#3835=ORIENTED_EDGE('',*,*,#2947,.F.);
#3836=ORIENTED_EDGE('',*,*,#2948,.F.);
#3837=ORIENTED_EDGE('',*,*,#2949,.F.);
#3838=ORIENTED_EDGE('',*,*,#2950,.F.);
#3839=ORIENTED_EDGE('',*,*,#2951,.F.);
#3840=ORIENTED_EDGE('',*,*,#2952,.F.);
#3841=ORIENTED_EDGE('',*,*,#2953,.F.);
#3842=ORIENTED_EDGE('',*,*,#2954,.F.);
#3843=ORIENTED_EDGE('',*,*,#2955,.F.);
#3844=ORIENTED_EDGE('',*,*,#2956,.F.);
#3845=ORIENTED_EDGE('',*,*,#2957,.F.);
#3846=ORIENTED_EDGE('',*,*,#2958,.F.);
#3847=ORIENTED_EDGE('',*,*,#2959,.F.);
#3848=ORIENTED_EDGE('',*,*,#2960,.F.);
#3849=ORIENTED_EDGE('',*,*,#2961,.F.);
#3850=ORIENTED_EDGE('',*,*,#2933,.F.);
#3851=ORIENTED_EDGE('',*,*,#2962,.F.);
#3852=ORIENTED_EDGE('',*,*,#2963,.F.);
#3853=ORIENTED_EDGE('',*,*,#2964,.F.);
#3854=ORIENTED_EDGE('',*,*,#2965,.F.);
#3855=ORIENTED_EDGE('',*,*,#2966,.F.);
#3856=ORIENTED_EDGE('',*,*,#2967,.F.);
#3857=ORIENTED_EDGE('',*,*,#2968,.F.);
#3858=ORIENTED_EDGE('',*,*,#2969,.F.);
#3859=ORIENTED_EDGE('',*,*,#2970,.F.);
#3860=ORIENTED_EDGE('',*,*,#2971,.F.);
#3861=ORIENTED_EDGE('',*,*,#2972,.F.);
#3862=ORIENTED_EDGE('',*,*,#2973,.F.);
#3863=ORIENTED_EDGE('',*,*,#2974,.F.);
#3864=ORIENTED_EDGE('',*,*,#2975,.F.);
#3865=ORIENTED_EDGE('',*,*,#2976,.F.);
#3866=ORIENTED_EDGE('',*,*,#2977,.F.);
#3867=ORIENTED_EDGE('',*,*,#2978,.F.);
#3868=ORIENTED_EDGE('',*,*,#2979,.F.);
#3869=ORIENTED_EDGE('',*,*,#2980,.F.);
#3870=ORIENTED_EDGE('',*,*,#2981,.F.);
#3871=ORIENTED_EDGE('',*,*,#2982,.F.);
#3872=ORIENTED_EDGE('',*,*,#2983,.F.);
#3873=ORIENTED_EDGE('',*,*,#2984,.F.);
#3874=ORIENTED_EDGE('',*,*,#2985,.F.);
#3875=ORIENTED_EDGE('',*,*,#2986,.F.);
#3876=ORIENTED_EDGE('',*,*,#2987,.F.);
#3877=ORIENTED_EDGE('',*,*,#2988,.F.);
#3878=ORIENTED_EDGE('',*,*,#2989,.F.);
#3879=ORIENTED_EDGE('',*,*,#2990,.F.);
#3880=ORIENTED_EDGE('',*,*,#2991,.F.);
#3881=ORIENTED_EDGE('',*,*,#2992,.F.);
#3882=ORIENTED_EDGE('',*,*,#2993,.F.);
#3883=ORIENTED_EDGE('',*,*,#2994,.F.);
#3884=ORIENTED_EDGE('',*,*,#2995,.F.);
#3885=ORIENTED_EDGE('',*,*,#2996,.F.);
#3886=ORIENTED_EDGE('',*,*,#2997,.F.);
#3887=ORIENTED_EDGE('',*,*,#2998,.F.);
#3888=ORIENTED_EDGE('',*,*,#2999,.F.);
#3889=ORIENTED_EDGE('',*,*,#3000,.F.);
#3890=ORIENTED_EDGE('',*,*,#3001,.F.);
#3891=ORIENTED_EDGE('',*,*,#3002,.F.);
#3892=ORIENTED_EDGE('',*,*,#3003,.F.);
#3893=ORIENTED_EDGE('',*,*,#3004,.F.);
#3894=ORIENTED_EDGE('',*,*,#3005,.F.);
#3895=ORIENTED_EDGE('',*,*,#3006,.F.);
#3896=ORIENTED_EDGE('',*,*,#3007,.F.);
#3897=ORIENTED_EDGE('',*,*,#3008,.F.);
#3898=ORIENTED_EDGE('',*,*,#3009,.F.);
#3899=ORIENTED_EDGE('',*,*,#3010,.F.);
#3900=ORIENTED_EDGE('',*,*,#3011,.F.);
#3901=ORIENTED_EDGE('',*,*,#3012,.F.);
#3902=ORIENTED_EDGE('',*,*,#3013,.F.);
#3903=ORIENTED_EDGE('',*,*,#3014,.F.);
#3904=ORIENTED_EDGE('',*,*,#3015,.F.);
#3905=ORIENTED_EDGE('',*,*,#3016,.F.);
#3906=ORIENTED_EDGE('',*,*,#3017,.F.);
#3907=ORIENTED_EDGE('',*,*,#3018,.F.);
#3908=ORIENTED_EDGE('',*,*,#3019,.F.);
#3909=ORIENTED_EDGE('',*,*,#3020,.F.);
#3910=ORIENTED_EDGE('',*,*,#3021,.F.);
#3911=ORIENTED_EDGE('',*,*,#3022,.F.);
#3912=ORIENTED_EDGE('',*,*,#3023,.F.);
#3913=ORIENTED_EDGE('',*,*,#3024,.F.);
#3914=ORIENTED_EDGE('',*,*,#3025,.F.);
#3915=ORIENTED_EDGE('',*,*,#3026,.F.);
#3916=ORIENTED_EDGE('',*,*,#3027,.F.);
#3917=ORIENTED_EDGE('',*,*,#3028,.F.);
#3918=ORIENTED_EDGE('',*,*,#3029,.F.);
#3919=ORIENTED_EDGE('',*,*,#3030,.F.);
#3920=ORIENTED_EDGE('',*,*,#3031,.F.);
#3921=ORIENTED_EDGE('',*,*,#3032,.F.);
#3922=ORIENTED_EDGE('',*,*,#3033,.F.);
#3923=ORIENTED_EDGE('',*,*,#3034,.F.);
#3924=ORIENTED_EDGE('',*,*,#3035,.F.);
#3925=ORIENTED_EDGE('',*,*,#3036,.F.);
#3926=ORIENTED_EDGE('',*,*,#3037,.F.);
#3927=ORIENTED_EDGE('',*,*,#3038,.F.);
#3928=ORIENTED_EDGE('',*,*,#3039,.F.);
#3929=ORIENTED_EDGE('',*,*,#3040,.F.);
#3930=ORIENTED_EDGE('',*,*,#3041,.F.);
#3931=ORIENTED_EDGE('',*,*,#3042,.F.);
#3932=ORIENTED_EDGE('',*,*,#3043,.F.);
#3933=ORIENTED_EDGE('',*,*,#3044,.F.);
#3934=ORIENTED_EDGE('',*,*,#3045,.F.);
#3935=ORIENTED_EDGE('',*,*,#3046,.F.);
#3936=ORIENTED_EDGE('',*,*,#3047,.F.);
#3937=ORIENTED_EDGE('',*,*,#3048,.F.);
#3938=ORIENTED_EDGE('',*,*,#3049,.F.);
#3939=ORIENTED_EDGE('',*,*,#3050,.F.);
#3940=ORIENTED_EDGE('',*,*,#3051,.F.);
#3941=ORIENTED_EDGE('',*,*,#3052,.F.);
#3942=ORIENTED_EDGE('',*,*,#3053,.F.);
#3943=ORIENTED_EDGE('',*,*,#3054,.F.);
#3944=ORIENTED_EDGE('',*,*,#3055,.F.);
#3945=ORIENTED_EDGE('',*,*,#3056,.F.);
#3946=ORIENTED_EDGE('',*,*,#3057,.F.);
#3947=ORIENTED_EDGE('',*,*,#3058,.F.);
#3948=ORIENTED_EDGE('',*,*,#3059,.F.);
#3949=ORIENTED_EDGE('',*,*,#3060,.F.);
#3950=ORIENTED_EDGE('',*,*,#3061,.F.);
#3951=ORIENTED_EDGE('',*,*,#3062,.F.);
#3952=ORIENTED_EDGE('',*,*,#3063,.F.);
#3953=ORIENTED_EDGE('',*,*,#3064,.F.);
#3954=ORIENTED_EDGE('',*,*,#3065,.F.);
#3955=ORIENTED_EDGE('',*,*,#3066,.F.);
#3956=ORIENTED_EDGE('',*,*,#3067,.F.);
#3957=ORIENTED_EDGE('',*,*,#3068,.F.);
#3958=ORIENTED_EDGE('',*,*,#3069,.F.);
#3959=ORIENTED_EDGE('',*,*,#3070,.F.);
#3960=ORIENTED_EDGE('',*,*,#3071,.F.);
#3961=ORIENTED_EDGE('',*,*,#3072,.F.);
#3962=ORIENTED_EDGE('',*,*,#3073,.F.);
#3963=ORIENTED_EDGE('',*,*,#3074,.F.);
#3964=ORIENTED_EDGE('',*,*,#3075,.F.);
#3965=ORIENTED_EDGE('',*,*,#3076,.F.);
#3966=ORIENTED_EDGE('',*,*,#3077,.F.);
#3967=ORIENTED_EDGE('',*,*,#3078,.F.);
#3968=ORIENTED_EDGE('',*,*,#3079,.F.);
#3969=ORIENTED_EDGE('',*,*,#3080,.F.);
#3970=ORIENTED_EDGE('',*,*,#3081,.F.);
#3971=ORIENTED_EDGE('',*,*,#3082,.F.);
#3972=ORIENTED_EDGE('',*,*,#3083,.F.);
#3973=ORIENTED_EDGE('',*,*,#3084,.F.);
#3974=ORIENTED_EDGE('',*,*,#3085,.F.);
#3975=ORIENTED_EDGE('',*,*,#3086,.F.);
#3976=ORIENTED_EDGE('',*,*,#3087,.F.);
#3977=ORIENTED_EDGE('',*,*,#3088,.F.);
#3978=ORIENTED_EDGE('',*,*,#3089,.F.);
#3979=ORIENTED_EDGE('',*,*,#3090,.F.);
#3980=ORIENTED_EDGE('',*,*,#3091,.F.);
#3981=ORIENTED_EDGE('',*,*,#3092,.F.);
#3982=ORIENTED_EDGE('',*,*,#3093,.F.);
#3983=ORIENTED_EDGE('',*,*,#3094,.F.);
#3984=ORIENTED_EDGE('',*,*,#3095,.F.);
#3985=ORIENTED_EDGE('',*,*,#3096,.F.);
#3986=ORIENTED_EDGE('',*,*,#3097,.F.);
#3987=ORIENTED_EDGE('',*,*,#3098,.F.);
#3988=ORIENTED_EDGE('',*,*,#3099,.F.);
#3989=ORIENTED_EDGE('',*,*,#3100,.F.);
#3990=ORIENTED_EDGE('',*,*,#3101,.F.);
#3991=ORIENTED_EDGE('',*,*,#3102,.F.);
#3992=ORIENTED_EDGE('',*,*,#3103,.F.);
#3993=ORIENTED_EDGE('',*,*,#3104,.F.);
#3994=ORIENTED_EDGE('',*,*,#3105,.F.);
#3995=ORIENTED_EDGE('',*,*,#3106,.F.);
#3996=ORIENTED_EDGE('',*,*,#3107,.F.);
#3997=ORIENTED_EDGE('',*,*,#3108,.F.);
#3998=ORIENTED_EDGE('',*,*,#3109,.F.);
#3999=ORIENTED_EDGE('',*,*,#3110,.F.);
#4000=ORIENTED_EDGE('',*,*,#3111,.F.);
#4001=ORIENTED_EDGE('',*,*,#3112,.F.);
#4002=ORIENTED_EDGE('',*,*,#3113,.F.);
#4003=ORIENTED_EDGE('',*,*,#3114,.F.);
#4004=ORIENTED_EDGE('',*,*,#3115,.F.);
#4005=ORIENTED_EDGE('',*,*,#3116,.F.);
#4006=ORIENTED_EDGE('',*,*,#3117,.F.);
#4007=ORIENTED_EDGE('',*,*,#3118,.F.);
#4008=ORIENTED_EDGE('',*,*,#3119,.F.);
#4009=ORIENTED_EDGE('',*,*,#3120,.F.);
#4010=ORIENTED_EDGE('',*,*,#3121,.F.);
#4011=ORIENTED_EDGE('',*,*,#3122,.F.);
#4012=ORIENTED_EDGE('',*,*,#3123,.F.);
#4013=ORIENTED_EDGE('',*,*,#3124,.F.);
#4014=ORIENTED_EDGE('',*,*,#3125,.F.);
#4015=ORIENTED_EDGE('',*,*,#3126,.F.);
#4016=ORIENTED_EDGE('',*,*,#3127,.F.);
#4017=ORIENTED_EDGE('',*,*,#3128,.F.);
#4018=ORIENTED_EDGE('',*,*,#3129,.F.);
#4019=ORIENTED_EDGE('',*,*,#3130,.F.);
#4020=ORIENTED_EDGE('',*,*,#3131,.F.);
#4021=ORIENTED_EDGE('',*,*,#3132,.F.);
#4022=ORIENTED_EDGE('',*,*,#3133,.F.);
#4023=ORIENTED_EDGE('',*,*,#3134,.F.);
#4024=ORIENTED_EDGE('',*,*,#3135,.F.);
#4025=ORIENTED_EDGE('',*,*,#3136,.F.);
#4026=ORIENTED_EDGE('',*,*,#3137,.F.);
#4027=ORIENTED_EDGE('',*,*,#3138,.F.);
#4028=ORIENTED_EDGE('',*,*,#3139,.F.);
#4029=ORIENTED_EDGE('',*,*,#3140,.F.);
#4030=ORIENTED_EDGE('',*,*,#3141,.F.);
#4031=ORIENTED_EDGE('',*,*,#3142,.F.);
#4032=ORIENTED_EDGE('',*,*,#3143,.F.);
#4033=ORIENTED_EDGE('',*,*,#3144,.F.);
#4034=ORIENTED_EDGE('',*,*,#3145,.F.);
#4035=ORIENTED_EDGE('',*,*,#3146,.F.);
#4036=ORIENTED_EDGE('',*,*,#3147,.F.);
#4037=ORIENTED_EDGE('',*,*,#3148,.F.);
#4038=ORIENTED_EDGE('',*,*,#3149,.F.);
#4039=ORIENTED_EDGE('',*,*,#3150,.F.);
#4040=ORIENTED_EDGE('',*,*,#3151,.F.);
#4041=ORIENTED_EDGE('',*,*,#3152,.F.);
#4042=ORIENTED_EDGE('',*,*,#3153,.F.);
#4043=ORIENTED_EDGE('',*,*,#3154,.F.);
#4044=ORIENTED_EDGE('',*,*,#3155,.F.);
#4045=ORIENTED_EDGE('',*,*,#3156,.F.);
#4046=ORIENTED_EDGE('',*,*,#3157,.F.);
#4047=ORIENTED_EDGE('',*,*,#3158,.F.);
#4048=ORIENTED_EDGE('',*,*,#3159,.F.);
#4049=ORIENTED_EDGE('',*,*,#3160,.F.);
#4050=ORIENTED_EDGE('',*,*,#3161,.F.);
#4051=ORIENTED_EDGE('',*,*,#3162,.F.);
#4052=ORIENTED_EDGE('',*,*,#3163,.F.);
#4053=ORIENTED_EDGE('',*,*,#3164,.F.);
#4054=ORIENTED_EDGE('',*,*,#3165,.F.);
#4055=ORIENTED_EDGE('',*,*,#3166,.F.);
#4056=ORIENTED_EDGE('',*,*,#3167,.F.);
#4057=ORIENTED_EDGE('',*,*,#3168,.F.);
#4058=ORIENTED_EDGE('',*,*,#3169,.F.);
#4059=ORIENTED_EDGE('',*,*,#3170,.F.);
#4060=ORIENTED_EDGE('',*,*,#3171,.F.);
#4061=ORIENTED_EDGE('',*,*,#3172,.F.);
#4062=ORIENTED_EDGE('',*,*,#3173,.F.);
#4063=ORIENTED_EDGE('',*,*,#3174,.F.);
#4064=ORIENTED_EDGE('',*,*,#3175,.F.);
#4065=ORIENTED_EDGE('',*,*,#3176,.F.);
#4066=ORIENTED_EDGE('',*,*,#3177,.F.);
#4067=ORIENTED_EDGE('',*,*,#3178,.F.);
#4068=ORIENTED_EDGE('',*,*,#3179,.F.);
#4069=ORIENTED_EDGE('',*,*,#3180,.F.);
#4070=ORIENTED_EDGE('',*,*,#2918,.F.);
#4071=ORIENTED_EDGE('',*,*,#3181,.F.);
#4072=ORIENTED_EDGE('',*,*,#3182,.F.);
#4073=ORIENTED_EDGE('',*,*,#3183,.T.);
#4074=ORIENTED_EDGE('',*,*,#2926,.T.);
#4075=ORIENTED_EDGE('',*,*,#3184,.T.);
#4076=ORIENTED_EDGE('',*,*,#3185,.F.);
#4077=ORIENTED_EDGE('',*,*,#3186,.T.);
#4078=ORIENTED_EDGE('',*,*,#2896,.F.);
#4079=ORIENTED_EDGE('',*,*,#2871,.T.);
#4080=ORIENTED_EDGE('',*,*,#2868,.T.);
#4081=ORIENTED_EDGE('',*,*,#2864,.F.);
#4082=ORIENTED_EDGE('',*,*,#3187,.F.);
#4083=ORIENTED_EDGE('',*,*,#3188,.F.);
#4084=ORIENTED_EDGE('',*,*,#2935,.F.);
#4085=ORIENTED_EDGE('',*,*,#2932,.F.);
#4086=ORIENTED_EDGE('',*,*,#2923,.F.);
#4087=ORIENTED_EDGE('',*,*,#2927,.T.);
#4088=ORIENTED_EDGE('',*,*,#3183,.F.);
#4089=ORIENTED_EDGE('',*,*,#3189,.F.);
#4090=ORIENTED_EDGE('',*,*,#3184,.F.);
#4091=ORIENTED_EDGE('',*,*,#2928,.T.);
#4092=ORIENTED_EDGE('',*,*,#2921,.F.);
#4093=ORIENTED_EDGE('',*,*,#2929,.F.);
#4094=ORIENTED_EDGE('',*,*,#2941,.F.);
#4095=ORIENTED_EDGE('',*,*,#3190,.F.);
#4096=ORIENTED_EDGE('',*,*,#3188,.T.);
#4097=ORIENTED_EDGE('',*,*,#3191,.F.);
#4098=ORIENTED_EDGE('',*,*,#3192,.F.);
#4099=ORIENTED_EDGE('',*,*,#2936,.T.);
#4100=ORIENTED_EDGE('',*,*,#3193,.T.);
#4101=ORIENTED_EDGE('',*,*,#2942,.T.);
#4102=ORIENTED_EDGE('',*,*,#2930,.F.);
#4103=ORIENTED_EDGE('',*,*,#3194,.T.);
#4104=ORIENTED_EDGE('',*,*,#3195,.T.);
#4105=ORIENTED_EDGE('',*,*,#2943,.T.);
#4106=ORIENTED_EDGE('',*,*,#3193,.F.);
#4107=ORIENTED_EDGE('',*,*,#3196,.T.);
#4108=ORIENTED_EDGE('',*,*,#3197,.T.);
#4109=ORIENTED_EDGE('',*,*,#2944,.T.);
#4110=ORIENTED_EDGE('',*,*,#3195,.F.);
#4111=ORIENTED_EDGE('',*,*,#3198,.T.);
#4112=ORIENTED_EDGE('',*,*,#3199,.T.);
#4113=ORIENTED_EDGE('',*,*,#2945,.T.);
#4114=ORIENTED_EDGE('',*,*,#3197,.F.);
#4115=ORIENTED_EDGE('',*,*,#3200,.T.);
#4116=ORIENTED_EDGE('',*,*,#3199,.F.);
#4117=ORIENTED_EDGE('',*,*,#3201,.T.);
#4118=ORIENTED_EDGE('',*,*,#3202,.T.);
#4119=ORIENTED_EDGE('',*,*,#2946,.T.);
#4120=ORIENTED_EDGE('',*,*,#3203,.T.);
#4121=ORIENTED_EDGE('',*,*,#2947,.T.);
#4122=ORIENTED_EDGE('',*,*,#3202,.F.);
#4123=ORIENTED_EDGE('',*,*,#3204,.T.);
#4124=ORIENTED_EDGE('',*,*,#3205,.T.);
#4125=ORIENTED_EDGE('',*,*,#2948,.T.);
#4126=ORIENTED_EDGE('',*,*,#3203,.F.);
#4127=ORIENTED_EDGE('',*,*,#3206,.T.);
#4128=ORIENTED_EDGE('',*,*,#3207,.T.);
#4129=ORIENTED_EDGE('',*,*,#2949,.T.);
#4130=ORIENTED_EDGE('',*,*,#3205,.F.);
#4131=ORIENTED_EDGE('',*,*,#3208,.T.);
#4132=ORIENTED_EDGE('',*,*,#3207,.F.);
#4133=ORIENTED_EDGE('',*,*,#3209,.T.);
#4134=ORIENTED_EDGE('',*,*,#3210,.T.);
#4135=ORIENTED_EDGE('',*,*,#2950,.T.);
#4136=ORIENTED_EDGE('',*,*,#3211,.T.);
#4137=ORIENTED_EDGE('',*,*,#2951,.T.);
#4138=ORIENTED_EDGE('',*,*,#3210,.F.);
#4139=ORIENTED_EDGE('',*,*,#3212,.T.);
#4140=ORIENTED_EDGE('',*,*,#3211,.F.);
#4141=ORIENTED_EDGE('',*,*,#3213,.T.);
#4142=ORIENTED_EDGE('',*,*,#3214,.T.);
#4143=ORIENTED_EDGE('',*,*,#2952,.T.);
#4144=ORIENTED_EDGE('',*,*,#3215,.T.);
#4145=ORIENTED_EDGE('',*,*,#2953,.T.);
#4146=ORIENTED_EDGE('',*,*,#3214,.F.);
#4147=ORIENTED_EDGE('',*,*,#3216,.T.);
#4148=ORIENTED_EDGE('',*,*,#3215,.F.);
#4149=ORIENTED_EDGE('',*,*,#3217,.T.);
#4150=ORIENTED_EDGE('',*,*,#3218,.T.);
#4151=ORIENTED_EDGE('',*,*,#2954,.T.);
#4152=ORIENTED_EDGE('',*,*,#3219,.T.);
#4153=ORIENTED_EDGE('',*,*,#2955,.T.);
#4154=ORIENTED_EDGE('',*,*,#3218,.F.);
#4155=ORIENTED_EDGE('',*,*,#3220,.T.);
#4156=ORIENTED_EDGE('',*,*,#3221,.T.);
#4157=ORIENTED_EDGE('',*,*,#2956,.T.);
#4158=ORIENTED_EDGE('',*,*,#3219,.F.);
#4159=ORIENTED_EDGE('',*,*,#3222,.T.);
#4160=ORIENTED_EDGE('',*,*,#3223,.T.);
#4161=ORIENTED_EDGE('',*,*,#2957,.T.);
#4162=ORIENTED_EDGE('',*,*,#3221,.F.);
#4163=ORIENTED_EDGE('',*,*,#3224,.T.);
#4164=ORIENTED_EDGE('',*,*,#3223,.F.);
#4165=ORIENTED_EDGE('',*,*,#3225,.T.);
#4166=ORIENTED_EDGE('',*,*,#3226,.T.);
#4167=ORIENTED_EDGE('',*,*,#2958,.T.);
#4168=ORIENTED_EDGE('',*,*,#3227,.T.);
#4169=ORIENTED_EDGE('',*,*,#2959,.T.);
#4170=ORIENTED_EDGE('',*,*,#3226,.F.);
#4171=ORIENTED_EDGE('',*,*,#3228,.T.);
#4172=ORIENTED_EDGE('',*,*,#3229,.T.);
#4173=ORIENTED_EDGE('',*,*,#2960,.T.);
#4174=ORIENTED_EDGE('',*,*,#3227,.F.);
#4175=ORIENTED_EDGE('',*,*,#3230,.T.);
#4176=ORIENTED_EDGE('',*,*,#2961,.T.);
#4177=ORIENTED_EDGE('',*,*,#3229,.F.);
#4178=ORIENTED_EDGE('',*,*,#3231,.T.);
#4179=ORIENTED_EDGE('',*,*,#2934,.F.);
#4180=ORIENTED_EDGE('',*,*,#3212,.F.);
#4181=ORIENTED_EDGE('',*,*,#3232,.T.);
#4182=ORIENTED_EDGE('',*,*,#2885,.F.);
#4183=ORIENTED_EDGE('',*,*,#3233,.F.);
#4184=ORIENTED_EDGE('',*,*,#3209,.F.);
#4185=ORIENTED_EDGE('',*,*,#3234,.T.);
#4186=ORIENTED_EDGE('',*,*,#2886,.F.);
#4187=ORIENTED_EDGE('',*,*,#3232,.F.);
#4188=ORIENTED_EDGE('',*,*,#3208,.F.);
#4189=ORIENTED_EDGE('',*,*,#3235,.T.);
#4190=ORIENTED_EDGE('',*,*,#2887,.F.);
#4191=ORIENTED_EDGE('',*,*,#3234,.F.);
#4192=ORIENTED_EDGE('',*,*,#3206,.F.);
#4193=ORIENTED_EDGE('',*,*,#3236,.T.);
#4194=ORIENTED_EDGE('',*,*,#2888,.F.);
#4195=ORIENTED_EDGE('',*,*,#3235,.F.);
#4196=ORIENTED_EDGE('',*,*,#3204,.F.);
#4197=ORIENTED_EDGE('',*,*,#3237,.T.);
#4198=ORIENTED_EDGE('',*,*,#2889,.F.);
#4199=ORIENTED_EDGE('',*,*,#3236,.F.);
#4200=ORIENTED_EDGE('',*,*,#3201,.F.);
#4201=ORIENTED_EDGE('',*,*,#3238,.T.);
#4202=ORIENTED_EDGE('',*,*,#2890,.F.);
#4203=ORIENTED_EDGE('',*,*,#3237,.F.);
#4204=ORIENTED_EDGE('',*,*,#3200,.F.);
#4205=ORIENTED_EDGE('',*,*,#3239,.T.);
#4206=ORIENTED_EDGE('',*,*,#2891,.F.);
#4207=ORIENTED_EDGE('',*,*,#3238,.F.);
#4208=ORIENTED_EDGE('',*,*,#3198,.F.);
#4209=ORIENTED_EDGE('',*,*,#3240,.T.);
#4210=ORIENTED_EDGE('',*,*,#3241,.T.);
#4211=ORIENTED_EDGE('',*,*,#2892,.F.);
#4212=ORIENTED_EDGE('',*,*,#3239,.F.);
#4213=ORIENTED_EDGE('',*,*,#3196,.F.);
#4214=ORIENTED_EDGE('',*,*,#3242,.T.);
#4215=ORIENTED_EDGE('',*,*,#2893,.F.);
#4216=ORIENTED_EDGE('',*,*,#3241,.F.);
#4217=ORIENTED_EDGE('',*,*,#3240,.F.);
#4218=ORIENTED_EDGE('',*,*,#3194,.F.);
#4219=ORIENTED_EDGE('',*,*,#2919,.T.);
#4220=ORIENTED_EDGE('',*,*,#2894,.F.);
#4221=ORIENTED_EDGE('',*,*,#3242,.F.);
#4222=ORIENTED_EDGE('',*,*,#3243,.F.);
#4223=ORIENTED_EDGE('',*,*,#3244,.T.);
#4224=ORIENTED_EDGE('',*,*,#2905,.F.);
#4225=ORIENTED_EDGE('',*,*,#3245,.F.);
#4226=ORIENTED_EDGE('',*,*,#3246,.F.);
#4227=ORIENTED_EDGE('',*,*,#3247,.T.);
#4228=ORIENTED_EDGE('',*,*,#2906,.F.);
#4229=ORIENTED_EDGE('',*,*,#3244,.F.);
#4230=ORIENTED_EDGE('',*,*,#3248,.F.);
#4231=ORIENTED_EDGE('',*,*,#3249,.T.);
#4232=ORIENTED_EDGE('',*,*,#2907,.F.);
#4233=ORIENTED_EDGE('',*,*,#3247,.F.);
#4234=ORIENTED_EDGE('',*,*,#3250,.F.);
#4235=ORIENTED_EDGE('',*,*,#3251,.T.);
#4236=ORIENTED_EDGE('',*,*,#2908,.F.);
#4237=ORIENTED_EDGE('',*,*,#3249,.F.);
#4238=ORIENTED_EDGE('',*,*,#3252,.F.);
#4239=ORIENTED_EDGE('',*,*,#3253,.T.);
#4240=ORIENTED_EDGE('',*,*,#2909,.F.);
#4241=ORIENTED_EDGE('',*,*,#3251,.F.);
#4242=ORIENTED_EDGE('',*,*,#3254,.F.);
#4243=ORIENTED_EDGE('',*,*,#3255,.T.);
#4244=ORIENTED_EDGE('',*,*,#2910,.F.);
#4245=ORIENTED_EDGE('',*,*,#3253,.F.);
#4246=ORIENTED_EDGE('',*,*,#3256,.F.);
#4247=ORIENTED_EDGE('',*,*,#3257,.T.);
#4248=ORIENTED_EDGE('',*,*,#2911,.F.);
#4249=ORIENTED_EDGE('',*,*,#3255,.F.);
#4250=ORIENTED_EDGE('',*,*,#3258,.F.);
#4251=ORIENTED_EDGE('',*,*,#3259,.T.);
#4252=ORIENTED_EDGE('',*,*,#2912,.F.);
#4253=ORIENTED_EDGE('',*,*,#3257,.F.);
#4254=ORIENTED_EDGE('',*,*,#3260,.F.);
#4255=ORIENTED_EDGE('',*,*,#3261,.T.);
#4256=ORIENTED_EDGE('',*,*,#2913,.F.);
#4257=ORIENTED_EDGE('',*,*,#3259,.F.);
#4258=ORIENTED_EDGE('',*,*,#3262,.F.);
#4259=ORIENTED_EDGE('',*,*,#3263,.T.);
#4260=ORIENTED_EDGE('',*,*,#2914,.F.);
#4261=ORIENTED_EDGE('',*,*,#3261,.F.);
#4262=ORIENTED_EDGE('',*,*,#3264,.F.);
#4263=ORIENTED_EDGE('',*,*,#3265,.T.);
#4264=ORIENTED_EDGE('',*,*,#2915,.F.);
#4265=ORIENTED_EDGE('',*,*,#3263,.F.);
#4266=ORIENTED_EDGE('',*,*,#3266,.F.);
#4267=ORIENTED_EDGE('',*,*,#3245,.T.);
#4268=ORIENTED_EDGE('',*,*,#2904,.F.);
#4269=ORIENTED_EDGE('',*,*,#3267,.F.);
#4270=ORIENTED_EDGE('',*,*,#3268,.F.);
#4271=ORIENTED_EDGE('',*,*,#3267,.T.);
#4272=ORIENTED_EDGE('',*,*,#2903,.F.);
#4273=ORIENTED_EDGE('',*,*,#3269,.F.);
#4274=ORIENTED_EDGE('',*,*,#3270,.F.);
#4275=ORIENTED_EDGE('',*,*,#3269,.T.);
#4276=ORIENTED_EDGE('',*,*,#2902,.F.);
#4277=ORIENTED_EDGE('',*,*,#3271,.F.);
#4278=ORIENTED_EDGE('',*,*,#3272,.F.);
#4279=ORIENTED_EDGE('',*,*,#3271,.T.);
#4280=ORIENTED_EDGE('',*,*,#2901,.F.);
#4281=ORIENTED_EDGE('',*,*,#3273,.F.);
#4282=ORIENTED_EDGE('',*,*,#3274,.F.);
#4283=ORIENTED_EDGE('',*,*,#3273,.T.);
#4284=ORIENTED_EDGE('',*,*,#2900,.F.);
#4285=ORIENTED_EDGE('',*,*,#3275,.F.);
#4286=ORIENTED_EDGE('',*,*,#3276,.F.);
#4287=ORIENTED_EDGE('',*,*,#3275,.T.);
#4288=ORIENTED_EDGE('',*,*,#2899,.F.);
#4289=ORIENTED_EDGE('',*,*,#3277,.F.);
#4290=ORIENTED_EDGE('',*,*,#3278,.F.);
#4291=ORIENTED_EDGE('',*,*,#3277,.T.);
#4292=ORIENTED_EDGE('',*,*,#2898,.F.);
#4293=ORIENTED_EDGE('',*,*,#3279,.F.);
#4294=ORIENTED_EDGE('',*,*,#3280,.F.);
#4295=ORIENTED_EDGE('',*,*,#3279,.T.);
#4296=ORIENTED_EDGE('',*,*,#2897,.F.);
#4297=ORIENTED_EDGE('',*,*,#3186,.F.);
#4298=ORIENTED_EDGE('',*,*,#3281,.F.);
#4299=ORIENTED_EDGE('',*,*,#3181,.T.);
#4300=ORIENTED_EDGE('',*,*,#2917,.F.);
#4301=ORIENTED_EDGE('',*,*,#3282,.F.);
#4302=ORIENTED_EDGE('',*,*,#3283,.F.);
#4303=ORIENTED_EDGE('',*,*,#3282,.T.);
#4304=ORIENTED_EDGE('',*,*,#2916,.F.);
#4305=ORIENTED_EDGE('',*,*,#3265,.F.);
#4306=ORIENTED_EDGE('',*,*,#2938,.T.);
#4307=ORIENTED_EDGE('',*,*,#3284,.T.);
#4308=ORIENTED_EDGE('',*,*,#3285,.F.);
#4309=ORIENTED_EDGE('',*,*,#3286,.F.);
#4310=ORIENTED_EDGE('',*,*,#2939,.T.);
#4311=ORIENTED_EDGE('',*,*,#3286,.T.);
#4312=ORIENTED_EDGE('',*,*,#3287,.F.);
#4313=ORIENTED_EDGE('',*,*,#3288,.F.);
#4314=ORIENTED_EDGE('',*,*,#3190,.T.);
#4315=ORIENTED_EDGE('',*,*,#2940,.T.);
#4316=ORIENTED_EDGE('',*,*,#3288,.T.);
#4317=ORIENTED_EDGE('',*,*,#3289,.F.);
#4318=ORIENTED_EDGE('',*,*,#2937,.T.);
#4319=ORIENTED_EDGE('',*,*,#3192,.T.);
#4320=ORIENTED_EDGE('',*,*,#3290,.F.);
#4321=ORIENTED_EDGE('',*,*,#3284,.F.);
#4322=ORIENTED_EDGE('',*,*,#2963,.T.);
#4323=ORIENTED_EDGE('',*,*,#3291,.T.);
#4324=ORIENTED_EDGE('',*,*,#3292,.F.);
#4325=ORIENTED_EDGE('',*,*,#3293,.F.);
#4326=ORIENTED_EDGE('',*,*,#2964,.T.);
#4327=ORIENTED_EDGE('',*,*,#3293,.T.);
#4328=ORIENTED_EDGE('',*,*,#3294,.F.);
#4329=ORIENTED_EDGE('',*,*,#3295,.F.);
#4330=ORIENTED_EDGE('',*,*,#2965,.T.);
#4331=ORIENTED_EDGE('',*,*,#3295,.T.);
#4332=ORIENTED_EDGE('',*,*,#3296,.F.);
#4333=ORIENTED_EDGE('',*,*,#3297,.F.);
#4334=ORIENTED_EDGE('',*,*,#2966,.T.);
#4335=ORIENTED_EDGE('',*,*,#3297,.T.);
#4336=ORIENTED_EDGE('',*,*,#3298,.F.);
#4337=ORIENTED_EDGE('',*,*,#3299,.F.);
#4338=ORIENTED_EDGE('',*,*,#2967,.T.);
#4339=ORIENTED_EDGE('',*,*,#3299,.T.);
#4340=ORIENTED_EDGE('',*,*,#3300,.F.);
#4341=ORIENTED_EDGE('',*,*,#3301,.F.);
#4342=ORIENTED_EDGE('',*,*,#2968,.T.);
#4343=ORIENTED_EDGE('',*,*,#3301,.T.);
#4344=ORIENTED_EDGE('',*,*,#3302,.F.);
#4345=ORIENTED_EDGE('',*,*,#3303,.F.);
#4346=ORIENTED_EDGE('',*,*,#2969,.T.);
#4347=ORIENTED_EDGE('',*,*,#3303,.T.);
#4348=ORIENTED_EDGE('',*,*,#3304,.F.);
#4349=ORIENTED_EDGE('',*,*,#3305,.F.);
#4350=ORIENTED_EDGE('',*,*,#2970,.T.);
#4351=ORIENTED_EDGE('',*,*,#3305,.T.);
#4352=ORIENTED_EDGE('',*,*,#3306,.F.);
#4353=ORIENTED_EDGE('',*,*,#3307,.F.);
#4354=ORIENTED_EDGE('',*,*,#2971,.T.);
#4355=ORIENTED_EDGE('',*,*,#3307,.T.);
#4356=ORIENTED_EDGE('',*,*,#3308,.F.);
#4357=ORIENTED_EDGE('',*,*,#3309,.F.);
#4358=ORIENTED_EDGE('',*,*,#2972,.T.);
#4359=ORIENTED_EDGE('',*,*,#3309,.T.);
#4360=ORIENTED_EDGE('',*,*,#3310,.F.);
#4361=ORIENTED_EDGE('',*,*,#3311,.F.);
#4362=ORIENTED_EDGE('',*,*,#2973,.T.);
#4363=ORIENTED_EDGE('',*,*,#3311,.T.);
#4364=ORIENTED_EDGE('',*,*,#3312,.F.);
#4365=ORIENTED_EDGE('',*,*,#3313,.F.);
#4366=ORIENTED_EDGE('',*,*,#2962,.T.);
#4367=ORIENTED_EDGE('',*,*,#3313,.T.);
#4368=ORIENTED_EDGE('',*,*,#3314,.F.);
#4369=ORIENTED_EDGE('',*,*,#3291,.F.);
#4370=ORIENTED_EDGE('',*,*,#2975,.T.);
#4371=ORIENTED_EDGE('',*,*,#3315,.T.);
#4372=ORIENTED_EDGE('',*,*,#3316,.F.);
#4373=ORIENTED_EDGE('',*,*,#3317,.F.);
#4374=ORIENTED_EDGE('',*,*,#2976,.T.);
#4375=ORIENTED_EDGE('',*,*,#3317,.T.);
#4376=ORIENTED_EDGE('',*,*,#3318,.F.);
#4377=ORIENTED_EDGE('',*,*,#3319,.F.);
#4378=ORIENTED_EDGE('',*,*,#2977,.T.);
#4379=ORIENTED_EDGE('',*,*,#3319,.T.);
#4380=ORIENTED_EDGE('',*,*,#3320,.F.);
#4381=ORIENTED_EDGE('',*,*,#3321,.F.);
#4382=ORIENTED_EDGE('',*,*,#2978,.T.);
#4383=ORIENTED_EDGE('',*,*,#3321,.T.);
#4384=ORIENTED_EDGE('',*,*,#3322,.F.);
#4385=ORIENTED_EDGE('',*,*,#3323,.F.);
#4386=ORIENTED_EDGE('',*,*,#2979,.T.);
#4387=ORIENTED_EDGE('',*,*,#3323,.T.);
#4388=ORIENTED_EDGE('',*,*,#3324,.F.);
#4389=ORIENTED_EDGE('',*,*,#3325,.F.);
#4390=ORIENTED_EDGE('',*,*,#2980,.T.);
#4391=ORIENTED_EDGE('',*,*,#3325,.T.);
#4392=ORIENTED_EDGE('',*,*,#3326,.F.);
#4393=ORIENTED_EDGE('',*,*,#3327,.F.);
#4394=ORIENTED_EDGE('',*,*,#2981,.T.);
#4395=ORIENTED_EDGE('',*,*,#3327,.T.);
#4396=ORIENTED_EDGE('',*,*,#3328,.F.);
#4397=ORIENTED_EDGE('',*,*,#3329,.F.);
#4398=ORIENTED_EDGE('',*,*,#2974,.T.);
#4399=ORIENTED_EDGE('',*,*,#3329,.T.);
#4400=ORIENTED_EDGE('',*,*,#3330,.F.);
#4401=ORIENTED_EDGE('',*,*,#3315,.F.);
#4402=ORIENTED_EDGE('',*,*,#3331,.F.);
#4403=ORIENTED_EDGE('',*,*,#3332,.T.);
#4404=ORIENTED_EDGE('',*,*,#2982,.T.);
#4405=ORIENTED_EDGE('',*,*,#3332,.F.);
#4406=ORIENTED_EDGE('',*,*,#2984,.T.);
#4407=ORIENTED_EDGE('',*,*,#3333,.T.);
#4408=ORIENTED_EDGE('',*,*,#3334,.F.);
#4409=ORIENTED_EDGE('',*,*,#3335,.F.);
#4410=ORIENTED_EDGE('',*,*,#2985,.T.);
#4411=ORIENTED_EDGE('',*,*,#3335,.T.);
#4412=ORIENTED_EDGE('',*,*,#3336,.F.);
#4413=ORIENTED_EDGE('',*,*,#3337,.F.);
#4414=ORIENTED_EDGE('',*,*,#2986,.T.);
#4415=ORIENTED_EDGE('',*,*,#3337,.T.);
#4416=ORIENTED_EDGE('',*,*,#3338,.F.);
#4417=ORIENTED_EDGE('',*,*,#3339,.F.);
#4418=ORIENTED_EDGE('',*,*,#2983,.T.);
#4419=ORIENTED_EDGE('',*,*,#3339,.T.);
#4420=ORIENTED_EDGE('',*,*,#3340,.F.);
#4421=ORIENTED_EDGE('',*,*,#3333,.F.);
#4422=ORIENTED_EDGE('',*,*,#3341,.F.);
#4423=ORIENTED_EDGE('',*,*,#3342,.T.);
#4424=ORIENTED_EDGE('',*,*,#2987,.T.);
#4425=ORIENTED_EDGE('',*,*,#3342,.F.);
#4426=ORIENTED_EDGE('',*,*,#3343,.F.);
#4427=ORIENTED_EDGE('',*,*,#3344,.T.);
#4428=ORIENTED_EDGE('',*,*,#2988,.T.);
#4429=ORIENTED_EDGE('',*,*,#3344,.F.);
#4430=ORIENTED_EDGE('',*,*,#2990,.T.);
#4431=ORIENTED_EDGE('',*,*,#3345,.T.);
#4432=ORIENTED_EDGE('',*,*,#3346,.F.);
#4433=ORIENTED_EDGE('',*,*,#3347,.F.);
#4434=ORIENTED_EDGE('',*,*,#2991,.T.);
#4435=ORIENTED_EDGE('',*,*,#3347,.T.);
#4436=ORIENTED_EDGE('',*,*,#3348,.F.);
#4437=ORIENTED_EDGE('',*,*,#3349,.F.);
#4438=ORIENTED_EDGE('',*,*,#2992,.T.);
#4439=ORIENTED_EDGE('',*,*,#3349,.T.);
#4440=ORIENTED_EDGE('',*,*,#3350,.F.);
#4441=ORIENTED_EDGE('',*,*,#3351,.F.);
#4442=ORIENTED_EDGE('',*,*,#2993,.T.);
#4443=ORIENTED_EDGE('',*,*,#3351,.T.);
#4444=ORIENTED_EDGE('',*,*,#3352,.F.);
#4445=ORIENTED_EDGE('',*,*,#3353,.F.);
#4446=ORIENTED_EDGE('',*,*,#2994,.T.);
#4447=ORIENTED_EDGE('',*,*,#3353,.T.);
#4448=ORIENTED_EDGE('',*,*,#3354,.F.);
#4449=ORIENTED_EDGE('',*,*,#3355,.F.);
#4450=ORIENTED_EDGE('',*,*,#2995,.T.);
#4451=ORIENTED_EDGE('',*,*,#3355,.T.);
#4452=ORIENTED_EDGE('',*,*,#3356,.F.);
#4453=ORIENTED_EDGE('',*,*,#3357,.F.);
#4454=ORIENTED_EDGE('',*,*,#2996,.T.);
#4455=ORIENTED_EDGE('',*,*,#3357,.T.);
#4456=ORIENTED_EDGE('',*,*,#3358,.F.);
#4457=ORIENTED_EDGE('',*,*,#3359,.F.);
#4458=ORIENTED_EDGE('',*,*,#2997,.T.);
#4459=ORIENTED_EDGE('',*,*,#3359,.T.);
#4460=ORIENTED_EDGE('',*,*,#3360,.F.);
#4461=ORIENTED_EDGE('',*,*,#3361,.F.);
#4462=ORIENTED_EDGE('',*,*,#2998,.T.);
#4463=ORIENTED_EDGE('',*,*,#3361,.T.);
#4464=ORIENTED_EDGE('',*,*,#3362,.F.);
#4465=ORIENTED_EDGE('',*,*,#3363,.F.);
#4466=ORIENTED_EDGE('',*,*,#2999,.T.);
#4467=ORIENTED_EDGE('',*,*,#3363,.T.);
#4468=ORIENTED_EDGE('',*,*,#3364,.F.);
#4469=ORIENTED_EDGE('',*,*,#3365,.F.);
#4470=ORIENTED_EDGE('',*,*,#3000,.T.);
#4471=ORIENTED_EDGE('',*,*,#3365,.T.);
#4472=ORIENTED_EDGE('',*,*,#3366,.F.);
#4473=ORIENTED_EDGE('',*,*,#3367,.F.);
#4474=ORIENTED_EDGE('',*,*,#2989,.T.);
#4475=ORIENTED_EDGE('',*,*,#3367,.T.);
#4476=ORIENTED_EDGE('',*,*,#3368,.F.);
#4477=ORIENTED_EDGE('',*,*,#3345,.F.);
#4478=ORIENTED_EDGE('',*,*,#3002,.T.);
#4479=ORIENTED_EDGE('',*,*,#3369,.T.);
#4480=ORIENTED_EDGE('',*,*,#3370,.F.);
#4481=ORIENTED_EDGE('',*,*,#3371,.F.);
#4482=ORIENTED_EDGE('',*,*,#3003,.T.);
#4483=ORIENTED_EDGE('',*,*,#3371,.T.);
#4484=ORIENTED_EDGE('',*,*,#3372,.F.);
#4485=ORIENTED_EDGE('',*,*,#3373,.F.);
#4486=ORIENTED_EDGE('',*,*,#3004,.T.);
#4487=ORIENTED_EDGE('',*,*,#3373,.T.);
#4488=ORIENTED_EDGE('',*,*,#3374,.F.);
#4489=ORIENTED_EDGE('',*,*,#3375,.F.);
#4490=ORIENTED_EDGE('',*,*,#3005,.T.);
#4491=ORIENTED_EDGE('',*,*,#3375,.T.);
#4492=ORIENTED_EDGE('',*,*,#3376,.F.);
#4493=ORIENTED_EDGE('',*,*,#3377,.F.);
#4494=ORIENTED_EDGE('',*,*,#3006,.T.);
#4495=ORIENTED_EDGE('',*,*,#3377,.T.);
#4496=ORIENTED_EDGE('',*,*,#3378,.F.);
#4497=ORIENTED_EDGE('',*,*,#3379,.F.);
#4498=ORIENTED_EDGE('',*,*,#3007,.T.);
#4499=ORIENTED_EDGE('',*,*,#3379,.T.);
#4500=ORIENTED_EDGE('',*,*,#3380,.F.);
#4501=ORIENTED_EDGE('',*,*,#3381,.F.);
#4502=ORIENTED_EDGE('',*,*,#3008,.T.);
#4503=ORIENTED_EDGE('',*,*,#3381,.T.);
#4504=ORIENTED_EDGE('',*,*,#3382,.F.);
#4505=ORIENTED_EDGE('',*,*,#3383,.F.);
#4506=ORIENTED_EDGE('',*,*,#3009,.T.);
#4507=ORIENTED_EDGE('',*,*,#3383,.T.);
#4508=ORIENTED_EDGE('',*,*,#3384,.F.);
#4509=ORIENTED_EDGE('',*,*,#3385,.F.);
#4510=ORIENTED_EDGE('',*,*,#3010,.T.);
#4511=ORIENTED_EDGE('',*,*,#3385,.T.);
#4512=ORIENTED_EDGE('',*,*,#3386,.F.);
#4513=ORIENTED_EDGE('',*,*,#3387,.F.);
#4514=ORIENTED_EDGE('',*,*,#3011,.T.);
#4515=ORIENTED_EDGE('',*,*,#3387,.T.);
#4516=ORIENTED_EDGE('',*,*,#3388,.F.);
#4517=ORIENTED_EDGE('',*,*,#3389,.F.);
#4518=ORIENTED_EDGE('',*,*,#3012,.T.);
#4519=ORIENTED_EDGE('',*,*,#3389,.T.);
#4520=ORIENTED_EDGE('',*,*,#3390,.F.);
#4521=ORIENTED_EDGE('',*,*,#3391,.F.);
#4522=ORIENTED_EDGE('',*,*,#3001,.T.);
#4523=ORIENTED_EDGE('',*,*,#3391,.T.);
#4524=ORIENTED_EDGE('',*,*,#3392,.F.);
#4525=ORIENTED_EDGE('',*,*,#3369,.F.);
#4526=ORIENTED_EDGE('',*,*,#3014,.T.);
#4527=ORIENTED_EDGE('',*,*,#3393,.T.);
#4528=ORIENTED_EDGE('',*,*,#3394,.F.);
#4529=ORIENTED_EDGE('',*,*,#3395,.F.);
#4530=ORIENTED_EDGE('',*,*,#3015,.T.);
#4531=ORIENTED_EDGE('',*,*,#3395,.T.);
#4532=ORIENTED_EDGE('',*,*,#3396,.F.);
#4533=ORIENTED_EDGE('',*,*,#3397,.F.);
#4534=ORIENTED_EDGE('',*,*,#3016,.T.);
#4535=ORIENTED_EDGE('',*,*,#3397,.T.);
#4536=ORIENTED_EDGE('',*,*,#3398,.F.);
#4537=ORIENTED_EDGE('',*,*,#3399,.F.);
#4538=ORIENTED_EDGE('',*,*,#3017,.T.);
#4539=ORIENTED_EDGE('',*,*,#3399,.T.);
#4540=ORIENTED_EDGE('',*,*,#3400,.F.);
#4541=ORIENTED_EDGE('',*,*,#3401,.F.);
#4542=ORIENTED_EDGE('',*,*,#3018,.T.);
#4543=ORIENTED_EDGE('',*,*,#3401,.T.);
#4544=ORIENTED_EDGE('',*,*,#3402,.F.);
#4545=ORIENTED_EDGE('',*,*,#3403,.F.);
#4546=ORIENTED_EDGE('',*,*,#3019,.T.);
#4547=ORIENTED_EDGE('',*,*,#3403,.T.);
#4548=ORIENTED_EDGE('',*,*,#3404,.F.);
#4549=ORIENTED_EDGE('',*,*,#3405,.F.);
#4550=ORIENTED_EDGE('',*,*,#3020,.T.);
#4551=ORIENTED_EDGE('',*,*,#3405,.T.);
#4552=ORIENTED_EDGE('',*,*,#3406,.F.);
#4553=ORIENTED_EDGE('',*,*,#3407,.F.);
#4554=ORIENTED_EDGE('',*,*,#3013,.T.);
#4555=ORIENTED_EDGE('',*,*,#3407,.T.);
#4556=ORIENTED_EDGE('',*,*,#3408,.F.);
#4557=ORIENTED_EDGE('',*,*,#3393,.F.);
#4558=ORIENTED_EDGE('',*,*,#3022,.T.);
#4559=ORIENTED_EDGE('',*,*,#3409,.T.);
#4560=ORIENTED_EDGE('',*,*,#3410,.F.);
#4561=ORIENTED_EDGE('',*,*,#3411,.F.);
#4562=ORIENTED_EDGE('',*,*,#3023,.T.);
#4563=ORIENTED_EDGE('',*,*,#3411,.T.);
#4564=ORIENTED_EDGE('',*,*,#3412,.F.);
#4565=ORIENTED_EDGE('',*,*,#3413,.F.);
#4566=ORIENTED_EDGE('',*,*,#3024,.T.);
#4567=ORIENTED_EDGE('',*,*,#3413,.T.);
#4568=ORIENTED_EDGE('',*,*,#3414,.F.);
#4569=ORIENTED_EDGE('',*,*,#3415,.F.);
#4570=ORIENTED_EDGE('',*,*,#3025,.T.);
#4571=ORIENTED_EDGE('',*,*,#3415,.T.);
#4572=ORIENTED_EDGE('',*,*,#3416,.F.);
#4573=ORIENTED_EDGE('',*,*,#3417,.F.);
#4574=ORIENTED_EDGE('',*,*,#3026,.T.);
#4575=ORIENTED_EDGE('',*,*,#3417,.T.);
#4576=ORIENTED_EDGE('',*,*,#3418,.F.);
#4577=ORIENTED_EDGE('',*,*,#3419,.F.);
#4578=ORIENTED_EDGE('',*,*,#3027,.T.);
#4579=ORIENTED_EDGE('',*,*,#3419,.T.);
#4580=ORIENTED_EDGE('',*,*,#3420,.F.);
#4581=ORIENTED_EDGE('',*,*,#3421,.F.);
#4582=ORIENTED_EDGE('',*,*,#3028,.T.);
#4583=ORIENTED_EDGE('',*,*,#3421,.T.);
#4584=ORIENTED_EDGE('',*,*,#3422,.F.);
#4585=ORIENTED_EDGE('',*,*,#3423,.F.);
#4586=ORIENTED_EDGE('',*,*,#3029,.T.);
#4587=ORIENTED_EDGE('',*,*,#3423,.T.);
#4588=ORIENTED_EDGE('',*,*,#3424,.F.);
#4589=ORIENTED_EDGE('',*,*,#3425,.F.);
#4590=ORIENTED_EDGE('',*,*,#3030,.T.);
#4591=ORIENTED_EDGE('',*,*,#3425,.T.);
#4592=ORIENTED_EDGE('',*,*,#3426,.F.);
#4593=ORIENTED_EDGE('',*,*,#3427,.F.);
#4594=ORIENTED_EDGE('',*,*,#3031,.T.);
#4595=ORIENTED_EDGE('',*,*,#3427,.T.);
#4596=ORIENTED_EDGE('',*,*,#3428,.F.);
#4597=ORIENTED_EDGE('',*,*,#3429,.F.);
#4598=ORIENTED_EDGE('',*,*,#3032,.T.);
#4599=ORIENTED_EDGE('',*,*,#3429,.T.);
#4600=ORIENTED_EDGE('',*,*,#3430,.F.);
#4601=ORIENTED_EDGE('',*,*,#3431,.F.);
#4602=ORIENTED_EDGE('',*,*,#3021,.T.);
#4603=ORIENTED_EDGE('',*,*,#3431,.T.);
#4604=ORIENTED_EDGE('',*,*,#3432,.F.);
#4605=ORIENTED_EDGE('',*,*,#3409,.F.);
#4606=ORIENTED_EDGE('',*,*,#3034,.T.);
#4607=ORIENTED_EDGE('',*,*,#3433,.T.);
#4608=ORIENTED_EDGE('',*,*,#3434,.F.);
#4609=ORIENTED_EDGE('',*,*,#3435,.F.);
#4610=ORIENTED_EDGE('',*,*,#3035,.T.);
#4611=ORIENTED_EDGE('',*,*,#3435,.T.);
#4612=ORIENTED_EDGE('',*,*,#3436,.F.);
#4613=ORIENTED_EDGE('',*,*,#3437,.F.);
#4614=ORIENTED_EDGE('',*,*,#3036,.T.);
#4615=ORIENTED_EDGE('',*,*,#3437,.T.);
#4616=ORIENTED_EDGE('',*,*,#3438,.F.);
#4617=ORIENTED_EDGE('',*,*,#3439,.F.);
#4618=ORIENTED_EDGE('',*,*,#3037,.T.);
#4619=ORIENTED_EDGE('',*,*,#3439,.T.);
#4620=ORIENTED_EDGE('',*,*,#3440,.F.);
#4621=ORIENTED_EDGE('',*,*,#3441,.F.);
#4622=ORIENTED_EDGE('',*,*,#3038,.T.);
#4623=ORIENTED_EDGE('',*,*,#3441,.T.);
#4624=ORIENTED_EDGE('',*,*,#3442,.F.);
#4625=ORIENTED_EDGE('',*,*,#3443,.F.);
#4626=ORIENTED_EDGE('',*,*,#3039,.T.);
#4627=ORIENTED_EDGE('',*,*,#3443,.T.);
#4628=ORIENTED_EDGE('',*,*,#3444,.F.);
#4629=ORIENTED_EDGE('',*,*,#3445,.F.);
#4630=ORIENTED_EDGE('',*,*,#3040,.T.);
#4631=ORIENTED_EDGE('',*,*,#3445,.T.);
#4632=ORIENTED_EDGE('',*,*,#3446,.F.);
#4633=ORIENTED_EDGE('',*,*,#3447,.F.);
#4634=ORIENTED_EDGE('',*,*,#3041,.T.);
#4635=ORIENTED_EDGE('',*,*,#3447,.T.);
#4636=ORIENTED_EDGE('',*,*,#3448,.F.);
#4637=ORIENTED_EDGE('',*,*,#3449,.F.);
#4638=ORIENTED_EDGE('',*,*,#3042,.T.);
#4639=ORIENTED_EDGE('',*,*,#3449,.T.);
#4640=ORIENTED_EDGE('',*,*,#3450,.F.);
#4641=ORIENTED_EDGE('',*,*,#3451,.F.);
#4642=ORIENTED_EDGE('',*,*,#3043,.T.);
#4643=ORIENTED_EDGE('',*,*,#3451,.T.);
#4644=ORIENTED_EDGE('',*,*,#3452,.F.);
#4645=ORIENTED_EDGE('',*,*,#3453,.F.);
#4646=ORIENTED_EDGE('',*,*,#3044,.T.);
#4647=ORIENTED_EDGE('',*,*,#3453,.T.);
#4648=ORIENTED_EDGE('',*,*,#3454,.F.);
#4649=ORIENTED_EDGE('',*,*,#3455,.F.);
#4650=ORIENTED_EDGE('',*,*,#3033,.T.);
#4651=ORIENTED_EDGE('',*,*,#3455,.T.);
#4652=ORIENTED_EDGE('',*,*,#3456,.F.);
#4653=ORIENTED_EDGE('',*,*,#3433,.F.);
#4654=ORIENTED_EDGE('',*,*,#3046,.T.);
#4655=ORIENTED_EDGE('',*,*,#3457,.T.);
#4656=ORIENTED_EDGE('',*,*,#3458,.F.);
#4657=ORIENTED_EDGE('',*,*,#3459,.F.);
#4658=ORIENTED_EDGE('',*,*,#3047,.T.);
#4659=ORIENTED_EDGE('',*,*,#3459,.T.);
#4660=ORIENTED_EDGE('',*,*,#3460,.F.);
#4661=ORIENTED_EDGE('',*,*,#3461,.F.);
#4662=ORIENTED_EDGE('',*,*,#3048,.T.);
#4663=ORIENTED_EDGE('',*,*,#3461,.T.);
#4664=ORIENTED_EDGE('',*,*,#3462,.F.);
#4665=ORIENTED_EDGE('',*,*,#3463,.F.);
#4666=ORIENTED_EDGE('',*,*,#3049,.T.);
#4667=ORIENTED_EDGE('',*,*,#3463,.T.);
#4668=ORIENTED_EDGE('',*,*,#3464,.F.);
#4669=ORIENTED_EDGE('',*,*,#3465,.F.);
#4670=ORIENTED_EDGE('',*,*,#3050,.T.);
#4671=ORIENTED_EDGE('',*,*,#3465,.T.);
#4672=ORIENTED_EDGE('',*,*,#3466,.F.);
#4673=ORIENTED_EDGE('',*,*,#3467,.F.);
#4674=ORIENTED_EDGE('',*,*,#3051,.T.);
#4675=ORIENTED_EDGE('',*,*,#3467,.T.);
#4676=ORIENTED_EDGE('',*,*,#3468,.F.);
#4677=ORIENTED_EDGE('',*,*,#3469,.F.);
#4678=ORIENTED_EDGE('',*,*,#3052,.T.);
#4679=ORIENTED_EDGE('',*,*,#3469,.T.);
#4680=ORIENTED_EDGE('',*,*,#3470,.F.);
#4681=ORIENTED_EDGE('',*,*,#3471,.F.);
#4682=ORIENTED_EDGE('',*,*,#3053,.T.);
#4683=ORIENTED_EDGE('',*,*,#3471,.T.);
#4684=ORIENTED_EDGE('',*,*,#3472,.F.);
#4685=ORIENTED_EDGE('',*,*,#3473,.F.);
#4686=ORIENTED_EDGE('',*,*,#3054,.T.);
#4687=ORIENTED_EDGE('',*,*,#3473,.T.);
#4688=ORIENTED_EDGE('',*,*,#3474,.F.);
#4689=ORIENTED_EDGE('',*,*,#3475,.F.);
#4690=ORIENTED_EDGE('',*,*,#3055,.T.);
#4691=ORIENTED_EDGE('',*,*,#3475,.T.);
#4692=ORIENTED_EDGE('',*,*,#3476,.F.);
#4693=ORIENTED_EDGE('',*,*,#3477,.F.);
#4694=ORIENTED_EDGE('',*,*,#3056,.T.);
#4695=ORIENTED_EDGE('',*,*,#3477,.T.);
#4696=ORIENTED_EDGE('',*,*,#3478,.F.);
#4697=ORIENTED_EDGE('',*,*,#3479,.F.);
#4698=ORIENTED_EDGE('',*,*,#3045,.T.);
#4699=ORIENTED_EDGE('',*,*,#3479,.T.);
#4700=ORIENTED_EDGE('',*,*,#3480,.F.);
#4701=ORIENTED_EDGE('',*,*,#3457,.F.);
#4702=ORIENTED_EDGE('',*,*,#3058,.T.);
#4703=ORIENTED_EDGE('',*,*,#3481,.T.);
#4704=ORIENTED_EDGE('',*,*,#3482,.F.);
#4705=ORIENTED_EDGE('',*,*,#3483,.F.);
#4706=ORIENTED_EDGE('',*,*,#3059,.T.);
#4707=ORIENTED_EDGE('',*,*,#3483,.T.);
#4708=ORIENTED_EDGE('',*,*,#3484,.F.);
#4709=ORIENTED_EDGE('',*,*,#3485,.F.);
#4710=ORIENTED_EDGE('',*,*,#3060,.T.);
#4711=ORIENTED_EDGE('',*,*,#3485,.T.);
#4712=ORIENTED_EDGE('',*,*,#3486,.F.);
#4713=ORIENTED_EDGE('',*,*,#3487,.F.);
#4714=ORIENTED_EDGE('',*,*,#3061,.T.);
#4715=ORIENTED_EDGE('',*,*,#3487,.T.);
#4716=ORIENTED_EDGE('',*,*,#3488,.F.);
#4717=ORIENTED_EDGE('',*,*,#3489,.F.);
#4718=ORIENTED_EDGE('',*,*,#3062,.T.);
#4719=ORIENTED_EDGE('',*,*,#3489,.T.);
#4720=ORIENTED_EDGE('',*,*,#3490,.F.);
#4721=ORIENTED_EDGE('',*,*,#3491,.F.);
#4722=ORIENTED_EDGE('',*,*,#3063,.T.);
#4723=ORIENTED_EDGE('',*,*,#3491,.T.);
#4724=ORIENTED_EDGE('',*,*,#3492,.F.);
#4725=ORIENTED_EDGE('',*,*,#3493,.F.);
#4726=ORIENTED_EDGE('',*,*,#3064,.T.);
#4727=ORIENTED_EDGE('',*,*,#3493,.T.);
#4728=ORIENTED_EDGE('',*,*,#3494,.F.);
#4729=ORIENTED_EDGE('',*,*,#3495,.F.);
#4730=ORIENTED_EDGE('',*,*,#3065,.T.);
#4731=ORIENTED_EDGE('',*,*,#3495,.T.);
#4732=ORIENTED_EDGE('',*,*,#3496,.F.);
#4733=ORIENTED_EDGE('',*,*,#3497,.F.);
#4734=ORIENTED_EDGE('',*,*,#3066,.T.);
#4735=ORIENTED_EDGE('',*,*,#3497,.T.);
#4736=ORIENTED_EDGE('',*,*,#3498,.F.);
#4737=ORIENTED_EDGE('',*,*,#3499,.F.);
#4738=ORIENTED_EDGE('',*,*,#3067,.T.);
#4739=ORIENTED_EDGE('',*,*,#3499,.T.);
#4740=ORIENTED_EDGE('',*,*,#3500,.F.);
#4741=ORIENTED_EDGE('',*,*,#3501,.F.);
#4742=ORIENTED_EDGE('',*,*,#3068,.T.);
#4743=ORIENTED_EDGE('',*,*,#3501,.T.);
#4744=ORIENTED_EDGE('',*,*,#3502,.F.);
#4745=ORIENTED_EDGE('',*,*,#3503,.F.);
#4746=ORIENTED_EDGE('',*,*,#3057,.T.);
#4747=ORIENTED_EDGE('',*,*,#3503,.T.);
#4748=ORIENTED_EDGE('',*,*,#3504,.F.);
#4749=ORIENTED_EDGE('',*,*,#3481,.F.);
#4750=ORIENTED_EDGE('',*,*,#3070,.T.);
#4751=ORIENTED_EDGE('',*,*,#3505,.T.);
#4752=ORIENTED_EDGE('',*,*,#3506,.F.);
#4753=ORIENTED_EDGE('',*,*,#3507,.F.);
#4754=ORIENTED_EDGE('',*,*,#3071,.T.);
#4755=ORIENTED_EDGE('',*,*,#3507,.T.);
#4756=ORIENTED_EDGE('',*,*,#3508,.F.);
#4757=ORIENTED_EDGE('',*,*,#3509,.F.);
#4758=ORIENTED_EDGE('',*,*,#3072,.T.);
#4759=ORIENTED_EDGE('',*,*,#3509,.T.);
#4760=ORIENTED_EDGE('',*,*,#3510,.F.);
#4761=ORIENTED_EDGE('',*,*,#3511,.F.);
#4762=ORIENTED_EDGE('',*,*,#3073,.T.);
#4763=ORIENTED_EDGE('',*,*,#3511,.T.);
#4764=ORIENTED_EDGE('',*,*,#3512,.F.);
#4765=ORIENTED_EDGE('',*,*,#3513,.F.);
#4766=ORIENTED_EDGE('',*,*,#3074,.T.);
#4767=ORIENTED_EDGE('',*,*,#3513,.T.);
#4768=ORIENTED_EDGE('',*,*,#3514,.F.);
#4769=ORIENTED_EDGE('',*,*,#3515,.F.);
#4770=ORIENTED_EDGE('',*,*,#3075,.T.);
#4771=ORIENTED_EDGE('',*,*,#3515,.T.);
#4772=ORIENTED_EDGE('',*,*,#3516,.F.);
#4773=ORIENTED_EDGE('',*,*,#3517,.F.);
#4774=ORIENTED_EDGE('',*,*,#3076,.T.);
#4775=ORIENTED_EDGE('',*,*,#3517,.T.);
#4776=ORIENTED_EDGE('',*,*,#3518,.F.);
#4777=ORIENTED_EDGE('',*,*,#3519,.F.);
#4778=ORIENTED_EDGE('',*,*,#3077,.T.);
#4779=ORIENTED_EDGE('',*,*,#3519,.T.);
#4780=ORIENTED_EDGE('',*,*,#3520,.F.);
#4781=ORIENTED_EDGE('',*,*,#3521,.F.);
#4782=ORIENTED_EDGE('',*,*,#3078,.T.);
#4783=ORIENTED_EDGE('',*,*,#3521,.T.);
#4784=ORIENTED_EDGE('',*,*,#3522,.F.);
#4785=ORIENTED_EDGE('',*,*,#3523,.F.);
#4786=ORIENTED_EDGE('',*,*,#3079,.T.);
#4787=ORIENTED_EDGE('',*,*,#3523,.T.);
#4788=ORIENTED_EDGE('',*,*,#3524,.F.);
#4789=ORIENTED_EDGE('',*,*,#3525,.F.);
#4790=ORIENTED_EDGE('',*,*,#3080,.T.);
#4791=ORIENTED_EDGE('',*,*,#3525,.T.);
#4792=ORIENTED_EDGE('',*,*,#3526,.F.);
#4793=ORIENTED_EDGE('',*,*,#3527,.F.);
#4794=ORIENTED_EDGE('',*,*,#3069,.T.);
#4795=ORIENTED_EDGE('',*,*,#3527,.T.);
#4796=ORIENTED_EDGE('',*,*,#3528,.F.);
#4797=ORIENTED_EDGE('',*,*,#3505,.F.);
#4798=ORIENTED_EDGE('',*,*,#3529,.F.);
#4799=ORIENTED_EDGE('',*,*,#3530,.T.);
#4800=ORIENTED_EDGE('',*,*,#3081,.T.);
#4801=ORIENTED_EDGE('',*,*,#3530,.F.);
#4802=ORIENTED_EDGE('',*,*,#3531,.F.);
#4803=ORIENTED_EDGE('',*,*,#3532,.T.);
#4804=ORIENTED_EDGE('',*,*,#3082,.T.);
#4805=ORIENTED_EDGE('',*,*,#3532,.F.);
#4806=ORIENTED_EDGE('',*,*,#3533,.F.);
#4807=ORIENTED_EDGE('',*,*,#3534,.T.);
#4808=ORIENTED_EDGE('',*,*,#3083,.T.);
#4809=ORIENTED_EDGE('',*,*,#3534,.F.);
#4810=ORIENTED_EDGE('',*,*,#3535,.F.);
#4811=ORIENTED_EDGE('',*,*,#3536,.T.);
#4812=ORIENTED_EDGE('',*,*,#3084,.T.);
#4813=ORIENTED_EDGE('',*,*,#3536,.F.);
#4814=ORIENTED_EDGE('',*,*,#3086,.T.);
#4815=ORIENTED_EDGE('',*,*,#3537,.T.);
#4816=ORIENTED_EDGE('',*,*,#3538,.F.);
#4817=ORIENTED_EDGE('',*,*,#3539,.F.);
#4818=ORIENTED_EDGE('',*,*,#3087,.T.);
#4819=ORIENTED_EDGE('',*,*,#3539,.T.);
#4820=ORIENTED_EDGE('',*,*,#3540,.F.);
#4821=ORIENTED_EDGE('',*,*,#3541,.F.);
#4822=ORIENTED_EDGE('',*,*,#3088,.T.);
#4823=ORIENTED_EDGE('',*,*,#3541,.T.);
#4824=ORIENTED_EDGE('',*,*,#3542,.F.);
#4825=ORIENTED_EDGE('',*,*,#3543,.F.);
#4826=ORIENTED_EDGE('',*,*,#3089,.T.);
#4827=ORIENTED_EDGE('',*,*,#3543,.T.);
#4828=ORIENTED_EDGE('',*,*,#3544,.F.);
#4829=ORIENTED_EDGE('',*,*,#3545,.F.);
#4830=ORIENTED_EDGE('',*,*,#3090,.T.);
#4831=ORIENTED_EDGE('',*,*,#3545,.T.);
#4832=ORIENTED_EDGE('',*,*,#3546,.F.);
#4833=ORIENTED_EDGE('',*,*,#3547,.F.);
#4834=ORIENTED_EDGE('',*,*,#3091,.T.);
#4835=ORIENTED_EDGE('',*,*,#3547,.T.);
#4836=ORIENTED_EDGE('',*,*,#3548,.F.);
#4837=ORIENTED_EDGE('',*,*,#3549,.F.);
#4838=ORIENTED_EDGE('',*,*,#3092,.T.);
#4839=ORIENTED_EDGE('',*,*,#3549,.T.);
#4840=ORIENTED_EDGE('',*,*,#3550,.F.);
#4841=ORIENTED_EDGE('',*,*,#3551,.F.);
#4842=ORIENTED_EDGE('',*,*,#3093,.T.);
#4843=ORIENTED_EDGE('',*,*,#3551,.T.);
#4844=ORIENTED_EDGE('',*,*,#3552,.F.);
#4845=ORIENTED_EDGE('',*,*,#3553,.F.);
#4846=ORIENTED_EDGE('',*,*,#3094,.T.);
#4847=ORIENTED_EDGE('',*,*,#3553,.T.);
#4848=ORIENTED_EDGE('',*,*,#3554,.F.);
#4849=ORIENTED_EDGE('',*,*,#3555,.F.);
#4850=ORIENTED_EDGE('',*,*,#3095,.T.);
#4851=ORIENTED_EDGE('',*,*,#3555,.T.);
#4852=ORIENTED_EDGE('',*,*,#3556,.F.);
#4853=ORIENTED_EDGE('',*,*,#3557,.F.);
#4854=ORIENTED_EDGE('',*,*,#3096,.T.);
#4855=ORIENTED_EDGE('',*,*,#3557,.T.);
#4856=ORIENTED_EDGE('',*,*,#3558,.F.);
#4857=ORIENTED_EDGE('',*,*,#3559,.F.);
#4858=ORIENTED_EDGE('',*,*,#3085,.T.);
#4859=ORIENTED_EDGE('',*,*,#3559,.T.);
#4860=ORIENTED_EDGE('',*,*,#3560,.F.);
#4861=ORIENTED_EDGE('',*,*,#3537,.F.);
#4862=ORIENTED_EDGE('',*,*,#3098,.T.);
#4863=ORIENTED_EDGE('',*,*,#3561,.T.);
#4864=ORIENTED_EDGE('',*,*,#3562,.F.);
#4865=ORIENTED_EDGE('',*,*,#3563,.F.);
#4866=ORIENTED_EDGE('',*,*,#3099,.T.);
#4867=ORIENTED_EDGE('',*,*,#3563,.T.);
#4868=ORIENTED_EDGE('',*,*,#3564,.F.);
#4869=ORIENTED_EDGE('',*,*,#3565,.F.);
#4870=ORIENTED_EDGE('',*,*,#3100,.T.);
#4871=ORIENTED_EDGE('',*,*,#3565,.T.);
#4872=ORIENTED_EDGE('',*,*,#3566,.F.);
#4873=ORIENTED_EDGE('',*,*,#3567,.F.);
#4874=ORIENTED_EDGE('',*,*,#3101,.T.);
#4875=ORIENTED_EDGE('',*,*,#3567,.T.);
#4876=ORIENTED_EDGE('',*,*,#3568,.F.);
#4877=ORIENTED_EDGE('',*,*,#3569,.F.);
#4878=ORIENTED_EDGE('',*,*,#3102,.T.);
#4879=ORIENTED_EDGE('',*,*,#3569,.T.);
#4880=ORIENTED_EDGE('',*,*,#3570,.F.);
#4881=ORIENTED_EDGE('',*,*,#3571,.F.);
#4882=ORIENTED_EDGE('',*,*,#3103,.T.);
#4883=ORIENTED_EDGE('',*,*,#3571,.T.);
#4884=ORIENTED_EDGE('',*,*,#3572,.F.);
#4885=ORIENTED_EDGE('',*,*,#3573,.F.);
#4886=ORIENTED_EDGE('',*,*,#3104,.T.);
#4887=ORIENTED_EDGE('',*,*,#3573,.T.);
#4888=ORIENTED_EDGE('',*,*,#3574,.F.);
#4889=ORIENTED_EDGE('',*,*,#3575,.F.);
#4890=ORIENTED_EDGE('',*,*,#3105,.T.);
#4891=ORIENTED_EDGE('',*,*,#3575,.T.);
#4892=ORIENTED_EDGE('',*,*,#3576,.F.);
#4893=ORIENTED_EDGE('',*,*,#3577,.F.);
#4894=ORIENTED_EDGE('',*,*,#3106,.T.);
#4895=ORIENTED_EDGE('',*,*,#3577,.T.);
#4896=ORIENTED_EDGE('',*,*,#3578,.F.);
#4897=ORIENTED_EDGE('',*,*,#3579,.F.);
#4898=ORIENTED_EDGE('',*,*,#3107,.T.);
#4899=ORIENTED_EDGE('',*,*,#3579,.T.);
#4900=ORIENTED_EDGE('',*,*,#3580,.F.);
#4901=ORIENTED_EDGE('',*,*,#3581,.F.);
#4902=ORIENTED_EDGE('',*,*,#3108,.T.);
#4903=ORIENTED_EDGE('',*,*,#3581,.T.);
#4904=ORIENTED_EDGE('',*,*,#3582,.F.);
#4905=ORIENTED_EDGE('',*,*,#3583,.F.);
#4906=ORIENTED_EDGE('',*,*,#3097,.T.);
#4907=ORIENTED_EDGE('',*,*,#3583,.T.);
#4908=ORIENTED_EDGE('',*,*,#3584,.F.);
#4909=ORIENTED_EDGE('',*,*,#3561,.F.);
#4910=ORIENTED_EDGE('',*,*,#3110,.T.);
#4911=ORIENTED_EDGE('',*,*,#3585,.T.);
#4912=ORIENTED_EDGE('',*,*,#3586,.F.);
#4913=ORIENTED_EDGE('',*,*,#3587,.F.);
#4914=ORIENTED_EDGE('',*,*,#3111,.T.);
#4915=ORIENTED_EDGE('',*,*,#3587,.T.);
#4916=ORIENTED_EDGE('',*,*,#3588,.F.);
#4917=ORIENTED_EDGE('',*,*,#3589,.F.);
#4918=ORIENTED_EDGE('',*,*,#3112,.T.);
#4919=ORIENTED_EDGE('',*,*,#3589,.T.);
#4920=ORIENTED_EDGE('',*,*,#3590,.F.);
#4921=ORIENTED_EDGE('',*,*,#3591,.F.);
#4922=ORIENTED_EDGE('',*,*,#3113,.T.);
#4923=ORIENTED_EDGE('',*,*,#3591,.T.);
#4924=ORIENTED_EDGE('',*,*,#3592,.F.);
#4925=ORIENTED_EDGE('',*,*,#3593,.F.);
#4926=ORIENTED_EDGE('',*,*,#3114,.T.);
#4927=ORIENTED_EDGE('',*,*,#3593,.T.);
#4928=ORIENTED_EDGE('',*,*,#3594,.F.);
#4929=ORIENTED_EDGE('',*,*,#3595,.F.);
#4930=ORIENTED_EDGE('',*,*,#3115,.T.);
#4931=ORIENTED_EDGE('',*,*,#3595,.T.);
#4932=ORIENTED_EDGE('',*,*,#3596,.F.);
#4933=ORIENTED_EDGE('',*,*,#3597,.F.);
#4934=ORIENTED_EDGE('',*,*,#3116,.T.);
#4935=ORIENTED_EDGE('',*,*,#3597,.T.);
#4936=ORIENTED_EDGE('',*,*,#3598,.F.);
#4937=ORIENTED_EDGE('',*,*,#3599,.F.);
#4938=ORIENTED_EDGE('',*,*,#3117,.T.);
#4939=ORIENTED_EDGE('',*,*,#3599,.T.);
#4940=ORIENTED_EDGE('',*,*,#3600,.F.);
#4941=ORIENTED_EDGE('',*,*,#3601,.F.);
#4942=ORIENTED_EDGE('',*,*,#3118,.T.);
#4943=ORIENTED_EDGE('',*,*,#3601,.T.);
#4944=ORIENTED_EDGE('',*,*,#3602,.F.);
#4945=ORIENTED_EDGE('',*,*,#3603,.F.);
#4946=ORIENTED_EDGE('',*,*,#3119,.T.);
#4947=ORIENTED_EDGE('',*,*,#3603,.T.);
#4948=ORIENTED_EDGE('',*,*,#3604,.F.);
#4949=ORIENTED_EDGE('',*,*,#3605,.F.);
#4950=ORIENTED_EDGE('',*,*,#3120,.T.);
#4951=ORIENTED_EDGE('',*,*,#3605,.T.);
#4952=ORIENTED_EDGE('',*,*,#3606,.F.);
#4953=ORIENTED_EDGE('',*,*,#3607,.F.);
#4954=ORIENTED_EDGE('',*,*,#3109,.T.);
#4955=ORIENTED_EDGE('',*,*,#3607,.T.);
#4956=ORIENTED_EDGE('',*,*,#3608,.F.);
#4957=ORIENTED_EDGE('',*,*,#3585,.F.);
#4958=ORIENTED_EDGE('',*,*,#3122,.T.);
#4959=ORIENTED_EDGE('',*,*,#3609,.T.);
#4960=ORIENTED_EDGE('',*,*,#3610,.F.);
#4961=ORIENTED_EDGE('',*,*,#3611,.F.);
#4962=ORIENTED_EDGE('',*,*,#3123,.T.);
#4963=ORIENTED_EDGE('',*,*,#3611,.T.);
#4964=ORIENTED_EDGE('',*,*,#3612,.F.);
#4965=ORIENTED_EDGE('',*,*,#3613,.F.);
#4966=ORIENTED_EDGE('',*,*,#3124,.T.);
#4967=ORIENTED_EDGE('',*,*,#3613,.T.);
#4968=ORIENTED_EDGE('',*,*,#3614,.F.);
#4969=ORIENTED_EDGE('',*,*,#3615,.F.);
#4970=ORIENTED_EDGE('',*,*,#3125,.T.);
#4971=ORIENTED_EDGE('',*,*,#3615,.T.);
#4972=ORIENTED_EDGE('',*,*,#3616,.F.);
#4973=ORIENTED_EDGE('',*,*,#3617,.F.);
#4974=ORIENTED_EDGE('',*,*,#3126,.T.);
#4975=ORIENTED_EDGE('',*,*,#3617,.T.);
#4976=ORIENTED_EDGE('',*,*,#3618,.F.);
#4977=ORIENTED_EDGE('',*,*,#3619,.F.);
#4978=ORIENTED_EDGE('',*,*,#3127,.T.);
#4979=ORIENTED_EDGE('',*,*,#3619,.T.);
#4980=ORIENTED_EDGE('',*,*,#3620,.F.);
#4981=ORIENTED_EDGE('',*,*,#3621,.F.);
#4982=ORIENTED_EDGE('',*,*,#3128,.T.);
#4983=ORIENTED_EDGE('',*,*,#3621,.T.);
#4984=ORIENTED_EDGE('',*,*,#3622,.F.);
#4985=ORIENTED_EDGE('',*,*,#3623,.F.);
#4986=ORIENTED_EDGE('',*,*,#3129,.T.);
#4987=ORIENTED_EDGE('',*,*,#3623,.T.);
#4988=ORIENTED_EDGE('',*,*,#3624,.F.);
#4989=ORIENTED_EDGE('',*,*,#3625,.F.);
#4990=ORIENTED_EDGE('',*,*,#3130,.T.);
#4991=ORIENTED_EDGE('',*,*,#3625,.T.);
#4992=ORIENTED_EDGE('',*,*,#3626,.F.);
#4993=ORIENTED_EDGE('',*,*,#3627,.F.);
#4994=ORIENTED_EDGE('',*,*,#3131,.T.);
#4995=ORIENTED_EDGE('',*,*,#3627,.T.);
#4996=ORIENTED_EDGE('',*,*,#3628,.F.);
#4997=ORIENTED_EDGE('',*,*,#3629,.F.);
#4998=ORIENTED_EDGE('',*,*,#3132,.T.);
#4999=ORIENTED_EDGE('',*,*,#3629,.T.);
#5000=ORIENTED_EDGE('',*,*,#3630,.F.);
#5001=ORIENTED_EDGE('',*,*,#3631,.F.);
#5002=ORIENTED_EDGE('',*,*,#3121,.T.);
#5003=ORIENTED_EDGE('',*,*,#3631,.T.);
#5004=ORIENTED_EDGE('',*,*,#3632,.F.);
#5005=ORIENTED_EDGE('',*,*,#3609,.F.);
#5006=ORIENTED_EDGE('',*,*,#3134,.T.);
#5007=ORIENTED_EDGE('',*,*,#3633,.T.);
#5008=ORIENTED_EDGE('',*,*,#3634,.F.);
#5009=ORIENTED_EDGE('',*,*,#3635,.F.);
#5010=ORIENTED_EDGE('',*,*,#3135,.T.);
#5011=ORIENTED_EDGE('',*,*,#3635,.T.);
#5012=ORIENTED_EDGE('',*,*,#3636,.F.);
#5013=ORIENTED_EDGE('',*,*,#3637,.F.);
#5014=ORIENTED_EDGE('',*,*,#3136,.T.);
#5015=ORIENTED_EDGE('',*,*,#3637,.T.);
#5016=ORIENTED_EDGE('',*,*,#3638,.F.);
#5017=ORIENTED_EDGE('',*,*,#3639,.F.);
#5018=ORIENTED_EDGE('',*,*,#3137,.T.);
#5019=ORIENTED_EDGE('',*,*,#3639,.T.);
#5020=ORIENTED_EDGE('',*,*,#3640,.F.);
#5021=ORIENTED_EDGE('',*,*,#3641,.F.);
#5022=ORIENTED_EDGE('',*,*,#3138,.T.);
#5023=ORIENTED_EDGE('',*,*,#3641,.T.);
#5024=ORIENTED_EDGE('',*,*,#3642,.F.);
#5025=ORIENTED_EDGE('',*,*,#3643,.F.);
#5026=ORIENTED_EDGE('',*,*,#3139,.T.);
#5027=ORIENTED_EDGE('',*,*,#3643,.T.);
#5028=ORIENTED_EDGE('',*,*,#3644,.F.);
#5029=ORIENTED_EDGE('',*,*,#3645,.F.);
#5030=ORIENTED_EDGE('',*,*,#3140,.T.);
#5031=ORIENTED_EDGE('',*,*,#3645,.T.);
#5032=ORIENTED_EDGE('',*,*,#3646,.F.);
#5033=ORIENTED_EDGE('',*,*,#3647,.F.);
#5034=ORIENTED_EDGE('',*,*,#3141,.T.);
#5035=ORIENTED_EDGE('',*,*,#3647,.T.);
#5036=ORIENTED_EDGE('',*,*,#3648,.F.);
#5037=ORIENTED_EDGE('',*,*,#3649,.F.);
#5038=ORIENTED_EDGE('',*,*,#3142,.T.);
#5039=ORIENTED_EDGE('',*,*,#3649,.T.);
#5040=ORIENTED_EDGE('',*,*,#3650,.F.);
#5041=ORIENTED_EDGE('',*,*,#3651,.F.);
#5042=ORIENTED_EDGE('',*,*,#3143,.T.);
#5043=ORIENTED_EDGE('',*,*,#3651,.T.);
#5044=ORIENTED_EDGE('',*,*,#3652,.F.);
#5045=ORIENTED_EDGE('',*,*,#3653,.F.);
#5046=ORIENTED_EDGE('',*,*,#3144,.T.);
#5047=ORIENTED_EDGE('',*,*,#3653,.T.);
#5048=ORIENTED_EDGE('',*,*,#3654,.F.);
#5049=ORIENTED_EDGE('',*,*,#3655,.F.);
#5050=ORIENTED_EDGE('',*,*,#3133,.T.);
#5051=ORIENTED_EDGE('',*,*,#3655,.T.);
#5052=ORIENTED_EDGE('',*,*,#3656,.F.);
#5053=ORIENTED_EDGE('',*,*,#3633,.F.);
#5054=ORIENTED_EDGE('',*,*,#3146,.T.);
#5055=ORIENTED_EDGE('',*,*,#3657,.T.);
#5056=ORIENTED_EDGE('',*,*,#3658,.F.);
#5057=ORIENTED_EDGE('',*,*,#3659,.F.);
#5058=ORIENTED_EDGE('',*,*,#3147,.T.);
#5059=ORIENTED_EDGE('',*,*,#3659,.T.);
#5060=ORIENTED_EDGE('',*,*,#3660,.F.);
#5061=ORIENTED_EDGE('',*,*,#3661,.F.);
#5062=ORIENTED_EDGE('',*,*,#3148,.T.);
#5063=ORIENTED_EDGE('',*,*,#3661,.T.);
#5064=ORIENTED_EDGE('',*,*,#3662,.F.);
#5065=ORIENTED_EDGE('',*,*,#3663,.F.);
#5066=ORIENTED_EDGE('',*,*,#3149,.T.);
#5067=ORIENTED_EDGE('',*,*,#3663,.T.);
#5068=ORIENTED_EDGE('',*,*,#3664,.F.);
#5069=ORIENTED_EDGE('',*,*,#3665,.F.);
#5070=ORIENTED_EDGE('',*,*,#3150,.T.);
#5071=ORIENTED_EDGE('',*,*,#3665,.T.);
#5072=ORIENTED_EDGE('',*,*,#3666,.F.);
#5073=ORIENTED_EDGE('',*,*,#3667,.F.);
#5074=ORIENTED_EDGE('',*,*,#3151,.T.);
#5075=ORIENTED_EDGE('',*,*,#3667,.T.);
#5076=ORIENTED_EDGE('',*,*,#3668,.F.);
#5077=ORIENTED_EDGE('',*,*,#3669,.F.);
#5078=ORIENTED_EDGE('',*,*,#3152,.T.);
#5079=ORIENTED_EDGE('',*,*,#3669,.T.);
#5080=ORIENTED_EDGE('',*,*,#3670,.F.);
#5081=ORIENTED_EDGE('',*,*,#3671,.F.);
#5082=ORIENTED_EDGE('',*,*,#3153,.T.);
#5083=ORIENTED_EDGE('',*,*,#3671,.T.);
#5084=ORIENTED_EDGE('',*,*,#3672,.F.);
#5085=ORIENTED_EDGE('',*,*,#3673,.F.);
#5086=ORIENTED_EDGE('',*,*,#3154,.T.);
#5087=ORIENTED_EDGE('',*,*,#3673,.T.);
#5088=ORIENTED_EDGE('',*,*,#3674,.F.);
#5089=ORIENTED_EDGE('',*,*,#3675,.F.);
#5090=ORIENTED_EDGE('',*,*,#3155,.T.);
#5091=ORIENTED_EDGE('',*,*,#3675,.T.);
#5092=ORIENTED_EDGE('',*,*,#3676,.F.);
#5093=ORIENTED_EDGE('',*,*,#3677,.F.);
#5094=ORIENTED_EDGE('',*,*,#3156,.T.);
#5095=ORIENTED_EDGE('',*,*,#3677,.T.);
#5096=ORIENTED_EDGE('',*,*,#3678,.F.);
#5097=ORIENTED_EDGE('',*,*,#3679,.F.);
#5098=ORIENTED_EDGE('',*,*,#3145,.T.);
#5099=ORIENTED_EDGE('',*,*,#3679,.T.);
#5100=ORIENTED_EDGE('',*,*,#3680,.F.);
#5101=ORIENTED_EDGE('',*,*,#3657,.F.);
#5102=ORIENTED_EDGE('',*,*,#3158,.T.);
#5103=ORIENTED_EDGE('',*,*,#3681,.T.);
#5104=ORIENTED_EDGE('',*,*,#3682,.F.);
#5105=ORIENTED_EDGE('',*,*,#3683,.F.);
#5106=ORIENTED_EDGE('',*,*,#3159,.T.);
#5107=ORIENTED_EDGE('',*,*,#3683,.T.);
#5108=ORIENTED_EDGE('',*,*,#3684,.F.);
#5109=ORIENTED_EDGE('',*,*,#3685,.F.);
#5110=ORIENTED_EDGE('',*,*,#3160,.T.);
#5111=ORIENTED_EDGE('',*,*,#3685,.T.);
#5112=ORIENTED_EDGE('',*,*,#3686,.F.);
#5113=ORIENTED_EDGE('',*,*,#3687,.F.);
#5114=ORIENTED_EDGE('',*,*,#3161,.T.);
#5115=ORIENTED_EDGE('',*,*,#3687,.T.);
#5116=ORIENTED_EDGE('',*,*,#3688,.F.);
#5117=ORIENTED_EDGE('',*,*,#3689,.F.);
#5118=ORIENTED_EDGE('',*,*,#3162,.T.);
#5119=ORIENTED_EDGE('',*,*,#3689,.T.);
#5120=ORIENTED_EDGE('',*,*,#3690,.F.);
#5121=ORIENTED_EDGE('',*,*,#3691,.F.);
#5122=ORIENTED_EDGE('',*,*,#3163,.T.);
#5123=ORIENTED_EDGE('',*,*,#3691,.T.);
#5124=ORIENTED_EDGE('',*,*,#3692,.F.);
#5125=ORIENTED_EDGE('',*,*,#3693,.F.);
#5126=ORIENTED_EDGE('',*,*,#3164,.T.);
#5127=ORIENTED_EDGE('',*,*,#3693,.T.);
#5128=ORIENTED_EDGE('',*,*,#3694,.F.);
#5129=ORIENTED_EDGE('',*,*,#3695,.F.);
#5130=ORIENTED_EDGE('',*,*,#3165,.T.);
#5131=ORIENTED_EDGE('',*,*,#3695,.T.);
#5132=ORIENTED_EDGE('',*,*,#3696,.F.);
#5133=ORIENTED_EDGE('',*,*,#3697,.F.);
#5134=ORIENTED_EDGE('',*,*,#3166,.T.);
#5135=ORIENTED_EDGE('',*,*,#3697,.T.);
#5136=ORIENTED_EDGE('',*,*,#3698,.F.);
#5137=ORIENTED_EDGE('',*,*,#3699,.F.);
#5138=ORIENTED_EDGE('',*,*,#3167,.T.);
#5139=ORIENTED_EDGE('',*,*,#3699,.T.);
#5140=ORIENTED_EDGE('',*,*,#3700,.F.);
#5141=ORIENTED_EDGE('',*,*,#3701,.F.);
#5142=ORIENTED_EDGE('',*,*,#3168,.T.);
#5143=ORIENTED_EDGE('',*,*,#3701,.T.);
#5144=ORIENTED_EDGE('',*,*,#3702,.F.);
#5145=ORIENTED_EDGE('',*,*,#3703,.F.);
#5146=ORIENTED_EDGE('',*,*,#3157,.T.);
#5147=ORIENTED_EDGE('',*,*,#3703,.T.);
#5148=ORIENTED_EDGE('',*,*,#3704,.F.);
#5149=ORIENTED_EDGE('',*,*,#3681,.F.);
#5150=ORIENTED_EDGE('',*,*,#3170,.T.);
#5151=ORIENTED_EDGE('',*,*,#3705,.T.);
#5152=ORIENTED_EDGE('',*,*,#3706,.F.);
#5153=ORIENTED_EDGE('',*,*,#3707,.F.);
#5154=ORIENTED_EDGE('',*,*,#3171,.T.);
#5155=ORIENTED_EDGE('',*,*,#3707,.T.);
#5156=ORIENTED_EDGE('',*,*,#3708,.F.);
#5157=ORIENTED_EDGE('',*,*,#3709,.F.);
#5158=ORIENTED_EDGE('',*,*,#3172,.T.);
#5159=ORIENTED_EDGE('',*,*,#3709,.T.);
#5160=ORIENTED_EDGE('',*,*,#3710,.F.);
#5161=ORIENTED_EDGE('',*,*,#3711,.F.);
#5162=ORIENTED_EDGE('',*,*,#3173,.T.);
#5163=ORIENTED_EDGE('',*,*,#3711,.T.);
#5164=ORIENTED_EDGE('',*,*,#3712,.F.);
#5165=ORIENTED_EDGE('',*,*,#3713,.F.);
#5166=ORIENTED_EDGE('',*,*,#3174,.T.);
#5167=ORIENTED_EDGE('',*,*,#3713,.T.);
#5168=ORIENTED_EDGE('',*,*,#3714,.F.);
#5169=ORIENTED_EDGE('',*,*,#3715,.F.);
#5170=ORIENTED_EDGE('',*,*,#3175,.T.);
#5171=ORIENTED_EDGE('',*,*,#3715,.T.);
#5172=ORIENTED_EDGE('',*,*,#3716,.F.);
#5173=ORIENTED_EDGE('',*,*,#3717,.F.);
#5174=ORIENTED_EDGE('',*,*,#3176,.T.);
#5175=ORIENTED_EDGE('',*,*,#3717,.T.);
#5176=ORIENTED_EDGE('',*,*,#3718,.F.);
#5177=ORIENTED_EDGE('',*,*,#3719,.F.);
#5178=ORIENTED_EDGE('',*,*,#3177,.T.);
#5179=ORIENTED_EDGE('',*,*,#3719,.T.);
#5180=ORIENTED_EDGE('',*,*,#3720,.F.);
#5181=ORIENTED_EDGE('',*,*,#3721,.F.);
#5182=ORIENTED_EDGE('',*,*,#3178,.T.);
#5183=ORIENTED_EDGE('',*,*,#3721,.T.);
#5184=ORIENTED_EDGE('',*,*,#3722,.F.);
#5185=ORIENTED_EDGE('',*,*,#3723,.F.);
#5186=ORIENTED_EDGE('',*,*,#3179,.T.);
#5187=ORIENTED_EDGE('',*,*,#3723,.T.);
#5188=ORIENTED_EDGE('',*,*,#3724,.F.);
#5189=ORIENTED_EDGE('',*,*,#3725,.F.);
#5190=ORIENTED_EDGE('',*,*,#3180,.T.);
#5191=ORIENTED_EDGE('',*,*,#3725,.T.);
#5192=ORIENTED_EDGE('',*,*,#3726,.F.);
#5193=ORIENTED_EDGE('',*,*,#3727,.F.);
#5194=ORIENTED_EDGE('',*,*,#3169,.T.);
#5195=ORIENTED_EDGE('',*,*,#3727,.T.);
#5196=ORIENTED_EDGE('',*,*,#3728,.F.);
#5197=ORIENTED_EDGE('',*,*,#3705,.F.);
#5198=ORIENTED_EDGE('',*,*,#3228,.F.);
#5199=ORIENTED_EDGE('',*,*,#3729,.T.);
#5200=ORIENTED_EDGE('',*,*,#2877,.F.);
#5201=ORIENTED_EDGE('',*,*,#3730,.F.);
#5202=ORIENTED_EDGE('',*,*,#3230,.F.);
#5203=ORIENTED_EDGE('',*,*,#3730,.T.);
#5204=ORIENTED_EDGE('',*,*,#2876,.F.);
#5205=ORIENTED_EDGE('',*,*,#3731,.F.);
#5206=ORIENTED_EDGE('',*,*,#3732,.F.);
#5207=ORIENTED_EDGE('',*,*,#3231,.F.);
#5208=ORIENTED_EDGE('',*,*,#3732,.T.);
#5209=ORIENTED_EDGE('',*,*,#3731,.T.);
#5210=ORIENTED_EDGE('',*,*,#2875,.F.);
#5211=ORIENTED_EDGE('',*,*,#2925,.F.);
#5212=ORIENTED_EDGE('',*,*,#3213,.F.);
#5213=ORIENTED_EDGE('',*,*,#3233,.T.);
#5214=ORIENTED_EDGE('',*,*,#2884,.F.);
#5215=ORIENTED_EDGE('',*,*,#3733,.F.);
#5216=ORIENTED_EDGE('',*,*,#3216,.F.);
#5217=ORIENTED_EDGE('',*,*,#3733,.T.);
#5218=ORIENTED_EDGE('',*,*,#2883,.F.);
#5219=ORIENTED_EDGE('',*,*,#3734,.F.);
#5220=ORIENTED_EDGE('',*,*,#3217,.F.);
#5221=ORIENTED_EDGE('',*,*,#3734,.T.);
#5222=ORIENTED_EDGE('',*,*,#2882,.F.);
#5223=ORIENTED_EDGE('',*,*,#3735,.F.);
#5224=ORIENTED_EDGE('',*,*,#3220,.F.);
#5225=ORIENTED_EDGE('',*,*,#3735,.T.);
#5226=ORIENTED_EDGE('',*,*,#2881,.F.);
#5227=ORIENTED_EDGE('',*,*,#3736,.F.);
#5228=ORIENTED_EDGE('',*,*,#3222,.F.);
#5229=ORIENTED_EDGE('',*,*,#3736,.T.);
#5230=ORIENTED_EDGE('',*,*,#2880,.F.);
#5231=ORIENTED_EDGE('',*,*,#3737,.F.);
#5232=ORIENTED_EDGE('',*,*,#3224,.F.);
#5233=ORIENTED_EDGE('',*,*,#3737,.T.);
#5234=ORIENTED_EDGE('',*,*,#2879,.F.);
#5235=ORIENTED_EDGE('',*,*,#3738,.F.);
#5236=ORIENTED_EDGE('',*,*,#3225,.F.);
#5237=ORIENTED_EDGE('',*,*,#3738,.T.);
#5238=ORIENTED_EDGE('',*,*,#2878,.F.);
#5239=ORIENTED_EDGE('',*,*,#3729,.F.);
#5240=ORIENTED_EDGE('',*,*,#3187,.T.);
#5241=ORIENTED_EDGE('',*,*,#3182,.T.);
#5242=ORIENTED_EDGE('',*,*,#3281,.T.);
#5243=ORIENTED_EDGE('',*,*,#3283,.T.);
#5244=ORIENTED_EDGE('',*,*,#3264,.T.);
#5245=ORIENTED_EDGE('',*,*,#3262,.T.);
#5246=ORIENTED_EDGE('',*,*,#3260,.T.);
#5247=ORIENTED_EDGE('',*,*,#3258,.T.);
#5248=ORIENTED_EDGE('',*,*,#3256,.T.);
#5249=ORIENTED_EDGE('',*,*,#3254,.T.);
#5250=ORIENTED_EDGE('',*,*,#3252,.T.);
#5251=ORIENTED_EDGE('',*,*,#3250,.T.);
#5252=ORIENTED_EDGE('',*,*,#3248,.T.);
#5253=ORIENTED_EDGE('',*,*,#3246,.T.);
#5254=ORIENTED_EDGE('',*,*,#3243,.T.);
#5255=ORIENTED_EDGE('',*,*,#3266,.T.);
#5256=ORIENTED_EDGE('',*,*,#3268,.T.);
#5257=ORIENTED_EDGE('',*,*,#3270,.T.);
#5258=ORIENTED_EDGE('',*,*,#3272,.T.);
#5259=ORIENTED_EDGE('',*,*,#3274,.T.);
#5260=ORIENTED_EDGE('',*,*,#3276,.T.);
#5261=ORIENTED_EDGE('',*,*,#3278,.T.);
#5262=ORIENTED_EDGE('',*,*,#3280,.T.);
#5263=ORIENTED_EDGE('',*,*,#3185,.T.);
#5264=ORIENTED_EDGE('',*,*,#3189,.T.);
#5265=ORIENTED_EDGE('',*,*,#3289,.T.);
#5266=ORIENTED_EDGE('',*,*,#3287,.T.);
#5267=ORIENTED_EDGE('',*,*,#3285,.T.);
#5268=ORIENTED_EDGE('',*,*,#3290,.T.);
#5269=ORIENTED_EDGE('',*,*,#3191,.T.);
#5270=ORIENTED_EDGE('',*,*,#3728,.T.);
#5271=ORIENTED_EDGE('',*,*,#3726,.T.);
#5272=ORIENTED_EDGE('',*,*,#3724,.T.);
#5273=ORIENTED_EDGE('',*,*,#3722,.T.);
#5274=ORIENTED_EDGE('',*,*,#3720,.T.);
#5275=ORIENTED_EDGE('',*,*,#3718,.T.);
#5276=ORIENTED_EDGE('',*,*,#3716,.T.);
#5277=ORIENTED_EDGE('',*,*,#3714,.T.);
#5278=ORIENTED_EDGE('',*,*,#3712,.T.);
#5279=ORIENTED_EDGE('',*,*,#3710,.T.);
#5280=ORIENTED_EDGE('',*,*,#3708,.T.);
#5281=ORIENTED_EDGE('',*,*,#3706,.T.);
#5282=ORIENTED_EDGE('',*,*,#3704,.T.);
#5283=ORIENTED_EDGE('',*,*,#3702,.T.);
#5284=ORIENTED_EDGE('',*,*,#3700,.T.);
#5285=ORIENTED_EDGE('',*,*,#3698,.T.);
#5286=ORIENTED_EDGE('',*,*,#3696,.T.);
#5287=ORIENTED_EDGE('',*,*,#3694,.T.);
#5288=ORIENTED_EDGE('',*,*,#3692,.T.);
#5289=ORIENTED_EDGE('',*,*,#3690,.T.);
#5290=ORIENTED_EDGE('',*,*,#3688,.T.);
#5291=ORIENTED_EDGE('',*,*,#3686,.T.);
#5292=ORIENTED_EDGE('',*,*,#3684,.T.);
#5293=ORIENTED_EDGE('',*,*,#3682,.T.);
#5294=ORIENTED_EDGE('',*,*,#3680,.T.);
#5295=ORIENTED_EDGE('',*,*,#3678,.T.);
#5296=ORIENTED_EDGE('',*,*,#3676,.T.);
#5297=ORIENTED_EDGE('',*,*,#3674,.T.);
#5298=ORIENTED_EDGE('',*,*,#3672,.T.);
#5299=ORIENTED_EDGE('',*,*,#3670,.T.);
#5300=ORIENTED_EDGE('',*,*,#3668,.T.);
#5301=ORIENTED_EDGE('',*,*,#3666,.T.);
#5302=ORIENTED_EDGE('',*,*,#3664,.T.);
#5303=ORIENTED_EDGE('',*,*,#3662,.T.);
#5304=ORIENTED_EDGE('',*,*,#3660,.T.);
#5305=ORIENTED_EDGE('',*,*,#3658,.T.);
#5306=ORIENTED_EDGE('',*,*,#3656,.T.);
#5307=ORIENTED_EDGE('',*,*,#3654,.T.);
#5308=ORIENTED_EDGE('',*,*,#3652,.T.);
#5309=ORIENTED_EDGE('',*,*,#3650,.T.);
#5310=ORIENTED_EDGE('',*,*,#3648,.T.);
#5311=ORIENTED_EDGE('',*,*,#3646,.T.);
#5312=ORIENTED_EDGE('',*,*,#3644,.T.);
#5313=ORIENTED_EDGE('',*,*,#3642,.T.);
#5314=ORIENTED_EDGE('',*,*,#3640,.T.);
#5315=ORIENTED_EDGE('',*,*,#3638,.T.);
#5316=ORIENTED_EDGE('',*,*,#3636,.T.);
#5317=ORIENTED_EDGE('',*,*,#3634,.T.);
#5318=ORIENTED_EDGE('',*,*,#3632,.T.);
#5319=ORIENTED_EDGE('',*,*,#3630,.T.);
#5320=ORIENTED_EDGE('',*,*,#3628,.T.);
#5321=ORIENTED_EDGE('',*,*,#3626,.T.);
#5322=ORIENTED_EDGE('',*,*,#3624,.T.);
#5323=ORIENTED_EDGE('',*,*,#3622,.T.);
#5324=ORIENTED_EDGE('',*,*,#3620,.T.);
#5325=ORIENTED_EDGE('',*,*,#3618,.T.);
#5326=ORIENTED_EDGE('',*,*,#3616,.T.);
#5327=ORIENTED_EDGE('',*,*,#3614,.T.);
#5328=ORIENTED_EDGE('',*,*,#3612,.T.);
#5329=ORIENTED_EDGE('',*,*,#3610,.T.);
#5330=ORIENTED_EDGE('',*,*,#3608,.T.);
#5331=ORIENTED_EDGE('',*,*,#3606,.T.);
#5332=ORIENTED_EDGE('',*,*,#3604,.T.);
#5333=ORIENTED_EDGE('',*,*,#3602,.T.);
#5334=ORIENTED_EDGE('',*,*,#3600,.T.);
#5335=ORIENTED_EDGE('',*,*,#3598,.T.);
#5336=ORIENTED_EDGE('',*,*,#3596,.T.);
#5337=ORIENTED_EDGE('',*,*,#3594,.T.);
#5338=ORIENTED_EDGE('',*,*,#3592,.T.);
#5339=ORIENTED_EDGE('',*,*,#3590,.T.);
#5340=ORIENTED_EDGE('',*,*,#3588,.T.);
#5341=ORIENTED_EDGE('',*,*,#3586,.T.);
#5342=ORIENTED_EDGE('',*,*,#3584,.T.);
#5343=ORIENTED_EDGE('',*,*,#3582,.T.);
#5344=ORIENTED_EDGE('',*,*,#3580,.T.);
#5345=ORIENTED_EDGE('',*,*,#3578,.T.);
#5346=ORIENTED_EDGE('',*,*,#3576,.T.);
#5347=ORIENTED_EDGE('',*,*,#3574,.T.);
#5348=ORIENTED_EDGE('',*,*,#3572,.T.);
#5349=ORIENTED_EDGE('',*,*,#3570,.T.);
#5350=ORIENTED_EDGE('',*,*,#3568,.T.);
#5351=ORIENTED_EDGE('',*,*,#3566,.T.);
#5352=ORIENTED_EDGE('',*,*,#3564,.T.);
#5353=ORIENTED_EDGE('',*,*,#3562,.T.);
#5354=ORIENTED_EDGE('',*,*,#3560,.T.);
#5355=ORIENTED_EDGE('',*,*,#3558,.T.);
#5356=ORIENTED_EDGE('',*,*,#3556,.T.);
#5357=ORIENTED_EDGE('',*,*,#3554,.T.);
#5358=ORIENTED_EDGE('',*,*,#3552,.T.);
#5359=ORIENTED_EDGE('',*,*,#3550,.T.);
#5360=ORIENTED_EDGE('',*,*,#3548,.T.);
#5361=ORIENTED_EDGE('',*,*,#3546,.T.);
#5362=ORIENTED_EDGE('',*,*,#3544,.T.);
#5363=ORIENTED_EDGE('',*,*,#3542,.T.);
#5364=ORIENTED_EDGE('',*,*,#3540,.T.);
#5365=ORIENTED_EDGE('',*,*,#3538,.T.);
#5366=ORIENTED_EDGE('',*,*,#3535,.T.);
#5367=ORIENTED_EDGE('',*,*,#3533,.T.);
#5368=ORIENTED_EDGE('',*,*,#3531,.T.);
#5369=ORIENTED_EDGE('',*,*,#3529,.T.);
#5370=ORIENTED_EDGE('',*,*,#3528,.T.);
#5371=ORIENTED_EDGE('',*,*,#3526,.T.);
#5372=ORIENTED_EDGE('',*,*,#3524,.T.);
#5373=ORIENTED_EDGE('',*,*,#3522,.T.);
#5374=ORIENTED_EDGE('',*,*,#3520,.T.);
#5375=ORIENTED_EDGE('',*,*,#3518,.T.);
#5376=ORIENTED_EDGE('',*,*,#3516,.T.);
#5377=ORIENTED_EDGE('',*,*,#3514,.T.);
#5378=ORIENTED_EDGE('',*,*,#3512,.T.);
#5379=ORIENTED_EDGE('',*,*,#3510,.T.);
#5380=ORIENTED_EDGE('',*,*,#3508,.T.);
#5381=ORIENTED_EDGE('',*,*,#3506,.T.);
#5382=ORIENTED_EDGE('',*,*,#3504,.T.);
#5383=ORIENTED_EDGE('',*,*,#3502,.T.);
#5384=ORIENTED_EDGE('',*,*,#3500,.T.);
#5385=ORIENTED_EDGE('',*,*,#3498,.T.);
#5386=ORIENTED_EDGE('',*,*,#3496,.T.);
#5387=ORIENTED_EDGE('',*,*,#3494,.T.);
#5388=ORIENTED_EDGE('',*,*,#3492,.T.);
#5389=ORIENTED_EDGE('',*,*,#3490,.T.);
#5390=ORIENTED_EDGE('',*,*,#3488,.T.);
#5391=ORIENTED_EDGE('',*,*,#3486,.T.);
#5392=ORIENTED_EDGE('',*,*,#3484,.T.);
#5393=ORIENTED_EDGE('',*,*,#3482,.T.);
#5394=ORIENTED_EDGE('',*,*,#3480,.T.);
#5395=ORIENTED_EDGE('',*,*,#3478,.T.);
#5396=ORIENTED_EDGE('',*,*,#3476,.T.);
#5397=ORIENTED_EDGE('',*,*,#3474,.T.);
#5398=ORIENTED_EDGE('',*,*,#3472,.T.);
#5399=ORIENTED_EDGE('',*,*,#3470,.T.);
#5400=ORIENTED_EDGE('',*,*,#3468,.T.);
#5401=ORIENTED_EDGE('',*,*,#3466,.T.);
#5402=ORIENTED_EDGE('',*,*,#3464,.T.);
#5403=ORIENTED_EDGE('',*,*,#3462,.T.);
#5404=ORIENTED_EDGE('',*,*,#3460,.T.);
#5405=ORIENTED_EDGE('',*,*,#3458,.T.);
#5406=ORIENTED_EDGE('',*,*,#3456,.T.);
#5407=ORIENTED_EDGE('',*,*,#3454,.T.);
#5408=ORIENTED_EDGE('',*,*,#3452,.T.);
#5409=ORIENTED_EDGE('',*,*,#3450,.T.);
#5410=ORIENTED_EDGE('',*,*,#3448,.T.);
#5411=ORIENTED_EDGE('',*,*,#3446,.T.);
#5412=ORIENTED_EDGE('',*,*,#3444,.T.);
#5413=ORIENTED_EDGE('',*,*,#3442,.T.);
#5414=ORIENTED_EDGE('',*,*,#3440,.T.);
#5415=ORIENTED_EDGE('',*,*,#3438,.T.);
#5416=ORIENTED_EDGE('',*,*,#3436,.T.);
#5417=ORIENTED_EDGE('',*,*,#3434,.T.);
#5418=ORIENTED_EDGE('',*,*,#3432,.T.);
#5419=ORIENTED_EDGE('',*,*,#3430,.T.);
#5420=ORIENTED_EDGE('',*,*,#3428,.T.);
#5421=ORIENTED_EDGE('',*,*,#3426,.T.);
#5422=ORIENTED_EDGE('',*,*,#3424,.T.);
#5423=ORIENTED_EDGE('',*,*,#3422,.T.);
#5424=ORIENTED_EDGE('',*,*,#3420,.T.);
#5425=ORIENTED_EDGE('',*,*,#3418,.T.);
#5426=ORIENTED_EDGE('',*,*,#3416,.T.);
#5427=ORIENTED_EDGE('',*,*,#3414,.T.);
#5428=ORIENTED_EDGE('',*,*,#3412,.T.);
#5429=ORIENTED_EDGE('',*,*,#3410,.T.);
#5430=ORIENTED_EDGE('',*,*,#3408,.T.);
#5431=ORIENTED_EDGE('',*,*,#3406,.T.);
#5432=ORIENTED_EDGE('',*,*,#3404,.T.);
#5433=ORIENTED_EDGE('',*,*,#3402,.T.);
#5434=ORIENTED_EDGE('',*,*,#3400,.T.);
#5435=ORIENTED_EDGE('',*,*,#3398,.T.);
#5436=ORIENTED_EDGE('',*,*,#3396,.T.);
#5437=ORIENTED_EDGE('',*,*,#3394,.T.);
#5438=ORIENTED_EDGE('',*,*,#3392,.T.);
#5439=ORIENTED_EDGE('',*,*,#3390,.T.);
#5440=ORIENTED_EDGE('',*,*,#3388,.T.);
#5441=ORIENTED_EDGE('',*,*,#3386,.T.);
#5442=ORIENTED_EDGE('',*,*,#3384,.T.);
#5443=ORIENTED_EDGE('',*,*,#3382,.T.);
#5444=ORIENTED_EDGE('',*,*,#3380,.T.);
#5445=ORIENTED_EDGE('',*,*,#3378,.T.);
#5446=ORIENTED_EDGE('',*,*,#3376,.T.);
#5447=ORIENTED_EDGE('',*,*,#3374,.T.);
#5448=ORIENTED_EDGE('',*,*,#3372,.T.);
#5449=ORIENTED_EDGE('',*,*,#3370,.T.);
#5450=ORIENTED_EDGE('',*,*,#3368,.T.);
#5451=ORIENTED_EDGE('',*,*,#3366,.T.);
#5452=ORIENTED_EDGE('',*,*,#3364,.T.);
#5453=ORIENTED_EDGE('',*,*,#3362,.T.);
#5454=ORIENTED_EDGE('',*,*,#3360,.T.);
#5455=ORIENTED_EDGE('',*,*,#3358,.T.);
#5456=ORIENTED_EDGE('',*,*,#3356,.T.);
#5457=ORIENTED_EDGE('',*,*,#3354,.T.);
#5458=ORIENTED_EDGE('',*,*,#3352,.T.);
#5459=ORIENTED_EDGE('',*,*,#3350,.T.);
#5460=ORIENTED_EDGE('',*,*,#3348,.T.);
#5461=ORIENTED_EDGE('',*,*,#3346,.T.);
#5462=ORIENTED_EDGE('',*,*,#3343,.T.);
#5463=ORIENTED_EDGE('',*,*,#3341,.T.);
#5464=ORIENTED_EDGE('',*,*,#3340,.T.);
#5465=ORIENTED_EDGE('',*,*,#3338,.T.);
#5466=ORIENTED_EDGE('',*,*,#3336,.T.);
#5467=ORIENTED_EDGE('',*,*,#3334,.T.);
#5468=ORIENTED_EDGE('',*,*,#3331,.T.);
#5469=ORIENTED_EDGE('',*,*,#3330,.T.);
#5470=ORIENTED_EDGE('',*,*,#3328,.T.);
#5471=ORIENTED_EDGE('',*,*,#3326,.T.);
#5472=ORIENTED_EDGE('',*,*,#3324,.T.);
#5473=ORIENTED_EDGE('',*,*,#3322,.T.);
#5474=ORIENTED_EDGE('',*,*,#3320,.T.);
#5475=ORIENTED_EDGE('',*,*,#3318,.T.);
#5476=ORIENTED_EDGE('',*,*,#3316,.T.);
#5477=ORIENTED_EDGE('',*,*,#3314,.T.);
#5478=ORIENTED_EDGE('',*,*,#3312,.T.);
#5479=ORIENTED_EDGE('',*,*,#3310,.T.);
#5480=ORIENTED_EDGE('',*,*,#3308,.T.);
#5481=ORIENTED_EDGE('',*,*,#3306,.T.);
#5482=ORIENTED_EDGE('',*,*,#3304,.T.);
#5483=ORIENTED_EDGE('',*,*,#3302,.T.);
#5484=ORIENTED_EDGE('',*,*,#3300,.T.);
#5485=ORIENTED_EDGE('',*,*,#3298,.T.);
#5486=ORIENTED_EDGE('',*,*,#3296,.T.);
#5487=ORIENTED_EDGE('',*,*,#3294,.T.);
#5488=ORIENTED_EDGE('',*,*,#3292,.T.);
#5489=PLANE('',#5911);
#5490=PLANE('',#5912);
#5491=PLANE('',#5913);
#5492=PLANE('',#5914);
#5493=PLANE('',#5917);
#5494=PLANE('',#5918);
#5495=PLANE('',#5925);
#5496=PLANE('',#5934);
#5497=PLANE('',#5935);
#5498=PLANE('',#5936);
#5499=PLANE('',#5937);
#5500=PLANE('',#5961);
#5501=PLANE('',#5962);
#5502=PLANE('',#5963);
#5503=PLANE('',#5964);
#5504=PLANE('',#5966);
#5505=PLANE('',#5967);
#5506=PLANE('',#5968);
#5507=PLANE('',#5969);
#5508=PLANE('',#5970);
#5509=PLANE('',#5971);
#5510=PLANE('',#5972);
#5511=PLANE('',#5973);
#5512=PLANE('',#5976);
#5513=PLANE('',#5977);
#5514=PLANE('',#5978);
#5515=PLANE('',#5979);
#5516=PLANE('',#5980);
#5517=PLANE('',#5981);
#5518=PLANE('',#5982);
#5519=PLANE('',#5983);
#5520=PLANE('',#5984);
#5521=PLANE('',#5985);
#5522=PLANE('',#5986);
#5523=PLANE('',#5987);
#5524=PLANE('',#5988);
#5525=PLANE('',#5991);
#5526=PLANE('',#5992);
#5527=PLANE('',#5993);
#5528=PLANE('',#5994);
#5529=PLANE('',#5999);
#5530=PLANE('',#6000);
#5531=PLANE('',#6001);
#5532=PLANE('',#6002);
#5533=PLANE('',#6003);
#5534=PLANE('',#6004);
#5535=PLANE('',#6005);
#5536=PLANE('',#6006);
#5537=PLANE('',#6007);
#5538=PLANE('',#6008);
#5539=PLANE('',#6009);
#5540=PLANE('',#6010);
#5541=PLANE('',#6011);
#5542=PLANE('',#6012);
#5543=PLANE('',#6013);
#5544=PLANE('',#6014);
#5545=PLANE('',#6015);
#5546=PLANE('',#6016);
#5547=PLANE('',#6017);
#5548=PLANE('',#6018);
#5549=PLANE('',#6019);
#5550=PLANE('',#6020);
#5551=PLANE('',#6021);
#5552=PLANE('',#6022);
#5553=PLANE('',#6023);
#5554=PLANE('',#6024);
#5555=PLANE('',#6025);
#5556=PLANE('',#6026);
#5557=PLANE('',#6027);
#5558=PLANE('',#6028);
#5559=PLANE('',#6029);
#5560=PLANE('',#6030);
#5561=PLANE('',#6039);
#5562=PLANE('',#6040);
#5563=PLANE('',#6041);
#5564=PLANE('',#6042);
#5565=PLANE('',#6043);
#5566=PLANE('',#6044);
#5567=PLANE('',#6045);
#5568=PLANE('',#6046);
#5569=PLANE('',#6047);
#5570=PLANE('',#6048);
#5571=PLANE('',#6049);
#5572=PLANE('',#6050);
#5573=PLANE('',#6051);
#5574=PLANE('',#6052);
#5575=PLANE('',#6053);
#5576=PLANE('',#6054);
#5577=PLANE('',#6055);
#5578=PLANE('',#6056);
#5579=PLANE('',#6057);
#5580=PLANE('',#6058);
#5581=PLANE('',#6059);
#5582=PLANE('',#6060);
#5583=PLANE('',#6061);
#5584=PLANE('',#6062);
#5585=PLANE('',#6063);
#5586=PLANE('',#6064);
#5587=PLANE('',#6065);
#5588=PLANE('',#6066);
#5589=PLANE('',#6067);
#5590=PLANE('',#6068);
#5591=PLANE('',#6069);
#5592=PLANE('',#6070);
#5593=PLANE('',#6071);
#5594=PLANE('',#6072);
#5595=PLANE('',#6073);
#5596=PLANE('',#6074);
#5597=PLANE('',#6075);
#5598=PLANE('',#6076);
#5599=ADVANCED_FACE('',(#621),#5489,.T.);
#5600=ADVANCED_FACE('',(#622),#5490,.F.);
#5601=ADVANCED_FACE('',(#623),#5491,.F.);
#5602=ADVANCED_FACE('',(#624),#5492,.T.);
#5603=ADVANCED_FACE('',(#625),#5493,.T.);
#5604=ADVANCED_FACE('',(#626),#5494,.F.);
#5605=ADVANCED_FACE('',(#627),#236,.T.);
#5606=ADVANCED_FACE('',(#628),#237,.T.);
#5607=ADVANCED_FACE('',(#629,#183,#184,#185,#186,#187,#188,#189,#190,#191,
#192,#193,#194,#195,#196,#197,#198,#199,#200,#201,#202,#203,#204,#205,#206,
#207,#208),#5495,.F.);
#5608=ADVANCED_FACE('',(#630),#5496,.T.);
#5609=ADVANCED_FACE('',(#631),#5497,.F.);
#5610=ADVANCED_FACE('',(#632),#5498,.F.);
#5611=ADVANCED_FACE('',(#633),#5499,.T.);
#5612=ADVANCED_FACE('',(#634),#182,.T.);
#5613=ADVANCED_FACE('',(#635),#15,.F.);
#5614=ADVANCED_FACE('',(#636),#16,.F.);
#5615=ADVANCED_FACE('',(#637),#238,.T.);
#5616=ADVANCED_FACE('',(#638),#17,.F.);
#5617=ADVANCED_FACE('',(#639),#239,.T.);
#5618=ADVANCED_FACE('',(#640),#18,.F.);
#5619=ADVANCED_FACE('',(#641),#240,.T.);
#5620=ADVANCED_FACE('',(#642),#19,.F.);
#5621=ADVANCED_FACE('',(#643),#241,.T.);
#5622=ADVANCED_FACE('',(#644),#20,.F.);
#5623=ADVANCED_FACE('',(#645),#242,.T.);
#5624=ADVANCED_FACE('',(#646),#21,.F.);
#5625=ADVANCED_FACE('',(#647),#243,.T.);
#5626=ADVANCED_FACE('',(#648),#22,.F.);
#5627=ADVANCED_FACE('',(#649),#244,.T.);
#5628=ADVANCED_FACE('',(#650),#23,.F.);
#5629=ADVANCED_FACE('',(#651),#245,.T.);
#5630=ADVANCED_FACE('',(#652),#24,.F.);
#5631=ADVANCED_FACE('',(#653),#246,.T.);
#5632=ADVANCED_FACE('',(#654),#5500,.T.);
#5633=ADVANCED_FACE('',(#655),#25,.T.);
#5634=ADVANCED_FACE('',(#656),#5501,.T.);
#5635=ADVANCED_FACE('',(#657),#26,.T.);
#5636=ADVANCED_FACE('',(#658),#5502,.T.);
#5637=ADVANCED_FACE('',(#659),#27,.T.);
#5638=ADVANCED_FACE('',(#660),#5503,.T.);
#5639=ADVANCED_FACE('',(#661),#28,.T.);
#5640=ADVANCED_FACE('',(#662),#29,.T.);
#5641=ADVANCED_FACE('',(#663),#247,.T.);
#5642=ADVANCED_FACE('',(#664),#30,.T.);
#5643=ADVANCED_FACE('',(#665),#5504,.T.);
#5644=ADVANCED_FACE('',(#666),#31,.T.);
#5645=ADVANCED_FACE('',(#667),#5505,.T.);
#5646=ADVANCED_FACE('',(#668),#32,.T.);
#5647=ADVANCED_FACE('',(#669),#5506,.T.);
#5648=ADVANCED_FACE('',(#670),#33,.T.);
#5649=ADVANCED_FACE('',(#671),#5507,.T.);
#5650=ADVANCED_FACE('',(#672),#34,.T.);
#5651=ADVANCED_FACE('',(#673),#5508,.T.);
#5652=ADVANCED_FACE('',(#674),#35,.T.);
#5653=ADVANCED_FACE('',(#675),#5509,.T.);
#5654=ADVANCED_FACE('',(#676),#36,.T.);
#5655=ADVANCED_FACE('',(#677),#5510,.T.);
#5656=ADVANCED_FACE('',(#678),#37,.T.);
#5657=ADVANCED_FACE('',(#679),#5511,.T.);
#5658=ADVANCED_FACE('',(#680),#38,.T.);
#5659=ADVANCED_FACE('',(#681),#39,.T.);
#5660=ADVANCED_FACE('',(#682),#248,.F.);
#5661=ADVANCED_FACE('',(#683),#40,.T.);
#5662=ADVANCED_FACE('',(#684),#5512,.T.);
#5663=ADVANCED_FACE('',(#685),#5513,.T.);
#5664=ADVANCED_FACE('',(#686),#5514,.T.);
#5665=ADVANCED_FACE('',(#687),#5515,.T.);
#5666=ADVANCED_FACE('',(#688),#5516,.T.);
#5667=ADVANCED_FACE('',(#689),#5517,.T.);
#5668=ADVANCED_FACE('',(#690),#41,.T.);
#5669=ADVANCED_FACE('',(#691),#42,.T.);
#5670=ADVANCED_FACE('',(#692),#5518,.T.);
#5671=ADVANCED_FACE('',(#693),#43,.T.);
#5672=ADVANCED_FACE('',(#694),#44,.T.);
#5673=ADVANCED_FACE('',(#695),#5519,.T.);
#5674=ADVANCED_FACE('',(#696),#45,.T.);
#5675=ADVANCED_FACE('',(#697),#46,.T.);
#5676=ADVANCED_FACE('',(#698),#5520,.T.);
#5677=ADVANCED_FACE('',(#699),#47,.T.);
#5678=ADVANCED_FACE('',(#700),#48,.T.);
#5679=ADVANCED_FACE('',(#701),#5521,.T.);
#5680=ADVANCED_FACE('',(#702),#49,.T.);
#5681=ADVANCED_FACE('',(#703),#5522,.T.);
#5682=ADVANCED_FACE('',(#704),#50,.T.);
#5683=ADVANCED_FACE('',(#705),#5523,.T.);
#5684=ADVANCED_FACE('',(#706),#51,.T.);
#5685=ADVANCED_FACE('',(#707),#5524,.T.);
#5686=ADVANCED_FACE('',(#708),#52,.T.);
#5687=ADVANCED_FACE('',(#709),#249,.F.);
#5688=ADVANCED_FACE('',(#710),#5525,.T.);
#5689=ADVANCED_FACE('',(#711),#5526,.T.);
#5690=ADVANCED_FACE('',(#712),#5527,.T.);
#5691=ADVANCED_FACE('',(#713),#5528,.T.);
#5692=ADVANCED_FACE('',(#714),#250,.F.);
#5693=ADVANCED_FACE('',(#715),#251,.F.);
#5694=ADVANCED_FACE('',(#716),#5529,.T.);
#5695=ADVANCED_FACE('',(#717),#53,.T.);
#5696=ADVANCED_FACE('',(#718),#54,.T.);
#5697=ADVANCED_FACE('',(#719),#5530,.T.);
#5698=ADVANCED_FACE('',(#720),#55,.T.);
#5699=ADVANCED_FACE('',(#721),#56,.T.);
#5700=ADVANCED_FACE('',(#722),#5531,.T.);
#5701=ADVANCED_FACE('',(#723),#57,.T.);
#5702=ADVANCED_FACE('',(#724),#58,.T.);
#5703=ADVANCED_FACE('',(#725),#5532,.T.);
#5704=ADVANCED_FACE('',(#726),#59,.T.);
#5705=ADVANCED_FACE('',(#727),#60,.T.);
#5706=ADVANCED_FACE('',(#728),#5533,.T.);
#5707=ADVANCED_FACE('',(#729),#61,.T.);
#5708=ADVANCED_FACE('',(#730),#62,.T.);
#5709=ADVANCED_FACE('',(#731),#5534,.T.);
#5710=ADVANCED_FACE('',(#732),#63,.T.);
#5711=ADVANCED_FACE('',(#733),#64,.T.);
#5712=ADVANCED_FACE('',(#734),#5535,.T.);
#5713=ADVANCED_FACE('',(#735),#65,.T.);
#5714=ADVANCED_FACE('',(#736),#66,.T.);
#5715=ADVANCED_FACE('',(#737),#5536,.T.);
#5716=ADVANCED_FACE('',(#738),#67,.T.);
#5717=ADVANCED_FACE('',(#739),#68,.T.);
#5718=ADVANCED_FACE('',(#740),#5537,.T.);
#5719=ADVANCED_FACE('',(#741),#69,.T.);
#5720=ADVANCED_FACE('',(#742),#5538,.T.);
#5721=ADVANCED_FACE('',(#743),#70,.T.);
#5722=ADVANCED_FACE('',(#744),#5539,.T.);
#5723=ADVANCED_FACE('',(#745),#71,.T.);
#5724=ADVANCED_FACE('',(#746),#5540,.T.);
#5725=ADVANCED_FACE('',(#747),#72,.T.);
#5726=ADVANCED_FACE('',(#748),#5541,.T.);
#5727=ADVANCED_FACE('',(#749),#73,.T.);
#5728=ADVANCED_FACE('',(#750),#74,.T.);
#5729=ADVANCED_FACE('',(#751),#5542,.T.);
#5730=ADVANCED_FACE('',(#752),#75,.T.);
#5731=ADVANCED_FACE('',(#753),#76,.T.);
#5732=ADVANCED_FACE('',(#754),#5543,.T.);
#5733=ADVANCED_FACE('',(#755),#77,.T.);
#5734=ADVANCED_FACE('',(#756),#78,.T.);
#5735=ADVANCED_FACE('',(#757),#5544,.T.);
#5736=ADVANCED_FACE('',(#758),#79,.T.);
#5737=ADVANCED_FACE('',(#759),#80,.T.);
#5738=ADVANCED_FACE('',(#760),#5545,.T.);
#5739=ADVANCED_FACE('',(#761),#81,.T.);
#5740=ADVANCED_FACE('',(#762),#82,.T.);
#5741=ADVANCED_FACE('',(#763),#5546,.T.);
#5742=ADVANCED_FACE('',(#764),#83,.T.);
#5743=ADVANCED_FACE('',(#765),#84,.T.);
#5744=ADVANCED_FACE('',(#766),#5547,.T.);
#5745=ADVANCED_FACE('',(#767),#85,.T.);
#5746=ADVANCED_FACE('',(#768),#86,.T.);
#5747=ADVANCED_FACE('',(#769),#5548,.T.);
#5748=ADVANCED_FACE('',(#770),#87,.T.);
#5749=ADVANCED_FACE('',(#771),#88,.T.);
#5750=ADVANCED_FACE('',(#772),#5549,.T.);
#5751=ADVANCED_FACE('',(#773),#89,.T.);
#5752=ADVANCED_FACE('',(#774),#90,.T.);
#5753=ADVANCED_FACE('',(#775),#5550,.T.);
#5754=ADVANCED_FACE('',(#776),#91,.T.);
#5755=ADVANCED_FACE('',(#777),#92,.T.);
#5756=ADVANCED_FACE('',(#778),#5551,.T.);
#5757=ADVANCED_FACE('',(#779),#93,.T.);
#5758=ADVANCED_FACE('',(#780),#94,.T.);
#5759=ADVANCED_FACE('',(#781),#5552,.T.);
#5760=ADVANCED_FACE('',(#782),#95,.T.);
#5761=ADVANCED_FACE('',(#783),#96,.T.);
#5762=ADVANCED_FACE('',(#784),#5553,.T.);
#5763=ADVANCED_FACE('',(#785),#97,.T.);
#5764=ADVANCED_FACE('',(#786),#98,.T.);
#5765=ADVANCED_FACE('',(#787),#5554,.T.);
#5766=ADVANCED_FACE('',(#788),#99,.T.);
#5767=ADVANCED_FACE('',(#789),#100,.T.);
#5768=ADVANCED_FACE('',(#790),#5555,.T.);
#5769=ADVANCED_FACE('',(#791),#101,.T.);
#5770=ADVANCED_FACE('',(#792),#102,.T.);
#5771=ADVANCED_FACE('',(#793),#5556,.T.);
#5772=ADVANCED_FACE('',(#794),#103,.T.);
#5773=ADVANCED_FACE('',(#795),#104,.T.);
#5774=ADVANCED_FACE('',(#796),#5557,.T.);
#5775=ADVANCED_FACE('',(#797),#105,.T.);
#5776=ADVANCED_FACE('',(#798),#106,.T.);
#5777=ADVANCED_FACE('',(#799),#5558,.T.);
#5778=ADVANCED_FACE('',(#800),#107,.T.);
#5779=ADVANCED_FACE('',(#801),#108,.T.);
#5780=ADVANCED_FACE('',(#802),#5559,.T.);
#5781=ADVANCED_FACE('',(#803),#109,.T.);
#5782=ADVANCED_FACE('',(#804),#110,.T.);
#5783=ADVANCED_FACE('',(#805),#5560,.T.);
#5784=ADVANCED_FACE('',(#806),#111,.T.);
#5785=ADVANCED_FACE('',(#807),#112,.T.);
#5786=ADVANCED_FACE('',(#808),#252,.F.);
#5787=ADVANCED_FACE('',(#809),#253,.F.);
#5788=ADVANCED_FACE('',(#810),#254,.F.);
#5789=ADVANCED_FACE('',(#811),#255,.F.);
#5790=ADVANCED_FACE('',(#812),#5561,.T.);
#5791=ADVANCED_FACE('',(#813),#113,.T.);
#5792=ADVANCED_FACE('',(#814),#114,.T.);
#5793=ADVANCED_FACE('',(#815),#5562,.T.);
#5794=ADVANCED_FACE('',(#816),#115,.T.);
#5795=ADVANCED_FACE('',(#817),#116,.T.);
#5796=ADVANCED_FACE('',(#818),#5563,.T.);
#5797=ADVANCED_FACE('',(#819),#117,.T.);
#5798=ADVANCED_FACE('',(#820),#118,.T.);
#5799=ADVANCED_FACE('',(#821),#5564,.T.);
#5800=ADVANCED_FACE('',(#822),#119,.T.);
#5801=ADVANCED_FACE('',(#823),#120,.T.);
#5802=ADVANCED_FACE('',(#824),#5565,.T.);
#5803=ADVANCED_FACE('',(#825),#121,.T.);
#5804=ADVANCED_FACE('',(#826),#122,.T.);
#5805=ADVANCED_FACE('',(#827),#5566,.T.);
#5806=ADVANCED_FACE('',(#828),#123,.T.);
#5807=ADVANCED_FACE('',(#829),#124,.T.);
#5808=ADVANCED_FACE('',(#830),#5567,.T.);
#5809=ADVANCED_FACE('',(#831),#125,.T.);
#5810=ADVANCED_FACE('',(#832),#126,.T.);
#5811=ADVANCED_FACE('',(#833),#5568,.T.);
#5812=ADVANCED_FACE('',(#834),#127,.T.);
#5813=ADVANCED_FACE('',(#835),#128,.T.);
#5814=ADVANCED_FACE('',(#836),#5569,.T.);
#5815=ADVANCED_FACE('',(#837),#129,.T.);
#5816=ADVANCED_FACE('',(#838),#130,.T.);
#5817=ADVANCED_FACE('',(#839),#5570,.T.);
#5818=ADVANCED_FACE('',(#840),#131,.T.);
#5819=ADVANCED_FACE('',(#841),#132,.T.);
#5820=ADVANCED_FACE('',(#842),#5571,.T.);
#5821=ADVANCED_FACE('',(#843),#133,.T.);
#5822=ADVANCED_FACE('',(#844),#134,.T.);
#5823=ADVANCED_FACE('',(#845),#5572,.T.);
#5824=ADVANCED_FACE('',(#846),#135,.T.);
#5825=ADVANCED_FACE('',(#847),#136,.T.);
#5826=ADVANCED_FACE('',(#848),#5573,.T.);
#5827=ADVANCED_FACE('',(#849),#137,.T.);
#5828=ADVANCED_FACE('',(#850),#138,.T.);
#5829=ADVANCED_FACE('',(#851),#5574,.T.);
#5830=ADVANCED_FACE('',(#852),#139,.T.);
#5831=ADVANCED_FACE('',(#853),#140,.T.);
#5832=ADVANCED_FACE('',(#854),#5575,.T.);
#5833=ADVANCED_FACE('',(#855),#141,.T.);
#5834=ADVANCED_FACE('',(#856),#142,.T.);
#5835=ADVANCED_FACE('',(#857),#5576,.T.);
#5836=ADVANCED_FACE('',(#858),#143,.T.);
#5837=ADVANCED_FACE('',(#859),#144,.T.);
#5838=ADVANCED_FACE('',(#860),#5577,.T.);
#5839=ADVANCED_FACE('',(#861),#145,.T.);
#5840=ADVANCED_FACE('',(#862),#146,.T.);
#5841=ADVANCED_FACE('',(#863),#5578,.T.);
#5842=ADVANCED_FACE('',(#864),#147,.T.);
#5843=ADVANCED_FACE('',(#865),#148,.T.);
#5844=ADVANCED_FACE('',(#866),#5579,.T.);
#5845=ADVANCED_FACE('',(#867),#149,.T.);
#5846=ADVANCED_FACE('',(#868),#150,.T.);
#5847=ADVANCED_FACE('',(#869),#5580,.T.);
#5848=ADVANCED_FACE('',(#870),#151,.T.);
#5849=ADVANCED_FACE('',(#871),#152,.T.);
#5850=ADVANCED_FACE('',(#872),#5581,.T.);
#5851=ADVANCED_FACE('',(#873),#153,.T.);
#5852=ADVANCED_FACE('',(#874),#154,.T.);
#5853=ADVANCED_FACE('',(#875),#5582,.T.);
#5854=ADVANCED_FACE('',(#876),#155,.T.);
#5855=ADVANCED_FACE('',(#877),#156,.T.);
#5856=ADVANCED_FACE('',(#878),#5583,.T.);
#5857=ADVANCED_FACE('',(#879),#157,.T.);
#5858=ADVANCED_FACE('',(#880),#158,.T.);
#5859=ADVANCED_FACE('',(#881),#5584,.T.);
#5860=ADVANCED_FACE('',(#882),#159,.T.);
#5861=ADVANCED_FACE('',(#883),#160,.T.);
#5862=ADVANCED_FACE('',(#884),#5585,.T.);
#5863=ADVANCED_FACE('',(#885),#161,.T.);
#5864=ADVANCED_FACE('',(#886),#162,.T.);
#5865=ADVANCED_FACE('',(#887),#5586,.T.);
#5866=ADVANCED_FACE('',(#888),#163,.T.);
#5867=ADVANCED_FACE('',(#889),#164,.T.);
#5868=ADVANCED_FACE('',(#890),#5587,.T.);
#5869=ADVANCED_FACE('',(#891),#165,.T.);
#5870=ADVANCED_FACE('',(#892),#166,.T.);
#5871=ADVANCED_FACE('',(#893),#5588,.T.);
#5872=ADVANCED_FACE('',(#894),#167,.T.);
#5873=ADVANCED_FACE('',(#895),#168,.T.);
#5874=ADVANCED_FACE('',(#896),#5589,.T.);
#5875=ADVANCED_FACE('',(#897),#169,.T.);
#5876=ADVANCED_FACE('',(#898),#170,.T.);
#5877=ADVANCED_FACE('',(#899),#5590,.T.);
#5878=ADVANCED_FACE('',(#900),#171,.T.);
#5879=ADVANCED_FACE('',(#901),#172,.T.);
#5880=ADVANCED_FACE('',(#902),#5591,.T.);
#5881=ADVANCED_FACE('',(#903),#173,.T.);
#5882=ADVANCED_FACE('',(#904),#174,.T.);
#5883=ADVANCED_FACE('',(#905),#5592,.T.);
#5884=ADVANCED_FACE('',(#906),#175,.T.);
#5885=ADVANCED_FACE('',(#907),#176,.T.);
#5886=ADVANCED_FACE('',(#908),#5593,.T.);
#5887=ADVANCED_FACE('',(#909),#177,.T.);
#5888=ADVANCED_FACE('',(#910),#5594,.T.);
#5889=ADVANCED_FACE('',(#911),#178,.T.);
#5890=ADVANCED_FACE('',(#912),#5595,.T.);
#5891=ADVANCED_FACE('',(#913),#179,.T.);
#5892=ADVANCED_FACE('',(#914),#5596,.T.);
#5893=ADVANCED_FACE('',(#915),#180,.T.);
#5894=ADVANCED_FACE('',(#916),#5597,.T.);
#5895=ADVANCED_FACE('',(#917),#181,.T.);
#5896=ADVANCED_FACE('',(#918,#209,#210,#211,#212,#213,#214,#215,#216,#217,
#218,#219,#220,#221,#222,#223,#224,#225,#226,#227,#228,#229,#230,#231,#232,
#233,#234),#5598,.T.);
#5897=CLOSED_SHELL('',(#5599,#5600,#5601,#5602,#5603,#5604,#5605,#5606,
#5607,#5608,#5609,#5610,#5611,#5612,#5613,#5614,#5615,#5616,#5617,#5618,
#5619,#5620,#5621,#5622,#5623,#5624,#5625,#5626,#5627,#5628,#5629,#5630,
#5631,#5632,#5633,#5634,#5635,#5636,#5637,#5638,#5639,#5640,#5641,#5642,
#5643,#5644,#5645,#5646,#5647,#5648,#5649,#5650,#5651,#5652,#5653,#5654,
#5655,#5656,#5657,#5658,#5659,#5660,#5661,#5662,#5663,#5664,#5665,#5666,
#5667,#5668,#5669,#5670,#5671,#5672,#5673,#5674,#5675,#5676,#5677,#5678,
#5679,#5680,#5681,#5682,#5683,#5684,#5685,#5686,#5687,#5688,#5689,#5690,
#5691,#5692,#5693,#5694,#5695,#5696,#5697,#5698,#5699,#5700,#5701,#5702,
#5703,#5704,#5705,#5706,#5707,#5708,#5709,#5710,#5711,#5712,#5713,#5714,
#5715,#5716,#5717,#5718,#5719,#5720,#5721,#5722,#5723,#5724,#5725,#5726,
#5727,#5728,#5729,#5730,#5731,#5732,#5733,#5734,#5735,#5736,#5737,#5738,
#5739,#5740,#5741,#5742,#5743,#5744,#5745,#5746,#5747,#5748,#5749,#5750,
#5751,#5752,#5753,#5754,#5755,#5756,#5757,#5758,#5759,#5760,#5761,#5762,
#5763,#5764,#5765,#5766,#5767,#5768,#5769,#5770,#5771,#5772,#5773,#5774,
#5775,#5776,#5777,#5778,#5779,#5780,#5781,#5782,#5783,#5784,#5785,#5786,
#5787,#5788,#5789,#5790,#5791,#5792,#5793,#5794,#5795,#5796,#5797,#5798,
#5799,#5800,#5801,#5802,#5803,#5804,#5805,#5806,#5807,#5808,#5809,#5810,
#5811,#5812,#5813,#5814,#5815,#5816,#5817,#5818,#5819,#5820,#5821,#5822,
#5823,#5824,#5825,#5826,#5827,#5828,#5829,#5830,#5831,#5832,#5833,#5834,
#5835,#5836,#5837,#5838,#5839,#5840,#5841,#5842,#5843,#5844,#5845,#5846,
#5847,#5848,#5849,#5850,#5851,#5852,#5853,#5854,#5855,#5856,#5857,#5858,
#5859,#5860,#5861,#5862,#5863,#5864,#5865,#5866,#5867,#5868,#5869,#5870,
#5871,#5872,#5873,#5874,#5875,#5876,#5877,#5878,#5879,#5880,#5881,#5882,
#5883,#5884,#5885,#5886,#5887,#5888,#5889,#5890,#5891,#5892,#5893,#5894,
#5895,#5896));
#5898=DERIVED_UNIT_ELEMENT(#5900,1.);
#5899=DERIVED_UNIT_ELEMENT(#11551,-3.);
#5900=(
MASS_UNIT()
NAMED_UNIT(*)
SI_UNIT(.KILO.,.GRAM.)
);
#5901=DERIVED_UNIT((#5898,#5899));
#5902=MEASURE_REPRESENTATION_ITEM('density measure',
POSITIVE_RATIO_MEASURE(7850.),#5901);
#5903=PROPERTY_DEFINITION_REPRESENTATION(#5908,#5905);
#5904=PROPERTY_DEFINITION_REPRESENTATION(#5909,#5906);
#5905=REPRESENTATION('material name',(#5907),#11548);
#5906=REPRESENTATION('density',(#5902),#11548);
#5907=DESCRIPTIVE_REPRESENTATION_ITEM('Steel','Steel');
#5908=PROPERTY_DEFINITION('material property','material name',#11558);
#5909=PROPERTY_DEFINITION('material property','density of part',#11558);
#5910=AXIS2_PLACEMENT_3D('',#6920,#6077,#6078);
#5911=AXIS2_PLACEMENT_3D('',#6921,#6079,#6080);
#5912=AXIS2_PLACEMENT_3D('',#6930,#6085,#6086);
#5913=AXIS2_PLACEMENT_3D('',#6936,#6090,#6091);
#5914=AXIS2_PLACEMENT_3D('',#6942,#6095,#6096);
#5915=AXIS2_PLACEMENT_3D('',#7053,#6107,#6108);
#5916=AXIS2_PLACEMENT_3D('',#7058,#6111,#6112);
#5917=AXIS2_PLACEMENT_3D('',#7145,#6123,#6124);
#5918=AXIS2_PLACEMENT_3D('',#7159,#6132,#6133);
#5919=AXIS2_PLACEMENT_3D('',#7165,#6137,#6138);
#5920=AXIS2_PLACEMENT_3D('',#7167,#6139,#6140);
#5921=AXIS2_PLACEMENT_3D('',#7169,#6141,#6142);
#5922=AXIS2_PLACEMENT_3D('',#7171,#6144,#6145);
#5923=AXIS2_PLACEMENT_3D('',#7173,#6146,#6147);
#5924=AXIS2_PLACEMENT_3D('',#7176,#6149,#6150);
#5925=AXIS2_PLACEMENT_3D('',#7177,#6151,#6152);
#5926=AXIS2_PLACEMENT_3D('',#7192,#6160,#6161);
#5927=AXIS2_PLACEMENT_3D('',#7380,#6179,#6180);
#5928=AXIS2_PLACEMENT_3D('',#7390,#6185,#6186);
#5929=AXIS2_PLACEMENT_3D('',#7392,#6187,#6188);
#5930=AXIS2_PLACEMENT_3D('',#7758,#6221,#6222);
#5931=AXIS2_PLACEMENT_3D('',#7760,#6223,#6224);
#5932=AXIS2_PLACEMENT_3D('',#7762,#6225,#6226);
#5933=AXIS2_PLACEMENT_3D('',#7764,#6227,#6228);
#5934=AXIS2_PLACEMENT_3D('',#8149,#6261,#6262);
#5935=AXIS2_PLACEMENT_3D('',#8160,#6269,#6270);
#5936=AXIS2_PLACEMENT_3D('',#8164,#6273,#6274);
#5937=AXIS2_PLACEMENT_3D('',#8168,#6277,#6278);
#5938=AXIS2_PLACEMENT_3D('',#8172,#6281,#6282);
#5939=AXIS2_PLACEMENT_3D('',#8174,#6283,#6284);
#5940=AXIS2_PLACEMENT_3D('',#8175,#6285,#6286);
#5941=AXIS2_PLACEMENT_3D('',#8232,#6287,#6288);
#5942=AXIS2_PLACEMENT_3D('',#8324,#6289,#6290);
#5943=AXIS2_PLACEMENT_3D('',#8428,#6292,#6293);
#5944=AXIS2_PLACEMENT_3D('',#8429,#6294,#6295);
#5945=AXIS2_PLACEMENT_3D('',#8431,#6296,#6297);
#5946=AXIS2_PLACEMENT_3D('',#8489,#6299,#6300);
#5947=AXIS2_PLACEMENT_3D('',#8593,#6302,#6303);
#5948=AXIS2_PLACEMENT_3D('',#8594,#6304,#6305);
#5949=AXIS2_PLACEMENT_3D('',#8596,#6306,#6307);
#5950=AXIS2_PLACEMENT_3D('',#8629,#6309,#6310);
#5951=AXIS2_PLACEMENT_3D('',#8630,#6311,#6312);
#5952=AXIS2_PLACEMENT_3D('',#8632,#6313,#6314);
#5953=AXIS2_PLACEMENT_3D('',#8665,#6316,#6317);
#5954=AXIS2_PLACEMENT_3D('',#8666,#6318,#6319);
#5955=AXIS2_PLACEMENT_3D('',#8668,#6320,#6321);
#5956=AXIS2_PLACEMENT_3D('',#8714,#6323,#6324);
#5957=AXIS2_PLACEMENT_3D('',#8812,#6326,#6327);
#5958=AXIS2_PLACEMENT_3D('',#8813,#6328,#6329);
#5959=AXIS2_PLACEMENT_3D('',#8815,#6330,#6331);
#5960=AXIS2_PLACEMENT_3D('',#8873,#6333,#6334);
#5961=AXIS2_PLACEMENT_3D('',#8875,#6336,#6337);
#5962=AXIS2_PLACEMENT_3D('',#8887,#6341,#6342);
#5963=AXIS2_PLACEMENT_3D('',#8904,#6345,#6346);
#5964=AXIS2_PLACEMENT_3D('',#8939,#6349,#6350);
#5965=AXIS2_PLACEMENT_3D('',#8961,#6355,#6356);
#5966=AXIS2_PLACEMENT_3D('',#8978,#6359,#6360);
#5967=AXIS2_PLACEMENT_3D('',#8996,#6364,#6365);
#5968=AXIS2_PLACEMENT_3D('',#9014,#6369,#6370);
#5969=AXIS2_PLACEMENT_3D('',#9041,#6374,#6375);
#5970=AXIS2_PLACEMENT_3D('',#9068,#6379,#6380);
#5971=AXIS2_PLACEMENT_3D('',#9094,#6384,#6385);
#5972=AXIS2_PLACEMENT_3D('',#9112,#6389,#6390);
#5973=AXIS2_PLACEMENT_3D('',#9139,#6394,#6395);
#5974=AXIS2_PLACEMENT_3D('',#9173,#6400,#6401);
#5975=AXIS2_PLACEMENT_3D('',#9174,#6402,#6403);
#5976=AXIS2_PLACEMENT_3D('',#9189,#6405,#6406);
#5977=AXIS2_PLACEMENT_3D('',#9191,#6408,#6409);
#5978=AXIS2_PLACEMENT_3D('',#9197,#6413,#6414);
#5979=AXIS2_PLACEMENT_3D('',#9201,#6417,#6418);
#5980=AXIS2_PLACEMENT_3D('',#9203,#6420,#6421);
#5981=AXIS2_PLACEMENT_3D('',#9205,#6423,#6424);
#5982=AXIS2_PLACEMENT_3D('',#9239,#6430,#6431);
#5983=AXIS2_PLACEMENT_3D('',#9271,#6436,#6437);
#5984=AXIS2_PLACEMENT_3D('',#9303,#6442,#6443);
#5985=AXIS2_PLACEMENT_3D('',#9333,#6447,#6448);
#5986=AXIS2_PLACEMENT_3D('',#9353,#6453,#6454);
#5987=AXIS2_PLACEMENT_3D('',#9371,#6458,#6459);
#5988=AXIS2_PLACEMENT_3D('',#9389,#6463,#6464);
#5989=AXIS2_PLACEMENT_3D('',#9405,#6467,#6468);
#5990=AXIS2_PLACEMENT_3D('',#9407,#6469,#6470);
#5991=AXIS2_PLACEMENT_3D('',#9409,#6472,#6473);
#5992=AXIS2_PLACEMENT_3D('',#9415,#6477,#6478);
#5993=AXIS2_PLACEMENT_3D('',#9419,#6481,#6482);
#5994=AXIS2_PLACEMENT_3D('',#9423,#6485,#6486);
#5995=AXIS2_PLACEMENT_3D('',#9425,#6488,#6489);
#5996=AXIS2_PLACEMENT_3D('',#9427,#6490,#6491);
#5997=AXIS2_PLACEMENT_3D('',#9429,#6493,#6494);
#5998=AXIS2_PLACEMENT_3D('',#9431,#6495,#6496);
#5999=AXIS2_PLACEMENT_3D('',#9433,#6498,#6499);
#6000=AXIS2_PLACEMENT_3D('',#9467,#6505,#6506);
#6001=AXIS2_PLACEMENT_3D('',#9499,#6511,#6512);
#6002=AXIS2_PLACEMENT_3D('',#9531,#6517,#6518);
#6003=AXIS2_PLACEMENT_3D('',#9561,#6522,#6523);
#6004=AXIS2_PLACEMENT_3D('',#9595,#6529,#6530);
#6005=AXIS2_PLACEMENT_3D('',#9627,#6535,#6536);
#6006=AXIS2_PLACEMENT_3D('',#9659,#6541,#6542);
#6007=AXIS2_PLACEMENT_3D('',#9689,#6546,#6547);
#6008=AXIS2_PLACEMENT_3D('',#9709,#6552,#6553);
#6009=AXIS2_PLACEMENT_3D('',#9727,#6557,#6558);
#6010=AXIS2_PLACEMENT_3D('',#9745,#6562,#6563);
#6011=AXIS2_PLACEMENT_3D('',#9761,#6566,#6567);
#6012=AXIS2_PLACEMENT_3D('',#9795,#6573,#6574);
#6013=AXIS2_PLACEMENT_3D('',#9827,#6579,#6580);
#6014=AXIS2_PLACEMENT_3D('',#9859,#6585,#6586);
#6015=AXIS2_PLACEMENT_3D('',#9889,#6590,#6591);
#6016=AXIS2_PLACEMENT_3D('',#9923,#6597,#6598);
#6017=AXIS2_PLACEMENT_3D('',#9955,#6603,#6604);
#6018=AXIS2_PLACEMENT_3D('',#9987,#6609,#6610);
#6019=AXIS2_PLACEMENT_3D('',#10017,#6614,#6615);
#6020=AXIS2_PLACEMENT_3D('',#10051,#6621,#6622);
#6021=AXIS2_PLACEMENT_3D('',#10083,#6627,#6628);
#6022=AXIS2_PLACEMENT_3D('',#10115,#6633,#6634);
#6023=AXIS2_PLACEMENT_3D('',#10145,#6638,#6639);
#6024=AXIS2_PLACEMENT_3D('',#10179,#6645,#6646);
#6025=AXIS2_PLACEMENT_3D('',#10211,#6651,#6652);
#6026=AXIS2_PLACEMENT_3D('',#10243,#6657,#6658);
#6027=AXIS2_PLACEMENT_3D('',#10273,#6662,#6663);
#6028=AXIS2_PLACEMENT_3D('',#10307,#6669,#6670);
#6029=AXIS2_PLACEMENT_3D('',#10339,#6675,#6676);
#6030=AXIS2_PLACEMENT_3D('',#10371,#6681,#6682);
#6031=AXIS2_PLACEMENT_3D('',#10401,#6686,#6687);
#6032=AXIS2_PLACEMENT_3D('',#10403,#6688,#6689);
#6033=AXIS2_PLACEMENT_3D('',#10405,#6691,#6692);
#6034=AXIS2_PLACEMENT_3D('',#10407,#6693,#6694);
#6035=AXIS2_PLACEMENT_3D('',#10409,#6696,#6697);
#6036=AXIS2_PLACEMENT_3D('',#10411,#6698,#6699);
#6037=AXIS2_PLACEMENT_3D('',#10413,#6701,#6702);
#6038=AXIS2_PLACEMENT_3D('',#10415,#6703,#6704);
#6039=AXIS2_PLACEMENT_3D('',#10417,#6706,#6707);
#6040=AXIS2_PLACEMENT_3D('',#10451,#6713,#6714);
#6041=AXIS2_PLACEMENT_3D('',#10483,#6719,#6720);
#6042=AXIS2_PLACEMENT_3D('',#10515,#6725,#6726);
#6043=AXIS2_PLACEMENT_3D('',#10545,#6730,#6731);
#6044=AXIS2_PLACEMENT_3D('',#10579,#6737,#6738);
#6045=AXIS2_PLACEMENT_3D('',#10611,#6743,#6744);
#6046=AXIS2_PLACEMENT_3D('',#10643,#6749,#6750);
#6047=AXIS2_PLACEMENT_3D('',#10673,#6754,#6755);
#6048=AXIS2_PLACEMENT_3D('',#10707,#6761,#6762);
#6049=AXIS2_PLACEMENT_3D('',#10739,#6767,#6768);
#6050=AXIS2_PLACEMENT_3D('',#10771,#6773,#6774);
#6051=AXIS2_PLACEMENT_3D('',#10801,#6778,#6779);
#6052=AXIS2_PLACEMENT_3D('',#10835,#6785,#6786);
#6053=AXIS2_PLACEMENT_3D('',#10867,#6791,#6792);
#6054=AXIS2_PLACEMENT_3D('',#10899,#6797,#6798);
#6055=AXIS2_PLACEMENT_3D('',#10929,#6802,#6803);
#6056=AXIS2_PLACEMENT_3D('',#10963,#6809,#6810);
#6057=AXIS2_PLACEMENT_3D('',#10995,#6815,#6816);
#6058=AXIS2_PLACEMENT_3D('',#11027,#6821,#6822);
#6059=AXIS2_PLACEMENT_3D('',#11057,#6826,#6827);
#6060=AXIS2_PLACEMENT_3D('',#11091,#6833,#6834);
#6061=AXIS2_PLACEMENT_3D('',#11123,#6839,#6840);
#6062=AXIS2_PLACEMENT_3D('',#11155,#6845,#6846);
#6063=AXIS2_PLACEMENT_3D('',#11185,#6850,#6851);
#6064=AXIS2_PLACEMENT_3D('',#11219,#6857,#6858);
#6065=AXIS2_PLACEMENT_3D('',#11251,#6863,#6864);
#6066=AXIS2_PLACEMENT_3D('',#11283,#6869,#6870);
#6067=AXIS2_PLACEMENT_3D('',#11313,#6874,#6875);
#6068=AXIS2_PLACEMENT_3D('',#11347,#6881,#6882);
#6069=AXIS2_PLACEMENT_3D('',#11379,#6887,#6888);
#6070=AXIS2_PLACEMENT_3D('',#11411,#6893,#6894);
#6071=AXIS2_PLACEMENT_3D('',#11441,#6898,#6899);
#6072=AXIS2_PLACEMENT_3D('',#11467,#6904,#6905);
#6073=AXIS2_PLACEMENT_3D('',#11483,#6907,#6908);
#6074=AXIS2_PLACEMENT_3D('',#11494,#6911,#6912);
#6075=AXIS2_PLACEMENT_3D('',#11517,#6915,#6916);
#6076=AXIS2_PLACEMENT_3D('',#11545,#6918,#6919);
#6077=DIRECTION('axis',(0.,0.,1.));
#6078=DIRECTION('refdir',(1.,0.,0.));
#6079=DIRECTION('center_axis',(1.,0.,0.));
#6080=DIRECTION('ref_axis',(0.,0.,-1.));
#6081=DIRECTION('',(0.,0.,-1.));
#6082=DIRECTION('',(0.,-1.,0.));
#6083=DIRECTION('',(0.,0.,1.));
#6084=DIRECTION('',(0.,-1.,0.));
#6085=DIRECTION('center_axis',(0.,0.,-1.));
#6086=DIRECTION('ref_axis',(1.,0.,0.));
#6087=DIRECTION('',(-1.,0.,0.));
#6088=DIRECTION('',(0.,-1.,0.));
#6089=DIRECTION('',(1.,0.,0.));
#6090=DIRECTION('center_axis',(1.,0.,0.));
#6091=DIRECTION('ref_axis',(0.,0.,1.));
#6092=DIRECTION('',(0.,0.,-1.));
#6093=DIRECTION('',(0.,-1.,0.));
#6094=DIRECTION('',(0.,0.,1.));
#6095=DIRECTION('center_axis',(0.,0.,1.));
#6096=DIRECTION('ref_axis',(1.,0.,0.));
#6097=DIRECTION('',(-1.,0.,0.));
#6098=DIRECTION('',(-0.857484370207876,0.51451001433325,0.));
#6099=DIRECTION('',(-1.,-1.07085918996349E-11,0.));
#6100=DIRECTION('',(-0.90867568250988,-0.417502699410678,0.));
#6101=DIRECTION('',(-0.815181218211535,-0.579205992264546,0.));
#6102=DIRECTION('',(-5.935206699704E-12,-1.,0.));
#6103=DIRECTION('',(0.981847028386173,-0.189674491825448,0.));
#6104=DIRECTION('',(0.846636064938053,0.53217231565181,0.));
#6105=DIRECTION('',(0.424437054708415,0.905457446040644,0.));
#6106=DIRECTION('',(3.99726394329651E-15,1.,0.));
#6107=DIRECTION('center_axis',(0.,0.,1.));
#6108=DIRECTION('ref_axis',(0.0356288246662116,0.999365091872287,0.));
#6109=DIRECTION('',(-1.,0.,0.));
#6110=DIRECTION('',(1.,0.,0.));
#6111=DIRECTION('center_axis',(0.,0.,-1.));
#6112=DIRECTION('ref_axis',(0.0356288246662111,0.999365091872287,0.));
#6113=DIRECTION('',(-3.99728438144687E-15,-1.,0.));
#6114=DIRECTION('',(-0.424437054632,-0.905457446076464,0.));
#6115=DIRECTION('',(-0.846636064875772,-0.532172315750893,0.));
#6116=DIRECTION('',(-0.981847028388,0.189674491815989,0.));
#6117=DIRECTION('',(2.12018677564306E-12,1.,0.));
#6118=DIRECTION('',(0.81518121817152,0.579205992320864,0.));
#6119=DIRECTION('',(0.90867568250988,0.417502699410679,0.));
#6120=DIRECTION('',(1.,-8.05230017240412E-12,0.));
#6121=DIRECTION('',(0.857484370207874,-0.514510014333255,0.));
#6122=DIRECTION('',(1.,0.,0.));
#6123=DIRECTION('center_axis',(0.,1.,0.));
#6124=DIRECTION('ref_axis',(-1.,0.,0.));
#6125=DIRECTION('',(0.,0.,1.));
#6126=DIRECTION('',(1.,0.,0.));
#6127=DIRECTION('',(0.,0.,1.));
#6128=DIRECTION('',(-1.,0.,0.));
#6129=DIRECTION('',(0.,0.,-1.));
#6130=DIRECTION('',(1.,0.,0.));
#6131=DIRECTION('',(0.,0.,1.));
#6132=DIRECTION('center_axis',(0.,0.,1.));
#6133=DIRECTION('ref_axis',(1.,0.,0.));
#6134=DIRECTION('',(1.,0.,0.));
#6135=DIRECTION('',(0.,-1.,0.));
#6136=DIRECTION('',(0.,1.,0.));
#6137=DIRECTION('center_axis',(1.,0.,0.));
#6138=DIRECTION('ref_axis',(0.,0.707106781186544,-0.707106781186551));
#6139=DIRECTION('center_axis',(1.,0.,0.));
#6140=DIRECTION('ref_axis',(0.,0.707106781186544,-0.707106781186551));
#6141=DIRECTION('center_axis',(-1.,0.,0.));
#6142=DIRECTION('ref_axis',(0.,1.,0.));
#6143=DIRECTION('',(-1.,0.,0.));
#6144=DIRECTION('center_axis',(1.,0.,0.));
#6145=DIRECTION('ref_axis',(0.,0.707106781186544,-0.707106781186551));
#6146=DIRECTION('center_axis',(-1.,0.,0.));
#6147=DIRECTION('ref_axis',(0.,0.707106781186544,-0.707106781186551));
#6148=DIRECTION('',(-1.,0.,0.));
#6149=DIRECTION('center_axis',(0.963712708800684,-0.266941594540918,0.));
#6150=DIRECTION('ref_axis',(-0.266941594540918,-0.963712708800684,0.));
#6151=DIRECTION('center_axis',(0.,0.,1.));
#6152=DIRECTION('ref_axis',(1.,0.,0.));
#6153=DIRECTION('',(0.,-1.,0.));
#6154=DIRECTION('',(1.,0.,0.));
#6155=DIRECTION('',(4.70185691174473E-16,1.,0.));
#6156=DIRECTION('',(-1.,0.,0.));
#6157=DIRECTION('',(0.,-1.,0.));
#6158=DIRECTION('',(1.,0.,0.));
#6159=DIRECTION('',(0.,1.,0.));
#6160=DIRECTION('center_axis',(0.,0.,1.));
#6161=DIRECTION('ref_axis',(0.0178172406353129,0.999841260368937,0.));
#6162=DIRECTION('',(3.99726394329651E-15,1.,0.));
#6163=DIRECTION('',(0.424437054708415,0.905457446040644,0.));
#6164=DIRECTION('',(0.846636064938053,0.53217231565181,0.));
#6165=DIRECTION('',(0.981847028386173,-0.189674491825448,0.));
#6166=DIRECTION('',(-5.935206699704E-12,-1.,0.));
#6167=DIRECTION('',(-0.815181218211535,-0.579205992264546,0.));
#6168=DIRECTION('',(-0.90867568250988,-0.417502699410678,0.));
#6169=DIRECTION('',(-1.,-1.07085918996349E-11,0.));
#6170=DIRECTION('',(-0.857484370207876,0.51451001433325,0.));
#6171=DIRECTION('',(1.,0.,0.));
#6172=DIRECTION('',(0.,1.,0.));
#6173=DIRECTION('',(-1.,0.,0.));
#6174=DIRECTION('',(0.,-1.,0.));
#6175=DIRECTION('',(0.173642494272985,0.984808755130993,0.));
#6176=DIRECTION('',(-0.984808755130993,0.173642494272984,0.));
#6177=DIRECTION('',(-0.173642494272983,-0.984808755130993,0.));
#6178=DIRECTION('',(0.984808755130993,-0.173642494272985,0.));
#6179=DIRECTION('center_axis',(0.,0.,-1.));
#6180=DIRECTION('ref_axis',(1.,0.,0.));
#6181=DIRECTION('',(-0.981847028388734,0.189674491812191,0.));
#6182=DIRECTION('',(0.,-1.,0.));
#6183=DIRECTION('',(1.,0.,0.));
#6184=DIRECTION('',(0.,1.,0.));
#6185=DIRECTION('center_axis',(0.,0.,-1.));
#6186=DIRECTION('ref_axis',(1.,0.,0.));
#6187=DIRECTION('center_axis',(0.,0.,-1.));
#6188=DIRECTION('ref_axis',(1.,0.,0.));
#6189=DIRECTION('',(1.,0.,0.));
#6190=DIRECTION('',(0.,1.,0.));
#6191=DIRECTION('',(-1.,0.,0.));
#6192=DIRECTION('',(0.,-1.,0.));
#6193=DIRECTION('',(1.,0.,0.));
#6194=DIRECTION('',(0.,1.,0.));
#6195=DIRECTION('',(-1.,0.,0.));
#6196=DIRECTION('',(0.,-1.,0.));
#6197=DIRECTION('',(0.342021267508968,0.939692211615888,0.));
#6198=DIRECTION('',(-0.939692211615888,0.342021267508968,0.));
#6199=DIRECTION('',(-0.342021267508968,-0.939692211615888,0.));
#6200=DIRECTION('',(0.939692211615888,-0.342021267508968,0.));
#6201=DIRECTION('',(1.,0.,0.));
#6202=DIRECTION('',(0.,1.,0.));
#6203=DIRECTION('',(-1.,0.,0.));
#6204=DIRECTION('',(0.,-1.,0.));
#6205=DIRECTION('',(1.,0.,0.));
#6206=DIRECTION('',(0.,1.,0.));
#6207=DIRECTION('',(-1.,0.,0.));
#6208=DIRECTION('',(0.,-1.,0.));
#6209=DIRECTION('',(1.,0.,0.));
#6210=DIRECTION('',(0.,1.,0.));
#6211=DIRECTION('',(-1.,0.,0.));
#6212=DIRECTION('',(0.,-1.,0.));
#6213=DIRECTION('',(0.906310440103537,-0.422612572173774,0.));
#6214=DIRECTION('',(0.422612572173774,0.906310440103537,0.));
#6215=DIRECTION('',(-0.906310440103537,0.422612572173774,0.));
#6216=DIRECTION('',(-0.422612572173775,-0.906310440103536,0.));
#6217=DIRECTION('',(1.,0.,0.));
#6218=DIRECTION('',(0.,1.,0.));
#6219=DIRECTION('',(-1.,0.,0.));
#6220=DIRECTION('',(0.,-1.,0.));
#6221=DIRECTION('center_axis',(0.,0.,-1.));
#6222=DIRECTION('ref_axis',(1.,0.,0.));
#6223=DIRECTION('center_axis',(0.,0.,-1.));
#6224=DIRECTION('ref_axis',(1.,0.,0.));
#6225=DIRECTION('center_axis',(0.,0.,-1.));
#6226=DIRECTION('ref_axis',(1.,0.,0.));
#6227=DIRECTION('center_axis',(0.,0.,-1.));
#6228=DIRECTION('ref_axis',(1.,0.,0.));
#6229=DIRECTION('',(1.,0.,0.));
#6230=DIRECTION('',(0.,1.,0.));
#6231=DIRECTION('',(-1.,0.,0.));
#6232=DIRECTION('',(0.,-1.,0.));
#6233=DIRECTION('',(1.,0.,0.));
#6234=DIRECTION('',(0.,1.,0.));
#6235=DIRECTION('',(-1.,0.,0.));
#6236=DIRECTION('',(0.,-1.,0.));
#6237=DIRECTION('',(1.,0.,0.));
#6238=DIRECTION('',(0.,1.,0.));
#6239=DIRECTION('',(-1.,0.,0.));
#6240=DIRECTION('',(0.,-1.,0.));
#6241=DIRECTION('',(1.,0.,0.));
#6242=DIRECTION('',(0.,1.,0.));
#6243=DIRECTION('',(-1.,0.,0.));
#6244=DIRECTION('',(0.,-1.,0.));
#6245=DIRECTION('',(1.,0.,0.));
#6246=DIRECTION('',(0.,1.,0.));
#6247=DIRECTION('',(-1.,0.,0.));
#6248=DIRECTION('',(0.,-1.,0.));
#6249=DIRECTION('',(1.,0.,0.));
#6250=DIRECTION('',(0.,1.,0.));
#6251=DIRECTION('',(-1.,0.,0.));
#6252=DIRECTION('',(0.,-1.,0.));
#6253=DIRECTION('',(1.,0.,0.));
#6254=DIRECTION('',(0.,1.,0.));
#6255=DIRECTION('',(-1.,0.,0.));
#6256=DIRECTION('',(0.,-1.,0.));
#6257=DIRECTION('',(1.,0.,0.));
#6258=DIRECTION('',(0.,1.,0.));
#6259=DIRECTION('',(-1.,0.,0.));
#6260=DIRECTION('',(0.,-1.,0.));
#6261=DIRECTION('center_axis',(0.,-1.,0.));
#6262=DIRECTION('ref_axis',(1.,0.,0.));
#6263=DIRECTION('',(0.,0.,1.));
#6264=DIRECTION('',(-1.,0.,0.));
#6265=DIRECTION('',(0.,0.,1.));
#6266=DIRECTION('',(0.,0.,-1.));
#6267=DIRECTION('',(-1.,0.,0.));
#6268=DIRECTION('',(0.,0.,1.));
#6269=DIRECTION('center_axis',(-1.,0.,0.));
#6270=DIRECTION('ref_axis',(0.,0.,1.));
#6271=DIRECTION('',(0.,1.,0.));
#6272=DIRECTION('',(0.,0.,1.));
#6273=DIRECTION('center_axis',(1.,0.,0.));
#6274=DIRECTION('ref_axis',(0.,0.,-1.));
#6275=DIRECTION('',(0.,-1.,0.));
#6276=DIRECTION('',(0.,0.,-1.));
#6277=DIRECTION('center_axis',(0.,-1.,0.));
#6278=DIRECTION('ref_axis',(1.,0.,0.));
#6279=DIRECTION('',(1.,0.,0.));
#6280=DIRECTION('',(0.,0.,1.));
#6281=DIRECTION('center_axis',(0.,0.,1.));
#6282=DIRECTION('ref_axis',(1.,0.,0.));
#6283=DIRECTION('center_axis',(-0.999365091872287,0.0356288246662242,0.));
#6284=DIRECTION('ref_axis',(0.0356288246662242,0.999365091872286,0.));
#6285=DIRECTION('center_axis',(0.,0.,-1.));
#6286=DIRECTION('ref_axis',(0.0178172406353129,0.999841260368936,0.));
#6287=DIRECTION('center_axis',(-0.681379561033129,0.731930252009234,0.));
#6288=DIRECTION('ref_axis',(0.731930252009234,0.681379561033129,0.));
#6289=DIRECTION('center_axis',(-3.99726394329651E-15,-1.,0.));
#6290=DIRECTION('ref_axis',(0.707106781186544,0.,-0.707106781186551));
#6291=DIRECTION('',(-3.99726394329651E-15,-1.,0.));
#6292=DIRECTION('center_axis',(0.424472577549296,0.905440793706942,0.));
#6293=DIRECTION('ref_axis',(0.905440793706942,-0.424472577549296,0.));
#6294=DIRECTION('center_axis',(-0.424437054708415,-0.905457446040644,0.));
#6295=DIRECTION('ref_axis',(0.640255100171193,-0.300122319571157,-0.70710678118655));
#6296=DIRECTION('center_axis',(0.424437054708414,0.905457446040645,0.));
#6297=DIRECTION('ref_axis',(0.905457446040645,-0.424437054708414,0.));
#6298=DIRECTION('',(-0.424437054708415,-0.905457446040644,0.));
#6299=DIRECTION('center_axis',(-0.846636064938053,-0.53217231565181,0.));
#6300=DIRECTION('ref_axis',(0.376302653157136,-0.598662102714798,-0.707106781186545));
#6301=DIRECTION('',(-0.846636064938053,-0.53217231565181,0.));
#6302=DIRECTION('center_axis',(0.981846586833498,-0.18967677750165,0.));
#6303=DIRECTION('ref_axis',(-0.18967677750165,-0.981846586833498,0.));
#6304=DIRECTION('center_axis',(-0.981847028386173,0.189674491825448,0.));
#6305=DIRECTION('ref_axis',(-0.134120119387887,-0.694270691859717,-0.707106781186554));
#6306=DIRECTION('center_axis',(0.981847028386173,-0.189674491825448,0.));
#6307=DIRECTION('ref_axis',(-0.189674491825448,-0.981847028386173,0.));
#6308=DIRECTION('',(-0.981847028386173,0.189674491825448,0.));
#6309=DIRECTION('center_axis',(-1.7257099820246E-5,-0.999999999851096,0.));
#6310=DIRECTION('ref_axis',(-0.999999999851096,1.7257099820246E-5,0.));
#6311=DIRECTION('center_axis',(5.935206699704E-12,1.,0.));
#6312=DIRECTION('ref_axis',(-0.707106781186547,4.20366087604936E-12,-0.707106781186548));
#6313=DIRECTION('center_axis',(-5.93303184359684E-12,-1.,0.));
#6314=DIRECTION('ref_axis',(-1.,5.93303184359684E-12,0.));
#6315=DIRECTION('',(5.935206699704E-12,1.,0.));
#6316=DIRECTION('center_axis',(-0.815184661265419,-0.579201146440151,-2.41343141402167E-15));
#6317=DIRECTION('ref_axis',(-0.579201146440151,0.815184661265418,0.));
#6318=DIRECTION('center_axis',(0.815181218211535,0.579205992264546,0.));
#6319=DIRECTION('ref_axis',(-0.409560484834148,0.576420167293282,-0.707106781186549));
#6320=DIRECTION('center_axis',(-0.815181218211538,-0.579205992264542,0.));
#6321=DIRECTION('ref_axis',(-0.579205992264542,0.815181218211538,0.));
#6322=DIRECTION('',(0.815181218211535,0.579205992264546,0.));
#6323=DIRECTION('center_axis',(0.90867568250988,0.417502699410678,0.));
#6324=DIRECTION('ref_axis',(-0.295218989916977,0.642530737002059,-0.707106781186542));
#6325=DIRECTION('',(0.90867568250988,0.417502699410678,0.));
#6326=DIRECTION('center_axis',(-0.999999999353368,3.59619886995195E-5,0.));
#6327=DIRECTION('ref_axis',(3.59619886995195E-5,0.999999999353368,0.));
#6328=DIRECTION('center_axis',(1.,1.07085918996349E-11,0.));
#6329=DIRECTION('ref_axis',(-7.57831293391372E-12,0.707106781186544,-0.707106781186551));
#6330=DIRECTION('center_axis',(-1.,-1.07114317400787E-11,0.));
#6331=DIRECTION('ref_axis',(-1.07114317400787E-11,1.,0.));
#6332=DIRECTION('',(1.,1.07085918996349E-11,0.));
#6333=DIRECTION('center_axis',(0.857484370207876,-0.514510014333251,0.));
#6334=DIRECTION('ref_axis',(0.363813520123438,0.606333012935453,-0.707106781186553));
#6335=DIRECTION('',(0.857484370207876,-0.51451001433325,0.));
#6336=DIRECTION('center_axis',(-0.189674491825448,-0.981847028386173,0.));
#6337=DIRECTION('ref_axis',(0.981847028386173,-0.189674491825448,0.));
#6338=DIRECTION('',(0.,0.,1.));
#6339=DIRECTION('',(0.,0.,1.));
#6340=DIRECTION('',(0.,0.,1.));
#6341=DIRECTION('center_axis',(0.53217231565181,-0.846636064938053,0.));
#6342=DIRECTION('ref_axis',(0.846636064938053,0.53217231565181,0.));
#6343=DIRECTION('',(0.,0.,1.));
#6344=DIRECTION('',(0.,0.,1.));
#6345=DIRECTION('center_axis',(0.905457446040644,-0.424437054708415,0.));
#6346=DIRECTION('ref_axis',(0.424437054708415,0.905457446040644,0.));
#6347=DIRECTION('',(0.,0.,1.));
#6348=DIRECTION('',(0.,0.,1.));
#6349=DIRECTION('center_axis',(1.,-3.99726394329651E-15,0.));
#6350=DIRECTION('ref_axis',(3.99726394329651E-15,1.,0.));
#6351=DIRECTION('',(0.,0.,1.));
#6352=DIRECTION('',(0.,0.,1.));
#6353=DIRECTION('',(0.,0.,1.));
#6354=DIRECTION('',(0.,0.,1.));
#6355=DIRECTION('center_axis',(0.,0.,1.));
#6356=DIRECTION('ref_axis',(0.0356288246662116,0.999365091872287,0.));
#6357=DIRECTION('',(0.,0.,1.));
#6358=DIRECTION('',(0.,0.,1.));
#6359=DIRECTION('center_axis',(0.189674491815989,0.981847028388,0.));
#6360=DIRECTION('ref_axis',(-0.981847028388,0.189674491815989,0.));
#6361=DIRECTION('',(0.981847028388,-0.189674491815989,0.));
#6362=DIRECTION('',(0.,0.,1.));
#6363=DIRECTION('',(0.,0.,1.));
#6364=DIRECTION('center_axis',(1.,-2.12018677564306E-12,0.));
#6365=DIRECTION('ref_axis',(2.12018677564306E-12,1.,0.));
#6366=DIRECTION('',(-2.12018677564306E-12,-1.,0.));
#6367=DIRECTION('',(0.,0.,1.));
#6368=DIRECTION('',(0.,0.,1.));
#6369=DIRECTION('center_axis',(0.579205992320865,-0.81518121817152,0.));
#6370=DIRECTION('ref_axis',(0.81518121817152,0.579205992320864,0.));
#6371=DIRECTION('',(-0.81518121817152,-0.579205992320864,0.));
#6372=DIRECTION('',(0.,0.,1.));
#6373=DIRECTION('',(0.,0.,1.));
#6374=DIRECTION('center_axis',(0.417502699410679,-0.90867568250988,0.));
#6375=DIRECTION('ref_axis',(0.90867568250988,0.417502699410679,0.));
#6376=DIRECTION('',(-0.90867568250988,-0.417502699410679,0.));
#6377=DIRECTION('',(0.,0.,1.));
#6378=DIRECTION('',(0.,0.,1.));
#6379=DIRECTION('center_axis',(-8.05230017240412E-12,-1.,0.));
#6380=DIRECTION('ref_axis',(1.,-8.05230017240412E-12,0.));
#6381=DIRECTION('',(-1.,8.05230017240412E-12,0.));
#6382=DIRECTION('',(0.,0.,1.));
#6383=DIRECTION('',(0.,0.,1.));
#6384=DIRECTION('center_axis',(-0.532172315750893,0.846636064875772,0.));
#6385=DIRECTION('ref_axis',(-0.846636064875772,-0.532172315750893,0.));
#6386=DIRECTION('',(0.846636064875772,0.532172315750893,0.));
#6387=DIRECTION('',(0.,0.,1.));
#6388=DIRECTION('',(0.,0.,1.));
#6389=DIRECTION('center_axis',(-0.905457446076464,0.424437054632,0.));
#6390=DIRECTION('ref_axis',(-0.424437054632,-0.905457446076464,0.));
#6391=DIRECTION('',(0.424437054632,0.905457446076464,0.));
#6392=DIRECTION('',(0.,0.,1.));
#6393=DIRECTION('',(0.,0.,1.));
#6394=DIRECTION('center_axis',(-1.,3.99728438144687E-15,0.));
#6395=DIRECTION('ref_axis',(-3.99728438144687E-15,-1.,0.));
#6396=DIRECTION('',(3.99728438144687E-15,1.,0.));
#6397=DIRECTION('',(0.,0.,1.));
#6398=DIRECTION('',(0.,0.,1.));
#6399=DIRECTION('',(0.,0.,1.));
#6400=DIRECTION('center_axis',(0.,0.,1.));
#6401=DIRECTION('ref_axis',(0.0356288246662111,0.999365091872287,0.));
#6402=DIRECTION('center_axis',(0.,0.,1.));
#6403=DIRECTION('ref_axis',(0.0356288246662111,0.999365091872287,0.));
#6404=DIRECTION('',(0.,0.,1.));
#6405=DIRECTION('center_axis',(-0.514510014333255,-0.857484370207873,0.));
#6406=DIRECTION('ref_axis',(0.857484370207874,-0.514510014333255,0.));
#6407=DIRECTION('',(-0.857484370207874,0.514510014333255,0.));
#6408=DIRECTION('center_axis',(0.,1.,0.));
#6409=DIRECTION('ref_axis',(-1.,0.,0.));
#6410=DIRECTION('',(0.,0.,1.));
#6411=DIRECTION('',(-1.,0.,0.));
#6412=DIRECTION('',(0.,0.,1.));
#6413=DIRECTION('center_axis',(-1.,0.,0.));
#6414=DIRECTION('ref_axis',(0.,-1.,0.));
#6415=DIRECTION('',(0.,-1.,0.));
#6416=DIRECTION('',(0.,0.,1.));
#6417=DIRECTION('center_axis',(0.,-1.,0.));
#6418=DIRECTION('ref_axis',(1.,0.,0.));
#6419=DIRECTION('',(1.,0.,0.));
#6420=DIRECTION('center_axis',(1.,-4.70185691174473E-16,0.));
#6421=DIRECTION('ref_axis',(4.70185691174473E-16,1.,0.));
#6422=DIRECTION('',(4.70185691174473E-16,1.,0.));
#6423=DIRECTION('center_axis',(0.,-1.,0.));
#6424=DIRECTION('ref_axis',(1.,0.,0.));
#6425=DIRECTION('',(0.,0.,1.));
#6426=DIRECTION('',(1.,0.,0.));
#6427=DIRECTION('',(0.,0.,1.));
#6428=DIRECTION('',(0.,0.,1.));
#6429=DIRECTION('',(0.,0.,1.));
#6430=DIRECTION('center_axis',(1.,0.,0.));
#6431=DIRECTION('ref_axis',(0.,1.,0.));
#6432=DIRECTION('',(0.,1.,0.));
#6433=DIRECTION('',(0.,0.,1.));
#6434=DIRECTION('',(0.,0.,1.));
#6435=DIRECTION('',(0.,0.,1.));
#6436=DIRECTION('center_axis',(0.,1.,0.));
#6437=DIRECTION('ref_axis',(-1.,0.,0.));
#6438=DIRECTION('',(-1.,0.,0.));
#6439=DIRECTION('',(0.,0.,1.));
#6440=DIRECTION('',(0.,0.,1.));
#6441=DIRECTION('',(0.,0.,1.));
#6442=DIRECTION('center_axis',(-1.,0.,0.));
#6443=DIRECTION('ref_axis',(0.,-1.,0.));
#6444=DIRECTION('',(0.,-1.,0.));
#6445=DIRECTION('',(0.,0.,1.));
#6446=DIRECTION('',(0.,0.,1.));
#6447=DIRECTION('center_axis',(0.984808755130993,-0.173642494272985,0.));
#6448=DIRECTION('ref_axis',(0.173642494272985,0.984808755130993,0.));
#6449=DIRECTION('',(0.,0.,1.));
#6450=DIRECTION('',(0.173642494272985,0.984808755130993,0.));
#6451=DIRECTION('',(0.,0.,1.));
#6452=DIRECTION('',(0.,0.,1.));
#6453=DIRECTION('center_axis',(0.173642494272984,0.984808755130993,0.));
#6454=DIRECTION('ref_axis',(-0.984808755130993,0.173642494272984,0.));
#6455=DIRECTION('',(-0.984808755130993,0.173642494272984,0.));
#6456=DIRECTION('',(0.,0.,1.));
#6457=DIRECTION('',(0.,0.,1.));
#6458=DIRECTION('center_axis',(-0.984808755130993,0.173642494272983,0.));
#6459=DIRECTION('ref_axis',(-0.173642494272983,-0.984808755130993,0.));
#6460=DIRECTION('',(-0.173642494272983,-0.984808755130993,0.));
#6461=DIRECTION('',(0.,0.,1.));
#6462=DIRECTION('',(0.,0.,1.));
#6463=DIRECTION('center_axis',(-0.173642494272985,-0.984808755130993,0.));
#6464=DIRECTION('ref_axis',(0.984808755130993,-0.173642494272985,0.));
#6465=DIRECTION('',(0.984808755130993,-0.173642494272985,0.));
#6466=DIRECTION('',(0.,0.,1.));
#6467=DIRECTION('center_axis',(0.,0.,1.));
#6468=DIRECTION('ref_axis',(1.,0.,0.));
#6469=DIRECTION('center_axis',(0.,0.,-1.));
#6470=DIRECTION('ref_axis',(1.,0.,0.));
#6471=DIRECTION('',(0.,0.,-1.));
#6472=DIRECTION('center_axis',(-1.,0.,0.));
#6473=DIRECTION('ref_axis',(0.,-1.,0.));
#6474=DIRECTION('',(0.,0.,1.));
#6475=DIRECTION('',(0.,-1.,0.));
#6476=DIRECTION('',(0.,0.,1.));
#6477=DIRECTION('center_axis',(0.,-1.,0.));
#6478=DIRECTION('ref_axis',(1.,0.,0.));
#6479=DIRECTION('',(1.,0.,0.));
#6480=DIRECTION('',(0.,0.,1.));
#6481=DIRECTION('center_axis',(1.,0.,0.));
#6482=DIRECTION('ref_axis',(0.,1.,0.));
#6483=DIRECTION('',(0.,1.,0.));
#6484=DIRECTION('',(0.,0.,1.));
#6485=DIRECTION('center_axis',(0.189674491812191,0.981847028388734,0.));
#6486=DIRECTION('ref_axis',(-0.981847028388734,0.189674491812191,0.));
#6487=DIRECTION('',(-0.981847028388734,0.189674491812191,0.));
#6488=DIRECTION('center_axis',(0.,0.,1.));
#6489=DIRECTION('ref_axis',(1.,0.,0.));
#6490=DIRECTION('center_axis',(0.,0.,-1.));
#6491=DIRECTION('ref_axis',(1.,0.,0.));
#6492=DIRECTION('',(0.,0.,-1.));
#6493=DIRECTION('center_axis',(0.,0.,1.));
#6494=DIRECTION('ref_axis',(1.,0.,0.));
#6495=DIRECTION('center_axis',(0.,0.,-1.));
#6496=DIRECTION('ref_axis',(1.,0.,0.));
#6497=DIRECTION('',(0.,0.,-1.));
#6498=DIRECTION('center_axis',(0.,-1.,0.));
#6499=DIRECTION('ref_axis',(1.,0.,0.));
#6500=DIRECTION('',(0.,0.,1.));
#6501=DIRECTION('',(1.,0.,0.));
#6502=DIRECTION('',(0.,0.,1.));
#6503=DIRECTION('',(0.,0.,1.));
#6504=DIRECTION('',(0.,0.,1.));
#6505=DIRECTION('center_axis',(1.,0.,0.));
#6506=DIRECTION('ref_axis',(0.,1.,0.));
#6507=DIRECTION('',(0.,1.,0.));
#6508=DIRECTION('',(0.,0.,1.));
#6509=DIRECTION('',(0.,0.,1.));
#6510=DIRECTION('',(0.,0.,1.));
#6511=DIRECTION('center_axis',(0.,1.,0.));
#6512=DIRECTION('ref_axis',(-1.,0.,0.));
#6513=DIRECTION('',(-1.,0.,0.));
#6514=DIRECTION('',(0.,0.,1.));
#6515=DIRECTION('',(0.,0.,1.));
#6516=DIRECTION('',(0.,0.,1.));
#6517=DIRECTION('center_axis',(-1.,0.,0.));
#6518=DIRECTION('ref_axis',(0.,-1.,0.));
#6519=DIRECTION('',(0.,-1.,0.));
#6520=DIRECTION('',(0.,0.,1.));
#6521=DIRECTION('',(0.,0.,1.));
#6522=DIRECTION('center_axis',(0.,-1.,0.));
#6523=DIRECTION('ref_axis',(1.,0.,0.));
#6524=DIRECTION('',(0.,0.,1.));
#6525=DIRECTION('',(1.,0.,0.));
#6526=DIRECTION('',(0.,0.,1.));
#6527=DIRECTION('',(0.,0.,1.));
#6528=DIRECTION('',(0.,0.,1.));
#6529=DIRECTION('center_axis',(1.,0.,0.));
#6530=DIRECTION('ref_axis',(0.,1.,0.));
#6531=DIRECTION('',(0.,1.,0.));
#6532=DIRECTION('',(0.,0.,1.));
#6533=DIRECTION('',(0.,0.,1.));
#6534=DIRECTION('',(0.,0.,1.));
#6535=DIRECTION('center_axis',(0.,1.,0.));
#6536=DIRECTION('ref_axis',(-1.,0.,0.));
#6537=DIRECTION('',(-1.,0.,0.));
#6538=DIRECTION('',(0.,0.,1.));
#6539=DIRECTION('',(0.,0.,1.));
#6540=DIRECTION('',(0.,0.,1.));
#6541=DIRECTION('center_axis',(-1.,0.,0.));
#6542=DIRECTION('ref_axis',(0.,-1.,0.));
#6543=DIRECTION('',(0.,-1.,0.));
#6544=DIRECTION('',(0.,0.,1.));
#6545=DIRECTION('',(0.,0.,1.));
#6546=DIRECTION('center_axis',(0.939692211615888,-0.342021267508968,0.));
#6547=DIRECTION('ref_axis',(0.342021267508968,0.939692211615888,0.));
#6548=DIRECTION('',(0.,0.,1.));
#6549=DIRECTION('',(0.342021267508968,0.939692211615888,0.));
#6550=DIRECTION('',(0.,0.,1.));
#6551=DIRECTION('',(0.,0.,1.));
#6552=DIRECTION('center_axis',(0.342021267508968,0.939692211615888,0.));
#6553=DIRECTION('ref_axis',(-0.939692211615888,0.342021267508968,0.));
#6554=DIRECTION('',(-0.939692211615888,0.342021267508968,0.));
#6555=DIRECTION('',(0.,0.,1.));
#6556=DIRECTION('',(0.,0.,1.));
#6557=DIRECTION('center_axis',(-0.939692211615888,0.342021267508968,0.));
#6558=DIRECTION('ref_axis',(-0.342021267508968,-0.939692211615888,0.));
#6559=DIRECTION('',(-0.342021267508968,-0.939692211615888,0.));
#6560=DIRECTION('',(0.,0.,1.));
#6561=DIRECTION('',(0.,0.,1.));
#6562=DIRECTION('center_axis',(-0.342021267508968,-0.939692211615888,0.));
#6563=DIRECTION('ref_axis',(0.939692211615888,-0.342021267508968,0.));
#6564=DIRECTION('',(0.939692211615888,-0.342021267508968,0.));
#6565=DIRECTION('',(0.,0.,1.));
#6566=DIRECTION('center_axis',(0.,-1.,0.));
#6567=DIRECTION('ref_axis',(1.,0.,0.));
#6568=DIRECTION('',(0.,0.,1.));
#6569=DIRECTION('',(1.,0.,0.));
#6570=DIRECTION('',(0.,0.,1.));
#6571=DIRECTION('',(0.,0.,1.));
#6572=DIRECTION('',(0.,0.,1.));
#6573=DIRECTION('center_axis',(1.,0.,0.));
#6574=DIRECTION('ref_axis',(0.,1.,0.));
#6575=DIRECTION('',(0.,1.,0.));
#6576=DIRECTION('',(0.,0.,1.));
#6577=DIRECTION('',(0.,0.,1.));
#6578=DIRECTION('',(0.,0.,1.));
#6579=DIRECTION('center_axis',(0.,1.,0.));
#6580=DIRECTION('ref_axis',(-1.,0.,0.));
#6581=DIRECTION('',(-1.,0.,0.));
#6582=DIRECTION('',(0.,0.,1.));
#6583=DIRECTION('',(0.,0.,1.));
#6584=DIRECTION('',(0.,0.,1.));
#6585=DIRECTION('center_axis',(-1.,0.,0.));
#6586=DIRECTION('ref_axis',(0.,-1.,0.));
#6587=DIRECTION('',(0.,-1.,0.));
#6588=DIRECTION('',(0.,0.,1.));
#6589=DIRECTION('',(0.,0.,1.));
#6590=DIRECTION('center_axis',(0.,-1.,0.));
#6591=DIRECTION('ref_axis',(1.,0.,0.));
#6592=DIRECTION('',(0.,0.,1.));
#6593=DIRECTION('',(1.,0.,0.));
#6594=DIRECTION('',(0.,0.,1.));
#6595=DIRECTION('',(0.,0.,1.));
#6596=DIRECTION('',(0.,0.,1.));
#6597=DIRECTION('center_axis',(1.,0.,0.));
#6598=DIRECTION('ref_axis',(0.,1.,0.));
#6599=DIRECTION('',(0.,1.,0.));
#6600=DIRECTION('',(0.,0.,1.));
#6601=DIRECTION('',(0.,0.,1.));
#6602=DIRECTION('',(0.,0.,1.));
#6603=DIRECTION('center_axis',(0.,1.,0.));
#6604=DIRECTION('ref_axis',(-1.,0.,0.));
#6605=DIRECTION('',(-1.,0.,0.));
#6606=DIRECTION('',(0.,0.,1.));
#6607=DIRECTION('',(0.,0.,1.));
#6608=DIRECTION('',(0.,0.,1.));
#6609=DIRECTION('center_axis',(-1.,0.,0.));
#6610=DIRECTION('ref_axis',(0.,-1.,0.));
#6611=DIRECTION('',(0.,-1.,0.));
#6612=DIRECTION('',(0.,0.,1.));
#6613=DIRECTION('',(0.,0.,1.));
#6614=DIRECTION('center_axis',(0.,-1.,0.));
#6615=DIRECTION('ref_axis',(1.,0.,0.));
#6616=DIRECTION('',(0.,0.,1.));
#6617=DIRECTION('',(1.,0.,0.));
#6618=DIRECTION('',(0.,0.,1.));
#6619=DIRECTION('',(0.,0.,1.));
#6620=DIRECTION('',(0.,0.,1.));
#6621=DIRECTION('center_axis',(1.,0.,0.));
#6622=DIRECTION('ref_axis',(0.,1.,0.));
#6623=DIRECTION('',(0.,1.,0.));
#6624=DIRECTION('',(0.,0.,1.));
#6625=DIRECTION('',(0.,0.,1.));
#6626=DIRECTION('',(0.,0.,1.));
#6627=DIRECTION('center_axis',(0.,1.,0.));
#6628=DIRECTION('ref_axis',(-1.,0.,0.));
#6629=DIRECTION('',(-1.,0.,0.));
#6630=DIRECTION('',(0.,0.,1.));
#6631=DIRECTION('',(0.,0.,1.));
#6632=DIRECTION('',(0.,0.,1.));
#6633=DIRECTION('center_axis',(-1.,0.,0.));
#6634=DIRECTION('ref_axis',(0.,-1.,0.));
#6635=DIRECTION('',(0.,-1.,0.));
#6636=DIRECTION('',(0.,0.,1.));
#6637=DIRECTION('',(0.,0.,1.));
#6638=DIRECTION('center_axis',(-0.422612572173774,-0.906310440103537,0.));
#6639=DIRECTION('ref_axis',(0.906310440103537,-0.422612572173774,0.));
#6640=DIRECTION('',(0.,0.,1.));
#6641=DIRECTION('',(0.906310440103537,-0.422612572173774,0.));
#6642=DIRECTION('',(0.,0.,1.));
#6643=DIRECTION('',(0.,0.,1.));
#6644=DIRECTION('',(0.,0.,1.));
#6645=DIRECTION('center_axis',(0.906310440103537,-0.422612572173774,0.));
#6646=DIRECTION('ref_axis',(0.422612572173774,0.906310440103537,0.));
#6647=DIRECTION('',(0.422612572173774,0.906310440103537,0.));
#6648=DIRECTION('',(0.,0.,1.));
#6649=DIRECTION('',(0.,0.,1.));
#6650=DIRECTION('',(0.,0.,1.));
#6651=DIRECTION('center_axis',(0.422612572173774,0.906310440103537,0.));
#6652=DIRECTION('ref_axis',(-0.906310440103537,0.422612572173774,0.));
#6653=DIRECTION('',(-0.906310440103537,0.422612572173774,0.));
#6654=DIRECTION('',(0.,0.,1.));
#6655=DIRECTION('',(0.,0.,1.));
#6656=DIRECTION('',(0.,0.,1.));
#6657=DIRECTION('center_axis',(-0.906310440103536,0.422612572173775,0.));
#6658=DIRECTION('ref_axis',(-0.422612572173775,-0.906310440103536,0.));
#6659=DIRECTION('',(-0.422612572173775,-0.906310440103536,0.));
#6660=DIRECTION('',(0.,0.,1.));
#6661=DIRECTION('',(0.,0.,1.));
#6662=DIRECTION('center_axis',(0.,-1.,0.));
#6663=DIRECTION('ref_axis',(1.,0.,0.));
#6664=DIRECTION('',(0.,0.,1.));
#6665=DIRECTION('',(1.,0.,0.));
#6666=DIRECTION('',(0.,0.,1.));
#6667=DIRECTION('',(0.,0.,1.));
#6668=DIRECTION('',(0.,0.,1.));
#6669=DIRECTION('center_axis',(1.,0.,0.));
#6670=DIRECTION('ref_axis',(0.,1.,0.));
#6671=DIRECTION('',(0.,1.,0.));
#6672=DIRECTION('',(0.,0.,1.));
#6673=DIRECTION('',(0.,0.,1.));
#6674=DIRECTION('',(0.,0.,1.));
#6675=DIRECTION('center_axis',(0.,1.,0.));
#6676=DIRECTION('ref_axis',(-1.,0.,0.));
#6677=DIRECTION('',(-1.,0.,0.));
#6678=DIRECTION('',(0.,0.,1.));
#6679=DIRECTION('',(0.,0.,1.));
#6680=DIRECTION('',(0.,0.,1.));
#6681=DIRECTION('center_axis',(-1.,0.,0.));
#6682=DIRECTION('ref_axis',(0.,-1.,0.));
#6683=DIRECTION('',(0.,-1.,0.));
#6684=DIRECTION('',(0.,0.,1.));
#6685=DIRECTION('',(0.,0.,1.));
#6686=DIRECTION('center_axis',(0.,0.,1.));
#6687=DIRECTION('ref_axis',(1.,0.,0.));
#6688=DIRECTION('center_axis',(0.,0.,-1.));
#6689=DIRECTION('ref_axis',(1.,0.,0.));
#6690=DIRECTION('',(0.,0.,-1.));
#6691=DIRECTION('center_axis',(0.,0.,1.));
#6692=DIRECTION('ref_axis',(1.,0.,0.));
#6693=DIRECTION('center_axis',(0.,0.,-1.));
#6694=DIRECTION('ref_axis',(1.,0.,0.));
#6695=DIRECTION('',(0.,0.,-1.));
#6696=DIRECTION('center_axis',(0.,0.,1.));
#6697=DIRECTION('ref_axis',(1.,0.,0.));
#6698=DIRECTION('center_axis',(0.,0.,-1.));
#6699=DIRECTION('ref_axis',(1.,0.,0.));
#6700=DIRECTION('',(0.,0.,-1.));
#6701=DIRECTION('center_axis',(0.,0.,1.));
#6702=DIRECTION('ref_axis',(1.,0.,0.));
#6703=DIRECTION('center_axis',(0.,0.,-1.));
#6704=DIRECTION('ref_axis',(1.,0.,0.));
#6705=DIRECTION('',(0.,0.,-1.));
#6706=DIRECTION('center_axis',(0.,-1.,0.));
#6707=DIRECTION('ref_axis',(1.,0.,0.));
#6708=DIRECTION('',(0.,0.,1.));
#6709=DIRECTION('',(1.,0.,0.));
#6710=DIRECTION('',(0.,0.,1.));
#6711=DIRECTION('',(0.,0.,1.));
#6712=DIRECTION('',(0.,0.,1.));
#6713=DIRECTION('center_axis',(1.,0.,0.));
#6714=DIRECTION('ref_axis',(0.,1.,0.));
#6715=DIRECTION('',(0.,1.,0.));
#6716=DIRECTION('',(0.,0.,1.));
#6717=DIRECTION('',(0.,0.,1.));
#6718=DIRECTION('',(0.,0.,1.));
#6719=DIRECTION('center_axis',(0.,1.,0.));
#6720=DIRECTION('ref_axis',(-1.,0.,0.));
#6721=DIRECTION('',(-1.,0.,0.));
#6722=DIRECTION('',(0.,0.,1.));
#6723=DIRECTION('',(0.,0.,1.));
#6724=DIRECTION('',(0.,0.,1.));
#6725=DIRECTION('center_axis',(-1.,0.,0.));
#6726=DIRECTION('ref_axis',(0.,-1.,0.));
#6727=DIRECTION('',(0.,-1.,0.));
#6728=DIRECTION('',(0.,0.,1.));
#6729=DIRECTION('',(0.,0.,1.));
#6730=DIRECTION('center_axis',(0.,-1.,0.));
#6731=DIRECTION('ref_axis',(1.,0.,0.));
#6732=DIRECTION('',(0.,0.,1.));
#6733=DIRECTION('',(1.,0.,0.));
#6734=DIRECTION('',(0.,0.,1.));
#6735=DIRECTION('',(0.,0.,1.));
#6736=DIRECTION('',(0.,0.,1.));
#6737=DIRECTION('center_axis',(1.,0.,0.));
#6738=DIRECTION('ref_axis',(0.,1.,0.));
#6739=DIRECTION('',(0.,1.,0.));
#6740=DIRECTION('',(0.,0.,1.));
#6741=DIRECTION('',(0.,0.,1.));
#6742=DIRECTION('',(0.,0.,1.));
#6743=DIRECTION('center_axis',(0.,1.,0.));
#6744=DIRECTION('ref_axis',(-1.,0.,0.));
#6745=DIRECTION('',(-1.,0.,0.));
#6746=DIRECTION('',(0.,0.,1.));
#6747=DIRECTION('',(0.,0.,1.));
#6748=DIRECTION('',(0.,0.,1.));
#6749=DIRECTION('center_axis',(-1.,0.,0.));
#6750=DIRECTION('ref_axis',(0.,-1.,0.));
#6751=DIRECTION('',(0.,-1.,0.));
#6752=DIRECTION('',(0.,0.,1.));
#6753=DIRECTION('',(0.,0.,1.));
#6754=DIRECTION('center_axis',(0.,-1.,0.));
#6755=DIRECTION('ref_axis',(1.,0.,0.));
#6756=DIRECTION('',(0.,0.,1.));
#6757=DIRECTION('',(1.,0.,0.));
#6758=DIRECTION('',(0.,0.,1.));
#6759=DIRECTION('',(0.,0.,1.));
#6760=DIRECTION('',(0.,0.,1.));
#6761=DIRECTION('center_axis',(1.,0.,0.));
#6762=DIRECTION('ref_axis',(0.,1.,0.));
#6763=DIRECTION('',(0.,1.,0.));
#6764=DIRECTION('',(0.,0.,1.));
#6765=DIRECTION('',(0.,0.,1.));
#6766=DIRECTION('',(0.,0.,1.));
#6767=DIRECTION('center_axis',(0.,1.,0.));
#6768=DIRECTION('ref_axis',(-1.,0.,0.));
#6769=DIRECTION('',(-1.,0.,0.));
#6770=DIRECTION('',(0.,0.,1.));
#6771=DIRECTION('',(0.,0.,1.));
#6772=DIRECTION('',(0.,0.,1.));
#6773=DIRECTION('center_axis',(-1.,0.,0.));
#6774=DIRECTION('ref_axis',(0.,-1.,0.));
#6775=DIRECTION('',(0.,-1.,0.));
#6776=DIRECTION('',(0.,0.,1.));
#6777=DIRECTION('',(0.,0.,1.));
#6778=DIRECTION('center_axis',(0.,-1.,0.));
#6779=DIRECTION('ref_axis',(1.,0.,0.));
#6780=DIRECTION('',(0.,0.,1.));
#6781=DIRECTION('',(1.,0.,0.));
#6782=DIRECTION('',(0.,0.,1.));
#6783=DIRECTION('',(0.,0.,1.));
#6784=DIRECTION('',(0.,0.,1.));
#6785=DIRECTION('center_axis',(1.,0.,0.));
#6786=DIRECTION('ref_axis',(0.,1.,0.));
#6787=DIRECTION('',(0.,1.,0.));
#6788=DIRECTION('',(0.,0.,1.));
#6789=DIRECTION('',(0.,0.,1.));
#6790=DIRECTION('',(0.,0.,1.));
#6791=DIRECTION('center_axis',(0.,1.,0.));
#6792=DIRECTION('ref_axis',(-1.,0.,0.));
#6793=DIRECTION('',(-1.,0.,0.));
#6794=DIRECTION('',(0.,0.,1.));
#6795=DIRECTION('',(0.,0.,1.));
#6796=DIRECTION('',(0.,0.,1.));
#6797=DIRECTION('center_axis',(-1.,0.,0.));
#6798=DIRECTION('ref_axis',(0.,-1.,0.));
#6799=DIRECTION('',(0.,-1.,0.));
#6800=DIRECTION('',(0.,0.,1.));
#6801=DIRECTION('',(0.,0.,1.));
#6802=DIRECTION('center_axis',(0.,-1.,0.));
#6803=DIRECTION('ref_axis',(1.,0.,0.));
#6804=DIRECTION('',(0.,0.,1.));
#6805=DIRECTION('',(1.,0.,0.));
#6806=DIRECTION('',(0.,0.,1.));
#6807=DIRECTION('',(0.,0.,1.));
#6808=DIRECTION('',(0.,0.,1.));
#6809=DIRECTION('center_axis',(1.,0.,0.));
#6810=DIRECTION('ref_axis',(0.,1.,0.));
#6811=DIRECTION('',(0.,1.,0.));
#6812=DIRECTION('',(0.,0.,1.));
#6813=DIRECTION('',(0.,0.,1.));
#6814=DIRECTION('',(0.,0.,1.));
#6815=DIRECTION('center_axis',(0.,1.,0.));
#6816=DIRECTION('ref_axis',(-1.,0.,0.));
#6817=DIRECTION('',(-1.,0.,0.));
#6818=DIRECTION('',(0.,0.,1.));
#6819=DIRECTION('',(0.,0.,1.));
#6820=DIRECTION('',(0.,0.,1.));
#6821=DIRECTION('center_axis',(-1.,0.,0.));
#6822=DIRECTION('ref_axis',(0.,-1.,0.));
#6823=DIRECTION('',(0.,-1.,0.));
#6824=DIRECTION('',(0.,0.,1.));
#6825=DIRECTION('',(0.,0.,1.));
#6826=DIRECTION('center_axis',(0.,-1.,0.));
#6827=DIRECTION('ref_axis',(1.,0.,0.));
#6828=DIRECTION('',(0.,0.,1.));
#6829=DIRECTION('',(1.,0.,0.));
#6830=DIRECTION('',(0.,0.,1.));
#6831=DIRECTION('',(0.,0.,1.));
#6832=DIRECTION('',(0.,0.,1.));
#6833=DIRECTION('center_axis',(1.,0.,0.));
#6834=DIRECTION('ref_axis',(0.,1.,0.));
#6835=DIRECTION('',(0.,1.,0.));
#6836=DIRECTION('',(0.,0.,1.));
#6837=DIRECTION('',(0.,0.,1.));
#6838=DIRECTION('',(0.,0.,1.));
#6839=DIRECTION('center_axis',(0.,1.,0.));
#6840=DIRECTION('ref_axis',(-1.,0.,0.));
#6841=DIRECTION('',(-1.,0.,0.));
#6842=DIRECTION('',(0.,0.,1.));
#6843=DIRECTION('',(0.,0.,1.));
#6844=DIRECTION('',(0.,0.,1.));
#6845=DIRECTION('center_axis',(-1.,0.,0.));
#6846=DIRECTION('ref_axis',(0.,-1.,0.));
#6847=DIRECTION('',(0.,-1.,0.));
#6848=DIRECTION('',(0.,0.,1.));
#6849=DIRECTION('',(0.,0.,1.));
#6850=DIRECTION('center_axis',(0.,-1.,0.));
#6851=DIRECTION('ref_axis',(1.,0.,0.));
#6852=DIRECTION('',(0.,0.,1.));
#6853=DIRECTION('',(1.,0.,0.));
#6854=DIRECTION('',(0.,0.,1.));
#6855=DIRECTION('',(0.,0.,1.));
#6856=DIRECTION('',(0.,0.,1.));
#6857=DIRECTION('center_axis',(1.,0.,0.));
#6858=DIRECTION('ref_axis',(0.,1.,0.));
#6859=DIRECTION('',(0.,1.,0.));
#6860=DIRECTION('',(0.,0.,1.));
#6861=DIRECTION('',(0.,0.,1.));
#6862=DIRECTION('',(0.,0.,1.));
#6863=DIRECTION('center_axis',(0.,1.,0.));
#6864=DIRECTION('ref_axis',(-1.,0.,0.));
#6865=DIRECTION('',(-1.,0.,0.));
#6866=DIRECTION('',(0.,0.,1.));
#6867=DIRECTION('',(0.,0.,1.));
#6868=DIRECTION('',(0.,0.,1.));
#6869=DIRECTION('center_axis',(-1.,0.,0.));
#6870=DIRECTION('ref_axis',(0.,-1.,0.));
#6871=DIRECTION('',(0.,-1.,0.));
#6872=DIRECTION('',(0.,0.,1.));
#6873=DIRECTION('',(0.,0.,1.));
#6874=DIRECTION('center_axis',(0.,-1.,0.));
#6875=DIRECTION('ref_axis',(1.,0.,0.));
#6876=DIRECTION('',(0.,0.,1.));
#6877=DIRECTION('',(1.,0.,0.));
#6878=DIRECTION('',(0.,0.,1.));
#6879=DIRECTION('',(0.,0.,1.));
#6880=DIRECTION('',(0.,0.,1.));
#6881=DIRECTION('center_axis',(1.,0.,0.));
#6882=DIRECTION('ref_axis',(0.,1.,0.));
#6883=DIRECTION('',(0.,1.,0.));
#6884=DIRECTION('',(0.,0.,1.));
#6885=DIRECTION('',(0.,0.,1.));
#6886=DIRECTION('',(0.,0.,1.));
#6887=DIRECTION('center_axis',(0.,1.,0.));
#6888=DIRECTION('ref_axis',(-1.,0.,0.));
#6889=DIRECTION('',(-1.,0.,0.));
#6890=DIRECTION('',(0.,0.,1.));
#6891=DIRECTION('',(0.,0.,1.));
#6892=DIRECTION('',(0.,0.,1.));
#6893=DIRECTION('center_axis',(-1.,0.,0.));
#6894=DIRECTION('ref_axis',(0.,-1.,0.));
#6895=DIRECTION('',(0.,-1.,0.));
#6896=DIRECTION('',(0.,0.,1.));
#6897=DIRECTION('',(0.,0.,1.));
#6898=DIRECTION('center_axis',(-1.07085918996349E-11,1.,0.));
#6899=DIRECTION('ref_axis',(-1.,-1.07085918996349E-11,0.));
#6900=DIRECTION('',(0.,0.,1.));
#6901=DIRECTION('',(0.,0.,1.));
#6902=DIRECTION('',(0.,0.,1.));
#6903=DIRECTION('',(0.,0.,1.));
#6904=DIRECTION('center_axis',(0.514510014333251,0.857484370207876,0.));
#6905=DIRECTION('ref_axis',(-0.857484370207876,0.51451001433325,0.));
#6906=DIRECTION('',(0.,0.,1.));
#6907=DIRECTION('center_axis',(-1.,5.935206699704E-12,0.));
#6908=DIRECTION('ref_axis',(-5.935206699704E-12,-1.,0.));
#6909=DIRECTION('',(0.,0.,1.));
#6910=DIRECTION('',(0.,0.,1.));
#6911=DIRECTION('center_axis',(-0.579205992264546,0.815181218211535,0.));
#6912=DIRECTION('ref_axis',(-0.815181218211535,-0.579205992264546,0.));
#6913=DIRECTION('',(0.,0.,1.));
#6914=DIRECTION('',(0.,0.,1.));
#6915=DIRECTION('center_axis',(-0.417502699410678,0.90867568250988,0.));
#6916=DIRECTION('ref_axis',(-0.90867568250988,-0.417502699410678,0.));
#6917=DIRECTION('',(0.,0.,1.));
#6918=DIRECTION('center_axis',(0.,0.,1.));
#6919=DIRECTION('ref_axis',(1.,0.,0.));
#6920=CARTESIAN_POINT('',(0.,0.,0.));
#6921=CARTESIAN_POINT('Origin',(105.699997704476,157.3962,8.));
#6922=CARTESIAN_POINT('',(105.699997704476,154.8962,8.));
#6923=CARTESIAN_POINT('',(105.699997704476,154.8962,5.50000008195639));
#6924=CARTESIAN_POINT('',(105.699997704476,154.8962,4.));
#6925=CARTESIAN_POINT('',(105.699997704476,157.3962,5.50000008195639));
#6926=CARTESIAN_POINT('',(105.699997704476,157.3962,5.50000008195639));
#6927=CARTESIAN_POINT('',(105.699997704476,157.3962,8.));
#6928=CARTESIAN_POINT('',(105.699997704476,157.3962,4.));
#6929=CARTESIAN_POINT('',(105.699997704476,135.192532222162,8.));
#6930=CARTESIAN_POINT('Origin',(102.699997704476,157.3962,5.50000008195639));
#6931=CARTESIAN_POINT('',(111.724574177365,154.8962,5.50000008195639));
#6932=CARTESIAN_POINT('',(95.2836447141853,154.8962,5.50000008195639));
#6933=CARTESIAN_POINT('',(111.724574177365,157.3962,5.50000008195639));
#6934=CARTESIAN_POINT('',(111.724574177365,157.3962,5.50000008195639));
#6935=CARTESIAN_POINT('',(119.071698852238,157.3962,5.50000008195639));
#6936=CARTESIAN_POINT('Origin',(111.724574177365,157.3962,5.50000008195639));
#6937=CARTESIAN_POINT('',(111.724574177365,154.8962,8.00000011920929));
#6938=CARTESIAN_POINT('',(111.724574177365,154.8962,2.75000004097819));
#6939=CARTESIAN_POINT('',(111.724574177365,157.3962,8.00000011920929));
#6940=CARTESIAN_POINT('',(111.724574177365,135.192532222162,8.));
#6941=CARTESIAN_POINT('',(111.724574177365,157.3962,2.75000004097819));
#6942=CARTESIAN_POINT('Origin',(79.0361811760341,112.988864444325,8.));
#6943=CARTESIAN_POINT('',(88.005748354729,157.3962,8.));
#6944=CARTESIAN_POINT('',(88.005748354729,157.3962,8.));
#6945=CARTESIAN_POINT('',(81.0496406913663,161.570021912011,8.));
#6946=CARTESIAN_POINT('',(81.0496406913663,161.570021912011,8.));
#6947=CARTESIAN_POINT('',(77.7053834478094,162.496300000074,8.));
#6948=CARTESIAN_POINT('Ctrl Pts',(81.0496438633454,161.570020008879,8.));
#6949=CARTESIAN_POINT('Ctrl Pts',(81.0496343574987,161.57002571222,8.));
#6950=CARTESIAN_POINT('Ctrl Pts',(81.0496248509258,161.570031415996,8.));
#6951=CARTESIAN_POINT('Ctrl Pts',(81.0496153451397,161.570037119301,8.));
#6952=CARTESIAN_POINT('Ctrl Pts',(81.0333111728312,161.579819335985,8.));
#6953=CARTESIAN_POINT('Ctrl Pts',(80.9788786018827,161.612022897115,8.));
#6954=CARTESIAN_POINT('Ctrl Pts',(80.9432351877288,161.632498830178,8.));
#6955=CARTESIAN_POINT('Ctrl Pts',(79.958716722933,162.198071311464,8.));
#6956=CARTESIAN_POINT('Ctrl Pts',(78.8421133097974,162.496311579869,8.));
#6957=CARTESIAN_POINT('Ctrl Pts',(77.7053834478094,162.496300000074,8.));
#6958=CARTESIAN_POINT('',(60.6925810965398,162.496299999681,8.));
#6959=CARTESIAN_POINT('',(60.6925810965398,162.496299999681,8.));
#6960=CARTESIAN_POINT('',(57.9788343069538,161.902807965672,8.));
#6961=CARTESIAN_POINT('Ctrl Pts',(60.6925810965395,162.496299999681,8.));
#6962=CARTESIAN_POINT('Ctrl Pts',(60.0304975211789,162.496323809523,8.));
#6963=CARTESIAN_POINT('Ctrl Pts',(59.3738586028099,162.395190400174,8.));
#6964=CARTESIAN_POINT('Ctrl Pts',(58.7451680544512,162.197790731953,8.));
#6965=CARTESIAN_POINT('Ctrl Pts',(58.5095958458342,162.123824492211,8.));
#6966=CARTESIAN_POINT('Ctrl Pts',(58.2779316292024,162.036337861712,8.));
#6967=CARTESIAN_POINT('Ctrl Pts',(58.0513885793595,161.935603531338,8.));
#6968=CARTESIAN_POINT('Ctrl Pts',(58.0271565539743,161.924828551252,8.));
#6969=CARTESIAN_POINT('Ctrl Pts',(57.9900315635597,161.907951889347,8.));
#6970=CARTESIAN_POINT('Ctrl Pts',(57.9789012762396,161.902838730788,8.));
#6971=CARTESIAN_POINT('Ctrl Pts',(57.9788789532453,161.902828475796,8.));
#6972=CARTESIAN_POINT('Ctrl Pts',(57.9788566308528,161.90281822108,8.));
#6973=CARTESIAN_POINT('Ctrl Pts',(57.9788343076639,161.902807965998,8.));
#6974=CARTESIAN_POINT('',(40.3306807209977,153.794137398634,8.));
#6975=CARTESIAN_POINT('',(40.3306807209977,153.794137398634,8.));
#6976=CARTESIAN_POINT('',(39.2796164621809,153.18638980888,8.));
#6977=CARTESIAN_POINT('Ctrl Pts',(40.3306807207921,153.79413739854,8.));
#6978=CARTESIAN_POINT('Ctrl Pts',(40.3306664753817,153.794130852654,8.));
#6979=CARTESIAN_POINT('Ctrl Pts',(40.3306522302092,153.794124306878,8.));
#6980=CARTESIAN_POINT('Ctrl Pts',(40.3306379848576,153.794117761019,8.));
#6981=CARTESIAN_POINT('Ctrl Pts',(40.3132754166189,153.786139515115,8.));
#6982=CARTESIAN_POINT('Ctrl Pts',(40.2555579225284,153.75918270374,8.));
#6983=CARTESIAN_POINT('Ctrl Pts',(40.2182735058614,153.741179656245,8.));
#6984=CARTESIAN_POINT('Ctrl Pts',(39.8904609238875,153.582893004338,8.));
#6985=CARTESIAN_POINT('Ctrl Pts',(39.5764647581961,153.397318873152,8.));
#6986=CARTESIAN_POINT('Ctrl Pts',(39.2796164621809,153.18638980888,8.));
#6987=CARTESIAN_POINT('',(21.7714911415923,140.746442871374,8.));
#6988=CARTESIAN_POINT('',(21.7714911415923,140.746442871374,8.));
#6989=CARTESIAN_POINT('',(19.0363000003634,135.447649563467,8.));
#6990=CARTESIAN_POINT('Ctrl Pts',(21.7714911415923,140.746442871374,8.));
#6991=CARTESIAN_POINT('Ctrl Pts',(20.058430803171,139.529287349342,8.));
#6992=CARTESIAN_POINT('Ctrl Pts',(19.0362697177776,137.54908364688,8.));
#6993=CARTESIAN_POINT('Ctrl Pts',(19.0363000003634,135.447649563467,8.));
#6994=CARTESIAN_POINT('',(19.0363000000727,86.4723388431416,8.));
#6995=CARTESIAN_POINT('',(19.0363000000727,86.4723388431416,8.));
#6996=CARTESIAN_POINT('',(24.3032506547851,80.0902525223003,8.));
#6997=CARTESIAN_POINT('Ctrl Pts',(19.0363000000727,86.4723388431381,8.));
#6998=CARTESIAN_POINT('Ctrl Pts',(19.036258637182,84.0754765266344,8.));
#6999=CARTESIAN_POINT('Ctrl Pts',(20.3584540710167,81.91066603963,8.));
#7000=CARTESIAN_POINT('Ctrl Pts',(22.3839234186124,80.7873893353643,8.));
#7001=CARTESIAN_POINT('Ctrl Pts',(22.9717873668636,80.4613740939428,8.));
#7002=CARTESIAN_POINT('Ctrl Pts',(23.6202255876651,80.2222184693499,8.));
#7003=CARTESIAN_POINT('Ctrl Pts',(24.3032506550656,80.0902525222461,8.));
#7004=CARTESIAN_POINT('',(108.709533564433,63.784536504524,8.));
#7005=CARTESIAN_POINT('',(108.709533564433,63.784536504524,8.));
#7006=CARTESIAN_POINT('',(113.40149548116,64.6633061261735,8.));
#7007=CARTESIAN_POINT('Ctrl Pts',(108.709533564433,63.784536504524,8.));
#7008=CARTESIAN_POINT('Ctrl Pts',(110.327307505328,63.4720089142162,8.));
#7009=CARTESIAN_POINT('Ctrl Pts',(112.006474686234,63.7865048263609,8.));
#7010=CARTESIAN_POINT('Ctrl Pts',(113.401495477883,64.6633061241138,8.));
#7011=CARTESIAN_POINT('',(129.153025653073,74.5642879456279,8.));
#7012=CARTESIAN_POINT('',(129.153025653073,74.5642879456279,8.));
#7013=CARTESIAN_POINT('',(131.579334244433,77.3086411008639,8.));
#7014=CARTESIAN_POINT('Ctrl Pts',(129.153025653073,74.5642879456279,8.));
#7015=CARTESIAN_POINT('Ctrl Pts',(129.153040209747,74.5642970960101,8.));
#7016=CARTESIAN_POINT('Ctrl Pts',(129.153054765558,74.5643062458491,8.));
#7017=CARTESIAN_POINT('Ctrl Pts',(129.153069320505,74.5643153951451,8.));
#7018=CARTESIAN_POINT('Ctrl Pts',(130.207960126311,75.2274238420075,8.));
#7019=CARTESIAN_POINT('Ctrl Pts',(131.050515782624,76.1804306258229,8.));
#7020=CARTESIAN_POINT('Ctrl Pts',(131.579334244433,77.3086411008639,8.));
#7021=CARTESIAN_POINT('',(138.421763510527,91.9056902021688,8.));
#7022=CARTESIAN_POINT('',(138.421763510527,91.9056902021688,8.));
#7023=CARTESIAN_POINT('',(139.0364,94.6645045668654,8.));
#7024=CARTESIAN_POINT('Ctrl Pts',(138.421763510528,91.9056902021691,8.));
#7025=CARTESIAN_POINT('Ctrl Pts',(138.63190917487,92.3539510962304,8.));
#7026=CARTESIAN_POINT('Ctrl Pts',(138.789540355215,92.8234493531273,8.));
#7027=CARTESIAN_POINT('Ctrl Pts',(138.892518152393,93.3047062180706,8.));
#7028=CARTESIAN_POINT('Ctrl Pts',(138.957466593949,93.6082365345357,8.));
#7029=CARTESIAN_POINT('Ctrl Pts',(139.0006846405,93.9164741643582,8.));
#7030=CARTESIAN_POINT('Ctrl Pts',(139.021646826688,94.2270682321676,8.));
#7031=CARTESIAN_POINT('Ctrl Pts',(139.02875028228,94.332319237391,8.));
#7032=CARTESIAN_POINT('Ctrl Pts',(139.033297914466,94.4378398361187,8.));
#7033=CARTESIAN_POINT('Ctrl Pts',(139.035269450761,94.5435340716489,8.));
#7034=CARTESIAN_POINT('Ctrl Pts',(139.036020951078,94.5838220702711,8.));
#7035=CARTESIAN_POINT('Ctrl Pts',(139.036398981077,94.6458198695766,8.));
#7036=CARTESIAN_POINT('Ctrl Pts',(139.036399996283,94.6644364018446,8.));
#7037=CARTESIAN_POINT('Ctrl Pts',(139.036399997522,94.6644591235388,8.));
#7038=CARTESIAN_POINT('Ctrl Pts',(139.036399998761,94.664481845172,8.));
#7039=CARTESIAN_POINT('Ctrl Pts',(139.0364,94.6645045668277,8.));
#7040=CARTESIAN_POINT('',(139.0364,153.77862122718,8.));
#7041=CARTESIAN_POINT('',(139.0364,107.9963,8.));
#7042=CARTESIAN_POINT('',(138.072354591807,156.250337404419,8.));
#7043=CARTESIAN_POINT('Ctrl Pts',(139.0364,153.77862122718,8.));
#7044=CARTESIAN_POINT('Ctrl Pts',(139.0417766146,154.693206425101,8.));
#7045=CARTESIAN_POINT('Ctrl Pts',(138.696982399418,155.579366589926,8.));
#7046=CARTESIAN_POINT('Ctrl Pts',(138.072354591807,156.250337404419,8.));
#7047=CARTESIAN_POINT('',(135.568100886332,157.393977821553,8.));
#7048=CARTESIAN_POINT('Ctrl Pts',(138.072349882032,156.250342463616,8.));
#7049=CARTESIAN_POINT('Ctrl Pts',(137.423227291709,156.947622640908,8.));
#7050=CARTESIAN_POINT('Ctrl Pts',(136.520128404314,157.360036650512,8.));
#7051=CARTESIAN_POINT('Ctrl Pts',(135.568100886332,157.393977821553,8.));
#7052=CARTESIAN_POINT('',(135.4434,157.3962,8.));
#7053=CARTESIAN_POINT('Origin',(135.4434,153.8962,8.));
#7054=CARTESIAN_POINT('',(88.005748354729,157.3962,8.));
#7055=CARTESIAN_POINT('',(135.4434,154.8962,8.));
#7056=CARTESIAN_POINT('',(87.8672917238944,154.8962,8.));
#7057=CARTESIAN_POINT('',(135.479028824666,154.895565091872,8.));
#7058=CARTESIAN_POINT('Origin',(135.4434,153.8962,8.));
#7059=CARTESIAN_POINT('',(136.242524252009,154.546893561033,8.));
#7060=CARTESIAN_POINT('Ctrl Pts',(135.479028824666,154.895565091872,8.));
#7061=CARTESIAN_POINT('Ctrl Pts',(135.769308829804,154.885216185861,8.));
#7062=CARTESIAN_POINT('Ctrl Pts',(136.044602083345,154.759499325974,8.));
#7063=CARTESIAN_POINT('Ctrl Pts',(136.242524252009,154.546893561033,8.));
#7064=CARTESIAN_POINT('',(136.5364,153.788089767274,8.));
#7065=CARTESIAN_POINT('Ctrl Pts',(136.242525597659,154.546892115548,8.));
#7066=CARTESIAN_POINT('Ctrl Pts',(136.434167793142,154.341031411898,8.));
#7067=CARTESIAN_POINT('Ctrl Pts',(136.539387309266,154.068669521893,8.));
#7068=CARTESIAN_POINT('Ctrl Pts',(136.5364,153.788089767274,8.));
#7069=CARTESIAN_POINT('',(136.5364,94.6645727330203,8.));
#7070=CARTESIAN_POINT('',(136.5364,107.9963,8.));
#7071=CARTESIAN_POINT('',(136.158145665613,92.9668378141687,8.));
#7072=CARTESIAN_POINT('Ctrl Pts',(136.5364,94.6645727330203,8.));
#7073=CARTESIAN_POINT('Ctrl Pts',(136.536399999504,94.6645636444967,8.));
#7074=CARTESIAN_POINT('Ctrl Pts',(136.536399999009,94.6645545560077,8.));
#7075=CARTESIAN_POINT('Ctrl Pts',(136.536399998513,94.664545467559,8.));
#7076=CARTESIAN_POINT('Ctrl Pts',(136.536368000084,94.0777676111946,8.));
#7077=CARTESIAN_POINT('Ctrl Pts',(136.407220074973,93.49812455036,8.));
#7078=CARTESIAN_POINT('Ctrl Pts',(136.158145665613,92.9668378141688,8.));
#7079=CARTESIAN_POINT('',(129.315663619591,78.3696761154752,8.));
#7080=CARTESIAN_POINT('',(136.158145664858,92.9668378145226,8.));
#7081=CARTESIAN_POINT('',(127.822591234553,76.6808758272617,8.));
#7082=CARTESIAN_POINT('Ctrl Pts',(129.315663619591,78.3696761154744,8.));
#7083=CARTESIAN_POINT('Ctrl Pts',(128.990201001086,77.6753162132572,8.));
#7084=CARTESIAN_POINT('Ctrl Pts',(128.471826408307,77.0889875724274,8.));
#7085=CARTESIAN_POINT('Ctrl Pts',(127.822591234553,76.6808758272617,8.));
#7086=CARTESIAN_POINT('',(112.071141565109,66.7799446068897,8.));
#7087=CARTESIAN_POINT('',(127.822591234553,76.6808758272617,8.));
#7088=CARTESIAN_POINT('',(109.183725508187,66.2391529716078,8.));
#7089=CARTESIAN_POINT('Ctrl Pts',(112.071141565109,66.7799446068897,8.));
#7090=CARTESIAN_POINT('Ctrl Pts',(111.212348075354,66.2401739806548,8.));
#7091=CARTESIAN_POINT('Ctrl Pts',(110.179648643673,66.0467568340527,8.));
#7092=CARTESIAN_POINT('Ctrl Pts',(109.183725508187,66.2391529716078,8.));
#7093=CARTESIAN_POINT('',(24.7775001871616,82.5448578634989,8.));
#7094=CARTESIAN_POINT('',(109.183725508188,66.2391529716113,8.));
#7095=CARTESIAN_POINT('',(21.5363000000183,86.472312174336,8.));
#7096=CARTESIAN_POINT('Ctrl Pts',(24.7775001871616,82.5448578634989,8.));
#7097=CARTESIAN_POINT('Ctrl Pts',(22.9018592693528,82.9072468034647,8.));
#7098=CARTESIAN_POINT('Ctrl Pts',(21.5362592431068,84.5619854413791,8.));
#7099=CARTESIAN_POINT('Ctrl Pts',(21.5363000000183,86.4723121743349,8.));
#7100=CARTESIAN_POINT('',(21.5363000001038,135.447685589562,8.));
#7101=CARTESIAN_POINT('',(21.5363,86.4723121743365,8.));
#7102=CARTESIAN_POINT('',(23.2194940076927,138.70848121821,8.));
#7103=CARTESIAN_POINT('Ctrl Pts',(21.5363000001038,135.447685589562,8.));
#7104=CARTESIAN_POINT('Ctrl Pts',(21.5362813479188,136.742037980844,8.));
#7105=CARTESIAN_POINT('Ctrl Pts',(22.1643564696741,137.958789889716,8.));
#7106=CARTESIAN_POINT('Ctrl Pts',(23.2194940076935,138.708481218211,8.));
#7107=CARTESIAN_POINT('',(40.7276823677706,151.148472947703,8.));
#7108=CARTESIAN_POINT('',(23.2194940081249,138.7084812176,8.));
#7109=CARTESIAN_POINT('',(41.3744802064011,151.522467828366,8.));
#7110=CARTESIAN_POINT('Ctrl Pts',(40.7276823677706,151.148472947703,8.));
#7111=CARTESIAN_POINT('Ctrl Pts',(40.931134085874,151.293037969973,8.));
#7112=CARTESIAN_POINT('Ctrl Pts',(41.1476718848939,151.418247499863,8.));
#7113=CARTESIAN_POINT('Ctrl Pts',(41.3744631114697,151.522459973101,8.));
#7114=CARTESIAN_POINT('Ctrl Pts',(41.3744688096042,151.522462591442,8.));
#7115=CARTESIAN_POINT('Ctrl Pts',(41.3744745083111,151.522465210046,8.));
#7116=CARTESIAN_POINT('Ctrl Pts',(41.3744802064011,151.522467828366,8.));
#7117=CARTESIAN_POINT('',(59.022524087594,159.631087990143,8.));
#7118=CARTESIAN_POINT('',(41.3744802064011,151.522467828366,8.));
#7119=CARTESIAN_POINT('',(60.6925254418202,159.996299999919,8.));
#7120=CARTESIAN_POINT('Ctrl Pts',(59.022524087594,159.631087990143,8.));
#7121=CARTESIAN_POINT('Ctrl Pts',(59.022533016877,159.631092092179,8.));
#7122=CARTESIAN_POINT('Ctrl Pts',(59.0225419466472,159.631096194439,8.));
#7123=CARTESIAN_POINT('Ctrl Pts',(59.0225508759302,159.631100296475,8.));
#7124=CARTESIAN_POINT('Ctrl Pts',(59.5463714374708,159.87173897067,8.));
#7125=CARTESIAN_POINT('Ctrl Pts',(60.1160730515858,159.996325665752,8.));
#7126=CARTESIAN_POINT('Ctrl Pts',(60.6925254418201,159.996299999919,8.));
#7127=CARTESIAN_POINT('',(77.7053834477888,159.996299999863,8.));
#7128=CARTESIAN_POINT('',(60.6925254418203,159.9963,8.));
#7129=CARTESIAN_POINT('',(79.7634036810978,159.426288170547,8.));
#7130=CARTESIAN_POINT('Ctrl Pts',(77.705383447789,159.996299999863,8.));
#7131=CARTESIAN_POINT('Ctrl Pts',(78.4303026483891,159.996310499371,8.));
#7132=CARTESIAN_POINT('Ctrl Pts',(79.1417658485815,159.799259937278,8.));
#7133=CARTESIAN_POINT('Ctrl Pts',(79.7633846663109,159.426299579085,8.));
#7134=CARTESIAN_POINT('Ctrl Pts',(79.7633910036307,159.426295776805,8.));
#7135=CARTESIAN_POINT('Ctrl Pts',(79.7633973418929,159.426291973959,8.));
#7136=CARTESIAN_POINT('Ctrl Pts',(79.7634036810978,159.426288170547,8.));
#7137=CARTESIAN_POINT('',(86.8382846664926,155.181199578976,8.));
#7138=CARTESIAN_POINT('',(79.7633973405026,159.426291974793,8.));
#7139=CARTESIAN_POINT('',(87.8672917237937,154.8962,8.));
#7140=CARTESIAN_POINT('Ctrl Pts',(86.8382846664926,155.181199578976,8.));
#7141=CARTESIAN_POINT('Ctrl Pts',(87.1491698485815,154.994673937278,8.));
#7142=CARTESIAN_POINT('Ctrl Pts',(87.5047346483657,154.896193998879,8.));
#7143=CARTESIAN_POINT('Ctrl Pts',(87.8672834477888,154.896199999863,8.));
#7144=CARTESIAN_POINT('',(102.699997704476,154.8962,8.));
#7145=CARTESIAN_POINT('Origin',(135.4434,157.3962,0.));
#7146=CARTESIAN_POINT('',(135.4434,157.3962,1.5));
#7147=CARTESIAN_POINT('',(135.4434,157.3962,0.));
#7148=CARTESIAN_POINT('',(132.3827,157.3962,1.5));
#7149=CARTESIAN_POINT('',(107.239790588017,157.3962,1.5));
#7150=CARTESIAN_POINT('',(132.3827,157.3962,3.));
#7151=CARTESIAN_POINT('',(132.3827,157.3962,0.));
#7152=CARTESIAN_POINT('',(119.2827,157.3962,3.));
#7153=CARTESIAN_POINT('',(130.63805,157.3962,3.));
#7154=CARTESIAN_POINT('',(119.2827,157.3962,1.5));
#7155=CARTESIAN_POINT('',(119.2827,157.3962,0.));
#7156=CARTESIAN_POINT('',(88.005748354729,157.3962,1.5));
#7157=CARTESIAN_POINT('',(107.239790588017,157.3962,1.5));
#7158=CARTESIAN_POINT('',(88.005748354729,157.3962,0.));
#7159=CARTESIAN_POINT('Origin',(125.8327,156.1462,3.));
#7160=CARTESIAN_POINT('',(119.2827,154.8962,3.));
#7161=CARTESIAN_POINT('',(132.3827,154.8962,3.));
#7162=CARTESIAN_POINT('',(106.849995861947,154.8962,3.));
#7163=CARTESIAN_POINT('',(119.2827,158.416288566073,3.));
#7164=CARTESIAN_POINT('',(132.3827,158.416288566073,3.));
#7165=CARTESIAN_POINT('Origin',(107.239790588017,155.8962,1.5));
#7166=CARTESIAN_POINT('',(132.3827,155.8962,0.));
#7167=CARTESIAN_POINT('Origin',(132.3827,155.8962,1.5));
#7168=CARTESIAN_POINT('',(135.4434,155.8962,0.));
#7169=CARTESIAN_POINT('Origin',(135.4434,155.8962,1.5));
#7170=CARTESIAN_POINT('',(107.239790588017,155.8962,0.));
#7171=CARTESIAN_POINT('Origin',(107.239790588017,155.8962,1.5));
#7172=CARTESIAN_POINT('',(119.2827,155.8962,0.));
#7173=CARTESIAN_POINT('Origin',(119.2827,155.8962,1.5));
#7174=CARTESIAN_POINT('',(87.5902589789485,155.8962,0.));
#7175=CARTESIAN_POINT('',(107.239790588017,155.8962,0.));
#7176=CARTESIAN_POINT('Origin',(87.5902589789485,155.8962,1.5));
#7177=CARTESIAN_POINT('Origin',(79.0361811760341,112.988864444325,0.));
#7178=CARTESIAN_POINT('',(119.2827,153.8962,0.));
#7179=CARTESIAN_POINT('',(119.2827,135.192532222162,0.));
#7180=CARTESIAN_POINT('',(116.3927,153.8962,0.));
#7181=CARTESIAN_POINT('',(87.8673,153.8962,0.));
#7182=CARTESIAN_POINT('',(116.3927,116.1163,0.));
#7183=CARTESIAN_POINT('',(116.3927,153.8962,0.));
#7184=CARTESIAN_POINT('',(135.2727,116.1163,0.));
#7185=CARTESIAN_POINT('',(116.3927,116.1163,0.));
#7186=CARTESIAN_POINT('',(135.2727,153.8962,0.));
#7187=CARTESIAN_POINT('',(135.2727,116.1163,0.));
#7188=CARTESIAN_POINT('',(132.3827,153.8962,0.));
#7189=CARTESIAN_POINT('',(87.8673,153.8962,0.));
#7190=CARTESIAN_POINT('',(132.3827,133.942532222162,0.));
#7191=CARTESIAN_POINT('',(135.514657649332,155.894930183745,0.));
#7192=CARTESIAN_POINT('Origin',(135.4434,153.8962,0.));
#7193=CARTESIAN_POINT('',(136.974454504018,155.228273122066,0.));
#7194=CARTESIAN_POINT('Ctrl Pts',(136.974454504007,155.228273122062,0.));
#7195=CARTESIAN_POINT('Ctrl Pts',(136.967776913007,155.23544606771,0.));
#7196=CARTESIAN_POINT('Ctrl Pts',(136.95431961541,155.249699959209,0.));
#7197=CARTESIAN_POINT('Ctrl Pts',(136.927006214849,155.277829153437,0.));
#7198=CARTESIAN_POINT('Ctrl Pts',(136.878176172656,155.326045190081,0.));
#7199=CARTESIAN_POINT('Ctrl Pts',(136.776515196196,155.418309178978,0.));
#7200=CARTESIAN_POINT('Ctrl Pts',(136.620539123963,155.537588515282,0.));
#7201=CARTESIAN_POINT('Ctrl Pts',(136.418504125168,155.658829588396,0.));
#7202=CARTESIAN_POINT('Ctrl Pts',(136.061301663197,155.822038698731,0.));
#7203=CARTESIAN_POINT('Ctrl Pts',(135.749765258836,155.886548254193,0.));
#7204=CARTESIAN_POINT('Ctrl Pts',(135.514657649333,155.894930183745,0.));
#7205=CARTESIAN_POINT('',(137.536395364643,153.783030351365,0.));
#7206=CARTESIAN_POINT('Ctrl Pts',(137.536395364643,153.783030351365,0.));
#7207=CARTESIAN_POINT('Ctrl Pts',(137.538206353939,154.00992052305,0.));
#7208=CARTESIAN_POINT('Ctrl Pts',(137.491011651845,154.312814393298,0.));
#7209=CARTESIAN_POINT('Ctrl Pts',(137.353708918849,154.665773744742,0.));
#7210=CARTESIAN_POINT('Ctrl Pts',(137.248987490007,154.867442064282,0.));
#7211=CARTESIAN_POINT('Ctrl Pts',(137.144046628962,155.025085195495,0.));
#7212=CARTESIAN_POINT('Ctrl Pts',(137.061980985229,155.128997774635,0.));
#7213=CARTESIAN_POINT('Ctrl Pts',(137.018885718996,155.179231604289,0.));
#7214=CARTESIAN_POINT('Ctrl Pts',(136.993685124249,155.207428017033,0.));
#7215=CARTESIAN_POINT('Ctrl Pts',(136.980895679574,155.221354036817,0.));
#7216=CARTESIAN_POINT('Ctrl Pts',(136.974454504022,155.228273122066,0.));
#7217=CARTESIAN_POINT('',(137.5364,94.6645454661868,0.));
#7218=CARTESIAN_POINT('',(137.5364,103.826684505878,0.));
#7219=CARTESIAN_POINT('',(137.063602319967,92.5423990684929,0.));
#7220=CARTESIAN_POINT('Ctrl Pts',(137.063602319967,92.5423990684929,0.));
#7221=CARTESIAN_POINT('Ctrl Pts',(137.15202771253,92.731018927255,0.));
#7222=CARTESIAN_POINT('Ctrl Pts',(137.305911814336,93.121196954548,0.));
#7223=CARTESIAN_POINT('Ctrl Pts',(137.435259567889,93.6268009220773,0.));
#7224=CARTESIAN_POINT('Ctrl Pts',(137.500448323787,94.0394662919129,0.));
#7225=CARTESIAN_POINT('Ctrl Pts',(137.52497265921,94.2997371073483,0.));
#7226=CARTESIAN_POINT('Ctrl Pts',(137.533541207674,94.4821930678553,0.));
#7227=CARTESIAN_POINT('Ctrl Pts',(137.535990175717,94.5864359843592,0.));
#7228=CARTESIAN_POINT('Ctrl Pts',(137.536398344284,94.6385208662767,0.));
#7229=CARTESIAN_POINT('Ctrl Pts',(137.536399999793,94.6645454661854,0.));
#7230=CARTESIAN_POINT('',(130.221148075372,77.9452966829265,0.));
#7231=CARTESIAN_POINT('',(132.344535093472,82.475147611437,0.));
#7232=CARTESIAN_POINT('',(128.354752990319,75.8342331240437,0.));
#7233=CARTESIAN_POINT('Ctrl Pts',(128.354752990305,75.8342331240686,0.));
#7234=CARTESIAN_POINT('Ctrl Pts',(128.383440408369,75.8522662826407,0.));
#7235=CARTESIAN_POINT('Ctrl Pts',(128.440514788769,75.888971426377,0.));
#7236=CARTESIAN_POINT('Ctrl Pts',(128.553215289399,75.9646924447732,0.));
#7237=CARTESIAN_POINT('Ctrl Pts',(128.857654413424,76.1832928636519,0.));
#7238=CARTESIAN_POINT('Ctrl Pts',(129.522478561761,76.7709855907679,0.));
#7239=CARTESIAN_POINT('Ctrl Pts',(129.990996777855,77.4542792112428,0.));
#7240=CARTESIAN_POINT('Ctrl Pts',(130.221131869528,77.9452621096304,0.));
#7241=CARTESIAN_POINT('',(112.603260070326,65.9332747201287,0.));
#7242=CARTESIAN_POINT('',(111.173526834052,65.0345834422323,0.));
#7243=CARTESIAN_POINT('',(108.994048730685,65.2573063847743,0.));
#7244=CARTESIAN_POINT('Ctrl Pts',(108.994048730685,65.2573063847743,0.));
#7245=CARTESIAN_POINT('Ctrl Pts',(109.521412640714,65.1554282620958,0.));
#7246=CARTESIAN_POINT('Ctrl Pts',(110.246609220601,65.1340037625573,0.));
#7247=CARTESIAN_POINT('Ctrl Pts',(111.127753879303,65.2992405907153,0.));
#7248=CARTESIAN_POINT('Ctrl Pts',(111.642817473061,65.4542781013555,0.));
#7249=CARTESIAN_POINT('Ctrl Pts',(112.055709374789,65.6288578075983,0.));
#7250=CARTESIAN_POINT('Ctrl Pts',(112.333645580818,65.7737501280451,0.));
#7251=CARTESIAN_POINT('Ctrl Pts',(112.488949813708,65.862849084316,0.));
#7252=CARTESIAN_POINT('Ctrl Pts',(112.56537259645,65.9094619294029,0.));
#7253=CARTESIAN_POINT('Ctrl Pts',(112.603260070277,65.9332747202068,0.));
#7254=CARTESIAN_POINT('',(24.5877623925232,81.5630230648796,0.));
#7255=CARTESIAN_POINT('',(47.906304172701,77.0583166957667,0.));
#7256=CARTESIAN_POINT('',(20.5362999998494,86.4723129574894,0.));
#7257=CARTESIAN_POINT('Ctrl Pts',(20.5362999998494,86.4723129574894,0.));
#7258=CARTESIAN_POINT('Ctrl Pts',(20.5362829897633,85.4866266689169,0.));
#7259=CARTESIAN_POINT('Ctrl Pts',(21.2356634204448,83.1846231023402,0.));
#7260=CARTESIAN_POINT('Ctrl Pts',(23.2973928134946,81.8123437872332,0.));
#7261=CARTESIAN_POINT('Ctrl Pts',(24.5877623926503,81.5630230655238,0.));
#7262=CARTESIAN_POINT('',(20.5363000003634,135.447649563458,0.));
#7263=CARTESIAN_POINT('',(20.5363000002967,124.218257004065,0.));
#7264=CARTESIAN_POINT('',(22.6402928612526,139.523665879475,0.));
#7265=CARTESIAN_POINT('Ctrl Pts',(22.6402928612526,139.523665879475,0.));
#7266=CARTESIAN_POINT('Ctrl Pts',(21.900384949474,138.997950012721,0.));
#7267=CARTESIAN_POINT('Ctrl Pts',(20.8647301354696,137.717360424858,0.));
#7268=CARTESIAN_POINT('Ctrl Pts',(20.5362901904084,136.128413788921,0.));
#7269=CARTESIAN_POINT('Ctrl Pts',(20.5363000002076,135.447671179124,0.));
#7270=CARTESIAN_POINT('',(40.1484254505778,151.963617981563,0.));
#7271=CARTESIAN_POINT('',(43.8681614591989,154.606580475918,0.));
#7272=CARTESIAN_POINT('',(40.95696041223,152.431135656469,0.));
#7273=CARTESIAN_POINT('Ctrl Pts',(40.9569604122633,152.431135656396,0.));
#7274=CARTESIAN_POINT('Ctrl Pts',(40.9164980192282,152.412542570593,0.));
#7275=CARTESIAN_POINT('Ctrl Pts',(40.7958385598589,152.355134753702,0.));
#7276=CARTESIAN_POINT('Ctrl Pts',(40.5198061952627,152.209967689685,0.));
#7277=CARTESIAN_POINT('Ctrl Pts',(40.2936837084196,152.066832952459,0.));
#7278=CARTESIAN_POINT('Ctrl Pts',(40.1484560055347,151.963639692174,0.));
#7279=CARTESIAN_POINT('',(58.6050481752858,160.539775980331,0.));
#7280=CARTESIAN_POINT('',(58.0201718105636,160.271047031385,0.));
#7281=CARTESIAN_POINT('',(60.6925271535565,160.996300000651,0.));
#7282=CARTESIAN_POINT('Ctrl Pts',(60.6925271535565,160.996300000651,0.));
#7283=CARTESIAN_POINT('Ctrl Pts',(60.3854826888551,160.99631104258,0.));
#7284=CARTESIAN_POINT('Ctrl Pts',(59.8714536543404,160.948720477667,0.));
#7285=CARTESIAN_POINT('Ctrl Pts',(59.2747933066499,160.798777897845,0.));
#7286=CARTESIAN_POINT('Ctrl Pts',(58.935326962772,160.679398986105,0.));
#7287=CARTESIAN_POINT('Ctrl Pts',(58.7690241434676,160.61207266236,0.));
#7288=CARTESIAN_POINT('Ctrl Pts',(58.6749501632977,160.57145793968,0.));
#7289=CARTESIAN_POINT('Ctrl Pts',(58.6282843106468,160.550450185479,0.));
#7290=CARTESIAN_POINT('Ctrl Pts',(58.605048175387,160.539775980111,0.));
#7291=CARTESIAN_POINT('',(77.7053834478255,160.996299999863,0.));
#7292=CARTESIAN_POINT('',(78.3707823116725,160.99629999987,0.));
#7293=CARTESIAN_POINT('',(80.2778946805784,160.283783949842,0.));
#7294=CARTESIAN_POINT('Ctrl Pts',(80.2778946805508,160.2837839498,0.));
#7295=CARTESIAN_POINT('Ctrl Pts',(80.2504005255687,160.300279790934,0.));
#7296=CARTESIAN_POINT('Ctrl Pts',(80.1950252516789,160.332773305202,0.));
#7297=CARTESIAN_POINT('Ctrl Pts',(80.0830126321458,160.395666591654,0.));
#7298=CARTESIAN_POINT('Ctrl Pts',(79.7689609078458,160.560052065843,0.));
#7299=CARTESIAN_POINT('Ctrl Pts',(78.9917683639705,160.876294069688,0.));
#7300=CARTESIAN_POINT('Ctrl Pts',(78.2185260319725,160.996305227347,0.));
#7301=CARTESIAN_POINT('Ctrl Pts',(77.7053987282154,160.996300000152,0.));
#7302=CARTESIAN_POINT('',(93.7323236724716,152.210822279664,0.));
#7303=CARTESIAN_POINT('',(93.1644,149.8478,0.));
#7304=CARTESIAN_POINT('',(93.517953,149.701353,0.));
#7305=CARTESIAN_POINT('Ctrl Pts',(93.1644,149.8478,0.));
#7306=CARTESIAN_POINT('Ctrl Pts',(93.297008,149.8478,0.));
#7307=CARTESIAN_POINT('Ctrl Pts',(93.424185,149.795122,0.));
#7308=CARTESIAN_POINT('Ctrl Pts',(93.517953,149.701353,0.));
#7309=CARTESIAN_POINT('',(80.2644,149.8478,0.));
#7310=CARTESIAN_POINT('',(80.2644,149.8478,0.));
#7311=CARTESIAN_POINT('',(79.910847,149.701353,0.));
#7312=CARTESIAN_POINT('Ctrl Pts',(79.910847,149.701353,0.));
#7313=CARTESIAN_POINT('Ctrl Pts',(80.004615,149.795122,0.));
#7314=CARTESIAN_POINT('Ctrl Pts',(80.131792,149.8478,0.));
#7315=CARTESIAN_POINT('Ctrl Pts',(80.2644,149.8478,0.));
#7316=CARTESIAN_POINT('',(79.7644,149.3478,0.));
#7317=CARTESIAN_POINT('Ctrl Pts',(79.7644,149.3478,0.));
#7318=CARTESIAN_POINT('Ctrl Pts',(79.7644,149.480408,0.));
#7319=CARTESIAN_POINT('Ctrl Pts',(79.817078,149.607585,0.));
#7320=CARTESIAN_POINT('Ctrl Pts',(79.910847,149.701353,0.));
#7321=CARTESIAN_POINT('',(79.7644,136.4478,0.));
#7322=CARTESIAN_POINT('',(79.7644,136.4478,0.));
#7323=CARTESIAN_POINT('',(79.910847,136.094247,0.));
#7324=CARTESIAN_POINT('Ctrl Pts',(79.910847,136.094247,0.));
#7325=CARTESIAN_POINT('Ctrl Pts',(79.817078,136.188015,0.));
#7326=CARTESIAN_POINT('Ctrl Pts',(79.7644,136.315192,0.));
#7327=CARTESIAN_POINT('Ctrl Pts',(79.7644,136.4478,0.));
#7328=CARTESIAN_POINT('',(80.2644,135.9478,0.));
#7329=CARTESIAN_POINT('Ctrl Pts',(80.2644,135.9478,0.));
#7330=CARTESIAN_POINT('Ctrl Pts',(80.131792,135.9478,0.));
#7331=CARTESIAN_POINT('Ctrl Pts',(80.004615,136.000478,0.));
#7332=CARTESIAN_POINT('Ctrl Pts',(79.910847,136.094247,0.));
#7333=CARTESIAN_POINT('',(93.1644,135.9478,0.));
#7334=CARTESIAN_POINT('',(93.1644,135.9478,0.));
#7335=CARTESIAN_POINT('',(93.517953,136.094247,0.));
#7336=CARTESIAN_POINT('Ctrl Pts',(93.517953,136.094247,0.));
#7337=CARTESIAN_POINT('Ctrl Pts',(93.424185,136.000478,0.));
#7338=CARTESIAN_POINT('Ctrl Pts',(93.297008,135.9478,0.));
#7339=CARTESIAN_POINT('Ctrl Pts',(93.1644,135.9478,0.));
#7340=CARTESIAN_POINT('',(93.6644,136.4478,0.));
#7341=CARTESIAN_POINT('Ctrl Pts',(93.6644,136.4478,0.));
#7342=CARTESIAN_POINT('Ctrl Pts',(93.6644,136.315192,0.));
#7343=CARTESIAN_POINT('Ctrl Pts',(93.611722,136.188015,0.));
#7344=CARTESIAN_POINT('Ctrl Pts',(93.517953,136.094247,0.));
#7345=CARTESIAN_POINT('',(93.6644,149.3478,0.));
#7346=CARTESIAN_POINT('',(93.6644,149.3478,0.));
#7347=CARTESIAN_POINT('Ctrl Pts',(93.517953,149.701353,0.));
#7348=CARTESIAN_POINT('Ctrl Pts',(93.611722,149.607585,0.));
#7349=CARTESIAN_POINT('Ctrl Pts',(93.6644,149.480408,0.));
#7350=CARTESIAN_POINT('Ctrl Pts',(93.6644,149.3478,0.));
#7351=CARTESIAN_POINT('',(80.0317,91.1865,0.));
#7352=CARTESIAN_POINT('',(80.6109,91.592,0.));
#7353=CARTESIAN_POINT('Ctrl Pts',(80.0317,91.1865,0.));
#7354=CARTESIAN_POINT('Ctrl Pts',(80.07969,91.458402,0.));
#7355=CARTESIAN_POINT('Ctrl Pts',(80.338989,91.639938,0.));
#7356=CARTESIAN_POINT('Ctrl Pts',(80.6109,91.592,0.));
#7357=CARTESIAN_POINT('',(77.7917,78.4824,0.));
#7358=CARTESIAN_POINT('',(77.7917,78.4824,0.));
#7359=CARTESIAN_POINT('',(78.1972,77.9032,0.));
#7360=CARTESIAN_POINT('Ctrl Pts',(78.1972,77.9032,0.));
#7361=CARTESIAN_POINT('Ctrl Pts',(77.925298,77.95119,0.));
#7362=CARTESIAN_POINT('Ctrl Pts',(77.743762,78.210489,0.));
#7363=CARTESIAN_POINT('Ctrl Pts',(77.7917,78.4824,0.));
#7364=CARTESIAN_POINT('',(90.9013,75.6632,0.));
#7365=CARTESIAN_POINT('',(90.9013,75.6632,0.));
#7366=CARTESIAN_POINT('',(91.4805,76.0687,0.));
#7367=CARTESIAN_POINT('Ctrl Pts',(91.4805,76.0687,0.));
#7368=CARTESIAN_POINT('Ctrl Pts',(91.43251,75.796798,0.));
#7369=CARTESIAN_POINT('Ctrl Pts',(91.173211,75.615262,0.));
#7370=CARTESIAN_POINT('Ctrl Pts',(90.9013,75.6632,0.));
#7371=CARTESIAN_POINT('',(93.7205,88.7728,0.));
#7372=CARTESIAN_POINT('',(93.7205,88.7728,0.));
#7373=CARTESIAN_POINT('',(93.315,89.352,0.));
#7374=CARTESIAN_POINT('Ctrl Pts',(93.315,89.352,0.));
#7375=CARTESIAN_POINT('Ctrl Pts',(93.586902,89.30401,0.));
#7376=CARTESIAN_POINT('Ctrl Pts',(93.768438,89.044711,0.));
#7377=CARTESIAN_POINT('Ctrl Pts',(93.7205,88.7728,0.));
#7378=CARTESIAN_POINT('',(80.6109,91.592,0.));
#7379=CARTESIAN_POINT('',(128.249967855901,104.107183926121,0.));
#7380=CARTESIAN_POINT('Origin',(129.499967855901,104.107183926121,0.));
#7381=CARTESIAN_POINT('',(75.3868447423186,75.6048748695136,0.));
#7382=CARTESIAN_POINT('',(48.020829924441,80.8914773680962,0.));
#7383=CARTESIAN_POINT('',(48.020829924441,80.8914773680962,0.));
#7384=CARTESIAN_POINT('',(75.3868447423186,98.2834683814118,0.));
#7385=CARTESIAN_POINT('',(75.3868447423186,98.2834683814118,0.));
#7386=CARTESIAN_POINT('',(48.020829924441,98.2834683814118,0.));
#7387=CARTESIAN_POINT('',(48.020829924441,98.2834683814118,0.));
#7388=CARTESIAN_POINT('',(48.020829924441,80.8914773680962,0.));
#7389=CARTESIAN_POINT('',(117.9545,77.963067852242,0.));
#7390=CARTESIAN_POINT('Origin',(119.2045,77.963067852242,0.));
#7391=CARTESIAN_POINT('',(36.2827,140.8038,0.));
#7392=CARTESIAN_POINT('Origin',(37.5327,140.8038,0.));
#7393=CARTESIAN_POINT('',(39.1644,134.8478,0.));
#7394=CARTESIAN_POINT('',(39.517953,134.701353,0.));
#7395=CARTESIAN_POINT('Ctrl Pts',(39.1644,134.8478,0.));
#7396=CARTESIAN_POINT('Ctrl Pts',(39.297008,134.8478,0.));
#7397=CARTESIAN_POINT('Ctrl Pts',(39.424185,134.795122,0.));
#7398=CARTESIAN_POINT('Ctrl Pts',(39.517953,134.701353,0.));
#7399=CARTESIAN_POINT('',(26.2644,134.8478,0.));
#7400=CARTESIAN_POINT('',(26.2644,134.8478,0.));
#7401=CARTESIAN_POINT('',(25.910847,134.701353,0.));
#7402=CARTESIAN_POINT('Ctrl Pts',(25.910847,134.701353,0.));
#7403=CARTESIAN_POINT('Ctrl Pts',(26.004615,134.795122,0.));
#7404=CARTESIAN_POINT('Ctrl Pts',(26.131792,134.8478,0.));
#7405=CARTESIAN_POINT('Ctrl Pts',(26.2644,134.8478,0.));
#7406=CARTESIAN_POINT('',(25.7644,134.3478,0.));
#7407=CARTESIAN_POINT('Ctrl Pts',(25.7644,134.3478,0.));
#7408=CARTESIAN_POINT('Ctrl Pts',(25.7644,134.480408,0.));
#7409=CARTESIAN_POINT('Ctrl Pts',(25.817078,134.607585,0.));
#7410=CARTESIAN_POINT('Ctrl Pts',(25.910847,134.701353,0.));
#7411=CARTESIAN_POINT('',(25.7644,121.4478,0.));
#7412=CARTESIAN_POINT('',(25.7644,121.4478,0.));
#7413=CARTESIAN_POINT('',(25.910847,121.094247,0.));
#7414=CARTESIAN_POINT('Ctrl Pts',(25.910847,121.094247,0.));
#7415=CARTESIAN_POINT('Ctrl Pts',(25.817078,121.188015,0.));
#7416=CARTESIAN_POINT('Ctrl Pts',(25.7644,121.315192,0.));
#7417=CARTESIAN_POINT('Ctrl Pts',(25.7644,121.4478,0.));
#7418=CARTESIAN_POINT('',(26.2644,120.9478,0.));
#7419=CARTESIAN_POINT('Ctrl Pts',(26.2644,120.9478,0.));
#7420=CARTESIAN_POINT('Ctrl Pts',(26.131792,120.9478,0.));
#7421=CARTESIAN_POINT('Ctrl Pts',(26.004615,121.000478,0.));
#7422=CARTESIAN_POINT('Ctrl Pts',(25.910847,121.094247,0.));
#7423=CARTESIAN_POINT('',(39.1644,120.9478,0.));
#7424=CARTESIAN_POINT('',(39.1644,120.9478,0.));
#7425=CARTESIAN_POINT('',(39.517953,121.094247,0.));
#7426=CARTESIAN_POINT('Ctrl Pts',(39.517953,121.094247,0.));
#7427=CARTESIAN_POINT('Ctrl Pts',(39.424185,121.000478,0.));
#7428=CARTESIAN_POINT('Ctrl Pts',(39.297008,120.9478,0.));
#7429=CARTESIAN_POINT('Ctrl Pts',(39.1644,120.9478,0.));
#7430=CARTESIAN_POINT('',(39.6644,121.4478,0.));
#7431=CARTESIAN_POINT('Ctrl Pts',(39.6644,121.4478,0.));
#7432=CARTESIAN_POINT('Ctrl Pts',(39.6644,121.315192,0.));
#7433=CARTESIAN_POINT('Ctrl Pts',(39.611722,121.188015,0.));
#7434=CARTESIAN_POINT('Ctrl Pts',(39.517953,121.094247,0.));
#7435=CARTESIAN_POINT('',(39.6644,134.3478,0.));
#7436=CARTESIAN_POINT('',(39.6644,134.3478,0.));
#7437=CARTESIAN_POINT('Ctrl Pts',(39.517953,134.701353,0.));
#7438=CARTESIAN_POINT('Ctrl Pts',(39.611722,134.607585,0.));
#7439=CARTESIAN_POINT('Ctrl Pts',(39.6644,134.480408,0.));
#7440=CARTESIAN_POINT('Ctrl Pts',(39.6644,134.3478,0.));
#7441=CARTESIAN_POINT('',(93.1644,132.8478,0.));
#7442=CARTESIAN_POINT('',(93.517953,132.701353,0.));
#7443=CARTESIAN_POINT('Ctrl Pts',(93.1644,132.8478,0.));
#7444=CARTESIAN_POINT('Ctrl Pts',(93.297008,132.8478,0.));
#7445=CARTESIAN_POINT('Ctrl Pts',(93.424185,132.795122,0.));
#7446=CARTESIAN_POINT('Ctrl Pts',(93.517953,132.701353,0.));
#7447=CARTESIAN_POINT('',(80.2644,132.8478,0.));
#7448=CARTESIAN_POINT('',(80.2644,132.8478,0.));
#7449=CARTESIAN_POINT('',(79.910847,132.701353,0.));
#7450=CARTESIAN_POINT('Ctrl Pts',(79.910847,132.701353,0.));
#7451=CARTESIAN_POINT('Ctrl Pts',(80.004615,132.795122,0.));
#7452=CARTESIAN_POINT('Ctrl Pts',(80.131792,132.8478,0.));
#7453=CARTESIAN_POINT('Ctrl Pts',(80.2644,132.8478,0.));
#7454=CARTESIAN_POINT('',(79.7644,132.3478,0.));
#7455=CARTESIAN_POINT('Ctrl Pts',(79.7644,132.3478,0.));
#7456=CARTESIAN_POINT('Ctrl Pts',(79.7644,132.480408,0.));
#7457=CARTESIAN_POINT('Ctrl Pts',(79.817078,132.607585,0.));
#7458=CARTESIAN_POINT('Ctrl Pts',(79.910847,132.701353,0.));
#7459=CARTESIAN_POINT('',(79.7644,119.4478,0.));
#7460=CARTESIAN_POINT('',(79.7644,119.4478,0.));
#7461=CARTESIAN_POINT('',(79.910847,119.094247,0.));
#7462=CARTESIAN_POINT('Ctrl Pts',(79.910847,119.094247,0.));
#7463=CARTESIAN_POINT('Ctrl Pts',(79.817078,119.188015,0.));
#7464=CARTESIAN_POINT('Ctrl Pts',(79.7644,119.315192,0.));
#7465=CARTESIAN_POINT('Ctrl Pts',(79.7644,119.4478,0.));
#7466=CARTESIAN_POINT('',(80.2644,118.9478,0.));
#7467=CARTESIAN_POINT('Ctrl Pts',(80.2644,118.9478,0.));
#7468=CARTESIAN_POINT('Ctrl Pts',(80.131792,118.9478,0.));
#7469=CARTESIAN_POINT('Ctrl Pts',(80.004615,119.000478,0.));
#7470=CARTESIAN_POINT('Ctrl Pts',(79.910847,119.094247,0.));
#7471=CARTESIAN_POINT('',(93.1644,118.9478,0.));
#7472=CARTESIAN_POINT('',(93.1644,118.9478,0.));
#7473=CARTESIAN_POINT('',(93.517953,119.094247,0.));
#7474=CARTESIAN_POINT('Ctrl Pts',(93.517953,119.094247,0.));
#7475=CARTESIAN_POINT('Ctrl Pts',(93.424185,119.000478,0.));
#7476=CARTESIAN_POINT('Ctrl Pts',(93.297008,118.9478,0.));
#7477=CARTESIAN_POINT('Ctrl Pts',(93.1644,118.9478,0.));
#7478=CARTESIAN_POINT('',(93.6644,119.4478,0.));
#7479=CARTESIAN_POINT('Ctrl Pts',(93.6644,119.4478,0.));
#7480=CARTESIAN_POINT('Ctrl Pts',(93.6644,119.315192,0.));
#7481=CARTESIAN_POINT('Ctrl Pts',(93.611722,119.188015,0.));
#7482=CARTESIAN_POINT('Ctrl Pts',(93.517953,119.094247,0.));
#7483=CARTESIAN_POINT('',(93.6644,132.3478,0.));
#7484=CARTESIAN_POINT('',(93.6644,132.3478,0.));
#7485=CARTESIAN_POINT('Ctrl Pts',(93.517953,132.701353,0.));
#7486=CARTESIAN_POINT('Ctrl Pts',(93.611722,132.607585,0.));
#7487=CARTESIAN_POINT('Ctrl Pts',(93.6644,132.480408,0.));
#7488=CARTESIAN_POINT('Ctrl Pts',(93.6644,132.3478,0.));
#7489=CARTESIAN_POINT('',(100.4578,87.2175,0.));
#7490=CARTESIAN_POINT('',(101.0986,87.5163,0.));
#7491=CARTESIAN_POINT('Ctrl Pts',(100.4578,87.2175,0.));
#7492=CARTESIAN_POINT('Ctrl Pts',(100.552261,87.476944,0.));
#7493=CARTESIAN_POINT('Ctrl Pts',(100.839138,87.610713,0.));
#7494=CARTESIAN_POINT('Ctrl Pts',(101.0986,87.5163,0.));
#7495=CARTESIAN_POINT('',(96.0457,75.0954,0.));
#7496=CARTESIAN_POINT('',(96.0457,75.0954,0.));
#7497=CARTESIAN_POINT('',(96.3445,74.4546,0.));
#7498=CARTESIAN_POINT('Ctrl Pts',(96.3445,74.4546,0.));
#7499=CARTESIAN_POINT('Ctrl Pts',(96.085056,74.549061,0.));
#7500=CARTESIAN_POINT('Ctrl Pts',(95.951287,74.835938,0.));
#7501=CARTESIAN_POINT('Ctrl Pts',(96.0457,75.0954,0.));
#7502=CARTESIAN_POINT('',(108.4666,70.0425,0.));
#7503=CARTESIAN_POINT('',(108.4666,70.0425,0.));
#7504=CARTESIAN_POINT('',(109.1074,70.3413,0.));
#7505=CARTESIAN_POINT('Ctrl Pts',(109.1074,70.3413,0.));
#7506=CARTESIAN_POINT('Ctrl Pts',(109.012939,70.081856,0.));
#7507=CARTESIAN_POINT('Ctrl Pts',(108.726062,69.948087,0.));
#7508=CARTESIAN_POINT('Ctrl Pts',(108.4666,70.0425,0.));
#7509=CARTESIAN_POINT('',(113.5195,82.4634,0.));
#7510=CARTESIAN_POINT('',(113.5195,82.4634,0.));
#7511=CARTESIAN_POINT('',(113.2207,83.1042,0.));
#7512=CARTESIAN_POINT('Ctrl Pts',(113.2207,83.1042,0.));
#7513=CARTESIAN_POINT('Ctrl Pts',(113.480144,83.009739,0.));
#7514=CARTESIAN_POINT('Ctrl Pts',(113.613913,82.722862,0.));
#7515=CARTESIAN_POINT('Ctrl Pts',(113.5195,82.4634,0.));
#7516=CARTESIAN_POINT('',(101.0986,87.5163,0.));
#7517=CARTESIAN_POINT('',(111.1644,141.6928,0.));
#7518=CARTESIAN_POINT('',(111.517953,141.546353,0.));
#7519=CARTESIAN_POINT('Ctrl Pts',(111.1644,141.6928,0.));
#7520=CARTESIAN_POINT('Ctrl Pts',(111.297008,141.6928,0.));
#7521=CARTESIAN_POINT('Ctrl Pts',(111.424185,141.640122,0.));
#7522=CARTESIAN_POINT('Ctrl Pts',(111.517953,141.546353,0.));
#7523=CARTESIAN_POINT('',(98.2644,141.6928,0.));
#7524=CARTESIAN_POINT('',(98.2644,141.6928,0.));
#7525=CARTESIAN_POINT('',(97.910847,141.546353,0.));
#7526=CARTESIAN_POINT('Ctrl Pts',(97.910847,141.546353,0.));
#7527=CARTESIAN_POINT('Ctrl Pts',(98.004615,141.640122,0.));
#7528=CARTESIAN_POINT('Ctrl Pts',(98.131792,141.6928,0.));
#7529=CARTESIAN_POINT('Ctrl Pts',(98.2644,141.6928,0.));
#7530=CARTESIAN_POINT('',(97.7644,141.1928,0.));
#7531=CARTESIAN_POINT('Ctrl Pts',(97.7644,141.1928,0.));
#7532=CARTESIAN_POINT('Ctrl Pts',(97.7644,141.325408,0.));
#7533=CARTESIAN_POINT('Ctrl Pts',(97.817078,141.452585,0.));
#7534=CARTESIAN_POINT('Ctrl Pts',(97.910847,141.546353,0.));
#7535=CARTESIAN_POINT('',(97.7644,128.2928,0.));
#7536=CARTESIAN_POINT('',(97.7644,128.2928,0.));
#7537=CARTESIAN_POINT('',(97.910847,127.939247,0.));
#7538=CARTESIAN_POINT('Ctrl Pts',(97.910847,127.939247,0.));
#7539=CARTESIAN_POINT('Ctrl Pts',(97.817078,128.033015,0.));
#7540=CARTESIAN_POINT('Ctrl Pts',(97.7644,128.160192,0.));
#7541=CARTESIAN_POINT('Ctrl Pts',(97.7644,128.2928,0.));
#7542=CARTESIAN_POINT('',(98.2644,127.7928,0.));
#7543=CARTESIAN_POINT('Ctrl Pts',(98.2644,127.7928,0.));
#7544=CARTESIAN_POINT('Ctrl Pts',(98.131792,127.7928,0.));
#7545=CARTESIAN_POINT('Ctrl Pts',(98.004615,127.845478,0.));
#7546=CARTESIAN_POINT('Ctrl Pts',(97.910847,127.939247,0.));
#7547=CARTESIAN_POINT('',(111.1644,127.7928,0.));
#7548=CARTESIAN_POINT('',(111.1644,127.7928,0.));
#7549=CARTESIAN_POINT('',(111.517953,127.939247,0.));
#7550=CARTESIAN_POINT('Ctrl Pts',(111.517953,127.939247,0.));
#7551=CARTESIAN_POINT('Ctrl Pts',(111.424185,127.845478,0.));
#7552=CARTESIAN_POINT('Ctrl Pts',(111.297008,127.7928,0.));
#7553=CARTESIAN_POINT('Ctrl Pts',(111.1644,127.7928,0.));
#7554=CARTESIAN_POINT('',(111.6644,128.2928,0.));
#7555=CARTESIAN_POINT('Ctrl Pts',(111.6644,128.2928,0.));
#7556=CARTESIAN_POINT('Ctrl Pts',(111.6644,128.160192,0.));
#7557=CARTESIAN_POINT('Ctrl Pts',(111.611722,128.033015,0.));
#7558=CARTESIAN_POINT('Ctrl Pts',(111.517953,127.939247,0.));
#7559=CARTESIAN_POINT('',(111.6644,141.1928,0.));
#7560=CARTESIAN_POINT('',(111.6644,141.1928,0.));
#7561=CARTESIAN_POINT('Ctrl Pts',(111.517953,141.546353,0.));
#7562=CARTESIAN_POINT('Ctrl Pts',(111.611722,141.452585,0.));
#7563=CARTESIAN_POINT('Ctrl Pts',(111.6644,141.325408,0.));
#7564=CARTESIAN_POINT('Ctrl Pts',(111.6644,141.1928,0.));
#7565=CARTESIAN_POINT('',(93.1644,115.8478,0.));
#7566=CARTESIAN_POINT('',(93.517953,115.701353,0.));
#7567=CARTESIAN_POINT('Ctrl Pts',(93.1644,115.8478,0.));
#7568=CARTESIAN_POINT('Ctrl Pts',(93.297008,115.8478,0.));
#7569=CARTESIAN_POINT('Ctrl Pts',(93.424185,115.795122,0.));
#7570=CARTESIAN_POINT('Ctrl Pts',(93.517953,115.701353,0.));
#7571=CARTESIAN_POINT('',(80.2644,115.8478,0.));
#7572=CARTESIAN_POINT('',(80.2644,115.8478,0.));
#7573=CARTESIAN_POINT('',(79.910847,115.701353,0.));
#7574=CARTESIAN_POINT('Ctrl Pts',(79.910847,115.701353,0.));
#7575=CARTESIAN_POINT('Ctrl Pts',(80.004615,115.795122,0.));
#7576=CARTESIAN_POINT('Ctrl Pts',(80.131792,115.8478,0.));
#7577=CARTESIAN_POINT('Ctrl Pts',(80.2644,115.8478,0.));
#7578=CARTESIAN_POINT('',(79.7644,115.3478,0.));
#7579=CARTESIAN_POINT('Ctrl Pts',(79.7644,115.3478,0.));
#7580=CARTESIAN_POINT('Ctrl Pts',(79.7644,115.480408,0.));
#7581=CARTESIAN_POINT('Ctrl Pts',(79.817078,115.607585,0.));
#7582=CARTESIAN_POINT('Ctrl Pts',(79.910847,115.701353,0.));
#7583=CARTESIAN_POINT('',(79.7644,102.4478,0.));
#7584=CARTESIAN_POINT('',(79.7644,102.4478,0.));
#7585=CARTESIAN_POINT('',(79.910847,102.094247,0.));
#7586=CARTESIAN_POINT('Ctrl Pts',(79.910847,102.094247,0.));
#7587=CARTESIAN_POINT('Ctrl Pts',(79.817078,102.188015,0.));
#7588=CARTESIAN_POINT('Ctrl Pts',(79.7644,102.315192,0.));
#7589=CARTESIAN_POINT('Ctrl Pts',(79.7644,102.4478,0.));
#7590=CARTESIAN_POINT('',(80.2644,101.9478,0.));
#7591=CARTESIAN_POINT('Ctrl Pts',(80.2644,101.9478,0.));
#7592=CARTESIAN_POINT('Ctrl Pts',(80.131792,101.9478,0.));
#7593=CARTESIAN_POINT('Ctrl Pts',(80.004615,102.000478,0.));
#7594=CARTESIAN_POINT('Ctrl Pts',(79.910847,102.094247,0.));
#7595=CARTESIAN_POINT('',(93.1644,101.9478,0.));
#7596=CARTESIAN_POINT('',(93.1644,101.9478,0.));
#7597=CARTESIAN_POINT('',(93.517953,102.094247,0.));
#7598=CARTESIAN_POINT('Ctrl Pts',(93.517953,102.094247,0.));
#7599=CARTESIAN_POINT('Ctrl Pts',(93.424185,102.000478,0.));
#7600=CARTESIAN_POINT('Ctrl Pts',(93.297008,101.9478,0.));
#7601=CARTESIAN_POINT('Ctrl Pts',(93.1644,101.9478,0.));
#7602=CARTESIAN_POINT('',(93.6644,102.4478,0.));
#7603=CARTESIAN_POINT('Ctrl Pts',(93.6644,102.4478,0.));
#7604=CARTESIAN_POINT('Ctrl Pts',(93.6644,102.315192,0.));
#7605=CARTESIAN_POINT('Ctrl Pts',(93.611722,102.188015,0.));
#7606=CARTESIAN_POINT('Ctrl Pts',(93.517953,102.094247,0.));
#7607=CARTESIAN_POINT('',(93.6644,115.3478,0.));
#7608=CARTESIAN_POINT('',(93.6644,115.3478,0.));
#7609=CARTESIAN_POINT('Ctrl Pts',(93.517953,115.701353,0.));
#7610=CARTESIAN_POINT('Ctrl Pts',(93.611722,115.607585,0.));
#7611=CARTESIAN_POINT('Ctrl Pts',(93.6644,115.480408,0.));
#7612=CARTESIAN_POINT('Ctrl Pts',(93.6644,115.3478,0.));
#7613=CARTESIAN_POINT('',(75.1644,122.3478,0.));
#7614=CARTESIAN_POINT('',(75.517953,122.201353,0.));
#7615=CARTESIAN_POINT('Ctrl Pts',(75.1644,122.3478,0.));
#7616=CARTESIAN_POINT('Ctrl Pts',(75.297008,122.3478,0.));
#7617=CARTESIAN_POINT('Ctrl Pts',(75.424185,122.295122,0.));
#7618=CARTESIAN_POINT('Ctrl Pts',(75.517953,122.201353,0.));
#7619=CARTESIAN_POINT('',(62.2644,122.3478,0.));
#7620=CARTESIAN_POINT('',(62.2644,122.3478,0.));
#7621=CARTESIAN_POINT('',(61.910847,122.201353,0.));
#7622=CARTESIAN_POINT('Ctrl Pts',(61.910847,122.201353,0.));
#7623=CARTESIAN_POINT('Ctrl Pts',(62.004615,122.295122,0.));
#7624=CARTESIAN_POINT('Ctrl Pts',(62.131792,122.3478,0.));
#7625=CARTESIAN_POINT('Ctrl Pts',(62.2644,122.3478,0.));
#7626=CARTESIAN_POINT('',(61.7644,121.8478,0.));
#7627=CARTESIAN_POINT('Ctrl Pts',(61.7644,121.8478,0.));
#7628=CARTESIAN_POINT('Ctrl Pts',(61.7644,121.980408,0.));
#7629=CARTESIAN_POINT('Ctrl Pts',(61.817078,122.107585,0.));
#7630=CARTESIAN_POINT('Ctrl Pts',(61.910847,122.201353,0.));
#7631=CARTESIAN_POINT('',(61.7644,108.9478,0.));
#7632=CARTESIAN_POINT('',(61.7644,108.9478,0.));
#7633=CARTESIAN_POINT('',(61.910847,108.594247,0.));
#7634=CARTESIAN_POINT('Ctrl Pts',(61.910847,108.594247,0.));
#7635=CARTESIAN_POINT('Ctrl Pts',(61.817078,108.688015,0.));
#7636=CARTESIAN_POINT('Ctrl Pts',(61.7644,108.815192,0.));
#7637=CARTESIAN_POINT('Ctrl Pts',(61.7644,108.9478,0.));
#7638=CARTESIAN_POINT('',(62.2644,108.4478,0.));
#7639=CARTESIAN_POINT('Ctrl Pts',(62.2644,108.4478,0.));
#7640=CARTESIAN_POINT('Ctrl Pts',(62.131792,108.4478,0.));
#7641=CARTESIAN_POINT('Ctrl Pts',(62.004615,108.500478,0.));
#7642=CARTESIAN_POINT('Ctrl Pts',(61.910847,108.594247,0.));
#7643=CARTESIAN_POINT('',(75.1644,108.4478,0.));
#7644=CARTESIAN_POINT('',(75.1644,108.4478,0.));
#7645=CARTESIAN_POINT('',(75.517953,108.594247,0.));
#7646=CARTESIAN_POINT('Ctrl Pts',(75.517953,108.594247,0.));
#7647=CARTESIAN_POINT('Ctrl Pts',(75.424185,108.500478,0.));
#7648=CARTESIAN_POINT('Ctrl Pts',(75.297008,108.4478,0.));
#7649=CARTESIAN_POINT('Ctrl Pts',(75.1644,108.4478,0.));
#7650=CARTESIAN_POINT('',(75.6644,108.9478,0.));
#7651=CARTESIAN_POINT('Ctrl Pts',(75.6644,108.9478,0.));
#7652=CARTESIAN_POINT('Ctrl Pts',(75.6644,108.815192,0.));
#7653=CARTESIAN_POINT('Ctrl Pts',(75.611722,108.688015,0.));
#7654=CARTESIAN_POINT('Ctrl Pts',(75.517953,108.594247,0.));
#7655=CARTESIAN_POINT('',(75.6644,121.8478,0.));
#7656=CARTESIAN_POINT('',(75.6644,121.8478,0.));
#7657=CARTESIAN_POINT('Ctrl Pts',(75.517953,122.201353,0.));
#7658=CARTESIAN_POINT('Ctrl Pts',(75.611722,122.107585,0.));
#7659=CARTESIAN_POINT('Ctrl Pts',(75.6644,121.980408,0.));
#7660=CARTESIAN_POINT('Ctrl Pts',(75.6644,121.8478,0.));
#7661=CARTESIAN_POINT('',(131.6302,93.7949,0.));
#7662=CARTESIAN_POINT('',(131.888728,93.51273,0.));
#7663=CARTESIAN_POINT('Ctrl Pts',(131.6302,93.7949,0.));
#7664=CARTESIAN_POINT('Ctrl Pts',(131.750385,93.738849,0.));
#7665=CARTESIAN_POINT('Ctrl Pts',(131.843381,93.637349,0.));
#7666=CARTESIAN_POINT('Ctrl Pts',(131.888728,93.51273,0.));
#7667=CARTESIAN_POINT('',(119.9388,99.2466,0.));
#7668=CARTESIAN_POINT('',(119.9388,99.2466,0.));
#7669=CARTESIAN_POINT('',(119.55647,99.263328,0.));
#7670=CARTESIAN_POINT('Ctrl Pts',(119.55647,99.263328,0.));
#7671=CARTESIAN_POINT('Ctrl Pts',(119.681089,99.308674,0.));
#7672=CARTESIAN_POINT('Ctrl Pts',(119.818618,99.302657,0.));
#7673=CARTESIAN_POINT('Ctrl Pts',(119.9388,99.2466,0.));
#7674=CARTESIAN_POINT('',(119.2743,99.0048,0.));
#7675=CARTESIAN_POINT('Ctrl Pts',(119.2743,99.0048,0.));
#7676=CARTESIAN_POINT('Ctrl Pts',(119.330351,99.124985,0.));
#7677=CARTESIAN_POINT('Ctrl Pts',(119.431851,99.217981,0.));
#7678=CARTESIAN_POINT('Ctrl Pts',(119.55647,99.263328,0.));
#7679=CARTESIAN_POINT('',(113.8226,87.3134,0.));
#7680=CARTESIAN_POINT('',(113.8226,87.3134,0.));
#7681=CARTESIAN_POINT('',(113.805872,86.93107,0.));
#7682=CARTESIAN_POINT('Ctrl Pts',(113.805872,86.93107,0.));
#7683=CARTESIAN_POINT('Ctrl Pts',(113.760526,87.055689,0.));
#7684=CARTESIAN_POINT('Ctrl Pts',(113.766543,87.193218,0.));
#7685=CARTESIAN_POINT('Ctrl Pts',(113.8226,87.3134,0.));
#7686=CARTESIAN_POINT('',(114.0644,86.6489,0.));
#7687=CARTESIAN_POINT('Ctrl Pts',(114.0644,86.6489,0.));
#7688=CARTESIAN_POINT('Ctrl Pts',(113.944215,86.704951,0.));
#7689=CARTESIAN_POINT('Ctrl Pts',(113.851219,86.806451,0.));
#7690=CARTESIAN_POINT('Ctrl Pts',(113.805872,86.93107,0.));
#7691=CARTESIAN_POINT('',(125.7558,81.1972,0.));
#7692=CARTESIAN_POINT('',(125.7558,81.1972,0.));
#7693=CARTESIAN_POINT('',(126.13813,81.180472,0.));
#7694=CARTESIAN_POINT('Ctrl Pts',(126.13813,81.180472,0.));
#7695=CARTESIAN_POINT('Ctrl Pts',(126.013511,81.135126,0.));
#7696=CARTESIAN_POINT('Ctrl Pts',(125.875982,81.141143,0.));
#7697=CARTESIAN_POINT('Ctrl Pts',(125.7558,81.1972,0.));
#7698=CARTESIAN_POINT('',(126.4203,81.439,0.));
#7699=CARTESIAN_POINT('Ctrl Pts',(126.4203,81.439,0.));
#7700=CARTESIAN_POINT('Ctrl Pts',(126.364249,81.318815,0.));
#7701=CARTESIAN_POINT('Ctrl Pts',(126.262749,81.225819,0.));
#7702=CARTESIAN_POINT('Ctrl Pts',(126.13813,81.180472,0.));
#7703=CARTESIAN_POINT('',(131.872,93.1304,0.));
#7704=CARTESIAN_POINT('',(131.872,93.1304,0.));
#7705=CARTESIAN_POINT('Ctrl Pts',(131.888728,93.51273,0.));
#7706=CARTESIAN_POINT('Ctrl Pts',(131.934074,93.388111,0.));
#7707=CARTESIAN_POINT('Ctrl Pts',(131.928057,93.250582,0.));
#7708=CARTESIAN_POINT('Ctrl Pts',(131.872,93.1304,0.));
#7709=CARTESIAN_POINT('',(57.1644,113.8478,0.));
#7710=CARTESIAN_POINT('',(57.517953,113.701353,0.));
#7711=CARTESIAN_POINT('Ctrl Pts',(57.1644,113.8478,0.));
#7712=CARTESIAN_POINT('Ctrl Pts',(57.297008,113.8478,0.));
#7713=CARTESIAN_POINT('Ctrl Pts',(57.424185,113.795122,0.));
#7714=CARTESIAN_POINT('Ctrl Pts',(57.517953,113.701353,0.));
#7715=CARTESIAN_POINT('',(44.2644,113.8478,0.));
#7716=CARTESIAN_POINT('',(44.2644,113.8478,0.));
#7717=CARTESIAN_POINT('',(43.910847,113.701353,0.));
#7718=CARTESIAN_POINT('Ctrl Pts',(43.910847,113.701353,0.));
#7719=CARTESIAN_POINT('Ctrl Pts',(44.004615,113.795122,0.));
#7720=CARTESIAN_POINT('Ctrl Pts',(44.131792,113.8478,0.));
#7721=CARTESIAN_POINT('Ctrl Pts',(44.2644,113.8478,0.));
#7722=CARTESIAN_POINT('',(43.7644,113.3478,0.));
#7723=CARTESIAN_POINT('Ctrl Pts',(43.7644,113.3478,0.));
#7724=CARTESIAN_POINT('Ctrl Pts',(43.7644,113.480408,0.));
#7725=CARTESIAN_POINT('Ctrl Pts',(43.817078,113.607585,0.));
#7726=CARTESIAN_POINT('Ctrl Pts',(43.910847,113.701353,0.));
#7727=CARTESIAN_POINT('',(43.7644,100.4478,0.));
#7728=CARTESIAN_POINT('',(43.7644,100.4478,0.));
#7729=CARTESIAN_POINT('',(43.910847,100.094247,0.));
#7730=CARTESIAN_POINT('Ctrl Pts',(43.910847,100.094247,0.));
#7731=CARTESIAN_POINT('Ctrl Pts',(43.817078,100.188015,0.));
#7732=CARTESIAN_POINT('Ctrl Pts',(43.7644,100.315192,0.));
#7733=CARTESIAN_POINT('Ctrl Pts',(43.7644,100.4478,0.));
#7734=CARTESIAN_POINT('',(44.2644,99.9478,0.));
#7735=CARTESIAN_POINT('Ctrl Pts',(44.2644,99.9478,0.));
#7736=CARTESIAN_POINT('Ctrl Pts',(44.131792,99.9478,0.));
#7737=CARTESIAN_POINT('Ctrl Pts',(44.004615,100.000478,0.));
#7738=CARTESIAN_POINT('Ctrl Pts',(43.910847,100.094247,0.));
#7739=CARTESIAN_POINT('',(57.1644,99.9478,0.));
#7740=CARTESIAN_POINT('',(57.1644,99.9478,0.));
#7741=CARTESIAN_POINT('',(57.517953,100.094247,0.));
#7742=CARTESIAN_POINT('Ctrl Pts',(57.517953,100.094247,0.));
#7743=CARTESIAN_POINT('Ctrl Pts',(57.424185,100.000478,0.));
#7744=CARTESIAN_POINT('Ctrl Pts',(57.297008,99.9478,0.));
#7745=CARTESIAN_POINT('Ctrl Pts',(57.1644,99.9478,0.));
#7746=CARTESIAN_POINT('',(57.6644,100.4478,0.));
#7747=CARTESIAN_POINT('Ctrl Pts',(57.6644,100.4478,0.));
#7748=CARTESIAN_POINT('Ctrl Pts',(57.6644,100.315192,0.));
#7749=CARTESIAN_POINT('Ctrl Pts',(57.611722,100.188015,0.));
#7750=CARTESIAN_POINT('Ctrl Pts',(57.517953,100.094247,0.));
#7751=CARTESIAN_POINT('',(57.6644,113.3478,0.));
#7752=CARTESIAN_POINT('',(57.6644,113.3478,0.));
#7753=CARTESIAN_POINT('Ctrl Pts',(57.517953,113.701353,0.));
#7754=CARTESIAN_POINT('Ctrl Pts',(57.611722,113.607585,0.));
#7755=CARTESIAN_POINT('Ctrl Pts',(57.6644,113.480408,0.));
#7756=CARTESIAN_POINT('Ctrl Pts',(57.6644,113.3478,0.));
#7757=CARTESIAN_POINT('',(121.15,104.107167852242,0.));
#7758=CARTESIAN_POINT('Origin',(122.4,104.107167852242,0.));
#7759=CARTESIAN_POINT('',(42.9894,83.872767852242,0.));
#7760=CARTESIAN_POINT('Origin',(44.2394,83.872767852242,0.));
#7761=CARTESIAN_POINT('',(70.4644,101.897767852242,0.));
#7762=CARTESIAN_POINT('Origin',(71.7144,101.897767852242,0.));
#7763=CARTESIAN_POINT('',(112.45,146.707167852242,0.));
#7764=CARTESIAN_POINT('Origin',(113.7,146.707167852242,0.));
#7765=CARTESIAN_POINT('',(39.1644,100.8478,0.));
#7766=CARTESIAN_POINT('',(39.517953,100.701353,0.));
#7767=CARTESIAN_POINT('Ctrl Pts',(39.1644,100.8478,0.));
#7768=CARTESIAN_POINT('Ctrl Pts',(39.297008,100.8478,0.));
#7769=CARTESIAN_POINT('Ctrl Pts',(39.424185,100.795122,0.));
#7770=CARTESIAN_POINT('Ctrl Pts',(39.517953,100.701353,0.));
#7771=CARTESIAN_POINT('',(26.2644,100.8478,0.));
#7772=CARTESIAN_POINT('',(26.2644,100.8478,0.));
#7773=CARTESIAN_POINT('',(25.910847,100.701353,0.));
#7774=CARTESIAN_POINT('Ctrl Pts',(25.910847,100.701353,0.));
#7775=CARTESIAN_POINT('Ctrl Pts',(26.004615,100.795122,0.));
#7776=CARTESIAN_POINT('Ctrl Pts',(26.131792,100.8478,0.));
#7777=CARTESIAN_POINT('Ctrl Pts',(26.2644,100.8478,0.));
#7778=CARTESIAN_POINT('',(25.7644,100.3478,0.));
#7779=CARTESIAN_POINT('Ctrl Pts',(25.7644,100.3478,0.));
#7780=CARTESIAN_POINT('Ctrl Pts',(25.7644,100.480408,0.));
#7781=CARTESIAN_POINT('Ctrl Pts',(25.817078,100.607585,0.));
#7782=CARTESIAN_POINT('Ctrl Pts',(25.910847,100.701353,0.));
#7783=CARTESIAN_POINT('',(25.7644,87.4478,0.));
#7784=CARTESIAN_POINT('',(25.7644,87.4478,0.));
#7785=CARTESIAN_POINT('',(25.910847,87.094247,0.));
#7786=CARTESIAN_POINT('Ctrl Pts',(25.910847,87.094247,0.));
#7787=CARTESIAN_POINT('Ctrl Pts',(25.817078,87.188015,0.));
#7788=CARTESIAN_POINT('Ctrl Pts',(25.7644,87.315192,0.));
#7789=CARTESIAN_POINT('Ctrl Pts',(25.7644,87.4478,0.));
#7790=CARTESIAN_POINT('',(26.2644,86.9478,0.));
#7791=CARTESIAN_POINT('Ctrl Pts',(26.2644,86.9478,0.));
#7792=CARTESIAN_POINT('Ctrl Pts',(26.131792,86.9478,0.));
#7793=CARTESIAN_POINT('Ctrl Pts',(26.004615,87.000478,0.));
#7794=CARTESIAN_POINT('Ctrl Pts',(25.910847,87.094247,0.));
#7795=CARTESIAN_POINT('',(39.1644,86.9478,0.));
#7796=CARTESIAN_POINT('',(39.1644,86.9478,0.));
#7797=CARTESIAN_POINT('',(39.517953,87.094247,0.));
#7798=CARTESIAN_POINT('Ctrl Pts',(39.517953,87.094247,0.));
#7799=CARTESIAN_POINT('Ctrl Pts',(39.424185,87.000478,0.));
#7800=CARTESIAN_POINT('Ctrl Pts',(39.297008,86.9478,0.));
#7801=CARTESIAN_POINT('Ctrl Pts',(39.1644,86.9478,0.));
#7802=CARTESIAN_POINT('',(39.6644,87.4478,0.));
#7803=CARTESIAN_POINT('Ctrl Pts',(39.6644,87.4478,0.));
#7804=CARTESIAN_POINT('Ctrl Pts',(39.6644,87.315192,0.));
#7805=CARTESIAN_POINT('Ctrl Pts',(39.611722,87.188015,0.));
#7806=CARTESIAN_POINT('Ctrl Pts',(39.517953,87.094247,0.));
#7807=CARTESIAN_POINT('',(39.6644,100.3478,0.));
#7808=CARTESIAN_POINT('',(39.6644,100.3478,0.));
#7809=CARTESIAN_POINT('Ctrl Pts',(39.517953,100.701353,0.));
#7810=CARTESIAN_POINT('Ctrl Pts',(39.611722,100.607585,0.));
#7811=CARTESIAN_POINT('Ctrl Pts',(39.6644,100.480408,0.));
#7812=CARTESIAN_POINT('Ctrl Pts',(39.6644,100.3478,0.));
#7813=CARTESIAN_POINT('',(111.1644,107.6928,0.));
#7814=CARTESIAN_POINT('',(111.517953,107.546353,0.));
#7815=CARTESIAN_POINT('Ctrl Pts',(111.1644,107.6928,0.));
#7816=CARTESIAN_POINT('Ctrl Pts',(111.297008,107.6928,0.));
#7817=CARTESIAN_POINT('Ctrl Pts',(111.424185,107.640122,0.));
#7818=CARTESIAN_POINT('Ctrl Pts',(111.517953,107.546353,0.));
#7819=CARTESIAN_POINT('',(98.2644,107.6928,0.));
#7820=CARTESIAN_POINT('',(98.2644,107.6928,0.));
#7821=CARTESIAN_POINT('',(97.910847,107.546353,0.));
#7822=CARTESIAN_POINT('Ctrl Pts',(97.910847,107.546353,0.));
#7823=CARTESIAN_POINT('Ctrl Pts',(98.004615,107.640122,0.));
#7824=CARTESIAN_POINT('Ctrl Pts',(98.131792,107.6928,0.));
#7825=CARTESIAN_POINT('Ctrl Pts',(98.2644,107.6928,0.));
#7826=CARTESIAN_POINT('',(97.7644,107.1928,0.));
#7827=CARTESIAN_POINT('Ctrl Pts',(97.7644,107.1928,0.));
#7828=CARTESIAN_POINT('Ctrl Pts',(97.7644,107.325408,0.));
#7829=CARTESIAN_POINT('Ctrl Pts',(97.817078,107.452585,0.));
#7830=CARTESIAN_POINT('Ctrl Pts',(97.910847,107.546353,0.));
#7831=CARTESIAN_POINT('',(97.7644,94.2928,0.));
#7832=CARTESIAN_POINT('',(97.7644,94.2928,0.));
#7833=CARTESIAN_POINT('',(97.910847,93.939247,0.));
#7834=CARTESIAN_POINT('Ctrl Pts',(97.910847,93.939247,0.));
#7835=CARTESIAN_POINT('Ctrl Pts',(97.817078,94.033015,0.));
#7836=CARTESIAN_POINT('Ctrl Pts',(97.7644,94.160192,0.));
#7837=CARTESIAN_POINT('Ctrl Pts',(97.7644,94.2928,0.));
#7838=CARTESIAN_POINT('',(98.2644,93.7928,0.));
#7839=CARTESIAN_POINT('Ctrl Pts',(98.2644,93.7928,0.));
#7840=CARTESIAN_POINT('Ctrl Pts',(98.131792,93.7928,0.));
#7841=CARTESIAN_POINT('Ctrl Pts',(98.004615,93.845478,0.));
#7842=CARTESIAN_POINT('Ctrl Pts',(97.910847,93.939247,0.));
#7843=CARTESIAN_POINT('',(111.1644,93.7928,0.));
#7844=CARTESIAN_POINT('',(111.1644,93.7928,0.));
#7845=CARTESIAN_POINT('',(111.517953,93.939247,0.));
#7846=CARTESIAN_POINT('Ctrl Pts',(111.517953,93.939247,0.));
#7847=CARTESIAN_POINT('Ctrl Pts',(111.424185,93.845478,0.));
#7848=CARTESIAN_POINT('Ctrl Pts',(111.297008,93.7928,0.));
#7849=CARTESIAN_POINT('Ctrl Pts',(111.1644,93.7928,0.));
#7850=CARTESIAN_POINT('',(111.6644,94.2928,0.));
#7851=CARTESIAN_POINT('Ctrl Pts',(111.6644,94.2928,0.));
#7852=CARTESIAN_POINT('Ctrl Pts',(111.6644,94.160192,0.));
#7853=CARTESIAN_POINT('Ctrl Pts',(111.611722,94.033015,0.));
#7854=CARTESIAN_POINT('Ctrl Pts',(111.517953,93.939247,0.));
#7855=CARTESIAN_POINT('',(111.6644,107.1928,0.));
#7856=CARTESIAN_POINT('',(111.6644,107.1928,0.));
#7857=CARTESIAN_POINT('Ctrl Pts',(111.517953,107.546353,0.));
#7858=CARTESIAN_POINT('Ctrl Pts',(111.611722,107.452585,0.));
#7859=CARTESIAN_POINT('Ctrl Pts',(111.6644,107.325408,0.));
#7860=CARTESIAN_POINT('Ctrl Pts',(111.6644,107.1928,0.));
#7861=CARTESIAN_POINT('',(111.1644,124.6928,0.));
#7862=CARTESIAN_POINT('',(111.517953,124.546353,0.));
#7863=CARTESIAN_POINT('Ctrl Pts',(111.1644,124.6928,0.));
#7864=CARTESIAN_POINT('Ctrl Pts',(111.297008,124.6928,0.));
#7865=CARTESIAN_POINT('Ctrl Pts',(111.424185,124.640122,0.));
#7866=CARTESIAN_POINT('Ctrl Pts',(111.517953,124.546353,0.));
#7867=CARTESIAN_POINT('',(98.2644,124.6928,0.));
#7868=CARTESIAN_POINT('',(98.2644,124.6928,0.));
#7869=CARTESIAN_POINT('',(97.910847,124.546353,0.));
#7870=CARTESIAN_POINT('Ctrl Pts',(97.910847,124.546353,0.));
#7871=CARTESIAN_POINT('Ctrl Pts',(98.004615,124.640122,0.));
#7872=CARTESIAN_POINT('Ctrl Pts',(98.131792,124.6928,0.));
#7873=CARTESIAN_POINT('Ctrl Pts',(98.2644,124.6928,0.));
#7874=CARTESIAN_POINT('',(97.7644,124.1928,0.));
#7875=CARTESIAN_POINT('Ctrl Pts',(97.7644,124.1928,0.));
#7876=CARTESIAN_POINT('Ctrl Pts',(97.7644,124.325408,0.));
#7877=CARTESIAN_POINT('Ctrl Pts',(97.817078,124.452585,0.));
#7878=CARTESIAN_POINT('Ctrl Pts',(97.910847,124.546353,0.));
#7879=CARTESIAN_POINT('',(97.7644,111.2928,0.));
#7880=CARTESIAN_POINT('',(97.7644,111.2928,0.));
#7881=CARTESIAN_POINT('',(97.910847,110.939247,0.));
#7882=CARTESIAN_POINT('Ctrl Pts',(97.910847,110.939247,0.));
#7883=CARTESIAN_POINT('Ctrl Pts',(97.817078,111.033015,0.));
#7884=CARTESIAN_POINT('Ctrl Pts',(97.7644,111.160192,0.));
#7885=CARTESIAN_POINT('Ctrl Pts',(97.7644,111.2928,0.));
#7886=CARTESIAN_POINT('',(98.2644,110.7928,0.));
#7887=CARTESIAN_POINT('Ctrl Pts',(98.2644,110.7928,0.));
#7888=CARTESIAN_POINT('Ctrl Pts',(98.131792,110.7928,0.));
#7889=CARTESIAN_POINT('Ctrl Pts',(98.004615,110.845478,0.));
#7890=CARTESIAN_POINT('Ctrl Pts',(97.910847,110.939247,0.));
#7891=CARTESIAN_POINT('',(111.1644,110.7928,0.));
#7892=CARTESIAN_POINT('',(111.1644,110.7928,0.));
#7893=CARTESIAN_POINT('',(111.517953,110.939247,0.));
#7894=CARTESIAN_POINT('Ctrl Pts',(111.517953,110.939247,0.));
#7895=CARTESIAN_POINT('Ctrl Pts',(111.424185,110.845478,0.));
#7896=CARTESIAN_POINT('Ctrl Pts',(111.297008,110.7928,0.));
#7897=CARTESIAN_POINT('Ctrl Pts',(111.1644,110.7928,0.));
#7898=CARTESIAN_POINT('',(111.6644,111.2928,0.));
#7899=CARTESIAN_POINT('Ctrl Pts',(111.6644,111.2928,0.));
#7900=CARTESIAN_POINT('Ctrl Pts',(111.6644,111.160192,0.));
#7901=CARTESIAN_POINT('Ctrl Pts',(111.611722,111.033015,0.));
#7902=CARTESIAN_POINT('Ctrl Pts',(111.517953,110.939247,0.));
#7903=CARTESIAN_POINT('',(111.6644,124.1928,0.));
#7904=CARTESIAN_POINT('',(111.6644,124.1928,0.));
#7905=CARTESIAN_POINT('Ctrl Pts',(111.517953,124.546353,0.));
#7906=CARTESIAN_POINT('Ctrl Pts',(111.611722,124.452585,0.));
#7907=CARTESIAN_POINT('Ctrl Pts',(111.6644,124.325408,0.));
#7908=CARTESIAN_POINT('Ctrl Pts',(111.6644,124.1928,0.));
#7909=CARTESIAN_POINT('',(75.1644,139.3478,0.));
#7910=CARTESIAN_POINT('',(75.517953,139.201353,0.));
#7911=CARTESIAN_POINT('Ctrl Pts',(75.1644,139.3478,0.));
#7912=CARTESIAN_POINT('Ctrl Pts',(75.297008,139.3478,0.));
#7913=CARTESIAN_POINT('Ctrl Pts',(75.424185,139.295122,0.));
#7914=CARTESIAN_POINT('Ctrl Pts',(75.517953,139.201353,0.));
#7915=CARTESIAN_POINT('',(62.2644,139.3478,0.));
#7916=CARTESIAN_POINT('',(62.2644,139.3478,0.));
#7917=CARTESIAN_POINT('',(61.910847,139.201353,0.));
#7918=CARTESIAN_POINT('Ctrl Pts',(61.910847,139.201353,0.));
#7919=CARTESIAN_POINT('Ctrl Pts',(62.004615,139.295122,0.));
#7920=CARTESIAN_POINT('Ctrl Pts',(62.131792,139.3478,0.));
#7921=CARTESIAN_POINT('Ctrl Pts',(62.2644,139.3478,0.));
#7922=CARTESIAN_POINT('',(61.7644,138.8478,0.));
#7923=CARTESIAN_POINT('Ctrl Pts',(61.7644,138.8478,0.));
#7924=CARTESIAN_POINT('Ctrl Pts',(61.7644,138.980408,0.));
#7925=CARTESIAN_POINT('Ctrl Pts',(61.817078,139.107585,0.));
#7926=CARTESIAN_POINT('Ctrl Pts',(61.910847,139.201353,0.));
#7927=CARTESIAN_POINT('',(61.7644,125.9478,0.));
#7928=CARTESIAN_POINT('',(61.7644,125.9478,0.));
#7929=CARTESIAN_POINT('',(61.910847,125.594247,0.));
#7930=CARTESIAN_POINT('Ctrl Pts',(61.910847,125.594247,0.));
#7931=CARTESIAN_POINT('Ctrl Pts',(61.817078,125.688015,0.));
#7932=CARTESIAN_POINT('Ctrl Pts',(61.7644,125.815192,0.));
#7933=CARTESIAN_POINT('Ctrl Pts',(61.7644,125.9478,0.));
#7934=CARTESIAN_POINT('',(62.2644,125.4478,0.));
#7935=CARTESIAN_POINT('Ctrl Pts',(62.2644,125.4478,0.));
#7936=CARTESIAN_POINT('Ctrl Pts',(62.131792,125.4478,0.));
#7937=CARTESIAN_POINT('Ctrl Pts',(62.004615,125.500478,0.));
#7938=CARTESIAN_POINT('Ctrl Pts',(61.910847,125.594247,0.));
#7939=CARTESIAN_POINT('',(75.1644,125.4478,0.));
#7940=CARTESIAN_POINT('',(75.1644,125.4478,0.));
#7941=CARTESIAN_POINT('',(75.517953,125.594247,0.));
#7942=CARTESIAN_POINT('Ctrl Pts',(75.517953,125.594247,0.));
#7943=CARTESIAN_POINT('Ctrl Pts',(75.424185,125.500478,0.));
#7944=CARTESIAN_POINT('Ctrl Pts',(75.297008,125.4478,0.));
#7945=CARTESIAN_POINT('Ctrl Pts',(75.1644,125.4478,0.));
#7946=CARTESIAN_POINT('',(75.6644,125.9478,0.));
#7947=CARTESIAN_POINT('Ctrl Pts',(75.6644,125.9478,0.));
#7948=CARTESIAN_POINT('Ctrl Pts',(75.6644,125.815192,0.));
#7949=CARTESIAN_POINT('Ctrl Pts',(75.611722,125.688015,0.));
#7950=CARTESIAN_POINT('Ctrl Pts',(75.517953,125.594247,0.));
#7951=CARTESIAN_POINT('',(75.6644,138.8478,0.));
#7952=CARTESIAN_POINT('',(75.6644,138.8478,0.));
#7953=CARTESIAN_POINT('Ctrl Pts',(75.517953,139.201353,0.));
#7954=CARTESIAN_POINT('Ctrl Pts',(75.611722,139.107585,0.));
#7955=CARTESIAN_POINT('Ctrl Pts',(75.6644,138.980408,0.));
#7956=CARTESIAN_POINT('Ctrl Pts',(75.6644,138.8478,0.));
#7957=CARTESIAN_POINT('',(57.1644,147.8478,0.));
#7958=CARTESIAN_POINT('',(57.517953,147.701353,0.));
#7959=CARTESIAN_POINT('Ctrl Pts',(57.1644,147.8478,0.));
#7960=CARTESIAN_POINT('Ctrl Pts',(57.297008,147.8478,0.));
#7961=CARTESIAN_POINT('Ctrl Pts',(57.424185,147.795122,0.));
#7962=CARTESIAN_POINT('Ctrl Pts',(57.517953,147.701353,0.));
#7963=CARTESIAN_POINT('',(44.2644,147.8478,0.));
#7964=CARTESIAN_POINT('',(44.2644,147.8478,0.));
#7965=CARTESIAN_POINT('',(43.910847,147.701353,0.));
#7966=CARTESIAN_POINT('Ctrl Pts',(43.910847,147.701353,0.));
#7967=CARTESIAN_POINT('Ctrl Pts',(44.004615,147.795122,0.));
#7968=CARTESIAN_POINT('Ctrl Pts',(44.131792,147.8478,0.));
#7969=CARTESIAN_POINT('Ctrl Pts',(44.2644,147.8478,0.));
#7970=CARTESIAN_POINT('',(43.7644,147.3478,0.));
#7971=CARTESIAN_POINT('Ctrl Pts',(43.7644,147.3478,0.));
#7972=CARTESIAN_POINT('Ctrl Pts',(43.7644,147.480408,0.));
#7973=CARTESIAN_POINT('Ctrl Pts',(43.817078,147.607585,0.));
#7974=CARTESIAN_POINT('Ctrl Pts',(43.910847,147.701353,0.));
#7975=CARTESIAN_POINT('',(43.7644,134.4478,0.));
#7976=CARTESIAN_POINT('',(43.7644,134.4478,0.));
#7977=CARTESIAN_POINT('',(43.910847,134.094247,0.));
#7978=CARTESIAN_POINT('Ctrl Pts',(43.910847,134.094247,0.));
#7979=CARTESIAN_POINT('Ctrl Pts',(43.817078,134.188015,0.));
#7980=CARTESIAN_POINT('Ctrl Pts',(43.7644,134.315192,0.));
#7981=CARTESIAN_POINT('Ctrl Pts',(43.7644,134.4478,0.));
#7982=CARTESIAN_POINT('',(44.2644,133.9478,0.));
#7983=CARTESIAN_POINT('Ctrl Pts',(44.2644,133.9478,0.));
#7984=CARTESIAN_POINT('Ctrl Pts',(44.131792,133.9478,0.));
#7985=CARTESIAN_POINT('Ctrl Pts',(44.004615,134.000478,0.));
#7986=CARTESIAN_POINT('Ctrl Pts',(43.910847,134.094247,0.));
#7987=CARTESIAN_POINT('',(57.1644,133.9478,0.));
#7988=CARTESIAN_POINT('',(57.1644,133.9478,0.));
#7989=CARTESIAN_POINT('',(57.517953,134.094247,0.));
#7990=CARTESIAN_POINT('Ctrl Pts',(57.517953,134.094247,0.));
#7991=CARTESIAN_POINT('Ctrl Pts',(57.424185,134.000478,0.));
#7992=CARTESIAN_POINT('Ctrl Pts',(57.297008,133.9478,0.));
#7993=CARTESIAN_POINT('Ctrl Pts',(57.1644,133.9478,0.));
#7994=CARTESIAN_POINT('',(57.6644,134.4478,0.));
#7995=CARTESIAN_POINT('Ctrl Pts',(57.6644,134.4478,0.));
#7996=CARTESIAN_POINT('Ctrl Pts',(57.6644,134.315192,0.));
#7997=CARTESIAN_POINT('Ctrl Pts',(57.611722,134.188015,0.));
#7998=CARTESIAN_POINT('Ctrl Pts',(57.517953,134.094247,0.));
#7999=CARTESIAN_POINT('',(57.6644,147.3478,0.));
#8000=CARTESIAN_POINT('',(57.6644,147.3478,0.));
#8001=CARTESIAN_POINT('Ctrl Pts',(57.517953,147.701353,0.));
#8002=CARTESIAN_POINT('Ctrl Pts',(57.611722,147.607585,0.));
#8003=CARTESIAN_POINT('Ctrl Pts',(57.6644,147.480408,0.));
#8004=CARTESIAN_POINT('Ctrl Pts',(57.6644,147.3478,0.));
#8005=CARTESIAN_POINT('',(39.1644,117.8478,0.));
#8006=CARTESIAN_POINT('',(39.517953,117.701353,0.));
#8007=CARTESIAN_POINT('Ctrl Pts',(39.1644,117.8478,0.));
#8008=CARTESIAN_POINT('Ctrl Pts',(39.297008,117.8478,0.));
#8009=CARTESIAN_POINT('Ctrl Pts',(39.424185,117.795122,0.));
#8010=CARTESIAN_POINT('Ctrl Pts',(39.517953,117.701353,0.));
#8011=CARTESIAN_POINT('',(26.2644,117.8478,0.));
#8012=CARTESIAN_POINT('',(26.2644,117.8478,0.));
#8013=CARTESIAN_POINT('',(25.910847,117.701353,0.));
#8014=CARTESIAN_POINT('Ctrl Pts',(25.910847,117.701353,0.));
#8015=CARTESIAN_POINT('Ctrl Pts',(26.004615,117.795122,0.));
#8016=CARTESIAN_POINT('Ctrl Pts',(26.131792,117.8478,0.));
#8017=CARTESIAN_POINT('Ctrl Pts',(26.2644,117.8478,0.));
#8018=CARTESIAN_POINT('',(25.7644,117.3478,0.));
#8019=CARTESIAN_POINT('Ctrl Pts',(25.7644,117.3478,0.));
#8020=CARTESIAN_POINT('Ctrl Pts',(25.7644,117.480408,0.));
#8021=CARTESIAN_POINT('Ctrl Pts',(25.817078,117.607585,0.));
#8022=CARTESIAN_POINT('Ctrl Pts',(25.910847,117.701353,0.));
#8023=CARTESIAN_POINT('',(25.7644,104.4478,0.));
#8024=CARTESIAN_POINT('',(25.7644,104.4478,0.));
#8025=CARTESIAN_POINT('',(25.910847,104.094247,0.));
#8026=CARTESIAN_POINT('Ctrl Pts',(25.910847,104.094247,0.));
#8027=CARTESIAN_POINT('Ctrl Pts',(25.817078,104.188015,0.));
#8028=CARTESIAN_POINT('Ctrl Pts',(25.7644,104.315192,0.));
#8029=CARTESIAN_POINT('Ctrl Pts',(25.7644,104.4478,0.));
#8030=CARTESIAN_POINT('',(26.2644,103.9478,0.));
#8031=CARTESIAN_POINT('Ctrl Pts',(26.2644,103.9478,0.));
#8032=CARTESIAN_POINT('Ctrl Pts',(26.131792,103.9478,0.));
#8033=CARTESIAN_POINT('Ctrl Pts',(26.004615,104.000478,0.));
#8034=CARTESIAN_POINT('Ctrl Pts',(25.910847,104.094247,0.));
#8035=CARTESIAN_POINT('',(39.1644,103.9478,0.));
#8036=CARTESIAN_POINT('',(39.1644,103.9478,0.));
#8037=CARTESIAN_POINT('',(39.517953,104.094247,0.));
#8038=CARTESIAN_POINT('Ctrl Pts',(39.517953,104.094247,0.));
#8039=CARTESIAN_POINT('Ctrl Pts',(39.424185,104.000478,0.));
#8040=CARTESIAN_POINT('Ctrl Pts',(39.297008,103.9478,0.));
#8041=CARTESIAN_POINT('Ctrl Pts',(39.1644,103.9478,0.));
#8042=CARTESIAN_POINT('',(39.6644,104.4478,0.));
#8043=CARTESIAN_POINT('Ctrl Pts',(39.6644,104.4478,0.));
#8044=CARTESIAN_POINT('Ctrl Pts',(39.6644,104.315192,0.));
#8045=CARTESIAN_POINT('Ctrl Pts',(39.611722,104.188015,0.));
#8046=CARTESIAN_POINT('Ctrl Pts',(39.517953,104.094247,0.));
#8047=CARTESIAN_POINT('',(39.6644,117.3478,0.));
#8048=CARTESIAN_POINT('',(39.6644,117.3478,0.));
#8049=CARTESIAN_POINT('Ctrl Pts',(39.517953,117.701353,0.));
#8050=CARTESIAN_POINT('Ctrl Pts',(39.611722,117.607585,0.));
#8051=CARTESIAN_POINT('Ctrl Pts',(39.6644,117.480408,0.));
#8052=CARTESIAN_POINT('Ctrl Pts',(39.6644,117.3478,0.));
#8053=CARTESIAN_POINT('',(57.1644,130.8478,0.));
#8054=CARTESIAN_POINT('',(57.517953,130.701353,0.));
#8055=CARTESIAN_POINT('Ctrl Pts',(57.1644,130.8478,0.));
#8056=CARTESIAN_POINT('Ctrl Pts',(57.297008,130.8478,0.));
#8057=CARTESIAN_POINT('Ctrl Pts',(57.424185,130.795122,0.));
#8058=CARTESIAN_POINT('Ctrl Pts',(57.517953,130.701353,0.));
#8059=CARTESIAN_POINT('',(44.2644,130.8478,0.));
#8060=CARTESIAN_POINT('',(44.2644,130.8478,0.));
#8061=CARTESIAN_POINT('',(43.910847,130.701353,0.));
#8062=CARTESIAN_POINT('Ctrl Pts',(43.910847,130.701353,0.));
#8063=CARTESIAN_POINT('Ctrl Pts',(44.004615,130.795122,0.));
#8064=CARTESIAN_POINT('Ctrl Pts',(44.131792,130.8478,0.));
#8065=CARTESIAN_POINT('Ctrl Pts',(44.2644,130.8478,0.));
#8066=CARTESIAN_POINT('',(43.7644,130.3478,0.));
#8067=CARTESIAN_POINT('Ctrl Pts',(43.7644,130.3478,0.));
#8068=CARTESIAN_POINT('Ctrl Pts',(43.7644,130.480408,0.));
#8069=CARTESIAN_POINT('Ctrl Pts',(43.817078,130.607585,0.));
#8070=CARTESIAN_POINT('Ctrl Pts',(43.910847,130.701353,0.));
#8071=CARTESIAN_POINT('',(43.7644,117.4478,0.));
#8072=CARTESIAN_POINT('',(43.7644,117.4478,0.));
#8073=CARTESIAN_POINT('',(43.910847,117.094247,0.));
#8074=CARTESIAN_POINT('Ctrl Pts',(43.910847,117.094247,0.));
#8075=CARTESIAN_POINT('Ctrl Pts',(43.817078,117.188015,0.));
#8076=CARTESIAN_POINT('Ctrl Pts',(43.7644,117.315192,0.));
#8077=CARTESIAN_POINT('Ctrl Pts',(43.7644,117.4478,0.));
#8078=CARTESIAN_POINT('',(44.2644,116.9478,0.));
#8079=CARTESIAN_POINT('Ctrl Pts',(44.2644,116.9478,0.));
#8080=CARTESIAN_POINT('Ctrl Pts',(44.131792,116.9478,0.));
#8081=CARTESIAN_POINT('Ctrl Pts',(44.004615,117.000478,0.));
#8082=CARTESIAN_POINT('Ctrl Pts',(43.910847,117.094247,0.));
#8083=CARTESIAN_POINT('',(57.1644,116.9478,0.));
#8084=CARTESIAN_POINT('',(57.1644,116.9478,0.));
#8085=CARTESIAN_POINT('',(57.517953,117.094247,0.));
#8086=CARTESIAN_POINT('Ctrl Pts',(57.517953,117.094247,0.));
#8087=CARTESIAN_POINT('Ctrl Pts',(57.424185,117.000478,0.));
#8088=CARTESIAN_POINT('Ctrl Pts',(57.297008,116.9478,0.));
#8089=CARTESIAN_POINT('Ctrl Pts',(57.1644,116.9478,0.));
#8090=CARTESIAN_POINT('',(57.6644,117.4478,0.));
#8091=CARTESIAN_POINT('Ctrl Pts',(57.6644,117.4478,0.));
#8092=CARTESIAN_POINT('Ctrl Pts',(57.6644,117.315192,0.));
#8093=CARTESIAN_POINT('Ctrl Pts',(57.611722,117.188015,0.));
#8094=CARTESIAN_POINT('Ctrl Pts',(57.517953,117.094247,0.));
#8095=CARTESIAN_POINT('',(57.6644,130.3478,0.));
#8096=CARTESIAN_POINT('',(57.6644,130.3478,0.));
#8097=CARTESIAN_POINT('Ctrl Pts',(57.517953,130.701353,0.));
#8098=CARTESIAN_POINT('Ctrl Pts',(57.611722,130.607585,0.));
#8099=CARTESIAN_POINT('Ctrl Pts',(57.6644,130.480408,0.));
#8100=CARTESIAN_POINT('Ctrl Pts',(57.6644,130.3478,0.));
#8101=CARTESIAN_POINT('',(75.1644,156.3478,0.));
#8102=CARTESIAN_POINT('',(75.517953,156.201353,0.));
#8103=CARTESIAN_POINT('Ctrl Pts',(75.1644,156.3478,0.));
#8104=CARTESIAN_POINT('Ctrl Pts',(75.297008,156.3478,0.));
#8105=CARTESIAN_POINT('Ctrl Pts',(75.424185,156.295122,0.));
#8106=CARTESIAN_POINT('Ctrl Pts',(75.517953,156.201353,0.));
#8107=CARTESIAN_POINT('',(62.2644,156.3478,0.));
#8108=CARTESIAN_POINT('',(62.2644,156.3478,0.));
#8109=CARTESIAN_POINT('',(61.910847,156.201353,0.));
#8110=CARTESIAN_POINT('Ctrl Pts',(61.910847,156.201353,0.));
#8111=CARTESIAN_POINT('Ctrl Pts',(62.004615,156.295122,0.));
#8112=CARTESIAN_POINT('Ctrl Pts',(62.131792,156.3478,0.));
#8113=CARTESIAN_POINT('Ctrl Pts',(62.2644,156.3478,0.));
#8114=CARTESIAN_POINT('',(61.7644,155.8478,0.));
#8115=CARTESIAN_POINT('Ctrl Pts',(61.7644,155.8478,0.));
#8116=CARTESIAN_POINT('Ctrl Pts',(61.7644,155.980408,0.));
#8117=CARTESIAN_POINT('Ctrl Pts',(61.817078,156.107585,0.));
#8118=CARTESIAN_POINT('Ctrl Pts',(61.910847,156.201353,0.));
#8119=CARTESIAN_POINT('',(61.7644,142.9478,0.));
#8120=CARTESIAN_POINT('',(61.7644,142.9478,0.));
#8121=CARTESIAN_POINT('',(61.910847,142.594247,0.));
#8122=CARTESIAN_POINT('Ctrl Pts',(61.910847,142.594247,0.));
#8123=CARTESIAN_POINT('Ctrl Pts',(61.817078,142.688015,0.));
#8124=CARTESIAN_POINT('Ctrl Pts',(61.7644,142.815192,0.));
#8125=CARTESIAN_POINT('Ctrl Pts',(61.7644,142.9478,0.));
#8126=CARTESIAN_POINT('',(62.2644,142.4478,0.));
#8127=CARTESIAN_POINT('Ctrl Pts',(62.2644,142.4478,0.));
#8128=CARTESIAN_POINT('Ctrl Pts',(62.131792,142.4478,0.));
#8129=CARTESIAN_POINT('Ctrl Pts',(62.004615,142.500478,0.));
#8130=CARTESIAN_POINT('Ctrl Pts',(61.910847,142.594247,0.));
#8131=CARTESIAN_POINT('',(75.1644,142.4478,0.));
#8132=CARTESIAN_POINT('',(75.1644,142.4478,0.));
#8133=CARTESIAN_POINT('',(75.517953,142.594247,0.));
#8134=CARTESIAN_POINT('Ctrl Pts',(75.517953,142.594247,0.));
#8135=CARTESIAN_POINT('Ctrl Pts',(75.424185,142.500478,0.));
#8136=CARTESIAN_POINT('Ctrl Pts',(75.297008,142.4478,0.));
#8137=CARTESIAN_POINT('Ctrl Pts',(75.1644,142.4478,0.));
#8138=CARTESIAN_POINT('',(75.6644,142.9478,0.));
#8139=CARTESIAN_POINT('Ctrl Pts',(75.6644,142.9478,0.));
#8140=CARTESIAN_POINT('Ctrl Pts',(75.6644,142.815192,0.));
#8141=CARTESIAN_POINT('Ctrl Pts',(75.611722,142.688015,0.));
#8142=CARTESIAN_POINT('Ctrl Pts',(75.517953,142.594247,0.));
#8143=CARTESIAN_POINT('',(75.6644,155.8478,0.));
#8144=CARTESIAN_POINT('',(75.6644,155.8478,0.));
#8145=CARTESIAN_POINT('Ctrl Pts',(75.517953,156.201353,0.));
#8146=CARTESIAN_POINT('Ctrl Pts',(75.611722,156.107585,0.));
#8147=CARTESIAN_POINT('Ctrl Pts',(75.6644,155.980408,0.));
#8148=CARTESIAN_POINT('Ctrl Pts',(75.6644,155.8478,0.));
#8149=CARTESIAN_POINT('Origin',(87.8672917238944,154.8962,0.));
#8150=CARTESIAN_POINT('',(87.8672917237937,154.8962,1.6));
#8151=CARTESIAN_POINT('',(87.8672917237937,154.8962,0.));
#8152=CARTESIAN_POINT('',(119.2827,154.8962,1.6));
#8153=CARTESIAN_POINT('',(83.4517364499642,154.8962,1.6));
#8154=CARTESIAN_POINT('',(119.2827,154.8962,0.));
#8155=CARTESIAN_POINT('',(132.3827,154.8962,1.6));
#8156=CARTESIAN_POINT('',(132.3827,154.8962,0.));
#8157=CARTESIAN_POINT('',(135.4434,154.8962,1.6));
#8158=CARTESIAN_POINT('',(83.4517364499642,154.8962,1.6));
#8159=CARTESIAN_POINT('',(135.4434,154.8962,0.));
#8160=CARTESIAN_POINT('Origin',(119.2827,154.8962,0.));
#8161=CARTESIAN_POINT('',(119.2827,153.8962,1.6));
#8162=CARTESIAN_POINT('',(119.2827,133.942532222162,1.6));
#8163=CARTESIAN_POINT('',(119.2827,153.8962,0.));
#8164=CARTESIAN_POINT('Origin',(132.3827,153.8962,0.));
#8165=CARTESIAN_POINT('',(132.3827,153.8962,1.6));
#8166=CARTESIAN_POINT('',(132.3827,133.442532222162,1.6));
#8167=CARTESIAN_POINT('',(132.3827,153.8962,0.));
#8168=CARTESIAN_POINT('Origin',(116.3927,153.8962,0.));
#8169=CARTESIAN_POINT('',(116.3927,153.8962,1.6));
#8170=CARTESIAN_POINT('',(87.8673,153.8962,1.6));
#8171=CARTESIAN_POINT('',(116.3927,153.8962,0.));
#8172=CARTESIAN_POINT('Origin',(135.4434,153.8962,1.5));
#8173=CARTESIAN_POINT('',(135.568100886332,157.393977821553,1.5));
#8174=CARTESIAN_POINT('Origin',(135.514657649332,155.894930183745,1.5));
#8175=CARTESIAN_POINT('Origin',(135.4434,153.8962,1.5));
#8176=CARTESIAN_POINT('Ctrl Pts',(136.974459213808,155.228268062864,0.));
#8177=CARTESIAN_POINT('Ctrl Pts',(136.967780076512,155.235442716938,0.));
#8178=CARTESIAN_POINT('Ctrl Pts',(136.954321220507,155.249698306171,0.));
#8179=CARTESIAN_POINT('Ctrl Pts',(136.927006214849,155.277829153437,0.));
#8180=CARTESIAN_POINT('Ctrl Pts',(136.878176172656,155.326045190081,0.));
#8181=CARTESIAN_POINT('Ctrl Pts',(136.776515196196,155.418309178978,0.));
#8182=CARTESIAN_POINT('Ctrl Pts',(136.620539123963,155.537588515282,0.));
#8183=CARTESIAN_POINT('Ctrl Pts',(136.418504125168,155.658829588396,0.));
#8184=CARTESIAN_POINT('Ctrl Pts',(136.061301663197,155.822038698731,0.));
#8185=CARTESIAN_POINT('Ctrl Pts',(135.749765258836,155.886548254193,0.));
#8186=CARTESIAN_POINT('Ctrl Pts',(135.514657649333,155.894930183745,0.));
#8187=CARTESIAN_POINT('Ctrl Pts',(137.302948742757,155.534070494757,0.));
#8188=CARTESIAN_POINT('Ctrl Pts',(137.294841319896,155.542779279277,0.));
#8189=CARTESIAN_POINT('Ctrl Pts',(137.278500970696,155.560087318702,0.));
#8190=CARTESIAN_POINT('Ctrl Pts',(137.245338949219,155.594239280042,0.));
#8191=CARTESIAN_POINT('Ctrl Pts',(137.186056178936,155.652777754661,0.));
#8192=CARTESIAN_POINT('Ctrl Pts',(137.062631930988,155.764792140126,0.));
#8193=CARTESIAN_POINT('Ctrl Pts',(136.873265895754,155.909609150725,0.));
#8194=CARTESIAN_POINT('Ctrl Pts',(136.627980887434,156.056804597138,0.));
#8195=CARTESIAN_POINT('Ctrl Pts',(136.194315037419,156.254951519349,0.));
#8196=CARTESIAN_POINT('Ctrl Pts',(135.816089492333,156.333301344418,0.));
#8197=CARTESIAN_POINT('Ctrl Pts',(135.530647828451,156.343444188156,0.));
#8198=CARTESIAN_POINT('Ctrl Pts',(137.871408061237,156.063269226233,0.376979780499048));
#8199=CARTESIAN_POINT('Ctrl Pts',(137.863993194372,156.071234132033,0.376979780499048));
#8200=CARTESIAN_POINT('Ctrl Pts',(137.840199734925,156.096473297276,0.376979780499048));
#8201=CARTESIAN_POINT('Ctrl Pts',(137.798318712008,156.139542904336,0.376979780499049));
#8202=CARTESIAN_POINT('Ctrl Pts',(137.719998905073,156.216960730447,0.376979780499047));
#8203=CARTESIAN_POINT('Ctrl Pts',(137.559579630005,156.362440043162,0.376979780499049));
#8204=CARTESIAN_POINT('Ctrl Pts',(137.311808488492,156.552111646732,0.376979780499047));
#8205=CARTESIAN_POINT('Ctrl Pts',(136.991732607653,156.744162815503,0.376979780499048));
#8206=CARTESIAN_POINT('Ctrl Pts',(136.425635582884,157.002885646846,0.376979780499048));
#8207=CARTESIAN_POINT('Ctrl Pts',(135.930847864465,157.106344955261,0.376979780499047));
#8208=CARTESIAN_POINT('Ctrl Pts',(135.558319232021,157.119608853409,0.376979780499048));
#8209=CARTESIAN_POINT('Ctrl Pts',(138.072354591819,156.250337404416,1.16340078711538));
#8210=CARTESIAN_POINT('Ctrl Pts',(138.065675454524,156.25751205849,1.16340078711538));
#8211=CARTESIAN_POINT('Ctrl Pts',(138.038864688251,156.28596576862,1.16340078711538));
#8212=CARTESIAN_POINT('Ctrl Pts',(137.994118667796,156.331954669008,1.16340078711538));
#8213=CARTESIAN_POINT('Ctrl Pts',(137.908922268357,156.416203863502,1.16340078711538));
#8214=CARTESIAN_POINT('Ctrl Pts',(137.735528960434,156.573402086532,1.16340078711538));
#8215=CARTESIAN_POINT('Ctrl Pts',(137.4670153618,156.779032038331,1.16340078711538));
#8216=CARTESIAN_POINT('Ctrl Pts',(137.120509844224,156.986930253541,1.16340078711538));
#8217=CARTESIAN_POINT('Ctrl Pts',(136.507582324341,157.267084125398,1.16340078711538));
#8218=CARTESIAN_POINT('Ctrl Pts',(135.971411479668,157.37959921004,1.16340078711538));
#8219=CARTESIAN_POINT('Ctrl Pts',(135.568100886333,157.393977821553,1.16340078711538));
#8220=CARTESIAN_POINT('Ctrl Pts',(138.072354591819,156.250337404416,1.5));
#8221=CARTESIAN_POINT('Ctrl Pts',(138.065675454524,156.25751205849,1.5));
#8222=CARTESIAN_POINT('Ctrl Pts',(138.038864688251,156.28596576862,1.5));
#8223=CARTESIAN_POINT('Ctrl Pts',(137.994118667796,156.331954669008,1.5));
#8224=CARTESIAN_POINT('Ctrl Pts',(137.908922268357,156.416203863502,1.5));
#8225=CARTESIAN_POINT('Ctrl Pts',(137.735528960434,156.573402086532,1.5));
#8226=CARTESIAN_POINT('Ctrl Pts',(137.4670153618,156.779032038331,1.5));
#8227=CARTESIAN_POINT('Ctrl Pts',(137.120509844224,156.986930253541,1.5));
#8228=CARTESIAN_POINT('Ctrl Pts',(136.507582324341,157.267084125398,1.5));
#8229=CARTESIAN_POINT('Ctrl Pts',(135.971411479668,157.37959921004,1.5));
#8230=CARTESIAN_POINT('Ctrl Pts',(135.568100886333,157.393977821553,1.5));
#8231=CARTESIAN_POINT('',(138.072354591807,156.250337404419,1.5));
#8232=CARTESIAN_POINT('Origin',(136.974454504018,155.228273122066,1.5));
#8233=CARTESIAN_POINT('Ctrl Pts',(135.568100886333,157.393977821553,1.5));
#8234=CARTESIAN_POINT('Ctrl Pts',(135.971411479668,157.37959921004,1.5));
#8235=CARTESIAN_POINT('Ctrl Pts',(136.507582324341,157.267084125398,1.5));
#8236=CARTESIAN_POINT('Ctrl Pts',(137.120509844224,156.986930253541,1.5));
#8237=CARTESIAN_POINT('Ctrl Pts',(137.4670153618,156.779032038331,1.5));
#8238=CARTESIAN_POINT('Ctrl Pts',(137.735528960434,156.573402086532,1.5));
#8239=CARTESIAN_POINT('Ctrl Pts',(137.908922268357,156.416203863502,1.5));
#8240=CARTESIAN_POINT('Ctrl Pts',(137.994118667796,156.331954669008,1.5));
#8241=CARTESIAN_POINT('Ctrl Pts',(138.038862058864,156.285968471042,1.5));
#8242=CARTESIAN_POINT('Ctrl Pts',(138.065669152718,156.257518746456,1.5));
#8243=CARTESIAN_POINT('Ctrl Pts',(138.072349880913,156.25034246479,1.5));
#8244=CARTESIAN_POINT('Ctrl Pts',(137.536395364643,153.783030351365,0.));
#8245=CARTESIAN_POINT('Ctrl Pts',(137.538206353939,154.00992052305,0.));
#8246=CARTESIAN_POINT('Ctrl Pts',(137.491011651845,154.312814393298,0.));
#8247=CARTESIAN_POINT('Ctrl Pts',(137.353708918849,154.665773744742,0.));
#8248=CARTESIAN_POINT('Ctrl Pts',(137.248987490007,154.867442064282,0.));
#8249=CARTESIAN_POINT('Ctrl Pts',(137.144046628962,155.025085195495,0.));
#8250=CARTESIAN_POINT('Ctrl Pts',(137.061980985229,155.128997774635,0.));
#8251=CARTESIAN_POINT('Ctrl Pts',(137.018885718996,155.179231604289,0.));
#8252=CARTESIAN_POINT('Ctrl Pts',(136.993684466208,155.207428753301,0.));
#8253=CARTESIAN_POINT('Ctrl Pts',(136.980894343701,155.221355491406,0.));
#8254=CARTESIAN_POINT('Ctrl Pts',(136.974452485549,155.228275290298,0.));
#8255=CARTESIAN_POINT('Ctrl Pts',(137.985180019586,153.779448247301,0.));
#8256=CARTESIAN_POINT('Ctrl Pts',(137.987406777595,154.054912910329,0.));
#8257=CARTESIAN_POINT('Ctrl Pts',(137.930084886895,154.42264633584,0.));
#8258=CARTESIAN_POINT('Ctrl Pts',(137.763388515839,154.851160942851,0.));
#8259=CARTESIAN_POINT('Ctrl Pts',(137.636249160501,155.096000775747,0.));
#8260=CARTESIAN_POINT('Ctrl Pts',(137.508840425488,155.287391242892,0.));
#8261=CARTESIAN_POINT('Ctrl Pts',(137.409207454789,155.413548916057,0.));
#8262=CARTESIAN_POINT('Ctrl Pts',(137.356886017677,155.47453617843,0.));
#8263=CARTESIAN_POINT('Ctrl Pts',(137.326290687342,155.508769092857,0.));
#8264=CARTESIAN_POINT('Ctrl Pts',(137.310761872358,155.525677594531,0.));
#8265=CARTESIAN_POINT('Ctrl Pts',(137.302942618426,155.534077073458,0.));
#8266=CARTESIAN_POINT('Ctrl Pts',(138.761813052981,153.773249326919,0.376979779955757));
#8267=CARTESIAN_POINT('Ctrl Pts',(138.764697052391,154.132761079315,0.376979779955757));
#8268=CARTESIAN_POINT('Ctrl Pts',(138.688863299329,154.613827141992,0.376979779955758));
#8269=CARTESIAN_POINT('Ctrl Pts',(138.47110939133,155.173303247389,0.376979779955757));
#8270=CARTESIAN_POINT('Ctrl Pts',(138.30526113078,155.49276064163,0.376979779955757));
#8271=CARTESIAN_POINT('Ctrl Pts',(138.138369928947,155.743204376266,0.376979779955758));
#8272=CARTESIAN_POINT('Ctrl Pts',(138.008981850258,155.907162155967,0.376979779955757));
#8273=CARTESIAN_POINT('Ctrl Pts',(137.939781783839,155.987740790255,0.376979779955757));
#8274=CARTESIAN_POINT('Ctrl Pts',(137.901200705173,156.030968906779,0.376979779955757));
#8275=CARTESIAN_POINT('Ctrl Pts',(137.87855435556,156.055592680941,0.376979779955757));
#8276=CARTESIAN_POINT('Ctrl Pts',(137.871402982492,156.063274682731,0.376979779955757));
#8277=CARTESIAN_POINT('Ctrl Pts',(139.036347585219,153.771058050429,1.16340078711538));
#8278=CARTESIAN_POINT('Ctrl Pts',(139.039454256231,154.160277976299,1.16340078711538));
#8279=CARTESIAN_POINT('Ctrl Pts',(138.95692363314,154.681581080068,1.16340078711538));
#8280=CARTESIAN_POINT('Ctrl Pts',(138.721091580423,155.287383964215,1.16340078711538));
#8281=CARTESIAN_POINT('Ctrl Pts',(138.54157330642,155.633203917268,1.16340078711538));
#8282=CARTESIAN_POINT('Ctrl Pts',(138.360632038396,155.904623840029,1.16340078711538));
#8283=CARTESIAN_POINT('Ctrl Pts',(138.220825889679,156.081835786117,1.16340078711538));
#8284=CARTESIAN_POINT('Ctrl Pts',(138.145517770695,156.169492234828,1.16340078711538));
#8285=CARTESIAN_POINT('Ctrl Pts',(138.104323048762,156.215675159623,1.16340078711538));
#8286=CARTESIAN_POINT('Ctrl Pts',(138.078791740185,156.243422664733,1.16340078711538));
#8287=CARTESIAN_POINT('Ctrl Pts',(138.072349882037,156.250342463621,1.16340078711538));
#8288=CARTESIAN_POINT('Ctrl Pts',(139.036347585219,153.771058050429,1.5));
#8289=CARTESIAN_POINT('Ctrl Pts',(139.039454256231,154.160277976299,1.5));
#8290=CARTESIAN_POINT('Ctrl Pts',(138.95692363314,154.681581080068,1.5));
#8291=CARTESIAN_POINT('Ctrl Pts',(138.721091580423,155.287383964215,1.5));
#8292=CARTESIAN_POINT('Ctrl Pts',(138.54157330642,155.633203917268,1.5));
#8293=CARTESIAN_POINT('Ctrl Pts',(138.360632038396,155.904623840029,1.5));
#8294=CARTESIAN_POINT('Ctrl Pts',(138.220825889679,156.081835786117,1.5));
#8295=CARTESIAN_POINT('Ctrl Pts',(138.145517770695,156.169492234828,1.5));
#8296=CARTESIAN_POINT('Ctrl Pts',(138.104323048762,156.215675159623,1.5));
#8297=CARTESIAN_POINT('Ctrl Pts',(138.078791740185,156.243422664733,1.5));
#8298=CARTESIAN_POINT('Ctrl Pts',(138.072349882037,156.250342463621,1.5));
#8299=CARTESIAN_POINT('',(139.0364,153.778621227181,1.5));
#8300=CARTESIAN_POINT('Ctrl Pts',(139.036399771431,153.778621228507,1.5));
#8301=CARTESIAN_POINT('Ctrl Pts',(139.036394312899,153.777683101682,1.20774471760443));
#8302=CARTESIAN_POINT('Ctrl Pts',(138.947688271625,153.777270775201,0.915158927857431));
#8303=CARTESIAN_POINT('Ctrl Pts',(138.786931919139,153.777468540198,0.671754618755822));
#8304=CARTESIAN_POINT('Ctrl Pts',(138.762540357437,153.777498547081,0.634822882421296));
#8305=CARTESIAN_POINT('Ctrl Pts',(138.736490054264,153.777542501782,0.599023401876148));
#8306=CARTESIAN_POINT('Ctrl Pts',(138.708839171445,153.777600593889,0.564529128832332));
#8307=CARTESIAN_POINT('Ctrl Pts',(138.565799292402,153.777901108269,0.386087931269507));
#8308=CARTESIAN_POINT('Ctrl Pts',(138.379926913366,153.778584231716,0.242574904095379));
#8309=CARTESIAN_POINT('Ctrl Pts',(138.172448705805,153.779558895629,0.144902681210088));
#8310=CARTESIAN_POINT('Ctrl Pts',(137.9740052135,153.78049111744,0.0514836313815314));
#8311=CARTESIAN_POINT('Ctrl Pts',(137.755796596301,153.781689702511,0.));
#8312=CARTESIAN_POINT('Ctrl Pts',(137.536395364643,153.783030351365,0.));
#8313=CARTESIAN_POINT('Ctrl Pts',(138.072354592935,156.250337403178,1.5));
#8314=CARTESIAN_POINT('Ctrl Pts',(138.078797962262,156.24341590255,1.5));
#8315=CARTESIAN_POINT('Ctrl Pts',(138.104325558619,156.215672345851,1.5));
#8316=CARTESIAN_POINT('Ctrl Pts',(138.145517770695,156.169492234828,1.5));
#8317=CARTESIAN_POINT('Ctrl Pts',(138.220825889679,156.081835786117,1.5));
#8318=CARTESIAN_POINT('Ctrl Pts',(138.360632038396,155.904623840029,1.5));
#8319=CARTESIAN_POINT('Ctrl Pts',(138.54157330642,155.633203917268,1.5));
#8320=CARTESIAN_POINT('Ctrl Pts',(138.721091580423,155.287383964215,1.5));
#8321=CARTESIAN_POINT('Ctrl Pts',(138.956007138908,154.683935360762,1.5));
#8322=CARTESIAN_POINT('Ctrl Pts',(139.038649922152,154.165341851978,1.5));
#8323=CARTESIAN_POINT('Ctrl Pts',(139.036399771431,153.778621228507,1.5));
#8324=CARTESIAN_POINT('Origin',(137.5364,103.826684505878,1.5));
#8325=CARTESIAN_POINT('',(139.0364,94.6645045668654,1.5));
#8326=CARTESIAN_POINT('Ctrl Pts',(139.0364,94.6645045668654,1.50000000000002));
#8327=CARTESIAN_POINT('Ctrl Pts',(139.0364,94.664505610055,1.43990224322384));
#8328=CARTESIAN_POINT('Ctrl Pts',(139.032783917687,94.6645066532445,1.37980469535863));
#8329=CARTESIAN_POINT('Ctrl Pts',(139.02557781728,94.6645076964341,1.32014053118572));
#8330=CARTESIAN_POINT('Ctrl Pts',(139.018371972495,94.6645087395866,1.26047848348613));
#8331=CARTESIAN_POINT('Ctrl Pts',(139.007576414709,94.6645097827392,1.20125020345154));
#8332=CARTESIAN_POINT('Ctrl Pts',(138.993268951295,94.6645108258917,1.14288257007987));
#8333=CARTESIAN_POINT('Ctrl Pts',(138.978961954997,94.6645118690102,1.08451684231991));
#8334=CARTESIAN_POINT('Ctrl Pts',(138.961143382103,94.6645129121287,1.02701211064846));
#8335=CARTESIAN_POINT('Ctrl Pts',(138.939941648954,94.6645139552472,0.970782804841779));
#8336=CARTESIAN_POINT('Ctrl Pts',(138.918740548135,94.6645149983346,0.914555176042954));
#8337=CARTESIAN_POINT('Ctrl Pts',(138.894156636448,94.6645160414219,0.859603287720874));
#8338=CARTESIAN_POINT('Ctrl Pts',(138.866367076681,94.6645170845093,0.80632314804135));
#8339=CARTESIAN_POINT('Ctrl Pts',(138.838578267263,94.6645181275685,0.753044446983578));
#8340=CARTESIAN_POINT('Ctrl Pts',(138.807584176193,94.6645191706277,0.701437774426595));
#8341=CARTESIAN_POINT('Ctrl Pts',(138.773608148874,94.6645202136869,0.651875011358354));
#8342=CARTESIAN_POINT('Ctrl Pts',(138.739334781984,94.6645212658744,0.601878502147629));
#8343=CARTESIAN_POINT('Ctrl Pts',(138.702027237411,94.6645223180619,0.553962232245911));
#8344=CARTESIAN_POINT('Ctrl Pts',(138.661959071396,94.6645233702494,0.508477545993687));
#8345=CARTESIAN_POINT('Ctrl Pts',(138.622231950807,94.6645244134811,0.46338000858651));
#8346=CARTESIAN_POINT('Ctrl Pts',(138.579791339488,94.6645254567127,0.420673105740435));
#8347=CARTESIAN_POINT('Ctrl Pts',(138.53494316812,94.6645264999444,0.380664687682781));
#8348=CARTESIAN_POINT('Ctrl Pts',(138.490098318461,94.6645275430988,0.340659232874366));
#8349=CARTESIAN_POINT('Ctrl Pts',(138.442846577573,94.6645285862532,0.303352140786107));
#8350=CARTESIAN_POINT('Ctrl Pts',(138.39352850654,94.6645296294076,0.269012297674528));
#8351=CARTESIAN_POINT('Ctrl Pts',(138.344213531031,94.6645306724965,0.23467460995551));
#8352=CARTESIAN_POINT('Ctrl Pts',(138.292832827828,94.6645317155854,0.203304036949291));
#8353=CARTESIAN_POINT('Ctrl Pts',(138.239756670615,94.6645327586743,0.175126649863923));
#8354=CARTESIAN_POINT('Ctrl Pts',(138.185872967196,94.6645338176337,0.14652054782882));
#8355=CARTESIAN_POINT('Ctrl Pts',(138.130242149858,94.6645348765931,0.121205866120575));
#8356=CARTESIAN_POINT('Ctrl Pts',(138.073277385373,94.6645359355525,0.0993706153751799));
#8357=CARTESIAN_POINT('Ctrl Pts',(138.01716270347,94.664536978709,0.0778612110801991));
#8358=CARTESIAN_POINT('Ctrl Pts',(137.959754036663,94.6645380218656,0.0597281952218311));
#8359=CARTESIAN_POINT('Ctrl Pts',(137.901465152546,94.6645390650222,0.0451022598145292));
#8360=CARTESIAN_POINT('Ctrl Pts',(137.841851738999,94.6645401318829,0.0301439714695702));
#8361=CARTESIAN_POINT('Ctrl Pts',(137.781318038206,94.6645411987437,0.0188542731972272));
#8362=CARTESIAN_POINT('Ctrl Pts',(137.72032034923,94.6645422656045,0.0113182660020625));
#8363=CARTESIAN_POINT('Ctrl Pts',(137.659322660254,94.6645433324652,0.00378225880689785));
#8364=CARTESIAN_POINT('Ctrl Pts',(137.59786144698,94.664544399326,-4.78510774331952E-16));
#8365=CARTESIAN_POINT('Ctrl Pts',(137.5364,94.6645454661868,2.22044604925031E-16));
#8366=CARTESIAN_POINT('',(139.0364,103.826684505878,1.5));
#8367=CARTESIAN_POINT('Ctrl Pts',(137.063602319967,92.5423990684929,0.));
#8368=CARTESIAN_POINT('Ctrl Pts',(137.15202771253,92.731018927255,0.));
#8369=CARTESIAN_POINT('Ctrl Pts',(137.305911814336,93.121196954548,0.));
#8370=CARTESIAN_POINT('Ctrl Pts',(137.435259567889,93.6268009220773,0.));
#8371=CARTESIAN_POINT('Ctrl Pts',(137.500448323787,94.0394662919129,0.));
#8372=CARTESIAN_POINT('Ctrl Pts',(137.52497265921,94.2997371073483,0.));
#8373=CARTESIAN_POINT('Ctrl Pts',(137.533541207674,94.4821930678553,0.));
#8374=CARTESIAN_POINT('Ctrl Pts',(137.535990533045,94.5864511944292,0.));
#8375=CARTESIAN_POINT('Ctrl Pts',(137.536398582473,94.6385512695029,0.));
#8376=CARTESIAN_POINT('Ctrl Pts',(137.536400002486,94.6645910530803,0.));
#8377=CARTESIAN_POINT('Ctrl Pts',(137.469963197934,92.3518962211674,0.));
#8378=CARTESIAN_POINT('Ctrl Pts',(137.566322036949,92.5574199515702,0.));
#8379=CARTESIAN_POINT('Ctrl Pts',(137.734021356622,92.9826421548089,0.));
#8380=CARTESIAN_POINT('Ctrl Pts',(137.874981383251,93.5336386731998,0.));
#8381=CARTESIAN_POINT('Ctrl Pts',(137.946019428054,93.9833344732664,0.));
#8382=CARTESIAN_POINT('Ctrl Pts',(137.97274647364,94.2669748342058,0.));
#8383=CARTESIAN_POINT('Ctrl Pts',(137.982083245406,94.4658048166699,0.));
#8384=CARTESIAN_POINT('Ctrl Pts',(137.984752987642,94.5794221636062,0.));
#8385=CARTESIAN_POINT('Ctrl Pts',(137.985197305045,94.6362018012014,0.));
#8386=CARTESIAN_POINT('Ctrl Pts',(137.985198952331,94.664566578978,0.));
#8387=CARTESIAN_POINT('Ctrl Pts',(138.173194550492,92.0222198614227,0.376967148503424));
#8388=CARTESIAN_POINT('Ctrl Pts',(138.283289012466,92.2570523739536,0.376967148503424));
#8389=CARTESIAN_POINT('Ctrl Pts',(138.47489278113,92.7446530555306,0.376967148503423));
#8390=CARTESIAN_POINT('Ctrl Pts',(138.635942842063,93.3741632123506,0.376967148503424));
#8391=CARTESIAN_POINT('Ctrl Pts',(138.717108133111,93.8889403079934,0.376967148503424));
#8392=CARTESIAN_POINT('Ctrl Pts',(138.747644113959,94.2120387003077,0.376967148503423));
#8393=CARTESIAN_POINT('Ctrl Pts',(138.758312453102,94.4408361607579,0.376967148503424));
#8394=CARTESIAN_POINT('Ctrl Pts',(138.761362247476,94.5683727856265,0.376967148503423));
#8395=CARTESIAN_POINT('Ctrl Pts',(138.761870344675,94.6373112099544,0.376967148503424));
#8396=CARTESIAN_POINT('Ctrl Pts',(138.761871879374,94.6645242251074,0.376967148503424));
#8397=CARTESIAN_POINT('Ctrl Pts',(138.421763510528,91.9056902021691,1.16340078711538));
#8398=CARTESIAN_POINT('Ctrl Pts',(138.536713996455,92.1508906337628,1.16340078711538));
#8399=CARTESIAN_POINT('Ctrl Pts',(138.736766662631,92.6607965041512,1.16340078711538));
#8400=CARTESIAN_POINT('Ctrl Pts',(138.904917042685,93.3180525831727,1.16340078711538));
#8401=CARTESIAN_POINT('Ctrl Pts',(138.989662676416,93.8559814909167,1.16340078711538));
#8402=CARTESIAN_POINT('Ctrl Pts',(139.021544547822,94.1928812728389,1.16340078711538));
#8403=CARTESIAN_POINT('Ctrl Pts',(139.032683864498,94.4325127269085,1.16340078711538));
#8404=CARTESIAN_POINT('Ctrl Pts',(139.035867788609,94.5646322214324,1.16340078711538));
#8405=CARTESIAN_POINT('Ctrl Pts',(139.036398580243,94.6384694708414,1.16340078711538));
#8406=CARTESIAN_POINT('Ctrl Pts',(139.036400000256,94.6645092544188,1.16340078711538));
#8407=CARTESIAN_POINT('Ctrl Pts',(138.421763510528,91.9056902021691,1.5));
#8408=CARTESIAN_POINT('Ctrl Pts',(138.536713996455,92.1508906337628,1.5));
#8409=CARTESIAN_POINT('Ctrl Pts',(138.736766662631,92.6607965041512,1.5));
#8410=CARTESIAN_POINT('Ctrl Pts',(138.904917042685,93.3180525831727,1.5));
#8411=CARTESIAN_POINT('Ctrl Pts',(138.989662676416,93.8559814909167,1.5));
#8412=CARTESIAN_POINT('Ctrl Pts',(139.021544547822,94.1928812728389,1.5));
#8413=CARTESIAN_POINT('Ctrl Pts',(139.032683864498,94.4325127269085,1.5));
#8414=CARTESIAN_POINT('Ctrl Pts',(139.035867788609,94.5646322214324,1.5));
#8415=CARTESIAN_POINT('Ctrl Pts',(139.036398580243,94.6384694708414,1.5));
#8416=CARTESIAN_POINT('Ctrl Pts',(139.036400000256,94.6645092544188,1.5));
#8417=CARTESIAN_POINT('',(138.421763510528,91.905690202169,1.5));
#8418=CARTESIAN_POINT('Ctrl Pts',(139.036399999997,94.6645045667479,1.5));
#8419=CARTESIAN_POINT('Ctrl Pts',(139.036398548391,94.6384650402426,1.5));
#8420=CARTESIAN_POINT('Ctrl Pts',(139.035867740846,94.5646302394741,1.5));
#8421=CARTESIAN_POINT('Ctrl Pts',(139.032683864498,94.4325127269085,1.5));
#8422=CARTESIAN_POINT('Ctrl Pts',(139.021544547822,94.1928812728389,1.5));
#8423=CARTESIAN_POINT('Ctrl Pts',(138.989662676416,93.8559814909167,1.5));
#8424=CARTESIAN_POINT('Ctrl Pts',(138.904917042685,93.3180525831727,1.5));
#8425=CARTESIAN_POINT('Ctrl Pts',(138.736766662631,92.6607965041512,1.5));
#8426=CARTESIAN_POINT('Ctrl Pts',(138.536713996455,92.1508906337628,1.5));
#8427=CARTESIAN_POINT('Ctrl Pts',(138.421763510528,91.9056902021691,1.5));
#8428=CARTESIAN_POINT('Origin',(137.063602319967,92.5423990684929,1.5));
#8429=CARTESIAN_POINT('Origin',(132.344535093472,82.475147611437,1.5));
#8430=CARTESIAN_POINT('',(131.579334244433,77.3086411008639,1.5));
#8431=CARTESIAN_POINT('Origin',(130.221148075372,77.9452966829265,1.5));
#8432=CARTESIAN_POINT('',(133.702721262533,81.8384920293744,1.5));
#8433=CARTESIAN_POINT('Ctrl Pts',(128.354738801243,75.8342242047353,0.));
#8434=CARTESIAN_POINT('Ctrl Pts',(128.383430999309,75.8522602315848,0.));
#8435=CARTESIAN_POINT('Ctrl Pts',(128.440510144121,75.8889683057393,0.));
#8436=CARTESIAN_POINT('Ctrl Pts',(128.553215289399,75.9646924447732,0.));
#8437=CARTESIAN_POINT('Ctrl Pts',(128.857654413424,76.1832928636519,0.));
#8438=CARTESIAN_POINT('Ctrl Pts',(129.522478561761,76.7709855907679,0.));
#8439=CARTESIAN_POINT('Ctrl Pts',(129.990996777855,77.4542792112428,0.));
#8440=CARTESIAN_POINT('Ctrl Pts',(130.221131869528,77.9452621096304,0.));
#8441=CARTESIAN_POINT('Ctrl Pts',(128.593585668782,75.4542601645316,0.));
#8442=CARTESIAN_POINT('Ctrl Pts',(128.624840025431,75.4739035419949,0.));
#8443=CARTESIAN_POINT('Ctrl Pts',(128.687061649287,75.5139259086938,0.));
#8444=CARTESIAN_POINT('Ctrl Pts',(128.809854545641,75.5964168090561,0.));
#8445=CARTESIAN_POINT('Ctrl Pts',(129.141656168178,75.8346665650731,0.));
#8446=CARTESIAN_POINT('Ctrl Pts',(129.866111978036,76.4750927418847,0.));
#8447=CARTESIAN_POINT('Ctrl Pts',(130.376648864136,77.219561469964,0.));
#8448=CARTESIAN_POINT('Ctrl Pts',(130.627505069822,77.7547855492245,0.));
#8449=CARTESIAN_POINT('Ctrl Pts',(129.006928768227,74.7967028112647,0.376959983971763));
#8450=CARTESIAN_POINT('Ctrl Pts',(129.036898621244,74.8155403651867,0.376959983971763));
#8451=CARTESIAN_POINT('Ctrl Pts',(129.11243851734,74.8640596544029,0.376959983971765));
#8452=CARTESIAN_POINT('Ctrl Pts',(129.250310916539,74.9567930648255,0.376959983971762));
#8453=CARTESIAN_POINT('Ctrl Pts',(129.631508230653,75.2303231380413,0.376959983971766));
#8454=CARTESIAN_POINT('Ctrl Pts',(130.457263178446,75.9607890973174,0.376959983971761));
#8455=CARTESIAN_POINT('Ctrl Pts',(131.044203765551,76.8137675944352,0.376959983971766));
#8456=CARTESIAN_POINT('Ctrl Pts',(131.330765530682,77.425151032093,0.376959983971763));
#8457=CARTESIAN_POINT('Ctrl Pts',(129.153025653073,74.5642879456279,1.16340078711538));
#8458=CARTESIAN_POINT('Ctrl Pts',(129.181717851139,74.5823239724774,1.16340078711538));
#8459=CARTESIAN_POINT('Ctrl Pts',(129.262601561778,74.6342442252031,1.16340078711538));
#8460=CARTESIAN_POINT('Ctrl Pts',(129.405461313605,74.7303864468797,1.16340078711538));
#8461=CARTESIAN_POINT('Ctrl Pts',(129.8044118472,75.0165701411142,1.16340078711538));
#8462=CARTESIAN_POINT('Ctrl Pts',(130.665697778332,75.7786851741431,1.16340078711538));
#8463=CARTESIAN_POINT('Ctrl Pts',(131.280174455497,76.6703971060653,1.16340078711538));
#8464=CARTESIAN_POINT('Ctrl Pts',(131.579334244433,77.3086411008639,1.16340078711538));
#8465=CARTESIAN_POINT('Ctrl Pts',(129.153025653073,74.5642879456279,1.5));
#8466=CARTESIAN_POINT('Ctrl Pts',(129.181717851139,74.5823239724774,1.5));
#8467=CARTESIAN_POINT('Ctrl Pts',(129.262601561778,74.6342442252031,1.5));
#8468=CARTESIAN_POINT('Ctrl Pts',(129.405461313605,74.7303864468797,1.5));
#8469=CARTESIAN_POINT('Ctrl Pts',(129.8044118472,75.0165701411142,1.5));
#8470=CARTESIAN_POINT('Ctrl Pts',(130.665697778332,75.7786851741431,1.5));
#8471=CARTESIAN_POINT('Ctrl Pts',(131.280174455497,76.6703971060653,1.5));
#8472=CARTESIAN_POINT('Ctrl Pts',(131.579334244433,77.3086411008639,1.5));
#8473=CARTESIAN_POINT('',(129.153025653073,74.5642879456279,1.5));
#8474=CARTESIAN_POINT('Ctrl Pts',(129.153025653073,74.5642879456279,1.5));
#8475=CARTESIAN_POINT('Ctrl Pts',(129.153027680083,74.5642892198147,1.16340078736253));
#8476=CARTESIAN_POINT('Ctrl Pts',(129.090416385877,74.6638966319594,0.826354728672301));
#8477=CARTESIAN_POINT('Ctrl Pts',(128.978719301409,74.8415915963336,0.564519432840171));
#8478=CARTESIAN_POINT('Ctrl Pts',(128.82978985526,75.0785182158035,0.215405704615421));
#8479=CARTESIAN_POINT('Ctrl Pts',(128.593597155309,75.4542673847147,9.14789070628511E-12));
#8480=CARTESIAN_POINT('Ctrl Pts',(128.354752990319,75.8342331240437,2.91370781256464E-22));
#8481=CARTESIAN_POINT('Ctrl Pts',(131.579334244433,77.3086411008639,1.5));
#8482=CARTESIAN_POINT('Ctrl Pts',(131.280174455497,76.6703971060653,1.5));
#8483=CARTESIAN_POINT('Ctrl Pts',(130.665697778332,75.7786851741431,1.5));
#8484=CARTESIAN_POINT('Ctrl Pts',(129.8044118472,75.0165701411142,1.5));
#8485=CARTESIAN_POINT('Ctrl Pts',(129.405461313605,74.7303864468797,1.5));
#8486=CARTESIAN_POINT('Ctrl Pts',(129.262601561778,74.6342442252031,1.5));
#8487=CARTESIAN_POINT('Ctrl Pts',(129.181717851139,74.5823239724774,1.5));
#8488=CARTESIAN_POINT('Ctrl Pts',(129.153025653073,74.5642879456279,1.5));
#8489=CARTESIAN_POINT('Origin',(111.173526834052,65.0345834422323,1.5));
#8490=CARTESIAN_POINT('',(113.40149548116,64.6633061261735,1.5));
#8491=CARTESIAN_POINT('Ctrl Pts',(113.40149548116,64.6633061261736,1.50000000000001));
#8492=CARTESIAN_POINT('Ctrl Pts',(113.401496069402,64.6633064959266,1.43990224322383));
#8493=CARTESIAN_POINT('Ctrl Pts',(113.399572278746,64.6663683713798,1.37980469535862));
#8494=CARTESIAN_POINT('Ctrl Pts',(113.395737979848,64.672469685625,1.32014053118572));
#8495=CARTESIAN_POINT('Ctrl Pts',(113.391903816964,64.6785707834377,1.26047848348613));
#8496=CARTESIAN_POINT('Ctrl Pts',(113.3861593082,64.6877110617403,1.20125020345154));
#8497=CARTESIAN_POINT('Ctrl Pts',(113.378545860485,64.6998246460046,1.14288257007986));
#8498=CARTESIAN_POINT('Ctrl Pts',(113.370932661337,64.7119378347794,1.0845168423199));
#8499=CARTESIAN_POINT('Ctrl Pts',(113.361450698341,64.7270240509447,1.02701211064843));
#8500=CARTESIAN_POINT('Ctrl Pts',(113.350168311118,64.7449745725957,0.970782804841743));
#8501=CARTESIAN_POINT('Ctrl Pts',(113.338886260385,64.7629245588824,0.914555176042927));
#8502=CARTESIAN_POINT('Ctrl Pts',(113.325803971359,64.7837385548507,0.859603287720857));
#8503=CARTESIAN_POINT('Ctrl Pts',(113.311015725172,64.8072665680945,0.80632314804134));
#8504=CARTESIAN_POINT('Ctrl Pts',(113.296227878284,64.8307939460564,0.753044446983571));
#8505=CARTESIAN_POINT('Ctrl Pts',(113.279734269236,64.8570350310637,0.701437774426589));
#8506=CARTESIAN_POINT('Ctrl Pts',(113.26165375627,64.8858007308413,0.65187501135835));
#8507=CARTESIAN_POINT('Ctrl Pts',(113.243415012563,64.9148181722601,0.601878502147625));
#8508=CARTESIAN_POINT('Ctrl Pts',(113.223561563492,64.9464044579322,0.553962232245908));
#8509=CARTESIAN_POINT('Ctrl Pts',(113.202238988116,64.9803279852788,0.508477545993685));
#8510=CARTESIAN_POINT('Ctrl Pts',(113.181097902624,65.0139627680937,0.463380008586505));
#8511=CARTESIAN_POINT('Ctrl Pts',(113.158512772487,65.049894890022,0.420673105740427));
#8512=CARTESIAN_POINT('Ctrl Pts',(113.134646405543,65.0878653391163,0.380664687682771));
#8513=CARTESIAN_POINT('Ctrl Pts',(113.110781806277,65.1258329759049,0.340659232874364));
#8514=CARTESIAN_POINT('Ctrl Pts',(113.085636326133,65.1658383736124,0.303352140786113));
#8515=CARTESIAN_POINT('Ctrl Pts',(113.05939120229,65.2075932009429,0.26901229767454));
#8516=CARTESIAN_POINT('Ctrl Pts',(113.033147725762,65.249345407468,0.234674609955522));
#8517=CARTESIAN_POINT('Ctrl Pts',(113.005804926145,65.2928465335588,0.203304036949304));
#8518=CARTESIAN_POINT('Ctrl Pts',(112.977559852841,65.3377830921604,0.175126649863935));
#8519=CARTESIAN_POINT('Ctrl Pts',(112.948885034751,65.3834033541304,0.14652054782883));
#8520=CARTESIAN_POINT('Ctrl Pts',(112.919280451001,65.4305027857534,0.121205866120585));
#8521=CARTESIAN_POINT('Ctrl Pts',(112.888965977509,65.4787315851389,0.0993706153751879));
#8522=CARTESIAN_POINT('Ctrl Pts',(112.859103885522,65.5262406683522,0.0778612110802044));
#8523=CARTESIAN_POINT('Ctrl Pts',(112.828553170593,65.5748452858521,0.059728195221834));
#8524=CARTESIAN_POINT('Ctrl Pts',(112.797534028379,65.6241951270725,0.0451022598145305));
#8525=CARTESIAN_POINT('Ctrl Pts',(112.765810021638,65.6746663710782,0.0301439714695713));
#8526=CARTESIAN_POINT('Ctrl Pts',(112.733596263502,65.7259167634569,0.018854273197228));
#8527=CARTESIAN_POINT('Ctrl Pts',(112.701135583701,65.7775599849651,0.011318266002063));
#8528=CARTESIAN_POINT('Ctrl Pts',(112.668674903899,65.8292032064734,0.00378225880689798));
#8529=CARTESIAN_POINT('Ctrl Pts',(112.635967549298,65.881238864369,-5.90518538170587E-16));
#8530=CARTESIAN_POINT('Ctrl Pts',(112.603260070326,65.9332747201288,-2.22044604925031E-16));
#8531=CARTESIAN_POINT('',(111.97178530753,63.7646293448253,1.5));
#8532=CARTESIAN_POINT('Ctrl Pts',(108.994048730685,65.2573063847743,0.));
#8533=CARTESIAN_POINT('Ctrl Pts',(109.521412640714,65.1554282620958,0.));
#8534=CARTESIAN_POINT('Ctrl Pts',(110.246609220601,65.1340037625573,0.));
#8535=CARTESIAN_POINT('Ctrl Pts',(111.127753879303,65.2992405907153,0.));
#8536=CARTESIAN_POINT('Ctrl Pts',(111.642817473061,65.4542781013555,0.));
#8537=CARTESIAN_POINT('Ctrl Pts',(112.055709374789,65.6288578075983,0.));
#8538=CARTESIAN_POINT('Ctrl Pts',(112.333645580818,65.7737501280451,0.));
#8539=CARTESIAN_POINT('Ctrl Pts',(112.488958593356,65.8628541212521,0.));
#8540=CARTESIAN_POINT('Ctrl Pts',(112.565389878721,65.9094724704819,0.));
#8541=CARTESIAN_POINT('Ctrl Pts',(112.603285776812,65.9332908772217,0.));
#8542=CARTESIAN_POINT('Ctrl Pts',(108.908921992006,64.8166546670388,0.));
#8543=CARTESIAN_POINT('Ctrl Pts',(109.483796634194,64.7055982443147,0.));
#8544=CARTESIAN_POINT('Ctrl Pts',(110.274957884124,64.6829969417037,0.));
#8545=CARTESIAN_POINT('Ctrl Pts',(111.235400424551,64.8630779599329,0.));
#8546=CARTESIAN_POINT('Ctrl Pts',(111.797217538516,65.0323772562145,0.));
#8547=CARTESIAN_POINT('Ctrl Pts',(112.246893958107,65.2224821578305,0.));
#8548=CARTESIAN_POINT('Ctrl Pts',(112.550633573994,65.3809290683799,0.));
#8549=CARTESIAN_POINT('Ctrl Pts',(112.718927012854,65.477432266248,0.));
#8550=CARTESIAN_POINT('Ctrl Pts',(112.804214454667,65.5294944186079,0.));
#8551=CARTESIAN_POINT('Ctrl Pts',(112.842110352758,65.5533128253477,0.));
#8552=CARTESIAN_POINT('Ctrl Pts',(108.761546342976,64.053776470307,0.376609959919322));
#8553=CARTESIAN_POINT('Ctrl Pts',(109.418023333535,63.9269558022484,0.376609959919322));
#8554=CARTESIAN_POINT('Ctrl Pts',(110.32541862593,63.9028684352574,0.376609959919322));
#8555=CARTESIAN_POINT('Ctrl Pts',(111.422202227425,64.1084746036592,0.376609959919322));
#8556=CARTESIAN_POINT('Ctrl Pts',(112.064946214829,64.3023894846429,0.376609959919322));
#8557=CARTESIAN_POINT('Ctrl Pts',(112.578264538836,64.519251626688,0.376609959919322));
#8558=CARTESIAN_POINT('Ctrl Pts',(112.926494471175,64.7010137195541,0.376609959919322));
#8559=CARTESIAN_POINT('Ctrl Pts',(113.117140965446,64.8102372073267,0.376609959919322));
#8560=CARTESIAN_POINT('Ctrl Pts',(113.217679453212,64.8716574935621,0.376609959919322));
#8561=CARTESIAN_POINT('Ctrl Pts',(113.255575351303,64.8954759003019,0.376609959919322));
#8562=CARTESIAN_POINT('Ctrl Pts',(108.709533564433,63.784536504524,1.16340078711538));
#8563=CARTESIAN_POINT('Ctrl Pts',(109.395106169474,63.652095037383,1.16340078711538));
#8564=CARTESIAN_POINT('Ctrl Pts',(110.342598784014,63.6272324039607,1.16340078711538));
#8565=CARTESIAN_POINT('Ctrl Pts',(111.487929942318,63.8419261663342,1.16340078711538));
#8566=CARTESIAN_POINT('Ctrl Pts',(112.159242063293,64.0445627193163,1.16340078711538));
#8567=CARTESIAN_POINT('Ctrl Pts',(112.69504008656,64.2709231356323,1.16340078711538));
#8568=CARTESIAN_POINT('Ctrl Pts',(113.059054554195,64.4609825610319,1.16340078711538));
#8569=CARTESIAN_POINT('Ctrl Pts',(113.257644311153,64.5747361306387,1.16340078711538));
#8570=CARTESIAN_POINT('Ctrl Pts',(113.363602226385,64.6394893808163,1.16340078711538));
#8571=CARTESIAN_POINT('Ctrl Pts',(113.401498124477,64.6633077875561,1.16340078711538));
#8572=CARTESIAN_POINT('Ctrl Pts',(108.709533564433,63.784536504524,1.5));
#8573=CARTESIAN_POINT('Ctrl Pts',(109.394984745937,63.6521184944338,1.5));
#8574=CARTESIAN_POINT('Ctrl Pts',(110.342856735344,63.6273587478116,1.5));
#8575=CARTESIAN_POINT('Ctrl Pts',(111.488011826744,63.8420200636984,1.5));
#8576=CARTESIAN_POINT('Ctrl Pts',(112.159321120416,64.0446425950924,1.5));
#8577=CARTESIAN_POINT('Ctrl Pts',(112.695111438562,64.2709804751818,1.5));
#8578=CARTESIAN_POINT('Ctrl Pts',(113.059091970231,64.4610116816963,1.5));
#8579=CARTESIAN_POINT('Ctrl Pts',(113.257659460814,64.5747485323175,1.5));
#8580=CARTESIAN_POINT('Ctrl Pts',(113.363602226385,64.6394893808163,1.5));
#8581=CARTESIAN_POINT('Ctrl Pts',(113.401498124477,64.6633077875561,1.5));
#8582=CARTESIAN_POINT('',(108.709533564433,63.784536504524,1.5));
#8583=CARTESIAN_POINT('Ctrl Pts',(113.401495481136,64.6633061261596,1.5));
#8584=CARTESIAN_POINT('Ctrl Pts',(113.363599763145,64.6394878755485,1.5));
#8585=CARTESIAN_POINT('Ctrl Pts',(113.257658306607,64.5747478712027,1.5));
#8586=CARTESIAN_POINT('Ctrl Pts',(113.059091970231,64.4610116816963,1.5));
#8587=CARTESIAN_POINT('Ctrl Pts',(112.695111438562,64.2709804751818,1.5));
#8588=CARTESIAN_POINT('Ctrl Pts',(112.159321120416,64.0446425950924,1.5));
#8589=CARTESIAN_POINT('Ctrl Pts',(111.488011826744,63.8420200636984,1.5));
#8590=CARTESIAN_POINT('Ctrl Pts',(110.342856735344,63.6273587478116,1.5));
#8591=CARTESIAN_POINT('Ctrl Pts',(109.394984745937,63.6521184944338,1.5));
#8592=CARTESIAN_POINT('Ctrl Pts',(108.709533564433,63.784536504524,1.5));
#8593=CARTESIAN_POINT('Origin',(108.994048730685,65.2573063847743,1.5));
#8594=CARTESIAN_POINT('Origin',(47.906304172701,77.0583166957667,1.5));
#8595=CARTESIAN_POINT('',(24.3032506547851,80.0902525223003,1.5));
#8596=CARTESIAN_POINT('Origin',(24.5877623925232,81.5630230648796,1.5));
#8597=CARTESIAN_POINT('',(47.6217924349629,75.5855461531875,1.5));
#8598=CARTESIAN_POINT('Ctrl Pts',(20.5362999998494,86.4723129574894,0.));
#8599=CARTESIAN_POINT('Ctrl Pts',(20.5362829897633,85.4866266689169,0.));
#8600=CARTESIAN_POINT('Ctrl Pts',(21.2356673415573,83.1846101960384,0.));
#8601=CARTESIAN_POINT('Ctrl Pts',(23.297415931922,81.8123283997528,0.));
#8602=CARTESIAN_POINT('Ctrl Pts',(24.5878003740916,81.5630157270425,0.));
#8603=CARTESIAN_POINT('Ctrl Pts',(20.0875010494034,86.4723207024574,0.));
#8604=CARTESIAN_POINT('Ctrl Pts',(20.0874825177802,85.39846564737,0.));
#8605=CARTESIAN_POINT('Ctrl Pts',(20.8490924868692,82.8887595483887,0.));
#8606=CARTESIAN_POINT('Ctrl Pts',(23.0968551059065,81.3939794777833,0.));
#8607=CARTESIAN_POINT('Ctrl Pts',(24.5026632971567,81.1223660066155,0.));
#8608=CARTESIAN_POINT('Ctrl Pts',(19.3104555403584,86.4723341120088,0.376535029077992));
#8609=CARTESIAN_POINT('Ctrl Pts',(19.3104343954098,85.2470442531689,0.376535029077992));
#8610=CARTESIAN_POINT('Ctrl Pts',(20.1805233321442,82.3782649481972,0.376535029077992));
#8611=CARTESIAN_POINT('Ctrl Pts',(22.7512029525945,80.6693463275947,0.376535029077992));
#8612=CARTESIAN_POINT('Ctrl Pts',(24.3552579094663,80.3594299837495,0.376535029077992));
#8613=CARTESIAN_POINT('Ctrl Pts',(19.0363000000727,86.4723388431381,1.16340078711538));
#8614=CARTESIAN_POINT('Ctrl Pts',(19.0362779233334,85.1930543535429,1.16340078711538));
#8615=CARTESIAN_POINT('Ctrl Pts',(19.9442958926379,82.1973471883811,1.16340078711538));
#8616=CARTESIAN_POINT('Ctrl Pts',(22.6285100916595,80.4138258948893,1.16340078711538));
#8617=CARTESIAN_POINT('Ctrl Pts',(24.3032506547651,80.0902525223042,1.16340078711538));
#8618=CARTESIAN_POINT('Ctrl Pts',(19.0363000000727,86.4723388431381,1.5));
#8619=CARTESIAN_POINT('Ctrl Pts',(19.036277927222,85.1932796871255,1.5));
#8620=CARTESIAN_POINT('Ctrl Pts',(19.9444330284487,82.1976682821292,1.5));
#8621=CARTESIAN_POINT('Ctrl Pts',(22.6288050810069,80.4137689005702,1.5));
#8622=CARTESIAN_POINT('Ctrl Pts',(24.3032506547651,80.0902525223042,1.5));
#8623=CARTESIAN_POINT('',(19.0363000000718,86.4723388431391,1.5));
#8624=CARTESIAN_POINT('Ctrl Pts',(24.3032506547651,80.0902525223042,1.5));
#8625=CARTESIAN_POINT('Ctrl Pts',(22.6288050810069,80.4137689005702,1.5));
#8626=CARTESIAN_POINT('Ctrl Pts',(19.9444330284487,82.1976682821292,1.5));
#8627=CARTESIAN_POINT('Ctrl Pts',(19.036277927222,85.1932796871255,1.5));
#8628=CARTESIAN_POINT('Ctrl Pts',(19.0363000000727,86.4723388431381,1.5));
#8629=CARTESIAN_POINT('Origin',(20.5362999998494,86.4723129574894,1.5));
#8630=CARTESIAN_POINT('Origin',(20.5363000002967,124.218257004065,1.5));
#8631=CARTESIAN_POINT('',(19.0363000003634,135.447649563467,1.5));
#8632=CARTESIAN_POINT('Origin',(20.5363000003634,135.447649563458,1.5));
#8633=CARTESIAN_POINT('',(19.0363000002967,124.218257004074,1.5));
#8634=CARTESIAN_POINT('Ctrl Pts',(22.6402928612526,139.523665879475,0.));
#8635=CARTESIAN_POINT('Ctrl Pts',(21.900384949474,138.997950012721,0.));
#8636=CARTESIAN_POINT('Ctrl Pts',(20.8647301354696,137.717360424858,0.));
#8637=CARTESIAN_POINT('Ctrl Pts',(20.5362901904084,136.128413788921,0.));
#8638=CARTESIAN_POINT('Ctrl Pts',(20.5363000002076,135.447671179124,0.));
#8639=CARTESIAN_POINT('Ctrl Pts',(22.3803479945944,139.889519899926,-7.69591402925379E-16));
#8640=CARTESIAN_POINT('Ctrl Pts',(21.573853874999,139.316493516012,-9.71954005209787E-16));
#8641=CARTESIAN_POINT('Ctrl Pts',(20.4452155621593,137.921413847354,-4.3196397846646E-16));
#8642=CARTESIAN_POINT('Ctrl Pts',(20.0874903571351,136.189668962271,0.));
#8643=CARTESIAN_POINT('Ctrl Pts',(20.0875010497414,135.447664711734,0.));
#8644=CARTESIAN_POINT('Ctrl Pts',(21.9303132674366,140.522911958748,0.376599120767859));
#8645=CARTESIAN_POINT('Ctrl Pts',(21.0094535996777,139.868627106959,0.376599120767858));
#8646=CARTESIAN_POINT('Ctrl Pts',(19.7193979743884,138.273677216843,0.376599120767859));
#8647=CARTESIAN_POINT('Ctrl Pts',(19.3104967201183,136.294878070913,0.37659912076786));
#8648=CARTESIAN_POINT('Ctrl Pts',(19.3105089289954,135.447653514937,0.37659912076786));
#8649=CARTESIAN_POINT('Ctrl Pts',(21.7714911415923,140.746442871374,1.16340078711538));
#8650=CARTESIAN_POINT('Ctrl Pts',(20.8098540211529,140.063185016947,1.16340078711538));
#8651=CARTESIAN_POINT('Ctrl Pts',(19.4630322100324,138.398454742383,1.16340078711538));
#8652=CARTESIAN_POINT('Ctrl Pts',(19.0362872508545,136.332390802526,1.16340078711538));
#8653=CARTESIAN_POINT('Ctrl Pts',(19.0363000003634,135.447649563467,1.16340078711538));
#8654=CARTESIAN_POINT('Ctrl Pts',(21.7714911415923,140.746442871374,1.5));
#8655=CARTESIAN_POINT('Ctrl Pts',(20.8100241960272,140.063305928793,1.5));
#8656=CARTESIAN_POINT('Ctrl Pts',(19.4631208004352,138.398266857376,1.5));
#8657=CARTESIAN_POINT('Ctrl Pts',(19.0362872531107,136.332234235688,1.5));
#8658=CARTESIAN_POINT('Ctrl Pts',(19.0363000003634,135.447649563467,1.5));
#8659=CARTESIAN_POINT('',(21.7714911415923,140.746442871374,1.5));
#8660=CARTESIAN_POINT('Ctrl Pts',(19.0363000003634,135.447649563467,1.5));
#8661=CARTESIAN_POINT('Ctrl Pts',(19.0362872531107,136.332234235688,1.5));
#8662=CARTESIAN_POINT('Ctrl Pts',(19.4631208004352,138.398266857376,1.5));
#8663=CARTESIAN_POINT('Ctrl Pts',(20.8100241960272,140.063305928793,1.5));
#8664=CARTESIAN_POINT('Ctrl Pts',(21.7714911415923,140.746442871374,1.5));
#8665=CARTESIAN_POINT('Origin',(22.6402928612526,139.523665879475,1.5));
#8666=CARTESIAN_POINT('Origin',(43.8681614591989,154.606580475918,1.5));
#8667=CARTESIAN_POINT('',(39.2796164621809,153.18638980888,1.5));
#8668=CARTESIAN_POINT('Origin',(40.1484254505778,151.963617981563,1.5));
#8669=CARTESIAN_POINT('',(42.9993524708021,155.829352303235,1.5));
#8670=CARTESIAN_POINT('Ctrl Pts',(40.9569860539031,152.431147439033,0.));
#8671=CARTESIAN_POINT('Ctrl Pts',(40.9165150087703,152.412550653912,0.));
#8672=CARTESIAN_POINT('Ctrl Pts',(40.7958468881473,152.355139133598,0.));
#8673=CARTESIAN_POINT('Ctrl Pts',(40.5198061952627,152.209967689685,0.));
#8674=CARTESIAN_POINT('Ctrl Pts',(40.2936837084196,152.066832952459,0.));
#8675=CARTESIAN_POINT('Ctrl Pts',(40.1484560055347,151.963639692174,0.));
#8676=CARTESIAN_POINT('Ctrl Pts',(40.7695959364667,152.838953081304,0.));
#8677=CARTESIAN_POINT('Ctrl Pts',(40.7291248913339,152.820356296184,0.));
#8678=CARTESIAN_POINT('Ctrl Pts',(40.5950884245003,152.756632771392,0.));
#8679=CARTESIAN_POINT('Ctrl Pts',(40.2956931759795,152.599078386397,0.));
#8680=CARTESIAN_POINT('Ctrl Pts',(40.0468205630861,152.441982344833,0.));
#8681=CARTESIAN_POINT('Ctrl Pts',(39.8884998220539,152.329485671586,0.));
#8682=CARTESIAN_POINT('Ctrl Pts',(40.4451801337054,153.544959335092,0.376619447766101));
#8683=CARTESIAN_POINT('Ctrl Pts',(40.4047090885726,153.526362549972,0.376619447766101));
#8684=CARTESIAN_POINT('Ctrl Pts',(40.2475078486941,153.451679925113,0.3766194477661));
#8685=CARTESIAN_POINT('Ctrl Pts',(39.9079699867147,153.272839913139,0.376619447766101));
#8686=CARTESIAN_POINT('Ctrl Pts',(39.6192640788173,153.091325813526,0.376619447766101));
#8687=CARTESIAN_POINT('Ctrl Pts',(39.4384553100999,152.96285000649,0.376619447766101));
#8688=CARTESIAN_POINT('Ctrl Pts',(40.3306807208949,153.794137398587,1.16340078711538));
#8689=CARTESIAN_POINT('Ctrl Pts',(40.2902096757621,153.775540613467,1.16340078711538));
#8690=CARTESIAN_POINT('Ctrl Pts',(40.124842211486,153.697004399796,1.16340078711538));
#8691=CARTESIAN_POINT('Ctrl Pts',(39.77100500976,153.510582801506,1.16340078711538));
#8692=CARTESIAN_POINT('Ctrl Pts',(39.4684434190638,153.320563034259,1.16340078711538));
#8693=CARTESIAN_POINT('Ctrl Pts',(39.279616462181,153.18638980888,1.16340078711538));
#8694=CARTESIAN_POINT('Ctrl Pts',(40.3306807208949,153.794137398587,1.5));
#8695=CARTESIAN_POINT('Ctrl Pts',(40.2902096757621,153.775540613467,1.5));
#8696=CARTESIAN_POINT('Ctrl Pts',(40.1248382755754,153.696998503023,1.5));
#8697=CARTESIAN_POINT('Ctrl Pts',(39.7710551823734,153.510605331905,1.5));
#8698=CARTESIAN_POINT('Ctrl Pts',(39.4684099570873,153.320539257456,1.5));
#8699=CARTESIAN_POINT('Ctrl Pts',(39.279616462181,153.18638980888,1.5));
#8700=CARTESIAN_POINT('',(40.3306807208949,153.794137398587,1.5));
#8701=CARTESIAN_POINT('Ctrl Pts',(40.3306807208949,153.794137398587,1.5));
#8702=CARTESIAN_POINT('Ctrl Pts',(40.3306770577987,153.794135715364,1.16340078711538));
#8703=CARTESIAN_POINT('Ctrl Pts',(40.3797445714767,153.687343433426,0.826208784537117));
#8704=CARTESIAN_POINT('Ctrl Pts',(40.4673681567874,153.496643932862,0.564352639596581));
#8705=CARTESIAN_POINT('Ctrl Pts',(40.5841996038615,153.242377932124,0.215211113029839));
#8706=CARTESIAN_POINT('Ctrl Pts',(40.7695751783242,152.83894354276,2.5443509009881E-11));
#8707=CARTESIAN_POINT('Ctrl Pts',(40.95696041223,152.431135656469,2.25605967201931E-21));
#8708=CARTESIAN_POINT('Ctrl Pts',(39.279616462181,153.18638980888,1.5));
#8709=CARTESIAN_POINT('Ctrl Pts',(39.4684099570873,153.320539257456,1.5));
#8710=CARTESIAN_POINT('Ctrl Pts',(39.7710551823734,153.510605331905,1.5));
#8711=CARTESIAN_POINT('Ctrl Pts',(40.1248382755754,153.696998503023,1.5));
#8712=CARTESIAN_POINT('Ctrl Pts',(40.2902096757621,153.775540613467,1.5));
#8713=CARTESIAN_POINT('Ctrl Pts',(40.3306807208949,153.794137398587,1.5));
#8714=CARTESIAN_POINT('Origin',(58.0201718105636,160.271047031385,1.5));
#8715=CARTESIAN_POINT('',(57.9788343069538,161.902807965672,1.5));
#8716=CARTESIAN_POINT('Ctrl Pts',(57.9788343069537,161.902807965672,1.5));
#8717=CARTESIAN_POINT('Ctrl Pts',(57.9788332820914,161.902807494786,1.43990224322382));
#8718=CARTESIAN_POINT('Ctrl Pts',(57.9803419813561,161.899521177836,1.37980469535861));
#8719=CARTESIAN_POINT('Ctrl Pts',(57.983349522866,161.892972698744,1.32014053118571));
#8720=CARTESIAN_POINT('Ctrl Pts',(57.986356957689,161.886424451947,1.26047848348613));
#8721=CARTESIAN_POINT('Ctrl Pts',(57.9908631073803,161.876614320238,1.20125020345154));
#8722=CARTESIAN_POINT('Ctrl Pts',(57.9968354871516,161.863613005286,1.14288257007987));
#8723=CARTESIAN_POINT('Ctrl Pts',(58.002807671934,161.850612114806,1.08451684231991));
#8724=CARTESIAN_POINT('Ctrl Pts',(58.0102459494242,161.834420340066,1.02701211064844));
#8725=CARTESIAN_POINT('Ctrl Pts',(58.0190967054536,161.815154369873,0.970782804841762));
#8726=CARTESIAN_POINT('Ctrl Pts',(58.0279471975141,161.795888974276,0.914555176042929));
#8727=CARTESIAN_POINT('Ctrl Pts',(58.0382100222436,161.773549700705,0.859603287720841));
#8728=CARTESIAN_POINT('Ctrl Pts',(58.0498112136996,161.748297532677,0.80632314804131));
#8729=CARTESIAN_POINT('Ctrl Pts',(58.0614120919107,161.723046046486,0.753044446983535));
#8730=CARTESIAN_POINT('Ctrl Pts',(58.0743511838643,161.694881998801,0.701437774426548));
#8731=CARTESIAN_POINT('Ctrl Pts',(58.0885352422506,161.664008338162,0.651875011358304));
#8732=CARTESIAN_POINT('Ctrl Pts',(58.1028434317431,161.632864488163,0.601878502147583));
#8733=CARTESIAN_POINT('Ctrl Pts',(58.1184183986085,161.598963554687,0.553962232245869));
#8734=CARTESIAN_POINT('Ctrl Pts',(58.1351459323781,161.562554111639,0.508477545993649));
#8735=CARTESIAN_POINT('Ctrl Pts',(58.1517310875602,161.526454572318,0.463380008586472));
#8736=CARTESIAN_POINT('Ctrl Pts',(58.1694491324466,161.487889349957,0.420673105740397));
#8737=CARTESIAN_POINT('Ctrl Pts',(58.1881723401526,161.447136436325,0.380664687682744));
#8738=CARTESIAN_POINT('Ctrl Pts',(58.2068941611121,161.406386541084,0.340659232874339));
#8739=CARTESIAN_POINT('Ctrl Pts',(58.2266208656569,161.363449562312,0.303352140786088));
#8740=CARTESIAN_POINT('Ctrl Pts',(58.2472102686152,161.318634959586,0.269012297674517));
#8741=CARTESIAN_POINT('Ctrl Pts',(58.2677983792483,161.273823169716,0.234674609955503));
#8742=CARTESIAN_POINT('Ctrl Pts',(58.2892489367696,161.227134303325,0.203304036949289));
#8743=CARTESIAN_POINT('Ctrl Pts',(58.3114073509166,161.178904819104,0.175126649863924));
#8744=CARTESIAN_POINT('Ctrl Pts',(58.3339029021934,161.129941530119,0.146520547828821));
#8745=CARTESIAN_POINT('Ctrl Pts',(58.3571278782475,161.079390681201,0.121205866120577));
#8746=CARTESIAN_POINT('Ctrl Pts',(58.3809097808358,161.02762770695,0.0993706153751814));
#8747=CARTESIAN_POINT('Ctrl Pts',(58.4043367871771,160.976637189201,0.0778612110802012));
#8748=CARTESIAN_POINT('Ctrl Pts',(58.4283040357085,160.924470858837,0.0597281952218333));
#8749=CARTESIAN_POINT('Ctrl Pts',(58.4526387773434,160.871504696407,0.0451022598145314));
#8750=CARTESIAN_POINT('Ctrl Pts',(58.4775264903024,160.817334955595,0.0301439714695719));
#8751=CARTESIAN_POINT('Ctrl Pts',(58.5027984256711,160.762328972141,0.0188542731972286));
#8752=CARTESIAN_POINT('Ctrl Pts',(58.5282640773588,160.706901373908,0.0113182660020634));
#8753=CARTESIAN_POINT('Ctrl Pts',(58.5537297290465,160.651473775675,0.0037822588068983));
#8754=CARTESIAN_POINT('Ctrl Pts',(58.5793889033797,160.595624984184,-5.99616659979123E-16));
#8755=CARTESIAN_POINT('Ctrl Pts',(58.6050481752858,160.539775980331,-2.22044604925031E-16));
#8756=CARTESIAN_POINT('',(57.3939177614476,161.63406055515,1.5));
#8757=CARTESIAN_POINT('Ctrl Pts',(60.6925271535565,160.996300000651,0.));
#8758=CARTESIAN_POINT('Ctrl Pts',(60.3854826888551,160.99631104258,0.));
#8759=CARTESIAN_POINT('Ctrl Pts',(59.8714536543404,160.948720477667,0.));
#8760=CARTESIAN_POINT('Ctrl Pts',(59.2747933066499,160.798777897845,0.));
#8761=CARTESIAN_POINT('Ctrl Pts',(58.935326962772,160.679398986105,0.));
#8762=CARTESIAN_POINT('Ctrl Pts',(58.7690241434676,160.61207266236,0.));
#8763=CARTESIAN_POINT('Ctrl Pts',(58.6749350599072,160.571451419067,0.));
#8764=CARTESIAN_POINT('Ctrl Pts',(58.6282543374327,160.550436692227,0.));
#8765=CARTESIAN_POINT('Ctrl Pts',(58.6050033877421,160.539755405317,0.));
#8766=CARTESIAN_POINT('Ctrl Pts',(60.6925432932593,161.445098950873,0.));
#8767=CARTESIAN_POINT('Ctrl Pts',(60.3578175880743,161.445110988275,0.));
#8768=CARTESIAN_POINT('Ctrl Pts',(59.7972664221226,161.393023078798,0.));
#8769=CARTESIAN_POINT('Ctrl Pts',(59.1464910814107,161.229386394764,0.));
#8770=CARTESIAN_POINT('Ctrl Pts',(58.7766625756266,161.099319142574,0.));
#8771=CARTESIAN_POINT('Ctrl Pts',(58.5949504630736,161.025726935228,0.));
#8772=CARTESIAN_POINT('Ctrl Pts',(58.4929980971792,160.981725000429,0.));
#8773=CARTESIAN_POINT('Ctrl Pts',(58.4409036086577,160.958260431616,0.));
#8774=CARTESIAN_POINT('Ctrl Pts',(58.4176526589671,160.947579144706,0.));
#8775=CARTESIAN_POINT('Ctrl Pts',(60.6925712344161,162.222062569146,0.376633336944564));
#8776=CARTESIAN_POINT('Ctrl Pts',(60.3103014454706,162.222076316328,0.376633336944564));
#8777=CARTESIAN_POINT('Ctrl Pts',(59.6682415842186,162.161914391995,0.376633336944564));
#8778=CARTESIAN_POINT('Ctrl Pts',(58.924168347176,161.974679507514,0.376633336944564));
#8779=CARTESIAN_POINT('Ctrl Pts',(58.5017114420908,161.826149256672,0.376633336944564));
#8780=CARTESIAN_POINT('Ctrl Pts',(58.2934703603589,161.741781169461,0.376633336944564));
#8781=CARTESIAN_POINT('Ctrl Pts',(58.177973875256,161.691964248986,0.376633336944564));
#8782=CARTESIAN_POINT('Ctrl Pts',(58.1165608265661,161.664287502347,0.376633336944564));
#8783=CARTESIAN_POINT('Ctrl Pts',(58.0933098768754,161.653606215437,0.376633336944564));
#8784=CARTESIAN_POINT('Ctrl Pts',(60.6925810965395,162.496299999681,1.16340078711538));
#8785=CARTESIAN_POINT('Ctrl Pts',(60.2933592913887,162.496314356491,1.16340078711538));
#8786=CARTESIAN_POINT('Ctrl Pts',(59.6229683116281,162.433432916131,1.16340078711538));
#8787=CARTESIAN_POINT('Ctrl Pts',(58.8457899429266,162.237819465117,1.16340078711538));
#8788=CARTESIAN_POINT('Ctrl Pts',(58.404786785683,162.082754093608,1.16340078711538));
#8789=CARTESIAN_POINT('Ctrl Pts',(58.1871152504849,161.994550149317,1.16340078711538));
#8790=CARTESIAN_POINT('Ctrl Pts',(58.0668071008273,161.942663729048,1.16340078711538));
#8791=CARTESIAN_POINT('Ctrl Pts',(58.0020806513281,161.91348713694,1.16340078711538));
#8792=CARTESIAN_POINT('Ctrl Pts',(57.9788297016374,161.902805850029,1.16340078711538));
#8793=CARTESIAN_POINT('Ctrl Pts',(60.6925810965395,162.496299999681,1.5));
#8794=CARTESIAN_POINT('Ctrl Pts',(60.2934300365441,162.496314353947,1.5));
#8795=CARTESIAN_POINT('Ctrl Pts',(59.6228575805322,162.433378957849,1.5));
#8796=CARTESIAN_POINT('Ctrl Pts',(58.8457515426504,162.237785937169,1.5));
#8797=CARTESIAN_POINT('Ctrl Pts',(58.4047361725602,162.082728190456,1.5));
#8798=CARTESIAN_POINT('Ctrl Pts',(58.1870922904592,161.994537662491,1.5));
#8799=CARTESIAN_POINT('Ctrl Pts',(58.0667970305656,161.942658298653,1.5));
#8800=CARTESIAN_POINT('Ctrl Pts',(58.0020806513281,161.91348713694,1.5));
#8801=CARTESIAN_POINT('Ctrl Pts',(57.9788297016374,161.902805850029,1.5));
#8802=CARTESIAN_POINT('',(60.6925810965396,162.496299999681,1.5));
#8803=CARTESIAN_POINT('Ctrl Pts',(57.9788343070729,161.902807965723,1.5));
#8804=CARTESIAN_POINT('Ctrl Pts',(58.0020849241148,161.913489062914,1.5));
#8805=CARTESIAN_POINT('Ctrl Pts',(58.0667990161394,161.942659154965,1.5));
#8806=CARTESIAN_POINT('Ctrl Pts',(58.1870922904592,161.994537662491,1.5));
#8807=CARTESIAN_POINT('Ctrl Pts',(58.4047361725602,162.082728190456,1.5));
#8808=CARTESIAN_POINT('Ctrl Pts',(58.8457515426504,162.237785937169,1.5));
#8809=CARTESIAN_POINT('Ctrl Pts',(59.6228575805322,162.433378957849,1.5));
#8810=CARTESIAN_POINT('Ctrl Pts',(60.2934300365441,162.496314353947,1.5));
#8811=CARTESIAN_POINT('Ctrl Pts',(60.6925810965395,162.496299999681,1.5));
#8812=CARTESIAN_POINT('Origin',(60.6925271535565,160.996300000651,1.5));
#8813=CARTESIAN_POINT('Origin',(78.3707823116725,160.99629999987,1.5));
#8814=CARTESIAN_POINT('',(77.7053834478094,162.496300000074,1.5));
#8815=CARTESIAN_POINT('Origin',(77.7053834478255,160.996299999863,1.5));
#8816=CARTESIAN_POINT('',(78.3707823116564,162.49629999987,1.5));
#8817=CARTESIAN_POINT('Ctrl Pts',(80.2779136916275,160.283772543547,0.));
#8818=CARTESIAN_POINT('Ctrl Pts',(80.250413287351,160.300272302462,0.));
#8819=CARTESIAN_POINT('Ctrl Pts',(80.1950317049167,160.332769681813,0.));
#8820=CARTESIAN_POINT('Ctrl Pts',(80.0830126321458,160.395666591654,0.));
#8821=CARTESIAN_POINT('Ctrl Pts',(79.7689609078458,160.560052065843,0.));
#8822=CARTESIAN_POINT('Ctrl Pts',(78.9917683639705,160.876294069688,0.));
#8823=CARTESIAN_POINT('Ctrl Pts',(78.2185260319725,160.996305227347,0.));
#8824=CARTESIAN_POINT('Ctrl Pts',(77.7053987282154,160.996300000152,0.));
#8825=CARTESIAN_POINT('Ctrl Pts',(80.5088138700043,160.668617454656,0.));
#8826=CARTESIAN_POINT('Ctrl Pts',(80.4788596332057,160.686592027185,0.));
#8827=CARTESIAN_POINT('Ctrl Pts',(80.4184848839815,160.722013803801,0.));
#8828=CARTESIAN_POINT('Ctrl Pts',(80.2964447123529,160.790545748964,0.));
#8829=CARTESIAN_POINT('Ctrl Pts',(79.9541700012029,160.969702815679,0.));
#8830=CARTESIAN_POINT('Ctrl Pts',(79.1072472840362,161.314305154493,0.));
#8831=CARTESIAN_POINT('Ctrl Pts',(78.2647326723218,161.445116116178,0.));
#8832=CARTESIAN_POINT('Ctrl Pts',(77.7053941563288,161.445098950641,0.));
#8833=CARTESIAN_POINT('Ctrl Pts',(80.9083988028534,161.334611864207,0.376969383345768));
#8834=CARTESIAN_POINT('Ctrl Pts',(80.879655596025,161.351858577979,0.376969383345768));
#8835=CARTESIAN_POINT('Ctrl Pts',(80.8064284884187,161.394880860928,0.376969383345769));
#8836=CARTESIAN_POINT('Ctrl Pts',(80.6693046731464,161.471788273703,0.376969383345767));
#8837=CARTESIAN_POINT('Ctrl Pts',(80.2762396826166,161.677684270595,0.376969383345769));
#8838=CARTESIAN_POINT('Ctrl Pts',(79.3105006945584,162.070273008886,0.376969383345766));
#8839=CARTESIAN_POINT('Ctrl Pts',(78.3443352223183,162.221781514273,0.37696938334577));
#8840=CARTESIAN_POINT('Ctrl Pts',(77.705386244438,162.221769197303,0.376969383345768));
#8841=CARTESIAN_POINT('Ctrl Pts',(81.0496406913663,161.570021912011,1.16340078711538));
#8842=CARTESIAN_POINT('Ctrl Pts',(81.0221402870898,161.586521670926,1.16340078711538));
#8843=CARTESIAN_POINT('Ctrl Pts',(80.9437415254313,161.6326096587,1.16340078711538));
#8844=CARTESIAN_POINT('Ctrl Pts',(80.8016232218121,161.712272102763,1.16340078711538));
#8845=CARTESIAN_POINT('Ctrl Pts',(80.3903143667557,161.927795098122,1.16340078711538));
#8846=CARTESIAN_POINT('Ctrl Pts',(79.3828542105324,162.337182541769,1.16340078711538));
#8847=CARTESIAN_POINT('Ctrl Pts',(78.3724186409552,162.496306795119,1.16340078711538));
#8848=CARTESIAN_POINT('Ctrl Pts',(77.70538344781,162.496300000074,1.16340078711538));
#8849=CARTESIAN_POINT('Ctrl Pts',(81.0496406913663,161.570021912011,1.5));
#8850=CARTESIAN_POINT('Ctrl Pts',(81.0221402870898,161.586521670926,1.5));
#8851=CARTESIAN_POINT('Ctrl Pts',(80.9437415254313,161.6326096587,1.5));
#8852=CARTESIAN_POINT('Ctrl Pts',(80.8016232218121,161.712272102763,1.5));
#8853=CARTESIAN_POINT('Ctrl Pts',(80.3903143667557,161.927795098122,1.5));
#8854=CARTESIAN_POINT('Ctrl Pts',(79.3828542105324,162.337182541769,1.5));
#8855=CARTESIAN_POINT('Ctrl Pts',(78.3724186409552,162.496306795119,1.5));
#8856=CARTESIAN_POINT('Ctrl Pts',(77.70538344781,162.496300000074,1.5));
#8857=CARTESIAN_POINT('',(81.0496406913663,161.570021912011,1.5));
#8858=CARTESIAN_POINT('Ctrl Pts',(81.0496406913662,161.570021912011,1.5));
#8859=CARTESIAN_POINT('Ctrl Pts',(81.0496379755025,161.570023541481,1.16340078739137));
#8860=CARTESIAN_POINT('Ctrl Pts',(80.9891035170362,161.469134853371,0.826358756980292));
#8861=CARTESIAN_POINT('Ctrl Pts',(80.8811179617803,161.289159441881,0.564524036615194));
#8862=CARTESIAN_POINT('Ctrl Pts',(80.7371372212325,161.049192226216,0.215411075627469));
#8863=CARTESIAN_POINT('Ctrl Pts',(80.5087984802499,160.66862668856,1.59749108385896E-11));
#8864=CARTESIAN_POINT('Ctrl Pts',(80.2778946805784,160.283783949842,8.88525960045061E-22));
#8865=CARTESIAN_POINT('Ctrl Pts',(77.70538344781,162.496300000074,1.5));
#8866=CARTESIAN_POINT('Ctrl Pts',(78.3724186409552,162.496306795119,1.5));
#8867=CARTESIAN_POINT('Ctrl Pts',(79.3828542105324,162.337182541769,1.5));
#8868=CARTESIAN_POINT('Ctrl Pts',(80.3903143667557,161.927795098122,1.5));
#8869=CARTESIAN_POINT('Ctrl Pts',(80.8016232218121,161.712272102763,1.5));
#8870=CARTESIAN_POINT('Ctrl Pts',(80.9437415254313,161.6326096587,1.5));
#8871=CARTESIAN_POINT('Ctrl Pts',(81.0221402870898,161.586521670926,1.5));
#8872=CARTESIAN_POINT('Ctrl Pts',(81.0496406913663,161.570021912011,1.5));
#8873=CARTESIAN_POINT('Origin',(93.7323236724716,152.210822279664,1.5));
#8874=CARTESIAN_POINT('',(94.5040886939715,153.497048834976,1.5));
#8875=CARTESIAN_POINT('Origin',(24.3032506548036,80.0902525222967,0.));
#8876=CARTESIAN_POINT('',(108.709533564433,63.784536504524,0.));
#8877=CARTESIAN_POINT('',(24.3032506547851,80.0902525223003,0.));
#8878=CARTESIAN_POINT('Ctrl Pts',(108.709533564433,63.784536504524,-0.000925424369872749));
#8879=CARTESIAN_POINT('Ctrl Pts',(108.709533564433,63.784536504524,8.00092542436987));
#8880=CARTESIAN_POINT('Ctrl Pts',(110.327307505328,63.4720089142162,-0.000925424369872749));
#8881=CARTESIAN_POINT('Ctrl Pts',(110.327307505328,63.4720089142162,8.00092542436987));
#8882=CARTESIAN_POINT('Ctrl Pts',(112.006474686234,63.7865048263609,-0.000925424369872749));
#8883=CARTESIAN_POINT('Ctrl Pts',(112.006474686234,63.7865048263609,8.00092542436987));
#8884=CARTESIAN_POINT('Ctrl Pts',(113.401495477883,64.6633061241138,-0.000925424369872749));
#8885=CARTESIAN_POINT('Ctrl Pts',(113.401495477883,64.6633061241138,8.00092542436987));
#8886=CARTESIAN_POINT('',(113.40149548116,64.6633061261735,0.));
#8887=CARTESIAN_POINT('Origin',(113.40149548116,64.6633061261736,0.));
#8888=CARTESIAN_POINT('',(129.153025653073,74.5642879456279,0.));
#8889=CARTESIAN_POINT('Ctrl Pts',(129.153025653073,74.5642879456279,-0.000296769192263408));
#8890=CARTESIAN_POINT('Ctrl Pts',(129.153025653073,74.5642879456279,8.00029676919226));
#8891=CARTESIAN_POINT('Ctrl Pts',(129.153040209747,74.5642970960101,-0.000296769192263408));
#8892=CARTESIAN_POINT('Ctrl Pts',(129.153040209747,74.5642970960101,8.00029676919226));
#8893=CARTESIAN_POINT('Ctrl Pts',(129.153054765558,74.5643062458491,-0.000296769192263408));
#8894=CARTESIAN_POINT('Ctrl Pts',(129.153054765558,74.5643062458491,8.00029676919226));
#8895=CARTESIAN_POINT('Ctrl Pts',(129.153069320505,74.5643153951451,-0.000296769192263408));
#8896=CARTESIAN_POINT('Ctrl Pts',(129.153069320505,74.5643153951451,8.00029676919226));
#8897=CARTESIAN_POINT('Ctrl Pts',(130.207960126311,75.2274238420075,-0.000296769192263408));
#8898=CARTESIAN_POINT('Ctrl Pts',(130.207960126311,75.2274238420075,8.00029676919226));
#8899=CARTESIAN_POINT('Ctrl Pts',(131.050515782624,76.1804306258229,-0.000296769192263408));
#8900=CARTESIAN_POINT('Ctrl Pts',(131.050515782624,76.1804306258229,8.00029676919226));
#8901=CARTESIAN_POINT('Ctrl Pts',(131.579334244433,77.3086411008639,-0.000296769192263408));
#8902=CARTESIAN_POINT('Ctrl Pts',(131.579334244433,77.3086411008639,8.00029676919226));
#8903=CARTESIAN_POINT('',(131.579334244433,77.3086411008639,0.));
#8904=CARTESIAN_POINT('Origin',(131.579334244433,77.3086411008639,0.));
#8905=CARTESIAN_POINT('',(138.421763510527,91.9056902021688,0.));
#8906=CARTESIAN_POINT('Ctrl Pts',(138.421763510528,91.9056902021691,-0.0193563727997554));
#8907=CARTESIAN_POINT('Ctrl Pts',(138.421763510528,91.9056902021691,8.01935637279976));
#8908=CARTESIAN_POINT('Ctrl Pts',(138.63190917487,92.3539510962304,-0.0193563727997554));
#8909=CARTESIAN_POINT('Ctrl Pts',(138.63190917487,92.3539510962304,8.01935637279976));
#8910=CARTESIAN_POINT('Ctrl Pts',(138.789540355215,92.8234493531273,-0.0193563727997554));
#8911=CARTESIAN_POINT('Ctrl Pts',(138.789540355215,92.8234493531273,8.01935637279976));
#8912=CARTESIAN_POINT('Ctrl Pts',(138.892518152393,93.3047062180706,-0.0193563727997554));
#8913=CARTESIAN_POINT('Ctrl Pts',(138.892518152393,93.3047062180706,8.01935637279976));
#8914=CARTESIAN_POINT('Ctrl Pts',(138.957466593949,93.6082365345357,-0.0193563727997554));
#8915=CARTESIAN_POINT('Ctrl Pts',(138.957466593949,93.6082365345357,8.01935637279976));
#8916=CARTESIAN_POINT('Ctrl Pts',(139.0006846405,93.9164741643582,-0.0193563727997554));
#8917=CARTESIAN_POINT('Ctrl Pts',(139.0006846405,93.9164741643582,8.01935637279976));
#8918=CARTESIAN_POINT('Ctrl Pts',(139.021646826688,94.2270682321676,-0.0193563727997554));
#8919=CARTESIAN_POINT('Ctrl Pts',(139.021646826688,94.2270682321676,8.01935637279976));
#8920=CARTESIAN_POINT('Ctrl Pts',(139.02875028228,94.332319237391,-0.0193563727997554));
#8921=CARTESIAN_POINT('Ctrl Pts',(139.02875028228,94.332319237391,8.01935637279976));
#8922=CARTESIAN_POINT('Ctrl Pts',(139.033297914466,94.4378398361187,-0.0193563727997554));
#8923=CARTESIAN_POINT('Ctrl Pts',(139.033297914466,94.4378398361187,8.01935637279976));
#8924=CARTESIAN_POINT('Ctrl Pts',(139.035269450761,94.5435340716489,-0.0193563727997554));
#8925=CARTESIAN_POINT('Ctrl Pts',(139.035269450761,94.5435340716489,8.01935637279976));
#8926=CARTESIAN_POINT('Ctrl Pts',(139.036020951078,94.5838220702711,-0.0193563727997554));
#8927=CARTESIAN_POINT('Ctrl Pts',(139.036020951078,94.5838220702711,8.01935637279976));
#8928=CARTESIAN_POINT('Ctrl Pts',(139.036398981077,94.6458198695766,-0.0193563727997554));
#8929=CARTESIAN_POINT('Ctrl Pts',(139.036398981077,94.6458198695766,8.01935637279976));
#8930=CARTESIAN_POINT('Ctrl Pts',(139.036399996283,94.6644364018446,-0.0193563727997554));
#8931=CARTESIAN_POINT('Ctrl Pts',(139.036399996283,94.6644364018446,8.01935637279976));
#8932=CARTESIAN_POINT('Ctrl Pts',(139.036399997522,94.6644591235388,-0.0193563727997554));
#8933=CARTESIAN_POINT('Ctrl Pts',(139.036399997522,94.6644591235388,8.01935637279976));
#8934=CARTESIAN_POINT('Ctrl Pts',(139.036399998761,94.664481845172,-0.0193563727997554));
#8935=CARTESIAN_POINT('Ctrl Pts',(139.036399998761,94.664481845172,8.01935637279976));
#8936=CARTESIAN_POINT('Ctrl Pts',(139.0364,94.6645045668277,-0.0193563727997554));
#8937=CARTESIAN_POINT('Ctrl Pts',(139.0364,94.6645045668277,8.01935637279976));
#8938=CARTESIAN_POINT('',(139.0364,94.6645045668654,0.));
#8939=CARTESIAN_POINT('Origin',(139.0364,94.6645045674324,0.));
#8940=CARTESIAN_POINT('',(139.0364,153.77862122718,0.));
#8941=CARTESIAN_POINT('Ctrl Pts',(139.0364,153.77862122718,-0.00121441320802438));
#8942=CARTESIAN_POINT('Ctrl Pts',(139.0364,153.77862122718,8.00121441320803));
#8943=CARTESIAN_POINT('Ctrl Pts',(139.0417766146,154.693206425101,-0.00121441320802438));
#8944=CARTESIAN_POINT('Ctrl Pts',(139.0417766146,154.693206425101,8.00121441320803));
#8945=CARTESIAN_POINT('Ctrl Pts',(138.696982399418,155.579366589926,-0.00121441320802438));
#8946=CARTESIAN_POINT('Ctrl Pts',(138.696982399418,155.579366589926,8.00121441320803));
#8947=CARTESIAN_POINT('Ctrl Pts',(138.072354591807,156.250337404419,-0.00121441320802438));
#8948=CARTESIAN_POINT('Ctrl Pts',(138.072354591807,156.250337404419,8.00121441320803));
#8949=CARTESIAN_POINT('',(138.072354591807,156.250337404419,1.6));
#8950=CARTESIAN_POINT('',(138.072354591807,156.250337404419,0.));
#8951=CARTESIAN_POINT('',(138.072354591807,156.250337404419,0.));
#8952=CARTESIAN_POINT('Ctrl Pts',(138.072349882032,156.250342463616,-0.00114454937716274));
#8953=CARTESIAN_POINT('Ctrl Pts',(138.072349882032,156.250342463616,8.00114454937716));
#8954=CARTESIAN_POINT('Ctrl Pts',(137.423227291709,156.947622640908,-0.00114454937716274));
#8955=CARTESIAN_POINT('Ctrl Pts',(137.423227291709,156.947622640908,8.00114454937716));
#8956=CARTESIAN_POINT('Ctrl Pts',(136.520128404314,157.360036650512,-0.00114454937716274));
#8957=CARTESIAN_POINT('Ctrl Pts',(136.520128404314,157.360036650512,8.00114454937716));
#8958=CARTESIAN_POINT('Ctrl Pts',(135.568100886332,157.393977821553,-0.00114454937716274));
#8959=CARTESIAN_POINT('Ctrl Pts',(135.568100886332,157.393977821553,8.00114454937716));
#8960=CARTESIAN_POINT('',(135.568100886332,157.393977821553,0.));
#8961=CARTESIAN_POINT('Origin',(135.4434,153.8962,0.));
#8962=CARTESIAN_POINT('Ctrl Pts',(112.071141565109,66.7799446068897,0.));
#8963=CARTESIAN_POINT('Ctrl Pts',(112.071141565109,66.7799446068897,8.));
#8964=CARTESIAN_POINT('Ctrl Pts',(111.212348075354,66.2401739806548,0.));
#8965=CARTESIAN_POINT('Ctrl Pts',(111.212348075354,66.2401739806548,8.));
#8966=CARTESIAN_POINT('Ctrl Pts',(110.179648643673,66.0467568340527,0.));
#8967=CARTESIAN_POINT('Ctrl Pts',(110.179648643673,66.0467568340527,8.));
#8968=CARTESIAN_POINT('Ctrl Pts',(109.183725508187,66.2391529716078,0.));
#8969=CARTESIAN_POINT('Ctrl Pts',(109.183725508187,66.2391529716078,8.));
#8970=CARTESIAN_POINT('',(109.183725508187,66.2391529716078,1.6));
#8971=CARTESIAN_POINT('',(112.071141565109,66.7799446068897,1.6));
#8972=CARTESIAN_POINT('Ctrl Pts',(109.183725508187,66.2391529716078,1.6));
#8973=CARTESIAN_POINT('Ctrl Pts',(110.179648643673,66.0467568340527,1.6));
#8974=CARTESIAN_POINT('Ctrl Pts',(111.212348075354,66.2401739806548,1.6));
#8975=CARTESIAN_POINT('Ctrl Pts',(112.071141565109,66.7799446068897,1.6));
#8976=CARTESIAN_POINT('',(109.183725508187,66.2391529716078,0.));
#8977=CARTESIAN_POINT('',(112.071141565109,66.7799446068897,0.));
#8978=CARTESIAN_POINT('Origin',(109.183725508188,66.2391529716113,0.));
#8979=CARTESIAN_POINT('',(24.7775001871616,82.5448578634989,1.6));
#8980=CARTESIAN_POINT('',(90.2991229765914,69.8873051631073,1.6));
#8981=CARTESIAN_POINT('',(24.7775001871616,82.5448578634989,0.));
#8982=CARTESIAN_POINT('Ctrl Pts',(24.7775001871616,82.5448578634989,0.));
#8983=CARTESIAN_POINT('Ctrl Pts',(24.7775001871616,82.5448578634989,8.));
#8984=CARTESIAN_POINT('Ctrl Pts',(22.9018592693526,82.9072468034647,0.));
#8985=CARTESIAN_POINT('Ctrl Pts',(22.9018592693526,82.9072468034647,8.));
#8986=CARTESIAN_POINT('Ctrl Pts',(21.5362592431066,84.5619854413794,0.));
#8987=CARTESIAN_POINT('Ctrl Pts',(21.5362592431066,84.5619854413794,8.));
#8988=CARTESIAN_POINT('Ctrl Pts',(21.5363000000183,86.4723121743354,0.));
#8989=CARTESIAN_POINT('Ctrl Pts',(21.5363000000183,86.4723121743354,8.));
#8990=CARTESIAN_POINT('',(21.5363000000183,86.472312174336,1.6));
#8991=CARTESIAN_POINT('Ctrl Pts',(21.5363000000183,86.4723121743354,1.6));
#8992=CARTESIAN_POINT('Ctrl Pts',(21.5362592431066,84.5619854413794,1.6));
#8993=CARTESIAN_POINT('Ctrl Pts',(22.9018592693526,82.9072468034647,1.6));
#8994=CARTESIAN_POINT('Ctrl Pts',(24.7775001871616,82.5448578634989,1.6));
#8995=CARTESIAN_POINT('',(21.5363000000183,86.472312174336,0.));
#8996=CARTESIAN_POINT('Origin',(21.5363,86.4723121743365,0.));
#8997=CARTESIAN_POINT('',(21.5363000001038,135.447685589562,1.6));
#8998=CARTESIAN_POINT('',(21.5363000000281,99.7305883093915,1.6));
#8999=CARTESIAN_POINT('',(21.5363000001038,135.447685589562,0.));
#9000=CARTESIAN_POINT('Ctrl Pts',(21.5363000001038,135.447685589562,0.));
#9001=CARTESIAN_POINT('Ctrl Pts',(21.5363000001038,135.447685589562,8.));
#9002=CARTESIAN_POINT('Ctrl Pts',(21.5362813479188,136.742037980844,0.));
#9003=CARTESIAN_POINT('Ctrl Pts',(21.5362813479188,136.742037980844,8.));
#9004=CARTESIAN_POINT('Ctrl Pts',(22.1643564696738,137.958789889715,0.));
#9005=CARTESIAN_POINT('Ctrl Pts',(22.1643564696738,137.958789889715,8.));
#9006=CARTESIAN_POINT('Ctrl Pts',(23.2194940076927,138.70848121821,0.));
#9007=CARTESIAN_POINT('Ctrl Pts',(23.2194940076927,138.70848121821,8.));
#9008=CARTESIAN_POINT('',(23.2194940076927,138.70848121821,1.6));
#9009=CARTESIAN_POINT('Ctrl Pts',(23.2194940076927,138.70848121821,1.6));
#9010=CARTESIAN_POINT('Ctrl Pts',(22.1643564696738,137.958789889715,1.6));
#9011=CARTESIAN_POINT('Ctrl Pts',(21.5362813479188,136.742037980844,1.6));
#9012=CARTESIAN_POINT('Ctrl Pts',(21.5363000001038,135.447685589562,1.6));
#9013=CARTESIAN_POINT('',(23.2194940076927,138.70848121821,0.));
#9014=CARTESIAN_POINT('Origin',(23.2194940081257,138.708481217601,0.));
#9015=CARTESIAN_POINT('',(40.7276823677706,151.148472947703,1.6));
#9016=CARTESIAN_POINT('',(35.6932987321957,147.57142148434,1.6));
#9017=CARTESIAN_POINT('',(40.7276823677706,151.148472947703,0.));
#9018=CARTESIAN_POINT('Ctrl Pts',(40.7276823677706,151.148472947703,0.));
#9019=CARTESIAN_POINT('Ctrl Pts',(40.7276823677706,151.148472947703,8.));
#9020=CARTESIAN_POINT('Ctrl Pts',(40.931134085874,151.293037969973,0.));
#9021=CARTESIAN_POINT('Ctrl Pts',(40.931134085874,151.293037969973,8.));
#9022=CARTESIAN_POINT('Ctrl Pts',(41.1476718848939,151.418247499863,0.));
#9023=CARTESIAN_POINT('Ctrl Pts',(41.1476718848939,151.418247499863,8.));
#9024=CARTESIAN_POINT('Ctrl Pts',(41.3744631114697,151.522459973101,0.));
#9025=CARTESIAN_POINT('Ctrl Pts',(41.3744631114697,151.522459973101,8.));
#9026=CARTESIAN_POINT('Ctrl Pts',(41.3744688096042,151.522462591442,0.));
#9027=CARTESIAN_POINT('Ctrl Pts',(41.3744688096042,151.522462591442,8.));
#9028=CARTESIAN_POINT('Ctrl Pts',(41.3744745083111,151.522465210046,0.));
#9029=CARTESIAN_POINT('Ctrl Pts',(41.3744745083111,151.522465210046,8.));
#9030=CARTESIAN_POINT('Ctrl Pts',(41.3744802064011,151.522467828366,0.));
#9031=CARTESIAN_POINT('Ctrl Pts',(41.3744802064011,151.522467828366,8.));
#9032=CARTESIAN_POINT('',(41.3744802064011,151.522467828366,1.6));
#9033=CARTESIAN_POINT('Ctrl Pts',(41.3744802064011,151.522467828366,1.6));
#9034=CARTESIAN_POINT('Ctrl Pts',(41.3744745083111,151.522465210046,1.6));
#9035=CARTESIAN_POINT('Ctrl Pts',(41.3744688096042,151.522462591442,1.6));
#9036=CARTESIAN_POINT('Ctrl Pts',(41.3744631114697,151.522459973101,1.6));
#9037=CARTESIAN_POINT('Ctrl Pts',(41.1476718848939,151.418247499863,1.6));
#9038=CARTESIAN_POINT('Ctrl Pts',(40.931134085874,151.293037969973,1.6));
#9039=CARTESIAN_POINT('Ctrl Pts',(40.7276823677706,151.148472947703,1.6));
#9040=CARTESIAN_POINT('',(41.3744802064011,151.522467828366,0.));
#9041=CARTESIAN_POINT('Origin',(41.3744802064011,151.522467828366,0.));
#9042=CARTESIAN_POINT('',(59.022524087594,159.631087990143,1.6));
#9043=CARTESIAN_POINT('',(49.6136190855383,155.308045883407,1.6));
#9044=CARTESIAN_POINT('',(59.022524087594,159.631087990143,0.));
#9045=CARTESIAN_POINT('Ctrl Pts',(59.022524087594,159.631087990143,0.));
#9046=CARTESIAN_POINT('Ctrl Pts',(59.022524087594,159.631087990143,8.));
#9047=CARTESIAN_POINT('Ctrl Pts',(59.022533016877,159.631092092179,0.));
#9048=CARTESIAN_POINT('Ctrl Pts',(59.022533016877,159.631092092179,8.));
#9049=CARTESIAN_POINT('Ctrl Pts',(59.0225419466472,159.631096194439,0.));
#9050=CARTESIAN_POINT('Ctrl Pts',(59.0225419466472,159.631096194439,8.));
#9051=CARTESIAN_POINT('Ctrl Pts',(59.0225508759302,159.631100296475,0.));
#9052=CARTESIAN_POINT('Ctrl Pts',(59.0225508759302,159.631100296475,8.));
#9053=CARTESIAN_POINT('Ctrl Pts',(59.5463714374708,159.87173897067,0.));
#9054=CARTESIAN_POINT('Ctrl Pts',(59.5463714374708,159.87173897067,8.));
#9055=CARTESIAN_POINT('Ctrl Pts',(60.1160730515858,159.996325665752,0.));
#9056=CARTESIAN_POINT('Ctrl Pts',(60.1160730515858,159.996325665752,8.));
#9057=CARTESIAN_POINT('Ctrl Pts',(60.6925254418201,159.996299999919,0.));
#9058=CARTESIAN_POINT('Ctrl Pts',(60.6925254418201,159.996299999919,8.));
#9059=CARTESIAN_POINT('',(60.6925254418202,159.996299999919,1.6));
#9060=CARTESIAN_POINT('Ctrl Pts',(60.6925254418201,159.996299999919,1.6));
#9061=CARTESIAN_POINT('Ctrl Pts',(60.1160730515858,159.996325665752,1.6));
#9062=CARTESIAN_POINT('Ctrl Pts',(59.5463714374708,159.87173897067,1.6));
#9063=CARTESIAN_POINT('Ctrl Pts',(59.0225508759302,159.631100296475,1.6));
#9064=CARTESIAN_POINT('Ctrl Pts',(59.0225419466472,159.631096194439,1.6));
#9065=CARTESIAN_POINT('Ctrl Pts',(59.022533016877,159.631092092179,1.6));
#9066=CARTESIAN_POINT('Ctrl Pts',(59.022524087594,159.631087990143,1.6));
#9067=CARTESIAN_POINT('',(60.6925254418202,159.996299999919,0.));
#9068=CARTESIAN_POINT('Origin',(60.6925254418203,159.9963,0.));
#9069=CARTESIAN_POINT('',(77.7053834477888,159.996299999863,1.6));
#9070=CARTESIAN_POINT('',(69.8643533091164,159.996299999926,1.6));
#9071=CARTESIAN_POINT('',(77.7053834477888,159.996299999863,0.));
#9072=CARTESIAN_POINT('Ctrl Pts',(77.7053834477888,159.996299999863,0.));
#9073=CARTESIAN_POINT('Ctrl Pts',(77.7053834477888,159.996299999863,8.));
#9074=CARTESIAN_POINT('Ctrl Pts',(78.4303026483889,159.996310499371,0.));
#9075=CARTESIAN_POINT('Ctrl Pts',(78.4303026483889,159.996310499371,8.));
#9076=CARTESIAN_POINT('Ctrl Pts',(79.1417658485814,159.799259937278,0.));
#9077=CARTESIAN_POINT('Ctrl Pts',(79.1417658485814,159.799259937278,8.));
#9078=CARTESIAN_POINT('Ctrl Pts',(79.7633846663109,159.426299579085,0.));
#9079=CARTESIAN_POINT('Ctrl Pts',(79.7633846663109,159.426299579085,8.));
#9080=CARTESIAN_POINT('Ctrl Pts',(79.7633910036307,159.426295776805,0.));
#9081=CARTESIAN_POINT('Ctrl Pts',(79.7633910036307,159.426295776805,8.));
#9082=CARTESIAN_POINT('Ctrl Pts',(79.7633973418929,159.426291973959,0.));
#9083=CARTESIAN_POINT('Ctrl Pts',(79.7633973418929,159.426291973959,8.));
#9084=CARTESIAN_POINT('Ctrl Pts',(79.7634036810978,159.426288170547,0.));
#9085=CARTESIAN_POINT('Ctrl Pts',(79.7634036810978,159.426288170547,8.));
#9086=CARTESIAN_POINT('',(79.7634036810978,159.426288170547,1.6));
#9087=CARTESIAN_POINT('Ctrl Pts',(79.7634036810978,159.426288170547,1.6));
#9088=CARTESIAN_POINT('Ctrl Pts',(79.5044738596337,159.581641510264,1.6));
#9089=CARTESIAN_POINT('Ctrl Pts',(79.2665092934954,159.714521845328,1.6));
#9090=CARTESIAN_POINT('Ctrl Pts',(78.4254052482564,159.947484827504,1.6));
#9091=CARTESIAN_POINT('Ctrl Pts',(78.0662707202437,159.996305226852,1.6));
#9092=CARTESIAN_POINT('Ctrl Pts',(77.7053917238947,159.996299999991,1.6));
#9093=CARTESIAN_POINT('',(79.7634036810978,159.426288170547,0.));
#9094=CARTESIAN_POINT('Origin',(127.822591234553,76.6808758272617,0.));
#9095=CARTESIAN_POINT('',(127.822591234553,76.6808758272617,1.6));
#9096=CARTESIAN_POINT('',(118.517117793014,70.8317092774423,1.6));
#9097=CARTESIAN_POINT('',(127.822591234553,76.6808758272617,0.));
#9098=CARTESIAN_POINT('Ctrl Pts',(129.315663619591,78.3696761154748,0.));
#9099=CARTESIAN_POINT('Ctrl Pts',(129.315663619591,78.3696761154748,8.));
#9100=CARTESIAN_POINT('Ctrl Pts',(128.990201001086,77.6753162132574,0.));
#9101=CARTESIAN_POINT('Ctrl Pts',(128.990201001086,77.6753162132574,8.));
#9102=CARTESIAN_POINT('Ctrl Pts',(128.471826408308,77.0889875724275,0.));
#9103=CARTESIAN_POINT('Ctrl Pts',(128.471826408308,77.0889875724275,8.));
#9104=CARTESIAN_POINT('Ctrl Pts',(127.822591234553,76.6808758272617,0.));
#9105=CARTESIAN_POINT('Ctrl Pts',(127.822591234553,76.6808758272617,8.));
#9106=CARTESIAN_POINT('',(129.315663619591,78.3696761154752,1.6));
#9107=CARTESIAN_POINT('Ctrl Pts',(127.822591234553,76.6808758272617,1.6));
#9108=CARTESIAN_POINT('Ctrl Pts',(128.471826408308,77.0889875724275,1.6));
#9109=CARTESIAN_POINT('Ctrl Pts',(128.990201001086,77.6753162132574,1.6));
#9110=CARTESIAN_POINT('Ctrl Pts',(129.315663619591,78.3696761154748,1.6));
#9111=CARTESIAN_POINT('',(129.315663619591,78.3696761154752,0.));
#9112=CARTESIAN_POINT('Origin',(136.158145664858,92.9668378145226,0.));
#9113=CARTESIAN_POINT('',(136.158145665613,92.9668378141687,1.6));
#9114=CARTESIAN_POINT('',(134.860305166258,90.1981367068974,1.6));
#9115=CARTESIAN_POINT('',(136.158145665613,92.9668378141687,0.));
#9116=CARTESIAN_POINT('Ctrl Pts',(136.5364,94.6645727330203,0.));
#9117=CARTESIAN_POINT('Ctrl Pts',(136.5364,94.6645727330203,8.));
#9118=CARTESIAN_POINT('Ctrl Pts',(136.536399999504,94.6645636444966,0.));
#9119=CARTESIAN_POINT('Ctrl Pts',(136.536399999504,94.6645636444966,8.));
#9120=CARTESIAN_POINT('Ctrl Pts',(136.536399999009,94.6645545560077,0.));
#9121=CARTESIAN_POINT('Ctrl Pts',(136.536399999009,94.6645545560077,8.));
#9122=CARTESIAN_POINT('Ctrl Pts',(136.536399998513,94.664545467559,0.));
#9123=CARTESIAN_POINT('Ctrl Pts',(136.536399998513,94.664545467559,8.));
#9124=CARTESIAN_POINT('Ctrl Pts',(136.536368000084,94.0777676111946,0.));
#9125=CARTESIAN_POINT('Ctrl Pts',(136.536368000084,94.0777676111946,8.));
#9126=CARTESIAN_POINT('Ctrl Pts',(136.407220074973,93.4981245503599,0.));
#9127=CARTESIAN_POINT('Ctrl Pts',(136.407220074973,93.4981245503599,8.));
#9128=CARTESIAN_POINT('Ctrl Pts',(136.158145665613,92.9668378141687,0.));
#9129=CARTESIAN_POINT('Ctrl Pts',(136.158145665613,92.9668378141687,8.));
#9130=CARTESIAN_POINT('',(136.5364,94.6645727330203,1.6));
#9131=CARTESIAN_POINT('Ctrl Pts',(136.158145665613,92.9668378141687,1.6));
#9132=CARTESIAN_POINT('Ctrl Pts',(136.407220074973,93.4981245503599,1.6));
#9133=CARTESIAN_POINT('Ctrl Pts',(136.536368000084,94.0777676111946,1.6));
#9134=CARTESIAN_POINT('Ctrl Pts',(136.536399998513,94.664545467559,1.6));
#9135=CARTESIAN_POINT('Ctrl Pts',(136.536399999009,94.6645545560077,1.6));
#9136=CARTESIAN_POINT('Ctrl Pts',(136.536399999504,94.6645636444966,1.6));
#9137=CARTESIAN_POINT('Ctrl Pts',(136.5364,94.6645727330203,1.6));
#9138=CARTESIAN_POINT('',(136.5364,94.6645727330203,0.));
#9139=CARTESIAN_POINT('Origin',(136.5364,153.788089767274,0.));
#9140=CARTESIAN_POINT('',(136.5364,153.788089767274,1.6));
#9141=CARTESIAN_POINT('',(136.5364,133.388477105799,1.6));
#9142=CARTESIAN_POINT('',(136.5364,153.788089767274,0.));
#9143=CARTESIAN_POINT('Ctrl Pts',(136.242525597659,154.546892115548,0.));
#9144=CARTESIAN_POINT('Ctrl Pts',(136.242525597659,154.546892115548,8.));
#9145=CARTESIAN_POINT('Ctrl Pts',(136.434167793142,154.341031411898,0.));
#9146=CARTESIAN_POINT('Ctrl Pts',(136.434167793142,154.341031411898,8.));
#9147=CARTESIAN_POINT('Ctrl Pts',(136.539387309266,154.068669521893,0.));
#9148=CARTESIAN_POINT('Ctrl Pts',(136.539387309266,154.068669521893,8.));
#9149=CARTESIAN_POINT('Ctrl Pts',(136.5364,153.788089767274,0.));
#9150=CARTESIAN_POINT('Ctrl Pts',(136.5364,153.788089767274,8.));
#9151=CARTESIAN_POINT('',(136.242524252009,154.546893561033,1.6));
#9152=CARTESIAN_POINT('Ctrl Pts',(136.5364,153.788089767274,1.6));
#9153=CARTESIAN_POINT('Ctrl Pts',(136.537882864143,153.927366159663,1.6));
#9154=CARTESIAN_POINT('Ctrl Pts',(136.512816234995,154.065644531804,1.6));
#9155=CARTESIAN_POINT('Ctrl Pts',(136.412215956521,154.325574085223,1.6));
#9156=CARTESIAN_POINT('Ctrl Pts',(136.337544464603,154.444823514425,1.6));
#9157=CARTESIAN_POINT('Ctrl Pts',(136.242525597659,154.546892115548,1.6));
#9158=CARTESIAN_POINT('',(136.242524252009,154.546893561033,0.));
#9159=CARTESIAN_POINT('Ctrl Pts',(135.479028824666,154.895565091872,0.));
#9160=CARTESIAN_POINT('Ctrl Pts',(135.479028824666,154.895565091872,8.));
#9161=CARTESIAN_POINT('Ctrl Pts',(135.769308829804,154.885216185861,0.));
#9162=CARTESIAN_POINT('Ctrl Pts',(135.769308829804,154.885216185861,8.));
#9163=CARTESIAN_POINT('Ctrl Pts',(136.044602083345,154.759499325974,0.));
#9164=CARTESIAN_POINT('Ctrl Pts',(136.044602083345,154.759499325974,8.));
#9165=CARTESIAN_POINT('Ctrl Pts',(136.242524252009,154.546893561033,0.));
#9166=CARTESIAN_POINT('Ctrl Pts',(136.242524252009,154.546893561033,8.));
#9167=CARTESIAN_POINT('',(135.479028824666,154.895565091872,1.6));
#9168=CARTESIAN_POINT('Ctrl Pts',(136.242524252009,154.546893561033,1.6));
#9169=CARTESIAN_POINT('Ctrl Pts',(136.044602083345,154.759499325974,1.6));
#9170=CARTESIAN_POINT('Ctrl Pts',(135.769308829804,154.885216185861,1.6));
#9171=CARTESIAN_POINT('Ctrl Pts',(135.479028824666,154.895565091872,1.6));
#9172=CARTESIAN_POINT('',(135.479028824666,154.895565091872,0.));
#9173=CARTESIAN_POINT('Origin',(135.4434,153.8962,0.));
#9174=CARTESIAN_POINT('Origin',(135.4434,153.8962,1.6));
#9175=CARTESIAN_POINT('Ctrl Pts',(86.8382846664926,155.181199578976,0.));
#9176=CARTESIAN_POINT('Ctrl Pts',(86.8382846664926,155.181199578976,8.));
#9177=CARTESIAN_POINT('Ctrl Pts',(87.1491698485815,154.994673937278,0.));
#9178=CARTESIAN_POINT('Ctrl Pts',(87.1491698485815,154.994673937278,8.));
#9179=CARTESIAN_POINT('Ctrl Pts',(87.5047346483657,154.896193998879,0.));
#9180=CARTESIAN_POINT('Ctrl Pts',(87.5047346483657,154.896193998879,8.));
#9181=CARTESIAN_POINT('Ctrl Pts',(87.8672834477888,154.896199999863,0.));
#9182=CARTESIAN_POINT('Ctrl Pts',(87.8672834477888,154.896199999863,8.));
#9183=CARTESIAN_POINT('',(86.8382846664926,155.181199578976,1.6));
#9184=CARTESIAN_POINT('Ctrl Pts',(87.8672834477888,154.896199999863,1.6));
#9185=CARTESIAN_POINT('Ctrl Pts',(87.5047346483657,154.896193998879,1.6));
#9186=CARTESIAN_POINT('Ctrl Pts',(87.1491698485815,154.994673937278,1.6));
#9187=CARTESIAN_POINT('Ctrl Pts',(86.8382846664926,155.181199578976,1.6));
#9188=CARTESIAN_POINT('',(86.8382846664926,155.181199578976,0.));
#9189=CARTESIAN_POINT('Origin',(79.7633973405026,159.426291974793,0.));
#9190=CARTESIAN_POINT('',(89.7397756689418,153.440239359612,1.6));
#9191=CARTESIAN_POINT('Origin',(135.2727,116.1163,0.));
#9192=CARTESIAN_POINT('',(116.3927,116.1163,1.6));
#9193=CARTESIAN_POINT('',(116.3927,116.1163,0.));
#9194=CARTESIAN_POINT('',(135.2727,116.1163,1.6));
#9195=CARTESIAN_POINT('',(116.3927,116.1163,1.6));
#9196=CARTESIAN_POINT('',(135.2727,116.1163,0.));
#9197=CARTESIAN_POINT('Origin',(135.2727,153.8962,0.));
#9198=CARTESIAN_POINT('',(135.2727,153.8962,1.6));
#9199=CARTESIAN_POINT('',(135.2727,116.1163,1.6));
#9200=CARTESIAN_POINT('',(135.2727,153.8962,0.));
#9201=CARTESIAN_POINT('Origin',(116.3927,153.8962,0.));
#9202=CARTESIAN_POINT('',(87.8673,153.8962,1.6));
#9203=CARTESIAN_POINT('Origin',(116.3927,116.1163,0.));
#9204=CARTESIAN_POINT('',(116.3927,153.8962,1.6));
#9205=CARTESIAN_POINT('Origin',(80.2644,149.8478,0.));
#9206=CARTESIAN_POINT('',(93.1644,149.8478,1.6));
#9207=CARTESIAN_POINT('',(93.1644,149.8478,0.));
#9208=CARTESIAN_POINT('',(80.2644,149.8478,1.6));
#9209=CARTESIAN_POINT('',(80.2644,149.8478,1.6));
#9210=CARTESIAN_POINT('',(80.2644,149.8478,0.));
#9211=CARTESIAN_POINT('Ctrl Pts',(79.910847,149.701353,0.));
#9212=CARTESIAN_POINT('Ctrl Pts',(79.910847,149.701353,1.6));
#9213=CARTESIAN_POINT('Ctrl Pts',(80.004615,149.795122,0.));
#9214=CARTESIAN_POINT('Ctrl Pts',(80.004615,149.795122,1.6));
#9215=CARTESIAN_POINT('Ctrl Pts',(80.131792,149.8478,0.));
#9216=CARTESIAN_POINT('Ctrl Pts',(80.131792,149.8478,1.6));
#9217=CARTESIAN_POINT('Ctrl Pts',(80.2644,149.8478,0.));
#9218=CARTESIAN_POINT('Ctrl Pts',(80.2644,149.8478,1.6));
#9219=CARTESIAN_POINT('',(79.910847,149.701353,1.6));
#9220=CARTESIAN_POINT('Ctrl Pts',(79.910847,149.701353,1.6));
#9221=CARTESIAN_POINT('Ctrl Pts',(80.004615,149.795122,1.6));
#9222=CARTESIAN_POINT('Ctrl Pts',(80.131792,149.8478,1.6));
#9223=CARTESIAN_POINT('Ctrl Pts',(80.2644,149.8478,1.6));
#9224=CARTESIAN_POINT('',(79.910847,149.701353,0.));
#9225=CARTESIAN_POINT('Ctrl Pts',(79.7644,149.3478,0.));
#9226=CARTESIAN_POINT('Ctrl Pts',(79.7644,149.3478,1.6));
#9227=CARTESIAN_POINT('Ctrl Pts',(79.7644,149.480408,0.));
#9228=CARTESIAN_POINT('Ctrl Pts',(79.7644,149.480408,1.6));
#9229=CARTESIAN_POINT('Ctrl Pts',(79.817078,149.607585,0.));
#9230=CARTESIAN_POINT('Ctrl Pts',(79.817078,149.607585,1.6));
#9231=CARTESIAN_POINT('Ctrl Pts',(79.910847,149.701353,0.));
#9232=CARTESIAN_POINT('Ctrl Pts',(79.910847,149.701353,1.6));
#9233=CARTESIAN_POINT('',(79.7644,149.3478,1.6));
#9234=CARTESIAN_POINT('Ctrl Pts',(79.7644,149.3478,1.6));
#9235=CARTESIAN_POINT('Ctrl Pts',(79.7644,149.480408,1.6));
#9236=CARTESIAN_POINT('Ctrl Pts',(79.817078,149.607585,1.6));
#9237=CARTESIAN_POINT('Ctrl Pts',(79.910847,149.701353,1.6));
#9238=CARTESIAN_POINT('',(79.7644,149.3478,0.));
#9239=CARTESIAN_POINT('Origin',(79.7644,136.4478,0.));
#9240=CARTESIAN_POINT('',(79.7644,136.4478,1.6));
#9241=CARTESIAN_POINT('',(79.7644,136.4478,1.6));
#9242=CARTESIAN_POINT('',(79.7644,136.4478,0.));
#9243=CARTESIAN_POINT('Ctrl Pts',(79.910847,136.094247,0.));
#9244=CARTESIAN_POINT('Ctrl Pts',(79.910847,136.094247,1.6));
#9245=CARTESIAN_POINT('Ctrl Pts',(79.817078,136.188015,0.));
#9246=CARTESIAN_POINT('Ctrl Pts',(79.817078,136.188015,1.6));
#9247=CARTESIAN_POINT('Ctrl Pts',(79.7644,136.315192,0.));
#9248=CARTESIAN_POINT('Ctrl Pts',(79.7644,136.315192,1.6));
#9249=CARTESIAN_POINT('Ctrl Pts',(79.7644,136.4478,0.));
#9250=CARTESIAN_POINT('Ctrl Pts',(79.7644,136.4478,1.6));
#9251=CARTESIAN_POINT('',(79.910847,136.094247,1.6));
#9252=CARTESIAN_POINT('Ctrl Pts',(79.910847,136.094247,1.6));
#9253=CARTESIAN_POINT('Ctrl Pts',(79.817078,136.188015,1.6));
#9254=CARTESIAN_POINT('Ctrl Pts',(79.7644,136.315192,1.6));
#9255=CARTESIAN_POINT('Ctrl Pts',(79.7644,136.4478,1.6));
#9256=CARTESIAN_POINT('',(79.910847,136.094247,0.));
#9257=CARTESIAN_POINT('Ctrl Pts',(80.2644,135.9478,0.));
#9258=CARTESIAN_POINT('Ctrl Pts',(80.2644,135.9478,1.6));
#9259=CARTESIAN_POINT('Ctrl Pts',(80.131792,135.9478,0.));
#9260=CARTESIAN_POINT('Ctrl Pts',(80.131792,135.9478,1.6));
#9261=CARTESIAN_POINT('Ctrl Pts',(80.004615,136.000478,0.));
#9262=CARTESIAN_POINT('Ctrl Pts',(80.004615,136.000478,1.6));
#9263=CARTESIAN_POINT('Ctrl Pts',(79.910847,136.094247,0.));
#9264=CARTESIAN_POINT('Ctrl Pts',(79.910847,136.094247,1.6));
#9265=CARTESIAN_POINT('',(80.2644,135.9478,1.6));
#9266=CARTESIAN_POINT('Ctrl Pts',(80.2644,135.9478,1.6));
#9267=CARTESIAN_POINT('Ctrl Pts',(80.131792,135.9478,1.6));
#9268=CARTESIAN_POINT('Ctrl Pts',(80.004615,136.000478,1.6));
#9269=CARTESIAN_POINT('Ctrl Pts',(79.910847,136.094247,1.6));
#9270=CARTESIAN_POINT('',(80.2644,135.9478,0.));
#9271=CARTESIAN_POINT('Origin',(93.1644,135.9478,0.));
#9272=CARTESIAN_POINT('',(93.1644,135.9478,1.6));
#9273=CARTESIAN_POINT('',(93.1644,135.9478,1.6));
#9274=CARTESIAN_POINT('',(93.1644,135.9478,0.));
#9275=CARTESIAN_POINT('Ctrl Pts',(93.517953,136.094247,0.));
#9276=CARTESIAN_POINT('Ctrl Pts',(93.517953,136.094247,1.6));
#9277=CARTESIAN_POINT('Ctrl Pts',(93.424185,136.000478,0.));
#9278=CARTESIAN_POINT('Ctrl Pts',(93.424185,136.000478,1.6));
#9279=CARTESIAN_POINT('Ctrl Pts',(93.297008,135.9478,0.));
#9280=CARTESIAN_POINT('Ctrl Pts',(93.297008,135.9478,1.6));
#9281=CARTESIAN_POINT('Ctrl Pts',(93.1644,135.9478,0.));
#9282=CARTESIAN_POINT('Ctrl Pts',(93.1644,135.9478,1.6));
#9283=CARTESIAN_POINT('',(93.517953,136.094247,1.6));
#9284=CARTESIAN_POINT('Ctrl Pts',(93.517953,136.094247,1.6));
#9285=CARTESIAN_POINT('Ctrl Pts',(93.424185,136.000478,1.6));
#9286=CARTESIAN_POINT('Ctrl Pts',(93.297008,135.9478,1.6));
#9287=CARTESIAN_POINT('Ctrl Pts',(93.1644,135.9478,1.6));
#9288=CARTESIAN_POINT('',(93.517953,136.094247,0.));
#9289=CARTESIAN_POINT('Ctrl Pts',(93.6644,136.4478,0.));
#9290=CARTESIAN_POINT('Ctrl Pts',(93.6644,136.4478,1.6));
#9291=CARTESIAN_POINT('Ctrl Pts',(93.6644,136.315192,0.));
#9292=CARTESIAN_POINT('Ctrl Pts',(93.6644,136.315192,1.6));
#9293=CARTESIAN_POINT('Ctrl Pts',(93.611722,136.188015,0.));
#9294=CARTESIAN_POINT('Ctrl Pts',(93.611722,136.188015,1.6));
#9295=CARTESIAN_POINT('Ctrl Pts',(93.517953,136.094247,0.));
#9296=CARTESIAN_POINT('Ctrl Pts',(93.517953,136.094247,1.6));
#9297=CARTESIAN_POINT('',(93.6644,136.4478,1.6));
#9298=CARTESIAN_POINT('Ctrl Pts',(93.6644,136.4478,1.6));
#9299=CARTESIAN_POINT('Ctrl Pts',(93.6644,136.315192,1.6));
#9300=CARTESIAN_POINT('Ctrl Pts',(93.611722,136.188015,1.6));
#9301=CARTESIAN_POINT('Ctrl Pts',(93.517953,136.094247,1.6));
#9302=CARTESIAN_POINT('',(93.6644,136.4478,0.));
#9303=CARTESIAN_POINT('Origin',(93.6644,149.3478,0.));
#9304=CARTESIAN_POINT('',(93.6644,149.3478,1.6));
#9305=CARTESIAN_POINT('',(93.6644,149.3478,1.6));
#9306=CARTESIAN_POINT('',(93.6644,149.3478,0.));
#9307=CARTESIAN_POINT('Ctrl Pts',(93.517953,149.701353,0.));
#9308=CARTESIAN_POINT('Ctrl Pts',(93.517953,149.701353,1.6));
#9309=CARTESIAN_POINT('Ctrl Pts',(93.611722,149.607585,0.));
#9310=CARTESIAN_POINT('Ctrl Pts',(93.611722,149.607585,1.6));
#9311=CARTESIAN_POINT('Ctrl Pts',(93.6644,149.480408,0.));
#9312=CARTESIAN_POINT('Ctrl Pts',(93.6644,149.480408,1.6));
#9313=CARTESIAN_POINT('Ctrl Pts',(93.6644,149.3478,0.));
#9314=CARTESIAN_POINT('Ctrl Pts',(93.6644,149.3478,1.6));
#9315=CARTESIAN_POINT('',(93.517953,149.701353,1.6));
#9316=CARTESIAN_POINT('Ctrl Pts',(93.517953,149.701353,1.6));
#9317=CARTESIAN_POINT('Ctrl Pts',(93.611722,149.607585,1.6));
#9318=CARTESIAN_POINT('Ctrl Pts',(93.6644,149.480408,1.6));
#9319=CARTESIAN_POINT('Ctrl Pts',(93.6644,149.3478,1.6));
#9320=CARTESIAN_POINT('',(93.517953,149.701353,0.));
#9321=CARTESIAN_POINT('Ctrl Pts',(93.1644,149.8478,0.));
#9322=CARTESIAN_POINT('Ctrl Pts',(93.1644,149.8478,1.6));
#9323=CARTESIAN_POINT('Ctrl Pts',(93.297008,149.8478,0.));
#9324=CARTESIAN_POINT('Ctrl Pts',(93.297008,149.8478,1.6));
#9325=CARTESIAN_POINT('Ctrl Pts',(93.424185,149.795122,0.));
#9326=CARTESIAN_POINT('Ctrl Pts',(93.424185,149.795122,1.6));
#9327=CARTESIAN_POINT('Ctrl Pts',(93.517953,149.701353,0.));
#9328=CARTESIAN_POINT('Ctrl Pts',(93.517953,149.701353,1.6));
#9329=CARTESIAN_POINT('Ctrl Pts',(93.1644,149.8478,1.6));
#9330=CARTESIAN_POINT('Ctrl Pts',(93.297008,149.8478,1.6));
#9331=CARTESIAN_POINT('Ctrl Pts',(93.424185,149.795122,1.6));
#9332=CARTESIAN_POINT('Ctrl Pts',(93.517953,149.701353,1.6));
#9333=CARTESIAN_POINT('Origin',(77.7917,78.4824,0.));
#9334=CARTESIAN_POINT('',(80.0317,91.1865,1.6));
#9335=CARTESIAN_POINT('',(80.0317,91.1865,0.));
#9336=CARTESIAN_POINT('',(77.7917,78.4824,1.6));
#9337=CARTESIAN_POINT('',(77.7917,78.4824,1.6));
#9338=CARTESIAN_POINT('',(77.7917,78.4824,0.));
#9339=CARTESIAN_POINT('Ctrl Pts',(78.1972,77.9032,0.));
#9340=CARTESIAN_POINT('Ctrl Pts',(78.1972,77.9032,1.6));
#9341=CARTESIAN_POINT('Ctrl Pts',(77.925298,77.95119,0.));
#9342=CARTESIAN_POINT('Ctrl Pts',(77.925298,77.95119,1.6));
#9343=CARTESIAN_POINT('Ctrl Pts',(77.743762,78.210489,0.));
#9344=CARTESIAN_POINT('Ctrl Pts',(77.743762,78.210489,1.6));
#9345=CARTESIAN_POINT('Ctrl Pts',(77.7917,78.4824,0.));
#9346=CARTESIAN_POINT('Ctrl Pts',(77.7917,78.4824,1.6));
#9347=CARTESIAN_POINT('',(78.1972,77.9032,1.6));
#9348=CARTESIAN_POINT('Ctrl Pts',(78.1972,77.9032,1.6));
#9349=CARTESIAN_POINT('Ctrl Pts',(77.925298,77.95119,1.6));
#9350=CARTESIAN_POINT('Ctrl Pts',(77.743762,78.210489,1.6));
#9351=CARTESIAN_POINT('Ctrl Pts',(77.7917,78.4824,1.6));
#9352=CARTESIAN_POINT('',(78.1972,77.9032,0.));
#9353=CARTESIAN_POINT('Origin',(90.9013,75.6632,0.));
#9354=CARTESIAN_POINT('',(90.9013,75.6632,1.6));
#9355=CARTESIAN_POINT('',(90.9013,75.6632,1.6));
#9356=CARTESIAN_POINT('',(90.9013,75.6632,0.));
#9357=CARTESIAN_POINT('Ctrl Pts',(91.4805,76.0687,0.));
#9358=CARTESIAN_POINT('Ctrl Pts',(91.4805,76.0687,1.6));
#9359=CARTESIAN_POINT('Ctrl Pts',(91.43251,75.796798,0.));
#9360=CARTESIAN_POINT('Ctrl Pts',(91.43251,75.796798,1.6));
#9361=CARTESIAN_POINT('Ctrl Pts',(91.173211,75.615262,0.));
#9362=CARTESIAN_POINT('Ctrl Pts',(91.173211,75.615262,1.6));
#9363=CARTESIAN_POINT('Ctrl Pts',(90.9013,75.6632,0.));
#9364=CARTESIAN_POINT('Ctrl Pts',(90.9013,75.6632,1.6));
#9365=CARTESIAN_POINT('',(91.4805,76.0687,1.6));
#9366=CARTESIAN_POINT('Ctrl Pts',(91.4805,76.0687,1.6));
#9367=CARTESIAN_POINT('Ctrl Pts',(91.43251,75.796798,1.6));
#9368=CARTESIAN_POINT('Ctrl Pts',(91.173211,75.615262,1.6));
#9369=CARTESIAN_POINT('Ctrl Pts',(90.9013,75.6632,1.6));
#9370=CARTESIAN_POINT('',(91.4805,76.0687,0.));
#9371=CARTESIAN_POINT('Origin',(93.7205,88.7728,0.));
#9372=CARTESIAN_POINT('',(93.7205,88.7728,1.6));
#9373=CARTESIAN_POINT('',(93.7205,88.7728,1.6));
#9374=CARTESIAN_POINT('',(93.7205,88.7728,0.));
#9375=CARTESIAN_POINT('Ctrl Pts',(93.315,89.352,0.));
#9376=CARTESIAN_POINT('Ctrl Pts',(93.315,89.352,1.6));
#9377=CARTESIAN_POINT('Ctrl Pts',(93.586902,89.30401,0.));
#9378=CARTESIAN_POINT('Ctrl Pts',(93.586902,89.30401,1.6));
#9379=CARTESIAN_POINT('Ctrl Pts',(93.768438,89.044711,0.));
#9380=CARTESIAN_POINT('Ctrl Pts',(93.768438,89.044711,1.6));
#9381=CARTESIAN_POINT('Ctrl Pts',(93.7205,88.7728,0.));
#9382=CARTESIAN_POINT('Ctrl Pts',(93.7205,88.7728,1.6));
#9383=CARTESIAN_POINT('',(93.315,89.352,1.6));
#9384=CARTESIAN_POINT('Ctrl Pts',(93.315,89.352,1.6));
#9385=CARTESIAN_POINT('Ctrl Pts',(93.586902,89.30401,1.6));
#9386=CARTESIAN_POINT('Ctrl Pts',(93.768438,89.044711,1.6));
#9387=CARTESIAN_POINT('Ctrl Pts',(93.7205,88.7728,1.6));
#9388=CARTESIAN_POINT('',(93.315,89.352,0.));
#9389=CARTESIAN_POINT('Origin',(80.6109,91.592,0.));
#9390=CARTESIAN_POINT('',(80.6109,91.592,1.6));
#9391=CARTESIAN_POINT('',(80.6109,91.592,1.6));
#9392=CARTESIAN_POINT('',(80.6109,91.592,0.));
#9393=CARTESIAN_POINT('Ctrl Pts',(80.0317,91.1865,0.));
#9394=CARTESIAN_POINT('Ctrl Pts',(80.0317,91.1865,1.6));
#9395=CARTESIAN_POINT('Ctrl Pts',(80.07969,91.458402,0.));
#9396=CARTESIAN_POINT('Ctrl Pts',(80.07969,91.458402,1.6));
#9397=CARTESIAN_POINT('Ctrl Pts',(80.338989,91.639938,0.));
#9398=CARTESIAN_POINT('Ctrl Pts',(80.338989,91.639938,1.6));
#9399=CARTESIAN_POINT('Ctrl Pts',(80.6109,91.592,0.));
#9400=CARTESIAN_POINT('Ctrl Pts',(80.6109,91.592,1.6));
#9401=CARTESIAN_POINT('Ctrl Pts',(80.0317,91.1865,1.6));
#9402=CARTESIAN_POINT('Ctrl Pts',(80.07969,91.458402,1.6));
#9403=CARTESIAN_POINT('Ctrl Pts',(80.338989,91.639938,1.6));
#9404=CARTESIAN_POINT('Ctrl Pts',(80.6109,91.592,1.6));
#9405=CARTESIAN_POINT('Origin',(129.499967855901,104.107183926121,0.));
#9406=CARTESIAN_POINT('',(128.249967855901,104.107183926121,1.6));
#9407=CARTESIAN_POINT('Origin',(129.499967855901,104.107183926121,1.6));
#9408=CARTESIAN_POINT('',(128.249967855901,104.107183926121,0.));
#9409=CARTESIAN_POINT('Origin',(75.3868447423186,98.2834683814118,0.));
#9410=CARTESIAN_POINT('',(75.3868447423186,75.6048748695136,1.6));
#9411=CARTESIAN_POINT('',(75.3868447423186,75.6048748695136,0.));
#9412=CARTESIAN_POINT('',(75.3868447423186,98.2834683814118,1.6));
#9413=CARTESIAN_POINT('',(75.3868447423186,98.2834683814118,1.6));
#9414=CARTESIAN_POINT('',(75.3868447423186,98.2834683814118,0.));
#9415=CARTESIAN_POINT('Origin',(48.020829924441,98.2834683814118,0.));
#9416=CARTESIAN_POINT('',(48.020829924441,98.2834683814118,1.6));
#9417=CARTESIAN_POINT('',(48.020829924441,98.2834683814118,1.6));
#9418=CARTESIAN_POINT('',(48.020829924441,98.2834683814118,0.));
#9419=CARTESIAN_POINT('Origin',(48.020829924441,80.8914773680962,0.));
#9420=CARTESIAN_POINT('',(48.020829924441,80.8914773680962,1.6));
#9421=CARTESIAN_POINT('',(48.020829924441,80.8914773680962,1.6));
#9422=CARTESIAN_POINT('',(48.020829924441,80.8914773680962,0.));
#9423=CARTESIAN_POINT('Origin',(75.3868447423186,75.6048748695136,0.));
#9424=CARTESIAN_POINT('',(48.020829924441,80.8914773680962,1.6));
#9425=CARTESIAN_POINT('Origin',(119.2045,77.963067852242,0.));
#9426=CARTESIAN_POINT('',(117.9545,77.963067852242,1.6));
#9427=CARTESIAN_POINT('Origin',(119.2045,77.963067852242,1.6));
#9428=CARTESIAN_POINT('',(117.9545,77.963067852242,0.));
#9429=CARTESIAN_POINT('Origin',(37.5327,140.8038,0.));
#9430=CARTESIAN_POINT('',(36.2827,140.8038,1.6));
#9431=CARTESIAN_POINT('Origin',(37.5327,140.8038,1.6));
#9432=CARTESIAN_POINT('',(36.2827,140.8038,0.));
#9433=CARTESIAN_POINT('Origin',(26.2644,134.8478,0.));
#9434=CARTESIAN_POINT('',(39.1644,134.8478,1.6));
#9435=CARTESIAN_POINT('',(39.1644,134.8478,0.));
#9436=CARTESIAN_POINT('',(26.2644,134.8478,1.6));
#9437=CARTESIAN_POINT('',(26.2644,134.8478,1.6));
#9438=CARTESIAN_POINT('',(26.2644,134.8478,0.));
#9439=CARTESIAN_POINT('Ctrl Pts',(25.910847,134.701353,0.));
#9440=CARTESIAN_POINT('Ctrl Pts',(25.910847,134.701353,1.6));
#9441=CARTESIAN_POINT('Ctrl Pts',(26.004615,134.795122,0.));
#9442=CARTESIAN_POINT('Ctrl Pts',(26.004615,134.795122,1.6));
#9443=CARTESIAN_POINT('Ctrl Pts',(26.131792,134.8478,0.));
#9444=CARTESIAN_POINT('Ctrl Pts',(26.131792,134.8478,1.6));
#9445=CARTESIAN_POINT('Ctrl Pts',(26.2644,134.8478,0.));
#9446=CARTESIAN_POINT('Ctrl Pts',(26.2644,134.8478,1.6));
#9447=CARTESIAN_POINT('',(25.910847,134.701353,1.6));
#9448=CARTESIAN_POINT('Ctrl Pts',(25.910847,134.701353,1.6));
#9449=CARTESIAN_POINT('Ctrl Pts',(26.004615,134.795122,1.6));
#9450=CARTESIAN_POINT('Ctrl Pts',(26.131792,134.8478,1.6));
#9451=CARTESIAN_POINT('Ctrl Pts',(26.2644,134.8478,1.6));
#9452=CARTESIAN_POINT('',(25.910847,134.701353,0.));
#9453=CARTESIAN_POINT('Ctrl Pts',(25.7644,134.3478,0.));
#9454=CARTESIAN_POINT('Ctrl Pts',(25.7644,134.3478,1.6));
#9455=CARTESIAN_POINT('Ctrl Pts',(25.7644,134.480408,0.));
#9456=CARTESIAN_POINT('Ctrl Pts',(25.7644,134.480408,1.6));
#9457=CARTESIAN_POINT('Ctrl Pts',(25.817078,134.607585,0.));
#9458=CARTESIAN_POINT('Ctrl Pts',(25.817078,134.607585,1.6));
#9459=CARTESIAN_POINT('Ctrl Pts',(25.910847,134.701353,0.));
#9460=CARTESIAN_POINT('Ctrl Pts',(25.910847,134.701353,1.6));
#9461=CARTESIAN_POINT('',(25.7644,134.3478,1.6));
#9462=CARTESIAN_POINT('Ctrl Pts',(25.7644,134.3478,1.6));
#9463=CARTESIAN_POINT('Ctrl Pts',(25.7644,134.480408,1.6));
#9464=CARTESIAN_POINT('Ctrl Pts',(25.817078,134.607585,1.6));
#9465=CARTESIAN_POINT('Ctrl Pts',(25.910847,134.701353,1.6));
#9466=CARTESIAN_POINT('',(25.7644,134.3478,0.));
#9467=CARTESIAN_POINT('Origin',(25.7644,121.4478,0.));
#9468=CARTESIAN_POINT('',(25.7644,121.4478,1.6));
#9469=CARTESIAN_POINT('',(25.7644,121.4478,1.6));
#9470=CARTESIAN_POINT('',(25.7644,121.4478,0.));
#9471=CARTESIAN_POINT('Ctrl Pts',(25.910847,121.094247,0.));
#9472=CARTESIAN_POINT('Ctrl Pts',(25.910847,121.094247,1.6));
#9473=CARTESIAN_POINT('Ctrl Pts',(25.817078,121.188015,0.));
#9474=CARTESIAN_POINT('Ctrl Pts',(25.817078,121.188015,1.6));
#9475=CARTESIAN_POINT('Ctrl Pts',(25.7644,121.315192,0.));
#9476=CARTESIAN_POINT('Ctrl Pts',(25.7644,121.315192,1.6));
#9477=CARTESIAN_POINT('Ctrl Pts',(25.7644,121.4478,0.));
#9478=CARTESIAN_POINT('Ctrl Pts',(25.7644,121.4478,1.6));
#9479=CARTESIAN_POINT('',(25.910847,121.094247,1.6));
#9480=CARTESIAN_POINT('Ctrl Pts',(25.910847,121.094247,1.6));
#9481=CARTESIAN_POINT('Ctrl Pts',(25.817078,121.188015,1.6));
#9482=CARTESIAN_POINT('Ctrl Pts',(25.7644,121.315192,1.6));
#9483=CARTESIAN_POINT('Ctrl Pts',(25.7644,121.4478,1.6));
#9484=CARTESIAN_POINT('',(25.910847,121.094247,0.));
#9485=CARTESIAN_POINT('Ctrl Pts',(26.2644,120.9478,0.));
#9486=CARTESIAN_POINT('Ctrl Pts',(26.2644,120.9478,1.6));
#9487=CARTESIAN_POINT('Ctrl Pts',(26.131792,120.9478,0.));
#9488=CARTESIAN_POINT('Ctrl Pts',(26.131792,120.9478,1.6));
#9489=CARTESIAN_POINT('Ctrl Pts',(26.004615,121.000478,0.));
#9490=CARTESIAN_POINT('Ctrl Pts',(26.004615,121.000478,1.6));
#9491=CARTESIAN_POINT('Ctrl Pts',(25.910847,121.094247,0.));
#9492=CARTESIAN_POINT('Ctrl Pts',(25.910847,121.094247,1.6));
#9493=CARTESIAN_POINT('',(26.2644,120.9478,1.6));
#9494=CARTESIAN_POINT('Ctrl Pts',(26.2644,120.9478,1.6));
#9495=CARTESIAN_POINT('Ctrl Pts',(26.131792,120.9478,1.6));
#9496=CARTESIAN_POINT('Ctrl Pts',(26.004615,121.000478,1.6));
#9497=CARTESIAN_POINT('Ctrl Pts',(25.910847,121.094247,1.6));
#9498=CARTESIAN_POINT('',(26.2644,120.9478,0.));
#9499=CARTESIAN_POINT('Origin',(39.1644,120.9478,0.));
#9500=CARTESIAN_POINT('',(39.1644,120.9478,1.6));
#9501=CARTESIAN_POINT('',(39.1644,120.9478,1.6));
#9502=CARTESIAN_POINT('',(39.1644,120.9478,0.));
#9503=CARTESIAN_POINT('Ctrl Pts',(39.517953,121.094247,0.));
#9504=CARTESIAN_POINT('Ctrl Pts',(39.517953,121.094247,1.6));
#9505=CARTESIAN_POINT('Ctrl Pts',(39.424185,121.000478,0.));
#9506=CARTESIAN_POINT('Ctrl Pts',(39.424185,121.000478,1.6));
#9507=CARTESIAN_POINT('Ctrl Pts',(39.297008,120.9478,0.));
#9508=CARTESIAN_POINT('Ctrl Pts',(39.297008,120.9478,1.6));
#9509=CARTESIAN_POINT('Ctrl Pts',(39.1644,120.9478,0.));
#9510=CARTESIAN_POINT('Ctrl Pts',(39.1644,120.9478,1.6));
#9511=CARTESIAN_POINT('',(39.517953,121.094247,1.6));
#9512=CARTESIAN_POINT('Ctrl Pts',(39.517953,121.094247,1.6));
#9513=CARTESIAN_POINT('Ctrl Pts',(39.424185,121.000478,1.6));
#9514=CARTESIAN_POINT('Ctrl Pts',(39.297008,120.9478,1.6));
#9515=CARTESIAN_POINT('Ctrl Pts',(39.1644,120.9478,1.6));
#9516=CARTESIAN_POINT('',(39.517953,121.094247,0.));
#9517=CARTESIAN_POINT('Ctrl Pts',(39.6644,121.4478,0.));
#9518=CARTESIAN_POINT('Ctrl Pts',(39.6644,121.4478,1.6));
#9519=CARTESIAN_POINT('Ctrl Pts',(39.6644,121.315192,0.));
#9520=CARTESIAN_POINT('Ctrl Pts',(39.6644,121.315192,1.6));
#9521=CARTESIAN_POINT('Ctrl Pts',(39.611722,121.188015,0.));
#9522=CARTESIAN_POINT('Ctrl Pts',(39.611722,121.188015,1.6));
#9523=CARTESIAN_POINT('Ctrl Pts',(39.517953,121.094247,0.));
#9524=CARTESIAN_POINT('Ctrl Pts',(39.517953,121.094247,1.6));
#9525=CARTESIAN_POINT('',(39.6644,121.4478,1.6));
#9526=CARTESIAN_POINT('Ctrl Pts',(39.6644,121.4478,1.6));
#9527=CARTESIAN_POINT('Ctrl Pts',(39.6644,121.315192,1.6));
#9528=CARTESIAN_POINT('Ctrl Pts',(39.611722,121.188015,1.6));
#9529=CARTESIAN_POINT('Ctrl Pts',(39.517953,121.094247,1.6));
#9530=CARTESIAN_POINT('',(39.6644,121.4478,0.));
#9531=CARTESIAN_POINT('Origin',(39.6644,134.3478,0.));
#9532=CARTESIAN_POINT('',(39.6644,134.3478,1.6));
#9533=CARTESIAN_POINT('',(39.6644,134.3478,1.6));
#9534=CARTESIAN_POINT('',(39.6644,134.3478,0.));
#9535=CARTESIAN_POINT('Ctrl Pts',(39.517953,134.701353,0.));
#9536=CARTESIAN_POINT('Ctrl Pts',(39.517953,134.701353,1.6));
#9537=CARTESIAN_POINT('Ctrl Pts',(39.611722,134.607585,0.));
#9538=CARTESIAN_POINT('Ctrl Pts',(39.611722,134.607585,1.6));
#9539=CARTESIAN_POINT('Ctrl Pts',(39.6644,134.480408,0.));
#9540=CARTESIAN_POINT('Ctrl Pts',(39.6644,134.480408,1.6));
#9541=CARTESIAN_POINT('Ctrl Pts',(39.6644,134.3478,0.));
#9542=CARTESIAN_POINT('Ctrl Pts',(39.6644,134.3478,1.6));
#9543=CARTESIAN_POINT('',(39.517953,134.701353,1.6));
#9544=CARTESIAN_POINT('Ctrl Pts',(39.517953,134.701353,1.6));
#9545=CARTESIAN_POINT('Ctrl Pts',(39.611722,134.607585,1.6));
#9546=CARTESIAN_POINT('Ctrl Pts',(39.6644,134.480408,1.6));
#9547=CARTESIAN_POINT('Ctrl Pts',(39.6644,134.3478,1.6));
#9548=CARTESIAN_POINT('',(39.517953,134.701353,0.));
#9549=CARTESIAN_POINT('Ctrl Pts',(39.1644,134.8478,0.));
#9550=CARTESIAN_POINT('Ctrl Pts',(39.1644,134.8478,1.6));
#9551=CARTESIAN_POINT('Ctrl Pts',(39.297008,134.8478,0.));
#9552=CARTESIAN_POINT('Ctrl Pts',(39.297008,134.8478,1.6));
#9553=CARTESIAN_POINT('Ctrl Pts',(39.424185,134.795122,0.));
#9554=CARTESIAN_POINT('Ctrl Pts',(39.424185,134.795122,1.6));
#9555=CARTESIAN_POINT('Ctrl Pts',(39.517953,134.701353,0.));
#9556=CARTESIAN_POINT('Ctrl Pts',(39.517953,134.701353,1.6));
#9557=CARTESIAN_POINT('Ctrl Pts',(39.1644,134.8478,1.6));
#9558=CARTESIAN_POINT('Ctrl Pts',(39.297008,134.8478,1.6));
#9559=CARTESIAN_POINT('Ctrl Pts',(39.424185,134.795122,1.6));
#9560=CARTESIAN_POINT('Ctrl Pts',(39.517953,134.701353,1.6));
#9561=CARTESIAN_POINT('Origin',(80.2644,132.8478,0.));
#9562=CARTESIAN_POINT('',(93.1644,132.8478,1.6));
#9563=CARTESIAN_POINT('',(93.1644,132.8478,0.));
#9564=CARTESIAN_POINT('',(80.2644,132.8478,1.6));
#9565=CARTESIAN_POINT('',(80.2644,132.8478,1.6));
#9566=CARTESIAN_POINT('',(80.2644,132.8478,0.));
#9567=CARTESIAN_POINT('Ctrl Pts',(79.910847,132.701353,0.));
#9568=CARTESIAN_POINT('Ctrl Pts',(79.910847,132.701353,1.6));
#9569=CARTESIAN_POINT('Ctrl Pts',(80.004615,132.795122,0.));
#9570=CARTESIAN_POINT('Ctrl Pts',(80.004615,132.795122,1.6));
#9571=CARTESIAN_POINT('Ctrl Pts',(80.131792,132.8478,0.));
#9572=CARTESIAN_POINT('Ctrl Pts',(80.131792,132.8478,1.6));
#9573=CARTESIAN_POINT('Ctrl Pts',(80.2644,132.8478,0.));
#9574=CARTESIAN_POINT('Ctrl Pts',(80.2644,132.8478,1.6));
#9575=CARTESIAN_POINT('',(79.910847,132.701353,1.6));
#9576=CARTESIAN_POINT('Ctrl Pts',(79.910847,132.701353,1.6));
#9577=CARTESIAN_POINT('Ctrl Pts',(80.004615,132.795122,1.6));
#9578=CARTESIAN_POINT('Ctrl Pts',(80.131792,132.8478,1.6));
#9579=CARTESIAN_POINT('Ctrl Pts',(80.2644,132.8478,1.6));
#9580=CARTESIAN_POINT('',(79.910847,132.701353,0.));
#9581=CARTESIAN_POINT('Ctrl Pts',(79.7644,132.3478,0.));
#9582=CARTESIAN_POINT('Ctrl Pts',(79.7644,132.3478,1.6));
#9583=CARTESIAN_POINT('Ctrl Pts',(79.7644,132.480408,0.));
#9584=CARTESIAN_POINT('Ctrl Pts',(79.7644,132.480408,1.6));
#9585=CARTESIAN_POINT('Ctrl Pts',(79.817078,132.607585,0.));
#9586=CARTESIAN_POINT('Ctrl Pts',(79.817078,132.607585,1.6));
#9587=CARTESIAN_POINT('Ctrl Pts',(79.910847,132.701353,0.));
#9588=CARTESIAN_POINT('Ctrl Pts',(79.910847,132.701353,1.6));
#9589=CARTESIAN_POINT('',(79.7644,132.3478,1.6));
#9590=CARTESIAN_POINT('Ctrl Pts',(79.7644,132.3478,1.6));
#9591=CARTESIAN_POINT('Ctrl Pts',(79.7644,132.480408,1.6));
#9592=CARTESIAN_POINT('Ctrl Pts',(79.817078,132.607585,1.6));
#9593=CARTESIAN_POINT('Ctrl Pts',(79.910847,132.701353,1.6));
#9594=CARTESIAN_POINT('',(79.7644,132.3478,0.));
#9595=CARTESIAN_POINT('Origin',(79.7644,119.4478,0.));
#9596=CARTESIAN_POINT('',(79.7644,119.4478,1.6));
#9597=CARTESIAN_POINT('',(79.7644,119.4478,1.6));
#9598=CARTESIAN_POINT('',(79.7644,119.4478,0.));
#9599=CARTESIAN_POINT('Ctrl Pts',(79.910847,119.094247,0.));
#9600=CARTESIAN_POINT('Ctrl Pts',(79.910847,119.094247,1.6));
#9601=CARTESIAN_POINT('Ctrl Pts',(79.817078,119.188015,0.));
#9602=CARTESIAN_POINT('Ctrl Pts',(79.817078,119.188015,1.6));
#9603=CARTESIAN_POINT('Ctrl Pts',(79.7644,119.315192,0.));
#9604=CARTESIAN_POINT('Ctrl Pts',(79.7644,119.315192,1.6));
#9605=CARTESIAN_POINT('Ctrl Pts',(79.7644,119.4478,0.));
#9606=CARTESIAN_POINT('Ctrl Pts',(79.7644,119.4478,1.6));
#9607=CARTESIAN_POINT('',(79.910847,119.094247,1.6));
#9608=CARTESIAN_POINT('Ctrl Pts',(79.910847,119.094247,1.6));
#9609=CARTESIAN_POINT('Ctrl Pts',(79.817078,119.188015,1.6));
#9610=CARTESIAN_POINT('Ctrl Pts',(79.7644,119.315192,1.6));
#9611=CARTESIAN_POINT('Ctrl Pts',(79.7644,119.4478,1.6));
#9612=CARTESIAN_POINT('',(79.910847,119.094247,0.));
#9613=CARTESIAN_POINT('Ctrl Pts',(80.2644,118.9478,0.));
#9614=CARTESIAN_POINT('Ctrl Pts',(80.2644,118.9478,1.6));
#9615=CARTESIAN_POINT('Ctrl Pts',(80.131792,118.9478,0.));
#9616=CARTESIAN_POINT('Ctrl Pts',(80.131792,118.9478,1.6));
#9617=CARTESIAN_POINT('Ctrl Pts',(80.004615,119.000478,0.));
#9618=CARTESIAN_POINT('Ctrl Pts',(80.004615,119.000478,1.6));
#9619=CARTESIAN_POINT('Ctrl Pts',(79.910847,119.094247,0.));
#9620=CARTESIAN_POINT('Ctrl Pts',(79.910847,119.094247,1.6));
#9621=CARTESIAN_POINT('',(80.2644,118.9478,1.6));
#9622=CARTESIAN_POINT('Ctrl Pts',(80.2644,118.9478,1.6));
#9623=CARTESIAN_POINT('Ctrl Pts',(80.131792,118.9478,1.6));
#9624=CARTESIAN_POINT('Ctrl Pts',(80.004615,119.000478,1.6));
#9625=CARTESIAN_POINT('Ctrl Pts',(79.910847,119.094247,1.6));
#9626=CARTESIAN_POINT('',(80.2644,118.9478,0.));
#9627=CARTESIAN_POINT('Origin',(93.1644,118.9478,0.));
#9628=CARTESIAN_POINT('',(93.1644,118.9478,1.6));
#9629=CARTESIAN_POINT('',(93.1644,118.9478,1.6));
#9630=CARTESIAN_POINT('',(93.1644,118.9478,0.));
#9631=CARTESIAN_POINT('Ctrl Pts',(93.517953,119.094247,0.));
#9632=CARTESIAN_POINT('Ctrl Pts',(93.517953,119.094247,1.6));
#9633=CARTESIAN_POINT('Ctrl Pts',(93.424185,119.000478,0.));
#9634=CARTESIAN_POINT('Ctrl Pts',(93.424185,119.000478,1.6));
#9635=CARTESIAN_POINT('Ctrl Pts',(93.297008,118.9478,0.));
#9636=CARTESIAN_POINT('Ctrl Pts',(93.297008,118.9478,1.6));
#9637=CARTESIAN_POINT('Ctrl Pts',(93.1644,118.9478,0.));
#9638=CARTESIAN_POINT('Ctrl Pts',(93.1644,118.9478,1.6));
#9639=CARTESIAN_POINT('',(93.517953,119.094247,1.6));
#9640=CARTESIAN_POINT('Ctrl Pts',(93.517953,119.094247,1.6));
#9641=CARTESIAN_POINT('Ctrl Pts',(93.424185,119.000478,1.6));
#9642=CARTESIAN_POINT('Ctrl Pts',(93.297008,118.9478,1.6));
#9643=CARTESIAN_POINT('Ctrl Pts',(93.1644,118.9478,1.6));
#9644=CARTESIAN_POINT('',(93.517953,119.094247,0.));
#9645=CARTESIAN_POINT('Ctrl Pts',(93.6644,119.4478,0.));
#9646=CARTESIAN_POINT('Ctrl Pts',(93.6644,119.4478,1.6));
#9647=CARTESIAN_POINT('Ctrl Pts',(93.6644,119.315192,0.));
#9648=CARTESIAN_POINT('Ctrl Pts',(93.6644,119.315192,1.6));
#9649=CARTESIAN_POINT('Ctrl Pts',(93.611722,119.188015,0.));
#9650=CARTESIAN_POINT('Ctrl Pts',(93.611722,119.188015,1.6));
#9651=CARTESIAN_POINT('Ctrl Pts',(93.517953,119.094247,0.));
#9652=CARTESIAN_POINT('Ctrl Pts',(93.517953,119.094247,1.6));
#9653=CARTESIAN_POINT('',(93.6644,119.4478,1.6));
#9654=CARTESIAN_POINT('Ctrl Pts',(93.6644,119.4478,1.6));
#9655=CARTESIAN_POINT('Ctrl Pts',(93.6644,119.315192,1.6));
#9656=CARTESIAN_POINT('Ctrl Pts',(93.611722,119.188015,1.6));
#9657=CARTESIAN_POINT('Ctrl Pts',(93.517953,119.094247,1.6));
#9658=CARTESIAN_POINT('',(93.6644,119.4478,0.));
#9659=CARTESIAN_POINT('Origin',(93.6644,132.3478,0.));
#9660=CARTESIAN_POINT('',(93.6644,132.3478,1.6));
#9661=CARTESIAN_POINT('',(93.6644,132.3478,1.6));
#9662=CARTESIAN_POINT('',(93.6644,132.3478,0.));
#9663=CARTESIAN_POINT('Ctrl Pts',(93.517953,132.701353,0.));
#9664=CARTESIAN_POINT('Ctrl Pts',(93.517953,132.701353,1.6));
#9665=CARTESIAN_POINT('Ctrl Pts',(93.611722,132.607585,0.));
#9666=CARTESIAN_POINT('Ctrl Pts',(93.611722,132.607585,1.6));
#9667=CARTESIAN_POINT('Ctrl Pts',(93.6644,132.480408,0.));
#9668=CARTESIAN_POINT('Ctrl Pts',(93.6644,132.480408,1.6));
#9669=CARTESIAN_POINT('Ctrl Pts',(93.6644,132.3478,0.));
#9670=CARTESIAN_POINT('Ctrl Pts',(93.6644,132.3478,1.6));
#9671=CARTESIAN_POINT('',(93.517953,132.701353,1.6));
#9672=CARTESIAN_POINT('Ctrl Pts',(93.517953,132.701353,1.6));
#9673=CARTESIAN_POINT('Ctrl Pts',(93.611722,132.607585,1.6));
#9674=CARTESIAN_POINT('Ctrl Pts',(93.6644,132.480408,1.6));
#9675=CARTESIAN_POINT('Ctrl Pts',(93.6644,132.3478,1.6));
#9676=CARTESIAN_POINT('',(93.517953,132.701353,0.));
#9677=CARTESIAN_POINT('Ctrl Pts',(93.1644,132.8478,0.));
#9678=CARTESIAN_POINT('Ctrl Pts',(93.1644,132.8478,1.6));
#9679=CARTESIAN_POINT('Ctrl Pts',(93.297008,132.8478,0.));
#9680=CARTESIAN_POINT('Ctrl Pts',(93.297008,132.8478,1.6));
#9681=CARTESIAN_POINT('Ctrl Pts',(93.424185,132.795122,0.));
#9682=CARTESIAN_POINT('Ctrl Pts',(93.424185,132.795122,1.6));
#9683=CARTESIAN_POINT('Ctrl Pts',(93.517953,132.701353,0.));
#9684=CARTESIAN_POINT('Ctrl Pts',(93.517953,132.701353,1.6));
#9685=CARTESIAN_POINT('Ctrl Pts',(93.1644,132.8478,1.6));
#9686=CARTESIAN_POINT('Ctrl Pts',(93.297008,132.8478,1.6));
#9687=CARTESIAN_POINT('Ctrl Pts',(93.424185,132.795122,1.6));
#9688=CARTESIAN_POINT('Ctrl Pts',(93.517953,132.701353,1.6));
#9689=CARTESIAN_POINT('Origin',(96.0457,75.0954,0.));
#9690=CARTESIAN_POINT('',(100.4578,87.2175,1.6));
#9691=CARTESIAN_POINT('',(100.4578,87.2175,0.));
#9692=CARTESIAN_POINT('',(96.0457,75.0954,1.6));
#9693=CARTESIAN_POINT('',(96.0457,75.0954,1.6));
#9694=CARTESIAN_POINT('',(96.0457,75.0954,0.));
#9695=CARTESIAN_POINT('Ctrl Pts',(96.3445,74.4546,0.));
#9696=CARTESIAN_POINT('Ctrl Pts',(96.3445,74.4546,1.6));
#9697=CARTESIAN_POINT('Ctrl Pts',(96.085056,74.549061,0.));
#9698=CARTESIAN_POINT('Ctrl Pts',(96.085056,74.549061,1.6));
#9699=CARTESIAN_POINT('Ctrl Pts',(95.951287,74.835938,0.));
#9700=CARTESIAN_POINT('Ctrl Pts',(95.951287,74.835938,1.6));
#9701=CARTESIAN_POINT('Ctrl Pts',(96.0457,75.0954,0.));
#9702=CARTESIAN_POINT('Ctrl Pts',(96.0457,75.0954,1.6));
#9703=CARTESIAN_POINT('',(96.3445,74.4546,1.6));
#9704=CARTESIAN_POINT('Ctrl Pts',(96.3445,74.4546,1.6));
#9705=CARTESIAN_POINT('Ctrl Pts',(96.085056,74.549061,1.6));
#9706=CARTESIAN_POINT('Ctrl Pts',(95.951287,74.835938,1.6));
#9707=CARTESIAN_POINT('Ctrl Pts',(96.0457,75.0954,1.6));
#9708=CARTESIAN_POINT('',(96.3445,74.4546,0.));
#9709=CARTESIAN_POINT('Origin',(108.4666,70.0425,0.));
#9710=CARTESIAN_POINT('',(108.4666,70.0425,1.6));
#9711=CARTESIAN_POINT('',(108.4666,70.0425,1.6));
#9712=CARTESIAN_POINT('',(108.4666,70.0425,0.));
#9713=CARTESIAN_POINT('Ctrl Pts',(109.1074,70.3413,0.));
#9714=CARTESIAN_POINT('Ctrl Pts',(109.1074,70.3413,1.6));
#9715=CARTESIAN_POINT('Ctrl Pts',(109.012939,70.081856,0.));
#9716=CARTESIAN_POINT('Ctrl Pts',(109.012939,70.081856,1.6));
#9717=CARTESIAN_POINT('Ctrl Pts',(108.726062,69.948087,0.));
#9718=CARTESIAN_POINT('Ctrl Pts',(108.726062,69.948087,1.6));
#9719=CARTESIAN_POINT('Ctrl Pts',(108.4666,70.0425,0.));
#9720=CARTESIAN_POINT('Ctrl Pts',(108.4666,70.0425,1.6));
#9721=CARTESIAN_POINT('',(109.1074,70.3413,1.6));
#9722=CARTESIAN_POINT('Ctrl Pts',(109.1074,70.3413,1.6));
#9723=CARTESIAN_POINT('Ctrl Pts',(109.012939,70.081856,1.6));
#9724=CARTESIAN_POINT('Ctrl Pts',(108.726062,69.948087,1.6));
#9725=CARTESIAN_POINT('Ctrl Pts',(108.4666,70.0425,1.6));
#9726=CARTESIAN_POINT('',(109.1074,70.3413,0.));
#9727=CARTESIAN_POINT('Origin',(113.5195,82.4634,0.));
#9728=CARTESIAN_POINT('',(113.5195,82.4634,1.6));
#9729=CARTESIAN_POINT('',(113.5195,82.4634,1.6));
#9730=CARTESIAN_POINT('',(113.5195,82.4634,0.));
#9731=CARTESIAN_POINT('Ctrl Pts',(113.2207,83.1042,0.));
#9732=CARTESIAN_POINT('Ctrl Pts',(113.2207,83.1042,1.6));
#9733=CARTESIAN_POINT('Ctrl Pts',(113.480144,83.009739,0.));
#9734=CARTESIAN_POINT('Ctrl Pts',(113.480144,83.009739,1.6));
#9735=CARTESIAN_POINT('Ctrl Pts',(113.613913,82.722862,0.));
#9736=CARTESIAN_POINT('Ctrl Pts',(113.613913,82.722862,1.6));
#9737=CARTESIAN_POINT('Ctrl Pts',(113.5195,82.4634,0.));
#9738=CARTESIAN_POINT('Ctrl Pts',(113.5195,82.4634,1.6));
#9739=CARTESIAN_POINT('',(113.2207,83.1042,1.6));
#9740=CARTESIAN_POINT('Ctrl Pts',(113.2207,83.1042,1.6));
#9741=CARTESIAN_POINT('Ctrl Pts',(113.480144,83.009739,1.6));
#9742=CARTESIAN_POINT('Ctrl Pts',(113.613913,82.722862,1.6));
#9743=CARTESIAN_POINT('Ctrl Pts',(113.5195,82.4634,1.6));
#9744=CARTESIAN_POINT('',(113.2207,83.1042,0.));
#9745=CARTESIAN_POINT('Origin',(101.0986,87.5163,0.));
#9746=CARTESIAN_POINT('',(101.0986,87.5163,1.6));
#9747=CARTESIAN_POINT('',(101.0986,87.5163,1.6));
#9748=CARTESIAN_POINT('',(101.0986,87.5163,0.));
#9749=CARTESIAN_POINT('Ctrl Pts',(100.4578,87.2175,0.));
#9750=CARTESIAN_POINT('Ctrl Pts',(100.4578,87.2175,1.6));
#9751=CARTESIAN_POINT('Ctrl Pts',(100.552261,87.476944,0.));
#9752=CARTESIAN_POINT('Ctrl Pts',(100.552261,87.476944,1.6));
#9753=CARTESIAN_POINT('Ctrl Pts',(100.839138,87.610713,0.));
#9754=CARTESIAN_POINT('Ctrl Pts',(100.839138,87.610713,1.6));
#9755=CARTESIAN_POINT('Ctrl Pts',(101.0986,87.5163,0.));
#9756=CARTESIAN_POINT('Ctrl Pts',(101.0986,87.5163,1.6));
#9757=CARTESIAN_POINT('Ctrl Pts',(100.4578,87.2175,1.6));
#9758=CARTESIAN_POINT('Ctrl Pts',(100.552261,87.476944,1.6));
#9759=CARTESIAN_POINT('Ctrl Pts',(100.839138,87.610713,1.6));
#9760=CARTESIAN_POINT('Ctrl Pts',(101.0986,87.5163,1.6));
#9761=CARTESIAN_POINT('Origin',(98.2644,141.6928,0.));
#9762=CARTESIAN_POINT('',(111.1644,141.6928,1.6));
#9763=CARTESIAN_POINT('',(111.1644,141.6928,0.));
#9764=CARTESIAN_POINT('',(98.2644,141.6928,1.6));
#9765=CARTESIAN_POINT('',(98.2644,141.6928,1.6));
#9766=CARTESIAN_POINT('',(98.2644,141.6928,0.));
#9767=CARTESIAN_POINT('Ctrl Pts',(97.910847,141.546353,0.));
#9768=CARTESIAN_POINT('Ctrl Pts',(97.910847,141.546353,1.6));
#9769=CARTESIAN_POINT('Ctrl Pts',(98.004615,141.640122,0.));
#9770=CARTESIAN_POINT('Ctrl Pts',(98.004615,141.640122,1.6));
#9771=CARTESIAN_POINT('Ctrl Pts',(98.131792,141.6928,0.));
#9772=CARTESIAN_POINT('Ctrl Pts',(98.131792,141.6928,1.6));
#9773=CARTESIAN_POINT('Ctrl Pts',(98.2644,141.6928,0.));
#9774=CARTESIAN_POINT('Ctrl Pts',(98.2644,141.6928,1.6));
#9775=CARTESIAN_POINT('',(97.910847,141.546353,1.6));
#9776=CARTESIAN_POINT('Ctrl Pts',(97.910847,141.546353,1.6));
#9777=CARTESIAN_POINT('Ctrl Pts',(98.004615,141.640122,1.6));
#9778=CARTESIAN_POINT('Ctrl Pts',(98.131792,141.6928,1.6));
#9779=CARTESIAN_POINT('Ctrl Pts',(98.2644,141.6928,1.6));
#9780=CARTESIAN_POINT('',(97.910847,141.546353,0.));
#9781=CARTESIAN_POINT('Ctrl Pts',(97.7644,141.1928,0.));
#9782=CARTESIAN_POINT('Ctrl Pts',(97.7644,141.1928,1.6));
#9783=CARTESIAN_POINT('Ctrl Pts',(97.7644,141.325408,0.));
#9784=CARTESIAN_POINT('Ctrl Pts',(97.7644,141.325408,1.6));
#9785=CARTESIAN_POINT('Ctrl Pts',(97.817078,141.452585,0.));
#9786=CARTESIAN_POINT('Ctrl Pts',(97.817078,141.452585,1.6));
#9787=CARTESIAN_POINT('Ctrl Pts',(97.910847,141.546353,0.));
#9788=CARTESIAN_POINT('Ctrl Pts',(97.910847,141.546353,1.6));
#9789=CARTESIAN_POINT('',(97.7644,141.1928,1.6));
#9790=CARTESIAN_POINT('Ctrl Pts',(97.7644,141.1928,1.6));
#9791=CARTESIAN_POINT('Ctrl Pts',(97.7644,141.325408,1.6));
#9792=CARTESIAN_POINT('Ctrl Pts',(97.817078,141.452585,1.6));
#9793=CARTESIAN_POINT('Ctrl Pts',(97.910847,141.546353,1.6));
#9794=CARTESIAN_POINT('',(97.7644,141.1928,0.));
#9795=CARTESIAN_POINT('Origin',(97.7644,128.2928,0.));
#9796=CARTESIAN_POINT('',(97.7644,128.2928,1.6));
#9797=CARTESIAN_POINT('',(97.7644,128.2928,1.6));
#9798=CARTESIAN_POINT('',(97.7644,128.2928,0.));
#9799=CARTESIAN_POINT('Ctrl Pts',(97.910847,127.939247,0.));
#9800=CARTESIAN_POINT('Ctrl Pts',(97.910847,127.939247,1.6));
#9801=CARTESIAN_POINT('Ctrl Pts',(97.817078,128.033015,0.));
#9802=CARTESIAN_POINT('Ctrl Pts',(97.817078,128.033015,1.6));
#9803=CARTESIAN_POINT('Ctrl Pts',(97.7644,128.160192,0.));
#9804=CARTESIAN_POINT('Ctrl Pts',(97.7644,128.160192,1.6));
#9805=CARTESIAN_POINT('Ctrl Pts',(97.7644,128.2928,0.));
#9806=CARTESIAN_POINT('Ctrl Pts',(97.7644,128.2928,1.6));
#9807=CARTESIAN_POINT('',(97.910847,127.939247,1.6));
#9808=CARTESIAN_POINT('Ctrl Pts',(97.910847,127.939247,1.6));
#9809=CARTESIAN_POINT('Ctrl Pts',(97.817078,128.033015,1.6));
#9810=CARTESIAN_POINT('Ctrl Pts',(97.7644,128.160192,1.6));
#9811=CARTESIAN_POINT('Ctrl Pts',(97.7644,128.2928,1.6));
#9812=CARTESIAN_POINT('',(97.910847,127.939247,0.));
#9813=CARTESIAN_POINT('Ctrl Pts',(98.2644,127.7928,0.));
#9814=CARTESIAN_POINT('Ctrl Pts',(98.2644,127.7928,1.6));
#9815=CARTESIAN_POINT('Ctrl Pts',(98.131792,127.7928,0.));
#9816=CARTESIAN_POINT('Ctrl Pts',(98.131792,127.7928,1.6));
#9817=CARTESIAN_POINT('Ctrl Pts',(98.004615,127.845478,0.));
#9818=CARTESIAN_POINT('Ctrl Pts',(98.004615,127.845478,1.6));
#9819=CARTESIAN_POINT('Ctrl Pts',(97.910847,127.939247,0.));
#9820=CARTESIAN_POINT('Ctrl Pts',(97.910847,127.939247,1.6));
#9821=CARTESIAN_POINT('',(98.2644,127.7928,1.6));
#9822=CARTESIAN_POINT('Ctrl Pts',(98.2644,127.7928,1.6));
#9823=CARTESIAN_POINT('Ctrl Pts',(98.131792,127.7928,1.6));
#9824=CARTESIAN_POINT('Ctrl Pts',(98.004615,127.845478,1.6));
#9825=CARTESIAN_POINT('Ctrl Pts',(97.910847,127.939247,1.6));
#9826=CARTESIAN_POINT('',(98.2644,127.7928,0.));
#9827=CARTESIAN_POINT('Origin',(111.1644,127.7928,0.));
#9828=CARTESIAN_POINT('',(111.1644,127.7928,1.6));
#9829=CARTESIAN_POINT('',(111.1644,127.7928,1.6));
#9830=CARTESIAN_POINT('',(111.1644,127.7928,0.));
#9831=CARTESIAN_POINT('Ctrl Pts',(111.517953,127.939247,0.));
#9832=CARTESIAN_POINT('Ctrl Pts',(111.517953,127.939247,1.6));
#9833=CARTESIAN_POINT('Ctrl Pts',(111.424185,127.845478,0.));
#9834=CARTESIAN_POINT('Ctrl Pts',(111.424185,127.845478,1.6));
#9835=CARTESIAN_POINT('Ctrl Pts',(111.297008,127.7928,0.));
#9836=CARTESIAN_POINT('Ctrl Pts',(111.297008,127.7928,1.6));
#9837=CARTESIAN_POINT('Ctrl Pts',(111.1644,127.7928,0.));
#9838=CARTESIAN_POINT('Ctrl Pts',(111.1644,127.7928,1.6));
#9839=CARTESIAN_POINT('',(111.517953,127.939247,1.6));
#9840=CARTESIAN_POINT('Ctrl Pts',(111.517953,127.939247,1.6));
#9841=CARTESIAN_POINT('Ctrl Pts',(111.424185,127.845478,1.6));
#9842=CARTESIAN_POINT('Ctrl Pts',(111.297008,127.7928,1.6));
#9843=CARTESIAN_POINT('Ctrl Pts',(111.1644,127.7928,1.6));
#9844=CARTESIAN_POINT('',(111.517953,127.939247,0.));
#9845=CARTESIAN_POINT('Ctrl Pts',(111.6644,128.2928,0.));
#9846=CARTESIAN_POINT('Ctrl Pts',(111.6644,128.2928,1.6));
#9847=CARTESIAN_POINT('Ctrl Pts',(111.6644,128.160192,0.));
#9848=CARTESIAN_POINT('Ctrl Pts',(111.6644,128.160192,1.6));
#9849=CARTESIAN_POINT('Ctrl Pts',(111.611722,128.033015,0.));
#9850=CARTESIAN_POINT('Ctrl Pts',(111.611722,128.033015,1.6));
#9851=CARTESIAN_POINT('Ctrl Pts',(111.517953,127.939247,0.));
#9852=CARTESIAN_POINT('Ctrl Pts',(111.517953,127.939247,1.6));
#9853=CARTESIAN_POINT('',(111.6644,128.2928,1.6));
#9854=CARTESIAN_POINT('Ctrl Pts',(111.6644,128.2928,1.6));
#9855=CARTESIAN_POINT('Ctrl Pts',(111.6644,128.160192,1.6));
#9856=CARTESIAN_POINT('Ctrl Pts',(111.611722,128.033015,1.6));
#9857=CARTESIAN_POINT('Ctrl Pts',(111.517953,127.939247,1.6));
#9858=CARTESIAN_POINT('',(111.6644,128.2928,0.));
#9859=CARTESIAN_POINT('Origin',(111.6644,141.1928,0.));
#9860=CARTESIAN_POINT('',(111.6644,141.1928,1.6));
#9861=CARTESIAN_POINT('',(111.6644,141.1928,1.6));
#9862=CARTESIAN_POINT('',(111.6644,141.1928,0.));
#9863=CARTESIAN_POINT('Ctrl Pts',(111.517953,141.546353,0.));
#9864=CARTESIAN_POINT('Ctrl Pts',(111.517953,141.546353,1.6));
#9865=CARTESIAN_POINT('Ctrl Pts',(111.611722,141.452585,0.));
#9866=CARTESIAN_POINT('Ctrl Pts',(111.611722,141.452585,1.6));
#9867=CARTESIAN_POINT('Ctrl Pts',(111.6644,141.325408,0.));
#9868=CARTESIAN_POINT('Ctrl Pts',(111.6644,141.325408,1.6));
#9869=CARTESIAN_POINT('Ctrl Pts',(111.6644,141.1928,0.));
#9870=CARTESIAN_POINT('Ctrl Pts',(111.6644,141.1928,1.6));
#9871=CARTESIAN_POINT('',(111.517953,141.546353,1.6));
#9872=CARTESIAN_POINT('Ctrl Pts',(111.517953,141.546353,1.6));
#9873=CARTESIAN_POINT('Ctrl Pts',(111.611722,141.452585,1.6));
#9874=CARTESIAN_POINT('Ctrl Pts',(111.6644,141.325408,1.6));
#9875=CARTESIAN_POINT('Ctrl Pts',(111.6644,141.1928,1.6));
#9876=CARTESIAN_POINT('',(111.517953,141.546353,0.));
#9877=CARTESIAN_POINT('Ctrl Pts',(111.1644,141.6928,0.));
#9878=CARTESIAN_POINT('Ctrl Pts',(111.1644,141.6928,1.6));
#9879=CARTESIAN_POINT('Ctrl Pts',(111.297008,141.6928,0.));
#9880=CARTESIAN_POINT('Ctrl Pts',(111.297008,141.6928,1.6));
#9881=CARTESIAN_POINT('Ctrl Pts',(111.424185,141.640122,0.));
#9882=CARTESIAN_POINT('Ctrl Pts',(111.424185,141.640122,1.6));
#9883=CARTESIAN_POINT('Ctrl Pts',(111.517953,141.546353,0.));
#9884=CARTESIAN_POINT('Ctrl Pts',(111.517953,141.546353,1.6));
#9885=CARTESIAN_POINT('Ctrl Pts',(111.1644,141.6928,1.6));
#9886=CARTESIAN_POINT('Ctrl Pts',(111.297008,141.6928,1.6));
#9887=CARTESIAN_POINT('Ctrl Pts',(111.424185,141.640122,1.6));
#9888=CARTESIAN_POINT('Ctrl Pts',(111.517953,141.546353,1.6));
#9889=CARTESIAN_POINT('Origin',(80.2644,115.8478,0.));
#9890=CARTESIAN_POINT('',(93.1644,115.8478,1.6));
#9891=CARTESIAN_POINT('',(93.1644,115.8478,0.));
#9892=CARTESIAN_POINT('',(80.2644,115.8478,1.6));
#9893=CARTESIAN_POINT('',(80.2644,115.8478,1.6));
#9894=CARTESIAN_POINT('',(80.2644,115.8478,0.));
#9895=CARTESIAN_POINT('Ctrl Pts',(79.910847,115.701353,0.));
#9896=CARTESIAN_POINT('Ctrl Pts',(79.910847,115.701353,1.6));
#9897=CARTESIAN_POINT('Ctrl Pts',(80.004615,115.795122,0.));
#9898=CARTESIAN_POINT('Ctrl Pts',(80.004615,115.795122,1.6));
#9899=CARTESIAN_POINT('Ctrl Pts',(80.131792,115.8478,0.));
#9900=CARTESIAN_POINT('Ctrl Pts',(80.131792,115.8478,1.6));
#9901=CARTESIAN_POINT('Ctrl Pts',(80.2644,115.8478,0.));
#9902=CARTESIAN_POINT('Ctrl Pts',(80.2644,115.8478,1.6));
#9903=CARTESIAN_POINT('',(79.910847,115.701353,1.6));
#9904=CARTESIAN_POINT('Ctrl Pts',(79.910847,115.701353,1.6));
#9905=CARTESIAN_POINT('Ctrl Pts',(80.004615,115.795122,1.6));
#9906=CARTESIAN_POINT('Ctrl Pts',(80.131792,115.8478,1.6));
#9907=CARTESIAN_POINT('Ctrl Pts',(80.2644,115.8478,1.6));
#9908=CARTESIAN_POINT('',(79.910847,115.701353,0.));
#9909=CARTESIAN_POINT('Ctrl Pts',(79.7644,115.3478,0.));
#9910=CARTESIAN_POINT('Ctrl Pts',(79.7644,115.3478,1.6));
#9911=CARTESIAN_POINT('Ctrl Pts',(79.7644,115.480408,0.));
#9912=CARTESIAN_POINT('Ctrl Pts',(79.7644,115.480408,1.6));
#9913=CARTESIAN_POINT('Ctrl Pts',(79.817078,115.607585,0.));
#9914=CARTESIAN_POINT('Ctrl Pts',(79.817078,115.607585,1.6));
#9915=CARTESIAN_POINT('Ctrl Pts',(79.910847,115.701353,0.));
#9916=CARTESIAN_POINT('Ctrl Pts',(79.910847,115.701353,1.6));
#9917=CARTESIAN_POINT('',(79.7644,115.3478,1.6));
#9918=CARTESIAN_POINT('Ctrl Pts',(79.7644,115.3478,1.6));
#9919=CARTESIAN_POINT('Ctrl Pts',(79.7644,115.480408,1.6));
#9920=CARTESIAN_POINT('Ctrl Pts',(79.817078,115.607585,1.6));
#9921=CARTESIAN_POINT('Ctrl Pts',(79.910847,115.701353,1.6));
#9922=CARTESIAN_POINT('',(79.7644,115.3478,0.));
#9923=CARTESIAN_POINT('Origin',(79.7644,102.4478,0.));
#9924=CARTESIAN_POINT('',(79.7644,102.4478,1.6));
#9925=CARTESIAN_POINT('',(79.7644,102.4478,1.6));
#9926=CARTESIAN_POINT('',(79.7644,102.4478,0.));
#9927=CARTESIAN_POINT('Ctrl Pts',(79.910847,102.094247,0.));
#9928=CARTESIAN_POINT('Ctrl Pts',(79.910847,102.094247,1.6));
#9929=CARTESIAN_POINT('Ctrl Pts',(79.817078,102.188015,0.));
#9930=CARTESIAN_POINT('Ctrl Pts',(79.817078,102.188015,1.6));
#9931=CARTESIAN_POINT('Ctrl Pts',(79.7644,102.315192,0.));
#9932=CARTESIAN_POINT('Ctrl Pts',(79.7644,102.315192,1.6));
#9933=CARTESIAN_POINT('Ctrl Pts',(79.7644,102.4478,0.));
#9934=CARTESIAN_POINT('Ctrl Pts',(79.7644,102.4478,1.6));
#9935=CARTESIAN_POINT('',(79.910847,102.094247,1.6));
#9936=CARTESIAN_POINT('Ctrl Pts',(79.910847,102.094247,1.6));
#9937=CARTESIAN_POINT('Ctrl Pts',(79.817078,102.188015,1.6));
#9938=CARTESIAN_POINT('Ctrl Pts',(79.7644,102.315192,1.6));
#9939=CARTESIAN_POINT('Ctrl Pts',(79.7644,102.4478,1.6));
#9940=CARTESIAN_POINT('',(79.910847,102.094247,0.));
#9941=CARTESIAN_POINT('Ctrl Pts',(80.2644,101.9478,0.));
#9942=CARTESIAN_POINT('Ctrl Pts',(80.2644,101.9478,1.6));
#9943=CARTESIAN_POINT('Ctrl Pts',(80.131792,101.9478,0.));
#9944=CARTESIAN_POINT('Ctrl Pts',(80.131792,101.9478,1.6));
#9945=CARTESIAN_POINT('Ctrl Pts',(80.004615,102.000478,0.));
#9946=CARTESIAN_POINT('Ctrl Pts',(80.004615,102.000478,1.6));
#9947=CARTESIAN_POINT('Ctrl Pts',(79.910847,102.094247,0.));
#9948=CARTESIAN_POINT('Ctrl Pts',(79.910847,102.094247,1.6));
#9949=CARTESIAN_POINT('',(80.2644,101.9478,1.6));
#9950=CARTESIAN_POINT('Ctrl Pts',(80.2644,101.9478,1.6));
#9951=CARTESIAN_POINT('Ctrl Pts',(80.131792,101.9478,1.6));
#9952=CARTESIAN_POINT('Ctrl Pts',(80.004615,102.000478,1.6));
#9953=CARTESIAN_POINT('Ctrl Pts',(79.910847,102.094247,1.6));
#9954=CARTESIAN_POINT('',(80.2644,101.9478,0.));
#9955=CARTESIAN_POINT('Origin',(93.1644,101.9478,0.));
#9956=CARTESIAN_POINT('',(93.1644,101.9478,1.6));
#9957=CARTESIAN_POINT('',(93.1644,101.9478,1.6));
#9958=CARTESIAN_POINT('',(93.1644,101.9478,0.));
#9959=CARTESIAN_POINT('Ctrl Pts',(93.517953,102.094247,0.));
#9960=CARTESIAN_POINT('Ctrl Pts',(93.517953,102.094247,1.6));
#9961=CARTESIAN_POINT('Ctrl Pts',(93.424185,102.000478,0.));
#9962=CARTESIAN_POINT('Ctrl Pts',(93.424185,102.000478,1.6));
#9963=CARTESIAN_POINT('Ctrl Pts',(93.297008,101.9478,0.));
#9964=CARTESIAN_POINT('Ctrl Pts',(93.297008,101.9478,1.6));
#9965=CARTESIAN_POINT('Ctrl Pts',(93.1644,101.9478,0.));
#9966=CARTESIAN_POINT('Ctrl Pts',(93.1644,101.9478,1.6));
#9967=CARTESIAN_POINT('',(93.517953,102.094247,1.6));
#9968=CARTESIAN_POINT('Ctrl Pts',(93.517953,102.094247,1.6));
#9969=CARTESIAN_POINT('Ctrl Pts',(93.424185,102.000478,1.6));
#9970=CARTESIAN_POINT('Ctrl Pts',(93.297008,101.9478,1.6));
#9971=CARTESIAN_POINT('Ctrl Pts',(93.1644,101.9478,1.6));
#9972=CARTESIAN_POINT('',(93.517953,102.094247,0.));
#9973=CARTESIAN_POINT('Ctrl Pts',(93.6644,102.4478,0.));
#9974=CARTESIAN_POINT('Ctrl Pts',(93.6644,102.4478,1.6));
#9975=CARTESIAN_POINT('Ctrl Pts',(93.6644,102.315192,0.));
#9976=CARTESIAN_POINT('Ctrl Pts',(93.6644,102.315192,1.6));
#9977=CARTESIAN_POINT('Ctrl Pts',(93.611722,102.188015,0.));
#9978=CARTESIAN_POINT('Ctrl Pts',(93.611722,102.188015,1.6));
#9979=CARTESIAN_POINT('Ctrl Pts',(93.517953,102.094247,0.));
#9980=CARTESIAN_POINT('Ctrl Pts',(93.517953,102.094247,1.6));
#9981=CARTESIAN_POINT('',(93.6644,102.4478,1.6));
#9982=CARTESIAN_POINT('Ctrl Pts',(93.6644,102.4478,1.6));
#9983=CARTESIAN_POINT('Ctrl Pts',(93.6644,102.315192,1.6));
#9984=CARTESIAN_POINT('Ctrl Pts',(93.611722,102.188015,1.6));
#9985=CARTESIAN_POINT('Ctrl Pts',(93.517953,102.094247,1.6));
#9986=CARTESIAN_POINT('',(93.6644,102.4478,0.));
#9987=CARTESIAN_POINT('Origin',(93.6644,115.3478,0.));
#9988=CARTESIAN_POINT('',(93.6644,115.3478,1.6));
#9989=CARTESIAN_POINT('',(93.6644,115.3478,1.6));
#9990=CARTESIAN_POINT('',(93.6644,115.3478,0.));
#9991=CARTESIAN_POINT('Ctrl Pts',(93.517953,115.701353,0.));
#9992=CARTESIAN_POINT('Ctrl Pts',(93.517953,115.701353,1.6));
#9993=CARTESIAN_POINT('Ctrl Pts',(93.611722,115.607585,0.));
#9994=CARTESIAN_POINT('Ctrl Pts',(93.611722,115.607585,1.6));
#9995=CARTESIAN_POINT('Ctrl Pts',(93.6644,115.480408,0.));
#9996=CARTESIAN_POINT('Ctrl Pts',(93.6644,115.480408,1.6));
#9997=CARTESIAN_POINT('Ctrl Pts',(93.6644,115.3478,0.));
#9998=CARTESIAN_POINT('Ctrl Pts',(93.6644,115.3478,1.6));
#9999=CARTESIAN_POINT('',(93.517953,115.701353,1.6));
#10000=CARTESIAN_POINT('Ctrl Pts',(93.517953,115.701353,1.6));
#10001=CARTESIAN_POINT('Ctrl Pts',(93.611722,115.607585,1.6));
#10002=CARTESIAN_POINT('Ctrl Pts',(93.6644,115.480408,1.6));
#10003=CARTESIAN_POINT('Ctrl Pts',(93.6644,115.3478,1.6));
#10004=CARTESIAN_POINT('',(93.517953,115.701353,0.));
#10005=CARTESIAN_POINT('Ctrl Pts',(93.1644,115.8478,0.));
#10006=CARTESIAN_POINT('Ctrl Pts',(93.1644,115.8478,1.6));
#10007=CARTESIAN_POINT('Ctrl Pts',(93.297008,115.8478,0.));
#10008=CARTESIAN_POINT('Ctrl Pts',(93.297008,115.8478,1.6));
#10009=CARTESIAN_POINT('Ctrl Pts',(93.424185,115.795122,0.));
#10010=CARTESIAN_POINT('Ctrl Pts',(93.424185,115.795122,1.6));
#10011=CARTESIAN_POINT('Ctrl Pts',(93.517953,115.701353,0.));
#10012=CARTESIAN_POINT('Ctrl Pts',(93.517953,115.701353,1.6));
#10013=CARTESIAN_POINT('Ctrl Pts',(93.1644,115.8478,1.6));
#10014=CARTESIAN_POINT('Ctrl Pts',(93.297008,115.8478,1.6));
#10015=CARTESIAN_POINT('Ctrl Pts',(93.424185,115.795122,1.6));
#10016=CARTESIAN_POINT('Ctrl Pts',(93.517953,115.701353,1.6));
#10017=CARTESIAN_POINT('Origin',(62.2644,122.3478,0.));
#10018=CARTESIAN_POINT('',(75.1644,122.3478,1.6));
#10019=CARTESIAN_POINT('',(75.1644,122.3478,0.));
#10020=CARTESIAN_POINT('',(62.2644,122.3478,1.6));
#10021=CARTESIAN_POINT('',(62.2644,122.3478,1.6));
#10022=CARTESIAN_POINT('',(62.2644,122.3478,0.));
#10023=CARTESIAN_POINT('Ctrl Pts',(61.910847,122.201353,0.));
#10024=CARTESIAN_POINT('Ctrl Pts',(61.910847,122.201353,1.6));
#10025=CARTESIAN_POINT('Ctrl Pts',(62.004615,122.295122,0.));
#10026=CARTESIAN_POINT('Ctrl Pts',(62.004615,122.295122,1.6));
#10027=CARTESIAN_POINT('Ctrl Pts',(62.131792,122.3478,0.));
#10028=CARTESIAN_POINT('Ctrl Pts',(62.131792,122.3478,1.6));
#10029=CARTESIAN_POINT('Ctrl Pts',(62.2644,122.3478,0.));
#10030=CARTESIAN_POINT('Ctrl Pts',(62.2644,122.3478,1.6));
#10031=CARTESIAN_POINT('',(61.910847,122.201353,1.6));
#10032=CARTESIAN_POINT('Ctrl Pts',(61.910847,122.201353,1.6));
#10033=CARTESIAN_POINT('Ctrl Pts',(62.004615,122.295122,1.6));
#10034=CARTESIAN_POINT('Ctrl Pts',(62.131792,122.3478,1.6));
#10035=CARTESIAN_POINT('Ctrl Pts',(62.2644,122.3478,1.6));
#10036=CARTESIAN_POINT('',(61.910847,122.201353,0.));
#10037=CARTESIAN_POINT('Ctrl Pts',(61.7644,121.8478,0.));
#10038=CARTESIAN_POINT('Ctrl Pts',(61.7644,121.8478,1.6));
#10039=CARTESIAN_POINT('Ctrl Pts',(61.7644,121.980408,0.));
#10040=CARTESIAN_POINT('Ctrl Pts',(61.7644,121.980408,1.6));
#10041=CARTESIAN_POINT('Ctrl Pts',(61.817078,122.107585,0.));
#10042=CARTESIAN_POINT('Ctrl Pts',(61.817078,122.107585,1.6));
#10043=CARTESIAN_POINT('Ctrl Pts',(61.910847,122.201353,0.));
#10044=CARTESIAN_POINT('Ctrl Pts',(61.910847,122.201353,1.6));
#10045=CARTESIAN_POINT('',(61.7644,121.8478,1.6));
#10046=CARTESIAN_POINT('Ctrl Pts',(61.7644,121.8478,1.6));
#10047=CARTESIAN_POINT('Ctrl Pts',(61.7644,121.980408,1.6));
#10048=CARTESIAN_POINT('Ctrl Pts',(61.817078,122.107585,1.6));
#10049=CARTESIAN_POINT('Ctrl Pts',(61.910847,122.201353,1.6));
#10050=CARTESIAN_POINT('',(61.7644,121.8478,0.));
#10051=CARTESIAN_POINT('Origin',(61.7644,108.9478,0.));
#10052=CARTESIAN_POINT('',(61.7644,108.9478,1.6));
#10053=CARTESIAN_POINT('',(61.7644,108.9478,1.6));
#10054=CARTESIAN_POINT('',(61.7644,108.9478,0.));
#10055=CARTESIAN_POINT('Ctrl Pts',(61.910847,108.594247,0.));
#10056=CARTESIAN_POINT('Ctrl Pts',(61.910847,108.594247,1.6));
#10057=CARTESIAN_POINT('Ctrl Pts',(61.817078,108.688015,0.));
#10058=CARTESIAN_POINT('Ctrl Pts',(61.817078,108.688015,1.6));
#10059=CARTESIAN_POINT('Ctrl Pts',(61.7644,108.815192,0.));
#10060=CARTESIAN_POINT('Ctrl Pts',(61.7644,108.815192,1.6));
#10061=CARTESIAN_POINT('Ctrl Pts',(61.7644,108.9478,0.));
#10062=CARTESIAN_POINT('Ctrl Pts',(61.7644,108.9478,1.6));
#10063=CARTESIAN_POINT('',(61.910847,108.594247,1.6));
#10064=CARTESIAN_POINT('Ctrl Pts',(61.910847,108.594247,1.6));
#10065=CARTESIAN_POINT('Ctrl Pts',(61.817078,108.688015,1.6));
#10066=CARTESIAN_POINT('Ctrl Pts',(61.7644,108.815192,1.6));
#10067=CARTESIAN_POINT('Ctrl Pts',(61.7644,108.9478,1.6));
#10068=CARTESIAN_POINT('',(61.910847,108.594247,0.));
#10069=CARTESIAN_POINT('Ctrl Pts',(62.2644,108.4478,0.));
#10070=CARTESIAN_POINT('Ctrl Pts',(62.2644,108.4478,1.6));
#10071=CARTESIAN_POINT('Ctrl Pts',(62.131792,108.4478,0.));
#10072=CARTESIAN_POINT('Ctrl Pts',(62.131792,108.4478,1.6));
#10073=CARTESIAN_POINT('Ctrl Pts',(62.004615,108.500478,0.));
#10074=CARTESIAN_POINT('Ctrl Pts',(62.004615,108.500478,1.6));
#10075=CARTESIAN_POINT('Ctrl Pts',(61.910847,108.594247,0.));
#10076=CARTESIAN_POINT('Ctrl Pts',(61.910847,108.594247,1.6));
#10077=CARTESIAN_POINT('',(62.2644,108.4478,1.6));
#10078=CARTESIAN_POINT('Ctrl Pts',(62.2644,108.4478,1.6));
#10079=CARTESIAN_POINT('Ctrl Pts',(62.131792,108.4478,1.6));
#10080=CARTESIAN_POINT('Ctrl Pts',(62.004615,108.500478,1.6));
#10081=CARTESIAN_POINT('Ctrl Pts',(61.910847,108.594247,1.6));
#10082=CARTESIAN_POINT('',(62.2644,108.4478,0.));
#10083=CARTESIAN_POINT('Origin',(75.1644,108.4478,0.));
#10084=CARTESIAN_POINT('',(75.1644,108.4478,1.6));
#10085=CARTESIAN_POINT('',(75.1644,108.4478,1.6));
#10086=CARTESIAN_POINT('',(75.1644,108.4478,0.));
#10087=CARTESIAN_POINT('Ctrl Pts',(75.517953,108.594247,0.));
#10088=CARTESIAN_POINT('Ctrl Pts',(75.517953,108.594247,1.6));
#10089=CARTESIAN_POINT('Ctrl Pts',(75.424185,108.500478,0.));
#10090=CARTESIAN_POINT('Ctrl Pts',(75.424185,108.500478,1.6));
#10091=CARTESIAN_POINT('Ctrl Pts',(75.297008,108.4478,0.));
#10092=CARTESIAN_POINT('Ctrl Pts',(75.297008,108.4478,1.6));
#10093=CARTESIAN_POINT('Ctrl Pts',(75.1644,108.4478,0.));
#10094=CARTESIAN_POINT('Ctrl Pts',(75.1644,108.4478,1.6));
#10095=CARTESIAN_POINT('',(75.517953,108.594247,1.6));
#10096=CARTESIAN_POINT('Ctrl Pts',(75.517953,108.594247,1.6));
#10097=CARTESIAN_POINT('Ctrl Pts',(75.424185,108.500478,1.6));
#10098=CARTESIAN_POINT('Ctrl Pts',(75.297008,108.4478,1.6));
#10099=CARTESIAN_POINT('Ctrl Pts',(75.1644,108.4478,1.6));
#10100=CARTESIAN_POINT('',(75.517953,108.594247,0.));
#10101=CARTESIAN_POINT('Ctrl Pts',(75.6644,108.9478,0.));
#10102=CARTESIAN_POINT('Ctrl Pts',(75.6644,108.9478,1.6));
#10103=CARTESIAN_POINT('Ctrl Pts',(75.6644,108.815192,0.));
#10104=CARTESIAN_POINT('Ctrl Pts',(75.6644,108.815192,1.6));
#10105=CARTESIAN_POINT('Ctrl Pts',(75.611722,108.688015,0.));
#10106=CARTESIAN_POINT('Ctrl Pts',(75.611722,108.688015,1.6));
#10107=CARTESIAN_POINT('Ctrl Pts',(75.517953,108.594247,0.));
#10108=CARTESIAN_POINT('Ctrl Pts',(75.517953,108.594247,1.6));
#10109=CARTESIAN_POINT('',(75.6644,108.9478,1.6));
#10110=CARTESIAN_POINT('Ctrl Pts',(75.6644,108.9478,1.6));
#10111=CARTESIAN_POINT('Ctrl Pts',(75.6644,108.815192,1.6));
#10112=CARTESIAN_POINT('Ctrl Pts',(75.611722,108.688015,1.6));
#10113=CARTESIAN_POINT('Ctrl Pts',(75.517953,108.594247,1.6));
#10114=CARTESIAN_POINT('',(75.6644,108.9478,0.));
#10115=CARTESIAN_POINT('Origin',(75.6644,121.8478,0.));
#10116=CARTESIAN_POINT('',(75.6644,121.8478,1.6));
#10117=CARTESIAN_POINT('',(75.6644,121.8478,1.6));
#10118=CARTESIAN_POINT('',(75.6644,121.8478,0.));
#10119=CARTESIAN_POINT('Ctrl Pts',(75.517953,122.201353,0.));
#10120=CARTESIAN_POINT('Ctrl Pts',(75.517953,122.201353,1.6));
#10121=CARTESIAN_POINT('Ctrl Pts',(75.611722,122.107585,0.));
#10122=CARTESIAN_POINT('Ctrl Pts',(75.611722,122.107585,1.6));
#10123=CARTESIAN_POINT('Ctrl Pts',(75.6644,121.980408,0.));
#10124=CARTESIAN_POINT('Ctrl Pts',(75.6644,121.980408,1.6));
#10125=CARTESIAN_POINT('Ctrl Pts',(75.6644,121.8478,0.));
#10126=CARTESIAN_POINT('Ctrl Pts',(75.6644,121.8478,1.6));
#10127=CARTESIAN_POINT('',(75.517953,122.201353,1.6));
#10128=CARTESIAN_POINT('Ctrl Pts',(75.517953,122.201353,1.6));
#10129=CARTESIAN_POINT('Ctrl Pts',(75.611722,122.107585,1.6));
#10130=CARTESIAN_POINT('Ctrl Pts',(75.6644,121.980408,1.6));
#10131=CARTESIAN_POINT('Ctrl Pts',(75.6644,121.8478,1.6));
#10132=CARTESIAN_POINT('',(75.517953,122.201353,0.));
#10133=CARTESIAN_POINT('Ctrl Pts',(75.1644,122.3478,0.));
#10134=CARTESIAN_POINT('Ctrl Pts',(75.1644,122.3478,1.6));
#10135=CARTESIAN_POINT('Ctrl Pts',(75.297008,122.3478,0.));
#10136=CARTESIAN_POINT('Ctrl Pts',(75.297008,122.3478,1.6));
#10137=CARTESIAN_POINT('Ctrl Pts',(75.424185,122.295122,0.));
#10138=CARTESIAN_POINT('Ctrl Pts',(75.424185,122.295122,1.6));
#10139=CARTESIAN_POINT('Ctrl Pts',(75.517953,122.201353,0.));
#10140=CARTESIAN_POINT('Ctrl Pts',(75.517953,122.201353,1.6));
#10141=CARTESIAN_POINT('Ctrl Pts',(75.1644,122.3478,1.6));
#10142=CARTESIAN_POINT('Ctrl Pts',(75.297008,122.3478,1.6));
#10143=CARTESIAN_POINT('Ctrl Pts',(75.424185,122.295122,1.6));
#10144=CARTESIAN_POINT('Ctrl Pts',(75.517953,122.201353,1.6));
#10145=CARTESIAN_POINT('Origin',(119.9388,99.2466,0.));
#10146=CARTESIAN_POINT('',(131.6302,93.7949,1.6));
#10147=CARTESIAN_POINT('',(131.6302,93.7949,0.));
#10148=CARTESIAN_POINT('',(119.9388,99.2466,1.6));
#10149=CARTESIAN_POINT('',(119.9388,99.2466,1.6));
#10150=CARTESIAN_POINT('',(119.9388,99.2466,0.));
#10151=CARTESIAN_POINT('Ctrl Pts',(119.55647,99.263328,0.));
#10152=CARTESIAN_POINT('Ctrl Pts',(119.55647,99.263328,1.6));
#10153=CARTESIAN_POINT('Ctrl Pts',(119.681089,99.308674,0.));
#10154=CARTESIAN_POINT('Ctrl Pts',(119.681089,99.308674,1.6));
#10155=CARTESIAN_POINT('Ctrl Pts',(119.818618,99.302657,0.));
#10156=CARTESIAN_POINT('Ctrl Pts',(119.818618,99.302657,1.6));
#10157=CARTESIAN_POINT('Ctrl Pts',(119.9388,99.2466,0.));
#10158=CARTESIAN_POINT('Ctrl Pts',(119.9388,99.2466,1.6));
#10159=CARTESIAN_POINT('',(119.55647,99.263328,1.6));
#10160=CARTESIAN_POINT('Ctrl Pts',(119.55647,99.263328,1.6));
#10161=CARTESIAN_POINT('Ctrl Pts',(119.681089,99.308674,1.6));
#10162=CARTESIAN_POINT('Ctrl Pts',(119.818618,99.302657,1.6));
#10163=CARTESIAN_POINT('Ctrl Pts',(119.9388,99.2466,1.6));
#10164=CARTESIAN_POINT('',(119.55647,99.263328,0.));
#10165=CARTESIAN_POINT('Ctrl Pts',(119.2743,99.0048,0.));
#10166=CARTESIAN_POINT('Ctrl Pts',(119.2743,99.0048,1.6));
#10167=CARTESIAN_POINT('Ctrl Pts',(119.330351,99.124985,0.));
#10168=CARTESIAN_POINT('Ctrl Pts',(119.330351,99.124985,1.6));
#10169=CARTESIAN_POINT('Ctrl Pts',(119.431851,99.217981,0.));
#10170=CARTESIAN_POINT('Ctrl Pts',(119.431851,99.217981,1.6));
#10171=CARTESIAN_POINT('Ctrl Pts',(119.55647,99.263328,0.));
#10172=CARTESIAN_POINT('Ctrl Pts',(119.55647,99.263328,1.6));
#10173=CARTESIAN_POINT('',(119.2743,99.0048,1.6));
#10174=CARTESIAN_POINT('Ctrl Pts',(119.2743,99.0048,1.6));
#10175=CARTESIAN_POINT('Ctrl Pts',(119.330351,99.124985,1.6));
#10176=CARTESIAN_POINT('Ctrl Pts',(119.431851,99.217981,1.6));
#10177=CARTESIAN_POINT('Ctrl Pts',(119.55647,99.263328,1.6));
#10178=CARTESIAN_POINT('',(119.2743,99.0048,0.));
#10179=CARTESIAN_POINT('Origin',(113.8226,87.3134,0.));
#10180=CARTESIAN_POINT('',(113.8226,87.3134,1.6));
#10181=CARTESIAN_POINT('',(113.8226,87.3134,1.6));
#10182=CARTESIAN_POINT('',(113.8226,87.3134,0.));
#10183=CARTESIAN_POINT('Ctrl Pts',(113.805872,86.93107,0.));
#10184=CARTESIAN_POINT('Ctrl Pts',(113.805872,86.93107,1.6));
#10185=CARTESIAN_POINT('Ctrl Pts',(113.760526,87.055689,0.));
#10186=CARTESIAN_POINT('Ctrl Pts',(113.760526,87.055689,1.6));
#10187=CARTESIAN_POINT('Ctrl Pts',(113.766543,87.193218,0.));
#10188=CARTESIAN_POINT('Ctrl Pts',(113.766543,87.193218,1.6));
#10189=CARTESIAN_POINT('Ctrl Pts',(113.8226,87.3134,0.));
#10190=CARTESIAN_POINT('Ctrl Pts',(113.8226,87.3134,1.6));
#10191=CARTESIAN_POINT('',(113.805872,86.93107,1.6));
#10192=CARTESIAN_POINT('Ctrl Pts',(113.805872,86.93107,1.6));
#10193=CARTESIAN_POINT('Ctrl Pts',(113.760526,87.055689,1.6));
#10194=CARTESIAN_POINT('Ctrl Pts',(113.766543,87.193218,1.6));
#10195=CARTESIAN_POINT('Ctrl Pts',(113.8226,87.3134,1.6));
#10196=CARTESIAN_POINT('',(113.805872,86.93107,0.));
#10197=CARTESIAN_POINT('Ctrl Pts',(114.0644,86.6489,0.));
#10198=CARTESIAN_POINT('Ctrl Pts',(114.0644,86.6489,1.6));
#10199=CARTESIAN_POINT('Ctrl Pts',(113.944215,86.704951,0.));
#10200=CARTESIAN_POINT('Ctrl Pts',(113.944215,86.704951,1.6));
#10201=CARTESIAN_POINT('Ctrl Pts',(113.851219,86.806451,0.));
#10202=CARTESIAN_POINT('Ctrl Pts',(113.851219,86.806451,1.6));
#10203=CARTESIAN_POINT('Ctrl Pts',(113.805872,86.93107,0.));
#10204=CARTESIAN_POINT('Ctrl Pts',(113.805872,86.93107,1.6));
#10205=CARTESIAN_POINT('',(114.0644,86.6489,1.6));
#10206=CARTESIAN_POINT('Ctrl Pts',(114.0644,86.6489,1.6));
#10207=CARTESIAN_POINT('Ctrl Pts',(113.944215,86.704951,1.6));
#10208=CARTESIAN_POINT('Ctrl Pts',(113.851219,86.806451,1.6));
#10209=CARTESIAN_POINT('Ctrl Pts',(113.805872,86.93107,1.6));
#10210=CARTESIAN_POINT('',(114.0644,86.6489,0.));
#10211=CARTESIAN_POINT('Origin',(125.7558,81.1972,0.));
#10212=CARTESIAN_POINT('',(125.7558,81.1972,1.6));
#10213=CARTESIAN_POINT('',(125.7558,81.1972,1.6));
#10214=CARTESIAN_POINT('',(125.7558,81.1972,0.));
#10215=CARTESIAN_POINT('Ctrl Pts',(126.13813,81.180472,0.));
#10216=CARTESIAN_POINT('Ctrl Pts',(126.13813,81.180472,1.6));
#10217=CARTESIAN_POINT('Ctrl Pts',(126.013511,81.135126,0.));
#10218=CARTESIAN_POINT('Ctrl Pts',(126.013511,81.135126,1.6));
#10219=CARTESIAN_POINT('Ctrl Pts',(125.875982,81.141143,0.));
#10220=CARTESIAN_POINT('Ctrl Pts',(125.875982,81.141143,1.6));
#10221=CARTESIAN_POINT('Ctrl Pts',(125.7558,81.1972,0.));
#10222=CARTESIAN_POINT('Ctrl Pts',(125.7558,81.1972,1.6));
#10223=CARTESIAN_POINT('',(126.13813,81.180472,1.6));
#10224=CARTESIAN_POINT('Ctrl Pts',(126.13813,81.180472,1.6));
#10225=CARTESIAN_POINT('Ctrl Pts',(126.013511,81.135126,1.6));
#10226=CARTESIAN_POINT('Ctrl Pts',(125.875982,81.141143,1.6));
#10227=CARTESIAN_POINT('Ctrl Pts',(125.7558,81.1972,1.6));
#10228=CARTESIAN_POINT('',(126.13813,81.180472,0.));
#10229=CARTESIAN_POINT('Ctrl Pts',(126.4203,81.439,0.));
#10230=CARTESIAN_POINT('Ctrl Pts',(126.4203,81.439,1.6));
#10231=CARTESIAN_POINT('Ctrl Pts',(126.364249,81.318815,0.));
#10232=CARTESIAN_POINT('Ctrl Pts',(126.364249,81.318815,1.6));
#10233=CARTESIAN_POINT('Ctrl Pts',(126.262749,81.225819,0.));
#10234=CARTESIAN_POINT('Ctrl Pts',(126.262749,81.225819,1.6));
#10235=CARTESIAN_POINT('Ctrl Pts',(126.13813,81.180472,0.));
#10236=CARTESIAN_POINT('Ctrl Pts',(126.13813,81.180472,1.6));
#10237=CARTESIAN_POINT('',(126.4203,81.439,1.6));
#10238=CARTESIAN_POINT('Ctrl Pts',(126.4203,81.439,1.6));
#10239=CARTESIAN_POINT('Ctrl Pts',(126.364249,81.318815,1.6));
#10240=CARTESIAN_POINT('Ctrl Pts',(126.262749,81.225819,1.6));
#10241=CARTESIAN_POINT('Ctrl Pts',(126.13813,81.180472,1.6));
#10242=CARTESIAN_POINT('',(126.4203,81.439,0.));
#10243=CARTESIAN_POINT('Origin',(131.872,93.1304,0.));
#10244=CARTESIAN_POINT('',(131.872,93.1304,1.6));
#10245=CARTESIAN_POINT('',(131.872,93.1304,1.6));
#10246=CARTESIAN_POINT('',(131.872,93.1304,0.));
#10247=CARTESIAN_POINT('Ctrl Pts',(131.888728,93.51273,0.));
#10248=CARTESIAN_POINT('Ctrl Pts',(131.888728,93.51273,1.6));
#10249=CARTESIAN_POINT('Ctrl Pts',(131.934074,93.388111,0.));
#10250=CARTESIAN_POINT('Ctrl Pts',(131.934074,93.388111,1.6));
#10251=CARTESIAN_POINT('Ctrl Pts',(131.928057,93.250582,0.));
#10252=CARTESIAN_POINT('Ctrl Pts',(131.928057,93.250582,1.6));
#10253=CARTESIAN_POINT('Ctrl Pts',(131.872,93.1304,0.));
#10254=CARTESIAN_POINT('Ctrl Pts',(131.872,93.1304,1.6));
#10255=CARTESIAN_POINT('',(131.888728,93.51273,1.6));
#10256=CARTESIAN_POINT('Ctrl Pts',(131.888728,93.51273,1.6));
#10257=CARTESIAN_POINT('Ctrl Pts',(131.934074,93.388111,1.6));
#10258=CARTESIAN_POINT('Ctrl Pts',(131.928057,93.250582,1.6));
#10259=CARTESIAN_POINT('Ctrl Pts',(131.872,93.1304,1.6));
#10260=CARTESIAN_POINT('',(131.888728,93.51273,0.));
#10261=CARTESIAN_POINT('Ctrl Pts',(131.6302,93.7949,0.));
#10262=CARTESIAN_POINT('Ctrl Pts',(131.6302,93.7949,1.6));
#10263=CARTESIAN_POINT('Ctrl Pts',(131.750385,93.738849,0.));
#10264=CARTESIAN_POINT('Ctrl Pts',(131.750385,93.738849,1.6));
#10265=CARTESIAN_POINT('Ctrl Pts',(131.843381,93.637349,0.));
#10266=CARTESIAN_POINT('Ctrl Pts',(131.843381,93.637349,1.6));
#10267=CARTESIAN_POINT('Ctrl Pts',(131.888728,93.51273,0.));
#10268=CARTESIAN_POINT('Ctrl Pts',(131.888728,93.51273,1.6));
#10269=CARTESIAN_POINT('Ctrl Pts',(131.6302,93.7949,1.6));
#10270=CARTESIAN_POINT('Ctrl Pts',(131.750385,93.738849,1.6));
#10271=CARTESIAN_POINT('Ctrl Pts',(131.843381,93.637349,1.6));
#10272=CARTESIAN_POINT('Ctrl Pts',(131.888728,93.51273,1.6));
#10273=CARTESIAN_POINT('Origin',(44.2644,113.8478,0.));
#10274=CARTESIAN_POINT('',(57.1644,113.8478,1.6));
#10275=CARTESIAN_POINT('',(57.1644,113.8478,0.));
#10276=CARTESIAN_POINT('',(44.2644,113.8478,1.6));
#10277=CARTESIAN_POINT('',(44.2644,113.8478,1.6));
#10278=CARTESIAN_POINT('',(44.2644,113.8478,0.));
#10279=CARTESIAN_POINT('Ctrl Pts',(43.910847,113.701353,0.));
#10280=CARTESIAN_POINT('Ctrl Pts',(43.910847,113.701353,1.6));
#10281=CARTESIAN_POINT('Ctrl Pts',(44.004615,113.795122,0.));
#10282=CARTESIAN_POINT('Ctrl Pts',(44.004615,113.795122,1.6));
#10283=CARTESIAN_POINT('Ctrl Pts',(44.131792,113.8478,0.));
#10284=CARTESIAN_POINT('Ctrl Pts',(44.131792,113.8478,1.6));
#10285=CARTESIAN_POINT('Ctrl Pts',(44.2644,113.8478,0.));
#10286=CARTESIAN_POINT('Ctrl Pts',(44.2644,113.8478,1.6));
#10287=CARTESIAN_POINT('',(43.910847,113.701353,1.6));
#10288=CARTESIAN_POINT('Ctrl Pts',(43.910847,113.701353,1.6));
#10289=CARTESIAN_POINT('Ctrl Pts',(44.004615,113.795122,1.6));
#10290=CARTESIAN_POINT('Ctrl Pts',(44.131792,113.8478,1.6));
#10291=CARTESIAN_POINT('Ctrl Pts',(44.2644,113.8478,1.6));
#10292=CARTESIAN_POINT('',(43.910847,113.701353,0.));
#10293=CARTESIAN_POINT('Ctrl Pts',(43.7644,113.3478,0.));
#10294=CARTESIAN_POINT('Ctrl Pts',(43.7644,113.3478,1.6));
#10295=CARTESIAN_POINT('Ctrl Pts',(43.7644,113.480408,0.));
#10296=CARTESIAN_POINT('Ctrl Pts',(43.7644,113.480408,1.6));
#10297=CARTESIAN_POINT('Ctrl Pts',(43.817078,113.607585,0.));
#10298=CARTESIAN_POINT('Ctrl Pts',(43.817078,113.607585,1.6));
#10299=CARTESIAN_POINT('Ctrl Pts',(43.910847,113.701353,0.));
#10300=CARTESIAN_POINT('Ctrl Pts',(43.910847,113.701353,1.6));
#10301=CARTESIAN_POINT('',(43.7644,113.3478,1.6));
#10302=CARTESIAN_POINT('Ctrl Pts',(43.7644,113.3478,1.6));
#10303=CARTESIAN_POINT('Ctrl Pts',(43.7644,113.480408,1.6));
#10304=CARTESIAN_POINT('Ctrl Pts',(43.817078,113.607585,1.6));
#10305=CARTESIAN_POINT('Ctrl Pts',(43.910847,113.701353,1.6));
#10306=CARTESIAN_POINT('',(43.7644,113.3478,0.));
#10307=CARTESIAN_POINT('Origin',(43.7644,100.4478,0.));
#10308=CARTESIAN_POINT('',(43.7644,100.4478,1.6));
#10309=CARTESIAN_POINT('',(43.7644,100.4478,1.6));
#10310=CARTESIAN_POINT('',(43.7644,100.4478,0.));
#10311=CARTESIAN_POINT('Ctrl Pts',(43.910847,100.094247,0.));
#10312=CARTESIAN_POINT('Ctrl Pts',(43.910847,100.094247,1.6));
#10313=CARTESIAN_POINT('Ctrl Pts',(43.817078,100.188015,0.));
#10314=CARTESIAN_POINT('Ctrl Pts',(43.817078,100.188015,1.6));
#10315=CARTESIAN_POINT('Ctrl Pts',(43.7644,100.315192,0.));
#10316=CARTESIAN_POINT('Ctrl Pts',(43.7644,100.315192,1.6));
#10317=CARTESIAN_POINT('Ctrl Pts',(43.7644,100.4478,0.));
#10318=CARTESIAN_POINT('Ctrl Pts',(43.7644,100.4478,1.6));
#10319=CARTESIAN_POINT('',(43.910847,100.094247,1.6));
#10320=CARTESIAN_POINT('Ctrl Pts',(43.910847,100.094247,1.6));
#10321=CARTESIAN_POINT('Ctrl Pts',(43.817078,100.188015,1.6));
#10322=CARTESIAN_POINT('Ctrl Pts',(43.7644,100.315192,1.6));
#10323=CARTESIAN_POINT('Ctrl Pts',(43.7644,100.4478,1.6));
#10324=CARTESIAN_POINT('',(43.910847,100.094247,0.));
#10325=CARTESIAN_POINT('Ctrl Pts',(44.2644,99.9478,0.));
#10326=CARTESIAN_POINT('Ctrl Pts',(44.2644,99.9478,1.6));
#10327=CARTESIAN_POINT('Ctrl Pts',(44.131792,99.9478,0.));
#10328=CARTESIAN_POINT('Ctrl Pts',(44.131792,99.9478,1.6));
#10329=CARTESIAN_POINT('Ctrl Pts',(44.004615,100.000478,0.));
#10330=CARTESIAN_POINT('Ctrl Pts',(44.004615,100.000478,1.6));
#10331=CARTESIAN_POINT('Ctrl Pts',(43.910847,100.094247,0.));
#10332=CARTESIAN_POINT('Ctrl Pts',(43.910847,100.094247,1.6));
#10333=CARTESIAN_POINT('',(44.2644,99.9478,1.6));
#10334=CARTESIAN_POINT('Ctrl Pts',(44.2644,99.9478,1.6));
#10335=CARTESIAN_POINT('Ctrl Pts',(44.131792,99.9478,1.6));
#10336=CARTESIAN_POINT('Ctrl Pts',(44.004615,100.000478,1.6));
#10337=CARTESIAN_POINT('Ctrl Pts',(43.910847,100.094247,1.6));
#10338=CARTESIAN_POINT('',(44.2644,99.9478,0.));
#10339=CARTESIAN_POINT('Origin',(57.1644,99.9478,0.));
#10340=CARTESIAN_POINT('',(57.1644,99.9478,1.6));
#10341=CARTESIAN_POINT('',(57.1644,99.9478,1.6));
#10342=CARTESIAN_POINT('',(57.1644,99.9478,0.));
#10343=CARTESIAN_POINT('Ctrl Pts',(57.517953,100.094247,0.));
#10344=CARTESIAN_POINT('Ctrl Pts',(57.517953,100.094247,1.6));
#10345=CARTESIAN_POINT('Ctrl Pts',(57.424185,100.000478,0.));
#10346=CARTESIAN_POINT('Ctrl Pts',(57.424185,100.000478,1.6));
#10347=CARTESIAN_POINT('Ctrl Pts',(57.297008,99.9478,0.));
#10348=CARTESIAN_POINT('Ctrl Pts',(57.297008,99.9478,1.6));
#10349=CARTESIAN_POINT('Ctrl Pts',(57.1644,99.9478,0.));
#10350=CARTESIAN_POINT('Ctrl Pts',(57.1644,99.9478,1.6));
#10351=CARTESIAN_POINT('',(57.517953,100.094247,1.6));
#10352=CARTESIAN_POINT('Ctrl Pts',(57.517953,100.094247,1.6));
#10353=CARTESIAN_POINT('Ctrl Pts',(57.424185,100.000478,1.6));
#10354=CARTESIAN_POINT('Ctrl Pts',(57.297008,99.9478,1.6));
#10355=CARTESIAN_POINT('Ctrl Pts',(57.1644,99.9478,1.6));
#10356=CARTESIAN_POINT('',(57.517953,100.094247,0.));
#10357=CARTESIAN_POINT('Ctrl Pts',(57.6644,100.4478,0.));
#10358=CARTESIAN_POINT('Ctrl Pts',(57.6644,100.4478,1.6));
#10359=CARTESIAN_POINT('Ctrl Pts',(57.6644,100.315192,0.));
#10360=CARTESIAN_POINT('Ctrl Pts',(57.6644,100.315192,1.6));
#10361=CARTESIAN_POINT('Ctrl Pts',(57.611722,100.188015,0.));
#10362=CARTESIAN_POINT('Ctrl Pts',(57.611722,100.188015,1.6));
#10363=CARTESIAN_POINT('Ctrl Pts',(57.517953,100.094247,0.));
#10364=CARTESIAN_POINT('Ctrl Pts',(57.517953,100.094247,1.6));
#10365=CARTESIAN_POINT('',(57.6644,100.4478,1.6));
#10366=CARTESIAN_POINT('Ctrl Pts',(57.6644,100.4478,1.6));
#10367=CARTESIAN_POINT('Ctrl Pts',(57.6644,100.315192,1.6));
#10368=CARTESIAN_POINT('Ctrl Pts',(57.611722,100.188015,1.6));
#10369=CARTESIAN_POINT('Ctrl Pts',(57.517953,100.094247,1.6));
#10370=CARTESIAN_POINT('',(57.6644,100.4478,0.));
#10371=CARTESIAN_POINT('Origin',(57.6644,113.3478,0.));
#10372=CARTESIAN_POINT('',(57.6644,113.3478,1.6));
#10373=CARTESIAN_POINT('',(57.6644,113.3478,1.6));
#10374=CARTESIAN_POINT('',(57.6644,113.3478,0.));
#10375=CARTESIAN_POINT('Ctrl Pts',(57.517953,113.701353,0.));
#10376=CARTESIAN_POINT('Ctrl Pts',(57.517953,113.701353,1.6));
#10377=CARTESIAN_POINT('Ctrl Pts',(57.611722,113.607585,0.));
#10378=CARTESIAN_POINT('Ctrl Pts',(57.611722,113.607585,1.6));
#10379=CARTESIAN_POINT('Ctrl Pts',(57.6644,113.480408,0.));
#10380=CARTESIAN_POINT('Ctrl Pts',(57.6644,113.480408,1.6));
#10381=CARTESIAN_POINT('Ctrl Pts',(57.6644,113.3478,0.));
#10382=CARTESIAN_POINT('Ctrl Pts',(57.6644,113.3478,1.6));
#10383=CARTESIAN_POINT('',(57.517953,113.701353,1.6));
#10384=CARTESIAN_POINT('Ctrl Pts',(57.517953,113.701353,1.6));
#10385=CARTESIAN_POINT('Ctrl Pts',(57.611722,113.607585,1.6));
#10386=CARTESIAN_POINT('Ctrl Pts',(57.6644,113.480408,1.6));
#10387=CARTESIAN_POINT('Ctrl Pts',(57.6644,113.3478,1.6));
#10388=CARTESIAN_POINT('',(57.517953,113.701353,0.));
#10389=CARTESIAN_POINT('Ctrl Pts',(57.1644,113.8478,0.));
#10390=CARTESIAN_POINT('Ctrl Pts',(57.1644,113.8478,1.6));
#10391=CARTESIAN_POINT('Ctrl Pts',(57.297008,113.8478,0.));
#10392=CARTESIAN_POINT('Ctrl Pts',(57.297008,113.8478,1.6));
#10393=CARTESIAN_POINT('Ctrl Pts',(57.424185,113.795122,0.));
#10394=CARTESIAN_POINT('Ctrl Pts',(57.424185,113.795122,1.6));
#10395=CARTESIAN_POINT('Ctrl Pts',(57.517953,113.701353,0.));
#10396=CARTESIAN_POINT('Ctrl Pts',(57.517953,113.701353,1.6));
#10397=CARTESIAN_POINT('Ctrl Pts',(57.1644,113.8478,1.6));
#10398=CARTESIAN_POINT('Ctrl Pts',(57.297008,113.8478,1.6));
#10399=CARTESIAN_POINT('Ctrl Pts',(57.424185,113.795122,1.6));
#10400=CARTESIAN_POINT('Ctrl Pts',(57.517953,113.701353,1.6));
#10401=CARTESIAN_POINT('Origin',(122.4,104.107167852242,0.));
#10402=CARTESIAN_POINT('',(121.15,104.107167852242,1.6));
#10403=CARTESIAN_POINT('Origin',(122.4,104.107167852242,1.6));
#10404=CARTESIAN_POINT('',(121.15,104.107167852242,0.));
#10405=CARTESIAN_POINT('Origin',(44.2394,83.872767852242,0.));
#10406=CARTESIAN_POINT('',(42.9894,83.872767852242,1.6));
#10407=CARTESIAN_POINT('Origin',(44.2394,83.872767852242,1.6));
#10408=CARTESIAN_POINT('',(42.9894,83.872767852242,0.));
#10409=CARTESIAN_POINT('Origin',(71.7144,101.897767852242,0.));
#10410=CARTESIAN_POINT('',(70.4644,101.897767852242,1.6));
#10411=CARTESIAN_POINT('Origin',(71.7144,101.897767852242,1.6));
#10412=CARTESIAN_POINT('',(70.4644,101.897767852242,0.));
#10413=CARTESIAN_POINT('Origin',(113.7,146.707167852242,0.));
#10414=CARTESIAN_POINT('',(112.45,146.707167852242,1.6));
#10415=CARTESIAN_POINT('Origin',(113.7,146.707167852242,1.6));
#10416=CARTESIAN_POINT('',(112.45,146.707167852242,0.));
#10417=CARTESIAN_POINT('Origin',(26.2644,100.8478,0.));
#10418=CARTESIAN_POINT('',(39.1644,100.8478,1.6));
#10419=CARTESIAN_POINT('',(39.1644,100.8478,0.));
#10420=CARTESIAN_POINT('',(26.2644,100.8478,1.6));
#10421=CARTESIAN_POINT('',(26.2644,100.8478,1.6));
#10422=CARTESIAN_POINT('',(26.2644,100.8478,0.));
#10423=CARTESIAN_POINT('Ctrl Pts',(25.910847,100.701353,0.));
#10424=CARTESIAN_POINT('Ctrl Pts',(25.910847,100.701353,1.6));
#10425=CARTESIAN_POINT('Ctrl Pts',(26.004615,100.795122,0.));
#10426=CARTESIAN_POINT('Ctrl Pts',(26.004615,100.795122,1.6));
#10427=CARTESIAN_POINT('Ctrl Pts',(26.131792,100.8478,0.));
#10428=CARTESIAN_POINT('Ctrl Pts',(26.131792,100.8478,1.6));
#10429=CARTESIAN_POINT('Ctrl Pts',(26.2644,100.8478,0.));
#10430=CARTESIAN_POINT('Ctrl Pts',(26.2644,100.8478,1.6));
#10431=CARTESIAN_POINT('',(25.910847,100.701353,1.6));
#10432=CARTESIAN_POINT('Ctrl Pts',(25.910847,100.701353,1.6));
#10433=CARTESIAN_POINT('Ctrl Pts',(26.004615,100.795122,1.6));
#10434=CARTESIAN_POINT('Ctrl Pts',(26.131792,100.8478,1.6));
#10435=CARTESIAN_POINT('Ctrl Pts',(26.2644,100.8478,1.6));
#10436=CARTESIAN_POINT('',(25.910847,100.701353,0.));
#10437=CARTESIAN_POINT('Ctrl Pts',(25.7644,100.3478,0.));
#10438=CARTESIAN_POINT('Ctrl Pts',(25.7644,100.3478,1.6));
#10439=CARTESIAN_POINT('Ctrl Pts',(25.7644,100.480408,0.));
#10440=CARTESIAN_POINT('Ctrl Pts',(25.7644,100.480408,1.6));
#10441=CARTESIAN_POINT('Ctrl Pts',(25.817078,100.607585,0.));
#10442=CARTESIAN_POINT('Ctrl Pts',(25.817078,100.607585,1.6));
#10443=CARTESIAN_POINT('Ctrl Pts',(25.910847,100.701353,0.));
#10444=CARTESIAN_POINT('Ctrl Pts',(25.910847,100.701353,1.6));
#10445=CARTESIAN_POINT('',(25.7644,100.3478,1.6));
#10446=CARTESIAN_POINT('Ctrl Pts',(25.7644,100.3478,1.6));
#10447=CARTESIAN_POINT('Ctrl Pts',(25.7644,100.480408,1.6));
#10448=CARTESIAN_POINT('Ctrl Pts',(25.817078,100.607585,1.6));
#10449=CARTESIAN_POINT('Ctrl Pts',(25.910847,100.701353,1.6));
#10450=CARTESIAN_POINT('',(25.7644,100.3478,0.));
#10451=CARTESIAN_POINT('Origin',(25.7644,87.4478,0.));
#10452=CARTESIAN_POINT('',(25.7644,87.4478,1.6));
#10453=CARTESIAN_POINT('',(25.7644,87.4478,1.6));
#10454=CARTESIAN_POINT('',(25.7644,87.4478,0.));
#10455=CARTESIAN_POINT('Ctrl Pts',(25.910847,87.094247,0.));
#10456=CARTESIAN_POINT('Ctrl Pts',(25.910847,87.094247,1.6));
#10457=CARTESIAN_POINT('Ctrl Pts',(25.817078,87.188015,0.));
#10458=CARTESIAN_POINT('Ctrl Pts',(25.817078,87.188015,1.6));
#10459=CARTESIAN_POINT('Ctrl Pts',(25.7644,87.315192,0.));
#10460=CARTESIAN_POINT('Ctrl Pts',(25.7644,87.315192,1.6));
#10461=CARTESIAN_POINT('Ctrl Pts',(25.7644,87.4478,0.));
#10462=CARTESIAN_POINT('Ctrl Pts',(25.7644,87.4478,1.6));
#10463=CARTESIAN_POINT('',(25.910847,87.094247,1.6));
#10464=CARTESIAN_POINT('Ctrl Pts',(25.910847,87.094247,1.6));
#10465=CARTESIAN_POINT('Ctrl Pts',(25.817078,87.188015,1.6));
#10466=CARTESIAN_POINT('Ctrl Pts',(25.7644,87.315192,1.6));
#10467=CARTESIAN_POINT('Ctrl Pts',(25.7644,87.4478,1.6));
#10468=CARTESIAN_POINT('',(25.910847,87.094247,0.));
#10469=CARTESIAN_POINT('Ctrl Pts',(26.2644,86.9478,0.));
#10470=CARTESIAN_POINT('Ctrl Pts',(26.2644,86.9478,1.6));
#10471=CARTESIAN_POINT('Ctrl Pts',(26.131792,86.9478,0.));
#10472=CARTESIAN_POINT('Ctrl Pts',(26.131792,86.9478,1.6));
#10473=CARTESIAN_POINT('Ctrl Pts',(26.004615,87.000478,0.));
#10474=CARTESIAN_POINT('Ctrl Pts',(26.004615,87.000478,1.6));
#10475=CARTESIAN_POINT('Ctrl Pts',(25.910847,87.094247,0.));
#10476=CARTESIAN_POINT('Ctrl Pts',(25.910847,87.094247,1.6));
#10477=CARTESIAN_POINT('',(26.2644,86.9478,1.6));
#10478=CARTESIAN_POINT('Ctrl Pts',(26.2644,86.9478,1.6));
#10479=CARTESIAN_POINT('Ctrl Pts',(26.131792,86.9478,1.6));
#10480=CARTESIAN_POINT('Ctrl Pts',(26.004615,87.000478,1.6));
#10481=CARTESIAN_POINT('Ctrl Pts',(25.910847,87.094247,1.6));
#10482=CARTESIAN_POINT('',(26.2644,86.9478,0.));
#10483=CARTESIAN_POINT('Origin',(39.1644,86.9478,0.));
#10484=CARTESIAN_POINT('',(39.1644,86.9478,1.6));
#10485=CARTESIAN_POINT('',(39.1644,86.9478,1.6));
#10486=CARTESIAN_POINT('',(39.1644,86.9478,0.));
#10487=CARTESIAN_POINT('Ctrl Pts',(39.517953,87.094247,0.));
#10488=CARTESIAN_POINT('Ctrl Pts',(39.517953,87.094247,1.6));
#10489=CARTESIAN_POINT('Ctrl Pts',(39.424185,87.000478,0.));
#10490=CARTESIAN_POINT('Ctrl Pts',(39.424185,87.000478,1.6));
#10491=CARTESIAN_POINT('Ctrl Pts',(39.297008,86.9478,0.));
#10492=CARTESIAN_POINT('Ctrl Pts',(39.297008,86.9478,1.6));
#10493=CARTESIAN_POINT('Ctrl Pts',(39.1644,86.9478,0.));
#10494=CARTESIAN_POINT('Ctrl Pts',(39.1644,86.9478,1.6));
#10495=CARTESIAN_POINT('',(39.517953,87.094247,1.6));
#10496=CARTESIAN_POINT('Ctrl Pts',(39.517953,87.094247,1.6));
#10497=CARTESIAN_POINT('Ctrl Pts',(39.424185,87.000478,1.6));
#10498=CARTESIAN_POINT('Ctrl Pts',(39.297008,86.9478,1.6));
#10499=CARTESIAN_POINT('Ctrl Pts',(39.1644,86.9478,1.6));
#10500=CARTESIAN_POINT('',(39.517953,87.094247,0.));
#10501=CARTESIAN_POINT('Ctrl Pts',(39.6644,87.4478,0.));
#10502=CARTESIAN_POINT('Ctrl Pts',(39.6644,87.4478,1.6));
#10503=CARTESIAN_POINT('Ctrl Pts',(39.6644,87.315192,0.));
#10504=CARTESIAN_POINT('Ctrl Pts',(39.6644,87.315192,1.6));
#10505=CARTESIAN_POINT('Ctrl Pts',(39.611722,87.188015,0.));
#10506=CARTESIAN_POINT('Ctrl Pts',(39.611722,87.188015,1.6));
#10507=CARTESIAN_POINT('Ctrl Pts',(39.517953,87.094247,0.));
#10508=CARTESIAN_POINT('Ctrl Pts',(39.517953,87.094247,1.6));
#10509=CARTESIAN_POINT('',(39.6644,87.4478,1.6));
#10510=CARTESIAN_POINT('Ctrl Pts',(39.6644,87.4478,1.6));
#10511=CARTESIAN_POINT('Ctrl Pts',(39.6644,87.315192,1.6));
#10512=CARTESIAN_POINT('Ctrl Pts',(39.611722,87.188015,1.6));
#10513=CARTESIAN_POINT('Ctrl Pts',(39.517953,87.094247,1.6));
#10514=CARTESIAN_POINT('',(39.6644,87.4478,0.));
#10515=CARTESIAN_POINT('Origin',(39.6644,100.3478,0.));
#10516=CARTESIAN_POINT('',(39.6644,100.3478,1.6));
#10517=CARTESIAN_POINT('',(39.6644,100.3478,1.6));
#10518=CARTESIAN_POINT('',(39.6644,100.3478,0.));
#10519=CARTESIAN_POINT('Ctrl Pts',(39.517953,100.701353,0.));
#10520=CARTESIAN_POINT('Ctrl Pts',(39.517953,100.701353,1.6));
#10521=CARTESIAN_POINT('Ctrl Pts',(39.611722,100.607585,0.));
#10522=CARTESIAN_POINT('Ctrl Pts',(39.611722,100.607585,1.6));
#10523=CARTESIAN_POINT('Ctrl Pts',(39.6644,100.480408,0.));
#10524=CARTESIAN_POINT('Ctrl Pts',(39.6644,100.480408,1.6));
#10525=CARTESIAN_POINT('Ctrl Pts',(39.6644,100.3478,0.));
#10526=CARTESIAN_POINT('Ctrl Pts',(39.6644,100.3478,1.6));
#10527=CARTESIAN_POINT('',(39.517953,100.701353,1.6));
#10528=CARTESIAN_POINT('Ctrl Pts',(39.517953,100.701353,1.6));
#10529=CARTESIAN_POINT('Ctrl Pts',(39.611722,100.607585,1.6));
#10530=CARTESIAN_POINT('Ctrl Pts',(39.6644,100.480408,1.6));
#10531=CARTESIAN_POINT('Ctrl Pts',(39.6644,100.3478,1.6));
#10532=CARTESIAN_POINT('',(39.517953,100.701353,0.));
#10533=CARTESIAN_POINT('Ctrl Pts',(39.1644,100.8478,0.));
#10534=CARTESIAN_POINT('Ctrl Pts',(39.1644,100.8478,1.6));
#10535=CARTESIAN_POINT('Ctrl Pts',(39.297008,100.8478,0.));
#10536=CARTESIAN_POINT('Ctrl Pts',(39.297008,100.8478,1.6));
#10537=CARTESIAN_POINT('Ctrl Pts',(39.424185,100.795122,0.));
#10538=CARTESIAN_POINT('Ctrl Pts',(39.424185,100.795122,1.6));
#10539=CARTESIAN_POINT('Ctrl Pts',(39.517953,100.701353,0.));
#10540=CARTESIAN_POINT('Ctrl Pts',(39.517953,100.701353,1.6));
#10541=CARTESIAN_POINT('Ctrl Pts',(39.1644,100.8478,1.6));
#10542=CARTESIAN_POINT('Ctrl Pts',(39.297008,100.8478,1.6));
#10543=CARTESIAN_POINT('Ctrl Pts',(39.424185,100.795122,1.6));
#10544=CARTESIAN_POINT('Ctrl Pts',(39.517953,100.701353,1.6));
#10545=CARTESIAN_POINT('Origin',(98.2644,107.6928,0.));
#10546=CARTESIAN_POINT('',(111.1644,107.6928,1.6));
#10547=CARTESIAN_POINT('',(111.1644,107.6928,0.));
#10548=CARTESIAN_POINT('',(98.2644,107.6928,1.6));
#10549=CARTESIAN_POINT('',(98.2644,107.6928,1.6));
#10550=CARTESIAN_POINT('',(98.2644,107.6928,0.));
#10551=CARTESIAN_POINT('Ctrl Pts',(97.910847,107.546353,0.));
#10552=CARTESIAN_POINT('Ctrl Pts',(97.910847,107.546353,1.6));
#10553=CARTESIAN_POINT('Ctrl Pts',(98.004615,107.640122,0.));
#10554=CARTESIAN_POINT('Ctrl Pts',(98.004615,107.640122,1.6));
#10555=CARTESIAN_POINT('Ctrl Pts',(98.131792,107.6928,0.));
#10556=CARTESIAN_POINT('Ctrl Pts',(98.131792,107.6928,1.6));
#10557=CARTESIAN_POINT('Ctrl Pts',(98.2644,107.6928,0.));
#10558=CARTESIAN_POINT('Ctrl Pts',(98.2644,107.6928,1.6));
#10559=CARTESIAN_POINT('',(97.910847,107.546353,1.6));
#10560=CARTESIAN_POINT('Ctrl Pts',(97.910847,107.546353,1.6));
#10561=CARTESIAN_POINT('Ctrl Pts',(98.004615,107.640122,1.6));
#10562=CARTESIAN_POINT('Ctrl Pts',(98.131792,107.6928,1.6));
#10563=CARTESIAN_POINT('Ctrl Pts',(98.2644,107.6928,1.6));
#10564=CARTESIAN_POINT('',(97.910847,107.546353,0.));
#10565=CARTESIAN_POINT('Ctrl Pts',(97.7644,107.1928,0.));
#10566=CARTESIAN_POINT('Ctrl Pts',(97.7644,107.1928,1.6));
#10567=CARTESIAN_POINT('Ctrl Pts',(97.7644,107.325408,0.));
#10568=CARTESIAN_POINT('Ctrl Pts',(97.7644,107.325408,1.6));
#10569=CARTESIAN_POINT('Ctrl Pts',(97.817078,107.452585,0.));
#10570=CARTESIAN_POINT('Ctrl Pts',(97.817078,107.452585,1.6));
#10571=CARTESIAN_POINT('Ctrl Pts',(97.910847,107.546353,0.));
#10572=CARTESIAN_POINT('Ctrl Pts',(97.910847,107.546353,1.6));
#10573=CARTESIAN_POINT('',(97.7644,107.1928,1.6));
#10574=CARTESIAN_POINT('Ctrl Pts',(97.7644,107.1928,1.6));
#10575=CARTESIAN_POINT('Ctrl Pts',(97.7644,107.325408,1.6));
#10576=CARTESIAN_POINT('Ctrl Pts',(97.817078,107.452585,1.6));
#10577=CARTESIAN_POINT('Ctrl Pts',(97.910847,107.546353,1.6));
#10578=CARTESIAN_POINT('',(97.7644,107.1928,0.));
#10579=CARTESIAN_POINT('Origin',(97.7644,94.2928,0.));
#10580=CARTESIAN_POINT('',(97.7644,94.2928,1.6));
#10581=CARTESIAN_POINT('',(97.7644,94.2928,1.6));
#10582=CARTESIAN_POINT('',(97.7644,94.2928,0.));
#10583=CARTESIAN_POINT('Ctrl Pts',(97.910847,93.939247,0.));
#10584=CARTESIAN_POINT('Ctrl Pts',(97.910847,93.939247,1.6));
#10585=CARTESIAN_POINT('Ctrl Pts',(97.817078,94.033015,0.));
#10586=CARTESIAN_POINT('Ctrl Pts',(97.817078,94.033015,1.6));
#10587=CARTESIAN_POINT('Ctrl Pts',(97.7644,94.160192,0.));
#10588=CARTESIAN_POINT('Ctrl Pts',(97.7644,94.160192,1.6));
#10589=CARTESIAN_POINT('Ctrl Pts',(97.7644,94.2928,0.));
#10590=CARTESIAN_POINT('Ctrl Pts',(97.7644,94.2928,1.6));
#10591=CARTESIAN_POINT('',(97.910847,93.939247,1.6));
#10592=CARTESIAN_POINT('Ctrl Pts',(97.910847,93.939247,1.6));
#10593=CARTESIAN_POINT('Ctrl Pts',(97.817078,94.033015,1.6));
#10594=CARTESIAN_POINT('Ctrl Pts',(97.7644,94.160192,1.6));
#10595=CARTESIAN_POINT('Ctrl Pts',(97.7644,94.2928,1.6));
#10596=CARTESIAN_POINT('',(97.910847,93.939247,0.));
#10597=CARTESIAN_POINT('Ctrl Pts',(98.2644,93.7928,0.));
#10598=CARTESIAN_POINT('Ctrl Pts',(98.2644,93.7928,1.6));
#10599=CARTESIAN_POINT('Ctrl Pts',(98.131792,93.7928,0.));
#10600=CARTESIAN_POINT('Ctrl Pts',(98.131792,93.7928,1.6));
#10601=CARTESIAN_POINT('Ctrl Pts',(98.004615,93.845478,0.));
#10602=CARTESIAN_POINT('Ctrl Pts',(98.004615,93.845478,1.6));
#10603=CARTESIAN_POINT('Ctrl Pts',(97.910847,93.939247,0.));
#10604=CARTESIAN_POINT('Ctrl Pts',(97.910847,93.939247,1.6));
#10605=CARTESIAN_POINT('',(98.2644,93.7928,1.6));
#10606=CARTESIAN_POINT('Ctrl Pts',(98.2644,93.7928,1.6));
#10607=CARTESIAN_POINT('Ctrl Pts',(98.131792,93.7928,1.6));
#10608=CARTESIAN_POINT('Ctrl Pts',(98.004615,93.845478,1.6));
#10609=CARTESIAN_POINT('Ctrl Pts',(97.910847,93.939247,1.6));
#10610=CARTESIAN_POINT('',(98.2644,93.7928,0.));
#10611=CARTESIAN_POINT('Origin',(111.1644,93.7928,0.));
#10612=CARTESIAN_POINT('',(111.1644,93.7928,1.6));
#10613=CARTESIAN_POINT('',(111.1644,93.7928,1.6));
#10614=CARTESIAN_POINT('',(111.1644,93.7928,0.));
#10615=CARTESIAN_POINT('Ctrl Pts',(111.517953,93.939247,0.));
#10616=CARTESIAN_POINT('Ctrl Pts',(111.517953,93.939247,1.6));
#10617=CARTESIAN_POINT('Ctrl Pts',(111.424185,93.845478,0.));
#10618=CARTESIAN_POINT('Ctrl Pts',(111.424185,93.845478,1.6));
#10619=CARTESIAN_POINT('Ctrl Pts',(111.297008,93.7928,0.));
#10620=CARTESIAN_POINT('Ctrl Pts',(111.297008,93.7928,1.6));
#10621=CARTESIAN_POINT('Ctrl Pts',(111.1644,93.7928,0.));
#10622=CARTESIAN_POINT('Ctrl Pts',(111.1644,93.7928,1.6));
#10623=CARTESIAN_POINT('',(111.517953,93.939247,1.6));
#10624=CARTESIAN_POINT('Ctrl Pts',(111.517953,93.939247,1.6));
#10625=CARTESIAN_POINT('Ctrl Pts',(111.424185,93.845478,1.6));
#10626=CARTESIAN_POINT('Ctrl Pts',(111.297008,93.7928,1.6));
#10627=CARTESIAN_POINT('Ctrl Pts',(111.1644,93.7928,1.6));
#10628=CARTESIAN_POINT('',(111.517953,93.939247,0.));
#10629=CARTESIAN_POINT('Ctrl Pts',(111.6644,94.2928,0.));
#10630=CARTESIAN_POINT('Ctrl Pts',(111.6644,94.2928,1.6));
#10631=CARTESIAN_POINT('Ctrl Pts',(111.6644,94.160192,0.));
#10632=CARTESIAN_POINT('Ctrl Pts',(111.6644,94.160192,1.6));
#10633=CARTESIAN_POINT('Ctrl Pts',(111.611722,94.033015,0.));
#10634=CARTESIAN_POINT('Ctrl Pts',(111.611722,94.033015,1.6));
#10635=CARTESIAN_POINT('Ctrl Pts',(111.517953,93.939247,0.));
#10636=CARTESIAN_POINT('Ctrl Pts',(111.517953,93.939247,1.6));
#10637=CARTESIAN_POINT('',(111.6644,94.2928,1.6));
#10638=CARTESIAN_POINT('Ctrl Pts',(111.6644,94.2928,1.6));
#10639=CARTESIAN_POINT('Ctrl Pts',(111.6644,94.160192,1.6));
#10640=CARTESIAN_POINT('Ctrl Pts',(111.611722,94.033015,1.6));
#10641=CARTESIAN_POINT('Ctrl Pts',(111.517953,93.939247,1.6));
#10642=CARTESIAN_POINT('',(111.6644,94.2928,0.));
#10643=CARTESIAN_POINT('Origin',(111.6644,107.1928,0.));
#10644=CARTESIAN_POINT('',(111.6644,107.1928,1.6));
#10645=CARTESIAN_POINT('',(111.6644,107.1928,1.6));
#10646=CARTESIAN_POINT('',(111.6644,107.1928,0.));
#10647=CARTESIAN_POINT('Ctrl Pts',(111.517953,107.546353,0.));
#10648=CARTESIAN_POINT('Ctrl Pts',(111.517953,107.546353,1.6));
#10649=CARTESIAN_POINT('Ctrl Pts',(111.611722,107.452585,0.));
#10650=CARTESIAN_POINT('Ctrl Pts',(111.611722,107.452585,1.6));
#10651=CARTESIAN_POINT('Ctrl Pts',(111.6644,107.325408,0.));
#10652=CARTESIAN_POINT('Ctrl Pts',(111.6644,107.325408,1.6));
#10653=CARTESIAN_POINT('Ctrl Pts',(111.6644,107.1928,0.));
#10654=CARTESIAN_POINT('Ctrl Pts',(111.6644,107.1928,1.6));
#10655=CARTESIAN_POINT('',(111.517953,107.546353,1.6));
#10656=CARTESIAN_POINT('Ctrl Pts',(111.517953,107.546353,1.6));
#10657=CARTESIAN_POINT('Ctrl Pts',(111.611722,107.452585,1.6));
#10658=CARTESIAN_POINT('Ctrl Pts',(111.6644,107.325408,1.6));
#10659=CARTESIAN_POINT('Ctrl Pts',(111.6644,107.1928,1.6));
#10660=CARTESIAN_POINT('',(111.517953,107.546353,0.));
#10661=CARTESIAN_POINT('Ctrl Pts',(111.1644,107.6928,0.));
#10662=CARTESIAN_POINT('Ctrl Pts',(111.1644,107.6928,1.6));
#10663=CARTESIAN_POINT('Ctrl Pts',(111.297008,107.6928,0.));
#10664=CARTESIAN_POINT('Ctrl Pts',(111.297008,107.6928,1.6));
#10665=CARTESIAN_POINT('Ctrl Pts',(111.424185,107.640122,0.));
#10666=CARTESIAN_POINT('Ctrl Pts',(111.424185,107.640122,1.6));
#10667=CARTESIAN_POINT('Ctrl Pts',(111.517953,107.546353,0.));
#10668=CARTESIAN_POINT('Ctrl Pts',(111.517953,107.546353,1.6));
#10669=CARTESIAN_POINT('Ctrl Pts',(111.1644,107.6928,1.6));
#10670=CARTESIAN_POINT('Ctrl Pts',(111.297008,107.6928,1.6));
#10671=CARTESIAN_POINT('Ctrl Pts',(111.424185,107.640122,1.6));
#10672=CARTESIAN_POINT('Ctrl Pts',(111.517953,107.546353,1.6));
#10673=CARTESIAN_POINT('Origin',(98.2644,124.6928,0.));
#10674=CARTESIAN_POINT('',(111.1644,124.6928,1.6));
#10675=CARTESIAN_POINT('',(111.1644,124.6928,0.));
#10676=CARTESIAN_POINT('',(98.2644,124.6928,1.6));
#10677=CARTESIAN_POINT('',(98.2644,124.6928,1.6));
#10678=CARTESIAN_POINT('',(98.2644,124.6928,0.));
#10679=CARTESIAN_POINT('Ctrl Pts',(97.910847,124.546353,0.));
#10680=CARTESIAN_POINT('Ctrl Pts',(97.910847,124.546353,1.6));
#10681=CARTESIAN_POINT('Ctrl Pts',(98.004615,124.640122,0.));
#10682=CARTESIAN_POINT('Ctrl Pts',(98.004615,124.640122,1.6));
#10683=CARTESIAN_POINT('Ctrl Pts',(98.131792,124.6928,0.));
#10684=CARTESIAN_POINT('Ctrl Pts',(98.131792,124.6928,1.6));
#10685=CARTESIAN_POINT('Ctrl Pts',(98.2644,124.6928,0.));
#10686=CARTESIAN_POINT('Ctrl Pts',(98.2644,124.6928,1.6));
#10687=CARTESIAN_POINT('',(97.910847,124.546353,1.6));
#10688=CARTESIAN_POINT('Ctrl Pts',(97.910847,124.546353,1.6));
#10689=CARTESIAN_POINT('Ctrl Pts',(98.004615,124.640122,1.6));
#10690=CARTESIAN_POINT('Ctrl Pts',(98.131792,124.6928,1.6));
#10691=CARTESIAN_POINT('Ctrl Pts',(98.2644,124.6928,1.6));
#10692=CARTESIAN_POINT('',(97.910847,124.546353,0.));
#10693=CARTESIAN_POINT('Ctrl Pts',(97.7644,124.1928,0.));
#10694=CARTESIAN_POINT('Ctrl Pts',(97.7644,124.1928,1.6));
#10695=CARTESIAN_POINT('Ctrl Pts',(97.7644,124.325408,0.));
#10696=CARTESIAN_POINT('Ctrl Pts',(97.7644,124.325408,1.6));
#10697=CARTESIAN_POINT('Ctrl Pts',(97.817078,124.452585,0.));
#10698=CARTESIAN_POINT('Ctrl Pts',(97.817078,124.452585,1.6));
#10699=CARTESIAN_POINT('Ctrl Pts',(97.910847,124.546353,0.));
#10700=CARTESIAN_POINT('Ctrl Pts',(97.910847,124.546353,1.6));
#10701=CARTESIAN_POINT('',(97.7644,124.1928,1.6));
#10702=CARTESIAN_POINT('Ctrl Pts',(97.7644,124.1928,1.6));
#10703=CARTESIAN_POINT('Ctrl Pts',(97.7644,124.325408,1.6));
#10704=CARTESIAN_POINT('Ctrl Pts',(97.817078,124.452585,1.6));
#10705=CARTESIAN_POINT('Ctrl Pts',(97.910847,124.546353,1.6));
#10706=CARTESIAN_POINT('',(97.7644,124.1928,0.));
#10707=CARTESIAN_POINT('Origin',(97.7644,111.2928,0.));
#10708=CARTESIAN_POINT('',(97.7644,111.2928,1.6));
#10709=CARTESIAN_POINT('',(97.7644,111.2928,1.6));
#10710=CARTESIAN_POINT('',(97.7644,111.2928,0.));
#10711=CARTESIAN_POINT('Ctrl Pts',(97.910847,110.939247,0.));
#10712=CARTESIAN_POINT('Ctrl Pts',(97.910847,110.939247,1.6));
#10713=CARTESIAN_POINT('Ctrl Pts',(97.817078,111.033015,0.));
#10714=CARTESIAN_POINT('Ctrl Pts',(97.817078,111.033015,1.6));
#10715=CARTESIAN_POINT('Ctrl Pts',(97.7644,111.160192,0.));
#10716=CARTESIAN_POINT('Ctrl Pts',(97.7644,111.160192,1.6));
#10717=CARTESIAN_POINT('Ctrl Pts',(97.7644,111.2928,0.));
#10718=CARTESIAN_POINT('Ctrl Pts',(97.7644,111.2928,1.6));
#10719=CARTESIAN_POINT('',(97.910847,110.939247,1.6));
#10720=CARTESIAN_POINT('Ctrl Pts',(97.910847,110.939247,1.6));
#10721=CARTESIAN_POINT('Ctrl Pts',(97.817078,111.033015,1.6));
#10722=CARTESIAN_POINT('Ctrl Pts',(97.7644,111.160192,1.6));
#10723=CARTESIAN_POINT('Ctrl Pts',(97.7644,111.2928,1.6));
#10724=CARTESIAN_POINT('',(97.910847,110.939247,0.));
#10725=CARTESIAN_POINT('Ctrl Pts',(98.2644,110.7928,0.));
#10726=CARTESIAN_POINT('Ctrl Pts',(98.2644,110.7928,1.6));
#10727=CARTESIAN_POINT('Ctrl Pts',(98.131792,110.7928,0.));
#10728=CARTESIAN_POINT('Ctrl Pts',(98.131792,110.7928,1.6));
#10729=CARTESIAN_POINT('Ctrl Pts',(98.004615,110.845478,0.));
#10730=CARTESIAN_POINT('Ctrl Pts',(98.004615,110.845478,1.6));
#10731=CARTESIAN_POINT('Ctrl Pts',(97.910847,110.939247,0.));
#10732=CARTESIAN_POINT('Ctrl Pts',(97.910847,110.939247,1.6));
#10733=CARTESIAN_POINT('',(98.2644,110.7928,1.6));
#10734=CARTESIAN_POINT('Ctrl Pts',(98.2644,110.7928,1.6));
#10735=CARTESIAN_POINT('Ctrl Pts',(98.131792,110.7928,1.6));
#10736=CARTESIAN_POINT('Ctrl Pts',(98.004615,110.845478,1.6));
#10737=CARTESIAN_POINT('Ctrl Pts',(97.910847,110.939247,1.6));
#10738=CARTESIAN_POINT('',(98.2644,110.7928,0.));
#10739=CARTESIAN_POINT('Origin',(111.1644,110.7928,0.));
#10740=CARTESIAN_POINT('',(111.1644,110.7928,1.6));
#10741=CARTESIAN_POINT('',(111.1644,110.7928,1.6));
#10742=CARTESIAN_POINT('',(111.1644,110.7928,0.));
#10743=CARTESIAN_POINT('Ctrl Pts',(111.517953,110.939247,0.));
#10744=CARTESIAN_POINT('Ctrl Pts',(111.517953,110.939247,1.6));
#10745=CARTESIAN_POINT('Ctrl Pts',(111.424185,110.845478,0.));
#10746=CARTESIAN_POINT('Ctrl Pts',(111.424185,110.845478,1.6));
#10747=CARTESIAN_POINT('Ctrl Pts',(111.297008,110.7928,0.));
#10748=CARTESIAN_POINT('Ctrl Pts',(111.297008,110.7928,1.6));
#10749=CARTESIAN_POINT('Ctrl Pts',(111.1644,110.7928,0.));
#10750=CARTESIAN_POINT('Ctrl Pts',(111.1644,110.7928,1.6));
#10751=CARTESIAN_POINT('',(111.517953,110.939247,1.6));
#10752=CARTESIAN_POINT('Ctrl Pts',(111.517953,110.939247,1.6));
#10753=CARTESIAN_POINT('Ctrl Pts',(111.424185,110.845478,1.6));
#10754=CARTESIAN_POINT('Ctrl Pts',(111.297008,110.7928,1.6));
#10755=CARTESIAN_POINT('Ctrl Pts',(111.1644,110.7928,1.6));
#10756=CARTESIAN_POINT('',(111.517953,110.939247,0.));
#10757=CARTESIAN_POINT('Ctrl Pts',(111.6644,111.2928,0.));
#10758=CARTESIAN_POINT('Ctrl Pts',(111.6644,111.2928,1.6));
#10759=CARTESIAN_POINT('Ctrl Pts',(111.6644,111.160192,0.));
#10760=CARTESIAN_POINT('Ctrl Pts',(111.6644,111.160192,1.6));
#10761=CARTESIAN_POINT('Ctrl Pts',(111.611722,111.033015,0.));
#10762=CARTESIAN_POINT('Ctrl Pts',(111.611722,111.033015,1.6));
#10763=CARTESIAN_POINT('Ctrl Pts',(111.517953,110.939247,0.));
#10764=CARTESIAN_POINT('Ctrl Pts',(111.517953,110.939247,1.6));
#10765=CARTESIAN_POINT('',(111.6644,111.2928,1.6));
#10766=CARTESIAN_POINT('Ctrl Pts',(111.6644,111.2928,1.6));
#10767=CARTESIAN_POINT('Ctrl Pts',(111.6644,111.160192,1.6));
#10768=CARTESIAN_POINT('Ctrl Pts',(111.611722,111.033015,1.6));
#10769=CARTESIAN_POINT('Ctrl Pts',(111.517953,110.939247,1.6));
#10770=CARTESIAN_POINT('',(111.6644,111.2928,0.));
#10771=CARTESIAN_POINT('Origin',(111.6644,124.1928,0.));
#10772=CARTESIAN_POINT('',(111.6644,124.1928,1.6));
#10773=CARTESIAN_POINT('',(111.6644,124.1928,1.6));
#10774=CARTESIAN_POINT('',(111.6644,124.1928,0.));
#10775=CARTESIAN_POINT('Ctrl Pts',(111.517953,124.546353,0.));
#10776=CARTESIAN_POINT('Ctrl Pts',(111.517953,124.546353,1.6));
#10777=CARTESIAN_POINT('Ctrl Pts',(111.611722,124.452585,0.));
#10778=CARTESIAN_POINT('Ctrl Pts',(111.611722,124.452585,1.6));
#10779=CARTESIAN_POINT('Ctrl Pts',(111.6644,124.325408,0.));
#10780=CARTESIAN_POINT('Ctrl Pts',(111.6644,124.325408,1.6));
#10781=CARTESIAN_POINT('Ctrl Pts',(111.6644,124.1928,0.));
#10782=CARTESIAN_POINT('Ctrl Pts',(111.6644,124.1928,1.6));
#10783=CARTESIAN_POINT('',(111.517953,124.546353,1.6));
#10784=CARTESIAN_POINT('Ctrl Pts',(111.517953,124.546353,1.6));
#10785=CARTESIAN_POINT('Ctrl Pts',(111.611722,124.452585,1.6));
#10786=CARTESIAN_POINT('Ctrl Pts',(111.6644,124.325408,1.6));
#10787=CARTESIAN_POINT('Ctrl Pts',(111.6644,124.1928,1.6));
#10788=CARTESIAN_POINT('',(111.517953,124.546353,0.));
#10789=CARTESIAN_POINT('Ctrl Pts',(111.1644,124.6928,0.));
#10790=CARTESIAN_POINT('Ctrl Pts',(111.1644,124.6928,1.6));
#10791=CARTESIAN_POINT('Ctrl Pts',(111.297008,124.6928,0.));
#10792=CARTESIAN_POINT('Ctrl Pts',(111.297008,124.6928,1.6));
#10793=CARTESIAN_POINT('Ctrl Pts',(111.424185,124.640122,0.));
#10794=CARTESIAN_POINT('Ctrl Pts',(111.424185,124.640122,1.6));
#10795=CARTESIAN_POINT('Ctrl Pts',(111.517953,124.546353,0.));
#10796=CARTESIAN_POINT('Ctrl Pts',(111.517953,124.546353,1.6));
#10797=CARTESIAN_POINT('Ctrl Pts',(111.1644,124.6928,1.6));
#10798=CARTESIAN_POINT('Ctrl Pts',(111.297008,124.6928,1.6));
#10799=CARTESIAN_POINT('Ctrl Pts',(111.424185,124.640122,1.6));
#10800=CARTESIAN_POINT('Ctrl Pts',(111.517953,124.546353,1.6));
#10801=CARTESIAN_POINT('Origin',(62.2644,139.3478,0.));
#10802=CARTESIAN_POINT('',(75.1644,139.3478,1.6));
#10803=CARTESIAN_POINT('',(75.1644,139.3478,0.));
#10804=CARTESIAN_POINT('',(62.2644,139.3478,1.6));
#10805=CARTESIAN_POINT('',(62.2644,139.3478,1.6));
#10806=CARTESIAN_POINT('',(62.2644,139.3478,0.));
#10807=CARTESIAN_POINT('Ctrl Pts',(61.910847,139.201353,0.));
#10808=CARTESIAN_POINT('Ctrl Pts',(61.910847,139.201353,1.6));
#10809=CARTESIAN_POINT('Ctrl Pts',(62.004615,139.295122,0.));
#10810=CARTESIAN_POINT('Ctrl Pts',(62.004615,139.295122,1.6));
#10811=CARTESIAN_POINT('Ctrl Pts',(62.131792,139.3478,0.));
#10812=CARTESIAN_POINT('Ctrl Pts',(62.131792,139.3478,1.6));
#10813=CARTESIAN_POINT('Ctrl Pts',(62.2644,139.3478,0.));
#10814=CARTESIAN_POINT('Ctrl Pts',(62.2644,139.3478,1.6));
#10815=CARTESIAN_POINT('',(61.910847,139.201353,1.6));
#10816=CARTESIAN_POINT('Ctrl Pts',(61.910847,139.201353,1.6));
#10817=CARTESIAN_POINT('Ctrl Pts',(62.004615,139.295122,1.6));
#10818=CARTESIAN_POINT('Ctrl Pts',(62.131792,139.3478,1.6));
#10819=CARTESIAN_POINT('Ctrl Pts',(62.2644,139.3478,1.6));
#10820=CARTESIAN_POINT('',(61.910847,139.201353,0.));
#10821=CARTESIAN_POINT('Ctrl Pts',(61.7644,138.8478,0.));
#10822=CARTESIAN_POINT('Ctrl Pts',(61.7644,138.8478,1.6));
#10823=CARTESIAN_POINT('Ctrl Pts',(61.7644,138.980408,0.));
#10824=CARTESIAN_POINT('Ctrl Pts',(61.7644,138.980408,1.6));
#10825=CARTESIAN_POINT('Ctrl Pts',(61.817078,139.107585,0.));
#10826=CARTESIAN_POINT('Ctrl Pts',(61.817078,139.107585,1.6));
#10827=CARTESIAN_POINT('Ctrl Pts',(61.910847,139.201353,0.));
#10828=CARTESIAN_POINT('Ctrl Pts',(61.910847,139.201353,1.6));
#10829=CARTESIAN_POINT('',(61.7644,138.8478,1.6));
#10830=CARTESIAN_POINT('Ctrl Pts',(61.7644,138.8478,1.6));
#10831=CARTESIAN_POINT('Ctrl Pts',(61.7644,138.980408,1.6));
#10832=CARTESIAN_POINT('Ctrl Pts',(61.817078,139.107585,1.6));
#10833=CARTESIAN_POINT('Ctrl Pts',(61.910847,139.201353,1.6));
#10834=CARTESIAN_POINT('',(61.7644,138.8478,0.));
#10835=CARTESIAN_POINT('Origin',(61.7644,125.9478,0.));
#10836=CARTESIAN_POINT('',(61.7644,125.9478,1.6));
#10837=CARTESIAN_POINT('',(61.7644,125.9478,1.6));
#10838=CARTESIAN_POINT('',(61.7644,125.9478,0.));
#10839=CARTESIAN_POINT('Ctrl Pts',(61.910847,125.594247,0.));
#10840=CARTESIAN_POINT('Ctrl Pts',(61.910847,125.594247,1.6));
#10841=CARTESIAN_POINT('Ctrl Pts',(61.817078,125.688015,0.));
#10842=CARTESIAN_POINT('Ctrl Pts',(61.817078,125.688015,1.6));
#10843=CARTESIAN_POINT('Ctrl Pts',(61.7644,125.815192,0.));
#10844=CARTESIAN_POINT('Ctrl Pts',(61.7644,125.815192,1.6));
#10845=CARTESIAN_POINT('Ctrl Pts',(61.7644,125.9478,0.));
#10846=CARTESIAN_POINT('Ctrl Pts',(61.7644,125.9478,1.6));
#10847=CARTESIAN_POINT('',(61.910847,125.594247,1.6));
#10848=CARTESIAN_POINT('Ctrl Pts',(61.910847,125.594247,1.6));
#10849=CARTESIAN_POINT('Ctrl Pts',(61.817078,125.688015,1.6));
#10850=CARTESIAN_POINT('Ctrl Pts',(61.7644,125.815192,1.6));
#10851=CARTESIAN_POINT('Ctrl Pts',(61.7644,125.9478,1.6));
#10852=CARTESIAN_POINT('',(61.910847,125.594247,0.));
#10853=CARTESIAN_POINT('Ctrl Pts',(62.2644,125.4478,0.));
#10854=CARTESIAN_POINT('Ctrl Pts',(62.2644,125.4478,1.6));
#10855=CARTESIAN_POINT('Ctrl Pts',(62.131792,125.4478,0.));
#10856=CARTESIAN_POINT('Ctrl Pts',(62.131792,125.4478,1.6));
#10857=CARTESIAN_POINT('Ctrl Pts',(62.004615,125.500478,0.));
#10858=CARTESIAN_POINT('Ctrl Pts',(62.004615,125.500478,1.6));
#10859=CARTESIAN_POINT('Ctrl Pts',(61.910847,125.594247,0.));
#10860=CARTESIAN_POINT('Ctrl Pts',(61.910847,125.594247,1.6));
#10861=CARTESIAN_POINT('',(62.2644,125.4478,1.6));
#10862=CARTESIAN_POINT('Ctrl Pts',(62.2644,125.4478,1.6));
#10863=CARTESIAN_POINT('Ctrl Pts',(62.131792,125.4478,1.6));
#10864=CARTESIAN_POINT('Ctrl Pts',(62.004615,125.500478,1.6));
#10865=CARTESIAN_POINT('Ctrl Pts',(61.910847,125.594247,1.6));
#10866=CARTESIAN_POINT('',(62.2644,125.4478,0.));
#10867=CARTESIAN_POINT('Origin',(75.1644,125.4478,0.));
#10868=CARTESIAN_POINT('',(75.1644,125.4478,1.6));
#10869=CARTESIAN_POINT('',(75.1644,125.4478,1.6));
#10870=CARTESIAN_POINT('',(75.1644,125.4478,0.));
#10871=CARTESIAN_POINT('Ctrl Pts',(75.517953,125.594247,0.));
#10872=CARTESIAN_POINT('Ctrl Pts',(75.517953,125.594247,1.6));
#10873=CARTESIAN_POINT('Ctrl Pts',(75.424185,125.500478,0.));
#10874=CARTESIAN_POINT('Ctrl Pts',(75.424185,125.500478,1.6));
#10875=CARTESIAN_POINT('Ctrl Pts',(75.297008,125.4478,0.));
#10876=CARTESIAN_POINT('Ctrl Pts',(75.297008,125.4478,1.6));
#10877=CARTESIAN_POINT('Ctrl Pts',(75.1644,125.4478,0.));
#10878=CARTESIAN_POINT('Ctrl Pts',(75.1644,125.4478,1.6));
#10879=CARTESIAN_POINT('',(75.517953,125.594247,1.6));
#10880=CARTESIAN_POINT('Ctrl Pts',(75.517953,125.594247,1.6));
#10881=CARTESIAN_POINT('Ctrl Pts',(75.424185,125.500478,1.6));
#10882=CARTESIAN_POINT('Ctrl Pts',(75.297008,125.4478,1.6));
#10883=CARTESIAN_POINT('Ctrl Pts',(75.1644,125.4478,1.6));
#10884=CARTESIAN_POINT('',(75.517953,125.594247,0.));
#10885=CARTESIAN_POINT('Ctrl Pts',(75.6644,125.9478,0.));
#10886=CARTESIAN_POINT('Ctrl Pts',(75.6644,125.9478,1.6));
#10887=CARTESIAN_POINT('Ctrl Pts',(75.6644,125.815192,0.));
#10888=CARTESIAN_POINT('Ctrl Pts',(75.6644,125.815192,1.6));
#10889=CARTESIAN_POINT('Ctrl Pts',(75.611722,125.688015,0.));
#10890=CARTESIAN_POINT('Ctrl Pts',(75.611722,125.688015,1.6));
#10891=CARTESIAN_POINT('Ctrl Pts',(75.517953,125.594247,0.));
#10892=CARTESIAN_POINT('Ctrl Pts',(75.517953,125.594247,1.6));
#10893=CARTESIAN_POINT('',(75.6644,125.9478,1.6));
#10894=CARTESIAN_POINT('Ctrl Pts',(75.6644,125.9478,1.6));
#10895=CARTESIAN_POINT('Ctrl Pts',(75.6644,125.815192,1.6));
#10896=CARTESIAN_POINT('Ctrl Pts',(75.611722,125.688015,1.6));
#10897=CARTESIAN_POINT('Ctrl Pts',(75.517953,125.594247,1.6));
#10898=CARTESIAN_POINT('',(75.6644,125.9478,0.));
#10899=CARTESIAN_POINT('Origin',(75.6644,138.8478,0.));
#10900=CARTESIAN_POINT('',(75.6644,138.8478,1.6));
#10901=CARTESIAN_POINT('',(75.6644,138.8478,1.6));
#10902=CARTESIAN_POINT('',(75.6644,138.8478,0.));
#10903=CARTESIAN_POINT('Ctrl Pts',(75.517953,139.201353,0.));
#10904=CARTESIAN_POINT('Ctrl Pts',(75.517953,139.201353,1.6));
#10905=CARTESIAN_POINT('Ctrl Pts',(75.611722,139.107585,0.));
#10906=CARTESIAN_POINT('Ctrl Pts',(75.611722,139.107585,1.6));
#10907=CARTESIAN_POINT('Ctrl Pts',(75.6644,138.980408,0.));
#10908=CARTESIAN_POINT('Ctrl Pts',(75.6644,138.980408,1.6));
#10909=CARTESIAN_POINT('Ctrl Pts',(75.6644,138.8478,0.));
#10910=CARTESIAN_POINT('Ctrl Pts',(75.6644,138.8478,1.6));
#10911=CARTESIAN_POINT('',(75.517953,139.201353,1.6));
#10912=CARTESIAN_POINT('Ctrl Pts',(75.517953,139.201353,1.6));
#10913=CARTESIAN_POINT('Ctrl Pts',(75.611722,139.107585,1.6));
#10914=CARTESIAN_POINT('Ctrl Pts',(75.6644,138.980408,1.6));
#10915=CARTESIAN_POINT('Ctrl Pts',(75.6644,138.8478,1.6));
#10916=CARTESIAN_POINT('',(75.517953,139.201353,0.));
#10917=CARTESIAN_POINT('Ctrl Pts',(75.1644,139.3478,0.));
#10918=CARTESIAN_POINT('Ctrl Pts',(75.1644,139.3478,1.6));
#10919=CARTESIAN_POINT('Ctrl Pts',(75.297008,139.3478,0.));
#10920=CARTESIAN_POINT('Ctrl Pts',(75.297008,139.3478,1.6));
#10921=CARTESIAN_POINT('Ctrl Pts',(75.424185,139.295122,0.));
#10922=CARTESIAN_POINT('Ctrl Pts',(75.424185,139.295122,1.6));
#10923=CARTESIAN_POINT('Ctrl Pts',(75.517953,139.201353,0.));
#10924=CARTESIAN_POINT('Ctrl Pts',(75.517953,139.201353,1.6));
#10925=CARTESIAN_POINT('Ctrl Pts',(75.1644,139.3478,1.6));
#10926=CARTESIAN_POINT('Ctrl Pts',(75.297008,139.3478,1.6));
#10927=CARTESIAN_POINT('Ctrl Pts',(75.424185,139.295122,1.6));
#10928=CARTESIAN_POINT('Ctrl Pts',(75.517953,139.201353,1.6));
#10929=CARTESIAN_POINT('Origin',(44.2644,147.8478,0.));
#10930=CARTESIAN_POINT('',(57.1644,147.8478,1.6));
#10931=CARTESIAN_POINT('',(57.1644,147.8478,0.));
#10932=CARTESIAN_POINT('',(44.2644,147.8478,1.6));
#10933=CARTESIAN_POINT('',(44.2644,147.8478,1.6));
#10934=CARTESIAN_POINT('',(44.2644,147.8478,0.));
#10935=CARTESIAN_POINT('Ctrl Pts',(43.910847,147.701353,0.));
#10936=CARTESIAN_POINT('Ctrl Pts',(43.910847,147.701353,1.6));
#10937=CARTESIAN_POINT('Ctrl Pts',(44.004615,147.795122,0.));
#10938=CARTESIAN_POINT('Ctrl Pts',(44.004615,147.795122,1.6));
#10939=CARTESIAN_POINT('Ctrl Pts',(44.131792,147.8478,0.));
#10940=CARTESIAN_POINT('Ctrl Pts',(44.131792,147.8478,1.6));
#10941=CARTESIAN_POINT('Ctrl Pts',(44.2644,147.8478,0.));
#10942=CARTESIAN_POINT('Ctrl Pts',(44.2644,147.8478,1.6));
#10943=CARTESIAN_POINT('',(43.910847,147.701353,1.6));
#10944=CARTESIAN_POINT('Ctrl Pts',(43.910847,147.701353,1.6));
#10945=CARTESIAN_POINT('Ctrl Pts',(44.004615,147.795122,1.6));
#10946=CARTESIAN_POINT('Ctrl Pts',(44.131792,147.8478,1.6));
#10947=CARTESIAN_POINT('Ctrl Pts',(44.2644,147.8478,1.6));
#10948=CARTESIAN_POINT('',(43.910847,147.701353,0.));
#10949=CARTESIAN_POINT('Ctrl Pts',(43.7644,147.3478,0.));
#10950=CARTESIAN_POINT('Ctrl Pts',(43.7644,147.3478,1.6));
#10951=CARTESIAN_POINT('Ctrl Pts',(43.7644,147.480408,0.));
#10952=CARTESIAN_POINT('Ctrl Pts',(43.7644,147.480408,1.6));
#10953=CARTESIAN_POINT('Ctrl Pts',(43.817078,147.607585,0.));
#10954=CARTESIAN_POINT('Ctrl Pts',(43.817078,147.607585,1.6));
#10955=CARTESIAN_POINT('Ctrl Pts',(43.910847,147.701353,0.));
#10956=CARTESIAN_POINT('Ctrl Pts',(43.910847,147.701353,1.6));
#10957=CARTESIAN_POINT('',(43.7644,147.3478,1.6));
#10958=CARTESIAN_POINT('Ctrl Pts',(43.7644,147.3478,1.6));
#10959=CARTESIAN_POINT('Ctrl Pts',(43.7644,147.480408,1.6));
#10960=CARTESIAN_POINT('Ctrl Pts',(43.817078,147.607585,1.6));
#10961=CARTESIAN_POINT('Ctrl Pts',(43.910847,147.701353,1.6));
#10962=CARTESIAN_POINT('',(43.7644,147.3478,0.));
#10963=CARTESIAN_POINT('Origin',(43.7644,134.4478,0.));
#10964=CARTESIAN_POINT('',(43.7644,134.4478,1.6));
#10965=CARTESIAN_POINT('',(43.7644,134.4478,1.6));
#10966=CARTESIAN_POINT('',(43.7644,134.4478,0.));
#10967=CARTESIAN_POINT('Ctrl Pts',(43.910847,134.094247,0.));
#10968=CARTESIAN_POINT('Ctrl Pts',(43.910847,134.094247,1.6));
#10969=CARTESIAN_POINT('Ctrl Pts',(43.817078,134.188015,0.));
#10970=CARTESIAN_POINT('Ctrl Pts',(43.817078,134.188015,1.6));
#10971=CARTESIAN_POINT('Ctrl Pts',(43.7644,134.315192,0.));
#10972=CARTESIAN_POINT('Ctrl Pts',(43.7644,134.315192,1.6));
#10973=CARTESIAN_POINT('Ctrl Pts',(43.7644,134.4478,0.));
#10974=CARTESIAN_POINT('Ctrl Pts',(43.7644,134.4478,1.6));
#10975=CARTESIAN_POINT('',(43.910847,134.094247,1.6));
#10976=CARTESIAN_POINT('Ctrl Pts',(43.910847,134.094247,1.6));
#10977=CARTESIAN_POINT('Ctrl Pts',(43.817078,134.188015,1.6));
#10978=CARTESIAN_POINT('Ctrl Pts',(43.7644,134.315192,1.6));
#10979=CARTESIAN_POINT('Ctrl Pts',(43.7644,134.4478,1.6));
#10980=CARTESIAN_POINT('',(43.910847,134.094247,0.));
#10981=CARTESIAN_POINT('Ctrl Pts',(44.2644,133.9478,0.));
#10982=CARTESIAN_POINT('Ctrl Pts',(44.2644,133.9478,1.6));
#10983=CARTESIAN_POINT('Ctrl Pts',(44.131792,133.9478,0.));
#10984=CARTESIAN_POINT('Ctrl Pts',(44.131792,133.9478,1.6));
#10985=CARTESIAN_POINT('Ctrl Pts',(44.004615,134.000478,0.));
#10986=CARTESIAN_POINT('Ctrl Pts',(44.004615,134.000478,1.6));
#10987=CARTESIAN_POINT('Ctrl Pts',(43.910847,134.094247,0.));
#10988=CARTESIAN_POINT('Ctrl Pts',(43.910847,134.094247,1.6));
#10989=CARTESIAN_POINT('',(44.2644,133.9478,1.6));
#10990=CARTESIAN_POINT('Ctrl Pts',(44.2644,133.9478,1.6));
#10991=CARTESIAN_POINT('Ctrl Pts',(44.131792,133.9478,1.6));
#10992=CARTESIAN_POINT('Ctrl Pts',(44.004615,134.000478,1.6));
#10993=CARTESIAN_POINT('Ctrl Pts',(43.910847,134.094247,1.6));
#10994=CARTESIAN_POINT('',(44.2644,133.9478,0.));
#10995=CARTESIAN_POINT('Origin',(57.1644,133.9478,0.));
#10996=CARTESIAN_POINT('',(57.1644,133.9478,1.6));
#10997=CARTESIAN_POINT('',(57.1644,133.9478,1.6));
#10998=CARTESIAN_POINT('',(57.1644,133.9478,0.));
#10999=CARTESIAN_POINT('Ctrl Pts',(57.517953,134.094247,0.));
#11000=CARTESIAN_POINT('Ctrl Pts',(57.517953,134.094247,1.6));
#11001=CARTESIAN_POINT('Ctrl Pts',(57.424185,134.000478,0.));
#11002=CARTESIAN_POINT('Ctrl Pts',(57.424185,134.000478,1.6));
#11003=CARTESIAN_POINT('Ctrl Pts',(57.297008,133.9478,0.));
#11004=CARTESIAN_POINT('Ctrl Pts',(57.297008,133.9478,1.6));
#11005=CARTESIAN_POINT('Ctrl Pts',(57.1644,133.9478,0.));
#11006=CARTESIAN_POINT('Ctrl Pts',(57.1644,133.9478,1.6));
#11007=CARTESIAN_POINT('',(57.517953,134.094247,1.6));
#11008=CARTESIAN_POINT('Ctrl Pts',(57.517953,134.094247,1.6));
#11009=CARTESIAN_POINT('Ctrl Pts',(57.424185,134.000478,1.6));
#11010=CARTESIAN_POINT('Ctrl Pts',(57.297008,133.9478,1.6));
#11011=CARTESIAN_POINT('Ctrl Pts',(57.1644,133.9478,1.6));
#11012=CARTESIAN_POINT('',(57.517953,134.094247,0.));
#11013=CARTESIAN_POINT('Ctrl Pts',(57.6644,134.4478,0.));
#11014=CARTESIAN_POINT('Ctrl Pts',(57.6644,134.4478,1.6));
#11015=CARTESIAN_POINT('Ctrl Pts',(57.6644,134.315192,0.));
#11016=CARTESIAN_POINT('Ctrl Pts',(57.6644,134.315192,1.6));
#11017=CARTESIAN_POINT('Ctrl Pts',(57.611722,134.188015,0.));
#11018=CARTESIAN_POINT('Ctrl Pts',(57.611722,134.188015,1.6));
#11019=CARTESIAN_POINT('Ctrl Pts',(57.517953,134.094247,0.));
#11020=CARTESIAN_POINT('Ctrl Pts',(57.517953,134.094247,1.6));
#11021=CARTESIAN_POINT('',(57.6644,134.4478,1.6));
#11022=CARTESIAN_POINT('Ctrl Pts',(57.6644,134.4478,1.6));
#11023=CARTESIAN_POINT('Ctrl Pts',(57.6644,134.315192,1.6));
#11024=CARTESIAN_POINT('Ctrl Pts',(57.611722,134.188015,1.6));
#11025=CARTESIAN_POINT('Ctrl Pts',(57.517953,134.094247,1.6));
#11026=CARTESIAN_POINT('',(57.6644,134.4478,0.));
#11027=CARTESIAN_POINT('Origin',(57.6644,147.3478,0.));
#11028=CARTESIAN_POINT('',(57.6644,147.3478,1.6));
#11029=CARTESIAN_POINT('',(57.6644,147.3478,1.6));
#11030=CARTESIAN_POINT('',(57.6644,147.3478,0.));
#11031=CARTESIAN_POINT('Ctrl Pts',(57.517953,147.701353,0.));
#11032=CARTESIAN_POINT('Ctrl Pts',(57.517953,147.701353,1.6));
#11033=CARTESIAN_POINT('Ctrl Pts',(57.611722,147.607585,0.));
#11034=CARTESIAN_POINT('Ctrl Pts',(57.611722,147.607585,1.6));
#11035=CARTESIAN_POINT('Ctrl Pts',(57.6644,147.480408,0.));
#11036=CARTESIAN_POINT('Ctrl Pts',(57.6644,147.480408,1.6));
#11037=CARTESIAN_POINT('Ctrl Pts',(57.6644,147.3478,0.));
#11038=CARTESIAN_POINT('Ctrl Pts',(57.6644,147.3478,1.6));
#11039=CARTESIAN_POINT('',(57.517953,147.701353,1.6));
#11040=CARTESIAN_POINT('Ctrl Pts',(57.517953,147.701353,1.6));
#11041=CARTESIAN_POINT('Ctrl Pts',(57.611722,147.607585,1.6));
#11042=CARTESIAN_POINT('Ctrl Pts',(57.6644,147.480408,1.6));
#11043=CARTESIAN_POINT('Ctrl Pts',(57.6644,147.3478,1.6));
#11044=CARTESIAN_POINT('',(57.517953,147.701353,0.));
#11045=CARTESIAN_POINT('Ctrl Pts',(57.1644,147.8478,0.));
#11046=CARTESIAN_POINT('Ctrl Pts',(57.1644,147.8478,1.6));
#11047=CARTESIAN_POINT('Ctrl Pts',(57.297008,147.8478,0.));
#11048=CARTESIAN_POINT('Ctrl Pts',(57.297008,147.8478,1.6));
#11049=CARTESIAN_POINT('Ctrl Pts',(57.424185,147.795122,0.));
#11050=CARTESIAN_POINT('Ctrl Pts',(57.424185,147.795122,1.6));
#11051=CARTESIAN_POINT('Ctrl Pts',(57.517953,147.701353,0.));
#11052=CARTESIAN_POINT('Ctrl Pts',(57.517953,147.701353,1.6));
#11053=CARTESIAN_POINT('Ctrl Pts',(57.1644,147.8478,1.6));
#11054=CARTESIAN_POINT('Ctrl Pts',(57.297008,147.8478,1.6));
#11055=CARTESIAN_POINT('Ctrl Pts',(57.424185,147.795122,1.6));
#11056=CARTESIAN_POINT('Ctrl Pts',(57.517953,147.701353,1.6));
#11057=CARTESIAN_POINT('Origin',(26.2644,117.8478,0.));
#11058=CARTESIAN_POINT('',(39.1644,117.8478,1.6));
#11059=CARTESIAN_POINT('',(39.1644,117.8478,0.));
#11060=CARTESIAN_POINT('',(26.2644,117.8478,1.6));
#11061=CARTESIAN_POINT('',(26.2644,117.8478,1.6));
#11062=CARTESIAN_POINT('',(26.2644,117.8478,0.));
#11063=CARTESIAN_POINT('Ctrl Pts',(25.910847,117.701353,0.));
#11064=CARTESIAN_POINT('Ctrl Pts',(25.910847,117.701353,1.6));
#11065=CARTESIAN_POINT('Ctrl Pts',(26.004615,117.795122,0.));
#11066=CARTESIAN_POINT('Ctrl Pts',(26.004615,117.795122,1.6));
#11067=CARTESIAN_POINT('Ctrl Pts',(26.131792,117.8478,0.));
#11068=CARTESIAN_POINT('Ctrl Pts',(26.131792,117.8478,1.6));
#11069=CARTESIAN_POINT('Ctrl Pts',(26.2644,117.8478,0.));
#11070=CARTESIAN_POINT('Ctrl Pts',(26.2644,117.8478,1.6));
#11071=CARTESIAN_POINT('',(25.910847,117.701353,1.6));
#11072=CARTESIAN_POINT('Ctrl Pts',(25.910847,117.701353,1.6));
#11073=CARTESIAN_POINT('Ctrl Pts',(26.004615,117.795122,1.6));
#11074=CARTESIAN_POINT('Ctrl Pts',(26.131792,117.8478,1.6));
#11075=CARTESIAN_POINT('Ctrl Pts',(26.2644,117.8478,1.6));
#11076=CARTESIAN_POINT('',(25.910847,117.701353,0.));
#11077=CARTESIAN_POINT('Ctrl Pts',(25.7644,117.3478,0.));
#11078=CARTESIAN_POINT('Ctrl Pts',(25.7644,117.3478,1.6));
#11079=CARTESIAN_POINT('Ctrl Pts',(25.7644,117.480408,0.));
#11080=CARTESIAN_POINT('Ctrl Pts',(25.7644,117.480408,1.6));
#11081=CARTESIAN_POINT('Ctrl Pts',(25.817078,117.607585,0.));
#11082=CARTESIAN_POINT('Ctrl Pts',(25.817078,117.607585,1.6));
#11083=CARTESIAN_POINT('Ctrl Pts',(25.910847,117.701353,0.));
#11084=CARTESIAN_POINT('Ctrl Pts',(25.910847,117.701353,1.6));
#11085=CARTESIAN_POINT('',(25.7644,117.3478,1.6));
#11086=CARTESIAN_POINT('Ctrl Pts',(25.7644,117.3478,1.6));
#11087=CARTESIAN_POINT('Ctrl Pts',(25.7644,117.480408,1.6));
#11088=CARTESIAN_POINT('Ctrl Pts',(25.817078,117.607585,1.6));
#11089=CARTESIAN_POINT('Ctrl Pts',(25.910847,117.701353,1.6));
#11090=CARTESIAN_POINT('',(25.7644,117.3478,0.));
#11091=CARTESIAN_POINT('Origin',(25.7644,104.4478,0.));
#11092=CARTESIAN_POINT('',(25.7644,104.4478,1.6));
#11093=CARTESIAN_POINT('',(25.7644,104.4478,1.6));
#11094=CARTESIAN_POINT('',(25.7644,104.4478,0.));
#11095=CARTESIAN_POINT('Ctrl Pts',(25.910847,104.094247,0.));
#11096=CARTESIAN_POINT('Ctrl Pts',(25.910847,104.094247,1.6));
#11097=CARTESIAN_POINT('Ctrl Pts',(25.817078,104.188015,0.));
#11098=CARTESIAN_POINT('Ctrl Pts',(25.817078,104.188015,1.6));
#11099=CARTESIAN_POINT('Ctrl Pts',(25.7644,104.315192,0.));
#11100=CARTESIAN_POINT('Ctrl Pts',(25.7644,104.315192,1.6));
#11101=CARTESIAN_POINT('Ctrl Pts',(25.7644,104.4478,0.));
#11102=CARTESIAN_POINT('Ctrl Pts',(25.7644,104.4478,1.6));
#11103=CARTESIAN_POINT('',(25.910847,104.094247,1.6));
#11104=CARTESIAN_POINT('Ctrl Pts',(25.910847,104.094247,1.6));
#11105=CARTESIAN_POINT('Ctrl Pts',(25.817078,104.188015,1.6));
#11106=CARTESIAN_POINT('Ctrl Pts',(25.7644,104.315192,1.6));
#11107=CARTESIAN_POINT('Ctrl Pts',(25.7644,104.4478,1.6));
#11108=CARTESIAN_POINT('',(25.910847,104.094247,0.));
#11109=CARTESIAN_POINT('Ctrl Pts',(26.2644,103.9478,0.));
#11110=CARTESIAN_POINT('Ctrl Pts',(26.2644,103.9478,1.6));
#11111=CARTESIAN_POINT('Ctrl Pts',(26.131792,103.9478,0.));
#11112=CARTESIAN_POINT('Ctrl Pts',(26.131792,103.9478,1.6));
#11113=CARTESIAN_POINT('Ctrl Pts',(26.004615,104.000478,0.));
#11114=CARTESIAN_POINT('Ctrl Pts',(26.004615,104.000478,1.6));
#11115=CARTESIAN_POINT('Ctrl Pts',(25.910847,104.094247,0.));
#11116=CARTESIAN_POINT('Ctrl Pts',(25.910847,104.094247,1.6));
#11117=CARTESIAN_POINT('',(26.2644,103.9478,1.6));
#11118=CARTESIAN_POINT('Ctrl Pts',(26.2644,103.9478,1.6));
#11119=CARTESIAN_POINT('Ctrl Pts',(26.131792,103.9478,1.6));
#11120=CARTESIAN_POINT('Ctrl Pts',(26.004615,104.000478,1.6));
#11121=CARTESIAN_POINT('Ctrl Pts',(25.910847,104.094247,1.6));
#11122=CARTESIAN_POINT('',(26.2644,103.9478,0.));
#11123=CARTESIAN_POINT('Origin',(39.1644,103.9478,0.));
#11124=CARTESIAN_POINT('',(39.1644,103.9478,1.6));
#11125=CARTESIAN_POINT('',(39.1644,103.9478,1.6));
#11126=CARTESIAN_POINT('',(39.1644,103.9478,0.));
#11127=CARTESIAN_POINT('Ctrl Pts',(39.517953,104.094247,0.));
#11128=CARTESIAN_POINT('Ctrl Pts',(39.517953,104.094247,1.6));
#11129=CARTESIAN_POINT('Ctrl Pts',(39.424185,104.000478,0.));
#11130=CARTESIAN_POINT('Ctrl Pts',(39.424185,104.000478,1.6));
#11131=CARTESIAN_POINT('Ctrl Pts',(39.297008,103.9478,0.));
#11132=CARTESIAN_POINT('Ctrl Pts',(39.297008,103.9478,1.6));
#11133=CARTESIAN_POINT('Ctrl Pts',(39.1644,103.9478,0.));
#11134=CARTESIAN_POINT('Ctrl Pts',(39.1644,103.9478,1.6));
#11135=CARTESIAN_POINT('',(39.517953,104.094247,1.6));
#11136=CARTESIAN_POINT('Ctrl Pts',(39.517953,104.094247,1.6));
#11137=CARTESIAN_POINT('Ctrl Pts',(39.424185,104.000478,1.6));
#11138=CARTESIAN_POINT('Ctrl Pts',(39.297008,103.9478,1.6));
#11139=CARTESIAN_POINT('Ctrl Pts',(39.1644,103.9478,1.6));
#11140=CARTESIAN_POINT('',(39.517953,104.094247,0.));
#11141=CARTESIAN_POINT('Ctrl Pts',(39.6644,104.4478,0.));
#11142=CARTESIAN_POINT('Ctrl Pts',(39.6644,104.4478,1.6));
#11143=CARTESIAN_POINT('Ctrl Pts',(39.6644,104.315192,0.));
#11144=CARTESIAN_POINT('Ctrl Pts',(39.6644,104.315192,1.6));
#11145=CARTESIAN_POINT('Ctrl Pts',(39.611722,104.188015,0.));
#11146=CARTESIAN_POINT('Ctrl Pts',(39.611722,104.188015,1.6));
#11147=CARTESIAN_POINT('Ctrl Pts',(39.517953,104.094247,0.));
#11148=CARTESIAN_POINT('Ctrl Pts',(39.517953,104.094247,1.6));
#11149=CARTESIAN_POINT('',(39.6644,104.4478,1.6));
#11150=CARTESIAN_POINT('Ctrl Pts',(39.6644,104.4478,1.6));
#11151=CARTESIAN_POINT('Ctrl Pts',(39.6644,104.315192,1.6));
#11152=CARTESIAN_POINT('Ctrl Pts',(39.611722,104.188015,1.6));
#11153=CARTESIAN_POINT('Ctrl Pts',(39.517953,104.094247,1.6));
#11154=CARTESIAN_POINT('',(39.6644,104.4478,0.));
#11155=CARTESIAN_POINT('Origin',(39.6644,117.3478,0.));
#11156=CARTESIAN_POINT('',(39.6644,117.3478,1.6));
#11157=CARTESIAN_POINT('',(39.6644,117.3478,1.6));
#11158=CARTESIAN_POINT('',(39.6644,117.3478,0.));
#11159=CARTESIAN_POINT('Ctrl Pts',(39.517953,117.701353,0.));
#11160=CARTESIAN_POINT('Ctrl Pts',(39.517953,117.701353,1.6));
#11161=CARTESIAN_POINT('Ctrl Pts',(39.611722,117.607585,0.));
#11162=CARTESIAN_POINT('Ctrl Pts',(39.611722,117.607585,1.6));
#11163=CARTESIAN_POINT('Ctrl Pts',(39.6644,117.480408,0.));
#11164=CARTESIAN_POINT('Ctrl Pts',(39.6644,117.480408,1.6));
#11165=CARTESIAN_POINT('Ctrl Pts',(39.6644,117.3478,0.));
#11166=CARTESIAN_POINT('Ctrl Pts',(39.6644,117.3478,1.6));
#11167=CARTESIAN_POINT('',(39.517953,117.701353,1.6));
#11168=CARTESIAN_POINT('Ctrl Pts',(39.517953,117.701353,1.6));
#11169=CARTESIAN_POINT('Ctrl Pts',(39.611722,117.607585,1.6));
#11170=CARTESIAN_POINT('Ctrl Pts',(39.6644,117.480408,1.6));
#11171=CARTESIAN_POINT('Ctrl Pts',(39.6644,117.3478,1.6));
#11172=CARTESIAN_POINT('',(39.517953,117.701353,0.));
#11173=CARTESIAN_POINT('Ctrl Pts',(39.1644,117.8478,0.));
#11174=CARTESIAN_POINT('Ctrl Pts',(39.1644,117.8478,1.6));
#11175=CARTESIAN_POINT('Ctrl Pts',(39.297008,117.8478,0.));
#11176=CARTESIAN_POINT('Ctrl Pts',(39.297008,117.8478,1.6));
#11177=CARTESIAN_POINT('Ctrl Pts',(39.424185,117.795122,0.));
#11178=CARTESIAN_POINT('Ctrl Pts',(39.424185,117.795122,1.6));
#11179=CARTESIAN_POINT('Ctrl Pts',(39.517953,117.701353,0.));
#11180=CARTESIAN_POINT('Ctrl Pts',(39.517953,117.701353,1.6));
#11181=CARTESIAN_POINT('Ctrl Pts',(39.1644,117.8478,1.6));
#11182=CARTESIAN_POINT('Ctrl Pts',(39.297008,117.8478,1.6));
#11183=CARTESIAN_POINT('Ctrl Pts',(39.424185,117.795122,1.6));
#11184=CARTESIAN_POINT('Ctrl Pts',(39.517953,117.701353,1.6));
#11185=CARTESIAN_POINT('Origin',(44.2644,130.8478,0.));
#11186=CARTESIAN_POINT('',(57.1644,130.8478,1.6));
#11187=CARTESIAN_POINT('',(57.1644,130.8478,0.));
#11188=CARTESIAN_POINT('',(44.2644,130.8478,1.6));
#11189=CARTESIAN_POINT('',(44.2644,130.8478,1.6));
#11190=CARTESIAN_POINT('',(44.2644,130.8478,0.));
#11191=CARTESIAN_POINT('Ctrl Pts',(43.910847,130.701353,0.));
#11192=CARTESIAN_POINT('Ctrl Pts',(43.910847,130.701353,1.6));
#11193=CARTESIAN_POINT('Ctrl Pts',(44.004615,130.795122,0.));
#11194=CARTESIAN_POINT('Ctrl Pts',(44.004615,130.795122,1.6));
#11195=CARTESIAN_POINT('Ctrl Pts',(44.131792,130.8478,0.));
#11196=CARTESIAN_POINT('Ctrl Pts',(44.131792,130.8478,1.6));
#11197=CARTESIAN_POINT('Ctrl Pts',(44.2644,130.8478,0.));
#11198=CARTESIAN_POINT('Ctrl Pts',(44.2644,130.8478,1.6));
#11199=CARTESIAN_POINT('',(43.910847,130.701353,1.6));
#11200=CARTESIAN_POINT('Ctrl Pts',(43.910847,130.701353,1.6));
#11201=CARTESIAN_POINT('Ctrl Pts',(44.004615,130.795122,1.6));
#11202=CARTESIAN_POINT('Ctrl Pts',(44.131792,130.8478,1.6));
#11203=CARTESIAN_POINT('Ctrl Pts',(44.2644,130.8478,1.6));
#11204=CARTESIAN_POINT('',(43.910847,130.701353,0.));
#11205=CARTESIAN_POINT('Ctrl Pts',(43.7644,130.3478,0.));
#11206=CARTESIAN_POINT('Ctrl Pts',(43.7644,130.3478,1.6));
#11207=CARTESIAN_POINT('Ctrl Pts',(43.7644,130.480408,0.));
#11208=CARTESIAN_POINT('Ctrl Pts',(43.7644,130.480408,1.6));
#11209=CARTESIAN_POINT('Ctrl Pts',(43.817078,130.607585,0.));
#11210=CARTESIAN_POINT('Ctrl Pts',(43.817078,130.607585,1.6));
#11211=CARTESIAN_POINT('Ctrl Pts',(43.910847,130.701353,0.));
#11212=CARTESIAN_POINT('Ctrl Pts',(43.910847,130.701353,1.6));
#11213=CARTESIAN_POINT('',(43.7644,130.3478,1.6));
#11214=CARTESIAN_POINT('Ctrl Pts',(43.7644,130.3478,1.6));
#11215=CARTESIAN_POINT('Ctrl Pts',(43.7644,130.480408,1.6));
#11216=CARTESIAN_POINT('Ctrl Pts',(43.817078,130.607585,1.6));
#11217=CARTESIAN_POINT('Ctrl Pts',(43.910847,130.701353,1.6));
#11218=CARTESIAN_POINT('',(43.7644,130.3478,0.));
#11219=CARTESIAN_POINT('Origin',(43.7644,117.4478,0.));
#11220=CARTESIAN_POINT('',(43.7644,117.4478,1.6));
#11221=CARTESIAN_POINT('',(43.7644,117.4478,1.6));
#11222=CARTESIAN_POINT('',(43.7644,117.4478,0.));
#11223=CARTESIAN_POINT('Ctrl Pts',(43.910847,117.094247,0.));
#11224=CARTESIAN_POINT('Ctrl Pts',(43.910847,117.094247,1.6));
#11225=CARTESIAN_POINT('Ctrl Pts',(43.817078,117.188015,0.));
#11226=CARTESIAN_POINT('Ctrl Pts',(43.817078,117.188015,1.6));
#11227=CARTESIAN_POINT('Ctrl Pts',(43.7644,117.315192,0.));
#11228=CARTESIAN_POINT('Ctrl Pts',(43.7644,117.315192,1.6));
#11229=CARTESIAN_POINT('Ctrl Pts',(43.7644,117.4478,0.));
#11230=CARTESIAN_POINT('Ctrl Pts',(43.7644,117.4478,1.6));
#11231=CARTESIAN_POINT('',(43.910847,117.094247,1.6));
#11232=CARTESIAN_POINT('Ctrl Pts',(43.910847,117.094247,1.6));
#11233=CARTESIAN_POINT('Ctrl Pts',(43.817078,117.188015,1.6));
#11234=CARTESIAN_POINT('Ctrl Pts',(43.7644,117.315192,1.6));
#11235=CARTESIAN_POINT('Ctrl Pts',(43.7644,117.4478,1.6));
#11236=CARTESIAN_POINT('',(43.910847,117.094247,0.));
#11237=CARTESIAN_POINT('Ctrl Pts',(44.2644,116.9478,0.));
#11238=CARTESIAN_POINT('Ctrl Pts',(44.2644,116.9478,1.6));
#11239=CARTESIAN_POINT('Ctrl Pts',(44.131792,116.9478,0.));
#11240=CARTESIAN_POINT('Ctrl Pts',(44.131792,116.9478,1.6));
#11241=CARTESIAN_POINT('Ctrl Pts',(44.004615,117.000478,0.));
#11242=CARTESIAN_POINT('Ctrl Pts',(44.004615,117.000478,1.6));
#11243=CARTESIAN_POINT('Ctrl Pts',(43.910847,117.094247,0.));
#11244=CARTESIAN_POINT('Ctrl Pts',(43.910847,117.094247,1.6));
#11245=CARTESIAN_POINT('',(44.2644,116.9478,1.6));
#11246=CARTESIAN_POINT('Ctrl Pts',(44.2644,116.9478,1.6));
#11247=CARTESIAN_POINT('Ctrl Pts',(44.131792,116.9478,1.6));
#11248=CARTESIAN_POINT('Ctrl Pts',(44.004615,117.000478,1.6));
#11249=CARTESIAN_POINT('Ctrl Pts',(43.910847,117.094247,1.6));
#11250=CARTESIAN_POINT('',(44.2644,116.9478,0.));
#11251=CARTESIAN_POINT('Origin',(57.1644,116.9478,0.));
#11252=CARTESIAN_POINT('',(57.1644,116.9478,1.6));
#11253=CARTESIAN_POINT('',(57.1644,116.9478,1.6));
#11254=CARTESIAN_POINT('',(57.1644,116.9478,0.));
#11255=CARTESIAN_POINT('Ctrl Pts',(57.517953,117.094247,0.));
#11256=CARTESIAN_POINT('Ctrl Pts',(57.517953,117.094247,1.6));
#11257=CARTESIAN_POINT('Ctrl Pts',(57.424185,117.000478,0.));
#11258=CARTESIAN_POINT('Ctrl Pts',(57.424185,117.000478,1.6));
#11259=CARTESIAN_POINT('Ctrl Pts',(57.297008,116.9478,0.));
#11260=CARTESIAN_POINT('Ctrl Pts',(57.297008,116.9478,1.6));
#11261=CARTESIAN_POINT('Ctrl Pts',(57.1644,116.9478,0.));
#11262=CARTESIAN_POINT('Ctrl Pts',(57.1644,116.9478,1.6));
#11263=CARTESIAN_POINT('',(57.517953,117.094247,1.6));
#11264=CARTESIAN_POINT('Ctrl Pts',(57.517953,117.094247,1.6));
#11265=CARTESIAN_POINT('Ctrl Pts',(57.424185,117.000478,1.6));
#11266=CARTESIAN_POINT('Ctrl Pts',(57.297008,116.9478,1.6));
#11267=CARTESIAN_POINT('Ctrl Pts',(57.1644,116.9478,1.6));
#11268=CARTESIAN_POINT('',(57.517953,117.094247,0.));
#11269=CARTESIAN_POINT('Ctrl Pts',(57.6644,117.4478,0.));
#11270=CARTESIAN_POINT('Ctrl Pts',(57.6644,117.4478,1.6));
#11271=CARTESIAN_POINT('Ctrl Pts',(57.6644,117.315192,0.));
#11272=CARTESIAN_POINT('Ctrl Pts',(57.6644,117.315192,1.6));
#11273=CARTESIAN_POINT('Ctrl Pts',(57.611722,117.188015,0.));
#11274=CARTESIAN_POINT('Ctrl Pts',(57.611722,117.188015,1.6));
#11275=CARTESIAN_POINT('Ctrl Pts',(57.517953,117.094247,0.));
#11276=CARTESIAN_POINT('Ctrl Pts',(57.517953,117.094247,1.6));
#11277=CARTESIAN_POINT('',(57.6644,117.4478,1.6));
#11278=CARTESIAN_POINT('Ctrl Pts',(57.6644,117.4478,1.6));
#11279=CARTESIAN_POINT('Ctrl Pts',(57.6644,117.315192,1.6));
#11280=CARTESIAN_POINT('Ctrl Pts',(57.611722,117.188015,1.6));
#11281=CARTESIAN_POINT('Ctrl Pts',(57.517953,117.094247,1.6));
#11282=CARTESIAN_POINT('',(57.6644,117.4478,0.));
#11283=CARTESIAN_POINT('Origin',(57.6644,130.3478,0.));
#11284=CARTESIAN_POINT('',(57.6644,130.3478,1.6));
#11285=CARTESIAN_POINT('',(57.6644,130.3478,1.6));
#11286=CARTESIAN_POINT('',(57.6644,130.3478,0.));
#11287=CARTESIAN_POINT('Ctrl Pts',(57.517953,130.701353,0.));
#11288=CARTESIAN_POINT('Ctrl Pts',(57.517953,130.701353,1.6));
#11289=CARTESIAN_POINT('Ctrl Pts',(57.611722,130.607585,0.));
#11290=CARTESIAN_POINT('Ctrl Pts',(57.611722,130.607585,1.6));
#11291=CARTESIAN_POINT('Ctrl Pts',(57.6644,130.480408,0.));
#11292=CARTESIAN_POINT('Ctrl Pts',(57.6644,130.480408,1.6));
#11293=CARTESIAN_POINT('Ctrl Pts',(57.6644,130.3478,0.));
#11294=CARTESIAN_POINT('Ctrl Pts',(57.6644,130.3478,1.6));
#11295=CARTESIAN_POINT('',(57.517953,130.701353,1.6));
#11296=CARTESIAN_POINT('Ctrl Pts',(57.517953,130.701353,1.6));
#11297=CARTESIAN_POINT('Ctrl Pts',(57.611722,130.607585,1.6));
#11298=CARTESIAN_POINT('Ctrl Pts',(57.6644,130.480408,1.6));
#11299=CARTESIAN_POINT('Ctrl Pts',(57.6644,130.3478,1.6));
#11300=CARTESIAN_POINT('',(57.517953,130.701353,0.));
#11301=CARTESIAN_POINT('Ctrl Pts',(57.1644,130.8478,0.));
#11302=CARTESIAN_POINT('Ctrl Pts',(57.1644,130.8478,1.6));
#11303=CARTESIAN_POINT('Ctrl Pts',(57.297008,130.8478,0.));
#11304=CARTESIAN_POINT('Ctrl Pts',(57.297008,130.8478,1.6));
#11305=CARTESIAN_POINT('Ctrl Pts',(57.424185,130.795122,0.));
#11306=CARTESIAN_POINT('Ctrl Pts',(57.424185,130.795122,1.6));
#11307=CARTESIAN_POINT('Ctrl Pts',(57.517953,130.701353,0.));
#11308=CARTESIAN_POINT('Ctrl Pts',(57.517953,130.701353,1.6));
#11309=CARTESIAN_POINT('Ctrl Pts',(57.1644,130.8478,1.6));
#11310=CARTESIAN_POINT('Ctrl Pts',(57.297008,130.8478,1.6));
#11311=CARTESIAN_POINT('Ctrl Pts',(57.424185,130.795122,1.6));
#11312=CARTESIAN_POINT('Ctrl Pts',(57.517953,130.701353,1.6));
#11313=CARTESIAN_POINT('Origin',(62.2644,156.3478,0.));
#11314=CARTESIAN_POINT('',(75.1644,156.3478,1.6));
#11315=CARTESIAN_POINT('',(75.1644,156.3478,0.));
#11316=CARTESIAN_POINT('',(62.2644,156.3478,1.6));
#11317=CARTESIAN_POINT('',(62.2644,156.3478,1.6));
#11318=CARTESIAN_POINT('',(62.2644,156.3478,0.));
#11319=CARTESIAN_POINT('Ctrl Pts',(61.910847,156.201353,0.));
#11320=CARTESIAN_POINT('Ctrl Pts',(61.910847,156.201353,1.6));
#11321=CARTESIAN_POINT('Ctrl Pts',(62.004615,156.295122,0.));
#11322=CARTESIAN_POINT('Ctrl Pts',(62.004615,156.295122,1.6));
#11323=CARTESIAN_POINT('Ctrl Pts',(62.131792,156.3478,0.));
#11324=CARTESIAN_POINT('Ctrl Pts',(62.131792,156.3478,1.6));
#11325=CARTESIAN_POINT('Ctrl Pts',(62.2644,156.3478,0.));
#11326=CARTESIAN_POINT('Ctrl Pts',(62.2644,156.3478,1.6));
#11327=CARTESIAN_POINT('',(61.910847,156.201353,1.6));
#11328=CARTESIAN_POINT('Ctrl Pts',(61.910847,156.201353,1.6));
#11329=CARTESIAN_POINT('Ctrl Pts',(62.004615,156.295122,1.6));
#11330=CARTESIAN_POINT('Ctrl Pts',(62.131792,156.3478,1.6));
#11331=CARTESIAN_POINT('Ctrl Pts',(62.2644,156.3478,1.6));
#11332=CARTESIAN_POINT('',(61.910847,156.201353,0.));
#11333=CARTESIAN_POINT('Ctrl Pts',(61.7644,155.8478,0.));
#11334=CARTESIAN_POINT('Ctrl Pts',(61.7644,155.8478,1.6));
#11335=CARTESIAN_POINT('Ctrl Pts',(61.7644,155.980408,0.));
#11336=CARTESIAN_POINT('Ctrl Pts',(61.7644,155.980408,1.6));
#11337=CARTESIAN_POINT('Ctrl Pts',(61.817078,156.107585,0.));
#11338=CARTESIAN_POINT('Ctrl Pts',(61.817078,156.107585,1.6));
#11339=CARTESIAN_POINT('Ctrl Pts',(61.910847,156.201353,0.));
#11340=CARTESIAN_POINT('Ctrl Pts',(61.910847,156.201353,1.6));
#11341=CARTESIAN_POINT('',(61.7644,155.8478,1.6));
#11342=CARTESIAN_POINT('Ctrl Pts',(61.7644,155.8478,1.6));
#11343=CARTESIAN_POINT('Ctrl Pts',(61.7644,155.980408,1.6));
#11344=CARTESIAN_POINT('Ctrl Pts',(61.817078,156.107585,1.6));
#11345=CARTESIAN_POINT('Ctrl Pts',(61.910847,156.201353,1.6));
#11346=CARTESIAN_POINT('',(61.7644,155.8478,0.));
#11347=CARTESIAN_POINT('Origin',(61.7644,142.9478,0.));
#11348=CARTESIAN_POINT('',(61.7644,142.9478,1.6));
#11349=CARTESIAN_POINT('',(61.7644,142.9478,1.6));
#11350=CARTESIAN_POINT('',(61.7644,142.9478,0.));
#11351=CARTESIAN_POINT('Ctrl Pts',(61.910847,142.594247,0.));
#11352=CARTESIAN_POINT('Ctrl Pts',(61.910847,142.594247,1.6));
#11353=CARTESIAN_POINT('Ctrl Pts',(61.817078,142.688015,0.));
#11354=CARTESIAN_POINT('Ctrl Pts',(61.817078,142.688015,1.6));
#11355=CARTESIAN_POINT('Ctrl Pts',(61.7644,142.815192,0.));
#11356=CARTESIAN_POINT('Ctrl Pts',(61.7644,142.815192,1.6));
#11357=CARTESIAN_POINT('Ctrl Pts',(61.7644,142.9478,0.));
#11358=CARTESIAN_POINT('Ctrl Pts',(61.7644,142.9478,1.6));
#11359=CARTESIAN_POINT('',(61.910847,142.594247,1.6));
#11360=CARTESIAN_POINT('Ctrl Pts',(61.910847,142.594247,1.6));
#11361=CARTESIAN_POINT('Ctrl Pts',(61.817078,142.688015,1.6));
#11362=CARTESIAN_POINT('Ctrl Pts',(61.7644,142.815192,1.6));
#11363=CARTESIAN_POINT('Ctrl Pts',(61.7644,142.9478,1.6));
#11364=CARTESIAN_POINT('',(61.910847,142.594247,0.));
#11365=CARTESIAN_POINT('Ctrl Pts',(62.2644,142.4478,0.));
#11366=CARTESIAN_POINT('Ctrl Pts',(62.2644,142.4478,1.6));
#11367=CARTESIAN_POINT('Ctrl Pts',(62.131792,142.4478,0.));
#11368=CARTESIAN_POINT('Ctrl Pts',(62.131792,142.4478,1.6));
#11369=CARTESIAN_POINT('Ctrl Pts',(62.004615,142.500478,0.));
#11370=CARTESIAN_POINT('Ctrl Pts',(62.004615,142.500478,1.6));
#11371=CARTESIAN_POINT('Ctrl Pts',(61.910847,142.594247,0.));
#11372=CARTESIAN_POINT('Ctrl Pts',(61.910847,142.594247,1.6));
#11373=CARTESIAN_POINT('',(62.2644,142.4478,1.6));
#11374=CARTESIAN_POINT('Ctrl Pts',(62.2644,142.4478,1.6));
#11375=CARTESIAN_POINT('Ctrl Pts',(62.131792,142.4478,1.6));
#11376=CARTESIAN_POINT('Ctrl Pts',(62.004615,142.500478,1.6));
#11377=CARTESIAN_POINT('Ctrl Pts',(61.910847,142.594247,1.6));
#11378=CARTESIAN_POINT('',(62.2644,142.4478,0.));
#11379=CARTESIAN_POINT('Origin',(75.1644,142.4478,0.));
#11380=CARTESIAN_POINT('',(75.1644,142.4478,1.6));
#11381=CARTESIAN_POINT('',(75.1644,142.4478,1.6));
#11382=CARTESIAN_POINT('',(75.1644,142.4478,0.));
#11383=CARTESIAN_POINT('Ctrl Pts',(75.517953,142.594247,0.));
#11384=CARTESIAN_POINT('Ctrl Pts',(75.517953,142.594247,1.6));
#11385=CARTESIAN_POINT('Ctrl Pts',(75.424185,142.500478,0.));
#11386=CARTESIAN_POINT('Ctrl Pts',(75.424185,142.500478,1.6));
#11387=CARTESIAN_POINT('Ctrl Pts',(75.297008,142.4478,0.));
#11388=CARTESIAN_POINT('Ctrl Pts',(75.297008,142.4478,1.6));
#11389=CARTESIAN_POINT('Ctrl Pts',(75.1644,142.4478,0.));
#11390=CARTESIAN_POINT('Ctrl Pts',(75.1644,142.4478,1.6));
#11391=CARTESIAN_POINT('',(75.517953,142.594247,1.6));
#11392=CARTESIAN_POINT('Ctrl Pts',(75.517953,142.594247,1.6));
#11393=CARTESIAN_POINT('Ctrl Pts',(75.424185,142.500478,1.6));
#11394=CARTESIAN_POINT('Ctrl Pts',(75.297008,142.4478,1.6));
#11395=CARTESIAN_POINT('Ctrl Pts',(75.1644,142.4478,1.6));
#11396=CARTESIAN_POINT('',(75.517953,142.594247,0.));
#11397=CARTESIAN_POINT('Ctrl Pts',(75.6644,142.9478,0.));
#11398=CARTESIAN_POINT('Ctrl Pts',(75.6644,142.9478,1.6));
#11399=CARTESIAN_POINT('Ctrl Pts',(75.6644,142.815192,0.));
#11400=CARTESIAN_POINT('Ctrl Pts',(75.6644,142.815192,1.6));
#11401=CARTESIAN_POINT('Ctrl Pts',(75.611722,142.688015,0.));
#11402=CARTESIAN_POINT('Ctrl Pts',(75.611722,142.688015,1.6));
#11403=CARTESIAN_POINT('Ctrl Pts',(75.517953,142.594247,0.));
#11404=CARTESIAN_POINT('Ctrl Pts',(75.517953,142.594247,1.6));
#11405=CARTESIAN_POINT('',(75.6644,142.9478,1.6));
#11406=CARTESIAN_POINT('Ctrl Pts',(75.6644,142.9478,1.6));
#11407=CARTESIAN_POINT('Ctrl Pts',(75.6644,142.815192,1.6));
#11408=CARTESIAN_POINT('Ctrl Pts',(75.611722,142.688015,1.6));
#11409=CARTESIAN_POINT('Ctrl Pts',(75.517953,142.594247,1.6));
#11410=CARTESIAN_POINT('',(75.6644,142.9478,0.));
#11411=CARTESIAN_POINT('Origin',(75.6644,155.8478,0.));
#11412=CARTESIAN_POINT('',(75.6644,155.8478,1.6));
#11413=CARTESIAN_POINT('',(75.6644,155.8478,1.6));
#11414=CARTESIAN_POINT('',(75.6644,155.8478,0.));
#11415=CARTESIAN_POINT('Ctrl Pts',(75.517953,156.201353,0.));
#11416=CARTESIAN_POINT('Ctrl Pts',(75.517953,156.201353,1.6));
#11417=CARTESIAN_POINT('Ctrl Pts',(75.611722,156.107585,0.));
#11418=CARTESIAN_POINT('Ctrl Pts',(75.611722,156.107585,1.6));
#11419=CARTESIAN_POINT('Ctrl Pts',(75.6644,155.980408,0.));
#11420=CARTESIAN_POINT('Ctrl Pts',(75.6644,155.980408,1.6));
#11421=CARTESIAN_POINT('Ctrl Pts',(75.6644,155.8478,0.));
#11422=CARTESIAN_POINT('Ctrl Pts',(75.6644,155.8478,1.6));
#11423=CARTESIAN_POINT('',(75.517953,156.201353,1.6));
#11424=CARTESIAN_POINT('Ctrl Pts',(75.517953,156.201353,1.6));
#11425=CARTESIAN_POINT('Ctrl Pts',(75.611722,156.107585,1.6));
#11426=CARTESIAN_POINT('Ctrl Pts',(75.6644,155.980408,1.6));
#11427=CARTESIAN_POINT('Ctrl Pts',(75.6644,155.8478,1.6));
#11428=CARTESIAN_POINT('',(75.517953,156.201353,0.));
#11429=CARTESIAN_POINT('Ctrl Pts',(75.1644,156.3478,0.));
#11430=CARTESIAN_POINT('Ctrl Pts',(75.1644,156.3478,1.6));
#11431=CARTESIAN_POINT('Ctrl Pts',(75.297008,156.3478,0.));
#11432=CARTESIAN_POINT('Ctrl Pts',(75.297008,156.3478,1.6));
#11433=CARTESIAN_POINT('Ctrl Pts',(75.424185,156.295122,0.));
#11434=CARTESIAN_POINT('Ctrl Pts',(75.424185,156.295122,1.6));
#11435=CARTESIAN_POINT('Ctrl Pts',(75.517953,156.201353,0.));
#11436=CARTESIAN_POINT('Ctrl Pts',(75.517953,156.201353,1.6));
#11437=CARTESIAN_POINT('Ctrl Pts',(75.1644,156.3478,1.6));
#11438=CARTESIAN_POINT('Ctrl Pts',(75.297008,156.3478,1.6));
#11439=CARTESIAN_POINT('Ctrl Pts',(75.424185,156.295122,1.6));
#11440=CARTESIAN_POINT('Ctrl Pts',(75.517953,156.201353,1.6));
#11441=CARTESIAN_POINT('Origin',(77.705383447809,162.496299999863,0.));
#11442=CARTESIAN_POINT('',(60.6925810965398,162.496299999681,0.));
#11443=CARTESIAN_POINT('',(77.7053834478094,162.496300000074,0.));
#11444=CARTESIAN_POINT('Ctrl Pts',(81.0496438633454,161.570020008879,-0.0197422134971836));
#11445=CARTESIAN_POINT('Ctrl Pts',(81.0496438633454,161.570020008879,8.01974221349718));
#11446=CARTESIAN_POINT('Ctrl Pts',(81.0496343574987,161.57002571222,-0.0197422134971836));
#11447=CARTESIAN_POINT('Ctrl Pts',(81.0496343574987,161.57002571222,8.01974221349718));
#11448=CARTESIAN_POINT('Ctrl Pts',(81.0496248509258,161.570031415996,-0.0197422134971836));
#11449=CARTESIAN_POINT('Ctrl Pts',(81.0496248509258,161.570031415996,8.01974221349718));
#11450=CARTESIAN_POINT('Ctrl Pts',(81.0496153451397,161.570037119301,-0.0197422134971836));
#11451=CARTESIAN_POINT('Ctrl Pts',(81.0496153451397,161.570037119301,8.01974221349718));
#11452=CARTESIAN_POINT('Ctrl Pts',(81.0333111728312,161.579819335985,-0.0197422134971836));
#11453=CARTESIAN_POINT('Ctrl Pts',(81.0333111728312,161.579819335985,8.01974221349718));
#11454=CARTESIAN_POINT('Ctrl Pts',(80.9788786018827,161.612022897115,-0.0197422134971836));
#11455=CARTESIAN_POINT('Ctrl Pts',(80.9788786018827,161.612022897115,8.01974221349718));
#11456=CARTESIAN_POINT('Ctrl Pts',(80.9432351877287,161.632498830178,-0.0197422134971836));
#11457=CARTESIAN_POINT('Ctrl Pts',(80.9432351877287,161.632498830178,8.01974221349718));
#11458=CARTESIAN_POINT('Ctrl Pts',(79.958716722933,162.198071311464,-0.0197422134971836));
#11459=CARTESIAN_POINT('Ctrl Pts',(79.958716722933,162.198071311464,8.01974221349718));
#11460=CARTESIAN_POINT('Ctrl Pts',(78.8421133097974,162.496311579869,-0.0197422134971836));
#11461=CARTESIAN_POINT('Ctrl Pts',(78.8421133097974,162.496311579869,8.01974221349718));
#11462=CARTESIAN_POINT('Ctrl Pts',(77.7053834478094,162.496300000074,-0.0197422134971836));
#11463=CARTESIAN_POINT('Ctrl Pts',(77.7053834478094,162.496300000074,8.01974221349718));
#11464=CARTESIAN_POINT('',(81.0496406913663,161.570021912011,1.6));
#11465=CARTESIAN_POINT('',(81.0496406913663,161.570021912011,0.));
#11466=CARTESIAN_POINT('',(81.0496406913663,161.570021912011,0.));
#11467=CARTESIAN_POINT('Origin',(88.005748354729,157.3962,0.));
#11468=CARTESIAN_POINT('Ctrl Pts',(19.0363000000727,86.4723388431381,-0.019948943024823));
#11469=CARTESIAN_POINT('Ctrl Pts',(19.0363000000727,86.4723388431381,8.01994894302482));
#11470=CARTESIAN_POINT('Ctrl Pts',(19.036258637182,84.0754765266344,-0.019948943024823));
#11471=CARTESIAN_POINT('Ctrl Pts',(19.036258637182,84.0754765266344,8.01994894302482));
#11472=CARTESIAN_POINT('Ctrl Pts',(20.3584540710167,81.91066603963,-0.019948943024823));
#11473=CARTESIAN_POINT('Ctrl Pts',(20.3584540710167,81.91066603963,8.01994894302482));
#11474=CARTESIAN_POINT('Ctrl Pts',(22.3839234186124,80.7873893353643,-0.019948943024823));
#11475=CARTESIAN_POINT('Ctrl Pts',(22.3839234186124,80.7873893353643,8.01994894302482));
#11476=CARTESIAN_POINT('Ctrl Pts',(22.9717873668636,80.4613740939428,-0.019948943024823));
#11477=CARTESIAN_POINT('Ctrl Pts',(22.9717873668636,80.4613740939428,8.01994894302482));
#11478=CARTESIAN_POINT('Ctrl Pts',(23.6202255876651,80.2222184693499,-0.019948943024823));
#11479=CARTESIAN_POINT('Ctrl Pts',(23.6202255876651,80.2222184693499,8.01994894302482));
#11480=CARTESIAN_POINT('Ctrl Pts',(24.3032506550656,80.0902525222461,-0.019948943024823));
#11481=CARTESIAN_POINT('Ctrl Pts',(24.3032506550656,80.0902525222461,8.01994894302482));
#11482=CARTESIAN_POINT('',(19.0363000000727,86.4723388431416,0.));
#11483=CARTESIAN_POINT('Origin',(19.0363000003634,135.447649563467,0.));
#11484=CARTESIAN_POINT('',(19.0363000003634,135.447649563467,0.));
#11485=CARTESIAN_POINT('Ctrl Pts',(21.7714911415923,140.746442871374,-0.00301663976683844));
#11486=CARTESIAN_POINT('Ctrl Pts',(21.7714911415923,140.746442871374,8.00301663976684));
#11487=CARTESIAN_POINT('Ctrl Pts',(20.058430803171,139.529287349342,-0.00301663976683844));
#11488=CARTESIAN_POINT('Ctrl Pts',(20.058430803171,139.529287349342,8.00301663976684));
#11489=CARTESIAN_POINT('Ctrl Pts',(19.0362697177776,137.54908364688,-0.00301663976683844));
#11490=CARTESIAN_POINT('Ctrl Pts',(19.0362697177776,137.54908364688,8.00301663976684));
#11491=CARTESIAN_POINT('Ctrl Pts',(19.0363000003634,135.447649563467,-0.00301663976683844));
#11492=CARTESIAN_POINT('Ctrl Pts',(19.0363000003634,135.447649563467,8.00301663976684));
#11493=CARTESIAN_POINT('',(21.7714911415923,140.746442871374,0.));
#11494=CARTESIAN_POINT('Origin',(39.2796164621809,153.18638980888,0.));
#11495=CARTESIAN_POINT('',(39.2796164621809,153.18638980888,0.));
#11496=CARTESIAN_POINT('Ctrl Pts',(40.3306807207921,153.79413739854,-0.0199005578263377));
#11497=CARTESIAN_POINT('Ctrl Pts',(40.3306807207921,153.79413739854,8.01990055782634));
#11498=CARTESIAN_POINT('Ctrl Pts',(40.3306664753817,153.794130852654,-0.0199005578263377));
#11499=CARTESIAN_POINT('Ctrl Pts',(40.3306664753817,153.794130852654,8.01990055782634));
#11500=CARTESIAN_POINT('Ctrl Pts',(40.3306522302092,153.794124306878,-0.0199005578263377));
#11501=CARTESIAN_POINT('Ctrl Pts',(40.3306522302092,153.794124306878,8.01990055782634));
#11502=CARTESIAN_POINT('Ctrl Pts',(40.3306379848576,153.794117761019,-0.0199005578263377));
#11503=CARTESIAN_POINT('Ctrl Pts',(40.3306379848576,153.794117761019,8.01990055782634));
#11504=CARTESIAN_POINT('Ctrl Pts',(40.3132754166189,153.786139515115,-0.0199005578263377));
#11505=CARTESIAN_POINT('Ctrl Pts',(40.3132754166189,153.786139515115,8.01990055782634));
#11506=CARTESIAN_POINT('Ctrl Pts',(40.2555579225284,153.75918270374,-0.0199005578263377));
#11507=CARTESIAN_POINT('Ctrl Pts',(40.2555579225284,153.75918270374,8.01990055782634));
#11508=CARTESIAN_POINT('Ctrl Pts',(40.2182735058614,153.741179656245,-0.0199005578263377));
#11509=CARTESIAN_POINT('Ctrl Pts',(40.2182735058614,153.741179656245,8.01990055782634));
#11510=CARTESIAN_POINT('Ctrl Pts',(39.8904609238875,153.582893004338,-0.0199005578263377));
#11511=CARTESIAN_POINT('Ctrl Pts',(39.8904609238875,153.582893004338,8.01990055782634));
#11512=CARTESIAN_POINT('Ctrl Pts',(39.5764647581961,153.397318873152,-0.0199005578263377));
#11513=CARTESIAN_POINT('Ctrl Pts',(39.5764647581961,153.397318873152,8.01990055782634));
#11514=CARTESIAN_POINT('Ctrl Pts',(39.2796164621809,153.18638980888,-0.0199005578263377));
#11515=CARTESIAN_POINT('Ctrl Pts',(39.2796164621809,153.18638980888,8.01990055782634));
#11516=CARTESIAN_POINT('',(40.3306807209977,153.794137398634,0.));
#11517=CARTESIAN_POINT('Origin',(57.9788343067464,161.902807965577,0.));
#11518=CARTESIAN_POINT('',(57.9788343069538,161.902807965672,0.));
#11519=CARTESIAN_POINT('Ctrl Pts',(60.6925810965395,162.496299999681,-0.0127490120102907));
#11520=CARTESIAN_POINT('Ctrl Pts',(60.6925810965395,162.496299999681,8.01274901201029));
#11521=CARTESIAN_POINT('Ctrl Pts',(60.0304975211789,162.496323809523,-0.0127490120102907));
#11522=CARTESIAN_POINT('Ctrl Pts',(60.0304975211789,162.496323809523,8.01274901201029));
#11523=CARTESIAN_POINT('Ctrl Pts',(59.3738586028099,162.395190400174,-0.0127490120102907));
#11524=CARTESIAN_POINT('Ctrl Pts',(59.3738586028099,162.395190400174,8.01274901201029));
#11525=CARTESIAN_POINT('Ctrl Pts',(58.7451680544512,162.197790731953,-0.0127490120102907));
#11526=CARTESIAN_POINT('Ctrl Pts',(58.7451680544512,162.197790731953,8.01274901201029));
#11527=CARTESIAN_POINT('Ctrl Pts',(58.5095958458342,162.123824492211,-0.0127490120102907));
#11528=CARTESIAN_POINT('Ctrl Pts',(58.5095958458342,162.123824492211,8.01274901201029));
#11529=CARTESIAN_POINT('Ctrl Pts',(58.2779316292024,162.036337861712,-0.0127490120102907));
#11530=CARTESIAN_POINT('Ctrl Pts',(58.2779316292024,162.036337861712,8.01274901201029));
#11531=CARTESIAN_POINT('Ctrl Pts',(58.0513885793595,161.935603531338,-0.0127490120102907));
#11532=CARTESIAN_POINT('Ctrl Pts',(58.0513885793595,161.935603531338,8.01274901201029));
#11533=CARTESIAN_POINT('Ctrl Pts',(58.0271565539743,161.924828551252,-0.0127490120102907));
#11534=CARTESIAN_POINT('Ctrl Pts',(58.0271565539743,161.924828551252,8.01274901201029));
#11535=CARTESIAN_POINT('Ctrl Pts',(57.9900315635597,161.907951889347,-0.0127490120102907));
#11536=CARTESIAN_POINT('Ctrl Pts',(57.9900315635597,161.907951889347,8.01274901201029));
#11537=CARTESIAN_POINT('Ctrl Pts',(57.9789012762396,161.902838730788,-0.0127490120102907));
#11538=CARTESIAN_POINT('Ctrl Pts',(57.9789012762396,161.902838730788,8.01274901201029));
#11539=CARTESIAN_POINT('Ctrl Pts',(57.9788789532453,161.902828475796,-0.0127490120102907));
#11540=CARTESIAN_POINT('Ctrl Pts',(57.9788789532453,161.902828475796,8.01274901201029));
#11541=CARTESIAN_POINT('Ctrl Pts',(57.9788566308528,161.90281822108,-0.0127490120102907));
#11542=CARTESIAN_POINT('Ctrl Pts',(57.9788566308528,161.90281822108,8.01274901201029));
#11543=CARTESIAN_POINT('Ctrl Pts',(57.9788343076639,161.902807965998,-0.0127490120102907));
#11544=CARTESIAN_POINT('Ctrl Pts',(57.9788343076639,161.902807965998,8.01274901201029));
#11545=CARTESIAN_POINT('Origin',(79.0361811760341,112.988864444325,1.6));
#11546=UNCERTAINTY_MEASURE_WITH_UNIT(LENGTH_MEASURE(0.01),#11550,
'DISTANCE_ACCURACY_VALUE',
'Maximum model space distance between geometric entities at asserted c
onnectivities');
#11547=UNCERTAINTY_MEASURE_WITH_UNIT(LENGTH_MEASURE(0.01),#11550,
'DISTANCE_ACCURACY_VALUE',
'Maximum model space distance between geometric entities at asserted c
onnectivities');
#11548=(
GEOMETRIC_REPRESENTATION_CONTEXT(3)
GLOBAL_UNCERTAINTY_ASSIGNED_CONTEXT((#11546))
GLOBAL_UNIT_ASSIGNED_CONTEXT((#11550,#11552,#11553))
REPRESENTATION_CONTEXT('','3D')
);
#11549=(
GEOMETRIC_REPRESENTATION_CONTEXT(3)
GLOBAL_UNCERTAINTY_ASSIGNED_CONTEXT((#11547))
GLOBAL_UNIT_ASSIGNED_CONTEXT((#11550,#11552,#11553))
REPRESENTATION_CONTEXT('','3D')
);
#11550=(
LENGTH_UNIT()
NAMED_UNIT(*)
SI_UNIT(.MILLI.,.METRE.)
);
#11551=(
LENGTH_UNIT()
NAMED_UNIT(*)
SI_UNIT($,.METRE.)
);
#11552=(
NAMED_UNIT(*)
PLANE_ANGLE_UNIT()
SI_UNIT($,.RADIAN.)
);
#11553=(
NAMED_UNIT(*)
SI_UNIT($,.STERADIAN.)
SOLID_ANGLE_UNIT()
);
#11554=SHAPE_DEFINITION_REPRESENTATION(#11555,#11556);
#11555=PRODUCT_DEFINITION_SHAPE('',$,#11558);
#11556=SHAPE_REPRESENTATION('',(#5910),#11548);
#11557=PRODUCT_DEFINITION_CONTEXT('part definition',#11562,'design');
#11558=PRODUCT_DEFINITION('2026-03-20-20-22-17-701','Untitled',#11559,#11557);
#11559=PRODUCT_DEFINITION_FORMATION('',$,#11564);
#11560=PRODUCT_RELATED_PRODUCT_CATEGORY('Untitled','Untitled',(#11564));
#11561=APPLICATION_PROTOCOL_DEFINITION('international standard',
'automotive_design',2009,#11562);
#11562=APPLICATION_CONTEXT(
'Core Data for Automotive Mechanical Design Process');
#11563=PRODUCT_CONTEXT('part definition',#11562,'mechanical');
#11564=PRODUCT('2026-03-20-20-22-17-701','Untitled',$,(#11563));
#11565=PRESENTATION_STYLE_ASSIGNMENT((#11566));
#11566=SURFACE_STYLE_USAGE(.BOTH.,#11567);
#11567=SURFACE_SIDE_STYLE('',(#11568));
#11568=SURFACE_STYLE_FILL_AREA(#11569);
#11569=FILL_AREA_STYLE('Steel - Satin',(#11570));
#11570=FILL_AREA_STYLE_COLOUR('Steel - Satin',#11571);
#11571=COLOUR_RGB('Steel - Satin',0.627450980392157,0.627450980392157,0.627450980392157);
ENDSEC;
END-ISO-10303-21;
