  0
SECTION
  2
HEADER
  9
$ACADVER
  1
AC1014
  9
$HANDSEED
  5
FFFF
  9
$INSUNITS
 70
     4
  9
$MEASUREMENT
 70
     1
  0
ENDSEC
  0
SECTION
  2
TABLES
  0
TABLE
  2
VPORT
  5
8
330
0
100
AcDbSymbolTable
 70
     4
  0
VPORT
  5
2E
330
8
100
AcDbSymbolTableRecord
100
AcDbViewportTableRecord
  2
*ACTIVE
 70
     0
 10
0.0
 20
0.0
 11
1.0
 21
1.0
 12
210.0
 22
148.5
 13
0.0
 23
0.0
 14
10.0
 24
10.0
 15
10.0
 25
10.0
 16
0.0
 26
0.0
 36
1.0
 17
0.0
 27
0.0
 37
0.0
 40
341.0
 41
1.24
 42
50.0
 43
0.0
 44
0.0
 50
0.0
 51
0.0
 71
     0
 72
   100
 73
     1
 74
     3
 75
     0
 76
     0
 77
     0
 78
     0
  0
ENDTAB
  0
TABLE
  2
LTYPE
  5
5
330
0
100
AcDbSymbolTable
 70
     1
  0
LTYPE
  5
14
330
5
100
AcDbSymbolTableRecord
100
AcDbLinetypeTableRecord
  2
BYBLOCK
 70
     0
  3

 72
    65
 73
     0
 40
0.0
  0
LTYPE
  5
15
330
5
100
AcDbSymbolTableRecord
100
AcDbLinetypeTableRecord
  2
BYLAYER
 70
     0
  3

 72
    65
 73
     0
 40
0.0
  0
LTYPE
  5
16
330
5
100
AcDbSymbolTableRecord
100
AcDbLinetypeTableRecord
  2
CONTINUOUS
 70
     0
  3
Solid line
 72
    65
 73
     0
 40
0.0
  0
ENDTAB
  0
TABLE
  2
LAYER
  5
2
100
AcDbSymbolTable
 70
1
  0
LAYER
  5
50
100
AcDbSymbolTableRecord
100
AcDbLayerTableRecord
  2
0
 70
0
  6
CONTINUOUS
  0
ENDTAB
  0
TABLE
  2
STYLE
  5
3
330
0
100
AcDbSymbolTable
 70
     1
  0
STYLE
  5
11
330
3
100
AcDbSymbolTableRecord
100
AcDbTextStyleTableRecord
  2
STANDARD
 70
     0
 40
0.0
 41
1.0
 50
0.0
 71
     0
 42
2.5
  3
txt
  4

  0
ENDTAB
  0
TABLE
  2
VIEW
  5
6
330
0
100
AcDbSymbolTable
 70
     0
  0
ENDTAB
  0
TABLE
  2
UCS
  5
7
330
0
100
AcDbSymbolTable
 70
     0
  0
ENDTAB
  0
TABLE
  2
APPID
  5
9
330
0
100
AcDbSymbolTable
 70
     2
  0
APPID
  5
12
330
9
100
AcDbSymbolTableRecord
100
AcDbRegAppTableRecord
  2
ACAD
 70
     0
  0
ENDTAB
  0
TABLE
  2
DIMSTYLE
  5
A
330
0
100
AcDbSymbolTable
 70
     1
  0
DIMSTYLE
105
27
330
A
100
AcDbSymbolTableRecord
100
AcDbDimStyleTableRecord
  2
ISO-25
 70
     0
  3

  4

  5

  6

  7

 40
1.0
 41
2.5
 42
0.625
 43
3.75
 44
1.25
 45
0.0
 46
0.0
 47
0.0
 48
0.0
140
2.5
141
2.5
142
0.0
143
0.03937007874016
144
1.0
145
0.0
146
1.0
147
0.625
 71
     0
 72
     0
 73
     0
 74
     0
 75
     0
 76
     0
 77
     1
 78
     8
170
     0
171
     3
172
     1
173
     0
174
     0
175
     0
176
     0
177
     0
178
     0
270
     2
271
     2
272
     2
273
     2
274
     3
340
11
275
     0
280
     0
281
     0
282
     0
283
     0
284
     8
285
     0
286
     0
287
     3
288
     0
  0
ENDTAB
  0
TABLE
  2
BLOCK_RECORD
  5
1
330
0
100
AcDbSymbolTable
 70
     1
  0
BLOCK_RECORD
  5
1F
330
1
100
AcDbSymbolTableRecord
100
AcDbBlockTableRecord
  2
*MODEL_SPACE
  0
BLOCK_RECORD
  5
1B
330
1
100
AcDbSymbolTableRecord
100
AcDbBlockTableRecord
  2
*PAPER_SPACE
  0
ENDTAB
  0
ENDSEC
  0
SECTION
  2
BLOCKS
  0
BLOCK
  5
20
330
1F
100
AcDbEntity
  8
0
100
AcDbBlockBegin
  2
*MODEL_SPACE
 70
     0
 10
0.0
 20
0.0
 30
0.0
  3
*MODEL_SPACE
  1

  0
ENDBLK
  5
21
330
1F
100
AcDbEntity
  8
0
100
AcDbBlockEnd
  0
BLOCK
  5
1C
330
1B
100
AcDbEntity
 67
     1
  8
0
100
AcDbBlockBegin
  2
*PAPER_SPACE
  1

  0
ENDBLK
  5
1D
330
1B
100
AcDbEntity
 67
     1
  8
0
100
AcDbBlockEnd
  0
ENDSEC
  0
SECTION
  2
ENTITIES
  0
LWPOLYLINE
  5
100
100
AcDbEntity
  8
0
 62
7
100
AcDbPolyline
 90
2
 70
0
 10
79.248900
 20
158.568800
 30
0.0
 10
86.323800
 20
154.323700
 30
0.0
  0
LWPOLYLINE
  5
101
100
AcDbEntity
  8
0
 62
7
100
AcDbPolyline
 90
2
 70
0
 10
167.199200
 20
67.221000
 30
0.0
 10
251.605400
 20
83.526700
 30
0.0
  0
LWPOLYLINE
  5
102
100
AcDbEntity
  8
0
 62
7
100
AcDbPolyline
 90
2
 70
0
 10
141.036400
 20
113.496300
 30
0.0
 10
140.786400
 20
113.496300
 30
0.0
  0
SPLINE
  5
103
100
AcDbEntity
  8
0
 62
7
100
AcDbSpline
 70
8
 71
3
 72
8
 73
4
 74
0
 40
0
 40
0
 40
0
 40
0
 40
1
 40
1
 40
1
 40
1
 10
152.240000
 20
121.704200
 30
0.0
 10
152.847352
 20
121.704200
 30
0.0
 10
153.408567
 20
122.028218
 30
0.0
 10
153.712243
 20
122.554200
 30
0.0
  0
SPLINE
  5
104
100
AcDbEntity
  8
0
 62
7
100
AcDbSpline
 70
8
 71
3
 72
8
 73
4
 74
0
 40
0
 40
0
 40
0
 40
0
 40
1
 40
1
 40
1
 40
1
 10
153.712243
 20
122.554200
 30
0.0
 10
154.015919
 20
123.080182
 30
0.0
 10
154.015919
 20
123.728218
 30
0.0
 10
153.712243
 20
124.254200
 30
0.0
  0
SPLINE
  5
105
100
AcDbEntity
  8
0
 62
7
100
AcDbSpline
 70
8
 71
3
 72
8
 73
4
 74
0
 40
0
 40
0
 40
0
 40
0
 40
1
 40
1
 40
1
 40
1
 10
153.712243
 20
124.254200
 30
0.0
 10
153.408567
 20
124.780182
 30
0.0
 10
152.847352
 20
125.104200
 30
0.0
 10
152.240000
 20
125.104200
 30
0.0
  0
SPLINE
  5
106
100
AcDbEntity
  8
0
 62
7
100
AcDbSpline
 70
8
 71
3
 72
8
 73
4
 74
0
 40
0
 40
0
 40
0
 40
0
 40
1
 40
1
 40
1
 40
1
 10
141.129400
 20
153.896200
 30
0.0
 10
141.103819
 20
153.895288
 30
0.0
 10
141.079648
 20
153.884250
 30
0.0
 10
141.062206
 20
153.865514
 30
0.0
  0
SPLINE
  5
107
100
AcDbEntity
  8
0
 62
7
100
AcDbSpline
 70
8
 71
3
 72
8
 73
4
 74
0
 40
0
 40
0
 40
0
 40
0
 40
1
 40
1
 40
1
 40
1
 10
141.062206
 20
153.865514
 30
0.0
 10
141.044765
 20
153.846779
 30
0.0
 10
141.035482
 20
153.821881
 30
0.0
 10
141.036400
 20
153.796300
 30
0.0
  0
LWPOLYLINE
  5
108
100
AcDbEntity
  8
0
 62
7
100
AcDbPolyline
 90
2
 70
0
 10
135.536400
 20
153.796300
 30
0.0
 10
135.536400
 20
113.496300
 30
0.0
  0
SPLINE
  5
109
100
AcDbEntity
  8
0
 62
7
100
AcDbSpline
 70
8
 71
3
 72
8
 73
4
 74
0
 40
0
 40
0
 40
0
 40
0
 40
1
 40
1
 40
1
 40
1
 10
124.332700
 20
125.103800
 30
0.0
 10
123.393816
 20
125.103800
 30
0.0
 10
122.632700
 20
124.342684
 30
0.0
 10
122.632700
 20
123.403800
 30
0.0
  0
SPLINE
  5
10a
100
AcDbEntity
  8
0
 62
7
100
AcDbSpline
 70
8
 71
3
 72
8
 73
4
 74
0
 40
0
 40
0
 40
0
 40
0
 40
1
 40
1
 40
1
 40
1
 10
122.632700
 20
123.403800
 30
0.0
 10
122.632700
 20
122.464916
 30
0.0
 10
123.393816
 20
121.703800
 30
0.0
 10
124.332700
 20
121.703800
 30
0.0
  0
SPLINE
  5
10b
100
AcDbEntity
  8
0
 62
7
100
AcDbSpline
 70
8
 71
3
 72
8
 73
4
 74
0
 40
0
 40
0
 40
0
 40
0
 40
1
 40
1
 40
1
 40
1
 10
251.605400
 20
83.526800
 30
0.0
 10
253.016752
 20
83.799435
 30
0.0
 10
254.036378
 20
85.034857
 30
0.0
 10
254.036400
 20
86.472300
 30
0.0
  0
LWPOLYLINE
  5
10c
100
AcDbEntity
  8
0
 62
7
100
AcDbPolyline
 90
2
 70
0
 10
87.867300
 20
153.896200
 30
0.0
 10
135.443400
 20
153.896200
 30
0.0
  0
SPLINE
  5
10d
100
AcDbEntity
  8
0
 62
7
100
AcDbSpline
 70
8
 71
3
 72
8
 73
4
 74
0
 40
0
 40
0
 40
0
 40
0
 40
1
 40
1
 40
1
 40
1
 10
79.248900
 20
158.568800
 30
0.0
 10
78.782648
 20
158.848543
 30
0.0
 10
78.249134
 20
158.996309
 30
0.0
 10
77.705400
 20
158.996300
 30
0.0
  0
SPLINE
  5
10e
100
AcDbEntity
  8
0
 62
7
100
AcDbSpline
 70
8
 71
3
 72
8
 73
4
 74
0
 40
0
 40
0
 40
0
 40
0
 40
1
 40
1
 40
1
 40
1
 10
109.373500
 20
67.221000
 30
0.0
 10
110.120682
 20
67.076656
 30
0.0
 10
110.894798
 20
67.221642
 30
0.0
 10
111.539100
 20
67.626600
 30
0.0
  0
LWPOLYLINE
  5
10f
100
AcDbEntity
  8
0
 62
7
100
AcDbPolyline
 90
2
 70
0
 10
135.536400
 20
107.996300
 30
0.0
 10
135.536400
 20
94.664600
 30
0.0
  0
LWPOLYLINE
  5
110
100
AcDbEntity
  8
0
 62
7
100
AcDbPolyline
 90
2
 70
0
 10
141.036400
 20
153.796300
 30
0.0
 10
141.036400
 20
113.496300
 30
0.0
  0
LWPOLYLINE
  5
111
100
AcDbEntity
  8
0
 62
7
100
AcDbPolyline
 90
2
 70
0
 10
127.290500
 20
77.527500
 30
0.0
 10
111.539100
 20
67.626600
 30
0.0
  0
LWPOLYLINE
  5
112
100
AcDbEntity
  8
0
 62
7
100
AcDbPolyline
 90
2
 70
0
 10
141.036400
 20
107.996300
 30
0.0
 10
141.036400
 20
94.664600
 30
0.0
  0
LWPOLYLINE
  5
113
100
AcDbEntity
  8
0
 62
7
100
AcDbPolyline
 90
2
 70
0
 10
60.692600
 20
158.996300
 30
0.0
 10
77.705400
 20
158.996300
 30
0.0
  0
LWPOLYLINE
  5
114
100
AcDbEntity
  8
0
 62
7
100
AcDbPolyline
 90
2
 70
0
 10
149.240000
 20
125.104200
 30
0.0
 10
152.240000
 20
125.104200
 30
0.0
  0
LWPOLYLINE
  5
115
100
AcDbEntity
  8
0
 62
7
100
AcDbPolyline
 90
2
 70
0
 10
254.036400
 20
86.472300
 30
0.0
 10
254.036400
 20
135.447700
 30
0.0
  0
SPLINE
  5
116
100
AcDbEntity
  8
0
 62
7
100
AcDbSpline
 70
8
 71
3
 72
8
 73
4
 74
0
 40
0
 40
0
 40
0
 40
0
 40
1
 40
1
 40
1
 40
1
 10
41.792100
 20
150.613800
 30
0.0
 10
41.622003
 20
150.535639
 30
0.0
 10
41.459595
 20
150.441729
 30
0.0
 10
41.307000
 20
150.333300
 30
0.0
  0
LWPOLYLINE
  5
117
100
AcDbEntity
  8
0
 62
7
100
AcDbPolyline
 90
2
 70
0
 10
124.332700
 20
125.103800
 30
0.0
 10
127.332700
 20
125.103800
 30
0.0
  0
SPLINE
  5
118
100
AcDbEntity
  8
0
 62
7
100
AcDbSpline
 70
8
 71
3
 72
8
 73
4
 74
0
 40
0
 40
0
 40
0
 40
0
 40
1
 40
1
 40
1
 40
1
 10
217.132700
 20
158.722400
 30
0.0
 10
216.739815
 20
158.902888
 30
0.0
 10
216.312559
 20
158.996322
 30
0.0
 10
215.880200
 20
158.996300
 30
0.0
  0
LWPOLYLINE
  5
119
100
AcDbEntity
  8
0
 62
7
100
AcDbPolyline
 90
2
 70
0
 10
41.792100
 20
150.613800
 30
0.0
 10
59.440100
 20
158.722400
 30
0.0
  0
LWPOLYLINE
  5
11a
100
AcDbEntity
  8
0
 62
7
100
AcDbPolyline
 90
2
 70
0
 10
149.282300
 20
77.527500
 30
0.0
 10
165.033700
 20
67.626600
 30
0.0
  0
LWPOLYLINE
  5
11b
100
AcDbEntity
  8
0
 62
7
100
AcDbPolyline
 90
2
 70
0
 10
149.240000
 20
121.704200
 30
0.0
 10
152.240000
 20
121.704200
 30
0.0
  0
LWPOLYLINE
  5
11c
100
AcDbEntity
  8
0
 62
7
100
AcDbPolyline
 90
2
 70
0
 10
139.786400
 20
107.996300
 30
0.0
 10
136.786400
 20
107.996300
 30
0.0
  0
LWPOLYLINE
  5
11d
100
AcDbEntity
  8
0
 62
7
100
AcDbPolyline
 90
2
 70
0
 10
135.536400
 20
113.496300
 30
0.0
 10
135.786400
 20
113.496300
 30
0.0
  0
SPLINE
  5
11e
100
AcDbEntity
  8
0
 62
7
100
AcDbSpline
 70
8
 71
3
 72
8
 73
4
 74
0
 40
0
 40
0
 40
0
 40
0
 40
1
 40
1
 40
1
 40
1
 10
148.162500
 20
78.794100
 30
0.0
 10
148.406620
 20
78.273276
 30
0.0
 10
148.795324
 20
77.833615
 30
0.0
 10
149.282300
 20
77.527500
 30
0.0
  0
LWPOLYLINE
  5
11f
100
AcDbEntity
  8
0
 62
7
100
AcDbPolyline
 90
2
 70
0
 10
215.880200
 20
158.996300
 30
0.0
 10
198.867300
 20
158.996300
 30
0.0
  0
LWPOLYLINE
  5
120
100
AcDbEntity
  8
0
 62
7
100
AcDbPolyline
 90
2
 70
0
 10
22.536400
 20
86.472300
 30
0.0
 10
22.536400
 20
135.447700
 30
0.0
  0
LWPOLYLINE
  5
121
100
AcDbEntity
  8
0
 62
7
100
AcDbPolyline
 90
2
 70
0
 10
234.780700
 20
150.613800
 30
0.0
 10
217.132700
 20
158.722400
 30
0.0
  0
LWPOLYLINE
  5
122
100
AcDbEntity
  8
0
 62
7
100
AcDbPolyline
 90
2
 70
0
 10
252.774000
 20
137.893300
 30
0.0
 10
235.265800
 20
150.333300
 30
0.0
  0
SPLINE
  5
123
100
AcDbEntity
  8
0
 62
7
100
AcDbSpline
 70
8
 71
3
 72
8
 73
4
 74
0
 40
0
 40
0
 40
0
 40
0
 40
1
 40
1
 40
1
 40
1
 10
198.867300
 20
158.996300
 30
0.0
 10
198.323566
 20
158.996309
 30
0.0
 10
197.790052
 20
158.848543
 30
0.0
 10
197.323800
 20
158.568800
 30
0.0
  0
LWPOLYLINE
  5
124
100
AcDbEntity
  8
0
 62
7
100
AcDbPolyline
 90
2
 70
0
 10
135.536400
 20
107.996300
 30
0.0
 10
135.786400
 20
107.996300
 30
0.0
  0
LWPOLYLINE
  5
125
100
AcDbEntity
  8
0
 62
7
100
AcDbPolyline
 90
2
 70
0
 10
188.705400
 20
153.896200
 30
0.0
 10
141.129400
 20
153.896200
 30
0.0
  0
LWPOLYLINE
  5
126
100
AcDbEntity
  8
0
 62
7
100
AcDbPolyline
 90
2
 70
0
 10
197.323800
 20
158.568800
 30
0.0
 10
190.248900
 20
154.323700
 30
0.0
  0
SPLINE
  5
127
100
AcDbEntity
  8
0
 62
7
100
AcDbSpline
 70
8
 71
3
 72
8
 73
4
 74
0
 40
0
 40
0
 40
0
 40
0
 40
1
 40
1
 40
1
 40
1
 10
135.252700
 20
93.391300
 30
0.0
 10
135.439519
 20
93.789786
 30
0.0
 10
135.536376
 20
94.224495
 30
0.0
 10
135.536400
 20
94.664600
 30
0.0
  0
LWPOLYLINE
  5
128
100
AcDbEntity
  8
0
 62
7
100
AcDbPolyline
 90
2
 70
0
 10
136.786400
 20
113.496300
 30
0.0
 10
139.786400
 20
113.496300
 30
0.0
  0
LWPOLYLINE
  5
129
100
AcDbEntity
  8
0
 62
7
100
AcDbPolyline
 90
2
 70
0
 10
135.252800
 20
93.391300
 30
0.0
 10
128.410300
 20
78.794100
 30
0.0
  0
SPLINE
  5
12a
100
AcDbEntity
  8
0
 62
7
100
AcDbSpline
 70
8
 71
3
 72
8
 73
4
 74
0
 40
0
 40
0
 40
0
 40
0
 40
1
 40
1
 40
1
 40
1
 10
127.332700
 20
121.703800
 30
0.0
 10
127.940052
 20
121.703800
 30
0.0
 10
128.501268
 20
122.027818
 30
0.0
 10
128.804943
 20
122.553800
 30
0.0
  0
SPLINE
  5
12b
100
AcDbEntity
  8
0
 62
7
100
AcDbSpline
 70
8
 71
3
 72
8
 73
4
 74
0
 40
0
 40
0
 40
0
 40
0
 40
1
 40
1
 40
1
 40
1
 10
128.804943
 20
122.553800
 30
0.0
 10
129.108619
 20
123.079782
 30
0.0
 10
129.108619
 20
123.727818
 30
0.0
 10
128.804943
 20
124.253800
 30
0.0
  0
SPLINE
  5
12c
100
AcDbEntity
  8
0
 62
7
100
AcDbSpline
 70
8
 71
3
 72
8
 73
4
 74
0
 40
0
 40
0
 40
0
 40
0
 40
1
 40
1
 40
1
 40
1
 10
128.804943
 20
124.253800
 30
0.0
 10
128.501268
 20
124.779782
 30
0.0
 10
127.940052
 20
125.103800
 30
0.0
 10
127.332700
 20
125.103800
 30
0.0
  0
SPLINE
  5
12d
100
AcDbEntity
  8
0
 62
7
100
AcDbSpline
 70
8
 71
3
 72
8
 73
4
 74
0
 40
0
 40
0
 40
0
 40
0
 40
1
 40
1
 40
1
 40
1
 10
254.036400
 20
135.447700
 30
0.0
 10
254.036414
 20
136.419218
 30
0.0
 10
253.565968
 20
137.330597
 30
0.0
 10
252.774000
 20
137.893300
 30
0.0
  0
LWPOLYLINE
  5
12e
100
AcDbEntity
  8
0
 62
7
100
AcDbPolyline
 90
2
 70
0
 10
109.373500
 20
67.221000
 30
0.0
 10
24.967300
 20
83.526700
 30
0.0
  0
SPLINE
  5
12f
100
AcDbEntity
  8
0
 62
7
100
AcDbSpline
 70
8
 71
3
 72
8
 73
4
 74
0
 40
0
 40
0
 40
0
 40
0
 40
1
 40
1
 40
1
 40
1
 10
86.323800
 20
154.323700
 30
0.0
 10
86.790052
 20
154.043957
 30
0.0
 10
87.323566
 20
153.896191
 30
0.0
 10
87.867300
 20
153.896200
 30
0.0
  0
SPLINE
  5
130
100
AcDbEntity
  8
0
 62
7
100
AcDbSpline
 70
8
 71
3
 72
8
 73
4
 74
0
 40
0
 40
0
 40
0
 40
0
 40
1
 40
1
 40
1
 40
1
 10
149.240000
 20
125.104200
 30
0.0
 10
148.632648
 20
125.104200
 30
0.0
 10
148.071433
 20
124.780182
 30
0.0
 10
147.767757
 20
124.254200
 30
0.0
  0
SPLINE
  5
131
100
AcDbEntity
  8
0
 62
7
100
AcDbSpline
 70
8
 71
3
 72
8
 73
4
 74
0
 40
0
 40
0
 40
0
 40
0
 40
1
 40
1
 40
1
 40
1
 10
147.767757
 20
124.254200
 30
0.0
 10
147.464081
 20
123.728218
 30
0.0
 10
147.464081
 20
123.080182
 30
0.0
 10
147.767757
 20
122.554200
 30
0.0
  0
SPLINE
  5
132
100
AcDbEntity
  8
0
 62
7
100
AcDbSpline
 70
8
 71
3
 72
8
 73
4
 74
0
 40
0
 40
0
 40
0
 40
0
 40
1
 40
1
 40
1
 40
1
 10
147.767757
 20
122.554200
 30
0.0
 10
148.071433
 20
122.028218
 30
0.0
 10
148.632648
 20
121.704200
 30
0.0
 10
149.240000
 20
121.704200
 30
0.0
  0
SPLINE
  5
133
100
AcDbEntity
  8
0
 62
7
100
AcDbSpline
 70
8
 71
3
 72
8
 73
4
 74
0
 40
0
 40
0
 40
0
 40
0
 40
1
 40
1
 40
1
 40
1
 10
165.033700
 20
67.626600
 30
0.0
 10
165.677975
 20
67.221667
 30
0.0
 10
166.452050
 20
67.076683
 30
0.0
 10
167.199200
 20
67.221000
 30
0.0
  0
SPLINE
  5
134
100
AcDbEntity
  8
0
 62
7
100
AcDbSpline
 70
8
 71
3
 72
8
 73
4
 74
0
 40
0
 40
0
 40
0
 40
0
 40
1
 40
1
 40
1
 40
1
 10
23.798800
 20
137.893300
 30
0.0
 10
23.006832
 20
137.330597
 30
0.0
 10
22.536386
 20
136.419218
 30
0.0
 10
22.536400
 20
135.447700
 30
0.0
  0
LWPOLYLINE
  5
135
100
AcDbEntity
  8
0
 62
7
100
AcDbPolyline
 90
2
 70
0
 10
124.332700
 20
121.703800
 30
0.0
 10
127.332700
 20
121.703800
 30
0.0
  0
SPLINE
  5
136
100
AcDbEntity
  8
0
 62
7
100
AcDbSpline
 70
8
 71
3
 72
8
 73
4
 74
0
 40
0
 40
0
 40
0
 40
0
 40
1
 40
1
 40
1
 40
1
 10
60.692600
 20
158.996300
 30
0.0
 10
60.260241
 20
158.996322
 30
0.0
 10
59.832985
 20
158.902888
 30
0.0
 10
59.440100
 20
158.722400
 30
0.0
  0
SPLINE
  5
137
100
AcDbEntity
  8
0
 62
7
100
AcDbSpline
 70
8
 71
3
 72
8
 73
4
 74
0
 40
0
 40
0
 40
0
 40
0
 40
1
 40
1
 40
1
 40
1
 10
141.036400
 20
94.664600
 30
0.0
 10
141.036393
 20
94.224503
 30
0.0
 10
141.133215
 20
93.789793
 30
0.0
 10
141.320000
 20
93.391300
 30
0.0
  0
SPLINE
  5
138
100
AcDbEntity
  8
0
 62
7
100
AcDbSpline
 70
8
 71
3
 72
8
 73
4
 74
0
 40
0
 40
0
 40
0
 40
0
 40
1
 40
1
 40
1
 40
1
 10
188.705400
 20
153.896200
 30
0.0
 10
189.249134
 20
153.896191
 30
0.0
 10
189.782648
 20
154.043957
 30
0.0
 10
190.248900
 20
154.323700
 30
0.0
  0
SPLINE
  5
139
100
AcDbEntity
  8
0
 62
7
100
AcDbSpline
 70
8
 71
3
 72
8
 73
4
 74
0
 40
0
 40
0
 40
0
 40
0
 40
1
 40
1
 40
1
 40
1
 10
22.536400
 20
86.472300
 30
0.0
 10
22.536365
 20
85.034850
 30
0.0
 10
23.555951
 20
83.799384
 30
0.0
 10
24.967300
 20
83.526700
 30
0.0
  0
LWPOLYLINE
  5
13a
100
AcDbEntity
  8
0
 62
7
100
AcDbPolyline
 90
2
 70
0
 10
23.798800
 20
137.893300
 30
0.0
 10
41.307000
 20
150.333300
 30
0.0
  0
SPLINE
  5
13b
100
AcDbEntity
  8
0
 62
7
100
AcDbSpline
 70
8
 71
3
 72
8
 73
4
 74
0
 40
0
 40
0
 40
0
 40
0
 40
1
 40
1
 40
1
 40
1
 10
127.290500
 20
77.527500
 30
0.0
 10
127.777476
 20
77.833615
 30
0.0
 10
128.166180
 20
78.273276
 30
0.0
 10
128.410300
 20
78.794100
 30
0.0
  0
LWPOLYLINE
  5
13c
100
AcDbEntity
  8
0
 62
7
100
AcDbPolyline
 90
2
 70
0
 10
141.036400
 20
107.996300
 30
0.0
 10
140.786400
 20
107.996300
 30
0.0
  0
SPLINE
  5
13d
100
AcDbEntity
  8
0
 62
7
100
AcDbSpline
 70
8
 71
3
 72
8
 73
4
 74
0
 40
0
 40
0
 40
0
 40
0
 40
1
 40
1
 40
1
 40
1
 10
135.536400
 20
153.796300
 30
0.0
 10
135.537318
 20
153.821881
 30
0.0
 10
135.528035
 20
153.846779
 30
0.0
 10
135.510594
 20
153.865514
 30
0.0
  0
SPLINE
  5
13e
100
AcDbEntity
  8
0
 62
7
100
AcDbSpline
 70
8
 71
3
 72
8
 73
4
 74
0
 40
0
 40
0
 40
0
 40
0
 40
1
 40
1
 40
1
 40
1
 10
135.510594
 20
153.865514
 30
0.0
 10
135.493152
 20
153.884250
 30
0.0
 10
135.468981
 20
153.895288
 30
0.0
 10
135.443400
 20
153.896200
 30
0.0
  0
SPLINE
  5
13f
100
AcDbEntity
  8
0
 62
7
100
AcDbSpline
 70
8
 71
3
 72
8
 73
4
 74
0
 40
0
 40
0
 40
0
 40
0
 40
1
 40
1
 40
1
 40
1
 10
235.265800
 20
150.333300
 30
0.0
 10
235.113205
 20
150.441729
 30
0.0
 10
234.950797
 20
150.535639
 30
0.0
 10
234.780700
 20
150.613800
 30
0.0
  0
SPLINE
  5
140
100
AcDbEntity
  8
0
 62
7
100
AcDbSpline
 70
8
 71
3
 72
8
 73
4
 74
0
 40
0
 40
0
 40
0
 40
0
 40
1
 40
1
 40
1
 40
1
 10
136.786400
 20
107.996300
 30
0.0
 10
136.786400
 20
108.174933
 30
0.0
 10
136.691101
 20
108.339996
 30
0.0
 10
136.536400
 20
108.429313
 30
0.0
  0
SPLINE
  5
141
100
AcDbEntity
  8
0
 62
7
100
AcDbSpline
 70
8
 71
3
 72
8
 73
4
 74
0
 40
0
 40
0
 40
0
 40
0
 40
1
 40
1
 40
1
 40
1
 10
136.536400
 20
108.429313
 30
0.0
 10
136.381699
 20
108.518629
 30
0.0
 10
136.191101
 20
108.518629
 30
0.0
 10
136.036400
 20
108.429313
 30
0.0
  0
SPLINE
  5
142
100
AcDbEntity
  8
0
 62
7
100
AcDbSpline
 70
8
 71
3
 72
8
 73
4
 74
0
 40
0
 40
0
 40
0
 40
0
 40
1
 40
1
 40
1
 40
1
 10
136.036400
 20
108.429313
 30
0.0
 10
135.881699
 20
108.339996
 30
0.0
 10
135.786400
 20
108.174933
 30
0.0
 10
135.786400
 20
107.996300
 30
0.0
  0
SPLINE
  5
143
100
AcDbEntity
  8
0
 62
7
100
AcDbSpline
 70
8
 71
3
 72
8
 73
4
 74
0
 40
0
 40
0
 40
0
 40
0
 40
1
 40
1
 40
1
 40
1
 10
135.786400
 20
113.496300
 30
0.0
 10
135.786400
 20
113.317667
 30
0.0
 10
135.881699
 20
113.152604
 30
0.0
 10
136.036400
 20
113.063287
 30
0.0
  0
SPLINE
  5
144
100
AcDbEntity
  8
0
 62
7
100
AcDbSpline
 70
8
 71
3
 72
8
 73
4
 74
0
 40
0
 40
0
 40
0
 40
0
 40
1
 40
1
 40
1
 40
1
 10
136.036400
 20
113.063287
 30
0.0
 10
136.191101
 20
112.973971
 30
0.0
 10
136.381699
 20
112.973971
 30
0.0
 10
136.536400
 20
113.063287
 30
0.0
  0
SPLINE
  5
145
100
AcDbEntity
  8
0
 62
7
100
AcDbSpline
 70
8
 71
3
 72
8
 73
4
 74
0
 40
0
 40
0
 40
0
 40
0
 40
1
 40
1
 40
1
 40
1
 10
136.536400
 20
113.063287
 30
0.0
 10
136.691101
 20
113.152604
 30
0.0
 10
136.786400
 20
113.317667
 30
0.0
 10
136.786400
 20
113.496300
 30
0.0
  0
SPLINE
  5
146
100
AcDbEntity
  8
0
 62
7
100
AcDbSpline
 70
8
 71
3
 72
8
 73
4
 74
0
 40
0
 40
0
 40
0
 40
0
 40
1
 40
1
 40
1
 40
1
 10
140.786400
 20
107.996300
 30
0.0
 10
140.786400
 20
108.174933
 30
0.0
 10
140.691101
 20
108.339996
 30
0.0
 10
140.536400
 20
108.429313
 30
0.0
  0
SPLINE
  5
147
100
AcDbEntity
  8
0
 62
7
100
AcDbSpline
 70
8
 71
3
 72
8
 73
4
 74
0
 40
0
 40
0
 40
0
 40
0
 40
1
 40
1
 40
1
 40
1
 10
140.536400
 20
108.429313
 30
0.0
 10
140.381699
 20
108.518629
 30
0.0
 10
140.191101
 20
108.518629
 30
0.0
 10
140.036400
 20
108.429313
 30
0.0
  0
SPLINE
  5
148
100
AcDbEntity
  8
0
 62
7
100
AcDbSpline
 70
8
 71
3
 72
8
 73
4
 74
0
 40
0
 40
0
 40
0
 40
0
 40
1
 40
1
 40
1
 40
1
 10
140.036400
 20
108.429313
 30
0.0
 10
139.881699
 20
108.339996
 30
0.0
 10
139.786400
 20
108.174933
 30
0.0
 10
139.786400
 20
107.996300
 30
0.0
  0
SPLINE
  5
149
100
AcDbEntity
  8
0
 62
7
100
AcDbSpline
 70
8
 71
3
 72
8
 73
4
 74
0
 40
0
 40
0
 40
0
 40
0
 40
1
 40
1
 40
1
 40
1
 10
139.786400
 20
113.496300
 30
0.0
 10
139.786400
 20
113.317667
 30
0.0
 10
139.881699
 20
113.152604
 30
0.0
 10
140.036400
 20
113.063287
 30
0.0
  0
SPLINE
  5
14a
100
AcDbEntity
  8
0
 62
7
100
AcDbSpline
 70
8
 71
3
 72
8
 73
4
 74
0
 40
0
 40
0
 40
0
 40
0
 40
1
 40
1
 40
1
 40
1
 10
140.036400
 20
113.063287
 30
0.0
 10
140.191101
 20
112.973971
 30
0.0
 10
140.381699
 20
112.973971
 30
0.0
 10
140.536400
 20
113.063287
 30
0.0
  0
SPLINE
  5
14b
100
AcDbEntity
  8
0
 62
7
100
AcDbSpline
 70
8
 71
3
 72
8
 73
4
 74
0
 40
0
 40
0
 40
0
 40
0
 40
1
 40
1
 40
1
 40
1
 10
140.536400
 20
113.063287
 30
0.0
 10
140.691101
 20
113.152604
 30
0.0
 10
140.786400
 20
113.317667
 30
0.0
 10
140.786400
 20
113.496300
 30
0.0
  0
SPLINE
  5
14c
100
AcDbEntity
  8
0
 62
7
100
AcDbSpline
 70
8
 71
3
 72
8
 73
4
 74
0
 40
0
 40
0
 40
0
 40
0
 40
1
 40
1
 40
1
 40
1
 10
150.192820
 20
152.442290
 30
0.0
 10
150.192820
 20
152.376517
 30
0.0
 10
150.175987
 20
152.316963
 30
0.0
 10
150.142320
 20
152.263628
 30
0.0
  0
SPLINE
  5
14d
100
AcDbEntity
  8
0
 62
7
100
AcDbSpline
 70
8
 71
3
 72
8
 73
4
 74
0
 40
0
 40
0
 40
0
 40
0
 40
1
 40
1
 40
1
 40
1
 10
150.142320
 20
152.263628
 30
0.0
 10
150.108653
 20
152.211181
 30
0.0
 10
150.057013
 20
152.169404
 30
0.0
 10
149.987400
 20
152.138297
 30
0.0
  0
SPLINE
  5
14e
100
AcDbEntity
  8
0
 62
7
100
AcDbSpline
 70
8
 71
3
 72
8
 73
4
 74
0
 40
0
 40
0
 40
0
 40
0
 40
1
 40
1
 40
1
 40
1
 10
149.987400
 20
152.138297
 30
0.0
 10
149.918920
 20
152.108077
 30
0.0
 10
149.831353
 20
152.092967
 30
0.0
 10
149.724700
 20
152.092967
 30
0.0
  0
SPLINE
  5
14f
100
AcDbEntity
  8
0
 62
7
100
AcDbSpline
 70
8
 71
3
 72
8
 73
4
 74
0
 40
0
 40
0
 40
0
 40
0
 40
1
 40
1
 40
1
 40
1
 10
149.724700
 20
152.092967
 30
0.0
 10
149.575393
 20
152.092967
 30
0.0
 10
149.461447
 20
152.124967
 30
0.0
 10
149.382860
 20
152.188967
 30
0.0
  0
SPLINE
  5
150
100
AcDbEntity
  8
0
 62
7
100
AcDbSpline
 70
8
 71
3
 72
8
 73
4
 74
0
 40
0
 40
0
 40
0
 40
0
 40
1
 40
1
 40
1
 40
1
 10
149.382860
 20
152.188967
 30
0.0
 10
149.305400
 20
152.253854
 30
0.0
 10
149.266670
 20
152.339185
 30
0.0
 10
149.266670
 20
152.444960
 30
0.0
  0
LWPOLYLINE
  5
151
100
AcDbEntity
  8
0
 62
7
100
AcDbPolyline
 90
2
 70
0
 10
141.320000
 20
93.391300
 30
0.0
 10
148.162400
 20
78.794100
 30
0.0
  0
SPLINE
  5
152
100
AcDbEntity
  8
0
 62
7
100
AcDbSpline
 70
8
 71
3
 72
8
 73
4
 74
0
 40
0
 40
0
 40
0
 40
0
 40
1
 40
1
 40
1
 40
1
 10
149.418230
 20
152.440960
 30
0.0
 10
149.418230
 20
152.363629
 30
0.0
 10
149.444063
 20
152.303630
 30
0.0
 10
149.495730
 20
152.260965
 30
0.0
  0
SPLINE
  5
153
100
AcDbEntity
  8
0
 62
7
100
AcDbSpline
 70
8
 71
3
 72
8
 73
4
 74
0
 40
0
 40
0
 40
0
 40
0
 40
1
 40
1
 40
1
 40
1
 10
149.495730
 20
152.260965
 30
0.0
 10
149.548463
 20
152.218298
 30
0.0
 10
149.627607
 20
152.196965
 30
0.0
 10
149.733160
 20
152.196965
 30
0.0
  0
SPLINE
  5
154
100
AcDbEntity
  8
0
 62
7
100
AcDbSpline
 70
8
 71
3
 72
8
 73
4
 74
0
 40
0
 40
0
 40
0
 40
0
 40
1
 40
1
 40
1
 40
1
 10
149.733160
 20
152.196965
 30
0.0
 10
149.842053
 20
152.196965
 30
0.0
 10
149.920637
 20
152.219632
 30
0.0
 10
149.968910
 20
152.264965
 30
0.0
  0
SPLINE
  5
155
100
AcDbEntity
  8
0
 62
7
100
AcDbSpline
 70
8
 71
3
 72
8
 73
4
 74
0
 40
0
 40
0
 40
0
 40
0
 40
1
 40
1
 40
1
 40
1
 10
149.968910
 20
152.264965
 30
0.0
 10
150.018310
 20
152.311185
 30
0.0
 10
150.043010
 20
152.370295
 30
0.0
 10
150.043010
 20
152.442294
 30
0.0
  0
LWPOLYLINE
  5
156
100
AcDbEntity
  8
0
 62
7
100
AcDbPolyline
 90
4
 70
0
 10
149.266670
 20
152.444960
 30
0.0
 10
149.266670
 20
153.058278
 30
0.0
 10
149.418230
 20
153.058278
 30
0.0
 10
149.418230
 20
152.440960
 30
0.0
  0
SPLINE
  5
157
100
AcDbEntity
  8
0
 62
7
100
AcDbSpline
 70
8
 71
3
 72
8
 73
4
 74
0
 40
0
 40
0
 40
0
 40
0
 40
1
 40
1
 40
1
 40
1
 10
151.191390
 20
152.360960
 30
0.0
 10
151.191390
 20
152.276518
 30
0.0
 10
151.152660
 20
152.210742
 30
0.0
 10
151.075200
 20
152.163632
 30
0.0
  0
SPLINE
  5
158
100
AcDbEntity
  8
0
 62
7
100
AcDbSpline
 70
8
 71
3
 72
8
 73
4
 74
0
 40
0
 40
0
 40
0
 40
0
 40
1
 40
1
 40
1
 40
1
 10
151.075200
 20
152.163632
 30
0.0
 10
150.997740
 20
152.116525
 30
0.0
 10
150.893337
 20
152.092972
 30
0.0
 10
150.761990
 20
152.092972
 30
0.0
  0
SPLINE
  5
159
100
AcDbEntity
  8
0
 62
7
100
AcDbSpline
 70
8
 71
3
 72
8
 73
4
 74
0
 40
0
 40
0
 40
0
 40
0
 40
1
 40
1
 40
1
 40
1
 10
150.761990
 20
152.092972
 30
0.0
 10
150.694630
 20
152.092972
 30
0.0
 10
150.632323
 20
152.096972
 30
0.0
 10
150.575070
 20
152.104972
 30
0.0
  0
SPLINE
  5
15a
100
AcDbEntity
  8
0
 62
7
100
AcDbSpline
 70
8
 71
3
 72
8
 73
4
 74
0
 40
0
 40
0
 40
0
 40
0
 40
1
 40
1
 40
1
 40
1
 10
150.575070
 20
152.104972
 30
0.0
 10
150.517803
 20
152.112972
 30
0.0
 10
150.470093
 20
152.124082
 30
0.0
 10
150.431940
 20
152.138302
 30
0.0
  0
LWPOLYLINE
  5
15b
100
AcDbEntity
  8
0
 62
7
100
AcDbPolyline
 90
4
 70
0
 10
150.043010
 20
152.442294
 30
0.0
 10
150.043010
 20
153.058278
 30
0.0
 10
150.192880
 20
153.058278
 30
0.0
 10
150.192820
 20
152.442290
 30
0.0
  0
SPLINE
  5
15c
100
AcDbEntity
  8
0
 62
7
100
AcDbSpline
 70
8
 71
3
 72
8
 73
4
 74
0
 40
0
 40
0
 40
0
 40
0
 40
1
 40
1
 40
1
 40
1
 10
150.431940
 20
152.252966
 30
0.0
 10
150.472340
 20
152.238746
 30
0.0
 10
150.522297
 20
152.225856
 30
0.0
 10
150.581810
 20
152.214296
 30
0.0
  0
SPLINE
  5
15d
100
AcDbEntity
  8
0
 62
7
100
AcDbSpline
 70
8
 71
3
 72
8
 73
4
 74
0
 40
0
 40
0
 40
0
 40
0
 40
1
 40
1
 40
1
 40
1
 10
150.581810
 20
152.214296
 30
0.0
 10
150.642410
 20
152.202743
 30
0.0
 10
150.704717
 20
152.196966
 30
0.0
 10
150.768730
 20
152.196966
 30
0.0
  0
SPLINE
  5
15e
100
AcDbEntity
  8
0
 62
7
100
AcDbSpline
 70
8
 71
3
 72
8
 73
4
 74
0
 40
0
 40
0
 40
0
 40
0
 40
1
 40
1
 40
1
 40
1
 10
150.768730
 20
152.196966
 30
0.0
 10
150.858537
 20
152.196966
 30
0.0
 10
150.925893
 20
152.210743
 30
0.0
 10
150.970800
 20
152.238296
 30
0.0
  0
SPLINE
  5
15f
100
AcDbEntity
  8
0
 62
7
100
AcDbSpline
 70
8
 71
3
 72
8
 73
4
 74
0
 40
0
 40
0
 40
0
 40
0
 40
1
 40
1
 40
1
 40
1
 10
150.970800
 20
152.238296
 30
0.0
 10
151.016800
 20
152.265849
 30
0.0
 10
151.039800
 20
152.303182
 30
0.0
 10
151.039800
 20
152.350293
 30
0.0
  0
SPLINE
  5
160
100
AcDbEntity
  8
0
 62
7
100
AcDbSpline
 70
8
 71
3
 72
8
 73
4
 74
0
 40
0
 40
0
 40
0
 40
0
 40
1
 40
1
 40
1
 40
1
 10
151.039800
 20
152.350293
 30
0.0
 10
151.039800
 20
152.381406
 30
0.0
 10
151.031367
 20
152.407630
 30
0.0
 10
151.014500
 20
152.428963
 30
0.0
  0
SPLINE
  5
161
100
AcDbEntity
  8
0
 62
7
100
AcDbSpline
 70
8
 71
3
 72
8
 73
4
 74
0
 40
0
 40
0
 40
0
 40
0
 40
1
 40
1
 40
1
 40
1
 10
151.014500
 20
152.428963
 30
0.0
 10
150.997633
 20
152.450296
 30
0.0
 10
150.968433
 20
152.469850
 30
0.0
 10
150.926900
 20
152.487623
 30
0.0
  0
SPLINE
  5
162
100
AcDbEntity
  8
0
 62
7
100
AcDbSpline
 70
8
 71
3
 72
8
 73
4
 74
0
 40
0
 40
0
 40
0
 40
0
 40
1
 40
1
 40
1
 40
1
 10
150.926900
 20
152.487623
 30
0.0
 10
150.886500
 20
152.506290
 30
0.0
 10
150.829807
 20
152.525846
 30
0.0
 10
150.756820
 20
152.546293
 30
0.0
  0
SPLINE
  5
163
100
AcDbEntity
  8
0
 62
7
100
AcDbSpline
 70
8
 71
3
 72
8
 73
4
 74
0
 40
0
 40
0
 40
0
 40
0
 40
1
 40
1
 40
1
 40
1
 10
150.756820
 20
152.546293
 30
0.0
 10
150.654660
 20
152.575626
 30
0.0
 10
150.577197
 20
152.611625
 30
0.0
 10
150.524430
 20
152.654290
 30
0.0
  0
SPLINE
  5
164
100
AcDbEntity
  8
0
 62
7
100
AcDbSpline
 70
8
 71
3
 72
8
 73
4
 74
0
 40
0
 40
0
 40
0
 40
0
 40
1
 40
1
 40
1
 40
1
 10
150.524430
 20
152.654290
 30
0.0
 10
150.472763
 20
152.696957
 30
0.0
 10
150.446930
 20
152.755178
 30
0.0
 10
150.446930
 20
152.828953
 30
0.0
  0
SPLINE
  5
165
100
AcDbEntity
  8
0
 62
7
100
AcDbSpline
 70
8
 71
3
 72
8
 73
4
 74
0
 40
0
 40
0
 40
0
 40
0
 40
1
 40
1
 40
1
 40
1
 10
150.446930
 20
152.828953
 30
0.0
 10
150.446930
 20
152.879620
 30
0.0
 10
150.463197
 20
152.922730
 30
0.0
 10
150.495730
 20
152.958283
 30
0.0
  0
SPLINE
  5
166
100
AcDbEntity
  8
0
 62
7
100
AcDbSpline
 70
8
 71
3
 72
8
 73
4
 74
0
 40
0
 40
0
 40
0
 40
0
 40
1
 40
1
 40
1
 40
1
 10
150.495730
 20
152.958283
 30
0.0
 10
150.528263
 20
152.994723
 30
0.0
 10
150.573167
 20
153.022723
 30
0.0
 10
150.630440
 20
153.042283
 30
0.0
  0
SPLINE
  5
167
100
AcDbEntity
  8
0
 62
7
100
AcDbSpline
 70
8
 71
3
 72
8
 73
4
 74
0
 40
0
 40
0
 40
0
 40
0
 40
1
 40
1
 40
1
 40
1
 10
150.630440
 20
153.042283
 30
0.0
 10
150.688840
 20
153.061836
 30
0.0
 10
150.755637
 20
153.071613
 30
0.0
 10
150.830830
 20
153.071613
 30
0.0
  0
SPLINE
  5
168
100
AcDbEntity
  8
0
 62
7
100
AcDbSpline
 70
8
 71
3
 72
8
 73
4
 74
0
 40
0
 40
0
 40
0
 40
0
 40
1
 40
1
 40
1
 40
1
 10
150.830830
 20
153.071613
 30
0.0
 10
150.897097
 20
153.071613
 30
0.0
 10
150.957720
 20
153.066723
 30
0.0
 10
151.012700
 20
153.056943
 30
0.0
  0
SPLINE
  5
169
100
AcDbEntity
  8
0
 62
7
100
AcDbSpline
 70
8
 71
3
 72
8
 73
4
 74
0
 40
0
 40
0
 40
0
 40
0
 40
1
 40
1
 40
1
 40
1
 10
151.012700
 20
153.056943
 30
0.0
 10
151.067700
 20
153.047163
 30
0.0
 10
151.117657
 20
153.034273
 30
0.0
 10
151.162570
 20
153.018273
 30
0.0
  0
LWPOLYLINE
  5
16a
100
AcDbEntity
  8
0
 62
7
100
AcDbPolyline
 90
2
 70
0
 10
150.431940
 20
152.138302
 30
0.0
 10
150.431940
 20
152.252966
 30
0.0
  0
SPLINE
  5
16b
100
AcDbEntity
  8
0
 62
7
100
AcDbSpline
 70
8
 71
3
 72
8
 73
4
 74
0
 40
0
 40
0
 40
0
 40
0
 40
1
 40
1
 40
1
 40
1
 10
151.115470
 20
152.915609
 30
0.0
 10
151.073937
 20
152.929829
 30
0.0
 10
151.028470
 20
152.941829
 30
0.0
 10
150.979070
 20
152.951609
 30
0.0
  0
SPLINE
  5
16c
100
AcDbEntity
  8
0
 62
7
100
AcDbSpline
 70
8
 71
3
 72
8
 73
4
 74
0
 40
0
 40
0
 40
0
 40
0
 40
1
 40
1
 40
1
 40
1
 10
150.979070
 20
152.951609
 30
0.0
 10
150.930803
 20
152.961389
 30
0.0
 10
150.880283
 20
152.966279
 30
0.0
 10
150.827510
 20
152.966279
 30
0.0
  0
SPLINE
  5
16d
100
AcDbEntity
  8
0
 62
7
100
AcDbSpline
 70
8
 71
3
 72
8
 73
4
 74
0
 40
0
 40
0
 40
0
 40
0
 40
1
 40
1
 40
1
 40
1
 10
150.827510
 20
152.966279
 30
0.0
 10
150.752297
 20
152.966279
 30
0.0
 10
150.695607
 20
152.953389
 30
0.0
 10
150.657440
 20
152.927609
 30
0.0
  0
SPLINE
  5
16e
100
AcDbEntity
  8
0
 62
7
100
AcDbSpline
 70
8
 71
3
 72
8
 73
4
 74
0
 40
0
 40
0
 40
0
 40
0
 40
1
 40
1
 40
1
 40
1
 10
150.657440
 20
152.927609
 30
0.0
 10
150.619240
 20
152.902722
 30
0.0
 10
150.600140
 20
152.869389
 30
0.0
 10
150.600140
 20
152.827609
 30
0.0
  0
SPLINE
  5
16f
100
AcDbEntity
  8
0
 62
7
100
AcDbSpline
 70
8
 71
3
 72
8
 73
4
 74
0
 40
0
 40
0
 40
0
 40
0
 40
1
 40
1
 40
1
 40
1
 10
150.600140
 20
152.827609
 30
0.0
 10
150.600140
 20
152.795609
 30
0.0
 10
150.608573
 20
152.768942
 30
0.0
 10
150.625440
 20
152.747609
 30
0.0
  0
SPLINE
  5
170
100
AcDbEntity
  8
0
 62
7
100
AcDbSpline
 70
8
 71
3
 72
8
 73
4
 74
0
 40
0
 40
0
 40
0
 40
0
 40
1
 40
1
 40
1
 40
1
 10
150.625440
 20
152.747609
 30
0.0
 10
150.642307
 20
152.726276
 30
0.0
 10
150.669807
 20
152.707166
 30
0.0
 10
150.707940
 20
152.690279
 30
0.0
  0
SPLINE
  5
171
100
AcDbEntity
  8
0
 62
7
100
AcDbSpline
 70
8
 71
3
 72
8
 73
4
 74
0
 40
0
 40
0
 40
0
 40
0
 40
1
 40
1
 40
1
 40
1
 10
150.707940
 20
152.690279
 30
0.0
 10
150.746140
 20
152.673392
 30
0.0
 10
150.797783
 20
152.655169
 30
0.0
 10
150.862870
 20
152.635609
 30
0.0
  0
SPLINE
  5
172
100
AcDbEntity
  8
0
 62
7
100
AcDbSpline
 70
8
 71
3
 72
8
 73
4
 74
0
 40
0
 40
0
 40
0
 40
0
 40
1
 40
1
 40
1
 40
1
 10
150.862870
 20
152.635609
 30
0.0
 10
150.933590
 20
152.615162
 30
0.0
 10
150.993087
 20
152.592939
 30
0.0
 10
151.041360
 20
152.568939
 30
0.0
  0
SPLINE
  5
173
100
AcDbEntity
  8
0
 62
7
100
AcDbSpline
 70
8
 71
3
 72
8
 73
4
 74
0
 40
0
 40
0
 40
0
 40
0
 40
1
 40
1
 40
1
 40
1
 10
151.041360
 20
152.568939
 30
0.0
 10
151.090760
 20
152.545826
 30
0.0
 10
151.127807
 20
152.517826
 30
0.0
 10
151.152500
 20
152.484939
 30
0.0
  0
SPLINE
  5
174
100
AcDbEntity
  8
0
 62
7
100
AcDbSpline
 70
8
 71
3
 72
8
 73
4
 74
0
 40
0
 40
0
 40
0
 40
0
 40
1
 40
1
 40
1
 40
1
 10
151.152500
 20
152.484939
 30
0.0
 10
151.178300
 20
152.452052
 30
0.0
 10
151.191200
 20
152.410720
 30
0.0
 10
151.191200
 20
152.360942
 30
0.0
  0
LWPOLYLINE
  5
175
100
AcDbEntity
  8
0
 62
7
100
AcDbPolyline
 90
2
 70
0
 10
151.162570
 20
153.018273
 30
0.0
 10
151.115470
 20
152.915609
 30
0.0
  0
SPLINE
  5
176
100
AcDbEntity
  8
0
 62
7
100
AcDbSpline
 70
8
 71
3
 72
8
 73
4
 74
0
 40
0
 40
0
 40
0
 40
0
 40
1
 40
1
 40
1
 40
1
 10
151.777400
 20
153.058276
 30
0.0
 10
151.927833
 20
153.058276
 30
0.0
 10
152.041220
 20
153.040499
 30
0.0
 10
152.117560
 20
153.004946
 30
0.0
  0
SPLINE
  5
177
100
AcDbEntity
  8
0
 62
7
100
AcDbSpline
 70
8
 71
3
 72
8
 73
4
 74
0
 40
0
 40
0
 40
0
 40
0
 40
1
 40
1
 40
1
 40
1
 10
152.117560
 20
153.004946
 30
0.0
 10
152.195020
 20
152.970279
 30
0.0
 10
152.233750
 20
152.909392
 30
0.0
 10
152.233750
 20
152.822284
 30
0.0
  0
SPLINE
  5
178
100
AcDbEntity
  8
0
 62
7
100
AcDbSpline
 70
8
 71
3
 72
8
 73
4
 74
0
 40
0
 40
0
 40
0
 40
0
 40
1
 40
1
 40
1
 40
1
 10
152.233750
 20
152.822284
 30
0.0
 10
152.233750
 20
152.766284
 30
0.0
 10
152.214117
 20
152.719619
 30
0.0
 10
152.174850
 20
152.682288
 30
0.0
  0
SPLINE
  5
179
100
AcDbEntity
  8
0
 62
7
100
AcDbSpline
 70
8
 71
3
 72
8
 73
4
 74
0
 40
0
 40
0
 40
0
 40
0
 40
1
 40
1
 40
1
 40
1
 10
152.174850
 20
152.682288
 30
0.0
 10
152.135583
 20
152.645841
 30
0.0
 10
152.078893
 20
152.622288
 30
0.0
 10
152.004780
 20
152.611628
 30
0.0
  0
LWPOLYLINE
  5
17a
100
AcDbEntity
  8
0
 62
7
100
AcDbPolyline
 90
2
 70
0
 10
151.191200
 20
152.360942
 30
0.0
 10
151.191390
 20
152.360960
 30
0.0
  0
SPLINE
  5
17b
100
AcDbEntity
  8
0
 62
7
100
AcDbSpline
 70
8
 71
3
 72
8
 73
4
 74
0
 40
0
 40
0
 40
0
 40
0
 40
1
 40
1
 40
1
 40
1
 10
152.004780
 20
152.604928
 30
0.0
 10
152.055313
 20
152.598728
 30
0.0
 10
152.100777
 20
152.587175
 30
0.0
 10
152.141170
 20
152.570268
 30
0.0
  0
SPLINE
  5
17c
100
AcDbEntity
  8
0
 62
7
100
AcDbSpline
 70
8
 71
3
 72
8
 73
4
 74
0
 40
0
 40
0
 40
0
 40
0
 40
1
 40
1
 40
1
 40
1
 10
152.141170
 20
152.570268
 30
0.0
 10
152.182703
 20
152.553381
 30
0.0
 10
152.215270
 20
152.529381
 30
0.0
 10
152.238870
 20
152.498268
 30
0.0
  0
SPLINE
  5
17d
100
AcDbEntity
  8
0
 62
7
100
AcDbSpline
 70
8
 71
3
 72
8
 73
4
 74
0
 40
0
 40
0
 40
0
 40
0
 40
1
 40
1
 40
1
 40
1
 10
152.238870
 20
152.498268
 30
0.0
 10
152.262470
 20
152.467161
 30
0.0
 10
152.274270
 20
152.426718
 30
0.0
 10
152.274270
 20
152.376938
 30
0.0
  0
SPLINE
  5
17e
100
AcDbEntity
  8
0
 62
7
100
AcDbSpline
 70
8
 71
3
 72
8
 73
4
 74
0
 40
0
 40
0
 40
0
 40
0
 40
1
 40
1
 40
1
 40
1
 10
152.274270
 20
152.376938
 30
0.0
 10
152.274270
 20
152.290718
 30
0.0
 10
152.236660
 20
152.224053
 30
0.0
 10
152.161440
 20
152.176943
 30
0.0
  0
SPLINE
  5
17f
100
AcDbEntity
  8
0
 62
7
100
AcDbSpline
 70
8
 71
3
 72
8
 73
4
 74
0
 40
0
 40
0
 40
0
 40
0
 40
1
 40
1
 40
1
 40
1
 10
152.161440
 20
152.176943
 30
0.0
 10
152.087347
 20
152.129830
 30
0.0
 10
151.985750
 20
152.106273
 30
0.0
 10
151.856650
 20
152.106273
 30
0.0
  0
LWPOLYLINE
  5
180
100
AcDbEntity
  8
0
 62
7
100
AcDbPolyline
 90
2
 70
0
 10
152.004780
 20
152.611628
 30
0.0
 10
152.004780
 20
152.604928
 30
0.0
  0
SPLINE
  5
181
100
AcDbEntity
  8
0
 62
7
100
AcDbSpline
 70
8
 71
3
 72
8
 73
4
 74
0
 40
0
 40
0
 40
0
 40
0
 40
1
 40
1
 40
1
 40
1
 10
151.807700
 20
152.652953
 30
0.0
 10
151.910987
 20
152.652953
 30
0.0
 10
151.981713
 20
152.665843
 30
0.0
 10
152.019880
 20
152.691623
 30
0.0
  0
SPLINE
  5
182
100
AcDbEntity
  8
0
 62
7
100
AcDbSpline
 70
8
 71
3
 72
8
 73
4
 74
0
 40
0
 40
0
 40
0
 40
0
 40
1
 40
1
 40
1
 40
1
 10
152.019880
 20
152.691623
 30
0.0
 10
152.058080
 20
152.718290
 30
0.0
 10
152.077180
 20
152.757400
 30
0.0
 10
152.077180
 20
152.808953
 30
0.0
  0
SPLINE
  5
183
100
AcDbEntity
  8
0
 62
7
100
AcDbSpline
 70
8
 71
3
 72
8
 73
4
 74
0
 40
0
 40
0
 40
0
 40
0
 40
1
 40
1
 40
1
 40
1
 10
152.077180
 20
152.808953
 30
0.0
 10
152.077180
 20
152.861400
 30
0.0
 10
152.053613
 20
152.898732
 30
0.0
 10
152.006480
 20
152.920950
 30
0.0
  0
SPLINE
  5
184
100
AcDbEntity
  8
0
 62
7
100
AcDbSpline
 70
8
 71
3
 72
8
 73
4
 74
0
 40
0
 40
0
 40
0
 40
0
 40
1
 40
1
 40
1
 40
1
 10
152.006480
 20
152.920950
 30
0.0
 10
151.960480
 20
152.944063
 30
0.0
 10
151.886387
 20
152.955620
 30
0.0
 10
151.784200
 20
152.955620
 30
0.0
  0
LWPOLYLINE
  5
185
100
AcDbEntity
  8
0
 62
7
100
AcDbPolyline
 90
4
 70
0
 10
151.856650
 20
152.106273
 30
0.0
 10
151.433980
 20
152.106273
 30
0.0
 10
151.433980
 20
153.058249
 30
0.0
 10
151.777400
 20
153.058276
 30
0.0
  0
LWPOLYLINE
  5
186
100
AcDbEntity
  8
0
 62
7
100
AcDbPolyline
 90
4
 70
0
 10
151.784200
 20
152.955620
 30
0.0
 10
151.585490
 20
152.955620
 30
0.0
 10
151.585490
 20
152.652961
 30
0.0
 10
151.807700
 20
152.652953
 30
0.0
  0
SPLINE
  5
187
100
AcDbEntity
  8
0
 62
7
100
AcDbSpline
 70
8
 71
3
 72
8
 73
4
 74
0
 40
0
 40
0
 40
0
 40
0
 40
1
 40
1
 40
1
 40
1
 10
151.827910
 20
152.207628
 30
0.0
 10
151.934563
 20
152.207628
 30
0.0
 10
152.008657
 20
152.224071
 30
0.0
 10
152.050190
 20
152.256958
 30
0.0
  0
SPLINE
  5
188
100
AcDbEntity
  8
0
 62
7
100
AcDbSpline
 70
8
 71
3
 72
8
 73
4
 74
0
 40
0
 40
0
 40
0
 40
0
 40
1
 40
1
 40
1
 40
1
 10
152.050190
 20
152.256958
 30
0.0
 10
152.091723
 20
152.289845
 30
0.0
 10
152.112490
 20
152.332955
 30
0.0
 10
152.112490
 20
152.386288
 30
0.0
  0
SPLINE
  5
189
100
AcDbEntity
  8
0
 62
7
100
AcDbSpline
 70
8
 71
3
 72
8
 73
4
 74
0
 40
0
 40
0
 40
0
 40
0
 40
1
 40
1
 40
1
 40
1
 10
152.112490
 20
152.386288
 30
0.0
 10
152.112490
 20
152.436061
 30
0.0
 10
152.090590
 20
152.476060
 30
0.0
 10
152.046790
 20
152.506285
 30
0.0
  0
SPLINE
  5
18a
100
AcDbEntity
  8
0
 62
7
100
AcDbSpline
 70
8
 71
3
 72
8
 73
4
 74
0
 40
0
 40
0
 40
0
 40
0
 40
1
 40
1
 40
1
 40
1
 10
152.046790
 20
152.506285
 30
0.0
 10
152.004123
 20
152.537398
 30
0.0
 10
151.927223
 20
152.552955
 30
0.0
 10
151.816090
 20
152.552955
 30
0.0
  0
LWPOLYLINE
  5
18b
100
AcDbEntity
  8
0
 62
7
100
AcDbPolyline
 90
3
 70
0
 10
151.585420
 20
152.552953
 30
0.0
 10
151.585420
 20
152.207628
 30
0.0
 10
151.827910
 20
152.207628
 30
0.0
  0
LWPOLYLINE
  5
18c
100
AcDbEntity
  8
0
 62
7
100
AcDbPolyline
 90
2
 70
0
 10
151.816090
 20
152.552955
 30
0.0
 10
151.585420
 20
152.552953
 30
0.0
  0
LWPOLYLINE
  5
18d
100
AcDbEntity
  8
0
 62
7
100
AcDbPolyline
 90
10
 70
0
 10
149.478200
 20
153.236500
 30
0.0
 10
149.478200
 20
152.427000
 30
0.0
 10
149.525800
 20
152.331700
 30
0.0
 10
149.573400
 20
152.284100
 30
0.0
 10
149.668700
 20
152.236500
 30
0.0
 10
149.859100
 20
152.236500
 30
0.0
 10
149.954400
 20
152.284100
 30
0.0
 10
150.002000
 20
152.331700
 30
0.0
 10
150.049600
 20
152.427000
 30
0.0
 10
150.049600
 20
153.236500
 30
0.0
  0
LWPOLYLINE
  5
18e
100
AcDbEntity
  8
0
 62
7
100
AcDbPolyline
 90
20
 70
0
 10
150.478200
 20
152.284100
 30
0.0
 10
150.621100
 20
152.236500
 30
0.0
 10
150.859100
 20
152.236500
 30
0.0
 10
150.954400
 20
152.284100
 30
0.0
 10
151.002000
 20
152.331700
 30
0.0
 10
151.049600
 20
152.427000
 30
0.0
 10
151.049600
 20
152.522200
 30
0.0
 10
151.002000
 20
152.617400
 30
0.0
 10
150.954400
 20
152.665100
 30
0.0
 10
150.859100
 20
152.712700
 30
0.0
 10
150.668700
 20
152.760300
 30
0.0
 10
150.573400
 20
152.807900
 30
0.0
 10
150.525800
 20
152.855500
 30
0.0
 10
150.478200
 20
152.950800
 30
0.0
 10
150.478200
 20
153.046000
 30
0.0
 10
150.525800
 20
153.141200
 30
0.0
 10
150.573400
 20
153.188900
 30
0.0
 10
150.668700
 20
153.236500
 30
0.0
 10
150.906800
 20
153.236500
 30
0.0
 10
151.049600
 20
153.188900
 30
0.0
  0
SPLINE
  5
18f
100
AcDbEntity
  8
0
 62
7
100
AcDbSpline
 70
8
 71
3
 72
8
 73
4
 74
0
 40
0
 40
0
 40
0
 40
0
 40
1
 40
1
 40
1
 40
1
 10
125.285420
 20
152.442290
 30
0.0
 10
125.285420
 20
152.376517
 30
0.0
 10
125.268587
 20
152.316963
 30
0.0
 10
125.234920
 20
152.263628
 30
0.0
  0
SPLINE
  5
190
100
AcDbEntity
  8
0
 62
7
100
AcDbSpline
 70
8
 71
3
 72
8
 73
4
 74
0
 40
0
 40
0
 40
0
 40
0
 40
1
 40
1
 40
1
 40
1
 10
125.234920
 20
152.263628
 30
0.0
 10
125.201253
 20
152.211181
 30
0.0
 10
125.149613
 20
152.169404
 30
0.0
 10
125.080000
 20
152.138297
 30
0.0
  0
SPLINE
  5
191
100
AcDbEntity
  8
0
 62
7
100
AcDbSpline
 70
8
 71
3
 72
8
 73
4
 74
0
 40
0
 40
0
 40
0
 40
0
 40
1
 40
1
 40
1
 40
1
 10
125.080000
 20
152.138297
 30
0.0
 10
125.011520
 20
152.108077
 30
0.0
 10
124.923957
 20
152.092967
 30
0.0
 10
124.817310
 20
152.092967
 30
0.0
  0
SPLINE
  5
192
100
AcDbEntity
  8
0
 62
7
100
AcDbSpline
 70
8
 71
3
 72
8
 73
4
 74
0
 40
0
 40
0
 40
0
 40
0
 40
1
 40
1
 40
1
 40
1
 10
124.817310
 20
152.092967
 30
0.0
 10
124.667997
 20
152.092967
 30
0.0
 10
124.554050
 20
152.124967
 30
0.0
 10
124.475470
 20
152.188967
 30
0.0
  0
SPLINE
  5
193
100
AcDbEntity
  8
0
 62
7
100
AcDbSpline
 70
8
 71
3
 72
8
 73
4
 74
0
 40
0
 40
0
 40
0
 40
0
 40
1
 40
1
 40
1
 40
1
 10
124.475470
 20
152.188967
 30
0.0
 10
124.398010
 20
152.253854
 30
0.0
 10
124.359280
 20
152.339185
 30
0.0
 10
124.359280
 20
152.444960
 30
0.0
  0
LWPOLYLINE
  5
194
100
AcDbEntity
  8
0
 62
7
100
AcDbPolyline
 90
19
 70
0
 10
151.811500
 20
152.760300
 30
0.0
 10
151.954400
 20
152.712700
 30
0.0
 10
152.002000
 20
152.665100
 30
0.0
 10
152.049600
 20
152.569800
 30
0.0
 10
152.049600
 20
152.427000
 30
0.0
 10
152.002000
 20
152.331700
 30
0.0
 10
151.954400
 20
152.284100
 30
0.0
 10
151.859100
 20
152.236500
 30
0.0
 10
151.478200
 20
152.236500
 30
0.0
 10
151.478200
 20
153.236500
 30
0.0
 10
151.811500
 20
153.236500
 30
0.0
 10
151.906800
 20
153.188900
 30
0.0
 10
151.954400
 20
153.141200
 30
0.0
 10
152.002000
 20
153.046000
 30
0.0
 10
152.002000
 20
152.950800
 30
0.0
 10
151.954400
 20
152.855500
 30
0.0
 10
151.906800
 20
152.807900
 30
0.0
 10
151.811500
 20
152.760300
 30
0.0
 10
151.478200
 20
152.760300
 30
0.0
  0
SPLINE
  5
195
100
AcDbEntity
  8
0
 62
7
100
AcDbSpline
 70
8
 71
3
 72
8
 73
4
 74
0
 40
0
 40
0
 40
0
 40
0
 40
1
 40
1
 40
1
 40
1
 10
124.510830
 20
152.440960
 30
0.0
 10
124.510830
 20
152.363629
 30
0.0
 10
124.536663
 20
152.303630
 30
0.0
 10
124.588330
 20
152.260965
 30
0.0
  0
SPLINE
  5
196
100
AcDbEntity
  8
0
 62
7
100
AcDbSpline
 70
8
 71
3
 72
8
 73
4
 74
0
 40
0
 40
0
 40
0
 40
0
 40
1
 40
1
 40
1
 40
1
 10
124.588330
 20
152.260965
 30
0.0
 10
124.641130
 20
152.218298
 30
0.0
 10
124.720277
 20
152.196965
 30
0.0
 10
124.825770
 20
152.196965
 30
0.0
  0
SPLINE
  5
197
100
AcDbEntity
  8
0
 62
7
100
AcDbSpline
 70
8
 71
3
 72
8
 73
4
 74
0
 40
0
 40
0
 40
0
 40
0
 40
1
 40
1
 40
1
 40
1
 10
124.825770
 20
152.196965
 30
0.0
 10
124.934663
 20
152.196965
 30
0.0
 10
125.013247
 20
152.219632
 30
0.0
 10
125.061520
 20
152.264965
 30
0.0
  0
SPLINE
  5
198
100
AcDbEntity
  8
0
 62
7
100
AcDbSpline
 70
8
 71
3
 72
8
 73
4
 74
0
 40
0
 40
0
 40
0
 40
0
 40
1
 40
1
 40
1
 40
1
 10
125.061520
 20
152.264965
 30
0.0
 10
125.110920
 20
152.311185
 30
0.0
 10
125.135620
 20
152.370295
 30
0.0
 10
125.135620
 20
152.442294
 30
0.0
  0
LWPOLYLINE
  5
199
100
AcDbEntity
  8
0
 62
7
100
AcDbPolyline
 90
4
 70
0
 10
124.359280
 20
152.444960
 30
0.0
 10
124.359280
 20
153.058278
 30
0.0
 10
124.510830
 20
153.058278
 30
0.0
 10
124.510830
 20
152.440960
 30
0.0
  0
SPLINE
  5
19a
100
AcDbEntity
  8
0
 62
7
100
AcDbSpline
 70
8
 71
3
 72
8
 73
4
 74
0
 40
0
 40
0
 40
0
 40
0
 40
1
 40
1
 40
1
 40
1
 10
126.284000
 20
152.360960
 30
0.0
 10
126.284000
 20
152.276518
 30
0.0
 10
126.245270
 20
152.210742
 30
0.0
 10
126.167810
 20
152.163632
 30
0.0
  0
SPLINE
  5
19b
100
AcDbEntity
  8
0
 62
7
100
AcDbSpline
 70
8
 71
3
 72
8
 73
4
 74
0
 40
0
 40
0
 40
0
 40
0
 40
1
 40
1
 40
1
 40
1
 10
126.167810
 20
152.163632
 30
0.0
 10
126.090350
 20
152.116525
 30
0.0
 10
125.985947
 20
152.092972
 30
0.0
 10
125.854600
 20
152.092972
 30
0.0
  0
SPLINE
  5
19c
100
AcDbEntity
  8
0
 62
7
100
AcDbSpline
 70
8
 71
3
 72
8
 73
4
 74
0
 40
0
 40
0
 40
0
 40
0
 40
1
 40
1
 40
1
 40
1
 10
125.854600
 20
152.092972
 30
0.0
 10
125.787240
 20
152.092972
 30
0.0
 10
125.724933
 20
152.096972
 30
0.0
 10
125.667680
 20
152.104972
 30
0.0
  0
SPLINE
  5
19d
100
AcDbEntity
  8
0
 62
7
100
AcDbSpline
 70
8
 71
3
 72
8
 73
4
 74
0
 40
0
 40
0
 40
0
 40
0
 40
1
 40
1
 40
1
 40
1
 10
125.667680
 20
152.104972
 30
0.0
 10
125.610413
 20
152.112972
 30
0.0
 10
125.562700
 20
152.124082
 30
0.0
 10
125.524540
 20
152.138302
 30
0.0
  0
LWPOLYLINE
  5
19e
100
AcDbEntity
  8
0
 62
7
100
AcDbPolyline
 90
4
 70
0
 10
125.135620
 20
152.442294
 30
0.0
 10
125.135620
 20
153.058278
 30
0.0
 10
125.285490
 20
153.058278
 30
0.0
 10
125.285420
 20
152.442290
 30
0.0
  0
SPLINE
  5
19f
100
AcDbEntity
  8
0
 62
7
100
AcDbSpline
 70
8
 71
3
 72
8
 73
4
 74
0
 40
0
 40
0
 40
0
 40
0
 40
1
 40
1
 40
1
 40
1
 10
125.524540
 20
152.252966
 30
0.0
 10
125.564940
 20
152.238746
 30
0.0
 10
125.614897
 20
152.225856
 30
0.0
 10
125.674410
 20
152.214296
 30
0.0
  0
SPLINE
  5
1a0
100
AcDbEntity
  8
0
 62
7
100
AcDbSpline
 70
8
 71
3
 72
8
 73
4
 74
0
 40
0
 40
0
 40
0
 40
0
 40
1
 40
1
 40
1
 40
1
 10
125.674410
 20
152.214296
 30
0.0
 10
125.735010
 20
152.202743
 30
0.0
 10
125.797317
 20
152.196966
 30
0.0
 10
125.861330
 20
152.196966
 30
0.0
  0
SPLINE
  5
1a1
100
AcDbEntity
  8
0
 62
7
100
AcDbSpline
 70
8
 71
3
 72
8
 73
4
 74
0
 40
0
 40
0
 40
0
 40
0
 40
1
 40
1
 40
1
 40
1
 10
125.861330
 20
152.196966
 30
0.0
 10
125.951143
 20
152.196966
 30
0.0
 10
126.018500
 20
152.210743
 30
0.0
 10
126.063400
 20
152.238296
 30
0.0
  0
SPLINE
  5
1a2
100
AcDbEntity
  8
0
 62
7
100
AcDbSpline
 70
8
 71
3
 72
8
 73
4
 74
0
 40
0
 40
0
 40
0
 40
0
 40
1
 40
1
 40
1
 40
1
 10
126.063400
 20
152.238296
 30
0.0
 10
126.109400
 20
152.265849
 30
0.0
 10
126.132400
 20
152.303182
 30
0.0
 10
126.132400
 20
152.350293
 30
0.0
  0
SPLINE
  5
1a3
100
AcDbEntity
  8
0
 62
7
100
AcDbSpline
 70
8
 71
3
 72
8
 73
4
 74
0
 40
0
 40
0
 40
0
 40
0
 40
1
 40
1
 40
1
 40
1
 10
126.132400
 20
152.350293
 30
0.0
 10
126.132400
 20
152.381406
 30
0.0
 10
126.124000
 20
152.407630
 30
0.0
 10
126.107200
 20
152.428963
 30
0.0
  0
SPLINE
  5
1a4
100
AcDbEntity
  8
0
 62
7
100
AcDbSpline
 70
8
 71
3
 72
8
 73
4
 74
0
 40
0
 40
0
 40
0
 40
0
 40
1
 40
1
 40
1
 40
1
 10
126.107200
 20
152.428963
 30
0.0
 10
126.090333
 20
152.450296
 30
0.0
 10
126.061133
 20
152.469850
 30
0.0
 10
126.019600
 20
152.487623
 30
0.0
  0
SPLINE
  5
1a5
100
AcDbEntity
  8
0
 62
7
100
AcDbSpline
 70
8
 71
3
 72
8
 73
4
 74
0
 40
0
 40
0
 40
0
 40
0
 40
1
 40
1
 40
1
 40
1
 10
126.019600
 20
152.487623
 30
0.0
 10
125.979200
 20
152.506290
 30
0.0
 10
125.922507
 20
152.525846
 30
0.0
 10
125.849520
 20
152.546293
 30
0.0
  0
SPLINE
  5
1a6
100
AcDbEntity
  8
0
 62
7
100
AcDbSpline
 70
8
 71
3
 72
8
 73
4
 74
0
 40
0
 40
0
 40
0
 40
0
 40
1
 40
1
 40
1
 40
1
 10
125.849520
 20
152.546293
 30
0.0
 10
125.747360
 20
152.575626
 30
0.0
 10
125.669900
 20
152.611625
 30
0.0
 10
125.617140
 20
152.654290
 30
0.0
  0
SPLINE
  5
1a7
100
AcDbEntity
  8
0
 62
7
100
AcDbSpline
 70
8
 71
3
 72
8
 73
4
 74
0
 40
0
 40
0
 40
0
 40
0
 40
1
 40
1
 40
1
 40
1
 10
125.617140
 20
152.654290
 30
0.0
 10
125.565473
 20
152.696957
 30
0.0
 10
125.539640
 20
152.755178
 30
0.0
 10
125.539640
 20
152.828953
 30
0.0
  0
SPLINE
  5
1a8
100
AcDbEntity
  8
0
 62
7
100
AcDbSpline
 70
8
 71
3
 72
8
 73
4
 74
0
 40
0
 40
0
 40
0
 40
0
 40
1
 40
1
 40
1
 40
1
 10
125.539640
 20
152.828953
 30
0.0
 10
125.539640
 20
152.879620
 30
0.0
 10
125.555907
 20
152.922730
 30
0.0
 10
125.588440
 20
152.958283
 30
0.0
  0
SPLINE
  5
1a9
100
AcDbEntity
  8
0
 62
7
100
AcDbSpline
 70
8
 71
3
 72
8
 73
4
 74
0
 40
0
 40
0
 40
0
 40
0
 40
1
 40
1
 40
1
 40
1
 10
125.588440
 20
152.958283
 30
0.0
 10
125.620973
 20
152.994723
 30
0.0
 10
125.665880
 20
153.022723
 30
0.0
 10
125.723160
 20
153.042283
 30
0.0
  0
SPLINE
  5
1aa
100
AcDbEntity
  8
0
 62
7
100
AcDbSpline
 70
8
 71
3
 72
8
 73
4
 74
0
 40
0
 40
0
 40
0
 40
0
 40
1
 40
1
 40
1
 40
1
 10
125.723160
 20
153.042283
 30
0.0
 10
125.781560
 20
153.061836
 30
0.0
 10
125.848357
 20
153.071613
 30
0.0
 10
125.923550
 20
153.071613
 30
0.0
  0
SPLINE
  5
1ab
100
AcDbEntity
  8
0
 62
7
100
AcDbSpline
 70
8
 71
3
 72
8
 73
4
 74
0
 40
0
 40
0
 40
0
 40
0
 40
1
 40
1
 40
1
 40
1
 10
125.923550
 20
153.071613
 30
0.0
 10
125.989750
 20
153.071613
 30
0.0
 10
126.050370
 20
153.066723
 30
0.0
 10
126.105410
 20
153.056943
 30
0.0
  0
SPLINE
  5
1ac
100
AcDbEntity
  8
0
 62
7
100
AcDbSpline
 70
8
 71
3
 72
8
 73
4
 74
0
 40
0
 40
0
 40
0
 40
0
 40
1
 40
1
 40
1
 40
1
 10
126.105410
 20
153.056943
 30
0.0
 10
126.160410
 20
153.047163
 30
0.0
 10
126.210367
 20
153.034273
 30
0.0
 10
126.255280
 20
153.018273
 30
0.0
  0
LWPOLYLINE
  5
1ad
100
AcDbEntity
  8
0
 62
7
100
AcDbPolyline
 90
2
 70
0
 10
125.524540
 20
152.138302
 30
0.0
 10
125.524540
 20
152.252966
 30
0.0
  0
SPLINE
  5
1ae
100
AcDbEntity
  8
0
 62
7
100
AcDbSpline
 70
8
 71
3
 72
8
 73
4
 74
0
 40
0
 40
0
 40
0
 40
0
 40
1
 40
1
 40
1
 40
1
 10
126.208080
 20
152.915609
 30
0.0
 10
126.166547
 20
152.929829
 30
0.0
 10
126.121080
 20
152.941829
 30
0.0
 10
126.071680
 20
152.951609
 30
0.0
  0
SPLINE
  5
1af
100
AcDbEntity
  8
0
 62
7
100
AcDbSpline
 70
8
 71
3
 72
8
 73
4
 74
0
 40
0
 40
0
 40
0
 40
0
 40
1
 40
1
 40
1
 40
1
 10
126.071680
 20
152.951609
 30
0.0
 10
126.023413
 20
152.961389
 30
0.0
 10
125.972897
 20
152.966279
 30
0.0
 10
125.920130
 20
152.966279
 30
0.0
  0
SPLINE
  5
1b0
100
AcDbEntity
  8
0
 62
7
100
AcDbSpline
 70
8
 71
3
 72
8
 73
4
 74
0
 40
0
 40
0
 40
0
 40
0
 40
1
 40
1
 40
1
 40
1
 10
125.920130
 20
152.966279
 30
0.0
 10
125.844910
 20
152.966279
 30
0.0
 10
125.788217
 20
152.953389
 30
0.0
 10
125.750050
 20
152.927609
 30
0.0
  0
SPLINE
  5
1b1
100
AcDbEntity
  8
0
 62
7
100
AcDbSpline
 70
8
 71
3
 72
8
 73
4
 74
0
 40
0
 40
0
 40
0
 40
0
 40
1
 40
1
 40
1
 40
1
 10
125.750050
 20
152.927609
 30
0.0
 10
125.711850
 20
152.902722
 30
0.0
 10
125.692750
 20
152.869389
 30
0.0
 10
125.692750
 20
152.827609
 30
0.0
  0
SPLINE
  5
1b2
100
AcDbEntity
  8
0
 62
7
100
AcDbSpline
 70
8
 71
3
 72
8
 73
4
 74
0
 40
0
 40
0
 40
0
 40
0
 40
1
 40
1
 40
1
 40
1
 10
125.692750
 20
152.827609
 30
0.0
 10
125.692750
 20
152.795609
 30
0.0
 10
125.701183
 20
152.768942
 30
0.0
 10
125.718050
 20
152.747609
 30
0.0
  0
SPLINE
  5
1b3
100
AcDbEntity
  8
0
 62
7
100
AcDbSpline
 70
8
 71
3
 72
8
 73
4
 74
0
 40
0
 40
0
 40
0
 40
0
 40
1
 40
1
 40
1
 40
1
 10
125.718050
 20
152.747609
 30
0.0
 10
125.734917
 20
152.726276
 30
0.0
 10
125.762417
 20
152.707166
 30
0.0
 10
125.800550
 20
152.690279
 30
0.0
  0
SPLINE
  5
1b4
100
AcDbEntity
  8
0
 62
7
100
AcDbSpline
 70
8
 71
3
 72
8
 73
4
 74
0
 40
0
 40
0
 40
0
 40
0
 40
1
 40
1
 40
1
 40
1
 10
125.800550
 20
152.690279
 30
0.0
 10
125.838750
 20
152.673392
 30
0.0
 10
125.890390
 20
152.655169
 30
0.0
 10
125.955470
 20
152.635609
 30
0.0
  0
SPLINE
  5
1b5
100
AcDbEntity
  8
0
 62
7
100
AcDbSpline
 70
8
 71
3
 72
8
 73
4
 74
0
 40
0
 40
0
 40
0
 40
0
 40
1
 40
1
 40
1
 40
1
 10
125.955470
 20
152.635609
 30
0.0
 10
126.026197
 20
152.615162
 30
0.0
 10
126.085697
 20
152.592939
 30
0.0
 10
126.133970
 20
152.568939
 30
0.0
  0
SPLINE
  5
1b6
100
AcDbEntity
  8
0
 62
7
100
AcDbSpline
 70
8
 71
3
 72
8
 73
4
 74
0
 40
0
 40
0
 40
0
 40
0
 40
1
 40
1
 40
1
 40
1
 10
126.133970
 20
152.568939
 30
0.0
 10
126.183370
 20
152.545826
 30
0.0
 10
126.220417
 20
152.517826
 30
0.0
 10
126.245110
 20
152.484939
 30
0.0
  0
SPLINE
  5
1b7
100
AcDbEntity
  8
0
 62
7
100
AcDbSpline
 70
8
 71
3
 72
8
 73
4
 74
0
 40
0
 40
0
 40
0
 40
0
 40
1
 40
1
 40
1
 40
1
 10
126.245110
 20
152.484939
 30
0.0
 10
126.270910
 20
152.452052
 30
0.0
 10
126.283810
 20
152.410720
 30
0.0
 10
126.283810
 20
152.360942
 30
0.0
  0
LWPOLYLINE
  5
1b8
100
AcDbEntity
  8
0
 62
7
100
AcDbPolyline
 90
2
 70
0
 10
126.255280
 20
153.018273
 30
0.0
 10
126.208080
 20
152.915609
 30
0.0
  0
SPLINE
  5
1b9
100
AcDbEntity
  8
0
 62
7
100
AcDbSpline
 70
8
 71
3
 72
8
 73
4
 74
0
 40
0
 40
0
 40
0
 40
0
 40
1
 40
1
 40
1
 40
1
 10
126.870010
 20
153.058276
 30
0.0
 10
127.020443
 20
153.058276
 30
0.0
 10
127.133827
 20
153.040499
 30
0.0
 10
127.210160
 20
153.004946
 30
0.0
  0
SPLINE
  5
1ba
100
AcDbEntity
  8
0
 62
7
100
AcDbSpline
 70
8
 71
3
 72
8
 73
4
 74
0
 40
0
 40
0
 40
0
 40
0
 40
1
 40
1
 40
1
 40
1
 10
127.210160
 20
153.004946
 30
0.0
 10
127.287627
 20
152.970279
 30
0.0
 10
127.326360
 20
152.909392
 30
0.0
 10
127.326360
 20
152.822284
 30
0.0
  0
SPLINE
  5
1bb
100
AcDbEntity
  8
0
 62
7
100
AcDbSpline
 70
8
 71
3
 72
8
 73
4
 74
0
 40
0
 40
0
 40
0
 40
0
 40
1
 40
1
 40
1
 40
1
 10
127.326360
 20
152.822284
 30
0.0
 10
127.326360
 20
152.766284
 30
0.0
 10
127.306727
 20
152.719619
 30
0.0
 10
127.267460
 20
152.682288
 30
0.0
  0
SPLINE
  5
1bc
100
AcDbEntity
  8
0
 62
7
100
AcDbSpline
 70
8
 71
3
 72
8
 73
4
 74
0
 40
0
 40
0
 40
0
 40
0
 40
1
 40
1
 40
1
 40
1
 10
127.267460
 20
152.682288
 30
0.0
 10
127.228193
 20
152.645841
 30
0.0
 10
127.171500
 20
152.622288
 30
0.0
 10
127.097380
 20
152.611628
 30
0.0
  0
LWPOLYLINE
  5
1bd
100
AcDbEntity
  8
0
 62
7
100
AcDbPolyline
 90
2
 70
0
 10
126.283810
 20
152.360942
 30
0.0
 10
126.284000
 20
152.360960
 30
0.0
  0
SPLINE
  5
1be
100
AcDbEntity
  8
0
 62
7
100
AcDbSpline
 70
8
 71
3
 72
8
 73
4
 74
0
 40
0
 40
0
 40
0
 40
0
 40
1
 40
1
 40
1
 40
1
 10
127.097380
 20
152.604928
 30
0.0
 10
127.147913
 20
152.598728
 30
0.0
 10
127.193380
 20
152.587175
 30
0.0
 10
127.233780
 20
152.570268
 30
0.0
  0
SPLINE
  5
1bf
100
AcDbEntity
  8
0
 62
7
100
AcDbSpline
 70
8
 71
3
 72
8
 73
4
 74
0
 40
0
 40
0
 40
0
 40
0
 40
1
 40
1
 40
1
 40
1
 10
127.233780
 20
152.570268
 30
0.0
 10
127.275313
 20
152.553381
 30
0.0
 10
127.307880
 20
152.529381
 30
0.0
 10
127.331480
 20
152.498268
 30
0.0
  0
SPLINE
  5
1c0
100
AcDbEntity
  8
0
 62
7
100
AcDbSpline
 70
8
 71
3
 72
8
 73
4
 74
0
 40
0
 40
0
 40
0
 40
0
 40
1
 40
1
 40
1
 40
1
 10
127.331480
 20
152.498268
 30
0.0
 10
127.355080
 20
152.467161
 30
0.0
 10
127.366880
 20
152.426718
 30
0.0
 10
127.366880
 20
152.376938
 30
0.0
  0
SPLINE
  5
1c1
100
AcDbEntity
  8
0
 62
7
100
AcDbSpline
 70
8
 71
3
 72
8
 73
4
 74
0
 40
0
 40
0
 40
0
 40
0
 40
1
 40
1
 40
1
 40
1
 10
127.366880
 20
152.376938
 30
0.0
 10
127.366880
 20
152.290718
 30
0.0
 10
127.329273
 20
152.224053
 30
0.0
 10
127.254060
 20
152.176943
 30
0.0
  0
SPLINE
  5
1c2
100
AcDbEntity
  8
0
 62
7
100
AcDbSpline
 70
8
 71
3
 72
8
 73
4
 74
0
 40
0
 40
0
 40
0
 40
0
 40
1
 40
1
 40
1
 40
1
 10
127.254060
 20
152.176943
 30
0.0
 10
127.179967
 20
152.129830
 30
0.0
 10
127.078367
 20
152.106273
 30
0.0
 10
126.949260
 20
152.106273
 30
0.0
  0
LWPOLYLINE
  5
1c3
100
AcDbEntity
  8
0
 62
7
100
AcDbPolyline
 90
2
 70
0
 10
127.097380
 20
152.611628
 30
0.0
 10
127.097380
 20
152.604928
 30
0.0
  0
SPLINE
  5
1c4
100
AcDbEntity
  8
0
 62
7
100
AcDbSpline
 70
8
 71
3
 72
8
 73
4
 74
0
 40
0
 40
0
 40
0
 40
0
 40
1
 40
1
 40
1
 40
1
 10
126.900310
 20
152.652953
 30
0.0
 10
127.003590
 20
152.652953
 30
0.0
 10
127.074317
 20
152.665843
 30
0.0
 10
127.112490
 20
152.691623
 30
0.0
  0
SPLINE
  5
1c5
100
AcDbEntity
  8
0
 62
7
100
AcDbSpline
 70
8
 71
3
 72
8
 73
4
 74
0
 40
0
 40
0
 40
0
 40
0
 40
1
 40
1
 40
1
 40
1
 10
127.112490
 20
152.691623
 30
0.0
 10
127.150623
 20
152.718290
 30
0.0
 10
127.169690
 20
152.757400
 30
0.0
 10
127.169690
 20
152.808953
 30
0.0
  0
SPLINE
  5
1c6
100
AcDbEntity
  8
0
 62
7
100
AcDbSpline
 70
8
 71
3
 72
8
 73
4
 74
0
 40
0
 40
0
 40
0
 40
0
 40
1
 40
1
 40
1
 40
1
 10
127.169690
 20
152.808953
 30
0.0
 10
127.169690
 20
152.861400
 30
0.0
 10
127.146123
 20
152.898732
 30
0.0
 10
127.098990
 20
152.920950
 30
0.0
  0
SPLINE
  5
1c7
100
AcDbEntity
  8
0
 62
7
100
AcDbSpline
 70
8
 71
3
 72
8
 73
4
 74
0
 40
0
 40
0
 40
0
 40
0
 40
1
 40
1
 40
1
 40
1
 10
127.098990
 20
152.920950
 30
0.0
 10
127.052990
 20
152.944063
 30
0.0
 10
126.978897
 20
152.955620
 30
0.0
 10
126.876710
 20
152.955620
 30
0.0
  0
LWPOLYLINE
  5
1c8
100
AcDbEntity
  8
0
 62
7
100
AcDbPolyline
 90
4
 70
0
 10
126.949260
 20
152.106273
 30
0.0
 10
126.526600
 20
152.106273
 30
0.0
 10
126.526600
 20
153.058249
 30
0.0
 10
126.870010
 20
153.058276
 30
0.0
  0
LWPOLYLINE
  5
1c9
100
AcDbEntity
  8
0
 62
7
100
AcDbPolyline
 90
4
 70
0
 10
126.876710
 20
152.955620
 30
0.0
 10
126.678010
 20
152.955620
 30
0.0
 10
126.678010
 20
152.652961
 30
0.0
 10
126.900310
 20
152.652953
 30
0.0
  0
SPLINE
  5
1ca
100
AcDbEntity
  8
0
 62
7
100
AcDbSpline
 70
8
 71
3
 72
8
 73
4
 74
0
 40
0
 40
0
 40
0
 40
0
 40
1
 40
1
 40
1
 40
1
 10
126.920520
 20
152.207628
 30
0.0
 10
127.027167
 20
152.207628
 30
0.0
 10
127.101260
 20
152.224071
 30
0.0
 10
127.142800
 20
152.256958
 30
0.0
  0
SPLINE
  5
1cb
100
AcDbEntity
  8
0
 62
7
100
AcDbSpline
 70
8
 71
3
 72
8
 73
4
 74
0
 40
0
 40
0
 40
0
 40
0
 40
1
 40
1
 40
1
 40
1
 10
127.142800
 20
152.256958
 30
0.0
 10
127.184333
 20
152.289845
 30
0.0
 10
127.205100
 20
152.332955
 30
0.0
 10
127.205100
 20
152.386288
 30
0.0
  0
SPLINE
  5
1cc
100
AcDbEntity
  8
0
 62
7
100
AcDbSpline
 70
8
 71
3
 72
8
 73
4
 74
0
 40
0
 40
0
 40
0
 40
0
 40
1
 40
1
 40
1
 40
1
 10
127.205100
 20
152.386288
 30
0.0
 10
127.205100
 20
152.436061
 30
0.0
 10
127.183200
 20
152.476060
 30
0.0
 10
127.139400
 20
152.506285
 30
0.0
  0
SPLINE
  5
1cd
100
AcDbEntity
  8
0
 62
7
100
AcDbSpline
 70
8
 71
3
 72
8
 73
4
 74
0
 40
0
 40
0
 40
0
 40
0
 40
1
 40
1
 40
1
 40
1
 10
127.139400
 20
152.506285
 30
0.0
 10
127.096733
 20
152.537398
 30
0.0
 10
127.019833
 20
152.552955
 30
0.0
 10
126.908700
 20
152.552955
 30
0.0
  0
LWPOLYLINE
  5
1ce
100
AcDbEntity
  8
0
 62
7
100
AcDbPolyline
 90
3
 70
0
 10
126.678030
 20
152.552953
 30
0.0
 10
126.678030
 20
152.207628
 30
0.0
 10
126.920520
 20
152.207628
 30
0.0
  0
LWPOLYLINE
  5
1cf
100
AcDbEntity
  8
0
 62
7
100
AcDbPolyline
 90
2
 70
0
 10
126.908700
 20
152.552955
 30
0.0
 10
126.678030
 20
152.552953
 30
0.0
  0
LWPOLYLINE
  5
1d0
100
AcDbEntity
  8
0
 62
7
100
AcDbPolyline
 90
10
 70
0
 10
124.570800
 20
153.236500
 30
0.0
 10
124.570800
 20
152.427000
 30
0.0
 10
124.618400
 20
152.331700
 30
0.0
 10
124.666000
 20
152.284100
 30
0.0
 10
124.761300
 20
152.236500
 30
0.0
 10
124.951700
 20
152.236500
 30
0.0
 10
125.047000
 20
152.284100
 30
0.0
 10
125.094600
 20
152.331700
 30
0.0
 10
125.142200
 20
152.427000
 30
0.0
 10
125.142200
 20
153.236500
 30
0.0
  0
LWPOLYLINE
  5
1d1
100
AcDbEntity
  8
0
 62
7
100
AcDbPolyline
 90
20
 70
0
 10
125.570800
 20
152.284100
 30
0.0
 10
125.713700
 20
152.236500
 30
0.0
 10
125.951700
 20
152.236500
 30
0.0
 10
126.047000
 20
152.284100
 30
0.0
 10
126.094600
 20
152.331700
 30
0.0
 10
126.142200
 20
152.427000
 30
0.0
 10
126.142200
 20
152.522200
 30
0.0
 10
126.094600
 20
152.617400
 30
0.0
 10
126.047000
 20
152.665100
 30
0.0
 10
125.951700
 20
152.712700
 30
0.0
 10
125.761300
 20
152.760300
 30
0.0
 10
125.666000
 20
152.807900
 30
0.0
 10
125.618400
 20
152.855500
 30
0.0
 10
125.570800
 20
152.950800
 30
0.0
 10
125.570800
 20
153.046000
 30
0.0
 10
125.618400
 20
153.141200
 30
0.0
 10
125.666000
 20
153.188900
 30
0.0
 10
125.761300
 20
153.236500
 30
0.0
 10
125.999400
 20
153.236500
 30
0.0
 10
126.142200
 20
153.188900
 30
0.0
  0
LWPOLYLINE
  5
1d2
100
AcDbEntity
  8
0
 62
7
100
AcDbPolyline
 90
19
 70
0
 10
126.904100
 20
152.760300
 30
0.0
 10
127.047000
 20
152.712700
 30
0.0
 10
127.094600
 20
152.665100
 30
0.0
 10
127.142200
 20
152.569800
 30
0.0
 10
127.142200
 20
152.427000
 30
0.0
 10
127.094600
 20
152.331700
 30
0.0
 10
127.047000
 20
152.284100
 30
0.0
 10
126.951700
 20
152.236500
 30
0.0
 10
126.570800
 20
152.236500
 30
0.0
 10
126.570800
 20
153.236500
 30
0.0
 10
126.904100
 20
153.236500
 30
0.0
 10
126.999400
 20
153.188900
 30
0.0
 10
127.047000
 20
153.141200
 30
0.0
 10
127.094600
 20
153.046000
 30
0.0
 10
127.094600
 20
152.950800
 30
0.0
 10
127.047000
 20
152.855500
 30
0.0
 10
126.999400
 20
152.807900
 30
0.0
 10
126.904100
 20
152.760300
 30
0.0
 10
126.570800
 20
152.760300
 30
0.0
  0
LWPOLYLINE
  5
1d3
100
AcDbEntity
  8
0
 62
7
100
AcDbPolyline
 90
6
 70
1
 10
209.181890
 20
111.197602
 30
0.0
 10
209.181890
 20
110.245626
 30
0.0
 10
209.034490
 20
110.245626
 30
0.0
 10
209.034490
 20
111.090938
 30
0.0
 10
208.523520
 20
111.090938
 30
0.0
 10
208.523520
 20
111.197602
 30
0.0
  0
SPLINE
  5
1d4
100
AcDbEntity
  8
0
 62
7
100
AcDbSpline
 70
8
 71
3
 72
8
 73
4
 74
0
 40
0
 40
0
 40
0
 40
0
 40
1
 40
1
 40
1
 40
1
 10
206.476350
 20
110.712281
 30
0.0
 10
206.476350
 20
110.873166
 30
0.0
 10
206.530397
 20
110.994497
 30
0.0
 10
206.638490
 20
111.076272
 30
0.0
  0
SPLINE
  5
1d5
100
AcDbEntity
  8
0
 62
7
100
AcDbSpline
 70
8
 71
3
 72
8
 73
4
 74
0
 40
0
 40
0
 40
0
 40
0
 40
1
 40
1
 40
1
 40
1
 10
206.638490
 20
111.076272
 30
0.0
 10
206.745490
 20
111.157159
 30
0.0
 10
206.895070
 20
111.197602
 30
0.0
 10
207.087230
 20
111.197602
 30
0.0
  0
LWPOLYLINE
  5
1d6
100
AcDbEntity
  8
0
 62
7
100
AcDbPolyline
 90
12
 70
1
 10
207.670260
 20
111.197602
 30
0.0
 10
208.323720
 20
111.197602
 30
0.0
 10
208.323720
 20
110.245626
 30
0.0
 10
207.670260
 20
110.245626
 30
0.0
 10
207.670260
 20
110.350957
 30
0.0
 10
208.176320
 20
110.350957
 30
0.0
 10
208.176320
 20
110.648283
 30
0.0
 10
207.699740
 20
110.648283
 30
0.0
 10
207.699740
 20
110.752280
 30
0.0
 10
208.176320
 20
110.752280
 30
0.0
 10
208.176320
 20
111.092272
 30
0.0
 10
207.670260
 20
111.092272
 30
0.0
  0
SPLINE
  5
1d7
100
AcDbEntity
  8
0
 62
7
100
AcDbSpline
 70
8
 71
3
 72
8
 73
4
 74
0
 40
0
 40
0
 40
0
 40
0
 40
1
 40
1
 40
1
 40
1
 10
207.052840
 20
110.245626
 30
0.0
 10
206.934920
 20
110.245626
 30
0.0
 10
206.832833
 20
110.263403
 30
0.0
 10
206.746580
 20
110.298956
 30
0.0
  0
SPLINE
  5
1d8
100
AcDbEntity
  8
0
 62
7
100
AcDbSpline
 70
8
 71
3
 72
8
 73
4
 74
0
 40
0
 40
0
 40
0
 40
0
 40
1
 40
1
 40
1
 40
1
 10
206.746580
 20
110.298956
 30
0.0
 10
206.660327
 20
110.334509
 30
0.0
 10
206.593727
 20
110.386953
 30
0.0
 10
206.546780
 20
110.456286
 30
0.0
  0
SPLINE
  5
1d9
100
AcDbEntity
  8
0
 62
7
100
AcDbSpline
 70
8
 71
3
 72
8
 73
4
 74
0
 40
0
 40
0
 40
0
 40
0
 40
1
 40
1
 40
1
 40
1
 10
206.546780
 20
110.456286
 30
0.0
 10
206.499847
 20
110.524729
 30
0.0
 10
206.476380
 20
110.610060
 30
0.0
 10
206.476380
 20
110.712279
 30
0.0
  0
LWPOLYLINE
  5
1da
100
AcDbEntity
  8
0
 62
7
100
AcDbPolyline
 90
4
 70
0
 10
207.087230
 20
111.197602
 30
0.0
 10
207.413140
 20
111.197602
 30
0.0
 10
207.413140
 20
110.245626
 30
0.0
 10
207.052840
 20
110.245626
 30
0.0
  0
SPLINE
  5
1db
100
AcDbEntity
  8
0
 62
7
100
AcDbSpline
 70
8
 71
3
 72
8
 73
4
 74
0
 40
0
 40
0
 40
0
 40
0
 40
1
 40
1
 40
1
 40
1
 10
206.631940
 20
110.716281
 30
0.0
 10
206.631940
 20
110.589173
 30
0.0
 10
206.670700
 20
110.496287
 30
0.0
 10
206.748220
 20
110.437622
 30
0.0
  0
SPLINE
  5
1dc
100
AcDbEntity
  8
0
 62
7
100
AcDbSpline
 70
8
 71
3
 72
8
 73
4
 74
0
 40
0
 40
0
 40
0
 40
0
 40
1
 40
1
 40
1
 40
1
 10
206.748220
 20
110.437622
 30
0.0
 10
206.824647
 20
110.378069
 30
0.0
 10
206.933283
 20
110.348292
 30
0.0
 10
207.074130
 20
110.348292
 30
0.0
  0
LWPOLYLINE
  5
1dd
100
AcDbEntity
  8
0
 62
7
100
AcDbPolyline
 90
1
 70
1
 10
206.476380
 20
110.712279
 30
0.0
  0
SPLINE
  5
1de
100
AcDbEntity
  8
0
 62
7
100
AcDbSpline
 70
8
 71
3
 72
8
 73
4
 74
0
 40
0
 40
0
 40
0
 40
0
 40
1
 40
1
 40
1
 40
1
 10
207.106880
 20
111.094940
 30
0.0
 10
206.790253
 20
111.094940
 30
0.0
 10
206.631940
 20
110.968721
 30
0.0
 10
206.631940
 20
110.716283
 30
0.0
  0
LWPOLYLINE
  5
1df
100
AcDbEntity
  8
0
 62
7
100
AcDbPolyline
 90
4
 70
0
 10
207.074130
 20
110.348292
 30
0.0
 10
207.265740
 20
110.348292
 30
0.0
 10
207.265740
 20
111.094940
 30
0.0
 10
207.106880
 20
111.094940
 30
0.0
  0
LWPOLYLINE
  5
1e0
100
AcDbEntity
  8
0
 62
7
100
AcDbPolyline
 90
1
 70
1
 10
206.631940
 20
110.716283
 30
0.0
  0
LWPOLYLINE
  5
1e1
100
AcDbEntity
  8
0
 62
7
100
AcDbPolyline
 90
3
 70
0
 10
208.501300
 20
111.152600
 30
0.0
 10
208.977400
 20
111.152600
 30
0.0
 10
208.977400
 20
110.152600
 30
0.0
  0
LWPOLYLINE
  5
1e2
100
AcDbEntity
  8
0
 62
7
100
AcDbPolyline
 90
2
 70
0
 10
208.167900
 20
110.628800
 30
0.0
 10
207.834600
 20
110.628800
 30
0.0
  0
LWPOLYLINE
  5
1e3
100
AcDbEntity
  8
0
 62
7
100
AcDbPolyline
 90
4
 70
0
 10
207.691700
 20
111.152600
 30
0.0
 10
208.167900
 20
111.152600
 30
0.0
 10
208.167900
 20
110.152600
 30
0.0
 10
207.691700
 20
110.152600
 30
0.0
  0
LWPOLYLINE
  5
1e4
100
AcDbEntity
  8
0
 62
7
100
AcDbPolyline
 90
12
 70
1
 10
207.263200
 20
111.152600
 30
0.0
 10
207.263200
 20
110.152600
 30
0.0
 10
207.025100
 20
110.152600
 30
0.0
 10
206.882200
 20
110.200200
 30
0.0
 10
206.787000
 20
110.295500
 30
0.0
 10
206.739400
 20
110.390700
 30
0.0
 10
206.691700
 20
110.581200
 30
0.0
 10
206.691700
 20
110.724000
 30
0.0
 10
206.739400
 20
110.914500
 30
0.0
 10
206.787000
 20
111.009800
 30
0.0
 10
206.882200
 20
111.105000
 30
0.0
 10
207.025100
 20
111.152600
 30
0.0
  0
LWPOLYLINE
  5
1e5
100
AcDbEntity
  8
0
 62
7
100
AcDbPolyline
 90
6
 70
1
 10
104.589671
 20
74.380486
 30
0.0
 10
104.264079
 20
73.485927
 30
0.0
 10
104.125568
 20
73.536341
 30
0.0
 10
104.414681
 20
74.330672
 30
0.0
 10
103.934526
 20
74.505434
 30
0.0
 10
103.971006
 20
74.605662
 30
0.0
  0
SPLINE
  5
1e6
100
AcDbEntity
  8
0
 62
7
100
AcDbSpline
 70
8
 71
3
 72
8
 73
4
 74
0
 40
0
 40
0
 40
0
 40
0
 40
1
 40
1
 40
1
 40
1
 10
101.881305
 20
74.849783
 30
0.0
 10
101.936332
 20
75.000967
 30
0.0
 10
102.028613
 20
75.096496
 30
0.0
 10
102.158150
 20
75.136370
 30
0.0
  0
SPLINE
  5
1e7
100
AcDbEntity
  8
0
 62
7
100
AcDbSpline
 70
8
 71
3
 72
8
 73
4
 74
0
 40
0
 40
0
 40
0
 40
0
 40
1
 40
1
 40
1
 40
1
 10
102.158150
 20
75.136370
 30
0.0
 10
102.286362
 20
75.175783
 30
0.0
 10
102.440753
 20
75.162628
 30
0.0
 10
102.621325
 20
75.096905
 30
0.0
  0
LWPOLYLINE
  5
1e8
100
AcDbEntity
  8
0
 62
7
100
AcDbPolyline
 90
12
 70
1
 10
103.169203
 20
74.897494
 30
0.0
 10
103.783246
 20
74.674001
 30
0.0
 10
103.457653
 20
73.779442
 30
0.0
 10
102.843610
 20
74.002934
 30
0.0
 10
102.879635
 20
74.101912
 30
0.0
 10
103.355176
 20
73.928830
 30
0.0
 10
103.456866
 20
74.208219
 30
0.0
 10
103.009027
 20
74.371219
 30
0.0
 10
103.044597
 20
74.468947
 30
0.0
 10
103.492436
 20
74.305947
 30
0.0
 10
103.608719
 20
74.625434
 30
0.0
 10
103.133178
 20
74.798516
 30
0.0
  0
SPLINE
  5
1e9
100
AcDbEntity
  8
0
 62
7
100
AcDbSpline
 70
8
 71
3
 72
8
 73
4
 74
0
 40
0
 40
0
 40
0
 40
0
 40
1
 40
1
 40
1
 40
1
 10
102.263416
 20
74.214108
 30
0.0
 10
102.152613
 20
74.254437
 30
0.0
 10
102.062763
 20
74.306046
 30
0.0
 10
101.993865
 20
74.368937
 30
0.0
  0
SPLINE
  5
1ea
100
AcDbEntity
  8
0
 62
7
100
AcDbSpline
 70
8
 71
3
 72
8
 73
4
 74
0
 40
0
 40
0
 40
0
 40
0
 40
1
 40
1
 40
1
 40
1
 10
101.993865
 20
74.368937
 30
0.0
 10
101.924960
 20
74.431830
 30
0.0
 10
101.880310
 20
74.503891
 30
0.0
 10
101.859914
 20
74.585118
 30
0.0
  0
SPLINE
  5
1eb
100
AcDbEntity
  8
0
 62
7
100
AcDbSpline
 70
8
 71
3
 72
8
 73
4
 74
0
 40
0
 40
0
 40
0
 40
0
 40
1
 40
1
 40
1
 40
1
 10
101.859914
 20
74.585118
 30
0.0
 10
101.839219
 20
74.665483
 30
0.0
 10
101.846352
 20
74.753693
 30
0.0
 10
101.881314
 20
74.849748
 30
0.0
  0
LWPOLYLINE
  5
1ec
100
AcDbEntity
  8
0
 62
7
100
AcDbPolyline
 90
4
 70
0
 10
102.621325
 20
75.096905
 30
0.0
 10
102.927580
 20
74.985438
 30
0.0
 10
102.601987
 20
74.090878
 30
0.0
 10
102.263416
 20
74.214108
 30
0.0
  0
SPLINE
  5
1ed
100
AcDbEntity
  8
0
 62
7
100
AcDbSpline
 70
8
 71
3
 72
8
 73
4
 74
0
 40
0
 40
0
 40
0
 40
0
 40
1
 40
1
 40
1
 40
1
 10
102.028871
 20
74.800331
 30
0.0
 10
101.985398
 20
74.680889
 30
0.0
 10
101.990051
 20
74.580348
 30
0.0
 10
102.042831
 20
74.498706
 30
0.0
  0
SPLINE
  5
1ee
100
AcDbEntity
  8
0
 62
7
100
AcDbSpline
 70
8
 71
3
 72
8
 73
4
 74
0
 40
0
 40
0
 40
0
 40
0
 40
1
 40
1
 40
1
 40
1
 10
102.042831
 20
74.498706
 30
0.0
 10
102.094287
 20
74.416623
 30
0.0
 10
102.186191
 20
74.351496
 30
0.0
 10
102.318544
 20
74.303323
 30
0.0
  0
LWPOLYLINE
  5
1ef
100
AcDbEntity
  8
0
 62
7
100
AcDbPolyline
 90
1
 70
1
 10
101.881314
 20
74.849748
 30
0.0
  0
SPLINE
  5
1f0
100
AcDbEntity
  8
0
 62
7
100
AcDbSpline
 70
8
 71
3
 72
8
 73
4
 74
0
 40
0
 40
0
 40
0
 40
0
 40
1
 40
1
 40
1
 40
1
 10
102.604697
 20
74.993741
 30
0.0
 10
102.307159
 20
75.102035
 30
0.0
 10
102.115221
 20
75.037575
 30
0.0
 10
102.028881
 20
74.800359
 30
0.0
  0
LWPOLYLINE
  5
1f1
100
AcDbEntity
  8
0
 62
7
100
AcDbPolyline
 90
4
 70
0
 10
102.318544
 20
74.303323
 30
0.0
 10
102.498608
 20
74.237785
 30
0.0
 10
102.753977
 20
74.939407
 30
0.0
 10
102.604697
 20
74.993741
 30
0.0
  0
LWPOLYLINE
  5
1f2
100
AcDbEntity
  8
0
 62
7
100
AcDbPolyline
 90
1
 70
1
 10
102.028881
 20
74.800359
 30
0.0
  0
LWPOLYLINE
  5
1f3
100
AcDbEntity
  8
0
 62
7
100
AcDbPolyline
 90
3
 70
0
 10
103.934700
 20
74.570400
 30
0.0
 10
104.382200
 20
74.407500
 30
0.0
 10
104.040200
 20
73.467800
 30
0.0
  0
LWPOLYLINE
  5
1f4
100
AcDbEntity
  8
0
 62
7
100
AcDbPolyline
 90
2
 70
0
 10
103.442400
 20
74.192200
 30
0.0
 10
103.129100
 20
74.306200
 30
0.0
  0
LWPOLYLINE
  5
1f5
100
AcDbEntity
  8
0
 62
7
100
AcDbPolyline
 90
4
 70
0
 10
103.174000
 20
74.847200
 30
0.0
 10
103.621500
 20
74.684400
 30
0.0
 10
103.279500
 20
73.744700
 30
0.0
 10
102.832000
 20
73.907500
 30
0.0
  0
LWPOLYLINE
  5
1f6
100
AcDbEntity
  8
0
 62
7
100
AcDbPolyline
 90
12
 70
1
 10
102.771300
 20
74.993800
 30
0.0
 10
102.429300
 20
74.054100
 30
0.0
 10
102.205600
 20
74.135600
 30
0.0
 10
102.087600
 20
74.229200
 30
0.0
 10
102.030700
 20
74.351200
 30
0.0
 10
102.018500
 20
74.457000
 30
0.0
 10
102.038900
 20
74.652300
 30
0.0
 10
102.087800
 20
74.786500
 30
0.0
 10
102.197700
 20
74.949200
 30
0.0
 10
102.275000
 20
75.022400
 30
0.0
 10
102.397100
 20
75.079400
 30
0.0
 10
102.547600
 20
75.075300
 30
0.0
  0
LWPOLYLINE
  5
1f7
100
AcDbEntity
  8
0
 62
7
100
AcDbPolyline
 90
6
 70
1
 10
88.037888
 20
104.697600
 30
0.0
 10
88.037888
 20
103.745630
 30
0.0
 10
87.890492
 20
103.745630
 30
0.0
 10
87.890492
 20
104.590940
 30
0.0
 10
87.379519
 20
104.590940
 30
0.0
 10
87.379519
 20
104.697600
 30
0.0
  0
SPLINE
  5
1f8
100
AcDbEntity
  8
0
 62
7
100
AcDbSpline
 70
8
 71
3
 72
8
 73
4
 74
0
 40
0
 40
0
 40
0
 40
0
 40
1
 40
1
 40
1
 40
1
 10
85.332350
 20
104.212280
 30
0.0
 10
85.332350
 20
104.373167
 30
0.0
 10
85.386395
 20
104.494497
 30
0.0
 10
85.494486
 20
104.576270
 30
0.0
  0
SPLINE
  5
1f9
100
AcDbEntity
  8
0
 62
7
100
AcDbSpline
 70
8
 71
3
 72
8
 73
4
 74
0
 40
0
 40
0
 40
0
 40
0
 40
1
 40
1
 40
1
 40
1
 10
85.494486
 20
104.576270
 30
0.0
 10
85.601485
 20
104.657157
 30
0.0
 10
85.751064
 20
104.697600
 30
0.0
 10
85.943225
 20
104.697600
 30
0.0
  0
LWPOLYLINE
  5
1fa
100
AcDbEntity
  8
0
 62
7
100
AcDbPolyline
 90
12
 70
1
 10
86.526259
 20
104.697600
 30
0.0
 10
87.179715
 20
104.697600
 30
0.0
 10
87.179715
 20
103.745630
 30
0.0
 10
86.526259
 20
103.745630
 30
0.0
 10
86.526259
 20
103.850960
 30
0.0
 10
87.032319
 20
103.850960
 30
0.0
 10
87.032319
 20
104.148280
 30
0.0
 10
86.555738
 20
104.148280
 30
0.0
 10
86.555738
 20
104.252280
 30
0.0
 10
87.032319
 20
104.252280
 30
0.0
 10
87.032319
 20
104.592270
 30
0.0
 10
86.526259
 20
104.592270
 30
0.0
  0
SPLINE
  5
1fb
100
AcDbEntity
  8
0
 62
7
100
AcDbSpline
 70
8
 71
3
 72
8
 73
4
 74
0
 40
0
 40
0
 40
0
 40
0
 40
1
 40
1
 40
1
 40
1
 10
85.908833
 20
103.745630
 30
0.0
 10
85.790916
 20
103.745630
 30
0.0
 10
85.688830
 20
103.763397
 30
0.0
 10
85.602576
 20
103.798930
 30
0.0
  0
SPLINE
  5
1fc
100
AcDbEntity
  8
0
 62
7
100
AcDbSpline
 70
8
 71
3
 72
8
 73
4
 74
0
 40
0
 40
0
 40
0
 40
0
 40
1
 40
1
 40
1
 40
1
 10
85.602576
 20
103.798930
 30
0.0
 10
85.516322
 20
103.834463
 30
0.0
 10
85.449721
 20
103.886907
 30
0.0
 10
85.402773
 20
103.956260
 30
0.0
  0
SPLINE
  5
1fd
100
AcDbEntity
  8
0
 62
7
100
AcDbSpline
 70
8
 71
3
 72
8
 73
4
 74
0
 40
0
 40
0
 40
0
 40
0
 40
1
 40
1
 40
1
 40
1
 10
85.402773
 20
103.956260
 30
0.0
 10
85.355826
 20
104.024700
 30
0.0
 10
85.332353
 20
104.110030
 30
0.0
 10
85.332353
 20
104.212250
 30
0.0
  0
LWPOLYLINE
  5
1fe
100
AcDbEntity
  8
0
 62
7
100
AcDbPolyline
 90
4
 70
0
 10
85.943225
 20
104.697600
 30
0.0
 10
86.269135
 20
104.697600
 30
0.0
 10
86.269135
 20
103.745630
 30
0.0
 10
85.908833
 20
103.745630
 30
0.0
  0
SPLINE
  5
1ff
100
AcDbEntity
  8
0
 62
7
100
AcDbSpline
 70
8
 71
3
 72
8
 73
4
 74
0
 40
0
 40
0
 40
0
 40
0
 40
1
 40
1
 40
1
 40
1
 10
85.487935
 20
104.216280
 30
0.0
 10
85.487935
 20
104.089173
 30
0.0
 10
85.526695
 20
103.996287
 30
0.0
 10
85.604214
 20
103.937620
 30
0.0
  0
SPLINE
  5
200
100
AcDbEntity
  8
0
 62
7
100
AcDbSpline
 70
8
 71
3
 72
8
 73
4
 74
0
 40
0
 40
0
 40
0
 40
0
 40
1
 40
1
 40
1
 40
1
 10
85.604214
 20
103.937620
 30
0.0
 10
85.680642
 20
103.878087
 30
0.0
 10
85.789278
 20
103.848320
 30
0.0
 10
85.930123
 20
103.848320
 30
0.0
  0
LWPOLYLINE
  5
201
100
AcDbEntity
  8
0
 62
7
100
AcDbPolyline
 90
1
 70
1
 10
85.332353
 20
104.212250
 30
0.0
  0
SPLINE
  5
202
100
AcDbEntity
  8
0
 62
7
100
AcDbSpline
 70
8
 71
3
 72
8
 73
4
 74
0
 40
0
 40
0
 40
0
 40
0
 40
1
 40
1
 40
1
 40
1
 10
85.962878
 20
104.594970
 30
0.0
 10
85.646249
 20
104.594970
 30
0.0
 10
85.487935
 20
104.468750
 30
0.0
 10
85.487935
 20
104.216310
 30
0.0
  0
LWPOLYLINE
  5
203
100
AcDbEntity
  8
0
 62
7
100
AcDbPolyline
 90
4
 70
0
 10
85.930123
 20
103.848320
 30
0.0
 10
86.121738
 20
103.848320
 30
0.0
 10
86.121738
 20
104.594970
 30
0.0
 10
85.962878
 20
104.594970
 30
0.0
  0
LWPOLYLINE
  5
204
100
AcDbEntity
  8
0
 62
7
100
AcDbPolyline
 90
1
 70
1
 10
85.487935
 20
104.216310
 30
0.0
  0
LWPOLYLINE
  5
205
100
AcDbEntity
  8
0
 62
7
100
AcDbPolyline
 90
3
 70
0
 10
87.357300
 20
104.652600
 30
0.0
 10
87.833400
 20
104.652600
 30
0.0
 10
87.833400
 20
103.652600
 30
0.0
  0
LWPOLYLINE
  5
206
100
AcDbEntity
  8
0
 62
7
100
AcDbPolyline
 90
2
 70
0
 10
87.023900
 20
104.128800
 30
0.0
 10
86.690600
 20
104.128800
 30
0.0
  0
LWPOLYLINE
  5
207
100
AcDbEntity
  8
0
 62
7
100
AcDbPolyline
 90
4
 70
0
 10
86.547700
 20
104.652600
 30
0.0
 10
87.023900
 20
104.652600
 30
0.0
 10
87.023900
 20
103.652600
 30
0.0
 10
86.547700
 20
103.652600
 30
0.0
  0
LWPOLYLINE
  5
208
100
AcDbEntity
  8
0
 62
7
100
AcDbPolyline
 90
12
 70
1
 10
86.119200
 20
104.652600
 30
0.0
 10
86.119200
 20
103.652600
 30
0.0
 10
85.881100
 20
103.652600
 30
0.0
 10
85.738200
 20
103.700200
 30
0.0
 10
85.643000
 20
103.795500
 30
0.0
 10
85.595400
 20
103.890700
 30
0.0
 10
85.547700
 20
104.081200
 30
0.0
 10
85.547700
 20
104.224000
 30
0.0
 10
85.595400
 20
104.414500
 30
0.0
 10
85.643000
 20
104.509800
 30
0.0
 10
85.738200
 20
104.605000
 30
0.0
 10
85.881100
 20
104.652600
 30
0.0
  0
LWPOLYLINE
  5
209
100
AcDbEntity
  8
0
 62
7
100
AcDbPolyline
 90
6
 70
1
 10
88.037888
 20
121.697602
 30
0.0
 10
88.037888
 20
120.745626
 30
0.0
 10
87.890492
 20
120.745626
 30
0.0
 10
87.890492
 20
121.590938
 30
0.0
 10
87.379519
 20
121.590938
 30
0.0
 10
87.379519
 20
121.697602
 30
0.0
  0
SPLINE
  5
20a
100
AcDbEntity
  8
0
 62
7
100
AcDbSpline
 70
8
 71
3
 72
8
 73
4
 74
0
 40
0
 40
0
 40
0
 40
0
 40
1
 40
1
 40
1
 40
1
 10
85.332350
 20
121.212281
 30
0.0
 10
85.332350
 20
121.373166
 30
0.0
 10
85.386395
 20
121.494497
 30
0.0
 10
85.494486
 20
121.576272
 30
0.0
  0
SPLINE
  5
20b
100
AcDbEntity
  8
0
 62
7
100
AcDbSpline
 70
8
 71
3
 72
8
 73
4
 74
0
 40
0
 40
0
 40
0
 40
0
 40
1
 40
1
 40
1
 40
1
 10
85.494486
 20
121.576272
 30
0.0
 10
85.601485
 20
121.657159
 30
0.0
 10
85.751064
 20
121.697602
 30
0.0
 10
85.943225
 20
121.697602
 30
0.0
  0
LWPOLYLINE
  5
20c
100
AcDbEntity
  8
0
 62
7
100
AcDbPolyline
 90
12
 70
1
 10
86.526259
 20
121.697602
 30
0.0
 10
87.179715
 20
121.697602
 30
0.0
 10
87.179715
 20
120.745626
 30
0.0
 10
86.526259
 20
120.745626
 30
0.0
 10
86.526259
 20
120.850957
 30
0.0
 10
87.032319
 20
120.850957
 30
0.0
 10
87.032319
 20
121.148283
 30
0.0
 10
86.555738
 20
121.148283
 30
0.0
 10
86.555738
 20
121.252280
 30
0.0
 10
87.032319
 20
121.252280
 30
0.0
 10
87.032319
 20
121.592272
 30
0.0
 10
86.526259
 20
121.592272
 30
0.0
  0
SPLINE
  5
20d
100
AcDbEntity
  8
0
 62
7
100
AcDbSpline
 70
8
 71
3
 72
8
 73
4
 74
0
 40
0
 40
0
 40
0
 40
0
 40
1
 40
1
 40
1
 40
1
 10
85.908833
 20
120.745626
 30
0.0
 10
85.790916
 20
120.745626
 30
0.0
 10
85.688830
 20
120.763403
 30
0.0
 10
85.602576
 20
120.798956
 30
0.0
  0
SPLINE
  5
20e
100
AcDbEntity
  8
0
 62
7
100
AcDbSpline
 70
8
 71
3
 72
8
 73
4
 74
0
 40
0
 40
0
 40
0
 40
0
 40
1
 40
1
 40
1
 40
1
 10
85.602576
 20
120.798956
 30
0.0
 10
85.516322
 20
120.834509
 30
0.0
 10
85.449721
 20
120.886953
 30
0.0
 10
85.402773
 20
120.956286
 30
0.0
  0
SPLINE
  5
20f
100
AcDbEntity
  8
0
 62
7
100
AcDbSpline
 70
8
 71
3
 72
8
 73
4
 74
0
 40
0
 40
0
 40
0
 40
0
 40
1
 40
1
 40
1
 40
1
 10
85.402773
 20
120.956286
 30
0.0
 10
85.355826
 20
121.024729
 30
0.0
 10
85.332353
 20
121.110060
 30
0.0
 10
85.332353
 20
121.212279
 30
0.0
  0
LWPOLYLINE
  5
210
100
AcDbEntity
  8
0
 62
7
100
AcDbPolyline
 90
4
 70
0
 10
85.943225
 20
121.697602
 30
0.0
 10
86.269135
 20
121.697602
 30
0.0
 10
86.269135
 20
120.745626
 30
0.0
 10
85.908833
 20
120.745626
 30
0.0
  0
SPLINE
  5
211
100
AcDbEntity
  8
0
 62
7
100
AcDbSpline
 70
8
 71
3
 72
8
 73
4
 74
0
 40
0
 40
0
 40
0
 40
0
 40
1
 40
1
 40
1
 40
1
 10
85.487935
 20
121.216281
 30
0.0
 10
85.487935
 20
121.089173
 30
0.0
 10
85.526695
 20
120.996287
 30
0.0
 10
85.604214
 20
120.937622
 30
0.0
  0
SPLINE
  5
212
100
AcDbEntity
  8
0
 62
7
100
AcDbSpline
 70
8
 71
3
 72
8
 73
4
 74
0
 40
0
 40
0
 40
0
 40
0
 40
1
 40
1
 40
1
 40
1
 10
85.604214
 20
120.937622
 30
0.0
 10
85.680642
 20
120.878069
 30
0.0
 10
85.789278
 20
120.848292
 30
0.0
 10
85.930123
 20
120.848292
 30
0.0
  0
LWPOLYLINE
  5
213
100
AcDbEntity
  8
0
 62
7
100
AcDbPolyline
 90
1
 70
1
 10
85.332353
 20
121.212279
 30
0.0
  0
SPLINE
  5
214
100
AcDbEntity
  8
0
 62
7
100
AcDbSpline
 70
8
 71
3
 72
8
 73
4
 74
0
 40
0
 40
0
 40
0
 40
0
 40
1
 40
1
 40
1
 40
1
 10
85.962878
 20
121.594940
 30
0.0
 10
85.646249
 20
121.594940
 30
0.0
 10
85.487935
 20
121.468721
 30
0.0
 10
85.487935
 20
121.216283
 30
0.0
  0
LWPOLYLINE
  5
215
100
AcDbEntity
  8
0
 62
7
100
AcDbPolyline
 90
4
 70
0
 10
85.930123
 20
120.848292
 30
0.0
 10
86.121738
 20
120.848292
 30
0.0
 10
86.121738
 20
121.594940
 30
0.0
 10
85.962878
 20
121.594940
 30
0.0
  0
LWPOLYLINE
  5
216
100
AcDbEntity
  8
0
 62
7
100
AcDbPolyline
 90
1
 70
1
 10
85.487935
 20
121.216283
 30
0.0
  0
LWPOLYLINE
  5
217
100
AcDbEntity
  8
0
 62
7
100
AcDbPolyline
 90
3
 70
0
 10
87.357300
 20
121.652600
 30
0.0
 10
87.833400
 20
121.652600
 30
0.0
 10
87.833400
 20
120.652600
 30
0.0
  0
LWPOLYLINE
  5
218
100
AcDbEntity
  8
0
 62
7
100
AcDbPolyline
 90
2
 70
0
 10
87.023900
 20
121.128800
 30
0.0
 10
86.690600
 20
121.128800
 30
0.0
  0
LWPOLYLINE
  5
219
100
AcDbEntity
  8
0
 62
7
100
AcDbPolyline
 90
4
 70
0
 10
86.547700
 20
121.652600
 30
0.0
 10
87.023900
 20
121.652600
 30
0.0
 10
87.023900
 20
120.652600
 30
0.0
 10
86.547700
 20
120.652600
 30
0.0
  0
LWPOLYLINE
  5
21a
100
AcDbEntity
  8
0
 62
7
100
AcDbPolyline
 90
12
 70
1
 10
86.119200
 20
121.652600
 30
0.0
 10
86.119200
 20
120.652600
 30
0.0
 10
85.881100
 20
120.652600
 30
0.0
 10
85.738200
 20
120.700200
 30
0.0
 10
85.643000
 20
120.795500
 30
0.0
 10
85.595400
 20
120.890700
 30
0.0
 10
85.547700
 20
121.081200
 30
0.0
 10
85.547700
 20
121.224000
 30
0.0
 10
85.595400
 20
121.414500
 30
0.0
 10
85.643000
 20
121.509800
 30
0.0
 10
85.738200
 20
121.605000
 30
0.0
 10
85.881100
 20
121.652600
 30
0.0
  0
LWPOLYLINE
  5
21b
100
AcDbEntity
  8
0
 62
7
100
AcDbPolyline
 90
6
 70
1
 10
70.037888
 20
111.197602
 30
0.0
 10
70.037888
 20
110.245626
 30
0.0
 10
69.890492
 20
110.245626
 30
0.0
 10
69.890492
 20
111.090938
 30
0.0
 10
69.379519
 20
111.090938
 30
0.0
 10
69.379519
 20
111.197602
 30
0.0
  0
SPLINE
  5
21c
100
AcDbEntity
  8
0
 62
7
100
AcDbSpline
 70
8
 71
3
 72
8
 73
4
 74
0
 40
0
 40
0
 40
0
 40
0
 40
1
 40
1
 40
1
 40
1
 10
67.332350
 20
110.712281
 30
0.0
 10
67.332350
 20
110.873166
 30
0.0
 10
67.386395
 20
110.994497
 30
0.0
 10
67.494486
 20
111.076272
 30
0.0
  0
SPLINE
  5
21d
100
AcDbEntity
  8
0
 62
7
100
AcDbSpline
 70
8
 71
3
 72
8
 73
4
 74
0
 40
0
 40
0
 40
0
 40
0
 40
1
 40
1
 40
1
 40
1
 10
67.494486
 20
111.076272
 30
0.0
 10
67.601485
 20
111.157159
 30
0.0
 10
67.751064
 20
111.197602
 30
0.0
 10
67.943225
 20
111.197602
 30
0.0
  0
LWPOLYLINE
  5
21e
100
AcDbEntity
  8
0
 62
7
100
AcDbPolyline
 90
12
 70
1
 10
68.526259
 20
111.197602
 30
0.0
 10
69.179715
 20
111.197602
 30
0.0
 10
69.179715
 20
110.245626
 30
0.0
 10
68.526259
 20
110.245626
 30
0.0
 10
68.526259
 20
110.350957
 30
0.0
 10
69.032319
 20
110.350957
 30
0.0
 10
69.032319
 20
110.648283
 30
0.0
 10
68.555738
 20
110.648283
 30
0.0
 10
68.555738
 20
110.752280
 30
0.0
 10
69.032319
 20
110.752280
 30
0.0
 10
69.032319
 20
111.092272
 30
0.0
 10
68.526259
 20
111.092272
 30
0.0
  0
SPLINE
  5
21f
100
AcDbEntity
  8
0
 62
7
100
AcDbSpline
 70
8
 71
3
 72
8
 73
4
 74
0
 40
0
 40
0
 40
0
 40
0
 40
1
 40
1
 40
1
 40
1
 10
67.908833
 20
110.245626
 30
0.0
 10
67.790916
 20
110.245626
 30
0.0
 10
67.688830
 20
110.263403
 30
0.0
 10
67.602576
 20
110.298956
 30
0.0
  0
SPLINE
  5
220
100
AcDbEntity
  8
0
 62
7
100
AcDbSpline
 70
8
 71
3
 72
8
 73
4
 74
0
 40
0
 40
0
 40
0
 40
0
 40
1
 40
1
 40
1
 40
1
 10
67.602576
 20
110.298956
 30
0.0
 10
67.516322
 20
110.334509
 30
0.0
 10
67.449721
 20
110.386953
 30
0.0
 10
67.402773
 20
110.456286
 30
0.0
  0
SPLINE
  5
221
100
AcDbEntity
  8
0
 62
7
100
AcDbSpline
 70
8
 71
3
 72
8
 73
4
 74
0
 40
0
 40
0
 40
0
 40
0
 40
1
 40
1
 40
1
 40
1
 10
67.402773
 20
110.456286
 30
0.0
 10
67.355826
 20
110.524729
 30
0.0
 10
67.332353
 20
110.610060
 30
0.0
 10
67.332353
 20
110.712279
 30
0.0
  0
LWPOLYLINE
  5
222
100
AcDbEntity
  8
0
 62
7
100
AcDbPolyline
 90
4
 70
0
 10
67.943225
 20
111.197602
 30
0.0
 10
68.269135
 20
111.197602
 30
0.0
 10
68.269135
 20
110.245626
 30
0.0
 10
67.908833
 20
110.245626
 30
0.0
  0
SPLINE
  5
223
100
AcDbEntity
  8
0
 62
7
100
AcDbSpline
 70
8
 71
3
 72
8
 73
4
 74
0
 40
0
 40
0
 40
0
 40
0
 40
1
 40
1
 40
1
 40
1
 10
67.487935
 20
110.716281
 30
0.0
 10
67.487935
 20
110.589173
 30
0.0
 10
67.526695
 20
110.496287
 30
0.0
 10
67.604214
 20
110.437622
 30
0.0
  0
SPLINE
  5
224
100
AcDbEntity
  8
0
 62
7
100
AcDbSpline
 70
8
 71
3
 72
8
 73
4
 74
0
 40
0
 40
0
 40
0
 40
0
 40
1
 40
1
 40
1
 40
1
 10
67.604214
 20
110.437622
 30
0.0
 10
67.680642
 20
110.378069
 30
0.0
 10
67.789278
 20
110.348292
 30
0.0
 10
67.930123
 20
110.348292
 30
0.0
  0
LWPOLYLINE
  5
225
100
AcDbEntity
  8
0
 62
7
100
AcDbPolyline
 90
1
 70
1
 10
67.332353
 20
110.712279
 30
0.0
  0
SPLINE
  5
226
100
AcDbEntity
  8
0
 62
7
100
AcDbSpline
 70
8
 71
3
 72
8
 73
4
 74
0
 40
0
 40
0
 40
0
 40
0
 40
1
 40
1
 40
1
 40
1
 10
67.962878
 20
111.094940
 30
0.0
 10
67.646249
 20
111.094940
 30
0.0
 10
67.487935
 20
110.968721
 30
0.0
 10
67.487935
 20
110.716283
 30
0.0
  0
LWPOLYLINE
  5
227
100
AcDbEntity
  8
0
 62
7
100
AcDbPolyline
 90
4
 70
0
 10
67.930123
 20
110.348292
 30
0.0
 10
68.121738
 20
110.348292
 30
0.0
 10
68.121738
 20
111.094940
 30
0.0
 10
67.962878
 20
111.094940
 30
0.0
  0
LWPOLYLINE
  5
228
100
AcDbEntity
  8
0
 62
7
100
AcDbPolyline
 90
1
 70
1
 10
67.487935
 20
110.716283
 30
0.0
  0
LWPOLYLINE
  5
229
100
AcDbEntity
  8
0
 62
7
100
AcDbPolyline
 90
3
 70
0
 10
69.357300
 20
111.152600
 30
0.0
 10
69.833400
 20
111.152600
 30
0.0
 10
69.833400
 20
110.152600
 30
0.0
  0
LWPOLYLINE
  5
22a
100
AcDbEntity
  8
0
 62
7
100
AcDbPolyline
 90
2
 70
0
 10
69.023900
 20
110.628800
 30
0.0
 10
68.690600
 20
110.628800
 30
0.0
  0
LWPOLYLINE
  5
22b
100
AcDbEntity
  8
0
 62
7
100
AcDbPolyline
 90
4
 70
0
 10
68.547700
 20
111.152600
 30
0.0
 10
69.023900
 20
111.152600
 30
0.0
 10
69.023900
 20
110.152600
 30
0.0
 10
68.547700
 20
110.152600
 30
0.0
  0
LWPOLYLINE
  5
22c
100
AcDbEntity
  8
0
 62
7
100
AcDbPolyline
 90
12
 70
1
 10
68.119200
 20
111.152600
 30
0.0
 10
68.119200
 20
110.152600
 30
0.0
 10
67.881100
 20
110.152600
 30
0.0
 10
67.738200
 20
110.200200
 30
0.0
 10
67.643000
 20
110.295500
 30
0.0
 10
67.595400
 20
110.390700
 30
0.0
 10
67.547700
 20
110.581200
 30
0.0
 10
67.547700
 20
110.724000
 30
0.0
 10
67.595400
 20
110.914500
 30
0.0
 10
67.643000
 20
111.009800
 30
0.0
 10
67.738200
 20
111.105000
 30
0.0
 10
67.881100
 20
111.152600
 30
0.0
  0
LWPOLYLINE
  5
22d
100
AcDbEntity
  8
0
 62
7
100
AcDbPolyline
 90
6
 70
1
 10
88.037888
 20
138.697602
 30
0.0
 10
88.037888
 20
137.745626
 30
0.0
 10
87.890492
 20
137.745626
 30
0.0
 10
87.890492
 20
138.590938
 30
0.0
 10
87.379519
 20
138.590938
 30
0.0
 10
87.379519
 20
138.697602
 30
0.0
  0
SPLINE
  5
22e
100
AcDbEntity
  8
0
 62
7
100
AcDbSpline
 70
8
 71
3
 72
8
 73
4
 74
0
 40
0
 40
0
 40
0
 40
0
 40
1
 40
1
 40
1
 40
1
 10
85.332350
 20
138.212281
 30
0.0
 10
85.332350
 20
138.373166
 30
0.0
 10
85.386395
 20
138.494497
 30
0.0
 10
85.494486
 20
138.576272
 30
0.0
  0
SPLINE
  5
22f
100
AcDbEntity
  8
0
 62
7
100
AcDbSpline
 70
8
 71
3
 72
8
 73
4
 74
0
 40
0
 40
0
 40
0
 40
0
 40
1
 40
1
 40
1
 40
1
 10
85.494486
 20
138.576272
 30
0.0
 10
85.601485
 20
138.657159
 30
0.0
 10
85.751064
 20
138.697602
 30
0.0
 10
85.943225
 20
138.697602
 30
0.0
  0
LWPOLYLINE
  5
230
100
AcDbEntity
  8
0
 62
7
100
AcDbPolyline
 90
12
 70
1
 10
86.526259
 20
138.697602
 30
0.0
 10
87.179715
 20
138.697602
 30
0.0
 10
87.179715
 20
137.745626
 30
0.0
 10
86.526259
 20
137.745626
 30
0.0
 10
86.526259
 20
137.850957
 30
0.0
 10
87.032319
 20
137.850957
 30
0.0
 10
87.032319
 20
138.148283
 30
0.0
 10
86.555738
 20
138.148283
 30
0.0
 10
86.555738
 20
138.252280
 30
0.0
 10
87.032319
 20
138.252280
 30
0.0
 10
87.032319
 20
138.592272
 30
0.0
 10
86.526259
 20
138.592272
 30
0.0
  0
SPLINE
  5
231
100
AcDbEntity
  8
0
 62
7
100
AcDbSpline
 70
8
 71
3
 72
8
 73
4
 74
0
 40
0
 40
0
 40
0
 40
0
 40
1
 40
1
 40
1
 40
1
 10
85.908833
 20
137.745626
 30
0.0
 10
85.790916
 20
137.745626
 30
0.0
 10
85.688830
 20
137.763403
 30
0.0
 10
85.602576
 20
137.798956
 30
0.0
  0
SPLINE
  5
232
100
AcDbEntity
  8
0
 62
7
100
AcDbSpline
 70
8
 71
3
 72
8
 73
4
 74
0
 40
0
 40
0
 40
0
 40
0
 40
1
 40
1
 40
1
 40
1
 10
85.602576
 20
137.798956
 30
0.0
 10
85.516322
 20
137.834509
 30
0.0
 10
85.449721
 20
137.886953
 30
0.0
 10
85.402773
 20
137.956286
 30
0.0
  0
SPLINE
  5
233
100
AcDbEntity
  8
0
 62
7
100
AcDbSpline
 70
8
 71
3
 72
8
 73
4
 74
0
 40
0
 40
0
 40
0
 40
0
 40
1
 40
1
 40
1
 40
1
 10
85.402773
 20
137.956286
 30
0.0
 10
85.355826
 20
138.024729
 30
0.0
 10
85.332353
 20
138.110060
 30
0.0
 10
85.332353
 20
138.212279
 30
0.0
  0
LWPOLYLINE
  5
234
100
AcDbEntity
  8
0
 62
7
100
AcDbPolyline
 90
4
 70
0
 10
85.943225
 20
138.697602
 30
0.0
 10
86.269135
 20
138.697602
 30
0.0
 10
86.269135
 20
137.745626
 30
0.0
 10
85.908833
 20
137.745626
 30
0.0
  0
SPLINE
  5
235
100
AcDbEntity
  8
0
 62
7
100
AcDbSpline
 70
8
 71
3
 72
8
 73
4
 74
0
 40
0
 40
0
 40
0
 40
0
 40
1
 40
1
 40
1
 40
1
 10
85.487935
 20
138.216281
 30
0.0
 10
85.487935
 20
138.089173
 30
0.0
 10
85.526695
 20
137.996287
 30
0.0
 10
85.604214
 20
137.937622
 30
0.0
  0
SPLINE
  5
236
100
AcDbEntity
  8
0
 62
7
100
AcDbSpline
 70
8
 71
3
 72
8
 73
4
 74
0
 40
0
 40
0
 40
0
 40
0
 40
1
 40
1
 40
1
 40
1
 10
85.604214
 20
137.937622
 30
0.0
 10
85.680642
 20
137.878069
 30
0.0
 10
85.789278
 20
137.848292
 30
0.0
 10
85.930123
 20
137.848292
 30
0.0
  0
LWPOLYLINE
  5
237
100
AcDbEntity
  8
0
 62
7
100
AcDbPolyline
 90
1
 70
1
 10
85.332353
 20
138.212279
 30
0.0
  0
SPLINE
  5
238
100
AcDbEntity
  8
0
 62
7
100
AcDbSpline
 70
8
 71
3
 72
8
 73
4
 74
0
 40
0
 40
0
 40
0
 40
0
 40
1
 40
1
 40
1
 40
1
 10
85.962878
 20
138.594940
 30
0.0
 10
85.646249
 20
138.594940
 30
0.0
 10
85.487935
 20
138.468721
 30
0.0
 10
85.487935
 20
138.216283
 30
0.0
  0
LWPOLYLINE
  5
239
100
AcDbEntity
  8
0
 62
7
100
AcDbPolyline
 90
4
 70
0
 10
85.930123
 20
137.848292
 30
0.0
 10
86.121738
 20
137.848292
 30
0.0
 10
86.121738
 20
138.594940
 30
0.0
 10
85.962878
 20
138.594940
 30
0.0
  0
LWPOLYLINE
  5
23a
100
AcDbEntity
  8
0
 62
7
100
AcDbPolyline
 90
1
 70
1
 10
85.487935
 20
138.216283
 30
0.0
  0
LWPOLYLINE
  5
23b
100
AcDbEntity
  8
0
 62
7
100
AcDbPolyline
 90
3
 70
0
 10
87.357300
 20
138.652600
 30
0.0
 10
87.833400
 20
138.652600
 30
0.0
 10
87.833400
 20
137.652600
 30
0.0
  0
LWPOLYLINE
  5
23c
100
AcDbEntity
  8
0
 62
7
100
AcDbPolyline
 90
2
 70
0
 10
87.023900
 20
138.128800
 30
0.0
 10
86.690600
 20
138.128800
 30
0.0
  0
LWPOLYLINE
  5
23d
100
AcDbEntity
  8
0
 62
7
100
AcDbPolyline
 90
4
 70
0
 10
86.547700
 20
138.652600
 30
0.0
 10
87.023900
 20
138.652600
 30
0.0
 10
87.023900
 20
137.652600
 30
0.0
 10
86.547700
 20
137.652600
 30
0.0
  0
LWPOLYLINE
  5
23e
100
AcDbEntity
  8
0
 62
7
100
AcDbPolyline
 90
12
 70
1
 10
86.119200
 20
138.652600
 30
0.0
 10
86.119200
 20
137.652600
 30
0.0
 10
85.881100
 20
137.652600
 30
0.0
 10
85.738200
 20
137.700200
 30
0.0
 10
85.643000
 20
137.795500
 30
0.0
 10
85.595400
 20
137.890700
 30
0.0
 10
85.547700
 20
138.081200
 30
0.0
 10
85.547700
 20
138.224000
 30
0.0
 10
85.595400
 20
138.414500
 30
0.0
 10
85.643000
 20
138.509800
 30
0.0
 10
85.738200
 20
138.605000
 30
0.0
 10
85.881100
 20
138.652600
 30
0.0
  0
LWPOLYLINE
  5
23f
100
AcDbEntity
  8
0
 62
7
100
AcDbPolyline
 90
6
 70
1
 10
245.181890
 20
89.697600
 30
0.0
 10
245.181890
 20
88.745630
 30
0.0
 10
245.034490
 20
88.745630
 30
0.0
 10
245.034490
 20
89.590940
 30
0.0
 10
244.523520
 20
89.590940
 30
0.0
 10
244.523520
 20
89.697600
 30
0.0
  0
SPLINE
  5
240
100
AcDbEntity
  8
0
 62
7
100
AcDbSpline
 70
8
 71
3
 72
8
 73
4
 74
0
 40
0
 40
0
 40
0
 40
0
 40
1
 40
1
 40
1
 40
1
 10
242.476350
 20
89.212280
 30
0.0
 10
242.476350
 20
89.373167
 30
0.0
 10
242.530397
 20
89.494497
 30
0.0
 10
242.638490
 20
89.576270
 30
0.0
  0
SPLINE
  5
241
100
AcDbEntity
  8
0
 62
7
100
AcDbSpline
 70
8
 71
3
 72
8
 73
4
 74
0
 40
0
 40
0
 40
0
 40
0
 40
1
 40
1
 40
1
 40
1
 10
242.638490
 20
89.576270
 30
0.0
 10
242.745490
 20
89.657157
 30
0.0
 10
242.895070
 20
89.697600
 30
0.0
 10
243.087230
 20
89.697600
 30
0.0
  0
LWPOLYLINE
  5
242
100
AcDbEntity
  8
0
 62
7
100
AcDbPolyline
 90
12
 70
1
 10
243.670260
 20
89.697600
 30
0.0
 10
244.323720
 20
89.697600
 30
0.0
 10
244.323720
 20
88.745630
 30
0.0
 10
243.670260
 20
88.745630
 30
0.0
 10
243.670260
 20
88.850960
 30
0.0
 10
244.176320
 20
88.850960
 30
0.0
 10
244.176320
 20
89.148280
 30
0.0
 10
243.699740
 20
89.148280
 30
0.0
 10
243.699740
 20
89.252280
 30
0.0
 10
244.176320
 20
89.252280
 30
0.0
 10
244.176320
 20
89.592270
 30
0.0
 10
243.670260
 20
89.592270
 30
0.0
  0
SPLINE
  5
243
100
AcDbEntity
  8
0
 62
7
100
AcDbSpline
 70
8
 71
3
 72
8
 73
4
 74
0
 40
0
 40
0
 40
0
 40
0
 40
1
 40
1
 40
1
 40
1
 10
243.052840
 20
88.745630
 30
0.0
 10
242.934920
 20
88.745630
 30
0.0
 10
242.832833
 20
88.763397
 30
0.0
 10
242.746580
 20
88.798930
 30
0.0
  0
SPLINE
  5
244
100
AcDbEntity
  8
0
 62
7
100
AcDbSpline
 70
8
 71
3
 72
8
 73
4
 74
0
 40
0
 40
0
 40
0
 40
0
 40
1
 40
1
 40
1
 40
1
 10
242.746580
 20
88.798930
 30
0.0
 10
242.660327
 20
88.834463
 30
0.0
 10
242.593727
 20
88.886907
 30
0.0
 10
242.546780
 20
88.956260
 30
0.0
  0
SPLINE
  5
245
100
AcDbEntity
  8
0
 62
7
100
AcDbSpline
 70
8
 71
3
 72
8
 73
4
 74
0
 40
0
 40
0
 40
0
 40
0
 40
1
 40
1
 40
1
 40
1
 10
242.546780
 20
88.956260
 30
0.0
 10
242.499847
 20
89.024700
 30
0.0
 10
242.476380
 20
89.110030
 30
0.0
 10
242.476380
 20
89.212250
 30
0.0
  0
LWPOLYLINE
  5
246
100
AcDbEntity
  8
0
 62
7
100
AcDbPolyline
 90
4
 70
0
 10
243.087230
 20
89.697600
 30
0.0
 10
243.413140
 20
89.697600
 30
0.0
 10
243.413140
 20
88.745630
 30
0.0
 10
243.052840
 20
88.745630
 30
0.0
  0
SPLINE
  5
247
100
AcDbEntity
  8
0
 62
7
100
AcDbSpline
 70
8
 71
3
 72
8
 73
4
 74
0
 40
0
 40
0
 40
0
 40
0
 40
1
 40
1
 40
1
 40
1
 10
242.631940
 20
89.216280
 30
0.0
 10
242.631940
 20
89.089173
 30
0.0
 10
242.670700
 20
88.996287
 30
0.0
 10
242.748220
 20
88.937620
 30
0.0
  0
SPLINE
  5
248
100
AcDbEntity
  8
0
 62
7
100
AcDbSpline
 70
8
 71
3
 72
8
 73
4
 74
0
 40
0
 40
0
 40
0
 40
0
 40
1
 40
1
 40
1
 40
1
 10
242.748220
 20
88.937620
 30
0.0
 10
242.824647
 20
88.878087
 30
0.0
 10
242.933283
 20
88.848320
 30
0.0
 10
243.074130
 20
88.848320
 30
0.0
  0
LWPOLYLINE
  5
249
100
AcDbEntity
  8
0
 62
7
100
AcDbPolyline
 90
1
 70
1
 10
242.476380
 20
89.212250
 30
0.0
  0
SPLINE
  5
24a
100
AcDbEntity
  8
0
 62
7
100
AcDbSpline
 70
8
 71
3
 72
8
 73
4
 74
0
 40
0
 40
0
 40
0
 40
0
 40
1
 40
1
 40
1
 40
1
 10
243.106880
 20
89.594970
 30
0.0
 10
242.790253
 20
89.594970
 30
0.0
 10
242.631940
 20
89.468750
 30
0.0
 10
242.631940
 20
89.216310
 30
0.0
  0
LWPOLYLINE
  5
24b
100
AcDbEntity
  8
0
 62
7
100
AcDbPolyline
 90
4
 70
0
 10
243.074130
 20
88.848320
 30
0.0
 10
243.265740
 20
88.848320
 30
0.0
 10
243.265740
 20
89.594970
 30
0.0
 10
243.106880
 20
89.594970
 30
0.0
  0
LWPOLYLINE
  5
24c
100
AcDbEntity
  8
0
 62
7
100
AcDbPolyline
 90
1
 70
1
 10
242.631940
 20
89.216310
 30
0.0
  0
LWPOLYLINE
  5
24d
100
AcDbEntity
  8
0
 62
7
100
AcDbPolyline
 90
3
 70
0
 10
244.501300
 20
89.652600
 30
0.0
 10
244.977400
 20
89.652600
 30
0.0
 10
244.977400
 20
88.652600
 30
0.0
  0
LWPOLYLINE
  5
24e
100
AcDbEntity
  8
0
 62
7
100
AcDbPolyline
 90
2
 70
0
 10
244.167900
 20
89.128800
 30
0.0
 10
243.834600
 20
89.128800
 30
0.0
  0
LWPOLYLINE
  5
24f
100
AcDbEntity
  8
0
 62
7
100
AcDbPolyline
 90
4
 70
0
 10
243.691700
 20
89.652600
 30
0.0
 10
244.167900
 20
89.652600
 30
0.0
 10
244.167900
 20
88.652600
 30
0.0
 10
243.691700
 20
88.652600
 30
0.0
  0
LWPOLYLINE
  5
250
100
AcDbEntity
  8
0
 62
7
100
AcDbPolyline
 90
12
 70
1
 10
243.263200
 20
89.652600
 30
0.0
 10
243.263200
 20
88.652600
 30
0.0
 10
243.025100
 20
88.652600
 30
0.0
 10
242.882200
 20
88.700200
 30
0.0
 10
242.787000
 20
88.795500
 30
0.0
 10
242.739400
 20
88.890700
 30
0.0
 10
242.691700
 20
89.081200
 30
0.0
 10
242.691700
 20
89.224000
 30
0.0
 10
242.739400
 20
89.414500
 30
0.0
 10
242.787000
 20
89.509800
 30
0.0
 10
242.882200
 20
89.605000
 30
0.0
 10
243.025100
 20
89.652600
 30
0.0
  0
LWPOLYLINE
  5
251
100
AcDbEntity
  8
0
 62
7
100
AcDbPolyline
 90
6
 70
1
 10
156.699632
 20
86.974918
 30
0.0
 10
157.101956
 20
86.112131
 30
0.0
 10
156.968366
 20
86.049837
 30
0.0
 10
156.611123
 20
86.815948
 30
0.0
 10
156.148027
 20
86.600003
 30
0.0
 10
156.102946
 20
86.696679
 30
0.0
  0
SPLINE
  5
252
100
AcDbEntity
  8
0
 62
7
100
AcDbSpline
 70
8
 71
3
 72
8
 73
4
 74
0
 40
0
 40
0
 40
0
 40
0
 40
1
 40
1
 40
1
 40
1
 10
154.452685
 20
85.391659
 30
0.0
 10
154.384691
 20
85.537472
 30
0.0
 10
154.382398
 20
85.670275
 30
0.0
 10
154.445805
 20
85.790069
 30
0.0
  0
SPLINE
  5
253
100
AcDbEntity
  8
0
 62
7
100
AcDbSpline
 70
8
 71
3
 72
8
 73
4
 74
0
 40
0
 40
0
 40
0
 40
0
 40
1
 40
1
 40
1
 40
1
 10
154.445805
 20
85.790069
 30
0.0
 10
154.508590
 20
85.908595
 30
0.0
 10
154.627063
 20
86.008464
 30
0.0
 10
154.801225
 20
86.089677
 30
0.0
  0
LWPOLYLINE
  5
254
100
AcDbEntity
  8
0
 62
7
100
AcDbPolyline
 90
12
 70
1
 10
155.329630
 20
86.336076
 30
0.0
 10
155.921866
 20
86.612240
 30
0.0
 10
156.324190
 20
85.749453
 30
0.0
 10
155.731954
 20
85.473289
 30
0.0
 10
155.687440
 20
85.568750
 30
0.0
 10
156.146086
 20
85.782621
 30
0.0
 10
156.020429
 20
86.052093
 30
0.0
 10
155.588500
 20
85.850682
 30
0.0
 10
155.544548
 20
85.944938
 30
0.0
 10
155.976476
 20
86.146349
 30
0.0
 10
155.832791
 20
86.454485
 30
0.0
 10
155.374144
 20
86.240615
 30
0.0
  0
SPLINE
  5
255
100
AcDbEntity
  8
0
 62
7
100
AcDbSpline
 70
8
 71
3
 72
8
 73
4
 74
0
 40
0
 40
0
 40
0
 40
0
 40
1
 40
1
 40
1
 40
1
 10
155.172372
 20
85.212352
 30
0.0
 10
155.065506
 20
85.162520
 30
0.0
 10
154.965479
 20
85.135480
 30
0.0
 10
154.872290
 20
85.131231
 30
0.0
  0
SPLINE
  5
256
100
AcDbEntity
  8
0
 62
7
100
AcDbSpline
 70
8
 71
3
 72
8
 73
4
 74
0
 40
0
 40
0
 40
0
 40
0
 40
1
 40
1
 40
1
 40
1
 10
154.872290
 20
85.131231
 30
0.0
 10
154.779101
 20
85.126983
 30
0.0
 10
154.696574
 20
85.146365
 30
0.0
 10
154.624710
 20
85.189378
 30
0.0
  0
SPLINE
  5
257
100
AcDbEntity
  8
0
 62
7
100
AcDbSpline
 70
8
 71
3
 72
8
 73
4
 74
0
 40
0
 40
0
 40
0
 40
0
 40
1
 40
1
 40
1
 40
1
 10
154.624710
 20
85.189378
 30
0.0
 10
154.553247
 20
85.231576
 30
0.0
 10
154.495916
 20
85.298997
 30
0.0
 10
154.452716
 20
85.391640
 30
0.0
  0
LWPOLYLINE
  5
258
100
AcDbEntity
  8
0
 62
7
100
AcDbPolyline
 90
4
 70
0
 10
154.801225
 20
86.089677
 30
0.0
 10
155.096600
 20
86.227413
 30
0.0
 10
155.498924
 20
85.364625
 30
0.0
 10
155.172372
 20
85.212352
 30
0.0
  0
SPLINE
  5
259
100
AcDbEntity
  8
0
 62
7
100
AcDbSpline
 70
8
 71
3
 72
8
 73
4
 74
0
 40
0
 40
0
 40
0
 40
0
 40
1
 40
1
 40
1
 40
1
 10
154.592007
 20
85.461039
 30
0.0
 10
154.645724
 20
85.345841
 30
0.0
 10
154.720105
 20
85.278037
 30
0.0
 10
154.815150
 20
85.257625
 30
0.0
  0
SPLINE
  5
25a
100
AcDbEntity
  8
0
 62
7
100
AcDbSpline
 70
8
 71
3
 72
8
 73
4
 74
0
 40
0
 40
0
 40
0
 40
0
 40
1
 40
1
 40
1
 40
1
 10
154.815150
 20
85.257625
 30
0.0
 10
154.909582
 20
85.235972
 30
0.0
 10
155.020620
 20
85.254906
 30
0.0
 10
155.148265
 20
85.314427
 30
0.0
  0
LWPOLYLINE
  5
25b
100
AcDbEntity
  8
0
 62
7
100
AcDbPolyline
 90
1
 70
1
 10
154.452716
 20
85.391640
 30
0.0
  0
SPLINE
  5
25c
100
AcDbEntity
  8
0
 62
7
100
AcDbSpline
 70
8
 71
3
 72
8
 73
4
 74
0
 40
0
 40
0
 40
0
 40
0
 40
1
 40
1
 40
1
 40
1
 10
154.862412
 20
86.004958
 30
0.0
 10
154.575450
 20
85.871146
 30
0.0
 10
154.485311
 20
85.689849
 30
0.0
 10
154.591994
 20
85.461066
 30
0.0
  0
LWPOLYLINE
  5
25d
100
AcDbEntity
  8
0
 62
7
100
AcDbPolyline
 90
4
 70
0
 10
155.148265
 20
85.314427
 30
0.0
 10
155.321931
 20
85.395409
 30
0.0
 10
155.006388
 20
86.072095
 30
0.0
 10
154.862412
 20
86.004958
 30
0.0
  0
LWPOLYLINE
  5
25e
100
AcDbEntity
  8
0
 62
7
100
AcDbPolyline
 90
1
 70
1
 10
154.591994
 20
85.461066
 30
0.0
  0
LWPOLYLINE
  5
25f
100
AcDbEntity
  8
0
 62
7
100
AcDbPolyline
 90
3
 70
0
 10
156.102100
 20
86.646100
 30
0.0
 10
156.533700
 20
86.847400
 30
0.0
 10
156.956300
 20
85.941100
 30
0.0
  0
LWPOLYLINE
  5
260
100
AcDbEntity
  8
0
 62
7
100
AcDbPolyline
 90
2
 70
0
 10
156.021400
 20
86.030500
 30
0.0
 10
155.719300
 20
85.889700
 30
0.0
  0
LWPOLYLINE
  5
261
100
AcDbEntity
  8
0
 62
7
100
AcDbPolyline
 90
4
 70
0
 10
155.368400
 20
86.304000
 30
0.0
 10
155.800000
 20
86.505300
 30
0.0
 10
156.222600
 20
85.599000
 30
0.0
 10
155.791100
 20
85.397700
 30
0.0
  0
LWPOLYLINE
  5
262
100
AcDbEntity
  8
0
 62
7
100
AcDbPolyline
 90
12
 70
1
 10
154.980000
 20
86.122900
 30
0.0
 10
155.402600
 20
85.216600
 30
0.0
 10
155.186900
 20
85.116000
 30
0.0
 10
155.037300
 20
85.098800
 30
0.0
 10
154.910700
 20
85.144800
 30
0.0
 10
154.827300
 20
85.211000
 30
0.0
 10
154.703600
 20
85.363500
 30
0.0
 10
154.643300
 20
85.493000
 30
0.0
 10
154.605900
 20
85.685700
 30
0.0
 10
154.608800
 20
85.792200
 30
0.0
 10
154.654900
 20
85.918700
 30
0.0
 10
154.764200
 20
86.022300
 30
0.0
  0
LWPOLYLINE
  5
263
100
AcDbEntity
  8
0
 62
7
100
AcDbPolyline
 90
6
 70
1
 10
122.271934
 20
85.856027
 30
0.0
 10
121.869610
 20
84.993240
 30
0.0
 10
121.736020
 20
85.055534
 30
0.0
 10
122.093263
 20
85.821645
 30
0.0
 10
121.630167
 20
86.037590
 30
0.0
 10
121.675248
 20
86.134266
 30
0.0
  0
SPLINE
  5
264
100
AcDbEntity
  8
0
 62
7
100
AcDbSpline
 70
8
 71
3
 72
8
 73
4
 74
0
 40
0
 40
0
 40
0
 40
0
 40
1
 40
1
 40
1
 40
1
 10
119.614776
 20
86.559588
 30
0.0
 10
119.682770
 20
86.705401
 30
0.0
 10
119.783029
 20
86.792522
 30
0.0
 10
119.915554
 20
86.820951
 30
0.0
  0
SPLINE
  5
265
100
AcDbEntity
  8
0
 62
7
100
AcDbSpline
 70
8
 71
3
 72
8
 73
4
 74
0
 40
0
 40
0
 40
0
 40
0
 40
1
 40
1
 40
1
 40
1
 10
119.915554
 20
86.820951
 30
0.0
 10
120.046713
 20
86.849040
 30
0.0
 10
120.199370
 20
86.822478
 30
0.0
 10
120.373527
 20
86.741268
 30
0.0
  0
LWPOLYLINE
  5
266
100
AcDbEntity
  8
0
 62
7
100
AcDbPolyline
 90
12
 70
1
 10
120.901931
 20
86.494869
 30
0.0
 10
121.494167
 20
86.218705
 30
0.0
 10
121.091843
 20
85.355918
 30
0.0
 10
120.499607
 20
85.632082
 30
0.0
 10
120.544122
 20
85.727544
 30
0.0
 10
121.002768
 20
85.513673
 30
0.0
 10
121.128425
 20
85.783146
 30
0.0
 10
120.696497
 20
85.984557
 30
0.0
 10
120.740449
 20
86.078813
 30
0.0
 10
121.172377
 20
85.877402
 30
0.0
 10
121.316063
 20
86.185538
 30
0.0
 10
120.857417
 20
86.399408
 30
0.0
  0
SPLINE
  5
267
100
AcDbEntity
  8
0
 62
7
100
AcDbSpline
 70
8
 71
3
 72
8
 73
4
 74
0
 40
0
 40
0
 40
0
 40
0
 40
1
 40
1
 40
1
 40
1
 10
119.940026
 20
85.893019
 30
0.0
 10
119.833160
 20
85.942851
 30
0.0
 10
119.748149
 20
86.002096
 30
0.0
 10
119.684994
 20
86.070752
 30
0.0
  0
SPLINE
  5
268
100
AcDbEntity
  8
0
 62
7
100
AcDbSpline
 70
8
 71
3
 72
8
 73
4
 74
0
 40
0
 40
0
 40
0
 40
0
 40
1
 40
1
 40
1
 40
1
 10
119.684994
 20
86.070752
 30
0.0
 10
119.621839
 20
86.139408
 30
0.0
 10
119.583640
 20
86.215086
 30
0.0
 10
119.570395
 20
86.297785
 30
0.0
  0
SPLINE
  5
269
100
AcDbEntity
  8
0
 62
7
100
AcDbSpline
 70
8
 71
3
 72
8
 73
4
 74
0
 40
0
 40
0
 40
0
 40
0
 40
1
 40
1
 40
1
 40
1
 10
119.570395
 20
86.297785
 30
0.0
 10
119.556786
 20
86.379653
 30
0.0
 10
119.571582
 20
86.466909
 30
0.0
 10
119.614782
 20
86.559552
 30
0.0
  0
LWPOLYLINE
  5
26a
100
AcDbEntity
  8
0
 62
7
100
AcDbPolyline
 90
4
 70
0
 10
120.373527
 20
86.741268
 30
0.0
 10
120.668901
 20
86.603533
 30
0.0
 10
120.266578
 20
85.740746
 30
0.0
 10
119.940026
 20
85.893019
 30
0.0
  0
SPLINE
  5
26b
100
AcDbEntity
  8
0
 62
7
100
AcDbSpline
 70
8
 71
3
 72
8
 73
4
 74
0
 40
0
 40
0
 40
0
 40
0
 40
1
 40
1
 40
1
 40
1
 10
119.757479
 20
86.497458
 30
0.0
 10
119.703762
 20
86.382260
 30
0.0
 10
119.699634
 20
86.281695
 30
0.0
 10
119.745098
 20
86.195764
 30
0.0
  0
SPLINE
  5
26c
100
AcDbEntity
  8
0
 62
7
100
AcDbSpline
 70
8
 71
3
 72
8
 73
4
 74
0
 40
0
 40
0
 40
0
 40
0
 40
1
 40
1
 40
1
 40
1
 10
119.745098
 20
86.195764
 30
0.0
 10
119.789204
 20
86.109509
 30
0.0
 10
119.875079
 20
86.036621
 30
0.0
 10
120.002724
 20
85.977099
 30
0.0
  0
LWPOLYLINE
  5
26d
100
AcDbEntity
  8
0
 62
7
100
AcDbPolyline
 90
1
 70
1
 10
119.614782
 20
86.559552
 30
0.0
  0
SPLINE
  5
26e
100
AcDbEntity
  8
0
 62
7
100
AcDbSpline
 70
8
 71
3
 72
8
 73
4
 74
0
 40
0
 40
0
 40
0
 40
0
 40
1
 40
1
 40
1
 40
1
 10
120.347958
 20
86.639940
 30
0.0
 10
120.060997
 20
86.773752
 30
0.0
 10
119.864175
 20
86.726267
 30
0.0
 10
119.757492
 20
86.497485
 30
0.0
  0
LWPOLYLINE
  5
26f
100
AcDbEntity
  8
0
 62
7
100
AcDbPolyline
 90
4
 70
0
 10
120.002724
 20
85.977099
 30
0.0
 10
120.176391
 20
85.896117
 30
0.0
 10
120.491934
 20
86.572803
 30
0.0
 10
120.347958
 20
86.639940
 30
0.0
  0
LWPOLYLINE
  5
270
100
AcDbEntity
  8
0
 62
7
100
AcDbPolyline
 90
1
 70
1
 10
119.757492
 20
86.497485
 30
0.0
  0
LWPOLYLINE
  5
271
100
AcDbEntity
  8
0
 62
7
100
AcDbPolyline
 90
3
 70
0
 10
121.635800
 20
86.102800
 30
0.0
 10
122.067400
 20
85.901500
 30
0.0
 10
121.644800
 20
84.995200
 30
0.0
  0
LWPOLYLINE
  5
272
100
AcDbEntity
  8
0
 62
7
100
AcDbPolyline
 90
2
 70
0
 10
121.112400
 20
85.768900
 30
0.0
 10
120.810300
 20
85.909800
 30
0.0
  0
LWPOLYLINE
  5
273
100
AcDbEntity
  8
0
 62
7
100
AcDbPolyline
 90
4
 70
0
 10
120.902200
 20
86.444900
 30
0.0
 10
121.333700
 20
86.243600
 30
0.0
 10
120.911100
 20
85.337300
 30
0.0
 10
120.479500
 20
85.538600
 30
0.0
  0
LWPOLYLINE
  5
274
100
AcDbEntity
  8
0
 62
7
100
AcDbPolyline
 90
12
 70
1
 10
120.513700
 20
86.626000
 30
0.0
 10
120.091100
 20
85.719700
 30
0.0
 10
119.875300
 20
85.820300
 30
0.0
 10
119.766000
 20
85.923900
 30
0.0
 10
119.719900
 20
86.050400
 30
0.0
 10
119.717000
 20
86.156900
 30
0.0
 10
119.754400
 20
86.349600
 30
0.0
 10
119.814700
 20
86.479100
 30
0.0
 10
119.938400
 20
86.631600
 30
0.0
 10
120.021800
 20
86.697800
 30
0.0
 10
120.148400
 20
86.743900
 30
0.0
 10
120.298000
 20
86.726600
 30
0.0
  0
LWPOLYLINE
  5
275
100
AcDbEntity
  8
0
 62
7
100
AcDbPolyline
 90
6
 70
1
 10
191.181890
 20
138.697602
 30
0.0
 10
191.181890
 20
137.745626
 30
0.0
 10
191.034490
 20
137.745626
 30
0.0
 10
191.034490
 20
138.590938
 30
0.0
 10
190.523520
 20
138.590938
 30
0.0
 10
190.523520
 20
138.697602
 30
0.0
  0
SPLINE
  5
276
100
AcDbEntity
  8
0
 62
7
100
AcDbSpline
 70
8
 71
3
 72
8
 73
4
 74
0
 40
0
 40
0
 40
0
 40
0
 40
1
 40
1
 40
1
 40
1
 10
188.476350
 20
138.212281
 30
0.0
 10
188.476350
 20
138.373166
 30
0.0
 10
188.530397
 20
138.494497
 30
0.0
 10
188.638490
 20
138.576272
 30
0.0
  0
SPLINE
  5
277
100
AcDbEntity
  8
0
 62
7
100
AcDbSpline
 70
8
 71
3
 72
8
 73
4
 74
0
 40
0
 40
0
 40
0
 40
0
 40
1
 40
1
 40
1
 40
1
 10
188.638490
 20
138.576272
 30
0.0
 10
188.745490
 20
138.657159
 30
0.0
 10
188.895070
 20
138.697602
 30
0.0
 10
189.087230
 20
138.697602
 30
0.0
  0
LWPOLYLINE
  5
278
100
AcDbEntity
  8
0
 62
7
100
AcDbPolyline
 90
12
 70
1
 10
189.670260
 20
138.697602
 30
0.0
 10
190.323720
 20
138.697602
 30
0.0
 10
190.323720
 20
137.745626
 30
0.0
 10
189.670260
 20
137.745626
 30
0.0
 10
189.670260
 20
137.850957
 30
0.0
 10
190.176320
 20
137.850957
 30
0.0
 10
190.176320
 20
138.148283
 30
0.0
 10
189.699740
 20
138.148283
 30
0.0
 10
189.699740
 20
138.252280
 30
0.0
 10
190.176320
 20
138.252280
 30
0.0
 10
190.176320
 20
138.592272
 30
0.0
 10
189.670260
 20
138.592272
 30
0.0
  0
SPLINE
  5
279
100
AcDbEntity
  8
0
 62
7
100
AcDbSpline
 70
8
 71
3
 72
8
 73
4
 74
0
 40
0
 40
0
 40
0
 40
0
 40
1
 40
1
 40
1
 40
1
 10
189.052840
 20
137.745626
 30
0.0
 10
188.934920
 20
137.745626
 30
0.0
 10
188.832833
 20
137.763403
 30
0.0
 10
188.746580
 20
137.798956
 30
0.0
  0
SPLINE
  5
27a
100
AcDbEntity
  8
0
 62
7
100
AcDbSpline
 70
8
 71
3
 72
8
 73
4
 74
0
 40
0
 40
0
 40
0
 40
0
 40
1
 40
1
 40
1
 40
1
 10
188.746580
 20
137.798956
 30
0.0
 10
188.660327
 20
137.834509
 30
0.0
 10
188.593727
 20
137.886953
 30
0.0
 10
188.546780
 20
137.956286
 30
0.0
  0
SPLINE
  5
27b
100
AcDbEntity
  8
0
 62
7
100
AcDbSpline
 70
8
 71
3
 72
8
 73
4
 74
0
 40
0
 40
0
 40
0
 40
0
 40
1
 40
1
 40
1
 40
1
 10
188.546780
 20
137.956286
 30
0.0
 10
188.499847
 20
138.024729
 30
0.0
 10
188.476380
 20
138.110060
 30
0.0
 10
188.476380
 20
138.212279
 30
0.0
  0
LWPOLYLINE
  5
27c
100
AcDbEntity
  8
0
 62
7
100
AcDbPolyline
 90
4
 70
0
 10
189.087230
 20
138.697602
 30
0.0
 10
189.413140
 20
138.697602
 30
0.0
 10
189.413140
 20
137.745626
 30
0.0
 10
189.052840
 20
137.745626
 30
0.0
  0
SPLINE
  5
27d
100
AcDbEntity
  8
0
 62
7
100
AcDbSpline
 70
8
 71
3
 72
8
 73
4
 74
0
 40
0
 40
0
 40
0
 40
0
 40
1
 40
1
 40
1
 40
1
 10
188.631940
 20
138.216281
 30
0.0
 10
188.631940
 20
138.089173
 30
0.0
 10
188.670700
 20
137.996287
 30
0.0
 10
188.748220
 20
137.937622
 30
0.0
  0
SPLINE
  5
27e
100
AcDbEntity
  8
0
 62
7
100
AcDbSpline
 70
8
 71
3
 72
8
 73
4
 74
0
 40
0
 40
0
 40
0
 40
0
 40
1
 40
1
 40
1
 40
1
 10
188.748220
 20
137.937622
 30
0.0
 10
188.824647
 20
137.878069
 30
0.0
 10
188.933283
 20
137.848292
 30
0.0
 10
189.074130
 20
137.848292
 30
0.0
  0
LWPOLYLINE
  5
27f
100
AcDbEntity
  8
0
 62
7
100
AcDbPolyline
 90
1
 70
1
 10
188.476380
 20
138.212279
 30
0.0
  0
SPLINE
  5
280
100
AcDbEntity
  8
0
 62
7
100
AcDbSpline
 70
8
 71
3
 72
8
 73
4
 74
0
 40
0
 40
0
 40
0
 40
0
 40
1
 40
1
 40
1
 40
1
 10
189.106880
 20
138.594940
 30
0.0
 10
188.790253
 20
138.594940
 30
0.0
 10
188.631940
 20
138.468721
 30
0.0
 10
188.631940
 20
138.216283
 30
0.0
  0
LWPOLYLINE
  5
281
100
AcDbEntity
  8
0
 62
7
100
AcDbPolyline
 90
4
 70
0
 10
189.074130
 20
137.848292
 30
0.0
 10
189.265740
 20
137.848292
 30
0.0
 10
189.265740
 20
138.594940
 30
0.0
 10
189.106880
 20
138.594940
 30
0.0
  0
LWPOLYLINE
  5
282
100
AcDbEntity
  8
0
 62
7
100
AcDbPolyline
 90
1
 70
1
 10
188.631940
 20
138.216283
 30
0.0
  0
LWPOLYLINE
  5
283
100
AcDbEntity
  8
0
 62
7
100
AcDbPolyline
 90
3
 70
0
 10
190.501300
 20
138.652600
 30
0.0
 10
190.977400
 20
138.652600
 30
0.0
 10
190.977400
 20
137.652600
 30
0.0
  0
LWPOLYLINE
  5
284
100
AcDbEntity
  8
0
 62
7
100
AcDbPolyline
 90
2
 70
0
 10
190.167900
 20
138.128800
 30
0.0
 10
189.834600
 20
138.128800
 30
0.0
  0
LWPOLYLINE
  5
285
100
AcDbEntity
  8
0
 62
7
100
AcDbPolyline
 90
4
 70
0
 10
189.691700
 20
138.652600
 30
0.0
 10
190.167900
 20
138.652600
 30
0.0
 10
190.167900
 20
137.652600
 30
0.0
 10
189.691700
 20
137.652600
 30
0.0
  0
LWPOLYLINE
  5
286
100
AcDbEntity
  8
0
 62
7
100
AcDbPolyline
 90
12
 70
1
 10
189.263200
 20
138.652600
 30
0.0
 10
189.263200
 20
137.652600
 30
0.0
 10
189.025100
 20
137.652600
 30
0.0
 10
188.882200
 20
137.700200
 30
0.0
 10
188.787000
 20
137.795500
 30
0.0
 10
188.739400
 20
137.890700
 30
0.0
 10
188.691700
 20
138.081200
 30
0.0
 10
188.691700
 20
138.224000
 30
0.0
 10
188.739400
 20
138.414500
 30
0.0
 10
188.787000
 20
138.509800
 30
0.0
 10
188.882200
 20
138.605000
 30
0.0
 10
189.025100
 20
138.652600
 30
0.0
  0
LWPOLYLINE
  5
287
100
AcDbEntity
  8
0
 62
7
100
AcDbPolyline
 90
6
 70
1
 10
227.181890
 20
136.697602
 30
0.0
 10
227.181890
 20
135.745626
 30
0.0
 10
227.034490
 20
135.745626
 30
0.0
 10
227.034490
 20
136.590938
 30
0.0
 10
226.523520
 20
136.590938
 30
0.0
 10
226.523520
 20
136.697602
 30
0.0
  0
SPLINE
  5
288
100
AcDbEntity
  8
0
 62
7
100
AcDbSpline
 70
8
 71
3
 72
8
 73
4
 74
0
 40
0
 40
0
 40
0
 40
0
 40
1
 40
1
 40
1
 40
1
 10
224.476350
 20
136.212281
 30
0.0
 10
224.476350
 20
136.373166
 30
0.0
 10
224.530397
 20
136.494497
 30
0.0
 10
224.638490
 20
136.576272
 30
0.0
  0
SPLINE
  5
289
100
AcDbEntity
  8
0
 62
7
100
AcDbSpline
 70
8
 71
3
 72
8
 73
4
 74
0
 40
0
 40
0
 40
0
 40
0
 40
1
 40
1
 40
1
 40
1
 10
224.638490
 20
136.576272
 30
0.0
 10
224.745490
 20
136.657159
 30
0.0
 10
224.895070
 20
136.697602
 30
0.0
 10
225.087230
 20
136.697602
 30
0.0
  0
LWPOLYLINE
  5
28a
100
AcDbEntity
  8
0
 62
7
100
AcDbPolyline
 90
12
 70
1
 10
225.670260
 20
136.697602
 30
0.0
 10
226.323720
 20
136.697602
 30
0.0
 10
226.323720
 20
135.745626
 30
0.0
 10
225.670260
 20
135.745626
 30
0.0
 10
225.670260
 20
135.850957
 30
0.0
 10
226.176320
 20
135.850957
 30
0.0
 10
226.176320
 20
136.148283
 30
0.0
 10
225.699740
 20
136.148283
 30
0.0
 10
225.699740
 20
136.252280
 30
0.0
 10
226.176320
 20
136.252280
 30
0.0
 10
226.176320
 20
136.592272
 30
0.0
 10
225.670260
 20
136.592272
 30
0.0
  0
SPLINE
  5
28b
100
AcDbEntity
  8
0
 62
7
100
AcDbSpline
 70
8
 71
3
 72
8
 73
4
 74
0
 40
0
 40
0
 40
0
 40
0
 40
1
 40
1
 40
1
 40
1
 10
225.052840
 20
135.745626
 30
0.0
 10
224.934920
 20
135.745626
 30
0.0
 10
224.832833
 20
135.763403
 30
0.0
 10
224.746580
 20
135.798956
 30
0.0
  0
SPLINE
  5
28c
100
AcDbEntity
  8
0
 62
7
100
AcDbSpline
 70
8
 71
3
 72
8
 73
4
 74
0
 40
0
 40
0
 40
0
 40
0
 40
1
 40
1
 40
1
 40
1
 10
224.746580
 20
135.798956
 30
0.0
 10
224.660327
 20
135.834509
 30
0.0
 10
224.593727
 20
135.886953
 30
0.0
 10
224.546780
 20
135.956286
 30
0.0
  0
SPLINE
  5
28d
100
AcDbEntity
  8
0
 62
7
100
AcDbSpline
 70
8
 71
3
 72
8
 73
4
 74
0
 40
0
 40
0
 40
0
 40
0
 40
1
 40
1
 40
1
 40
1
 10
224.546780
 20
135.956286
 30
0.0
 10
224.499847
 20
136.024729
 30
0.0
 10
224.476380
 20
136.110060
 30
0.0
 10
224.476380
 20
136.212279
 30
0.0
  0
LWPOLYLINE
  5
28e
100
AcDbEntity
  8
0
 62
7
100
AcDbPolyline
 90
4
 70
0
 10
225.087230
 20
136.697602
 30
0.0
 10
225.413140
 20
136.697602
 30
0.0
 10
225.413140
 20
135.745626
 30
0.0
 10
225.052840
 20
135.745626
 30
0.0
  0
SPLINE
  5
28f
100
AcDbEntity
  8
0
 62
7
100
AcDbSpline
 70
8
 71
3
 72
8
 73
4
 74
0
 40
0
 40
0
 40
0
 40
0
 40
1
 40
1
 40
1
 40
1
 10
224.631940
 20
136.216281
 30
0.0
 10
224.631940
 20
136.089173
 30
0.0
 10
224.670700
 20
135.996287
 30
0.0
 10
224.748220
 20
135.937622
 30
0.0
  0
SPLINE
  5
290
100
AcDbEntity
  8
0
 62
7
100
AcDbSpline
 70
8
 71
3
 72
8
 73
4
 74
0
 40
0
 40
0
 40
0
 40
0
 40
1
 40
1
 40
1
 40
1
 10
224.748220
 20
135.937622
 30
0.0
 10
224.824647
 20
135.878069
 30
0.0
 10
224.933283
 20
135.848292
 30
0.0
 10
225.074130
 20
135.848292
 30
0.0
  0
LWPOLYLINE
  5
291
100
AcDbEntity
  8
0
 62
7
100
AcDbPolyline
 90
1
 70
1
 10
224.476380
 20
136.212279
 30
0.0
  0
SPLINE
  5
292
100
AcDbEntity
  8
0
 62
7
100
AcDbSpline
 70
8
 71
3
 72
8
 73
4
 74
0
 40
0
 40
0
 40
0
 40
0
 40
1
 40
1
 40
1
 40
1
 10
225.106880
 20
136.594940
 30
0.0
 10
224.790253
 20
136.594940
 30
0.0
 10
224.631940
 20
136.468721
 30
0.0
 10
224.631940
 20
136.216283
 30
0.0
  0
LWPOLYLINE
  5
293
100
AcDbEntity
  8
0
 62
7
100
AcDbPolyline
 90
4
 70
0
 10
225.074130
 20
135.848292
 30
0.0
 10
225.265740
 20
135.848292
 30
0.0
 10
225.265740
 20
136.594940
 30
0.0
 10
225.106880
 20
136.594940
 30
0.0
  0
LWPOLYLINE
  5
294
100
AcDbEntity
  8
0
 62
7
100
AcDbPolyline
 90
1
 70
1
 10
224.631940
 20
136.216283
 30
0.0
  0
LWPOLYLINE
  5
295
100
AcDbEntity
  8
0
 62
7
100
AcDbPolyline
 90
3
 70
0
 10
226.501300
 20
136.652600
 30
0.0
 10
226.977400
 20
136.652600
 30
0.0
 10
226.977400
 20
135.652600
 30
0.0
  0
LWPOLYLINE
  5
296
100
AcDbEntity
  8
0
 62
7
100
AcDbPolyline
 90
2
 70
0
 10
226.167900
 20
136.128800
 30
0.0
 10
225.834600
 20
136.128800
 30
0.0
  0
LWPOLYLINE
  5
297
100
AcDbEntity
  8
0
 62
7
100
AcDbPolyline
 90
4
 70
0
 10
225.691700
 20
136.652600
 30
0.0
 10
226.167900
 20
136.652600
 30
0.0
 10
226.167900
 20
135.652600
 30
0.0
 10
225.691700
 20
135.652600
 30
0.0
  0
LWPOLYLINE
  5
298
100
AcDbEntity
  8
0
 62
7
100
AcDbPolyline
 90
12
 70
1
 10
225.263200
 20
136.652600
 30
0.0
 10
225.263200
 20
135.652600
 30
0.0
 10
225.025100
 20
135.652600
 30
0.0
 10
224.882200
 20
135.700200
 30
0.0
 10
224.787000
 20
135.795500
 30
0.0
 10
224.739400
 20
135.890700
 30
0.0
 10
224.691700
 20
136.081200
 30
0.0
 10
224.691700
 20
136.224000
 30
0.0
 10
224.739400
 20
136.414500
 30
0.0
 10
224.787000
 20
136.509800
 30
0.0
 10
224.882200
 20
136.605000
 30
0.0
 10
225.025100
 20
136.652600
 30
0.0
  0
LWPOLYLINE
  5
299
100
AcDbEntity
  8
0
 62
7
100
AcDbPolyline
 90
6
 70
1
 10
191.181890
 20
104.697600
 30
0.0
 10
191.181890
 20
103.745630
 30
0.0
 10
191.034490
 20
103.745630
 30
0.0
 10
191.034490
 20
104.590940
 30
0.0
 10
190.523520
 20
104.590940
 30
0.0
 10
190.523520
 20
104.697600
 30
0.0
  0
SPLINE
  5
29a
100
AcDbEntity
  8
0
 62
7
100
AcDbSpline
 70
8
 71
3
 72
8
 73
4
 74
0
 40
0
 40
0
 40
0
 40
0
 40
1
 40
1
 40
1
 40
1
 10
188.476350
 20
104.212280
 30
0.0
 10
188.476350
 20
104.373167
 30
0.0
 10
188.530397
 20
104.494497
 30
0.0
 10
188.638490
 20
104.576270
 30
0.0
  0
SPLINE
  5
29b
100
AcDbEntity
  8
0
 62
7
100
AcDbSpline
 70
8
 71
3
 72
8
 73
4
 74
0
 40
0
 40
0
 40
0
 40
0
 40
1
 40
1
 40
1
 40
1
 10
188.638490
 20
104.576270
 30
0.0
 10
188.745490
 20
104.657157
 30
0.0
 10
188.895070
 20
104.697600
 30
0.0
 10
189.087230
 20
104.697600
 30
0.0
  0
LWPOLYLINE
  5
29c
100
AcDbEntity
  8
0
 62
7
100
AcDbPolyline
 90
12
 70
1
 10
189.670260
 20
104.697600
 30
0.0
 10
190.323720
 20
104.697600
 30
0.0
 10
190.323720
 20
103.745630
 30
0.0
 10
189.670260
 20
103.745630
 30
0.0
 10
189.670260
 20
103.850960
 30
0.0
 10
190.176320
 20
103.850960
 30
0.0
 10
190.176320
 20
104.148280
 30
0.0
 10
189.699740
 20
104.148280
 30
0.0
 10
189.699740
 20
104.252280
 30
0.0
 10
190.176320
 20
104.252280
 30
0.0
 10
190.176320
 20
104.592270
 30
0.0
 10
189.670260
 20
104.592270
 30
0.0
  0
SPLINE
  5
29d
100
AcDbEntity
  8
0
 62
7
100
AcDbSpline
 70
8
 71
3
 72
8
 73
4
 74
0
 40
0
 40
0
 40
0
 40
0
 40
1
 40
1
 40
1
 40
1
 10
189.052840
 20
103.745630
 30
0.0
 10
188.934920
 20
103.745630
 30
0.0
 10
188.832833
 20
103.763397
 30
0.0
 10
188.746580
 20
103.798930
 30
0.0
  0
SPLINE
  5
29e
100
AcDbEntity
  8
0
 62
7
100
AcDbSpline
 70
8
 71
3
 72
8
 73
4
 74
0
 40
0
 40
0
 40
0
 40
0
 40
1
 40
1
 40
1
 40
1
 10
188.746580
 20
103.798930
 30
0.0
 10
188.660327
 20
103.834463
 30
0.0
 10
188.593727
 20
103.886907
 30
0.0
 10
188.546780
 20
103.956260
 30
0.0
  0
SPLINE
  5
29f
100
AcDbEntity
  8
0
 62
7
100
AcDbSpline
 70
8
 71
3
 72
8
 73
4
 74
0
 40
0
 40
0
 40
0
 40
0
 40
1
 40
1
 40
1
 40
1
 10
188.546780
 20
103.956260
 30
0.0
 10
188.499847
 20
104.024700
 30
0.0
 10
188.476380
 20
104.110030
 30
0.0
 10
188.476380
 20
104.212250
 30
0.0
  0
LWPOLYLINE
  5
2a0
100
AcDbEntity
  8
0
 62
7
100
AcDbPolyline
 90
4
 70
0
 10
189.087230
 20
104.697600
 30
0.0
 10
189.413140
 20
104.697600
 30
0.0
 10
189.413140
 20
103.745630
 30
0.0
 10
189.052840
 20
103.745630
 30
0.0
  0
SPLINE
  5
2a1
100
AcDbEntity
  8
0
 62
7
100
AcDbSpline
 70
8
 71
3
 72
8
 73
4
 74
0
 40
0
 40
0
 40
0
 40
0
 40
1
 40
1
 40
1
 40
1
 10
188.631940
 20
104.216280
 30
0.0
 10
188.631940
 20
104.089173
 30
0.0
 10
188.670700
 20
103.996287
 30
0.0
 10
188.748220
 20
103.937620
 30
0.0
  0
SPLINE
  5
2a2
100
AcDbEntity
  8
0
 62
7
100
AcDbSpline
 70
8
 71
3
 72
8
 73
4
 74
0
 40
0
 40
0
 40
0
 40
0
 40
1
 40
1
 40
1
 40
1
 10
188.748220
 20
103.937620
 30
0.0
 10
188.824647
 20
103.878087
 30
0.0
 10
188.933283
 20
103.848320
 30
0.0
 10
189.074130
 20
103.848320
 30
0.0
  0
LWPOLYLINE
  5
2a3
100
AcDbEntity
  8
0
 62
7
100
AcDbPolyline
 90
1
 70
1
 10
188.476380
 20
104.212250
 30
0.0
  0
SPLINE
  5
2a4
100
AcDbEntity
  8
0
 62
7
100
AcDbSpline
 70
8
 71
3
 72
8
 73
4
 74
0
 40
0
 40
0
 40
0
 40
0
 40
1
 40
1
 40
1
 40
1
 10
189.106880
 20
104.594970
 30
0.0
 10
188.790253
 20
104.594970
 30
0.0
 10
188.631940
 20
104.468750
 30
0.0
 10
188.631940
 20
104.216310
 30
0.0
  0
LWPOLYLINE
  5
2a5
100
AcDbEntity
  8
0
 62
7
100
AcDbPolyline
 90
4
 70
0
 10
189.074130
 20
103.848320
 30
0.0
 10
189.265740
 20
103.848320
 30
0.0
 10
189.265740
 20
104.594970
 30
0.0
 10
189.106880
 20
104.594970
 30
0.0
  0
LWPOLYLINE
  5
2a6
100
AcDbEntity
  8
0
 62
7
100
AcDbPolyline
 90
1
 70
1
 10
188.631940
 20
104.216310
 30
0.0
  0
LWPOLYLINE
  5
2a7
100
AcDbEntity
  8
0
 62
7
100
AcDbPolyline
 90
3
 70
0
 10
190.501300
 20
104.652600
 30
0.0
 10
190.977400
 20
104.652600
 30
0.0
 10
190.977400
 20
103.652600
 30
0.0
  0
LWPOLYLINE
  5
2a8
100
AcDbEntity
  8
0
 62
7
100
AcDbPolyline
 90
2
 70
0
 10
190.167900
 20
104.128800
 30
0.0
 10
189.834600
 20
104.128800
 30
0.0
  0
LWPOLYLINE
  5
2a9
100
AcDbEntity
  8
0
 62
7
100
AcDbPolyline
 90
4
 70
0
 10
189.691700
 20
104.652600
 30
0.0
 10
190.167900
 20
104.652600
 30
0.0
 10
190.167900
 20
103.652600
 30
0.0
 10
189.691700
 20
103.652600
 30
0.0
  0
LWPOLYLINE
  5
2aa
100
AcDbEntity
  8
0
 62
7
100
AcDbPolyline
 90
12
 70
1
 10
189.263200
 20
104.652600
 30
0.0
 10
189.263200
 20
103.652600
 30
0.0
 10
189.025100
 20
103.652600
 30
0.0
 10
188.882200
 20
103.700200
 30
0.0
 10
188.787000
 20
103.795500
 30
0.0
 10
188.739400
 20
103.890700
 30
0.0
 10
188.691700
 20
104.081200
 30
0.0
 10
188.691700
 20
104.224000
 30
0.0
 10
188.739400
 20
104.414500
 30
0.0
 10
188.787000
 20
104.509800
 30
0.0
 10
188.882200
 20
104.605000
 30
0.0
 10
189.025100
 20
104.652600
 30
0.0
  0
LWPOLYLINE
  5
2ab
100
AcDbEntity
  8
0
 62
7
100
AcDbPolyline
 90
6
 70
1
 10
106.037890
 20
130.542601
 30
0.0
 10
106.037890
 20
129.590625
 30
0.0
 10
105.890490
 20
129.590625
 30
0.0
 10
105.890490
 20
130.435937
 30
0.0
 10
105.379520
 20
130.435937
 30
0.0
 10
105.379520
 20
130.542601
 30
0.0
  0
SPLINE
  5
2ac
100
AcDbEntity
  8
0
 62
7
100
AcDbSpline
 70
8
 71
3
 72
8
 73
4
 74
0
 40
0
 40
0
 40
0
 40
0
 40
1
 40
1
 40
1
 40
1
 10
103.332350
 20
130.057280
 30
0.0
 10
103.332350
 20
130.218165
 30
0.0
 10
103.386397
 20
130.339495
 30
0.0
 10
103.494490
 20
130.421271
 30
0.0
  0
SPLINE
  5
2ad
100
AcDbEntity
  8
0
 62
7
100
AcDbSpline
 70
8
 71
3
 72
8
 73
4
 74
0
 40
0
 40
0
 40
0
 40
0
 40
1
 40
1
 40
1
 40
1
 10
103.494490
 20
130.421271
 30
0.0
 10
103.601483
 20
130.502158
 30
0.0
 10
103.751063
 20
130.542601
 30
0.0
 10
103.943230
 20
130.542601
 30
0.0
  0
LWPOLYLINE
  5
2ae
100
AcDbEntity
  8
0
 62
7
100
AcDbPolyline
 90
12
 70
1
 10
104.526260
 20
130.542601
 30
0.0
 10
105.179710
 20
130.542601
 30
0.0
 10
105.179710
 20
129.590625
 30
0.0
 10
104.526260
 20
129.590625
 30
0.0
 10
104.526260
 20
129.695956
 30
0.0
 10
105.032320
 20
129.695956
 30
0.0
 10
105.032320
 20
129.993282
 30
0.0
 10
104.555740
 20
129.993282
 30
0.0
 10
104.555740
 20
130.097279
 30
0.0
 10
105.032320
 20
130.097279
 30
0.0
 10
105.032320
 20
130.437271
 30
0.0
 10
104.526260
 20
130.437271
 30
0.0
  0
SPLINE
  5
2af
100
AcDbEntity
  8
0
 62
7
100
AcDbSpline
 70
8
 71
3
 72
8
 73
4
 74
0
 40
0
 40
0
 40
0
 40
0
 40
1
 40
1
 40
1
 40
1
 10
103.908830
 20
129.590625
 30
0.0
 10
103.790917
 20
129.590625
 30
0.0
 10
103.688833
 20
129.608402
 30
0.0
 10
103.602580
 20
129.643955
 30
0.0
  0
SPLINE
  5
2b0
100
AcDbEntity
  8
0
 62
7
100
AcDbSpline
 70
8
 71
3
 72
8
 73
4
 74
0
 40
0
 40
0
 40
0
 40
0
 40
1
 40
1
 40
1
 40
1
 10
103.602580
 20
129.643955
 30
0.0
 10
103.516327
 20
129.679508
 30
0.0
 10
103.449723
 20
129.731951
 30
0.0
 10
103.402770
 20
129.801284
 30
0.0
  0
SPLINE
  5
2b1
100
AcDbEntity
  8
0
 62
7
100
AcDbSpline
 70
8
 71
3
 72
8
 73
4
 74
0
 40
0
 40
0
 40
0
 40
0
 40
1
 40
1
 40
1
 40
1
 10
103.402770
 20
129.801284
 30
0.0
 10
103.355837
 20
129.869727
 30
0.0
 10
103.332370
 20
129.955059
 30
0.0
 10
103.332370
 20
130.057278
 30
0.0
  0
LWPOLYLINE
  5
2b2
100
AcDbEntity
  8
0
 62
7
100
AcDbPolyline
 90
4
 70
0
 10
103.943230
 20
130.542601
 30
0.0
 10
104.269130
 20
130.542601
 30
0.0
 10
104.269130
 20
129.590625
 30
0.0
 10
103.908830
 20
129.590625
 30
0.0
  0
SPLINE
  5
2b3
100
AcDbEntity
  8
0
 62
7
100
AcDbSpline
 70
8
 71
3
 72
8
 73
4
 74
0
 40
0
 40
0
 40
0
 40
0
 40
1
 40
1
 40
1
 40
1
 10
103.487930
 20
130.061280
 30
0.0
 10
103.487930
 20
129.934172
 30
0.0
 10
103.526690
 20
129.841285
 30
0.0
 10
103.604210
 20
129.782620
 30
0.0
  0
SPLINE
  5
2b4
100
AcDbEntity
  8
0
 62
7
100
AcDbSpline
 70
8
 71
3
 72
8
 73
4
 74
0
 40
0
 40
0
 40
0
 40
0
 40
1
 40
1
 40
1
 40
1
 10
103.604210
 20
129.782620
 30
0.0
 10
103.680643
 20
129.723067
 30
0.0
 10
103.789280
 20
129.693290
 30
0.0
 10
103.930120
 20
129.693290
 30
0.0
  0
LWPOLYLINE
  5
2b5
100
AcDbEntity
  8
0
 62
7
100
AcDbPolyline
 90
1
 70
1
 10
103.332370
 20
130.057278
 30
0.0
  0
SPLINE
  5
2b6
100
AcDbEntity
  8
0
 62
7
100
AcDbSpline
 70
8
 71
3
 72
8
 73
4
 74
0
 40
0
 40
0
 40
0
 40
0
 40
1
 40
1
 40
1
 40
1
 10
103.962880
 20
130.439938
 30
0.0
 10
103.646247
 20
130.439938
 30
0.0
 10
103.487930
 20
130.313719
 30
0.0
 10
103.487930
 20
130.061281
 30
0.0
  0
LWPOLYLINE
  5
2b7
100
AcDbEntity
  8
0
 62
7
100
AcDbPolyline
 90
4
 70
0
 10
103.930120
 20
129.693290
 30
0.0
 10
104.121740
 20
129.693290
 30
0.0
 10
104.121740
 20
130.439938
 30
0.0
 10
103.962880
 20
130.439938
 30
0.0
  0
LWPOLYLINE
  5
2b8
100
AcDbEntity
  8
0
 62
7
100
AcDbPolyline
 90
1
 70
1
 10
103.487930
 20
130.061281
 30
0.0
  0
LWPOLYLINE
  5
2b9
100
AcDbEntity
  8
0
 62
7
100
AcDbPolyline
 90
3
 70
0
 10
105.357300
 20
130.497600
 30
0.0
 10
105.833400
 20
130.497600
 30
0.0
 10
105.833400
 20
129.497600
 30
0.0
  0
LWPOLYLINE
  5
2ba
100
AcDbEntity
  8
0
 62
7
100
AcDbPolyline
 90
2
 70
0
 10
105.023900
 20
129.973800
 30
0.0
 10
104.690600
 20
129.973800
 30
0.0
  0
LWPOLYLINE
  5
2bb
100
AcDbEntity
  8
0
 62
7
100
AcDbPolyline
 90
4
 70
0
 10
104.547700
 20
130.497600
 30
0.0
 10
105.023900
 20
130.497600
 30
0.0
 10
105.023900
 20
129.497600
 30
0.0
 10
104.547700
 20
129.497600
 30
0.0
  0
LWPOLYLINE
  5
2bc
100
AcDbEntity
  8
0
 62
7
100
AcDbPolyline
 90
12
 70
1
 10
104.119200
 20
130.497600
 30
0.0
 10
104.119200
 20
129.497600
 30
0.0
 10
103.881100
 20
129.497600
 30
0.0
 10
103.738200
 20
129.545200
 30
0.0
 10
103.643000
 20
129.640500
 30
0.0
 10
103.595400
 20
129.735700
 30
0.0
 10
103.547700
 20
129.926200
 30
0.0
 10
103.547700
 20
130.069000
 30
0.0
 10
103.595400
 20
130.259500
 30
0.0
 10
103.643000
 20
130.354800
 30
0.0
 10
103.738200
 20
130.450000
 30
0.0
 10
103.881100
 20
130.497600
 30
0.0
  0
LWPOLYLINE
  5
2bd
100
AcDbEntity
  8
0
 62
7
100
AcDbPolyline
 90
6
 70
1
 10
245.181890
 20
123.697602
 30
0.0
 10
245.181890
 20
122.745626
 30
0.0
 10
245.034490
 20
122.745626
 30
0.0
 10
245.034490
 20
123.590938
 30
0.0
 10
244.523520
 20
123.590938
 30
0.0
 10
244.523520
 20
123.697602
 30
0.0
  0
SPLINE
  5
2be
100
AcDbEntity
  8
0
 62
7
100
AcDbSpline
 70
8
 71
3
 72
8
 73
4
 74
0
 40
0
 40
0
 40
0
 40
0
 40
1
 40
1
 40
1
 40
1
 10
242.476350
 20
123.212281
 30
0.0
 10
242.476350
 20
123.373166
 30
0.0
 10
242.530397
 20
123.494497
 30
0.0
 10
242.638490
 20
123.576272
 30
0.0
  0
SPLINE
  5
2bf
100
AcDbEntity
  8
0
 62
7
100
AcDbSpline
 70
8
 71
3
 72
8
 73
4
 74
0
 40
0
 40
0
 40
0
 40
0
 40
1
 40
1
 40
1
 40
1
 10
242.638490
 20
123.576272
 30
0.0
 10
242.745490
 20
123.657159
 30
0.0
 10
242.895070
 20
123.697602
 30
0.0
 10
243.087230
 20
123.697602
 30
0.0
  0
LWPOLYLINE
  5
2c0
100
AcDbEntity
  8
0
 62
7
100
AcDbPolyline
 90
12
 70
1
 10
243.670260
 20
123.697602
 30
0.0
 10
244.323720
 20
123.697602
 30
0.0
 10
244.323720
 20
122.745626
 30
0.0
 10
243.670260
 20
122.745626
 30
0.0
 10
243.670260
 20
122.850957
 30
0.0
 10
244.176320
 20
122.850957
 30
0.0
 10
244.176320
 20
123.148283
 30
0.0
 10
243.699740
 20
123.148283
 30
0.0
 10
243.699740
 20
123.252280
 30
0.0
 10
244.176320
 20
123.252280
 30
0.0
 10
244.176320
 20
123.592272
 30
0.0
 10
243.670260
 20
123.592272
 30
0.0
  0
SPLINE
  5
2c1
100
AcDbEntity
  8
0
 62
7
100
AcDbSpline
 70
8
 71
3
 72
8
 73
4
 74
0
 40
0
 40
0
 40
0
 40
0
 40
1
 40
1
 40
1
 40
1
 10
243.052840
 20
122.745626
 30
0.0
 10
242.934920
 20
122.745626
 30
0.0
 10
242.832833
 20
122.763403
 30
0.0
 10
242.746580
 20
122.798956
 30
0.0
  0
SPLINE
  5
2c2
100
AcDbEntity
  8
0
 62
7
100
AcDbSpline
 70
8
 71
3
 72
8
 73
4
 74
0
 40
0
 40
0
 40
0
 40
0
 40
1
 40
1
 40
1
 40
1
 10
242.746580
 20
122.798956
 30
0.0
 10
242.660327
 20
122.834509
 30
0.0
 10
242.593727
 20
122.886953
 30
0.0
 10
242.546780
 20
122.956286
 30
0.0
  0
SPLINE
  5
2c3
100
AcDbEntity
  8
0
 62
7
100
AcDbSpline
 70
8
 71
3
 72
8
 73
4
 74
0
 40
0
 40
0
 40
0
 40
0
 40
1
 40
1
 40
1
 40
1
 10
242.546780
 20
122.956286
 30
0.0
 10
242.499847
 20
123.024729
 30
0.0
 10
242.476380
 20
123.110060
 30
0.0
 10
242.476380
 20
123.212279
 30
0.0
  0
LWPOLYLINE
  5
2c4
100
AcDbEntity
  8
0
 62
7
100
AcDbPolyline
 90
4
 70
0
 10
243.087230
 20
123.697602
 30
0.0
 10
243.413140
 20
123.697602
 30
0.0
 10
243.413140
 20
122.745626
 30
0.0
 10
243.052840
 20
122.745626
 30
0.0
  0
SPLINE
  5
2c5
100
AcDbEntity
  8
0
 62
7
100
AcDbSpline
 70
8
 71
3
 72
8
 73
4
 74
0
 40
0
 40
0
 40
0
 40
0
 40
1
 40
1
 40
1
 40
1
 10
242.631940
 20
123.216281
 30
0.0
 10
242.631940
 20
123.089173
 30
0.0
 10
242.670700
 20
122.996287
 30
0.0
 10
242.748220
 20
122.937622
 30
0.0
  0
SPLINE
  5
2c6
100
AcDbEntity
  8
0
 62
7
100
AcDbSpline
 70
8
 71
3
 72
8
 73
4
 74
0
 40
0
 40
0
 40
0
 40
0
 40
1
 40
1
 40
1
 40
1
 10
242.748220
 20
122.937622
 30
0.0
 10
242.824647
 20
122.878069
 30
0.0
 10
242.933283
 20
122.848292
 30
0.0
 10
243.074130
 20
122.848292
 30
0.0
  0
LWPOLYLINE
  5
2c7
100
AcDbEntity
  8
0
 62
7
100
AcDbPolyline
 90
1
 70
1
 10
242.476380
 20
123.212279
 30
0.0
  0
SPLINE
  5
2c8
100
AcDbEntity
  8
0
 62
7
100
AcDbSpline
 70
8
 71
3
 72
8
 73
4
 74
0
 40
0
 40
0
 40
0
 40
0
 40
1
 40
1
 40
1
 40
1
 10
243.106880
 20
123.594940
 30
0.0
 10
242.790253
 20
123.594940
 30
0.0
 10
242.631940
 20
123.468721
 30
0.0
 10
242.631940
 20
123.216283
 30
0.0
  0
LWPOLYLINE
  5
2c9
100
AcDbEntity
  8
0
 62
7
100
AcDbPolyline
 90
4
 70
0
 10
243.074130
 20
122.848292
 30
0.0
 10
243.265740
 20
122.848292
 30
0.0
 10
243.265740
 20
123.594940
 30
0.0
 10
243.106880
 20
123.594940
 30
0.0
  0
LWPOLYLINE
  5
2ca
100
AcDbEntity
  8
0
 62
7
100
AcDbPolyline
 90
1
 70
1
 10
242.631940
 20
123.216283
 30
0.0
  0
LWPOLYLINE
  5
2cb
100
AcDbEntity
  8
0
 62
7
100
AcDbPolyline
 90
3
 70
0
 10
244.501300
 20
123.652600
 30
0.0
 10
244.977400
 20
123.652600
 30
0.0
 10
244.977400
 20
122.652600
 30
0.0
  0
LWPOLYLINE
  5
2cc
100
AcDbEntity
  8
0
 62
7
100
AcDbPolyline
 90
2
 70
0
 10
244.167900
 20
123.128800
 30
0.0
 10
243.834600
 20
123.128800
 30
0.0
  0
LWPOLYLINE
  5
2cd
100
AcDbEntity
  8
0
 62
7
100
AcDbPolyline
 90
4
 70
0
 10
243.691700
 20
123.652600
 30
0.0
 10
244.167900
 20
123.652600
 30
0.0
 10
244.167900
 20
122.652600
 30
0.0
 10
243.691700
 20
122.652600
 30
0.0
  0
LWPOLYLINE
  5
2ce
100
AcDbEntity
  8
0
 62
7
100
AcDbPolyline
 90
12
 70
1
 10
243.263200
 20
123.652600
 30
0.0
 10
243.263200
 20
122.652600
 30
0.0
 10
243.025100
 20
122.652600
 30
0.0
 10
242.882200
 20
122.700200
 30
0.0
 10
242.787000
 20
122.795500
 30
0.0
 10
242.739400
 20
122.890700
 30
0.0
 10
242.691700
 20
123.081200
 30
0.0
 10
242.691700
 20
123.224000
 30
0.0
 10
242.739400
 20
123.414500
 30
0.0
 10
242.787000
 20
123.509800
 30
0.0
 10
242.882200
 20
123.605000
 30
0.0
 10
243.025100
 20
123.652600
 30
0.0
  0
LWPOLYLINE
  5
2cf
100
AcDbEntity
  8
0
 62
7
100
AcDbPolyline
 90
6
 70
1
 10
34.037688
 20
123.697602
 30
0.0
 10
34.037688
 20
122.745626
 30
0.0
 10
33.890292
 20
122.745626
 30
0.0
 10
33.890292
 20
123.590938
 30
0.0
 10
33.379319
 20
123.590938
 30
0.0
 10
33.379319
 20
123.697602
 30
0.0
  0
SPLINE
  5
2d0
100
AcDbEntity
  8
0
 62
7
100
AcDbSpline
 70
8
 71
3
 72
8
 73
4
 74
0
 40
0
 40
0
 40
0
 40
0
 40
1
 40
1
 40
1
 40
1
 10
31.332150
 20
123.212281
 30
0.0
 10
31.332150
 20
123.373166
 30
0.0
 10
31.386195
 20
123.494497
 30
0.0
 10
31.494286
 20
123.576272
 30
0.0
  0
SPLINE
  5
2d1
100
AcDbEntity
  8
0
 62
7
100
AcDbSpline
 70
8
 71
3
 72
8
 73
4
 74
0
 40
0
 40
0
 40
0
 40
0
 40
1
 40
1
 40
1
 40
1
 10
31.494286
 20
123.576272
 30
0.0
 10
31.601285
 20
123.657159
 30
0.0
 10
31.750864
 20
123.697602
 30
0.0
 10
31.943025
 20
123.697602
 30
0.0
  0
LWPOLYLINE
  5
2d2
100
AcDbEntity
  8
0
 62
7
100
AcDbPolyline
 90
12
 70
1
 10
32.526059
 20
123.697602
 30
0.0
 10
33.179515
 20
123.697602
 30
0.0
 10
33.179515
 20
122.745626
 30
0.0
 10
32.526059
 20
122.745626
 30
0.0
 10
32.526059
 20
122.850957
 30
0.0
 10
33.032119
 20
122.850957
 30
0.0
 10
33.032119
 20
123.148283
 30
0.0
 10
32.555538
 20
123.148283
 30
0.0
 10
32.555538
 20
123.252280
 30
0.0
 10
33.032119
 20
123.252280
 30
0.0
 10
33.032119
 20
123.592272
 30
0.0
 10
32.526059
 20
123.592272
 30
0.0
  0
SPLINE
  5
2d3
100
AcDbEntity
  8
0
 62
7
100
AcDbSpline
 70
8
 71
3
 72
8
 73
4
 74
0
 40
0
 40
0
 40
0
 40
0
 40
1
 40
1
 40
1
 40
1
 10
31.908633
 20
122.745626
 30
0.0
 10
31.790716
 20
122.745626
 30
0.0
 10
31.688630
 20
122.763403
 30
0.0
 10
31.602376
 20
122.798956
 30
0.0
  0
SPLINE
  5
2d4
100
AcDbEntity
  8
0
 62
7
100
AcDbSpline
 70
8
 71
3
 72
8
 73
4
 74
0
 40
0
 40
0
 40
0
 40
0
 40
1
 40
1
 40
1
 40
1
 10
31.602376
 20
122.798956
 30
0.0
 10
31.516122
 20
122.834509
 30
0.0
 10
31.449521
 20
122.886953
 30
0.0
 10
31.402573
 20
122.956286
 30
0.0
  0
SPLINE
  5
2d5
100
AcDbEntity
  8
0
 62
7
100
AcDbSpline
 70
8
 71
3
 72
8
 73
4
 74
0
 40
0
 40
0
 40
0
 40
0
 40
1
 40
1
 40
1
 40
1
 10
31.402573
 20
122.956286
 30
0.0
 10
31.355626
 20
123.024729
 30
0.0
 10
31.332153
 20
123.110060
 30
0.0
 10
31.332153
 20
123.212279
 30
0.0
  0
LWPOLYLINE
  5
2d6
100
AcDbEntity
  8
0
 62
7
100
AcDbPolyline
 90
4
 70
0
 10
31.943025
 20
123.697602
 30
0.0
 10
32.268935
 20
123.697602
 30
0.0
 10
32.268935
 20
122.745626
 30
0.0
 10
31.908633
 20
122.745626
 30
0.0
  0
SPLINE
  5
2d7
100
AcDbEntity
  8
0
 62
7
100
AcDbSpline
 70
8
 71
3
 72
8
 73
4
 74
0
 40
0
 40
0
 40
0
 40
0
 40
1
 40
1
 40
1
 40
1
 10
31.487735
 20
123.216281
 30
0.0
 10
31.487735
 20
123.089173
 30
0.0
 10
31.526495
 20
122.996287
 30
0.0
 10
31.604014
 20
122.937622
 30
0.0
  0
SPLINE
  5
2d8
100
AcDbEntity
  8
0
 62
7
100
AcDbSpline
 70
8
 71
3
 72
8
 73
4
 74
0
 40
0
 40
0
 40
0
 40
0
 40
1
 40
1
 40
1
 40
1
 10
31.604014
 20
122.937622
 30
0.0
 10
31.680442
 20
122.878069
 30
0.0
 10
31.789078
 20
122.848292
 30
0.0
 10
31.929923
 20
122.848292
 30
0.0
  0
LWPOLYLINE
  5
2d9
100
AcDbEntity
  8
0
 62
7
100
AcDbPolyline
 90
1
 70
1
 10
31.332153
 20
123.212279
 30
0.0
  0
SPLINE
  5
2da
100
AcDbEntity
  8
0
 62
7
100
AcDbSpline
 70
8
 71
3
 72
8
 73
4
 74
0
 40
0
 40
0
 40
0
 40
0
 40
1
 40
1
 40
1
 40
1
 10
31.962678
 20
123.594940
 30
0.0
 10
31.646049
 20
123.594940
 30
0.0
 10
31.487735
 20
123.468721
 30
0.0
 10
31.487735
 20
123.216283
 30
0.0
  0
LWPOLYLINE
  5
2db
100
AcDbEntity
  8
0
 62
7
100
AcDbPolyline
 90
4
 70
0
 10
31.929923
 20
122.848292
 30
0.0
 10
32.121538
 20
122.848292
 30
0.0
 10
32.121538
 20
123.594940
 30
0.0
 10
31.962678
 20
123.594940
 30
0.0
  0
LWPOLYLINE
  5
2dc
100
AcDbEntity
  8
0
 62
7
100
AcDbPolyline
 90
1
 70
1
 10
31.487735
 20
123.216283
 30
0.0
  0
LWPOLYLINE
  5
2dd
100
AcDbEntity
  8
0
 62
7
100
AcDbPolyline
 90
3
 70
0
 10
33.357300
 20
123.652600
 30
0.0
 10
33.833400
 20
123.652600
 30
0.0
 10
33.833400
 20
122.652600
 30
0.0
  0
LWPOLYLINE
  5
2de
100
AcDbEntity
  8
0
 62
7
100
AcDbPolyline
 90
2
 70
0
 10
33.023900
 20
123.128800
 30
0.0
 10
32.690600
 20
123.128800
 30
0.0
  0
LWPOLYLINE
  5
2df
100
AcDbEntity
  8
0
 62
7
100
AcDbPolyline
 90
4
 70
0
 10
32.547700
 20
123.652600
 30
0.0
 10
33.023900
 20
123.652600
 30
0.0
 10
33.023900
 20
122.652600
 30
0.0
 10
32.547700
 20
122.652600
 30
0.0
  0
LWPOLYLINE
  5
2e0
100
AcDbEntity
  8
0
 62
7
100
AcDbPolyline
 90
12
 70
1
 10
32.119200
 20
123.652600
 30
0.0
 10
32.119200
 20
122.652600
 30
0.0
 10
31.881100
 20
122.652600
 30
0.0
 10
31.738200
 20
122.700200
 30
0.0
 10
31.643000
 20
122.795500
 30
0.0
 10
31.595400
 20
122.890700
 30
0.0
 10
31.547700
 20
123.081200
 30
0.0
 10
31.547700
 20
123.224000
 30
0.0
 10
31.595400
 20
123.414500
 30
0.0
 10
31.643000
 20
123.509800
 30
0.0
 10
31.738200
 20
123.605000
 30
0.0
 10
31.881100
 20
123.652600
 30
0.0
  0
LWPOLYLINE
  5
2e1
100
AcDbEntity
  8
0
 62
7
100
AcDbPolyline
 90
6
 70
1
 10
245.181890
 20
106.697600
 30
0.0
 10
245.181890
 20
105.745630
 30
0.0
 10
245.034490
 20
105.745630
 30
0.0
 10
245.034490
 20
106.590940
 30
0.0
 10
244.523520
 20
106.590940
 30
0.0
 10
244.523520
 20
106.697600
 30
0.0
  0
SPLINE
  5
2e2
100
AcDbEntity
  8
0
 62
7
100
AcDbSpline
 70
8
 71
3
 72
8
 73
4
 74
0
 40
0
 40
0
 40
0
 40
0
 40
1
 40
1
 40
1
 40
1
 10
242.476350
 20
106.212280
 30
0.0
 10
242.476350
 20
106.373167
 30
0.0
 10
242.530397
 20
106.494497
 30
0.0
 10
242.638490
 20
106.576270
 30
0.0
  0
SPLINE
  5
2e3
100
AcDbEntity
  8
0
 62
7
100
AcDbSpline
 70
8
 71
3
 72
8
 73
4
 74
0
 40
0
 40
0
 40
0
 40
0
 40
1
 40
1
 40
1
 40
1
 10
242.638490
 20
106.576270
 30
0.0
 10
242.745490
 20
106.657157
 30
0.0
 10
242.895070
 20
106.697600
 30
0.0
 10
243.087230
 20
106.697600
 30
0.0
  0
LWPOLYLINE
  5
2e4
100
AcDbEntity
  8
0
 62
7
100
AcDbPolyline
 90
12
 70
1
 10
243.670260
 20
106.697600
 30
0.0
 10
244.323720
 20
106.697600
 30
0.0
 10
244.323720
 20
105.745630
 30
0.0
 10
243.670260
 20
105.745630
 30
0.0
 10
243.670260
 20
105.850960
 30
0.0
 10
244.176320
 20
105.850960
 30
0.0
 10
244.176320
 20
106.148280
 30
0.0
 10
243.699740
 20
106.148280
 30
0.0
 10
243.699740
 20
106.252280
 30
0.0
 10
244.176320
 20
106.252280
 30
0.0
 10
244.176320
 20
106.592270
 30
0.0
 10
243.670260
 20
106.592270
 30
0.0
  0
SPLINE
  5
2e5
100
AcDbEntity
  8
0
 62
7
100
AcDbSpline
 70
8
 71
3
 72
8
 73
4
 74
0
 40
0
 40
0
 40
0
 40
0
 40
1
 40
1
 40
1
 40
1
 10
243.052840
 20
105.745630
 30
0.0
 10
242.934920
 20
105.745630
 30
0.0
 10
242.832833
 20
105.763397
 30
0.0
 10
242.746580
 20
105.798930
 30
0.0
  0
SPLINE
  5
2e6
100
AcDbEntity
  8
0
 62
7
100
AcDbSpline
 70
8
 71
3
 72
8
 73
4
 74
0
 40
0
 40
0
 40
0
 40
0
 40
1
 40
1
 40
1
 40
1
 10
242.746580
 20
105.798930
 30
0.0
 10
242.660327
 20
105.834463
 30
0.0
 10
242.593727
 20
105.886907
 30
0.0
 10
242.546780
 20
105.956260
 30
0.0
  0
SPLINE
  5
2e7
100
AcDbEntity
  8
0
 62
7
100
AcDbSpline
 70
8
 71
3
 72
8
 73
4
 74
0
 40
0
 40
0
 40
0
 40
0
 40
1
 40
1
 40
1
 40
1
 10
242.546780
 20
105.956260
 30
0.0
 10
242.499847
 20
106.024700
 30
0.0
 10
242.476380
 20
106.110030
 30
0.0
 10
242.476380
 20
106.212250
 30
0.0
  0
LWPOLYLINE
  5
2e8
100
AcDbEntity
  8
0
 62
7
100
AcDbPolyline
 90
4
 70
0
 10
243.087230
 20
106.697600
 30
0.0
 10
243.413140
 20
106.697600
 30
0.0
 10
243.413140
 20
105.745630
 30
0.0
 10
243.052840
 20
105.745630
 30
0.0
  0
SPLINE
  5
2e9
100
AcDbEntity
  8
0
 62
7
100
AcDbSpline
 70
8
 71
3
 72
8
 73
4
 74
0
 40
0
 40
0
 40
0
 40
0
 40
1
 40
1
 40
1
 40
1
 10
242.631940
 20
106.216280
 30
0.0
 10
242.631940
 20
106.089173
 30
0.0
 10
242.670700
 20
105.996287
 30
0.0
 10
242.748220
 20
105.937620
 30
0.0
  0
SPLINE
  5
2ea
100
AcDbEntity
  8
0
 62
7
100
AcDbSpline
 70
8
 71
3
 72
8
 73
4
 74
0
 40
0
 40
0
 40
0
 40
0
 40
1
 40
1
 40
1
 40
1
 10
242.748220
 20
105.937620
 30
0.0
 10
242.824647
 20
105.878087
 30
0.0
 10
242.933283
 20
105.848320
 30
0.0
 10
243.074130
 20
105.848320
 30
0.0
  0
LWPOLYLINE
  5
2eb
100
AcDbEntity
  8
0
 62
7
100
AcDbPolyline
 90
1
 70
1
 10
242.476380
 20
106.212250
 30
0.0
  0
SPLINE
  5
2ec
100
AcDbEntity
  8
0
 62
7
100
AcDbSpline
 70
8
 71
3
 72
8
 73
4
 74
0
 40
0
 40
0
 40
0
 40
0
 40
1
 40
1
 40
1
 40
1
 10
243.106880
 20
106.594970
 30
0.0
 10
242.790253
 20
106.594970
 30
0.0
 10
242.631940
 20
106.468750
 30
0.0
 10
242.631940
 20
106.216310
 30
0.0
  0
LWPOLYLINE
  5
2ed
100
AcDbEntity
  8
0
 62
7
100
AcDbPolyline
 90
4
 70
0
 10
243.074130
 20
105.848320
 30
0.0
 10
243.265740
 20
105.848320
 30
0.0
 10
243.265740
 20
106.594970
 30
0.0
 10
243.106880
 20
106.594970
 30
0.0
  0
LWPOLYLINE
  5
2ee
100
AcDbEntity
  8
0
 62
7
100
AcDbPolyline
 90
1
 70
1
 10
242.631940
 20
106.216310
 30
0.0
  0
LWPOLYLINE
  5
2ef
100
AcDbEntity
  8
0
 62
7
100
AcDbPolyline
 90
3
 70
0
 10
244.501300
 20
106.652600
 30
0.0
 10
244.977400
 20
106.652600
 30
0.0
 10
244.977400
 20
105.652600
 30
0.0
  0
LWPOLYLINE
  5
2f0
100
AcDbEntity
  8
0
 62
7
100
AcDbPolyline
 90
2
 70
0
 10
244.167900
 20
106.128800
 30
0.0
 10
243.834600
 20
106.128800
 30
0.0
  0
LWPOLYLINE
  5
2f1
100
AcDbEntity
  8
0
 62
7
100
AcDbPolyline
 90
4
 70
0
 10
243.691700
 20
106.652600
 30
0.0
 10
244.167900
 20
106.652600
 30
0.0
 10
244.167900
 20
105.652600
 30
0.0
 10
243.691700
 20
105.652600
 30
0.0
  0
LWPOLYLINE
  5
2f2
100
AcDbEntity
  8
0
 62
7
100
AcDbPolyline
 90
12
 70
1
 10
243.263200
 20
106.652600
 30
0.0
 10
243.263200
 20
105.652600
 30
0.0
 10
243.025100
 20
105.652600
 30
0.0
 10
242.882200
 20
105.700200
 30
0.0
 10
242.787000
 20
105.795500
 30
0.0
 10
242.739400
 20
105.890700
 30
0.0
 10
242.691700
 20
106.081200
 30
0.0
 10
242.691700
 20
106.224000
 30
0.0
 10
242.739400
 20
106.414500
 30
0.0
 10
242.787000
 20
106.509800
 30
0.0
 10
242.882200
 20
106.605000
 30
0.0
 10
243.025100
 20
106.652600
 30
0.0
  0
LWPOLYLINE
  5
2f3
100
AcDbEntity
  8
0
 62
7
100
AcDbPolyline
 90
6
 70
1
 10
173.181890
 20
113.542601
 30
0.0
 10
173.181890
 20
112.590625
 30
0.0
 10
173.034490
 20
112.590625
 30
0.0
 10
173.034490
 20
113.435937
 30
0.0
 10
172.523520
 20
113.435937
 30
0.0
 10
172.523520
 20
113.542601
 30
0.0
  0
SPLINE
  5
2f4
100
AcDbEntity
  8
0
 62
7
100
AcDbSpline
 70
8
 71
3
 72
8
 73
4
 74
0
 40
0
 40
0
 40
0
 40
0
 40
1
 40
1
 40
1
 40
1
 10
170.476350
 20
113.057280
 30
0.0
 10
170.476350
 20
113.218165
 30
0.0
 10
170.530397
 20
113.339495
 30
0.0
 10
170.638490
 20
113.421271
 30
0.0
  0
SPLINE
  5
2f5
100
AcDbEntity
  8
0
 62
7
100
AcDbSpline
 70
8
 71
3
 72
8
 73
4
 74
0
 40
0
 40
0
 40
0
 40
0
 40
1
 40
1
 40
1
 40
1
 10
170.638490
 20
113.421271
 30
0.0
 10
170.745490
 20
113.502158
 30
0.0
 10
170.895070
 20
113.542601
 30
0.0
 10
171.087230
 20
113.542601
 30
0.0
  0
LWPOLYLINE
  5
2f6
100
AcDbEntity
  8
0
 62
7
100
AcDbPolyline
 90
12
 70
1
 10
171.670260
 20
113.542601
 30
0.0
 10
172.323720
 20
113.542601
 30
0.0
 10
172.323720
 20
112.590625
 30
0.0
 10
171.670260
 20
112.590625
 30
0.0
 10
171.670260
 20
112.695956
 30
0.0
 10
172.176320
 20
112.695956
 30
0.0
 10
172.176320
 20
112.993282
 30
0.0
 10
171.699740
 20
112.993282
 30
0.0
 10
171.699740
 20
113.097279
 30
0.0
 10
172.176320
 20
113.097279
 30
0.0
 10
172.176320
 20
113.437271
 30
0.0
 10
171.670260
 20
113.437271
 30
0.0
  0
SPLINE
  5
2f7
100
AcDbEntity
  8
0
 62
7
100
AcDbSpline
 70
8
 71
3
 72
8
 73
4
 74
0
 40
0
 40
0
 40
0
 40
0
 40
1
 40
1
 40
1
 40
1
 10
171.052840
 20
112.590625
 30
0.0
 10
170.934920
 20
112.590625
 30
0.0
 10
170.832833
 20
112.608402
 30
0.0
 10
170.746580
 20
112.643955
 30
0.0
  0
SPLINE
  5
2f8
100
AcDbEntity
  8
0
 62
7
100
AcDbSpline
 70
8
 71
3
 72
8
 73
4
 74
0
 40
0
 40
0
 40
0
 40
0
 40
1
 40
1
 40
1
 40
1
 10
170.746580
 20
112.643955
 30
0.0
 10
170.660327
 20
112.679508
 30
0.0
 10
170.593727
 20
112.731951
 30
0.0
 10
170.546780
 20
112.801284
 30
0.0
  0
SPLINE
  5
2f9
100
AcDbEntity
  8
0
 62
7
100
AcDbSpline
 70
8
 71
3
 72
8
 73
4
 74
0
 40
0
 40
0
 40
0
 40
0
 40
1
 40
1
 40
1
 40
1
 10
170.546780
 20
112.801284
 30
0.0
 10
170.499847
 20
112.869727
 30
0.0
 10
170.476380
 20
112.955059
 30
0.0
 10
170.476380
 20
113.057278
 30
0.0
  0
LWPOLYLINE
  5
2fa
100
AcDbEntity
  8
0
 62
7
100
AcDbPolyline
 90
4
 70
0
 10
171.087230
 20
113.542601
 30
0.0
 10
171.413140
 20
113.542601
 30
0.0
 10
171.413140
 20
112.590625
 30
0.0
 10
171.052840
 20
112.590625
 30
0.0
  0
SPLINE
  5
2fb
100
AcDbEntity
  8
0
 62
7
100
AcDbSpline
 70
8
 71
3
 72
8
 73
4
 74
0
 40
0
 40
0
 40
0
 40
0
 40
1
 40
1
 40
1
 40
1
 10
170.631940
 20
113.061280
 30
0.0
 10
170.631940
 20
112.934172
 30
0.0
 10
170.670700
 20
112.841285
 30
0.0
 10
170.748220
 20
112.782620
 30
0.0
  0
SPLINE
  5
2fc
100
AcDbEntity
  8
0
 62
7
100
AcDbSpline
 70
8
 71
3
 72
8
 73
4
 74
0
 40
0
 40
0
 40
0
 40
0
 40
1
 40
1
 40
1
 40
1
 10
170.748220
 20
112.782620
 30
0.0
 10
170.824647
 20
112.723067
 30
0.0
 10
170.933283
 20
112.693290
 30
0.0
 10
171.074130
 20
112.693290
 30
0.0
  0
LWPOLYLINE
  5
2fd
100
AcDbEntity
  8
0
 62
7
100
AcDbPolyline
 90
1
 70
1
 10
170.476380
 20
113.057278
 30
0.0
  0
SPLINE
  5
2fe
100
AcDbEntity
  8
0
 62
7
100
AcDbSpline
 70
8
 71
3
 72
8
 73
4
 74
0
 40
0
 40
0
 40
0
 40
0
 40
1
 40
1
 40
1
 40
1
 10
171.106880
 20
113.439938
 30
0.0
 10
170.790253
 20
113.439938
 30
0.0
 10
170.631940
 20
113.313719
 30
0.0
 10
170.631940
 20
113.061281
 30
0.0
  0
LWPOLYLINE
  5
2ff
100
AcDbEntity
  8
0
 62
7
100
AcDbPolyline
 90
4
 70
0
 10
171.074130
 20
112.693290
 30
0.0
 10
171.265740
 20
112.693290
 30
0.0
 10
171.265740
 20
113.439938
 30
0.0
 10
171.106880
 20
113.439938
 30
0.0
  0
LWPOLYLINE
  5
300
100
AcDbEntity
  8
0
 62
7
100
AcDbPolyline
 90
1
 70
1
 10
170.631940
 20
113.061281
 30
0.0
  0
LWPOLYLINE
  5
301
100
AcDbEntity
  8
0
 62
7
100
AcDbPolyline
 90
3
 70
0
 10
172.501300
 20
113.497600
 30
0.0
 10
172.977400
 20
113.497600
 30
0.0
 10
172.977400
 20
112.497600
 30
0.0
  0
LWPOLYLINE
  5
302
100
AcDbEntity
  8
0
 62
7
100
AcDbPolyline
 90
2
 70
0
 10
172.167900
 20
112.973800
 30
0.0
 10
171.834600
 20
112.973800
 30
0.0
  0
LWPOLYLINE
  5
303
100
AcDbEntity
  8
0
 62
7
100
AcDbPolyline
 90
4
 70
0
 10
171.691700
 20
113.497600
 30
0.0
 10
172.167900
 20
113.497600
 30
0.0
 10
172.167900
 20
112.497600
 30
0.0
 10
171.691700
 20
112.497600
 30
0.0
  0
LWPOLYLINE
  5
304
100
AcDbEntity
  8
0
 62
7
100
AcDbPolyline
 90
12
 70
1
 10
171.263200
 20
113.497600
 30
0.0
 10
171.263200
 20
112.497600
 30
0.0
 10
171.025100
 20
112.497600
 30
0.0
 10
170.882200
 20
112.545200
 30
0.0
 10
170.787000
 20
112.640500
 30
0.0
 10
170.739400
 20
112.735700
 30
0.0
 10
170.691700
 20
112.926200
 30
0.0
 10
170.691700
 20
113.069000
 30
0.0
 10
170.739400
 20
113.259500
 30
0.0
 10
170.787000
 20
113.354800
 30
0.0
 10
170.882200
 20
113.450000
 30
0.0
 10
171.025100
 20
113.497600
 30
0.0
  0
LWPOLYLINE
  5
305
100
AcDbEntity
  8
0
 62
7
100
AcDbPolyline
 90
6
 70
1
 10
191.181890
 20
121.697602
 30
0.0
 10
191.181890
 20
120.745626
 30
0.0
 10
191.034490
 20
120.745626
 30
0.0
 10
191.034490
 20
121.590938
 30
0.0
 10
190.523520
 20
121.590938
 30
0.0
 10
190.523520
 20
121.697602
 30
0.0
  0
SPLINE
  5
306
100
AcDbEntity
  8
0
 62
7
100
AcDbSpline
 70
8
 71
3
 72
8
 73
4
 74
0
 40
0
 40
0
 40
0
 40
0
 40
1
 40
1
 40
1
 40
1
 10
188.476350
 20
121.212281
 30
0.0
 10
188.476350
 20
121.373166
 30
0.0
 10
188.530397
 20
121.494497
 30
0.0
 10
188.638490
 20
121.576272
 30
0.0
  0
SPLINE
  5
307
100
AcDbEntity
  8
0
 62
7
100
AcDbSpline
 70
8
 71
3
 72
8
 73
4
 74
0
 40
0
 40
0
 40
0
 40
0
 40
1
 40
1
 40
1
 40
1
 10
188.638490
 20
121.576272
 30
0.0
 10
188.745490
 20
121.657159
 30
0.0
 10
188.895070
 20
121.697602
 30
0.0
 10
189.087230
 20
121.697602
 30
0.0
  0
LWPOLYLINE
  5
308
100
AcDbEntity
  8
0
 62
7
100
AcDbPolyline
 90
12
 70
1
 10
189.670260
 20
121.697602
 30
0.0
 10
190.323720
 20
121.697602
 30
0.0
 10
190.323720
 20
120.745626
 30
0.0
 10
189.670260
 20
120.745626
 30
0.0
 10
189.670260
 20
120.850957
 30
0.0
 10
190.176320
 20
120.850957
 30
0.0
 10
190.176320
 20
121.148283
 30
0.0
 10
189.699740
 20
121.148283
 30
0.0
 10
189.699740
 20
121.252280
 30
0.0
 10
190.176320
 20
121.252280
 30
0.0
 10
190.176320
 20
121.592272
 30
0.0
 10
189.670260
 20
121.592272
 30
0.0
  0
SPLINE
  5
309
100
AcDbEntity
  8
0
 62
7
100
AcDbSpline
 70
8
 71
3
 72
8
 73
4
 74
0
 40
0
 40
0
 40
0
 40
0
 40
1
 40
1
 40
1
 40
1
 10
189.052840
 20
120.745626
 30
0.0
 10
188.934920
 20
120.745626
 30
0.0
 10
188.832833
 20
120.763403
 30
0.0
 10
188.746580
 20
120.798956
 30
0.0
  0
SPLINE
  5
30a
100
AcDbEntity
  8
0
 62
7
100
AcDbSpline
 70
8
 71
3
 72
8
 73
4
 74
0
 40
0
 40
0
 40
0
 40
0
 40
1
 40
1
 40
1
 40
1
 10
188.746580
 20
120.798956
 30
0.0
 10
188.660327
 20
120.834509
 30
0.0
 10
188.593727
 20
120.886953
 30
0.0
 10
188.546780
 20
120.956286
 30
0.0
  0
SPLINE
  5
30b
100
AcDbEntity
  8
0
 62
7
100
AcDbSpline
 70
8
 71
3
 72
8
 73
4
 74
0
 40
0
 40
0
 40
0
 40
0
 40
1
 40
1
 40
1
 40
1
 10
188.546780
 20
120.956286
 30
0.0
 10
188.499847
 20
121.024729
 30
0.0
 10
188.476380
 20
121.110060
 30
0.0
 10
188.476380
 20
121.212279
 30
0.0
  0
LWPOLYLINE
  5
30c
100
AcDbEntity
  8
0
 62
7
100
AcDbPolyline
 90
4
 70
0
 10
189.087230
 20
121.697602
 30
0.0
 10
189.413140
 20
121.697602
 30
0.0
 10
189.413140
 20
120.745626
 30
0.0
 10
189.052840
 20
120.745626
 30
0.0
  0
SPLINE
  5
30d
100
AcDbEntity
  8
0
 62
7
100
AcDbSpline
 70
8
 71
3
 72
8
 73
4
 74
0
 40
0
 40
0
 40
0
 40
0
 40
1
 40
1
 40
1
 40
1
 10
188.631940
 20
121.216281
 30
0.0
 10
188.631940
 20
121.089173
 30
0.0
 10
188.670700
 20
120.996287
 30
0.0
 10
188.748220
 20
120.937622
 30
0.0
  0
SPLINE
  5
30e
100
AcDbEntity
  8
0
 62
7
100
AcDbSpline
 70
8
 71
3
 72
8
 73
4
 74
0
 40
0
 40
0
 40
0
 40
0
 40
1
 40
1
 40
1
 40
1
 10
188.748220
 20
120.937622
 30
0.0
 10
188.824647
 20
120.878069
 30
0.0
 10
188.933283
 20
120.848292
 30
0.0
 10
189.074130
 20
120.848292
 30
0.0
  0
LWPOLYLINE
  5
30f
100
AcDbEntity
  8
0
 62
7
100
AcDbPolyline
 90
1
 70
1
 10
188.476380
 20
121.212279
 30
0.0
  0
SPLINE
  5
310
100
AcDbEntity
  8
0
 62
7
100
AcDbSpline
 70
8
 71
3
 72
8
 73
4
 74
0
 40
0
 40
0
 40
0
 40
0
 40
1
 40
1
 40
1
 40
1
 10
189.106880
 20
121.594940
 30
0.0
 10
188.790253
 20
121.594940
 30
0.0
 10
188.631940
 20
121.468721
 30
0.0
 10
188.631940
 20
121.216283
 30
0.0
  0
LWPOLYLINE
  5
311
100
AcDbEntity
  8
0
 62
7
100
AcDbPolyline
 90
4
 70
0
 10
189.074130
 20
120.848292
 30
0.0
 10
189.265740
 20
120.848292
 30
0.0
 10
189.265740
 20
121.594940
 30
0.0
 10
189.106880
 20
121.594940
 30
0.0
  0
LWPOLYLINE
  5
312
100
AcDbEntity
  8
0
 62
7
100
AcDbPolyline
 90
1
 70
1
 10
188.631940
 20
121.216283
 30
0.0
  0
LWPOLYLINE
  5
313
100
AcDbEntity
  8
0
 62
7
100
AcDbPolyline
 90
3
 70
0
 10
190.501300
 20
121.652600
 30
0.0
 10
190.977400
 20
121.652600
 30
0.0
 10
190.977400
 20
120.652600
 30
0.0
  0
LWPOLYLINE
  5
314
100
AcDbEntity
  8
0
 62
7
100
AcDbPolyline
 90
2
 70
0
 10
190.167900
 20
121.128800
 30
0.0
 10
189.834600
 20
121.128800
 30
0.0
  0
LWPOLYLINE
  5
315
100
AcDbEntity
  8
0
 62
7
100
AcDbPolyline
 90
4
 70
0
 10
189.691700
 20
121.652600
 30
0.0
 10
190.167900
 20
121.652600
 30
0.0
 10
190.167900
 20
120.652600
 30
0.0
 10
189.691700
 20
120.652600
 30
0.0
  0
LWPOLYLINE
  5
316
100
AcDbEntity
  8
0
 62
7
100
AcDbPolyline
 90
12
 70
1
 10
189.263200
 20
121.652600
 30
0.0
 10
189.263200
 20
120.652600
 30
0.0
 10
189.025100
 20
120.652600
 30
0.0
 10
188.882200
 20
120.700200
 30
0.0
 10
188.787000
 20
120.795500
 30
0.0
 10
188.739400
 20
120.890700
 30
0.0
 10
188.691700
 20
121.081200
 30
0.0
 10
188.691700
 20
121.224000
 30
0.0
 10
188.739400
 20
121.414500
 30
0.0
 10
188.787000
 20
121.509800
 30
0.0
 10
188.882200
 20
121.605000
 30
0.0
 10
189.025100
 20
121.652600
 30
0.0
  0
LWPOLYLINE
  5
317
100
AcDbEntity
  8
0
 62
7
100
AcDbPolyline
 90
6
 70
1
 10
52.037888
 20
119.697602
 30
0.0
 10
52.037888
 20
118.745626
 30
0.0
 10
51.890492
 20
118.745626
 30
0.0
 10
51.890492
 20
119.590938
 30
0.0
 10
51.379519
 20
119.590938
 30
0.0
 10
51.379519
 20
119.697602
 30
0.0
  0
SPLINE
  5
318
100
AcDbEntity
  8
0
 62
7
100
AcDbSpline
 70
8
 71
3
 72
8
 73
4
 74
0
 40
0
 40
0
 40
0
 40
0
 40
1
 40
1
 40
1
 40
1
 10
49.332350
 20
119.212281
 30
0.0
 10
49.332350
 20
119.373166
 30
0.0
 10
49.386395
 20
119.494497
 30
0.0
 10
49.494486
 20
119.576272
 30
0.0
  0
SPLINE
  5
319
100
AcDbEntity
  8
0
 62
7
100
AcDbSpline
 70
8
 71
3
 72
8
 73
4
 74
0
 40
0
 40
0
 40
0
 40
0
 40
1
 40
1
 40
1
 40
1
 10
49.494486
 20
119.576272
 30
0.0
 10
49.601485
 20
119.657159
 30
0.0
 10
49.751064
 20
119.697602
 30
0.0
 10
49.943225
 20
119.697602
 30
0.0
  0
LWPOLYLINE
  5
31a
100
AcDbEntity
  8
0
 62
7
100
AcDbPolyline
 90
12
 70
1
 10
50.526259
 20
119.697602
 30
0.0
 10
51.179715
 20
119.697602
 30
0.0
 10
51.179715
 20
118.745626
 30
0.0
 10
50.526259
 20
118.745626
 30
0.0
 10
50.526259
 20
118.850957
 30
0.0
 10
51.032319
 20
118.850957
 30
0.0
 10
51.032319
 20
119.148283
 30
0.0
 10
50.555738
 20
119.148283
 30
0.0
 10
50.555738
 20
119.252280
 30
0.0
 10
51.032319
 20
119.252280
 30
0.0
 10
51.032319
 20
119.592272
 30
0.0
 10
50.526259
 20
119.592272
 30
0.0
  0
SPLINE
  5
31b
100
AcDbEntity
  8
0
 62
7
100
AcDbSpline
 70
8
 71
3
 72
8
 73
4
 74
0
 40
0
 40
0
 40
0
 40
0
 40
1
 40
1
 40
1
 40
1
 10
49.908833
 20
118.745626
 30
0.0
 10
49.790916
 20
118.745626
 30
0.0
 10
49.688830
 20
118.763403
 30
0.0
 10
49.602576
 20
118.798956
 30
0.0
  0
SPLINE
  5
31c
100
AcDbEntity
  8
0
 62
7
100
AcDbSpline
 70
8
 71
3
 72
8
 73
4
 74
0
 40
0
 40
0
 40
0
 40
0
 40
1
 40
1
 40
1
 40
1
 10
49.602576
 20
118.798956
 30
0.0
 10
49.516322
 20
118.834509
 30
0.0
 10
49.449721
 20
118.886953
 30
0.0
 10
49.402773
 20
118.956286
 30
0.0
  0
SPLINE
  5
31d
100
AcDbEntity
  8
0
 62
7
100
AcDbSpline
 70
8
 71
3
 72
8
 73
4
 74
0
 40
0
 40
0
 40
0
 40
0
 40
1
 40
1
 40
1
 40
1
 10
49.402773
 20
118.956286
 30
0.0
 10
49.355826
 20
119.024729
 30
0.0
 10
49.332353
 20
119.110060
 30
0.0
 10
49.332353
 20
119.212279
 30
0.0
  0
LWPOLYLINE
  5
31e
100
AcDbEntity
  8
0
 62
7
100
AcDbPolyline
 90
4
 70
0
 10
49.943225
 20
119.697602
 30
0.0
 10
50.269135
 20
119.697602
 30
0.0
 10
50.269135
 20
118.745626
 30
0.0
 10
49.908833
 20
118.745626
 30
0.0
  0
SPLINE
  5
31f
100
AcDbEntity
  8
0
 62
7
100
AcDbSpline
 70
8
 71
3
 72
8
 73
4
 74
0
 40
0
 40
0
 40
0
 40
0
 40
1
 40
1
 40
1
 40
1
 10
49.487935
 20
119.216281
 30
0.0
 10
49.487935
 20
119.089173
 30
0.0
 10
49.526695
 20
118.996287
 30
0.0
 10
49.604214
 20
118.937622
 30
0.0
  0
SPLINE
  5
320
100
AcDbEntity
  8
0
 62
7
100
AcDbSpline
 70
8
 71
3
 72
8
 73
4
 74
0
 40
0
 40
0
 40
0
 40
0
 40
1
 40
1
 40
1
 40
1
 10
49.604214
 20
118.937622
 30
0.0
 10
49.680642
 20
118.878069
 30
0.0
 10
49.789278
 20
118.848292
 30
0.0
 10
49.930123
 20
118.848292
 30
0.0
  0
LWPOLYLINE
  5
321
100
AcDbEntity
  8
0
 62
7
100
AcDbPolyline
 90
1
 70
1
 10
49.332353
 20
119.212279
 30
0.0
  0
SPLINE
  5
322
100
AcDbEntity
  8
0
 62
7
100
AcDbSpline
 70
8
 71
3
 72
8
 73
4
 74
0
 40
0
 40
0
 40
0
 40
0
 40
1
 40
1
 40
1
 40
1
 10
49.962878
 20
119.594940
 30
0.0
 10
49.646249
 20
119.594940
 30
0.0
 10
49.487935
 20
119.468721
 30
0.0
 10
49.487935
 20
119.216283
 30
0.0
  0
LWPOLYLINE
  5
323
100
AcDbEntity
  8
0
 62
7
100
AcDbPolyline
 90
4
 70
0
 10
49.930123
 20
118.848292
 30
0.0
 10
50.121738
 20
118.848292
 30
0.0
 10
50.121738
 20
119.594940
 30
0.0
 10
49.962878
 20
119.594940
 30
0.0
  0
LWPOLYLINE
  5
324
100
AcDbEntity
  8
0
 62
7
100
AcDbPolyline
 90
1
 70
1
 10
49.487935
 20
119.216283
 30
0.0
  0
LWPOLYLINE
  5
325
100
AcDbEntity
  8
0
 62
7
100
AcDbPolyline
 90
3
 70
0
 10
51.357300
 20
119.652600
 30
0.0
 10
51.833400
 20
119.652600
 30
0.0
 10
51.833400
 20
118.652600
 30
0.0
  0
LWPOLYLINE
  5
326
100
AcDbEntity
  8
0
 62
7
100
AcDbPolyline
 90
2
 70
0
 10
51.023900
 20
119.128800
 30
0.0
 10
50.690600
 20
119.128800
 30
0.0
  0
LWPOLYLINE
  5
327
100
AcDbEntity
  8
0
 62
7
100
AcDbPolyline
 90
4
 70
0
 10
50.547700
 20
119.652600
 30
0.0
 10
51.023900
 20
119.652600
 30
0.0
 10
51.023900
 20
118.652600
 30
0.0
 10
50.547700
 20
118.652600
 30
0.0
  0
LWPOLYLINE
  5
328
100
AcDbEntity
  8
0
 62
7
100
AcDbPolyline
 90
12
 70
1
 10
50.119200
 20
119.652600
 30
0.0
 10
50.119200
 20
118.652600
 30
0.0
 10
49.881100
 20
118.652600
 30
0.0
 10
49.738200
 20
118.700200
 30
0.0
 10
49.643000
 20
118.795500
 30
0.0
 10
49.595400
 20
118.890700
 30
0.0
 10
49.547700
 20
119.081200
 30
0.0
 10
49.547700
 20
119.224000
 30
0.0
 10
49.595400
 20
119.414500
 30
0.0
 10
49.643000
 20
119.509800
 30
0.0
 10
49.738200
 20
119.605000
 30
0.0
 10
49.881100
 20
119.652600
 30
0.0
  0
LWPOLYLINE
  5
329
100
AcDbEntity
  8
0
 62
7
100
AcDbPolyline
 90
6
 70
1
 10
192.849538
 20
79.721652
 30
0.0
 10
193.014846
 20
78.784144
 30
0.0
 10
192.869695
 20
78.758550
 30
0.0
 10
192.722908
 20
79.591018
 30
0.0
 10
192.219691
 20
79.502288
 30
0.0
 10
192.201170
 20
79.607327
 30
0.0
  0
SPLINE
  5
32a
100
AcDbEntity
  8
0
 62
7
100
AcDbSpline
 70
8
 71
3
 72
8
 73
4
 74
0
 40
0
 40
0
 40
0
 40
0
 40
1
 40
1
 40
1
 40
1
 10
190.269375
 20
78.773893
 30
0.0
 10
190.241438
 20
78.932336
 30
0.0
 10
190.273595
 20
79.061207
 30
0.0
 10
190.365846
 20
79.160509
 30
0.0
  0
SPLINE
  5
32b
100
AcDbEntity
  8
0
 62
7
100
AcDbSpline
 70
8
 71
3
 72
8
 73
4
 74
0
 40
0
 40
0
 40
0
 40
0
 40
1
 40
1
 40
1
 40
1
 10
190.365846
 20
79.160509
 30
0.0
 10
190.457175
 20
79.258747
 30
0.0
 10
190.597459
 20
79.324550
 30
0.0
 10
190.786700
 20
79.357918
 30
0.0
  0
LWPOLYLINE
  5
32c
100
AcDbEntity
  8
0
 62
7
100
AcDbPolyline
 90
12
 70
1
 10
191.360873
 20
79.459160
 30
0.0
 10
192.004405
 20
79.572632
 30
0.0
 10
192.169713
 20
78.635125
 30
0.0
 10
191.526180
 20
78.521653
 30
0.0
 10
191.507890
 20
78.625382
 30
0.0
 10
192.006262
 20
78.713259
 30
0.0
 10
191.954633
 20
79.006062
 30
0.0
 10
191.485293
 20
78.923305
 30
0.0
 10
191.467234
 20
79.025725
 30
0.0
 10
191.936573
 20
79.108482
 30
0.0
 10
191.877535
 20
79.443307
 30
0.0
 10
191.379163
 20
79.355430
 30
0.0
  0
SPLINE
  5
32d
100
AcDbEntity
  8
0
 62
7
100
AcDbSpline
 70
8
 71
3
 72
8
 73
4
 74
0
 40
0
 40
0
 40
0
 40
0
 40
1
 40
1
 40
1
 40
1
 10
190.918140
 20
78.414439
 30
0.0
 10
190.802012
 20
78.393962
 30
0.0
 10
190.698391
 20
78.393732
 30
0.0
 10
190.607277
 20
78.413748
 30
0.0
  0
SPLINE
  5
32e
100
AcDbEntity
  8
0
 62
7
100
AcDbSpline
 70
8
 71
3
 72
8
 73
4
 74
0
 40
0
 40
0
 40
0
 40
0
 40
1
 40
1
 40
1
 40
1
 10
190.607277
 20
78.413748
 30
0.0
 10
190.516164
 20
78.433763
 30
0.0
 10
190.441469
 20
78.473845
 30
0.0
 10
190.383193
 20
78.533993
 30
0.0
  0
SPLINE
  5
32f
100
AcDbEntity
  8
0
 62
7
100
AcDbSpline
 70
8
 71
3
 72
8
 73
4
 74
0
 40
0
 40
0
 40
0
 40
0
 40
1
 40
1
 40
1
 40
1
 10
190.383193
 20
78.533993
 30
0.0
 10
190.325088
 20
78.593243
 30
0.0
 10
190.287160
 20
78.673202
 30
0.0
 10
190.269410
 20
78.773869
 30
0.0
  0
LWPOLYLINE
  5
330
100
AcDbEntity
  8
0
 62
7
100
AcDbPolyline
 90
4
 70
0
 10
190.786700
 20
79.357918
 30
0.0
 10
191.107659
 20
79.414512
 30
0.0
 10
191.272966
 20
78.477004
 30
0.0
 10
190.918140
 20
78.414439
 30
0.0
  0
SPLINE
  5
331
100
AcDbEntity
  8
0
 62
7
100
AcDbSpline
 70
8
 71
3
 72
8
 73
4
 74
0
 40
0
 40
0
 40
0
 40
0
 40
1
 40
1
 40
1
 40
1
 10
190.421907
 20
78.804850
 30
0.0
 10
190.443979
 20
78.679675
 30
0.0
 10
190.498280
 20
78.594930
 30
0.0
 10
190.584809
 20
78.550615
 30
0.0
  0
SPLINE
  5
332
100
AcDbEntity
  8
0
 62
7
100
AcDbSpline
 70
8
 71
3
 72
8
 73
4
 74
0
 40
0
 40
0
 40
0
 40
0
 40
1
 40
1
 40
1
 40
1
 10
190.584809
 20
78.550615
 30
0.0
 10
190.670413
 20
78.505258
 30
0.0
 10
190.782568
 20
78.494808
 30
0.0
 10
190.921275
 20
78.519266
 30
0.0
  0
LWPOLYLINE
  5
333
100
AcDbEntity
  8
0
 62
7
100
AcDbPolyline
 90
1
 70
1
 10
190.269410
 20
78.773869
 30
0.0
  0
SPLINE
  5
334
100
AcDbEntity
  8
0
 62
7
100
AcDbSpline
 70
8
 71
3
 72
8
 73
4
 74
0
 40
0
 40
0
 40
0
 40
0
 40
1
 40
1
 40
1
 40
1
 10
190.823873
 20
79.260260
 30
0.0
 10
190.512056
 20
79.205278
 30
0.0
 10
190.378066
 20
79.053485
 30
0.0
 10
190.421902
 20
78.804880
 30
0.0
  0
LWPOLYLINE
  5
335
100
AcDbEntity
  8
0
 62
7
100
AcDbPolyline
 90
4
 70
0
 10
190.921275
 20
78.519266
 30
0.0
 10
191.109974
 20
78.552538
 30
0.0
 10
190.980320
 20
79.287845
 30
0.0
 10
190.823873
 20
79.260260
 30
0.0
  0
LWPOLYLINE
  5
336
100
AcDbEntity
  8
0
 62
7
100
AcDbPolyline
 90
1
 70
1
 10
190.421902
 20
78.804880
 30
0.0
  0
LWPOLYLINE
  5
337
100
AcDbEntity
  8
0
 62
7
100
AcDbPolyline
 90
3
 70
0
 10
192.187000
 20
79.558500
 30
0.0
 10
192.655900
 20
79.641200
 30
0.0
 10
192.829600
 20
78.656400
 30
0.0
  0
LWPOLYLINE
  5
338
100
AcDbEntity
  8
0
 62
7
100
AcDbPolyline
 90
2
 70
0
 10
191.949600
 20
78.984800
 30
0.0
 10
191.621400
 20
78.926900
 30
0.0
  0
LWPOLYLINE
  5
339
100
AcDbEntity
  8
0
 62
7
100
AcDbPolyline
 90
4
 70
0
 10
191.389700
 20
79.418000
 30
0.0
 10
191.858700
 20
79.500700
 30
0.0
 10
192.032300
 20
78.515900
 30
0.0
 10
191.563400
 20
78.433200
 30
0.0
  0
LWPOLYLINE
  5
33a
100
AcDbEntity
  8
0
 62
7
100
AcDbPolyline
 90
12
 70
1
 10
190.967700
 20
79.343600
 30
0.0
 10
191.141300
 20
78.358700
 30
0.0
 10
190.906800
 20
78.317400
 30
0.0
 10
190.757900
 20
78.339500
 30
0.0
 10
190.647600
 20
78.416700
 30
0.0
 10
190.584100
 20
78.502300
 30
0.0
 10
190.504200
 20
78.681600
 30
0.0
 10
190.479300
 20
78.822300
 30
0.0
 10
190.493200
 20
79.018100
 30
0.0
 10
190.523500
 20
79.120200
 30
0.0
 10
190.600800
 20
79.230500
 30
0.0
 10
190.733200
 20
79.302200
 30
0.0
  0
LWPOLYLINE
  5
33b
100
AcDbEntity
  8
0
 62
7
100
AcDbPolyline
 90
6
 70
1
 10
70.037888
 20
145.197602
 30
0.0
 10
70.037888
 20
144.245626
 30
0.0
 10
69.890492
 20
144.245626
 30
0.0
 10
69.890492
 20
145.090938
 30
0.0
 10
69.379519
 20
145.090938
 30
0.0
 10
69.379519
 20
145.197602
 30
0.0
  0
SPLINE
  5
33c
100
AcDbEntity
  8
0
 62
7
100
AcDbSpline
 70
8
 71
3
 72
8
 73
4
 74
0
 40
0
 40
0
 40
0
 40
0
 40
1
 40
1
 40
1
 40
1
 10
67.332350
 20
144.712281
 30
0.0
 10
67.332350
 20
144.873166
 30
0.0
 10
67.386395
 20
144.994497
 30
0.0
 10
67.494486
 20
145.076272
 30
0.0
  0
SPLINE
  5
33d
100
AcDbEntity
  8
0
 62
7
100
AcDbSpline
 70
8
 71
3
 72
8
 73
4
 74
0
 40
0
 40
0
 40
0
 40
0
 40
1
 40
1
 40
1
 40
1
 10
67.494486
 20
145.076272
 30
0.0
 10
67.601485
 20
145.157159
 30
0.0
 10
67.751064
 20
145.197602
 30
0.0
 10
67.943225
 20
145.197602
 30
0.0
  0
LWPOLYLINE
  5
33e
100
AcDbEntity
  8
0
 62
7
100
AcDbPolyline
 90
12
 70
1
 10
68.526259
 20
145.197602
 30
0.0
 10
69.179715
 20
145.197602
 30
0.0
 10
69.179715
 20
144.245626
 30
0.0
 10
68.526259
 20
144.245626
 30
0.0
 10
68.526259
 20
144.350957
 30
0.0
 10
69.032319
 20
144.350957
 30
0.0
 10
69.032319
 20
144.648283
 30
0.0
 10
68.555738
 20
144.648283
 30
0.0
 10
68.555738
 20
144.752280
 30
0.0
 10
69.032319
 20
144.752280
 30
0.0
 10
69.032319
 20
145.092272
 30
0.0
 10
68.526259
 20
145.092272
 30
0.0
  0
SPLINE
  5
33f
100
AcDbEntity
  8
0
 62
7
100
AcDbSpline
 70
8
 71
3
 72
8
 73
4
 74
0
 40
0
 40
0
 40
0
 40
0
 40
1
 40
1
 40
1
 40
1
 10
67.908833
 20
144.245626
 30
0.0
 10
67.790916
 20
144.245626
 30
0.0
 10
67.688830
 20
144.263403
 30
0.0
 10
67.602576
 20
144.298956
 30
0.0
  0
SPLINE
  5
340
100
AcDbEntity
  8
0
 62
7
100
AcDbSpline
 70
8
 71
3
 72
8
 73
4
 74
0
 40
0
 40
0
 40
0
 40
0
 40
1
 40
1
 40
1
 40
1
 10
67.602576
 20
144.298956
 30
0.0
 10
67.516322
 20
144.334509
 30
0.0
 10
67.449721
 20
144.386953
 30
0.0
 10
67.402773
 20
144.456286
 30
0.0
  0
SPLINE
  5
341
100
AcDbEntity
  8
0
 62
7
100
AcDbSpline
 70
8
 71
3
 72
8
 73
4
 74
0
 40
0
 40
0
 40
0
 40
0
 40
1
 40
1
 40
1
 40
1
 10
67.402773
 20
144.456286
 30
0.0
 10
67.355826
 20
144.524729
 30
0.0
 10
67.332353
 20
144.610060
 30
0.0
 10
67.332353
 20
144.712279
 30
0.0
  0
LWPOLYLINE
  5
342
100
AcDbEntity
  8
0
 62
7
100
AcDbPolyline
 90
4
 70
0
 10
67.943225
 20
145.197602
 30
0.0
 10
68.269135
 20
145.197602
 30
0.0
 10
68.269135
 20
144.245626
 30
0.0
 10
67.908833
 20
144.245626
 30
0.0
  0
SPLINE
  5
343
100
AcDbEntity
  8
0
 62
7
100
AcDbSpline
 70
8
 71
3
 72
8
 73
4
 74
0
 40
0
 40
0
 40
0
 40
0
 40
1
 40
1
 40
1
 40
1
 10
67.487935
 20
144.716281
 30
0.0
 10
67.487935
 20
144.589173
 30
0.0
 10
67.526695
 20
144.496287
 30
0.0
 10
67.604214
 20
144.437622
 30
0.0
  0
SPLINE
  5
344
100
AcDbEntity
  8
0
 62
7
100
AcDbSpline
 70
8
 71
3
 72
8
 73
4
 74
0
 40
0
 40
0
 40
0
 40
0
 40
1
 40
1
 40
1
 40
1
 10
67.604214
 20
144.437622
 30
0.0
 10
67.680642
 20
144.378069
 30
0.0
 10
67.789278
 20
144.348292
 30
0.0
 10
67.930123
 20
144.348292
 30
0.0
  0
LWPOLYLINE
  5
345
100
AcDbEntity
  8
0
 62
7
100
AcDbPolyline
 90
1
 70
1
 10
67.332353
 20
144.712279
 30
0.0
  0
SPLINE
  5
346
100
AcDbEntity
  8
0
 62
7
100
AcDbSpline
 70
8
 71
3
 72
8
 73
4
 74
0
 40
0
 40
0
 40
0
 40
0
 40
1
 40
1
 40
1
 40
1
 10
67.962878
 20
145.094940
 30
0.0
 10
67.646249
 20
145.094940
 30
0.0
 10
67.487935
 20
144.968721
 30
0.0
 10
67.487935
 20
144.716283
 30
0.0
  0
LWPOLYLINE
  5
347
100
AcDbEntity
  8
0
 62
7
100
AcDbPolyline
 90
4
 70
0
 10
67.930123
 20
144.348292
 30
0.0
 10
68.121738
 20
144.348292
 30
0.0
 10
68.121738
 20
145.094940
 30
0.0
 10
67.962878
 20
145.094940
 30
0.0
  0
LWPOLYLINE
  5
348
100
AcDbEntity
  8
0
 62
7
100
AcDbPolyline
 90
1
 70
1
 10
67.487935
 20
144.716283
 30
0.0
  0
LWPOLYLINE
  5
349
100
AcDbEntity
  8
0
 62
7
100
AcDbPolyline
 90
3
 70
0
 10
69.357300
 20
145.152600
 30
0.0
 10
69.833400
 20
145.152600
 30
0.0
 10
69.833400
 20
144.152600
 30
0.0
  0
LWPOLYLINE
  5
34a
100
AcDbEntity
  8
0
 62
7
100
AcDbPolyline
 90
2
 70
0
 10
69.023900
 20
144.628800
 30
0.0
 10
68.690600
 20
144.628800
 30
0.0
  0
LWPOLYLINE
  5
34b
100
AcDbEntity
  8
0
 62
7
100
AcDbPolyline
 90
4
 70
0
 10
68.547700
 20
145.152600
 30
0.0
 10
69.023900
 20
145.152600
 30
0.0
 10
69.023900
 20
144.152600
 30
0.0
 10
68.547700
 20
144.152600
 30
0.0
  0
LWPOLYLINE
  5
34c
100
AcDbEntity
  8
0
 62
7
100
AcDbPolyline
 90
12
 70
1
 10
68.119200
 20
145.152600
 30
0.0
 10
68.119200
 20
144.152600
 30
0.0
 10
67.881100
 20
144.152600
 30
0.0
 10
67.738200
 20
144.200200
 30
0.0
 10
67.643000
 20
144.295500
 30
0.0
 10
67.595400
 20
144.390700
 30
0.0
 10
67.547700
 20
144.581200
 30
0.0
 10
67.547700
 20
144.724000
 30
0.0
 10
67.595400
 20
144.914500
 30
0.0
 10
67.643000
 20
145.009800
 30
0.0
 10
67.738200
 20
145.105000
 30
0.0
 10
67.881100
 20
145.152600
 30
0.0
  0
LWPOLYLINE
  5
34d
100
AcDbEntity
  8
0
 62
7
100
AcDbPolyline
 90
6
 70
1
 10
106.037890
 20
96.542600
 30
0.0
 10
106.037890
 20
95.590630
 30
0.0
 10
105.890490
 20
95.590630
 30
0.0
 10
105.890490
 20
96.435940
 30
0.0
 10
105.379520
 20
96.435940
 30
0.0
 10
105.379520
 20
96.542600
 30
0.0
  0
SPLINE
  5
34e
100
AcDbEntity
  8
0
 62
7
100
AcDbSpline
 70
8
 71
3
 72
8
 73
4
 74
0
 40
0
 40
0
 40
0
 40
0
 40
1
 40
1
 40
1
 40
1
 10
103.332350
 20
96.057280
 30
0.0
 10
103.332350
 20
96.218167
 30
0.0
 10
103.386397
 20
96.339497
 30
0.0
 10
103.494490
 20
96.421270
 30
0.0
  0
SPLINE
  5
34f
100
AcDbEntity
  8
0
 62
7
100
AcDbSpline
 70
8
 71
3
 72
8
 73
4
 74
0
 40
0
 40
0
 40
0
 40
0
 40
1
 40
1
 40
1
 40
1
 10
103.494490
 20
96.421270
 30
0.0
 10
103.601483
 20
96.502157
 30
0.0
 10
103.751063
 20
96.542600
 30
0.0
 10
103.943230
 20
96.542600
 30
0.0
  0
LWPOLYLINE
  5
350
100
AcDbEntity
  8
0
 62
7
100
AcDbPolyline
 90
12
 70
1
 10
104.526260
 20
96.542600
 30
0.0
 10
105.179710
 20
96.542600
 30
0.0
 10
105.179710
 20
95.590630
 30
0.0
 10
104.526260
 20
95.590630
 30
0.0
 10
104.526260
 20
95.695960
 30
0.0
 10
105.032320
 20
95.695960
 30
0.0
 10
105.032320
 20
95.993280
 30
0.0
 10
104.555740
 20
95.993280
 30
0.0
 10
104.555740
 20
96.097280
 30
0.0
 10
105.032320
 20
96.097280
 30
0.0
 10
105.032320
 20
96.437270
 30
0.0
 10
104.526260
 20
96.437270
 30
0.0
  0
SPLINE
  5
351
100
AcDbEntity
  8
0
 62
7
100
AcDbSpline
 70
8
 71
3
 72
8
 73
4
 74
0
 40
0
 40
0
 40
0
 40
0
 40
1
 40
1
 40
1
 40
1
 10
103.908830
 20
95.590630
 30
0.0
 10
103.790917
 20
95.590630
 30
0.0
 10
103.688833
 20
95.608397
 30
0.0
 10
103.602580
 20
95.643930
 30
0.0
  0
SPLINE
  5
352
100
AcDbEntity
  8
0
 62
7
100
AcDbSpline
 70
8
 71
3
 72
8
 73
4
 74
0
 40
0
 40
0
 40
0
 40
0
 40
1
 40
1
 40
1
 40
1
 10
103.602580
 20
95.643930
 30
0.0
 10
103.516327
 20
95.679463
 30
0.0
 10
103.449723
 20
95.731907
 30
0.0
 10
103.402770
 20
95.801260
 30
0.0
  0
SPLINE
  5
353
100
AcDbEntity
  8
0
 62
7
100
AcDbSpline
 70
8
 71
3
 72
8
 73
4
 74
0
 40
0
 40
0
 40
0
 40
0
 40
1
 40
1
 40
1
 40
1
 10
103.402770
 20
95.801260
 30
0.0
 10
103.355837
 20
95.869700
 30
0.0
 10
103.332370
 20
95.955030
 30
0.0
 10
103.332370
 20
96.057250
 30
0.0
  0
LWPOLYLINE
  5
354
100
AcDbEntity
  8
0
 62
7
100
AcDbPolyline
 90
4
 70
0
 10
103.943230
 20
96.542600
 30
0.0
 10
104.269130
 20
96.542600
 30
0.0
 10
104.269130
 20
95.590630
 30
0.0
 10
103.908830
 20
95.590630
 30
0.0
  0
SPLINE
  5
355
100
AcDbEntity
  8
0
 62
7
100
AcDbSpline
 70
8
 71
3
 72
8
 73
4
 74
0
 40
0
 40
0
 40
0
 40
0
 40
1
 40
1
 40
1
 40
1
 10
103.487930
 20
96.061280
 30
0.0
 10
103.487930
 20
95.934173
 30
0.0
 10
103.526690
 20
95.841287
 30
0.0
 10
103.604210
 20
95.782620
 30
0.0
  0
SPLINE
  5
356
100
AcDbEntity
  8
0
 62
7
100
AcDbSpline
 70
8
 71
3
 72
8
 73
4
 74
0
 40
0
 40
0
 40
0
 40
0
 40
1
 40
1
 40
1
 40
1
 10
103.604210
 20
95.782620
 30
0.0
 10
103.680643
 20
95.723087
 30
0.0
 10
103.789280
 20
95.693320
 30
0.0
 10
103.930120
 20
95.693320
 30
0.0
  0
LWPOLYLINE
  5
357
100
AcDbEntity
  8
0
 62
7
100
AcDbPolyline
 90
1
 70
1
 10
103.332370
 20
96.057250
 30
0.0
  0
SPLINE
  5
358
100
AcDbEntity
  8
0
 62
7
100
AcDbSpline
 70
8
 71
3
 72
8
 73
4
 74
0
 40
0
 40
0
 40
0
 40
0
 40
1
 40
1
 40
1
 40
1
 10
103.962880
 20
96.439970
 30
0.0
 10
103.646247
 20
96.439970
 30
0.0
 10
103.487930
 20
96.313750
 30
0.0
 10
103.487930
 20
96.061310
 30
0.0
  0
LWPOLYLINE
  5
359
100
AcDbEntity
  8
0
 62
7
100
AcDbPolyline
 90
4
 70
0
 10
103.930120
 20
95.693320
 30
0.0
 10
104.121740
 20
95.693320
 30
0.0
 10
104.121740
 20
96.439970
 30
0.0
 10
103.962880
 20
96.439970
 30
0.0
  0
LWPOLYLINE
  5
35a
100
AcDbEntity
  8
0
 62
7
100
AcDbPolyline
 90
1
 70
1
 10
103.487930
 20
96.061310
 30
0.0
  0
LWPOLYLINE
  5
35b
100
AcDbEntity
  8
0
 62
7
100
AcDbPolyline
 90
3
 70
0
 10
105.357300
 20
96.497600
 30
0.0
 10
105.833400
 20
96.497600
 30
0.0
 10
105.833400
 20
95.497600
 30
0.0
  0
LWPOLYLINE
  5
35c
100
AcDbEntity
  8
0
 62
7
100
AcDbPolyline
 90
2
 70
0
 10
105.023900
 20
95.973800
 30
0.0
 10
104.690600
 20
95.973800
 30
0.0
  0
LWPOLYLINE
  5
35d
100
AcDbEntity
  8
0
 62
7
100
AcDbPolyline
 90
4
 70
0
 10
104.547700
 20
96.497600
 30
0.0
 10
105.023900
 20
96.497600
 30
0.0
 10
105.023900
 20
95.497600
 30
0.0
 10
104.547700
 20
95.497600
 30
0.0
  0
LWPOLYLINE
  5
35e
100
AcDbEntity
  8
0
 62
7
100
AcDbPolyline
 90
12
 70
1
 10
104.119200
 20
96.497600
 30
0.0
 10
104.119200
 20
95.497600
 30
0.0
 10
103.881100
 20
95.497600
 30
0.0
 10
103.738200
 20
95.545200
 30
0.0
 10
103.643000
 20
95.640500
 30
0.0
 10
103.595400
 20
95.735700
 30
0.0
 10
103.547700
 20
95.926200
 30
0.0
 10
103.547700
 20
96.069000
 30
0.0
 10
103.595400
 20
96.259500
 30
0.0
 10
103.643000
 20
96.354800
 30
0.0
 10
103.738200
 20
96.450000
 30
0.0
 10
103.881100
 20
96.497600
 30
0.0
  0
LWPOLYLINE
  5
35f
100
AcDbEntity
  8
0
 62
7
100
AcDbPolyline
 90
6
 70
1
 10
227.181890
 20
102.697600
 30
0.0
 10
227.181890
 20
101.745630
 30
0.0
 10
227.034490
 20
101.745630
 30
0.0
 10
227.034490
 20
102.590940
 30
0.0
 10
226.523520
 20
102.590940
 30
0.0
 10
226.523520
 20
102.697600
 30
0.0
  0
SPLINE
  5
360
100
AcDbEntity
  8
0
 62
7
100
AcDbSpline
 70
8
 71
3
 72
8
 73
4
 74
0
 40
0
 40
0
 40
0
 40
0
 40
1
 40
1
 40
1
 40
1
 10
224.476350
 20
102.212280
 30
0.0
 10
224.476350
 20
102.373167
 30
0.0
 10
224.530397
 20
102.494497
 30
0.0
 10
224.638490
 20
102.576270
 30
0.0
  0
SPLINE
  5
361
100
AcDbEntity
  8
0
 62
7
100
AcDbSpline
 70
8
 71
3
 72
8
 73
4
 74
0
 40
0
 40
0
 40
0
 40
0
 40
1
 40
1
 40
1
 40
1
 10
224.638490
 20
102.576270
 30
0.0
 10
224.745490
 20
102.657157
 30
0.0
 10
224.895070
 20
102.697600
 30
0.0
 10
225.087230
 20
102.697600
 30
0.0
  0
LWPOLYLINE
  5
362
100
AcDbEntity
  8
0
 62
7
100
AcDbPolyline
 90
12
 70
1
 10
225.670260
 20
102.697600
 30
0.0
 10
226.323720
 20
102.697600
 30
0.0
 10
226.323720
 20
101.745630
 30
0.0
 10
225.670260
 20
101.745630
 30
0.0
 10
225.670260
 20
101.850960
 30
0.0
 10
226.176320
 20
101.850960
 30
0.0
 10
226.176320
 20
102.148280
 30
0.0
 10
225.699740
 20
102.148280
 30
0.0
 10
225.699740
 20
102.252280
 30
0.0
 10
226.176320
 20
102.252280
 30
0.0
 10
226.176320
 20
102.592270
 30
0.0
 10
225.670260
 20
102.592270
 30
0.0
  0
SPLINE
  5
363
100
AcDbEntity
  8
0
 62
7
100
AcDbSpline
 70
8
 71
3
 72
8
 73
4
 74
0
 40
0
 40
0
 40
0
 40
0
 40
1
 40
1
 40
1
 40
1
 10
225.052840
 20
101.745630
 30
0.0
 10
224.934920
 20
101.745630
 30
0.0
 10
224.832833
 20
101.763397
 30
0.0
 10
224.746580
 20
101.798930
 30
0.0
  0
SPLINE
  5
364
100
AcDbEntity
  8
0
 62
7
100
AcDbSpline
 70
8
 71
3
 72
8
 73
4
 74
0
 40
0
 40
0
 40
0
 40
0
 40
1
 40
1
 40
1
 40
1
 10
224.746580
 20
101.798930
 30
0.0
 10
224.660327
 20
101.834463
 30
0.0
 10
224.593727
 20
101.886907
 30
0.0
 10
224.546780
 20
101.956260
 30
0.0
  0
SPLINE
  5
365
100
AcDbEntity
  8
0
 62
7
100
AcDbSpline
 70
8
 71
3
 72
8
 73
4
 74
0
 40
0
 40
0
 40
0
 40
0
 40
1
 40
1
 40
1
 40
1
 10
224.546780
 20
101.956260
 30
0.0
 10
224.499847
 20
102.024700
 30
0.0
 10
224.476380
 20
102.110030
 30
0.0
 10
224.476380
 20
102.212250
 30
0.0
  0
LWPOLYLINE
  5
366
100
AcDbEntity
  8
0
 62
7
100
AcDbPolyline
 90
4
 70
0
 10
225.087230
 20
102.697600
 30
0.0
 10
225.413140
 20
102.697600
 30
0.0
 10
225.413140
 20
101.745630
 30
0.0
 10
225.052840
 20
101.745630
 30
0.0
  0
SPLINE
  5
367
100
AcDbEntity
  8
0
 62
7
100
AcDbSpline
 70
8
 71
3
 72
8
 73
4
 74
0
 40
0
 40
0
 40
0
 40
0
 40
1
 40
1
 40
1
 40
1
 10
224.631940
 20
102.216280
 30
0.0
 10
224.631940
 20
102.089173
 30
0.0
 10
224.670700
 20
101.996287
 30
0.0
 10
224.748220
 20
101.937620
 30
0.0
  0
SPLINE
  5
368
100
AcDbEntity
  8
0
 62
7
100
AcDbSpline
 70
8
 71
3
 72
8
 73
4
 74
0
 40
0
 40
0
 40
0
 40
0
 40
1
 40
1
 40
1
 40
1
 10
224.748220
 20
101.937620
 30
0.0
 10
224.824647
 20
101.878087
 30
0.0
 10
224.933283
 20
101.848320
 30
0.0
 10
225.074130
 20
101.848320
 30
0.0
  0
LWPOLYLINE
  5
369
100
AcDbEntity
  8
0
 62
7
100
AcDbPolyline
 90
1
 70
1
 10
224.476380
 20
102.212250
 30
0.0
  0
SPLINE
  5
36a
100
AcDbEntity
  8
0
 62
7
100
AcDbSpline
 70
8
 71
3
 72
8
 73
4
 74
0
 40
0
 40
0
 40
0
 40
0
 40
1
 40
1
 40
1
 40
1
 10
225.106880
 20
102.594970
 30
0.0
 10
224.790253
 20
102.594970
 30
0.0
 10
224.631940
 20
102.468750
 30
0.0
 10
224.631940
 20
102.216310
 30
0.0
  0
LWPOLYLINE
  5
36b
100
AcDbEntity
  8
0
 62
7
100
AcDbPolyline
 90
4
 70
0
 10
225.074130
 20
101.848320
 30
0.0
 10
225.265740
 20
101.848320
 30
0.0
 10
225.265740
 20
102.594970
 30
0.0
 10
225.106880
 20
102.594970
 30
0.0
  0
LWPOLYLINE
  5
36c
100
AcDbEntity
  8
0
 62
7
100
AcDbPolyline
 90
1
 70
1
 10
224.631940
 20
102.216310
 30
0.0
  0
LWPOLYLINE
  5
36d
100
AcDbEntity
  8
0
 62
7
100
AcDbPolyline
 90
3
 70
0
 10
226.501300
 20
102.652600
 30
0.0
 10
226.977400
 20
102.652600
 30
0.0
 10
226.977400
 20
101.652600
 30
0.0
  0
LWPOLYLINE
  5
36e
100
AcDbEntity
  8
0
 62
7
100
AcDbPolyline
 90
2
 70
0
 10
226.167900
 20
102.128800
 30
0.0
 10
225.834600
 20
102.128800
 30
0.0
  0
LWPOLYLINE
  5
36f
100
AcDbEntity
  8
0
 62
7
100
AcDbPolyline
 90
4
 70
0
 10
225.691700
 20
102.652600
 30
0.0
 10
226.167900
 20
102.652600
 30
0.0
 10
226.167900
 20
101.652600
 30
0.0
 10
225.691700
 20
101.652600
 30
0.0
  0
LWPOLYLINE
  5
370
100
AcDbEntity
  8
0
 62
7
100
AcDbPolyline
 90
12
 70
1
 10
225.263200
 20
102.652600
 30
0.0
 10
225.263200
 20
101.652600
 30
0.0
 10
225.025100
 20
101.652600
 30
0.0
 10
224.882200
 20
101.700200
 30
0.0
 10
224.787000
 20
101.795500
 30
0.0
 10
224.739400
 20
101.890700
 30
0.0
 10
224.691700
 20
102.081200
 30
0.0
 10
224.691700
 20
102.224000
 30
0.0
 10
224.739400
 20
102.414500
 30
0.0
 10
224.787000
 20
102.509800
 30
0.0
 10
224.882200
 20
102.605000
 30
0.0
 10
225.025100
 20
102.652600
 30
0.0
  0
LWPOLYLINE
  5
371
100
AcDbEntity
  8
0
 62
7
100
AcDbPolyline
 90
6
 70
1
 10
34.037688
 20
89.697600
 30
0.0
 10
34.037688
 20
88.745630
 30
0.0
 10
33.890292
 20
88.745630
 30
0.0
 10
33.890292
 20
89.590940
 30
0.0
 10
33.379319
 20
89.590940
 30
0.0
 10
33.379319
 20
89.697600
 30
0.0
  0
SPLINE
  5
372
100
AcDbEntity
  8
0
 62
7
100
AcDbSpline
 70
8
 71
3
 72
8
 73
4
 74
0
 40
0
 40
0
 40
0
 40
0
 40
1
 40
1
 40
1
 40
1
 10
31.332150
 20
89.212280
 30
0.0
 10
31.332150
 20
89.373167
 30
0.0
 10
31.386195
 20
89.494497
 30
0.0
 10
31.494286
 20
89.576270
 30
0.0
  0
SPLINE
  5
373
100
AcDbEntity
  8
0
 62
7
100
AcDbSpline
 70
8
 71
3
 72
8
 73
4
 74
0
 40
0
 40
0
 40
0
 40
0
 40
1
 40
1
 40
1
 40
1
 10
31.494286
 20
89.576270
 30
0.0
 10
31.601285
 20
89.657157
 30
0.0
 10
31.750864
 20
89.697600
 30
0.0
 10
31.943025
 20
89.697600
 30
0.0
  0
LWPOLYLINE
  5
374
100
AcDbEntity
  8
0
 62
7
100
AcDbPolyline
 90
12
 70
1
 10
32.526059
 20
89.697600
 30
0.0
 10
33.179515
 20
89.697600
 30
0.0
 10
33.179515
 20
88.745630
 30
0.0
 10
32.526059
 20
88.745630
 30
0.0
 10
32.526059
 20
88.850960
 30
0.0
 10
33.032119
 20
88.850960
 30
0.0
 10
33.032119
 20
89.148280
 30
0.0
 10
32.555538
 20
89.148280
 30
0.0
 10
32.555538
 20
89.252280
 30
0.0
 10
33.032119
 20
89.252280
 30
0.0
 10
33.032119
 20
89.592270
 30
0.0
 10
32.526059
 20
89.592270
 30
0.0
  0
SPLINE
  5
375
100
AcDbEntity
  8
0
 62
7
100
AcDbSpline
 70
8
 71
3
 72
8
 73
4
 74
0
 40
0
 40
0
 40
0
 40
0
 40
1
 40
1
 40
1
 40
1
 10
31.908633
 20
88.745630
 30
0.0
 10
31.790716
 20
88.745630
 30
0.0
 10
31.688630
 20
88.763397
 30
0.0
 10
31.602376
 20
88.798930
 30
0.0
  0
SPLINE
  5
376
100
AcDbEntity
  8
0
 62
7
100
AcDbSpline
 70
8
 71
3
 72
8
 73
4
 74
0
 40
0
 40
0
 40
0
 40
0
 40
1
 40
1
 40
1
 40
1
 10
31.602376
 20
88.798930
 30
0.0
 10
31.516122
 20
88.834463
 30
0.0
 10
31.449521
 20
88.886907
 30
0.0
 10
31.402573
 20
88.956260
 30
0.0
  0
SPLINE
  5
377
100
AcDbEntity
  8
0
 62
7
100
AcDbSpline
 70
8
 71
3
 72
8
 73
4
 74
0
 40
0
 40
0
 40
0
 40
0
 40
1
 40
1
 40
1
 40
1
 10
31.402573
 20
88.956260
 30
0.0
 10
31.355626
 20
89.024700
 30
0.0
 10
31.332153
 20
89.110030
 30
0.0
 10
31.332153
 20
89.212250
 30
0.0
  0
LWPOLYLINE
  5
378
100
AcDbEntity
  8
0
 62
7
100
AcDbPolyline
 90
4
 70
0
 10
31.943025
 20
89.697600
 30
0.0
 10
32.268935
 20
89.697600
 30
0.0
 10
32.268935
 20
88.745630
 30
0.0
 10
31.908633
 20
88.745630
 30
0.0
  0
SPLINE
  5
379
100
AcDbEntity
  8
0
 62
7
100
AcDbSpline
 70
8
 71
3
 72
8
 73
4
 74
0
 40
0
 40
0
 40
0
 40
0
 40
1
 40
1
 40
1
 40
1
 10
31.487735
 20
89.216280
 30
0.0
 10
31.487735
 20
89.089173
 30
0.0
 10
31.526495
 20
88.996287
 30
0.0
 10
31.604014
 20
88.937620
 30
0.0
  0
SPLINE
  5
37a
100
AcDbEntity
  8
0
 62
7
100
AcDbSpline
 70
8
 71
3
 72
8
 73
4
 74
0
 40
0
 40
0
 40
0
 40
0
 40
1
 40
1
 40
1
 40
1
 10
31.604014
 20
88.937620
 30
0.0
 10
31.680442
 20
88.878087
 30
0.0
 10
31.789078
 20
88.848320
 30
0.0
 10
31.929923
 20
88.848320
 30
0.0
  0
LWPOLYLINE
  5
37b
100
AcDbEntity
  8
0
 62
7
100
AcDbPolyline
 90
1
 70
1
 10
31.332153
 20
89.212250
 30
0.0
  0
SPLINE
  5
37c
100
AcDbEntity
  8
0
 62
7
100
AcDbSpline
 70
8
 71
3
 72
8
 73
4
 74
0
 40
0
 40
0
 40
0
 40
0
 40
1
 40
1
 40
1
 40
1
 10
31.962678
 20
89.594970
 30
0.0
 10
31.646049
 20
89.594970
 30
0.0
 10
31.487735
 20
89.468750
 30
0.0
 10
31.487735
 20
89.216310
 30
0.0
  0
LWPOLYLINE
  5
37d
100
AcDbEntity
  8
0
 62
7
100
AcDbPolyline
 90
4
 70
0
 10
31.929923
 20
88.848320
 30
0.0
 10
32.121538
 20
88.848320
 30
0.0
 10
32.121538
 20
89.594970
 30
0.0
 10
31.962678
 20
89.594970
 30
0.0
  0
LWPOLYLINE
  5
37e
100
AcDbEntity
  8
0
 62
7
100
AcDbPolyline
 90
1
 70
1
 10
31.487735
 20
89.216310
 30
0.0
  0
LWPOLYLINE
  5
37f
100
AcDbEntity
  8
0
 62
7
100
AcDbPolyline
 90
3
 70
0
 10
33.357300
 20
89.652600
 30
0.0
 10
33.833400
 20
89.652600
 30
0.0
 10
33.833400
 20
88.652600
 30
0.0
  0
LWPOLYLINE
  5
380
100
AcDbEntity
  8
0
 62
7
100
AcDbPolyline
 90
2
 70
0
 10
33.023900
 20
89.128800
 30
0.0
 10
32.690600
 20
89.128800
 30
0.0
  0
LWPOLYLINE
  5
381
100
AcDbEntity
  8
0
 62
7
100
AcDbPolyline
 90
4
 70
0
 10
32.547700
 20
89.652600
 30
0.0
 10
33.023900
 20
89.652600
 30
0.0
 10
33.023900
 20
88.652600
 30
0.0
 10
32.547700
 20
88.652600
 30
0.0
  0
LWPOLYLINE
  5
382
100
AcDbEntity
  8
0
 62
7
100
AcDbPolyline
 90
12
 70
1
 10
32.119200
 20
89.652600
 30
0.0
 10
32.119200
 20
88.652600
 30
0.0
 10
31.881100
 20
88.652600
 30
0.0
 10
31.738200
 20
88.700200
 30
0.0
 10
31.643000
 20
88.795500
 30
0.0
 10
31.595400
 20
88.890700
 30
0.0
 10
31.547700
 20
89.081200
 30
0.0
 10
31.547700
 20
89.224000
 30
0.0
 10
31.595400
 20
89.414500
 30
0.0
 10
31.643000
 20
89.509800
 30
0.0
 10
31.738200
 20
89.605000
 30
0.0
 10
31.881100
 20
89.652600
 30
0.0
  0
LWPOLYLINE
  5
383
100
AcDbEntity
  8
0
 62
7
100
AcDbPolyline
 90
6
 70
1
 10
174.469529
 20
75.285514
 30
0.0
 10
174.795122
 20
74.390955
 30
0.0
 10
174.656620
 20
74.340544
 30
0.0
 10
174.367507
 20
75.134876
 30
0.0
 10
173.887343
 20
74.960111
 30
0.0
 10
173.850863
 20
75.060338
 30
0.0
  0
SPLINE
  5
384
100
AcDbEntity
  8
0
 62
7
100
AcDbSpline
 70
8
 71
3
 72
8
 73
4
 74
0
 40
0
 40
0
 40
0
 40
0
 40
1
 40
1
 40
1
 40
1
 10
172.093141
 20
73.904114
 30
0.0
 10
172.038115
 20
74.055298
 30
0.0
 10
172.047405
 20
74.187796
 30
0.0
 10
172.121011
 20
74.301608
 30
0.0
  0
SPLINE
  5
385
100
AcDbEntity
  8
0
 62
7
100
AcDbSpline
 70
8
 71
3
 72
8
 73
4
 74
0
 40
0
 40
0
 40
0
 40
0
 40
1
 40
1
 40
1
 40
1
 10
172.121011
 20
74.301608
 30
0.0
 10
172.193893
 20
74.414212
 30
0.0
 10
172.320620
 20
74.503376
 30
0.0
 10
172.501192
 20
74.569099
 30
0.0
  0
LWPOLYLINE
  5
386
100
AcDbEntity
  8
0
 62
7
100
AcDbPolyline
 90
12
 70
1
 10
173.049061
 20
74.768506
 30
0.0
 10
173.663113
 20
74.992003
 30
0.0
 10
173.988705
 20
74.097443
 30
0.0
 10
173.374654
 20
73.873947
 30
0.0
 10
173.338629
 20
73.972925
 30
0.0
 10
173.814170
 20
74.146007
 30
0.0
 10
173.712480
 20
74.425397
 30
0.0
 10
173.264641
 20
74.262397
 30
0.0
 10
173.229071
 20
74.360125
 30
0.0
 10
173.676910
 20
74.523125
 30
0.0
 10
173.560627
 20
74.842611
 30
0.0
 10
173.085086
 20
74.669529
 30
0.0
  0
SPLINE
  5
387
100
AcDbEntity
  8
0
 62
7
100
AcDbSpline
 70
8
 71
3
 72
8
 73
4
 74
0
 40
0
 40
0
 40
0
 40
0
 40
1
 40
1
 40
1
 40
1
 10
172.794468
 20
73.662777
 30
0.0
 10
172.683660
 20
73.622446
 30
0.0
 10
172.581653
 20
73.604225
 30
0.0
 10
172.488448
 20
73.608116
 30
0.0
  0
SPLINE
  5
388
100
AcDbEntity
  8
0
 62
7
100
AcDbSpline
 70
8
 71
3
 72
8
 73
4
 74
0
 40
0
 40
0
 40
0
 40
0
 40
1
 40
1
 40
1
 40
1
 10
172.488448
 20
73.608116
 30
0.0
 10
172.395244
 20
73.612006
 30
0.0
 10
172.314723
 20
73.638508
 30
0.0
 10
172.246888
 20
73.687622
 30
0.0
  0
SPLINE
  5
389
100
AcDbEntity
  8
0
 62
7
100
AcDbSpline
 70
8
 71
3
 72
8
 73
4
 74
0
 40
0
 40
0
 40
0
 40
0
 40
1
 40
1
 40
1
 40
1
 10
172.246888
 20
73.687622
 30
0.0
 10
172.179377
 20
73.735882
 30
0.0
 10
172.128141
 20
73.808040
 30
0.0
 10
172.093180
 20
73.904096
 30
0.0
  0
LWPOLYLINE
  5
38a
100
AcDbEntity
  8
0
 62
7
100
AcDbPolyline
 90
4
 70
0
 10
172.501192
 20
74.569099
 30
0.0
 10
172.807447
 20
74.680566
 30
0.0
 10
173.133040
 20
73.786007
 30
0.0
 10
172.794468
 20
73.662777
 30
0.0
  0
SPLINE
  5
38b
100
AcDbEntity
  8
0
 62
7
100
AcDbSpline
 70
8
 71
3
 72
8
 73
4
 74
0
 40
0
 40
0
 40
0
 40
0
 40
1
 40
1
 40
1
 40
1
 10
172.237980
 20
73.961087
 30
0.0
 10
172.281453
 20
73.841646
 30
0.0
 10
172.349644
 20
73.767618
 30
0.0
 10
172.442555
 20
73.739002
 30
0.0
  0
SPLINE
  5
38c
100
AcDbEntity
  8
0
 62
7
100
AcDbSpline
 70
8
 71
3
 72
8
 73
4
 74
0
 40
0
 40
0
 40
0
 40
0
 40
1
 40
1
 40
1
 40
1
 10
172.442555
 20
73.739002
 30
0.0
 10
172.534734
 20
73.709199
 30
0.0
 10
172.647000
 20
73.718383
 30
0.0
 10
172.779352
 20
73.766556
 30
0.0
  0
LWPOLYLINE
  5
38d
100
AcDbEntity
  8
0
 62
7
100
AcDbPolyline
 90
1
 70
1
 10
172.093180
 20
73.904096
 30
0.0
  0
SPLINE
  5
38e
100
AcDbEntity
  8
0
 62
7
100
AcDbSpline
 70
8
 71
3
 72
8
 73
4
 74
0
 40
0
 40
0
 40
0
 40
0
 40
1
 40
1
 40
1
 40
1
 10
172.554758
 20
74.479379
 30
0.0
 10
172.257226
 20
74.371086
 30
0.0
 10
172.151630
 20
74.198332
 30
0.0
 10
172.237970
 20
73.961115
 30
0.0
  0
LWPOLYLINE
  5
38f
100
AcDbEntity
  8
0
 62
7
100
AcDbPolyline
 90
4
 70
0
 10
172.779352
 20
73.766556
 30
0.0
 10
172.959407
 20
73.832090
 30
0.0
 10
172.704038
 20
74.533712
 30
0.0
 10
172.554758
 20
74.479379
 30
0.0
  0
LWPOLYLINE
  5
390
100
AcDbEntity
  8
0
 62
7
100
AcDbPolyline
 90
1
 70
1
 10
172.237970
 20
73.961115
 30
0.0
  0
LWPOLYLINE
  5
391
100
AcDbEntity
  8
0
 62
7
100
AcDbPolyline
 90
3
 70
0
 10
173.845400
 20
75.010100
 30
0.0
 10
174.292900
 20
75.173000
 30
0.0
 10
174.634900
 20
74.233300
 30
0.0
  0
LWPOLYLINE
  5
392
100
AcDbEntity
  8
0
 62
7
100
AcDbPolyline
 90
2
 70
0
 10
173.711300
 20
74.403900
 30
0.0
 10
173.398100
 20
74.289900
 30
0.0
  0
LWPOLYLINE
  5
393
100
AcDbEntity
  8
0
 62
7
100
AcDbPolyline
 90
4
 70
0
 10
173.084700
 20
74.733200
 30
0.0
 10
173.532200
 20
74.896100
 30
0.0
 10
173.874200
 20
73.956400
 30
0.0
 10
173.426700
 20
73.793500
 30
0.0
  0
LWPOLYLINE
  5
394
100
AcDbEntity
  8
0
 62
7
100
AcDbPolyline
 90
12
 70
1
 10
172.682000
 20
74.586700
 30
0.0
 10
173.024000
 20
73.647000
 30
0.0
 10
172.800300
 20
73.565500
 30
0.0
 10
172.649800
 20
73.561400
 30
0.0
 10
172.527700
 20
73.618300
 30
0.0
 10
172.450400
 20
73.691500
 30
0.0
 10
172.340500
 20
73.854200
 30
0.0
 10
172.291600
 20
73.988500
 30
0.0
 10
172.271200
 20
74.183800
 30
0.0
 10
172.283400
 20
74.289500
 30
0.0
 10
172.340300
 20
74.411600
 30
0.0
 10
172.458300
 20
74.505200
 30
0.0
  0
LWPOLYLINE
  5
395
100
AcDbEntity
  8
0
 62
7
100
AcDbPolyline
 90
6
 70
1
 10
173.181890
 20
130.542601
 30
0.0
 10
173.181890
 20
129.590625
 30
0.0
 10
173.034490
 20
129.590625
 30
0.0
 10
173.034490
 20
130.435937
 30
0.0
 10
172.523520
 20
130.435937
 30
0.0
 10
172.523520
 20
130.542601
 30
0.0
  0
SPLINE
  5
396
100
AcDbEntity
  8
0
 62
7
100
AcDbSpline
 70
8
 71
3
 72
8
 73
4
 74
0
 40
0
 40
0
 40
0
 40
0
 40
1
 40
1
 40
1
 40
1
 10
170.476350
 20
130.057280
 30
0.0
 10
170.476350
 20
130.218165
 30
0.0
 10
170.530397
 20
130.339495
 30
0.0
 10
170.638490
 20
130.421271
 30
0.0
  0
SPLINE
  5
397
100
AcDbEntity
  8
0
 62
7
100
AcDbSpline
 70
8
 71
3
 72
8
 73
4
 74
0
 40
0
 40
0
 40
0
 40
0
 40
1
 40
1
 40
1
 40
1
 10
170.638490
 20
130.421271
 30
0.0
 10
170.745490
 20
130.502158
 30
0.0
 10
170.895070
 20
130.542601
 30
0.0
 10
171.087230
 20
130.542601
 30
0.0
  0
LWPOLYLINE
  5
398
100
AcDbEntity
  8
0
 62
7
100
AcDbPolyline
 90
12
 70
1
 10
171.670260
 20
130.542601
 30
0.0
 10
172.323720
 20
130.542601
 30
0.0
 10
172.323720
 20
129.590625
 30
0.0
 10
171.670260
 20
129.590625
 30
0.0
 10
171.670260
 20
129.695956
 30
0.0
 10
172.176320
 20
129.695956
 30
0.0
 10
172.176320
 20
129.993282
 30
0.0
 10
171.699740
 20
129.993282
 30
0.0
 10
171.699740
 20
130.097279
 30
0.0
 10
172.176320
 20
130.097279
 30
0.0
 10
172.176320
 20
130.437271
 30
0.0
 10
171.670260
 20
130.437271
 30
0.0
  0
SPLINE
  5
399
100
AcDbEntity
  8
0
 62
7
100
AcDbSpline
 70
8
 71
3
 72
8
 73
4
 74
0
 40
0
 40
0
 40
0
 40
0
 40
1
 40
1
 40
1
 40
1
 10
171.052840
 20
129.590625
 30
0.0
 10
170.934920
 20
129.590625
 30
0.0
 10
170.832833
 20
129.608402
 30
0.0
 10
170.746580
 20
129.643955
 30
0.0
  0
SPLINE
  5
39a
100
AcDbEntity
  8
0
 62
7
100
AcDbSpline
 70
8
 71
3
 72
8
 73
4
 74
0
 40
0
 40
0
 40
0
 40
0
 40
1
 40
1
 40
1
 40
1
 10
170.746580
 20
129.643955
 30
0.0
 10
170.660327
 20
129.679508
 30
0.0
 10
170.593727
 20
129.731951
 30
0.0
 10
170.546780
 20
129.801284
 30
0.0
  0
SPLINE
  5
39b
100
AcDbEntity
  8
0
 62
7
100
AcDbSpline
 70
8
 71
3
 72
8
 73
4
 74
0
 40
0
 40
0
 40
0
 40
0
 40
1
 40
1
 40
1
 40
1
 10
170.546780
 20
129.801284
 30
0.0
 10
170.499847
 20
129.869727
 30
0.0
 10
170.476380
 20
129.955059
 30
0.0
 10
170.476380
 20
130.057278
 30
0.0
  0
LWPOLYLINE
  5
39c
100
AcDbEntity
  8
0
 62
7
100
AcDbPolyline
 90
4
 70
0
 10
171.087230
 20
130.542601
 30
0.0
 10
171.413140
 20
130.542601
 30
0.0
 10
171.413140
 20
129.590625
 30
0.0
 10
171.052840
 20
129.590625
 30
0.0
  0
SPLINE
  5
39d
100
AcDbEntity
  8
0
 62
7
100
AcDbSpline
 70
8
 71
3
 72
8
 73
4
 74
0
 40
0
 40
0
 40
0
 40
0
 40
1
 40
1
 40
1
 40
1
 10
170.631940
 20
130.061280
 30
0.0
 10
170.631940
 20
129.934172
 30
0.0
 10
170.670700
 20
129.841285
 30
0.0
 10
170.748220
 20
129.782620
 30
0.0
  0
SPLINE
  5
39e
100
AcDbEntity
  8
0
 62
7
100
AcDbSpline
 70
8
 71
3
 72
8
 73
4
 74
0
 40
0
 40
0
 40
0
 40
0
 40
1
 40
1
 40
1
 40
1
 10
170.748220
 20
129.782620
 30
0.0
 10
170.824647
 20
129.723067
 30
0.0
 10
170.933283
 20
129.693290
 30
0.0
 10
171.074130
 20
129.693290
 30
0.0
  0
LWPOLYLINE
  5
39f
100
AcDbEntity
  8
0
 62
7
100
AcDbPolyline
 90
1
 70
1
 10
170.476380
 20
130.057278
 30
0.0
  0
SPLINE
  5
3a0
100
AcDbEntity
  8
0
 62
7
100
AcDbSpline
 70
8
 71
3
 72
8
 73
4
 74
0
 40
0
 40
0
 40
0
 40
0
 40
1
 40
1
 40
1
 40
1
 10
171.106880
 20
130.439938
 30
0.0
 10
170.790253
 20
130.439938
 30
0.0
 10
170.631940
 20
130.313719
 30
0.0
 10
170.631940
 20
130.061281
 30
0.0
  0
LWPOLYLINE
  5
3a1
100
AcDbEntity
  8
0
 62
7
100
AcDbPolyline
 90
4
 70
0
 10
171.074130
 20
129.693290
 30
0.0
 10
171.265740
 20
129.693290
 30
0.0
 10
171.265740
 20
130.439938
 30
0.0
 10
171.106880
 20
130.439938
 30
0.0
  0
LWPOLYLINE
  5
3a2
100
AcDbEntity
  8
0
 62
7
100
AcDbPolyline
 90
1
 70
1
 10
170.631940
 20
130.061281
 30
0.0
  0
LWPOLYLINE
  5
3a3
100
AcDbEntity
  8
0
 62
7
100
AcDbPolyline
 90
3
 70
0
 10
172.501300
 20
130.497600
 30
0.0
 10
172.977400
 20
130.497600
 30
0.0
 10
172.977400
 20
129.497600
 30
0.0
  0
LWPOLYLINE
  5
3a4
100
AcDbEntity
  8
0
 62
7
100
AcDbPolyline
 90
2
 70
0
 10
172.167900
 20
129.973800
 30
0.0
 10
171.834600
 20
129.973800
 30
0.0
  0
LWPOLYLINE
  5
3a5
100
AcDbEntity
  8
0
 62
7
100
AcDbPolyline
 90
4
 70
0
 10
171.691700
 20
130.497600
 30
0.0
 10
172.167900
 20
130.497600
 30
0.0
 10
172.167900
 20
129.497600
 30
0.0
 10
171.691700
 20
129.497600
 30
0.0
  0
LWPOLYLINE
  5
3a6
100
AcDbEntity
  8
0
 62
7
100
AcDbPolyline
 90
12
 70
1
 10
171.263200
 20
130.497600
 30
0.0
 10
171.263200
 20
129.497600
 30
0.0
 10
171.025100
 20
129.497600
 30
0.0
 10
170.882200
 20
129.545200
 30
0.0
 10
170.787000
 20
129.640500
 30
0.0
 10
170.739400
 20
129.735700
 30
0.0
 10
170.691700
 20
129.926200
 30
0.0
 10
170.691700
 20
130.069000
 30
0.0
 10
170.739400
 20
130.259500
 30
0.0
 10
170.787000
 20
130.354800
 30
0.0
 10
170.882200
 20
130.450000
 30
0.0
 10
171.025100
 20
130.497600
 30
0.0
  0
LWPOLYLINE
  5
3a7
100
AcDbEntity
  8
0
 62
7
100
AcDbPolyline
 90
6
 70
1
 10
173.181890
 20
96.542600
 30
0.0
 10
173.181890
 20
95.590630
 30
0.0
 10
173.034490
 20
95.590630
 30
0.0
 10
173.034490
 20
96.435940
 30
0.0
 10
172.523520
 20
96.435940
 30
0.0
 10
172.523520
 20
96.542600
 30
0.0
  0
SPLINE
  5
3a8
100
AcDbEntity
  8
0
 62
7
100
AcDbSpline
 70
8
 71
3
 72
8
 73
4
 74
0
 40
0
 40
0
 40
0
 40
0
 40
1
 40
1
 40
1
 40
1
 10
170.476350
 20
96.057280
 30
0.0
 10
170.476350
 20
96.218167
 30
0.0
 10
170.530397
 20
96.339497
 30
0.0
 10
170.638490
 20
96.421270
 30
0.0
  0
SPLINE
  5
3a9
100
AcDbEntity
  8
0
 62
7
100
AcDbSpline
 70
8
 71
3
 72
8
 73
4
 74
0
 40
0
 40
0
 40
0
 40
0
 40
1
 40
1
 40
1
 40
1
 10
170.638490
 20
96.421270
 30
0.0
 10
170.745490
 20
96.502157
 30
0.0
 10
170.895070
 20
96.542600
 30
0.0
 10
171.087230
 20
96.542600
 30
0.0
  0
LWPOLYLINE
  5
3aa
100
AcDbEntity
  8
0
 62
7
100
AcDbPolyline
 90
12
 70
1
 10
171.670260
 20
96.542600
 30
0.0
 10
172.323720
 20
96.542600
 30
0.0
 10
172.323720
 20
95.590630
 30
0.0
 10
171.670260
 20
95.590630
 30
0.0
 10
171.670260
 20
95.695960
 30
0.0
 10
172.176320
 20
95.695960
 30
0.0
 10
172.176320
 20
95.993280
 30
0.0
 10
171.699740
 20
95.993280
 30
0.0
 10
171.699740
 20
96.097280
 30
0.0
 10
172.176320
 20
96.097280
 30
0.0
 10
172.176320
 20
96.437270
 30
0.0
 10
171.670260
 20
96.437270
 30
0.0
  0
SPLINE
  5
3ab
100
AcDbEntity
  8
0
 62
7
100
AcDbSpline
 70
8
 71
3
 72
8
 73
4
 74
0
 40
0
 40
0
 40
0
 40
0
 40
1
 40
1
 40
1
 40
1
 10
171.052840
 20
95.590630
 30
0.0
 10
170.934920
 20
95.590630
 30
0.0
 10
170.832833
 20
95.608397
 30
0.0
 10
170.746580
 20
95.643930
 30
0.0
  0
SPLINE
  5
3ac
100
AcDbEntity
  8
0
 62
7
100
AcDbSpline
 70
8
 71
3
 72
8
 73
4
 74
0
 40
0
 40
0
 40
0
 40
0
 40
1
 40
1
 40
1
 40
1
 10
170.746580
 20
95.643930
 30
0.0
 10
170.660327
 20
95.679463
 30
0.0
 10
170.593727
 20
95.731907
 30
0.0
 10
170.546780
 20
95.801260
 30
0.0
  0
SPLINE
  5
3ad
100
AcDbEntity
  8
0
 62
7
100
AcDbSpline
 70
8
 71
3
 72
8
 73
4
 74
0
 40
0
 40
0
 40
0
 40
0
 40
1
 40
1
 40
1
 40
1
 10
170.546780
 20
95.801260
 30
0.0
 10
170.499847
 20
95.869700
 30
0.0
 10
170.476380
 20
95.955030
 30
0.0
 10
170.476380
 20
96.057250
 30
0.0
  0
LWPOLYLINE
  5
3ae
100
AcDbEntity
  8
0
 62
7
100
AcDbPolyline
 90
4
 70
0
 10
171.087230
 20
96.542600
 30
0.0
 10
171.413140
 20
96.542600
 30
0.0
 10
171.413140
 20
95.590630
 30
0.0
 10
171.052840
 20
95.590630
 30
0.0
  0
SPLINE
  5
3af
100
AcDbEntity
  8
0
 62
7
100
AcDbSpline
 70
8
 71
3
 72
8
 73
4
 74
0
 40
0
 40
0
 40
0
 40
0
 40
1
 40
1
 40
1
 40
1
 10
170.631940
 20
96.061280
 30
0.0
 10
170.631940
 20
95.934173
 30
0.0
 10
170.670700
 20
95.841287
 30
0.0
 10
170.748220
 20
95.782620
 30
0.0
  0
SPLINE
  5
3b0
100
AcDbEntity
  8
0
 62
7
100
AcDbSpline
 70
8
 71
3
 72
8
 73
4
 74
0
 40
0
 40
0
 40
0
 40
0
 40
1
 40
1
 40
1
 40
1
 10
170.748220
 20
95.782620
 30
0.0
 10
170.824647
 20
95.723087
 30
0.0
 10
170.933283
 20
95.693320
 30
0.0
 10
171.074130
 20
95.693320
 30
0.0
  0
LWPOLYLINE
  5
3b1
100
AcDbEntity
  8
0
 62
7
100
AcDbPolyline
 90
1
 70
1
 10
170.476380
 20
96.057250
 30
0.0
  0
SPLINE
  5
3b2
100
AcDbEntity
  8
0
 62
7
100
AcDbSpline
 70
8
 71
3
 72
8
 73
4
 74
0
 40
0
 40
0
 40
0
 40
0
 40
1
 40
1
 40
1
 40
1
 10
171.106880
 20
96.439970
 30
0.0
 10
170.790253
 20
96.439970
 30
0.0
 10
170.631940
 20
96.313750
 30
0.0
 10
170.631940
 20
96.061310
 30
0.0
  0
LWPOLYLINE
  5
3b3
100
AcDbEntity
  8
0
 62
7
100
AcDbPolyline
 90
4
 70
0
 10
171.074130
 20
95.693320
 30
0.0
 10
171.265740
 20
95.693320
 30
0.0
 10
171.265740
 20
96.439970
 30
0.0
 10
171.106880
 20
96.439970
 30
0.0
  0
LWPOLYLINE
  5
3b4
100
AcDbEntity
  8
0
 62
7
100
AcDbPolyline
 90
1
 70
1
 10
170.631940
 20
96.061310
 30
0.0
  0
LWPOLYLINE
  5
3b5
100
AcDbEntity
  8
0
 62
7
100
AcDbPolyline
 90
3
 70
0
 10
172.501300
 20
96.497600
 30
0.0
 10
172.977400
 20
96.497600
 30
0.0
 10
172.977400
 20
95.497600
 30
0.0
  0
LWPOLYLINE
  5
3b6
100
AcDbEntity
  8
0
 62
7
100
AcDbPolyline
 90
2
 70
0
 10
172.167900
 20
95.973800
 30
0.0
 10
171.834600
 20
95.973800
 30
0.0
  0
LWPOLYLINE
  5
3b7
100
AcDbEntity
  8
0
 62
7
100
AcDbPolyline
 90
4
 70
0
 10
171.691700
 20
96.497600
 30
0.0
 10
172.167900
 20
96.497600
 30
0.0
 10
172.167900
 20
95.497600
 30
0.0
 10
171.691700
 20
95.497600
 30
0.0
  0
LWPOLYLINE
  5
3b8
100
AcDbEntity
  8
0
 62
7
100
AcDbPolyline
 90
12
 70
1
 10
171.263200
 20
96.497600
 30
0.0
 10
171.263200
 20
95.497600
 30
0.0
 10
171.025100
 20
95.497600
 30
0.0
 10
170.882200
 20
95.545200
 30
0.0
 10
170.787000
 20
95.640500
 30
0.0
 10
170.739400
 20
95.735700
 30
0.0
 10
170.691700
 20
95.926200
 30
0.0
 10
170.691700
 20
96.069000
 30
0.0
 10
170.739400
 20
96.259500
 30
0.0
 10
170.787000
 20
96.354800
 30
0.0
 10
170.882200
 20
96.450000
 30
0.0
 10
171.025100
 20
96.497600
 30
0.0
  0
LWPOLYLINE
  5
3b9
100
AcDbEntity
  8
0
 62
7
100
AcDbPolyline
 90
6
 70
1
 10
106.037890
 20
113.542601
 30
0.0
 10
106.037890
 20
112.590625
 30
0.0
 10
105.890490
 20
112.590625
 30
0.0
 10
105.890490
 20
113.435937
 30
0.0
 10
105.379520
 20
113.435937
 30
0.0
 10
105.379520
 20
113.542601
 30
0.0
  0
SPLINE
  5
3ba
100
AcDbEntity
  8
0
 62
7
100
AcDbSpline
 70
8
 71
3
 72
8
 73
4
 74
0
 40
0
 40
0
 40
0
 40
0
 40
1
 40
1
 40
1
 40
1
 10
103.332350
 20
113.057280
 30
0.0
 10
103.332350
 20
113.218165
 30
0.0
 10
103.386397
 20
113.339495
 30
0.0
 10
103.494490
 20
113.421271
 30
0.0
  0
SPLINE
  5
3bb
100
AcDbEntity
  8
0
 62
7
100
AcDbSpline
 70
8
 71
3
 72
8
 73
4
 74
0
 40
0
 40
0
 40
0
 40
0
 40
1
 40
1
 40
1
 40
1
 10
103.494490
 20
113.421271
 30
0.0
 10
103.601483
 20
113.502158
 30
0.0
 10
103.751063
 20
113.542601
 30
0.0
 10
103.943230
 20
113.542601
 30
0.0
  0
LWPOLYLINE
  5
3bc
100
AcDbEntity
  8
0
 62
7
100
AcDbPolyline
 90
12
 70
1
 10
104.526260
 20
113.542601
 30
0.0
 10
105.179710
 20
113.542601
 30
0.0
 10
105.179710
 20
112.590625
 30
0.0
 10
104.526260
 20
112.590625
 30
0.0
 10
104.526260
 20
112.695956
 30
0.0
 10
105.032320
 20
112.695956
 30
0.0
 10
105.032320
 20
112.993282
 30
0.0
 10
104.555740
 20
112.993282
 30
0.0
 10
104.555740
 20
113.097279
 30
0.0
 10
105.032320
 20
113.097279
 30
0.0
 10
105.032320
 20
113.437271
 30
0.0
 10
104.526260
 20
113.437271
 30
0.0
  0
SPLINE
  5
3bd
100
AcDbEntity
  8
0
 62
7
100
AcDbSpline
 70
8
 71
3
 72
8
 73
4
 74
0
 40
0
 40
0
 40
0
 40
0
 40
1
 40
1
 40
1
 40
1
 10
103.908830
 20
112.590625
 30
0.0
 10
103.790917
 20
112.590625
 30
0.0
 10
103.688833
 20
112.608402
 30
0.0
 10
103.602580
 20
112.643955
 30
0.0
  0
SPLINE
  5
3be
100
AcDbEntity
  8
0
 62
7
100
AcDbSpline
 70
8
 71
3
 72
8
 73
4
 74
0
 40
0
 40
0
 40
0
 40
0
 40
1
 40
1
 40
1
 40
1
 10
103.602580
 20
112.643955
 30
0.0
 10
103.516327
 20
112.679508
 30
0.0
 10
103.449723
 20
112.731951
 30
0.0
 10
103.402770
 20
112.801284
 30
0.0
  0
SPLINE
  5
3bf
100
AcDbEntity
  8
0
 62
7
100
AcDbSpline
 70
8
 71
3
 72
8
 73
4
 74
0
 40
0
 40
0
 40
0
 40
0
 40
1
 40
1
 40
1
 40
1
 10
103.402770
 20
112.801284
 30
0.0
 10
103.355837
 20
112.869727
 30
0.0
 10
103.332370
 20
112.955059
 30
0.0
 10
103.332370
 20
113.057278
 30
0.0
  0
LWPOLYLINE
  5
3c0
100
AcDbEntity
  8
0
 62
7
100
AcDbPolyline
 90
4
 70
0
 10
103.943230
 20
113.542601
 30
0.0
 10
104.269130
 20
113.542601
 30
0.0
 10
104.269130
 20
112.590625
 30
0.0
 10
103.908830
 20
112.590625
 30
0.0
  0
SPLINE
  5
3c1
100
AcDbEntity
  8
0
 62
7
100
AcDbSpline
 70
8
 71
3
 72
8
 73
4
 74
0
 40
0
 40
0
 40
0
 40
0
 40
1
 40
1
 40
1
 40
1
 10
103.487930
 20
113.061280
 30
0.0
 10
103.487930
 20
112.934172
 30
0.0
 10
103.526690
 20
112.841285
 30
0.0
 10
103.604210
 20
112.782620
 30
0.0
  0
SPLINE
  5
3c2
100
AcDbEntity
  8
0
 62
7
100
AcDbSpline
 70
8
 71
3
 72
8
 73
4
 74
0
 40
0
 40
0
 40
0
 40
0
 40
1
 40
1
 40
1
 40
1
 10
103.604210
 20
112.782620
 30
0.0
 10
103.680643
 20
112.723067
 30
0.0
 10
103.789280
 20
112.693290
 30
0.0
 10
103.930120
 20
112.693290
 30
0.0
  0
LWPOLYLINE
  5
3c3
100
AcDbEntity
  8
0
 62
7
100
AcDbPolyline
 90
1
 70
1
 10
103.332370
 20
113.057278
 30
0.0
  0
SPLINE
  5
3c4
100
AcDbEntity
  8
0
 62
7
100
AcDbSpline
 70
8
 71
3
 72
8
 73
4
 74
0
 40
0
 40
0
 40
0
 40
0
 40
1
 40
1
 40
1
 40
1
 10
103.962880
 20
113.439938
 30
0.0
 10
103.646247
 20
113.439938
 30
0.0
 10
103.487930
 20
113.313719
 30
0.0
 10
103.487930
 20
113.061281
 30
0.0
  0
LWPOLYLINE
  5
3c5
100
AcDbEntity
  8
0
 62
7
100
AcDbPolyline
 90
4
 70
0
 10
103.930120
 20
112.693290
 30
0.0
 10
104.121740
 20
112.693290
 30
0.0
 10
104.121740
 20
113.439938
 30
0.0
 10
103.962880
 20
113.439938
 30
0.0
  0
LWPOLYLINE
  5
3c6
100
AcDbEntity
  8
0
 62
7
100
AcDbPolyline
 90
1
 70
1
 10
103.487930
 20
113.061281
 30
0.0
  0
LWPOLYLINE
  5
3c7
100
AcDbEntity
  8
0
 62
7
100
AcDbPolyline
 90
3
 70
0
 10
105.357300
 20
113.497600
 30
0.0
 10
105.833400
 20
113.497600
 30
0.0
 10
105.833400
 20
112.497600
 30
0.0
  0
LWPOLYLINE
  5
3c8
100
AcDbEntity
  8
0
 62
7
100
AcDbPolyline
 90
2
 70
0
 10
105.023900
 20
112.973800
 30
0.0
 10
104.690600
 20
112.973800
 30
0.0
  0
LWPOLYLINE
  5
3c9
100
AcDbEntity
  8
0
 62
7
100
AcDbPolyline
 90
4
 70
0
 10
104.547700
 20
113.497600
 30
0.0
 10
105.023900
 20
113.497600
 30
0.0
 10
105.023900
 20
112.497600
 30
0.0
 10
104.547700
 20
112.497600
 30
0.0
  0
LWPOLYLINE
  5
3ca
100
AcDbEntity
  8
0
 62
7
100
AcDbPolyline
 90
12
 70
1
 10
104.119200
 20
113.497600
 30
0.0
 10
104.119200
 20
112.497600
 30
0.0
 10
103.881100
 20
112.497600
 30
0.0
 10
103.738200
 20
112.545200
 30
0.0
 10
103.643000
 20
112.640500
 30
0.0
 10
103.595400
 20
112.735700
 30
0.0
 10
103.547700
 20
112.926200
 30
0.0
 10
103.547700
 20
113.069000
 30
0.0
 10
103.595400
 20
113.259500
 30
0.0
 10
103.643000
 20
113.354800
 30
0.0
 10
103.738200
 20
113.450000
 30
0.0
 10
103.881100
 20
113.497600
 30
0.0
  0
LWPOLYLINE
  5
3cb
100
AcDbEntity
  8
0
 62
7
100
AcDbPolyline
 90
6
 70
1
 10
227.181890
 20
119.697602
 30
0.0
 10
227.181890
 20
118.745626
 30
0.0
 10
227.034490
 20
118.745626
 30
0.0
 10
227.034490
 20
119.590938
 30
0.0
 10
226.523520
 20
119.590938
 30
0.0
 10
226.523520
 20
119.697602
 30
0.0
  0
SPLINE
  5
3cc
100
AcDbEntity
  8
0
 62
7
100
AcDbSpline
 70
8
 71
3
 72
8
 73
4
 74
0
 40
0
 40
0
 40
0
 40
0
 40
1
 40
1
 40
1
 40
1
 10
224.476350
 20
119.212281
 30
0.0
 10
224.476350
 20
119.373166
 30
0.0
 10
224.530397
 20
119.494497
 30
0.0
 10
224.638490
 20
119.576272
 30
0.0
  0
SPLINE
  5
3cd
100
AcDbEntity
  8
0
 62
7
100
AcDbSpline
 70
8
 71
3
 72
8
 73
4
 74
0
 40
0
 40
0
 40
0
 40
0
 40
1
 40
1
 40
1
 40
1
 10
224.638490
 20
119.576272
 30
0.0
 10
224.745490
 20
119.657159
 30
0.0
 10
224.895070
 20
119.697602
 30
0.0
 10
225.087230
 20
119.697602
 30
0.0
  0
LWPOLYLINE
  5
3ce
100
AcDbEntity
  8
0
 62
7
100
AcDbPolyline
 90
12
 70
1
 10
225.670260
 20
119.697602
 30
0.0
 10
226.323720
 20
119.697602
 30
0.0
 10
226.323720
 20
118.745626
 30
0.0
 10
225.670260
 20
118.745626
 30
0.0
 10
225.670260
 20
118.850957
 30
0.0
 10
226.176320
 20
118.850957
 30
0.0
 10
226.176320
 20
119.148283
 30
0.0
 10
225.699740
 20
119.148283
 30
0.0
 10
225.699740
 20
119.252280
 30
0.0
 10
226.176320
 20
119.252280
 30
0.0
 10
226.176320
 20
119.592272
 30
0.0
 10
225.670260
 20
119.592272
 30
0.0
  0
SPLINE
  5
3cf
100
AcDbEntity
  8
0
 62
7
100
AcDbSpline
 70
8
 71
3
 72
8
 73
4
 74
0
 40
0
 40
0
 40
0
 40
0
 40
1
 40
1
 40
1
 40
1
 10
225.052840
 20
118.745626
 30
0.0
 10
224.934920
 20
118.745626
 30
0.0
 10
224.832833
 20
118.763403
 30
0.0
 10
224.746580
 20
118.798956
 30
0.0
  0
SPLINE
  5
3d0
100
AcDbEntity
  8
0
 62
7
100
AcDbSpline
 70
8
 71
3
 72
8
 73
4
 74
0
 40
0
 40
0
 40
0
 40
0
 40
1
 40
1
 40
1
 40
1
 10
224.746580
 20
118.798956
 30
0.0
 10
224.660327
 20
118.834509
 30
0.0
 10
224.593727
 20
118.886953
 30
0.0
 10
224.546780
 20
118.956286
 30
0.0
  0
SPLINE
  5
3d1
100
AcDbEntity
  8
0
 62
7
100
AcDbSpline
 70
8
 71
3
 72
8
 73
4
 74
0
 40
0
 40
0
 40
0
 40
0
 40
1
 40
1
 40
1
 40
1
 10
224.546780
 20
118.956286
 30
0.0
 10
224.499847
 20
119.024729
 30
0.0
 10
224.476380
 20
119.110060
 30
0.0
 10
224.476380
 20
119.212279
 30
0.0
  0
LWPOLYLINE
  5
3d2
100
AcDbEntity
  8
0
 62
7
100
AcDbPolyline
 90
4
 70
0
 10
225.087230
 20
119.697602
 30
0.0
 10
225.413140
 20
119.697602
 30
0.0
 10
225.413140
 20
118.745626
 30
0.0
 10
225.052840
 20
118.745626
 30
0.0
  0
SPLINE
  5
3d3
100
AcDbEntity
  8
0
 62
7
100
AcDbSpline
 70
8
 71
3
 72
8
 73
4
 74
0
 40
0
 40
0
 40
0
 40
0
 40
1
 40
1
 40
1
 40
1
 10
224.631940
 20
119.216281
 30
0.0
 10
224.631940
 20
119.089173
 30
0.0
 10
224.670700
 20
118.996287
 30
0.0
 10
224.748220
 20
118.937622
 30
0.0
  0
SPLINE
  5
3d4
100
AcDbEntity
  8
0
 62
7
100
AcDbSpline
 70
8
 71
3
 72
8
 73
4
 74
0
 40
0
 40
0
 40
0
 40
0
 40
1
 40
1
 40
1
 40
1
 10
224.748220
 20
118.937622
 30
0.0
 10
224.824647
 20
118.878069
 30
0.0
 10
224.933283
 20
118.848292
 30
0.0
 10
225.074130
 20
118.848292
 30
0.0
  0
LWPOLYLINE
  5
3d5
100
AcDbEntity
  8
0
 62
7
100
AcDbPolyline
 90
1
 70
1
 10
224.476380
 20
119.212279
 30
0.0
  0
SPLINE
  5
3d6
100
AcDbEntity
  8
0
 62
7
100
AcDbSpline
 70
8
 71
3
 72
8
 73
4
 74
0
 40
0
 40
0
 40
0
 40
0
 40
1
 40
1
 40
1
 40
1
 10
225.106880
 20
119.594940
 30
0.0
 10
224.790253
 20
119.594940
 30
0.0
 10
224.631940
 20
119.468721
 30
0.0
 10
224.631940
 20
119.216283
 30
0.0
  0
LWPOLYLINE
  5
3d7
100
AcDbEntity
  8
0
 62
7
100
AcDbPolyline
 90
4
 70
0
 10
225.074130
 20
118.848292
 30
0.0
 10
225.265740
 20
118.848292
 30
0.0
 10
225.265740
 20
119.594940
 30
0.0
 10
225.106880
 20
119.594940
 30
0.0
  0
LWPOLYLINE
  5
3d8
100
AcDbEntity
  8
0
 62
7
100
AcDbPolyline
 90
1
 70
1
 10
224.631940
 20
119.216283
 30
0.0
  0
LWPOLYLINE
  5
3d9
100
AcDbEntity
  8
0
 62
7
100
AcDbPolyline
 90
3
 70
0
 10
226.501300
 20
119.652600
 30
0.0
 10
226.977400
 20
119.652600
 30
0.0
 10
226.977400
 20
118.652600
 30
0.0
  0
LWPOLYLINE
  5
3da
100
AcDbEntity
  8
0
 62
7
100
AcDbPolyline
 90
2
 70
0
 10
226.167900
 20
119.128800
 30
0.0
 10
225.834600
 20
119.128800
 30
0.0
  0
LWPOLYLINE
  5
3db
100
AcDbEntity
  8
0
 62
7
100
AcDbPolyline
 90
4
 70
0
 10
225.691700
 20
119.652600
 30
0.0
 10
226.167900
 20
119.652600
 30
0.0
 10
226.167900
 20
118.652600
 30
0.0
 10
225.691700
 20
118.652600
 30
0.0
  0
LWPOLYLINE
  5
3dc
100
AcDbEntity
  8
0
 62
7
100
AcDbPolyline
 90
12
 70
1
 10
225.263200
 20
119.652600
 30
0.0
 10
225.263200
 20
118.652600
 30
0.0
 10
225.025100
 20
118.652600
 30
0.0
 10
224.882200
 20
118.700200
 30
0.0
 10
224.787000
 20
118.795500
 30
0.0
 10
224.739400
 20
118.890700
 30
0.0
 10
224.691700
 20
119.081200
 30
0.0
 10
224.691700
 20
119.224000
 30
0.0
 10
224.739400
 20
119.414500
 30
0.0
 10
224.787000
 20
119.509800
 30
0.0
 10
224.882200
 20
119.605000
 30
0.0
 10
225.025100
 20
119.652600
 30
0.0
  0
LWPOLYLINE
  5
3dd
100
AcDbEntity
  8
0
 62
7
100
AcDbPolyline
 90
6
 70
1
 10
70.037888
 20
128.197602
 30
0.0
 10
70.037888
 20
127.245626
 30
0.0
 10
69.890492
 20
127.245626
 30
0.0
 10
69.890492
 20
128.090938
 30
0.0
 10
69.379519
 20
128.090938
 30
0.0
 10
69.379519
 20
128.197602
 30
0.0
  0
SPLINE
  5
3de
100
AcDbEntity
  8
0
 62
7
100
AcDbSpline
 70
8
 71
3
 72
8
 73
4
 74
0
 40
0
 40
0
 40
0
 40
0
 40
1
 40
1
 40
1
 40
1
 10
67.332350
 20
127.712281
 30
0.0
 10
67.332350
 20
127.873166
 30
0.0
 10
67.386395
 20
127.994497
 30
0.0
 10
67.494486
 20
128.076272
 30
0.0
  0
SPLINE
  5
3df
100
AcDbEntity
  8
0
 62
7
100
AcDbSpline
 70
8
 71
3
 72
8
 73
4
 74
0
 40
0
 40
0
 40
0
 40
0
 40
1
 40
1
 40
1
 40
1
 10
67.494486
 20
128.076272
 30
0.0
 10
67.601485
 20
128.157159
 30
0.0
 10
67.751064
 20
128.197602
 30
0.0
 10
67.943225
 20
128.197602
 30
0.0
  0
LWPOLYLINE
  5
3e0
100
AcDbEntity
  8
0
 62
7
100
AcDbPolyline
 90
12
 70
1
 10
68.526259
 20
128.197602
 30
0.0
 10
69.179715
 20
128.197602
 30
0.0
 10
69.179715
 20
127.245626
 30
0.0
 10
68.526259
 20
127.245626
 30
0.0
 10
68.526259
 20
127.350957
 30
0.0
 10
69.032319
 20
127.350957
 30
0.0
 10
69.032319
 20
127.648283
 30
0.0
 10
68.555738
 20
127.648283
 30
0.0
 10
68.555738
 20
127.752280
 30
0.0
 10
69.032319
 20
127.752280
 30
0.0
 10
69.032319
 20
128.092272
 30
0.0
 10
68.526259
 20
128.092272
 30
0.0
  0
SPLINE
  5
3e1
100
AcDbEntity
  8
0
 62
7
100
AcDbSpline
 70
8
 71
3
 72
8
 73
4
 74
0
 40
0
 40
0
 40
0
 40
0
 40
1
 40
1
 40
1
 40
1
 10
67.908833
 20
127.245626
 30
0.0
 10
67.790916
 20
127.245626
 30
0.0
 10
67.688830
 20
127.263403
 30
0.0
 10
67.602576
 20
127.298956
 30
0.0
  0
SPLINE
  5
3e2
100
AcDbEntity
  8
0
 62
7
100
AcDbSpline
 70
8
 71
3
 72
8
 73
4
 74
0
 40
0
 40
0
 40
0
 40
0
 40
1
 40
1
 40
1
 40
1
 10
67.602576
 20
127.298956
 30
0.0
 10
67.516322
 20
127.334509
 30
0.0
 10
67.449721
 20
127.386953
 30
0.0
 10
67.402773
 20
127.456286
 30
0.0
  0
SPLINE
  5
3e3
100
AcDbEntity
  8
0
 62
7
100
AcDbSpline
 70
8
 71
3
 72
8
 73
4
 74
0
 40
0
 40
0
 40
0
 40
0
 40
1
 40
1
 40
1
 40
1
 10
67.402773
 20
127.456286
 30
0.0
 10
67.355826
 20
127.524729
 30
0.0
 10
67.332353
 20
127.610060
 30
0.0
 10
67.332353
 20
127.712279
 30
0.0
  0
LWPOLYLINE
  5
3e4
100
AcDbEntity
  8
0
 62
7
100
AcDbPolyline
 90
4
 70
0
 10
67.943225
 20
128.197602
 30
0.0
 10
68.269135
 20
128.197602
 30
0.0
 10
68.269135
 20
127.245626
 30
0.0
 10
67.908833
 20
127.245626
 30
0.0
  0
SPLINE
  5
3e5
100
AcDbEntity
  8
0
 62
7
100
AcDbSpline
 70
8
 71
3
 72
8
 73
4
 74
0
 40
0
 40
0
 40
0
 40
0
 40
1
 40
1
 40
1
 40
1
 10
67.487935
 20
127.716281
 30
0.0
 10
67.487935
 20
127.589173
 30
0.0
 10
67.526695
 20
127.496287
 30
0.0
 10
67.604214
 20
127.437622
 30
0.0
  0
SPLINE
  5
3e6
100
AcDbEntity
  8
0
 62
7
100
AcDbSpline
 70
8
 71
3
 72
8
 73
4
 74
0
 40
0
 40
0
 40
0
 40
0
 40
1
 40
1
 40
1
 40
1
 10
67.604214
 20
127.437622
 30
0.0
 10
67.680642
 20
127.378069
 30
0.0
 10
67.789278
 20
127.348292
 30
0.0
 10
67.930123
 20
127.348292
 30
0.0
  0
LWPOLYLINE
  5
3e7
100
AcDbEntity
  8
0
 62
7
100
AcDbPolyline
 90
1
 70
1
 10
67.332353
 20
127.712279
 30
0.0
  0
SPLINE
  5
3e8
100
AcDbEntity
  8
0
 62
7
100
AcDbSpline
 70
8
 71
3
 72
8
 73
4
 74
0
 40
0
 40
0
 40
0
 40
0
 40
1
 40
1
 40
1
 40
1
 10
67.962878
 20
128.094940
 30
0.0
 10
67.646249
 20
128.094940
 30
0.0
 10
67.487935
 20
127.968721
 30
0.0
 10
67.487935
 20
127.716283
 30
0.0
  0
LWPOLYLINE
  5
3e9
100
AcDbEntity
  8
0
 62
7
100
AcDbPolyline
 90
4
 70
0
 10
67.930123
 20
127.348292
 30
0.0
 10
68.121738
 20
127.348292
 30
0.0
 10
68.121738
 20
128.094940
 30
0.0
 10
67.962878
 20
128.094940
 30
0.0
  0
LWPOLYLINE
  5
3ea
100
AcDbEntity
  8
0
 62
7
100
AcDbPolyline
 90
1
 70
1
 10
67.487935
 20
127.716283
 30
0.0
  0
LWPOLYLINE
  5
3eb
100
AcDbEntity
  8
0
 62
7
100
AcDbPolyline
 90
3
 70
0
 10
69.357300
 20
128.152600
 30
0.0
 10
69.833400
 20
128.152600
 30
0.0
 10
69.833400
 20
127.152600
 30
0.0
  0
LWPOLYLINE
  5
3ec
100
AcDbEntity
  8
0
 62
7
100
AcDbPolyline
 90
2
 70
0
 10
69.023900
 20
127.628800
 30
0.0
 10
68.690600
 20
127.628800
 30
0.0
  0
LWPOLYLINE
  5
3ed
100
AcDbEntity
  8
0
 62
7
100
AcDbPolyline
 90
4
 70
0
 10
68.547700
 20
128.152600
 30
0.0
 10
69.023900
 20
128.152600
 30
0.0
 10
69.023900
 20
127.152600
 30
0.0
 10
68.547700
 20
127.152600
 30
0.0
  0
LWPOLYLINE
  5
3ee
100
AcDbEntity
  8
0
 62
7
100
AcDbPolyline
 90
12
 70
1
 10
68.119200
 20
128.152600
 30
0.0
 10
68.119200
 20
127.152600
 30
0.0
 10
67.881100
 20
127.152600
 30
0.0
 10
67.738200
 20
127.200200
 30
0.0
 10
67.643000
 20
127.295500
 30
0.0
 10
67.595400
 20
127.390700
 30
0.0
 10
67.547700
 20
127.581200
 30
0.0
 10
67.547700
 20
127.724000
 30
0.0
 10
67.595400
 20
127.914500
 30
0.0
 10
67.643000
 20
128.009800
 30
0.0
 10
67.738200
 20
128.105000
 30
0.0
 10
67.881100
 20
128.152600
 30
0.0
  0
LWPOLYLINE
  5
3ef
100
AcDbEntity
  8
0
 62
7
100
AcDbPolyline
 90
6
 70
1
 10
209.181890
 20
145.197602
 30
0.0
 10
209.181890
 20
144.245626
 30
0.0
 10
209.034490
 20
144.245626
 30
0.0
 10
209.034490
 20
145.090938
 30
0.0
 10
208.523520
 20
145.090938
 30
0.0
 10
208.523520
 20
145.197602
 30
0.0
  0
SPLINE
  5
3f0
100
AcDbEntity
  8
0
 62
7
100
AcDbSpline
 70
8
 71
3
 72
8
 73
4
 74
0
 40
0
 40
0
 40
0
 40
0
 40
1
 40
1
 40
1
 40
1
 10
206.476350
 20
144.712281
 30
0.0
 10
206.476350
 20
144.873166
 30
0.0
 10
206.530397
 20
144.994497
 30
0.0
 10
206.638490
 20
145.076272
 30
0.0
  0
SPLINE
  5
3f1
100
AcDbEntity
  8
0
 62
7
100
AcDbSpline
 70
8
 71
3
 72
8
 73
4
 74
0
 40
0
 40
0
 40
0
 40
0
 40
1
 40
1
 40
1
 40
1
 10
206.638490
 20
145.076272
 30
0.0
 10
206.745490
 20
145.157159
 30
0.0
 10
206.895070
 20
145.197602
 30
0.0
 10
207.087230
 20
145.197602
 30
0.0
  0
LWPOLYLINE
  5
3f2
100
AcDbEntity
  8
0
 62
7
100
AcDbPolyline
 90
12
 70
1
 10
207.670260
 20
145.197602
 30
0.0
 10
208.323720
 20
145.197602
 30
0.0
 10
208.323720
 20
144.245626
 30
0.0
 10
207.670260
 20
144.245626
 30
0.0
 10
207.670260
 20
144.350957
 30
0.0
 10
208.176320
 20
144.350957
 30
0.0
 10
208.176320
 20
144.648283
 30
0.0
 10
207.699740
 20
144.648283
 30
0.0
 10
207.699740
 20
144.752280
 30
0.0
 10
208.176320
 20
144.752280
 30
0.0
 10
208.176320
 20
145.092272
 30
0.0
 10
207.670260
 20
145.092272
 30
0.0
  0
SPLINE
  5
3f3
100
AcDbEntity
  8
0
 62
7
100
AcDbSpline
 70
8
 71
3
 72
8
 73
4
 74
0
 40
0
 40
0
 40
0
 40
0
 40
1
 40
1
 40
1
 40
1
 10
207.052840
 20
144.245626
 30
0.0
 10
206.934920
 20
144.245626
 30
0.0
 10
206.832833
 20
144.263403
 30
0.0
 10
206.746580
 20
144.298956
 30
0.0
  0
SPLINE
  5
3f4
100
AcDbEntity
  8
0
 62
7
100
AcDbSpline
 70
8
 71
3
 72
8
 73
4
 74
0
 40
0
 40
0
 40
0
 40
0
 40
1
 40
1
 40
1
 40
1
 10
206.746580
 20
144.298956
 30
0.0
 10
206.660327
 20
144.334509
 30
0.0
 10
206.593727
 20
144.386953
 30
0.0
 10
206.546780
 20
144.456286
 30
0.0
  0
SPLINE
  5
3f5
100
AcDbEntity
  8
0
 62
7
100
AcDbSpline
 70
8
 71
3
 72
8
 73
4
 74
0
 40
0
 40
0
 40
0
 40
0
 40
1
 40
1
 40
1
 40
1
 10
206.546780
 20
144.456286
 30
0.0
 10
206.499847
 20
144.524729
 30
0.0
 10
206.476380
 20
144.610060
 30
0.0
 10
206.476380
 20
144.712279
 30
0.0
  0
LWPOLYLINE
  5
3f6
100
AcDbEntity
  8
0
 62
7
100
AcDbPolyline
 90
4
 70
0
 10
207.087230
 20
145.197602
 30
0.0
 10
207.413140
 20
145.197602
 30
0.0
 10
207.413140
 20
144.245626
 30
0.0
 10
207.052840
 20
144.245626
 30
0.0
  0
SPLINE
  5
3f7
100
AcDbEntity
  8
0
 62
7
100
AcDbSpline
 70
8
 71
3
 72
8
 73
4
 74
0
 40
0
 40
0
 40
0
 40
0
 40
1
 40
1
 40
1
 40
1
 10
206.631940
 20
144.716281
 30
0.0
 10
206.631940
 20
144.589173
 30
0.0
 10
206.670700
 20
144.496287
 30
0.0
 10
206.748220
 20
144.437622
 30
0.0
  0
SPLINE
  5
3f8
100
AcDbEntity
  8
0
 62
7
100
AcDbSpline
 70
8
 71
3
 72
8
 73
4
 74
0
 40
0
 40
0
 40
0
 40
0
 40
1
 40
1
 40
1
 40
1
 10
206.748220
 20
144.437622
 30
0.0
 10
206.824647
 20
144.378069
 30
0.0
 10
206.933283
 20
144.348292
 30
0.0
 10
207.074130
 20
144.348292
 30
0.0
  0
LWPOLYLINE
  5
3f9
100
AcDbEntity
  8
0
 62
7
100
AcDbPolyline
 90
1
 70
1
 10
206.476380
 20
144.712279
 30
0.0
  0
SPLINE
  5
3fa
100
AcDbEntity
  8
0
 62
7
100
AcDbSpline
 70
8
 71
3
 72
8
 73
4
 74
0
 40
0
 40
0
 40
0
 40
0
 40
1
 40
1
 40
1
 40
1
 10
207.106880
 20
145.094940
 30
0.0
 10
206.790253
 20
145.094940
 30
0.0
 10
206.631940
 20
144.968721
 30
0.0
 10
206.631940
 20
144.716283
 30
0.0
  0
LWPOLYLINE
  5
3fb
100
AcDbEntity
  8
0
 62
7
100
AcDbPolyline
 90
4
 70
0
 10
207.074130
 20
144.348292
 30
0.0
 10
207.265740
 20
144.348292
 30
0.0
 10
207.265740
 20
145.094940
 30
0.0
 10
207.106880
 20
145.094940
 30
0.0
  0
LWPOLYLINE
  5
3fc
100
AcDbEntity
  8
0
 62
7
100
AcDbPolyline
 90
1
 70
1
 10
206.631940
 20
144.716283
 30
0.0
  0
LWPOLYLINE
  5
3fd
100
AcDbEntity
  8
0
 62
7
100
AcDbPolyline
 90
3
 70
0
 10
208.501300
 20
145.152600
 30
0.0
 10
208.977400
 20
145.152600
 30
0.0
 10
208.977400
 20
144.152600
 30
0.0
  0
LWPOLYLINE
  5
3fe
100
AcDbEntity
  8
0
 62
7
100
AcDbPolyline
 90
2
 70
0
 10
208.167900
 20
144.628800
 30
0.0
 10
207.834600
 20
144.628800
 30
0.0
  0
LWPOLYLINE
  5
3ff
100
AcDbEntity
  8
0
 62
7
100
AcDbPolyline
 90
4
 70
0
 10
207.691700
 20
145.152600
 30
0.0
 10
208.167900
 20
145.152600
 30
0.0
 10
208.167900
 20
144.152600
 30
0.0
 10
207.691700
 20
144.152600
 30
0.0
  0
LWPOLYLINE
  5
400
100
AcDbEntity
  8
0
 62
7
100
AcDbPolyline
 90
12
 70
1
 10
207.263200
 20
145.152600
 30
0.0
 10
207.263200
 20
144.152600
 30
0.0
 10
207.025100
 20
144.152600
 30
0.0
 10
206.882200
 20
144.200200
 30
0.0
 10
206.787000
 20
144.295500
 30
0.0
 10
206.739400
 20
144.390700
 30
0.0
 10
206.691700
 20
144.581200
 30
0.0
 10
206.691700
 20
144.724000
 30
0.0
 10
206.739400
 20
144.914500
 30
0.0
 10
206.787000
 20
145.009800
 30
0.0
 10
206.882200
 20
145.105000
 30
0.0
 10
207.025100
 20
145.152600
 30
0.0
  0
LWPOLYLINE
  5
401
100
AcDbEntity
  8
0
 62
7
100
AcDbPolyline
 90
6
 70
1
 10
52.037888
 20
136.697602
 30
0.0
 10
52.037888
 20
135.745626
 30
0.0
 10
51.890492
 20
135.745626
 30
0.0
 10
51.890492
 20
136.590938
 30
0.0
 10
51.379519
 20
136.590938
 30
0.0
 10
51.379519
 20
136.697602
 30
0.0
  0
SPLINE
  5
402
100
AcDbEntity
  8
0
 62
7
100
AcDbSpline
 70
8
 71
3
 72
8
 73
4
 74
0
 40
0
 40
0
 40
0
 40
0
 40
1
 40
1
 40
1
 40
1
 10
49.332350
 20
136.212281
 30
0.0
 10
49.332350
 20
136.373166
 30
0.0
 10
49.386395
 20
136.494497
 30
0.0
 10
49.494486
 20
136.576272
 30
0.0
  0
SPLINE
  5
403
100
AcDbEntity
  8
0
 62
7
100
AcDbSpline
 70
8
 71
3
 72
8
 73
4
 74
0
 40
0
 40
0
 40
0
 40
0
 40
1
 40
1
 40
1
 40
1
 10
49.494486
 20
136.576272
 30
0.0
 10
49.601485
 20
136.657159
 30
0.0
 10
49.751064
 20
136.697602
 30
0.0
 10
49.943225
 20
136.697602
 30
0.0
  0
LWPOLYLINE
  5
404
100
AcDbEntity
  8
0
 62
7
100
AcDbPolyline
 90
12
 70
1
 10
50.526259
 20
136.697602
 30
0.0
 10
51.179715
 20
136.697602
 30
0.0
 10
51.179715
 20
135.745626
 30
0.0
 10
50.526259
 20
135.745626
 30
0.0
 10
50.526259
 20
135.850957
 30
0.0
 10
51.032319
 20
135.850957
 30
0.0
 10
51.032319
 20
136.148283
 30
0.0
 10
50.555738
 20
136.148283
 30
0.0
 10
50.555738
 20
136.252280
 30
0.0
 10
51.032319
 20
136.252280
 30
0.0
 10
51.032319
 20
136.592272
 30
0.0
 10
50.526259
 20
136.592272
 30
0.0
  0
SPLINE
  5
405
100
AcDbEntity
  8
0
 62
7
100
AcDbSpline
 70
8
 71
3
 72
8
 73
4
 74
0
 40
0
 40
0
 40
0
 40
0
 40
1
 40
1
 40
1
 40
1
 10
49.908833
 20
135.745626
 30
0.0
 10
49.790916
 20
135.745626
 30
0.0
 10
49.688830
 20
135.763403
 30
0.0
 10
49.602576
 20
135.798956
 30
0.0
  0
SPLINE
  5
406
100
AcDbEntity
  8
0
 62
7
100
AcDbSpline
 70
8
 71
3
 72
8
 73
4
 74
0
 40
0
 40
0
 40
0
 40
0
 40
1
 40
1
 40
1
 40
1
 10
49.602576
 20
135.798956
 30
0.0
 10
49.516322
 20
135.834509
 30
0.0
 10
49.449721
 20
135.886953
 30
0.0
 10
49.402773
 20
135.956286
 30
0.0
  0
SPLINE
  5
407
100
AcDbEntity
  8
0
 62
7
100
AcDbSpline
 70
8
 71
3
 72
8
 73
4
 74
0
 40
0
 40
0
 40
0
 40
0
 40
1
 40
1
 40
1
 40
1
 10
49.402773
 20
135.956286
 30
0.0
 10
49.355826
 20
136.024729
 30
0.0
 10
49.332353
 20
136.110060
 30
0.0
 10
49.332353
 20
136.212279
 30
0.0
  0
LWPOLYLINE
  5
408
100
AcDbEntity
  8
0
 62
7
100
AcDbPolyline
 90
4
 70
0
 10
49.943225
 20
136.697602
 30
0.0
 10
50.269135
 20
136.697602
 30
0.0
 10
50.269135
 20
135.745626
 30
0.0
 10
49.908833
 20
135.745626
 30
0.0
  0
SPLINE
  5
409
100
AcDbEntity
  8
0
 62
7
100
AcDbSpline
 70
8
 71
3
 72
8
 73
4
 74
0
 40
0
 40
0
 40
0
 40
0
 40
1
 40
1
 40
1
 40
1
 10
49.487935
 20
136.216281
 30
0.0
 10
49.487935
 20
136.089173
 30
0.0
 10
49.526695
 20
135.996287
 30
0.0
 10
49.604214
 20
135.937622
 30
0.0
  0
SPLINE
  5
40a
100
AcDbEntity
  8
0
 62
7
100
AcDbSpline
 70
8
 71
3
 72
8
 73
4
 74
0
 40
0
 40
0
 40
0
 40
0
 40
1
 40
1
 40
1
 40
1
 10
49.604214
 20
135.937622
 30
0.0
 10
49.680642
 20
135.878069
 30
0.0
 10
49.789278
 20
135.848292
 30
0.0
 10
49.930123
 20
135.848292
 30
0.0
  0
LWPOLYLINE
  5
40b
100
AcDbEntity
  8
0
 62
7
100
AcDbPolyline
 90
1
 70
1
 10
49.332353
 20
136.212279
 30
0.0
  0
SPLINE
  5
40c
100
AcDbEntity
  8
0
 62
7
100
AcDbSpline
 70
8
 71
3
 72
8
 73
4
 74
0
 40
0
 40
0
 40
0
 40
0
 40
1
 40
1
 40
1
 40
1
 10
49.962878
 20
136.594940
 30
0.0
 10
49.646249
 20
136.594940
 30
0.0
 10
49.487935
 20
136.468721
 30
0.0
 10
49.487935
 20
136.216283
 30
0.0
  0
LWPOLYLINE
  5
40d
100
AcDbEntity
  8
0
 62
7
100
AcDbPolyline
 90
4
 70
0
 10
49.930123
 20
135.848292
 30
0.0
 10
50.121738
 20
135.848292
 30
0.0
 10
50.121738
 20
136.594940
 30
0.0
 10
49.962878
 20
136.594940
 30
0.0
  0
LWPOLYLINE
  5
40e
100
AcDbEntity
  8
0
 62
7
100
AcDbPolyline
 90
1
 70
1
 10
49.487935
 20
136.216283
 30
0.0
  0
LWPOLYLINE
  5
40f
100
AcDbEntity
  8
0
 62
7
100
AcDbPolyline
 90
3
 70
0
 10
51.357300
 20
136.652600
 30
0.0
 10
51.833400
 20
136.652600
 30
0.0
 10
51.833400
 20
135.652600
 30
0.0
  0
LWPOLYLINE
  5
410
100
AcDbEntity
  8
0
 62
7
100
AcDbPolyline
 90
2
 70
0
 10
51.023900
 20
136.128800
 30
0.0
 10
50.690600
 20
136.128800
 30
0.0
  0
LWPOLYLINE
  5
411
100
AcDbEntity
  8
0
 62
7
100
AcDbPolyline
 90
4
 70
0
 10
50.547700
 20
136.652600
 30
0.0
 10
51.023900
 20
136.652600
 30
0.0
 10
51.023900
 20
135.652600
 30
0.0
 10
50.547700
 20
135.652600
 30
0.0
  0
LWPOLYLINE
  5
412
100
AcDbEntity
  8
0
 62
7
100
AcDbPolyline
 90
12
 70
1
 10
50.119200
 20
136.652600
 30
0.0
 10
50.119200
 20
135.652600
 30
0.0
 10
49.881100
 20
135.652600
 30
0.0
 10
49.738200
 20
135.700200
 30
0.0
 10
49.643000
 20
135.795500
 30
0.0
 10
49.595400
 20
135.890700
 30
0.0
 10
49.547700
 20
136.081200
 30
0.0
 10
49.547700
 20
136.224000
 30
0.0
 10
49.595400
 20
136.414500
 30
0.0
 10
49.643000
 20
136.509800
 30
0.0
 10
49.738200
 20
136.605000
 30
0.0
 10
49.881100
 20
136.652600
 30
0.0
  0
LWPOLYLINE
  5
413
100
AcDbEntity
  8
0
 62
7
100
AcDbPolyline
 90
6
 70
1
 10
34.037688
 20
106.697600
 30
0.0
 10
34.037688
 20
105.745630
 30
0.0
 10
33.890292
 20
105.745630
 30
0.0
 10
33.890292
 20
106.590940
 30
0.0
 10
33.379319
 20
106.590940
 30
0.0
 10
33.379319
 20
106.697600
 30
0.0
  0
SPLINE
  5
414
100
AcDbEntity
  8
0
 62
7
100
AcDbSpline
 70
8
 71
3
 72
8
 73
4
 74
0
 40
0
 40
0
 40
0
 40
0
 40
1
 40
1
 40
1
 40
1
 10
31.332150
 20
106.212280
 30
0.0
 10
31.332150
 20
106.373167
 30
0.0
 10
31.386195
 20
106.494497
 30
0.0
 10
31.494286
 20
106.576270
 30
0.0
  0
SPLINE
  5
415
100
AcDbEntity
  8
0
 62
7
100
AcDbSpline
 70
8
 71
3
 72
8
 73
4
 74
0
 40
0
 40
0
 40
0
 40
0
 40
1
 40
1
 40
1
 40
1
 10
31.494286
 20
106.576270
 30
0.0
 10
31.601285
 20
106.657157
 30
0.0
 10
31.750864
 20
106.697600
 30
0.0
 10
31.943025
 20
106.697600
 30
0.0
  0
LWPOLYLINE
  5
416
100
AcDbEntity
  8
0
 62
7
100
AcDbPolyline
 90
12
 70
1
 10
32.526059
 20
106.697600
 30
0.0
 10
33.179515
 20
106.697600
 30
0.0
 10
33.179515
 20
105.745630
 30
0.0
 10
32.526059
 20
105.745630
 30
0.0
 10
32.526059
 20
105.850960
 30
0.0
 10
33.032119
 20
105.850960
 30
0.0
 10
33.032119
 20
106.148280
 30
0.0
 10
32.555538
 20
106.148280
 30
0.0
 10
32.555538
 20
106.252280
 30
0.0
 10
33.032119
 20
106.252280
 30
0.0
 10
33.032119
 20
106.592270
 30
0.0
 10
32.526059
 20
106.592270
 30
0.0
  0
SPLINE
  5
417
100
AcDbEntity
  8
0
 62
7
100
AcDbSpline
 70
8
 71
3
 72
8
 73
4
 74
0
 40
0
 40
0
 40
0
 40
0
 40
1
 40
1
 40
1
 40
1
 10
31.908633
 20
105.745630
 30
0.0
 10
31.790716
 20
105.745630
 30
0.0
 10
31.688630
 20
105.763397
 30
0.0
 10
31.602376
 20
105.798930
 30
0.0
  0
SPLINE
  5
418
100
AcDbEntity
  8
0
 62
7
100
AcDbSpline
 70
8
 71
3
 72
8
 73
4
 74
0
 40
0
 40
0
 40
0
 40
0
 40
1
 40
1
 40
1
 40
1
 10
31.602376
 20
105.798930
 30
0.0
 10
31.516122
 20
105.834463
 30
0.0
 10
31.449521
 20
105.886907
 30
0.0
 10
31.402573
 20
105.956260
 30
0.0
  0
SPLINE
  5
419
100
AcDbEntity
  8
0
 62
7
100
AcDbSpline
 70
8
 71
3
 72
8
 73
4
 74
0
 40
0
 40
0
 40
0
 40
0
 40
1
 40
1
 40
1
 40
1
 10
31.402573
 20
105.956260
 30
0.0
 10
31.355626
 20
106.024700
 30
0.0
 10
31.332153
 20
106.110030
 30
0.0
 10
31.332153
 20
106.212250
 30
0.0
  0
LWPOLYLINE
  5
41a
100
AcDbEntity
  8
0
 62
7
100
AcDbPolyline
 90
4
 70
0
 10
31.943025
 20
106.697600
 30
0.0
 10
32.268935
 20
106.697600
 30
0.0
 10
32.268935
 20
105.745630
 30
0.0
 10
31.908633
 20
105.745630
 30
0.0
  0
SPLINE
  5
41b
100
AcDbEntity
  8
0
 62
7
100
AcDbSpline
 70
8
 71
3
 72
8
 73
4
 74
0
 40
0
 40
0
 40
0
 40
0
 40
1
 40
1
 40
1
 40
1
 10
31.487735
 20
106.216280
 30
0.0
 10
31.487735
 20
106.089173
 30
0.0
 10
31.526495
 20
105.996287
 30
0.0
 10
31.604014
 20
105.937620
 30
0.0
  0
SPLINE
  5
41c
100
AcDbEntity
  8
0
 62
7
100
AcDbSpline
 70
8
 71
3
 72
8
 73
4
 74
0
 40
0
 40
0
 40
0
 40
0
 40
1
 40
1
 40
1
 40
1
 10
31.604014
 20
105.937620
 30
0.0
 10
31.680442
 20
105.878087
 30
0.0
 10
31.789078
 20
105.848320
 30
0.0
 10
31.929923
 20
105.848320
 30
0.0
  0
LWPOLYLINE
  5
41d
100
AcDbEntity
  8
0
 62
7
100
AcDbPolyline
 90
1
 70
1
 10
31.332153
 20
106.212250
 30
0.0
  0
SPLINE
  5
41e
100
AcDbEntity
  8
0
 62
7
100
AcDbSpline
 70
8
 71
3
 72
8
 73
4
 74
0
 40
0
 40
0
 40
0
 40
0
 40
1
 40
1
 40
1
 40
1
 10
31.962678
 20
106.594970
 30
0.0
 10
31.646049
 20
106.594970
 30
0.0
 10
31.487735
 20
106.468750
 30
0.0
 10
31.487735
 20
106.216310
 30
0.0
  0
LWPOLYLINE
  5
41f
100
AcDbEntity
  8
0
 62
7
100
AcDbPolyline
 90
4
 70
0
 10
31.929923
 20
105.848320
 30
0.0
 10
32.121538
 20
105.848320
 30
0.0
 10
32.121538
 20
106.594970
 30
0.0
 10
31.962678
 20
106.594970
 30
0.0
  0
LWPOLYLINE
  5
420
100
AcDbEntity
  8
0
 62
7
100
AcDbPolyline
 90
1
 70
1
 10
31.487735
 20
106.216310
 30
0.0
  0
LWPOLYLINE
  5
421
100
AcDbEntity
  8
0
 62
7
100
AcDbPolyline
 90
3
 70
0
 10
33.357300
 20
106.652600
 30
0.0
 10
33.833400
 20
106.652600
 30
0.0
 10
33.833400
 20
105.652600
 30
0.0
  0
LWPOLYLINE
  5
422
100
AcDbEntity
  8
0
 62
7
100
AcDbPolyline
 90
2
 70
0
 10
33.023900
 20
106.128800
 30
0.0
 10
32.690600
 20
106.128800
 30
0.0
  0
LWPOLYLINE
  5
423
100
AcDbEntity
  8
0
 62
7
100
AcDbPolyline
 90
4
 70
0
 10
32.547700
 20
106.652600
 30
0.0
 10
33.023900
 20
106.652600
 30
0.0
 10
33.023900
 20
105.652600
 30
0.0
 10
32.547700
 20
105.652600
 30
0.0
  0
LWPOLYLINE
  5
424
100
AcDbEntity
  8
0
 62
7
100
AcDbPolyline
 90
12
 70
1
 10
32.119200
 20
106.652600
 30
0.0
 10
32.119200
 20
105.652600
 30
0.0
 10
31.881100
 20
105.652600
 30
0.0
 10
31.738200
 20
105.700200
 30
0.0
 10
31.643000
 20
105.795500
 30
0.0
 10
31.595400
 20
105.890700
 30
0.0
 10
31.547700
 20
106.081200
 30
0.0
 10
31.547700
 20
106.224000
 30
0.0
 10
31.595400
 20
106.414500
 30
0.0
 10
31.643000
 20
106.509800
 30
0.0
 10
31.738200
 20
106.605000
 30
0.0
 10
31.881100
 20
106.652600
 30
0.0
  0
LWPOLYLINE
  5
425
100
AcDbEntity
  8
0
 62
7
100
AcDbPolyline
 90
6
 70
1
 10
209.181890
 20
128.197602
 30
0.0
 10
209.181890
 20
127.245626
 30
0.0
 10
209.034490
 20
127.245626
 30
0.0
 10
209.034490
 20
128.090938
 30
0.0
 10
208.523520
 20
128.090938
 30
0.0
 10
208.523520
 20
128.197602
 30
0.0
  0
SPLINE
  5
426
100
AcDbEntity
  8
0
 62
7
100
AcDbSpline
 70
8
 71
3
 72
8
 73
4
 74
0
 40
0
 40
0
 40
0
 40
0
 40
1
 40
1
 40
1
 40
1
 10
206.476350
 20
127.712281
 30
0.0
 10
206.476350
 20
127.873166
 30
0.0
 10
206.530397
 20
127.994497
 30
0.0
 10
206.638490
 20
128.076272
 30
0.0
  0
SPLINE
  5
427
100
AcDbEntity
  8
0
 62
7
100
AcDbSpline
 70
8
 71
3
 72
8
 73
4
 74
0
 40
0
 40
0
 40
0
 40
0
 40
1
 40
1
 40
1
 40
1
 10
206.638490
 20
128.076272
 30
0.0
 10
206.745490
 20
128.157159
 30
0.0
 10
206.895070
 20
128.197602
 30
0.0
 10
207.087230
 20
128.197602
 30
0.0
  0
LWPOLYLINE
  5
428
100
AcDbEntity
  8
0
 62
7
100
AcDbPolyline
 90
12
 70
1
 10
207.670260
 20
128.197602
 30
0.0
 10
208.323720
 20
128.197602
 30
0.0
 10
208.323720
 20
127.245626
 30
0.0
 10
207.670260
 20
127.245626
 30
0.0
 10
207.670260
 20
127.350957
 30
0.0
 10
208.176320
 20
127.350957
 30
0.0
 10
208.176320
 20
127.648283
 30
0.0
 10
207.699740
 20
127.648283
 30
0.0
 10
207.699740
 20
127.752280
 30
0.0
 10
208.176320
 20
127.752280
 30
0.0
 10
208.176320
 20
128.092272
 30
0.0
 10
207.670260
 20
128.092272
 30
0.0
  0
SPLINE
  5
429
100
AcDbEntity
  8
0
 62
7
100
AcDbSpline
 70
8
 71
3
 72
8
 73
4
 74
0
 40
0
 40
0
 40
0
 40
0
 40
1
 40
1
 40
1
 40
1
 10
207.052840
 20
127.245626
 30
0.0
 10
206.934920
 20
127.245626
 30
0.0
 10
206.832833
 20
127.263403
 30
0.0
 10
206.746580
 20
127.298956
 30
0.0
  0
SPLINE
  5
42a
100
AcDbEntity
  8
0
 62
7
100
AcDbSpline
 70
8
 71
3
 72
8
 73
4
 74
0
 40
0
 40
0
 40
0
 40
0
 40
1
 40
1
 40
1
 40
1
 10
206.746580
 20
127.298956
 30
0.0
 10
206.660327
 20
127.334509
 30
0.0
 10
206.593727
 20
127.386953
 30
0.0
 10
206.546780
 20
127.456286
 30
0.0
  0
SPLINE
  5
42b
100
AcDbEntity
  8
0
 62
7
100
AcDbSpline
 70
8
 71
3
 72
8
 73
4
 74
0
 40
0
 40
0
 40
0
 40
0
 40
1
 40
1
 40
1
 40
1
 10
206.546780
 20
127.456286
 30
0.0
 10
206.499847
 20
127.524729
 30
0.0
 10
206.476380
 20
127.610060
 30
0.0
 10
206.476380
 20
127.712279
 30
0.0
  0
LWPOLYLINE
  5
42c
100
AcDbEntity
  8
0
 62
7
100
AcDbPolyline
 90
4
 70
0
 10
207.087230
 20
128.197602
 30
0.0
 10
207.413140
 20
128.197602
 30
0.0
 10
207.413140
 20
127.245626
 30
0.0
 10
207.052840
 20
127.245626
 30
0.0
  0
SPLINE
  5
42d
100
AcDbEntity
  8
0
 62
7
100
AcDbSpline
 70
8
 71
3
 72
8
 73
4
 74
0
 40
0
 40
0
 40
0
 40
0
 40
1
 40
1
 40
1
 40
1
 10
206.631940
 20
127.716281
 30
0.0
 10
206.631940
 20
127.589173
 30
0.0
 10
206.670700
 20
127.496287
 30
0.0
 10
206.748220
 20
127.437622
 30
0.0
  0
SPLINE
  5
42e
100
AcDbEntity
  8
0
 62
7
100
AcDbSpline
 70
8
 71
3
 72
8
 73
4
 74
0
 40
0
 40
0
 40
0
 40
0
 40
1
 40
1
 40
1
 40
1
 10
206.748220
 20
127.437622
 30
0.0
 10
206.824647
 20
127.378069
 30
0.0
 10
206.933283
 20
127.348292
 30
0.0
 10
207.074130
 20
127.348292
 30
0.0
  0
LWPOLYLINE
  5
42f
100
AcDbEntity
  8
0
 62
7
100
AcDbPolyline
 90
1
 70
1
 10
206.476380
 20
127.712279
 30
0.0
  0
SPLINE
  5
430
100
AcDbEntity
  8
0
 62
7
100
AcDbSpline
 70
8
 71
3
 72
8
 73
4
 74
0
 40
0
 40
0
 40
0
 40
0
 40
1
 40
1
 40
1
 40
1
 10
207.106880
 20
128.094940
 30
0.0
 10
206.790253
 20
128.094940
 30
0.0
 10
206.631940
 20
127.968721
 30
0.0
 10
206.631940
 20
127.716283
 30
0.0
  0
LWPOLYLINE
  5
431
100
AcDbEntity
  8
0
 62
7
100
AcDbPolyline
 90
4
 70
0
 10
207.074130
 20
127.348292
 30
0.0
 10
207.265740
 20
127.348292
 30
0.0
 10
207.265740
 20
128.094940
 30
0.0
 10
207.106880
 20
128.094940
 30
0.0
  0
LWPOLYLINE
  5
432
100
AcDbEntity
  8
0
 62
7
100
AcDbPolyline
 90
1
 70
1
 10
206.631940
 20
127.716283
 30
0.0
  0
LWPOLYLINE
  5
433
100
AcDbEntity
  8
0
 62
7
100
AcDbPolyline
 90
3
 70
0
 10
208.501300
 20
128.152600
 30
0.0
 10
208.977400
 20
128.152600
 30
0.0
 10
208.977400
 20
127.152600
 30
0.0
  0
LWPOLYLINE
  5
434
100
AcDbEntity
  8
0
 62
7
100
AcDbPolyline
 90
2
 70
0
 10
208.167900
 20
127.628800
 30
0.0
 10
207.834600
 20
127.628800
 30
0.0
  0
LWPOLYLINE
  5
435
100
AcDbEntity
  8
0
 62
7
100
AcDbPolyline
 90
4
 70
0
 10
207.691700
 20
128.152600
 30
0.0
 10
208.167900
 20
128.152600
 30
0.0
 10
208.167900
 20
127.152600
 30
0.0
 10
207.691700
 20
127.152600
 30
0.0
  0
LWPOLYLINE
  5
436
100
AcDbEntity
  8
0
 62
7
100
AcDbPolyline
 90
12
 70
1
 10
207.263200
 20
128.152600
 30
0.0
 10
207.263200
 20
127.152600
 30
0.0
 10
207.025100
 20
127.152600
 30
0.0
 10
206.882200
 20
127.200200
 30
0.0
 10
206.787000
 20
127.295500
 30
0.0
 10
206.739400
 20
127.390700
 30
0.0
 10
206.691700
 20
127.581200
 30
0.0
 10
206.691700
 20
127.724000
 30
0.0
 10
206.739400
 20
127.914500
 30
0.0
 10
206.787000
 20
128.009800
 30
0.0
 10
206.882200
 20
128.105000
 30
0.0
 10
207.025100
 20
128.152600
 30
0.0
  0
LWPOLYLINE
  5
437
100
AcDbEntity
  8
0
 62
7
100
AcDbPolyline
 90
6
 70
1
 10
52.037888
 20
102.697600
 30
0.0
 10
52.037888
 20
101.745630
 30
0.0
 10
51.890492
 20
101.745630
 30
0.0
 10
51.890492
 20
102.590940
 30
0.0
 10
51.379519
 20
102.590940
 30
0.0
 10
51.379519
 20
102.697600
 30
0.0
  0
SPLINE
  5
438
100
AcDbEntity
  8
0
 62
7
100
AcDbSpline
 70
8
 71
3
 72
8
 73
4
 74
0
 40
0
 40
0
 40
0
 40
0
 40
1
 40
1
 40
1
 40
1
 10
49.332350
 20
102.212280
 30
0.0
 10
49.332350
 20
102.373167
 30
0.0
 10
49.386395
 20
102.494497
 30
0.0
 10
49.494486
 20
102.576270
 30
0.0
  0
SPLINE
  5
439
100
AcDbEntity
  8
0
 62
7
100
AcDbSpline
 70
8
 71
3
 72
8
 73
4
 74
0
 40
0
 40
0
 40
0
 40
0
 40
1
 40
1
 40
1
 40
1
 10
49.494486
 20
102.576270
 30
0.0
 10
49.601485
 20
102.657157
 30
0.0
 10
49.751064
 20
102.697600
 30
0.0
 10
49.943225
 20
102.697600
 30
0.0
  0
LWPOLYLINE
  5
43a
100
AcDbEntity
  8
0
 62
7
100
AcDbPolyline
 90
12
 70
1
 10
50.526259
 20
102.697600
 30
0.0
 10
51.179715
 20
102.697600
 30
0.0
 10
51.179715
 20
101.745630
 30
0.0
 10
50.526259
 20
101.745630
 30
0.0
 10
50.526259
 20
101.850960
 30
0.0
 10
51.032319
 20
101.850960
 30
0.0
 10
51.032319
 20
102.148280
 30
0.0
 10
50.555738
 20
102.148280
 30
0.0
 10
50.555738
 20
102.252280
 30
0.0
 10
51.032319
 20
102.252280
 30
0.0
 10
51.032319
 20
102.592270
 30
0.0
 10
50.526259
 20
102.592270
 30
0.0
  0
SPLINE
  5
43b
100
AcDbEntity
  8
0
 62
7
100
AcDbSpline
 70
8
 71
3
 72
8
 73
4
 74
0
 40
0
 40
0
 40
0
 40
0
 40
1
 40
1
 40
1
 40
1
 10
49.908833
 20
101.745630
 30
0.0
 10
49.790916
 20
101.745630
 30
0.0
 10
49.688830
 20
101.763397
 30
0.0
 10
49.602576
 20
101.798930
 30
0.0
  0
SPLINE
  5
43c
100
AcDbEntity
  8
0
 62
7
100
AcDbSpline
 70
8
 71
3
 72
8
 73
4
 74
0
 40
0
 40
0
 40
0
 40
0
 40
1
 40
1
 40
1
 40
1
 10
49.602576
 20
101.798930
 30
0.0
 10
49.516322
 20
101.834463
 30
0.0
 10
49.449721
 20
101.886907
 30
0.0
 10
49.402773
 20
101.956260
 30
0.0
  0
SPLINE
  5
43d
100
AcDbEntity
  8
0
 62
7
100
AcDbSpline
 70
8
 71
3
 72
8
 73
4
 74
0
 40
0
 40
0
 40
0
 40
0
 40
1
 40
1
 40
1
 40
1
 10
49.402773
 20
101.956260
 30
0.0
 10
49.355826
 20
102.024700
 30
0.0
 10
49.332353
 20
102.110030
 30
0.0
 10
49.332353
 20
102.212250
 30
0.0
  0
LWPOLYLINE
  5
43e
100
AcDbEntity
  8
0
 62
7
100
AcDbPolyline
 90
4
 70
0
 10
49.943225
 20
102.697600
 30
0.0
 10
50.269135
 20
102.697600
 30
0.0
 10
50.269135
 20
101.745630
 30
0.0
 10
49.908833
 20
101.745630
 30
0.0
  0
SPLINE
  5
43f
100
AcDbEntity
  8
0
 62
7
100
AcDbSpline
 70
8
 71
3
 72
8
 73
4
 74
0
 40
0
 40
0
 40
0
 40
0
 40
1
 40
1
 40
1
 40
1
 10
49.487935
 20
102.216280
 30
0.0
 10
49.487935
 20
102.089173
 30
0.0
 10
49.526695
 20
101.996287
 30
0.0
 10
49.604214
 20
101.937620
 30
0.0
  0
SPLINE
  5
440
100
AcDbEntity
  8
0
 62
7
100
AcDbSpline
 70
8
 71
3
 72
8
 73
4
 74
0
 40
0
 40
0
 40
0
 40
0
 40
1
 40
1
 40
1
 40
1
 10
49.604214
 20
101.937620
 30
0.0
 10
49.680642
 20
101.878087
 30
0.0
 10
49.789278
 20
101.848320
 30
0.0
 10
49.930123
 20
101.848320
 30
0.0
  0
LWPOLYLINE
  5
441
100
AcDbEntity
  8
0
 62
7
100
AcDbPolyline
 90
1
 70
1
 10
49.332353
 20
102.212250
 30
0.0
  0
SPLINE
  5
442
100
AcDbEntity
  8
0
 62
7
100
AcDbSpline
 70
8
 71
3
 72
8
 73
4
 74
0
 40
0
 40
0
 40
0
 40
0
 40
1
 40
1
 40
1
 40
1
 10
49.962878
 20
102.594970
 30
0.0
 10
49.646249
 20
102.594970
 30
0.0
 10
49.487935
 20
102.468750
 30
0.0
 10
49.487935
 20
102.216310
 30
0.0
  0
LWPOLYLINE
  5
443
100
AcDbEntity
  8
0
 62
7
100
AcDbPolyline
 90
4
 70
0
 10
49.930123
 20
101.848320
 30
0.0
 10
50.121738
 20
101.848320
 30
0.0
 10
50.121738
 20
102.594970
 30
0.0
 10
49.962878
 20
102.594970
 30
0.0
  0
LWPOLYLINE
  5
444
100
AcDbEntity
  8
0
 62
7
100
AcDbPolyline
 90
1
 70
1
 10
49.487935
 20
102.216310
 30
0.0
  0
LWPOLYLINE
  5
445
100
AcDbEntity
  8
0
 62
7
100
AcDbPolyline
 90
3
 70
0
 10
51.357300
 20
102.652600
 30
0.0
 10
51.833400
 20
102.652600
 30
0.0
 10
51.833400
 20
101.652600
 30
0.0
  0
LWPOLYLINE
  5
446
100
AcDbEntity
  8
0
 62
7
100
AcDbPolyline
 90
2
 70
0
 10
51.023900
 20
102.128800
 30
0.0
 10
50.690600
 20
102.128800
 30
0.0
  0
LWPOLYLINE
  5
447
100
AcDbEntity
  8
0
 62
7
100
AcDbPolyline
 90
4
 70
0
 10
50.547700
 20
102.652600
 30
0.0
 10
51.023900
 20
102.652600
 30
0.0
 10
51.023900
 20
101.652600
 30
0.0
 10
50.547700
 20
101.652600
 30
0.0
  0
LWPOLYLINE
  5
448
100
AcDbEntity
  8
0
 62
7
100
AcDbPolyline
 90
12
 70
1
 10
50.119200
 20
102.652600
 30
0.0
 10
50.119200
 20
101.652600
 30
0.0
 10
49.881100
 20
101.652600
 30
0.0
 10
49.738200
 20
101.700200
 30
0.0
 10
49.643000
 20
101.795500
 30
0.0
 10
49.595400
 20
101.890700
 30
0.0
 10
49.547700
 20
102.081200
 30
0.0
 10
49.547700
 20
102.224000
 30
0.0
 10
49.595400
 20
102.414500
 30
0.0
 10
49.643000
 20
102.509800
 30
0.0
 10
49.738200
 20
102.605000
 30
0.0
 10
49.881100
 20
102.652600
 30
0.0
  0
LWPOLYLINE
  5
449
100
AcDbEntity
  8
0
 62
7
100
AcDbPolyline
 90
6
 70
1
 10
86.329726
 20
79.261393
 30
0.0
 10
86.164419
 20
78.323885
 30
0.0
 10
86.019262
 20
78.349480
 30
0.0
 10
86.166048
 20
79.181948
 30
0.0
 10
85.662838
 20
79.270677
 30
0.0
 10
85.681359
 20
79.375717
 30
0.0
  0
SPLINE
  5
44a
100
AcDbEntity
  8
0
 62
7
100
AcDbSpline
 70
8
 71
3
 72
8
 73
4
 74
0
 40
0
 40
0
 40
0
 40
0
 40
1
 40
1
 40
1
 40
1
 10
83.581016
 20
79.253257
 30
0.0
 10
83.608954
 20
79.411699
 30
0.0
 10
83.683247
 20
79.521801
 30
0.0
 10
83.803895
 20
79.583562
 30
0.0
  0
SPLINE
  5
44b
100
AcDbEntity
  8
0
 62
7
100
AcDbSpline
 70
8
 71
3
 72
8
 73
4
 74
0
 40
0
 40
0
 40
0
 40
0
 40
1
 40
1
 40
1
 40
1
 10
83.803895
 20
79.583562
 30
0.0
 10
83.923314
 20
79.644640
 30
0.0
 10
84.077644
 20
79.658495
 30
0.0
 10
84.266885
 20
79.625127
 30
0.0
  0
LWPOLYLINE
  5
44c
100
AcDbEntity
  8
0
 62
7
100
AcDbPolyline
 90
12
 70
1
 10
84.841061
 20
79.523884
 30
0.0
 10
85.484591
 20
79.410413
 30
0.0
 10
85.319283
 20
78.472905
 30
0.0
 10
84.675753
 20
78.586376
 30
0.0
 10
84.694044
 20
78.690106
 30
0.0
 10
85.192416
 20
78.602230
 30
0.0
 10
85.244045
 20
78.895033
 30
0.0
 10
84.774705
 20
78.977790
 30
0.0
 10
84.792764
 20
79.080210
 30
0.0
 10
85.262104
 20
78.997453
 30
0.0
 10
85.321143
 20
79.332278
 30
0.0
 10
84.822771
 20
79.420154
 30
0.0
  0
SPLINE
  5
44d
100
AcDbEntity
  8
0
 62
7
100
AcDbSpline
 70
8
 71
3
 72
8
 73
4
 74
0
 40
0
 40
0
 40
0
 40
0
 40
1
 40
1
 40
1
 40
1
 10
84.067708
 20
78.693591
 30
0.0
 10
83.951582
 20
78.714067
 30
0.0
 10
83.854133
 20
78.749291
 30
0.0
 10
83.775359
 20
78.799262
 30
0.0
  0
SPLINE
  5
44e
100
AcDbEntity
  8
0
 62
7
100
AcDbSpline
 70
8
 71
3
 72
8
 73
4
 74
0
 40
0
 40
0
 40
0
 40
0
 40
1
 40
1
 40
1
 40
1
 10
83.775359
 20
78.799262
 30
0.0
 10
83.696586
 20
78.849234
 30
0.0
 10
83.640103
 20
78.912445
 30
0.0
 10
83.605911
 20
78.988898
 30
0.0
  0
SPLINE
  5
44f
100
AcDbEntity
  8
0
 62
7
100
AcDbSpline
 70
8
 71
3
 72
8
 73
4
 74
0
 40
0
 40
0
 40
0
 40
0
 40
1
 40
1
 40
1
 40
1
 10
83.605911
 20
78.988898
 30
0.0
 10
83.571562
 20
79.064450
 30
0.0
 10
83.563262
 20
79.152560
 30
0.0
 10
83.581013
 20
79.253227
 30
0.0
  0
LWPOLYLINE
  5
450
100
AcDbEntity
  8
0
 62
7
100
AcDbPolyline
 90
4
 70
0
 10
84.266885
 20
79.625127
 30
0.0
 10
84.587843
 20
79.568533
 30
0.0
 10
84.422536
 20
78.631025
 30
0.0
 10
84.067708
 20
78.693591
 30
0.0
  0
SPLINE
  5
451
100
AcDbEntity
  8
0
 62
7
100
AcDbSpline
 70
8
 71
3
 72
8
 73
4
 74
0
 40
0
 40
0
 40
0
 40
0
 40
1
 40
1
 40
1
 40
1
 10
83.734932
 20
79.230179
 30
0.0
 10
83.712860
 20
79.105003
 30
0.0
 10
83.734901
 20
79.006797
 30
0.0
 10
83.801056
 20
78.935561
 30
0.0
  0
SPLINE
  5
452
100
AcDbEntity
  8
0
 62
7
100
AcDbSpline
 70
8
 71
3
 72
8
 73
4
 74
0
 40
0
 40
0
 40
0
 40
0
 40
1
 40
1
 40
1
 40
1
 10
83.801056
 20
78.935561
 30
0.0
 10
83.865984
 20
78.863660
 30
0.0
 10
83.967801
 20
78.815482
 30
0.0
 10
84.106507
 20
78.791024
 30
0.0
  0
LWPOLYLINE
  5
453
100
AcDbEntity
  8
0
 62
7
100
AcDbPolyline
 90
1
 70
1
 10
83.581013
 20
79.253227
 30
0.0
  0
SPLINE
  5
454
100
AcDbEntity
  8
0
 62
7
100
AcDbSpline
 70
8
 71
3
 72
8
 73
4
 74
0
 40
0
 40
0
 40
0
 40
0
 40
1
 40
1
 40
1
 40
1
 10
84.268418
 20
79.520643
 30
0.0
 10
83.956600
 20
79.575625
 30
0.0
 10
83.778773
 20
79.478813
 30
0.0
 10
83.734937
 20
79.230209
 30
0.0
  0
LWPOLYLINE
  5
455
100
AcDbEntity
  8
0
 62
7
100
AcDbPolyline
 90
4
 70
0
 10
84.106507
 20
78.791024
 30
0.0
 10
84.295211
 20
78.757750
 30
0.0
 10
84.424865
 20
79.493057
 30
0.0
 10
84.268418
 20
79.520643
 30
0.0
  0
LWPOLYLINE
  5
456
100
AcDbEntity
  8
0
 62
7
100
AcDbPolyline
 90
1
 70
1
 10
83.734937
 20
79.230209
 30
0.0
  0
LWPOLYLINE
  5
457
100
AcDbEntity
  8
0
 62
7
100
AcDbPolyline
 90
3
 70
0
 10
85.652000
 20
79.335300
 30
0.0
 10
86.121000
 20
79.252600
 30
0.0
 10
85.947300
 20
78.267800
 30
0.0
  0
LWPOLYLINE
  5
458
100
AcDbEntity
  8
0
 62
7
100
AcDbPolyline
 90
2
 70
0
 10
85.232800
 20
78.877300
 30
0.0
 10
84.904500
 20
78.935200
 30
0.0
  0
LWPOLYLINE
  5
459
100
AcDbEntity
  8
0
 62
7
100
AcDbPolyline
 90
4
 70
0
 10
84.854800
 20
79.475900
 30
0.0
 10
85.323800
 20
79.393200
 30
0.0
 10
85.150100
 20
78.408400
 30
0.0
 10
84.681100
 20
78.491000
 30
0.0
  0
SPLINE
  5
45a
100
AcDbEntity
  8
0
 62
7
100
AcDbSpline
 70
8
 71
3
 72
8
 73
4
 74
0
 40
0
 40
0
 40
0
 40
0
 40
1
 40
1
 40
1
 40
1
 10
122.400000
 20
106.307200
 30
0.0
 10
121.510183
 20
106.307200
 30
0.0
 10
120.707983
 20
105.771187
 30
0.0
 10
120.367465
 20
104.949104
 30
0.0
  0
SPLINE
  5
45b
100
AcDbEntity
  8
0
 62
7
100
AcDbSpline
 70
8
 71
3
 72
8
 73
4
 74
0
 40
0
 40
0
 40
0
 40
0
 40
1
 40
1
 40
1
 40
1
 10
120.367465
 20
104.949104
 30
0.0
 10
120.026947
 20
104.127020
 30
0.0
 10
120.215169
 20
103.180761
 30
0.0
 10
120.844365
 20
102.551565
 30
0.0
  0
SPLINE
  5
45c
100
AcDbEntity
  8
0
 62
7
100
AcDbSpline
 70
8
 71
3
 72
8
 73
4
 74
0
 40
0
 40
0
 40
0
 40
0
 40
1
 40
1
 40
1
 40
1
 10
120.844365
 20
102.551565
 30
0.0
 10
121.473561
 20
101.922369
 30
0.0
 10
122.419820
 20
101.734147
 30
0.0
 10
123.241904
 20
102.074665
 30
0.0
  0
SPLINE
  5
45d
100
AcDbEntity
  8
0
 62
7
100
AcDbSpline
 70
8
 71
3
 72
8
 73
4
 74
0
 40
0
 40
0
 40
0
 40
0
 40
1
 40
1
 40
1
 40
1
 10
123.241904
 20
102.074665
 30
0.0
 10
124.063987
 20
102.415183
 30
0.0
 10
124.600000
 20
103.217383
 30
0.0
 10
124.600000
 20
104.107200
 30
0.0
  0
SPLINE
  5
45e
100
AcDbEntity
  8
0
 62
7
100
AcDbSpline
 70
8
 71
3
 72
8
 73
4
 74
0
 40
0
 40
0
 40
0
 40
0
 40
1
 40
1
 40
1
 40
1
 10
124.600000
 20
104.107200
 30
0.0
 10
124.600000
 20
104.690676
 30
0.0
 10
124.368215
 20
105.250255
 30
0.0
 10
123.955635
 20
105.662835
 30
0.0
  0
SPLINE
  5
45f
100
AcDbEntity
  8
0
 62
7
100
AcDbSpline
 70
8
 71
3
 72
8
 73
4
 74
0
 40
0
 40
0
 40
0
 40
0
 40
1
 40
1
 40
1
 40
1
 10
123.955635
 20
105.662835
 30
0.0
 10
123.543055
 20
106.075415
 30
0.0
 10
122.983476
 20
106.307200
 30
0.0
 10
122.400000
 20
106.307200
 30
0.0
  0
LWPOLYLINE
  5
460
100
AcDbEntity
  8
0
 62
7
100
AcDbPolyline
 90
12
 70
1
 10
84.432700
 20
79.550300
 30
0.0
 10
84.259100
 20
78.565500
 30
0.0
 10
84.024600
 20
78.606800
 30
0.0
 10
83.892200
 20
78.678500
 30
0.0
 10
83.814900
 20
78.788800
 30
0.0
 10
83.784600
 20
78.890900
 30
0.0
 10
83.770800
 20
79.086800
 30
0.0
 10
83.795600
 20
79.227400
 30
0.0
 10
83.875500
 20
79.406800
 30
0.0
 10
83.939000
 20
79.492300
 30
0.0
 10
84.049300
 20
79.569500
 30
0.0
 10
84.198300
 20
79.591600
 30
0.0
  0
LWPOLYLINE
  5
461
100
AcDbEntity
  8
0
 62
7
100
AcDbPolyline
 90
1
 70
1
 10
122.400000
 20
106.307200
 30
0.0
  0
LWPOLYLINE
  5
462
100
AcDbEntity
  8
0
 62
7
100
AcDbPolyline
 90
4
 70
1
 10
147.190100
 20
155.206300
 30
0.0
 10
154.290100
 20
155.206300
 30
0.0
 10
154.290100
 20
150.106300
 30
0.0
 10
147.190100
 20
150.106300
 30
0.0
  0
SPLINE
  5
463
100
AcDbEntity
  8
0
 62
7
100
AcDbSpline
 70
8
 71
3
 72
8
 73
4
 74
0
 40
0
 40
0
 40
0
 40
0
 40
1
 40
1
 40
1
 40
1
 10
147.072400
 20
106.307200
 30
0.0
 10
146.182583
 20
106.307200
 30
0.0
 10
145.380383
 20
105.771187
 30
0.0
 10
145.039865
 20
104.949104
 30
0.0
  0
SPLINE
  5
464
100
AcDbEntity
  8
0
 62
7
100
AcDbSpline
 70
8
 71
3
 72
8
 73
4
 74
0
 40
0
 40
0
 40
0
 40
0
 40
1
 40
1
 40
1
 40
1
 10
145.039865
 20
104.949104
 30
0.0
 10
144.699347
 20
104.127020
 30
0.0
 10
144.887569
 20
103.180761
 30
0.0
 10
145.516765
 20
102.551565
 30
0.0
  0
SPLINE
  5
465
100
AcDbEntity
  8
0
 62
7
100
AcDbSpline
 70
8
 71
3
 72
8
 73
4
 74
0
 40
0
 40
0
 40
0
 40
0
 40
1
 40
1
 40
1
 40
1
 10
145.516765
 20
102.551565
 30
0.0
 10
146.145961
 20
101.922369
 30
0.0
 10
147.092220
 20
101.734147
 30
0.0
 10
147.914304
 20
102.074665
 30
0.0
  0
SPLINE
  5
466
100
AcDbEntity
  8
0
 62
7
100
AcDbSpline
 70
8
 71
3
 72
8
 73
4
 74
0
 40
0
 40
0
 40
0
 40
0
 40
1
 40
1
 40
1
 40
1
 10
147.914304
 20
102.074665
 30
0.0
 10
148.736387
 20
102.415183
 30
0.0
 10
149.272400
 20
103.217383
 30
0.0
 10
149.272400
 20
104.107200
 30
0.0
  0
SPLINE
  5
467
100
AcDbEntity
  8
0
 62
7
100
AcDbSpline
 70
8
 71
3
 72
8
 73
4
 74
0
 40
0
 40
0
 40
0
 40
0
 40
1
 40
1
 40
1
 40
1
 10
149.272400
 20
104.107200
 30
0.0
 10
149.272400
 20
104.690676
 30
0.0
 10
149.040615
 20
105.250255
 30
0.0
 10
148.628035
 20
105.662835
 30
0.0
  0
SPLINE
  5
468
100
AcDbEntity
  8
0
 62
7
100
AcDbSpline
 70
8
 71
3
 72
8
 73
4
 74
0
 40
0
 40
0
 40
0
 40
0
 40
1
 40
1
 40
1
 40
1
 10
148.628035
 20
105.662835
 30
0.0
 10
148.215455
 20
106.075415
 30
0.0
 10
147.655876
 20
106.307200
 30
0.0
 10
147.072400
 20
106.307200
 30
0.0
  0
LWPOLYLINE
  5
469
100
AcDbEntity
  8
0
 62
7
100
AcDbPolyline
 90
4
 70
1
 10
159.630100
 20
153.686300
 30
0.0
 10
141.850100
 20
153.686300
 30
0.0
 10
141.850100
 20
120.666300
 30
0.0
 10
159.630100
 20
120.666300
 30
0.0
  0
SPLINE
  5
46a
100
AcDbEntity
  8
0
 62
7
100
AcDbSpline
 70
8
 71
3
 72
8
 73
4
 74
0
 40
0
 40
0
 40
0
 40
0
 40
1
 40
1
 40
1
 40
1
 10
119.204500
 20
80.163100
 30
0.0
 10
118.314683
 20
80.163100
 30
0.0
 10
117.512483
 20
79.627087
 30
0.0
 10
117.171965
 20
78.805004
 30
0.0
  0
SPLINE
  5
46b
100
AcDbEntity
  8
0
 62
7
100
AcDbSpline
 70
8
 71
3
 72
8
 73
4
 74
0
 40
0
 40
0
 40
0
 40
0
 40
1
 40
1
 40
1
 40
1
 10
117.171965
 20
78.805004
 30
0.0
 10
116.831447
 20
77.982920
 30
0.0
 10
117.019669
 20
77.036661
 30
0.0
 10
117.648865
 20
76.407465
 30
0.0
  0
SPLINE
  5
46c
100
AcDbEntity
  8
0
 62
7
100
AcDbSpline
 70
8
 71
3
 72
8
 73
4
 74
0
 40
0
 40
0
 40
0
 40
0
 40
1
 40
1
 40
1
 40
1
 10
117.648865
 20
76.407465
 30
0.0
 10
118.278061
 20
75.778269
 30
0.0
 10
119.224320
 20
75.590047
 30
0.0
 10
120.046404
 20
75.930565
 30
0.0
  0
SPLINE
  5
46d
100
AcDbEntity
  8
0
 62
7
100
AcDbSpline
 70
8
 71
3
 72
8
 73
4
 74
0
 40
0
 40
0
 40
0
 40
0
 40
1
 40
1
 40
1
 40
1
 10
120.046404
 20
75.930565
 30
0.0
 10
120.868487
 20
76.271083
 30
0.0
 10
121.404500
 20
77.073283
 30
0.0
 10
121.404500
 20
77.963100
 30
0.0
  0
SPLINE
  5
46e
100
AcDbEntity
  8
0
 62
7
100
AcDbSpline
 70
8
 71
3
 72
8
 73
4
 74
0
 40
0
 40
0
 40
0
 40
0
 40
1
 40
1
 40
1
 40
1
 10
121.404500
 20
77.963100
 30
0.0
 10
121.404500
 20
78.546576
 30
0.0
 10
121.172715
 20
79.106155
 30
0.0
 10
120.760135
 20
79.518735
 30
0.0
  0
SPLINE
  5
46f
100
AcDbEntity
  8
0
 62
7
100
AcDbSpline
 70
8
 71
3
 72
8
 73
4
 74
0
 40
0
 40
0
 40
0
 40
0
 40
1
 40
1
 40
1
 40
1
 10
120.760135
 20
79.518735
 30
0.0
 10
120.347555
 20
79.931315
 30
0.0
 10
119.787976
 20
80.163100
 30
0.0
 10
119.204500
 20
80.163100
 30
0.0
  0
LWPOLYLINE
  5
470
100
AcDbEntity
  8
0
 62
7
100
AcDbPolyline
 90
1
 70
1
 10
147.072400
 20
106.307200
 30
0.0
  0
LWPOLYLINE
  5
471
100
AcDbEntity
  8
0
 62
7
100
AcDbPolyline
 90
1
 70
1
 10
119.204500
 20
80.163100
 30
0.0
  0
LWPOLYLINE
  5
472
100
AcDbEntity
  8
0
 62
7
100
AcDbPolyline
 90
4
 70
1
 10
122.282700
 20
155.206300
 30
0.0
 10
129.382700
 20
155.206300
 30
0.0
 10
129.382700
 20
150.106300
 30
0.0
 10
122.282700
 20
150.106300
 30
0.0
  0
SPLINE
  5
473
100
AcDbEntity
  8
0
 62
7
100
AcDbSpline
 70
8
 71
3
 72
8
 73
4
 74
0
 40
0
 40
0
 40
0
 40
0
 40
1
 40
1
 40
1
 40
1
 10
157.368200
 20
80.163100
 30
0.0
 10
156.478383
 20
80.163100
 30
0.0
 10
155.676183
 20
79.627087
 30
0.0
 10
155.335665
 20
78.805004
 30
0.0
  0
SPLINE
  5
474
100
AcDbEntity
  8
0
 62
7
100
AcDbSpline
 70
8
 71
3
 72
8
 73
4
 74
0
 40
0
 40
0
 40
0
 40
0
 40
1
 40
1
 40
1
 40
1
 10
155.335665
 20
78.805004
 30
0.0
 10
154.995147
 20
77.982920
 30
0.0
 10
155.183369
 20
77.036661
 30
0.0
 10
155.812565
 20
76.407465
 30
0.0
  0
SPLINE
  5
475
100
AcDbEntity
  8
0
 62
7
100
AcDbSpline
 70
8
 71
3
 72
8
 73
4
 74
0
 40
0
 40
0
 40
0
 40
0
 40
1
 40
1
 40
1
 40
1
 10
155.812565
 20
76.407465
 30
0.0
 10
156.441761
 20
75.778269
 30
0.0
 10
157.388020
 20
75.590047
 30
0.0
 10
158.210104
 20
75.930565
 30
0.0
  0
SPLINE
  5
476
100
AcDbEntity
  8
0
 62
7
100
AcDbSpline
 70
8
 71
3
 72
8
 73
4
 74
0
 40
0
 40
0
 40
0
 40
0
 40
1
 40
1
 40
1
 40
1
 10
158.210104
 20
75.930565
 30
0.0
 10
159.032187
 20
76.271083
 30
0.0
 10
159.568200
 20
77.073283
 30
0.0
 10
159.568200
 20
77.963100
 30
0.0
  0
SPLINE
  5
477
100
AcDbEntity
  8
0
 62
7
100
AcDbSpline
 70
8
 71
3
 72
8
 73
4
 74
0
 40
0
 40
0
 40
0
 40
0
 40
1
 40
1
 40
1
 40
1
 10
159.568200
 20
77.963100
 30
0.0
 10
159.568200
 20
78.546576
 30
0.0
 10
159.336415
 20
79.106155
 30
0.0
 10
158.923835
 20
79.518735
 30
0.0
  0
SPLINE
  5
478
100
AcDbEntity
  8
0
 62
7
100
AcDbSpline
 70
8
 71
3
 72
8
 73
4
 74
0
 40
0
 40
0
 40
0
 40
0
 40
1
 40
1
 40
1
 40
1
 10
158.923835
 20
79.518735
 30
0.0
 10
158.511255
 20
79.931315
 30
0.0
 10
157.951676
 20
80.163100
 30
0.0
 10
157.368200
 20
80.163100
 30
0.0
  0
LWPOLYLINE
  5
479
100
AcDbEntity
  8
0
 62
7
100
AcDbPolyline
 90
4
 70
1
 10
134.722700
 20
153.686300
 30
0.0
 10
116.942700
 20
153.686300
 30
0.0
 10
116.942700
 20
120.666300
 30
0.0
 10
134.722700
 20
120.666300
 30
0.0
  0
SPLINE
  5
47a
100
AcDbEntity
  8
0
 62
7
100
AcDbSpline
 70
8
 71
3
 72
8
 73
4
 74
0
 40
0
 40
0
 40
0
 40
0
 40
1
 40
1
 40
1
 40
1
 10
232.333700
 20
86.072800
 30
0.0
 10
231.443883
 20
86.072800
 30
0.0
 10
230.641683
 20
85.536787
 30
0.0
 10
230.301165
 20
84.714704
 30
0.0
  0
SPLINE
  5
47b
100
AcDbEntity
  8
0
 62
7
100
AcDbSpline
 70
8
 71
3
 72
8
 73
4
 74
0
 40
0
 40
0
 40
0
 40
0
 40
1
 40
1
 40
1
 40
1
 10
230.301165
 20
84.714704
 30
0.0
 10
229.960647
 20
83.892620
 30
0.0
 10
230.148869
 20
82.946361
 30
0.0
 10
230.778065
 20
82.317165
 30
0.0
  0
SPLINE
  5
47c
100
AcDbEntity
  8
0
 62
7
100
AcDbSpline
 70
8
 71
3
 72
8
 73
4
 74
0
 40
0
 40
0
 40
0
 40
0
 40
1
 40
1
 40
1
 40
1
 10
230.778065
 20
82.317165
 30
0.0
 10
231.407261
 20
81.687969
 30
0.0
 10
232.353520
 20
81.499747
 30
0.0
 10
233.175604
 20
81.840265
 30
0.0
  0
SPLINE
  5
47d
100
AcDbEntity
  8
0
 62
7
100
AcDbSpline
 70
8
 71
3
 72
8
 73
4
 74
0
 40
0
 40
0
 40
0
 40
0
 40
1
 40
1
 40
1
 40
1
 10
233.175604
 20
81.840265
 30
0.0
 10
233.997687
 20
82.180783
 30
0.0
 10
234.533700
 20
82.982983
 30
0.0
 10
234.533700
 20
83.872800
 30
0.0
  0
SPLINE
  5
47e
100
AcDbEntity
  8
0
 62
7
100
AcDbSpline
 70
8
 71
3
 72
8
 73
4
 74
0
 40
0
 40
0
 40
0
 40
0
 40
1
 40
1
 40
1
 40
1
 10
234.533700
 20
83.872800
 30
0.0
 10
234.533700
 20
85.087826
 30
0.0
 10
233.548726
 20
86.072800
 30
0.0
 10
232.333700
 20
86.072800
 30
0.0
  0
LWPOLYLINE
  5
47f
100
AcDbEntity
  8
0
 62
7
100
AcDbPolyline
 90
1
 70
1
 10
157.368200
 20
80.163100
 30
0.0
  0
SPLINE
  5
480
100
AcDbEntity
  8
0
 62
7
100
AcDbSpline
 70
8
 71
3
 72
8
 73
4
 74
0
 40
0
 40
0
 40
0
 40
0
 40
1
 40
1
 40
1
 40
1
 10
129.500000
 20
106.307200
 30
0.0
 10
128.610183
 20
106.307200
 30
0.0
 10
127.807983
 20
105.771187
 30
0.0
 10
127.467465
 20
104.949104
 30
0.0
  0
SPLINE
  5
481
100
AcDbEntity
  8
0
 62
7
100
AcDbSpline
 70
8
 71
3
 72
8
 73
4
 74
0
 40
0
 40
0
 40
0
 40
0
 40
1
 40
1
 40
1
 40
1
 10
127.467465
 20
104.949104
 30
0.0
 10
127.126947
 20
104.127020
 30
0.0
 10
127.315169
 20
103.180761
 30
0.0
 10
127.944365
 20
102.551565
 30
0.0
  0
SPLINE
  5
482
100
AcDbEntity
  8
0
 62
7
100
AcDbSpline
 70
8
 71
3
 72
8
 73
4
 74
0
 40
0
 40
0
 40
0
 40
0
 40
1
 40
1
 40
1
 40
1
 10
127.944365
 20
102.551565
 30
0.0
 10
128.573561
 20
101.922369
 30
0.0
 10
129.519820
 20
101.734147
 30
0.0
 10
130.341904
 20
102.074665
 30
0.0
  0
SPLINE
  5
483
100
AcDbEntity
  8
0
 62
7
100
AcDbSpline
 70
8
 71
3
 72
8
 73
4
 74
0
 40
0
 40
0
 40
0
 40
0
 40
1
 40
1
 40
1
 40
1
 10
130.341904
 20
102.074665
 30
0.0
 10
131.163987
 20
102.415183
 30
0.0
 10
131.700000
 20
103.217383
 30
0.0
 10
131.700000
 20
104.107200
 30
0.0
  0
SPLINE
  5
484
100
AcDbEntity
  8
0
 62
7
100
AcDbSpline
 70
8
 71
3
 72
8
 73
4
 74
0
 40
0
 40
0
 40
0
 40
0
 40
1
 40
1
 40
1
 40
1
 10
131.700000
 20
104.107200
 30
0.0
 10
131.700000
 20
104.690676
 30
0.0
 10
131.468215
 20
105.250255
 30
0.0
 10
131.055635
 20
105.662835
 30
0.0
  0
SPLINE
  5
485
100
AcDbEntity
  8
0
 62
7
100
AcDbSpline
 70
8
 71
3
 72
8
 73
4
 74
0
 40
0
 40
0
 40
0
 40
0
 40
1
 40
1
 40
1
 40
1
 10
131.055635
 20
105.662835
 30
0.0
 10
130.643055
 20
106.075415
 30
0.0
 10
130.083476
 20
106.307200
 30
0.0
 10
129.500000
 20
106.307200
 30
0.0
  0
LWPOLYLINE
  5
486
100
AcDbEntity
  8
0
 62
7
100
AcDbPolyline
 90
1
 70
1
 10
232.333700
 20
86.072800
 30
0.0
  0
SPLINE
  5
487
100
AcDbEntity
  8
0
 62
7
100
AcDbSpline
 70
8
 71
3
 72
8
 73
4
 74
0
 40
0
 40
0
 40
0
 40
0
 40
1
 40
1
 40
1
 40
1
 10
162.872400
 20
148.907200
 30
0.0
 10
161.982583
 20
148.907200
 30
0.0
 10
161.180383
 20
148.371187
 30
0.0
 10
160.839865
 20
147.549104
 30
0.0
  0
SPLINE
  5
488
100
AcDbEntity
  8
0
 62
7
100
AcDbSpline
 70
8
 71
3
 72
8
 73
4
 74
0
 40
0
 40
0
 40
0
 40
0
 40
1
 40
1
 40
1
 40
1
 10
160.839865
 20
147.549104
 30
0.0
 10
160.499347
 20
146.727020
 30
0.0
 10
160.687569
 20
145.780761
 30
0.0
 10
161.316765
 20
145.151565
 30
0.0
  0
SPLINE
  5
489
100
AcDbEntity
  8
0
 62
7
100
AcDbSpline
 70
8
 71
3
 72
8
 73
4
 74
0
 40
0
 40
0
 40
0
 40
0
 40
1
 40
1
 40
1
 40
1
 10
161.316765
 20
145.151565
 30
0.0
 10
161.945961
 20
144.522369
 30
0.0
 10
162.892220
 20
144.334147
 30
0.0
 10
163.714304
 20
144.674665
 30
0.0
  0
SPLINE
  5
48a
100
AcDbEntity
  8
0
 62
7
100
AcDbSpline
 70
8
 71
3
 72
8
 73
4
 74
0
 40
0
 40
0
 40
0
 40
0
 40
1
 40
1
 40
1
 40
1
 10
163.714304
 20
144.674665
 30
0.0
 10
164.536387
 20
145.015183
 30
0.0
 10
165.072400
 20
145.817383
 30
0.0
 10
165.072400
 20
146.707200
 30
0.0
  0
SPLINE
  5
48b
100
AcDbEntity
  8
0
 62
7
100
AcDbSpline
 70
8
 71
3
 72
8
 73
4
 74
0
 40
0
 40
0
 40
0
 40
0
 40
1
 40
1
 40
1
 40
1
 10
165.072400
 20
146.707200
 30
0.0
 10
165.072400
 20
147.290676
 30
0.0
 10
164.840615
 20
147.850255
 30
0.0
 10
164.428035
 20
148.262835
 30
0.0
  0
SPLINE
  5
48c
100
AcDbEntity
  8
0
 62
7
100
AcDbSpline
 70
8
 71
3
 72
8
 73
4
 74
0
 40
0
 40
0
 40
0
 40
0
 40
1
 40
1
 40
1
 40
1
 10
164.428035
 20
148.262835
 30
0.0
 10
164.015455
 20
148.675415
 30
0.0
 10
163.455876
 20
148.907200
 30
0.0
 10
162.872400
 20
148.907200
 30
0.0
  0
LWPOLYLINE
  5
48d
100
AcDbEntity
  8
0
 62
7
100
AcDbPolyline
 90
1
 70
1
 10
129.500000
 20
106.307200
 30
0.0
  0
SPLINE
  5
48e
100
AcDbEntity
  8
0
 62
7
100
AcDbSpline
 70
8
 71
3
 72
8
 73
4
 74
0
 40
0
 40
0
 40
0
 40
0
 40
1
 40
1
 40
1
 40
1
 10
44.239400
 20
86.072800
 30
0.0
 10
43.349583
 20
86.072800
 30
0.0
 10
42.547383
 20
85.536787
 30
0.0
 10
42.206865
 20
84.714704
 30
0.0
  0
SPLINE
  5
48f
100
AcDbEntity
  8
0
 62
7
100
AcDbSpline
 70
8
 71
3
 72
8
 73
4
 74
0
 40
0
 40
0
 40
0
 40
0
 40
1
 40
1
 40
1
 40
1
 10
42.206865
 20
84.714704
 30
0.0
 10
41.866347
 20
83.892620
 30
0.0
 10
42.054569
 20
82.946361
 30
0.0
 10
42.683765
 20
82.317165
 30
0.0
  0
SPLINE
  5
490
100
AcDbEntity
  8
0
 62
7
100
AcDbSpline
 70
8
 71
3
 72
8
 73
4
 74
0
 40
0
 40
0
 40
0
 40
0
 40
1
 40
1
 40
1
 40
1
 10
42.683765
 20
82.317165
 30
0.0
 10
43.312961
 20
81.687969
 30
0.0
 10
44.259220
 20
81.499747
 30
0.0
 10
45.081304
 20
81.840265
 30
0.0
  0
SPLINE
  5
491
100
AcDbEntity
  8
0
 62
7
100
AcDbSpline
 70
8
 71
3
 72
8
 73
4
 74
0
 40
0
 40
0
 40
0
 40
0
 40
1
 40
1
 40
1
 40
1
 10
45.081304
 20
81.840265
 30
0.0
 10
45.903387
 20
82.180783
 30
0.0
 10
46.439400
 20
82.982983
 30
0.0
 10
46.439400
 20
83.872800
 30
0.0
  0
SPLINE
  5
492
100
AcDbEntity
  8
0
 62
7
100
AcDbSpline
 70
8
 71
3
 72
8
 73
4
 74
0
 40
0
 40
0
 40
0
 40
0
 40
1
 40
1
 40
1
 40
1
 10
46.439400
 20
83.872800
 30
0.0
 10
46.439400
 20
84.456276
 30
0.0
 10
46.207615
 20
85.015855
 30
0.0
 10
45.795035
 20
85.428435
 30
0.0
  0
SPLINE
  5
493
100
AcDbEntity
  8
0
 62
7
100
AcDbSpline
 70
8
 71
3
 72
8
 73
4
 74
0
 40
0
 40
0
 40
0
 40
0
 40
1
 40
1
 40
1
 40
1
 10
45.795035
 20
85.428435
 30
0.0
 10
45.382455
 20
85.841015
 30
0.0
 10
44.822876
 20
86.072800
 30
0.0
 10
44.239400
 20
86.072800
 30
0.0
  0
LWPOLYLINE
  5
494
100
AcDbEntity
  8
0
 62
7
100
AcDbPolyline
 90
1
 70
1
 10
162.872400
 20
148.907200
 30
0.0
  0
SPLINE
  5
495
100
AcDbEntity
  8
0
 62
7
100
AcDbSpline
 70
8
 71
3
 72
8
 73
4
 74
0
 40
0
 40
0
 40
0
 40
0
 40
1
 40
1
 40
1
 40
1
 10
37.532700
 20
143.003800
 30
0.0
 10
36.317674
 20
143.003800
 30
0.0
 10
35.332700
 20
142.018826
 30
0.0
 10
35.332700
 20
140.803800
 30
0.0
  0
SPLINE
  5
496
100
AcDbEntity
  8
0
 62
7
100
AcDbSpline
 70
8
 71
3
 72
8
 73
4
 74
0
 40
0
 40
0
 40
0
 40
0
 40
1
 40
1
 40
1
 40
1
 10
35.332700
 20
140.803800
 30
0.0
 10
35.332700
 20
139.588774
 30
0.0
 10
36.317674
 20
138.603800
 30
0.0
 10
37.532700
 20
138.603800
 30
0.0
  0
SPLINE
  5
497
100
AcDbEntity
  8
0
 62
7
100
AcDbSpline
 70
8
 71
3
 72
8
 73
4
 74
0
 40
0
 40
0
 40
0
 40
0
 40
1
 40
1
 40
1
 40
1
 10
37.532700
 20
138.603800
 30
0.0
 10
38.747726
 20
138.603800
 30
0.0
 10
39.732700
 20
139.588774
 30
0.0
 10
39.732700
 20
140.803800
 30
0.0
  0
SPLINE
  5
498
100
AcDbEntity
  8
0
 62
7
100
AcDbSpline
 70
8
 71
3
 72
8
 73
4
 74
0
 40
0
 40
0
 40
0
 40
0
 40
1
 40
1
 40
1
 40
1
 10
39.732700
 20
140.803800
 30
0.0
 10
39.732700
 20
141.387276
 30
0.0
 10
39.500915
 20
141.946855
 30
0.0
 10
39.088335
 20
142.359435
 30
0.0
  0
SPLINE
  5
499
100
AcDbEntity
  8
0
 62
7
100
AcDbSpline
 70
8
 71
3
 72
8
 73
4
 74
0
 40
0
 40
0
 40
0
 40
0
 40
1
 40
1
 40
1
 40
1
 10
39.088335
 20
142.359435
 30
0.0
 10
38.675755
 20
142.772015
 30
0.0
 10
38.116176
 20
143.003800
 30
0.0
 10
37.532700
 20
143.003800
 30
0.0
  0
LWPOLYLINE
  5
49a
100
AcDbEntity
  8
0
 62
7
100
AcDbPolyline
 90
1
 70
1
 10
44.239400
 20
86.072800
 30
0.0
  0
SPLINE
  5
49b
100
AcDbEntity
  8
0
 62
7
100
AcDbSpline
 70
8
 71
3
 72
8
 73
4
 74
0
 40
0
 40
0
 40
0
 40
0
 40
1
 40
1
 40
1
 40
1
 10
154.172400
 20
106.307200
 30
0.0
 10
153.282583
 20
106.307200
 30
0.0
 10
152.480383
 20
105.771187
 30
0.0
 10
152.139865
 20
104.949104
 30
0.0
  0
SPLINE
  5
49c
100
AcDbEntity
  8
0
 62
7
100
AcDbSpline
 70
8
 71
3
 72
8
 73
4
 74
0
 40
0
 40
0
 40
0
 40
0
 40
1
 40
1
 40
1
 40
1
 10
152.139865
 20
104.949104
 30
0.0
 10
151.799347
 20
104.127020
 30
0.0
 10
151.987569
 20
103.180761
 30
0.0
 10
152.616765
 20
102.551565
 30
0.0
  0
SPLINE
  5
49d
100
AcDbEntity
  8
0
 62
7
100
AcDbSpline
 70
8
 71
3
 72
8
 73
4
 74
0
 40
0
 40
0
 40
0
 40
0
 40
1
 40
1
 40
1
 40
1
 10
152.616765
 20
102.551565
 30
0.0
 10
153.245961
 20
101.922369
 30
0.0
 10
154.192220
 20
101.734147
 30
0.0
 10
155.014304
 20
102.074665
 30
0.0
  0
SPLINE
  5
49e
100
AcDbEntity
  8
0
 62
7
100
AcDbSpline
 70
8
 71
3
 72
8
 73
4
 74
0
 40
0
 40
0
 40
0
 40
0
 40
1
 40
1
 40
1
 40
1
 10
155.014304
 20
102.074665
 30
0.0
 10
155.836387
 20
102.415183
 30
0.0
 10
156.372400
 20
103.217383
 30
0.0
 10
156.372400
 20
104.107200
 30
0.0
  0
SPLINE
  5
49f
100
AcDbEntity
  8
0
 62
7
100
AcDbSpline
 70
8
 71
3
 72
8
 73
4
 74
0
 40
0
 40
0
 40
0
 40
0
 40
1
 40
1
 40
1
 40
1
 10
156.372400
 20
104.107200
 30
0.0
 10
156.372400
 20
104.690676
 30
0.0
 10
156.140615
 20
105.250255
 30
0.0
 10
155.728035
 20
105.662835
 30
0.0
  0
SPLINE
  5
4a0
100
AcDbEntity
  8
0
 62
7
100
AcDbSpline
 70
8
 71
3
 72
8
 73
4
 74
0
 40
0
 40
0
 40
0
 40
0
 40
1
 40
1
 40
1
 40
1
 10
155.728035
 20
105.662835
 30
0.0
 10
155.315455
 20
106.075415
 30
0.0
 10
154.755876
 20
106.307200
 30
0.0
 10
154.172400
 20
106.307200
 30
0.0
  0
LWPOLYLINE
  5
4a1
100
AcDbEntity
  8
0
 62
7
100
AcDbPolyline
 90
1
 70
1
 10
37.532700
 20
143.003800
 30
0.0
  0
SPLINE
  5
4a2
100
AcDbEntity
  8
0
 62
7
100
AcDbSpline
 70
8
 71
3
 72
8
 73
4
 74
0
 40
0
 40
0
 40
0
 40
0
 40
1
 40
1
 40
1
 40
1
 10
204.858400
 20
104.097800
 30
0.0
 10
203.968583
 20
104.097800
 30
0.0
 10
203.166383
 20
103.561787
 30
0.0
 10
202.825865
 20
102.739704
 30
0.0
  0
SPLINE
  5
4a3
100
AcDbEntity
  8
0
 62
7
100
AcDbSpline
 70
8
 71
3
 72
8
 73
4
 74
0
 40
0
 40
0
 40
0
 40
0
 40
1
 40
1
 40
1
 40
1
 10
202.825865
 20
102.739704
 30
0.0
 10
202.485347
 20
101.917620
 30
0.0
 10
202.673569
 20
100.971361
 30
0.0
 10
203.302765
 20
100.342165
 30
0.0
  0
SPLINE
  5
4a4
100
AcDbEntity
  8
0
 62
7
100
AcDbSpline
 70
8
 71
3
 72
8
 73
4
 74
0
 40
0
 40
0
 40
0
 40
0
 40
1
 40
1
 40
1
 40
1
 10
203.302765
 20
100.342165
 30
0.0
 10
203.931961
 20
99.712969
 30
0.0
 10
204.878220
 20
99.524747
 30
0.0
 10
205.700304
 20
99.865265
 30
0.0
  0
SPLINE
  5
4a5
100
AcDbEntity
  8
0
 62
7
100
AcDbSpline
 70
8
 71
3
 72
8
 73
4
 74
0
 40
0
 40
0
 40
0
 40
0
 40
1
 40
1
 40
1
 40
1
 10
205.700304
 20
99.865265
 30
0.0
 10
206.522387
 20
100.205783
 30
0.0
 10
207.058400
 20
101.007983
 30
0.0
 10
207.058400
 20
101.897800
 30
0.0
  0
SPLINE
  5
4a6
100
AcDbEntity
  8
0
 62
7
100
AcDbSpline
 70
8
 71
3
 72
8
 73
4
 74
0
 40
0
 40
0
 40
0
 40
0
 40
1
 40
1
 40
1
 40
1
 10
207.058400
 20
101.897800
 30
0.0
 10
207.058400
 20
102.481276
 30
0.0
 10
206.826615
 20
103.040855
 30
0.0
 10
206.414035
 20
103.453435
 30
0.0
  0
SPLINE
  5
4a7
100
AcDbEntity
  8
0
 62
7
100
AcDbSpline
 70
8
 71
3
 72
8
 73
4
 74
0
 40
0
 40
0
 40
0
 40
0
 40
1
 40
1
 40
1
 40
1
 10
206.414035
 20
103.453435
 30
0.0
 10
206.001455
 20
103.866015
 30
0.0
 10
205.441876
 20
104.097800
 30
0.0
 10
204.858400
 20
104.097800
 30
0.0
  0
LWPOLYLINE
  5
4a8
100
AcDbEntity
  8
0
 62
7
100
AcDbPolyline
 90
1
 70
1
 10
154.172400
 20
106.307200
 30
0.0
  0
SPLINE
  5
4a9
100
AcDbEntity
  8
0
 62
7
100
AcDbSpline
 70
8
 71
3
 72
8
 73
4
 74
0
 40
0
 40
0
 40
0
 40
0
 40
1
 40
1
 40
1
 40
1
 10
113.700000
 20
148.907200
 30
0.0
 10
112.810183
 20
148.907200
 30
0.0
 10
112.007983
 20
148.371187
 30
0.0
 10
111.667465
 20
147.549104
 30
0.0
  0
SPLINE
  5
4aa
100
AcDbEntity
  8
0
 62
7
100
AcDbSpline
 70
8
 71
3
 72
8
 73
4
 74
0
 40
0
 40
0
 40
0
 40
0
 40
1
 40
1
 40
1
 40
1
 10
111.667465
 20
147.549104
 30
0.0
 10
111.326947
 20
146.727020
 30
0.0
 10
111.515169
 20
145.780761
 30
0.0
 10
112.144365
 20
145.151565
 30
0.0
  0
SPLINE
  5
4ab
100
AcDbEntity
  8
0
 62
7
100
AcDbSpline
 70
8
 71
3
 72
8
 73
4
 74
0
 40
0
 40
0
 40
0
 40
0
 40
1
 40
1
 40
1
 40
1
 10
112.144365
 20
145.151565
 30
0.0
 10
112.773561
 20
144.522369
 30
0.0
 10
113.719820
 20
144.334147
 30
0.0
 10
114.541904
 20
144.674665
 30
0.0
  0
SPLINE
  5
4ac
100
AcDbEntity
  8
0
 62
7
100
AcDbSpline
 70
8
 71
3
 72
8
 73
4
 74
0
 40
0
 40
0
 40
0
 40
0
 40
1
 40
1
 40
1
 40
1
 10
114.541904
 20
144.674665
 30
0.0
 10
115.363987
 20
145.015183
 30
0.0
 10
115.900000
 20
145.817383
 30
0.0
 10
115.900000
 20
146.707200
 30
0.0
  0
SPLINE
  5
4ad
100
AcDbEntity
  8
0
 62
7
100
AcDbSpline
 70
8
 71
3
 72
8
 73
4
 74
0
 40
0
 40
0
 40
0
 40
0
 40
1
 40
1
 40
1
 40
1
 10
115.900000
 20
146.707200
 30
0.0
 10
115.900000
 20
147.290676
 30
0.0
 10
115.668215
 20
147.850255
 30
0.0
 10
115.255635
 20
148.262835
 30
0.0
  0
SPLINE
  5
4ae
100
AcDbEntity
  8
0
 62
7
100
AcDbSpline
 70
8
 71
3
 72
8
 73
4
 74
0
 40
0
 40
0
 40
0
 40
0
 40
1
 40
1
 40
1
 40
1
 10
115.255635
 20
148.262835
 30
0.0
 10
114.843055
 20
148.675415
 30
0.0
 10
114.283476
 20
148.907200
 30
0.0
 10
113.700000
 20
148.907200
 30
0.0
  0
LWPOLYLINE
  5
4af
100
AcDbEntity
  8
0
 62
7
100
AcDbPolyline
 90
1
 70
1
 10
204.858400
 20
104.097800
 30
0.0
  0
SPLINE
  5
4b0
100
AcDbEntity
  8
0
 62
7
100
AcDbSpline
 70
8
 71
3
 72
8
 73
4
 74
0
 40
0
 40
0
 40
0
 40
0
 40
1
 40
1
 40
1
 40
1
 10
71.714400
 20
104.097800
 30
0.0
 10
70.824583
 20
104.097800
 30
0.0
 10
70.022383
 20
103.561787
 30
0.0
 10
69.681865
 20
102.739704
 30
0.0
  0
SPLINE
  5
4b1
100
AcDbEntity
  8
0
 62
7
100
AcDbSpline
 70
8
 71
3
 72
8
 73
4
 74
0
 40
0
 40
0
 40
0
 40
0
 40
1
 40
1
 40
1
 40
1
 10
69.681865
 20
102.739704
 30
0.0
 10
69.341347
 20
101.917620
 30
0.0
 10
69.529569
 20
100.971361
 30
0.0
 10
70.158765
 20
100.342165
 30
0.0
  0
SPLINE
  5
4b2
100
AcDbEntity
  8
0
 62
7
100
AcDbSpline
 70
8
 71
3
 72
8
 73
4
 74
0
 40
0
 40
0
 40
0
 40
0
 40
1
 40
1
 40
1
 40
1
 10
70.158765
 20
100.342165
 30
0.0
 10
70.787961
 20
99.712969
 30
0.0
 10
71.734220
 20
99.524747
 30
0.0
 10
72.556304
 20
99.865265
 30
0.0
  0
SPLINE
  5
4b3
100
AcDbEntity
  8
0
 62
7
100
AcDbSpline
 70
8
 71
3
 72
8
 73
4
 74
0
 40
0
 40
0
 40
0
 40
0
 40
1
 40
1
 40
1
 40
1
 10
72.556304
 20
99.865265
 30
0.0
 10
73.378387
 20
100.205783
 30
0.0
 10
73.914400
 20
101.007983
 30
0.0
 10
73.914400
 20
101.897800
 30
0.0
  0
SPLINE
  5
4b4
100
AcDbEntity
  8
0
 62
7
100
AcDbSpline
 70
8
 71
3
 72
8
 73
4
 74
0
 40
0
 40
0
 40
0
 40
0
 40
1
 40
1
 40
1
 40
1
 10
73.914400
 20
101.897800
 30
0.0
 10
73.914400
 20
102.481276
 30
0.0
 10
73.682615
 20
103.040855
 30
0.0
 10
73.270035
 20
103.453435
 30
0.0
  0
SPLINE
  5
4b5
100
AcDbEntity
  8
0
 62
7
100
AcDbSpline
 70
8
 71
3
 72
8
 73
4
 74
0
 40
0
 40
0
 40
0
 40
0
 40
1
 40
1
 40
1
 40
1
 10
73.270035
 20
103.453435
 30
0.0
 10
72.857455
 20
103.866015
 30
0.0
 10
72.297876
 20
104.097800
 30
0.0
 10
71.714400
 20
104.097800
 30
0.0
  0
LWPOLYLINE
  5
4b6
100
AcDbEntity
  8
0
 62
7
100
AcDbPolyline
 90
1
 70
1
 10
113.700000
 20
148.907200
 30
0.0
  0
SPLINE
  5
4b7
100
AcDbEntity
  8
0
 62
7
100
AcDbSpline
 70
8
 71
3
 72
8
 73
4
 74
0
 40
0
 40
0
 40
0
 40
0
 40
1
 40
1
 40
1
 40
1
 10
239.040400
 20
143.003800
 30
0.0
 10
238.150583
 20
143.003800
 30
0.0
 10
237.348383
 20
142.467787
 30
0.0
 10
237.007865
 20
141.645704
 30
0.0
  0
SPLINE
  5
4b8
100
AcDbEntity
  8
0
 62
7
100
AcDbSpline
 70
8
 71
3
 72
8
 73
4
 74
0
 40
0
 40
0
 40
0
 40
0
 40
1
 40
1
 40
1
 40
1
 10
237.007865
 20
141.645704
 30
0.0
 10
236.667347
 20
140.823620
 30
0.0
 10
236.855569
 20
139.877361
 30
0.0
 10
237.484765
 20
139.248165
 30
0.0
  0
SPLINE
  5
4b9
100
AcDbEntity
  8
0
 62
7
100
AcDbSpline
 70
8
 71
3
 72
8
 73
4
 74
0
 40
0
 40
0
 40
0
 40
0
 40
1
 40
1
 40
1
 40
1
 10
237.484765
 20
139.248165
 30
0.0
 10
238.113961
 20
138.618969
 30
0.0
 10
239.060220
 20
138.430747
 30
0.0
 10
239.882304
 20
138.771265
 30
0.0
  0
SPLINE
  5
4ba
100
AcDbEntity
  8
0
 62
7
100
AcDbSpline
 70
8
 71
3
 72
8
 73
4
 74
0
 40
0
 40
0
 40
0
 40
0
 40
1
 40
1
 40
1
 40
1
 10
239.882304
 20
138.771265
 30
0.0
 10
240.704387
 20
139.111783
 30
0.0
 10
241.240400
 20
139.913983
 30
0.0
 10
241.240400
 20
140.803800
 30
0.0
  0
SPLINE
  5
4bb
100
AcDbEntity
  8
0
 62
7
100
AcDbSpline
 70
8
 71
3
 72
8
 73
4
 74
0
 40
0
 40
0
 40
0
 40
0
 40
1
 40
1
 40
1
 40
1
 10
241.240400
 20
140.803800
 30
0.0
 10
241.240400
 20
141.387276
 30
0.0
 10
241.008615
 20
141.946855
 30
0.0
 10
240.596035
 20
142.359435
 30
0.0
  0
SPLINE
  5
4bc
100
AcDbEntity
  8
0
 62
7
100
AcDbSpline
 70
8
 71
3
 72
8
 73
4
 74
0
 40
0
 40
0
 40
0
 40
0
 40
1
 40
1
 40
1
 40
1
 10
240.596035
 20
142.359435
 30
0.0
 10
240.183455
 20
142.772015
 30
0.0
 10
239.623876
 20
143.003800
 30
0.0
 10
239.040400
 20
143.003800
 30
0.0
  0
LWPOLYLINE
  5
4bd
100
AcDbEntity
  8
0
 62
7
100
AcDbPolyline
 90
1
 70
1
 10
71.714400
 20
104.097800
 30
0.0
  0
LWPOLYLINE
  5
4be
100
AcDbEntity
  8
0
 62
7
100
AcDbPolyline
 90
1
 70
1
 10
239.040400
 20
143.003800
 30
0.0
  0
LWPOLYLINE
  5
4bf
100
AcDbEntity
  8
0
 62
7
100
AcDbPolyline
 90
4
 70
1
 10
205.358400
 20
109.122800
 30
0.0
 10
210.358400
 20
109.122800
 30
0.0
 10
210.358400
 20
112.272800
 30
0.0
 10
205.358400
 20
112.272800
 30
0.0
  0
LWPOLYLINE
  5
4c0
100
AcDbEntity
  8
0
 62
7
100
AcDbPolyline
 90
4
 70
1
 10
106.063000
 20
74.987800
 30
0.0
 10
104.985700
 20
72.027800
 30
0.0
 10
100.287200
 20
73.737900
 30
0.0
 10
101.364600
 20
76.697900
 30
0.0
  0
LWPOLYLINE
  5
4c1
100
AcDbEntity
  8
0
 62
7
100
AcDbPolyline
 90
4
 70
1
 10
84.214400
 20
102.622800
 30
0.0
 10
89.214400
 20
102.622800
 30
0.0
 10
89.214400
 20
105.772800
 30
0.0
 10
84.214400
 20
105.772800
 30
0.0
  0
LWPOLYLINE
  5
4c2
100
AcDbEntity
  8
0
 62
7
100
AcDbPolyline
 90
4
 70
1
 10
84.214400
 20
119.622800
 30
0.0
 10
89.214400
 20
119.622800
 30
0.0
 10
89.214400
 20
122.772800
 30
0.0
 10
84.214400
 20
122.772800
 30
0.0
  0
LWPOLYLINE
  5
4c3
100
AcDbEntity
  8
0
 62
7
100
AcDbPolyline
 90
4
 70
1
 10
66.214400
 20
109.122800
 30
0.0
 10
71.214400
 20
109.122800
 30
0.0
 10
71.214400
 20
112.272800
 30
0.0
 10
66.214400
 20
112.272800
 30
0.0
  0
LWPOLYLINE
  5
4c4
100
AcDbEntity
  8
0
 62
7
100
AcDbPolyline
 90
4
 70
1
 10
84.214400
 20
136.622800
 30
0.0
 10
89.214400
 20
136.622800
 30
0.0
 10
89.214400
 20
139.772800
 30
0.0
 10
84.214400
 20
139.772800
 30
0.0
  0
LWPOLYLINE
  5
4c5
100
AcDbEntity
  8
0
 62
7
100
AcDbPolyline
 90
4
 70
1
 10
241.358400
 20
87.622800
 30
0.0
 10
246.358400
 20
87.622800
 30
0.0
 10
246.358400
 20
90.772800
 30
0.0
 10
241.358400
 20
90.772800
 30
0.0
  0
LWPOLYLINE
  5
4c6
100
AcDbEntity
  8
0
 62
7
100
AcDbPolyline
 90
4
 70
1
 10
158.643100
 20
85.591400
 30
0.0
 10
154.111600
 20
83.478300
 30
0.0
 10
152.780300
 20
86.333100
 30
0.0
 10
157.311900
 20
88.446200
 30
0.0
  0
LWPOLYLINE
  5
4c7
100
AcDbEntity
  8
0
 62
7
100
AcDbPolyline
 90
4
 70
1
 10
123.792400
 20
86.333100
 30
0.0
 10
122.461100
 20
83.478300
 30
0.0
 10
117.929600
 20
85.591400
 30
0.0
 10
119.260800
 20
88.446200
 30
0.0
  0
LWPOLYLINE
  5
4c8
100
AcDbEntity
  8
0
 62
7
100
AcDbPolyline
 90
4
 70
1
 10
187.358400
 20
136.622800
 30
0.0
 10
192.358400
 20
136.622800
 30
0.0
 10
192.358400
 20
139.772800
 30
0.0
 10
187.358400
 20
139.772800
 30
0.0
  0
LWPOLYLINE
  5
4c9
100
AcDbEntity
  8
0
 62
7
100
AcDbPolyline
 90
4
 70
1
 10
223.358400
 20
134.622800
 30
0.0
 10
228.358400
 20
134.622800
 30
0.0
 10
228.358400
 20
137.772800
 30
0.0
 10
223.358400
 20
137.772800
 30
0.0
  0
LWPOLYLINE
  5
4ca
100
AcDbEntity
  8
0
 62
7
100
AcDbPolyline
 90
4
 70
1
 10
187.358400
 20
102.622800
 30
0.0
 10
192.358400
 20
102.622800
 30
0.0
 10
192.358400
 20
105.772800
 30
0.0
 10
187.358400
 20
105.772800
 30
0.0
  0
LWPOLYLINE
  5
4cb
100
AcDbEntity
  8
0
 62
7
100
AcDbPolyline
 90
4
 70
1
 10
102.214400
 20
128.467800
 30
0.0
 10
107.214400
 20
128.467800
 30
0.0
 10
107.214400
 20
131.617800
 30
0.0
 10
102.214400
 20
131.617800
 30
0.0
  0
LWPOLYLINE
  5
4cc
100
AcDbEntity
  8
0
 62
7
100
AcDbPolyline
 90
4
 70
1
 10
241.358400
 20
121.622800
 30
0.0
 10
246.358400
 20
121.622800
 30
0.0
 10
246.358400
 20
124.772800
 30
0.0
 10
241.358400
 20
124.772800
 30
0.0
  0
LWPOLYLINE
  5
4cd
100
AcDbEntity
  8
0
 62
7
100
AcDbPolyline
 90
4
 70
1
 10
30.214400
 20
121.622800
 30
0.0
 10
35.214400
 20
121.622800
 30
0.0
 10
35.214400
 20
124.772800
 30
0.0
 10
30.214400
 20
124.772800
 30
0.0
  0
LWPOLYLINE
  5
4ce
100
AcDbEntity
  8
0
 62
7
100
AcDbPolyline
 90
4
 70
1
 10
241.358400
 20
104.622800
 30
0.0
 10
246.358400
 20
104.622800
 30
0.0
 10
246.358400
 20
107.772800
 30
0.0
 10
241.358400
 20
107.772800
 30
0.0
  0
LWPOLYLINE
  5
4cf
100
AcDbEntity
  8
0
 62
7
100
AcDbPolyline
 90
4
 70
1
 10
169.358400
 20
111.467800
 30
0.0
 10
174.358400
 20
111.467800
 30
0.0
 10
174.358400
 20
114.617800
 30
0.0
 10
169.358400
 20
114.617800
 30
0.0
  0
LWPOLYLINE
  5
4d0
100
AcDbEntity
  8
0
 62
7
100
AcDbPolyline
 90
4
 70
1
 10
187.358400
 20
119.622800
 30
0.0
 10
192.358400
 20
119.622800
 30
0.0
 10
192.358400
 20
122.772800
 30
0.0
 10
187.358400
 20
122.772800
 30
0.0
  0
LWPOLYLINE
  5
4d1
100
AcDbEntity
  8
0
 62
7
100
AcDbPolyline
 90
4
 70
1
 10
48.214400
 20
117.622800
 30
0.0
 10
53.214400
 20
117.622800
 30
0.0
 10
53.214400
 20
120.772800
 30
0.0
 10
48.214400
 20
120.772800
 30
0.0
  0
LWPOLYLINE
  5
4d2
100
AcDbEntity
  8
0
 62
7
100
AcDbPolyline
 90
4
 70
1
 10
194.368400
 20
77.882100
 30
0.0
 10
189.444300
 20
77.013800
 30
0.0
 10
188.897300
 20
80.116000
 30
0.0
 10
193.821400
 20
80.984200
 30
0.0
  0
LWPOLYLINE
  5
4d3
100
AcDbEntity
  8
0
 62
7
100
AcDbPolyline
 90
4
 70
1
 10
66.214400
 20
143.122800
 30
0.0
 10
71.214400
 20
143.122800
 30
0.0
 10
71.214400
 20
146.272800
 30
0.0
 10
66.214400
 20
146.272800
 30
0.0
  0
LWPOLYLINE
  5
4d4
100
AcDbEntity
  8
0
 62
7
100
AcDbPolyline
 90
4
 70
1
 10
102.214400
 20
94.467800
 30
0.0
 10
107.214400
 20
94.467800
 30
0.0
 10
107.214400
 20
97.617800
 30
0.0
 10
102.214400
 20
97.617800
 30
0.0
  0
LWPOLYLINE
  5
4d5
100
AcDbEntity
  8
0
 62
7
100
AcDbPolyline
 90
4
 70
1
 10
223.358400
 20
100.622800
 30
0.0
 10
228.358400
 20
100.622800
 30
0.0
 10
228.358400
 20
103.772800
 30
0.0
 10
223.358400
 20
103.772800
 30
0.0
  0
LWPOLYLINE
  5
4d6
100
AcDbEntity
  8
0
 62
7
100
AcDbPolyline
 90
4
 70
1
 10
30.214400
 20
87.622800
 30
0.0
 10
35.214400
 20
87.622800
 30
0.0
 10
35.214400
 20
90.772800
 30
0.0
 10
30.214400
 20
90.772800
 30
0.0
  0
LWPOLYLINE
  5
4d7
100
AcDbEntity
  8
0
 62
7
100
AcDbPolyline
 90
4
 70
1
 10
176.284800
 20
73.737900
 30
0.0
 10
171.586300
 20
72.027800
 30
0.0
 10
170.509000
 20
74.987800
 30
0.0
 10
175.207400
 20
76.697900
 30
0.0
  0
LWPOLYLINE
  5
4d8
100
AcDbEntity
  8
0
 62
7
100
AcDbPolyline
 90
4
 70
1
 10
169.358400
 20
128.467800
 30
0.0
 10
174.358400
 20
128.467800
 30
0.0
 10
174.358400
 20
131.617800
 30
0.0
 10
169.358400
 20
131.617800
 30
0.0
  0
LWPOLYLINE
  5
4d9
100
AcDbEntity
  8
0
 62
7
100
AcDbPolyline
 90
4
 70
1
 10
169.358400
 20
94.467800
 30
0.0
 10
174.358400
 20
94.467800
 30
0.0
 10
174.358400
 20
97.617800
 30
0.0
 10
169.358400
 20
97.617800
 30
0.0
  0
LWPOLYLINE
  5
4da
100
AcDbEntity
  8
0
 62
7
100
AcDbPolyline
 90
4
 70
1
 10
102.214400
 20
111.467800
 30
0.0
 10
107.214400
 20
111.467800
 30
0.0
 10
107.214400
 20
114.617800
 30
0.0
 10
102.214400
 20
114.617800
 30
0.0
  0
LWPOLYLINE
  5
4db
100
AcDbEntity
  8
0
 62
7
100
AcDbPolyline
 90
4
 70
1
 10
223.358400
 20
117.622800
 30
0.0
 10
228.358400
 20
117.622800
 30
0.0
 10
228.358400
 20
120.772800
 30
0.0
 10
223.358400
 20
120.772800
 30
0.0
  0
LWPOLYLINE
  5
4dc
100
AcDbEntity
  8
0
 62
7
100
AcDbPolyline
 90
4
 70
1
 10
66.214400
 20
126.122800
 30
0.0
 10
71.214400
 20
126.122800
 30
0.0
 10
71.214400
 20
129.272800
 30
0.0
 10
66.214400
 20
129.272800
 30
0.0
  0
LWPOLYLINE
  5
4dd
100
AcDbEntity
  8
0
 62
7
100
AcDbPolyline
 90
4
 70
1
 10
205.358400
 20
143.122800
 30
0.0
 10
210.358400
 20
143.122800
 30
0.0
 10
210.358400
 20
146.272800
 30
0.0
 10
205.358400
 20
146.272800
 30
0.0
  0
LWPOLYLINE
  5
4de
100
AcDbEntity
  8
0
 62
7
100
AcDbPolyline
 90
4
 70
1
 10
48.214400
 20
134.622800
 30
0.0
 10
53.214400
 20
134.622800
 30
0.0
 10
53.214400
 20
137.772800
 30
0.0
 10
48.214400
 20
137.772800
 30
0.0
  0
LWPOLYLINE
  5
4df
100
AcDbEntity
  8
0
 62
7
100
AcDbPolyline
 90
4
 70
1
 10
30.214400
 20
104.622800
 30
0.0
 10
35.214400
 20
104.622800
 30
0.0
 10
35.214400
 20
107.772800
 30
0.0
 10
30.214400
 20
107.772800
 30
0.0
  0
LWPOLYLINE
  5
4e0
100
AcDbEntity
  8
0
 62
7
100
AcDbPolyline
 90
4
 70
1
 10
205.358400
 20
126.122800
 30
0.0
 10
210.358400
 20
126.122800
 30
0.0
 10
210.358400
 20
129.272800
 30
0.0
 10
205.358400
 20
129.272800
 30
0.0
  0
LWPOLYLINE
  5
4e1
100
AcDbEntity
  8
0
 62
7
100
AcDbPolyline
 90
4
 70
1
 10
48.214400
 20
100.622800
 30
0.0
 10
53.214400
 20
100.622800
 30
0.0
 10
53.214400
 20
103.772800
 30
0.0
 10
48.214400
 20
103.772800
 30
0.0
  0
LWPOLYLINE
  5
4e2
100
AcDbEntity
  8
0
 62
7
100
AcDbPolyline
 90
4
 70
1
 10
87.675500
 20
80.116000
 30
0.0
 10
87.128500
 20
77.013800
 30
0.0
 10
82.204400
 20
77.882100
 30
0.0
 10
82.751400
 20
80.984200
 30
0.0
  0
LWPOLYLINE
  5
4e3
100
AcDbEntity
  8
0
 62
7
100
AcDbPolyline
 90
2
 70
0
 10
200.908400
 20
108.947800
 30
0.0
 10
200.908400
 20
121.847800
 30
0.0
  0
LWPOLYLINE
  5
4e4
100
AcDbEntity
  8
0
 62
7
100
AcDbPolyline
 90
2
 70
0
 10
201.408400
 20
122.347800
 30
0.0
 10
214.308400
 20
122.347800
 30
0.0
  0
LWPOLYLINE
  5
4e5
100
AcDbEntity
  8
0
 62
7
100
AcDbPolyline
 90
2
 70
0
 10
214.308400
 20
108.447800
 30
0.0
 10
201.408400
 20
108.447800
 30
0.0
  0
SPLINE
  5
4e6
100
AcDbEntity
  8
0
 62
7
100
AcDbSpline
 70
8
 71
3
 72
8
 73
4
 74
0
 40
0
 40
0
 40
0
 40
0
 40
1
 40
1
 40
1
 40
1
 10
201.408400
 20
122.347800
 30
0.0
 10
201.275792
 20
122.347800
 30
0.0
 10
201.148615
 20
122.295122
 30
0.0
 10
201.054847
 20
122.201353
 30
0.0
  0
SPLINE
  5
4e7
100
AcDbEntity
  8
0
 62
7
100
AcDbSpline
 70
8
 71
3
 72
8
 73
4
 74
0
 40
0
 40
0
 40
0
 40
0
 40
1
 40
1
 40
1
 40
1
 10
201.054847
 20
122.201353
 30
0.0
 10
200.961078
 20
122.107585
 30
0.0
 10
200.908400
 20
121.980408
 30
0.0
 10
200.908400
 20
121.847800
 30
0.0
  0
SPLINE
  5
4e8
100
AcDbEntity
  8
0
 62
7
100
AcDbSpline
 70
8
 71
3
 72
8
 73
4
 74
0
 40
0
 40
0
 40
0
 40
0
 40
1
 40
1
 40
1
 40
1
 10
200.908400
 20
108.947800
 30
0.0
 10
200.908400
 20
108.815192
 30
0.0
 10
200.961078
 20
108.688015
 30
0.0
 10
201.054847
 20
108.594247
 30
0.0
  0
SPLINE
  5
4e9
100
AcDbEntity
  8
0
 62
7
100
AcDbSpline
 70
8
 71
3
 72
8
 73
4
 74
0
 40
0
 40
0
 40
0
 40
0
 40
1
 40
1
 40
1
 40
1
 10
201.054847
 20
108.594247
 30
0.0
 10
201.148615
 20
108.500478
 30
0.0
 10
201.275792
 20
108.447800
 30
0.0
 10
201.408400
 20
108.447800
 30
0.0
  0
SPLINE
  5
4ea
100
AcDbEntity
  8
0
 62
7
100
AcDbSpline
 70
8
 71
3
 72
8
 73
4
 74
0
 40
0
 40
0
 40
0
 40
0
 40
1
 40
1
 40
1
 40
1
 10
214.808400
 20
121.847800
 30
0.0
 10
214.808400
 20
121.980408
 30
0.0
 10
214.755722
 20
122.107585
 30
0.0
 10
214.661953
 20
122.201353
 30
0.0
  0
SPLINE
  5
4eb
100
AcDbEntity
  8
0
 62
7
100
AcDbSpline
 70
8
 71
3
 72
8
 73
4
 74
0
 40
0
 40
0
 40
0
 40
0
 40
1
 40
1
 40
1
 40
1
 10
214.661953
 20
122.201353
 30
0.0
 10
214.568185
 20
122.295122
 30
0.0
 10
214.441008
 20
122.347800
 30
0.0
 10
214.308400
 20
122.347800
 30
0.0
  0
SPLINE
  5
4ec
100
AcDbEntity
  8
0
 62
7
100
AcDbSpline
 70
8
 71
3
 72
8
 73
4
 74
0
 40
0
 40
0
 40
0
 40
0
 40
1
 40
1
 40
1
 40
1
 10
214.308400
 20
108.447800
 30
0.0
 10
214.441008
 20
108.447800
 30
0.0
 10
214.568185
 20
108.500478
 30
0.0
 10
214.661953
 20
108.594247
 30
0.0
  0
SPLINE
  5
4ed
100
AcDbEntity
  8
0
 62
7
100
AcDbSpline
 70
8
 71
3
 72
8
 73
4
 74
0
 40
0
 40
0
 40
0
 40
0
 40
1
 40
1
 40
1
 40
1
 10
214.661953
 20
108.594247
 30
0.0
 10
214.755722
 20
108.688015
 30
0.0
 10
214.808400
 20
108.815192
 30
0.0
 10
214.808400
 20
108.947800
 30
0.0
  0
LWPOLYLINE
  5
4ee
100
AcDbEntity
  8
0
 62
7
100
AcDbPolyline
 90
2
 70
0
 10
214.808400
 20
121.847800
 30
0.0
 10
214.808400
 20
108.947800
 30
0.0
  0
LWPOLYLINE
  5
4ef
100
AcDbEntity
  8
0
 62
7
100
AcDbPolyline
 90
2
 70
0
 10
96.045700
 20
75.095400
 30
0.0
 10
100.457800
 20
87.217500
 30
0.0
  0
LWPOLYLINE
  5
4f0
100
AcDbEntity
  8
0
 62
7
100
AcDbPolyline
 90
2
 70
0
 10
101.098600
 20
87.516300
 30
0.0
 10
113.220700
 20
83.104200
 30
0.0
  0
LWPOLYLINE
  5
4f1
100
AcDbEntity
  8
0
 62
7
100
AcDbPolyline
 90
2
 70
0
 10
108.466600
 20
70.042500
 30
0.0
 10
96.344500
 20
74.454600
 30
0.0
  0
SPLINE
  5
4f2
100
AcDbEntity
  8
0
 62
7
100
AcDbSpline
 70
8
 71
3
 72
8
 73
4
 74
0
 40
0
 40
0
 40
0
 40
0
 40
1
 40
1
 40
1
 40
1
 10
96.045700
 20
75.095400
 30
0.0
 10
95.951287
 20
74.835938
 30
0.0
 10
96.085056
 20
74.549061
 30
0.0
 10
96.344500
 20
74.454600
 30
0.0
  0
SPLINE
  5
4f3
100
AcDbEntity
  8
0
 62
7
100
AcDbSpline
 70
8
 71
3
 72
8
 73
4
 74
0
 40
0
 40
0
 40
0
 40
0
 40
1
 40
1
 40
1
 40
1
 10
101.098600
 20
87.516300
 30
0.0
 10
100.839138
 20
87.610713
 30
0.0
 10
100.552261
 20
87.476944
 30
0.0
 10
100.457800
 20
87.217500
 30
0.0
  0
SPLINE
  5
4f4
100
AcDbEntity
  8
0
 62
7
100
AcDbSpline
 70
8
 71
3
 72
8
 73
4
 74
0
 40
0
 40
0
 40
0
 40
0
 40
1
 40
1
 40
1
 40
1
 10
108.466600
 20
70.042500
 30
0.0
 10
108.726062
 20
69.948087
 30
0.0
 10
109.012939
 20
70.081856
 30
0.0
 10
109.107400
 20
70.341300
 30
0.0
  0
SPLINE
  5
4f5
100
AcDbEntity
  8
0
 62
7
100
AcDbSpline
 70
8
 71
3
 72
8
 73
4
 74
0
 40
0
 40
0
 40
0
 40
0
 40
1
 40
1
 40
1
 40
1
 10
113.519500
 20
82.463400
 30
0.0
 10
113.613913
 20
82.722862
 30
0.0
 10
113.480144
 20
83.009739
 30
0.0
 10
113.220700
 20
83.104200
 30
0.0
  0
LWPOLYLINE
  5
4f6
100
AcDbEntity
  8
0
 62
7
100
AcDbPolyline
 90
2
 70
0
 10
113.519500
 20
82.463400
 30
0.0
 10
109.107400
 20
70.341300
 30
0.0
  0
LWPOLYLINE
  5
4f7
100
AcDbEntity
  8
0
 62
7
100
AcDbPolyline
 90
2
 70
0
 10
79.764400
 20
102.447800
 30
0.0
 10
79.764400
 20
115.347800
 30
0.0
  0
LWPOLYLINE
  5
4f8
100
AcDbEntity
  8
0
 62
7
100
AcDbPolyline
 90
2
 70
0
 10
80.264400
 20
115.847800
 30
0.0
 10
93.164400
 20
115.847800
 30
0.0
  0
LWPOLYLINE
  5
4f9
100
AcDbEntity
  8
0
 62
7
100
AcDbPolyline
 90
2
 70
0
 10
93.164400
 20
101.947800
 30
0.0
 10
80.264400
 20
101.947800
 30
0.0
  0
SPLINE
  5
4fa
100
AcDbEntity
  8
0
 62
7
100
AcDbSpline
 70
8
 71
3
 72
8
 73
4
 74
0
 40
0
 40
0
 40
0
 40
0
 40
1
 40
1
 40
1
 40
1
 10
80.264400
 20
115.847800
 30
0.0
 10
80.131792
 20
115.847800
 30
0.0
 10
80.004615
 20
115.795122
 30
0.0
 10
79.910847
 20
115.701353
 30
0.0
  0
SPLINE
  5
4fb
100
AcDbEntity
  8
0
 62
7
100
AcDbSpline
 70
8
 71
3
 72
8
 73
4
 74
0
 40
0
 40
0
 40
0
 40
0
 40
1
 40
1
 40
1
 40
1
 10
79.910847
 20
115.701353
 30
0.0
 10
79.817078
 20
115.607585
 30
0.0
 10
79.764400
 20
115.480408
 30
0.0
 10
79.764400
 20
115.347800
 30
0.0
  0
SPLINE
  5
4fc
100
AcDbEntity
  8
0
 62
7
100
AcDbSpline
 70
8
 71
3
 72
8
 73
4
 74
0
 40
0
 40
0
 40
0
 40
0
 40
1
 40
1
 40
1
 40
1
 10
79.764400
 20
102.447800
 30
0.0
 10
79.764400
 20
102.315192
 30
0.0
 10
79.817078
 20
102.188015
 30
0.0
 10
79.910847
 20
102.094247
 30
0.0
  0
SPLINE
  5
4fd
100
AcDbEntity
  8
0
 62
7
100
AcDbSpline
 70
8
 71
3
 72
8
 73
4
 74
0
 40
0
 40
0
 40
0
 40
0
 40
1
 40
1
 40
1
 40
1
 10
79.910847
 20
102.094247
 30
0.0
 10
80.004615
 20
102.000478
 30
0.0
 10
80.131792
 20
101.947800
 30
0.0
 10
80.264400
 20
101.947800
 30
0.0
  0
SPLINE
  5
4fe
100
AcDbEntity
  8
0
 62
7
100
AcDbSpline
 70
8
 71
3
 72
8
 73
4
 74
0
 40
0
 40
0
 40
0
 40
0
 40
1
 40
1
 40
1
 40
1
 10
93.664400
 20
115.347800
 30
0.0
 10
93.664400
 20
115.480408
 30
0.0
 10
93.611722
 20
115.607585
 30
0.0
 10
93.517953
 20
115.701353
 30
0.0
  0
SPLINE
  5
4ff
100
AcDbEntity
  8
0
 62
7
100
AcDbSpline
 70
8
 71
3
 72
8
 73
4
 74
0
 40
0
 40
0
 40
0
 40
0
 40
1
 40
1
 40
1
 40
1
 10
93.517953
 20
115.701353
 30
0.0
 10
93.424185
 20
115.795122
 30
0.0
 10
93.297008
 20
115.847800
 30
0.0
 10
93.164400
 20
115.847800
 30
0.0
  0
SPLINE
  5
500
100
AcDbEntity
  8
0
 62
7
100
AcDbSpline
 70
8
 71
3
 72
8
 73
4
 74
0
 40
0
 40
0
 40
0
 40
0
 40
1
 40
1
 40
1
 40
1
 10
93.164400
 20
101.947800
 30
0.0
 10
93.297008
 20
101.947800
 30
0.0
 10
93.424185
 20
102.000478
 30
0.0
 10
93.517953
 20
102.094247
 30
0.0
  0
SPLINE
  5
501
100
AcDbEntity
  8
0
 62
7
100
AcDbSpline
 70
8
 71
3
 72
8
 73
4
 74
0
 40
0
 40
0
 40
0
 40
0
 40
1
 40
1
 40
1
 40
1
 10
93.517953
 20
102.094247
 30
0.0
 10
93.611722
 20
102.188015
 30
0.0
 10
93.664400
 20
102.315192
 30
0.0
 10
93.664400
 20
102.447800
 30
0.0
  0
LWPOLYLINE
  5
502
100
AcDbEntity
  8
0
 62
7
100
AcDbPolyline
 90
2
 70
0
 10
93.664400
 20
115.347800
 30
0.0
 10
93.664400
 20
102.447800
 30
0.0
  0
LWPOLYLINE
  5
503
100
AcDbEntity
  8
0
 62
7
100
AcDbPolyline
 90
2
 70
0
 10
79.764400
 20
119.447800
 30
0.0
 10
79.764400
 20
132.347800
 30
0.0
  0
LWPOLYLINE
  5
504
100
AcDbEntity
  8
0
 62
7
100
AcDbPolyline
 90
2
 70
0
 10
80.264400
 20
132.847800
 30
0.0
 10
93.164400
 20
132.847800
 30
0.0
  0
LWPOLYLINE
  5
505
100
AcDbEntity
  8
0
 62
7
100
AcDbPolyline
 90
2
 70
0
 10
93.164400
 20
118.947800
 30
0.0
 10
80.264400
 20
118.947800
 30
0.0
  0
SPLINE
  5
506
100
AcDbEntity
  8
0
 62
7
100
AcDbSpline
 70
8
 71
3
 72
8
 73
4
 74
0
 40
0
 40
0
 40
0
 40
0
 40
1
 40
1
 40
1
 40
1
 10
80.264400
 20
132.847800
 30
0.0
 10
80.131792
 20
132.847800
 30
0.0
 10
80.004615
 20
132.795122
 30
0.0
 10
79.910847
 20
132.701353
 30
0.0
  0
SPLINE
  5
507
100
AcDbEntity
  8
0
 62
7
100
AcDbSpline
 70
8
 71
3
 72
8
 73
4
 74
0
 40
0
 40
0
 40
0
 40
0
 40
1
 40
1
 40
1
 40
1
 10
79.910847
 20
132.701353
 30
0.0
 10
79.817078
 20
132.607585
 30
0.0
 10
79.764400
 20
132.480408
 30
0.0
 10
79.764400
 20
132.347800
 30
0.0
  0
SPLINE
  5
508
100
AcDbEntity
  8
0
 62
7
100
AcDbSpline
 70
8
 71
3
 72
8
 73
4
 74
0
 40
0
 40
0
 40
0
 40
0
 40
1
 40
1
 40
1
 40
1
 10
79.764400
 20
119.447800
 30
0.0
 10
79.764400
 20
119.315192
 30
0.0
 10
79.817078
 20
119.188015
 30
0.0
 10
79.910847
 20
119.094247
 30
0.0
  0
SPLINE
  5
509
100
AcDbEntity
  8
0
 62
7
100
AcDbSpline
 70
8
 71
3
 72
8
 73
4
 74
0
 40
0
 40
0
 40
0
 40
0
 40
1
 40
1
 40
1
 40
1
 10
79.910847
 20
119.094247
 30
0.0
 10
80.004615
 20
119.000478
 30
0.0
 10
80.131792
 20
118.947800
 30
0.0
 10
80.264400
 20
118.947800
 30
0.0
  0
SPLINE
  5
50a
100
AcDbEntity
  8
0
 62
7
100
AcDbSpline
 70
8
 71
3
 72
8
 73
4
 74
0
 40
0
 40
0
 40
0
 40
0
 40
1
 40
1
 40
1
 40
1
 10
93.664400
 20
132.347800
 30
0.0
 10
93.664400
 20
132.480408
 30
0.0
 10
93.611722
 20
132.607585
 30
0.0
 10
93.517953
 20
132.701353
 30
0.0
  0
SPLINE
  5
50b
100
AcDbEntity
  8
0
 62
7
100
AcDbSpline
 70
8
 71
3
 72
8
 73
4
 74
0
 40
0
 40
0
 40
0
 40
0
 40
1
 40
1
 40
1
 40
1
 10
93.517953
 20
132.701353
 30
0.0
 10
93.424185
 20
132.795122
 30
0.0
 10
93.297008
 20
132.847800
 30
0.0
 10
93.164400
 20
132.847800
 30
0.0
  0
SPLINE
  5
50c
100
AcDbEntity
  8
0
 62
7
100
AcDbSpline
 70
8
 71
3
 72
8
 73
4
 74
0
 40
0
 40
0
 40
0
 40
0
 40
1
 40
1
 40
1
 40
1
 10
93.164400
 20
118.947800
 30
0.0
 10
93.297008
 20
118.947800
 30
0.0
 10
93.424185
 20
119.000478
 30
0.0
 10
93.517953
 20
119.094247
 30
0.0
  0
SPLINE
  5
50d
100
AcDbEntity
  8
0
 62
7
100
AcDbSpline
 70
8
 71
3
 72
8
 73
4
 74
0
 40
0
 40
0
 40
0
 40
0
 40
1
 40
1
 40
1
 40
1
 10
93.517953
 20
119.094247
 30
0.0
 10
93.611722
 20
119.188015
 30
0.0
 10
93.664400
 20
119.315192
 30
0.0
 10
93.664400
 20
119.447800
 30
0.0
  0
LWPOLYLINE
  5
50e
100
AcDbEntity
  8
0
 62
7
100
AcDbPolyline
 90
2
 70
0
 10
93.664400
 20
132.347800
 30
0.0
 10
93.664400
 20
119.447800
 30
0.0
  0
LWPOLYLINE
  5
50f
100
AcDbEntity
  8
0
 62
7
100
AcDbPolyline
 90
2
 70
0
 10
61.764400
 20
108.947800
 30
0.0
 10
61.764400
 20
121.847800
 30
0.0
  0
LWPOLYLINE
  5
510
100
AcDbEntity
  8
0
 62
7
100
AcDbPolyline
 90
2
 70
0
 10
62.264400
 20
122.347800
 30
0.0
 10
75.164400
 20
122.347800
 30
0.0
  0
LWPOLYLINE
  5
511
100
AcDbEntity
  8
0
 62
7
100
AcDbPolyline
 90
2
 70
0
 10
75.164400
 20
108.447800
 30
0.0
 10
62.264400
 20
108.447800
 30
0.0
  0
SPLINE
  5
512
100
AcDbEntity
  8
0
 62
7
100
AcDbSpline
 70
8
 71
3
 72
8
 73
4
 74
0
 40
0
 40
0
 40
0
 40
0
 40
1
 40
1
 40
1
 40
1
 10
62.264400
 20
122.347800
 30
0.0
 10
62.131792
 20
122.347800
 30
0.0
 10
62.004615
 20
122.295122
 30
0.0
 10
61.910847
 20
122.201353
 30
0.0
  0
SPLINE
  5
513
100
AcDbEntity
  8
0
 62
7
100
AcDbSpline
 70
8
 71
3
 72
8
 73
4
 74
0
 40
0
 40
0
 40
0
 40
0
 40
1
 40
1
 40
1
 40
1
 10
61.910847
 20
122.201353
 30
0.0
 10
61.817078
 20
122.107585
 30
0.0
 10
61.764400
 20
121.980408
 30
0.0
 10
61.764400
 20
121.847800
 30
0.0
  0
SPLINE
  5
514
100
AcDbEntity
  8
0
 62
7
100
AcDbSpline
 70
8
 71
3
 72
8
 73
4
 74
0
 40
0
 40
0
 40
0
 40
0
 40
1
 40
1
 40
1
 40
1
 10
61.764400
 20
108.947800
 30
0.0
 10
61.764400
 20
108.815192
 30
0.0
 10
61.817078
 20
108.688015
 30
0.0
 10
61.910847
 20
108.594247
 30
0.0
  0
SPLINE
  5
515
100
AcDbEntity
  8
0
 62
7
100
AcDbSpline
 70
8
 71
3
 72
8
 73
4
 74
0
 40
0
 40
0
 40
0
 40
0
 40
1
 40
1
 40
1
 40
1
 10
61.910847
 20
108.594247
 30
0.0
 10
62.004615
 20
108.500478
 30
0.0
 10
62.131792
 20
108.447800
 30
0.0
 10
62.264400
 20
108.447800
 30
0.0
  0
SPLINE
  5
516
100
AcDbEntity
  8
0
 62
7
100
AcDbSpline
 70
8
 71
3
 72
8
 73
4
 74
0
 40
0
 40
0
 40
0
 40
0
 40
1
 40
1
 40
1
 40
1
 10
75.664400
 20
121.847800
 30
0.0
 10
75.664400
 20
121.980408
 30
0.0
 10
75.611722
 20
122.107585
 30
0.0
 10
75.517953
 20
122.201353
 30
0.0
  0
SPLINE
  5
517
100
AcDbEntity
  8
0
 62
7
100
AcDbSpline
 70
8
 71
3
 72
8
 73
4
 74
0
 40
0
 40
0
 40
0
 40
0
 40
1
 40
1
 40
1
 40
1
 10
75.517953
 20
122.201353
 30
0.0
 10
75.424185
 20
122.295122
 30
0.0
 10
75.297008
 20
122.347800
 30
0.0
 10
75.164400
 20
122.347800
 30
0.0
  0
SPLINE
  5
518
100
AcDbEntity
  8
0
 62
7
100
AcDbSpline
 70
8
 71
3
 72
8
 73
4
 74
0
 40
0
 40
0
 40
0
 40
0
 40
1
 40
1
 40
1
 40
1
 10
75.164400
 20
108.447800
 30
0.0
 10
75.297008
 20
108.447800
 30
0.0
 10
75.424185
 20
108.500478
 30
0.0
 10
75.517953
 20
108.594247
 30
0.0
  0
SPLINE
  5
519
100
AcDbEntity
  8
0
 62
7
100
AcDbSpline
 70
8
 71
3
 72
8
 73
4
 74
0
 40
0
 40
0
 40
0
 40
0
 40
1
 40
1
 40
1
 40
1
 10
75.517953
 20
108.594247
 30
0.0
 10
75.611722
 20
108.688015
 30
0.0
 10
75.664400
 20
108.815192
 30
0.0
 10
75.664400
 20
108.947800
 30
0.0
  0
LWPOLYLINE
  5
51a
100
AcDbEntity
  8
0
 62
7
100
AcDbPolyline
 90
2
 70
0
 10
75.664400
 20
121.847800
 30
0.0
 10
75.664400
 20
108.947800
 30
0.0
  0
LWPOLYLINE
  5
51b
100
AcDbEntity
  8
0
 62
7
100
AcDbPolyline
 90
2
 70
0
 10
79.764400
 20
136.447800
 30
0.0
 10
79.764400
 20
149.347800
 30
0.0
  0
LWPOLYLINE
  5
51c
100
AcDbEntity
  8
0
 62
7
100
AcDbPolyline
 90
2
 70
0
 10
80.264400
 20
149.847800
 30
0.0
 10
93.164400
 20
149.847800
 30
0.0
  0
LWPOLYLINE
  5
51d
100
AcDbEntity
  8
0
 62
7
100
AcDbPolyline
 90
2
 70
0
 10
93.164400
 20
135.947800
 30
0.0
 10
80.264400
 20
135.947800
 30
0.0
  0
SPLINE
  5
51e
100
AcDbEntity
  8
0
 62
7
100
AcDbSpline
 70
8
 71
3
 72
8
 73
4
 74
0
 40
0
 40
0
 40
0
 40
0
 40
1
 40
1
 40
1
 40
1
 10
80.264400
 20
149.847800
 30
0.0
 10
80.131792
 20
149.847800
 30
0.0
 10
80.004615
 20
149.795122
 30
0.0
 10
79.910847
 20
149.701353
 30
0.0
  0
SPLINE
  5
51f
100
AcDbEntity
  8
0
 62
7
100
AcDbSpline
 70
8
 71
3
 72
8
 73
4
 74
0
 40
0
 40
0
 40
0
 40
0
 40
1
 40
1
 40
1
 40
1
 10
79.910847
 20
149.701353
 30
0.0
 10
79.817078
 20
149.607585
 30
0.0
 10
79.764400
 20
149.480408
 30
0.0
 10
79.764400
 20
149.347800
 30
0.0
  0
SPLINE
  5
520
100
AcDbEntity
  8
0
 62
7
100
AcDbSpline
 70
8
 71
3
 72
8
 73
4
 74
0
 40
0
 40
0
 40
0
 40
0
 40
1
 40
1
 40
1
 40
1
 10
79.764400
 20
136.447800
 30
0.0
 10
79.764400
 20
136.315192
 30
0.0
 10
79.817078
 20
136.188015
 30
0.0
 10
79.910847
 20
136.094247
 30
0.0
  0
SPLINE
  5
521
100
AcDbEntity
  8
0
 62
7
100
AcDbSpline
 70
8
 71
3
 72
8
 73
4
 74
0
 40
0
 40
0
 40
0
 40
0
 40
1
 40
1
 40
1
 40
1
 10
79.910847
 20
136.094247
 30
0.0
 10
80.004615
 20
136.000478
 30
0.0
 10
80.131792
 20
135.947800
 30
0.0
 10
80.264400
 20
135.947800
 30
0.0
  0
SPLINE
  5
522
100
AcDbEntity
  8
0
 62
7
100
AcDbSpline
 70
8
 71
3
 72
8
 73
4
 74
0
 40
0
 40
0
 40
0
 40
0
 40
1
 40
1
 40
1
 40
1
 10
93.664400
 20
149.347800
 30
0.0
 10
93.664400
 20
149.480408
 30
0.0
 10
93.611722
 20
149.607585
 30
0.0
 10
93.517953
 20
149.701353
 30
0.0
  0
SPLINE
  5
523
100
AcDbEntity
  8
0
 62
7
100
AcDbSpline
 70
8
 71
3
 72
8
 73
4
 74
0
 40
0
 40
0
 40
0
 40
0
 40
1
 40
1
 40
1
 40
1
 10
93.517953
 20
149.701353
 30
0.0
 10
93.424185
 20
149.795122
 30
0.0
 10
93.297008
 20
149.847800
 30
0.0
 10
93.164400
 20
149.847800
 30
0.0
  0
SPLINE
  5
524
100
AcDbEntity
  8
0
 62
7
100
AcDbSpline
 70
8
 71
3
 72
8
 73
4
 74
0
 40
0
 40
0
 40
0
 40
0
 40
1
 40
1
 40
1
 40
1
 10
93.164400
 20
135.947800
 30
0.0
 10
93.297008
 20
135.947800
 30
0.0
 10
93.424185
 20
136.000478
 30
0.0
 10
93.517953
 20
136.094247
 30
0.0
  0
SPLINE
  5
525
100
AcDbEntity
  8
0
 62
7
100
AcDbSpline
 70
8
 71
3
 72
8
 73
4
 74
0
 40
0
 40
0
 40
0
 40
0
 40
1
 40
1
 40
1
 40
1
 10
93.517953
 20
136.094247
 30
0.0
 10
93.611722
 20
136.188015
 30
0.0
 10
93.664400
 20
136.315192
 30
0.0
 10
93.664400
 20
136.447800
 30
0.0
  0
LWPOLYLINE
  5
526
100
AcDbEntity
  8
0
 62
7
100
AcDbPolyline
 90
2
 70
0
 10
93.664400
 20
149.347800
 30
0.0
 10
93.664400
 20
136.447800
 30
0.0
  0
LWPOLYLINE
  5
527
100
AcDbEntity
  8
0
 62
7
100
AcDbPolyline
 90
2
 70
0
 10
236.908400
 20
87.447800
 30
0.0
 10
236.908400
 20
100.347800
 30
0.0
  0
LWPOLYLINE
  5
528
100
AcDbEntity
  8
0
 62
7
100
AcDbPolyline
 90
2
 70
0
 10
237.408400
 20
100.847800
 30
0.0
 10
250.308400
 20
100.847800
 30
0.0
  0
LWPOLYLINE
  5
529
100
AcDbEntity
  8
0
 62
7
100
AcDbPolyline
 90
2
 70
0
 10
250.308400
 20
86.947800
 30
0.0
 10
237.408400
 20
86.947800
 30
0.0
  0
SPLINE
  5
52a
100
AcDbEntity
  8
0
 62
7
100
AcDbSpline
 70
8
 71
3
 72
8
 73
4
 74
0
 40
0
 40
0
 40
0
 40
0
 40
1
 40
1
 40
1
 40
1
 10
237.408400
 20
100.847800
 30
0.0
 10
237.275792
 20
100.847800
 30
0.0
 10
237.148615
 20
100.795122
 30
0.0
 10
237.054847
 20
100.701353
 30
0.0
  0
SPLINE
  5
52b
100
AcDbEntity
  8
0
 62
7
100
AcDbSpline
 70
8
 71
3
 72
8
 73
4
 74
0
 40
0
 40
0
 40
0
 40
0
 40
1
 40
1
 40
1
 40
1
 10
237.054847
 20
100.701353
 30
0.0
 10
236.961078
 20
100.607585
 30
0.0
 10
236.908400
 20
100.480408
 30
0.0
 10
236.908400
 20
100.347800
 30
0.0
  0
SPLINE
  5
52c
100
AcDbEntity
  8
0
 62
7
100
AcDbSpline
 70
8
 71
3
 72
8
 73
4
 74
0
 40
0
 40
0
 40
0
 40
0
 40
1
 40
1
 40
1
 40
1
 10
236.908400
 20
87.447800
 30
0.0
 10
236.908400
 20
87.315192
 30
0.0
 10
236.961078
 20
87.188015
 30
0.0
 10
237.054847
 20
87.094247
 30
0.0
  0
SPLINE
  5
52d
100
AcDbEntity
  8
0
 62
7
100
AcDbSpline
 70
8
 71
3
 72
8
 73
4
 74
0
 40
0
 40
0
 40
0
 40
0
 40
1
 40
1
 40
1
 40
1
 10
237.054847
 20
87.094247
 30
0.0
 10
237.148615
 20
87.000478
 30
0.0
 10
237.275792
 20
86.947800
 30
0.0
 10
237.408400
 20
86.947800
 30
0.0
  0
SPLINE
  5
52e
100
AcDbEntity
  8
0
 62
7
100
AcDbSpline
 70
8
 71
3
 72
8
 73
4
 74
0
 40
0
 40
0
 40
0
 40
0
 40
1
 40
1
 40
1
 40
1
 10
250.808400
 20
100.347800
 30
0.0
 10
250.808400
 20
100.480408
 30
0.0
 10
250.755722
 20
100.607585
 30
0.0
 10
250.661953
 20
100.701353
 30
0.0
  0
SPLINE
  5
52f
100
AcDbEntity
  8
0
 62
7
100
AcDbSpline
 70
8
 71
3
 72
8
 73
4
 74
0
 40
0
 40
0
 40
0
 40
0
 40
1
 40
1
 40
1
 40
1
 10
250.661953
 20
100.701353
 30
0.0
 10
250.568185
 20
100.795122
 30
0.0
 10
250.441008
 20
100.847800
 30
0.0
 10
250.308400
 20
100.847800
 30
0.0
  0
SPLINE
  5
530
100
AcDbEntity
  8
0
 62
7
100
AcDbSpline
 70
8
 71
3
 72
8
 73
4
 74
0
 40
0
 40
0
 40
0
 40
0
 40
1
 40
1
 40
1
 40
1
 10
250.308400
 20
86.947800
 30
0.0
 10
250.441008
 20
86.947800
 30
0.0
 10
250.568185
 20
87.000478
 30
0.0
 10
250.661953
 20
87.094247
 30
0.0
  0
SPLINE
  5
531
100
AcDbEntity
  8
0
 62
7
100
AcDbSpline
 70
8
 71
3
 72
8
 73
4
 74
0
 40
0
 40
0
 40
0
 40
0
 40
1
 40
1
 40
1
 40
1
 10
250.661953
 20
87.094247
 30
0.0
 10
250.755722
 20
87.188015
 30
0.0
 10
250.808400
 20
87.315192
 30
0.0
 10
250.808400
 20
87.447800
 30
0.0
  0
LWPOLYLINE
  5
532
100
AcDbEntity
  8
0
 62
7
100
AcDbPolyline
 90
2
 70
0
 10
250.808400
 20
100.347800
 30
0.0
 10
250.808400
 20
87.447800
 30
0.0
  0
LWPOLYLINE
  5
533
100
AcDbEntity
  8
0
 62
7
100
AcDbPolyline
 90
2
 70
0
 10
144.942500
 20
93.794900
 30
0.0
 10
156.633900
 20
99.246600
 30
0.0
  0
LWPOLYLINE
  5
534
100
AcDbEntity
  8
0
 62
7
100
AcDbPolyline
 90
2
 70
0
 10
150.152400
 20
81.439000
 30
0.0
 10
144.700700
 20
93.130400
 30
0.0
  0
LWPOLYLINE
  5
535
100
AcDbEntity
  8
0
 62
7
100
AcDbPolyline
 90
2
 70
0
 10
157.298400
 20
99.004800
 30
0.0
 10
162.750100
 20
87.313400
 30
0.0
  0
SPLINE
  5
536
100
AcDbEntity
  8
0
 62
7
100
AcDbSpline
 70
8
 71
3
 72
8
 73
4
 74
0
 40
0
 40
0
 40
0
 40
0
 40
1
 40
1
 40
1
 40
1
 10
144.942500
 20
93.794900
 30
0.0
 10
144.822315
 20
93.738849
 30
0.0
 10
144.729319
 20
93.637349
 30
0.0
 10
144.683972
 20
93.512730
 30
0.0
  0
SPLINE
  5
537
100
AcDbEntity
  8
0
 62
7
100
AcDbSpline
 70
8
 71
3
 72
8
 73
4
 74
0
 40
0
 40
0
 40
0
 40
0
 40
1
 40
1
 40
1
 40
1
 10
144.683972
 20
93.512730
 30
0.0
 10
144.638626
 20
93.388111
 30
0.0
 10
144.644643
 20
93.250582
 30
0.0
 10
144.700700
 20
93.130400
 30
0.0
  0
SPLINE
  5
538
100
AcDbEntity
  8
0
 62
7
100
AcDbSpline
 70
8
 71
3
 72
8
 73
4
 74
0
 40
0
 40
0
 40
0
 40
0
 40
1
 40
1
 40
1
 40
1
 10
150.152400
 20
81.439000
 30
0.0
 10
150.208451
 20
81.318815
 30
0.0
 10
150.309951
 20
81.225819
 30
0.0
 10
150.434570
 20
81.180472
 30
0.0
  0
SPLINE
  5
539
100
AcDbEntity
  8
0
 62
7
100
AcDbSpline
 70
8
 71
3
 72
8
 73
4
 74
0
 40
0
 40
0
 40
0
 40
0
 40
1
 40
1
 40
1
 40
1
 10
150.434570
 20
81.180472
 30
0.0
 10
150.559189
 20
81.135126
 30
0.0
 10
150.696718
 20
81.141143
 30
0.0
 10
150.816900
 20
81.197200
 30
0.0
  0
SPLINE
  5
53a
100
AcDbEntity
  8
0
 62
7
100
AcDbSpline
 70
8
 71
3
 72
8
 73
4
 74
0
 40
0
 40
0
 40
0
 40
0
 40
1
 40
1
 40
1
 40
1
 10
157.298400
 20
99.004800
 30
0.0
 10
157.242349
 20
99.124985
 30
0.0
 10
157.140849
 20
99.217981
 30
0.0
 10
157.016230
 20
99.263328
 30
0.0
  0
SPLINE
  5
53b
100
AcDbEntity
  8
0
 62
7
100
AcDbSpline
 70
8
 71
3
 72
8
 73
4
 74
0
 40
0
 40
0
 40
0
 40
0
 40
1
 40
1
 40
1
 40
1
 10
157.016230
 20
99.263328
 30
0.0
 10
156.891611
 20
99.308674
 30
0.0
 10
156.754082
 20
99.302657
 30
0.0
 10
156.633900
 20
99.246600
 30
0.0
  0
SPLINE
  5
53c
100
AcDbEntity
  8
0
 62
7
100
AcDbSpline
 70
8
 71
3
 72
8
 73
4
 74
0
 40
0
 40
0
 40
0
 40
0
 40
1
 40
1
 40
1
 40
1
 10
162.508300
 20
86.648900
 30
0.0
 10
162.628485
 20
86.704951
 30
0.0
 10
162.721481
 20
86.806451
 30
0.0
 10
162.766828
 20
86.931070
 30
0.0
  0
SPLINE
  5
53d
100
AcDbEntity
  8
0
 62
7
100
AcDbSpline
 70
8
 71
3
 72
8
 73
4
 74
0
 40
0
 40
0
 40
0
 40
0
 40
1
 40
1
 40
1
 40
1
 10
162.766828
 20
86.931070
 30
0.0
 10
162.812174
 20
87.055689
 30
0.0
 10
162.806157
 20
87.193218
 30
0.0
 10
162.750100
 20
87.313400
 30
0.0
  0
LWPOLYLINE
  5
53e
100
AcDbEntity
  8
0
 62
7
100
AcDbPolyline
 90
2
 70
0
 10
162.508300
 20
86.648900
 30
0.0
 10
150.816900
 20
81.197200
 30
0.0
  0
LWPOLYLINE
  5
53f
100
AcDbEntity
  8
0
 62
7
100
AcDbPolyline
 90
2
 70
0
 10
113.822600
 20
87.313400
 30
0.0
 10
119.274300
 20
99.004800
 30
0.0
  0
LWPOLYLINE
  5
540
100
AcDbEntity
  8
0
 62
7
100
AcDbPolyline
 90
2
 70
0
 10
119.938800
 20
99.246600
 30
0.0
 10
131.630200
 20
93.794900
 30
0.0
  0
LWPOLYLINE
  5
541
100
AcDbEntity
  8
0
 62
7
100
AcDbPolyline
 90
2
 70
0
 10
125.755800
 20
81.197200
 30
0.0
 10
114.064400
 20
86.648900
 30
0.0
  0
SPLINE
  5
542
100
AcDbEntity
  8
0
 62
7
100
AcDbSpline
 70
8
 71
3
 72
8
 73
4
 74
0
 40
0
 40
0
 40
0
 40
0
 40
1
 40
1
 40
1
 40
1
 10
113.822600
 20
87.313400
 30
0.0
 10
113.766543
 20
87.193218
 30
0.0
 10
113.760526
 20
87.055689
 30
0.0
 10
113.805872
 20
86.931070
 30
0.0
  0
SPLINE
  5
543
100
AcDbEntity
  8
0
 62
7
100
AcDbSpline
 70
8
 71
3
 72
8
 73
4
 74
0
 40
0
 40
0
 40
0
 40
0
 40
1
 40
1
 40
1
 40
1
 10
113.805872
 20
86.931070
 30
0.0
 10
113.851219
 20
86.806451
 30
0.0
 10
113.944215
 20
86.704951
 30
0.0
 10
114.064400
 20
86.648900
 30
0.0
  0
SPLINE
  5
544
100
AcDbEntity
  8
0
 62
7
100
AcDbSpline
 70
8
 71
3
 72
8
 73
4
 74
0
 40
0
 40
0
 40
0
 40
0
 40
1
 40
1
 40
1
 40
1
 10
119.938800
 20
99.246600
 30
0.0
 10
119.818618
 20
99.302657
 30
0.0
 10
119.681089
 20
99.308674
 30
0.0
 10
119.556470
 20
99.263328
 30
0.0
  0
SPLINE
  5
545
100
AcDbEntity
  8
0
 62
7
100
AcDbSpline
 70
8
 71
3
 72
8
 73
4
 74
0
 40
0
 40
0
 40
0
 40
0
 40
1
 40
1
 40
1
 40
1
 10
119.556470
 20
99.263328
 30
0.0
 10
119.431851
 20
99.217981
 30
0.0
 10
119.330351
 20
99.124985
 30
0.0
 10
119.274300
 20
99.004800
 30
0.0
  0
SPLINE
  5
546
100
AcDbEntity
  8
0
 62
7
100
AcDbSpline
 70
8
 71
3
 72
8
 73
4
 74
0
 40
0
 40
0
 40
0
 40
0
 40
1
 40
1
 40
1
 40
1
 10
125.755800
 20
81.197200
 30
0.0
 10
125.875982
 20
81.141143
 30
0.0
 10
126.013511
 20
81.135126
 30
0.0
 10
126.138130
 20
81.180472
 30
0.0
  0
SPLINE
  5
547
100
AcDbEntity
  8
0
 62
7
100
AcDbSpline
 70
8
 71
3
 72
8
 73
4
 74
0
 40
0
 40
0
 40
0
 40
0
 40
1
 40
1
 40
1
 40
1
 10
126.138130
 20
81.180472
 30
0.0
 10
126.262749
 20
81.225819
 30
0.0
 10
126.364249
 20
81.318815
 30
0.0
 10
126.420300
 20
81.439000
 30
0.0
  0
SPLINE
  5
548
100
AcDbEntity
  8
0
 62
7
100
AcDbSpline
 70
8
 71
3
 72
8
 73
4
 74
0
 40
0
 40
0
 40
0
 40
0
 40
1
 40
1
 40
1
 40
1
 10
131.872000
 20
93.130400
 30
0.0
 10
131.928057
 20
93.250582
 30
0.0
 10
131.934074
 20
93.388111
 30
0.0
 10
131.888728
 20
93.512730
 30
0.0
  0
SPLINE
  5
549
100
AcDbEntity
  8
0
 62
7
100
AcDbSpline
 70
8
 71
3
 72
8
 73
4
 74
0
 40
0
 40
0
 40
0
 40
0
 40
1
 40
1
 40
1
 40
1
 10
131.888728
 20
93.512730
 30
0.0
 10
131.843381
 20
93.637349
 30
0.0
 10
131.750385
 20
93.738849
 30
0.0
 10
131.630200
 20
93.794900
 30
0.0
  0
LWPOLYLINE
  5
54a
100
AcDbEntity
  8
0
 62
7
100
AcDbPolyline
 90
2
 70
0
 10
131.872000
 20
93.130400
 30
0.0
 10
126.420300
 20
81.439000
 30
0.0
  0
LWPOLYLINE
  5
54b
100
AcDbEntity
  8
0
 62
7
100
AcDbPolyline
 90
2
 70
0
 10
182.908400
 20
136.447800
 30
0.0
 10
182.908400
 20
149.347800
 30
0.0
  0
LWPOLYLINE
  5
54c
100
AcDbEntity
  8
0
 62
7
100
AcDbPolyline
 90
2
 70
0
 10
183.408400
 20
149.847800
 30
0.0
 10
196.308400
 20
149.847800
 30
0.0
  0
LWPOLYLINE
  5
54d
100
AcDbEntity
  8
0
 62
7
100
AcDbPolyline
 90
2
 70
0
 10
196.308400
 20
135.947800
 30
0.0
 10
183.408400
 20
135.947800
 30
0.0
  0
SPLINE
  5
54e
100
AcDbEntity
  8
0
 62
7
100
AcDbSpline
 70
8
 71
3
 72
8
 73
4
 74
0
 40
0
 40
0
 40
0
 40
0
 40
1
 40
1
 40
1
 40
1
 10
183.408400
 20
149.847800
 30
0.0
 10
183.275792
 20
149.847800
 30
0.0
 10
183.148615
 20
149.795122
 30
0.0
 10
183.054847
 20
149.701353
 30
0.0
  0
SPLINE
  5
54f
100
AcDbEntity
  8
0
 62
7
100
AcDbSpline
 70
8
 71
3
 72
8
 73
4
 74
0
 40
0
 40
0
 40
0
 40
0
 40
1
 40
1
 40
1
 40
1
 10
183.054847
 20
149.701353
 30
0.0
 10
182.961078
 20
149.607585
 30
0.0
 10
182.908400
 20
149.480408
 30
0.0
 10
182.908400
 20
149.347800
 30
0.0
  0
SPLINE
  5
550
100
AcDbEntity
  8
0
 62
7
100
AcDbSpline
 70
8
 71
3
 72
8
 73
4
 74
0
 40
0
 40
0
 40
0
 40
0
 40
1
 40
1
 40
1
 40
1
 10
182.908400
 20
136.447800
 30
0.0
 10
182.908400
 20
136.315192
 30
0.0
 10
182.961078
 20
136.188015
 30
0.0
 10
183.054847
 20
136.094247
 30
0.0
  0
SPLINE
  5
551
100
AcDbEntity
  8
0
 62
7
100
AcDbSpline
 70
8
 71
3
 72
8
 73
4
 74
0
 40
0
 40
0
 40
0
 40
0
 40
1
 40
1
 40
1
 40
1
 10
183.054847
 20
136.094247
 30
0.0
 10
183.148615
 20
136.000478
 30
0.0
 10
183.275792
 20
135.947800
 30
0.0
 10
183.408400
 20
135.947800
 30
0.0
  0
SPLINE
  5
552
100
AcDbEntity
  8
0
 62
7
100
AcDbSpline
 70
8
 71
3
 72
8
 73
4
 74
0
 40
0
 40
0
 40
0
 40
0
 40
1
 40
1
 40
1
 40
1
 10
196.808400
 20
149.347800
 30
0.0
 10
196.808400
 20
149.480408
 30
0.0
 10
196.755722
 20
149.607585
 30
0.0
 10
196.661953
 20
149.701353
 30
0.0
  0
SPLINE
  5
553
100
AcDbEntity
  8
0
 62
7
100
AcDbSpline
 70
8
 71
3
 72
8
 73
4
 74
0
 40
0
 40
0
 40
0
 40
0
 40
1
 40
1
 40
1
 40
1
 10
196.661953
 20
149.701353
 30
0.0
 10
196.568185
 20
149.795122
 30
0.0
 10
196.441008
 20
149.847800
 30
0.0
 10
196.308400
 20
149.847800
 30
0.0
  0
SPLINE
  5
554
100
AcDbEntity
  8
0
 62
7
100
AcDbSpline
 70
8
 71
3
 72
8
 73
4
 74
0
 40
0
 40
0
 40
0
 40
0
 40
1
 40
1
 40
1
 40
1
 10
196.308400
 20
135.947800
 30
0.0
 10
196.441008
 20
135.947800
 30
0.0
 10
196.568185
 20
136.000478
 30
0.0
 10
196.661953
 20
136.094247
 30
0.0
  0
SPLINE
  5
555
100
AcDbEntity
  8
0
 62
7
100
AcDbSpline
 70
8
 71
3
 72
8
 73
4
 74
0
 40
0
 40
0
 40
0
 40
0
 40
1
 40
1
 40
1
 40
1
 10
196.661953
 20
136.094247
 30
0.0
 10
196.755722
 20
136.188015
 30
0.0
 10
196.808400
 20
136.315192
 30
0.0
 10
196.808400
 20
136.447800
 30
0.0
  0
LWPOLYLINE
  5
556
100
AcDbEntity
  8
0
 62
7
100
AcDbPolyline
 90
2
 70
0
 10
196.808400
 20
149.347800
 30
0.0
 10
196.808400
 20
136.447800
 30
0.0
  0
LWPOLYLINE
  5
557
100
AcDbEntity
  8
0
 62
7
100
AcDbPolyline
 90
2
 70
0
 10
218.908400
 20
134.447800
 30
0.0
 10
218.908400
 20
147.347800
 30
0.0
  0
LWPOLYLINE
  5
558
100
AcDbEntity
  8
0
 62
7
100
AcDbPolyline
 90
2
 70
0
 10
219.408400
 20
147.847800
 30
0.0
 10
232.308400
 20
147.847800
 30
0.0
  0
LWPOLYLINE
  5
559
100
AcDbEntity
  8
0
 62
7
100
AcDbPolyline
 90
2
 70
0
 10
232.308400
 20
133.947800
 30
0.0
 10
219.408400
 20
133.947800
 30
0.0
  0
SPLINE
  5
55a
100
AcDbEntity
  8
0
 62
7
100
AcDbSpline
 70
8
 71
3
 72
8
 73
4
 74
0
 40
0
 40
0
 40
0
 40
0
 40
1
 40
1
 40
1
 40
1
 10
219.408400
 20
147.847800
 30
0.0
 10
219.275792
 20
147.847800
 30
0.0
 10
219.148615
 20
147.795122
 30
0.0
 10
219.054847
 20
147.701353
 30
0.0
  0
SPLINE
  5
55b
100
AcDbEntity
  8
0
 62
7
100
AcDbSpline
 70
8
 71
3
 72
8
 73
4
 74
0
 40
0
 40
0
 40
0
 40
0
 40
1
 40
1
 40
1
 40
1
 10
219.054847
 20
147.701353
 30
0.0
 10
218.961078
 20
147.607585
 30
0.0
 10
218.908400
 20
147.480408
 30
0.0
 10
218.908400
 20
147.347800
 30
0.0
  0
SPLINE
  5
55c
100
AcDbEntity
  8
0
 62
7
100
AcDbSpline
 70
8
 71
3
 72
8
 73
4
 74
0
 40
0
 40
0
 40
0
 40
0
 40
1
 40
1
 40
1
 40
1
 10
218.908400
 20
134.447800
 30
0.0
 10
218.908400
 20
134.315192
 30
0.0
 10
218.961078
 20
134.188015
 30
0.0
 10
219.054847
 20
134.094247
 30
0.0
  0
SPLINE
  5
55d
100
AcDbEntity
  8
0
 62
7
100
AcDbSpline
 70
8
 71
3
 72
8
 73
4
 74
0
 40
0
 40
0
 40
0
 40
0
 40
1
 40
1
 40
1
 40
1
 10
219.054847
 20
134.094247
 30
0.0
 10
219.148615
 20
134.000478
 30
0.0
 10
219.275792
 20
133.947800
 30
0.0
 10
219.408400
 20
133.947800
 30
0.0
  0
SPLINE
  5
55e
100
AcDbEntity
  8
0
 62
7
100
AcDbSpline
 70
8
 71
3
 72
8
 73
4
 74
0
 40
0
 40
0
 40
0
 40
0
 40
1
 40
1
 40
1
 40
1
 10
232.808400
 20
147.347800
 30
0.0
 10
232.808400
 20
147.480408
 30
0.0
 10
232.755722
 20
147.607585
 30
0.0
 10
232.661953
 20
147.701353
 30
0.0
  0
SPLINE
  5
55f
100
AcDbEntity
  8
0
 62
7
100
AcDbSpline
 70
8
 71
3
 72
8
 73
4
 74
0
 40
0
 40
0
 40
0
 40
0
 40
1
 40
1
 40
1
 40
1
 10
232.661953
 20
147.701353
 30
0.0
 10
232.568185
 20
147.795122
 30
0.0
 10
232.441008
 20
147.847800
 30
0.0
 10
232.308400
 20
147.847800
 30
0.0
  0
SPLINE
  5
560
100
AcDbEntity
  8
0
 62
7
100
AcDbSpline
 70
8
 71
3
 72
8
 73
4
 74
0
 40
0
 40
0
 40
0
 40
0
 40
1
 40
1
 40
1
 40
1
 10
232.308400
 20
133.947800
 30
0.0
 10
232.441008
 20
133.947800
 30
0.0
 10
232.568185
 20
134.000478
 30
0.0
 10
232.661953
 20
134.094247
 30
0.0
  0
SPLINE
  5
561
100
AcDbEntity
  8
0
 62
7
100
AcDbSpline
 70
8
 71
3
 72
8
 73
4
 74
0
 40
0
 40
0
 40
0
 40
0
 40
1
 40
1
 40
1
 40
1
 10
232.661953
 20
134.094247
 30
0.0
 10
232.755722
 20
134.188015
 30
0.0
 10
232.808400
 20
134.315192
 30
0.0
 10
232.808400
 20
134.447800
 30
0.0
  0
LWPOLYLINE
  5
562
100
AcDbEntity
  8
0
 62
7
100
AcDbPolyline
 90
2
 70
0
 10
232.808400
 20
147.347800
 30
0.0
 10
232.808400
 20
134.447800
 30
0.0
  0
LWPOLYLINE
  5
563
100
AcDbEntity
  8
0
 62
7
100
AcDbPolyline
 90
2
 70
0
 10
182.908400
 20
102.447800
 30
0.0
 10
182.908400
 20
115.347800
 30
0.0
  0
LWPOLYLINE
  5
564
100
AcDbEntity
  8
0
 62
7
100
AcDbPolyline
 90
2
 70
0
 10
183.408400
 20
115.847800
 30
0.0
 10
196.308400
 20
115.847800
 30
0.0
  0
LWPOLYLINE
  5
565
100
AcDbEntity
  8
0
 62
7
100
AcDbPolyline
 90
2
 70
0
 10
196.308400
 20
101.947800
 30
0.0
 10
183.408400
 20
101.947800
 30
0.0
  0
SPLINE
  5
566
100
AcDbEntity
  8
0
 62
7
100
AcDbSpline
 70
8
 71
3
 72
8
 73
4
 74
0
 40
0
 40
0
 40
0
 40
0
 40
1
 40
1
 40
1
 40
1
 10
183.408400
 20
115.847800
 30
0.0
 10
183.275792
 20
115.847800
 30
0.0
 10
183.148615
 20
115.795122
 30
0.0
 10
183.054847
 20
115.701353
 30
0.0
  0
SPLINE
  5
567
100
AcDbEntity
  8
0
 62
7
100
AcDbSpline
 70
8
 71
3
 72
8
 73
4
 74
0
 40
0
 40
0
 40
0
 40
0
 40
1
 40
1
 40
1
 40
1
 10
183.054847
 20
115.701353
 30
0.0
 10
182.961078
 20
115.607585
 30
0.0
 10
182.908400
 20
115.480408
 30
0.0
 10
182.908400
 20
115.347800
 30
0.0
  0
SPLINE
  5
568
100
AcDbEntity
  8
0
 62
7
100
AcDbSpline
 70
8
 71
3
 72
8
 73
4
 74
0
 40
0
 40
0
 40
0
 40
0
 40
1
 40
1
 40
1
 40
1
 10
182.908400
 20
102.447800
 30
0.0
 10
182.908400
 20
102.315192
 30
0.0
 10
182.961078
 20
102.188015
 30
0.0
 10
183.054847
 20
102.094247
 30
0.0
  0
SPLINE
  5
569
100
AcDbEntity
  8
0
 62
7
100
AcDbSpline
 70
8
 71
3
 72
8
 73
4
 74
0
 40
0
 40
0
 40
0
 40
0
 40
1
 40
1
 40
1
 40
1
 10
183.054847
 20
102.094247
 30
0.0
 10
183.148615
 20
102.000478
 30
0.0
 10
183.275792
 20
101.947800
 30
0.0
 10
183.408400
 20
101.947800
 30
0.0
  0
SPLINE
  5
56a
100
AcDbEntity
  8
0
 62
7
100
AcDbSpline
 70
8
 71
3
 72
8
 73
4
 74
0
 40
0
 40
0
 40
0
 40
0
 40
1
 40
1
 40
1
 40
1
 10
196.808400
 20
115.347800
 30
0.0
 10
196.808400
 20
115.480408
 30
0.0
 10
196.755722
 20
115.607585
 30
0.0
 10
196.661953
 20
115.701353
 30
0.0
  0
SPLINE
  5
56b
100
AcDbEntity
  8
0
 62
7
100
AcDbSpline
 70
8
 71
3
 72
8
 73
4
 74
0
 40
0
 40
0
 40
0
 40
0
 40
1
 40
1
 40
1
 40
1
 10
196.661953
 20
115.701353
 30
0.0
 10
196.568185
 20
115.795122
 30
0.0
 10
196.441008
 20
115.847800
 30
0.0
 10
196.308400
 20
115.847800
 30
0.0
  0
SPLINE
  5
56c
100
AcDbEntity
  8
0
 62
7
100
AcDbSpline
 70
8
 71
3
 72
8
 73
4
 74
0
 40
0
 40
0
 40
0
 40
0
 40
1
 40
1
 40
1
 40
1
 10
196.308400
 20
101.947800
 30
0.0
 10
196.441008
 20
101.947800
 30
0.0
 10
196.568185
 20
102.000478
 30
0.0
 10
196.661953
 20
102.094247
 30
0.0
  0
SPLINE
  5
56d
100
AcDbEntity
  8
0
 62
7
100
AcDbSpline
 70
8
 71
3
 72
8
 73
4
 74
0
 40
0
 40
0
 40
0
 40
0
 40
1
 40
1
 40
1
 40
1
 10
196.661953
 20
102.094247
 30
0.0
 10
196.755722
 20
102.188015
 30
0.0
 10
196.808400
 20
102.315192
 30
0.0
 10
196.808400
 20
102.447800
 30
0.0
  0
LWPOLYLINE
  5
56e
100
AcDbEntity
  8
0
 62
7
100
AcDbPolyline
 90
2
 70
0
 10
196.808400
 20
115.347800
 30
0.0
 10
196.808400
 20
102.447800
 30
0.0
  0
LWPOLYLINE
  5
56f
100
AcDbEntity
  8
0
 62
7
100
AcDbPolyline
 90
2
 70
0
 10
97.764400
 20
128.292800
 30
0.0
 10
97.764400
 20
141.192800
 30
0.0
  0
LWPOLYLINE
  5
570
100
AcDbEntity
  8
0
 62
7
100
AcDbPolyline
 90
2
 70
0
 10
98.264400
 20
141.692800
 30
0.0
 10
111.164400
 20
141.692800
 30
0.0
  0
LWPOLYLINE
  5
571
100
AcDbEntity
  8
0
 62
7
100
AcDbPolyline
 90
2
 70
0
 10
111.164400
 20
127.792800
 30
0.0
 10
98.264400
 20
127.792800
 30
0.0
  0
SPLINE
  5
572
100
AcDbEntity
  8
0
 62
7
100
AcDbSpline
 70
8
 71
3
 72
8
 73
4
 74
0
 40
0
 40
0
 40
0
 40
0
 40
1
 40
1
 40
1
 40
1
 10
98.264400
 20
141.692800
 30
0.0
 10
98.131792
 20
141.692800
 30
0.0
 10
98.004615
 20
141.640122
 30
0.0
 10
97.910847
 20
141.546353
 30
0.0
  0
SPLINE
  5
573
100
AcDbEntity
  8
0
 62
7
100
AcDbSpline
 70
8
 71
3
 72
8
 73
4
 74
0
 40
0
 40
0
 40
0
 40
0
 40
1
 40
1
 40
1
 40
1
 10
97.910847
 20
141.546353
 30
0.0
 10
97.817078
 20
141.452585
 30
0.0
 10
97.764400
 20
141.325408
 30
0.0
 10
97.764400
 20
141.192800
 30
0.0
  0
SPLINE
  5
574
100
AcDbEntity
  8
0
 62
7
100
AcDbSpline
 70
8
 71
3
 72
8
 73
4
 74
0
 40
0
 40
0
 40
0
 40
0
 40
1
 40
1
 40
1
 40
1
 10
97.764400
 20
128.292800
 30
0.0
 10
97.764400
 20
128.160192
 30
0.0
 10
97.817078
 20
128.033015
 30
0.0
 10
97.910847
 20
127.939247
 30
0.0
  0
SPLINE
  5
575
100
AcDbEntity
  8
0
 62
7
100
AcDbSpline
 70
8
 71
3
 72
8
 73
4
 74
0
 40
0
 40
0
 40
0
 40
0
 40
1
 40
1
 40
1
 40
1
 10
97.910847
 20
127.939247
 30
0.0
 10
98.004615
 20
127.845478
 30
0.0
 10
98.131792
 20
127.792800
 30
0.0
 10
98.264400
 20
127.792800
 30
0.0
  0
SPLINE
  5
576
100
AcDbEntity
  8
0
 62
7
100
AcDbSpline
 70
8
 71
3
 72
8
 73
4
 74
0
 40
0
 40
0
 40
0
 40
0
 40
1
 40
1
 40
1
 40
1
 10
111.664400
 20
141.192800
 30
0.0
 10
111.664400
 20
141.325408
 30
0.0
 10
111.611722
 20
141.452585
 30
0.0
 10
111.517953
 20
141.546353
 30
0.0
  0
SPLINE
  5
577
100
AcDbEntity
  8
0
 62
7
100
AcDbSpline
 70
8
 71
3
 72
8
 73
4
 74
0
 40
0
 40
0
 40
0
 40
0
 40
1
 40
1
 40
1
 40
1
 10
111.517953
 20
141.546353
 30
0.0
 10
111.424185
 20
141.640122
 30
0.0
 10
111.297008
 20
141.692800
 30
0.0
 10
111.164400
 20
141.692800
 30
0.0
  0
SPLINE
  5
578
100
AcDbEntity
  8
0
 62
7
100
AcDbSpline
 70
8
 71
3
 72
8
 73
4
 74
0
 40
0
 40
0
 40
0
 40
0
 40
1
 40
1
 40
1
 40
1
 10
111.164400
 20
127.792800
 30
0.0
 10
111.297008
 20
127.792800
 30
0.0
 10
111.424185
 20
127.845478
 30
0.0
 10
111.517953
 20
127.939247
 30
0.0
  0
SPLINE
  5
579
100
AcDbEntity
  8
0
 62
7
100
AcDbSpline
 70
8
 71
3
 72
8
 73
4
 74
0
 40
0
 40
0
 40
0
 40
0
 40
1
 40
1
 40
1
 40
1
 10
111.517953
 20
127.939247
 30
0.0
 10
111.611722
 20
128.033015
 30
0.0
 10
111.664400
 20
128.160192
 30
0.0
 10
111.664400
 20
128.292800
 30
0.0
  0
LWPOLYLINE
  5
57a
100
AcDbEntity
  8
0
 62
7
100
AcDbPolyline
 90
2
 70
0
 10
111.664400
 20
141.192800
 30
0.0
 10
111.664400
 20
128.292800
 30
0.0
  0
LWPOLYLINE
  5
57b
100
AcDbEntity
  8
0
 62
7
100
AcDbPolyline
 90
2
 70
0
 10
236.908400
 20
121.447800
 30
0.0
 10
236.908400
 20
134.347800
 30
0.0
  0
LWPOLYLINE
  5
57c
100
AcDbEntity
  8
0
 62
7
100
AcDbPolyline
 90
2
 70
0
 10
237.408400
 20
134.847800
 30
0.0
 10
250.308400
 20
134.847800
 30
0.0
  0
LWPOLYLINE
  5
57d
100
AcDbEntity
  8
0
 62
7
100
AcDbPolyline
 90
2
 70
0
 10
250.308400
 20
120.947800
 30
0.0
 10
237.408400
 20
120.947800
 30
0.0
  0
SPLINE
  5
57e
100
AcDbEntity
  8
0
 62
7
100
AcDbSpline
 70
8
 71
3
 72
8
 73
4
 74
0
 40
0
 40
0
 40
0
 40
0
 40
1
 40
1
 40
1
 40
1
 10
237.408400
 20
134.847800
 30
0.0
 10
237.275792
 20
134.847800
 30
0.0
 10
237.148615
 20
134.795122
 30
0.0
 10
237.054847
 20
134.701353
 30
0.0
  0
SPLINE
  5
57f
100
AcDbEntity
  8
0
 62
7
100
AcDbSpline
 70
8
 71
3
 72
8
 73
4
 74
0
 40
0
 40
0
 40
0
 40
0
 40
1
 40
1
 40
1
 40
1
 10
237.054847
 20
134.701353
 30
0.0
 10
236.961078
 20
134.607585
 30
0.0
 10
236.908400
 20
134.480408
 30
0.0
 10
236.908400
 20
134.347800
 30
0.0
  0
SPLINE
  5
580
100
AcDbEntity
  8
0
 62
7
100
AcDbSpline
 70
8
 71
3
 72
8
 73
4
 74
0
 40
0
 40
0
 40
0
 40
0
 40
1
 40
1
 40
1
 40
1
 10
236.908400
 20
121.447800
 30
0.0
 10
236.908400
 20
121.315192
 30
0.0
 10
236.961078
 20
121.188015
 30
0.0
 10
237.054847
 20
121.094247
 30
0.0
  0
SPLINE
  5
581
100
AcDbEntity
  8
0
 62
7
100
AcDbSpline
 70
8
 71
3
 72
8
 73
4
 74
0
 40
0
 40
0
 40
0
 40
0
 40
1
 40
1
 40
1
 40
1
 10
237.054847
 20
121.094247
 30
0.0
 10
237.148615
 20
121.000478
 30
0.0
 10
237.275792
 20
120.947800
 30
0.0
 10
237.408400
 20
120.947800
 30
0.0
  0
SPLINE
  5
582
100
AcDbEntity
  8
0
 62
7
100
AcDbSpline
 70
8
 71
3
 72
8
 73
4
 74
0
 40
0
 40
0
 40
0
 40
0
 40
1
 40
1
 40
1
 40
1
 10
250.808400
 20
134.347800
 30
0.0
 10
250.808400
 20
134.480408
 30
0.0
 10
250.755722
 20
134.607585
 30
0.0
 10
250.661953
 20
134.701353
 30
0.0
  0
SPLINE
  5
583
100
AcDbEntity
  8
0
 62
7
100
AcDbSpline
 70
8
 71
3
 72
8
 73
4
 74
0
 40
0
 40
0
 40
0
 40
0
 40
1
 40
1
 40
1
 40
1
 10
250.661953
 20
134.701353
 30
0.0
 10
250.568185
 20
134.795122
 30
0.0
 10
250.441008
 20
134.847800
 30
0.0
 10
250.308400
 20
134.847800
 30
0.0
  0
SPLINE
  5
584
100
AcDbEntity
  8
0
 62
7
100
AcDbSpline
 70
8
 71
3
 72
8
 73
4
 74
0
 40
0
 40
0
 40
0
 40
0
 40
1
 40
1
 40
1
 40
1
 10
250.308400
 20
120.947800
 30
0.0
 10
250.441008
 20
120.947800
 30
0.0
 10
250.568185
 20
121.000478
 30
0.0
 10
250.661953
 20
121.094247
 30
0.0
  0
SPLINE
  5
585
100
AcDbEntity
  8
0
 62
7
100
AcDbSpline
 70
8
 71
3
 72
8
 73
4
 74
0
 40
0
 40
0
 40
0
 40
0
 40
1
 40
1
 40
1
 40
1
 10
250.661953
 20
121.094247
 30
0.0
 10
250.755722
 20
121.188015
 30
0.0
 10
250.808400
 20
121.315192
 30
0.0
 10
250.808400
 20
121.447800
 30
0.0
  0
LWPOLYLINE
  5
586
100
AcDbEntity
  8
0
 62
7
100
AcDbPolyline
 90
2
 70
0
 10
250.808400
 20
134.347800
 30
0.0
 10
250.808400
 20
121.447800
 30
0.0
  0
LWPOLYLINE
  5
587
100
AcDbEntity
  8
0
 62
7
100
AcDbPolyline
 90
2
 70
0
 10
25.764400
 20
121.447800
 30
0.0
 10
25.764400
 20
134.347800
 30
0.0
  0
LWPOLYLINE
  5
588
100
AcDbEntity
  8
0
 62
7
100
AcDbPolyline
 90
2
 70
0
 10
26.264400
 20
134.847800
 30
0.0
 10
39.164400
 20
134.847800
 30
0.0
  0
LWPOLYLINE
  5
589
100
AcDbEntity
  8
0
 62
7
100
AcDbPolyline
 90
2
 70
0
 10
39.164400
 20
120.947800
 30
0.0
 10
26.264400
 20
120.947800
 30
0.0
  0
SPLINE
  5
58a
100
AcDbEntity
  8
0
 62
7
100
AcDbSpline
 70
8
 71
3
 72
8
 73
4
 74
0
 40
0
 40
0
 40
0
 40
0
 40
1
 40
1
 40
1
 40
1
 10
26.264400
 20
134.847800
 30
0.0
 10
26.131792
 20
134.847800
 30
0.0
 10
26.004615
 20
134.795122
 30
0.0
 10
25.910847
 20
134.701353
 30
0.0
  0
SPLINE
  5
58b
100
AcDbEntity
  8
0
 62
7
100
AcDbSpline
 70
8
 71
3
 72
8
 73
4
 74
0
 40
0
 40
0
 40
0
 40
0
 40
1
 40
1
 40
1
 40
1
 10
25.910847
 20
134.701353
 30
0.0
 10
25.817078
 20
134.607585
 30
0.0
 10
25.764400
 20
134.480408
 30
0.0
 10
25.764400
 20
134.347800
 30
0.0
  0
SPLINE
  5
58c
100
AcDbEntity
  8
0
 62
7
100
AcDbSpline
 70
8
 71
3
 72
8
 73
4
 74
0
 40
0
 40
0
 40
0
 40
0
 40
1
 40
1
 40
1
 40
1
 10
25.764400
 20
121.447800
 30
0.0
 10
25.764400
 20
121.315192
 30
0.0
 10
25.817078
 20
121.188015
 30
0.0
 10
25.910847
 20
121.094247
 30
0.0
  0
SPLINE
  5
58d
100
AcDbEntity
  8
0
 62
7
100
AcDbSpline
 70
8
 71
3
 72
8
 73
4
 74
0
 40
0
 40
0
 40
0
 40
0
 40
1
 40
1
 40
1
 40
1
 10
25.910847
 20
121.094247
 30
0.0
 10
26.004615
 20
121.000478
 30
0.0
 10
26.131792
 20
120.947800
 30
0.0
 10
26.264400
 20
120.947800
 30
0.0
  0
SPLINE
  5
58e
100
AcDbEntity
  8
0
 62
7
100
AcDbSpline
 70
8
 71
3
 72
8
 73
4
 74
0
 40
0
 40
0
 40
0
 40
0
 40
1
 40
1
 40
1
 40
1
 10
39.664400
 20
134.347800
 30
0.0
 10
39.664400
 20
134.480408
 30
0.0
 10
39.611722
 20
134.607585
 30
0.0
 10
39.517953
 20
134.701353
 30
0.0
  0
SPLINE
  5
58f
100
AcDbEntity
  8
0
 62
7
100
AcDbSpline
 70
8
 71
3
 72
8
 73
4
 74
0
 40
0
 40
0
 40
0
 40
0
 40
1
 40
1
 40
1
 40
1
 10
39.517953
 20
134.701353
 30
0.0
 10
39.424185
 20
134.795122
 30
0.0
 10
39.297008
 20
134.847800
 30
0.0
 10
39.164400
 20
134.847800
 30
0.0
  0
SPLINE
  5
590
100
AcDbEntity
  8
0
 62
7
100
AcDbSpline
 70
8
 71
3
 72
8
 73
4
 74
0
 40
0
 40
0
 40
0
 40
0
 40
1
 40
1
 40
1
 40
1
 10
39.164400
 20
120.947800
 30
0.0
 10
39.297008
 20
120.947800
 30
0.0
 10
39.424185
 20
121.000478
 30
0.0
 10
39.517953
 20
121.094247
 30
0.0
  0
SPLINE
  5
591
100
AcDbEntity
  8
0
 62
7
100
AcDbSpline
 70
8
 71
3
 72
8
 73
4
 74
0
 40
0
 40
0
 40
0
 40
0
 40
1
 40
1
 40
1
 40
1
 10
39.517953
 20
121.094247
 30
0.0
 10
39.611722
 20
121.188015
 30
0.0
 10
39.664400
 20
121.315192
 30
0.0
 10
39.664400
 20
121.447800
 30
0.0
  0
LWPOLYLINE
  5
592
100
AcDbEntity
  8
0
 62
7
100
AcDbPolyline
 90
2
 70
0
 10
39.664400
 20
134.347800
 30
0.0
 10
39.664400
 20
121.447800
 30
0.0
  0
LWPOLYLINE
  5
593
100
AcDbEntity
  8
0
 62
7
100
AcDbPolyline
 90
2
 70
0
 10
236.908400
 20
104.447800
 30
0.0
 10
236.908400
 20
117.347800
 30
0.0
  0
LWPOLYLINE
  5
594
100
AcDbEntity
  8
0
 62
7
100
AcDbPolyline
 90
2
 70
0
 10
237.408400
 20
117.847800
 30
0.0
 10
250.308400
 20
117.847800
 30
0.0
  0
LWPOLYLINE
  5
595
100
AcDbEntity
  8
0
 62
7
100
AcDbPolyline
 90
2
 70
0
 10
250.308400
 20
103.947800
 30
0.0
 10
237.408400
 20
103.947800
 30
0.0
  0
SPLINE
  5
596
100
AcDbEntity
  8
0
 62
7
100
AcDbSpline
 70
8
 71
3
 72
8
 73
4
 74
0
 40
0
 40
0
 40
0
 40
0
 40
1
 40
1
 40
1
 40
1
 10
237.408400
 20
117.847800
 30
0.0
 10
237.275792
 20
117.847800
 30
0.0
 10
237.148615
 20
117.795122
 30
0.0
 10
237.054847
 20
117.701353
 30
0.0
  0
SPLINE
  5
597
100
AcDbEntity
  8
0
 62
7
100
AcDbSpline
 70
8
 71
3
 72
8
 73
4
 74
0
 40
0
 40
0
 40
0
 40
0
 40
1
 40
1
 40
1
 40
1
 10
237.054847
 20
117.701353
 30
0.0
 10
236.961078
 20
117.607585
 30
0.0
 10
236.908400
 20
117.480408
 30
0.0
 10
236.908400
 20
117.347800
 30
0.0
  0
SPLINE
  5
598
100
AcDbEntity
  8
0
 62
7
100
AcDbSpline
 70
8
 71
3
 72
8
 73
4
 74
0
 40
0
 40
0
 40
0
 40
0
 40
1
 40
1
 40
1
 40
1
 10
236.908400
 20
104.447800
 30
0.0
 10
236.908400
 20
104.315192
 30
0.0
 10
236.961078
 20
104.188015
 30
0.0
 10
237.054847
 20
104.094247
 30
0.0
  0
SPLINE
  5
599
100
AcDbEntity
  8
0
 62
7
100
AcDbSpline
 70
8
 71
3
 72
8
 73
4
 74
0
 40
0
 40
0
 40
0
 40
0
 40
1
 40
1
 40
1
 40
1
 10
237.054847
 20
104.094247
 30
0.0
 10
237.148615
 20
104.000478
 30
0.0
 10
237.275792
 20
103.947800
 30
0.0
 10
237.408400
 20
103.947800
 30
0.0
  0
SPLINE
  5
59a
100
AcDbEntity
  8
0
 62
7
100
AcDbSpline
 70
8
 71
3
 72
8
 73
4
 74
0
 40
0
 40
0
 40
0
 40
0
 40
1
 40
1
 40
1
 40
1
 10
250.808400
 20
117.347800
 30
0.0
 10
250.808400
 20
117.480408
 30
0.0
 10
250.755722
 20
117.607585
 30
0.0
 10
250.661953
 20
117.701353
 30
0.0
  0
SPLINE
  5
59b
100
AcDbEntity
  8
0
 62
7
100
AcDbSpline
 70
8
 71
3
 72
8
 73
4
 74
0
 40
0
 40
0
 40
0
 40
0
 40
1
 40
1
 40
1
 40
1
 10
250.661953
 20
117.701353
 30
0.0
 10
250.568185
 20
117.795122
 30
0.0
 10
250.441008
 20
117.847800
 30
0.0
 10
250.308400
 20
117.847800
 30
0.0
  0
SPLINE
  5
59c
100
AcDbEntity
  8
0
 62
7
100
AcDbSpline
 70
8
 71
3
 72
8
 73
4
 74
0
 40
0
 40
0
 40
0
 40
0
 40
1
 40
1
 40
1
 40
1
 10
250.308400
 20
103.947800
 30
0.0
 10
250.441008
 20
103.947800
 30
0.0
 10
250.568185
 20
104.000478
 30
0.0
 10
250.661953
 20
104.094247
 30
0.0
  0
SPLINE
  5
59d
100
AcDbEntity
  8
0
 62
7
100
AcDbSpline
 70
8
 71
3
 72
8
 73
4
 74
0
 40
0
 40
0
 40
0
 40
0
 40
1
 40
1
 40
1
 40
1
 10
250.661953
 20
104.094247
 30
0.0
 10
250.755722
 20
104.188015
 30
0.0
 10
250.808400
 20
104.315192
 30
0.0
 10
250.808400
 20
104.447800
 30
0.0
  0
LWPOLYLINE
  5
59e
100
AcDbEntity
  8
0
 62
7
100
AcDbPolyline
 90
2
 70
0
 10
250.808400
 20
117.347800
 30
0.0
 10
250.808400
 20
104.447800
 30
0.0
  0
LWPOLYLINE
  5
59f
100
AcDbEntity
  8
0
 62
7
100
AcDbPolyline
 90
2
 70
0
 10
164.908400
 20
111.292800
 30
0.0
 10
164.908400
 20
124.192800
 30
0.0
  0
LWPOLYLINE
  5
5a0
100
AcDbEntity
  8
0
 62
7
100
AcDbPolyline
 90
2
 70
0
 10
165.408400
 20
124.692800
 30
0.0
 10
178.308400
 20
124.692800
 30
0.0
  0
LWPOLYLINE
  5
5a1
100
AcDbEntity
  8
0
 62
7
100
AcDbPolyline
 90
2
 70
0
 10
178.308400
 20
110.792800
 30
0.0
 10
165.408400
 20
110.792800
 30
0.0
  0
SPLINE
  5
5a2
100
AcDbEntity
  8
0
 62
7
100
AcDbSpline
 70
8
 71
3
 72
8
 73
4
 74
0
 40
0
 40
0
 40
0
 40
0
 40
1
 40
1
 40
1
 40
1
 10
165.408400
 20
124.692800
 30
0.0
 10
165.275792
 20
124.692800
 30
0.0
 10
165.148615
 20
124.640122
 30
0.0
 10
165.054847
 20
124.546353
 30
0.0
  0
SPLINE
  5
5a3
100
AcDbEntity
  8
0
 62
7
100
AcDbSpline
 70
8
 71
3
 72
8
 73
4
 74
0
 40
0
 40
0
 40
0
 40
0
 40
1
 40
1
 40
1
 40
1
 10
165.054847
 20
124.546353
 30
0.0
 10
164.961078
 20
124.452585
 30
0.0
 10
164.908400
 20
124.325408
 30
0.0
 10
164.908400
 20
124.192800
 30
0.0
  0
SPLINE
  5
5a4
100
AcDbEntity
  8
0
 62
7
100
AcDbSpline
 70
8
 71
3
 72
8
 73
4
 74
0
 40
0
 40
0
 40
0
 40
0
 40
1
 40
1
 40
1
 40
1
 10
164.908400
 20
111.292800
 30
0.0
 10
164.908400
 20
111.160192
 30
0.0
 10
164.961078
 20
111.033015
 30
0.0
 10
165.054847
 20
110.939247
 30
0.0
  0
SPLINE
  5
5a5
100
AcDbEntity
  8
0
 62
7
100
AcDbSpline
 70
8
 71
3
 72
8
 73
4
 74
0
 40
0
 40
0
 40
0
 40
0
 40
1
 40
1
 40
1
 40
1
 10
165.054847
 20
110.939247
 30
0.0
 10
165.148615
 20
110.845478
 30
0.0
 10
165.275792
 20
110.792800
 30
0.0
 10
165.408400
 20
110.792800
 30
0.0
  0
SPLINE
  5
5a6
100
AcDbEntity
  8
0
 62
7
100
AcDbSpline
 70
8
 71
3
 72
8
 73
4
 74
0
 40
0
 40
0
 40
0
 40
0
 40
1
 40
1
 40
1
 40
1
 10
178.808400
 20
124.192800
 30
0.0
 10
178.808400
 20
124.325408
 30
0.0
 10
178.755722
 20
124.452585
 30
0.0
 10
178.661953
 20
124.546353
 30
0.0
  0
SPLINE
  5
5a7
100
AcDbEntity
  8
0
 62
7
100
AcDbSpline
 70
8
 71
3
 72
8
 73
4
 74
0
 40
0
 40
0
 40
0
 40
0
 40
1
 40
1
 40
1
 40
1
 10
178.661953
 20
124.546353
 30
0.0
 10
178.568185
 20
124.640122
 30
0.0
 10
178.441008
 20
124.692800
 30
0.0
 10
178.308400
 20
124.692800
 30
0.0
  0
SPLINE
  5
5a8
100
AcDbEntity
  8
0
 62
7
100
AcDbSpline
 70
8
 71
3
 72
8
 73
4
 74
0
 40
0
 40
0
 40
0
 40
0
 40
1
 40
1
 40
1
 40
1
 10
178.308400
 20
110.792800
 30
0.0
 10
178.441008
 20
110.792800
 30
0.0
 10
178.568185
 20
110.845478
 30
0.0
 10
178.661953
 20
110.939247
 30
0.0
  0
SPLINE
  5
5a9
100
AcDbEntity
  8
0
 62
7
100
AcDbSpline
 70
8
 71
3
 72
8
 73
4
 74
0
 40
0
 40
0
 40
0
 40
0
 40
1
 40
1
 40
1
 40
1
 10
178.661953
 20
110.939247
 30
0.0
 10
178.755722
 20
111.033015
 30
0.0
 10
178.808400
 20
111.160192
 30
0.0
 10
178.808400
 20
111.292800
 30
0.0
  0
LWPOLYLINE
  5
5aa
100
AcDbEntity
  8
0
 62
7
100
AcDbPolyline
 90
2
 70
0
 10
178.808400
 20
124.192800
 30
0.0
 10
178.808400
 20
111.292800
 30
0.0
  0
LWPOLYLINE
  5
5ab
100
AcDbEntity
  8
0
 62
7
100
AcDbPolyline
 90
2
 70
0
 10
182.908400
 20
119.447800
 30
0.0
 10
182.908400
 20
132.347800
 30
0.0
  0
LWPOLYLINE
  5
5ac
100
AcDbEntity
  8
0
 62
7
100
AcDbPolyline
 90
2
 70
0
 10
183.408400
 20
132.847800
 30
0.0
 10
196.308400
 20
132.847800
 30
0.0
  0
LWPOLYLINE
  5
5ad
100
AcDbEntity
  8
0
 62
7
100
AcDbPolyline
 90
2
 70
0
 10
196.308400
 20
118.947800
 30
0.0
 10
183.408400
 20
118.947800
 30
0.0
  0
SPLINE
  5
5ae
100
AcDbEntity
  8
0
 62
7
100
AcDbSpline
 70
8
 71
3
 72
8
 73
4
 74
0
 40
0
 40
0
 40
0
 40
0
 40
1
 40
1
 40
1
 40
1
 10
183.408400
 20
132.847800
 30
0.0
 10
183.275792
 20
132.847800
 30
0.0
 10
183.148615
 20
132.795122
 30
0.0
 10
183.054847
 20
132.701353
 30
0.0
  0
SPLINE
  5
5af
100
AcDbEntity
  8
0
 62
7
100
AcDbSpline
 70
8
 71
3
 72
8
 73
4
 74
0
 40
0
 40
0
 40
0
 40
0
 40
1
 40
1
 40
1
 40
1
 10
183.054847
 20
132.701353
 30
0.0
 10
182.961078
 20
132.607585
 30
0.0
 10
182.908400
 20
132.480408
 30
0.0
 10
182.908400
 20
132.347800
 30
0.0
  0
SPLINE
  5
5b0
100
AcDbEntity
  8
0
 62
7
100
AcDbSpline
 70
8
 71
3
 72
8
 73
4
 74
0
 40
0
 40
0
 40
0
 40
0
 40
1
 40
1
 40
1
 40
1
 10
182.908400
 20
119.447800
 30
0.0
 10
182.908400
 20
119.315192
 30
0.0
 10
182.961078
 20
119.188015
 30
0.0
 10
183.054847
 20
119.094247
 30
0.0
  0
SPLINE
  5
5b1
100
AcDbEntity
  8
0
 62
7
100
AcDbSpline
 70
8
 71
3
 72
8
 73
4
 74
0
 40
0
 40
0
 40
0
 40
0
 40
1
 40
1
 40
1
 40
1
 10
183.054847
 20
119.094247
 30
0.0
 10
183.148615
 20
119.000478
 30
0.0
 10
183.275792
 20
118.947800
 30
0.0
 10
183.408400
 20
118.947800
 30
0.0
  0
SPLINE
  5
5b2
100
AcDbEntity
  8
0
 62
7
100
AcDbSpline
 70
8
 71
3
 72
8
 73
4
 74
0
 40
0
 40
0
 40
0
 40
0
 40
1
 40
1
 40
1
 40
1
 10
196.808400
 20
132.347800
 30
0.0
 10
196.808400
 20
132.480408
 30
0.0
 10
196.755722
 20
132.607585
 30
0.0
 10
196.661953
 20
132.701353
 30
0.0
  0
SPLINE
  5
5b3
100
AcDbEntity
  8
0
 62
7
100
AcDbSpline
 70
8
 71
3
 72
8
 73
4
 74
0
 40
0
 40
0
 40
0
 40
0
 40
1
 40
1
 40
1
 40
1
 10
196.661953
 20
132.701353
 30
0.0
 10
196.568185
 20
132.795122
 30
0.0
 10
196.441008
 20
132.847800
 30
0.0
 10
196.308400
 20
132.847800
 30
0.0
  0
SPLINE
  5
5b4
100
AcDbEntity
  8
0
 62
7
100
AcDbSpline
 70
8
 71
3
 72
8
 73
4
 74
0
 40
0
 40
0
 40
0
 40
0
 40
1
 40
1
 40
1
 40
1
 10
196.308400
 20
118.947800
 30
0.0
 10
196.441008
 20
118.947800
 30
0.0
 10
196.568185
 20
119.000478
 30
0.0
 10
196.661953
 20
119.094247
 30
0.0
  0
SPLINE
  5
5b5
100
AcDbEntity
  8
0
 62
7
100
AcDbSpline
 70
8
 71
3
 72
8
 73
4
 74
0
 40
0
 40
0
 40
0
 40
0
 40
1
 40
1
 40
1
 40
1
 10
196.661953
 20
119.094247
 30
0.0
 10
196.755722
 20
119.188015
 30
0.0
 10
196.808400
 20
119.315192
 30
0.0
 10
196.808400
 20
119.447800
 30
0.0
  0
LWPOLYLINE
  5
5b6
100
AcDbEntity
  8
0
 62
7
100
AcDbPolyline
 90
2
 70
0
 10
196.808400
 20
132.347800
 30
0.0
 10
196.808400
 20
119.447800
 30
0.0
  0
LWPOLYLINE
  5
5b7
100
AcDbEntity
  8
0
 62
7
100
AcDbPolyline
 90
2
 70
0
 10
43.764400
 20
117.447800
 30
0.0
 10
43.764400
 20
130.347800
 30
0.0
  0
LWPOLYLINE
  5
5b8
100
AcDbEntity
  8
0
 62
7
100
AcDbPolyline
 90
2
 70
0
 10
44.264400
 20
130.847800
 30
0.0
 10
57.164400
 20
130.847800
 30
0.0
  0
LWPOLYLINE
  5
5b9
100
AcDbEntity
  8
0
 62
7
100
AcDbPolyline
 90
2
 70
0
 10
57.164400
 20
116.947800
 30
0.0
 10
44.264400
 20
116.947800
 30
0.0
  0
SPLINE
  5
5ba
100
AcDbEntity
  8
0
 62
7
100
AcDbSpline
 70
8
 71
3
 72
8
 73
4
 74
0
 40
0
 40
0
 40
0
 40
0
 40
1
 40
1
 40
1
 40
1
 10
44.264400
 20
130.847800
 30
0.0
 10
44.131792
 20
130.847800
 30
0.0
 10
44.004615
 20
130.795122
 30
0.0
 10
43.910847
 20
130.701353
 30
0.0
  0
SPLINE
  5
5bb
100
AcDbEntity
  8
0
 62
7
100
AcDbSpline
 70
8
 71
3
 72
8
 73
4
 74
0
 40
0
 40
0
 40
0
 40
0
 40
1
 40
1
 40
1
 40
1
 10
43.910847
 20
130.701353
 30
0.0
 10
43.817078
 20
130.607585
 30
0.0
 10
43.764400
 20
130.480408
 30
0.0
 10
43.764400
 20
130.347800
 30
0.0
  0
SPLINE
  5
5bc
100
AcDbEntity
  8
0
 62
7
100
AcDbSpline
 70
8
 71
3
 72
8
 73
4
 74
0
 40
0
 40
0
 40
0
 40
0
 40
1
 40
1
 40
1
 40
1
 10
43.764400
 20
117.447800
 30
0.0
 10
43.764400
 20
117.315192
 30
0.0
 10
43.817078
 20
117.188015
 30
0.0
 10
43.910847
 20
117.094247
 30
0.0
  0
SPLINE
  5
5bd
100
AcDbEntity
  8
0
 62
7
100
AcDbSpline
 70
8
 71
3
 72
8
 73
4
 74
0
 40
0
 40
0
 40
0
 40
0
 40
1
 40
1
 40
1
 40
1
 10
43.910847
 20
117.094247
 30
0.0
 10
44.004615
 20
117.000478
 30
0.0
 10
44.131792
 20
116.947800
 30
0.0
 10
44.264400
 20
116.947800
 30
0.0
  0
SPLINE
  5
5be
100
AcDbEntity
  8
0
 62
7
100
AcDbSpline
 70
8
 71
3
 72
8
 73
4
 74
0
 40
0
 40
0
 40
0
 40
0
 40
1
 40
1
 40
1
 40
1
 10
57.664400
 20
130.347800
 30
0.0
 10
57.664400
 20
130.480408
 30
0.0
 10
57.611722
 20
130.607585
 30
0.0
 10
57.517953
 20
130.701353
 30
0.0
  0
SPLINE
  5
5bf
100
AcDbEntity
  8
0
 62
7
100
AcDbSpline
 70
8
 71
3
 72
8
 73
4
 74
0
 40
0
 40
0
 40
0
 40
0
 40
1
 40
1
 40
1
 40
1
 10
57.517953
 20
130.701353
 30
0.0
 10
57.424185
 20
130.795122
 30
0.0
 10
57.297008
 20
130.847800
 30
0.0
 10
57.164400
 20
130.847800
 30
0.0
  0
SPLINE
  5
5c0
100
AcDbEntity
  8
0
 62
7
100
AcDbSpline
 70
8
 71
3
 72
8
 73
4
 74
0
 40
0
 40
0
 40
0
 40
0
 40
1
 40
1
 40
1
 40
1
 10
57.164400
 20
116.947800
 30
0.0
 10
57.297008
 20
116.947800
 30
0.0
 10
57.424185
 20
117.000478
 30
0.0
 10
57.517953
 20
117.094247
 30
0.0
  0
SPLINE
  5
5c1
100
AcDbEntity
  8
0
 62
7
100
AcDbSpline
 70
8
 71
3
 72
8
 73
4
 74
0
 40
0
 40
0
 40
0
 40
0
 40
1
 40
1
 40
1
 40
1
 10
57.517953
 20
117.094247
 30
0.0
 10
57.611722
 20
117.188015
 30
0.0
 10
57.664400
 20
117.315192
 30
0.0
 10
57.664400
 20
117.447800
 30
0.0
  0
LWPOLYLINE
  5
5c2
100
AcDbEntity
  8
0
 62
7
100
AcDbPolyline
 90
2
 70
0
 10
57.664400
 20
130.347800
 30
0.0
 10
57.664400
 20
117.447800
 30
0.0
  0
LWPOLYLINE
  5
5c3
100
AcDbEntity
  8
0
 62
7
100
AcDbPolyline
 90
2
 70
0
 10
183.257800
 20
89.352000
 30
0.0
 10
195.961900
 20
91.592000
 30
0.0
  0
LWPOLYLINE
  5
5c4
100
AcDbEntity
  8
0
 62
7
100
AcDbPolyline
 90
2
 70
0
 10
185.092300
 20
76.068700
 30
0.0
 10
182.852300
 20
88.772800
 30
0.0
  0
LWPOLYLINE
  5
5c5
100
AcDbEntity
  8
0
 62
7
100
AcDbPolyline
 90
2
 70
0
 10
196.541100
 20
91.186500
 30
0.0
 10
198.781100
 20
78.482400
 30
0.0
  0
SPLINE
  5
5c6
100
AcDbEntity
  8
0
 62
7
100
AcDbSpline
 70
8
 71
3
 72
8
 73
4
 74
0
 40
0
 40
0
 40
0
 40
0
 40
1
 40
1
 40
1
 40
1
 10
183.257800
 20
89.352000
 30
0.0
 10
182.985898
 20
89.304010
 30
0.0
 10
182.804362
 20
89.044711
 30
0.0
 10
182.852300
 20
88.772800
 30
0.0
  0
SPLINE
  5
5c7
100
AcDbEntity
  8
0
 62
7
100
AcDbSpline
 70
8
 71
3
 72
8
 73
4
 74
0
 40
0
 40
0
 40
0
 40
0
 40
1
 40
1
 40
1
 40
1
 10
185.092300
 20
76.068700
 30
0.0
 10
185.140290
 20
75.796798
 30
0.0
 10
185.399589
 20
75.615262
 30
0.0
 10
185.671500
 20
75.663200
 30
0.0
  0
SPLINE
  5
5c8
100
AcDbEntity
  8
0
 62
7
100
AcDbSpline
 70
8
 71
3
 72
8
 73
4
 74
0
 40
0
 40
0
 40
0
 40
0
 40
1
 40
1
 40
1
 40
1
 10
196.541100
 20
91.186500
 30
0.0
 10
196.493110
 20
91.458402
 30
0.0
 10
196.233811
 20
91.639938
 30
0.0
 10
195.961900
 20
91.592000
 30
0.0
  0
SPLINE
  5
5c9
100
AcDbEntity
  8
0
 62
7
100
AcDbSpline
 70
8
 71
3
 72
8
 73
4
 74
0
 40
0
 40
0
 40
0
 40
0
 40
1
 40
1
 40
1
 40
1
 10
198.375600
 20
77.903200
 30
0.0
 10
198.647502
 20
77.951190
 30
0.0
 10
198.829038
 20
78.210489
 30
0.0
 10
198.781100
 20
78.482400
 30
0.0
  0
LWPOLYLINE
  5
5ca
100
AcDbEntity
  8
0
 62
7
100
AcDbPolyline
 90
2
 70
0
 10
198.375600
 20
77.903200
 30
0.0
 10
185.671500
 20
75.663200
 30
0.0
  0
LWPOLYLINE
  5
5cb
100
AcDbEntity
  8
0
 62
7
100
AcDbPolyline
 90
2
 70
0
 10
61.764400
 20
142.947800
 30
0.0
 10
61.764400
 20
155.847800
 30
0.0
  0
LWPOLYLINE
  5
5cc
100
AcDbEntity
  8
0
 62
7
100
AcDbPolyline
 90
2
 70
0
 10
62.264400
 20
156.347800
 30
0.0
 10
75.164400
 20
156.347800
 30
0.0
  0
LWPOLYLINE
  5
5cd
100
AcDbEntity
  8
0
 62
7
100
AcDbPolyline
 90
2
 70
0
 10
75.164400
 20
142.447800
 30
0.0
 10
62.264400
 20
142.447800
 30
0.0
  0
SPLINE
  5
5ce
100
AcDbEntity
  8
0
 62
7
100
AcDbSpline
 70
8
 71
3
 72
8
 73
4
 74
0
 40
0
 40
0
 40
0
 40
0
 40
1
 40
1
 40
1
 40
1
 10
62.264400
 20
156.347800
 30
0.0
 10
62.131792
 20
156.347800
 30
0.0
 10
62.004615
 20
156.295122
 30
0.0
 10
61.910847
 20
156.201353
 30
0.0
  0
SPLINE
  5
5cf
100
AcDbEntity
  8
0
 62
7
100
AcDbSpline
 70
8
 71
3
 72
8
 73
4
 74
0
 40
0
 40
0
 40
0
 40
0
 40
1
 40
1
 40
1
 40
1
 10
61.910847
 20
156.201353
 30
0.0
 10
61.817078
 20
156.107585
 30
0.0
 10
61.764400
 20
155.980408
 30
0.0
 10
61.764400
 20
155.847800
 30
0.0
  0
SPLINE
  5
5d0
100
AcDbEntity
  8
0
 62
7
100
AcDbSpline
 70
8
 71
3
 72
8
 73
4
 74
0
 40
0
 40
0
 40
0
 40
0
 40
1
 40
1
 40
1
 40
1
 10
61.764400
 20
142.947800
 30
0.0
 10
61.764400
 20
142.815192
 30
0.0
 10
61.817078
 20
142.688015
 30
0.0
 10
61.910847
 20
142.594247
 30
0.0
  0
SPLINE
  5
5d1
100
AcDbEntity
  8
0
 62
7
100
AcDbSpline
 70
8
 71
3
 72
8
 73
4
 74
0
 40
0
 40
0
 40
0
 40
0
 40
1
 40
1
 40
1
 40
1
 10
61.910847
 20
142.594247
 30
0.0
 10
62.004615
 20
142.500478
 30
0.0
 10
62.131792
 20
142.447800
 30
0.0
 10
62.264400
 20
142.447800
 30
0.0
  0
SPLINE
  5
5d2
100
AcDbEntity
  8
0
 62
7
100
AcDbSpline
 70
8
 71
3
 72
8
 73
4
 74
0
 40
0
 40
0
 40
0
 40
0
 40
1
 40
1
 40
1
 40
1
 10
75.664400
 20
155.847800
 30
0.0
 10
75.664400
 20
155.980408
 30
0.0
 10
75.611722
 20
156.107585
 30
0.0
 10
75.517953
 20
156.201353
 30
0.0
  0
SPLINE
  5
5d3
100
AcDbEntity
  8
0
 62
7
100
AcDbSpline
 70
8
 71
3
 72
8
 73
4
 74
0
 40
0
 40
0
 40
0
 40
0
 40
1
 40
1
 40
1
 40
1
 10
75.517953
 20
156.201353
 30
0.0
 10
75.424185
 20
156.295122
 30
0.0
 10
75.297008
 20
156.347800
 30
0.0
 10
75.164400
 20
156.347800
 30
0.0
  0
SPLINE
  5
5d4
100
AcDbEntity
  8
0
 62
7
100
AcDbSpline
 70
8
 71
3
 72
8
 73
4
 74
0
 40
0
 40
0
 40
0
 40
0
 40
1
 40
1
 40
1
 40
1
 10
75.164400
 20
142.447800
 30
0.0
 10
75.297008
 20
142.447800
 30
0.0
 10
75.424185
 20
142.500478
 30
0.0
 10
75.517953
 20
142.594247
 30
0.0
  0
SPLINE
  5
5d5
100
AcDbEntity
  8
0
 62
7
100
AcDbSpline
 70
8
 71
3
 72
8
 73
4
 74
0
 40
0
 40
0
 40
0
 40
0
 40
1
 40
1
 40
1
 40
1
 10
75.517953
 20
142.594247
 30
0.0
 10
75.611722
 20
142.688015
 30
0.0
 10
75.664400
 20
142.815192
 30
0.0
 10
75.664400
 20
142.947800
 30
0.0
  0
LWPOLYLINE
  5
5d6
100
AcDbEntity
  8
0
 62
7
100
AcDbPolyline
 90
2
 70
0
 10
75.664400
 20
155.847800
 30
0.0
 10
75.664400
 20
142.947800
 30
0.0
  0
LWPOLYLINE
  5
5d7
100
AcDbEntity
  8
0
 62
7
100
AcDbPolyline
 90
2
 70
0
 10
97.764400
 20
94.292800
 30
0.0
 10
97.764400
 20
107.192800
 30
0.0
  0
LWPOLYLINE
  5
5d8
100
AcDbEntity
  8
0
 62
7
100
AcDbPolyline
 90
2
 70
0
 10
98.264400
 20
107.692800
 30
0.0
 10
111.164400
 20
107.692800
 30
0.0
  0
LWPOLYLINE
  5
5d9
100
AcDbEntity
  8
0
 62
7
100
AcDbPolyline
 90
2
 70
0
 10
111.164400
 20
93.792800
 30
0.0
 10
98.264400
 20
93.792800
 30
0.0
  0
SPLINE
  5
5da
100
AcDbEntity
  8
0
 62
7
100
AcDbSpline
 70
8
 71
3
 72
8
 73
4
 74
0
 40
0
 40
0
 40
0
 40
0
 40
1
 40
1
 40
1
 40
1
 10
98.264400
 20
107.692800
 30
0.0
 10
98.131792
 20
107.692800
 30
0.0
 10
98.004615
 20
107.640122
 30
0.0
 10
97.910847
 20
107.546353
 30
0.0
  0
SPLINE
  5
5db
100
AcDbEntity
  8
0
 62
7
100
AcDbSpline
 70
8
 71
3
 72
8
 73
4
 74
0
 40
0
 40
0
 40
0
 40
0
 40
1
 40
1
 40
1
 40
1
 10
97.910847
 20
107.546353
 30
0.0
 10
97.817078
 20
107.452585
 30
0.0
 10
97.764400
 20
107.325408
 30
0.0
 10
97.764400
 20
107.192800
 30
0.0
  0
SPLINE
  5
5dc
100
AcDbEntity
  8
0
 62
7
100
AcDbSpline
 70
8
 71
3
 72
8
 73
4
 74
0
 40
0
 40
0
 40
0
 40
0
 40
1
 40
1
 40
1
 40
1
 10
97.764400
 20
94.292800
 30
0.0
 10
97.764400
 20
94.160192
 30
0.0
 10
97.817078
 20
94.033015
 30
0.0
 10
97.910847
 20
93.939247
 30
0.0
  0
SPLINE
  5
5dd
100
AcDbEntity
  8
0
 62
7
100
AcDbSpline
 70
8
 71
3
 72
8
 73
4
 74
0
 40
0
 40
0
 40
0
 40
0
 40
1
 40
1
 40
1
 40
1
 10
97.910847
 20
93.939247
 30
0.0
 10
98.004615
 20
93.845478
 30
0.0
 10
98.131792
 20
93.792800
 30
0.0
 10
98.264400
 20
93.792800
 30
0.0
  0
SPLINE
  5
5de
100
AcDbEntity
  8
0
 62
7
100
AcDbSpline
 70
8
 71
3
 72
8
 73
4
 74
0
 40
0
 40
0
 40
0
 40
0
 40
1
 40
1
 40
1
 40
1
 10
111.664400
 20
107.192800
 30
0.0
 10
111.664400
 20
107.325408
 30
0.0
 10
111.611722
 20
107.452585
 30
0.0
 10
111.517953
 20
107.546353
 30
0.0
  0
SPLINE
  5
5df
100
AcDbEntity
  8
0
 62
7
100
AcDbSpline
 70
8
 71
3
 72
8
 73
4
 74
0
 40
0
 40
0
 40
0
 40
0
 40
1
 40
1
 40
1
 40
1
 10
111.517953
 20
107.546353
 30
0.0
 10
111.424185
 20
107.640122
 30
0.0
 10
111.297008
 20
107.692800
 30
0.0
 10
111.164400
 20
107.692800
 30
0.0
  0
SPLINE
  5
5e0
100
AcDbEntity
  8
0
 62
7
100
AcDbSpline
 70
8
 71
3
 72
8
 73
4
 74
0
 40
0
 40
0
 40
0
 40
0
 40
1
 40
1
 40
1
 40
1
 10
111.164400
 20
93.792800
 30
0.0
 10
111.297008
 20
93.792800
 30
0.0
 10
111.424185
 20
93.845478
 30
0.0
 10
111.517953
 20
93.939247
 30
0.0
  0
SPLINE
  5
5e1
100
AcDbEntity
  8
0
 62
7
100
AcDbSpline
 70
8
 71
3
 72
8
 73
4
 74
0
 40
0
 40
0
 40
0
 40
0
 40
1
 40
1
 40
1
 40
1
 10
111.517953
 20
93.939247
 30
0.0
 10
111.611722
 20
94.033015
 30
0.0
 10
111.664400
 20
94.160192
 30
0.0
 10
111.664400
 20
94.292800
 30
0.0
  0
LWPOLYLINE
  5
5e2
100
AcDbEntity
  8
0
 62
7
100
AcDbPolyline
 90
2
 70
0
 10
111.664400
 20
107.192800
 30
0.0
 10
111.664400
 20
94.292800
 30
0.0
  0
LWPOLYLINE
  5
5e3
100
AcDbEntity
  8
0
 62
7
100
AcDbPolyline
 90
2
 70
0
 10
218.908400
 20
100.447800
 30
0.0
 10
218.908400
 20
113.347800
 30
0.0
  0
LWPOLYLINE
  5
5e4
100
AcDbEntity
  8
0
 62
7
100
AcDbPolyline
 90
2
 70
0
 10
219.408400
 20
113.847800
 30
0.0
 10
232.308400
 20
113.847800
 30
0.0
  0
LWPOLYLINE
  5
5e5
100
AcDbEntity
  8
0
 62
7
100
AcDbPolyline
 90
2
 70
0
 10
232.308400
 20
99.947800
 30
0.0
 10
219.408400
 20
99.947800
 30
0.0
  0
SPLINE
  5
5e6
100
AcDbEntity
  8
0
 62
7
100
AcDbSpline
 70
8
 71
3
 72
8
 73
4
 74
0
 40
0
 40
0
 40
0
 40
0
 40
1
 40
1
 40
1
 40
1
 10
219.408400
 20
113.847800
 30
0.0
 10
219.275792
 20
113.847800
 30
0.0
 10
219.148615
 20
113.795122
 30
0.0
 10
219.054847
 20
113.701353
 30
0.0
  0
SPLINE
  5
5e7
100
AcDbEntity
  8
0
 62
7
100
AcDbSpline
 70
8
 71
3
 72
8
 73
4
 74
0
 40
0
 40
0
 40
0
 40
0
 40
1
 40
1
 40
1
 40
1
 10
219.054847
 20
113.701353
 30
0.0
 10
218.961078
 20
113.607585
 30
0.0
 10
218.908400
 20
113.480408
 30
0.0
 10
218.908400
 20
113.347800
 30
0.0
  0
SPLINE
  5
5e8
100
AcDbEntity
  8
0
 62
7
100
AcDbSpline
 70
8
 71
3
 72
8
 73
4
 74
0
 40
0
 40
0
 40
0
 40
0
 40
1
 40
1
 40
1
 40
1
 10
218.908400
 20
100.447800
 30
0.0
 10
218.908400
 20
100.315192
 30
0.0
 10
218.961078
 20
100.188015
 30
0.0
 10
219.054847
 20
100.094247
 30
0.0
  0
SPLINE
  5
5e9
100
AcDbEntity
  8
0
 62
7
100
AcDbSpline
 70
8
 71
3
 72
8
 73
4
 74
0
 40
0
 40
0
 40
0
 40
0
 40
1
 40
1
 40
1
 40
1
 10
219.054847
 20
100.094247
 30
0.0
 10
219.148615
 20
100.000478
 30
0.0
 10
219.275792
 20
99.947800
 30
0.0
 10
219.408400
 20
99.947800
 30
0.0
  0
SPLINE
  5
5ea
100
AcDbEntity
  8
0
 62
7
100
AcDbSpline
 70
8
 71
3
 72
8
 73
4
 74
0
 40
0
 40
0
 40
0
 40
0
 40
1
 40
1
 40
1
 40
1
 10
232.808400
 20
113.347800
 30
0.0
 10
232.808400
 20
113.480408
 30
0.0
 10
232.755722
 20
113.607585
 30
0.0
 10
232.661953
 20
113.701353
 30
0.0
  0
SPLINE
  5
5eb
100
AcDbEntity
  8
0
 62
7
100
AcDbSpline
 70
8
 71
3
 72
8
 73
4
 74
0
 40
0
 40
0
 40
0
 40
0
 40
1
 40
1
 40
1
 40
1
 10
232.661953
 20
113.701353
 30
0.0
 10
232.568185
 20
113.795122
 30
0.0
 10
232.441008
 20
113.847800
 30
0.0
 10
232.308400
 20
113.847800
 30
0.0
  0
SPLINE
  5
5ec
100
AcDbEntity
  8
0
 62
7
100
AcDbSpline
 70
8
 71
3
 72
8
 73
4
 74
0
 40
0
 40
0
 40
0
 40
0
 40
1
 40
1
 40
1
 40
1
 10
232.308400
 20
99.947800
 30
0.0
 10
232.441008
 20
99.947800
 30
0.0
 10
232.568185
 20
100.000478
 30
0.0
 10
232.661953
 20
100.094247
 30
0.0
  0
SPLINE
  5
5ed
100
AcDbEntity
  8
0
 62
7
100
AcDbSpline
 70
8
 71
3
 72
8
 73
4
 74
0
 40
0
 40
0
 40
0
 40
0
 40
1
 40
1
 40
1
 40
1
 10
232.661953
 20
100.094247
 30
0.0
 10
232.755722
 20
100.188015
 30
0.0
 10
232.808400
 20
100.315192
 30
0.0
 10
232.808400
 20
100.447800
 30
0.0
  0
LWPOLYLINE
  5
5ee
100
AcDbEntity
  8
0
 62
7
100
AcDbPolyline
 90
2
 70
0
 10
232.808400
 20
113.347800
 30
0.0
 10
232.808400
 20
100.447800
 30
0.0
  0
LWPOLYLINE
  5
5ef
100
AcDbEntity
  8
0
 62
7
100
AcDbPolyline
 90
2
 70
0
 10
25.764400
 20
87.447800
 30
0.0
 10
25.764400
 20
100.347800
 30
0.0
  0
LWPOLYLINE
  5
5f0
100
AcDbEntity
  8
0
 62
7
100
AcDbPolyline
 90
2
 70
0
 10
26.264400
 20
100.847800
 30
0.0
 10
39.164400
 20
100.847800
 30
0.0
  0
LWPOLYLINE
  5
5f1
100
AcDbEntity
  8
0
 62
7
100
AcDbPolyline
 90
2
 70
0
 10
39.164400
 20
86.947800
 30
0.0
 10
26.264400
 20
86.947800
 30
0.0
  0
SPLINE
  5
5f2
100
AcDbEntity
  8
0
 62
7
100
AcDbSpline
 70
8
 71
3
 72
8
 73
4
 74
0
 40
0
 40
0
 40
0
 40
0
 40
1
 40
1
 40
1
 40
1
 10
26.264400
 20
100.847800
 30
0.0
 10
26.131792
 20
100.847800
 30
0.0
 10
26.004615
 20
100.795122
 30
0.0
 10
25.910847
 20
100.701353
 30
0.0
  0
SPLINE
  5
5f3
100
AcDbEntity
  8
0
 62
7
100
AcDbSpline
 70
8
 71
3
 72
8
 73
4
 74
0
 40
0
 40
0
 40
0
 40
0
 40
1
 40
1
 40
1
 40
1
 10
25.910847
 20
100.701353
 30
0.0
 10
25.817078
 20
100.607585
 30
0.0
 10
25.764400
 20
100.480408
 30
0.0
 10
25.764400
 20
100.347800
 30
0.0
  0
SPLINE
  5
5f4
100
AcDbEntity
  8
0
 62
7
100
AcDbSpline
 70
8
 71
3
 72
8
 73
4
 74
0
 40
0
 40
0
 40
0
 40
0
 40
1
 40
1
 40
1
 40
1
 10
25.764400
 20
87.447800
 30
0.0
 10
25.764400
 20
87.315192
 30
0.0
 10
25.817078
 20
87.188015
 30
0.0
 10
25.910847
 20
87.094247
 30
0.0
  0
SPLINE
  5
5f5
100
AcDbEntity
  8
0
 62
7
100
AcDbSpline
 70
8
 71
3
 72
8
 73
4
 74
0
 40
0
 40
0
 40
0
 40
0
 40
1
 40
1
 40
1
 40
1
 10
25.910847
 20
87.094247
 30
0.0
 10
26.004615
 20
87.000478
 30
0.0
 10
26.131792
 20
86.947800
 30
0.0
 10
26.264400
 20
86.947800
 30
0.0
  0
SPLINE
  5
5f6
100
AcDbEntity
  8
0
 62
7
100
AcDbSpline
 70
8
 71
3
 72
8
 73
4
 74
0
 40
0
 40
0
 40
0
 40
0
 40
1
 40
1
 40
1
 40
1
 10
39.664400
 20
100.347800
 30
0.0
 10
39.664400
 20
100.480408
 30
0.0
 10
39.611722
 20
100.607585
 30
0.0
 10
39.517953
 20
100.701353
 30
0.0
  0
SPLINE
  5
5f7
100
AcDbEntity
  8
0
 62
7
100
AcDbSpline
 70
8
 71
3
 72
8
 73
4
 74
0
 40
0
 40
0
 40
0
 40
0
 40
1
 40
1
 40
1
 40
1
 10
39.517953
 20
100.701353
 30
0.0
 10
39.424185
 20
100.795122
 30
0.0
 10
39.297008
 20
100.847800
 30
0.0
 10
39.164400
 20
100.847800
 30
0.0
  0
SPLINE
  5
5f8
100
AcDbEntity
  8
0
 62
7
100
AcDbSpline
 70
8
 71
3
 72
8
 73
4
 74
0
 40
0
 40
0
 40
0
 40
0
 40
1
 40
1
 40
1
 40
1
 10
39.164400
 20
86.947800
 30
0.0
 10
39.297008
 20
86.947800
 30
0.0
 10
39.424185
 20
87.000478
 30
0.0
 10
39.517953
 20
87.094247
 30
0.0
  0
SPLINE
  5
5f9
100
AcDbEntity
  8
0
 62
7
100
AcDbSpline
 70
8
 71
3
 72
8
 73
4
 74
0
 40
0
 40
0
 40
0
 40
0
 40
1
 40
1
 40
1
 40
1
 10
39.517953
 20
87.094247
 30
0.0
 10
39.611722
 20
87.188015
 30
0.0
 10
39.664400
 20
87.315192
 30
0.0
 10
39.664400
 20
87.447800
 30
0.0
  0
LWPOLYLINE
  5
5fa
100
AcDbEntity
  8
0
 62
7
100
AcDbPolyline
 90
2
 70
0
 10
39.664400
 20
100.347800
 30
0.0
 10
39.664400
 20
87.447800
 30
0.0
  0
LWPOLYLINE
  5
5fb
100
AcDbEntity
  8
0
 62
7
100
AcDbPolyline
 90
2
 70
0
 10
163.351300
 20
83.104200
 30
0.0
 10
175.473400
 20
87.516300
 30
0.0
  0
LWPOLYLINE
  5
5fc
100
AcDbEntity
  8
0
 62
7
100
AcDbPolyline
 90
2
 70
0
 10
167.464600
 20
70.341300
 30
0.0
 10
163.052500
 20
82.463400
 30
0.0
  0
LWPOLYLINE
  5
5fd
100
AcDbEntity
  8
0
 62
7
100
AcDbPolyline
 90
2
 70
0
 10
176.114200
 20
87.217500
 30
0.0
 10
180.526300
 20
75.095400
 30
0.0
  0
SPLINE
  5
5fe
100
AcDbEntity
  8
0
 62
7
100
AcDbSpline
 70
8
 71
3
 72
8
 73
4
 74
0
 40
0
 40
0
 40
0
 40
0
 40
1
 40
1
 40
1
 40
1
 10
163.351300
 20
83.104200
 30
0.0
 10
163.091856
 20
83.009739
 30
0.0
 10
162.958087
 20
82.722862
 30
0.0
 10
163.052500
 20
82.463400
 30
0.0
  0
SPLINE
  5
5ff
100
AcDbEntity
  8
0
 62
7
100
AcDbSpline
 70
8
 71
3
 72
8
 73
4
 74
0
 40
0
 40
0
 40
0
 40
0
 40
1
 40
1
 40
1
 40
1
 10
167.464600
 20
70.341300
 30
0.0
 10
167.559061
 20
70.081856
 30
0.0
 10
167.845938
 20
69.948087
 30
0.0
 10
168.105400
 20
70.042500
 30
0.0
  0
SPLINE
  5
600
100
AcDbEntity
  8
0
 62
7
100
AcDbSpline
 70
8
 71
3
 72
8
 73
4
 74
0
 40
0
 40
0
 40
0
 40
0
 40
1
 40
1
 40
1
 40
1
 10
176.114200
 20
87.217500
 30
0.0
 10
176.019739
 20
87.476944
 30
0.0
 10
175.732862
 20
87.610713
 30
0.0
 10
175.473400
 20
87.516300
 30
0.0
  0
SPLINE
  5
601
100
AcDbEntity
  8
0
 62
7
100
AcDbSpline
 70
8
 71
3
 72
8
 73
4
 74
0
 40
0
 40
0
 40
0
 40
0
 40
1
 40
1
 40
1
 40
1
 10
180.227500
 20
74.454600
 30
0.0
 10
180.486944
 20
74.549061
 30
0.0
 10
180.620713
 20
74.835938
 30
0.0
 10
180.526300
 20
75.095400
 30
0.0
  0
LWPOLYLINE
  5
602
100
AcDbEntity
  8
0
 62
7
100
AcDbPolyline
 90
2
 70
0
 10
180.227500
 20
74.454600
 30
0.0
 10
168.105400
 20
70.042500
 30
0.0
  0
LWPOLYLINE
  5
603
100
AcDbEntity
  8
0
 62
7
100
AcDbPolyline
 90
2
 70
0
 10
164.908400
 20
128.292800
 30
0.0
 10
164.908400
 20
141.192800
 30
0.0
  0
LWPOLYLINE
  5
604
100
AcDbEntity
  8
0
 62
7
100
AcDbPolyline
 90
2
 70
0
 10
165.408400
 20
141.692800
 30
0.0
 10
178.308400
 20
141.692800
 30
0.0
  0
LWPOLYLINE
  5
605
100
AcDbEntity
  8
0
 62
7
100
AcDbPolyline
 90
2
 70
0
 10
178.308400
 20
127.792800
 30
0.0
 10
165.408400
 20
127.792800
 30
0.0
  0
SPLINE
  5
606
100
AcDbEntity
  8
0
 62
7
100
AcDbSpline
 70
8
 71
3
 72
8
 73
4
 74
0
 40
0
 40
0
 40
0
 40
0
 40
1
 40
1
 40
1
 40
1
 10
165.408400
 20
141.692800
 30
0.0
 10
165.275792
 20
141.692800
 30
0.0
 10
165.148615
 20
141.640122
 30
0.0
 10
165.054847
 20
141.546353
 30
0.0
  0
SPLINE
  5
607
100
AcDbEntity
  8
0
 62
7
100
AcDbSpline
 70
8
 71
3
 72
8
 73
4
 74
0
 40
0
 40
0
 40
0
 40
0
 40
1
 40
1
 40
1
 40
1
 10
165.054847
 20
141.546353
 30
0.0
 10
164.961078
 20
141.452585
 30
0.0
 10
164.908400
 20
141.325408
 30
0.0
 10
164.908400
 20
141.192800
 30
0.0
  0
SPLINE
  5
608
100
AcDbEntity
  8
0
 62
7
100
AcDbSpline
 70
8
 71
3
 72
8
 73
4
 74
0
 40
0
 40
0
 40
0
 40
0
 40
1
 40
1
 40
1
 40
1
 10
164.908400
 20
128.292800
 30
0.0
 10
164.908400
 20
128.160192
 30
0.0
 10
164.961078
 20
128.033015
 30
0.0
 10
165.054847
 20
127.939247
 30
0.0
  0
SPLINE
  5
609
100
AcDbEntity
  8
0
 62
7
100
AcDbSpline
 70
8
 71
3
 72
8
 73
4
 74
0
 40
0
 40
0
 40
0
 40
0
 40
1
 40
1
 40
1
 40
1
 10
165.054847
 20
127.939247
 30
0.0
 10
165.148615
 20
127.845478
 30
0.0
 10
165.275792
 20
127.792800
 30
0.0
 10
165.408400
 20
127.792800
 30
0.0
  0
SPLINE
  5
60a
100
AcDbEntity
  8
0
 62
7
100
AcDbSpline
 70
8
 71
3
 72
8
 73
4
 74
0
 40
0
 40
0
 40
0
 40
0
 40
1
 40
1
 40
1
 40
1
 10
178.808400
 20
141.192800
 30
0.0
 10
178.808400
 20
141.325408
 30
0.0
 10
178.755722
 20
141.452585
 30
0.0
 10
178.661953
 20
141.546353
 30
0.0
  0
SPLINE
  5
60b
100
AcDbEntity
  8
0
 62
7
100
AcDbSpline
 70
8
 71
3
 72
8
 73
4
 74
0
 40
0
 40
0
 40
0
 40
0
 40
1
 40
1
 40
1
 40
1
 10
178.661953
 20
141.546353
 30
0.0
 10
178.568185
 20
141.640122
 30
0.0
 10
178.441008
 20
141.692800
 30
0.0
 10
178.308400
 20
141.692800
 30
0.0
  0
SPLINE
  5
60c
100
AcDbEntity
  8
0
 62
7
100
AcDbSpline
 70
8
 71
3
 72
8
 73
4
 74
0
 40
0
 40
0
 40
0
 40
0
 40
1
 40
1
 40
1
 40
1
 10
178.308400
 20
127.792800
 30
0.0
 10
178.441008
 20
127.792800
 30
0.0
 10
178.568185
 20
127.845478
 30
0.0
 10
178.661953
 20
127.939247
 30
0.0
  0
SPLINE
  5
60d
100
AcDbEntity
  8
0
 62
7
100
AcDbSpline
 70
8
 71
3
 72
8
 73
4
 74
0
 40
0
 40
0
 40
0
 40
0
 40
1
 40
1
 40
1
 40
1
 10
178.661953
 20
127.939247
 30
0.0
 10
178.755722
 20
128.033015
 30
0.0
 10
178.808400
 20
128.160192
 30
0.0
 10
178.808400
 20
128.292800
 30
0.0
  0
LWPOLYLINE
  5
60e
100
AcDbEntity
  8
0
 62
7
100
AcDbPolyline
 90
2
 70
0
 10
178.808400
 20
141.192800
 30
0.0
 10
178.808400
 20
128.292800
 30
0.0
  0
LWPOLYLINE
  5
60f
100
AcDbEntity
  8
0
 62
7
100
AcDbPolyline
 90
2
 70
0
 10
164.908400
 20
94.292800
 30
0.0
 10
164.908400
 20
107.192800
 30
0.0
  0
LWPOLYLINE
  5
610
100
AcDbEntity
  8
0
 62
7
100
AcDbPolyline
 90
2
 70
0
 10
165.408400
 20
107.692800
 30
0.0
 10
178.308400
 20
107.692800
 30
0.0
  0
LWPOLYLINE
  5
611
100
AcDbEntity
  8
0
 62
7
100
AcDbPolyline
 90
2
 70
0
 10
178.308400
 20
93.792800
 30
0.0
 10
165.408400
 20
93.792800
 30
0.0
  0
SPLINE
  5
612
100
AcDbEntity
  8
0
 62
7
100
AcDbSpline
 70
8
 71
3
 72
8
 73
4
 74
0
 40
0
 40
0
 40
0
 40
0
 40
1
 40
1
 40
1
 40
1
 10
165.408400
 20
107.692800
 30
0.0
 10
165.275792
 20
107.692800
 30
0.0
 10
165.148615
 20
107.640122
 30
0.0
 10
165.054847
 20
107.546353
 30
0.0
  0
SPLINE
  5
613
100
AcDbEntity
  8
0
 62
7
100
AcDbSpline
 70
8
 71
3
 72
8
 73
4
 74
0
 40
0
 40
0
 40
0
 40
0
 40
1
 40
1
 40
1
 40
1
 10
165.054847
 20
107.546353
 30
0.0
 10
164.961078
 20
107.452585
 30
0.0
 10
164.908400
 20
107.325408
 30
0.0
 10
164.908400
 20
107.192800
 30
0.0
  0
SPLINE
  5
614
100
AcDbEntity
  8
0
 62
7
100
AcDbSpline
 70
8
 71
3
 72
8
 73
4
 74
0
 40
0
 40
0
 40
0
 40
0
 40
1
 40
1
 40
1
 40
1
 10
164.908400
 20
94.292800
 30
0.0
 10
164.908400
 20
94.160192
 30
0.0
 10
164.961078
 20
94.033015
 30
0.0
 10
165.054847
 20
93.939247
 30
0.0
  0
SPLINE
  5
615
100
AcDbEntity
  8
0
 62
7
100
AcDbSpline
 70
8
 71
3
 72
8
 73
4
 74
0
 40
0
 40
0
 40
0
 40
0
 40
1
 40
1
 40
1
 40
1
 10
165.054847
 20
93.939247
 30
0.0
 10
165.148615
 20
93.845478
 30
0.0
 10
165.275792
 20
93.792800
 30
0.0
 10
165.408400
 20
93.792800
 30
0.0
  0
SPLINE
  5
616
100
AcDbEntity
  8
0
 62
7
100
AcDbSpline
 70
8
 71
3
 72
8
 73
4
 74
0
 40
0
 40
0
 40
0
 40
0
 40
1
 40
1
 40
1
 40
1
 10
178.808400
 20
107.192800
 30
0.0
 10
178.808400
 20
107.325408
 30
0.0
 10
178.755722
 20
107.452585
 30
0.0
 10
178.661953
 20
107.546353
 30
0.0
  0
SPLINE
  5
617
100
AcDbEntity
  8
0
 62
7
100
AcDbSpline
 70
8
 71
3
 72
8
 73
4
 74
0
 40
0
 40
0
 40
0
 40
0
 40
1
 40
1
 40
1
 40
1
 10
178.661953
 20
107.546353
 30
0.0
 10
178.568185
 20
107.640122
 30
0.0
 10
178.441008
 20
107.692800
 30
0.0
 10
178.308400
 20
107.692800
 30
0.0
  0
SPLINE
  5
618
100
AcDbEntity
  8
0
 62
7
100
AcDbSpline
 70
8
 71
3
 72
8
 73
4
 74
0
 40
0
 40
0
 40
0
 40
0
 40
1
 40
1
 40
1
 40
1
 10
178.308400
 20
93.792800
 30
0.0
 10
178.441008
 20
93.792800
 30
0.0
 10
178.568185
 20
93.845478
 30
0.0
 10
178.661953
 20
93.939247
 30
0.0
  0
SPLINE
  5
619
100
AcDbEntity
  8
0
 62
7
100
AcDbSpline
 70
8
 71
3
 72
8
 73
4
 74
0
 40
0
 40
0
 40
0
 40
0
 40
1
 40
1
 40
1
 40
1
 10
178.661953
 20
93.939247
 30
0.0
 10
178.755722
 20
94.033015
 30
0.0
 10
178.808400
 20
94.160192
 30
0.0
 10
178.808400
 20
94.292800
 30
0.0
  0
LWPOLYLINE
  5
61a
100
AcDbEntity
  8
0
 62
7
100
AcDbPolyline
 90
2
 70
0
 10
178.808400
 20
107.192800
 30
0.0
 10
178.808400
 20
94.292800
 30
0.0
  0
LWPOLYLINE
  5
61b
100
AcDbEntity
  8
0
 62
7
100
AcDbPolyline
 90
2
 70
0
 10
97.764400
 20
111.292800
 30
0.0
 10
97.764400
 20
124.192800
 30
0.0
  0
LWPOLYLINE
  5
61c
100
AcDbEntity
  8
0
 62
7
100
AcDbPolyline
 90
2
 70
0
 10
98.264400
 20
124.692800
 30
0.0
 10
111.164400
 20
124.692800
 30
0.0
  0
LWPOLYLINE
  5
61d
100
AcDbEntity
  8
0
 62
7
100
AcDbPolyline
 90
2
 70
0
 10
111.164400
 20
110.792800
 30
0.0
 10
98.264400
 20
110.792800
 30
0.0
  0
SPLINE
  5
61e
100
AcDbEntity
  8
0
 62
7
100
AcDbSpline
 70
8
 71
3
 72
8
 73
4
 74
0
 40
0
 40
0
 40
0
 40
0
 40
1
 40
1
 40
1
 40
1
 10
98.264400
 20
124.692800
 30
0.0
 10
98.131792
 20
124.692800
 30
0.0
 10
98.004615
 20
124.640122
 30
0.0
 10
97.910847
 20
124.546353
 30
0.0
  0
SPLINE
  5
61f
100
AcDbEntity
  8
0
 62
7
100
AcDbSpline
 70
8
 71
3
 72
8
 73
4
 74
0
 40
0
 40
0
 40
0
 40
0
 40
1
 40
1
 40
1
 40
1
 10
97.910847
 20
124.546353
 30
0.0
 10
97.817078
 20
124.452585
 30
0.0
 10
97.764400
 20
124.325408
 30
0.0
 10
97.764400
 20
124.192800
 30
0.0
  0
SPLINE
  5
620
100
AcDbEntity
  8
0
 62
7
100
AcDbSpline
 70
8
 71
3
 72
8
 73
4
 74
0
 40
0
 40
0
 40
0
 40
0
 40
1
 40
1
 40
1
 40
1
 10
97.764400
 20
111.292800
 30
0.0
 10
97.764400
 20
111.160192
 30
0.0
 10
97.817078
 20
111.033015
 30
0.0
 10
97.910847
 20
110.939247
 30
0.0
  0
SPLINE
  5
621
100
AcDbEntity
  8
0
 62
7
100
AcDbSpline
 70
8
 71
3
 72
8
 73
4
 74
0
 40
0
 40
0
 40
0
 40
0
 40
1
 40
1
 40
1
 40
1
 10
97.910847
 20
110.939247
 30
0.0
 10
98.004615
 20
110.845478
 30
0.0
 10
98.131792
 20
110.792800
 30
0.0
 10
98.264400
 20
110.792800
 30
0.0
  0
SPLINE
  5
622
100
AcDbEntity
  8
0
 62
7
100
AcDbSpline
 70
8
 71
3
 72
8
 73
4
 74
0
 40
0
 40
0
 40
0
 40
0
 40
1
 40
1
 40
1
 40
1
 10
111.664400
 20
124.192800
 30
0.0
 10
111.664400
 20
124.325408
 30
0.0
 10
111.611722
 20
124.452585
 30
0.0
 10
111.517953
 20
124.546353
 30
0.0
  0
SPLINE
  5
623
100
AcDbEntity
  8
0
 62
7
100
AcDbSpline
 70
8
 71
3
 72
8
 73
4
 74
0
 40
0
 40
0
 40
0
 40
0
 40
1
 40
1
 40
1
 40
1
 10
111.517953
 20
124.546353
 30
0.0
 10
111.424185
 20
124.640122
 30
0.0
 10
111.297008
 20
124.692800
 30
0.0
 10
111.164400
 20
124.692800
 30
0.0
  0
SPLINE
  5
624
100
AcDbEntity
  8
0
 62
7
100
AcDbSpline
 70
8
 71
3
 72
8
 73
4
 74
0
 40
0
 40
0
 40
0
 40
0
 40
1
 40
1
 40
1
 40
1
 10
111.164400
 20
110.792800
 30
0.0
 10
111.297008
 20
110.792800
 30
0.0
 10
111.424185
 20
110.845478
 30
0.0
 10
111.517953
 20
110.939247
 30
0.0
  0
SPLINE
  5
625
100
AcDbEntity
  8
0
 62
7
100
AcDbSpline
 70
8
 71
3
 72
8
 73
4
 74
0
 40
0
 40
0
 40
0
 40
0
 40
1
 40
1
 40
1
 40
1
 10
111.517953
 20
110.939247
 30
0.0
 10
111.611722
 20
111.033015
 30
0.0
 10
111.664400
 20
111.160192
 30
0.0
 10
111.664400
 20
111.292800
 30
0.0
  0
LWPOLYLINE
  5
626
100
AcDbEntity
  8
0
 62
7
100
AcDbPolyline
 90
2
 70
0
 10
111.664400
 20
124.192800
 30
0.0
 10
111.664400
 20
111.292800
 30
0.0
  0
LWPOLYLINE
  5
627
100
AcDbEntity
  8
0
 62
7
100
AcDbPolyline
 90
2
 70
0
 10
218.908400
 20
117.447800
 30
0.0
 10
218.908400
 20
130.347800
 30
0.0
  0
LWPOLYLINE
  5
628
100
AcDbEntity
  8
0
 62
7
100
AcDbPolyline
 90
2
 70
0
 10
219.408400
 20
130.847800
 30
0.0
 10
232.308400
 20
130.847800
 30
0.0
  0
LWPOLYLINE
  5
629
100
AcDbEntity
  8
0
 62
7
100
AcDbPolyline
 90
2
 70
0
 10
232.308400
 20
116.947800
 30
0.0
 10
219.408400
 20
116.947800
 30
0.0
  0
SPLINE
  5
62a
100
AcDbEntity
  8
0
 62
7
100
AcDbSpline
 70
8
 71
3
 72
8
 73
4
 74
0
 40
0
 40
0
 40
0
 40
0
 40
1
 40
1
 40
1
 40
1
 10
219.408400
 20
130.847800
 30
0.0
 10
219.275792
 20
130.847800
 30
0.0
 10
219.148615
 20
130.795122
 30
0.0
 10
219.054847
 20
130.701353
 30
0.0
  0
SPLINE
  5
62b
100
AcDbEntity
  8
0
 62
7
100
AcDbSpline
 70
8
 71
3
 72
8
 73
4
 74
0
 40
0
 40
0
 40
0
 40
0
 40
1
 40
1
 40
1
 40
1
 10
219.054847
 20
130.701353
 30
0.0
 10
218.961078
 20
130.607585
 30
0.0
 10
218.908400
 20
130.480408
 30
0.0
 10
218.908400
 20
130.347800
 30
0.0
  0
SPLINE
  5
62c
100
AcDbEntity
  8
0
 62
7
100
AcDbSpline
 70
8
 71
3
 72
8
 73
4
 74
0
 40
0
 40
0
 40
0
 40
0
 40
1
 40
1
 40
1
 40
1
 10
218.908400
 20
117.447800
 30
0.0
 10
218.908400
 20
117.315192
 30
0.0
 10
218.961078
 20
117.188015
 30
0.0
 10
219.054847
 20
117.094247
 30
0.0
  0
SPLINE
  5
62d
100
AcDbEntity
  8
0
 62
7
100
AcDbSpline
 70
8
 71
3
 72
8
 73
4
 74
0
 40
0
 40
0
 40
0
 40
0
 40
1
 40
1
 40
1
 40
1
 10
219.054847
 20
117.094247
 30
0.0
 10
219.148615
 20
117.000478
 30
0.0
 10
219.275792
 20
116.947800
 30
0.0
 10
219.408400
 20
116.947800
 30
0.0
  0
SPLINE
  5
62e
100
AcDbEntity
  8
0
 62
7
100
AcDbSpline
 70
8
 71
3
 72
8
 73
4
 74
0
 40
0
 40
0
 40
0
 40
0
 40
1
 40
1
 40
1
 40
1
 10
232.808400
 20
130.347800
 30
0.0
 10
232.808400
 20
130.480408
 30
0.0
 10
232.755722
 20
130.607585
 30
0.0
 10
232.661953
 20
130.701353
 30
0.0
  0
SPLINE
  5
62f
100
AcDbEntity
  8
0
 62
7
100
AcDbSpline
 70
8
 71
3
 72
8
 73
4
 74
0
 40
0
 40
0
 40
0
 40
0
 40
1
 40
1
 40
1
 40
1
 10
232.661953
 20
130.701353
 30
0.0
 10
232.568185
 20
130.795122
 30
0.0
 10
232.441008
 20
130.847800
 30
0.0
 10
232.308400
 20
130.847800
 30
0.0
  0
SPLINE
  5
630
100
AcDbEntity
  8
0
 62
7
100
AcDbSpline
 70
8
 71
3
 72
8
 73
4
 74
0
 40
0
 40
0
 40
0
 40
0
 40
1
 40
1
 40
1
 40
1
 10
232.308400
 20
116.947800
 30
0.0
 10
232.441008
 20
116.947800
 30
0.0
 10
232.568185
 20
117.000478
 30
0.0
 10
232.661953
 20
117.094247
 30
0.0
  0
SPLINE
  5
631
100
AcDbEntity
  8
0
 62
7
100
AcDbSpline
 70
8
 71
3
 72
8
 73
4
 74
0
 40
0
 40
0
 40
0
 40
0
 40
1
 40
1
 40
1
 40
1
 10
232.661953
 20
117.094247
 30
0.0
 10
232.755722
 20
117.188015
 30
0.0
 10
232.808400
 20
117.315192
 30
0.0
 10
232.808400
 20
117.447800
 30
0.0
  0
LWPOLYLINE
  5
632
100
AcDbEntity
  8
0
 62
7
100
AcDbPolyline
 90
2
 70
0
 10
232.808400
 20
130.347800
 30
0.0
 10
232.808400
 20
117.447800
 30
0.0
  0
LWPOLYLINE
  5
633
100
AcDbEntity
  8
0
 62
7
100
AcDbPolyline
 90
2
 70
0
 10
61.764400
 20
125.947800
 30
0.0
 10
61.764400
 20
138.847800
 30
0.0
  0
LWPOLYLINE
  5
634
100
AcDbEntity
  8
0
 62
7
100
AcDbPolyline
 90
2
 70
0
 10
62.264400
 20
139.347800
 30
0.0
 10
75.164400
 20
139.347800
 30
0.0
  0
LWPOLYLINE
  5
635
100
AcDbEntity
  8
0
 62
7
100
AcDbPolyline
 90
2
 70
0
 10
75.164400
 20
125.447800
 30
0.0
 10
62.264400
 20
125.447800
 30
0.0
  0
SPLINE
  5
636
100
AcDbEntity
  8
0
 62
7
100
AcDbSpline
 70
8
 71
3
 72
8
 73
4
 74
0
 40
0
 40
0
 40
0
 40
0
 40
1
 40
1
 40
1
 40
1
 10
62.264400
 20
139.347800
 30
0.0
 10
62.131792
 20
139.347800
 30
0.0
 10
62.004615
 20
139.295122
 30
0.0
 10
61.910847
 20
139.201353
 30
0.0
  0
SPLINE
  5
637
100
AcDbEntity
  8
0
 62
7
100
AcDbSpline
 70
8
 71
3
 72
8
 73
4
 74
0
 40
0
 40
0
 40
0
 40
0
 40
1
 40
1
 40
1
 40
1
 10
61.910847
 20
139.201353
 30
0.0
 10
61.817078
 20
139.107585
 30
0.0
 10
61.764400
 20
138.980408
 30
0.0
 10
61.764400
 20
138.847800
 30
0.0
  0
SPLINE
  5
638
100
AcDbEntity
  8
0
 62
7
100
AcDbSpline
 70
8
 71
3
 72
8
 73
4
 74
0
 40
0
 40
0
 40
0
 40
0
 40
1
 40
1
 40
1
 40
1
 10
61.764400
 20
125.947800
 30
0.0
 10
61.764400
 20
125.815192
 30
0.0
 10
61.817078
 20
125.688015
 30
0.0
 10
61.910847
 20
125.594247
 30
0.0
  0
SPLINE
  5
639
100
AcDbEntity
  8
0
 62
7
100
AcDbSpline
 70
8
 71
3
 72
8
 73
4
 74
0
 40
0
 40
0
 40
0
 40
0
 40
1
 40
1
 40
1
 40
1
 10
61.910847
 20
125.594247
 30
0.0
 10
62.004615
 20
125.500478
 30
0.0
 10
62.131792
 20
125.447800
 30
0.0
 10
62.264400
 20
125.447800
 30
0.0
  0
SPLINE
  5
63a
100
AcDbEntity
  8
0
 62
7
100
AcDbSpline
 70
8
 71
3
 72
8
 73
4
 74
0
 40
0
 40
0
 40
0
 40
0
 40
1
 40
1
 40
1
 40
1
 10
75.664400
 20
138.847800
 30
0.0
 10
75.664400
 20
138.980408
 30
0.0
 10
75.611722
 20
139.107585
 30
0.0
 10
75.517953
 20
139.201353
 30
0.0
  0
SPLINE
  5
63b
100
AcDbEntity
  8
0
 62
7
100
AcDbSpline
 70
8
 71
3
 72
8
 73
4
 74
0
 40
0
 40
0
 40
0
 40
0
 40
1
 40
1
 40
1
 40
1
 10
75.517953
 20
139.201353
 30
0.0
 10
75.424185
 20
139.295122
 30
0.0
 10
75.297008
 20
139.347800
 30
0.0
 10
75.164400
 20
139.347800
 30
0.0
  0
SPLINE
  5
63c
100
AcDbEntity
  8
0
 62
7
100
AcDbSpline
 70
8
 71
3
 72
8
 73
4
 74
0
 40
0
 40
0
 40
0
 40
0
 40
1
 40
1
 40
1
 40
1
 10
75.164400
 20
125.447800
 30
0.0
 10
75.297008
 20
125.447800
 30
0.0
 10
75.424185
 20
125.500478
 30
0.0
 10
75.517953
 20
125.594247
 30
0.0
  0
SPLINE
  5
63d
100
AcDbEntity
  8
0
 62
7
100
AcDbSpline
 70
8
 71
3
 72
8
 73
4
 74
0
 40
0
 40
0
 40
0
 40
0
 40
1
 40
1
 40
1
 40
1
 10
75.517953
 20
125.594247
 30
0.0
 10
75.611722
 20
125.688015
 30
0.0
 10
75.664400
 20
125.815192
 30
0.0
 10
75.664400
 20
125.947800
 30
0.0
  0
LWPOLYLINE
  5
63e
100
AcDbEntity
  8
0
 62
7
100
AcDbPolyline
 90
2
 70
0
 10
75.664400
 20
138.847800
 30
0.0
 10
75.664400
 20
125.947800
 30
0.0
  0
LWPOLYLINE
  5
63f
100
AcDbEntity
  8
0
 62
7
100
AcDbPolyline
 90
2
 70
0
 10
200.908400
 20
142.947800
 30
0.0
 10
200.908400
 20
155.847800
 30
0.0
  0
LWPOLYLINE
  5
640
100
AcDbEntity
  8
0
 62
7
100
AcDbPolyline
 90
2
 70
0
 10
201.408400
 20
156.347800
 30
0.0
 10
214.308400
 20
156.347800
 30
0.0
  0
LWPOLYLINE
  5
641
100
AcDbEntity
  8
0
 62
7
100
AcDbPolyline
 90
2
 70
0
 10
214.308400
 20
142.447800
 30
0.0
 10
201.408400
 20
142.447800
 30
0.0
  0
SPLINE
  5
642
100
AcDbEntity
  8
0
 62
7
100
AcDbSpline
 70
8
 71
3
 72
8
 73
4
 74
0
 40
0
 40
0
 40
0
 40
0
 40
1
 40
1
 40
1
 40
1
 10
201.408400
 20
156.347800
 30
0.0
 10
201.275792
 20
156.347800
 30
0.0
 10
201.148615
 20
156.295122
 30
0.0
 10
201.054847
 20
156.201353
 30
0.0
  0
SPLINE
  5
643
100
AcDbEntity
  8
0
 62
7
100
AcDbSpline
 70
8
 71
3
 72
8
 73
4
 74
0
 40
0
 40
0
 40
0
 40
0
 40
1
 40
1
 40
1
 40
1
 10
201.054847
 20
156.201353
 30
0.0
 10
200.961078
 20
156.107585
 30
0.0
 10
200.908400
 20
155.980408
 30
0.0
 10
200.908400
 20
155.847800
 30
0.0
  0
SPLINE
  5
644
100
AcDbEntity
  8
0
 62
7
100
AcDbSpline
 70
8
 71
3
 72
8
 73
4
 74
0
 40
0
 40
0
 40
0
 40
0
 40
1
 40
1
 40
1
 40
1
 10
200.908400
 20
142.947800
 30
0.0
 10
200.908400
 20
142.815192
 30
0.0
 10
200.961078
 20
142.688015
 30
0.0
 10
201.054847
 20
142.594247
 30
0.0
  0
SPLINE
  5
645
100
AcDbEntity
  8
0
 62
7
100
AcDbSpline
 70
8
 71
3
 72
8
 73
4
 74
0
 40
0
 40
0
 40
0
 40
0
 40
1
 40
1
 40
1
 40
1
 10
201.054847
 20
142.594247
 30
0.0
 10
201.148615
 20
142.500478
 30
0.0
 10
201.275792
 20
142.447800
 30
0.0
 10
201.408400
 20
142.447800
 30
0.0
  0
SPLINE
  5
646
100
AcDbEntity
  8
0
 62
7
100
AcDbSpline
 70
8
 71
3
 72
8
 73
4
 74
0
 40
0
 40
0
 40
0
 40
0
 40
1
 40
1
 40
1
 40
1
 10
214.808400
 20
155.847800
 30
0.0
 10
214.808400
 20
155.980408
 30
0.0
 10
214.755722
 20
156.107585
 30
0.0
 10
214.661953
 20
156.201353
 30
0.0
  0
SPLINE
  5
647
100
AcDbEntity
  8
0
 62
7
100
AcDbSpline
 70
8
 71
3
 72
8
 73
4
 74
0
 40
0
 40
0
 40
0
 40
0
 40
1
 40
1
 40
1
 40
1
 10
214.661953
 20
156.201353
 30
0.0
 10
214.568185
 20
156.295122
 30
0.0
 10
214.441008
 20
156.347800
 30
0.0
 10
214.308400
 20
156.347800
 30
0.0
  0
SPLINE
  5
648
100
AcDbEntity
  8
0
 62
7
100
AcDbSpline
 70
8
 71
3
 72
8
 73
4
 74
0
 40
0
 40
0
 40
0
 40
0
 40
1
 40
1
 40
1
 40
1
 10
214.308400
 20
142.447800
 30
0.0
 10
214.441008
 20
142.447800
 30
0.0
 10
214.568185
 20
142.500478
 30
0.0
 10
214.661953
 20
142.594247
 30
0.0
  0
SPLINE
  5
649
100
AcDbEntity
  8
0
 62
7
100
AcDbSpline
 70
8
 71
3
 72
8
 73
4
 74
0
 40
0
 40
0
 40
0
 40
0
 40
1
 40
1
 40
1
 40
1
 10
214.661953
 20
142.594247
 30
0.0
 10
214.755722
 20
142.688015
 30
0.0
 10
214.808400
 20
142.815192
 30
0.0
 10
214.808400
 20
142.947800
 30
0.0
  0
LWPOLYLINE
  5
64a
100
AcDbEntity
  8
0
 62
7
100
AcDbPolyline
 90
2
 70
0
 10
214.808400
 20
155.847800
 30
0.0
 10
214.808400
 20
142.947800
 30
0.0
  0
LWPOLYLINE
  5
64b
100
AcDbEntity
  8
0
 62
7
100
AcDbPolyline
 90
2
 70
0
 10
43.764400
 20
134.447800
 30
0.0
 10
43.764400
 20
147.347800
 30
0.0
  0
LWPOLYLINE
  5
64c
100
AcDbEntity
  8
0
 62
7
100
AcDbPolyline
 90
2
 70
0
 10
44.264400
 20
147.847800
 30
0.0
 10
57.164400
 20
147.847800
 30
0.0
  0
LWPOLYLINE
  5
64d
100
AcDbEntity
  8
0
 62
7
100
AcDbPolyline
 90
2
 70
0
 10
57.164400
 20
133.947800
 30
0.0
 10
44.264400
 20
133.947800
 30
0.0
  0
SPLINE
  5
64e
100
AcDbEntity
  8
0
 62
7
100
AcDbSpline
 70
8
 71
3
 72
8
 73
4
 74
0
 40
0
 40
0
 40
0
 40
0
 40
1
 40
1
 40
1
 40
1
 10
44.264400
 20
147.847800
 30
0.0
 10
44.131792
 20
147.847800
 30
0.0
 10
44.004615
 20
147.795122
 30
0.0
 10
43.910847
 20
147.701353
 30
0.0
  0
SPLINE
  5
64f
100
AcDbEntity
  8
0
 62
7
100
AcDbSpline
 70
8
 71
3
 72
8
 73
4
 74
0
 40
0
 40
0
 40
0
 40
0
 40
1
 40
1
 40
1
 40
1
 10
43.910847
 20
147.701353
 30
0.0
 10
43.817078
 20
147.607585
 30
0.0
 10
43.764400
 20
147.480408
 30
0.0
 10
43.764400
 20
147.347800
 30
0.0
  0
SPLINE
  5
650
100
AcDbEntity
  8
0
 62
7
100
AcDbSpline
 70
8
 71
3
 72
8
 73
4
 74
0
 40
0
 40
0
 40
0
 40
0
 40
1
 40
1
 40
1
 40
1
 10
43.764400
 20
134.447800
 30
0.0
 10
43.764400
 20
134.315192
 30
0.0
 10
43.817078
 20
134.188015
 30
0.0
 10
43.910847
 20
134.094247
 30
0.0
  0
SPLINE
  5
651
100
AcDbEntity
  8
0
 62
7
100
AcDbSpline
 70
8
 71
3
 72
8
 73
4
 74
0
 40
0
 40
0
 40
0
 40
0
 40
1
 40
1
 40
1
 40
1
 10
43.910847
 20
134.094247
 30
0.0
 10
44.004615
 20
134.000478
 30
0.0
 10
44.131792
 20
133.947800
 30
0.0
 10
44.264400
 20
133.947800
 30
0.0
  0
SPLINE
  5
652
100
AcDbEntity
  8
0
 62
7
100
AcDbSpline
 70
8
 71
3
 72
8
 73
4
 74
0
 40
0
 40
0
 40
0
 40
0
 40
1
 40
1
 40
1
 40
1
 10
57.664400
 20
147.347800
 30
0.0
 10
57.664400
 20
147.480408
 30
0.0
 10
57.611722
 20
147.607585
 30
0.0
 10
57.517953
 20
147.701353
 30
0.0
  0
SPLINE
  5
653
100
AcDbEntity
  8
0
 62
7
100
AcDbSpline
 70
8
 71
3
 72
8
 73
4
 74
0
 40
0
 40
0
 40
0
 40
0
 40
1
 40
1
 40
1
 40
1
 10
57.517953
 20
147.701353
 30
0.0
 10
57.424185
 20
147.795122
 30
0.0
 10
57.297008
 20
147.847800
 30
0.0
 10
57.164400
 20
147.847800
 30
0.0
  0
SPLINE
  5
654
100
AcDbEntity
  8
0
 62
7
100
AcDbSpline
 70
8
 71
3
 72
8
 73
4
 74
0
 40
0
 40
0
 40
0
 40
0
 40
1
 40
1
 40
1
 40
1
 10
57.164400
 20
133.947800
 30
0.0
 10
57.297008
 20
133.947800
 30
0.0
 10
57.424185
 20
134.000478
 30
0.0
 10
57.517953
 20
134.094247
 30
0.0
  0
SPLINE
  5
655
100
AcDbEntity
  8
0
 62
7
100
AcDbSpline
 70
8
 71
3
 72
8
 73
4
 74
0
 40
0
 40
0
 40
0
 40
0
 40
1
 40
1
 40
1
 40
1
 10
57.517953
 20
134.094247
 30
0.0
 10
57.611722
 20
134.188015
 30
0.0
 10
57.664400
 20
134.315192
 30
0.0
 10
57.664400
 20
134.447800
 30
0.0
  0
LWPOLYLINE
  5
656
100
AcDbEntity
  8
0
 62
7
100
AcDbPolyline
 90
2
 70
0
 10
57.664400
 20
147.347800
 30
0.0
 10
57.664400
 20
134.447800
 30
0.0
  0
LWPOLYLINE
  5
657
100
AcDbEntity
  8
0
 62
7
100
AcDbPolyline
 90
2
 70
0
 10
25.764400
 20
104.447800
 30
0.0
 10
25.764400
 20
117.347800
 30
0.0
  0
LWPOLYLINE
  5
658
100
AcDbEntity
  8
0
 62
7
100
AcDbPolyline
 90
2
 70
0
 10
26.264400
 20
117.847800
 30
0.0
 10
39.164400
 20
117.847800
 30
0.0
  0
LWPOLYLINE
  5
659
100
AcDbEntity
  8
0
 62
7
100
AcDbPolyline
 90
2
 70
0
 10
39.164400
 20
103.947800
 30
0.0
 10
26.264400
 20
103.947800
 30
0.0
  0
SPLINE
  5
65a
100
AcDbEntity
  8
0
 62
7
100
AcDbSpline
 70
8
 71
3
 72
8
 73
4
 74
0
 40
0
 40
0
 40
0
 40
0
 40
1
 40
1
 40
1
 40
1
 10
26.264400
 20
117.847800
 30
0.0
 10
26.131792
 20
117.847800
 30
0.0
 10
26.004615
 20
117.795122
 30
0.0
 10
25.910847
 20
117.701353
 30
0.0
  0
SPLINE
  5
65b
100
AcDbEntity
  8
0
 62
7
100
AcDbSpline
 70
8
 71
3
 72
8
 73
4
 74
0
 40
0
 40
0
 40
0
 40
0
 40
1
 40
1
 40
1
 40
1
 10
25.910847
 20
117.701353
 30
0.0
 10
25.817078
 20
117.607585
 30
0.0
 10
25.764400
 20
117.480408
 30
0.0
 10
25.764400
 20
117.347800
 30
0.0
  0
SPLINE
  5
65c
100
AcDbEntity
  8
0
 62
7
100
AcDbSpline
 70
8
 71
3
 72
8
 73
4
 74
0
 40
0
 40
0
 40
0
 40
0
 40
1
 40
1
 40
1
 40
1
 10
25.764400
 20
104.447800
 30
0.0
 10
25.764400
 20
104.315192
 30
0.0
 10
25.817078
 20
104.188015
 30
0.0
 10
25.910847
 20
104.094247
 30
0.0
  0
SPLINE
  5
65d
100
AcDbEntity
  8
0
 62
7
100
AcDbSpline
 70
8
 71
3
 72
8
 73
4
 74
0
 40
0
 40
0
 40
0
 40
0
 40
1
 40
1
 40
1
 40
1
 10
25.910847
 20
104.094247
 30
0.0
 10
26.004615
 20
104.000478
 30
0.0
 10
26.131792
 20
103.947800
 30
0.0
 10
26.264400
 20
103.947800
 30
0.0
  0
SPLINE
  5
65e
100
AcDbEntity
  8
0
 62
7
100
AcDbSpline
 70
8
 71
3
 72
8
 73
4
 74
0
 40
0
 40
0
 40
0
 40
0
 40
1
 40
1
 40
1
 40
1
 10
39.664400
 20
117.347800
 30
0.0
 10
39.664400
 20
117.480408
 30
0.0
 10
39.611722
 20
117.607585
 30
0.0
 10
39.517953
 20
117.701353
 30
0.0
  0
SPLINE
  5
65f
100
AcDbEntity
  8
0
 62
7
100
AcDbSpline
 70
8
 71
3
 72
8
 73
4
 74
0
 40
0
 40
0
 40
0
 40
0
 40
1
 40
1
 40
1
 40
1
 10
39.517953
 20
117.701353
 30
0.0
 10
39.424185
 20
117.795122
 30
0.0
 10
39.297008
 20
117.847800
 30
0.0
 10
39.164400
 20
117.847800
 30
0.0
  0
SPLINE
  5
660
100
AcDbEntity
  8
0
 62
7
100
AcDbSpline
 70
8
 71
3
 72
8
 73
4
 74
0
 40
0
 40
0
 40
0
 40
0
 40
1
 40
1
 40
1
 40
1
 10
39.164400
 20
103.947800
 30
0.0
 10
39.297008
 20
103.947800
 30
0.0
 10
39.424185
 20
104.000478
 30
0.0
 10
39.517953
 20
104.094247
 30
0.0
  0
SPLINE
  5
661
100
AcDbEntity
  8
0
 62
7
100
AcDbSpline
 70
8
 71
3
 72
8
 73
4
 74
0
 40
0
 40
0
 40
0
 40
0
 40
1
 40
1
 40
1
 40
1
 10
39.517953
 20
104.094247
 30
0.0
 10
39.611722
 20
104.188015
 30
0.0
 10
39.664400
 20
104.315192
 30
0.0
 10
39.664400
 20
104.447800
 30
0.0
  0
LWPOLYLINE
  5
662
100
AcDbEntity
  8
0
 62
7
100
AcDbPolyline
 90
2
 70
0
 10
39.664400
 20
117.347800
 30
0.0
 10
39.664400
 20
104.447800
 30
0.0
  0
LWPOLYLINE
  5
663
100
AcDbEntity
  8
0
 62
7
100
AcDbPolyline
 90
2
 70
0
 10
200.908400
 20
125.947800
 30
0.0
 10
200.908400
 20
138.847800
 30
0.0
  0
LWPOLYLINE
  5
664
100
AcDbEntity
  8
0
 62
7
100
AcDbPolyline
 90
2
 70
0
 10
201.408400
 20
139.347800
 30
0.0
 10
214.308400
 20
139.347800
 30
0.0
  0
LWPOLYLINE
  5
665
100
AcDbEntity
  8
0
 62
7
100
AcDbPolyline
 90
2
 70
0
 10
214.308400
 20
125.447800
 30
0.0
 10
201.408400
 20
125.447800
 30
0.0
  0
SPLINE
  5
666
100
AcDbEntity
  8
0
 62
7
100
AcDbSpline
 70
8
 71
3
 72
8
 73
4
 74
0
 40
0
 40
0
 40
0
 40
0
 40
1
 40
1
 40
1
 40
1
 10
201.408400
 20
139.347800
 30
0.0
 10
201.275792
 20
139.347800
 30
0.0
 10
201.148615
 20
139.295122
 30
0.0
 10
201.054847
 20
139.201353
 30
0.0
  0
SPLINE
  5
667
100
AcDbEntity
  8
0
 62
7
100
AcDbSpline
 70
8
 71
3
 72
8
 73
4
 74
0
 40
0
 40
0
 40
0
 40
0
 40
1
 40
1
 40
1
 40
1
 10
201.054847
 20
139.201353
 30
0.0
 10
200.961078
 20
139.107585
 30
0.0
 10
200.908400
 20
138.980408
 30
0.0
 10
200.908400
 20
138.847800
 30
0.0
  0
SPLINE
  5
668
100
AcDbEntity
  8
0
 62
7
100
AcDbSpline
 70
8
 71
3
 72
8
 73
4
 74
0
 40
0
 40
0
 40
0
 40
0
 40
1
 40
1
 40
1
 40
1
 10
200.908400
 20
125.947800
 30
0.0
 10
200.908400
 20
125.815192
 30
0.0
 10
200.961078
 20
125.688015
 30
0.0
 10
201.054847
 20
125.594247
 30
0.0
  0
SPLINE
  5
669
100
AcDbEntity
  8
0
 62
7
100
AcDbSpline
 70
8
 71
3
 72
8
 73
4
 74
0
 40
0
 40
0
 40
0
 40
0
 40
1
 40
1
 40
1
 40
1
 10
201.054847
 20
125.594247
 30
0.0
 10
201.148615
 20
125.500478
 30
0.0
 10
201.275792
 20
125.447800
 30
0.0
 10
201.408400
 20
125.447800
 30
0.0
  0
SPLINE
  5
66a
100
AcDbEntity
  8
0
 62
7
100
AcDbSpline
 70
8
 71
3
 72
8
 73
4
 74
0
 40
0
 40
0
 40
0
 40
0
 40
1
 40
1
 40
1
 40
1
 10
214.808400
 20
138.847800
 30
0.0
 10
214.808400
 20
138.980408
 30
0.0
 10
214.755722
 20
139.107585
 30
0.0
 10
214.661953
 20
139.201353
 30
0.0
  0
SPLINE
  5
66b
100
AcDbEntity
  8
0
 62
7
100
AcDbSpline
 70
8
 71
3
 72
8
 73
4
 74
0
 40
0
 40
0
 40
0
 40
0
 40
1
 40
1
 40
1
 40
1
 10
214.661953
 20
139.201353
 30
0.0
 10
214.568185
 20
139.295122
 30
0.0
 10
214.441008
 20
139.347800
 30
0.0
 10
214.308400
 20
139.347800
 30
0.0
  0
SPLINE
  5
66c
100
AcDbEntity
  8
0
 62
7
100
AcDbSpline
 70
8
 71
3
 72
8
 73
4
 74
0
 40
0
 40
0
 40
0
 40
0
 40
1
 40
1
 40
1
 40
1
 10
214.308400
 20
125.447800
 30
0.0
 10
214.441008
 20
125.447800
 30
0.0
 10
214.568185
 20
125.500478
 30
0.0
 10
214.661953
 20
125.594247
 30
0.0
  0
SPLINE
  5
66d
100
AcDbEntity
  8
0
 62
7
100
AcDbSpline
 70
8
 71
3
 72
8
 73
4
 74
0
 40
0
 40
0
 40
0
 40
0
 40
1
 40
1
 40
1
 40
1
 10
214.661953
 20
125.594247
 30
0.0
 10
214.755722
 20
125.688015
 30
0.0
 10
214.808400
 20
125.815192
 30
0.0
 10
214.808400
 20
125.947800
 30
0.0
  0
LWPOLYLINE
  5
66e
100
AcDbEntity
  8
0
 62
7
100
AcDbPolyline
 90
2
 70
0
 10
214.808400
 20
138.847800
 30
0.0
 10
214.808400
 20
125.947800
 30
0.0
  0
LWPOLYLINE
  5
66f
100
AcDbEntity
  8
0
 62
7
100
AcDbPolyline
 90
2
 70
0
 10
43.764400
 20
100.447800
 30
0.0
 10
43.764400
 20
113.347800
 30
0.0
  0
LWPOLYLINE
  5
670
100
AcDbEntity
  8
0
 62
7
100
AcDbPolyline
 90
2
 70
0
 10
44.264400
 20
113.847800
 30
0.0
 10
57.164400
 20
113.847800
 30
0.0
  0
LWPOLYLINE
  5
671
100
AcDbEntity
  8
0
 62
7
100
AcDbPolyline
 90
2
 70
0
 10
57.164400
 20
99.947800
 30
0.0
 10
44.264400
 20
99.947800
 30
0.0
  0
SPLINE
  5
672
100
AcDbEntity
  8
0
 62
7
100
AcDbSpline
 70
8
 71
3
 72
8
 73
4
 74
0
 40
0
 40
0
 40
0
 40
0
 40
1
 40
1
 40
1
 40
1
 10
44.264400
 20
113.847800
 30
0.0
 10
44.131792
 20
113.847800
 30
0.0
 10
44.004615
 20
113.795122
 30
0.0
 10
43.910847
 20
113.701353
 30
0.0
  0
SPLINE
  5
673
100
AcDbEntity
  8
0
 62
7
100
AcDbSpline
 70
8
 71
3
 72
8
 73
4
 74
0
 40
0
 40
0
 40
0
 40
0
 40
1
 40
1
 40
1
 40
1
 10
43.910847
 20
113.701353
 30
0.0
 10
43.817078
 20
113.607585
 30
0.0
 10
43.764400
 20
113.480408
 30
0.0
 10
43.764400
 20
113.347800
 30
0.0
  0
SPLINE
  5
674
100
AcDbEntity
  8
0
 62
7
100
AcDbSpline
 70
8
 71
3
 72
8
 73
4
 74
0
 40
0
 40
0
 40
0
 40
0
 40
1
 40
1
 40
1
 40
1
 10
43.764400
 20
100.447800
 30
0.0
 10
43.764400
 20
100.315192
 30
0.0
 10
43.817078
 20
100.188015
 30
0.0
 10
43.910847
 20
100.094247
 30
0.0
  0
SPLINE
  5
675
100
AcDbEntity
  8
0
 62
7
100
AcDbSpline
 70
8
 71
3
 72
8
 73
4
 74
0
 40
0
 40
0
 40
0
 40
0
 40
1
 40
1
 40
1
 40
1
 10
43.910847
 20
100.094247
 30
0.0
 10
44.004615
 20
100.000478
 30
0.0
 10
44.131792
 20
99.947800
 30
0.0
 10
44.264400
 20
99.947800
 30
0.0
  0
SPLINE
  5
676
100
AcDbEntity
  8
0
 62
7
100
AcDbSpline
 70
8
 71
3
 72
8
 73
4
 74
0
 40
0
 40
0
 40
0
 40
0
 40
1
 40
1
 40
1
 40
1
 10
57.664400
 20
113.347800
 30
0.0
 10
57.664400
 20
113.480408
 30
0.0
 10
57.611722
 20
113.607585
 30
0.0
 10
57.517953
 20
113.701353
 30
0.0
  0
SPLINE
  5
677
100
AcDbEntity
  8
0
 62
7
100
AcDbSpline
 70
8
 71
3
 72
8
 73
4
 74
0
 40
0
 40
0
 40
0
 40
0
 40
1
 40
1
 40
1
 40
1
 10
57.517953
 20
113.701353
 30
0.0
 10
57.424185
 20
113.795122
 30
0.0
 10
57.297008
 20
113.847800
 30
0.0
 10
57.164400
 20
113.847800
 30
0.0
  0
SPLINE
  5
678
100
AcDbEntity
  8
0
 62
7
100
AcDbSpline
 70
8
 71
3
 72
8
 73
4
 74
0
 40
0
 40
0
 40
0
 40
0
 40
1
 40
1
 40
1
 40
1
 10
57.164400
 20
99.947800
 30
0.0
 10
57.297008
 20
99.947800
 30
0.0
 10
57.424185
 20
100.000478
 30
0.0
 10
57.517953
 20
100.094247
 30
0.0
  0
SPLINE
  5
679
100
AcDbEntity
  8
0
 62
7
100
AcDbSpline
 70
8
 71
3
 72
8
 73
4
 74
0
 40
0
 40
0
 40
0
 40
0
 40
1
 40
1
 40
1
 40
1
 10
57.517953
 20
100.094247
 30
0.0
 10
57.611722
 20
100.188015
 30
0.0
 10
57.664400
 20
100.315192
 30
0.0
 10
57.664400
 20
100.447800
 30
0.0
  0
LWPOLYLINE
  5
67a
100
AcDbEntity
  8
0
 62
7
100
AcDbPolyline
 90
2
 70
0
 10
57.664400
 20
113.347800
 30
0.0
 10
57.664400
 20
100.447800
 30
0.0
  0
LWPOLYLINE
  5
67b
100
AcDbEntity
  8
0
 62
7
100
AcDbPolyline
 90
2
 70
0
 10
77.791700
 20
78.482400
 30
0.0
 10
80.031700
 20
91.186500
 30
0.0
  0
LWPOLYLINE
  5
67c
100
AcDbEntity
  8
0
 62
7
100
AcDbPolyline
 90
2
 70
0
 10
80.610900
 20
91.592000
 30
0.0
 10
93.315000
 20
89.352000
 30
0.0
  0
LWPOLYLINE
  5
67d
100
AcDbEntity
  8
0
 62
7
100
AcDbPolyline
 90
2
 70
0
 10
90.901300
 20
75.663200
 30
0.0
 10
78.197200
 20
77.903200
 30
0.0
  0
SPLINE
  5
67e
100
AcDbEntity
  8
0
 62
7
100
AcDbSpline
 70
8
 71
3
 72
8
 73
4
 74
0
 40
0
 40
0
 40
0
 40
0
 40
1
 40
1
 40
1
 40
1
 10
77.791700
 20
78.482400
 30
0.0
 10
77.743762
 20
78.210489
 30
0.0
 10
77.925298
 20
77.951190
 30
0.0
 10
78.197200
 20
77.903200
 30
0.0
  0
SPLINE
  5
67f
100
AcDbEntity
  8
0
 62
7
100
AcDbSpline
 70
8
 71
3
 72
8
 73
4
 74
0
 40
0
 40
0
 40
0
 40
0
 40
1
 40
1
 40
1
 40
1
 10
80.610900
 20
91.592000
 30
0.0
 10
80.338989
 20
91.639938
 30
0.0
 10
80.079690
 20
91.458402
 30
0.0
 10
80.031700
 20
91.186500
 30
0.0
  0
SPLINE
  5
680
100
AcDbEntity
  8
0
 62
7
100
AcDbSpline
 70
8
 71
3
 72
8
 73
4
 74
0
 40
0
 40
0
 40
0
 40
0
 40
1
 40
1
 40
1
 40
1
 10
90.901300
 20
75.663200
 30
0.0
 10
91.173211
 20
75.615262
 30
0.0
 10
91.432510
 20
75.796798
 30
0.0
 10
91.480500
 20
76.068700
 30
0.0
  0
SPLINE
  5
681
100
AcDbEntity
  8
0
 62
7
100
AcDbSpline
 70
8
 71
3
 72
8
 73
4
 74
0
 40
0
 40
0
 40
0
 40
0
 40
1
 40
1
 40
1
 40
1
 10
93.720500
 20
88.772800
 30
0.0
 10
93.768438
 20
89.044711
 30
0.0
 10
93.586902
 20
89.304010
 30
0.0
 10
93.315000
 20
89.352000
 30
0.0
  0
LWPOLYLINE
  5
682
100
AcDbEntity
  8
0
 62
7
100
AcDbPolyline
 90
2
 70
0
 10
93.720500
 20
88.772800
 30
0.0
 10
91.480500
 20
76.068700
 30
0.0
  0
ENDSEC
  0
SECTION
  2
OBJECTS
  0
DICTIONARY
  5
C
330
0
100
AcDbDictionary
  3
ACAD_GROUP
350
D
  3
ACAD_MLINESTYLE
350
17
  0
DICTIONARY
  5
D
330
C
100
AcDbDictionary
  0
DICTIONARY
  5
1A
330
C
100
AcDbDictionary
  0
DICTIONARY
  5
17
330
C
100
AcDbDictionary
  3
STANDARD
350
18
  0
DICTIONARY
  5
19
330
C
100
AcDbDictionary
  0
ENDSEC
  0
EOF
